5163  4  0
    0     615   532   340    86
    1     105   170  1283  1367
    2     447   444  1077  1195
    3     557   851   717  1179
    4    1047  1016  1208  1325
    5     747   770   732   236
    6       0  1138  1217  1283
    7     224   128   488  1377
    8     449   697   442  1301
    9      73    59    52  1034
   10     110  1105  1297    69
   11     547   922  1334  1355
   12     923  1129   929  1318
   13     399  1304   695    12
   14     189    88   236     6
   15     269   966   777  1269
   16     328   579   346   596
   17    1045  1162  1248  1270
   18    1166  1022  1242  1033
   19     356   680  1181  1347
   20    1214    29  1358  1171
   21     960  1320   969  1249
   22      10    33  1191  1351
   23     491    89   917  1164
   24     732   236   238   747
   25    1010  1134   135   145
   26     197   184  1188   193
   27     881  1250   866   865
   28    1096   688    57   662
   29     484  1107  1359   458
   30    1059  1252  1035  1166
   31     708   717   706   843
   32      79   478  1073  1097
   33     847   852   861  1361
   34     287   260   240  1105
   35    1165   568  1227  1375
   36     173   163   162  1013
   37     834   493   590  1356
   38     964   969   455  1249
   39      55  1301   449  1364
   40      47    45    55  1094
   41    1184  1266  1284  1316
   42     852  1078  1221  1280
   43     443   336  1317  1341
   44     724  1253   713   742
   45     845   846   711   570
   46     418    70  1189  1286
   47     957   952   538   539
   48     108   116   114  1111
   49     836  1187   500   672
   50     679   643   419  1267
   51     846   655   534   542
   52      77   917   114  1315
   53    1005  1037  1058  1307
   54     959    14   953  1318
   55    1157  1024   192  1122
   56    1131  1268  1270  1352
   57    1204  1045  1248  1270
   58     526  1052   118  1041
   59     152   523   470  1150
   60     836   575  1167  1234
   61    1045  1103  1204  1248
   62      33    19    10  1191
   63     272   402   245  1299
   64    1177  1373   983  1050
   65     704   174  1124  1243
   66     467   553   477  1346
   67     339   697   657  1267
   68    1015  1053  1089  1196
   69     485  1171  1340  1358
   70    1150  1013  1299   161
   71    1109  1187  1251  1336
   72    1260  1091   902   890
   73    1181   681  1286  1347
   74     280   289   226  1219
   75     179    20   202  1087
   76     933    78  1306  1315
   77     534   846   849   860
   78     614   834   814  1216
   79    1112  1005  1216  1243
   80    1010  1032  1047  1219
   81      78    83   933  1306
   82    1158   858  1204   844
   83     570   655   841   714
   84     141   511   915  1313
   85    1045  1043  1248  1342
   86     665   627  1040  1279
   87    1097   517  1214  1241
   88    1034  1325  1016  1207
   89     407   658  1079  1267
   90    1025  1018  1094  1138
   91    1049   623   622   611
   92     632  1354   698   700
   93     806   343  1019  1233
   94     815   785   814  1216
   95     866  1116  1136  1205
   96    1313  1017  1359  1370
   97    1246   313  1049   427
   98     740  1155   553  1346
   99     773   693  1234  1295
  100     408  1101  1239  1263
  101     153   996   670  1172
  102     580   528   469  1362
  103     765  1268   766   774
  104     676  1155   867   860
  105     811  1131   816   812
  106     860  1155   867   877
  107     543   771  1213  1230
  108     205   195   204  1343
  109    1326   942   353  1373
  110     578   586    38  1310
  111     561  1126   780   568
  112     221   214   219  1130
  113    1207    96  1379  1380
  114     160   245   402  1173
  115     686   344   321  1185
  116    1169   982   515   473
  117     601   990   562   115
  118     888   904   190  1029
  119      57   662  1080  1096
  120     927   950   981  1324
  121     631  1262  1011  1083
  122     561   744  1126  1240
  123    1015  1030  1056  1101
  124    1076   725  1193  1221
  125    1132  1203  1288  1339
  126     751    58   500  1319
  127    1045  1070  1244  1294
  128    1050  1012  1108  1177
  129     429   541   566  1101
  130    1101   405   409   308
  131      35   378   574    76
  132     208  1376   225   191
  133     671   651  1079  1277
  134     966   864   777  1269
  135     580  1030  1362  1312
  136    1262  1039  1254  1161
  137     173   231   245  1299
  138     557   564  1070  1179
  139    1186  1140   176   210
  140     363   427   550  1246
  141     148  1006   163  1212
  142     565  1183  1240  1258
  143     384   391    87   284
  144    1011  1055  1137  1086
  145     527   477   553  1218
  146     907   914  1184  1334
  147     533   340   324   115
  148    1016  1134  1377  1379
  149     567   375   382   329
  150     333   325   319  1040
  151    1144  1019  1020  1233
  152      18  1051  1249  1320
  153    1009  1048  1080  1291
  154      46    32   494  1302
  155     175  1293   828  1145
  156     602   611  1153  1274
  157    1242  1245   293  1151
  158     499     6   236    88
  159     848   856   861  1061
  160      14   959  1129  1318
  161     460    89   491  1164
  162    1089  1299  1150  1053
  163       1  1104     4   165
  164     255  1154   264   252
  165     533   267   324   340
  166    1135   150  1237   228
  167     430   448  1060  1378
  168    1009  1018  1135  1283
  169    1105   110  1297  1269
  170      68   571   493  1223
  171     747  1001   305   986
  172     519   294   768   782
  173     922   946   928  1355
  174     596   513   476   441
  175    1002  1021  1043  1072
  176     920   903  1236  1259
  177    1054  1009  1090  1079
  178     517    56    61    48
  179    1075  1228  1368  1281
  180     279   864   187  1269
  181     917   108  1111  1164
  182     514   596   346   579
  183     963  1375   976   943
  184     334   293  1151  1242
  185     713  1085  1371   844
  186     958   947   937  1318
  187    1094   428  1138  1217
  188     598   608   617  1274
  189    1076   725  1221  1280
  190    1108   602  1153  1274
  191    1088  1134  1010  1016
  192     456   510   621  1308
  193     183   184  1271   197
  194     751   516  1281  1368
  195     193   209   214  1130
  196    1238    51  1340  1358
  197    1100   242  1163  1325
  198     586   238   282  1310
  199      15   180   457  1249
  200     253   260   187  1269
  201    1134  1088  1010  1032
  202     558   542   851   545
  203     750   754  1182  1261
  204    1017  1044  1108  1153
  205    1060  1046  1117  1180
  206     869  1103  1194  1311
  207     186   786   770   236
  208      30    37    33  1241
  209     388   428     0  1138
  210     240   218   287  1147
  211    1126   762  1183  1240
  212     675   683   381  1277
  213     696   646   703  1176
  214    1268   765   766  1352
  215    1287  1007  1150  1013
  216    1028  1102  1255  1208
  217    1105  1147  1312  1362
  218     153   625  1172  1199
  219    1162  1036  1208  1248
  220    1348  1023  1035  1022
  221    1154   255   280  1219
  222     972   957   539   952
  223     580   535   429  1312
  224     343   806   799  1233
  225    1059   365  1166  1242
  226     728  1085   296  1158
  227     114   116   122  1212
  228     547  1069  1334   482
  229    1327  1042  1339  1345
  230    1111  1012  1164  1370
  231    1269   234  1275  1305
  232     643   644  1096  1272
  233     475   119  1041  1073
  234     533   115   324   596
  235     761   995   276   291
  236    1219  1154   255  1224
  237    1016  1134  1135  1237
  238    1012   980  1177  1373
  239      18    10  1051  1351
  240     167   157   145  1113
  241    1074  1096  1267  1048
  242     872   545  1155  1240
  243      68   605  1114  1170
  244     563   266   804   782
  245    1018  1009  1135  1291
  246     781   291   988   259
  247    1002  1363  1298  1006
  248    1118  1004  1307  1345
  249     457    18    15  1249
  250     273   995   993   186
  251     920   925   903  1259
  252     925  1027  1102  1123
  253     422   407  1079  1285
  254     359   409   443   308
  255     562   990   615   115
  256     381   671   675  1277
  257     262   293   142  1245
  258     914   924   907  1184
  259    1022  1245  1242  1151
  260      55  1301  1364  1094
  261     714   557   851   717
  262    1101  1075  1239  1263
  263     255   117   289  1219
  264     526   478    72  1038
  265     751  1281  1319  1368
  266     279  1201   268  1305
  267    1216  1072  1356  1124
  268     260  1201   279  1269
  269    1383  1362  1360  1147
  270    1052   124  1363  1229
  271    1025  1048  1066  1176
  272     546   345   996   989
  273    1122  1024  1140  1157
  274    1031  1035  1062  1160
  275     531   629   633  1176
  276     652   721   634  1148
  277     694   349   656  1327
  278     832   175   797  1145
  279     202   212  1087  1220
  280     586   282    99    38
  281     119   526   118  1041
  282     952   936   538  1355
  283     691   701  1256  1354
  284     732   747   238   986
  285     420   380  1180  1381
  286      41    81    64  1095
  287     641     9   656  1304
  288     778  1182   750   757
  289    1135   150  1104  1237
  290     523   503   458  1107
  291     286   263  1088  1163
  292    1157  1022  1140  1151
  293      22  1199    76   625
  294    1023  1022  1110  1059
  295     993   761   569   186
  296    1167  1004  1290  1339
  297     481   477   527  1218
  298     969  1320   454  1249
  299     339   600   658  1267
  300      51    46  1323  1340
  301     836  1187   672  1167
  302     919   930  1123  1266
  303     412  1335  1127   414
  304     925   920  1102  1259
  305     905   889   463  1349
  306    1247  1237  1041  1104
  307    1080  1048  1148  1291
  308    1005  1118  1124  1243
  309     512   238   732  1310
  310     597   605   603  1170
  311     372   375    62   567
  312    1238  1255  1344  1358
  313     595   608   598  1274
  314    1027  1099  1208  1220
  315     693   575  1174   678
  316     874   901   894  1346
  317     787   783  1086  1190
  318     542   846   849   534
  319     972   952   723   957
  320    1118  1124  1213  1345
  321     317   599   555  1273
  322     347  1033  1156  1185
  323    1054  1079  1285  1328
  324    1005  1118  1178  1290
  325     384  1381    87  1180
  326     800   774   764  1268
  327     952   984   453   977
  328    1263   583  1281  1319
  329     944   559  1126  1218
  330     889   905   901  1349
  331     353   942    71  1373
  332     108   116  1111  1141
  333    1136   866  1205  1250
  334     483   206   554    17
  335    1369  1217  1186  1364
  336     938   930   960  1266
  337     631   635   616  1262
  338     329   352   323   587
  339     793   599  1273  1368
  340     610    26    68  1114
  341     656   641  1304  1327
  342      28    14    32  1350
  343     750   778   754  1261
  344     967   585  1215  1332
  345     868  1061  1084  1091
  346     585   935  1026  1332
  347    1206   812   816  1131
  348     652  1133  1148  1262
  349    1212   123  1229  1363
  350     874   863   715   867
  351     489   528   580  1360
  352     413   129  1231  1265
  353     494  1323   501    54
  354     859   858  1158   854
  355     787   759   783  1190
  356     867   676   715   733
  357     184   297   178  1271
  358     335   342   354  1156
  359     558   557   851   655
  360     616  1067  1262  1264
  361      11  1033   361   315
  362       4  1095  1104  1265
  363     296   854   850  1158
  364     559  1155   740   733
  365     103    93    67  1380
  366     756   331   689  1279
  367    1128   216  1121  1201
  368     704  1118  1124  1230
  369      31   261   172  1217
  370     709   752   707  1221
  371    1015  1201  1275  1305
  372     992   990   340   615
  373    1148  1125  1133  1020
  374     635   631  1083  1262
  375     570   714   841   711
  376     628   629  1066  1264
  377    1079  1348  1033  1022
  378    1031  1035  1160  1252
  379    1309   677  1278  1133
  380     654   987   637  1093
  381    1080   675  1144   684
  382     546   579   593  1192
  383     331   627   689  1279
  384     762   772   744  1126
  385     447   147   673  1081
  386     857   847  1361  1371
  387     167    25   170  1283
  388    1320  1318   947   958
  389     595   598   589  1274
  390     402  1189  1152    16
  391    1103  1194  1204  1248
  392     136   133   290  1032
  393     318   942  1177  1373
  394     772   561   744  1126
  395     347   367   361  1156
  396     321   686  1031  1116
  397     500   835   672  1187
  398     672   767   731  1226
  399     391   265   191   355
  400      38   282     3  1310
  401     987   741   637  1333
  402     209   196   213  1099
  403     120  1090   449   442
  404     515  1169   473   480
  405    1356   571   590  1124
  406     564   743  1182  1202
  407    1026  1050  1332  1375
  408      64  1104   159     4
  409    1099  1188   197  1271
  410     469   466   509  1362
  411     908  1232  1284  1353
  412    1004  1053  1109  1336
  413     113   271  1163  1224
  414     262   142   275  1110
  415    1182  1055  1261  1294
  416     903   898   880  1259
  417     829   807   816  1206
  418     209   219   214  1130
  419     145  1010  1134  1135
  420      46   495    83  1323
  421     158   169   164  1257
  422    1035  1023  1154  1225
  423     603   594   597  1120
  424     877   867   874  1346
  425     111  1380  1379    93
  426     545   542   851   849
  427     959    14    13   953
  428    1210   137   164   158
  429    1071  1069  1300  1337
  430    1024  1157   192   257
  431    1093   637  1333  1376
  432     342   348   354  1019
  433     950   491   917  1164
  434     364   328   991  1192
  435    1015  1128  1201  1305
  436    1286  1329  1117  1181
  437     847   844  1221  1371
  438     351   366   367  1166
  439    1115  1126  1149  1183
  440    1196  1246  1330  1336
  441    1327   647  1174   678
  442     807   823   790  1206
  443     872  1084  1240  1303
  444    1230   730   729  1295
  445     560   968   974  1235
  446    1028  1027  1102  1208
  447     648   652   659  1133
  448     207   288   226  1024
  449     275   142   360  1059
  450     714   655   851   557
  451    1084   875  1091  1303
  452    1077   414  1331  1335
  453      32   495    46   494
  454    1087   931  1106  1271
  455     651   381    11  1277
  456     647   730  1230  1295
  457     103    79   474  1073
  458     951   976   983  1050
  459    1082  1035  1154  1225
  460     707   752   842  1221
  461     938  1051  1123  1266
  462      47    45  1094  1301
  463     143   729  1178  1243
  464      41  1095  1138  1283
  465    1007  1229  1008  1006
  466     342   806  1019  1233
  467     777   945   269  1297
  468     731   693   575  1234
  469     999  1093  1117  1322
  470     811  1064  1131  1268
  471    1229  1008  1071  1198
  472    1094  1217  1283  1369
  473     975   967   589  1215
  474     519   782   292   294
  475    1200   393   376  1381
  476     258   220   216  1382
  477    1117   681   999   415
  478     189     6   236     2
  479    1059  1252  1166   434
  480     326   348   343  1019
  481     968  1326   353   974
  482     319  1119  1040   309
  483     419   600   657  1267
  484     389   417   412  1127
  485     483   554  1069  1129
  486     915    71   980  1324
  487     705  1280   848   752
  488    1052  1071  1238  1306
  489     395   618   623  1153
  490    1025  1098  1176  1256
  491     490   528  1360  1362
  492    1022  1157  1245  1151
  493     732   741   512  1310
  494     114    94   123   124
  495     145   150   228  1237
  496       0   428   261  1217
  497    1032   133  1219  1276
  498     445   435    74  1285
  499     620  1046   368  1365
  500     416   383   423  1331
  501     716   722   862  1136
  502    1258  1084  1061  1091
  503    1040   331  1119  1279
  504     699   549   684  1144
  505    1103  1063  1232  1236
  506     898   925   931  1259
  507    1148  1048  1264  1291
  508     761   781   569   291
  509     978    13   959  1211
  510     850   862   728  1158
  511     399  1203  1286  1347
  512     336   395  1317  1341
  513    1077   444  1335  1372
  514     755   521  1197  1293
  515     186   770   569   993
  516     976   318   983  1177
  517    1020  1144  1233  1278
  518    1026  1037  1274  1357
  519     921   777  1269  1297
  520     960   961   938  1051
  521    1214    66  1344  1358
  522     471   477   481  1349
  523     901   874   889  1346
  524    1372  1195   394  1095
  525     550   506   397  1239
  526     790   817   783  1086
  527    1009  1010  1113  1135
  528    1046  1060  1365  1378
  529     685   660   616  1067
  530    1123  1051  1171  1266
  531     733   744   561  1155
  532    1036  1106  1259  1321
  533     480   473   535  1169
  534     422   435  1285  1328
  535    1033  1019  1156  1185
  536     521   496   736  1197
  537     250  1082  1092  1154
  538     331   309   325  1119
  539     260   287   268  1201
  540     262   142  1110  1245
  541      83    66    51  1238
  542     192  1024   257   226
  543    1018  1021  1077  1081
  544    1053  1004  1109  1132
  545     463   889   467  1346
  546     129  1372   444  1265
  547     724  1193  1085  1253
  548    1061  1045  1258  1366
  549     403   584  1060  1365
  550     108   917  1111  1315
  551     222   242   232  1100
  552     127   488   128  1377
  553     525   338  1014  1341
  554     959   946   973  1211
  555    1006  1057  1288  1299
  556     676  1155   860   733
  557    1105  1030  1147  1201
  558     210   192  1122  1140
  559     290   133   113  1032
  560     287  1105  1147  1201
  561     869   891   884  1236
  562     829  1083  1133   837
  563     288  1219  1024  1023
  564    1218  1115  1227  1300
  565     194   193  1130  1188
  566    1003  1282  1300  1337
  567     572   825  1112  1145
  568     504   513   476   596
  569     637   406  1093  1333
  570     354   347   358  1156
  571     419  1096   643   520
  572    1076  1045  1361  1371
  573    1016  1134  1237  1377
  574     667  1011  1223  1296
  575    1089   443  1317  1341
  576    1162  1045  1248  1342
  577     550   397  1196  1239
  578     100   679  1074  1272
  579    1104  1257     1  1265
  580     131   124   126  1363
  581     902   908  1232  1284
  582    1065   632  1213  1327
  583     691   147  1065  1077
  584     570   655   534   846
  585    1078  1076  1202  1294
  586     980    71   942  1373
  587     570   846   841   655
  588     873   882   461   544
  589     163   126  1212  1363
  590    1381   384   220  1180
  591     718   722   716  1314
  592     501   483  1069  1302
  593     558  1070  1084  1179
  594     839  1085   844   296
  595     174   704   729  1243
  596     809  1037   828   810
  597      59    52  1034  1220
  598    1360  1365  1046   620
  599      64  1104    81   159
  600    1096   419   643  1267
  601      69   253   110  1105
  602     372   375   567   329
  603     238     6    99   236
  604    1372  1095  1135  1018
  605    1121  1030  1201  1382
  606     873   451   906   461
  607     229   233  1092  1130
  608     594  1120  1209  1244
  609    1104    64    81  1095
  610     632   650  1065  1354
  611     586   732   238  1310
  612     103    67  1097  1380
  613     845   570   534   846
  614     454    28   472  1320
  615    1141  1107  1164  1359
  616    1045  1204  1361  1371
  617     623   395  1044  1246
  618     815   802   785  1216
  619    1008  1111  1198  1229
  620    1231  1068  1257  1298
  621     126   123  1212  1363
  622     361   683   358  1156
  623    1026   568   935   582
  624    1005  1112  1178  1243
  625    1048   721  1148  1264
  626    1073   103  1097  1380
  627    1142  1256  1065  1039
  628     575   642  1167  1174
  629    1116   686  1252  1279
  630     451   882   461   873
  631     994   760  1172  1368
  632     911   885   910  1188
  633     913   936   452   723
  634     963   971  1177  1332
  635    1189   402  1152  1299
  636    1033  1144  1277  1156
  637     937   947   924  1184
  638      56   517  1097  1241
  639     980   141  1012  1177
  640    1143  1055  1182  1294
  641     720   717  1146  1179
  642     418    70   417  1189
  643     535   392   429  1169
  644    1035  1023  1092  1154
  645     253   187   110  1269
  646     180  1338   985  1249
  647    1039  1262  1254  1067
  648     230   181   241  1186
  649     218   287  1147  1383
  650     464   125   134  1287
  651     743   564   750   754
  652    1108  1332  1050  1177
  653     558   655   851   542
  654    1045  1061  1361  1366
  655     863   676   715   867
  656    1125  1148  1161  1020
  657      39   439   313  1330
  658     710   720   708  1146
  659    1041   475  1073  1237
  660      12     9   383  1331
  661     854   855   850  1158
  662     114   108  1111  1315
  663    1044   611  1049  1274
  664     921  1269  1275  1297
  665    1099  1208  1220  1325
  666     788  1197  1226  1109
  667    1351    10  1027  1191
  668     733   542   849   676
  669    1035  1031  1059  1166
  670      46    44  1302  1340
  671     808   775   594  1244
  672     172   261   428  1217
  673     545   542   849   733
  674     534   860   849   676
  675     347   361   358  1156
  676     559   561   733   740
  677     401   431    92  1195
  678     683   335   358  1156
  679     109     8  1081  1195
  680      28   485  1350    44
  681    1037   810   582   803
  682     416   423  1203  1331
  683    1122   171  1367   166
  684     335   549  1144  1277
  685     502   439    58  1251
  686     534   676   849   542
  687     284     3   208  1333
  688     733   676   849   860
  689     851   714   841   655
  690     559   561   568  1126
  691     912   904   893  1205
  692     683   335  1156  1277
  693     502    58   583  1319
  694    1113  1122  1186  1367
  695     681   399  1286  1347
  696    1132  1203  1339  1347
  697     485    29   472  1320
  698     149   131   126  1363
  699    1251  1246   550  1330
  700     587   352   140   350
  701     849   542   851   846
  702     692  1074   682  1301
  703    1008  1115  1307  1071
  704     800   811   795  1268
  705     729   143   174  1243
  706     733   545   872   849
  707     849   860   872   733
  708    1207  1379  1016  1380
  709     307  1085  1175  1253
  710    1070   565  1084  1258
  711       7   357   101  1328
  712     887   872   895  1303
  713     467   906   463   462
  714     165  1257   156     1
  715     423  1335  1127  1331
  716    1053  1015  1089  1329
  717    1004  1007  1008  1006
  718    1194  1102  1236  1259
  719     209   197  1130  1188
  720    1042  1077  1331  1335
  721    1113   157  1276  1367
  722     885  1106  1188  1321
  723    1030  1105  1147  1312
  724    1247  1237  1104   156
  725       7    43   102  1151
  726     170   171   166  1367
  727     711   846   841   570
  728     935   967   963  1332
  729     633   629  1066  1176
  730     800   764   799  1064
  731     907  1260  1289  1334
  732    1082  1252  1035   244
  733    1111  1006  1212  1229
  734      19    20   179  1191
  735    1117  1046  1121  1180
  736     999   987  1093  1376
  737      23   364   106  1192
  738     849  1084   851   545
  739     846   542   851   655
  740     244   248   433  1035
  741     791  1114   796  1137
  742     764  1253  1268   749
  743     379   373   377  1378
  744     789   670   760  1172
  745    1125  1162  1064  1020
  746     316   746   307  1175
  747     557   542   655   558
  748      20    49   202  1191
  749     779   765  1131  1352
  750     816  1133  1206  1278
  751     850   855   862  1158
  752     506  1196   502  1319
  753     595  1037   608  1274
  754     851   717   841   714
  755     589   803   595  1274
  756     365  1059    75  1242
  757    1193  1076  1221  1371
  758    1129  1184  1318  1334
  759    1059  1252   433  1035
  760    1128   268  1201  1305
  761     841   714   706   711
  762     841   717   706   714
  763     851   655   841   846
  764    1132  1167  1168  1181
  765     510   487   468  1017
  766     860   872   877   878
  767    1128  1152  1299  1329
  768     506   583  1263  1319
  769     143   825   831  1112
  770     446  1056  1101  1222
  771     367   347  1033  1156
  772      86   532   497   587
  773     707   842   840  1221
  774     851   841   706   843
  775     851   717   706   841
  776     843   717   706   851
  777     389    16   417  1189
  778      58   751   583  1319
  779     681   680   694  1347
  780     125   116  1141  1212
  781    1000   328   537  1192
  782     742   738  1193  1253
  783     566   404   368  1056
  784     685   769  1067  1142
  785     125   152   155  1287
  786    1194  1103  1236  1248
  787     609   970   602  1153
  788     212   222  1099  1100
  789     929   928   946  1211
  790     608  1037   803   810
  791     580   620   489  1360
  792    1093   654  1172  1199
  793    1107  1164  1359  1370
  794     481  1218  1227  1300
  795    1071  1115  1282  1300
  796    1121  1381  1382   220
  797     103  1073  1377  1380
  798     422  1079  1328  1285
  799     594   581   597  1120
  800     489   613   390  1360
  801     580   566   620  1360
  802    1014  1007  1044  1053
  803      80    96  1207  1380
  804     468   484   511  1359
  805    1239   506  1263  1319
  806    1139  1019   326  1175
  807     321   745  1116  1314
  808     157   166  1276  1367
  809     382   323   267   532
  810    1139  1085  1158  1162
  811     717   564   557  1179
  812     669   789  1117  1172
  813     161   234   198  1305
  814     596   426   324   533
  815     789   669  1117  1181
  816     843   717   851  1179
  817    1075  1222  1228  1281
  818    1031  1036  1062  1208
  819      63   662   644  1096
  820       9  1331   147   383
  821    1007  1150  1053  1014
  822    1111  1012  1198  1324
  823    1076  1143  1202  1294
  824     206   453   539  1211
  825    1079   407  1090  1285
  826     153   654   154  1199
  827    1167   356  1181  1347
  828     323   587   497   532
  829     883   879  1091  1232
  830     158   169  1257  1298
  831     517   507  1214  1241
  832    1136  1036  1139  1158
  833     785   802  1149  1216
  834     812   779   765  1131
  835    1068  1002  1210  1298
  836     455   454   457  1249
  837     342  1019  1156  1233
  838       4   394  1095  1265
  839     834   590  1243  1356
  840     376   420   387  1381
  841    1075  1168  1196  1319
  842    1074   692   682   664
  843     888   904  1029  1205
  844    1008  1115  1071  1227
  845     361   683  1156  1277
  846     796   801   819   791
  847      28   485   472  1320
  848     621    65   456  1153
  849     674   109  1081  1098
  850    1132  1053  1168  1187
  851     608   617  1274  1293
  852     417  1127  1189  1203
  853     277  1219   237   289
  854     394  1195   444    92
  855     284   191  1093  1376
  856    1373  1177   983   942
  857    1210   149  1298  1363
  858    1346   873   467   544
  859    1072  1209  1254  1342
  860     445  1364   146   120
  861    1047  1092  1154  1224
  862    1255  1337  1171  1358
  863    1222  1075  1263  1281
  864      32  1069  1302  1350
  865    1173  1298   245  1057
  866    1235   951  1227   527
  867     433   244  1035  1252
  868    1217  1369  1186  1113
  869     409   408   327  1101
  870    1052   118  1210  1363
  871     173   168   163  1006
  872    1033    11   361  1277
  873    1032   113  1088  1163
  874     356   694   680  1347
  875     169  1231  1257  1298
  876     822   821  1144  1233
  877     820   814   834  1216
  878     350   329   567   587
  879    1168  1117  1181  1368
  880     387   400   376  1381
  881    1043  1045  1258  1342
  882     628   629   531  1066
  883    1030  1015  1046  1121
  884     738   774  1193  1253
  885     862  1158   876  1136
  886     552    62   396   375
  887     875   853   872  1084
  888     664   657   697  1074
  889     148  1006  1013   163
  890    1187  1196  1251  1336
  891     105   261   230  1217
  892     250  1082   239  1092
  893    1070  1061  1084  1179
  894    1006  1002  1057  1298
  895    1141   125  1212  1287
  896     323   352   497   587
  897    1052  1038    72  1344
  898      82   430   425  1199
  899    1018  1025  1256  1081
  900      49    20    40  1191
  901     602   970  1108  1153
  902    1039  1021  1072  1161
  903     621   618    65  1153
  904    1002  1363  1052  1210
  905     564  1070  1179  1294
  906      70   418   415  1286
  907     886  1250   881   893
  908     418   417    16  1189
  909     922   928  1334  1355
  910     638   658   600  1267
  911    1076  1193  1270  1371
  912     730   572   729  1178
  913    1103  1045  1361  1366
  914     577   141  1108  1313
  915    1369  1186  1113  1054
  916     771  1124  1067  1213
  917     442   697  1090  1301
  918     501   974   927  1198
  919     445  1054  1285   146
  920     918   923   937  1318
  921     609   602   618  1153
  922     731   575   836  1234
  923    1334   928  1129  1355
  924     337   999   265  1376
  925    1127  1042  1203  1331
  926     289   133   277  1276
  927     545   744   733  1155
  928     470   234  1150  1275
  929     848   705   843  1146
  930    1136  1036  1158  1321
  931     505   108    89  1141
  932     143   572  1112  1178
  933    1143  1055  1270  1352
  934    1057  1173  1231  1335
  935     730   773   734  1178
  936    1005  1037  1307  1357
  937     720   564   717  1179
  938     540  1056   541  1101
  939     572   143   729  1178
  940    1178  1226  1290  1295
  941     549   675   684  1144
  942     364    23   328  1192
  943     789   680   669  1181
  944    1010  1009  1113  1122
  945    1189  1152  1286  1329
  946     628   531   668  1066
  947    1007  1287  1141  1013
  948     824   815   820  1216
  949    1016  1047  1088  1325
  950     982   921  1169  1297
  951     174   590   143   831
  952    1110  1022  1024  1245
  953      37  1191    52    40
  954     975   598   602  1274
  955    1125  1055  1270  1342
  956    1085  1064  1175  1253
  957    1246   397   550   363
  958     613   377   390  1360
  959    1026  1008  1050  1227
  960     366   315  1033  1242
  961    1010  1023  1208  1348
  962    1072  1118  1307  1345
  963     373   380  1200  1378
  964     876   885  1250  1321
  965     611   602   598  1274
  966     902   924   919  1284
  967     511   460  1164  1359
  968    1038  1041  1073  1237
  969     759  1352  1143   753
  970     306   309   331  1119
  971     560   481   968  1235
  972     124  1052   118    95
  973    1211   978   465   973
  974    1286  1322   415  1117
  975     524   478  1097  1344
  976    1379    96   104   112
  977     284   406   578  1333
  978    1044  1049  1246  1336
  979     774   766   738  1193
  980     188   181   176  1186
  981     255   117  1219  1224
  982     350   370   567   329
  983     985   964   180  1249
  984     550   502  1251  1330
  985     546   537   579  1192
  986     471   481  1289  1349
  987    1152  1189  1299  1329
  988     917    89   108  1164
  989     329   587   532   567
  990     288  1023  1024  1110
  991    1055  1143  1182  1190
  992      54   501   927  1198
  993     271   246  1163  1224
  994     392   473   405  1169
  995     924   896   907  1260
  996     526  1038  1052  1041
  997     471  1289  1334  1349
  998     910   885   899  1106
  999     211   986   238   305
 1000    1079   422  1328    91
 1001    1049   622   427   617
 1002     334   293   102  1151
 1003    1021  1043  1072  1161
 1004    1028  1191  1351  1027
 1005      82   637   406  1093
 1006     319  1119   309   199
 1007    1349   481  1218   477
 1008     914   918  1184  1334
 1009      90  1335  1231  1173
 1010     329   352   587   350
 1011    1141  1007  1370  1107
 1012    1168  1187  1196  1251
 1013     810  1037   582   809
 1014     450   438  1025  1098
 1015    1016  1041  1255  1038
 1016     447   414   383  1077
 1017    1090   449  1301  1364
 1018     956  1017   612   468
 1019    1140    74  1054   176
 1020     158   131   149  1210
 1021     915   511   491  1164
 1022    1036  1136  1160  1205
 1023     345    22   106  1192
 1024     306  1279   302  1119
 1025     801  1296   830  1114
 1026     604   266   421   563
 1027      48    56    37  1241
 1028      11   341     5  1242
 1029    1142  1066  1256  1291
 1030     814   820   815  1216
 1031     814   785   808  1216
 1032     820   834   590  1243
 1033     590   831   820  1243
 1034     792   780   797   802
 1035     277  1219  1276   237
 1036    1269   470   921  1275
 1037     975   589   598  1274
 1038     335  1144  1156  1277
 1039     528   490   466  1362
 1040     502   583   506  1319
 1041      18    29  1051  1320
 1042    1006   163  1212  1363
 1043    1038  1016  1041  1237
 1044    1044  1108  1153  1274
 1045    1302    44  1316  1340
 1046     329   370   567   372
 1047     994   599   793  1368
 1048     390   528   489  1360
 1049     596   426   303   324
 1050    1196  1075  1319  1239
 1051    1068  1104  1135  1372
 1052     784   787  1137  1190
 1053     176   146    74  1054
 1054     208     3  1310  1333
 1055     218   240   130  1147
 1056     558   557  1070  1179
 1057    1085  1064  1253  1270
 1058     615   532   552   533
 1059    1003  1063  1337  1284
 1060     506   583   371  1263
 1061    1044   395  1341  1317
 1062      58   502  1251  1319
 1063     349   653   656  1327
 1064     102   293     7  1151
 1065      94    77   114  1315
 1066      58   751   500   835
 1067     377  1200  1360  1378
 1068      29    66   507  1214
 1069    1069  1289   482  1300
 1070    1149  1058  1165  1307
 1071    1106   899  1259  1321
 1072     864   966   187  1269
 1073    1149  1115  1183  1307
 1074    1025  1009  1074  1369
 1075    1036  1136  1250  1321
 1076     189   630    88   215
 1077    1041  1038  1052  1255
 1078     124    95    94  1229
 1079    1011   660  1223  1254
 1080     848   856  1061  1078
 1081     642   349   694  1327
 1082     926   941   178  1271
 1083     533   513   504   596
 1084     748   751  1319  1368
 1085       8   447  1081  1195
 1086     488   156   150  1237
 1087    1358    29   485  1171
 1088    1018  1283  1369  1094
 1089     369   551   592  1365
 1090     921   338  1169  1275
 1091     275   142  1059  1110
 1092    1228   793  1368  1281
 1093    1245  1242   293    75
 1094     230   181  1186  1217
 1095    1045  1244  1258  1342
 1096    1227  1115  1235  1300
 1097     581   591   597  1120
 1098     710   727  1146  1280
 1099     719   749   742  1253
 1100      41    25  1095  1283
 1101     917  1324   950  1111
 1102     323   587   532   329
 1103      92  1138   431    53
 1104     248   275  1059  1225
 1105     531   628   668   698
 1106     488   150   224  1237
 1107    1010  1016  1134  1135
 1108     947  1184  1318  1350
 1109    1012   915  1164  1313
 1110     766   737  1193  1352
 1111    1326   968   353   983
 1112    1195  1372  1077  1018
 1113     523  1014  1150  1287
 1114     553  1155   477  1346
 1115     219   221  1130  1159
 1116      29  1051  1171  1351
 1117      29  1358    51    66
 1118     988   761    97   259
 1119     284   208   191  1333
 1120    1147  1030  1360  1382
 1121     406    82  1093  1180
 1122     946   936   952  1355
 1123     130   466  1147  1362
 1124    1251  1196  1330  1336
 1125     329   382   532   323
 1126     329   567   532   382
 1127     329   375   382   372
 1128     730   773  1178  1295
 1129    1089  1015  1128  1329
 1130     572   496  1145  1178
 1131     188   241   181  1186
 1132     601   596   997   115
 1133     533   426   398   596
 1134     369   592   403  1365
 1135    1108  1008  1357  1370
 1136     562   992   615   990
 1137     115   615   533   340
 1138     596   426   398   513
 1139      52    59    49  1220
 1140     615   990   340   115
 1141     199  1040  1119  1343
 1142    1006  1007  1013  1053
 1143     294   782   292   266
 1144    1302  1069  1316  1350
 1145     362    21   215   292
 1146     804   782   292   519
 1147     323   532   497    86
 1148     411   665   627  1040
 1149     340   532   267   323
 1150      86   497   340   992
 1151     230   261    31  1217
 1152     359   626   408  1239
 1153     362   804   292   630
 1154    1039  1262  1264  1161
 1155     761   291   988   781
 1156     225   211   305  1310
 1157     745   718  1116  1314
 1158     554   483    17  1129
 1159     398   426   441   513
 1160    1125  1148  1262  1161
 1161    1196   502  1319  1251
 1162     267   340   533   532
 1163     273   995  1001   993
 1164    1009  1010  1022  1122
 1165    1246   397   363  1317
 1166    1140    74   176   285
 1167    1318   459    28    14
 1168     114   917   108  1315
 1169     480   535   508  1312
 1170     922   936   946  1355
 1171     611   598   617  1274
 1172    1238  1323  1337  1340
 1173     164   139   137  1247
 1174      86   323   340   497
 1175     596   324   303   997
 1176     987   999   337  1376
 1177    1233  1131  1125  1278
 1178    1015  1053  1196  1329
 1179     864   279   234  1269
 1180      41   105    25  1283
 1181     412  1335  1173  1127
 1182     479  1164   460  1359
 1183     291   630   569   215
 1184     552   375   396   382
 1185    1025  1018  1138  1195
 1186     615   532   533   340
 1187     532   323   340    86
 1188     497   352   140   587
 1189     536   685   769  1067
 1190    1017  1014  1044  1341
 1191      86   992   340   615
 1192    1016  1028  1208  1325
 1193    1204  1045  1270  1371
 1194     536    26   667  1223
 1195    1004  1132  1288  1339
 1196     415   399    70  1286
 1197    1117  1168  1181  1329
 1198    1158  1162  1204  1248
 1199     115   596   997   324
 1200     340   990   324   115
 1201    1041  1068  1210  1247
 1202     660   536   667  1223
 1203     681   399   415  1286
 1204    1136   876  1250  1321
 1205     499    88   236   786
 1206     681  1117   999   669
 1207      25   167    81  1283
 1208     905   463   471  1349
 1209     177    15    10  1338
 1210      54   927   981  1198
 1211    1105  1169  1269  1297
 1212     533   426   324   267
 1213     324   990   997   115
 1214     107    23   106   378
 1215    1257   165   156  1247
 1216     830   667    26  1223
 1217     303   596   346   426
 1218      40    52    49  1220
 1219      84    88   189     2
 1220     956   577   612  1313
 1221     110   966   269  1269
 1222     797  1037  1058  1145
 1223    1043  1045  1063  1258
 1224     932  1271   939   916
 1225      62   375   552   567
 1226     217   214  1159  1374
 1227     337   265   225  1376
 1228     415   418   355  1286
 1229    1117  1015  1168  1329
 1230     382   567   552   375
 1231     532   567   552   382
 1232    1173  1288  1189  1127
 1233    1198   927   353   974
 1234     267   532   552   382
 1235     533   532   552   267
 1236     588    62   396   552
 1237     793   516   994  1368
 1238     552   382   396   267
 1239     579   346   107    23
 1240    1052  1002  1071  1229
 1241     596   513   398   533
 1242     267   426   398   533
 1243      91  1151    42    43
 1244     253   110  1105  1269
 1245     396   552   398   588
 1246     533   588   398   552
 1247     588   504   398   513
 1248     533   504   398   588
 1249     533   513   398   504
 1250     552   267   398   533
 1251     396   267   398   552
 1252    1001   236   238   200
 1253    1072  1115  1183  1258
 1254      60   254   242  1325
 1255      34   217   204  1343
 1256    1370  1141  1164  1111
 1257     859   899   876  1321
 1258    1267  1009  1080  1079
 1259     660  1067  1223  1254
 1260     499   236   238   732
 1261     513   426   441   596
 1262     349   678   653  1327
 1263     160  1173  1231  1298
 1264      22  1199   625   153
 1265     386   446   440  1222
 1266     513   441   514   476
 1267     454   472   457  1249
 1268     619   583   793  1281
 1269     727   726  1202  1280
 1270    1158  1036  1162  1248
 1271    1063  1123  1284  1353
 1272     844   857  1204  1371
 1273    1068  1210  1257  1298
 1274    1148   634  1262  1264
 1275     956   511   141  1313
 1276    1164  1313  1359  1370
 1277     476   596   514   579
 1278     476   441   514   596
 1279    1234  1290  1226  1295
 1280     579   514   107   346
 1281     437  1094   450  1301
 1282    1060  1046  1200  1378
 1283     847   844   842  1221
 1284      32    14  1129  1350
 1285    1102  1194  1236  1248
 1286     441   426   346   596
 1287    1048  1025  1066  1291
 1288     753   783  1190  1352
 1289     959   929  1129  1318
 1290    1046  1121  1200  1382
 1291     328   596   346   303
 1292     236   200  1001   186
 1293     527   481  1227  1235
 1294    1136  1029  1160  1205
 1295     303   537   328   596
 1296    1106  1036  1188  1321
 1297     331   325  1040  1119
 1298     572   730   734  1178
 1299     290  1379   132  1134
 1300     170  1113   167  1283
 1301     303  1000   328   537
 1302     190   900  1029  1343
 1303    1060   403  1365  1378
 1304    1194  1158  1204  1248
 1305     514   441   346   596
 1306     842   752   852  1221
 1307     579   596   328   537
 1308    1087  1027  1220  1099
 1309     435   101    74  1328
 1310      49    59    60  1220
 1311     699   684   687  1309
 1312     516   793   583  1281
 1313     514   441   107   346
 1314     149   163  1006  1363
 1315    1238  1052  1255  1282
 1316     117   271   113  1224
 1317     842   852   847  1221
 1318     291   273   995   276
 1319     579   593   107   514
 1320    1076   725  1143  1193
 1321    1174  1295   693   647
 1322      69   529  1105  1297
 1323       3   282   208  1310
 1324    1026  1307  1008  1165
 1325     593   514   378   107
 1326    1106   910  1188  1271
 1327    1064  1019  1162  1175
 1328    1121  1117  1180  1322
 1329     903   884  1236  1259
 1330     277  1219   289  1276
 1331    1118  1174  1230  1295
 1332     646  1098  1176   696
 1333     769   606  1067  1142
 1334      94   123   124  1229
 1335     734  1178  1226  1290
 1336     798   975  1108  1215
 1337    1060  1046  1180  1200
 1338     568  1126  1165  1227
 1339     628  1354   700   698
 1340     956   468   511  1313
 1341     531   668  1066  1176
 1342     316   310   311  1175
 1343    1238  1071  1282  1337
 1344    1082  1252   244  1374
 1345     903   925   898  1259
 1346     702   668  1256   701
 1347     614   493   834  1356
 1348    1055  1143  1190  1352
 1349     987   669   999   654
 1350       2    88   189     6
 1351     938   919   930  1123
 1352     186   995   993   761
 1353     345    22   989   153
 1354     630   189    88   786
 1355      37    30    48  1241
 1356     548   619   793  1222
 1357     330   138   432  1040
 1358    1090  1009  1267  1079
 1359     215    88   189    84
 1360     106   378   574    35
 1361      35    22   574   106
 1362    1014  1017  1308  1341
 1363     326   332   314  1175
 1364     488   475   156  1237
 1365    1060  1172  1228  1273
 1366     574    35   625    22
 1367     144   446  1101  1263
 1368     842   844   838  1221
 1369     545   744  1155  1240
 1370     627   331   325  1040
 1371    1167  1109  1187  1226
 1372     421   266   362   563
 1373     437  1025   450   438
 1374    1201   260   279   268
 1375     195   205   199  1343
 1376     573   551   368  1365
 1377     122   155   148  1212
 1378     910   885  1106  1188
 1379     546    22   625   996
 1380    1164  1324   915  1012
 1381    1025   450  1094  1301
 1382     546   574   625    22
 1383     725   737  1143  1193
 1384    1036  1160  1188  1205
 1385     184  1188   911  1271
 1386    1039  1072  1124  1254
 1387     102  1079    42     5
 1388     679   657  1074  1267
 1389     786    88   236   189
 1390     156   139   164  1247
 1391    1111  1198  1229  1315
 1392     772   785   802  1149
 1393     527  1235   951   481
 1394      21   266   362   421
 1395     993   236   747  1001
 1396     287   400   216  1382
 1397     834   820  1216  1243
 1398     804   266   292   782
 1399     202    49   212  1220
 1400    1122  1113  1276  1367
 1401     770   786   732   236
 1402     292   630   215   362
 1403    1326   942  1373   983
 1404     554   501   483  1069
 1405     161   231  1299  1305
 1406      49    60   212  1220
 1407     113   286  1032  1088
 1408     281   275   248  1225
 1409     619   371   583  1281
 1410    1018  1021  1135  1372
 1411     768   294   805   782
 1412     362   266   292   804
 1413     275   281  1110  1225
 1414    1016  1073  1097  1380
 1415     448   425   430  1060
 1416    1004  1053  1336  1357
 1417     313   550  1246  1330
 1418     438  1025  1074  1301
 1419     539   547   554  1355
 1420     403   379   369  1378
 1421      48  1351    30   507
 1422     651    85   638  1079
 1423     651     5    85  1079
 1424    1007  1212  1141  1111
 1425     517    48   507  1241
 1426     170  1113   157   167
 1427     391   384    87  1180
 1428     487  1017  1308  1359
 1429      30    18   507  1351
 1430     758   321  1116  1279
 1431     292   291   215   630
 1432     291   215   569   186
 1433     409  1239  1101   359
 1434     761   259   988   291
 1435    1027   949  1051  1123
 1436     775  1240   565  1183
 1437     944  1227  1218  1126
 1438    1080  1020  1148  1309
 1439    1147   287  1201  1382
 1440     402    16   389  1189
 1441     742   738   724  1193
 1442     274   201   272  1128
 1443     252   233   246  1224
 1444    1008  1229  1071  1002
 1445    1282  1307  1115  1071
 1446     606   771   769  1213
 1447     804   781   292   630
 1448     291   630   292   781
 1449      21   266   292   362
 1450     519   781   292   804
 1451    1051    29  1266  1320
 1452     804   563   362   266
 1453     583   751   516  1281
 1454     856   851  1084  1179
 1455    1210   158  1257  1298
 1456     529  1312  1105   480
 1457     930  1284   924  1266
 1458     547   539   538  1355
 1459    1076  1078  1202  1280
 1460     193   209  1130  1188
 1461     362    21    84   215
 1462       2     6    84    88
 1463     724  1193  1221  1371
 1464     242   254  1163  1325
 1465    1193  1085  1270  1371
 1466     805   301   374   768
 1467    1357  1037  1293  1197
 1468     215    88    84   630
 1469     838  1371   724  1221
 1470     215   630    84   362
 1471    1036  1062  1106  1188
 1472    1091  1003  1258  1303
 1473    1058   802  1149  1292
 1474     255   271   117  1224
 1475     395    65  1153  1341
 1476    1121  1015  1128  1201
 1477      52  1191  1241  1034
 1478     786   189   236   186
 1479    1151   251  1245     7
 1480     487   484   468  1359
 1481     443   336   359  1317
 1482    1051  1027  1123  1351
 1483     908   919   920  1353
 1484     393   373   380  1200
 1485      90  1335   413  1231
 1486     884  1311  1194   880
 1487     527   553   944  1218
 1488     761   291   186   995
 1489     982   308   405  1169
 1490      70   399  1203  1286
 1491     381   651   671  1277
 1492     812   765   795  1131
 1493     934   470  1150  1275
 1494    1036  1031  1162  1208
 1495    1237  1041  1135  1016
 1496     646   702   668  1176
 1497     978   959   973  1211
 1498    1023  1010  1047  1219
 1499     630   291   569   781
 1500    1050  1026  1227  1375
 1501     761   291   569   186
 1502     761   291   276   259
 1503     299   259   278   988
 1504     624   584   555  1273
 1505     273   291   995   186
 1506    1047  1032  1088  1163
 1507     150   156   165  1104
 1508     581   594   576  1244
 1509    1161  1072  1254  1342
 1510    1131  1233  1125  1064
 1511    1001   993   986   747
 1512     411   434   640  1040
 1513     144  1101   408  1263
 1514    1063  1091  1232  1284
 1515     319  1119   199  1040
 1516     186   273  1001   993
 1517     189   786   770   186
 1518    1003  1184  1284  1316
 1519    1036  1139  1158  1162
 1520     779   812   790  1131
 1521      69   492   253  1105
 1522     672   835  1109  1187
 1523     829   837  1133   659
 1524     186   200  1001   273
 1525     859   858   869  1311
 1526     236   786   732   499
 1527    1026   568  1165  1375
 1528    1104  1068  1257  1265
 1529     719   307   746  1253
 1530     141   915  1012  1313
 1531     937   923   958  1318
 1532    1155   561  1218  1240
 1533     402  1128  1299   272
 1534    1000   537   998   991
 1535     354   348   347  1185
 1536     156   475  1041  1237
 1537     571  1356   590   493
 1538    1304  1327  1339  1347
 1539     551   620   368  1365
 1540     548   793   317  1222
 1541     571   771   704  1124
 1542     236   186  1001   993
 1543    1116   718   302   298
 1544     246   271   252  1224
 1545     189   215   569   630
 1546     186   189   569   770
 1547     186   215   569   189
 1548     770   786   569   630
 1549     189   786   569   770
 1550     189   630   569   786
 1551     993   770   747   186
 1552     236   186   747   770
 1553     993   186   747   236
 1554     603   808   594  1209
 1555     252  1092   247   233
 1556     546    22   996   345
 1557     311  1314   314  1139
 1558    1085   310   728   296
 1559      53    27    92  1138
 1560    1021  1018  1135  1291
 1561    1009  1025  1048  1291
 1562    1053  1044  1336  1357
 1563     683    11   381  1277
 1564     949   925   948  1123
 1565     794  1168  1181  1368
 1566    1155   561   559  1218
 1567      63  1080  1148  1309
 1568    1012   141  1108  1177
 1569     727   720   710  1146
 1570    1054  1122  1140  1186
 1571     895   878   877  1155
 1572     687   684    57  1080
 1573      81   228   159  1104
 1574     698   606   636  1142
 1575     423   412   417  1127
 1576    1280   709   705   710
 1577     423  1127  1203  1331
 1578    1369  1018  1094  1025
 1579     295   537   998  1000
 1580     444   413  1335  1372
 1581     500  1167  1168  1187
 1582     500   794   748  1168
 1583      24   218  1147  1383
 1584    1313  1108   612  1017
 1585     682  1074   697  1301
 1586     512   747   732   986
 1587    1109  1197  1290  1357
 1588     158   164  1210  1257
 1589    1121  1180  1200  1382
 1590     284  1093  1333  1376
 1591      18    30    10  1351
 1592     891   897  1236  1353
 1593     309   306   300  1119
 1594    1162  1204  1248  1270
 1595     399  1304  1203  1347
 1596     279   198   234  1305
 1597    1360  1365   620   613
 1598     436   442   424  1090
 1599    1112   572  1145  1178
 1600     798   970   577  1108
 1601     248   275   433  1059
 1602     698   606  1142  1354
 1603     287   218   400  1383
 1604     237   277   166  1276
 1605     411   432   434  1040
 1606     688   600   419  1267
 1607     400  1381  1382  1383
 1608     687   662    63  1080
 1609     795   811   812  1131
 1610     822   811  1233  1278
 1611     466   130   509  1362
 1612     322   343  1064  1175
 1613    1030   580  1362  1360
 1614    1007  1008  1111  1370
 1615    1010  1016  1135  1208
 1616    1191    52  1220  1034
 1617     999   265  1093  1322
 1618     628   698   636  1142
 1619      40    49  1191  1220
 1620     759   787   757  1190
 1621      33    20    19  1191
 1622    1071  1052  1238  1282
 1623     360  1245    75  1059
 1624     665  1252  1040   640
 1625    1100  1208  1047  1099
 1626    1015  1121  1128  1152
 1627     708   720   717  1146
 1628     625   996   153  1172
 1629    1060   573  1228  1365
 1630    1095  1018  1138  1283
 1631    1304   399   695  1347
 1632    1240  1084  1258  1303
 1633      75   334   366  1242
 1634     145    50   224  1134
 1635     697  1074  1090  1301
 1636    1047  1023  1062  1208
 1637     523   934   470  1150
 1638      63  1080  1096  1148
 1639     205   204   227  1343
 1640    1022  1054  1140  1151
 1641    1147   287  1382  1383
 1642     347   348   344  1185
 1643     996    22   625   153
 1644    1078   848  1146  1280
 1645      90   389   412  1173
 1646     310  1139  1175   728
 1647     159   165     4  1104
 1648     244  1252  1343  1374
 1649     325   666   627  1040
 1650     529  1312   508  1105
 1651     443   308   338  1089
 1652     102   334  1151  1242
 1653     727   710   709  1280
 1654     716   722  1136  1314
 1655    1181   356   789   680
 1656    1167   575  1174  1234
 1657     796   801   610  1114
 1658     629   661  1048  1264
 1659    1143  1076  1193  1270
 1660     414   383  1077  1331
 1661     848   861   852  1078
 1662    1047  1100  1163  1325
 1663    1361   852  1221   847
 1664      70   417   416   423
 1665     996   994   625   599
 1666     449   442  1090  1301
 1667     794   356   836   575
 1668     718  1136   866  1116
 1669     417   416   423  1203
 1670     518   525  1308  1341
 1671     465   453   206  1211
 1672     686   321  1031  1185
 1673     898   909   899  1259
 1674     305   200   238   211
 1675    1317   395   363  1246
 1676     354   342  1019  1156
 1677     677  1309  1278   699
 1678     688   419  1096  1267
 1679     614  1209  1216   814
 1680    1028  1016  1208  1255
 1681    1052  1306    72    95
 1682    1102  1036  1194  1248
 1683     660   616  1067  1262
 1684    1337  1255  1171  1282
 1685    1063  1102  1123  1353
 1686     365   434   360  1059
 1687     537   596   295   601
 1688      50   111  1377  1379
 1689    1180  1060  1200  1378
 1690     484  1107   479  1359
 1691     603   605   614  1170
 1692     212   242   222  1100
 1693     392   405   327  1101
 1694     820  1112  1216  1243
 1695     450   109   674  1098
 1696     408   540   327  1101
 1697     220   203  1121  1180
 1698    1189  1132  1203  1288
 1699      93   111   112  1379
 1700    1011  1114  1120  1170
 1701     828   608  1037  1293
 1702      76    35   625   574
 1703    1064  1131  1268  1270
 1704    1102   920  1236  1259
 1705     121   103  1073  1377
 1706     657   697  1074  1267
 1707    1016  1088  1207  1325
 1708    1043  1102  1208  1255
 1709     244   433  1040  1252
 1710      52  1191  1220    40
 1711       7   293   251  1245
 1712     169  1265  1231   129
 1713     325   309  1040  1119
 1714     236     6    99     2
 1715     509  1312  1105   508
 1716       8   447   673  1081
 1717    1042  1057  1288  1345
 1718     631   616   660  1262
 1719     851   558  1084  1179
 1720     109     8   674  1081
 1721    1012  1111  1164  1324
 1722     262   281   207  1110
 1723    1109   672  1187  1226
 1724     225   305   986  1310
 1725     148   155   162  1013
 1726     354   347  1156  1185
 1727     897   908   920  1353
 1728    1256   702  1098  1176
 1729    1092  1062  1099  1100
 1730      82  1060  1199  1180
 1731     505   134   116  1141
 1732    1168  1015  1196  1329
 1733     290  1379   104   132
 1734     989    22   996   153
 1735     925   920   948  1123
 1736    1173  1057  1231  1298
 1737     502   439  1251  1330
 1738      44   485  1316  1340
 1739    1002  1006  1229  1363
 1740    1046  1015  1117  1121
 1741     789   794  1181  1368
 1742     631   663  1083  1296
 1743    1167  1132  1168  1187
 1744    1128  1089  1299  1305
 1745     896   890   887  1260
 1746     540  1056   404   541
 1747    1053  1132  1168  1329
 1748     969   964   960  1249
 1749     536   571    68  1223
 1750    1021  1039  1065  1256
 1751     989   345   996    22
 1752     989   153   996   670
 1753     436   407   422  1285
 1754     944   943   951  1375
 1755    1100  1208  1099  1325
 1756     653   641   656  1327
 1757     252   264   247  1154
 1758    1041  1237  1135  1104
 1759    1022  1009  1054  1079
 1760     412   413    90  1173
 1761     996   989   998   546
 1762    1010   135  1032  1276
 1763     356  1181   789   794
 1764    1076  1078  1221  1361
 1765     880  1194  1259  1321
 1766     171  1122  1367  1186
 1767    1093   391   265   191
 1768     167   228    81  1283
 1769     614   808   603  1209
 1770     192   249   210  1122
 1771     718  1136  1116  1314
 1772     148   163   126  1212
 1773      72    66    83  1238
 1774     790   823   817  1206
 1775     187   966   110  1269
 1776     942   983   318  1177
 1777    1370  1141  1107  1164
 1778      76    22   625    35
 1779     601   596   295   997
 1780     281   288  1110  1225
 1781      29  1358   485    51
 1782     665   411   640  1040
 1783     303  1000   295   997
 1784     537  1000   295   303
 1785     141  1012  1108  1313
 1786     692   438  1074  1301
 1787      33    37  1191  1241
 1788     303   997   295   596
 1789     303   596   295   537
 1790    1075  1168  1319  1368
 1791     915   511  1164  1313
 1792     137   131   158  1210
 1793    1028  1097  1214  1241
 1794    1161  1125  1254  1262
 1795    1268   766  1193  1352
 1796    1015  1075  1117  1168
 1797    1071  1052  1229  1306
 1798    1131   765  1268  1352
 1799    1005  1112  1145  1178
 1800    1151   251     7  1157
 1801     313  1246  1049  1330
 1802     944   951   527  1375
 1803     440   619   548  1222
 1804     980   318   141  1177
 1805     125   155   122  1212
 1806    1010   145  1113  1135
 1807     753   737   766  1352
 1808     726  1076  1202  1280
 1809     404   446   386  1222
 1810     361   367   315  1033
 1811     169  1265  1257  1231
 1812     365   366  1166  1242
 1813     237  1122  1219  1276
 1814    1089  1015  1196  1239
 1815     636   628  1142  1264
 1816    1048  1066  1176  1272
 1817    1132  1053  1288  1329
 1818     621  1017  1153  1308
 1819    1030  1362  1312  1147
 1820    1064   811  1131  1233
 1821     543   632   653  1213
 1822      74  1140  1054  1328
 1823     661   721  1048  1264
 1824     584  1060  1228  1273
 1825     428     0  1138  1217
 1826     268   198   279  1305
 1827     147  1331  1077   383
 1828    1120  1011  1170  1254
 1829     612  1017  1108  1153
 1830    1115  1126  1165  1149
 1831    1200  1046  1360  1378
 1832    1118  1005  1124  1307
 1833    1044  1108  1274  1357
 1834     937   947  1184  1318
 1835    1047  1062  1092  1100
 1836    1062  1047  1099  1100
 1837    1003  1091  1260  1303
 1838     141   577   956  1313
 1839     725   724  1193  1221
 1840      51   485  1340  1358
 1841    1009  1010  1135  1348
 1842    1025   109  1081  1195
 1843    1033   361  1156  1277
 1844    1125  1133  1083  1262
 1845     794  1181  1167   356
 1846      41     0   261  1283
 1847     857  1103  1204  1361
 1848    1299  1150   161  1305
 1849     365   434  1059  1166
 1850     455   180   964  1249
 1851    1191    37    52  1241
 1852     971  1108  1177  1215
 1853     633   100  1176  1272
 1854     228   167  1135  1283
 1855     606  1067  1142  1213
 1856     531   646   668  1176
 1857    1008  1004  1006  1002
 1858     479  1141   134   505
 1859     958   929   953  1318
 1860     427    39   313  1049
 1861    1000   537   991  1192
 1862    1074   679  1267  1272
 1863    1005  1004  1290  1357
 1864     629   531  1066  1176
 1865     908   902   919  1284
 1866     653   632   641  1327
 1867     495    46   494  1302
 1868     261   105    41  1283
 1869     703   100   645  1074
 1870     457   180   455  1249
 1871      60   242  1100  1325
 1872     721    63  1096  1148
 1873    1171  1028  1214  1351
 1874     976   983  1050  1177
 1875     748   751  1168  1319
 1876      68   493  1170  1223
 1877     654   153   154   637
 1878     243   248  1082  1225
 1879     490   376    24  1383
 1880      61   517   530  1097
 1881     488   475  1237  1377
 1882    1018  1095  1138  1195
 1883    1124  1039  1213  1345
 1884     349  1174   678  1327
 1885     742   713   719  1253
 1886    1245  1022  1242  1059
 1887    1064  1125  1131  1270
 1888     984   453   465  1211
 1889     973   946   952  1211
 1890     512   986   238  1310
 1891     312   201  1121  1152
 1892     187   260   279  1269
 1893     463   467   477  1346
 1894     814   808   614  1209
 1895    1111  1198  1315  1324
 1896    1348  1033  1080  1079
 1897    1015  1056  1075  1101
 1898     170    25   105  1283
 1899    1158   862   876   855
 1900    1133   652  1148  1309
 1901     803  1026  1037  1274
 1902    1048  1080  1096  1267
 1903    1258  1063  1003  1091
 1904     870   318   971  1177
 1905     792   568   780  1165
 1906     883   891   879  1232
 1907     944   568   943  1375
 1908      51    83  1238  1323
 1909    1252  1029  1343  1374
 1910    1046   620   368   566
 1911    1220   212  1100    60
 1912     516   751   748  1368
 1913     518   525  1014  1308
 1914    1123   919  1284  1353
 1915     717   843  1146  1179
 1916     696  1025   703   438
 1917     263    96  1088  1207
 1918     528   580  1360  1362
 1919     811  1131  1233  1278
 1920     212   222   213  1099
 1921    1244  1209  1258  1342
 1922    1055  1086  1131  1352
 1923     884   880  1194  1259
 1924     357     7  1140  1328
 1925    1023  1047  1154  1224
 1926     933    77    94  1315
 1927     405  1101   409   327
 1928     634   652  1148  1262
 1929    1082  1035  1092  1154
 1930     721   634  1148  1264
 1931    1336  1197  1109  1357
 1932     251   262  1157  1245
 1933     286   263   104  1088
 1934    1152   418  1189  1286
 1935     754   564  1182  1261
 1936     117  1032  1224   113
 1937     779   783   753  1352
 1938    1282  1307  1072  1115
 1939     417   423  1127  1203
 1940     911   185   885  1188
 1941     103    67    79  1097
 1942     747  1001   238   305
 1943     221   214  1130  1159
 1944     843   856   848  1146
 1945    1019  1139  1162  1175
 1946     921   338   308  1169
 1947     429   327   541  1101
 1948     645   679   664  1074
 1949     492   529   509  1105
 1950      74  1054  1285  1328
 1951     974  1071   560  1235
 1952     479  1164  1141    89
 1953     327   540   541  1101
 1954     447   383   147  1077
 1955     326   314   321  1185
 1956    1213  1118  1327  1230
 1957     379   613   369  1378
 1958     648    63   652  1309
 1959    1072  1039  1161  1254
 1960    1012  1008  1108  1370
 1961     540  1056   446   404
 1962    1086   790  1131  1352
 1963     460   484   479  1359
 1964     227   244  1343  1374
 1965    1113  1217  1283  1367
 1966    1031  1033  1166  1185
 1967     776  1126  1183  1149
 1968    1065  1142  1213  1354
 1969     290   132   135  1134
 1970     154   637    82  1093
 1971     287   216  1201  1382
 1972    1092  1047  1100  1224
 1973    1071   560  1300  1069
 1974     986   747   238   305
 1975     415  1117  1181  1286
 1976     867  1155  1346   877
 1977    1045  1076  1078  1294
 1978     469   535   580  1312
 1979     805   782   283   385
 1980     700   650   632  1354
 1981    1288  1173  1299  1057
 1982     240   253   492  1105
 1983    1022  1023  1110  1024
 1984      91  1151  1328  1079
 1985     858  1158  1204  1311
 1986    1086  1055  1137  1190
 1987     628  1354  1142  1066
 1988     666   411   627  1040
 1989     600   339   657  1267
 1990    1044  1014  1053  1317
 1991     545   872  1084  1240
 1992    1157  1022  1245  1024
 1993     764   322  1064  1175
 1994     826  1058  1112  1145
 1995    1095   228  1135  1283
 1996     485    44    51  1340
 1997     832   825   572  1145
 1998     541   404   566  1056
 1999     759  1352  1190  1143
 2000     771   536   769  1067
 2001     308   338  1089  1275
 2002      66    51  1238  1358
 2003    1025   109  1138  1094
 2004    1139   326   314  1175
 2005    1108  1026  1332  1215
 2006    1015  1089  1128  1305
 2007    1020  1080  1144  1309
 2008     546   574    22  1192
 2009     322   332   343  1175
 2010     182   931   179  1087
 2011     380   430  1180  1378
 2012     207   288  1024  1110
 2013     902   883   890  1091
 2014     154   654  1093  1199
 2015     812  1206   790  1131
 2016    1251  1246  1330  1196
 2017    1073  1016  1377  1380
 2018     246   233  1100  1224
 2019     987   637  1093  1376
 2020     586   578   741  1310
 2021     433   275   360  1059
 2022      92    27  1095  1138
 2023     471   547   922  1334
 2024     248   433  1035  1225
 2025     305  1001   238   200
 2026     853   856   851  1084
 2027     586   282    38  1310
 2028     197   183  1087  1271
 2029    1036  1136  1205  1250
 2030     605    68   493  1170
 2031     386   548   573  1228
 2032      94    78   933  1315
 2033     719  1085   307  1253
 2034      31   181  1217  1364
 2035     243   235   250  1082
 2036     425   430  1060  1199
 2037     379   448   373  1378
 2038     228  1237  1135   145
 2039     175   828  1037  1145
 2040     963   971   976  1177
 2041     558   565   545  1084
 2042    1217  1094  1364  1369
 2043     909   931  1106  1259
 2044     551   556   620  1365
 2045    1020  1019  1064  1233
 2046     529   508   509  1105
 2047     155  1013  1212  1287
 2048     672  1167  1187  1226
 2049    1090  1074  1267  1369
 2050    1155  1218  1289  1303
 2051    1043  1063  1102  1255
 2052     148   155  1013  1212
 2053    1050   963  1177  1332
 2054      47    55   172  1094
 2055     703  1025  1098  1176
 2056    1039  1142  1256  1291
 2057    1107   458  1308  1359
 2058    1023  1035  1062  1208
 2059     946   952  1211  1355
 2060     826   797  1058  1145
 2061    1184   924  1260  1284
 2062    1063  1003  1337  1282
 2063    1002  1021  1057  1068
 2064    1062  1099  1106  1188
 2065     528   390   490  1360
 2066    1120  1011  1254  1342
 2067    1189  1173   402  1299
 2068      82   637   578   406
 2069     986   512   238   732
 2070     397  1196  1239  1317
 2071     643   679   100  1272
 2072    1311  1103   857   869
 2073    1005  1178  1197  1290
 2074     908   883   902  1232
 2075     645   692   703  1074
 2076    1039  1262  1067  1264
 2077     650   691  1065  1354
 2078     478    72  1038  1344
 2079     475  1073  1237  1377
 2080      70   417  1189  1203
 2081       7  1151  1157  1140
 2082     499     6   238   236
 2083      92   444   401  1195
 2084      19  1051    10  1027
 2085     311  1314  1139   722
 2086     571   536  1067  1356
 2087    1013  1141  1212  1287
 2088    1068  1210  1247  1257
 2089     728   296   850  1158
 2090      32   483   494  1302
 2091    1375   963   976  1050
 2092     490    24   466  1147
 2093    1002  1072  1255  1282
 2094     206    17   465  1211
 2095     634   616  1262  1264
 2096     809   582   792  1037
 2097     498   269   945  1297
 2098    1363  1002  1298  1210
 2099      73    80    59  1034
 2100     747   236   238  1001
 2101    1114  1011  1120  1137
 2102      35  1199    22   154
 2103    1022  1010  1023  1024
 2104    1022  1031  1033  1166
 2105     351  1031  1166  1185
 2106    1035  1082  1160  1374
 2107      94  1229  1306  1315
 2108      46    44    32  1302
 2109      33    30  1241  1351
 2110     998   537   546  1192
 2111     525   458   518  1014
 2112    1189    70  1203  1286
 2113     571  1067  1124  1356
 2114    1123   919  1266  1284
 2115     517  1097   524   530
 2116     238   499    99     6
 2117    1039  1067  1142  1264
 2118      54  1071  1306  1323
 2119    1075  1101  1222  1263
 2120    1083  1011  1125  1262
 2121     443   359   308  1101
 2122    1325  1034    59  1207
 2123     508   535   469  1312
 2124    1008  1071  1198  1235
 2125     239  1082  1159  1092
 2126     262  1110  1157  1245
 2127     831   143  1112  1243
 2128    1099  1062  1130  1188
 2129     459  1318   958   953
 2130     885   899  1106  1321
 2131     401   444   447  1195
 2132    1071   974   560   501
 2133     255  1154   280   264
 2134    1354   628  1142   698
 2135     394  1195    92  1095
 2136     288  1023  1110  1225
 2137    1086  1125  1131  1206
 2138     250   247   256  1154
 2139    1090  1009  1369  1267
 2140     521   736   755  1197
 2141    1046  1200  1360  1382
 2142     391   203  1180  1322
 2143     305   337   225   986
 2144    1164  1012  1313  1370
 2145     429   392   327  1101
 2146    1103  1311   857  1204
 2147     123   124  1229  1363
 2148     529   492    69  1105
 2149     144  1101   540   408
 2150    1125  1055  1131  1270
 2151      17    32    14  1129
 2152     857   858  1204  1311
 2153    1194  1103  1204  1311
 2154    1363  1002  1052  1229
 2155     480  1105  1297  1312
 2156    1105  1169  1297  1312
 2157     397  1196  1246   550
 2158     857   869   858  1311
 2159     920   919   948  1123
 2160     677   648  1133  1309
 2161    1191  1028  1351  1241
 2162     500   748   751  1168
 2163    1063  1258  1003  1282
 2164     637   586   578   741
 2165     314   311  1139  1175
 2166     144   626   371  1263
 2167    1226   773  1234  1295
 2168      43    42   102  1151
 2169     407   339   658  1267
 2170    1169  1201  1269  1275
 2171     614   605   493  1170
 2172    1227   944  1218   527
 2173     183   178   941  1271
 2174     289   237   226  1219
 2175    1227  1050   951  1326
 2176    1036  1158  1194  1248
 2177     234  1150  1275  1305
 2178     643  1096  1267  1272
 2179     971   798  1108  1215
 2180     586   238    99   282
 2181     586   499    99   732
 2182     238   732    99   499
 2183     586   732    99   238
 2184    1051    29  1171  1266
 2185    1023  1059  1110  1225
 2186    1083  1011  1086  1125
 2187    1067  1039  1124  1254
 2188    1009  1054  1090  1369
 2189     931   916  1106  1271
 2190     948   919   938  1123
 2191    1213   653  1230  1327
 2192    1045  1061  1078  1361
 2193      47   428   388  1094
 2194    1025   703  1074  1176
 2195     144   440  1222  1263
 2196     220   258  1381  1382
 2197     239   223   221  1159
 2198     575   642   356  1167
 2199     137   118   131  1210
 2200     483    32  1069  1302
 2201     669   999   654  1093
 2202     884  1311   880   869
 2203    1043  1072  1161  1342
 2204    1102  1063  1171  1255
 2205    1047  1062  1099  1208
 2206     160   402   389  1173
 2207     406   284   578     3
 2208     145   228   167  1135
 2209    1115  1071  1227  1235
 2210    1104  1068  1247  1257
 2211      47   151   450  1094
 2212    1065   691  1077  1256
 2213    1073  1016  1237  1377
 2214     289   280   255  1219
 2215    1195  1372   394   444
 2216    1129  1069  1184  1334
 2217    1169   480  1297  1312
 2218    1196  1089  1239  1317
 2219    1289  1069   482  1334
 2220    1158  1194  1204  1311
 2221     859   880  1194  1311
 2222     869   880   859  1311
 2223     858   859  1158  1311
 2224    1093  1060  1199  1172
 2225    1046  1121  1180  1200
 2226     150   156  1104  1237
 2227    1075  1239  1263  1319
 2228     961   965   962  1338
 2229     760   794   789  1368
 2230     568   582  1026  1165
 2231     760   994   516  1368
 2232     506  1196   550   502
 2233    1047  1023  1219  1224
 2234     974   501  1071  1198
 2235     160   389    90  1173
 2236      71   927   353  1324
 2237     137  1210   164  1247
 2238      71   915   950  1324
 2239    1094  1301  1364  1369
 2240     963  1375   943  1332
 2241     302   756   735  1279
 2242    1031  1022  1059  1166
 2243     920  1102  1236  1353
 2244    1020  1161  1162  1348
 2245     550   502  1196  1251
 2246     433   432   244  1040
 2247     176  1054  1186  1364
 2248     214   217   194  1374
 2249     879   868  1091  1366
 2250     114  1229   123    94
 2251     536  1254  1067  1356
 2252     597   603  1120  1170
 2253     879   869   857  1103
 2254    1016  1135  1208  1255
 2255      34   194   217  1374
 2256     456   518  1308  1341
 2257    1124  1067  1254  1356
 2258    1093   669  1117  1172
 2259    1293  1357  1197  1049
 2260     820   831  1112  1243
 2261     314   321  1139  1314
 2262     605   597  1114  1170
 2263    1337  1063  1171  1284
 2264    1057  1002  1288  1345
 2265     417    70   416  1203
 2266       8   401   447  1195
 2267     232   246  1100  1163
 2268      69   269   498  1297
 2269     870   971  1108  1177
 2270     212   196  1087  1099
 2271    1008  1026  1050  1108
 2272    1142   606  1213  1354
 2273    1004  1005  1118  1307
 2274     474    79   486  1073
 2275     435    43   101  1328
 2276     255  1154   252  1224
 2277    1248  1366  1063  1045
 2278    1026  1357  1108  1008
 2279     501  1323  1302  1071
 2280      54    77   933  1315
 2281     647  1327  1230   653
 2282    1287  1007  1141  1107
 2283    1051  1123  1171  1351
 2284    1168  1187  1251  1319
 2285     701   650   700  1354
 2286      79    67    61  1097
 2287     559   568   944  1126
 2288    1128  1015  1152  1329
 2289     501  1069  1071  1302
 2290     757   750   739  1182
 2291    1377  1016  1379  1380
 2292    1160  1130   214  1159
 2293    1115  1218  1240  1303
 2294     220   203   312  1121
 2295    1008  1006  1229  1002
 2296    1064   811   800  1268
 2297    1296   660   631   667
 2298    1045  1162  1270  1342
 2299      63   648   687  1309
 2300     208   211   225  1310
 2301     824   826  1058  1112
 2302    1162  1125  1064  1270
 2303    1089   934  1014  1150
 2304    1139   326  1185   314
 2305      83   933  1306  1323
 2306     816   677   659  1133
 2307    1066  1142  1256  1354
 2308    1110  1022  1245  1059
 2309     524  1097  1214  1344
 2310     632  1065  1213  1354
 2311     139   156  1041  1247
 2312     930   924   947  1266
 2313     435    74  1285  1328
 2314     580   469  1312  1362
 2315     226   288   280  1024
 2316      53     0    41  1138
 2317     129   444   394  1265
 2318     241   171   170  1367
 2319    1114   597  1120  1170
 2320     443   359  1239  1317
 2321     202   196   183  1087
 2322     653   543  1213  1230
 2323    1011  1125  1254  1342
 2324    1155   477  1346  1349
 2325     917  1324  1111   981
 2326     190    34   204  1343
 2327     365   640   434  1166
 2328    1037  1357  1293  1274
 2329    1099  1092  1100  1130
 2330    1002  1021  1072  1345
 2331     681   669   680  1181
 2332     120   442   445  1090
 2333     318   976   971  1177
 2334    1007  1212  1006  1013
 2335    1122  1054  1022  1009
 2336     668  1066  1256  1354
 2337     649   636   616  1264
 2338     310  1085  1175   307
 2339     809  1145   175  1037
 2340    1071  1008  1002  1307
 2341     792   780   802  1292
 2342    1088  1047  1163  1325
 2343    1030  1362  1147  1360
 2344     440   371   619  1263
 2345     968   974  1235  1326
 2346     211   986   305  1310
 2347    1335   413   412  1173
 2348    1100   222  1130   233
 2349    1053  1089  1196  1317
 2350     818  1083   827  1296
 2351     923  1184  1334  1318
 2352    1252  1116  1119  1029
 2353    1146   705  1280   848
 2354     896   924   902  1260
 2355     302   735  1116  1279
 2356    1324  1164   915   950
 2357    1033  1144  1020  1277
 2358    1195  1372  1018  1095
 2359     735   758  1116  1279
 2360     317   548  1222  1228
 2361    1024  1022  1122  1140
 2362     176   210   188  1186
 2363     184   911   297  1271
 2364     557   558   851  1179
 2365    1316  1171  1337  1340
 2366    1063  1003  1091  1284
 2367     144   440   446  1222
 2368    1089  1015  1275  1305
 2369     760   789  1172  1368
 2370     823  1086  1206  1083
 2371     367  1185   351  1166
 2372     492  1105   130   240
 2373    1052  1238  1255  1344
 2374    1020  1064  1125  1233
 2375     135   136   290  1032
 2376     960  1051  1266  1320
 2377    1003  1115  1258  1303
 2378    1135  1043  1161  1348
 2379     157   136   135  1276
 2380    1316  1337  1302  1340
 2381     797   826   832  1145
 2382     849  1084   853   851
 2383    1163  1032  1224  1047
 2384     757   739   759  1182
 2385    1337  1238  1340  1358
 2386     582   568   792  1165
 2387    1218  1349  1155  1289
 2388    1082   250   239   235
 2389     723   952   538   957
 2390     584   573  1060  1365
 2391     474   121   103  1073
 2392     174   590  1124  1243
 2393     620   556   489   613
 2394     920   925  1102  1123
 2395    1017  1107  1308  1359
 2396     583   751  1281  1319
 2397     564  1179  1202  1294
 2398     852  1361  1221  1078
 2399     574   593   378  1192
 2400      17    14    13  1129
 2401     419   657   679  1267
 2402     894   895  1289  1334
 2403     573  1056  1228  1365
 2404     640   365   366  1166
 2405    1070   564  1261  1294
 2406    1171  1316  1284  1266
 2407     847  1221  1361  1371
 2408     904   886   893  1205
 2409     716  1136   718  1314
 2410     640   351   686  1166
 2411     239   235   223  1159
 2412     986   211   238  1310
 2413     556   551   369  1365
 2414    1091  1260   902  1284
 2415     337   986   512  1310
 2416    1030  1046  1360  1382
 2417    1268  1193  1270  1352
 2418     536  1254  1356  1223
 2419     361    11   683  1277
 2420     660  1067  1254  1262
 2421     969   947   958  1320
 2422      11  1079   651  1277
 2423    1128   216  1201   274
 2424     439   835  1251  1330
 2425    1100  1208  1325  1047
 2426     142  1059  1110  1245
 2427    1032  1010  1047  1088
 2428    1214  1028  1241  1351
 2429     926   178   297  1271
 2430     263   254    96  1207
 2431     494   483   501  1302
 2432     760   670   994  1172
 2433     458   487  1308  1359
 2434    1003  1260  1289  1303
 2435     179   931  1027  1087
 2436     151   109  1094  1138
 2437    1299  1089  1150  1305
 2438     709   724   725  1221
 2439    1144  1019  1233  1156
 2440    1323   933   494   495
 2441     919   908  1284  1353
 2442     333   666   325  1040
 2443    1067   685  1142  1264
 2444     191   391   284  1093
 2445     377   613   379  1378
 2446     787   783   817  1086
 2447     397   506   626  1239
 2448      32   483  1069  1129
 2449     202  1087  1191  1220
 2450    1042  1021  1057  1345
 2451     799   806   811  1233
 2452     485    28  1350  1320
 2453      34   190  1029  1343
 2454    1379  1207  1016  1088
 2455     783   790  1086  1352
 2456     429   566  1030  1101
 2457    1041  1052  1068  1255
 2458    1045  1043  1063  1248
 2459     343   332  1019  1175
 2460     425    76   154  1199
 2461    1058   824  1216   815
 2462     197  1087  1099  1271
 2463     445  1364   120  1090
 2464    1286  1322   355   415
 2465    1011  1086  1137  1296
 2466     136   133  1032  1276
 2467    1266  1350   485  1316
 2468     466   469   509   528
 2469     874   894   877  1346
 2470     686   351   344  1185
 2471    1120   603  1209  1170
 2472     554  1069  1129  1334
 2473     272   231  1128  1299
 2474    1021  1065  1077  1256
 2475    1018  1094  1138  1283
 2476     935   582   803  1026
 2477    1046  1228  1075  1056
 2478    1094  1025  1301  1369
 2479     704   813   729  1230
 2480       9  1042  1065  1331
 2481    1234  1290  1167  1226
 2482     526   486   478  1073
 2483     808   594  1209  1244
 2484      94    95    78  1306
 2485     181  1186  1217  1364
 2486    1209  1183  1244  1258
 2487      90   160  1173  1231
 2488     245  1006  1057  1298
 2489     465   973   984  1211
 2490    1007  1212  1111  1006
 2491    1031  1019  1139  1162
 2492     661   629  1048  1272
 2493    1074  1176   100  1272
 2494     947   960  1266  1320
 2495     440   619  1222  1281
 2496     555   625  1199  1273
 2497     680   681  1181  1347
 2498    1140  1186   176  1054
 2499     758   745   735  1116
 2500      34   217  1343  1374
 2501    1145  1293  1037  1197
 2502     633   607   643  1272
 2503     254  1325    59  1207
 2504     694   695   681  1347
 2505     902  1232  1091  1284
 2506     844   854   296  1158
 2507     729   704  1118  1124
 2508    1103   869  1194  1236
 2509    1303   887  1260   895
 2510     864   234   470   777
 2511     547  1129  1355  1334
 2512    1064   764  1175  1253
 2513     406   284  1093  1333
 2514     629   633  1066  1272
 2515    1271   939   916   926
 2516    1018  1025  1081  1195
 2517    1081   673  1098  1256
 2518    1228  1046  1075  1117
 2519     446  1263  1222  1101
 2520    1162  1125  1270  1342
 2521     780  1126  1149  1165
 2522     149   158  1210  1298
 2523    1040   244  1252  1343
 2524    1162  1085  1204  1270
 2525    1042  1203  1304  1339
 2526     909   916   910  1106
 2527    1087  1027  1099  1106
 2528    1314   745   311   314
 2529     909   931   916  1106
 2530     802   815  1058  1216
 2531    1068  1041  1104  1247
 2532     308  1101  1169  1275
 2533     891   869   879  1103
 2534    1089  1015  1101  1275
 2535     994  1172  1273  1368
 2536      17   483    32  1129
 2537      98   181    31  1364
 2538    1211   984   952   973
 2539      98   146   176  1364
 2540     823  1086  1083   817
 2541    1059    75  1242  1245
 2542     190   912    34  1029
 2543    1014  1017  1107  1308
 2544     619   440  1263  1281
 2545     290  1379  1088   104
 2546     743  1202   739  1182
 2547     982   921   338   308
 2548    1247  1237   156  1041
 2549     277   133   136  1276
 2550     894   895  1155  1289
 2551     152   234   161  1150
 2552    1055  1011  1137  1120
 2553     696  1025  1098   703
 2554    1374   227   223   217
 2555     659   652   635  1133
 2556    1197   734  1226  1290
 2557     772   780  1126  1149
 2558    1054  1140  1151  1328
 2559     818   784   787  1137
 2560     475   121   474  1073
 2561    1017  1044  1153  1341
 2562    1042     9  1065  1304
 2563    1200  1360  1382  1383
 2564     216   220  1121  1382
 2565     980   318  1177  1373
 2566     285   192   210  1140
 2567     894  1155  1346  1349
 2568     976  1375   951   943
 2569    1071  1008  1227  1235
 2570    1323  1302  1337  1340
 2571    1012  1008  1050  1108
 2572     646  1098   696   702
 2573     147   691   673  1256
 2574    1084  1258  1061  1070
 2575    1053  1128  1299  1329
 2576     191   284  1333  1376
 2577     866   298   718  1116
 2578     616   635   634  1262
 2579     461   906   467   462
 2580    1379   290  1088  1134
 2581     558   576   565  1070
 2582     349  1174   642   678
 2583     661   629   649  1264
 2584    1112   143  1178  1243
 2585     344   351   347  1185
 2586     809  1145  1037   797
 2587    1196  1168  1251  1319
 2588     634   649   616  1264
 2589     185   892   885  1188
 2590    1124  1005  1216  1307
 2591     413   129    90  1231
 2592     641  1065  1304  1327
 2593    1019  1031  1033  1162
 2594     197   183   196  1087
 2595     343  1019  1064  1175
 2596    1006   245  1057  1299
 2597     775  1240   762   565
 2598     915   491   950  1164
 2599     485    44  1316  1350
 2600     395   623  1044  1153
 2601     422   435   436  1285
 2602    1140     7  1151  1328
 2603    1115  1072  1183  1307
 2604    1054  1009  1113  1369
 2605      96    93  1379  1380
 2606     544   553   467  1346
 2607    1007  1141  1370  1111
 2608    1132  1167  1181  1347
 2609    1052  1002  1255  1282
 2610    1072  1043  1258  1342
 2611     559   561  1126  1218
 2612      55   172  1094  1364
 2613    1057  1127  1173  1335
 2614     297  1188  1271   911
 2615    1074  1096  1272  1267
 2616      77   981   917  1315
 2617    1076  1143   726  1202
 2618     159   150   165  1104
 2619      63   687  1080  1309
 2620    1268   766   774  1193
 2621     656  1347  1304   695
 2622     279   234  1269  1305
 2623    1198  1326  1008  1235
 2624    1089   934  1275   338
 2625    1211   928  1129   929
 2626     621  1341  1153   456
 2627    1020  1019  1033  1162
 2628    1018  1256  1021  1081
 2629     930  1284  1266   919
 2630     789   669   670  1172
 2631    1133   635   837  1083
 2632     947   924  1184  1266
 2633      72  1306    83    95
 2634     612   577   970  1108
 2635    1271   932   939   182
 2636    1102  1063  1236  1353
 2637     124  1052    95  1229
 2638     656     9   695  1304
 2639     309   300   199  1119
 2640     198   268  1128  1305
 2641     634   635   652  1262
 2642     635  1083  1133  1262
 2643    1234  1290  1295  1174
 2644     272   245   231  1299
 2645     254    59    80  1207
 2646     790  1086  1131  1206
 2647     170  1113  1283  1367
 2648     565   775  1183  1258
 2649    1099  1106  1188  1271
 2650     923  1184   918  1334
 2651     407   424   339  1090
 2652    1256   702   701  1098
 2653    1318  1320   947  1350
 2654     160    90   169  1231
 2655     169    90   129  1231
 2656     606   769  1067  1213
 2657     434   433   360  1059
 2658    1022  1009  1079  1348
 2659     725   737   739  1143
 2660     139   119   118  1041
 2661     851   558   545  1084
 2662     139   118   137  1210
 2663    1248  1366  1045  1103
 2664    1288  1053  1299  1329
 2665    1084  1091  1258  1303
 2666    1044   623   611  1153
 2667     395  1317   363   336
 2668     213   209  1099  1130
 2669     848  1179  1146   856
 2670     384   391   203  1180
 2671    1168   500  1187  1319
 2672     463   905   471   452
 2673     875   872   890  1303
 2674     972   952   539   453
 2675    1138    92   431  1195
 2676     936   952   538   723
 2677    1267  1009  1369  1074
 2678    1072  1115  1258  1282
 2679    1203  1042  1304  1331
 2680     897   920  1236  1353
 2681     906   905   889   913
 2682     279  1201  1305  1269
 2683     453   957   539   972
 2684     377   490   390  1360
 2685     984   952   972   977
 2686     870   971   798  1108
 2687     977   957   453   972
 2688     972   952   453   977
 2689    1213  1065  1327  1345
 2690    1289   547  1334   482
 2691     894   901   922   905
 2692    1043  1063  1255  1282
 2693     430    82   406  1180
 2694     976   870   318   971
 2695     407  1079  1090  1267
 2696     171   241  1186  1367
 2697     256   250  1154  1225
 2698     544   873   467   461
 2699     129  1372   413   444
 2700    1218  1115  1300  1303
 2701    1210   139  1041  1247
 2702     194   912   185  1205
 2703    1255  1337  1358  1238
 2704    1020  1080  1291  1348
 2705     343   799  1064  1233
 2706     906   913   463   462
 2707    1105   492   130   509
 2708     946  1129  1355  1211
 2709     720   564  1179  1202
 2710    1201  1269  1275  1305
 2711      80    96   254  1207
 2712    1095  1104  1265  1372
 2713    1031  1208  1035  1348
 2714     641   632  1065  1327
 2715    1257  1104     1   165
 2716    1293   828  1145  1037
 2717    1036  1102  1208  1248
 2718     240   287  1105  1147
 2719     355   418  1152  1286
 2720    1187  1053  1196  1336
 2721     526  1038  1041  1073
 2722    1067  1039  1142  1213
 2723    1359   468  1017  1313
 2724     797   826  1058  1292
 2725     230   105  1217  1367
 2726    1006  1004  1053  1288
 2727    1093  1180  1117  1322
 2728    1208  1027  1106  1099
 2729     366  1033  1166  1242
 2730     581   591  1120  1261
 2731     557   576   558  1070
 2732      50   112   111  1379
 2733     203   320  1121  1322
 2734    1326   942   983   353
 2735     161   198   231  1305
 2736     444   414  1077  1335
 2737     167  1113  1135  1283
 2738     913   905   463   452
 2739     778  1190  1137  1261
 2740     873  1346   889   871
 2741    1184   947  1266  1350
 2742     765   779   766  1352
 2743    1159  1062  1082  1160
 2744      54   981    77  1315
 2745     960   961  1051  1338
 2746    1146   727  1202  1280
 2747    1347   656  1327   694
 2748    1381  1200   380  1180
 2749    1046  1060  1228  1365
 2750     744   762  1126  1240
 2751     937   924   914  1184
 2752     217   227  1343  1374
 2753     500    58  1187  1319
 2754     701   691   650  1354
 2755     987   337  1310  1376
 2756    1134    50  1377  1379
 2757     808  1183  1209  1216
 2758    1128   216   274  1121
 2759     446  1263   144  1222
 2760    1002  1004  1288  1345
 2761     443   359  1101  1239
 2762    1056  1030   566  1101
 2763      19  1051  1027   949
 2764     794   500  1167  1168
 2765     889   906   463   467
 2766     642  1347   356  1167
 2767     920   919  1123  1353
 2768     581   564   754  1261
 2769     889   913   463   906
 2770    1072  1124  1216  1307
 2771    1129    14  1318  1350
 2772     836   794   500  1167
 2773     361   367  1033  1156
 2774    1104  1068  1265  1372
 2775    1130  1062  1160  1188
 2776     367   366  1033  1166
 2777     543   771   606  1213
 2778    1161  1043  1162  1348
 2779    1079  1009  1080  1348
 2780     889   905   463   913
 2781    1004  1002  1008  1307
 2782     901   874   894   877
 2783     946  1129  1211   928
 2784     889   874   871  1346
 2785     870   798   577  1108
 2786     888   298   886  1205
 2787    1069  1003  1289  1300
 2788    1229   114  1111  1315
 2789    1197  1005  1290  1357
 2790    1197   788  1226   736
 2791     930  1284   919   924
 2792    1065  1042  1304  1327
 2793    1198  1071  1229  1306
 2794    1005  1124  1216  1243
 2795    1007  1014  1107  1287
 2796     311   332   316  1175
 2797    1255  1337  1238  1282
 2798     994   996   625  1172
 2799     317   584  1228  1273
 2800     443   308  1089  1101
 2801    1184  1266  1316  1350
 2802    1209  1072  1258  1342
 2803      40    20    33  1191
 2804     431   109  1138  1195
 2805     566   580  1030  1360
 2806     239   229  1092  1159
 2807     173   245   168  1006
 2808     866   298  1116  1205
 2809     538   723   452   936
 2810     905   936   452   913
 2811     581   754   591  1261
 2812     180  1338  1249    15
 2813     591   754   778  1261
 2814    1229  1198  1306  1315
 2815    1109   788  1197  1330
 2816     183   182  1087  1271
 2817     844   296  1085  1158
 2818     699   648   677  1309
 2819    1026  1108  1332  1050
 2820    1218  1115  1240  1126
 2821     923  1184  1318   918
 2822    1203  1132  1286  1347
 2823     517    56    48  1241
 2824    1360  1365  1378  1046
 2825     257  1140   192   285
 2826      29    18  1051  1351
 2827     935   803   585  1026
 2828    1043  1002  1072  1255
 2829    1129   923   928  1334
 2830     959   953   929  1318
 2831    1007  1229  1006  1111
 2832     424   697   339  1267
 2833    1203  1304  1339  1347
 2834     882   639   873   712
 2835     907   887   895  1260
 2836     882   544   873   639
 2837    1054  1113  1122  1186
 2838     929   959  1129  1211
 2839     437  1094    47   450
 2840     105   261  1217  1283
 2841      16   272   201  1152
 2842    1188  1099   197  1130
 2843    1125  1011  1254  1262
 2844     906   451   462   461
 2845     212    60   242  1100
 2846    1176  1074   100   703
 2847     536   660  1067  1223
 2848     815  1292   802  1058
 2849     564   581   576  1261
 2850     713  1371   724   844
 2851     931   925   949  1027
 2852     878  1303   872  1155
 2853     890   872   887  1303
 2854    1080  1009  1291  1348
 2855    1132  1181  1286  1347
 2856     873   544   871   639
 2857     873   639   871   712
 2858     639   544   871   740
 2859     656  1347  1327  1304
 2860     715   863   871   712
 2861     874   863   871   715
 2862     715  1346   871   874
 2863     715   639   871   740
 2864     712   639   871   715
 2865     320   355   418  1152
 2866     222   213  1099  1130
 2867     906   873   467   889
 2868     906   461   467   873
 2869     145   157  1010  1113
 2870      26   610   801  1114
 2871      83    78   933   495
 2872     212  1220  1100  1099
 2873     606   632   543  1213
 2874    1238    51  1323  1340
 2875    1004  1002  1307  1345
 2876     194    34  1029  1374
 2877    1086  1083  1125  1206
 2878    1125  1278  1206  1133
 2879     704   729  1118  1230
 2880    1085   719   307   296
 2881    1167  1132  1339  1347
 2882     536   571  1223  1356
 2883     171   249  1122  1186
 2884     472    18   457  1249
 2885     539   554  1211  1355
 2886     185   892  1188  1205
 2887     729   730  1178  1295
 2888    1347   642   356   694
 2889    1012    71   980  1373
 2890    1043  1208  1248  1348
 2891      41    27    53  1138
 2892    1131   816  1206  1278
 2893     935   963   943  1332
 2894     104   112   132  1379
 2895     821   342   335  1156
 2896     981    54  1198  1315
 2897    1053  1004  1132  1288
 2898    1168   748  1319  1368
 2899     410   333   330  1040
 2900    1239   443  1089  1101
 2901     510   487  1017  1308
 2902     119   526  1041  1073
 2903     369   613  1365  1378
 2904     646   531   633  1176
 2905     812  1206   816   807
 2906     397   626   359  1239
 2907       7    43  1151  1328
 2908    1288  1004  1339  1345
 2909    1052    72  1238  1344
 2910     621   612   609  1153
 2911     320    16   312  1152
 2912     447   444   414  1077
 2913     172   428  1094  1217
 2914    1130  1160   214   194
 2915     671   638   688  1079
 2916    1232  1063  1284  1353
 2917     705  1146  1280   710
 2918     458   487   518  1308
 2919     794   748  1168  1368
 2920     824   820  1112  1216
 2921     963   976  1050  1177
 2922     585  1026  1215  1332
 2923     182   931  1087  1271
 2924    1070  1045  1244  1258
 2925    1350  1266   485  1320
 2926     949    19   179  1027
 2927     896   887   907  1260
 2928     337   225   986  1310
 2929    1149  1183  1216  1307
 2930     697   424  1090  1267
 2931    1095  1372  1135  1104
 2932    1019  1139   326  1185
 2933    1037  1005  1058  1145
 2934    1010  1009  1022  1348
 2935    1007  1229  1111  1008
 2936     338   308  1169  1275
 2937     119   139   475  1041
 2938     791  1114   819   796
 2939      73    56    67  1034
 2940     916   297   910  1271
 2941    1019   343  1064  1233
 2942     774   795   765  1268
 2943      64    27    41  1095
 2944     440   548   386  1222
 2945    1257   156     1   164
 2946      28    32    44  1350
 2947    1058  1005  1112  1145
 2948     576   557   564  1070
 2949     835   439   788  1330
 2950     475   474   119  1073
 2951    1282  1071  1300  1337
 2952      12   695     9  1304
 2953    1241    56    52  1034
 2954    1086  1055  1190  1352
 2955     924   896   914   907
 2956     378   106   574  1192
 2957    1055  1120  1137  1261
 2958    1151    91    42  1079
 2959    1085  1204  1270  1371
 2960     740  1155  1346   733
 2961    1125  1161  1254  1342
 2962    1062  1036  1160  1188
 2963    1012  1008  1111  1198
 2964    1018  1256  1291  1021
 2965     544   740   553  1346
 2966     263    96   104  1088
 2967     449   682   697  1301
 2968    1009  1135  1291  1348
 2969    1135  1161  1291  1348
 2970    1165  1008  1227  1307
 2971    1014  1053  1089  1150
 2972     836  1187  1167   500
 2973     684   675    57  1080
 2974    1320   969   454   459
 2975     393  1381   380   420
 2976     318   870   141  1177
 2977     673   701  1098  1256
 2978    1253  1064  1268  1270
 2979     752   852  1221  1280
 2980    1046  1060  1117  1228
 2981    1261   576  1070  1244
 2982     854   844   858  1158
 2983    1005  1058  1216  1307
 2984     526   478  1038  1073
 2985    1209   614  1216  1356
 2986     575   678   642  1174
 2987     576   581  1244  1261
 2988    1136   716   718   866
 2989     169  1265     1  1257
 2990    1028  1027  1220  1191
 2991    1011  1114  1223  1296
 2992    1019  1020  1064  1162
 2993     106   364   345  1192
 2994     402  1128   272  1152
 2995     333   319   330  1040
 2996     213   219   209  1130
 2997     268   216   274  1201
 2998     793   317  1222  1228
 2999     884   903   880  1259
 3000    1309  1278  1020  1133
 3001    1031  1029  1116  1252
 3002     547  1129   554  1355
 3003     612   621  1017  1153
 3004     321   344   326  1185
 3005     708   717   843  1146
 3006    1183  1216   785  1149
 3007    1012  1108  1313  1370
 3008     635  1133   837   659
 3009     751   500  1168  1319
 3010    1042  1021  1065  1077
 3011    1198   981  1315  1324
 3012    1021  1043  1135  1255
 3013     214  1160  1374   194
 3014     818   787  1086  1137
 3015    1035  1031  1166  1252
 3016     971   967  1215  1332
 3017     819  1114  1137  1296
 3018     985   964  1249  1338
 3019     138   244  1040  1343
 3020     579   328   346  1192
 3021    1177   971  1215  1332
 3022    1009  1018  1025  1291
 3023     239   229   247  1092
 3024    1170   614  1209  1356
 3025     788   439    39  1330
 3026      43   435   422  1328
 3027     118   131  1210  1363
 3028      93   112    96  1379
 3029     859   855   854  1158
 3030     695   399   681  1347
 3031    1069  1129  1184  1350
 3032     423  1335   414  1127
 3033     733   740   715  1346
 3034      46    51    44  1340
 3035     535   480  1169  1312
 3036    1145  1293  1197   521
 3037    1127  1189  1203  1288
 3038     887   872   878   895
 3039     384  1381   220   258
 3040    1015  1117  1152  1329
 3041      10   979   177  1338
 3042     771   704  1213  1230
 3043     903   897   920  1236
 3044    1158   876  1321   855
 3045     118   124   131  1363
 3046    1209  1072  1254  1356
 3047     931   925  1027  1102
 3048     261     0  1217  1283
 3049     591   778  1137  1261
 3050     331   306  1119  1279
 3051     369   613   556  1365
 3052    1190  1182   778   757
 3053     432   433   434  1040
 3054    1011  1055  1086  1125
 3055    1118  1178  1290  1295
 3056     626   408  1239  1263
 3057    1182  1190   778  1261
 3058    1028  1344  1171  1214
 3059    1151   251  1157  1245
 3060     338   934   525  1014
 3061    1288  1173  1057  1127
 3062     690   833   827  1296
 3063     933  1323   494    54
 3064    1028  1038  1255  1344
 3065     759   757  1182  1190
 3066    1118  1005  1178  1243
 3067    1080  1033  1277  1079
 3068     297  1188   911   910
 3069     829  1083  1206  1133
 3070     409  1239   408  1101
 3071    1121  1381  1180  1382
 3072    1022  1023  1035  1059
 3073     479  1164  1359  1141
 3074    1019  1031  1139  1185
 3075     731   836  1226  1234
 3076     937   914   918  1184
 3077     820   831   824  1112
 3078     823  1086   817  1206
 3079    1010  1032  1219  1276
 3080    1260   895  1289  1303
 3081     734  1197  1226   736
 3082     724  1085  1371   713
 3083    1108   975  1274  1215
 3084     759   739   753  1143
 3085    1118  1327  1339  1345
 3086     204   217   227  1343
 3087    1125  1020  1233  1278
 3088    1011  1055  1125  1342
 3089     641   650   691  1065
 3090    1008  1012  1111  1370
 3091    1065  1042  1077  1331
 3092     406   380   430  1180
 3093    1068  1231  1265  1372
 3094     816   659   829  1133
 3095     900   195   199  1343
 3096    1085   719   713  1253
 3097     529   480  1105  1297
 3098     739   737   753  1143
 3099    1092   233  1100  1130
 3100    1188  1036  1250  1321
 3101     788   672  1109  1226
 3102    1238    83  1306  1323
 3103    1041  1016  1255  1135
 3104    1149   780  1165  1292
 3105       1  1104  1265     4
 3106      37    40    33  1191
 3107      87   406   284  1180
 3108     904   888   886  1205
 3109     298   866   886  1205
 3110     597   591  1114  1120
 3111     777   921   945  1297
 3112     228  1095  1135  1104
 3113      10   961    19   979
 3114    1069    32  1129  1350
 3115    1086   818  1137  1296
 3116     847   861   857  1361
 3117     547   471   922   452
 3118     493   614  1170  1356
 3119     905   452   922   471
 3120     905   936   922   452
 3121    1011  1083  1086  1296
 3122    1178  1005  1197  1145
 3123    1296   660   667  1011
 3124     133   289  1219  1276
 3125    1231  1057  1335  1372
 3126     409  1239   359   408
 3127     152  1013  1287  1150
 3128    1167  1109  1226  1290
 3129     101    74  1140   285
 3130     953    14    13   459
 3131     418    16   320  1152
 3132     331   756   306  1279
 3133    1051   960  1249  1320
 3134     507  1214  1241  1351
 3135     180  1338    15   985
 3136      26   801   830  1114
 3137    1072  1183  1209  1258
 3138     148   126   123  1212
 3139     891   897   884  1236
 3140      12   416   399  1203
 3141     577   141   870  1108
 3142     157  1010  1113  1276
 3143    1118   729  1178  1295
 3144    1140   357   257  1157
 3145     342   806   343  1019
 3146    1296   660  1011   631
 3147     298  1029  1205   888
 3148    1043  1161  1162  1342
 3149     163   173  1006  1013
 3150     982  1169   515  1297
 3151     310  1085   307   296
 3152     418    16  1152  1189
 3153    1170  1209  1254  1356
 3154    1021  1018  1077  1372
 3155     526  1052    72    95
 3156    1034    80  1380    73
 3157    1064  1085  1162  1270
 3158     221   219   229  1159
 3159     220   384   203  1180
 3160     135   136  1032  1276
 3161     857   858   844  1204
 3162    1322  1286  1152  1117
 3163     222   232   246  1100
 3164     987  1310  1333  1376
 3165     852   848  1078  1280
 3166     934   523  1014  1150
 3167    1063  1043  1258  1282
 3168     730   693   773  1295
 3169    1055  1143  1270  1294
 3170     263   232   242  1163
 3171    1061   861  1361  1366
 3172       9   641  1065  1304
 3173     738   749   774  1253
 3174      44  1302  1316  1350
 3175    1250   886   866  1205
 3176     109  1025  1081  1098
 3177     876   855   859  1321
 3178    1021  1042  1065  1345
 3179    1096   688  1080    57
 3180     173   245  1006  1299
 3181     590   174   143  1243
 3182     852   752   848  1280
 3183     429   535  1169  1312
 3184    1178   734  1197  1290
 3185    1066   668  1256  1176
 3186     357  1140   257   285
 3187     211   282   238  1310
 3188     344   348   326  1185
 3189     407   436   424  1090
 3190    1002  1006  1057  1288
 3191    1127  1042  1331  1335
 3192     485  1171  1316  1340
 3193    1193  1143  1270  1352
 3194     244   138   227  1343
 3195    1103  1063  1236  1248
 3196    1143   759  1182  1190
 3197     367  1185  1166  1033
 3198     359   397  1239  1317
 3199     493  1170  1223  1356
 3200      28   459   454    14
 3201     123   114   122  1212
 3202     234   161  1150  1305
 3203     799   800  1064  1233
 3204    1017  1107  1359  1370
 3205     523   464  1107  1287
 3206      82   154  1093  1199
 3207     109   431     8  1195
 3208    1006  1212  1229  1363
 3209     243   223   235  1082
 3210    1288  1173  1189  1299
 3211    1171  1337  1340  1358
 3212     222  1100  1130  1099
 3213     576   775   565  1070
 3214     168   245   160  1298
 3215     213   222   233  1130
 3216     668   702  1256  1176
 3217     437  1094  1301    47
 3218     338   525   443  1341
 3219     509   130  1105  1362
 3220     685   616   636  1264
 3221    1011   631  1083  1296
 3222     775   565  1070  1258
 3223     245   402  1173  1299
 3224     885  1188  1250  1321
 3225     101    43     7  1328
 3226     951  1227   527  1375
 3227     704  1124  1213  1230
 3228     984  1211   952   453
 3229    1150  1089  1275  1305
 3230     148  1006  1212  1013
 3231    1013  1006  1053  1299
 3232    1057  1021  1335  1372
 3233     415   999  1117  1322
 3234     690   830   833  1296
 3235     147   673  1081  1256
 3236     229   219  1130  1159
 3237     823  1083   829   837
 3238    1129   923   929   928
 3239    1082   223  1159  1374
 3240     827   663   690  1296
 3241     209   197  1099  1130
 3242    1244  1045  1294  1342
 3243     938   961   948  1051
 3244    1063  1123  1171  1284
 3245     876   885   881  1250
 3246    1360  1147  1382  1383
 3247    1114    68  1170  1223
 3248     881   885   892  1250
 3249     620   556   613  1365
 3250     881   892   893  1250
 3251     942   318   980  1373
 3252     413  1231  1335  1372
 3253     430  1060  1180  1378
 3254     868   883   879  1091
 3255    1075  1015  1101  1239
 3256    1218   481  1289  1300
 3257     616   685  1067  1264
 3258     288   256  1154  1225
 3259     201   274  1121  1128
 3260     865   876  1136   862
 3261     391  1180  1093  1322
 3262    1306  1052    72  1238
 3263     223   217  1159  1374
 3264     214  1160  1159  1374
 3265     658    91   422  1079
 3266     287   216   268  1201
 3267     205   319   199  1343
 3268    1183  1115  1240  1258
 3269     485  1171  1266  1316
 3270    1013  1150  1299  1053
 3271     459  1318    28   958
 3272     459  1318   953    14
 3273     892  1188  1205  1250
 3274    1130  1062  1159  1160
 3275    1256  1142  1065  1354
 3276     138   319   205  1343
 3277    1250   886  1205   893
 3278    1310  1376   208  1333
 3279     715   874   867  1346
 3280     885   911   910   297
 3281    1121   320  1152  1322
 3282     876   865  1136  1250
 3283    1089  1053  1128  1299
 3284    1326   353  1324  1373
 3285     964   947   969   960
 3286    1083   823   829  1206
 3287      12   416  1203  1331
 3288    1115  1218  1227  1126
 3289    1005  1004  1118  1290
 3290    1111   950  1164  1324
 3291     952   539   453  1211
 3292     479  1107  1141  1359
 3293    1057   245  1173  1299
 3294     443   525   456  1341
 3295    1180   391  1093   284
 3296    1030   429  1101  1169
 3297     728   862  1136  1158
 3298    1002  1021  1068  1255
 3299     506  1196  1319  1239
 3300    1037  1058  1165  1292
 3301     420   380    87  1180
 3302    1182  1055  1190  1261
 3303     391  1093   265  1322
 3304     892   885  1188  1250
 3305      48  1351   507  1241
 3306     391   265   355  1322
 3307     893   892  1205  1250
 3308     865   876   881  1250
 3309    1188  1036  1205  1250
 3310    1136   865   866  1250
 3311     865  1136   716   862
 3312     969   459   455   454
 3313    1102  1063  1123  1171
 3314    1337  1316  1302  1069
 3315      87   380   406  1180
 3316     260   253  1105  1269
 3317     116  1111  1141  1212
 3318    1266   947  1320  1350
 3319      10    30    33  1351
 3320      95    94  1229  1306
 3321     821   342  1156  1233
 3322     227   138   205  1343
 3323     978  1211   465    13
 3324      10    19  1027  1191
 3325    1031  1162  1208  1348
 3326     560  1071  1300  1235
 3327      48  1351  1241    30
 3328     891  1103  1232  1236
 3329     472    18  1249  1320
 3330    1338  1051  1249    18
 3331    1026  1165  1227  1375
 3332     661   649   634  1264
 3333     245   168  1006  1298
 3334     813   543   647  1230
 3335     116   114  1111  1212
 3336    1212  1007  1141  1013
 3337     157  1010   135   145
 3338     838  1371  1221   844
 3339      13   953   978   959
 3340     156   165  1104  1247
 3341     672   835   788  1109
 3342    1053  1089  1128  1329
 3343     284   578     3  1333
 3344     337   225  1310  1376
 3345    1027  1208  1106  1102
 3346    1200  1180  1381  1382
 3347      24   376   400  1383
 3348     466   490  1147  1362
 3349     688  1096   520   662
 3350     681  1117   669  1181
 3351    1017  1107  1007  1014
 3352     378   593   107  1192
 3353     632   653  1213  1327
 3354    1161  1148  1264  1291
 3355     179   931   949  1027
 3356    1062  1036  1106  1208
 3357     284   406  1093  1180
 3358    1346   715   871   740
 3359    1031  1116  1136  1314
 3360     196   212   213  1099
 3361     515  1169   480  1297
 3362    1307  1357  1026  1008
 3363     591   791   796  1137
 3364     481  1227  1235  1300
 3365     797   792   802  1292
 3366    1383  1362  1147   490
 3367     636   649   628  1264
 3368     709   707   724  1221
 3369    1056  1075  1222  1228
 3370     197   196   209  1099
 3371     256   248   243  1225
 3372     945   921   982  1297
 3373    1117   789  1181  1368
 3374    1060   624   425  1199
 3375    1271   939   926   182
 3376    1246  1049  1330  1336
 3377     566   541  1056  1101
 3378    1061  1045  1070  1258
 3379     741   732   586  1310
 3380     959    13  1129  1211
 3381    1025  1009  1048  1074
 3382    1281  1075  1319  1368
 3383     443  1239  1089  1317
 3384    1136   728  1139  1314
 3385     351   640   366  1166
 3386     578   637   741  1333
 3387    1046  1075  1015  1056
 3388    1301  1090  1364  1369
 3389     675  1080  1144  1277
 3390     649   629   628  1264
 3391     529    69   498  1297
 3392     286   270   263  1163
 3393    1048   721  1096  1148
 3394     589   975  1215  1274
 3395     114  1229  1212   123
 3396     477   463  1346  1349
 3397     821   806   342  1233
 3398      90  1335  1173   413
 3399     897   903   884  1236
 3400     194   185  1188  1205
 3401    1056  1030  1046   566
 3402    1099  1087  1106  1271
 3403     446   144  1101   540
 3404    1024   226  1122  1219
 3405    1194   859  1311  1321
 3406     288  1154   280  1023
 3407    1198    54  1306  1315
 3408     130   240  1105  1147
 3409     644   520   643  1096
 3410     248  1035  1082  1225
 3411     117   113   133  1032
 3412     281   248   256  1225
 3413    1055  1137  1190  1261
 3414     438   450   696  1098
 3415    1181  1132  1286  1329
 3416     806   821   822  1233
 3417     282   211   208  1310
 3418     934  1089  1014   338
 3419     192  1122  1140  1157
 3420     376   490   377  1383
 3421     321   314  1139  1185
 3422     403   425   448  1060
 3423     234   470   777  1269
 3424     779   753   766  1352
 3425    1006  1004  1007  1053
 3426      46  1302  1323  1340
 3427     623  1049  1044   611
 3428    1347  1174  1327  1339
 3429    1068  1210  1052  1041
 3430     229   219   233  1130
 3431     891  1353   908   897
 3432     275   281   262  1110
 3433     468   511  1313  1359
 3434    1053  1014  1089  1317
 3435    1216   834  1243  1356
 3436     566  1030  1046  1360
 3437     960   930   947  1266
 3438     431   401     8  1195
 3439    1072  1216  1356  1209
 3440     166   277   136  1276
 3441     801  1296  1114   833
 3442     263   270   232  1163
 3443     660   667  1011  1223
 3444     184   197  1188  1271
 3445    1155   559   740   553
 3446     195   900   190  1343
 3447     103    79  1073  1097
 3448    1329  1286  1117  1152
 3449    1122   210  1140  1186
 3450     290   113   286  1032
 3451     930   938  1123  1266
 3452     989   998   546  1192
 3453     114  1229  1111  1212
 3454     250   239   247  1092
 3455     551   573   592  1365
 3456     822   811   806  1233
 3457     793   317  1228  1273
 3458     647  1327  1174  1230
 3459     861   848  1061  1078
 3460     154    82   425  1199
 3461     785  1183   776   808
 3462     787   817   818  1086
 3463    1250   886   881   866
 3464    1045  1055  1294  1342
 3465     554  1129  1211  1355
 3466     848  1179  1078  1146
 3467      18    15  1249  1338
 3468    1105   130  1147  1362
 3469     676  1155   733   867
 3470    1102  1043  1208  1248
 3471     523   525   934  1014
 3472     479   503   134  1107
 3473     559   553  1155  1218
 3474     150   224   145   228
 3475     581  1120  1244  1261
 3476     437  1025  1301   450
 3477     728   722  1139  1314
 3478    1176  1048  1074  1025
 3479     731   773   693  1234
 3480     247   229   233  1092
 3481     843   856  1146  1179
 3482    1174   647  1230  1295
 3483    1008  1115  1227  1307
 3484    1080  1020  1144  1277
 3485      29   485  1171  1266
 3486     101   357   285  1140
 3487    1011   660  1254  1262
 3488      82  1060   430  1199
 3489     932  1271   916   931
 3490    1208  1028  1220  1325
 3491     335   354   358  1156
 3492     628  1066  1142  1264
 3493     481   482  1289  1300
 3494     792   809  1037  1292
 3495     787  1086  1137  1190
 3496    1210   164  1247  1257
 3497     739   750   743  1182
 3498    1045  1063  1258  1366
 3499     257  1140  1157   192
 3500     580   429  1030  1312
 3501    1298   149   168  1006
 3502     888   302   298  1116
 3503    1129   923  1334  1318
 3504     597   610   605  1114
 3505     310  1085   728  1175
 3506    1139  1085   728  1158
 3507     395   623   363  1246
 3508     799   811   800  1233
 3509     899   880  1259  1321
 3510    1105  1169  1201  1269
 3511    1036  1102  1106  1208
 3512     665  1252   640   686
 3513     613   377  1360  1378
 3514     224   150   145  1237
 3515      68    26   536  1223
 3516     873  1346   871   544
 3517      16   272  1152   402
 3518    1057  1042  1127  1335
 3519     975   798   971  1215
 3520    1198   353  1324  1326
 3521     297   916   926  1271
 3522      65   443   456  1341
 3523      75   142   293  1245
 3524     321   686  1116  1279
 3525     793  1228  1368  1273
 3526     701   700   668  1354
 3527    1124  1118  1213  1230
 3528    1069   501  1071   560
 3529    1037   809   828   175
 3530     916   910  1106  1271
 3531     810   828   608  1037
 3532    1111   108  1141  1164
 3533    1063  1232  1236  1353
 3534    1135   150   228  1104
 3535    1012  1050  1326  1373
 3536     403   369  1365  1378
 3537      14   959    13  1129
 3538    1079  1022  1242  1151
 3539     614   834  1216  1356
 3540     243   244   223  1082
 3541     116   125   122  1212
 3542     735   756   763  1279
 3543    1113  1010  1122  1276
 3544     564   750   754  1182
 3545     229   239   221  1159
 3546     223   214   221  1159
 3547     663   827  1083  1296
 3548    1072  1124  1254  1356
 3549     443  1014   338  1341
 3550     371   619  1263  1281
 3551     878  1303  1155   895
 3552     965   961   960  1338
 3553    1251  1246  1196   550
 3554     304   294   768   278
 3555      22   574   106  1192
 3556    1208  1162  1248  1348
 3557     433   434  1040  1252
 3558     822   821   699  1144
 3559    1027  1028  1220  1208
 3560     725   724   738  1193
 3561     240   260   253  1105
 3562     988   519   278   299
 3563    1003  1289  1300  1303
 3564     545   762   744  1240
 3565     682  1074   664   697
 3566     704   771   813  1230
 3567     515   498   982  1297
 3568    1076  1045  1078  1361
 3569     257   207  1024  1157
 3570     410   432   411  1040
 3571     895   907  1260  1289
 3572     466   469   528  1362
 3573    1344  1028  1171  1255
 3574     819   818   827  1296
 3575    1169   921  1275  1297
 3576      98    31    55  1364
 3577    1269  1169  1275  1297
 3578    1028  1016  1038  1097
 3579     932   179   939   182
 3580    1010  1023  1024  1219
 3581    1298  1173   245   160
 3582     415   355   265  1322
 3583    1021  1077  1081  1256
 3584     161   231   173  1299
 3585     525   518   456  1341
 3586    1369  1018  1025  1009
 3587     812  1206   807   790
 3588     775  1209  1183  1244
 3589    1068  1021  1135  1255
 3590     642  1167  1174  1339
 3591     182   179   202  1087
 3592    1174  1167  1290  1339
 3593     250   243  1082  1225
 3594     572   496   832  1145
 3595     777   269  1269  1297
 3596    1023  1154  1219  1224
 3597    1026  1307  1165  1037
 3598       1   129     4  1265
 3599    1228  1172  1368  1273
 3600     818  1083  1086   817
 3601     168   160   158  1298
 3602      98    55   120  1364
 3603     199   319  1040  1343
 3604     646  1098   702  1176
 3605      54  1071  1198  1306
 3606    1039  1021  1161  1291
 3607     623  1049  1246  1044
 3608      29  1171  1214  1351
 3609     176   146  1054  1364
 3610     726  1076  1280   725
 3611    1109  1053  1187  1336
 3612    1062  1035  1082  1160
 3613      54   933  1306  1315
 3614     902   890   896  1260
 3615    1336  1317  1196  1246
 3616     555   584   317  1273
 3617     478  1038  1097  1344
 3618    1097   517   524  1214
 3619    1036  1102  1194  1259
 3620    1053  1168  1187  1196
 3621    1004  1109  1167  1290
 3622     111  1377   121   127
 3623    1115  1071  1235  1300
 3624     832   826   825  1112
 3625    1278  1309  1020  1144
 3626    1033  1079  1242  1277
 3627     621   510   612  1017
 3628     612   510   468  1017
 3629    1200   377  1360  1383
 3630     873  1346   467   889
 3631     536   771   571  1067
 3632      27    41  1095  1138
 3633     724  1253   742  1193
 3634     758   321   745  1116
 3635     715  1155   733  1346
 3636    1217   105  1283  1367
 3637    1022  1031  1035  1348
 3638     617  1049  1274  1293
 3639      96  1088  1207  1379
 3640    1055  1011  1120  1342
 3641    1301    55   449    45
 3642     134   125  1141  1287
 3643     644  1048   721  1096
 3644    1126   772   776   762
 3645     226   237   192  1122
 3646     175  1293   521   828
 3647     300   302   888  1119
 3648     546   345   989  1192
 3649     137   139  1210  1247
 3650     389   417  1127  1189
 3651     722   728  1136  1314
 3652      82  1093  1180  1199
 3653     124  1052  1363   118
 3654     951  1235  1326   968
 3655    1146   720  1179  1202
 3656    1036  1031  1139  1162
 3657     822   699   677  1278
 3658     860   872   733  1155
 3659     877   894  1155  1346
 3660     824   825   826  1112
 3661     745   722   718  1314
 3662    1144  1019  1156  1020
 3663     654   153   670  1172
 3664    1231  1068  1057  1372
 3665     440  1222  1263  1281
 3666     290   135  1032  1134
 3667     625  1172  1199  1273
 3668      67    56    61  1097
 3669     729   704  1124  1243
 3670      19  1051   961    10
 3671      25    81  1095  1283
 3672     979   961   940   962
 3673    1232   902  1091   883
 3674      19   961   940   979
 3675     525  1014  1308  1341
 3676     561  1126  1218  1240
 3677    1004  1007  1053  1357
 3678     263  1088  1163  1207
 3679    1193  1253  1268  1270
 3680     175   832   496  1145
 3681    1068  1231  1057  1298
 3682    1054  1022  1079  1151
 3683    1253  1085   724   713
 3684     608   828   522  1293
 3685     824   826   815  1058
 3686      50   132   112  1379
 3687     864   234   777  1269
 3688    1162  1043  1248  1348
 3689     955   179   939   932
 3690    1030  1015  1121  1201
 3691     501    54  1071  1198
 3692     671  1079  1080  1277
 3693      80    59  1034  1207
 3694     795   811  1131  1268
 3695    1080   684  1144  1309
 3696     642  1347  1167  1339
 3697    1024   207  1110  1157
 3698    1174  1118  1327  1339
 3699    1016  1028  1038  1255
 3700     775  1209  1244   808
 3701    1344  1171  1214  1358
 3702    1119  1343  1252  1029
 3703    1121  1381   220  1180
 3704    1135  1010  1208  1348
 3705    1021  1039  1072  1345
 3706    1102  1036  1106  1259
 3707     664   692   645  1074
 3708    1261  1055  1244  1294
 3709    1203  1042  1288  1339
 3710    1173  1189   389  1127
 3711    1042  1288  1339  1345
 3712     965   961   962   960
 3713     940   960   962   961
 3714    1084   565  1240  1258
 3715     415   265   999  1322
 3716    1042  1127  1203  1288
 3717    1126   561   780   772
 3718     120   146    98  1364
 3719     302  1116  1119  1279
 3720     548   386  1222  1228
 3721    1007  1287  1150  1014
 3722     173  1006  1013  1299
 3723    1132  1004  1167  1339
 3724    1209  1120  1254  1342
 3725      17   554  1129  1211
 3726     410  1040   666   333
 3727    1048   629  1066  1272
 3728     498   480   529  1297
 3729     491   511   460  1164
 3730      19   932   940   961
 3731    1135  1208  1043  1348
 3732    1010  1022  1023  1348
 3733      44    32  1302  1350
 3734    1347  1174  1339   642
 3735     960   932   961   940
 3736     681   415  1181  1286
 3737    1091  1063  1232  1366
 3738    1155   553   477  1218
 3739      19   955   932   179
 3740     979   954   940    19
 3741    1023  1047  1092  1154
 3742    1109  1004  1336  1357
 3743    1189  1288  1299  1329
 3744     644  1048  1096  1272
 3745     880   859  1194  1321
 3746     679   643  1267  1272
 3747     944   527  1227  1375
 3748     127   475   488  1377
 3749    1354   628   668  1066
 3750      53   151   388  1138
 3751    1052   526   118    95
 3752    1208  1031  1035  1062
 3753    1157  1022  1024  1140
 3754     785  1183  1149   776
 3755     719  1085   713   839
 3756     571   493  1223  1356
 3757     297   916   910   926
 3758    1093  1117  1060  1172
 3759     939   941   926   182
 3760     955   182   939   179
 3761     429   566   580  1030
 3762    1055  1261  1244  1120
 3763    1279   306   302   756
 3764    1139  1085  1162  1175
 3765    1032  1047  1219  1224
 3766    1165  1115  1307  1227
 3767    1033  1020  1162  1348
 3768     172   428    47  1094
 3769    1042     9  1304  1331
 3770    1113  1009  1283  1369
 3771    1039  1065  1213  1345
 3772    1052  1002  1068  1255
 3773     668  1256   701  1354
 3774     407   436  1090  1285
 3775    1125  1148  1133  1262
 3776     175   496   521  1145
 3777    1324  1326  1012  1198
 3778    1058  1149  1216  1307
 3779     286   290  1032  1088
 3780     242   254   263  1163
 3781     339   407  1090  1267
 3782    1115  1003  1258  1282
 3783     932   182   931   179
 3784     932  1271   931   182
 3785    1336  1197  1357  1049
 3786     932   179   931   949
 3787    1008  1007  1357  1370
 3788     573   317   584  1228
 3789    1004  1118  1290  1339
 3790     830   667  1223  1296
 3791      65   336   443  1341
 3792     109   450  1025  1098
 3793     901   894  1346  1349
 3794     652   635  1133  1262
 3795     703   438  1025  1074
 3796     825   832  1112  1145
 3797    1022  1010  1024  1122
 3798     469   509  1312  1362
 3799     824  1058  1216  1112
 3800     264   256   247  1154
 3801     252  1092  1154   247
 3802     956  1017   468  1313
 3803     912   190   904  1029
 3804     338   921   934  1275
 3805     328   579   537  1192
 3806      34   912   194  1029
 3807    1344  1171  1358  1255
 3808    1161  1125  1162  1342
 3809    1004  1109  1290  1357
 3810     888   302  1116  1119
 3811     931  1102  1106  1259
 3812    1021  1039  1256  1291
 3813     875   890   883  1091
 3814    1010  1016  1047  1088
 3815     976  1375  1050   951
 3816     405   308  1101  1169
 3817      27   394    92  1095
 3818    1048   644   721   661
 3819    1008  1050  1227  1326
 3820    1105  1030  1169  1312
 3821     665  1252   686  1279
 3822     907  1184  1260  1334
 3823     448   380   373  1378
 3824     909   910   899  1106
 3825    1143  1076  1270  1294
 3826    1183  1072  1209  1216
 3827      74   146   445  1285
 3828     819   827   833  1296
 3829     119   486   526  1073
 3830     788   736   767  1226
 3831      26    68  1114  1223
 3832     763   689   686  1279
 3833      80  1034  1380  1207
 3834    1343  1119  1252  1040
 3835     764   746  1175  1253
 3836     423  1335  1331   414
 3837     647   543   653  1230
 3838     815  1292  1058   826
 3839     715  1155   867   733
 3840    1337  1063  1282  1171
 3841    1094   109   450  1025
 3842    1108  1026  1215  1274
 3843     423   383   414  1331
 3844    1141   479   134  1107
 3845    1044  1049  1336  1357
 3846    1074  1096  1048  1272
 3847     463   889  1346  1349
 3848     825   143   572  1112
 3849     638   688  1079  1267
 3850     853  1061   868   856
 3851    1376  1310   208   225
 3852    1221  1076  1361  1371
 3853    1066  1142  1264  1291
 3854     575   693  1174  1234
 3855     821   549   699  1144
 3856     148   162   163  1013
 3857     933    54  1306  1323
 3858    1265   169     1   129
 3859    1107   134  1141  1287
 3860    1175  1019   326   332
 3861    1120  1170  1209  1254
 3862     840  1221   838   724
 3863    1044  1370  1357  1007
 3864    1287   162  1013   161
 3865     326   343   332  1019
 3866     226   257   207  1024
 3867     778  1190   757   784
 3868     154   654   637  1093
 3869      87  1381   420  1180
 3870    1273   994   625  1172
 3871    1168  1132  1181  1329
 3872    1155   872  1240  1303
 3873     595  1037  1274   803
 3874      96  1379   104  1088
 3875    1088  1163  1207  1325
 3876    1038  1052  1255  1344
 3877    1124  1216  1243  1356
 3878     892   911   185   885
 3879    1010   157   135  1276
 3880     507    18    29  1351
 3881    1016  1038  1073  1237
 3882     626   144   408  1263
 3883    1115  1003  1300  1303
 3884     139   156   475  1041
 3885     731   767   773  1226
 3886     773   734  1178  1226
 3887     894   901   905  1349
 3888     809   797  1037  1292
 3889    1049    39  1197  1293
 3890    1223  1170  1254  1356
 3891    1090   120   449  1364
 3892     808   776   775  1183
 3893    1037  1005  1197  1357
 3894    1381   393   380  1200
 3895     268   274  1128  1201
 3896     965   960   964  1338
 3897    1014  1089  1317  1341
 3898     310  1139   728   311
 3899     506   371   626  1263
 3900    1084   849   872   545
 3901    1007  1004  1008  1357
 3902     704   174   571  1124
 3903    1330  1197  1336  1049
 3904    1036  1031  1062  1160
 3905     518   487   510  1308
 3906     522    39   617  1293
 3907    1020  1080  1148  1291
 3908    1244  1070  1261  1294
 3909    1208  1135  1043  1255
 3910     928   923   922  1334
 3911     965   964   985  1338
 3912     290  1032  1088  1134
 3913     478  1038  1073  1097
 3914    1289   547   482   471
 3915    1080   675   671  1277
 3916      67    73  1034  1380
 3917     884  1311   869  1194
 3918     760   516   748  1368
 3919     734   496  1178  1197
 3920      52    56    73  1034
 3921    1036  1031  1136  1139
 3922    1118  1213  1327  1345
 3923     899   880   898  1259
 3924     546   593   574  1192
 3925     196   197  1087  1099
 3926     654   153  1172  1199
 3927     315   366   334  1242
 3928     904   888   190   900
 3929      50   224  1134  1377
 3930     949    19   932   179
 3931     848  1179   856  1078
 3932    1286  1322  1152   355
 3933     746   307  1175  1253
 3934    1008  1227  1235  1326
 3935     729  1118  1230  1295
 3936     395  1044  1246  1317
 3937     762   545   565  1240
 3938     227  1374   223   244
 3939     223   235  1082  1159
 3940     830    26  1114  1223
 3941     617  1049    39   427
 3942     983   951  1050  1326
 3943     578    38     3  1333
 3944     827   823   837  1083
 3945    1020  1125  1133  1278
 3946     573   584  1060  1228
 3947    1051  1338  1249   960
 3948    1110  1024  1157  1245
 3949     194   193   214  1130
 3950    1080  1033  1020  1277
 3951    1092   252  1224   233
 3952     320   203   355  1322
 3953     335   683   549  1277
 3954     360  1245  1059   142
 3955    1179  1078  1202  1294
 3956    1004  1005  1307  1357
 3957     734   767   736  1226
 3958     868   861  1061  1366
 3959     731   836   672  1226
 3960    1007  1044  1053  1357
 3961     445  1364  1054   146
 3962     666   411   665   627
 3963    1008  1012  1050  1326
 3964     666   333   325   627
 3965     652    63  1148  1309
 3966     443  1014  1341  1089
 3967    1353   891   908  1232
 3968    1055  1131  1270  1352
 3969    1369  1186  1054  1364
 3970    1065  1042  1327  1345
 3971     225   265   191  1376
 3972     931   925  1102  1259
 3973     887  1303  1260   890
 3974     177   965   985  1338
 3975     802   780  1149  1292
 3976    1003  1069  1184  1316
 3977    1071   974  1198  1235
 3978    1074   697  1090  1267
 3979    1161  1020  1291  1348
 3980     170   166   157  1367
 3981    1205   912   892   893
 3982    1295  1174   693  1234
 3983     192   237   249  1122
 3984     854   844   296   839
 3985     927  1198   353  1324
 3986    1029  1031  1116  1136
 3987    1078  1076  1221  1280
 3988     522   521   755  1293
 3989    1183  1072  1216  1307
 3990     543   813   771  1230
 3991     443  1014  1089   338
 3992    1119  1252  1040  1279
 3993     918   914   907  1334
 3994     644  1048  1272   661
 3995     163   168   149  1006
 3996     912  1205   892   185
 3997      10   961   979  1338
 3998    1019  1020  1033  1156
 3999     690   663   631  1296
 4000     682    45   437  1301
 4001    1061  1078  1179  1294
 4002     507    29  1214  1351
 4003    1069  1003  1300  1337
 4004     590  1124  1243  1356
 4005     895   923   907  1334
 4006     764   749   746  1253
 4007    1348  1033  1031  1162
 4008     228   150   159  1104
 4009     175  1293  1145   521
 4010     463   477   471  1349
 4011     366   365    75  1242
 4012    1191    33  1241  1351
 4013     879   861   868  1366
 4014     113   286  1088  1163
 4015    1021  1057  1068  1372
 4016     537   998   991  1192
 4017     818   819  1137  1296
 4018     445   436   435  1285
 4019    1078  1179  1202  1146
 4020    1109  1197  1226  1290
 4021     718  1116   302   735
 4022     737   753  1143  1352
 4023     859   880   899  1321
 4024      29  1214  1358    66
 4025    1155   894  1289  1349
 4026    1064   811  1233   800
 4027     300   900   199  1119
 4028     792  1037  1165  1292
 4029     816   677  1133  1278
 4030    1122  1010  1219  1276
 4031     114  1229    94  1315
 4032    1113   170   157  1367
 4033    1027  1102  1123  1171
 4034     774   800   795  1268
 4035    1023   288  1154  1225
 4036      64  1104     4  1095
 4037     524    66    72  1344
 4038    1107  1017  1007  1370
 4039    1197  1330  1336  1109
 4040     778   791   591  1137
 4041     726   709   725  1280
 4042     935  1375  1332   943
 4043     523   458  1014  1107
 4044      60  1100  1220  1325
 4045     341   334   102  1242
 4046    1077   147  1081  1256
 4047     394  1372  1095  1265
 4048     109  1025  1138  1195
 4049     859   855  1158  1321
 4050     675  1080   671    57
 4051    1190   778  1137   784
 4052     288   256   264  1154
 4053     195   190   204  1343
 4054    1076  1045  1270  1294
 4055     164   169     1  1257
 4056     726   743   727  1202
 4057     948   938  1051  1123
 4058     171   249   166  1122
 4059     515   480   498  1297
 4060     395  1044  1341  1153
 4061     547  1069   482   554
 4062    1109  1132  1167  1187
 4063     774  1193  1253  1268
 4064    1058  1149  1165  1292
 4065    1085   844  1158  1204
 4066     183   184   178  1271
 4067    1070  1061  1179  1294
 4068      11  1079  1242     5
 4069     306   302   300  1119
 4070      61   530    79  1097
 4071    1142  1039  1264  1291
 4072    1044  1370  1007  1017
 4073     162   161   173  1013
 4074    1186   230  1217  1367
 4075    1022  1166  1242  1059
 4076     235   239   223   221
 4077    1063  1103  1232  1366
 4078      55  1301  1094    45
 4079     891   869  1103  1236
 4080     814   808  1209  1216
 4081    1095    92  1138  1195
 4082     388     0    53  1138
 4083    1091  1061  1258  1366
 4084      47   437    45  1301
 4085     326   348  1019  1185
 4086      29   485  1266  1320
 4087     931  1027  1087  1106
 4088    1158  1194  1311  1321
 4089     791   778   784  1137
 4090     166  1122  1276  1367
 4091      39  1049  1197  1330
 4092    1228  1075  1368  1117
 4093      11  1079  1277  1242
 4094    1035   433  1059  1225
 4095    1045  1055  1270  1294
 4096     183   184   197   178
 4097     132    50  1134  1379
 4098     447  1077  1081  1195
 4099    1144   821  1156  1233
 4100     138   433   432   244
 4101     618   621   609  1153
 4102     330   432   410  1040
 4103    1017  1153  1308  1341
 4104     576  1261  1070   564
 4105     673   691   701  1256
 4106     620  1360   613   489
 4107    1048  1066  1264  1291
 4108     547  1129  1334   554
 4109     195   190    34   204
 4110    1172  1228  1368  1117
 4111    1160   194  1188  1205
 4112     454   472  1249  1320
 4113    1023  1047  1062  1092
 4114      39   522   755  1293
 4115    1120  1209  1244  1342
 4116     828   521   522  1293
 4117    1054  1079  1090  1285
 4118    1033  1348  1080  1020
 4119     402  1128  1152  1299
 4120     833   801   819  1114
 4121     111  1380  1377  1379
 4122     633   643   100  1272
 4123    1008  1004  1307  1357
 4124     395   336    65  1341
 4125     907   923   918  1334
 4126    1063  1171  1255  1282
 4127    1196   506   550  1239
 4128     228    81  1095  1104
 4129     949   948  1051  1123
 4130     582   792  1037  1165
 4131     637   578   406  1333
 4132    1055  1244  1294  1342
 4133     647  1327   653   678
 4134    1172  1060  1199  1273
 4135      22  1199   153   154
 4136    1012    71  1324   980
 4137    1005  1058  1112  1216
 4138    1323   494   501  1302
 4139     775  1209   808  1183
 4140    1038   526  1052    72
 4141    1114   830  1223  1296
 4142     679   657   664  1074
 4143    1242    11   315  1033
 4144      56    67  1034  1097
 4145      67  1034  1097  1380
 4146    1039  1067  1124  1213
 4147     438   692   437  1301
 4148     152   470   234  1150
 4149    1004  1109  1132  1167
 4150     771   704  1124  1213
 4151    1080  1048  1096  1148
 4152    1218  1349   477  1155
 4153     633   629   607  1272
 4154    1248  1366  1103  1063
 4155     821   335  1144  1156
 4156    1113  1186  1217  1367
 4157    1043  1162  1248  1342
 4158     177   985    15  1338
 4159     246   232   271  1163
 4160     501  1323  1071    54
 4161     464   134  1107  1287
 4162    1080   688   671    57
 4163     549   675  1144  1277
 4164    1355   952   539   538
 4165     658   638  1079  1267
 4166     759   739  1143  1182
 4167     268   274   198  1128
 4168     734   736   496  1197
 4169     380  1180  1200  1378
 4170     246   233   222  1100
 4171     671   684   675    57
 4172     524   507    66  1214
 4173     601   990   115   997
 4174     686  1031  1116  1252
 4175     271   232   270  1163
 4176     465    17    13  1211
 4177     265   999  1093  1376
 4178     274   231   198  1128
 4179     442   697   424  1090
 4180     944   553   559  1218
 4181    1082  1252  1374  1035
 4182     590   143   831  1243
 4183     929   946   959  1211
 4184    1302  1071  1323  1337
 4185    1050  1012  1177  1373
 4186     922   895   894  1334
 4187    1026   582  1037  1165
 4188     194  1130  1160  1188
 4189    1020  1148  1161  1291
 4190    1278  1125  1206  1131
 4191     672   788   767  1226
 4192     719  1085   839   296
 4193     958    28   459  1320
 4194     773   767   734  1226
 4195     565   558  1070  1084
 4196     772  1126   776  1149
 4197     568   944  1227  1375
 4198     145   132    50  1134
 4199    1016  1010  1047  1208
 4200     802  1058  1149  1216
 4201     745   718   735  1116
 4202    1118   729  1124  1243
 4203     709   752  1221  1280
 4204    1174  1118  1290  1295
 4205    1169  1030  1201  1275
 4206      66  1238  1344  1358
 4207     895  1155  1289  1303
 4208      91   658    85  1079
 4209     775  1240  1183   762
 4210    1069  1071  1302  1337
 4211     431   151    53  1138
 4212     690   667   830  1296
 4213      85     5    42  1079
 4214     560   481  1235  1300
 4215     749   774  1253  1268
 4216    1252   665  1040  1279
 4217    1010  1023  1047  1208
 4218     578   741  1310  1333
 4219    1163   254  1207  1325
 4220     315   334   341  1242
 4221     212   196   202  1087
 4222     631   667   690  1296
 4223     530   524   478  1097
 4224     724   707   840  1221
 4225    1185   367   351   347
 4226     356   794   836  1167
 4227     573   368  1056  1365
 4228      23   106   378  1192
 4229     269   110  1269  1297
 4230    1094   172  1217  1364
 4231    1003  1069  1316  1337
 4232     836  1167  1226  1234
 4233     611   617   622  1049
 4234    1054  1122  1022  1140
 4235      95    83    78  1306
 4236     605   610    68  1114
 4237    1002  1004  1006  1288
 4238    1029   194  1160  1205
 4239     933    83   495  1323
 4240    1003  1184  1260  1284
 4241    1055  1244  1342  1120
 4242     207   262  1110  1157
 4243     172    31  1217  1364
 4244     278   519   304   299
 4245     688   638   600  1267
 4246      56   517    61  1097
 4247     585   803   589  1215
 4248     404   386  1056  1222
 4249     784   818   819  1137
 4250    1034  1191  1028  1220
 4251    1117  1060  1172  1228
 4252    1196   397  1246  1317
 4253     321   314   745  1314
 4254     778  1182  1261   750
 4255     364   991   345  1192
 4256     202   183   182  1087
 4257    1002  1052  1071  1282
 4258     561  1155   559   733
 4259     837   663   827  1083
 4260     529  1312   480   508
 4261    1025  1074  1301  1369
 4262      85    42    91  1079
 4263     374   805   283   385
 4264     672  1167  1226   836
 4265    1075  1117  1168  1368
 4266     727   720  1146  1202
 4267     621   510  1017  1308
 4268     894   922  1334  1349
 4269    1037   797  1058  1292
 4270     126   163   149  1363
 4271     512   741   987  1310
 4272     773   731  1226  1234
 4273     310  1139   311  1175
 4274     315   367   366  1033
 4275     193   197   209  1188
 4276    1008  1026  1165  1227
 4277    1326  1198   974  1235
 4278     470   934   921  1275
 4279    1171  1123  1266  1284
 4280     343   348   342  1019
 4281     337   512   987  1310
 4282    1191  1034  1028  1241
 4283    1046  1030  1121  1382
 4284     330   319   138  1040
 4285    1204   857  1361  1371
 4286     790   817  1086  1206
 4287    1082  1159  1160  1374
 4288     904   912  1029  1205
 4289     391   355   203  1322
 4290     475   121  1073  1377
 4291     658   422   407  1079
 4292    1041  1068  1104  1135
 4293     594   775   576  1244
 4294     803   589  1215  1274
 4295     452   538   936  1355
 4296     969   958   459  1320
 4297     280  1154  1219  1023
 4298    1056  1046  1228  1365
 4299     991   328  1000  1192
 4300     152   523  1150  1287
 4301     975   971   967  1215
 4302     276   761    97   995
 4303     386  1056  1222  1228
 4304     895   907  1289  1334
 4305    1357  1026  1108  1274
 4306     181   176  1186  1364
 4307    1178   773  1226  1295
 4308     951  1235   968   481
 4309     281   256   288  1225
 4310     801  1296   833   830
 4311    1033  1348  1031  1022
 4312     857   844   847  1371
 4313     105   230   241  1367
 4314     516   793  1281  1368
 4315     998   989   991  1192
 4316     249   188   210  1186
 4317     759  1352   753  1190
 4318    1161  1148  1262  1264
 4319     683   675   549  1277
 4320     346   328    23  1192
 4321    1018  1095  1135  1283
 4322     322   764   746  1175
 4323    1043  1072  1258  1282
 4324    1293  1357  1049  1274
 4325     802   826   797  1292
 4326     564   743   750  1182
 4327    1022  1079  1242  1033
 4328     964   960  1249  1338
 4329    1002  1307  1282  1071
 4330    1031  1136  1139  1314
 4331     674     8   673  1081
 4332     865  1136   866   716
 4333     922   547   452  1355
 4334    1144   822  1233  1278
 4335    1164   479   460    89
 4336     989   345   991  1192
 4337    1020  1133  1148  1309
 4338     185   193   194  1188
 4339    1117  1015  1152  1121
 4340    1102  1028  1255  1171
 4341     922   894   905  1349
 4342    1011  1114  1170  1223
 4343     459    28   454  1320
 4344     292   294   278   519
 4345     509  1312  1362  1105
 4346     472    29    18  1320
 4347     963  1375  1332  1050
 4348    1131   811   816  1278
 4349     950   917  1111  1164
 4350     988   781   278   519
 4351    1015  1030  1101  1275
 4352    1034    56  1097  1241
 4353     125   155  1212  1287
 4354     593   579   107  1192
 4355    1132  1189  1203  1286
 4356       3    38  1310  1333
 4357    1048  1176  1074  1272
 4358    1090  1054  1364  1369
 4359     317   793   599  1273
 4360     460   511   484  1359
 4361    1044  1108  1370  1017
 4362     924   902  1260  1284
 4363    1354   632   698   606
 4364     109   431  1138   151
 4365      11  1242   315   341
 4366     384  1381   258    36
 4367    1123  1027  1171  1351
 4368     234   470  1269  1275
 4369     931   909   898  1259
 4370     179    20  1087  1191
 4371    1049  1044  1274  1357
 4372     184  1188   193   911
 4373     482   481   560  1300
 4374    1072  1043  1255  1282
 4375     612   970   609  1153
 4376     185   911   193  1188
 4377     458   518  1014  1308
 4378    1125  1020  1161  1162
 4379     548   317   573  1228
 4380     367  1185  1033   347
 4381     428   388  1094  1138
 4382      16   272   402   201
 4383    1028  1034  1097  1241
 4384    1056  1075  1101  1222
 4385     182   183   941  1271
 4386    1216  1183   785   808
 4387     661   607   629  1272
 4388    1107   484   479   503
 4389     917  1324   981   950
 4390     988   259    97   299
 4391     783  1086  1190  1352
 4392    1253   764  1268  1064
 4393     104   290   286  1088
 4394     237   166  1122  1276
 4395       7   357  1140  1157
 4396     298  1029  1116  1205
 4397     535   473   392  1169
 4398    1050   983  1326  1373
 4399    1065   691  1256  1354
 4400     656  1347   695   694
 4401     924   907  1184  1260
 4402    1042  1057  1127  1288
 4403    1117  1121  1152  1322
 4404     131   149  1210  1363
 4405     764   774   749  1268
 4406     124   123   126  1363
 4407     258   400  1381  1382
 4408     741   987  1310  1333
 4409     648   652  1133  1309
 4410     568   944  1126  1227
 4411     685   636  1142  1264
 4412     259   761    97   276
 4413     599   994  1273  1368
 4414     662    63  1080  1096
 4415     307   310   316  1175
 4416     584   624  1060  1273
 4417     579   346    23  1192
 4418    1101  1030  1169  1275
 4419    1144   699  1278  1309
 4420     859  1158  1311  1321
 4421     565   545  1084  1240
 4422     247   250  1092  1154
 4423    1251  1109   835  1187
 4424     527   481  1218  1227
 4425    1039  1021  1065  1345
 4426     682   437   692  1301
 4427     394     4   129  1265
 4428     519   781   278   292
 4429    1071  1238  1323  1337
 4430     546    22   345  1192
 4431    1074  1090  1301  1369
 4432     536  1254  1223  1067
 4433     550   427   313  1246
 4434     563   782   283   266
 4435    1028  1097  1344  1214
 4436     250  1082  1154  1225
 4437     169   160  1231  1298
 4438     288  1219  1023   280
 4439      55    31   172  1364
 4440    1021  1077  1335  1372
 4441      39   313  1049  1330
 4442    1038  1016  1073  1097
 4443     627   665   689  1279
 4444    1260  1184  1289  1334
 4445     299   519   304   988
 4446     604   782   283   563
 4447     888   190   900  1029
 4448     351   686  1031  1185
 4449    1165  1115  1149  1307
 4450     861   852  1078  1361
 4451      10  1351  1027  1051
 4452    1187    58  1251  1319
 4453     753   783   759  1190
 4454     266   604   283   563
 4455     627   331  1040  1279
 4456    1021  1135  1161  1291
 4457    1030   429  1169  1312
 4458    1039  1161  1264  1291
 4459     591   796  1114  1137
 4460    1089   934  1150  1275
 4461    1029   888  1116  1119
 4462    1195  1372   444  1077
 4463      75   293   334  1242
 4464    1010  1024  1122  1219
 4465     982   498   945  1297
 4466    1158  1036  1194  1321
 4467    1289   547   471  1334
 4468    1071  1238  1306  1323
 4469     647   730   813  1230
 4470     434   640  1040  1252
 4471     555  1060  1273  1199
 4472    1115  1003  1282  1300
 4473     595  1037   803   608
 4474     654   669  1093  1172
 4475     687   684  1080  1309
 4476     816   822   677  1278
 4477    1064   322   799   343
 4478    1176   100   646   703
 4479    1004  1118  1339  1345
 4480     555  1060   624  1273
 4481       0    41  1138  1283
 4482     293     7  1151  1245
 4483    1196  1075  1239  1015
 4484     507   524   517  1214
 4485     566   368  1046  1056
 4486    1059   365    75   360
 4487    1218  1155  1240  1303
 4488     597   591   796  1114
 4489     780   568  1126  1165
 4490     611   617  1049  1274
 4491     801   796   819  1114
 4492     254   263  1163  1207
 4493     157   166   136  1276
 4494      11  1033  1242  1277
 4495     941   926   182  1271
 4496     393  1200   376   377
 4497     379   403   448  1378
 4498    1232   891  1236  1353
 4499     673   674  1081  1098
 4500     631   663   635  1083
 4501     224   145  1134  1237
 4502     108    89  1141  1164
 4503     376  1200  1383   377
 4504     272   231   274  1128
 4505     554   206   539  1211
 4506     429   392  1101  1169
 4507     363   622   427  1246
 4508     721   661   634  1264
 4509     629  1048  1066  1264
 4510     506   626  1239  1263
 4511     256   243   250  1225
 4512     387    36   258  1381
 4513     737  1143  1193  1352
 4514     161   173  1013  1299
 4515    1079   688  1080  1267
 4516     869   884  1194  1236
 4517    1052    95  1229  1306
 4518     765   795  1131  1268
 4519     763   756   689  1279
 4520     809  1145   797   175
 4521      10    18  1051  1338
 4522    1058  1037  1165  1307
 4523     979   961   962  1338
 4524      35  1199    76    22
 4525     301   304   374   768
 4526     700   698   668   628
 4527     424   339  1090  1267
 4528     970   612  1108  1153
 4529     722   311   728  1139
 4530     703   692   438  1074
 4531     981  1111  1315  1324
 4532    1143  1182  1202  1294
 4533    1057  1002  1068  1298
 4534    1043  1021  1135  1161
 4535     141   870  1108  1177
 4536     738   766   737  1193
 4537     376   393   420  1381
 4538     397   336   363  1317
 4539    1025  1018  1256  1291
 4540     494   495  1302  1323
 4541    1059   275  1110  1225
 4542     918   937  1184  1318
 4543     479   505    89  1141
 4544      56  1241    52    37
 4545     988   259   278   781
 4546     677   648   659  1133
 4547    1183   775  1244  1258
 4548     927   981  1198  1324
 4549     280   226  1024  1219
 4550     289   117   133  1219
 4551     900   888  1029  1119
 4552    1134  1010   135  1032
 4553     353    71  1324  1373
 4554     868  1061  1091  1366
 4555     241   230  1186  1367
 4556     699   822  1144  1278
 4557     413  1335   412   414
 4558    1158   876  1136  1321
 4559      39   755  1197  1293
 4560    1109  1251  1330  1336
 4561     400   376  1381  1383
 4562     779   790   783  1352
 4563     573   584   592  1365
 4564    1066  1025  1256  1291
 4565    1029  1031  1160  1252
 4566     623  1049   622  1246
 4567    1099  1062  1106  1208
 4568      58   835  1187  1251
 4569     237   166   249  1122
 4570     819   833  1114  1296
 4571     231  1128  1299  1305
 4572     576   775  1070  1244
 4573     686   321   758  1279
 4574     622  1049   427  1246
 4575     258   216   400  1382
 4576     393  1200   377   373
 4577     647   678   693  1174
 4578     623   622   363  1246
 4579     216  1121  1201  1382
 4580     145   167  1113  1135
 4581     582   803  1026  1037
 4582    1364   445  1054  1090
 4583     809   792   797  1292
 4584    1025  1081  1098  1256
 4585    1034  1097  1016  1028
 4586     883   908   891  1232
 4587    1091  1003  1260  1284
 4588     545   733   872  1155
 4589     171   188   249  1186
 4590    1062  1092  1099  1130
 4591     879   891  1103  1232
 4592     696   450   674  1098
 4593     100  1176   646   633
 4594     470  1269   921   777
 4595     210   176   285  1140
 4596    1062  1092  1130  1159
 4597     875   868  1084  1091
 4598     816   811   822  1278
 4599     287   400  1382  1383
 4600    1115  1240  1258  1303
 4601      87  1381    36   420
 4602    1063  1091  1258  1366
 4603     554   482   560  1069
 4604     687    57   662  1080
 4605    1170  1011  1223  1254
 4606      93    80    73  1380
 4607     734   496   572  1178
 4608     674   702   696  1098
 4609    1040   410   666   411
 4610     895   877   894  1155
 4611     246  1100  1163  1224
 4612     636   606   769  1142
 4613     135   132   145  1134
 4614     484  1107   458   503
 4615    1154   288   280   264
 4616    1021  1042  1057  1335
 4617     100   679   645  1074
 4618     681  1117  1181   415
 4619    1056   540   446  1101
 4620    1222   793  1228  1281
 4621     206   554    17  1211
 4622     300   888   900  1119
 4623     975   970   798  1108
 4624     107   579    23  1192
 4625    1031  1036  1136  1160
 4626    1287   161  1013   152
 4627     686   640  1166  1252
 4628    1257   156   164  1247
 4629     640   434  1166  1252
 4630     849  1084   872   853
 4631     628  1354   668   700
 4632     688  1080   671  1079
 4633     982   405   473  1169
 4634    1066   633  1176  1272
 4635     208  1376   191  1333
 4636    1324  1012   980   915
 4637     967   585   589  1215
 4638     308  1089  1101  1275
 4639    1031   686  1166  1252
 4640    1100  1047  1163  1224
 4641     414   444   413  1335
 4642    1108  1017  1313  1370
 4643    1093  1060  1180  1199
 4644    1096   688   520   419
 4645     606   632  1213  1354
 4646     259   291   278   781
 4647     805   294   283   782
 4648    1085   844  1204  1371
 4649    1019   354  1156  1185
 4650    1325   254    59    60
 4651    1252  1059   433   434
 4652     618   602   611  1153
 4653     790   779  1131  1352
 4654     359   336   397  1317
 4655    1108  1044  1370  1357
 4656     252   271   255  1224
 4657    1069  1184  1316  1350
 4658     685   636   769  1142
 4659     652    63   721  1148
 4660     292   781   278   291
 4661     611  1044  1153  1274
 4662     278   519   768   304
 4663     374   294   283   805
 4664      66   524  1214  1344
 4665     618   611   623  1153
 4666    1021  1002  1043  1255
 4667     735   763   758  1279
 4668     661   644   607  1272
 4669     696  1025   438  1098
 4670     719   746   749  1253
 4671     967   971   963  1332
 4672     927    71   950  1324
 4673     207   251   262  1157
 4674     768   294   374   805
 4675    1357  1307  1026  1037
 4676     458   484   487  1359
 4677     768   304   374   294
 4678     638    85   658  1079
 4679      14    28  1318  1350
 4680    1035  1160  1252  1374
 4681     742   749   738  1253
 4682    1039  1065  1142  1213
 4683     278   294   768   519
 4684     266   782   283   294
 4685     471   481   482  1289
 4686      72    66  1238  1344
 4687     385   782   283   604
 4688     982   921   308  1169
 4689    1042  1021  1077  1335
 4690    1189  1173   389   402
 4691     298  1029   888  1116
 4692     597   796   610  1114
 4693     207   257   251  1157
 4694     769   771  1067  1213
 4695     702   673   701  1098
 4696     688  1096  1080  1267
 4697     536   660   685  1067
 4698     287   260  1105  1201
 4699     360  1245   142    75
 4700     875   890  1091  1303
 4701     800   764  1064  1268
 4702    1030  1105  1169  1201
 4703     853  1061   856  1084
 4704     377   373  1200  1378
 4705     638   671   651  1079
 4706    1289  1218  1300  1303
 4707     946  1129   928  1355
 4708     837   635   663  1083
 4709    1050  1227   951  1375
 4710    1289  1184  1069  1334
 4711     387   420    36  1381
 4712    1091   890  1260  1303
 4713     203  1121  1180  1322
 4714     233  1092  1100  1224
 4715     843   851   856  1179
 4716    1210  1068  1052  1002
 4717      24   130   466  1147
 4718    1041  1068  1135  1255
 4719    1034  1325    59  1220
 4720      78    94  1306  1315
 4721     883   868   875  1091
 4722    1030  1147  1201  1382
 4723    1168  1075  1196  1015
 4724    1015  1089  1101  1239
 4725     351   640   686   665
 4726    1097  1034  1016  1380
 4727     403   584   624  1060
 4728     394  1372  1265   444
 4729    1381   384    87    36
 4730    1053  1168  1196  1329
 4731     511  1164  1313  1359
 4732     322  1064   799   764
 4733    1377   111   121   103
 4734     432   138   244  1040
 4735    1083   818   827   817
 4736    1307  1002  1282  1072
 4737    1290  1234  1167  1174
 4738     924  1184  1266  1284
 4739     726  1143   725   739
 4740     201   220   312  1121
 4741     755   736   788  1197
 4742    1181   794  1167  1168
 4743     496   521  1145  1197
 4744      93    96    80  1380
 4745     878  1303   895   872
 4746     728   862   722  1136
 4747     726  1143   739  1202
 4748       7   251   357  1157
 4749     496  1145  1178  1197
 4750    1094   388   151  1138
 4751     144   371   440  1263
 4752     177   979   962  1338
 4753     368  1046  1056  1365
 4754     547   538   452  1355
 4755    1014  1007  1017  1044
 4756    1055  1086  1125  1131
 4757     614   603  1170  1209
 4758     583   371  1263  1281
 4759     872   875  1084  1303
 4760     696   703  1098  1176
 4761      81   228  1095  1283
 4762     689   665   686  1279
 4763     603  1120  1209   594
 4764     312    16   201  1152
 4765      20   202  1087  1191
 4766    1085  1158  1162  1204
 4767     445  1054  1090  1285
 4768     101   357  1140  1328
 4769     758   763   686  1279
 4770     149  1298   168   158
 4771     827   817   823  1083
 4772     244   223  1082  1374
 4773     262   251   293  1245
 4774      91  1151    43  1328
 4775     274   216   201  1121
 4776     147     9   691  1065
 4777     560   501   554  1069
 4778     715  1155  1346   867
 4779     975  1108  1274   602
 4780     257   357   251  1157
 4781    1121   201  1128  1152
 4782     490    24  1147  1383
 4783      38   578  1310  1333
 4784    1051    19   961   949
 4785    1116  1029  1136  1205
 4786    1032   117  1224  1219
 4787     134   503   464  1107
 4788     226   237  1122  1219
 4789     368   404   386  1056
 4790    1103   879  1232  1366
 4791     660   536   685   769
 4792     152  1013  1150   161
 4793    1336  1053  1317  1044
 4794     458   525   523  1014
 4795    1316  1171  1284  1337
 4796    1009  1267  1080  1048
 4797     258   400   387  1381
 4798      19   179  1027  1191
 4799     320   312  1121  1152
 4800     105   241   170  1367
 4801    1134   145  1135  1237
 4802    1115  1126  1183  1240
 4803     956  1017  1313   612
 4804     853  1061  1084   868
 4805     745  1314   311   722
 4806     192  1024   226  1122
 4807    1021  1002  1057  1345
 4808    1189  1132  1288  1329
 4809     925   949  1027  1123
 4810     348   354  1019  1185
 4811     744   561  1155  1240
 4812    1092   229  1130  1159
 4813     500    58   835  1187
 4814     474   486   119  1073
 4815    1023  1348  1035  1208
 4816    1326  1324  1012  1373
 4817     791  1114  1137   819
 4818     201   216   220  1121
 4819     961    10  1051  1338
 4820     789  1117  1172  1368
 4821    1331     9   147  1065
 4822     829   816  1133  1206
 4823     935   585   967  1332
 4824    1100  1099  1220  1325
 4825     935  1026  1375   568
 4826      82  1060  1180   430
 4827     829   823   807  1206
 4828    1062  1159  1082  1092
 4829     772   802   780  1149
 4830     456   518   510  1308
 4831    1114  1011  1137  1296
 4832     478   524    72  1344
 4833    1078  1146  1202  1280
 4834    1182   564  1202  1294
 4835    1174  1118  1230  1327
 4836     445   442   436  1090
 4837     341   102     5  1242
 4838     958   923   929  1318
 4839      72  1306  1238    83
 4840     994  1273   625   599
 4841    1063  1043  1102  1248
 4842     270   113   271  1163
 4843     403   592   584  1365
 4844     968   951   983  1326
 4845     687   648   699  1309
 4846     738   737   725  1193
 4847    1079  1054  1151  1328
 4848    1381  1200  1382  1383
 4849      35  1199   154    76
 4850      24   400   218  1383
 4851     376  1200  1381  1383
 4852     391    87   284  1180
 4853      83    51    46  1323
 4854     120    55   449  1364
 4855     176   181    98  1364
 4856    1044  1014  1317  1341
 4857    1026   935  1375  1332
 4858     392   405  1101  1169
 4859     776  1126   762  1183
 4860    1325  1034  1016  1028
 4861     377   490  1360  1383
 4862     148   123   122  1212
 4863     775  1070  1244  1258
 4864     727   709   726  1280
 4865    1320  1318   958    28
 4866     637   987  1333  1376
 4867     755   788    39  1197
 4868     321  1031  1139  1314
 4869     177   962   965  1338
 4870    1262   631  1011   660
 4871     448   403  1060  1378
 4872    1045  1076  1270  1371
 4873     139  1210  1041   118
 4874     746   316   322  1175
 4875     194  1029  1160  1374
 4876     412   389  1127  1173
 4877     133   117  1032  1219
 4878     388  1094   151    47
 4879     394    64     4  1095
 4880    1160  1029  1252  1374
 4881      73    67    93  1380
 4882    1061  1045  1078  1294
 4883     437  1025   438  1301
 4884     468  1359  1017   487
 4885     674   673   702  1098
 4886     935  1375   943   568
 4887     399  1304    12  1203
 4888     624  1060   425   403
 4889    1184  1129  1318  1350
 4890    1097  1028  1344  1038
 4891     320   355  1152  1322
 4892     314   332   311  1175
 4893    1087   212  1099  1220
 4894    1009  1054  1113  1122
 4895    1030  1015  1056  1046
 4896    1031   321  1139  1185
 4897     165  1104  1247  1257
 4898     297  1188   910  1271
 4899    1037   608  1274  1293
 4900     594   581  1120  1244
 4901     147  1331  1065  1077
 4902    1108  1313   612   577
 4903     899   909  1106  1259
 4904     824   831   825  1112
 4905     286   113   270  1163
 4906      49   202  1191  1220
 4907     772   776   785  1149
 4908     705  1146   708   843
 4909    1102   920  1123  1353
 4910     433   248  1059  1225
 4911    1320  1318    28  1350
 4912     624    76   425  1199
 4913    1053  1006  1288  1299
 4914     129  1372  1265   413
 4915    1023  1035  1059  1225
 4916     980   141   915  1012
 4917     762   775   776  1183
 4918      70   399   416  1203
 4919     757   787   784  1190
 4920     260  1105  1201  1269
 4921     423  1127   414   412
 4922     617   608   522  1293
 4923     889   901  1346  1349
 4924    1045  1061  1070  1294
 4925    1143  1076   726   725
 4926     242   232  1100  1163
 4927     861  1103  1361  1366
 4928    1124   771  1067   571
 4929    1029  1031  1136  1160
 4930     856   868   848   861
 4931     727   743   720  1202
 4932      76   555   625  1199
 4933     922   923   895  1334
 4934     201   272  1128  1152
 4935     900   199  1119  1343
 4936    1029    34  1343  1374
 4937     662   520   644  1096
 4938      58   439   835  1251
 4939     107    23   378  1192
 4940     231   198  1128  1305
 4941    1117  1093  1060  1180
 4942    1072  1118  1124  1307
 4943     861   879  1103  1366
 4944     952  1355   539  1211
 4945     422  1328    91    43
 4946    1126  1115  1165  1227
 4947     128   224    50  1377
 4948     621  1341  1308  1153
 4949    1014   523  1107  1287
 4950     780   792  1165  1292
 4951      65   618   395  1153
 4952     152   125   464  1287
 4953    1380   103   111  1377
 4954       9    12  1304  1331
 4955    1287   161   152   155
 4956    1325    59  1220    60
 4957     111   128    50  1377
 4958     446  1056  1222   404
 4959    1109  1251   835  1330
 4960    1379  1088  1016  1134
 4961     191   265  1093  1376
 4962     127   121   475  1377
 4963    1033  1144  1156  1020
 4964     709  1280   705   752
 4965     856   868   861  1061
 4966     839   713   838   844
 4967     448   430   380  1378
 4968     252  1092  1224  1154
 4969    1021  1068  1135  1372
 4970      12   383   416  1331
 4971     109  1094   450   151
 4972    1221   840   838   842
 4973    1061   856  1084  1179
 4974    1063  1102  1236  1248
 4975    1079    11   651     5
 4976    1109  1053  1132  1187
 4977    1072  1039  1124  1345
 4978     207   281   288  1110
 4979    1231   413  1265  1372
 4980     482   560  1069  1300
 4981     686   351  1031  1166
 4982     936   922   452  1355
 4983     922   905   471  1349
 4984    1061   861  1078  1361
 4985     879  1091  1232  1366
 4986     544   871   740  1346
 4987     464   503   523  1107
 4988     147   447  1077  1081
 4989     103  1380   111    93
 4990      65   456  1153  1341
 4991    1030  1015  1201  1275
 4992     619   793  1222  1281
 4993     857   861  1103  1361
 4994     739  1143  1182  1202
 4995    1009  1267  1048  1074
 4996    1347  1174   642  1327
 4997    1194  1036  1259  1321
 4998     464   523   152  1287
 4999    1287   162   155  1013
 5000     815  1292   826   802
 5001     951  1235  1227  1326
 5002    1193  1085  1253  1270
 5003     644   721    63  1096
 5004     241   188   171  1186
 5005     647   693   730  1295
 5006     478    79   530  1097
 5007     269    69   110  1297
 5008     118  1041  1052  1210
 5009     312   203   320  1121
 5010    1026   803  1215  1274
 5011    1217  1113  1283  1369
 5012    1085  1139   728  1175
 5013     832   826  1112  1145
 5014     547  1069   554  1334
 5015     743   564   720  1202
 5016    1035  1023  1062  1092
 5017     590   571   174  1124
 5018      24   218   130  1147
 5019     707   709   724   725
 5020     912   194  1029  1205
 5021     917   981  1111  1315
 5022     359   409   308  1101
 5023    1027   179  1087  1191
 5024      41    25    81  1095
 5025    1066  1025  1176  1256
 5026     938   960  1051  1266
 5027    1055  1045  1270  1342
 5028    1116  1252  1119  1279
 5029    1326  1198  1008  1012
 5030     146    74  1054  1285
 5031    1027   931  1102  1106
 5032     729  1118  1178  1243
 5033      74   101  1140  1328
 5034     838  1371   844   724
 5035     458  1014  1107  1308
 5036     961   949   948  1051
 5037    1075  1263  1281  1319
 5038     309   319   325  1040
 5039     158   160   169  1298
 5040     713  1085   844   839
 5041    1049   617    39  1293
 5042     249   210  1122  1186
 5043    1108  1332  1177  1215
 5044     884  1194  1236  1259
 5045     102  1079  1151    42
 5046    1029   900  1119  1343
 5047      12  1203  1304  1331
 5048     239  1082   235  1159
 5049     224   488  1237  1377
 5050    1031  1019  1033  1185
 5051     724   844   838   713
 5052     835   788  1109  1330
 5053     624   555    76  1199
 5054     481  1349  1218  1289
 5055     691     9   641  1065
 5056    1016  1034  1207  1380
 5057     621  1341   456  1308
 5058    1031   321  1116  1314
 5059     876   899   885  1321
 5060    1193   724  1085  1371
 5061     356   836   575  1167
 5062      10    15    18  1338
 5063    1031  1022  1035  1059
 5064    1037  1005  1145  1197
 5065    1383  1362   490  1360
 5066     495    46  1302  1323
 5067      13    17  1129  1211
 5068    1068  1231  1257  1265
 5069     728  1136  1139  1158
 5070    1085  1064  1162  1175
 5071     625   555   599  1273
 5072    1079   102  1242     5
 5073     244   248  1035  1082
 5074    1184  1289  1069  1003
 5075     819   791   784  1137
 5076    1007  1150  1013  1053
 5077    1042  1304  1327  1339
 5078     149  1006  1298  1363
 5079     386   573  1056  1228
 5080    1027  1028  1102  1171
 5081    1320   960   969   947
 5082     486    79   478  1073
 5083     316   332   322  1175
 5084     288  1219   280  1024
 5085    1028  1034  1220  1325
 5086     223   217   214  1159
 5087     509   469  1312   508
 5088     321   314   758   745
 5089     872   877   878  1155
 5090    1202   743   739   726
 5091    1002  1072  1307  1345
 5092     760   748   794  1368
 5093    1284  1003  1316  1337
 5094     620   566  1046  1360
 5095     691   147  1077  1256
 5096    1118  1174  1290  1339
 5097    1027  1028  1171  1351
 5098     319   138  1040  1343
 5099     248   244   243  1082
 5100     872   860   877  1155
 5101    1032  1163  1224   113
 5102     368   386   573  1056
 5103     555  1060  1199   624
 5104     996   994   670  1172
 5105     803   585  1026  1215
 5106    1146   705   708   710
 5107     116   108   505  1141
 5108     564  1182  1261  1294
 5109    1120   591  1137  1261
 5110     856  1061  1078  1179
 5111    1198   353  1326   974
 5112    1118  1072  1124  1345
 5113     821   335   549  1144
 5114     349  1174  1327   642
 5115      27    64   394  1095
 5116    1287   162   161   155
 5117     181   230    31  1217
 5118     654   670   669  1172
 5119    1027  1087  1220  1191
 5120     684   699  1144  1309
 5121    1012    71  1373  1324
 5122    1103  1045  1204  1361
 5123    1365  1360  1378   613
 5124     213   233   219  1130
 5125     922   471  1334  1349
 5126     725   709  1221  1280
 5127    1046  1075  1117  1015
 5128     102  1079  1242  1151
 5129    1035  1062  1082  1092
 5130     875   868   853  1084
 5131     436   445  1090  1285
 5132    1184  1003  1260  1289
 5133    1133  1125  1083  1206
 5134    1077  1018  1081  1195
 5135    1113  1009  1135  1283
 5136     788    39  1197  1330
 5137     455   969   454  1249
 5138     550   313   502  1330
 5139     632   650   641  1065
 5140     591  1114  1120  1137
 5141     955    19   932   940
 5142      19   949   932   961
 5143    1289   894  1334  1349
 5144    1134   224  1237  1377
 5145     127   128   111  1377
 5146    1138  1094  1217  1283
 5147     857   861   879  1103
 5148     502   313   439  1330
 5149     134   125   116  1141
 5150     818  1083  1296  1086
 5151     669   999  1093  1117
 5152    1283  1018  1369  1009
 5153     730  1230   729   813
 5154     642  1347  1327   694
 5155     955   940   954    19
 5156     449    45   682  1301
 5157    1053  1336  1317  1196
 5158     987   999  1093   654
 5159    1336  1317  1246  1044
 5160     644   643   607  1272
 5161     602   970   975  1108
 5162    1132  1189  1286  1329
# Generated by /Users/zhenhan/Desktop/TetGen/tetgen -pq1.4/12YO9/7 bunny_2000f.off 
