# Stanford bunny (bun_zipper), base holes closed
# quadric edge-collapse decimation to 20000 triangles, 10002 vertices
v -0.03880522 0.1281061 0.004096417
v -0.03775072 0.1277275 0.002307189
v -0.06284735 0.1576437 -0.01656755
v 0.04534228 0.09250236 0.01066061
v -0.09045232 0.1399192 0.02209193
v 0.00489969 0.1258991 0.03162139
v -0.03037199 0.1253338 0.003334245
v -0.04993771 0.14281 0.01239008
v -0.07852144 0.09410759 -0.01114196
v -0.09055069 0.1227628 0.005875489
v 0.04092805 0.1004952 -0.002428158
v -0.02352407 0.1119869 0.03854803
v 0.0096213 0.1277481 0.02825889
v -0.02323059 0.1264835 0.006927767
v -0.08922003 0.1289127 0.004348908
v -0.06818564 0.1553146 0.005816608
v 0.007106629 0.1251741 0.03241714
v 0.03899872 0.09802818 -0.007495725
v 0.02789951 0.09325521 0.04431743
v -0.05006063 0.1416665 0.01440309
v -0.03435433 0.170255 -0.001338751
v -0.07695551 0.1462992 0.04271374
v -0.08527044 0.1099128 0.005750286
v -0.07345293 0.141808 0.04669039
v -0.04971712 0.1567614 0.009798524
v -0.07581871 0.1405769 0.04776596
v 0.03700903 0.0987453 -0.01023064
v 0.03052329 0.1037619 0.03662674
v -0.02887906 0.1773301 -0.005555757
v 0.04269157 0.0924192 0.02613699
v -0.00826464 0.130379 0.01575067
v -0.03131545 0.1260227 0.006883887
v -0.0571385 0.0402652 0.04667597
v -0.05497156 0.04079055 0.04674526
v -0.07449588 0.1470822 0.04230194
v -0.07300661 0.1637194 -0.01449267
v -0.02595137 0.0898203 0.04885231
v -0.03298239 0.1261557 0.002837793
v -0.06386549 0.1563279 -0.01172013
v -0.07099685 0.1376923 -0.007611231
v -0.07071366 0.1416866 0.04595254
v -0.07707778 0.1647203 -0.02297075
v 0.03014284 0.1163247 0.02795652
v 0.03034028 0.1146213 0.02984212
v 0.01400004 0.1140152 0.03796156
v -0.03588969 0.170463 0.0004312379
v -0.0912617 0.1460127 0.02497006
v -0.01400814 0.1127267 0.04052883
v -0.09047524 0.1274536 0.005778452
v 0.03078602 0.10349 -0.01425727
v 0.04029235 0.09922392 -0.004800834
v 0.006584205 0.1314675 0.01662122
v -0.07055576 0.1629733 -0.01274455
v -0.06102561 0.1557789 0.00948541
v -0.05290508 0.04073778 0.04650013
v -0.04181746 0.04141107 0.04290723
v -0.06417358 0.1550748 0.006046874
v -0.03123446 0.1249975 0.00126983
v -0.08298119 0.1067723 -0.0006213495
v 0.03991606 0.1008929 0.02638663
v -0.05192473 0.1574389 0.009861726
v -0.04898354 0.1586147 0.008782962
v -0.01098652 0.1134565 0.04086038
v -0.03815142 0.1718917 0.0001059251
v 0.04193332 0.1014596 0.01716176
v -0.03016155 0.1793629 -0.006611071
v -0.02800857 0.1159206 0.03310943
v -0.02051527 0.1150729 0.03724261
v 0.003910343 0.04207067 0.04578979
v 0.006018847 0.04201923 0.04554882
v 0.008010101 0.04075947 0.04541401
v -0.00698425 0.1133813 0.04124263
v -0.07397696 0.123263 0.05339612
v 0.04133047 0.102147 0.01916762
v -0.07047582 0.09276952 -0.01611926
v -0.06889579 0.09379198 -0.01640917
v -0.02509274 0.1813485 -0.009009192
v -0.05895707 0.1568659 0.00676722
v -0.06185438 0.1552434 0.00563413
v -0.02243396 0.126946 0.009884391
v -0.07278971 0.1624237 -0.01195535
v -0.07787742 0.09559905 0.03621865
v -0.04001334 0.1723815 -0.001519727
v -0.05570169 0.043175 0.04553963
v -0.08721629 0.1349633 0.002764041
v -0.0467607 0.04306968 0.04360852
v -0.04253354 0.04307232 0.04244071
v -0.03964713 0.04179546 0.04178601
v -0.06716814 0.1603096 -0.01154454
v -0.06527001 0.1583971 -0.01160498
v -0.02551716 0.04405785 0.05265001
v -0.00640067 0.1307175 0.01236727
v -0.01248723 0.04391478 0.05017398
v 0.00144836 0.04211024 0.04622517
v 0.009165648 0.04228937 0.04514186
v 0.02693786 0.118339 0.02890734
v -0.03632743 0.09292082 -0.0237362
v -0.003514279 0.1135103 0.0416186
v 0.039338 0.1079434 0.01351299
v 0.008800897 0.1304109 0.02148908
v -0.0006545159 0.1258478 0.03181037
v -0.074369 0.1486463 0.04047755
v 0.01135272 0.1269812 0.02889223
v 0.01790816 0.1221481 0.0312895
v -0.06522788 0.1538471 0.03210685
v -0.05434714 0.04375663 0.04523906
v -0.05197031 0.04305459 0.04526421
v -0.05017105 0.04292681 0.04468271
v -0.04046951 0.04377672 0.04171331
v -0.0257801 0.125183 0.002591474
v -0.02839878 0.1248598 0.002143971
v -0.02793757 0.04463766 0.05073953
v -0.02601248 0.04533501 0.05105229
v -0.009534139 0.0444368 0.04886149
v -0.007364812 0.04316275 0.0486314
v -0.005531637 0.04435677 0.0475688
v -0.0006587412 0.04399897 0.04628758
v 0.002509076 0.04416779 0.04591653
v 0.004988497 0.04416439 0.04588628
v 0.007491849 0.0437721 0.04531695
v 0.01865045 0.1131429 0.03733468
v -0.01298743 0.1141219 0.03992491
v -0.02420417 0.113565 0.03659859
v 0.03804704 0.1004231 -0.008272768
v -0.0004244737 0.1045407 -0.02226713
v -0.07285082 0.09035762 -0.01551187
v -0.06859794 0.09146019 -0.01663616
v -0.0388969 0.1674313 0.002703233
v -0.07384978 0.1368541 0.04966284
v -0.01584799 0.1248813 0.02803301
v -0.02130809 0.09145495 0.05305743
v -0.0342598 0.1270643 0.005070914
v -0.01345749 0.1261518 0.02760117
v -0.05600722 0.04526644 0.04374933
v -0.05150969 0.0459514 0.04265722
v -0.0495193 0.04521903 0.04263559
v -0.04644479 0.0450664 0.04211523
v -0.04342388 0.04476194 0.04186807
v -0.0405136 0.04522047 0.0413459
v -0.06983889 0.1561433 0.0005306233
v -0.006990757 0.09927028 0.05009481
v -0.02948143 0.04523321 0.04994363
v -0.02356797 0.04558223 0.05252104
v -0.02123464 0.04563024 0.05261184
v -0.02041636 0.04697075 0.05139276
v -0.0159722 0.04533429 0.050805
v -0.0140542 0.04525832 0.05009016
v -0.01204189 0.0458469 0.04881956
v -0.009464183 0.04575141 0.04801479
v -0.005816396 0.04570563 0.04721744
v -0.003005741 0.04498808 0.0467812
v -0.0004685547 0.04574552 0.04711174
v 0.002500101 0.04591813 0.0480693
v 0.00510747 0.04590728 0.04845623
v 0.007484454 0.04590724 0.04779847
v -0.03401715 0.1145659 0.03347344
v 0.0424746 0.08454406 -0.006786602
v -0.0679917 0.146338 0.04159933
v -0.001496877 0.1130153 0.04201807
v -0.02279105 0.1239367 0.02324943
v -0.02777011 0.1733992 -0.0181693
v -0.03083998 0.09073724 -0.02477784
v -0.02932347 0.09149415 -0.02652584
v 0.03413398 0.1133364 0.02509031
v 0.005582565 0.1289389 0.02692524
v -0.04413221 0.1273537 0.01955037
v -0.06573802 0.1577257 -0.009566374
v -0.06406906 0.1546674 -0.009036685
v -0.05593797 0.04664628 0.04212695
v -0.05000642 0.04652517 0.04126942
v -0.04766484 0.04652542 0.04079338
v -0.04526953 0.04726843 0.0401926
v -0.0431018 0.0470909 0.04039605
v -0.04100797 0.04724639 0.04042452
v -0.03874686 0.04584125 0.04048613
v -0.03307478 0.1252271 -0.0009824438
v -0.02695125 0.04668106 0.05015442
v -0.02453945 0.04745849 0.05065797
v -0.02250277 0.04809923 0.05024056
v -0.01852174 0.04736757 0.05024705
v -0.01401871 0.04725058 0.04825104
v -0.009547895 0.04713333 0.04775311
v -0.006144375 0.0472441 0.04837852
v -0.002964062 0.04813543 0.04985463
v -0.0009906103 0.04817241 0.05013439
v 0.001309239 0.04804891 0.05046974
v 0.003203504 0.04843585 0.0509547
v 0.005950376 0.04732633 0.04978306
v 0.03540855 0.1114888 0.02504933
v -0.07203461 0.1455795 0.04356066
v -0.06844695 0.1486534 0.03999729
v -0.08041619 0.09432242 -0.009128451
v -0.0760532 0.1428959 0.04601899
v 0.0322059 0.04506121 0.03028026
v 0.03549218 0.04542087 0.03033434
v 0.03843511 0.04506399 0.03045373
v 0.03218052 0.1168854 0.02230055
v -0.04113204 0.1682525 0.002922834
v 0.02965915 0.1018996 0.03872764
v -0.02559932 0.1828991 -0.01043764
v -0.01057732 0.1300749 0.01442306
v -0.06440465 0.1532218 -0.004818043
v -0.05704882 0.04741921 0.04019633
v -0.05550835 0.04804112 0.03943793
v -0.05362187 0.04794196 0.03986321
v -0.0480242 0.04836708 0.039001
v -0.03899237 0.04782701 0.03985032
v -0.0357393 0.04751557 0.03998018
v -0.0682718 0.1638467 -0.01619891
v -0.06676146 0.1625355 -0.01573086
v -0.0272063 0.04871393 0.04786237
v -0.02398597 0.04872521 0.04927719
v -0.02039792 0.04865484 0.04883914
v -0.01794342 0.04923174 0.04735776
v -0.0159491 0.04798384 0.0483639
v -0.01201063 0.04784178 0.04826702
v -0.009486477 0.0488537 0.04966857
v -0.005415773 0.04887531 0.05028514
v 0.008990067 0.04801821 0.04923765
v 0.01061813 0.04784427 0.04783212
v 0.0004922072 0.1135104 0.04175509
v -0.07450256 0.1457513 0.0436311
v -0.06633052 0.1489571 0.03884105
v -0.06399751 0.148283 0.03806785
v -0.06198973 0.149632 0.03663664
v -0.001485158 0.1311362 0.0177297
v 0.03648794 0.0476531 0.03133397
v 0.03803937 0.04690713 0.03143135
v -0.02215289 0.1831643 -0.01185863
v -0.0251917 0.1260828 0.008272559
v -0.07122813 0.1607026 -0.008326299
v -0.05633014 0.04855105 0.03635169
v 0.002488078 0.1134866 0.0413266
v -0.05157058 0.04819965 0.03904597
v -0.05045928 0.04911851 0.03745508
v -0.04501043 0.0498533 0.03892001
v -0.04307641 0.05025823 0.03938434
v -0.04144072 0.05011699 0.03948353
v -0.02545696 0.04929251 0.04792722
v -0.02365 0.04987575 0.0467608
v -0.02065757 0.04996111 0.04640684
v -0.0140222 0.0493005 0.04851023
v -0.01200534 0.05099657 0.05074015
v -0.009996095 0.05101811 0.05103791
v -0.007799252 0.04972781 0.05084172
v -0.00446797 0.05115128 0.05267688
v -0.001490665 0.05049805 0.05287895
v 0.001997269 0.05126528 0.05265557
v 0.004506079 0.05039469 0.05237737
v 0.006169558 0.04921522 0.05112611
v 0.007981899 0.05037114 0.05115189
v -0.0258239 0.09198023 -0.03217699
v -0.07005277 0.1701378 -0.0520347
v -0.06275763 0.1422259 -0.006694567
v -0.005587963 0.1233693 0.03468666
v -0.02721243 0.1243056 0.01943854
v 0.03437858 0.04778197 0.03097221
v 0.03793587 0.04841304 0.03183624
v 0.04002154 0.04843639 0.03219015
v -0.03898317 0.1145977 0.03402397
v -0.07558762 0.1552385 0.02626713
v -0.06289184 0.1511347 -0.00762863
v -0.005812573 0.1300034 0.02267801
v -0.04751662 0.05111605 0.03747677
v -0.0390775 0.04983185 0.03943079
v -0.03756739 0.04928198 0.03938705
v -0.03594825 0.04971934 0.03883123
v -0.03377304 0.04982967 0.03891825
v -0.02462516 0.05094816 0.04339648
v -0.02240164 0.05156647 0.04374652
v -0.02038542 0.05117279 0.04572601
v -0.01598193 0.05068481 0.04812842
v -0.0141047 0.05213248 0.04994619
v -0.006454917 0.05106252 0.05187351
v -0.003468125 0.05267334 0.05389978
v -0.0009802463 0.05197633 0.05416874
v 0.0004606225 0.0511259 0.05296554
v 0.004573764 0.05183271 0.05320694
v 0.00685306 0.05235125 0.05245718
v 0.00932453 0.05307343 0.05202684
v 0.004928122 0.1127267 0.04115688
v 0.01588968 0.128847 0.01771658
v 0.03406384 0.0508292 0.03232047
v 0.03589736 0.05063936 0.03154476
v 0.0386158 0.05034625 0.03208521
v -0.0714451 0.1155979 0.05185906
v -0.01601879 0.1603236 -0.0105727
v -0.08733481 0.1211016 -0.0009620297
v -0.02542319 0.1257592 0.005289403
v 0.02158455 0.1255681 0.02199472
v -0.04047272 0.1705533 0.0009511051
v -0.04171734 0.1234413 0.02455987
v -0.04995671 0.05087744 0.03578709
v -0.04560233 0.05265027 0.03813904
v -0.0346268 0.05189754 0.03809683
v -0.03218631 0.05264258 0.03714324
v -0.02385371 0.05221814 0.04200754
v -0.01847808 0.05210907 0.04771182
v -0.01671245 0.05361596 0.04992298
v -0.01297948 0.0531388 0.05084781
v -0.01099953 0.05319864 0.05169001
v -0.008984316 0.0532516 0.05227492
v -0.006299675 0.05393196 0.05331963
v -0.00159036 0.05411341 0.05476744
v 0.001180538 0.05393317 0.0539138
v 0.005056747 0.05334872 0.05340356
v 0.008394705 0.05444286 0.05244296
v -0.04331674 0.1149611 0.03379338
v -0.08024582 0.1283549 0.05298177
v -0.02151109 0.1133462 0.03826336
v -0.07642962 0.134501 0.05144861
v 0.0405593 0.1056288 0.01366704
v 0.0419675 0.05031536 0.03254909
v 0.04297865 0.05200834 0.0325969
v 0.03572127 0.1010162 0.03322704
v -0.06968524 0.1593061 -0.006587562
v 0.01295124 0.1255647 0.03034772
v -0.06145147 0.1541211 0.03051055
v -0.0710115 0.1561732 0.01291905
v -0.04338451 0.05317654 0.03911374
v -0.04066816 0.0526804 0.03941746
v -0.03800501 0.05251773 0.0390689
v -0.03374889 0.05430308 0.03774793
v -0.02395213 0.05365342 0.04172155
v -0.02096578 0.05331422 0.04559831
v -0.01893518 0.05426465 0.04824264
v -0.01455475 0.0545761 0.0507266
v -0.01147218 0.05461365 0.05188405
v -0.004034594 0.05480411 0.05410212
v 0.003718507 0.05415866 0.05354448
v 0.006004963 0.05474993 0.05310682
v -0.0784843 0.1266608 0.05309714
v -0.03666444 0.175132 -0.004018205
v 0.0376548 0.05299726 0.03160623
v 0.04024977 0.05213277 0.03231952
v -0.02765689 0.1251872 0.003856193
v -0.04535722 0.1656033 0.004537861
v 0.01861778 0.1257725 0.02456079
v -0.02011877 0.1273849 0.007215247
v 0.01415742 0.125817 0.02927346
v -0.06604007 0.1520397 0.03583487
v -0.04300607 0.05483757 0.03942765
v -0.04098847 0.05477461 0.03967147
v -0.03898956 0.05483843 0.03953654
v -0.03698864 0.05551961 0.03924588
v -0.03547868 0.05403853 0.03840921
v -0.03148439 0.05460172 0.03699413
v -0.07896058 0.1553636 0.02073062
v -0.07716004 0.09686755 -0.01156274
v -0.01048703 0.05608477 0.05272447
v -0.008003305 0.05543613 0.05309253
v -0.005800816 0.05690768 0.05400613
v -0.002928012 0.05620405 0.05422264
v 0.0005145341 0.05629111 0.05453302
v 0.00247917 0.05542887 0.05365645
v 0.003346296 0.1223646 0.03488744
v 0.0404084 0.08368066 -0.01126841
v -0.004005863 0.1310829 0.01466576
v 0.02218909 0.1224766 0.02856549
v -0.02825964 0.1254279 0.005823615
v 0.03865672 0.0552648 0.03156542
v 0.04149312 0.05418757 0.03224347
v -0.07600475 0.1380206 0.04940238
v -0.02072309 0.0886479 0.05500369
v 0.0199092 0.1257031 0.02342404
v 0.03185947 0.1142113 0.02811338
v -0.03734368 0.1276567 0.01423411
v -0.0430239 0.05699078 0.03975409
v -0.03882282 0.05675946 0.03993566
v -0.03514885 0.05663675 0.0387439
v -0.03149087 0.05602135 0.03709166
v -0.02910183 0.05603376 0.0364003
v -0.02535138 0.1230573 0.02376974
v -0.09410063 0.127606 0.02125158
v -0.01226843 0.12876 0.003255009
v 0.0195208 0.1273495 0.01448412
v -0.01708182 0.05625753 0.05051023
v -0.01460953 0.05650389 0.0512382
v -0.03673396 0.1758276 -0.006261759
v -0.008994366 0.05758102 0.05398455
v -0.007256059 0.05846362 0.0547294
v -0.00144579 0.05834566 0.05426451
v 0.0005010103 0.05757406 0.05449038
v 0.003006387 0.05758368 0.05391188
v 0.00501812 0.05686225 0.05335307
v 0.00701469 0.05680387 0.0530421
v -0.02477449 0.1257454 0.01661454
v -0.03549846 0.1145413 0.03332199
v 0.005514374 0.1217193 0.03538008
v -0.0642584 0.1589475 -0.01491297
v -0.09163436 0.1158382 0.04022182
v 0.04066307 0.1048879 0.00268404
v 0.02556057 0.102012 0.0414975
v -0.01792706 0.1209599 0.03299247
v 0.04113434 0.1050118 0.009572544
v 0.04390203 0.054984 0.03239332
v 0.04776993 0.05577648 0.03156796
v -0.07850878 0.1332773 0.05199731
v -0.006259477 0.1001848 0.04812844
v -0.05999389 0.1526407 0.03321204
v -0.01908097 0.126808 0.00274931
v -0.04073586 0.05696292 0.0401073
v -0.03750632 0.05838466 0.04002279
v -0.03349435 0.05754433 0.03824994
v -0.03100596 0.05816229 0.03737768
v -0.02898334 0.05818371 0.03671941
v 0.01278074 0.1302721 0.012255
v 0.0209168 0.126594 0.01585624
v -0.01598864 0.05952538 0.05198212
v -0.01379835 0.05909349 0.05252278
v -0.005001364 0.05903798 0.05461742
v -0.002905147 0.0583836 0.05394318
v 0.0004949918 0.05899707 0.05495713
v 0.004515077 0.05981837 0.05523344
v 0.005992649 0.05906403 0.05429287
v 0.01141705 0.05875128 0.05206603
v -0.01197759 0.120321 0.03629039
v -0.0139778 0.1202992 0.03567201
v -0.01594395 0.1202612 0.03480465
v -0.03698712 0.1138342 0.03397734
v 0.00745257 0.1224684 0.03504796
v -0.01500061 0.1141238 0.03933495
v -0.04051472 0.1281682 0.01381939
v 0.03915946 0.1005818 -0.006278017
v 0.009879355 0.1306474 0.01949173
v 0.04149431 0.05626145 0.03183776
v 0.04551748 0.05706872 0.03210716
v 0.04474473 0.09527192 0.005676691
v -0.003901692 0.1301185 0.02263712
v -0.08070435 0.09403757 0.03389729
v -0.02345224 0.1258074 0.002930473
v 0.01147953 0.1253166 0.03116666
v -0.07790264 0.1549691 0.02549115
v -0.03522843 0.05940927 0.03957944
v 0.00437934 0.1317201 0.01070943
v 0.0102794 0.1310434 0.01152785
v -0.01386769 0.0612517 0.05376288
v -0.01049003 0.05974278 0.05468828
v -0.008843145 0.06004497 0.05540744
v -0.004997743 0.06051412 0.0553665
v -0.002982923 0.06061013 0.05503152
v -1.526531e-05 0.06062229 0.05604835
v 0.003001223 0.05977575 0.05554179
v -0.01582861 0.1187386 0.03619483
v 0.001479838 0.1189854 0.03839426
v -0.02446272 0.1198662 0.03076265
v -0.03948341 0.1128982 0.03527705
v -0.08485074 0.1149981 0.0002691779
v 0.03916137 0.05750605 0.03111174
v 0.04429421 0.05814308 0.03183407
v 0.0469229 0.05770378 0.03184187
v 0.01310103 0.1126238 0.03875859
v -0.08100764 0.1542095 0.00979179
v -0.01974041 0.1272554 0.005240758
v -0.007988962 0.1269245 0.02905819
v -0.07715634 0.1556732 0.02133894
v -0.04154001 0.05984143 0.04048168
v -0.03973452 0.05999221 0.04077439
v -0.03299343 0.05968146 0.03859199
v -0.02720733 0.05989223 0.03769594
v -0.005476204 0.1305022 0.006221405
v -0.001357961 0.1311685 0.007786822
v 0.0163169 0.1287527 0.01496441
v 0.02225388 0.1257517 0.0171592
v -0.01148739 0.06189189 0.05500412
v -0.00348503 0.06215681 0.05585176
v 0.002990716 0.0626206 0.05663725
v 0.005031937 0.06198131 0.05610867
v -0.003278682 0.1202207 0.03754858
v -0.007423478 0.1190343 0.03795659
v -0.06606037 0.121529 -0.008909221
v -0.009209266 0.1213817 0.03589038
v -0.06271824 0.1516563 -0.009926425
v -0.08863832 0.09768713 0.021876
v 0.04203649 0.09793752 0.02416562
v 0.04108586 0.09621099 0.02757778
v 0.04201932 0.05904196 0.0308652
v 0.04640932 0.06051605 0.03111782
v 0.04863391 0.06034838 0.03084778
v 0.05076069 0.05893185 0.03019604
v 0.02942792 0.1198304 0.0212632
v 0.04107587 0.08934785 -0.009781915
v 0.0115033 0.1133647 0.03869245
v -0.07766091 0.1556008 0.01374605
v -0.057418 0.06085 0.024689
v 0.01588289 0.1240754 0.02980448
v -0.02677369 0.1246783 0.0009741988
v 0.0002184848 0.09858688 0.05128886
v 0.02651535 0.1226194 0.01874842
v -0.04198382 0.06272276 0.04104994
v -0.0389409 0.06175005 0.04126108
v -0.03550379 0.06125619 0.04034779
v -0.03251205 0.06178967 0.03869026
v -0.03008019 0.06068515 0.03755318
v 0.001698137 0.1315695 0.009619025
v 0.0005362774 0.1313546 0.007738763
v 0.02816422 0.1212173 0.01865155
v 0.03335008 0.1157527 0.02061257
v 0.005224442 0.1266919 0.03029366
v -0.03835205 0.1749323 -0.006710547
v -0.01156864 0.06405596 0.05512444
v -0.009617484 0.06270767 0.05580036
v -0.008548519 0.06408326 0.05598761
v -0.00687805 0.06182438 0.05606259
v -0.005400208 0.0626752 0.05610011
v -0.003509374 0.06347913 0.05633043
v -0.000994561 0.06271319 0.05662628
v 0.0008185532 0.06244713 0.05666295
v 0.001825436 0.06424246 0.05672383
v 0.005112985 0.06416074 0.05628423
v 0.00654688 0.06336634 0.055774
v 0.01349951 0.1182098 0.0360985
v 0.04434262 0.09490152 0.01690375
v 0.04259075 0.09251133 -0.004138328
v -0.007143011 0.1215186 0.03599744
v -0.004991845 0.1210395 0.0366783
v -0.0007880137 0.1205539 0.0374594
v -0.008104141 0.1251552 0.03155904
v 0.04318685 0.06198426 0.02927916
v 0.04451194 0.06042424 0.03085782
v 0.05003834 0.06176814 0.03012306
v -0.003522923 0.1271102 0.03005851
v -0.03376871 0.174322 -0.001839656
v -0.02704197 0.1257768 0.007727467
v -0.03617471 0.1275468 0.004352709
v -0.06492169 0.1547076 -0.006744478
v -0.05059424 0.06285357 0.03375253
v -0.03723963 0.06165097 0.041053
v -0.03500598 0.06409452 0.04073931
v -0.0329975 0.06325768 0.03926206
v -0.03100439 0.06317583 0.03830551
v -0.02898811 0.06248335 0.03759718
v 0.008357658 0.1314326 0.01179575
v 0.01829686 0.1279075 0.01488475
v 0.02387133 0.1247448 0.01775777
v 0.01185749 0.1303702 0.01771467
v -0.01303089 0.06348457 0.05441724
v -0.01000409 0.06548111 0.05542661
v -0.004249638 0.06511877 0.05643496
v -0.001985716 0.06540411 0.05673752
v 1.358508e-05 0.06557319 0.05656723
v 0.003625503 0.06536697 0.0564177
v 0.04229263 0.1007425 0.001687649
v -0.01747457 0.1188706 0.03532831
v 0.003497071 0.1196417 0.03730788
v 0.005452211 0.1188977 0.03731863
v 0.006889479 0.1197087 0.03683688
v 0.04141153 0.08445559 -0.009279627
v -0.0455102 0.1202185 0.02806118
v -0.09216896 0.1161018 0.03784849
v -0.05051704 0.1217062 -0.0114738
v 0.01977744 0.1069533 -0.01662601
v 0.04598502 0.06246418 0.02990817
v 0.0478978 0.06255216 0.0300549
v -0.006296664 0.1306904 0.01526714
v -0.04280569 0.1658513 0.004300254
v -0.00427525 0.1309144 0.01672523
v -0.02485001 0.07521965 0.04891842
v -0.06699353 0.1564914 -0.005423858
v -0.07388797 0.112916 -0.007188768
v -0.04199807 0.06553561 0.04119526
v -0.03977257 0.06413857 0.04155277
v -0.03744056 0.06419002 0.04152357
v -0.03330358 0.06557475 0.03997255
v -0.03099018 0.06460091 0.03858257
v -0.02889675 0.06461354 0.03803132
v -0.02683254 0.06517356 0.03926359
v 0.01410502 0.1296522 0.01416303
v 0.04750804 0.06791567 0.02604069
v -0.01455494 0.06525938 0.05360887
v -0.01230913 0.06576053 0.05436017
v -0.006836981 0.06532126 0.05611864
v 0.00551266 0.06611715 0.055798
v 0.007469915 0.06534904 0.05539283
v 0.01600499 0.1181671 0.03562889
v 0.01793554 0.1189554 0.03470219
v 0.0102029 0.1179585 0.03707044
v 0.003674358 0.1316308 0.01604299
v -0.01929712 0.1187251 0.03486227
v -0.02099679 0.1201819 0.0323879
v -0.02303711 0.1195291 0.03189093
v 0.00940625 0.1205254 0.0361113
v 0.01155753 0.1198011 0.03579413
v -0.09442156 0.1215013 0.02195769
v 0.04088159 0.06366912 0.0294659
v 0.04573553 0.06413297 0.02867673
v 0.04800408 0.0638799 0.02930807
v 0.05006404 0.06377267 0.02924603
v 0.0167223 0.128173 0.01949398
v -0.02150803 0.1829562 -0.02050868
v 0.03828222 0.1078392 0.00149447
v 0.006670561 0.1309989 0.0199837
v -0.02938063 0.1256466 0.008354223
v -0.06628772 0.09033014 -0.01790018
v -0.06422051 0.09020445 -0.01881851
v -0.0371808 0.1666809 -0.01359903
v -0.05429993 0.08831967 -0.02206896
v -0.04493476 0.1310875 0.01069299
v -0.04589156 0.06681516 0.03956164
v -0.03890589 0.06665763 0.04175081
v -0.03642902 0.06623269 0.04141987
v 0.02540065 0.1235646 0.01832969
v 0.0364038 0.1112295 0.02173394
v 0.045076 0.06806814 0.02516363
v -0.01597785 0.06663175 0.05392616
v -0.01351638 0.06823982 0.05419544
v -0.01069285 0.06852133 0.05504223
v -0.009319523 0.06727313 0.05537975
v -0.007400273 0.06679567 0.05584037
v -0.005304447 0.06697805 0.05621774
v -0.002476102 0.06743465 0.05659776
v 5.857895e-05 0.06761008 0.05643906
v 0.002189751 0.06711615 0.05607049
v 0.02085143 0.1132098 0.03670374
v -0.07628344 0.1289055 0.05317668
v 0.008504826 0.1189535 0.03708628
v -0.05609776 0.1543209 0.02295551
v -0.08755515 0.1104634 0.01578402
v -0.08813504 0.1029785 0.009893626
v 0.02811222 0.1207125 0.02290708
v -0.07004146 0.155009 0.0289488
v 0.04246671 0.06590386 0.0276417
v 0.04802102 0.06595831 0.02793107
v 0.05111774 0.06580905 0.02789559
v 0.04182706 0.1004916 -0.0001467818
v 0.01200689 0.1304112 0.01625642
v -0.07740805 0.157105 -0.01319395
v 0.01623886 0.1272088 0.02440915
v -0.01337285 0.1294674 0.01388652
v -0.03983083 0.1280421 0.001287539
v -0.07944466 0.133183 -0.00484406
v -0.03232977 0.09083375 -0.02451148
v -0.04404537 0.06842519 0.04102438
v -0.04200375 0.06767566 0.04143969
v -0.04036602 0.06849712 0.04172412
v -0.03600222 0.06838266 0.04155939
v -0.03350525 0.06795644 0.04071085
v -0.03099606 0.06676132 0.03909287
v -0.02900401 0.06680676 0.03867863
v -0.02686612 0.06730979 0.04003727
v -0.06735702 0.1641856 -0.01811333
v -0.01474525 0.06982183 0.05470877
v -0.008004183 0.06888749 0.0558699
v -0.00451092 0.06892868 0.05651677
v 0.00251179 0.0688843 0.05589105
v 0.004909491 0.06816903 0.05567144
v 0.007235081 0.06795237 0.05526345
v 0.03713851 0.1054095 -0.004330933
v 0.03986491 0.1047954 0.0004884671
v 0.01985584 0.1267648 0.0194763
v 0.007002133 0.1174958 0.03821329
v 0.003992948 0.1182843 0.0383246
v -0.06340004 0.1601323 -0.01881824
v -0.01002995 0.1236905 0.03320641
v 0.04417024 0.09661157 0.01392838
v 0.04157869 0.1003783 0.02191553
v 0.04499041 0.06577813 0.02712234
v 0.049543 0.06796762 0.02643447
v -0.07833842 0.1747841 -0.04775017
v 0.04429458 0.08530951 0.02475403
v 0.00464169 0.131216 0.01925864
v -0.002584577 0.1256967 0.03187562
v -0.01108336 0.1269752 0.02735908
v -0.03480986 0.09079717 -0.02414009
v 0.01088427 0.1067367 -0.01975703
v -0.004404048 0.1045336 -0.02288593
v 0.01023607 0.1042892 -0.02029177
v -0.07123716 0.1577214 -0.002885391
v -0.04308012 0.06983653 0.04182562
v -0.03799848 0.06981247 0.04185214
v -0.03200261 0.06966683 0.04013892
v 0.03144483 0.1179781 0.02024239
v -0.07883083 0.1511425 0.03497927
v -0.05733753 0.1536967 0.0285857
v -0.01198604 0.07020815 0.05513503
v -0.007997902 0.07033376 0.05669266
v -0.006514037 0.06960696 0.05663017
v -0.004427213 0.07032701 0.05733552
v -0.002092252 0.06956678 0.05691609
v 1.691409e-05 0.06962924 0.05656642
v 0.002514587 0.07028434 0.05608842
v -0.07769389 0.1017122 -0.009531433
v -0.0434979 0.1179724 0.03098605
v -0.005754181 0.1183065 0.03866718
v -0.08879993 0.1010275 0.01887365
v -0.08954535 0.1357217 0.009718119
v -0.0148672 0.1288606 0.009274843
v -0.05325713 0.1454725 0.02279721
v -0.007645163 0.1239577 0.03365459
v -0.0882066 0.103405 0.01735584
v 0.04329937 0.06743421 0.02651368
v 0.05156511 0.06780493 0.02642
v 0.05365476 0.06823776 0.02558389
v 0.04200275 0.1028028 0.005619105
v 0.01420928 0.1283826 0.02352471
v 0.01113599 0.1297532 0.02233561
v -0.06892512 0.1621067 -0.01213883
v -0.08551058 0.1524179 0.02520232
v -0.06543082 0.1632962 -0.01962665
v -0.05694027 0.1437681 -0.001975799
v -0.002920103 0.08971721 -0.03559298
v -0.06845139 0.1311424 -0.008768235
v -0.04562787 0.06971001 0.04107844
v -0.04448498 0.07122729 0.04208157
v -0.03601356 0.07042478 0.04185508
v -0.03417174 0.0699965 0.0413524
v -0.02948877 0.06979651 0.0394751
v -0.004825362 0.1284373 0.02740938
v -0.07019975 0.1659697 -0.01906831
v -0.01599836 0.07151799 0.05508686
v -0.01393122 0.07167722 0.05484098
v -0.0115004 0.0716964 0.05586434
v -0.009818049 0.07081896 0.05627972
v -0.007993068 0.07249682 0.0576795
v -0.005699178 0.07241283 0.05829054
v -0.002999746 0.0724707 0.05836331
v -0.0004922703 0.07174612 0.05743169
v 0.004915087 0.07081014 0.05593326
v -0.04783217 0.1643718 0.004873621
v -0.0418486 0.1212801 -0.01227578
v 0.02592721 0.1223365 0.02276623
v -0.02811949 0.08965919 -0.03210063
v 0.04251194 0.1016166 0.012143
v -0.07499196 0.1442586 0.04494377
v -0.009530092 0.1671165 -0.01932261
v 0.0420964 0.1029111 0.007723102
v 0.02725546 0.1013373 0.04085185
v 0.02654202 0.1197929 0.02732166
v 0.02311327 0.1228013 0.0268017
v -0.05337201 0.1592609 0.008029957
v -0.01199118 0.1295238 0.008845193
v -0.04595472 0.07261428 0.04184452
v -0.04300923 0.07185791 0.04228161
v -0.04046371 0.07141593 0.04192421
v -0.03794808 0.0719563 0.04202921
v -0.0360058 0.07182955 0.04195094
v -0.03399733 0.07187601 0.04139448
v -0.03199739 0.07180461 0.04046322
v -0.0294368 0.07188521 0.03998407
v -0.01986722 0.1276721 0.01096337
v -0.06486562 0.1618063 -0.01815795
v -0.01714424 0.07396557 0.05536654
v -0.01539985 0.07292916 0.05534717
v -0.0130003 0.07308711 0.05589101
v -0.01051789 0.07316198 0.05657077
v 2.767465e-05 0.07389094 0.05790308
v 0.001532981 0.0724294 0.05675878
v 0.003121929 0.07247448 0.05614548
v 0.006017986 0.07231543 0.0563579
v 0.007633222 0.07122235 0.05592471
v -0.01400366 0.1161994 0.03842734
v -0.0140104 0.1223242 0.03334566
v -0.04111156 0.1180458 0.0314331
v -0.07199729 0.1210031 0.05358171
v -0.0389505 0.1200809 0.02978831
v -0.08171851 0.1240191 0.05107202
v -0.08182779 0.1293134 0.05222351
v -0.07600014 0.1323272 0.05235116
v -0.07697985 0.1442052 0.0447589
v -0.04065526 0.1283737 0.002950477
v -0.04576566 0.132217 0.01477723
v -0.033656 0.1243309 0.02230544
v -0.001166143 0.1005592 0.04696495
v -0.04300404 0.1290101 0.0135913
v -0.073736 0.1551232 0.02764543
v -0.0625372 0.06521987 0.03129138
v -0.05229841 0.08840419 -0.02194125
v -0.05260253 0.0741661 0.04194057
v -0.04898247 0.07306687 0.04141993
v -0.04208157 0.07426757 0.04269661
v -0.04094625 0.07340342 0.04232846
v -0.03899041 0.07404077 0.04215036
v -0.03759311 0.07412198 0.04197991
v -0.03601504 0.07393427 0.04199251
v -0.02977307 0.07375511 0.04043138
v -0.01448973 0.07448331 0.05614588
v -0.01149815 0.07521966 0.05687604
v -0.008991613 0.07516032 0.05722885
v -0.006301369 0.07525091 0.05833357
v -0.00372117 0.07415026 0.05874392
v -0.001398252 0.07536716 0.05864669
v -0.01951277 0.1167956 0.03641162
v -0.01750171 0.1147789 0.03831643
v -0.01629638 0.1163094 0.03741527
v 0.0009958433 0.1155622 0.04058763
v -0.0005127037 0.1177248 0.03953526
v 0.002501959 0.1169167 0.03965975
v -0.06173268 0.1725368 -0.0560869
v 0.006546764 0.1239376 0.03384053
v 0.03088537 0.1183269 0.0220508
v -0.08979289 0.1410603 0.02944426
v 0.04458414 0.09544183 0.01215058
v -0.07295972 0.1569788 -0.001695236
v -0.02290195 0.1846131 -0.01229779
v -0.09411339 0.1208106 0.02379362
v -0.06667753 0.1550913 0.005354899
v 0.009329029 0.1264514 0.03029491
v -0.04532058 0.1301816 0.0202662
v -0.009647706 0.100079 0.04737845
v -0.01789748 0.1275002 0.00437766
v -0.06010582 0.07421493 0.04133466
v -0.04899931 0.07473382 0.04253149
v -0.04641212 0.07541744 0.04222634
v -0.04399552 0.07408174 0.04253166
v -0.03401188 0.07399509 0.04157137
v -0.03200576 0.07392836 0.04068246
v -0.01645813 0.1278458 0.02029294
v -0.01991751 0.07659942 0.05485413
v -0.01848732 0.07649975 0.05546359
v -0.007557308 0.07532558 0.05786917
v -0.005107299 0.07672546 0.05850996
v -0.003115901 0.07685772 0.05867575
v 0.0006258065 0.07653413 0.05796913
v 0.002905076 0.07517767 0.05636618
v 0.004324989 0.07455891 0.05649157
v 0.005987958 0.07529417 0.05654995
v -0.003205514 0.1164244 0.04018991
v -0.02601781 0.1132391 0.03582018
v -0.02959108 0.1171371 0.03176201
v -0.03251471 0.116592 0.03221801
v 0.006133311 0.114645 0.04012383
v -0.01209356 0.1171844 0.0384396
v -0.01401904 0.1183068 0.03729315
v -0.06987905 0.1211024 0.05326376
v -0.004163268 0.1308532 0.008139591
v -0.09304723 0.1201293 0.02630659
v 0.0418104 0.1033254 0.01148402
v -0.06365903 0.1557105 0.01025997
v 0.02708015 0.1205259 0.02537607
v -0.004040507 0.1310841 0.0120211
v -0.03746394 0.1738062 -0.002243073
v -0.0158633 0.1283815 0.006375437
v -0.06098345 0.07686525 0.04213686
v -0.05875408 0.07561403 0.04240751
v -0.0569024 0.07540825 0.04240912
v -0.05508546 0.07549857 0.04229929
v -0.0507889 0.07567014 0.04300609
v -0.04904872 0.0762053 0.04328763
v -0.04749799 0.07693012 0.04312761
v -0.0439866 0.0761841 0.04259283
v -0.04210066 0.07694725 0.04306084
v -0.04016278 0.07573846 0.04278528
v -0.03801147 0.0761651 0.04225715
v -0.03505355 0.07615987 0.04184592
v -0.03296087 0.07605605 0.04139744
v -0.03105142 0.0760737 0.04086523
v -0.01820524 0.1281554 0.01238173
v -0.06469324 0.1604557 -0.01643356
v -0.03397695 0.177478 -0.007084255
v -0.08201447 0.1546423 0.01968439
v -0.01700155 0.07653317 0.05587108
v -0.0149864 0.07658574 0.05641792
v -0.01275265 0.07696421 0.05710569
v -0.009544548 0.07789351 0.05781204
v -0.006957902 0.07734603 0.05782123
v -0.001160434 0.07833029 0.05822046
v 0.003648354 0.07784618 0.05615637
v 0.005993203 0.07734415 0.0561745
v 0.008008752 0.07792126 0.05589339
v -0.03897347 0.1159677 0.03295998
v -0.02857769 0.1139307 0.03487556
v -0.005574379 0.1154126 0.04031166
v -0.009645314 0.1175193 0.03874115
v 0.03827646 0.1058667 -0.0009279496
v 0.000896302 0.1314273 0.01717617
v -0.08459292 0.1136282 0.001282616
v -0.07852987 0.1245534 0.05223164
v 0.02391773 0.1241464 0.02194837
v 0.01483575 0.1293158 0.01655894
v -0.06961142 0.1581057 -0.0503113
v 0.03660086 0.1074823 -0.003318126
v 0.03699293 0.108629 -0.0008551033
v -0.01805991 0.1242571 0.02711327
v -0.05935787 0.1557349 0.01598672
v -0.03958294 0.1738817 -0.004441063
v -0.01098543 0.1295277 0.006265574
v -0.013401 0.129059 0.007027888
v -0.06317927 0.1537245 0.03236134
v -0.0627963 0.07699602 0.04166966
v -0.0552419 0.0783804 0.04381736
v -0.05299785 0.07699801 0.04293492
v -0.05117644 0.07812888 0.04368285
v -0.04899491 0.07760798 0.0438131
v -0.04409049 0.07818972 0.04244026
v -0.03701232 0.0782934 0.04242051
v -0.03600073 0.07685409 0.04197077
v -0.03394455 0.07793952 0.04154848
v -0.03106702 0.07797033 0.04118374
v -0.06809632 0.08621144 0.0433807
v -0.06594291 0.1627727 -0.01758525
v -0.01199454 0.07943562 0.05757659
v -0.006895862 0.07947286 0.05772004
v -0.005007439 0.07879748 0.05806457
v -0.002900606 0.07888208 0.05822616
v 0.001283668 0.07890108 0.05732025
v 0.005742054 0.07920486 0.05579428
v -0.03138147 0.1150348 0.03364388
v 0.003484342 0.1148507 0.04059602
v -0.03505156 0.1165858 0.03198697
v 0.0374344 0.1096477 0.002114954
v -0.02602545 0.1179678 0.03185076
v 0.03845304 0.108809 0.01843327
v -0.07999421 0.130257 0.05280333
v -0.07262942 0.1757408 -0.05303919
v 0.02390897 0.1233059 0.02467206
v -0.06425449 0.1559056 0.02440466
v -0.08634279 0.152943 0.01381272
v -0.04449457 0.1705807 -0.004084968
v -0.009410837 0.1300394 0.008462287
v -0.0932111 0.1165195 0.01830431
v -0.06354334 0.0797739 0.04285241
v -0.06211016 0.07898594 0.04246811
v -0.05997693 0.07904126 0.04296685
v -0.0577347 0.07821146 0.04351525
v -0.05309144 0.07980638 0.04414169
v -0.04702476 0.07908539 0.043416
v -0.04580027 0.0781217 0.0424495
v -0.03950408 0.07824344 0.04297522
v -0.0350077 0.07893529 0.04206828
v -0.008139483 0.1294861 0.02328005
v -0.0199864 0.07934498 0.05622682
v -0.01798128 0.07933153 0.0568866
v -0.01655779 0.08002972 0.05718683
v -0.01457053 0.07951956 0.05685483
v -0.009498219 0.07993608 0.05805637
v -0.00501661 0.0807371 0.05752661
v -0.003009819 0.08023725 0.05774836
v -0.001256118 0.0806542 0.05756308
v 0.003096647 0.08002345 0.05655498
v 0.007931724 0.08098866 0.05539063
v 0.01450073 0.1160992 0.03685075
v -0.03100856 0.1132206 0.03506844
v -0.01049442 0.1155347 0.03978522
v -0.04101491 0.1167517 0.03250273
v -0.02599498 0.1159713 0.03320291
v -0.007544654 0.1162555 0.03977828
v 0.03925715 0.1069381 0.002643557
v -0.04122266 0.1662048 0.003867212
v -0.04249741 0.1193626 0.0297125
v -0.07401734 0.1392812 0.04833901
v 0.004603031 0.1243074 0.03341613
v -0.08572382 0.1087187 0.00753333
v -0.04346677 0.1252569 -0.008422793
v -0.07860353 0.1295562 0.05316615
v 0.04505906 0.09071536 0.002182156
v 0.01556203 0.1231657 0.03118618
v -0.07394394 0.1514636 0.03627981
v 0.02187874 0.1246303 0.02436553
v 0.001726167 0.1316298 0.01168815
v -0.08108051 0.1550273 0.01778863
v -0.06178463 0.08099236 0.04329927
v -0.05945434 0.08118519 0.04341456
v -0.05488682 0.0805254 0.04481167
v -0.05112862 0.08063667 0.04407837
v -0.04889913 0.07972417 0.04400761
v -0.04507531 0.08043888 0.04260217
v -0.04211603 0.07951428 0.0427373
v -0.04110669 0.08092366 0.0425834
v -0.03843095 0.08040492 0.04312101
v -0.03602075 0.08043865 0.04291153
v -0.03399344 0.08031188 0.04182836
v -0.03198698 0.07966933 0.04126496
v -0.03000007 0.08028116 0.04282785
v -0.08527756 0.109679 0.02235225
v -0.0179841 0.08144376 0.05757284
v -0.01499101 0.08215761 0.05699979
v -0.01242962 0.08144629 0.0576018
v 0.0005781696 0.081316 0.05731478
v 0.003007952 0.08215809 0.05701448
v 0.005013562 0.08215244 0.05657532
v 0.03378012 0.1148226 0.02290764
v -0.02305425 0.1154148 0.03573594
v -0.03710184 0.1159509 0.03238248
v 0.008858348 0.1166294 0.03807551
v -0.07615553 0.1197961 0.05272428
v -0.01508471 0.1624576 -0.009716064
v 0.02518245 0.1234685 0.0203852
v -0.07602865 0.1259589 0.05294235
v 0.002804431 0.1247505 0.03298641
v -0.08814662 0.1260119 0.0006816592
v -0.07645183 0.1303548 0.05297773
v -0.03768147 0.1690832 0.001788175
v -0.07661949 0.1485987 -0.008410468
v -0.06752447 0.158179 -0.007324922
v -0.02584624 0.1249683 0.01847397
v -0.06504906 0.08085057 0.04304328
v -0.0639983 0.08181515 0.04371874
v -0.05935462 0.08312118 0.04369576
v -0.05707296 0.08165366 0.04436365
v -0.05317156 0.08246764 0.04495221
v -0.04989711 0.08192594 0.04414478
v -0.04728682 0.08213087 0.04397294
v -0.0404714 0.08252742 0.04303228
v -0.03825676 0.08263228 0.04372789
v -0.03601446 0.08186863 0.04331966
v -0.03400527 0.08177222 0.04223092
v -0.03198867 0.08180107 0.04160252
v -0.03066625 0.08242695 0.04218032
v -0.01001264 0.08233268 0.05792692
v -0.007648101 0.08209143 0.05766493
v -0.00548884 0.08287316 0.05711562
v -0.002989184 0.08211855 0.05748596
v -0.000429459 0.08295354 0.0574743
v 0.002414075 0.08399921 0.05742746
v 0.01691573 0.1151166 0.03699677
v -0.04545248 0.1637916 0.005492524
v -0.04587282 0.1186638 0.0297355
v -0.07321119 0.1252894 0.0531367
v 0.009200666 0.1245821 -0.008240597
v -0.07030595 0.1476029 0.04141944
v 0.03919376 0.1078423 0.01658034
v 0.04259083 0.1007735 0.003673692
v -0.08652569 0.1531641 0.0170611
v -0.06364884 0.08403809 0.0442605
v -0.06200409 0.0825914 0.04388098
v -0.05497263 0.08262709 0.045165
v -0.05140551 0.08345061 0.04481627
v -0.04848781 0.08408539 0.04488107
v -0.04499427 0.08253362 0.04307112
v -0.04307873 0.0825413 0.04232906
v -0.03399837 0.08317833 0.04224414
v -0.03189947 0.08319322 0.04172273
v -0.08587061 0.1058055 0.0050734
v -0.000591788 0.1311356 0.006119931
v -0.0211935 0.08433104 0.05630013
v -0.01861964 0.08366729 0.0574684
v -0.01647915 0.08357949 0.05733074
v -0.01265653 0.08355089 0.05744175
v -0.01008025 0.08429503 0.05759823
v -0.007641173 0.08428253 0.05730027
v -0.004990081 0.08486814 0.05714684
v 0.005585228 0.08503272 0.05687281
v -0.08475292 0.1072051 0.00338385
v -0.07001991 0.1182827 0.05292325
v -0.07398528 0.1182224 0.05291963
v 0.02879427 0.1192255 0.02530262
v 0.03997499 0.1071223 0.008393402
v 0.01126836 0.1162408 0.03750263
v 0.004645472 0.1317108 0.01353929
v -0.01971157 0.1264094 0.0208495
v -0.03178675 0.1787511 -0.007670482
v -0.06177577 0.1592609 -0.03464905
v -0.07165568 0.1559159 0.002075022
v 0.03756282 0.1061311 -0.002327551
v -0.003133632 0.1223997 0.03594116
v -0.06969656 0.1611018 -0.009753027
v -0.06776842 0.1596047 -0.009346707
v -0.06516676 0.1546471 0.02991602
v -0.07121617 0.1565232 7.165871e-05
v 0.01942901 0.1272628 0.01688113
v -0.08119691 0.1524681 0.03042366
v -0.07020312 0.1647488 -0.01642161
v -0.02245646 0.08863082 0.05387061
v -0.07921616 0.118276 0.05030078
v -0.06583477 0.08473494 0.04410109
v -0.0619948 0.08403106 0.04417654
v -0.05999291 0.08550787 0.04430517
v -0.05721937 0.08439901 0.04433472
v -0.05191051 0.08482362 0.04538685
v -0.04983428 0.08480833 0.04534212
v -0.04598127 0.08472363 0.04437115
v -0.04198798 0.08538434 0.0425976
v -0.04008006 0.08537411 0.04333693
v -0.03809266 0.08532207 0.0438624
v -0.03592664 0.08399391 0.0435255
v -0.03389522 0.08499955 0.04241806
v -0.03199311 0.08463745 0.04203858
v -0.03050136 0.08531187 0.0430458
v -0.002970812 0.1308846 0.00649432
v -0.01945298 0.08635141 0.05656003
v -0.01491247 0.08501961 0.05695685
v -0.01223666 0.08565706 0.05725851
v -0.009147187 0.08634821 0.0573245
v -0.006899044 0.08633787 0.05707932
v -0.002433716 0.08497308 0.05741358
v -9.336694e-05 0.08490057 0.05745814
v 0.001084567 0.08627186 0.05721667
v -0.006091334 0.09141191 -0.03558543
v 0.04520086 0.08624835 0.02075548
v -0.04351581 0.1166023 0.0323921
v 0.01901468 0.08514727 0.05036549
v 0.004991839 0.1162323 0.03949645
v -0.0430775 0.1283397 0.000698084
v 0.02692026 0.116414 -0.006451818
v -0.09220757 0.1266621 0.03822006
v -0.0777584 0.1222785 0.05201394
v -0.05772177 0.1555509 0.01434038
v -0.01580828 0.1261631 0.02565968
v -0.07243066 0.1662975 -0.01928846
v -0.07207528 0.1652895 -0.01717193
v -0.03456648 0.1760499 -0.004043596
v -0.06429032 0.08674778 0.04476092
v -0.0618949 0.08609991 0.0447032
v -0.0571986 0.08655147 0.04447523
v -0.05455491 0.08554295 0.04522356
v -0.04890467 0.08684483 0.04549158
v -0.04352581 0.08575471 0.04317938
v -0.03582616 0.08636385 0.04317767
v -0.03203357 0.08601924 0.04245789
v -0.008413142 0.1299512 0.005550046
v -0.00949392 0.1295251 0.004030027
v 0.002438479 0.1314886 0.007729947
v -0.004228462 0.130495 0.004528291
v -0.01837185 0.08763526 0.05632572
v -0.0172643 0.08612145 0.05704537
v -0.01510266 0.0876808 0.05681847
v -0.01301156 0.08711742 0.05706809
v -0.0110091 0.08693363 0.056902
v -0.005015769 0.08781528 0.05704208
v -0.002994173 0.08771865 0.05688615
v -0.0009970742 0.08771175 0.05675114
v 0.002994749 0.08643921 0.05712966
v 0.004509009 0.08769131 0.05655954
v 0.00746089 0.08602199 0.05628197
v -0.04703436 0.1163896 0.03209655
v 0.0193158 0.08662754 0.04966574
v -0.07129895 0.0801881 0.03953868
v -0.00921726 0.124415 -0.00885869
v -0.03187287 0.1260678 0.005213764
v 0.04228589 0.09531014 0.02584076
v -0.0804118 0.1011248 0.0324427
v 0.008188335 0.1309746 0.01912038
v -0.03269391 0.1772183 -0.004751788
v -0.06608622 0.08826914 0.04445779
v -0.05451456 0.08748777 0.04509159
v -0.05210911 0.08691033 0.04551495
v -0.05045319 0.08697421 0.0455762
v -0.04690853 0.08689251 0.04489116
v -0.04488843 0.08691284 0.04391305
v -0.04163485 0.08756518 0.04257655
v -0.03789922 0.08756982 0.0437113
v -0.03105616 0.08812412 0.04379321
v 0.00701251 0.1315471 0.01012364
v 0.009405322 0.1311249 0.009571909
v 0.01177445 0.1305643 0.01044361
v 0.004780967 0.1315922 0.008954033
v -0.01715638 0.08882106 0.05621181
v -0.01309821 0.0890925 0.05683721
v -0.01099998 0.08917361 0.05657706
v -0.007569242 0.08847892 0.05714422
v 0.004509309 0.08927106 0.05577446
v 0.008882163 0.08779755 0.05543567
v 0.00639067 0.1316561 0.01350719
v -0.0721437 0.1590443 -0.0387277
v 0.01879339 0.08849175 0.04902528
v 0.02170518 0.08703345 0.04900424
v -0.07602517 0.1224992 0.05296547
v 0.008658633 0.1312901 0.01556339
v -0.0208884 0.1250023 0.02291293
v 0.009008406 0.1312915 0.01377631
v -0.06945988 0.1568785 -0.002239901
v -0.08281042 0.1053964 -0.00212969
v -0.02890003 0.1235274 -0.002642684
v -0.06440206 0.0905996 0.04472155
v -0.06241589 0.08843292 0.04529801
v -0.05999865 0.08831552 0.04516622
v -0.05800024 0.08835433 0.04459376
v -0.0560274 0.08934832 0.04499004
v -0.04392304 0.08881601 0.04291789
v -0.04099477 0.08943985 0.04264838
v -0.0394486 0.08813031 0.0432831
v -0.03612249 0.08933261 0.04337272
v -0.03382717 0.08800124 0.04328656
v 0.01780747 0.1281908 0.01287134
v 0.01562346 0.1291676 0.01257198
v -0.01499788 0.08978048 0.05658918
v -0.009290409 0.08919219 0.05705994
v -0.007452594 0.09054502 0.05692561
v -0.005500584 0.09053061 0.0567774
v -0.001941067 0.08975215 0.05642043
v 0.001205009 0.08861422 0.05640273
v 0.002548369 0.08901225 0.05613922
v 0.009526002 0.09032968 0.0542147
v -0.04781724 0.1625062 0.00630985
v 0.02026195 0.08966108 0.04850657
v -0.07786511 0.1639648 -0.02473894
v -0.04643388 0.1151386 0.0333648
v -0.07098275 0.1239174 0.05324924
v 0.04376824 0.09696614 0.003180592
v -0.08958868 0.0983561 0.01690068
v 0.03039485 0.1175164 0.02576154
v -0.06154524 0.1533479 0.03271819
v 0.02259284 0.1253544 0.01987739
v -0.004699852 0.1006935 0.04633395
v -0.08662569 0.1059617 0.008372216
v -0.06997051 0.08951734 0.04208424
v -0.0684336 0.08974018 0.04298712
v -0.06199416 0.09113836 0.0452462
v -0.05928185 0.09048172 0.04522159
v -0.05411176 0.09005483 0.04494723
v -0.05190439 0.08978438 0.04493151
v -0.0499938 0.08970594 0.04494252
v -0.0480017 0.08967858 0.04465214
v -0.04598176 0.089625 0.04375907
v -0.04342303 0.09019995 0.04271518
v -0.03845464 0.08947586 0.04352758
v -0.03325908 0.08987971 0.04423297
v -0.0309834 0.09115383 0.04414742
v -0.02889606 0.08984677 0.04466291
v 0.02118041 0.1264656 0.01462014
v 0.0229654 0.1254426 0.01491286
v 0.02458609 0.1243324 0.01517497
v 0.02613164 0.1231789 0.01575203
v 0.02755211 0.121991 0.01604794
v -0.01741555 0.09153926 0.05524405
v -0.01548584 0.09069857 0.05623467
v -0.01304484 0.09119081 0.0564958
v -0.01095132 0.09113186 0.05645168
v -0.008987821 0.09127346 0.05666092
v -0.003831016 0.09209744 0.05620092
v -0.001995568 0.09185039 0.05605239
v 0.0005112541 0.09112845 0.05585477
v 0.003912024 0.0913616 0.05509711
v 0.006672719 0.08947524 0.05528426
v -0.07199239 0.1181894 0.05319406
v 0.01784861 0.09082537 0.04872151
v 0.02098189 0.09141593 0.04805272
v 0.02273694 0.09199705 0.04774864
v -0.0410109 0.1146748 0.03418235
v -0.02404998 0.1167686 0.03394498
v -0.06994764 0.1456292 0.0429613
v -0.06050598 0.1556748 0.02211247
v 0.04378031 0.09663373 0.01765973
v -0.009437341 0.1780656 -0.02819055
v -0.01050369 0.1223713 0.03460281
v -0.01075683 0.1651427 -0.01913673
v -0.03225352 0.1201137 0.02842979
v 0.006299393 0.1316299 0.01214197
v -0.07112374 0.09240295 0.04185271
v -0.06890829 0.09156291 0.04227169
v -0.06029292 0.09273434 0.04520461
v -0.05749683 0.09185878 0.04538903
v -0.05496397 0.09186655 0.045059
v -0.04661899 0.09241755 0.04353867
v -0.04163999 0.09211437 0.04248928
v -0.03948419 0.09088266 0.04306568
v -0.0373603 0.09093308 0.04364353
v 0.02853217 0.1210308 0.01736174
v 0.03015738 0.119446 0.01868592
v -0.008997833 0.09255695 0.05618353
v -0.006718845 0.09304442 0.05609642
v 1.585958e-06 0.09320014 0.05539993
v 0.005500305 0.0930909 0.05393416
v 0.007687282 0.09183076 0.0537304
v 0.01053356 0.09232961 0.05293314
v -0.08959798 0.1378621 0.03175123
v -0.07602405 0.1359497 0.0506319
v -0.0009958238 0.1148882 0.04118848
v -0.04964084 0.144089 0.00989728
v -0.0351155 0.125979 -0.001523364
v 0.0442889 0.09700536 0.006424906
v -0.05247234 0.161368 0.006097435
v -0.08939216 0.09205627 0.02042747
v -0.08553083 0.1529529 0.02297073
v 0.03544395 0.1123714 0.02280735
v -0.08652313 0.09269711 0.002913772
v -0.07636654 0.1543897 0.002586228
v -0.06952473 0.09401002 0.04223955
v -0.06247537 0.0939081 0.04457585
v -0.05728248 0.09388588 0.04503632
v -0.05297524 0.09238248 0.04417165
v -0.05101896 0.09255782 0.0441465
v -0.0490739 0.09238775 0.04422591
v -0.04000589 0.09376574 0.04257829
v -0.03608208 0.09287431 0.04427093
v -0.03349975 0.09241902 0.04446892
v -0.02835243 0.09239353 0.04445158
v 0.03494485 0.1136773 0.02062954
v -0.01601002 0.1287471 0.013904
v 0.03723624 0.1104352 0.01988033
v 0.03618556 0.1120216 0.01974559
v -0.01544363 0.09286487 0.05528642
v -0.01323066 0.09331602 0.05537634
v -0.00888009 0.0945593 0.05509199
v -0.003998167 0.09389973 0.05555204
v -0.001999823 0.09389694 0.05538219
v 0.001998469 0.09319176 0.05509724
v 0.004007585 0.09383867 0.05427931
v 0.00797773 0.09438698 0.05221333
v 0.009975322 0.09434047 0.05166962
v 0.01285348 0.09312334 0.0517064
v 0.03793271 0.1088123 0.02139679
v 0.0410009 0.1049576 0.01218439
v -0.05040058 0.1542385 0.01095352
v 0.0188524 0.09378242 0.04757839
v -0.0314095 0.1178373 0.03099236
v -0.02203093 0.1174723 0.0346626
v -0.009165668 0.1686808 -0.02093749
v -0.07833745 0.1372957 0.04979347
v 0.04346798 0.09872383 0.004673389
v -0.07798124 0.1386221 0.04894703
v -0.07250912 0.1438757 0.04505783
v -0.03309025 0.1220742 0.02601281
v -0.06782576 0.1563684 0.02022549
v -0.009135283 0.1301898 0.01024307
v -0.06941691 0.1561475 0.02402802
v 0.0366144 0.1104246 0.02324427
v -0.06603157 0.1541561 -0.0008835177
v 0.01016298 0.124832 0.03210836
v -0.06692684 0.09436883 0.04249349
v -0.06450067 0.09385997 0.04370178
v -0.05500322 0.09391404 0.04453456
v -0.05108043 0.09529375 0.0442592
v -0.04889388 0.09541309 0.0445893
v -0.04660436 0.09487636 0.04373609
v -0.04388096 0.09317228 0.0428834
v -0.0377676 0.09392755 0.04362324
v -0.03345551 0.09542913 0.04445858
v -0.03136273 0.09382924 0.04448067
v -0.02950439 0.09467385 0.04501096
v -0.02691272 0.09457358 0.04487076
v -0.06680747 0.1546936 0.00170342
v -0.04594493 0.132572 0.0125068
v 0.0005154729 0.127937 0.02858548
v 0.007530497 0.12654 0.03039568
v -0.01353458 0.09509725 0.05361138
v -0.01132063 0.09396061 0.05539408
v -0.005996921 0.0946 0.05524661
v -0.004151662 0.09563682 0.05443697
v -0.001678113 0.09586825 0.05418729
v 0.001985986 0.09521014 0.054158
v 0.004938887 0.09583725 0.05268666
v 0.02053492 0.09414562 0.04755523
v 0.02170912 0.0953743 0.04711418
v -0.07400376 0.1210914 0.05347921
v -0.02214397 0.1220305 0.02877571
v 0.04267704 0.09784839 0.02196327
v -0.07945287 0.1392183 0.04815066
v -0.03710094 0.1270441 -0.0004209401
v 0.03259024 0.1151928 0.02529345
v -0.02620849 0.1223048 0.02494436
v 0.011477 0.1306299 0.01461162
v -0.07110501 0.09577658 0.04161288
v -0.0689399 0.09592032 0.0421557
v -0.06622731 0.09680945 0.04215671
v -0.06448203 0.09546468 0.04307419
v -0.06123393 0.09561812 0.04409292
v -0.05856627 0.09557385 0.04430884
v -0.05551528 0.09600502 0.04370388
v -0.05308727 0.09517879 0.04376433
v -0.0459619 0.09655424 0.04321538
v -0.04208968 0.09525219 0.04223969
v -0.04000116 0.09578702 0.04231843
v -0.03747853 0.0962792 0.04307741
v -0.03497914 0.09597188 0.04393733
v -0.02756343 0.09597751 0.04435532
v -0.02976849 0.1248077 0.01887212
v -0.08928519 0.1358341 0.02970241
v -0.0154304 0.09594285 0.05247874
v -0.01198372 0.09650189 0.0523892
v -0.009572065 0.09652046 0.05341624
v -0.006472752 0.0966477 0.05355573
v -0.002960518 0.09773789 0.05248036
v -6.275634e-05 0.09725184 0.05299249
v 0.009461266 0.0963545 0.05011743
v 0.0119867 0.09561484 0.05002924
v 0.01306084 0.0970804 0.04867368
v 0.01586247 0.09572474 0.0482418
v 0.01898924 0.09620948 0.04723425
v -0.03404272 0.1187035 0.03065291
v -0.08984455 0.1133282 0.02119784
v -0.06683389 0.0801693 0.04193889
v -0.07841515 0.1318251 0.05260152
v -0.06579205 0.1562427 0.01671686
v -0.01777294 0.1279675 0.00740369
v 0.03121387 0.1174216 0.02407143
v 0.02106226 0.1263821 0.01804065
v -0.006773777 0.1304497 0.007795564
v -0.05752205 0.09748799 0.04312823
v -0.05414794 0.09795261 0.04305567
v -0.05208862 0.09728188 0.04355263
v -0.04831962 0.09779798 0.04373466
v -0.04388478 0.09662521 0.04271322
v -0.04195613 0.09731285 0.04213615
v -0.03306918 0.09744317 0.04413241
v -0.03028963 0.09672518 0.04477634
v -0.02851779 0.09811316 0.04367435
v -0.0277054 0.1225821 0.02292358
v -0.05411285 0.1538825 0.01490103
v 0.05157894 0.06930614 0.02508575
v 0.044799 0.06969469 0.02412935
v -0.007456464 0.09812055 0.05182706
v -0.004826633 0.09829728 0.05177261
v -0.06226448 0.1539384 -0.0306288
v 0.00697238 0.09703956 0.05057293
v 0.009088207 0.09812828 0.04879066
v 0.01083922 0.09857478 0.04844045
v 0.01707963 0.09679545 0.0475086
v 0.01798508 0.09760787 0.04715244
v -0.003487327 0.1183112 0.03902113
v -0.07742111 0.1407916 0.04751539
v -0.04200038 0.1283715 0.001542952
v 0.03678027 0.1091463 0.02539779
v -0.07451858 0.1556803 0.000225784
v 0.002319675 0.1302015 0.02393853
v -0.01834695 0.1253361 0.02477588
v -0.04645246 0.1326411 0.01893947
v -0.06897492 0.09794431 0.04157104
v -0.06345491 0.09798028 0.04249857
v -0.05916391 0.09815981 0.0429638
v -0.05753824 0.09942188 0.04299615
v -0.05599592 0.09947688 0.04317812
v -0.05099224 0.09946348 0.04312121
v -0.04900976 0.09956113 0.0432256
v -0.04633612 0.09948091 0.04251418
v -0.04343162 0.09876253 0.04241636
v -0.04063667 0.09884638 0.04170819
v -0.03904665 0.09752697 0.04222859
v -0.03598164 0.09803188 0.04298112
v -0.02980738 0.09971902 0.04345977
v -0.02640448 0.09806305 0.04389344
v -0.02442723 0.09965474 0.04451353
v -0.02221302 0.09892 0.04457319
v 0.006629309 0.1277094 0.0287521
v -0.06571315 0.1559506 0.01226934
v -0.04220081 0.1214537 0.02724644
v -0.08612624 0.1124428 0.02723746
v -0.06468086 0.1694632 -0.06049645
v -0.07877115 0.1107869 0.04493039
v -0.07538486 0.06923097 0.02379522
v 0.04492332 0.09002095 0.01916501
v -0.0896804 0.09299686 0.01550077
v 0.004265789 0.09844589 0.04995709
v 0.006877419 0.09899941 0.04811506
v 0.01498214 0.09833977 0.0476615
v 0.01912436 0.09855286 0.04679434
v 0.02163141 0.09928665 0.04580204
v -0.03672612 0.1187066 0.03087108
v 0.006997944 0.121089 0.03595816
v 0.0405346 0.09603563 -0.005933898
v -0.05097682 0.1593519 0.008448265
v -0.0717735 0.1535198 0.03284116
v -0.04937976 0.09262022 -0.02161328
v 0.02626241 0.1215894 0.02435944
v 0.0195208 0.1263657 0.02164735
v -0.0007549951 0.1314177 0.009894466
v -0.002407828 0.131207 0.009605033
v -0.005321152 0.1308444 0.00994761
v 0.01757544 0.12817 0.01687362
v -0.02372489 0.1247732 0.02045306
v -0.07077166 0.09954826 0.04038141
v -0.06784926 0.09955911 0.0413514
v -0.06549085 0.09944987 0.04201031
v -0.06199423 0.10083 0.04233636
v -0.06091607 0.09850244 0.04283951
v -0.03599858 0.1001098 0.04218302
v -0.03397939 0.09943488 0.04302436
v -0.03198845 0.09957344 0.04364519
v -0.02636964 0.1007135 0.0437712
v -0.02139461 0.1012274 0.04424215
v -0.08984558 0.1179206 0.004309424
v 0.04571546 0.08620623 0.01366694
v -0.03393299 0.1270608 0.007382512
v 0.001846277 0.1003245 0.04660489
v 0.003954938 0.1003577 0.0462663
v 0.006584633 0.1009907 0.04660177
v 0.008521709 0.1003751 0.04751401
v 0.01271375 0.1001269 0.04791173
v 0.01447467 0.1004706 0.04743982
v 0.016994 0.09970589 0.04694251
v -0.008659573 0.1303817 0.01285704
v 0.02760025 0.1214822 0.02058296
v -0.04480268 0.1617799 0.006243991
v -0.08426601 0.1539972 0.01789789
v -0.01779864 0.1281224 0.009610497
v -0.07538414 0.103541 -0.01052795
v -0.0226316 0.1264097 0.004973816
v -0.06887738 0.1631879 -0.01417516
v -0.06694864 0.1614419 -0.01363604
v -0.06563217 0.1598767 -0.01363205
v -0.06364455 0.157353 -0.0137967
v -0.07913756 0.1486621 0.03878213
v -0.06688382 0.1017229 0.04096338
v -0.06424033 0.1011453 0.04201848
v -0.06049827 0.1022136 0.04209102
v -0.05865383 0.1007952 0.0427674
v -0.05604887 0.101608 0.04268149
v -0.05363209 0.1003127 0.04248317
v -0.04900163 0.1015139 0.04209855
v -0.04591522 0.1015919 0.04193894
v -0.043273 0.1007587 0.04206966
v -0.04001799 0.1007029 0.04114792
v -0.0379956 0.1000862 0.04172079
v -0.03599488 0.1021641 0.04102497
v -0.03143154 0.1016114 0.04258386
v -0.0284249 0.1015226 0.0429109
v -0.01854998 0.1016168 0.04360086
v -0.01596061 0.1014681 0.04397272
v -0.01393913 0.1010138 0.04390387
v -0.009062976 0.1016428 0.04403057
v -0.03192385 0.175046 -0.003064308
v 0.002558393 0.1015193 0.0445146
v 0.005083393 0.1015946 0.04530771
v 0.01091923 0.1011845 0.04765137
v 0.01621293 0.1021229 0.04639403
v -0.04048553 0.1199782 0.02954537
v 0.04399256 0.09218983 0.0228208
v -0.04824067 0.1604645 0.007653651
v -0.05886374 0.1551327 0.02341732
v -0.0458153 0.1595251 0.007362009
v 0.00419725 0.1298764 0.02487388
v 0.02954353 0.1193552 0.02344396
v 0.002494178 0.1317197 0.01394915
v 0.0003677325 0.1315114 0.01328987
v -0.001901507 0.131329 0.01268393
v -0.07206123 0.1033844 0.03803189
v -0.06966457 0.1019021 0.03973364
v -0.06498981 0.1035519 0.0408316
v -0.06299441 0.1035857 0.0412176
v -0.05515945 0.1033818 0.0417517
v -0.05298066 0.1021175 0.04159356
v -0.0509096 0.102292 0.0415818
v -0.04910814 0.1028217 0.0410832
v -0.0475033 0.1035741 0.0410141
v -0.04599833 0.1036176 0.04152915
v -0.04181362 0.1024153 0.04111173
v -0.03789295 0.1022432 0.04070445
v -0.03370246 0.1023441 0.04153971
v -0.03099582 0.1036046 0.04163841
v -0.02800899 0.1036344 0.04204457
v -0.02499619 0.1040123 0.04267368
v -0.02429445 0.1024465 0.04355397
v -0.02210428 0.1038032 0.04328272
v -0.01799074 0.1030905 0.04347087
v -0.01460821 0.1026569 0.04338028
v -0.009856713 0.1035283 0.04364081
v -0.007647222 0.1040202 0.04374235
v -0.008971668 0.1135626 0.04118792
v 0.002615359 0.1032072 0.04360732
v 0.007559716 0.1030097 0.04529444
v 0.009564569 0.1024329 0.04655436
v 0.0124251 0.1032697 0.04623845
v 0.01415537 0.1022418 0.04681519
v 0.01669167 0.1038776 0.04494855
v -0.03908511 0.1174541 0.03179181
v 0.003627232 0.1209303 0.03610493
v 0.04407936 0.09383689 0.02115454
v -0.04212484 0.1636161 0.004700827
v 0.04242484 0.1020999 0.009780611
v -0.06254706 0.1492841 -0.007484883
v -0.06897071 0.1554387 0.002454424
v -0.02530575 0.123854 0.02157219
v -0.0735232 0.1033465 0.03742171
v -0.06049962 0.1049785 0.04079184
v -0.05780002 0.1037423 0.04175443
v -0.05399541 0.1042987 0.04104431
v -0.05142164 0.10419 0.0405361
v -0.04899514 0.1049381 0.0400979
v -0.04400746 0.1037147 0.04158494
v -0.04248763 0.1050141 0.04072464
v -0.039992 0.1035418 0.04002853
v -0.03846157 0.103551 0.03989816
v -0.03694586 0.1042042 0.03962885
v -0.03501209 0.1042467 0.04010924
v -0.03300699 0.1049711 0.04023349
v -0.02950032 0.1036093 0.04171211
v -0.02040667 0.1030449 0.043376
v -0.01341864 0.1043825 0.04344766
v -0.004552042 0.1042739 0.04403091
v 0.005090255 0.1036866 0.04353471
v 0.008515712 0.1043478 0.04417474
v 0.01100865 0.1051246 0.04431619
v 0.01349459 0.1044998 0.04488316
v 0.01560602 0.1199328 0.03455713
v -0.01899959 0.1133905 0.03894922
v 0.03942618 0.1064309 0.02036717
v -0.07374097 0.127071 0.05270893
v -0.02658166 0.1259379 0.00998452
v -0.07663381 0.152307 0.03417815
v 0.01841116 0.1272907 0.01969167
v -0.07192353 0.1054849 0.03753889
v -0.06933633 0.1050653 0.03831604
v -0.06700784 0.1049046 0.03942254
v -0.06499447 0.1056155 0.03968727
v -0.06299001 0.1056374 0.04012576
v -0.05557598 0.105838 0.0406599
v -0.05249359 0.1056537 0.04023093
v -0.04656141 0.1057156 0.04065996
v -0.04373811 0.1067216 0.04030882
v -0.04095315 0.1063622 0.03934197
v -0.03750904 0.1062807 0.03841437
v -0.03600677 0.1062944 0.03865582
v -0.03401697 0.1063217 0.03910725
v -0.03050754 0.1056763 0.04049365
v -0.02750176 0.1066446 0.04039195
v -0.02649392 0.1053479 0.04137099
v -0.02148928 0.1058706 0.04239752
v -0.01899685 0.1051018 0.04283913
v -0.01673012 0.1048573 0.04270119
v -0.01256706 0.1057568 0.04328404
v -0.01052268 0.1051128 0.04348447
v -0.008044833 0.105928 0.04386409
v -0.002811203 0.105348 0.04417985
v 0.0009817487 0.1051169 0.04325959
v 0.003174526 0.1053142 0.04259976
v 0.004900788 0.1064556 0.04187046
v 0.006927255 0.105307 0.04234384
v 0.01291979 0.1064886 0.04282471
v 0.01845505 0.1051482 0.04323575
v 0.01376388 0.1200854 0.03508945
v -0.03609268 0.1206094 0.02928166
v -0.005152709 0.1137169 0.04124487
v -0.08997254 0.1400874 0.02430189
v 0.04408796 0.09791577 0.008864479
v -0.09447243 0.1256307 0.01974483
v -0.05872111 0.1136144 0.03611112
v -0.03493389 0.1265879 0.001130683
v -0.03725497 0.1737392 -0.01105924
v 0.0249435 0.121583 0.02657443
v -0.07323235 0.1073893 -0.01026604
v -0.07214846 0.1082832 0.03766463
v -0.07042848 0.1076256 0.03727457
v -0.06649448 0.106984 0.03856993
v -0.06356084 0.107021 0.03922332
v -0.05831908 0.1065156 0.04010539
v -0.05562956 0.1071477 0.03985395
v -0.05274077 0.1074054 0.03954874
v -0.0500873 0.1069564 0.03919629
v -0.04800485 0.10775 0.03953143
v -0.04589891 0.1078196 0.03969297
v -0.03897413 0.1062266 0.03847121
v -0.03100657 0.1077369 0.03920481
v -0.02887438 0.1076218 0.03951151
v -0.02398869 0.1064387 0.04169256
v -0.01898587 0.107243 0.0420947
v -0.01710357 0.1077711 0.0418746
v -0.01516147 0.1062818 0.04279823
v -0.01349321 0.1072177 0.04300084
v -0.01098779 0.1072408 0.04318316
v -0.008219632 0.1073331 0.0437688
v -0.005351406 0.1065309 0.04400457
v -0.001099792 0.107062 0.04351915
v 0.001036513 0.1071702 0.04291045
v 0.009045141 0.1064837 0.04192024
v 0.01101576 0.1071003 0.04171574
v 0.0157351 0.1061071 0.04295416
v 0.01798858 0.1070733 0.04148083
v 0.02034708 0.1066041 0.04097455
v 0.02233064 0.1078362 0.03933764
v -0.07937575 0.1427329 0.04524676
v 0.01294833 0.1292171 0.02204951
v 0.01541924 0.1281775 0.02228193
v -0.0561235 0.1583465 0.007750551
v 0.01499245 0.1067532 -0.01842493
v -0.06847965 0.1076903 0.03768045
v -0.06626116 0.1086735 0.03794793
v -0.06089878 0.1076353 0.03907964
v -0.05812353 0.1085002 0.03876133
v -0.05504758 0.108472 0.0390158
v -0.04096313 0.1084387 0.03834416
v -0.03903115 0.1083839 0.03762613
v -0.03705696 0.1083383 0.03758764
v -0.03451814 0.1080548 0.03821272
v -0.03200344 0.1084311 0.03854113
v -0.02551793 0.1078223 0.04048191
v -0.02400484 0.1092034 0.04011264
v -0.02149626 0.1078435 0.04146385
v -0.01448537 0.1089539 0.04235226
v -0.01147973 0.1089748 0.04273941
v -0.008820361 0.1091148 0.04325432
v -0.006482059 0.1094349 0.04327062
v -0.004100991 0.1093392 0.04322008
v -0.002497634 0.1079276 0.04353002
v -0.001009333 0.1093324 0.04291665
v 0.003799318 0.1077354 0.04214572
v 0.01161514 0.1090008 0.04008555
v 0.01316168 0.1093627 0.04016351
v 0.0153061 0.1079497 0.0412165
v -0.05221094 0.1146853 0.03435966
v -0.001904325 0.131256 0.01519565
v 0.02829623 0.1185655 0.02723548
v -0.08954602 0.1364345 0.01172578
v 0.04006514 0.1063211 0.01566548
v -0.07164692 0.1617778 -0.01028871
v -0.07132566 0.1553613 0.02751368
v -0.00243412 0.1287535 0.02717308
v -0.06669976 0.1554464 0.00756321
v -0.06653633 0.1249118 -0.008905466
v -0.008290334 0.1092219 -0.02220119
v -0.06506637 0.1184583 -0.009089415
v -0.06299027 0.1105559 0.03742579
v -0.0604066 0.1097067 0.0377756
v -0.05710384 0.1098399 0.03779741
v -0.05399948 0.1097702 0.03785433
v -0.05139282 0.1085958 0.03856301
v -0.04605283 0.1098612 0.03830585
v -0.04373202 0.108831 0.03893923
v -0.04365828 0.1107291 0.03745455
v -0.04066602 0.1106458 0.03692543
v -0.03797327 0.1095218 0.03705407
v -0.03001552 0.1104149 0.03731271
v -0.02800788 0.1098271 0.03814902
v -0.02616841 0.1094025 0.03916231
v -0.02050073 0.1099211 0.04056115
v -0.01853153 0.1092393 0.04127082
v -0.0150784 0.1108205 0.04137414
v -0.01247217 0.1106921 0.04202197
v -0.009980275 0.1107198 0.04246028
v 0.0006220711 0.109434 0.04267624
v 0.002988894 0.1096322 0.042395
v -0.009563148 0.1196834 0.03722321
v 0.007764137 0.1104883 0.04053553
v 0.01019855 0.1108884 0.03954982
v 0.01481341 0.1104238 0.03980188
v 0.01752308 0.1091173 0.039766
v 0.01999864 0.1091317 0.03931741
v 0.03784481 0.1076984 0.02463027
v -0.07462736 0.1614987 -0.01204903
v 0.0003301688 0.1300281 0.02418724
v -0.06850864 0.1555811 0.007632111
v -0.03891012 0.1077654 -0.01985525
v -0.04341632 0.0921721 -0.0226322
v -0.06584072 0.09297988 -0.01793149
v -0.04750696 0.113274 0.03516805
v 0.01440609 0.1290794 0.02021543
v -0.04298341 0.1622122 0.005378598
v -0.06057936 0.111176 0.03684438
v -0.05175498 0.1105596 0.03735726
v -0.04846749 0.1105472 0.03765368
v -0.03748058 0.1110326 0.03611114
v -0.03490917 0.110467 0.03661849
v -0.03248469 0.1105219 0.03700113
v -0.02650718 0.1112224 0.0375011
v -0.02217066 0.1108405 0.03969638
v -0.01949639 0.1113091 0.04004318
v -0.01699576 0.1120177 0.04013191
v -0.007483137 0.1115015 0.042264
v -0.004416399 0.1114496 0.04235741
v -0.002595078 0.110744 0.04265874
v -0.0009991304 0.1114289 0.04241834
v 0.001130622 0.1119052 0.04230309
v 0.004073361 0.1106866 0.04201476
v 0.01289626 0.1112377 0.03932723
v 0.01599401 0.1119409 0.03877724
v 0.018811 0.1107156 0.0385841
v 0.02152605 0.1104485 0.03795205
v -0.0212815 0.1271563 0.008632747
v 0.04146189 0.09857675 -0.002804928
v -0.04606241 0.1138383 0.03452566
v -0.07899684 0.1351819 0.05093602
v 0.03886462 0.1066397 0.02284107
v 0.04079897 0.1053399 0.004906554
v -0.08575423 0.1113534 0.02448319
v -0.06350013 0.152595 -0.007248001
v -0.06536367 0.1564787 -0.008417767
v 0.01146579 0.1300847 0.02031548
v 0.01741865 0.1270157 0.0224115
v -0.04194439 0.09222977 -0.02298762
v -0.03106007 0.1614562 -0.01430701
v -0.03387954 0.172719 -0.001185458
v -0.06111344 0.1131913 0.03650419
v -0.05811514 0.1118403 0.03637262
v -0.05599825 0.1118286 0.03626453
v -0.05398907 0.1117788 0.03628487
v -0.05210841 0.1125386 0.03591086
v -0.04956872 0.1125281 0.03578064
v -0.04650073 0.1118929 0.03640424
v -0.044438 0.1131358 0.03525417
v -0.04199429 0.1125235 0.03568601
v -0.03693699 0.1124742 0.03503607
v -0.0339314 0.1123637 0.03520291
v -0.02850704 0.1122164 0.03612086
v -0.04513089 0.09596587 -0.02195995
v -0.009010623 0.1059239 -0.02275938
v -0.07924548 0.1363957 -0.00447025
v -0.07746222 0.1288644 -0.007016419
v -0.07420248 0.08716153 -0.01517945
v -0.06841227 0.08576858 -0.01764999
v -0.05580301 0.08690991 -0.0215018
v -0.07066815 0.08651272 -0.01670174
v -0.06225775 0.08676281 -0.01917217
v 0.02828147 0.1166767 0.02978732
v -0.04704617 0.1343457 0.0150165
v -0.03163887 0.1667026 -0.01616439
v -0.01535231 0.1694272 -0.02229375
v -0.06904426 0.1555483 0.02708443
v -0.06895897 0.1662457 -0.02076565
v 0.01325522 0.03732433 0.0444676
v -0.05061644 0.06637702 0.03656429
v -0.06600303 0.1377177 -0.007887839
v -0.06146069 0.1245558 -0.00855509
v -0.0007506971 0.10609 -0.021833
v -0.02065882 0.03703742 0.05350767
v -0.01532968 0.03710561 0.05142343
v -0.01180321 0.03789095 0.05033155
v -0.007807395 0.03811719 0.0490271
v -0.001299205 0.038381 0.0470382
v 0.01125636 0.03877022 0.04476487
v 0.01747738 0.0396387 0.04353041
v 0.01923578 0.03829391 0.04195948
v -0.01815329 0.1675817 -0.01326909
v -0.05118625 0.1254206 0.0337501
v -0.0444159 0.09342326 -0.02215731
v -0.06100124 0.1295646 0.04002463
v -0.07950177 0.1273342 -0.005943654
v -0.05696078 0.09476545 -0.02141752
v -0.01546163 0.1840697 -0.02121436
v -0.04851435 0.1259231 0.03029765
v -0.0336161 0.1629793 -0.01457531
v -0.04651465 0.03629913 0.04526941
v -0.04444348 0.03597192 0.04435814
v -0.04370241 0.1297747 0.01198175
v -0.003428343 0.09716595 -0.02992903
v -0.03008655 0.1254809 0.004902051
v -0.06677699 0.1644047 -0.01934374
v -0.01768294 0.03911653 0.05245092
v -0.01399092 0.03782351 0.05109581
v -0.01319493 0.03922718 0.0508427
v -0.01076962 0.04001667 0.04996675
v -0.008726834 0.04009398 0.04934412
v -0.006278097 0.03951386 0.04857372
v -0.003680236 0.03892752 0.04781223
v 3.154752e-05 0.03915272 0.04673319
v 0.001736076 0.03881752 0.04633396
v 0.003451973 0.03995884 0.04597853
v 0.005636461 0.04006853 0.04569494
v 0.009607383 0.03970702 0.04514329
v 0.01344715 0.03987902 0.04458472
v 0.02345624 0.0406733 0.03899169
v -0.06056009 0.08588869 -0.01987172
v -0.07490202 0.1237812 -0.007863355
v -0.03834016 0.09573347 -0.02273827
v -0.08220022 0.150913 0.03274722
v -0.06751845 0.1326317 0.046287
v -0.03521263 0.1269764 0.002493895
v -0.05012068 0.0375547 0.04624791
v -0.05196585 0.1332324 0.03103893
v -0.02583163 0.03983843 0.05412698
v -0.02375868 0.04063121 0.054138
v -0.02218552 0.04024578 0.0539657
v -0.01994987 0.03962462 0.05325861
v -0.01541313 0.04019033 0.0515863
v -0.0131143 0.04151102 0.05077323
v -0.006706911 0.04180378 0.048684
v -0.004179095 0.04092017 0.04796195
v -0.002328282 0.0403977 0.0474338
v -0.001684889 0.04222082 0.04701145
v -0.05037378 0.1233976 0.03310234
v -0.05580749 0.1453801 0.03084954
v 0.01121495 0.04114753 0.04504441
v 0.01452128 0.04281053 0.0445685
v 0.01721454 0.04277992 0.04405079
v 0.0190865 0.04149751 0.04309032
v 0.02157398 0.04161107 0.04147351
v 0.0277485 0.04249845 0.03285299
v 0.02833697 0.04174123 0.03118864
v -0.01261204 0.1734796 -0.02014175
v -0.0666087 0.1160964 0.04935243
v -0.06341323 0.09389804 -0.01873496
v -0.04827141 0.09423682 -0.02192222
v -0.05574895 0.1431779 0.03063081
v 0.02355046 0.1184067 0.03209319
v 0.03358877 0.1127861 0.02700293
v -0.055563 0.038638 0.047144
v -0.05333353 0.03885782 0.04704895
v -0.05085597 0.03948103 0.04615699
v -0.04810299 0.03869324 0.04534302
v -0.04574531 0.03838956 0.04481976
v -0.04214689 0.03954789 0.04332444
v -0.07043462 0.1303992 -0.008772502
v -0.02109074 0.1763234 -0.01497852
v -0.03314247 0.1646718 -0.004076889
v -0.02055734 0.04252053 0.05337169
v -0.01802976 0.04115311 0.05262463
v -0.01541399 0.04250795 0.05155511
v -0.01090965 0.04262909 0.04993097
v -0.008898565 0.04263265 0.04930958
v -0.004492498 0.04263899 0.04788149
v 0.01112329 0.0431528 0.04483669
v 0.01285101 0.04259232 0.04477104
v 0.01942809 0.04435113 0.04290709
v 0.02155115 0.04361903 0.04164926
v 0.02393757 0.04278731 0.03967938
v 0.02708823 0.04316242 0.03490242
v 0.03017676 0.04390191 0.0309991
v -0.06531255 0.112501 0.03966167
v -0.07737377 0.1562293 -0.01838744
v -0.03382959 0.09295494 -0.02398447
v -0.05457069 0.09373316 -0.02189361
v -0.05232172 0.0934516 -0.02185284
v -0.04896979 0.04074929 0.04499818
v -0.04644949 0.04082979 0.04431529
v -0.0439255 0.03987091 0.04380414
v 0.04467236 0.0954351 0.01045209
v -0.02804231 0.1646242 -0.006467827
v -0.04227661 0.1558069 0.006442961
v -0.05292523 0.1255048 0.03575767
v -0.02359002 0.04334569 0.05363857
v -0.01883538 0.0436356 0.0526504
v -0.01693496 0.04272387 0.05214053
v -0.0475869 0.1295846 0.02676151
v -0.06703622 0.1189329 0.05172744
v 0.02515805 0.1147217 0.03374571
v -0.05200906 0.1522219 0.01335874
v -0.02607785 0.1704026 -0.01067758
v -0.03227169 0.1689645 -0.005421403
v 0.0251688 0.09321473 0.04618627
v 0.01036021 0.04491137 0.04500083
v 0.01213909 0.04528198 0.04437002
v 0.01374558 0.04633798 0.04432336
v 0.01561982 0.04438018 0.04406975
v 0.02483921 0.04419669 0.03895134
v 0.02665609 0.04416775 0.03657569
v 0.02949913 0.04544804 0.0335616
v -0.06653184 0.1382667 0.04338665
v -0.03243569 0.1719995 -0.003185017
v 0.02718072 0.09874661 0.04210328
v -0.06389761 0.1267974 -0.008674577
v -0.05294047 0.08605844 -0.02155746
v -0.07268761 0.1044919 -0.01187625
v -0.03083784 0.09372012 -0.02427897
v -0.02903241 0.09359891 -0.02498083
v -0.04978306 0.09482037 -0.02195518
v -0.04250465 0.09474607 -0.02264914
v 0.03386289 0.09227249 0.04030675
v -0.06749204 0.1256677 0.05075806
v -0.02135022 0.174123 -0.01460972
v -0.01909292 0.1750429 -0.01633731
v -0.01163819 0.1801399 -0.02496504
v -0.0008025748 0.1049423 0.04397616
v -0.05633769 0.1381537 0.03168669
v -0.09442546 0.1209222 0.0200707
v -0.0709992 0.1271222 0.05217627
v -0.01790325 0.04536452 0.05164333
v 0.03937605 0.1028852 0.0263337
v -0.08979912 0.1119974 0.01434379
v -0.05746793 0.1423874 0.03194361
v 0.02193848 0.09770086 0.04632358
v 0.009817801 0.04570709 0.04621443
v 0.01536316 0.04681109 0.04373229
v 0.01739157 0.04555056 0.04332043
v 0.02025416 0.04668642 0.04169132
v 0.02178796 0.04535391 0.04125104
v 0.02313461 0.04564155 0.04022985
v 0.02414858 0.04748326 0.03925227
v 0.02597409 0.0456577 0.03799607
v 0.02856653 0.04633472 0.035728
v -0.05909236 0.1354451 0.03549507
v 0.04227765 0.04648452 0.03042386
v 0.04548399 0.04640885 0.02776844
v -0.08506439 0.108063 0.02203701
v -0.06912924 0.1252758 0.05217054
v -0.01759208 0.1735934 -0.01693235
v -0.02111567 0.1688972 -0.01281961
v -0.0487426 0.04327159 0.04397586
v -0.04435625 0.04306909 0.04317835
v -0.03015645 0.1653098 -0.006045689
v -0.01183112 0.1748813 -0.02168729
v -0.04789148 0.1495846 0.009969553
v 0.02765919 0.09678361 0.0427981
v 0.02581683 0.1056715 0.03875922
v 0.02772509 0.1068625 0.03759064
v -0.0335457 0.1712183 -0.002066893
v -0.01825454 0.1823203 -0.01765362
v 0.03011353 0.1067706 0.03582165
v 0.01218336 0.04757904 0.04614469
v 0.01793772 0.04715735 0.04259555
v 0.0225223 0.04837091 0.04023142
v 0.02608423 0.04844106 0.0383479
v 0.02770662 0.04715143 0.03697744
v 0.02937903 0.04845741 0.03608609
v 0.03087668 0.04801568 0.03382701
v 0.03193046 0.04679448 0.03145979
v -0.062512 0.1283151 0.04210554
v 0.04221409 0.04826821 0.03191507
v 0.044164 0.04827367 0.03082823
v 0.04605368 0.04823556 0.02933406
v 0.04823522 0.04782862 0.02702229
v 0.05039068 0.0482092 0.02516457
v 0.05160738 0.04736957 0.02256111
v -0.05646852 0.1475519 0.03086158
v 0.02714934 0.1034769 0.03930258
v 0.009075001 0.1086412 0.04049025
v -0.04151034 0.1616301 0.00393096
v -0.04441649 0.1550433 0.007496107
v -0.06207305 0.1336944 0.0383258
v -0.03176524 0.1645527 -0.004795523
v 0.04259482 0.09678084 -0.0009812271
v -0.066019 0.1270328 0.04849783
v -0.0692321 0.1122261 0.04621112
v -0.01758402 0.1697818 -0.01508864
v 0.01381382 0.04906475 0.04625375
v 0.01580788 0.04904079 0.04484457
v 0.01910397 0.04896385 0.04232631
v 0.02085036 0.04835471 0.04114788
v 0.02447028 0.05014204 0.03951547
v 0.02768933 0.04866524 0.03740492
v 0.03234395 0.04973073 0.03328262
v 0.006563486 0.1085903 0.04128725
v 0.04438962 0.04972592 0.03168916
v 0.04633059 0.05061556 0.03093593
v 0.04731146 0.04972241 0.0295427
v 0.04951747 0.04969774 0.02745901
v 0.05150511 0.05035703 0.0259339
v 0.05325874 0.04949761 0.02301209
v -0.02126988 0.1823659 -0.01324547
v -0.05669142 0.1318422 0.03647216
v -0.01733858 0.1809828 -0.01885718
v -0.05295573 0.0459675 0.04283856
v 0.02041433 0.1153095 0.03585928
v -0.05399904 0.1388214 0.02887658
v -0.05810589 0.1291476 0.0388952
v -0.06214103 0.1467571 0.03756356
v -0.04654344 0.1569347 0.008241601
v -0.03473785 0.1645678 -0.002986345
v -0.01071707 0.1757185 -0.02351409
v 0.0431776 0.0937846 0.02465749
v -0.01681051 0.1764377 -0.0183281
v -0.03595175 0.1594884 0.0023536
v -0.02731618 0.1590342 7.628715e-05
v -0.0194684 0.1823753 -0.01593118
v -0.01687924 0.1840236 -0.01925326
v -0.04939385 0.1375632 0.00475703
v -0.028994 0.16114 -0.001644
v -0.02363895 0.1828843 -0.01087615
v -0.04702652 0.1512421 0.009508107
v -0.04112267 0.1516452 0.004985049
v 0.01045268 0.0505015 0.04996075
v 0.01214534 0.04968916 0.04804043
v 0.01440006 0.05066664 0.04697332
v 0.01786702 0.04969642 0.044101
v 0.02132802 0.05054504 0.0421386
v 0.02354931 0.05125585 0.04103799
v 0.02637741 0.05054302 0.03868291
v 0.02909761 0.05046667 0.03717364
v 0.03105098 0.0501101 0.03528638
v -0.06137919 0.1183396 0.04113825
v -0.06424851 0.1233559 0.04792619
v 0.04481271 0.05196587 0.03227397
v 0.04809169 0.05114796 0.02981616
v -0.06629585 0.1142494 0.04627084
v -0.06529217 0.1746146 -0.06061507
v -0.01794361 0.1593072 -0.00935989
v -0.08611918 0.09657817 0.0005895983
v -0.063145 0.1678207 -0.04412379
v -0.03174695 0.154601 -0.0004053095
v -0.07377156 0.1342012 0.05084116
v -0.04463261 0.1572548 0.006409199
v 0.04359105 0.09498112 0.02248547
v -0.02915844 0.1630524 -0.004538766
v -0.03932229 0.1513372 0.003405554
v -0.02189558 0.1625069 -0.006375608
v 0.04328739 0.09964739 0.0124897
v -0.03609913 0.1750832 -0.01092297
v 0.04298596 0.09589713 0.02366334
v 0.01030039 0.05198919 0.0511633
v 0.0121642 0.05195851 0.04980766
v 0.01364214 0.05197583 0.04851952
v 0.01683529 0.05121556 0.04597183
v 0.01912517 0.05203914 0.04595895
v 0.0204145 0.05137129 0.04420891
v 0.02243802 0.0520518 0.04280335
v 0.02696794 0.05269123 0.03963469
v 0.02932715 0.05209566 0.03778759
v 0.03167879 0.05204794 0.03592717
v 0.03298612 0.05198664 0.03429951
v 0.03287908 0.1118914 0.02900345
v -0.05549617 0.1205524 0.03816781
v 0.04880672 0.05355963 0.03037093
v 0.05007053 0.05150247 0.02823526
v 0.05182932 0.05323178 0.02805292
v 0.05327823 0.05327174 0.02680048
v 0.05374107 0.05176066 0.02477734
v 0.05507766 0.05177047 0.0232082
v -0.05305161 0.1290245 0.03470573
v -0.01669534 0.171257 -0.0164432
v -0.0546657 0.1297375 0.03587905
v -0.06602912 0.1256426 0.04935161
v -0.006991363 0.1016298 0.04414762
v -0.05178548 0.1211939 0.0347175
v -0.09280675 0.1190769 0.01061829
v -0.03043182 0.1557422 -0.0002855758
v 0.01497475 0.09277661 0.05095571
v 0.02349064 0.1034756 0.04205051
v -0.04021341 0.1560155 0.005989611
v -0.01332103 0.1764439 -0.02119019
v -0.01574963 0.1801406 -0.02028363
v -0.02278145 0.1610422 -0.00334352
v -0.01618567 0.1816609 -0.02012437
v -0.05220343 0.1366949 0.02752921
v 0.03846278 0.09672963 0.03206523
v -0.0895264 0.09622531 0.01493106
v 0.04582171 0.08690944 0.006680955
v -0.02757412 0.09279652 -0.02791316
v 0.0111124 0.05407379 0.05183542
v 0.0125028 0.05345445 0.05041563
v 0.01447216 0.05356841 0.04872209
v 0.01551997 0.05251662 0.04741649
v 0.01767125 0.05349266 0.04733724
v 0.020462 0.05334223 0.04615391
v 0.02517999 0.05325089 0.04105014
v 0.03228152 0.05424116 0.0368419
v 0.03362596 0.05418148 0.03524551
v 0.03504916 0.05336082 0.03280551
v -0.05702045 0.1204682 0.03943585
v -0.05530201 0.1188314 0.03744533
v -0.05390454 0.1446535 0.02582871
v 0.0463432 0.05383711 0.03201088
v 0.05020939 0.05337733 0.02925156
v 0.05511637 0.05392201 0.02504634
v 0.05683795 0.05455737 0.02314562
v 0.05701549 0.05314515 0.02172728
v -0.06059143 0.1153974 0.03772808
v -0.06984214 0.1432686 0.04461973
v -0.09201543 0.1193325 0.02852806
v -0.05382699 0.04917896 0.03708566
v -0.06015884 0.1507049 0.03527708
v 0.04052939 0.09398453 0.02976252
v -0.07162981 0.1399126 0.0472944
v -0.02369996 0.1803636 -0.01083365
v -0.02059062 0.1610347 -0.004543773
v -0.04861066 0.1550119 0.009968986
v -0.04244611 0.1495294 0.005098668
v 0.03822361 0.1052633 0.02680173
v -0.05500258 0.1232239 0.03845547
v 0.01201541 0.05591061 0.0518359
v 0.01365317 0.05557923 0.05034053
v 0.01552072 0.05495235 0.04864998
v 0.02268224 0.05404622 0.04435375
v 0.0242831 0.05477337 0.04298841
v 0.0271916 0.05503738 0.0410539
v 0.02911211 0.05425958 0.03926206
v 0.03072041 0.05418487 0.03826251
v 0.03678618 0.05452306 0.03187792
v -0.05905985 0.1190736 0.03997517
v -0.06788403 0.1361744 0.04579259
v 0.05261175 0.05520161 0.02847518
v 0.05446399 0.0553696 0.02675124
v 0.05643413 0.05598981 0.02433195
v 0.04031793 0.09585721 0.0293133
v -0.03649825 0.1580166 0.004284685
v 0.01329055 0.1220878 0.03385855
v -0.01455758 0.1823581 -0.02203799
v 0.04369179 0.09592637 0.02015942
v -0.07450889 0.06620007 0.01381077
v 0.03332014 0.1100329 0.02987612
v -0.03863054 0.1571585 0.005154558
v -0.02127282 0.1783773 -0.01480279
v -0.06355627 0.1368185 0.03794843
v -0.07472918 0.1796791 -0.05262433
v -0.04862627 0.1296407 0.02877814
v -0.06279996 0.1381166 0.03638027
v 0.00971388 0.05643959 0.05274924
v 0.01575984 0.05637046 0.0490264
v 0.01832904 0.05568337 0.04831912
v 0.02026976 0.05565144 0.04761697
v 0.02181025 0.05572287 0.04633365
v 0.02330266 0.05641248 0.04497918
v 0.02498274 0.0571862 0.04372987
v 0.02695922 0.05661197 0.0421434
v 0.03098031 0.05626296 0.03922992
v 0.03278856 0.05716643 0.03838939
v 0.03379614 0.05712995 0.03732416
v 0.03509358 0.05705939 0.03565456
v 0.03557799 0.05553763 0.03368828
v -0.06221875 0.15519 -0.03251854
v -0.01807378 0.1866291 -0.01809644
v -0.08589628 0.1147627 0.04655995
v 0.0496742 0.05616329 0.03042079
v 0.05101602 0.05610289 0.02970243
v -0.005275144 0.1016915 0.04403864
v -0.06230448 0.1230335 0.04432796
v -0.05857918 0.1219578 0.04072908
v -0.04686731 0.1260307 0.02684296
v -0.03699272 0.1544243 0.00319967
v -0.02565264 0.1573591 -0.002082283
v -0.0244838 0.1569432 -0.003564905
v -0.0144607 0.1639737 -0.01130555
v 0.009985425 0.1143704 0.03882463
v -0.05028586 0.1318641 0.0301115
v 0.03982108 0.0949106 0.03081035
v -0.06476157 0.1367801 0.0404853
v -0.06002454 0.1373513 0.03442595
v -0.056239 0.1358207 0.03319714
v 0.02166778 0.1173421 0.03417283
v -0.05086546 0.1304118 0.03170222
v -0.01962566 0.1705241 -0.01447148
v -0.05737613 0.1307332 0.03753051
v 0.01325984 0.05738628 0.05098215
v 0.0161439 0.05808759 0.04923482
v 0.01865086 0.05846018 0.04880837
v 0.02090127 0.05820163 0.04794154
v 0.02673934 0.05771533 0.0429407
v 0.02893877 0.05717849 0.04084778
v 0.03101698 0.0581381 0.03996803
v 0.03654746 0.05838762 0.03423656
v 0.03708253 0.0568242 0.0324463
v -0.06564214 0.1235402 0.0499226
v -0.06705053 0.1235486 0.0514037
v 0.04833318 0.05846689 0.03124141
v 0.05293174 0.05730555 0.02883879
v 0.05473833 0.05747884 0.02718019
v 0.05825064 0.05712319 0.02213934
v -0.06308968 0.1229497 0.04581821
v -0.01927441 0.1806091 -0.01669218
v -0.01226681 0.1637922 -0.01353453
v -0.03471359 0.160973 -0.0003088012
v -0.02779765 0.1704924 -0.009452355
v -0.02064205 0.1662606 -0.01108634
v -0.06158506 0.135938 0.0362606
v -0.07229329 0.129369 0.05165907
v -0.05713563 0.1445052 0.03215582
v -0.06217761 0.1437045 0.03749847
v -0.06478413 0.1318518 0.04232367
v 0.0267456 0.1131653 0.03413928
v -0.06928686 0.1318191 0.04869232
v -0.07179386 0.131448 0.05071275
v -0.05200021 0.1232623 0.03514211
v -0.06909694 0.1375992 0.04670653
v 0.02531868 0.1093393 0.03766621
v -0.04495507 0.1528355 0.008213657
v -0.04911255 0.1211925 0.0314848
v 0.00902547 0.05838453 0.05288399
v 0.01467754 0.05903838 0.0499703
v 0.02270054 0.05896058 0.04648012
v 0.02467525 0.05904837 0.04463843
v 0.02907477 0.05989089 0.04165999
v 0.03225783 0.06024801 0.03994286
v 0.03527007 0.0591998 0.03680813
v 0.0385699 0.05961701 0.03169417
v -0.04961696 0.1477867 0.01144235
v 0.05258024 0.05957687 0.02927753
v 0.05417954 0.06013385 0.02818451
v 0.0556067 0.06019656 0.02670122
v 0.05601883 0.05810908 0.02550837
v 0.05734661 0.05874668 0.02390009
v 0.05885069 0.05956102 0.02190991
v -0.05499495 0.1360335 0.03189638
v 0.005872035 0.1110188 0.04133777
v -0.01146771 0.1712743 -0.01950776
v -0.03590612 0.1646451 -0.00205457
v -0.01121518 0.1779066 -0.02425674
v -0.03987437 0.1618454 0.001888877
v -0.09240568 0.1209042 0.02977354
v 0.02798368 0.1140788 0.03280573
v -0.07338852 0.1533649 -0.03240279
v -0.06778131 0.1383091 0.04508061
v -0.03489277 0.1675078 -0.002357395
v 0.00619338 0.0608799 0.05522108
v 0.007690097 0.05981885 0.05391788
v 0.009929306 0.06033324 0.05281755
v 0.01695289 0.06068893 0.04930842
v 0.02000955 0.06051795 0.04843365
v 0.02404303 0.0612155 0.04549021
v 0.02648814 0.06001423 0.04396438
v 0.02783787 0.06009486 0.04306987
v 0.03363268 0.05981353 0.03886358
v 0.03755254 0.06045039 0.03397668
v 0.04075539 0.06056868 0.02985892
v -0.05822091 0.1161919 0.03760904
v 0.05211051 0.06097931 0.02945354
v 0.05727642 0.06081406 0.02471488
v 0.0594058 0.06126812 0.02087327
v 0.03152773 0.1107296 0.03169934
v -0.02312447 0.1660999 -0.009912924
v 0.04548752 0.08904458 0.003616834
v -0.06125104 0.1693836 -0.05709749
v -0.05485579 0.1381385 0.03029866
v -0.04388123 0.147713 0.004913689
v 0.008879067 0.06194477 0.05450129
v 0.01066405 0.06234204 0.05327118
v 0.01254493 0.06110997 0.05129509
v 0.01476805 0.06103836 0.05025122
v 0.01816595 0.06162559 0.0488759
v 0.02182823 0.06146248 0.04741821
v 0.02549612 0.06256701 0.04468914
v 0.0278658 0.0622778 0.04346898
v 0.03119178 0.06124147 0.0406092
v 0.03396887 0.06186714 0.03918109
v 0.03525134 0.06125109 0.03769176
v 0.03654213 0.06121325 0.0360475
v 0.03896279 0.06138371 0.03199963
v 0.04585354 0.08627801 0.01124204
v 0.02921431 0.09761137 0.04168382
v -0.06041624 0.1281044 0.04072146
v 0.05571221 0.0621872 0.02680288
v 0.0583074 0.06168513 0.02328581
v -0.06520788 0.1141571 0.04351511
v 0.007840956 0.1142507 0.03970004
v -0.06482439 0.1164054 0.0467782
v -0.01265329 0.1684684 -0.01646439
v -0.0539768 0.116916 0.0349389
v -0.03120239 0.162437 -0.003166617
v -0.0327547 0.1589358 0.002590031
v -0.06351077 0.1598809 -0.05211616
v 0.008751724 0.06389356 0.05510411
v 0.01243513 0.0631295 0.05217043
v 0.01433972 0.06311155 0.05141439
v 0.01652396 0.0631661 0.05018835
v 0.02012384 0.06282522 0.04798537
v 0.02256595 0.06333908 0.04657285
v 0.0296324 0.06267479 0.04186768
v 0.03178659 0.06327737 0.04059863
v 0.03401185 0.06322643 0.03942737
v 0.03565289 0.06376457 0.03801134
v 0.03792807 0.06253102 0.03454352
v -0.06340612 0.1352631 0.03828383
v 0.05198486 0.06287827 0.02910134
v 0.05377235 0.06279616 0.02820881
v 0.05677606 0.06288446 0.02558621
v 0.05742526 0.06286373 0.02477297
v -0.05293095 0.1320705 0.03281167
v -0.0443747 0.1491793 0.006696133
v -0.002705087 0.1011031 0.04460931
v -0.02464762 0.16538 -0.008617963
v -0.05805529 0.147458 0.0329289
v -0.0644414 0.1156661 0.04469364
v -0.01535075 0.1686929 -0.01536863
v -0.04535386 0.1471117 0.00605955
v -0.08797614 0.1130328 0.006321004
v 0.03152878 0.09428162 0.04139364
v -0.03362053 0.1624065 -0.00226894
v -0.03107562 0.1588692 0.00191568
v -0.01675754 0.1611652 -0.00778891
v 0.0211353 0.1014292 0.04474826
v 0.01022558 0.06444549 0.05426093
v 0.01198415 0.06519443 0.05315599
v 0.01411175 0.06474098 0.05231132
v 0.01635128 0.06527995 0.05084991
v 0.01806902 0.06397936 0.0494359
v 0.01990667 0.06457266 0.04816419
v 0.02209478 0.06463026 0.04664084
v 0.02409504 0.06415146 0.0453443
v 0.02627869 0.06482577 0.04423157
v 0.02861904 0.06458651 0.0429635
v 0.03185646 0.06476369 0.04061996
v 0.03561899 0.06533255 0.03824941
v 0.03686217 0.06395053 0.03653388
v 0.03952558 0.06381392 0.03246911
v 0.04293508 0.06384695 0.02801998
v -0.065674 0.138242 0.04197
v -0.06488699 0.1381217 0.040606
v -0.06373238 0.1386494 0.03830611
v 0.02542905 0.1072208 0.03862148
v 0.05549651 0.06430958 0.02659098
v 0.05688154 0.06485233 0.02506455
v 0.05835698 0.0638388 0.0231925
v 0.0586197 0.06542198 0.02230724
v -0.04604467 0.1484494 0.007812926
v -0.04875411 0.1231545 0.03043682
v -0.003251775 0.1028347 0.04390021
v -0.01572569 0.1659949 -0.01265327
v -0.02294297 0.1761873 -0.01342065
v -0.06895779 0.1402315 0.04564795
v -0.06938587 0.1340734 0.04803044
v -0.03948065 0.1594766 0.002322799
v -0.04211227 0.1593172 0.004057599
v -0.07238622 0.1326872 0.05063613
v 0.03162339 0.1069767 0.03419856
v -0.01556101 0.178647 -0.02003185
v 0.03335737 0.1073894 0.03171069
v 0.009973093 0.06638004 0.05440879
v 0.01724588 0.06668264 0.05058485
v 0.01975069 0.06592791 0.04878972
v 0.02131485 0.06584898 0.04737356
v 0.02312045 0.06595728 0.0458134
v 0.03014748 0.06529631 0.04176395
v 0.0314109 0.06678034 0.04095616
v 0.03364547 0.0658252 0.03969127
v 0.03553023 0.06684399 0.03831644
v 0.03732209 0.06663958 0.03631749
v 0.03820729 0.06525511 0.03495894
v 0.0395097 0.06655373 0.03331965
v 0.04076622 0.0656887 0.02983601
v 0.05332025 0.06548087 0.02741318
v 0.05483059 0.06709394 0.02575707
v 0.05731956 0.06614945 0.02394257
v -0.01878084 0.1625137 -0.007183136
v -0.08952268 0.09297322 0.0129938
v -0.02906185 0.1575748 0.0004004339
v -0.025483 0.1746922 -0.01123884
v 0.03519086 0.1080173 0.02906325
v -0.06172299 0.1219656 0.043253
v 0.007485061 0.1122621 0.04043779
v -0.06393253 0.1459889 0.03855755
v 0.03611892 0.1080654 0.02775766
v 0.04520369 0.09258355 0.01264425
v 0.01953681 0.1212118 0.03221932
v -0.05356467 0.1212464 0.03655588
v 0.01089405 0.06792529 0.05428097
v 0.0127256 0.06723978 0.05352372
v 0.01498904 0.06649271 0.05222048
v 0.01847732 0.06851531 0.05037642
v 0.02010735 0.06801707 0.04908208
v 0.02160117 0.06786816 0.04788185
v 0.02295206 0.06790861 0.0463024
v 0.02466671 0.06663875 0.04475989
v 0.02669593 0.06796162 0.0436125
v 0.0286688 0.06661029 0.04272493
v 0.03008016 0.06811818 0.04175798
v 0.03922625 0.06813661 0.03379484
v 0.04038043 0.0671307 0.03109584
v 0.04158913 0.0678064 0.02876678
v -0.05368515 0.12343 0.03714513
v -0.04987858 0.1498644 0.01188191
v -0.0668364 0.1119863 0.04156085
v 0.05632599 0.06701703 0.02459555
v 0.05768385 0.06738998 0.02270139
v 0.05889497 0.06734975 0.02079255
v 0.03778788 0.08495501 -0.01532712
v 0.03113084 0.09819987 0.03990653
v -0.06043996 0.1473971 0.0366824
v 0.03370911 0.09664678 0.03837116
v 0.03943039 0.08509833 -0.01304676
v -0.0892343 0.1205013 0.002715776
v 0.02647629 0.1153578 0.03255984
v -0.0288524 0.1719179 -0.00845541
v -0.07414273 0.1328039 0.0515131
v -0.06175822 0.1552317 -0.02650586
v -0.04746331 0.1243397 0.02851853
v -0.05701465 0.1235282 0.04008844
v -0.01879638 0.1596847 -0.0062985
v -0.06762873 0.117037 0.05127047
v 0.01476352 0.06913674 0.05263773
v 0.02450267 0.0692364 0.0451948
v 0.03195863 0.06940864 0.04077705
v 0.03350564 0.06820133 0.0395863
v 0.03695523 0.06799332 0.03668743
v 0.0382441 0.06920166 0.03507452
v -0.0452284 0.1613841 -0.008816436
v 0.03452549 0.1115538 -0.002604777
v -0.03166041 0.1667886 -0.005848881
v 0.02968964 0.1002714 0.0400559
v 0.02415599 0.09955703 0.04401821
v 0.04573985 0.08831315 0.01075797
v -0.030791 0.1766002 -0.00417075
v -0.0288283 0.1749526 -0.006675986
v -0.02651248 0.1653661 -0.007800016
v 0.04419295 0.08551573 -0.002599665
v 0.02042436 0.1049807 0.04255803
v 0.009595216 0.1131529 0.03941084
v -0.03853947 0.1631348 0.0006306404
v -0.02706065 0.1795497 -0.007279363
v -0.02430959 0.1625047 -0.005482179
v -0.07093528 0.13347 0.04952282
v -0.04989677 0.1304089 0.03045092
v -0.07118217 0.1383202 0.04785699
v 0.02219627 0.1053252 0.04097116
v 0.03863885 0.1083264 0.003543657
v -0.06568572 0.1395572 0.0418807
v -0.03024463 0.1711993 -0.006980075
v -0.06062068 0.1170556 0.03942776
v 0.009797962 0.0697224 0.05499749
v 0.01234388 0.06924133 0.05385019
v 0.01676433 0.06932581 0.05162325
v 0.02026494 0.0700571 0.04959105
v 0.02200062 0.06995619 0.04850151
v 0.02340957 0.06998754 0.04699144
v 0.02657965 0.07071499 0.04374941
v 0.02863266 0.06964648 0.04224263
v 0.03392033 0.06994164 0.0393612
v 0.03554955 0.0693378 0.03791217
v 0.03689513 0.07039142 0.03647126
v 0.03987559 0.06955318 0.03257534
v -0.0560315 0.1489324 0.02964069
v -0.08947909 0.0935358 0.0200241
v -0.01285916 0.1710819 -0.01843814
v 0.01869406 0.1160568 0.03620247
v -0.02945984 0.0904335 -0.02808996
v -0.01169728 0.1665748 -0.01549108
v -0.01814352 0.171965 -0.01596738
v -0.02661809 0.1609639 -0.001712054
v -0.02052452 0.1846469 -0.01391979
v -0.05166294 0.1472935 0.01608506
v -0.06771478 0.1340344 0.04604064
v 0.04542165 0.08668567 0.01753785
v -0.06342359 0.1126279 0.03764738
v 0.02065404 0.1194113 0.0334348
v -0.01927377 0.1779211 -0.01659435
v -0.008870906 0.1697367 -0.02245065
v -0.05956619 0.1431948 0.03499919
v -0.05795328 0.1373424 0.03329277
v 0.0107859 0.07158442 0.05475371
v 0.01379359 0.07095258 0.05332983
v 0.01599205 0.0712347 0.05230003
v 0.01815426 0.0714256 0.05088563
v 0.021014 0.071384 0.049723
v 0.02223617 0.07133435 0.04885691
v 0.02371276 0.07138969 0.04743625
v 0.0251213 0.07177917 0.04567997
v 0.03017126 0.07072799 0.04142349
v 0.03226176 0.07143048 0.04057018
v 0.03410801 0.07130881 0.03945587
v 0.03583828 0.07135114 0.03774177
v 0.03950202 0.07127555 0.0333574
v 0.04097227 0.07062971 0.03069235
v 0.0422211 0.07037194 0.02840718
v 0.04326963 0.07028096 0.02641537
v 0.02324446 0.1056835 0.03983123
v 0.02875502 0.1046256 0.03749311
v 0.02385172 0.1014417 0.04310575
v 0.04478287 0.09538086 0.008545913
v 0.04029816 0.08935099 -0.01073542
v -0.06385865 0.1144479 0.04105246
v -0.05533962 0.1410436 0.0296933
v 0.02507837 0.1039531 0.04006418
v -0.01520847 0.1289505 0.01203081
v -0.01293487 0.1655367 -0.01356815
v -0.04950916 0.1148558 0.03397733
v -0.04970245 0.1275925 0.03166049
v 0.03704424 0.09481845 0.03527363
v -0.03051428 0.163884 -0.004800953
v -0.01786979 0.1794007 -0.01806175
v 0.02536846 0.09817056 0.0438751
v -0.04825393 0.1277856 0.02908957
v -0.05208252 0.1297173 0.03346498
v -0.08225397 0.09371948 -0.007028059
v -0.06515598 0.1178824 0.04886072
v 0.0297025 0.09564826 0.04224355
v 0.01198581 0.07292692 0.05425615
v 0.01447938 0.07262943 0.05336338
v 0.01619769 0.07344224 0.05225458
v 0.01830918 0.07274579 0.05121249
v 0.02021512 0.07205312 0.05032986
v 0.021227 0.072778 0.05004
v 0.02280417 0.07272711 0.04868612
v 0.02465381 0.07342878 0.04707597
v 0.02657021 0.07276838 0.04438519
v 0.02827848 0.0731138 0.04360748
v 0.03025809 0.0727112 0.04199278
v 0.03234977 0.07346758 0.04076543
v 0.03459642 0.07323573 0.03931964
v 0.03640132 0.07340931 0.03768889
v 0.04154612 0.07249454 0.03012249
v -0.0769691 0.1755155 -0.05002024
v -0.0503961 0.1212333 0.0332873
v -0.02795056 0.1091973 -0.01962023
v 0.03632344 0.1033718 0.03071164
v 0.04517708 0.09124279 0.01503291
v -0.03482858 0.1536466 0.001266206
v -0.08299721 0.07940881 0.02572
v -0.07807281 0.1480962 -0.00317646
v -0.03324649 0.155124 0.001065752
v -0.02829436 0.1560073 -0.001522868
v -0.05142725 0.1454814 0.01480593
v 0.02379438 0.1105742 0.03733791
v -0.024714 0.161052 -0.002526
v -0.06314816 0.1721917 -0.05127148
v -0.02020579 0.15826 -0.007404335
v 0.04452964 0.09227722 0.0007852131
v -0.0252571 0.1638684 -0.006847725
v 0.01659939 0.121189 0.03288498
v -0.02234573 0.159531 -0.003060135
v 0.04582593 0.08896636 0.008613145
v 0.04551501 0.08698427 0.01565434
v 0.03681501 0.1013802 0.03144122
v 0.008609662 0.07378336 0.05607539
v 0.01070378 0.07462514 0.05504133
v 0.01272063 0.07466051 0.05443756
v 0.01456844 0.07394605 0.0535786
v 0.01820892 0.0740817 0.05186909
v 0.02047348 0.07409254 0.05084267
v 0.02434182 0.07512442 0.04799344
v 0.02620911 0.07460954 0.04545196
v 0.03762772 0.07402445 0.03591955
v 0.03854811 0.07264904 0.03461029
v 0.04043515 0.07325955 0.03208321
v 0.04289721 0.07306029 0.02767047
v 0.0439631 0.07325607 0.02519828
v -0.04899071 0.1310193 0.02845165
v 0.03563653 0.1096276 -0.002815733
v -0.05424941 0.1311294 0.03472403
v 0.04022374 0.1020894 0.02467329
v 0.02632209 0.1115169 0.03553604
v -0.0529111 0.1485729 0.0219491
v -0.01624711 0.1734039 -0.01771675
v -0.03529932 0.1550773 0.002421303
v -0.04999492 0.1456739 0.01117061
v -0.0248221 0.1682154 -0.0105953
v -0.06617719 0.1332886 0.04383024
v -0.06049848 0.1431415 0.03630754
v -0.05526689 0.1328879 0.03457638
v -0.09447071 0.1247862 0.018205
v 0.04392144 0.09355891 -0.0001443115
v -0.08980025 0.1351401 0.02571423
v -0.06149003 0.1318431 0.03910178
v -0.062955 0.1304895 0.04096257
v -0.04339131 0.1601295 0.005630391
v 0.03972968 0.08711346 -0.01229054
v 0.008777233 0.07561297 0.05602558
v 0.01377832 0.0756898 0.0542649
v 0.0169764 0.07551536 0.05284893
v 0.01971899 0.07543884 0.05151683
v 0.02082332 0.07657068 0.05076823
v 0.02259795 0.07480754 0.04921583
v 0.02736152 0.07611712 0.04529086
v 0.02954127 0.07470716 0.04358715
v 0.03168881 0.07499291 0.04208094
v 0.03418431 0.07610357 0.03993966
v 0.03581377 0.07612388 0.03861623
v 0.03984308 0.07496323 0.03300577
v 0.04185177 0.07450619 0.02971337
v 0.04293938 0.07566443 0.02775157
v 0.04393548 0.07566063 0.02561225
v 0.04501092 0.07485528 0.02261142
v -0.03085382 0.1690982 -0.006851484
v -0.03880404 0.1498708 0.001258259
v -0.03675056 0.1609457 0.0003149799
v -0.03870356 0.1542682 0.004402918
v -0.04786196 0.1454978 0.007359469
v -0.04816115 0.1469979 0.009111738
v -0.05667765 0.1402935 0.03138732
v -0.05316638 0.1386832 0.02741352
v -0.06555911 0.1347311 0.04219399
v -0.03181156 0.161055 -0.001437693
v -0.07088737 0.1367304 0.04836308
v -0.02127436 0.1588156 -0.004444412
v -0.06560581 0.1465367 0.03972414
v -0.05733493 0.1344771 0.03520713
v 0.02159593 0.1204555 0.03188969
v -0.0503313 0.1168367 0.03260381
v 0.04279316 0.1000919 0.01566419
v -0.07016379 0.1298781 0.05034759
v 0.01031203 0.07676915 0.0552571
v 0.01381728 0.07741374 0.05444477
v 0.01629805 0.07680009 0.05351242
v 0.01862664 0.07675311 0.05245946
v 0.022659 0.07690636 0.0495983
v 0.02584892 0.07683561 0.04707289
v 0.02984724 0.076762 0.0439116
v 0.03144766 0.07800972 0.04304696
v 0.03735283 0.07622444 0.0367975
v 0.03886906 0.0762447 0.03453351
v 0.04019356 0.07662916 0.03259788
v 0.04123056 0.07613796 0.03089441
v 0.04518859 0.07650588 0.02255972
v 0.04588297 0.07517497 0.01993906
v 0.04290917 0.09820803 0.001349684
v -0.00988624 0.1688364 -0.01923034
v -0.01397339 0.1669632 -0.01432764
v 0.03745447 0.1026886 0.02968106
v -0.02670042 0.1749353 -0.009786209
v -0.03778346 0.166099 0.001360088
v -0.04650264 0.1543076 0.008946025
v 0.04184019 0.09014585 -0.00834731
v -0.0580625 0.1400481 0.03262856
v -0.06449551 0.1346772 0.04019082
v -0.05888839 0.1419563 0.03313452
v -0.05395604 0.1410992 0.02787311
v -0.01757098 0.1646662 -0.0106375
v 0.04125169 0.0926245 0.0289908
v -0.04140802 0.1580169 0.0040818
v -0.05927746 0.1461431 0.03537438
v -0.06369838 0.1206805 0.04737668
v -0.07799017 0.1605415 -0.02533751
v -0.0481324 0.1210053 0.0290165
v 0.0452115 0.08834123 0.01818001
v 0.02856798 0.1121858 0.0337821
v -0.06709008 0.1305182 0.04692363
v 0.04394299 0.09521139 0.00168739
v 0.02455036 0.07744824 0.04855604
v 0.02669393 0.07886793 0.04655308
v 0.02831033 0.07895779 0.04519671
v 0.02963325 0.07909731 0.04427777
v 0.03301764 0.07752208 0.04162835
v 0.03446446 0.07817383 0.04020576
v 0.03907441 0.07804727 0.03453396
v 0.04023238 0.07797902 0.03267153
v 0.04134259 0.07791718 0.0307781
v 0.04205863 0.0771249 0.02920412
v -0.08345006 0.108147 0.001348741
v -0.02948255 0.1595484 0.001091142
v 0.03862999 0.1012744 0.02878512
v -0.02788314 0.1747126 -0.008231507
v 0.03027082 0.111087 0.03294247
v -0.06003096 0.1401496 0.03402442
v -0.05854515 0.1330099 0.03700089
v -0.05991219 0.1339124 0.03707956
v -0.03269202 0.1565959 0.001717897
v -0.01278419 0.1780597 -0.0225142
v 0.0195542 0.103318 0.04427467
v -0.04315886 0.1579641 0.005023034
v -0.0587423 0.1446917 0.03349559
v 0.03937268 0.09275594 0.03251241
v 0.009705665 0.1230762 0.03425498
v 0.0435075 0.09122289 0.02449632
v 0.04314677 0.09021486 0.0256287
v -0.06275774 0.1145778 0.03901956
v -0.05158387 0.1274561 0.03383783
v 0.009861316 0.07881425 0.05517824
v 0.01177462 0.07844453 0.05453242
v 0.01360188 0.0800566 0.05398166
v 0.01574956 0.0787894 0.05376384
v 0.0172211 0.07892927 0.05324449
v 0.01853443 0.07877447 0.05253411
v 0.02007332 0.07873506 0.05140911
v 0.02029795 0.08031334 0.05119162
v 0.02193869 0.07887281 0.05024623
v 0.0230606 0.0799054 0.04969522
v 0.02518391 0.07900987 0.048249
v 0.03385803 0.07954806 0.04109861
v 0.03594097 0.07899574 0.03851466
v 0.03727435 0.07856774 0.03681018
v 0.03969542 0.08003064 0.03376909
v 0.04187697 0.07922845 0.02980308
v 0.04288481 0.07846538 0.02773944
v 0.0439525 0.07836693 0.02572177
v 0.04510036 0.07838627 0.02316549
v 0.04605165 0.07813855 0.01969754
v 0.04619963 0.07893098 0.0165428
v 0.0147766 0.1221319 0.03293052
v -0.03551933 0.1623398 -0.001414336
v -0.08908718 0.1342982 0.004732335
v 0.03407292 0.1007748 0.03541273
v -0.03381619 0.1668119 -0.00421266
v -0.0241765 0.1733983 -0.01247514
v -0.04241358 0.153503 0.006716059
v 0.0259502 0.1168727 0.03139744
v 0.04439156 0.09524808 0.003684771
v -0.0828093 0.1120385 0.0006848997
v -0.06435623 0.1400876 0.03961195
v 0.04068963 0.1042384 0.01816166
v -0.03428708 0.1574163 0.003150659
v -0.04757815 0.1451042 0.005896038
v -0.05344382 0.1197914 0.03582794
v -0.05739473 0.1183455 0.03878802
v 0.02382499 0.1163415 0.0333264
v 0.04552029 0.08970533 0.01276167
v 0.03842922 0.08697017 -0.01425916
v 0.01970029 0.1176708 0.03501596
v 0.01085216 0.0807133 0.05446444
v 0.0160326 0.08079099 0.05314711
v 0.01839164 0.08152099 0.05205192
v 0.02598138 0.0808545 0.04739605
v 0.02817656 0.08096009 0.0451749
v 0.03012204 0.08152276 0.04366398
v 0.03265953 0.08032279 0.04215824
v 0.03535665 0.08010605 0.03925817
v 0.03833519 0.08099225 0.03557703
v 0.04087994 0.07999285 0.03189602
v 0.04447658 0.08038784 0.02461053
v 0.04583524 0.08100258 0.01971172
v 0.03613065 0.0987687 0.03397274
v 0.03739919 0.09872881 0.03229195
v 0.0382334 0.1033217 0.02826155
v -0.03056836 0.1741857 -0.004709449
v -0.02251628 0.1795539 -0.01299708
v -0.06730202 0.14043 0.04403631
v -0.06229454 0.1636044 -0.04301366
v 0.02176694 0.1033927 0.04305275
v -0.02720787 0.1624461 -0.004392809
v 0.04480138 0.0861236 -0.0003200776
v -0.03615341 0.1566665 0.003897883
v -0.01864671 0.1611425 -0.005919496
v 0.04121314 0.1035415 0.01616514
v 0.04344402 0.0923523 -0.002307942
v -0.06020589 0.1220191 0.04172706
v -0.08020363 0.1148846 0.04748139
v -0.06936497 0.1275897 0.05116876
v -0.04041367 0.153672 0.00529157
v -0.0628972 0.1177296 0.04336968
v -0.06323686 0.1159807 0.04202368
v 0.0160593 0.08277318 0.0523172
v 0.01983593 0.0826212 0.05095583
v 0.02144056 0.08152352 0.05047791
v 0.0241128 0.08158994 0.04901363
v 0.0265515 0.08247837 0.04670958
v 0.02807087 0.0837386 0.04515552
v 0.03184424 0.08295029 0.0424547
v 0.03357239 0.0826989 0.04113984
v 0.03480635 0.08153253 0.03984117
v 0.03626597 0.08136531 0.03773443
v 0.0400863 0.08276526 0.03337025
v 0.04116936 0.08288935 0.03144787
v 0.04149624 0.08152449 0.03075714
v 0.04244794 0.08121518 0.02885924
v 0.0435661 0.08124352 0.02683399
v 0.04174784 0.09371051 0.0276455
v -0.07521081 0.1765612 -0.05204994
v -0.0524035 0.1168385 0.03367835
v -0.03895945 0.1609781 0.001281817
v -0.04522528 0.1507493 0.00799376
v -0.06852602 0.1156904 0.05100949
v -0.05428994 0.1339241 0.03290056
v -0.08406966 0.09442161 -0.004357187
v -0.02429847 0.1781658 -0.01126178
v -0.06835562 0.113798 0.04859162
v -0.03731461 0.1640739 -0.0005316423
v -0.02371289 0.1595684 -0.002019586
v 0.02269967 0.114533 0.03508384
v 0.04201436 0.1023178 0.01436124
v 0.04570056 0.08895632 0.006108891
v -0.0593094 0.1268055 0.04061208
v -0.0570003 0.1263214 0.03954465
v -0.05563896 0.128 0.03755254
v -0.06292071 0.1199194 0.04518049
v -0.01470614 0.1705339 -0.01706129
v 0.006772148 0.08257118 0.05608499
v 0.009633516 0.08324117 0.05514403
v 0.012143 0.08257504 0.0536671
v 0.01403578 0.08271824 0.05289572
v 0.01722563 0.08400821 0.05144215
v 0.02716499 0.1094884 0.03680061
v 0.02121558 0.0841883 0.05011919
v 0.02290389 0.08341443 0.04947853
v 0.02472569 0.08296879 0.048243
v 0.03440017 0.08421534 0.040145
v 0.03566642 0.08350612 0.03846046
v 0.03709 0.08297395 0.03677992
v 0.04249248 0.08329469 0.02886337
v 0.02427137 0.09734729 0.04524082
v 0.03221151 0.09948538 0.03796962
v 0.03220058 0.1007949 0.03708115
v 0.0387872 0.1036385 -0.003007189
v -0.06237721 0.1577187 -0.01819602
v -0.04663911 0.1231237 0.02686395
v 0.02913421 0.1094278 0.03528026
v 0.03200094 0.1047487 0.03502943
v -0.0206898 0.1801383 -0.01510655
v -0.06474507 0.1207284 0.04931441
v -0.04805568 0.1529634 0.01020616
v -0.06581543 0.1410671 0.04187945
v -0.01797444 0.1764761 -0.01745488
v -0.02413832 0.1764264 -0.01221951
v 0.03169461 0.1087364 0.03284036
v -0.05276579 0.1362603 0.02903797
v 0.03367005 0.108713 0.03038445
v -0.06376617 0.1181869 0.04613015
v 0.009562609 0.08486402 0.05543249
v 0.01295879 0.08465424 0.05323597
v 0.01561754 0.08468759 0.05176467
v 0.02354681 0.085033 0.04849212
v 0.02578639 0.08495232 0.04722152
v 0.03013459 0.08454995 0.04310264
v 0.03301816 0.08483255 0.04170363
v 0.03583327 0.08529728 0.03839543
v 0.03880254 0.08427789 0.03487794
v 0.04374868 0.08375541 0.02655309
v -0.0170241 0.1624815 -0.007983073
v -0.04977122 0.1187586 0.03193772
v -0.06368356 0.1090033 0.0381268
v 0.03632374 0.09720992 0.03455802
v 0.03369444 0.09860007 0.03718919
v 0.02560996 0.1001163 0.04246385
v 0.03320315 0.1054195 0.03324259
v -0.0288332 0.1667513 -0.007587825
v -0.02161336 0.1719114 -0.01392064
v -0.06566323 0.120059 0.05057803
v 0.008628116 0.1065771 -0.02025586
v -0.02990845 0.1727256 -0.006515054
v 0.0280809 0.09481397 0.04355866
v -0.06376975 0.1410045 0.03865514
v -0.01957745 0.1639892 -0.009171165
v 0.04492216 0.08841528 -0.0002154912
v -0.06597297 0.1363051 0.04277974
v -0.04971883 0.1243307 0.03208053
v -0.03340337 0.1690019 -0.00369627
v 0.03863217 0.09977981 0.02964996
v -0.01458818 0.1735464 -0.01880618
v -0.03156583 0.1719883 -0.004505667
v -0.06128258 0.1199665 0.04207069
v 0.03226122 0.1026445 0.03593273
v 0.01368241 0.0862925 0.05285895
v 0.0156234 0.08673466 0.05150419
v 0.04298059 0.1006699 0.007014459
v 0.02414572 0.08701482 0.04807011
v 0.02729999 0.08691722 0.0457415
v 0.02898732 0.08698676 0.04380722
v 0.03136808 0.08692139 0.04283225
v 0.03484612 0.08624018 0.03994171
v 0.03699704 0.08548384 0.03687242
v 0.04027503 0.08529542 0.03281887
v 0.04142719 0.08534177 0.03082732
v 0.04244355 0.08534898 0.02875664
v 0.04329224 0.0851763 0.0273985
v 0.04342633 0.08676525 0.02650466
v 0.03567275 0.09551291 0.03681683
v 0.04519604 0.08836282 0.001572473
v -0.0688428 0.135479 0.04706569
v -0.0592995 0.124794 0.04115461
v -0.03722108 0.152172 0.002135334
v -0.06750017 0.1209363 0.05217723
v -0.02324281 0.1690259 -0.01184762
v -0.04315333 0.151419 0.006575265
v -0.03992573 0.164127 0.003084356
v -0.02142695 0.1646208 -0.009253563
v 0.03148961 0.09655259 0.04042555
v -0.07394131 0.1292882 0.05235695
v -0.02901438 0.1687476 -0.008223606
v -0.05296695 0.1352807 0.03046508
v 0.04478123 0.09387933 0.0146626
v -0.06072683 0.1452724 0.03687235
v -0.06812475 0.1293581 0.04896062
v -0.06487335 0.1283676 0.04577249
v 0.03484412 0.1053806 0.03121564
v 0.01097898 0.08673801 0.05472157
v 0.01326761 0.08799441 0.05339043
v 0.01707273 0.08693533 0.05045436
v 0.03350972 0.08660463 0.04164043
v 0.03529106 0.08827667 0.03955298
v 0.03643874 0.08753825 0.03785507
v 0.03774324 0.08701142 0.03594731
v 0.03888571 0.0867641 0.03450714
v 0.001518091 0.1109416 -0.02016426
v 0.03717857 0.1053368 0.02841292
v -0.02559586 0.1591348 -0.0008423174
v -0.02289124 0.1638679 -0.007841666
v 0.03492161 0.09880906 0.03573937
v 0.03456289 0.09378959 0.03900439
v -0.05590463 0.1167627 0.03676242
v 0.03856213 0.09477192 0.03308769
v 0.04146007 0.0947225 -0.005175151
v 0.01404078 0.09459696 0.05014169
v -0.09079242 0.1344541 0.02170528
v 0.01914722 0.1013112 0.04581689
v -0.03599189 0.1675391 -0.0004580036
v 0.0411468 0.1049382 0.00766123
v -0.06741549 0.1436924 0.04279803
v -0.0582644 0.152038 0.03278668
v -0.020406 0.162527 -0.006846
v -0.07411033 0.1312964 0.05198016
v -0.06599519 0.1109127 0.03788705
v -0.01315769 0.1812618 -0.02351558
v -0.07197565 0.1453377 -0.01886252
v 0.03391741 0.1027548 0.03429378
v -0.06255823 0.140292 0.03681383
v -0.02693259 0.1775976 -0.007912004
v 0.02660842 0.09620605 0.04391309
v 0.009376453 0.1241422 0.03324673
v -0.04717865 0.1281513 0.02647708
v -0.06393882 0.1290268 0.04359264
v -0.06090061 0.1262077 0.04179199
v -0.061979 0.1262168 0.04286496
v -0.05555271 0.1248065 0.03880918
v -0.0516881 0.1508248 0.01442593
v 0.03568591 0.1060152 0.02980952
v 0.04012799 0.1056236 0.01816869
v 0.01080269 0.08894788 0.05442789
v 0.0151054 0.08874061 0.05183173
v -0.06697284 0.1361547 0.04445317
v -0.05623408 0.1148174 0.0357851
v 0.0229575 0.08879731 0.04839621
v 0.02567177 0.0888691 0.04677154
v 0.02942143 0.08965438 0.04357925
v 0.03132273 0.08952831 0.04297445
v 0.03365957 0.08871385 0.04148772
v 0.04011112 0.0880442 0.03247633
v 0.04111706 0.08798876 0.03056503
v 0.04214942 0.08790773 0.0285054
v -0.05447802 0.1426832 0.02832846
v 0.04544417 0.09241975 0.008678558
v -0.07789483 0.1518972 -0.001549064
v -0.0680325 0.1277589 0.0499843
v 0.04172482 0.09647683 -0.003314136
v 0.02234421 0.1013416 0.04407201
v -0.07686966 0.1590114 -0.01252138
v -0.05890356 0.1486448 0.03492261
v 0.04041 0.092669 0.030457
v -0.06100673 0.1241203 0.04243585
v -0.0528614 0.1190541 0.03490859
v 0.04366223 0.08953879 -0.003294661
v 0.04519477 0.09393354 0.007127659
v -0.07781426 0.1583134 -0.01742183
v -0.06092562 0.1409969 0.03574125
v -0.0638201 0.1328286 0.04034688
v -0.02542548 0.1779295 -0.009816217
v -0.0139712 0.1801312 -0.02209886
v -0.01867309 0.1845914 -0.01646056
v -0.006480613 0.1053159 -0.02282073
v -0.06317043 0.1262285 0.0447429
v 0.04522128 0.09319933 0.005673694
v 0.04543347 0.09107403 0.004572002
v -0.06525152 0.1277021 0.04698463
v -0.05360201 0.1276097 0.03566319
v 0.0123691 0.09030416 0.05340752
v 0.01706894 0.08948217 0.05011794
v 0.02624618 0.09081739 0.04595974
v 0.02770815 0.08945922 0.04478503
v 0.03523065 0.09070639 0.03934577
v 0.03651983 0.08956994 0.03781722
v 0.0376984 0.08951827 0.03601355
v 0.03888534 0.08946482 0.0342427
v 0.01721531 0.09348407 0.04841214
v 0.01549439 0.09440745 0.04939276
v 0.0329877 0.09490189 0.03995584
v 0.03478254 0.1104765 0.02758931
v -0.07174881 0.135253 0.04943916
v -0.06531645 0.1425342 0.04076048
v -0.01966878 0.1727616 -0.01537932
v -0.0264052 0.1675223 -0.00938848
v -0.05440033 0.1183483 0.03618874
v 0.03178849 0.1121349 0.03038239
v -0.02408655 0.171131 -0.01218964
v 0.024862 0.1127091 0.03524906
v -0.07049436 0.128172 -0.00909239
v -0.08534904 0.1216623 -0.002976403
v -0.004782364 0.09358498 -0.03422351
v -0.02038815 0.1823686 -0.01460774
v -0.0680869 0.1426862 0.04382971
v -0.06445255 0.1256021 0.04726483
v 0.03018491 0.113261 0.03146838
v -0.08960682 0.09817891 0.01359749
v 0.0443865 0.09315483 0.01965907
v 0.0421459 0.0859164 -0.007792337
v 0.04434154 0.08789692 -0.002259208
v -0.0483486 0.1191202 0.03033354
v -0.02692258 0.1728603 -0.01019158
v 0.01348611 0.090873 0.05250127
v 0.01541769 0.09084246 0.05143504
v 0.01636499 0.09205619 0.05016269
v 0.01884311 0.09175042 0.04783006
v -0.05421279 0.1146123 0.03484948
v -0.01092767 0.1693496 -0.01841218
v 0.02459948 0.09100254 0.04711469
v 0.028086 0.0917508 0.04438831
v 0.03024958 0.09279564 0.04280022
v 0.03245076 0.09153626 0.04181935
v 0.03591921 0.09222867 0.03803027
v 0.03719959 0.09219398 0.03635746
v 0.03839078 0.09215698 0.03454299
v 0.03959663 0.0906783 0.03273168
v 0.04031615 0.09068508 0.03119055
v 0.04139727 0.09060913 0.02919804
v -0.05012817 0.1520423 0.01161808
v -0.06365019 0.1431182 0.03858362
v -0.06353416 0.1484094 -0.02165403
v 0.04363047 0.09817022 0.01475905
v 0.03482938 0.1038346 0.03238549
v -0.05108658 0.1190033 0.03312862
v -0.05480919 0.1262173 0.03742575
v -0.06878639 0.1232859 0.0526898
v -0.05215963 0.1190501 0.03417387
v -0.05724254 0.1506815 0.03205324
v -0.06579447 0.1446982 0.0406801
v 0.02301547 0.1121495 0.03644864
v -0.01482838 0.1764307 -0.01985171
v 0.02405622 0.0948826 0.04637008
v 0.03856162 0.09846896 0.03074427
v -0.0619819 0.1599955 -0.03710342
v -0.06015693 0.1318273 0.03848063
v -0.06555331 0.1304784 0.04474882
v -0.06165243 0.1386396 0.03517311
v -0.06061528 0.140641 -0.005458729
v 0.0257357 0.09498402 0.04530452
v 0.01076171 0.1221344 0.03462453
v -0.04084586 0.09572141 -0.02258938
v -0.07210647 0.09424589 -0.01538263
v -0.09226781 0.1167755 0.03381904
v -0.07625975 0.1492348 -0.01138817
v -0.009552832 0.1694271 -0.02492263
v -0.07676467 0.1148096 -0.005091685
v 0.02101892 0.03517605 -0.001734439
v 0.02089807 0.03624048 -0.003311197
v 0.02026818 0.03673466 -0.005385123
v 0.0198926 0.03733697 0.04057192
v -0.07317215 0.0960143 -0.01467043
v -0.04627256 0.09471655 -0.02195182
v -0.07650867 0.1546176 -0.003952006
v -0.07319264 0.1482596 -0.0284001
v -0.06123002 0.1731708 -0.06085773
v -0.06182149 0.1615324 -0.03313629
v -0.00762486 0.1079191 -0.02263784
v -0.06140687 0.09463555 -0.01879049
v -0.02980913 0.09587564 -0.02397213
v 0.04124487 0.03952697 0.005262746
v 0.01997707 0.03781741 -0.009190114
v 0.01923171 0.03713189 -0.01116345
v 0.01814744 0.03583129 -0.01384145
v 0.01694003 0.03676624 -0.01809149
v 0.01545647 0.0370878 -0.02024531
v -0.06154159 0.1599408 -0.03266576
v 0.02137587 0.0387914 0.04024033
v 0.02329792 0.03901606 0.03682073
v -0.01002118 0.1780828 -0.02655569
v -0.06271676 0.1742554 -0.05453533
v 0.04527794 0.04118749 0.008840573
v 0.04453222 0.0412499 0.006169003
v 0.04304089 0.04106913 0.003315786
v 0.04020668 0.04083111 0.0004855269
v -0.04849349 0.1367072 0.008650842
v 0.01942096 0.03847358 -0.01470266
v 0.01822762 0.03738521 -0.01642705
v -0.05015257 0.1377983 0.002904292
v -0.06261847 0.1577208 -0.03837737
v 0.02137141 0.03966258 0.04100079
v 0.02504535 0.04128999 0.03680866
v 0.02548869 0.0406566 0.03433725
v -0.08910671 0.1119298 0.01136106
v 0.04837811 0.04284508 0.01297271
v 0.04876725 0.04312187 0.01030516
v 0.0479314 0.04308393 0.00673531
v 0.04585231 0.04282787 0.003238415
v 0.043394 0.042649 0.001369
v 0.04240706 0.04321212 -0.0002714332
v -0.08740347 0.1285004 0.0002927702
v 0.02518574 0.04142037 -0.005715464
v 0.02226286 0.03952484 -0.006633851
v 0.02142697 0.03942559 -0.008683123
v 0.02050333 0.03945711 -0.01189976
v 0.02089358 0.04080228 -0.0141988
v 0.01980429 0.03997693 -0.01672951
v 0.01822172 0.03908718 -0.01873938
v -0.01058606 0.1658497 -0.01657601
v -0.09173536 0.1193405 0.007811503
v -0.06251462 0.1467763 -0.009147866
v -0.06323198 0.1575419 -0.04101386
v -0.04927002 0.1385959 0.006402242
v -0.06267442 0.1643655 -0.03478485
v -0.06228419 0.151333 -0.0180678
v -0.05124206 0.148743 0.01447572
v 0.05027432 0.04448808 0.0170171
v 0.05090588 0.0446434 0.01412893
v 0.05194543 0.04545211 0.0123074
v 0.05077652 0.04466654 0.01013855
v 0.05022596 0.0447016 0.007218157
v 0.04934602 0.04456999 0.004737306
v 0.0476971 0.04444535 0.002226968
v -0.032973 0.1164627 -0.01422944
v 0.02935181 0.1003993 -0.01630024
v 0.03765624 0.09506656 -0.01010998
v 0.02300326 0.04175353 -0.008202129
v 0.02204579 0.04161587 -0.0102149
v 0.02207902 0.04251334 -0.01254325
v 0.02099333 0.04188392 -0.01695316
v 0.01947811 0.04137439 -0.01974425
v -0.09268845 0.1207118 0.009787565
v -0.06239498 0.1513152 -0.0205335
v -0.0628617 0.1543977 -0.03453539
v -0.05470633 0.1459195 0.0286372
v -0.08719038 0.1117575 0.006835943
v -0.06190447 0.1558005 -0.01814371
v -0.06335641 0.1643174 -0.02947028
v -0.06261954 0.1552362 -0.01404795
v 0.0514735 0.04593866 0.01965545
v 0.05244461 0.04624208 0.01768422
v 0.0534878 0.04698934 0.01624327
v 0.05283367 0.04620924 0.01421129
v 0.05260766 0.0462653 0.0101996
v 0.05166955 0.04615718 0.006720542
v 0.05077271 0.04612284 0.003750466
v 0.04907855 0.04598431 0.001279732
v 0.03088755 0.09868552 -0.01551565
v 0.02387781 0.04329576 -0.009692393
v 0.02066314 0.04297601 -0.01972487
v 0.0423043 0.08762778 -0.007608919
v -0.07482058 0.1527643 -0.02233452
v -0.009545301 0.1673636 -0.02232631
v -0.009799342 0.1711155 -0.02125536
v -0.06162435 0.1709622 -0.05558805
v -0.07397685 0.1158148 0.05185956
v 0.04094615 0.08662458 -0.01037958
v -0.04896593 0.1363161 0.01931161
v -0.05213498 0.1431468 0.01887102
v -0.08882117 0.112517 0.03500944
v -0.06153446 0.1575501 -0.0290987
v -0.04787752 0.1352705 0.0178013
v -0.009531073 0.1756444 -0.02900826
v -0.08521967 0.09871335 -0.0005610772
v -0.06592311 0.06175495 0.02134908
v -0.0186633 0.03665095 0.05276835
v -0.06278221 0.1514857 -0.02769358
v 0.05352511 0.04768957 0.01970287
v 0.05490209 0.04853967 0.01823438
v 0.05424126 0.04790592 0.009195964
v 0.0530019 0.04763652 0.00573214
v 0.05151767 0.04760034 0.002247337
v 0.04968267 0.04807003 -0.0005936288
v 0.04570875 0.0467553 -0.002884666
v -0.002319845 0.1165828 -0.01654257
v 0.02692327 0.04566234 -0.0102577
v 0.02494519 0.04496092 -0.01278817
v 0.0220789 0.04372441 -0.01567701
v 0.02059689 0.04504302 -0.02050044
v -0.0625898 0.1624399 -0.05299717
v -0.0229408 0.108039 -0.02157736
v -0.09247974 0.1242714 0.03070741
v -0.09278944 0.1237168 0.02891819
v -0.06189245 0.161602 -0.03052219
v -0.01416529 0.1615964 -0.0125085
v -0.008907011 0.171782 -0.02391711
v -0.04650963 0.1322293 0.00700645
v -0.04922939 0.1439373 0.008411371
v -0.05404022 0.1511862 0.02575773
v -0.03594526 0.1512756 -0.0002391799
v -0.06251492 0.1516993 -0.01125852
v -0.0622855 0.1514818 -0.01350145
v -0.03384345 0.1523307 -0.001727275
v 0.05539285 0.04856859 0.01420724
v 0.0551296 0.04836145 0.01172893
v 0.05592462 0.04934568 0.01019569
v 0.05542599 0.04935796 0.007194238
v 0.05520978 0.05002728 0.004728342
v 0.05227877 0.04954414 0.0006141028
v 0.0474232 0.0488209 -0.003592965
v -0.08225499 0.1103866 0.02976458
v 0.02966295 0.04748317 -0.00766131
v 0.02886611 0.0473898 -0.009217753
v 0.02560642 0.0464858 -0.01620927
v 0.02207472 0.04497596 -0.01743833
v 0.02142855 0.04544623 -0.01911002
v -0.01613789 0.1015626 -0.02362594
v -0.09258224 0.1234836 0.03259463
v -0.07731254 0.1099614 0.04380838
v -0.06238275 0.1693811 -0.05057866
v -0.07035297 0.1785881 -0.05706206
v -0.0622748 0.1522309 -0.02325897
v -0.08783345 0.1121869 0.02165513
v -0.05475367 0.1503992 0.0274726
v -0.05197929 0.1392983 0.02294841
v 0.05591675 0.05039546 0.02023921
v 0.05733206 0.05160331 0.01817687
v 0.05624716 0.04984653 0.01651874
v 0.05722637 0.05089817 0.01419105
v 0.05745062 0.05162087 0.009684113
v 0.056555 0.05085432 0.007191489
v 0.05398452 0.05003022 0.002439884
v 0.02978713 0.08900768 -0.020261
v 0.028781 0.04806275 -0.01172347
v 0.02727761 0.04688472 -0.01363383
v 0.02780027 0.04799845 -0.01521544
v 0.02750686 0.04875452 -0.01726007
v 0.02603128 0.04849883 -0.01868636
v -0.04253983 0.1478378 0.002982813
v -0.06890197 0.06302756 0.02128602
v -0.05220912 0.1416087 0.02086772
v -0.06152293 0.1592101 -0.03058913
v -0.04252937 0.1476868 0.0004648698
v -0.05195555 0.1486808 0.01764177
v -0.05253473 0.1392328 0.02491402
v -0.04981183 0.1354919 0.001824675
v 0.05810826 0.05273694 0.01642793
v 0.05765682 0.05157199 0.01178819
v 0.05704522 0.05228846 0.006191342
v 0.05571059 0.0521622 0.003193491
v 0.05441869 0.05274068 0.0007187809
v 0.05174899 0.05107309 -0.001222638
v 0.04978544 0.05119613 -0.003179385
v 0.03066928 0.04969557 -0.009210897
v 0.03001167 0.04968127 -0.01173967
v 0.02924031 0.04954933 -0.01424228
v 0.02853101 0.04947721 -0.01623657
v 0.02659418 0.113163 -0.009971422
v -0.06242778 0.1678539 -0.04833038
v -0.06094867 0.1711662 -0.06006903
v -0.06427764 0.1578766 -0.04914988
v -0.04723716 0.1338258 0.00907184
v -0.06249618 0.1491619 -0.01421449
v -0.04883744 0.1362077 0.005824401
v -0.08668197 0.1097104 0.01145359
v 0.05763164 0.05305206 0.02016117
v 0.05860178 0.05452606 0.01818291
v 0.0584298 0.05309407 0.01368508
v 0.05893382 0.05460529 0.01130796
v 0.0582988 0.0538058 0.009177093
v 0.05771727 0.05303878 0.007681164
v -0.004793865 0.1151135 -0.01708296
v 0.03234211 0.05121419 -0.008313887
v 0.03016613 0.05107795 -0.01374137
v 0.02884497 0.05165293 -0.01776213
v 0.02797067 0.05159712 -0.01927558
v 0.02501352 0.05002419 -0.02111823
v -0.01587965 0.1202489 -0.01066575
v -0.05824035 0.1211448 -0.009264166
v -0.02955477 0.1228767 -0.004943452
v -0.05891038 0.06590771 0.03408151
v -0.04870044 0.1382391 0.009651672
v -0.05305863 0.1423768 0.02489657
v -0.06153457 0.157739 -0.027197
v -0.05340253 0.1508893 0.02324446
v -0.05339904 0.1414501 0.02653463
v 0.03999745 0.09863849 0.02799358
v -0.05344538 0.1485652 0.02399969
v 0.05802069 0.05523295 0.02153795
v 0.05890941 0.05608135 0.01937507
v 0.05884848 0.05455044 0.01568166
v 0.05870861 0.05592096 0.007672426
v 0.05760758 0.05442383 0.005677726
v 0.05688189 0.05458876 0.003840184
v 0.05581544 0.05426299 0.002191491
v 0.05309242 0.05399994 -0.001790102
v 0.0349278 0.05226843 -0.006960441
v 0.0335528 0.05352751 -0.009228925
v 0.03123137 0.05184765 -0.01175288
v 0.02951151 0.05172315 -0.0162485
v 0.02570582 0.05254805 -0.02145916
v 0.01165456 0.1241842 -0.007840566
v 0.04560998 0.09121164 0.006566317
v 0.04302481 0.09800366 0.01966233
v -0.05124769 0.1369846 0.02453788
v -0.07649536 0.07269571 0.028877
v -0.08069984 0.1039025 -0.005591679
v -0.0624186 0.1486304 -0.01029446
v -0.09308983 0.1232239 0.01052913
v 0.05954191 0.05669868 0.01667312
v 0.05945088 0.05598335 0.01468057
v 0.05953222 0.05599403 0.01267138
v 0.05966418 0.05668874 0.01061663
v 0.05908352 0.05595945 0.009171254
v 0.05816485 0.05656018 0.005181662
v 0.05628265 0.05637135 0.00169621
v 0.05436371 0.05548106 -0.0007957362
v -0.08876591 0.1178737 0.002807626
v 0.01911911 0.1117957 -0.01547866
v 0.03590797 0.0541169 -0.006978339
v 0.03245641 0.05365979 -0.01107854
v 0.0316984 0.05473982 -0.01376447
v 0.03065008 0.05323643 -0.01474302
v 0.02952472 0.05464379 -0.01731411
v 0.02835146 0.0537201 -0.01926885
v -0.02435253 0.123567 -0.003767998
v 0.04572082 0.09033385 0.0087666
v -0.05075358 0.1431743 0.0154026
v -0.06356574 0.1574571 -0.04294279
v -0.09383438 0.1234384 0.01417442
v 0.04276018 0.09020359 -0.005534244
v -0.07673261 0.1121325 -0.004815316
v 0.05908109 0.05810292 0.020741
v 0.05967665 0.05877559 0.01917887
v 0.0600498 0.05812104 0.01617401
v 0.06003093 0.05742914 0.0136727
v 0.06050622 0.05877574 0.01167038
v 0.06023112 0.05883134 0.009666237
v 0.05937654 0.05807676 0.007172037
v 0.05828131 0.05796099 0.004189247
v -0.09436405 0.1228375 0.0237827
v -0.04461209 0.1260749 -0.007267812
v 0.03579941 0.05595024 -0.008746471
v 0.03404439 0.05640652 -0.01171198
v 0.0330394 0.05633375 -0.01321439
v 0.02793709 0.05558385 -0.01940568
v 0.02482004 0.05420738 -0.02227242
v 0.006627507 0.1179984 -0.01611813
v -0.08115416 0.1390031 -0.002281533
v -0.06493934 0.06556614 0.03020976
v -0.08855254 0.1030019 0.01319064
v -0.06242418 0.16557 -0.0441035
v -0.02858324 0.03503806 0.05089674
v -0.06746919 0.06170947 0.01963502
v -0.08094985 0.1093484 -0.00205567
v -0.06303513 0.1643028 -0.03143122
v 0.06025271 0.05987112 0.01717448
v 0.06056637 0.05954555 0.01416389
v 0.05895926 0.05940366 0.004665305
v 0.05833523 0.06005078 0.003193331
v 0.05700117 0.05853349 0.001676301
v 0.05565356 0.05818177 -0.0001606028
v -0.05048508 0.1050274 -0.01976677
v -0.06648299 0.1319619 -0.008579602
v 0.03747843 0.05745715 -0.007229497
v 0.03605442 0.05732847 -0.009714645
v 0.03139293 0.0567692 -0.01524685
v 0.03030556 0.05606216 -0.01628612
v 0.02883958 0.05659253 -0.01831939
v 0.0254847 0.05627024 -0.0222447
v 0.01169921 0.0936708 -0.02816792
v 0.02453881 0.1052432 -0.0165167
v 0.04560485 0.09041572 0.01066431
v -0.08365547 0.1460075 0.003638986
v -0.0520696 0.1238492 -0.008477995
v -0.08147991 0.1055377 -0.003933273
v -0.05007 0.137041 0.021393
v 0.04102175 0.09929383 0.02516714
v -0.04908261 0.1386012 0.01489897
v 0.06003086 0.06158234 0.01868306
v 0.06085645 0.0616611 0.0136605
v 0.06096496 0.06154943 0.0115307
v 0.0607394 0.06095619 0.009655387
v 0.05988418 0.05983525 0.007172621
v 0.05710184 0.06065374 0.001548958
v 0.05536739 0.05988772 -0.0008627472
v -0.09133284 0.1288562 0.007758845
v 0.03864819 0.05943605 -0.006401009
v 0.03776999 0.05889983 -0.008239677
v 0.03618487 0.05867502 -0.01072804
v 0.03446131 0.05858074 -0.0132148
v 0.03266865 0.05912412 -0.01569031
v 0.02967105 0.05796161 -0.01771811
v 0.02740135 0.05790021 -0.02074611
v 0.02613164 0.05850117 -0.02279902
v 0.02469708 0.05848228 -0.02438612
v -0.02532775 0.1209076 -0.008911863
v -0.08416969 0.1111878 0.02810146
v 0.04517721 0.08991757 0.01649662
v -0.08877419 0.1260191 0.002696599
v -0.03142204 0.1230927 -0.004762097
v -0.06207529 0.152994 -0.0159825
v -0.0626505 0.1622909 -0.05008586
v -0.06237866 0.1647967 -0.04658088
v -0.04992547 0.1377772 0.01988842
v -0.05167339 0.143934 0.01688613
v -0.06203988 0.1568321 -0.03409894
v -0.04931635 0.1405469 0.01211922
v 0.06068522 0.06164108 0.01566915
v 0.0607103 0.06247508 0.009130765
v 0.06027052 0.06169797 0.0075416
v 0.05965507 0.0613203 0.00573133
v 0.05888805 0.06182883 0.004071712
v -0.080982 0.1077804 -0.003273823
v -0.06691276 0.09589371 -0.01698921
v 0.03975499 0.06108103 -0.005236303
v 0.0384212 0.06034509 -0.008248452
v 0.03802902 0.06099527 -0.009741574
v 0.03693328 0.06088905 -0.01126439
v 0.03461815 0.05997373 -0.01376197
v 0.03220555 0.0606966 -0.01737078
v 0.0291511 0.05940813 -0.01927049
v 0.02775676 0.05933604 -0.02128019
v -0.09371831 0.1228115 0.0259148
v -0.09242695 0.11914 0.03129995
v -0.08574826 0.09988649 0.0007414607
v -0.01200359 0.1637876 -0.01642142
v -0.06196817 0.1545178 -0.0286833
v -0.0292939 0.1799932 -0.01299605
v -0.06169159 0.1601176 -0.0279888
v -0.05811931 0.03559687 0.04577908
v -0.0527778 0.1439304 0.02090862
v -0.0615243 0.156862 -0.02508519
v -0.05263597 0.1498492 0.01981018
v -0.06198137 0.1701568 -0.05299731
v 0.05920132 0.06266924 0.021517
v 0.05989949 0.06365533 0.01968254
v 0.0604618 0.06323887 0.01750929
v 0.06090629 0.06374049 0.01365937
v 0.06095031 0.064441 0.01215533
v 0.06069534 0.06375813 0.009606976
v 0.06015647 0.06367835 0.007645473
v 0.05941305 0.06360189 0.005625745
v 0.05840988 0.06412999 0.003609827
v 0.05745704 0.0626633 0.002181783
v -0.08712785 0.1056468 0.01037413
v -0.09025057 0.130323 0.00589954
v 0.03908597 0.06176911 -0.00776434
v 0.03424276 0.0613429 -0.0147954
v 0.03101611 0.06174846 -0.01871879
v 0.02887833 0.06158549 -0.02037406
v -0.08325457 0.1059714 0.02720189
v -0.06251586 0.1670537 -0.04609148
v -0.06174631 0.1592346 -0.02509491
v -0.06171457 0.1465026 -0.004589957
v -0.06247678 0.1630678 -0.04774418
v -0.06237423 0.1724245 -0.053537
v -0.04900217 0.1355044 0.003919251
v 0.05951706 0.06544546 0.02054128
v 0.06081309 0.06444352 0.01576174
v 0.06049901 0.06564815 0.01034374
v 0.05974255 0.06571781 0.007641275
v 0.05902029 0.0656544 0.005640889
v -0.08538691 0.1464202 0.006495104
v 0.04101355 0.06354311 -0.004325898
v 0.04033376 0.06400836 -0.006269528
v 0.0390912 0.0631714 -0.008758742
v 0.03763828 0.06374163 -0.01128625
v 0.03558904 0.0623775 -0.01314344
v 0.03277363 0.06261117 -0.01729438
v 0.02731223 0.0611292 -0.02220268
v -0.08153578 0.1473056 0.0006700328
v 0.04488508 0.09316844 0.003685295
v -0.09286396 0.1188252 0.03379837
v -0.09195234 0.1141475 0.0140432
v -0.08251611 0.1383918 -0.0005098116
v -0.09346512 0.1187828 0.0237995
v -0.09423798 0.1269979 0.01974015
v -0.06300703 0.1606856 -0.04762289
v -0.061847 0.153751 -0.021577
v -0.07724835 0.1142935 0.04952705
v -0.08964814 0.1384191 0.03473917
v 0.03176845 0.08788669 -0.01943106
v 0.04010037 0.1041948 0.02216227
v -0.04850506 0.1367711 0.01613857
v -0.06195474 0.1576461 -0.02009431
v -0.07625399 0.1120462 0.04702844
v -0.04044284 0.149508 0.002946068
v -0.0510258 0.1393 0.02086652
v 0.06032538 0.06564049 0.01804578
v -0.07824578 0.1448586 -0.003566278
v -0.09056719 0.1161184 0.02885141
v -0.07171123 0.1617092 -0.04244726
v 0.03948783 0.06463458 -0.008765583
v 0.03638109 0.06504812 -0.0132526
v 0.03429621 0.06342451 -0.01532307
v 0.03342544 0.06489559 -0.0170038
v 0.02866964 0.06366895 -0.02033352
v -0.07288905 0.1558482 -0.0325981
v -0.08263792 0.1473685 0.002631417
v -0.06183941 0.1538399 -0.01919093
v -0.06176764 0.1542689 -0.0238675
v -0.09032125 0.1425404 0.02842116
v -0.06237439 0.1507015 -0.01564672
v -0.07659245 0.06831909 0.01594344
v 0.05977431 0.06748334 0.01841835
v 0.06047148 0.06725961 0.01565192
v 0.0607207 0.06645103 0.01409139
v 0.06054696 0.06726668 0.01266407
v 0.06005652 0.0674882 0.009893121
v 0.05928632 0.06777457 0.007629407
v 0.0584651 0.06805151 0.00559915
v 0.04097564 0.06687829 -0.006766797
v 0.03520364 0.0671282 -0.01536569
v 0.03175039 0.06482518 -0.01874477
v 0.02767285 0.06545059 -0.02114482
v -0.08618912 0.1076606 0.009861266
v -0.09317682 0.127678 0.01305751
v -0.09067318 0.1192016 0.005716856
v -0.06159381 0.1686159 -0.05498155
v -0.04475631 0.1462705 0.001865563
v -0.05243032 0.1446361 0.01830276
v -0.04974165 0.138585 0.01788969
v -0.03074804 0.03528499 0.05017933
v -0.06547114 0.06238851 0.0233257
v 0.05957204 0.06985816 0.01384469
v 0.05961463 0.0695996 0.01178341
v 0.05920362 0.06940173 0.009233842
v -0.08405971 0.1083133 0.02478096
v 0.03870591 0.06667437 -0.01126472
v 0.03732743 0.06723415 -0.01328156
v 0.03288004 0.06689217 -0.01785594
v 0.02536264 0.1210126 -0.001367913
v -0.09292743 0.1181653 0.03789892
v 0.04397644 0.09803543 0.01077323
v -0.06252542 0.1607412 -0.04309487
v -0.07296245 0.06465421 0.01780021
v -0.05019323 0.1622646 -0.00467436
v -0.07329852 0.06604036 0.01975262
v -0.04927407 0.1410136 0.009995949
v -0.07569683 0.1643848 -0.03603645
v -0.08347632 0.142531 0.002758183
v -0.05452422 0.1441847 0.02881679
v -0.0485024 0.1379633 0.01200731
v -0.05290215 0.1462856 0.02085282
v -0.06218316 0.1553015 -0.01608387
v -0.0728767 0.1146082 0.05120394
v -0.063828 0.03649923 0.04214495
v 0.04271425 0.09441774 -0.002301143
v -0.03518417 0.1238817 -0.006573183
v -0.08315306 0.1083199 0.02630146
v -0.08593192 0.1070276 0.01976887
v 0.04350146 0.06986691 -0.000739607
v 0.04280716 0.0698261 -0.002805716
v 0.04192587 0.06834528 -0.004789352
v 0.03991603 0.06747511 -0.009287302
v 0.03878315 0.06889672 -0.01180956
v 0.03556778 0.06940589 -0.01517509
v 0.03140052 0.06891109 -0.01879293
v 0.02914077 0.06659236 -0.01987599
v 0.02852238 0.06787734 -0.0212349
v -0.02689777 0.1232928 -0.00362094
v -0.006120495 0.1005561 -0.02373003
v -0.09388958 0.1274367 0.0174523
v -0.06375995 0.1591052 -0.05042328
v 0.04457621 0.09031159 -0.0008165925
v -0.07751901 0.1116241 0.04623986
v -0.09260218 0.1265476 0.02930674
v -0.06198556 0.1624201 -0.03570687
v -0.06894073 0.1112817 0.0428696
v -0.09114502 0.1145254 0.0371729
v -0.09221825 0.123236 0.00818755
v -0.06522305 0.07884918 0.04189422
v 0.04183772 0.09246761 -0.006437287
v -0.04805584 0.1348194 0.007160413
v -0.08794713 0.1464346 0.008930195
v -0.08899455 0.1015786 0.01504718
v -0.08678637 0.1064356 0.01727823
v 0.04127655 0.06983734 -0.007580796
v 0.03835836 0.0701996 -0.01224841
v 0.03683981 0.06930994 -0.01386471
v 0.03356811 0.06884067 -0.01714885
v 0.0299217 0.06941947 -0.02027733
v -0.08650531 0.1426973 0.008485902
v -0.09394944 0.1200956 0.01480478
v -0.06239349 0.1533468 -0.01368998
v -0.08994121 0.120617 0.004207358
v -0.06219127 0.1528949 -0.02667986
v -0.06214627 0.1670516 -0.05098358
v -0.06224634 0.1615442 -0.02707743
v -0.02669154 0.0925877 -0.02982111
v -0.0790129 0.07364129 0.02493617
v -0.03895573 0.120221 -0.01215987
v -0.04977545 0.1401436 0.01539555
v 0.04544299 0.08852709 0.01449715
v 0.04073541 0.1021147 0.02267539
v 0.04068306 0.1032994 0.02050495
v 0.03936455 0.08942224 -0.01197996
v 0.0441024 0.07231076 -4.692739e-05
v 0.04325278 0.07196898 -0.002796335
v 0.04239315 0.07119469 -0.005302959
v 0.04128996 0.07259668 -0.007873358
v 0.03977223 0.07107049 -0.01038373
v 0.03881068 0.07252928 -0.01145265
v 0.03693926 0.07141405 -0.0133037
v 0.03512598 0.07129003 -0.01529646
v 0.03314438 0.07053114 -0.01756254
v 0.03052275 0.07157532 -0.02030513
v 0.02836886 0.07033838 -0.02248217
v -0.08674051 0.1072432 0.01203467
v -0.09301428 0.1192776 0.03996141
v -0.08741833 0.1184853 0.0007342323
v -0.09050616 0.1213562 0.00576255
v -0.06234012 0.1607624 -0.04058142
v -0.03117243 0.1701615 -0.01655084
v 0.04497353 0.08825805 0.02066064
v -0.08562652 0.1076061 0.00585045
v -0.06156967 0.1564009 -0.02211395
v 0.04214043 0.1000653 0.01966405
v -0.09456568 0.1248081 0.02132488
v -0.05341031 0.06706176 0.03688322
v -0.05411826 0.1467344 0.0253224
v 0.04446634 0.08893023 0.02266256
v 0.04461706 0.08717857 0.02315927
v 0.04564391 0.0876526 0.01272393
v -0.08824023 0.120598 0.0007181132
v 0.04501318 0.07269803 0.00172723
v 0.04347827 0.07339452 -0.00277864
v 0.03989687 0.07491753 -0.009425711
v 0.03557128 0.07273835 -0.01431383
v 0.03376679 0.07244208 -0.01668858
v 0.03202365 0.07168913 -0.01872219
v 0.02893193 0.07216351 -0.02226379
v -0.09266065 0.1249957 0.03777351
v -0.08662184 0.1083317 0.01394233
v -0.06926847 0.08868826 -0.01689591
v -0.05054353 0.05459292 0.01555558
v -0.03969808 0.1214053 -0.0117028
v -0.09176635 0.1214066 0.007722744
v -0.09272097 0.1210875 0.03184464
v 0.04296072 0.09905209 0.01741818
v -0.06248905 0.1624029 -0.04520038
v -0.02878313 0.03622795 0.05291914
v -0.08630761 0.1123262 0.004286428
v -0.08604801 0.1010779 0.002402542
v -0.05261249 0.1371097 -0.0009265674
v -0.078952 0.07615142 0.02881829
v -0.06187222 0.1590868 -0.02281276
v -0.08154104 0.1100058 0.03332186
v -0.06150516 0.1751994 -0.05953189
v 0.04311884 0.0867105 -0.005391677
v -0.07030316 0.06296983 0.01928201
v -0.0619698 0.1641587 -0.05702347
v -0.06224454 0.1635232 -0.05536295
v -0.0622085 0.1646179 -0.05201624
v 0.04550946 0.08687627 0.004174222
v -0.06176696 0.1560647 -0.03008677
v 0.04642912 0.07574656 0.007634385
v 0.04456438 0.0749141 -0.000312464
v 0.04328815 0.07548 -0.003794758
v 0.04251467 0.0741089 -0.005322448
v 0.0411529 0.07472555 -0.007766236
v 0.03784403 0.07396501 -0.01201524
v 0.03028019 0.07407423 -0.02111596
v -0.01873099 0.1228265 -0.007237035
v -0.06195853 0.1670272 -0.0530913
v -0.05948314 0.06102931 0.02413221
v -0.06154069 0.06158147 0.02407059
v -0.08823839 0.1118173 0.008855981
v -0.06328947 0.06238551 0.02477792
v -0.06266582 0.1622308 -0.05164486
v -0.06726257 0.06258163 0.02229827
v -0.07338234 0.1097454 0.04161092
v -0.08715998 0.1128248 0.02543366
v -0.06230384 0.1654604 -0.04909102
v -0.05240098 0.1469609 0.01919657
v 0.04381144 0.08841819 0.02483514
v 0.04611303 0.07546341 0.004927213
v 0.04554844 0.07558757 0.002727435
v 0.04508878 0.07681247 0.0005374588
v 0.04424049 0.07661633 -0.00203629
v 0.042019 0.0761002 -0.006232465
v 0.04123392 0.07698213 -0.007379056
v 0.03721492 0.07640427 -0.01222974
v 0.03551857 0.07471879 -0.01420656
v 0.03400696 0.07469692 -0.01626766
v 0.03264014 0.07457754 -0.01829083
v 0.04239445 0.06527597 -0.002325145
v -0.09136477 0.1138299 0.012155
v -0.09351747 0.1212221 0.01238154
v -0.06170566 0.1662392 -0.05558793
v 0.04378106 0.09873033 0.007166526
v 0.04298849 0.08860868 0.02654083
v -0.0542996 0.148676 0.02629352
v -0.07097447 0.1673143 -0.04851584
v 0.04422126 0.09032771 0.02266335
v 0.04149033 0.1028196 0.001680713
v 0.03810456 0.1033945 -0.005219747
v -0.04804704 0.1364533 0.01382571
v 0.04449812 0.09104824 0.02115973
v 0.04471658 0.09247338 0.01766021
v 0.02213562 0.1194456 -0.007729196
v 0.04643001 0.07854858 0.01264996
v 0.04645266 0.07847901 0.01059068
v 0.04632533 0.07784845 0.008187651
v 0.04611097 0.07712755 0.005435041
v 0.04557249 0.07813512 0.002447129
v 0.04230428 0.0782299 -0.00576438
v 0.03918014 0.07688089 -0.01004789
v 0.03394026 0.07680277 -0.01673966
v 0.03248736 0.07716269 -0.01909777
v 0.0309133 0.07573883 -0.02069365
v -0.08896559 0.09517045 0.02182299
v -0.07075265 0.1609024 -0.04535407
v -0.08843437 0.1377744 0.009704121
v -0.09229667 0.125494 0.03385839
v -0.08221764 0.140886 0.000225656
v -0.09294435 0.1207483 0.03368398
v -0.08929152 0.09492319 0.01302574
v -0.06136512 0.166869 -0.05801045
v 0.005505223 0.08878085 -0.03330791
v -0.05041434 0.1400929 0.01838894
v -0.05132208 0.1416118 0.01888026
v -0.0505685 0.1416498 0.01689683
v -0.04943971 0.1407668 0.007589727
v 0.04094583 0.1021095 -0.0007804602
v 0.04188947 0.1028766 0.003730358
v -0.06187222 0.1748787 -0.05718663
v -0.05042895 0.1254364 -0.007186223
v -0.08454476 0.1000286 -0.001548134
v 0.03924037 0.1048364 0.02470979
v -0.08855488 0.1231919 0.001618062
v 0.04636924 0.07978218 0.008785378
v 0.04508943 0.07926753 0.0001923736
v 0.04440404 0.07848304 -0.00188818
v 0.04318676 0.07918924 -0.004189425
v 0.04062113 0.07925593 -0.008432857
v 0.03943168 0.07870204 -0.01025868
v 0.03764244 0.07854123 -0.01276204
v 0.03580502 0.07768552 -0.01478264
v -0.08396966 0.09676441 -0.003781159
v -0.07125895 0.1624176 -0.04445832
v -0.09096191 0.1427752 0.02365184
v -0.08991185 0.11326 0.009322242
v 0.003904213 0.1233948 -0.01036053
v -0.04731236 0.1346795 0.01139126
v -0.09198618 0.1276268 0.0317417
v -0.009819252 0.1761726 -0.02535606
v -0.07874704 0.09709315 -0.009737231
v -0.02869046 0.09036717 -0.03008569
v -0.06201369 0.1622516 -0.0380805
v -0.06284549 0.1662684 -0.04157575
v 0.04226151 0.09062596 0.02748905
v -0.07397601 0.06557502 0.01626561
v -0.04881879 0.03647117 0.04590447
v -0.04975756 0.1408339 0.005466795
v 0.04324172 0.1002138 0.01003759
v 0.04536836 0.08126605 0.02191922
v 0.04592362 0.08165948 0.01722441
v 0.04621272 0.07998241 0.01488117
v 0.04612232 0.07966844 0.005331601
v 0.0456021 0.08011718 0.00252962
v 0.04486246 0.08096914 -4.728822e-05
v 0.04394104 0.0817278 -0.002116909
v 0.04192258 0.08065416 -0.006781447
v 0.04021568 0.08086035 -0.01027289
v 0.03732737 0.07992538 -0.01422061
v 0.03543231 0.08045842 -0.01671641
v 0.03377633 0.07891759 -0.01777931
v -0.06853469 0.1755852 -0.05731648
v -0.08910678 0.09624042 0.01962441
v -0.07024263 0.1581555 -0.0474214
v -0.06953138 0.163176 -0.05037698
v -0.07830701 0.163944 -0.0320313
v -0.08438625 0.1020714 -0.001110764
v -0.09411935 0.1194831 0.01715034
v -0.02737703 0.1816916 -0.01268267
v -0.06219168 0.1632391 -0.04059689
v -0.06357889 0.1662827 -0.03579499
v -0.05070035 0.1455917 0.01288791
v -0.06318509 0.1545156 -0.01124925
v -0.07325586 0.1106317 0.04450674
v -0.08648125 0.1015154 0.004413117
v -0.05276701 0.1423946 0.02291808
v -0.06232399 0.1468551 -0.006692636
v 0.04504795 0.08615685 0.0016914
v -0.06244985 0.1647501 -0.04051726
v -0.06172084 0.1553663 -0.02002055
v -0.06335153 0.1633817 -0.02661865
v -0.06613283 0.1561231 -0.05291319
v -0.07086836 0.1760039 -0.05501779
v 0.0459491 0.08712838 0.008811367
v 0.04597042 0.08272351 0.01467226
v 0.04622865 0.08134177 0.01267352
v 0.0463425 0.08144907 0.01069082
v 0.04628126 0.08134387 0.007573005
v 0.04574909 0.08198976 0.003698345
v 0.04511437 0.0820134 0.001275207
v 0.04276412 0.08232678 -0.005392365
v 0.03914785 0.08056383 -0.01209799
v -0.08687688 0.1260067 -0.001479991
v -0.07987319 0.147305 -0.001324419
v -0.08797923 0.1018376 0.008071928
v -0.09304655 0.119255 0.03558422
v -0.09314115 0.1210695 0.03593404
v -0.09437118 0.1221434 0.01668158
v -0.05075969 0.1396246 0.002240931
v -0.04928722 0.1430538 0.006377154
v -0.06226355 0.1575951 -0.03610555
v -0.04960339 0.1424531 0.004314562
v -0.06102104 0.06061365 0.02239526
v -0.008788566 0.1748889 -0.0272266
v -0.06277168 0.1545044 -0.01268658
v -0.06141756 0.1720023 -0.05791934
v 0.04441002 0.08273679 0.02467643
v 0.04496654 0.08366016 0.02280151
v 0.04544226 0.08396212 0.02009461
v 0.04596657 0.08412201 0.0126693
v 0.04609302 0.08413149 0.01067131
v 0.0462885 0.08264416 0.009177802
v 0.04613188 0.08305575 0.006908429
v 0.04595497 0.08236191 0.005187367
v 0.0453092 0.0840791 0.003293611
v 0.04488 0.08392675 0.00181135
v 0.0443496 0.08396213 -0.0002083461
v 0.04137292 0.08249576 -0.008572157
v 0.03865783 0.08213915 -0.013762
v 0.03672039 0.08276968 -0.0163024
v -0.05503828 0.1236321 -0.007689965
v -0.08591425 0.09479118 -0.0001726471
v -0.0902409 0.1359357 0.01447927
v -0.07753194 0.1559618 -0.01572403
v -0.04514043 0.1663081 -0.007975379
v -0.07435036 0.1448754 -0.009239733
v -0.08880741 0.1391513 0.01168516
v -0.08516863 0.1028001 0.0008873919
v -0.08603092 0.1190864 -0.001300434
v -0.0932399 0.1209564 0.03768402
v -0.002496842 0.09841457 -0.02743982
v -0.09444634 0.1213253 0.01872786
v -0.09370739 0.1290415 0.01972892
v -0.0625594 0.164758 -0.03810078
v -0.06160798 0.1583044 -0.03257324
v -0.01883896 0.1216759 -0.008808466
v -0.06303774 0.1552848 -0.03664624
v -0.009389929 0.1737771 -0.02423041
v -0.0624806 0.148182 -0.01195831
v -0.06179228 0.1567537 -0.03208285
v -0.04515389 0.1461616 0.00394677
v -0.04739363 0.1446484 0.003810899
v -0.01052479 0.1731553 -0.02192456
v 0.04563732 0.08412543 0.01756075
v 0.04574186 0.08486128 0.01523007
v 0.04607351 0.08532781 0.008544501
v 0.04577897 0.08462234 0.005490143
v 0.04343242 0.08391733 -0.004291571
v -0.0927594 0.1236264 0.03478864
v -0.08418969 0.1538996 0.01453315
v -0.06873125 0.1559162 0.01046404
v -0.06332737 0.178579 -0.06044706
v -0.09205237 0.1174638 0.03130169
v -0.06909177 0.156281 0.01543459
v -0.06272508 0.1779622 -0.0591506
v -0.06496996 0.1801869 -0.05861857
v -0.09302488 0.1229817 0.03778408
v -0.09282163 0.1235003 0.03621121
v -0.04166999 0.1286789 0.00453655
v 0.01289382 0.128288 0.0251426
v -0.06746063 0.1808756 -0.05788726
v -0.03673397 0.1232199 0.02600225
v -0.07427987 0.1561505 0.01819718
v -0.04347616 0.1288214 0.003127026
v -0.06357373 0.1777361 -0.05642051
v -0.06521837 0.1797532 -0.0567431
v -0.08608853 0.1234417 -0.002482359
v -0.0449917 0.1290475 0.00233939
v -0.06356066 0.176248 -0.05482135
v -0.06540961 0.1781456 -0.05411597
v -0.06671992 0.17976 -0.05459246
v -0.06876683 0.1811253 -0.05524556
v -0.06786655 0.1545108 0.03044268
v -0.06703784 0.1778559 -0.05180549
v -0.06853969 0.1798159 -0.05295244
v -0.07129348 0.1810718 -0.05330989
v -0.07338965 0.1807735 -0.05403227
v 0.001335202 0.1212553 0.03639709
v -0.05416254 0.1534112 0.01789416
v -0.08064587 0.1495096 0.03650897
v -0.06436983 0.1746567 -0.05156052
v -0.06508515 0.1762596 -0.05218639
v -0.0699265 0.1794924 -0.05130494
v -0.01508657 0.1286768 0.01788009
v -0.04519325 0.1306452 0.00758413
v -0.04370298 0.1677248 0.003089476
v -0.07635235 0.1541158 0.02974049
v -0.06727163 0.1553376 0.02786013
v -0.08755771 0.1384393 0.007192073
v -0.05504913 0.1528423 0.02627373
v 0.01364212 0.129693 0.01837545
v -0.06441362 0.1729414 -0.04929982
v -0.06636153 0.1753327 -0.04937965
v -0.06768755 0.1772221 -0.0502249
v 0.007250479 0.105108 -0.020937
v -0.07103106 0.1543734 -0.04634199
v -0.06471133 0.1562431 0.02133132
v -0.05579276 0.1549696 0.01438355
v -0.06314948 0.1509668 -0.004256952
v -0.002656665 0.0996806 0.04955692
v -0.04754106 0.1334243 0.02146813
v -0.0466725 0.131326 0.02273094
v -0.01698442 0.09710112 0.04936784
v -0.07308928 0.1557424 0.02519275
v -0.06872033 0.1578926 -0.00512415
v -0.01078195 0.1808384 -0.02723739
v -0.06337687 0.1701663 -0.04783118
v -0.06521851 0.1725332 -0.04691455
v -0.0656575 0.174016 -0.04842583
v -0.07062526 0.1784969 -0.04936399
v -0.07264892 0.1802771 -0.05091531
v -0.08280347 0.1532874 0.02607306
v -0.08797777 0.1513908 0.02382679
v -0.07864075 0.1538318 0.02894812
v -0.04870833 0.1350711 0.02121828
v -0.0690074 0.1519762 0.03608924
v -0.02761248 0.1209764 0.02669481
v -0.07898002 0.151938 0.03340497
v -0.06822657 0.1651543 -0.01916616
v -0.008402636 0.1001677 0.0477849
v -0.06171895 0.155466 0.02506375
v -0.04584607 0.1260519 0.02450856
v -0.08166474 0.1548246 0.01516225
v 0.009471917 0.1309826 0.01749708
v -0.08905783 0.1518343 0.01644247
v -0.08014047 0.1551421 0.02031393
v -0.07140134 0.1514319 0.03677333
v -0.07014226 0.1529579 0.03415028
v -0.076463 0.1533212 0.03196423
v -0.08146012 0.1528748 0.005533609
v -0.07029979 0.1558206 0.0259132
v 0.01365596 0.1245169 0.03133111
v -0.07236943 0.1596787 -0.006887985
v -0.02899891 0.12516 0.01729049
v 0.04798762 0.06932946 0.02458874
v -0.05111703 0.1352273 0.02749972
v -0.01151409 0.1822419 -0.02693116
v -0.01325488 0.1842662 -0.02701439
v -0.05525818 0.1542733 0.01748545
v -0.05120022 0.1341279 0.02911048
v -0.06419804 0.170429 -0.04581021
v -0.06760645 0.174285 -0.04599488
v -0.0672379 0.1749796 -0.04753531
v -0.06865668 0.1763905 -0.04804912
v -0.07374769 0.1794866 -0.04918106
v -0.0761321 0.1788647 -0.04946318
v -0.07376202 0.1543983 0.0298579
v -0.08433735 0.1103324 0.02589452
v -0.07719293 0.1558732 0.01648458
v -0.06175656 0.1560239 0.01957572
v -0.08018609 0.1552098 0.0161508
v -0.05443078 0.1533869 0.0200422
v -0.06578007 0.156076 0.02385553
v -0.06707313 0.1561189 0.02413259
v -0.04351032 0.1296888 0.009184007
v -0.03851713 0.1252064 0.02252818
v -0.0787396 0.153025 0.03119872
v 0.0115655 0.1288657 0.02466233
v -0.0437901 0.1256929 0.02061835
v -0.0406434 0.1271167 0.01748939
v -0.01941046 0.1242399 0.02590844
v -0.09397272 0.1187247 0.01895955
v -0.06983186 0.1563465 0.01871193
v -0.06490662 0.1553778 0.02708378
v -0.07030064 0.1555941 0.004333297
v -0.01271302 0.1825716 -0.02511632
v -0.01462401 0.1849382 -0.02562153
v 0.03345284 0.1007374 -0.01335241
v -0.0646783 0.1702236 -0.04378196
v -0.06629347 0.1727557 -0.04511235
v -0.06996546 0.1758939 -0.04591116
v -0.07081509 0.177265 -0.04740123
v -0.07223979 0.1783666 -0.04808996
v -0.07367146 0.1554171 0.002485124
v -0.07985214 0.1539497 0.02742529
v 0.009644376 0.1298385 0.02322281
v -0.02487603 0.09403409 -0.02927612
v -0.06328849 0.156101 0.0153326
v -0.06499456 0.153186 0.03372466
v -0.0254501 0.126099 0.01344773
v -0.06688293 0.1561032 0.01403248
v -0.05884897 0.1535442 0.03082645
v -0.07576488 0.1555734 0.02401222
v 0.02800596 0.1154888 0.03145519
v -0.05306176 0.1512102 0.01985494
v -0.04622257 0.1294633 0.02318779
v -0.04412333 0.1233619 0.02431995
v -0.08929275 0.1481035 0.01062473
v 0.02473269 0.1191272 0.03030458
v -0.08709841 0.1103605 0.018372
v -0.002388527 0.1208766 -0.01223987
v -0.08681605 0.103119 0.006069705
v -0.06940394 0.174593 -0.05569118
v 0.01824552 0.1243184 0.02794764
v 0.01615884 0.1264565 0.026458
v -0.05672125 0.1593512 0.005250145
v -0.07876394 0.1537607 0.004713088
v 0.01419196 0.127707 0.02561596
v -0.01475626 0.1852241 -0.0240485
v -0.08770666 0.1400357 0.009691514
v -0.02438195 0.125393 0.01825211
v -0.06676402 0.1723018 -0.04312031
v -0.06913577 0.1746349 -0.04461729
v -0.07178528 0.17666 -0.04555922
v -0.07356513 0.1780262 -0.04699586
v -0.07636844 0.1775531 -0.0466667
v -0.06755556 0.1538135 0.03229075
v -0.07162815 0.1543976 0.03060573
v -0.0761473 0.1545806 0.02831452
v 0.01013366 0.1290297 0.02557271
v -0.08648672 0.1085031 0.0157812
v -0.08756631 0.09210188 0.004944388
v -0.0380296 0.04559818 -0.02331224
v -0.09313397 0.1182648 0.01264085
v 0.008583958 0.1297303 0.02427511
v -0.07207129 0.1560838 0.01145253
v -0.06188962 0.1560056 0.01755454
v -0.05915369 0.1556593 0.01857071
v -0.054914 0.159645 0.006819857
v -0.0268394 0.1253388 0.01659529
v 0.004507246 0.1306959 0.02207767
v -0.06739866 0.1629516 -0.05654436
v -0.08855092 0.09489863 0.007415862
v -0.08438516 0.09820671 -0.002807993
v -0.04089328 0.1245983 -0.00874477
v -0.07243589 0.1303858 -0.008390391
v -0.03908296 0.124005 0.02472667
v 0.00696879 0.1302801 0.02296597
v -0.07324184 0.1555915 0.007442172
v -0.002149497 0.1306743 0.02038261
v -0.09382442 0.118732 0.02136096
v 0.01893574 0.1248156 0.0264781
v -0.06380242 0.1682863 -0.04222074
v -0.06550526 0.1703033 -0.04147245
v -0.06858987 0.1734239 -0.04268708
v -0.07083447 0.174924 -0.04311637
v -0.07511338 0.1778464 -0.04647531
v -0.08033159 0.1545417 0.02468204
v -0.071585 0.1563546 0.0188975
v -0.09245 0.1167989 0.03580993
v -0.08207415 0.1432331 0.0007121355
v -0.09297356 0.1167002 0.01381498
v -0.004568007 0.1306931 0.01877529
v -0.06025039 0.1546079 0.02801617
v -0.06710546 0.1559126 0.02557983
v -0.0814077 0.1503091 0.03451442
v -0.006244376 0.1304294 0.0196228
v -0.05297625 0.1516927 0.01805913
v -0.008258552 0.1302158 0.01816217
v -0.08133851 0.1453428 -0.0003264999
v -0.08729647 0.09613937 0.0028587
v -0.0879139 0.09620314 0.005433198
v -0.08924588 0.1002282 0.01718928
v -0.08229319 0.1028437 -0.004250477
v -0.04836372 0.1255197 -0.00763854
v -0.09216507 0.1262574 0.03175254
v -0.07099175 0.1562601 0.02201073
v -0.01256798 0.1293391 0.01835139
v -0.0852519 0.135589 0.0007856782
v -0.03502133 0.1235742 0.02477929
v -0.08543156 0.1519609 0.008841105
v -0.06340645 0.1668509 -0.04020886
v -0.06710454 0.1717689 -0.04116685
v -0.07366402 0.1765941 -0.04436556
v -0.07615211 0.1763495 -0.04438146
v -0.07333649 0.1562146 0.020116
v -0.07688155 0.1558609 0.01923255
v -0.08516157 0.0953147 -0.002078736
v -0.07738438 0.150649 -0.005401534
v -0.03085515 0.1785688 -0.01295489
v -0.09131309 0.114627 0.009829164
v 0.002712747 0.1287725 0.02720327
v -0.04777397 0.1314856 0.02501695
v -0.07892659 0.1555995 0.01779926
v -0.07655204 0.1513756 0.03576527
v -0.05431217 0.1526975 0.02360695
v -0.0173306 0.1228147 0.03046312
v -0.07581877 0.1552605 0.007538653
v -0.001766857 0.1235093 0.034434
v -0.07778478 0.154945 0.008675269
v -0.006245728 0.1294618 0.02468309
v -0.005037839 0.1250169 0.03245563
v -0.02105387 0.127417 0.01318759
v -0.07707921 0.0942383 -0.01263194
v 0.03273838 0.1141805 -0.002089515
v -0.07602053 0.1506828 -0.0149146
v -0.08872603 0.1010263 0.00996117
v -0.08879577 0.1014395 0.01172832
v -0.08012993 0.1018414 -0.007082051
v -0.07938119 0.1113828 -0.002220457
v -0.09293077 0.1172659 0.02296859
v -0.02352884 0.1267379 0.01229095
v -0.0002506153 0.1022222 0.04429362
v -0.08025368 0.1538408 0.007148695
v -0.06379803 0.1671374 -0.03814572
v -0.06483725 0.1688988 -0.03957217
v -0.06658592 0.1707245 -0.03938323
v -0.06840028 0.1723288 -0.04009932
v -0.07126378 0.1741096 -0.04064545
v -0.07349039 0.1756318 -0.04261302
v -0.07588295 0.1756112 -0.04290492
v -0.07773853 0.1745564 -0.04290626
v 0.02430328 0.1206959 0.02891059
v -0.02785122 0.125774 0.01171173
v -0.03020652 0.1259134 0.01021841
v 0.05687348 0.07048838 0.006119803
v -0.08856648 0.09774881 0.00702271
v -0.08522031 0.1063244 0.02236399
v -0.08646563 0.1083171 0.01775182
v -0.08372608 0.1540535 0.02091847
v -0.04930865 0.135255 0.02288059
v -0.03230227 0.1265309 0.008708828
v -0.07283326 0.1495585 0.03934209
v -0.03404377 0.1272454 0.01027465
v -0.004346554 0.129589 0.02466788
v -0.04273875 0.1274967 0.01741935
v 0.002780767 0.1311812 0.01929955
v 0.03585925 0.111118 0.0005560654
v 0.03423824 0.1130067 -0.0006417474
v 0.01245796 0.09059995 -0.03006953
v -0.05615675 0.1219835 -0.008924139
v -0.08952591 0.09360236 0.0180411
v -0.08946393 0.09453352 0.01558056
v -0.0861904 0.109557 0.009220216
v -0.07465356 0.09424636 -0.01419867
v -0.07637627 0.1544176 -0.000802987
v -0.0863452 0.09812858 0.001412819
v -0.02596162 0.1821671 -0.01456922
v -0.08641697 0.1053797 0.006711328
v -0.07540338 0.1124663 -0.006239711
v -0.009937159 0.09807523 0.05136049
v -0.05033384 0.1353717 0.0255517
v -0.04544421 0.1272909 0.02241238
v -0.07377566 0.1558779 0.0108523
v 0.0004598575 0.1232457 0.03454181
v -0.06152849 0.1558976 0.01230932
v -0.05566078 0.1518011 0.02902781
v -0.08315034 0.153264 0.009053346
v -0.04062168 0.1286131 0.01146103
v -0.06216259 0.1521996 0.03479514
v -0.07804362 0.1498785 0.03761434
v -0.05436049 0.1531601 0.0214902
v -0.03714653 0.1280346 0.006687964
v 0.0006056358 0.1309731 0.01991938
v -0.06564155 0.1694176 -0.03757198
v -0.06709053 0.1708534 -0.03815724
v -0.06812102 0.1712692 -0.03718228
v -0.07289421 0.1749552 -0.04137372
v -0.0755594 0.1743796 -0.04056747
v -0.03985644 0.1284971 0.005937922
v -0.06856724 0.1563394 0.02214211
v -0.06771603 0.1505034 0.03802237
v 0.05795421 0.07093847 0.008986488
v 0.05597754 0.07229995 0.009080902
v -0.07185353 0.1638167 -0.04346142
v -0.02744229 0.1800074 -0.01550219
v -0.01345116 0.1284802 0.02137476
v -0.07590135 0.1504332 0.03749566
v -0.06295661 0.1550087 0.02777816
v -0.03411569 0.1271292 0.01372009
v 0.03214981 0.1159994 -8.749525e-05
v 0.02932397 0.1184411 -0.0002052149
v 0.02681468 0.1195421 -0.002337566
v -0.02683887 0.09022263 -0.03314668
v -0.08915782 0.09627803 0.009706428
v -0.09302106 0.1225676 0.02768421
v -0.09010912 0.1381304 0.01463322
v -0.04016684 0.09385349 -0.0230478
v -0.09198871 0.1183056 0.02698604
v -0.09141146 0.1174873 0.02879414
v -0.04356285 0.1245445 0.02258455
v -0.06898331 0.1561674 0.01328095
v -0.02809893 0.125655 0.01396044
v -0.06471144 0.1679144 -0.03577201
v -0.06604949 0.169542 -0.03628023
v -0.06977876 0.1724992 -0.0382879
v -0.07754099 0.1731 -0.04013249
v -0.08069848 0.1547924 0.01282139
v -0.06675588 0.1562739 0.02205592
v -0.06268508 0.1560243 0.02204294
v -0.06775232 0.1529774 0.03424385
v 0.05842996 0.0711055 0.01143804
v 0.05731138 0.07198823 0.0110616
v -0.08762191 0.09854565 0.004656566
v -0.09078172 0.1357765 0.01889068
v -0.03031925 0.1259511 0.01228531
v -0.03002842 0.1227 0.02284269
v 0.01421179 0.1234305 0.03212853
v 0.03955845 0.1072513 0.004670658
v -0.03618731 0.1730668 -0.0006538427
v 0.03601066 0.1120448 0.002954834
v 0.03446371 0.1138595 0.001675611
v 0.03348423 0.1151131 0.001250672
v 0.03198718 0.1168231 0.001522331
v 0.03073754 0.1179795 0.0017814
v 0.0269022 0.1203933 0.0001214833
v 0.02336341 0.1220528 -0.002122534
v -0.08567984 0.09348572 -0.001251197
v -0.08894722 0.09369665 0.0108175
v -0.01407621 0.1192086 -0.01326611
v -0.08945655 0.09703033 0.01134594
v -0.0906827 0.1357759 0.01679526
v -0.0924692 0.1174514 0.02471936
v -0.0597632 0.1558275 0.01353304
v -0.01217489 0.09795774 0.05061618
v -0.01129302 0.1299189 0.01202765
v -0.01310613 0.1294315 0.01118598
v -0.02160345 0.1847982 -0.01886979
v -0.00431656 0.1000513 0.04855745
v -0.08945148 0.1233204 0.003884342
v -0.09223599 0.126289 0.03585621
v -0.06991317 0.1718608 -0.03580792
v -0.07153544 0.1730964 -0.03811348
v -0.07374059 0.1737246 -0.03843938
v -0.06463636 0.1530398 -0.001967413
v 0.05529187 0.07295737 0.0109707
v 0.05302791 0.07308756 0.009415971
v 0.05033279 0.07303671 0.009875679
v -0.05679729 0.1551052 0.01619658
v -0.06409458 0.1559933 0.01284652
v -0.02865567 0.1216074 0.02457783
v -0.05705825 0.1567257 0.009503542
v -0.06595535 0.154734 -0.003919529
v 0.03753693 0.1104425 0.00499568
v 0.0320528 0.1172907 0.003699496
v 0.03013699 0.1187761 0.002997071
v 0.02837279 0.119606 0.000910764
v 0.02424173 0.122415 3.221979e-05
v -0.08363571 0.1151951 -0.001180428
v -0.08918103 0.1356885 0.007205968
v -0.0894751 0.1410121 0.03152772
v -0.09185326 0.1166545 0.008817305
v -0.08921659 0.09903751 0.01145689
v -0.0210715 0.1225833 -0.007347299
v -0.08116444 0.1420078 -0.001136952
v -0.08569344 0.1039151 0.024371
v -0.07807126 0.1102919 -0.004351197
v -0.08784325 0.1436052 0.01009209
v -0.06918462 0.1659143 -0.05199162
v -0.0930796 0.1167276 0.02078245
v -0.05793407 0.155783 0.01214609
v -0.01495044 0.09764532 0.04963803
v -0.0677372 0.1562262 -0.003322998
v -0.05054804 0.1611047 0.007013078
v -0.07016952 0.1558286 0.009220285
v -0.08282242 0.1538259 0.02383715
v -0.07058833 0.1586336 -0.004776263
v -0.06587523 0.168688 -0.03353441
v -0.06931078 0.1713517 -0.03458958
v -0.07289245 0.1726567 -0.03602624
v -0.005515407 0.1268186 0.03008998
v -0.07338069 0.1580577 -0.004582557
v -0.006516952 0.1305839 0.0173422
v 0.05771504 0.07188928 0.01363418
v 0.05244307 0.07349473 0.0114161
v 0.04993653 0.07319976 0.01118683
v 0.04746824 0.07324303 0.009178003
v 0.04658155 0.07536058 0.009600473
v 0.02063105 0.1234748 0.02802599
v -0.0292456 0.118881 0.02986362
v -0.04095396 0.1251647 0.02184263
v -0.03213193 0.12309 0.0236125
v -0.03033805 0.121367 0.02576709
v -0.001634456 0.1271532 0.03001101
v 0.0385538 0.1089991 0.005985726
v 0.03621578 0.1123089 0.005309977
v 0.03477021 0.1142386 0.004673644
v 0.03346065 0.1158783 0.004209251
v 0.02596851 0.1215593 0.001593736
v 0.02442961 0.1230655 0.002288934
v 0.0229984 0.123993 0.001806364
v 0.02104857 0.1246567 7.153806e-05
v -0.08085426 0.09640302 -0.007800247
v -0.08237715 0.0958001 -0.00604886
v -0.08647645 0.1143815 0.00278259
v -0.08921116 0.1001997 0.01377808
v -0.07297369 0.1440218 -0.01203404
v -0.09320812 0.1167154 0.01580784
v 0.01230073 0.1235224 0.03282949
v -0.03838372 0.1280948 0.01242369
v -0.02865203 0.1255146 0.01522544
v -0.04611548 0.1324439 0.009531728
v -0.07175782 0.1558052 0.008656921
v -0.04771447 0.1342265 0.01993681
v -0.01993978 0.1865536 -0.01641061
v -0.02271396 0.1848144 -0.01662726
v -0.05674522 0.1521264 0.03061655
v -0.009594746 0.09938278 0.04919789
v -0.06466045 0.1668586 -0.03207398
v -0.06744905 0.1700486 -0.03372083
v -0.07110961 0.1717326 -0.03387759
v -0.07354908 0.1722498 -0.03477956
v -0.07575228 0.1723181 -0.03678364
v -0.03216315 0.1266019 0.01170307
v -0.05740359 0.1552424 0.01858079
v -0.03584579 0.125806 0.02045017
v 0.05869952 0.07077624 0.01580612
v 0.05644175 0.07258555 0.01574861
v 0.05525218 0.07312787 0.01321402
v 0.05343563 0.07359429 0.01278697
v 0.04749815 0.0735755 0.01180647
v 0.04654851 0.07615849 0.01134792
v -0.04126851 0.12629 0.01947621
v -0.04846903 0.1314026 0.02687049
v -0.08334388 0.1538317 0.01191481
v -0.03866654 0.1261077 0.02038343
v -0.03941886 0.1227744 0.02687554
v -0.04423282 0.1294301 0.01613027
v -0.07485314 0.1559508 0.02212772
v -0.02673902 0.1196369 0.0297912
v -0.04639303 0.1285772 0.02437865
v 0.03854631 0.1092571 0.008209326
v 0.03661666 0.1118822 0.007480913
v 0.03502798 0.1140326 0.006914727
v 0.0330905 0.1165526 0.006231757
v 0.02877281 0.1201325 0.003903407
v 0.02760817 0.120985 0.003475669
v 0.02658549 0.1219945 0.004521011
v 0.02178155 0.1250814 0.00275089
v 0.01886205 0.126096 0.0006567816
v -0.07222557 0.1569307 -0.03692766
v -0.07421852 0.1471732 -0.0153617
v -0.09139001 0.1405953 0.0166755
v -0.0786336 0.09969465 -0.009121137
v -0.08745112 0.1058885 0.01384975
v -0.08736878 0.1036151 0.007890006
v 0.02189644 0.1183272 -0.009393349
v -0.06987689 0.1541261 0.03146385
v 0.002453035 0.09744173 0.05190977
v -0.02533196 0.1213978 0.0275101
v -0.08916913 0.151783 0.01851185
v -0.06174971 0.1559667 0.01483927
v -0.07457621 0.1526612 0.03414427
v -0.02103783 0.185838 -0.01441366
v -0.02386686 0.1843378 -0.01439998
v -0.03614663 0.1246496 0.02311453
v -0.05628472 0.1547055 0.0199406
v -0.03707422 0.1221092 0.02783626
v -0.0658206 0.1675707 -0.02984278
v -0.06734459 0.1690089 -0.03031318
v -0.06901658 0.1701874 -0.03083676
v -0.07041712 0.1711665 -0.03254128
v -0.07468677 0.1713671 -0.03304502
v -0.06188129 0.1555175 0.007240903
v -0.04659877 0.1332996 0.01704773
v -0.07351867 0.1562237 0.0152912
v -0.05930512 0.154749 0.02631891
v 0.05948404 0.06946747 0.01622888
v 0.05742825 0.07167114 0.01700242
v 0.05093989 0.07355778 0.0128472
v -0.06509722 0.1553957 0.008150256
v -0.05919342 0.1561395 0.009453642
v -0.05499296 0.1552796 0.01245599
v -0.01193125 0.1257802 0.0292895
v -0.07037565 0.1556137 0.006237193
v -0.03914457 0.1276325 0.015304
v -0.04190111 0.1280095 0.01529454
v 0.008476628 0.1257094 0.03145817
v 0.03927825 0.1082648 0.01090542
v 0.03782768 0.1103835 0.01007467
v 0.0365472 0.1120654 0.009609027
v 0.03521416 0.1138798 0.008897663
v 0.03046489 0.1191429 0.005957942
v 0.02844767 0.1208668 0.005918176
v 0.02488321 0.1232991 0.004605828
v 0.02327547 0.1247018 0.005845961
v 0.01693989 0.1277669 0.003085289
v 0.01547023 0.1280086 0.001421229
v 0.02559784 0.1119407 -0.01165388
v -0.06556646 0.167403 -0.05945731
v -0.08064444 0.09981562 -0.007074558
v -0.09248871 0.1165399 0.01111897
v -0.05686081 0.1542497 0.02556574
v -0.03233435 0.1264863 0.01450699
v -0.02329133 0.1228204 0.02599889
v -0.06615884 0.156305 0.01908097
v -0.07427952 0.1534782 0.03245852
v -0.04489329 0.1308735 0.01414098
v -0.02029122 0.1234398 0.02705582
v -0.04208313 0.1290335 0.01107097
v -0.0649049 0.1664577 -0.02942885
v -0.07069832 0.1706317 -0.03012576
v -0.07243488 0.1711493 -0.03125694
v -0.03704209 0.1279942 0.01065458
v -0.07147409 0.1563033 0.01629486
v -0.03903158 0.1284075 0.01048799
v 0.05853645 0.06988266 0.01848913
v 0.05433933 0.07343153 0.0158585
v 0.0519341 0.07365522 0.01514041
v 0.04929397 0.07342971 0.01369811
v 0.04787917 0.07355667 0.01416965
v 0.04663285 0.07534729 0.01366207
v 0.02460486 0.09137774 -0.02271947
v 0.0009192617 0.1252631 0.03249332
v -0.01001959 0.1257653 0.03002644
v -0.05807351 0.1552036 0.02158246
v 0.003000365 0.1263807 0.03094449
v 0.0006463907 0.1270322 0.03008784
v -0.0337234 0.1259551 0.01875769
v -0.03200885 0.1253315 0.01915818
v -0.01025411 0.1300063 0.01671159
v 0.02166755 0.1215831 0.03054473
v 0.03574593 0.1132408 0.01111804
v 0.03401157 0.1155293 0.008703934
v 0.03236162 0.1175312 0.008105947
v 0.0297139 0.1200694 0.008105565
v 0.02731648 0.1221156 0.007640814
v 0.02585237 0.1229673 0.006378571
v 0.02126735 0.1258523 0.005238037
v 0.01977148 0.12625 0.002771505
v 0.0127169 0.1292174 0.00200773
v -0.08641877 0.09402379 0.001888607
v -0.08250459 0.09860751 -0.005567184
v -0.08413028 0.1043412 -0.0002890116
v -0.08807013 0.1042193 0.01556442
v -0.0698326 0.153743 -0.04932057
v -0.0775804 0.154476 0.005949445
v -0.0356082 0.1275726 0.01239553
v -0.0680897 0.1562903 0.01681112
v 0.0196371 0.1229121 0.0298223
v -0.08544225 0.1527725 0.01126159
v -0.06448768 0.156131 0.01414948
v -0.06436077 0.1652494 -0.02785368
v -0.06612698 0.1672327 -0.0279163
v -0.06971081 0.1699416 -0.02895393
v -0.076589 0.1693111 -0.03051961
v 0.01675342 0.1245882 0.02859629
v 0.01485274 0.1262645 0.02809791
v -0.07257588 0.1524245 0.03486695
v 0.05540324 0.07252126 0.01854579
v 0.04803618 0.07295308 0.01645759
v 0.04684966 0.07447253 0.01522164
v 0.04637919 0.07706834 0.01441998
v 0.01322377 0.1271397 0.02788261
v -0.07504177 0.1551719 0.005045052
v -0.07250852 0.1556084 0.005463696
v -0.07464185 0.1555978 0.009204355
v -0.07218329 0.1560894 0.02331141
v -0.050098 0.1331179 0.02830498
v 0.03803153 0.1100464 0.01274813
v 0.03686779 0.1116506 0.01296314
v 0.03424297 0.1152842 0.01094465
v 0.03073015 0.1192726 0.01033761
v 0.02890675 0.1209235 0.009651494
v 0.02452656 0.123966 0.006606055
v 0.01838985 0.1273169 0.004687201
v 0.01409723 0.1290637 0.003473834
v 0.009665087 0.1301546 0.002528229
v -0.08726399 0.09399147 0.00441775
v -0.08907426 0.09800581 0.01965308
v -0.08904406 0.09896585 0.009915067
v -0.0885213 0.09924633 0.007664838
v -0.08186841 0.1012325 -0.005568193
v -0.08676958 0.1033961 0.02222247
v -0.08474315 0.1054969 0.001888006
v -0.08437697 0.1115527 0.002603783
v -0.09072214 0.1388632 0.02060222
v -0.09239516 0.1176859 0.04075799
v -0.06693258 0.1557707 0.01038805
v 0.01151715 0.1281356 0.02686581
v -0.0007150427 0.1293927 0.02597006
v -0.04426222 0.1287411 0.01843027
v -0.0345411 0.1216131 0.0274981
v 0.008548159 0.1289398 0.02643212
v -0.07804606 0.1553133 0.02321718
v -0.02535397 0.1832501 -0.01210062
v -0.06084117 0.1543851 0.02926752
v -0.02936896 0.1199327 0.02828704
v -0.06455723 0.1644687 -0.02496862
v -0.06581191 0.1660653 -0.02556717
v -0.06824144 0.1679137 -0.02559018
v -0.06826699 0.1686681 -0.02758968
v -0.0724698 0.1700826 -0.02790685
v -0.07457566 0.1703591 -0.03011648
v 0.006502371 0.1297186 0.02496826
v 0.05765351 0.06900595 0.02137814
v 0.05701476 0.07084687 0.01977439
v 0.05333287 0.07312168 0.01842263
v 0.05127849 0.07329311 0.0176594
v 0.0496152 0.07311154 0.01701268
v -0.03094677 0.1241427 0.02101762
v -0.01446312 0.1239047 0.03105089
v -0.006678843 0.128442 0.02696942
v -0.04819733 0.1334245 0.02355445
v -0.01273242 0.09883116 0.04853372
v 0.03236596 0.1175793 0.01059869
v 0.02605886 0.1231567 0.008833679
v 0.02450534 0.1242516 0.00873696
v 0.01780011 0.1278184 0.006243798
v 0.01560901 0.1287631 0.00544203
v -0.07609733 0.09254747 -0.01367403
v -0.08747181 0.1104075 0.0132807
v -0.0857869 0.1040559 0.003588816
v -0.07919644 0.1074693 -0.005415457
v -0.09308758 0.1276201 0.02676308
v -0.08997132 0.1253913 0.004692954
v -0.09117602 0.1247912 0.006497872
v -0.07383992 0.1561146 0.01300692
v -0.08837537 0.1519411 0.02106288
v -0.01047214 0.1291031 0.02244479
v -0.02271815 0.1260119 0.01809276
v -0.002375939 0.1298863 0.0241629
v -0.0465585 0.1323601 0.02037636
v 0.0009094029 0.1306154 0.02185259
v -0.0199936 0.1225527 0.02932021
v -0.08047914 0.1548527 0.02240274
v -0.00167804 0.1304298 0.02199931
v 0.001075252 0.09946199 0.04934837
v -0.004331207 0.130473 0.02103506
v -0.07056271 0.1696094 -0.02720879
v -0.02247211 0.123483 0.02482278
v -0.06398644 0.1561473 0.01822024
v -0.007712131 0.130079 0.02068879
v 0.05450435 0.07211718 0.02042961
v 0.0518087 0.07261078 0.02004607
v 0.0492447 0.07212754 0.01981146
v 0.04759215 0.07190548 0.01915486
v 0.04651296 0.07353289 0.01816361
v 0.04628221 0.07630882 0.01739595
v -0.02839234 0.1234189 0.0212029
v -0.01031189 0.1296768 0.01959389
v -0.07248674 0.1473163 0.04204368
v -0.003229508 0.1240212 0.03385729
v -0.01211878 0.1240066 0.03204483
v -0.0673531 0.1550146 0.003683712
v -0.06392761 0.1511366 0.03634225
v 0.03665822 0.1118025 0.01539358
v 0.03503216 0.1141621 0.01312563
v 0.03380358 0.115814 0.01293151
v 0.03247344 0.1174308 0.01285613
v 0.03099188 0.1189899 0.01342903
v 0.02741784 0.1222592 0.01029753
v 0.02579449 0.1235023 0.01063123
v 0.02423134 0.1246243 0.0100676
v 0.02312472 0.1252182 0.008881832
v 0.02133726 0.126174 0.008021044
v 0.01928282 0.1272188 0.007512244
v 0.01571466 0.1290358 0.008330517
v 0.01424059 0.1295279 0.007075559
v 0.01319194 0.1296976 0.005255885
v 0.01083625 0.1302775 0.004395362
v 0.006762528 0.1306002 0.002916779
v 0.004391194 0.1306845 0.002530588
v 0.001045539 0.1306124 0.002102293
v -0.0893458 0.09646066 0.01753952
v -0.0869061 0.09951128 0.00392802
v -0.07161695 0.1785995 -0.05607668
v -0.08615114 0.1098246 0.02010869
v -0.07681017 0.1092387 -0.006633216
v -0.0876327 0.1243929 -0.0003939403
v 0.02073137 0.1243982 0.02592462
v -0.04538839 0.131226 0.01712117
v -0.08318622 0.1525329 0.02809785
v -0.05333286 0.1557193 0.01135959
v -0.01659265 0.1284062 0.01661562
v -0.02685447 0.1817433 -0.00875946
v -0.02853902 0.1810593 -0.0103317
v -0.03000344 0.1800896 -0.009510582
v -0.03247126 0.1783893 -0.01042869
v -0.08680562 0.1527495 0.02114153
v -0.01321766 0.1294419 0.01562823
v -0.06313722 0.1619678 -0.02340973
v -0.06402061 0.1632675 -0.02335099
v -0.06559456 0.1646432 -0.02248104
v -0.06655029 0.1656976 -0.02285501
v -0.06768899 0.1666262 -0.02327651
v -0.06937487 0.1677675 -0.02380166
v -0.07109429 0.1688882 -0.0252737
v -0.07338454 0.1685668 -0.02461499
v -0.07519374 0.1689186 -0.02748227
v -0.01812066 0.128097 0.015328
v -0.07669371 0.1555614 0.01132829
v 0.05595593 0.06892369 0.02353743
v 0.05538461 0.07057869 0.02211921
v 0.05293752 0.07153534 0.02205582
v 0.05053839 0.07200574 0.02104432
v -0.02250997 0.1266951 0.01520879
v -0.07907496 0.1549221 0.01052351
v -0.05439782 0.1573056 0.009756413
v -0.03571972 0.1270745 0.01605636
v -0.03410289 0.1265488 0.01689375
v 0.03789746 0.1099913 0.0161221
v 0.03704753 0.111193 0.01720166
v 0.03541567 0.1135421 0.01493232
v 0.03278023 0.1169255 0.01582459
v 0.02939037 0.1205708 0.01269153
v 0.02791803 0.121866 0.01214211
v 0.02451031 0.1244476 0.01229078
v 0.02336557 0.1252557 0.01192391
v 0.02170625 0.126143 0.01003799
v 0.01897334 0.1275367 0.009504747
v 0.01740506 0.1282261 0.008477687
v 0.01136414 0.1303717 0.006373502
v 0.007642908 0.1308884 0.004802285
v 0.004662738 0.1310192 0.004257241
v -0.002400159 0.1298558 0.0006110918
v -0.09367944 0.1254904 0.01426039
v 0.02132752 0.1211954 -0.005826505
v 0.02226187 0.1172959 -0.01028758
v 0.02402107 0.1165107 -0.00957514
v -0.08670875 0.1050023 0.0198652
v -0.08790653 0.1043316 0.01138089
v -0.03337746 0.1226202 -0.006781748
v -0.07517632 0.1504935 -0.025966
v -0.07699332 0.1544412 -0.01475994
v -0.09213805 0.1274993 0.009265817
v -0.01880051 0.1275269 0.01802147
v -0.05226344 0.1534299 0.01249426
v -0.0636971 0.1543803 0.03044167
v -0.02838162 0.1807407 -0.007556882
v -0.02422044 0.09121913 0.04991753
v -0.06270993 0.16027 -0.02102146
v -0.07112681 0.1681032 -0.02312563
v -0.04922592 0.1334485 0.02602276
v -0.04556772 0.1225267 0.02576125
v 0.05467472 0.06918093 0.02425026
v 0.05307611 0.07048589 0.02350148
v 0.04844065 0.07088774 0.0222388
v 0.04606736 0.07165949 0.02080014
v -0.03866381 0.1268355 0.01820452
v -0.05282873 0.1521319 0.01587591
v -0.01848443 0.1262517 0.0227731
v -0.01624801 0.1269976 0.02333356
v -0.03679113 0.1280052 0.008760149
v -0.03145379 0.1259005 0.01623948
v -0.02110918 0.1261737 0.01986201
v -0.01084481 0.1281278 0.02522273
v 0.03561075 0.1132232 0.01715657
v 0.03409219 0.1153052 0.0162546
v 0.02936637 0.1204511 0.01529856
v 0.02777286 0.1218909 0.0142217
v 0.02606247 0.123307 0.01287532
v 0.01860598 0.1278234 0.01133367
v 0.01577866 0.1291403 0.01048914
v 0.0123284 0.1302768 0.008510613
v 0.009171513 0.1309272 0.006640235
v 0.00522235 0.1313833 0.006622017
v 0.001762637 0.1310034 0.003888178
v -0.003693219 0.1302014 0.002567371
v -0.005851775 0.1294897 0.0009623471
v 0.0165628 0.1044353 -0.01974453
v -0.08779685 0.1030057 0.01986038
v -0.08359993 0.102698 -0.002630283
v -0.08755802 0.1009076 0.006397042
v -0.03704374 0.175529 -0.008775483
v -0.07925851 0.1530011 0.002998031
v -0.0926418 0.127515 0.0107613
v -0.07110927 0.1809932 -0.05626069
v -0.0867313 0.1384203 0.004202653
v -0.03669405 0.1269178 0.01758014
v -0.0402214 0.1286779 0.008787028
v -0.0006832124 0.1223702 0.03573562
v -0.06804672 0.1554894 -0.0003168451
v -0.02083454 0.1269817 0.01691466
v -0.07041399 0.150158 0.03865723
v 0.001292047 0.1291252 0.02668898
v -0.0420013 0.1289008 0.006786138
v -0.06411988 0.162195 -0.02067007
v -0.06654863 0.1648701 -0.02082737
v -0.0700615 0.1669799 -0.02133834
v -0.07232259 0.1675305 -0.02175788
v -0.07496723 0.1670312 -0.02310078
v -0.04421533 0.1294919 0.005885929
v -0.07534219 0.1560997 0.01561781
v 0.0503687 0.07085337 0.02320905
v 0.0458516 0.07047407 0.02242725
v 0.04464374 0.07271408 0.02332785
v -0.04535838 0.1300296 0.005253899
v -0.07615763 0.1488894 0.03976696
v -0.01345527 0.1277434 0.02414953
v 0.003249079 0.1276293 0.02887341
v -0.008549673 0.1284736 0.02606533
v 0.03473657 0.1142574 0.01863121
v 0.03321863 0.1162347 0.01842409
v 0.03155188 0.1181564 0.01778788
v 0.03048802 0.1193394 0.01596362
v 0.0217207 0.1261898 0.01278253
v 0.02001646 0.127125 0.01197271
v 0.01678358 0.1286673 0.01098244
v 0.01377354 0.1298976 0.009984781
v 0.009825011 0.1309069 0.008070356
v 0.007290881 0.1312859 0.007375527
v 0.002659486 0.1312844 0.005794505
v -0.001491768 0.1307718 0.004107859
v -0.006056807 0.130112 0.003851891
v -0.007748415 0.1294528 0.002080678
v -0.08843957 0.1003428 0.020876
v -0.06452494 0.1145265 -0.01164234
v -0.07545465 0.1325409 -0.007213128
v -0.02612571 0.166752 -0.01753139
v -0.01548724 0.1767751 -0.02620519
v -0.02761553 0.1689609 -0.01799859
v -0.06679914 0.03582482 0.03373818
v -0.06626031 0.03571635 0.03676552
v -0.05878358 0.08615502 -0.0208091
v -0.06099399 0.03600646 0.04458731
v -0.05590345 0.03626916 0.04665658
v -0.0112684 0.1009536 0.04434464
v -0.08740555 0.09188609 0.02524971
v -0.0396263 0.1614274 -0.01209022
v -0.07444779 0.131096 -0.007717233
v -0.0682395 0.1288275 -0.009074319
v -0.07259149 0.03596085 0.006874279
v -0.06755589 0.03578518 0.01396216
v -0.06306302 0.03518943 0.01864327
v -0.06620063 0.03690435 0.02836286
v -0.06676154 0.03761604 0.03272177
v -0.06651377 0.03840812 0.03532099
v -0.06604421 0.03840675 0.03735117
v -0.06528998 0.03783814 0.03937777
v -0.06378181 0.03810112 0.04198724
v -0.06203834 0.03670495 0.04382132
v -0.06048793 0.03897608 0.04500679
v -0.05820145 0.03773748 0.04663087
v -0.04290017 0.03697416 0.04404414
v 0.001860071 0.08991329 -0.03388221
v -0.09111043 0.1161695 0.02570097
v -0.07729554 0.08930373 0.03799395
v -0.0715908 0.0369321 0.009029432
v -0.07026128 0.03594969 0.01073252
v -0.06894568 0.03694239 0.01205603
v -0.06600427 0.03710014 0.01543146
v -0.06463328 0.03775212 0.01623474
v -0.0633824 0.03776954 0.01726592
v -0.06174689 0.03703447 0.01958373
v -0.06459972 0.03830678 0.02555645
v -0.0657496 0.03948619 0.02994474
v -0.06594913 0.03908612 0.03184381
v -0.06489723 0.04007987 0.03851481
v -0.06399384 0.0399309 0.04022101
v -0.06302963 0.0401312 0.04210112
v -0.06170111 0.04010355 0.04357629
v -0.05918041 0.03877167 0.04611395
v -0.06723526 0.08197733 0.04257458
v -0.04018625 0.03684602 0.0429095
v -0.03247542 0.03790941 0.0507671
v -0.02976883 0.03886045 0.0528599
v -0.02689996 0.0371751 0.05397928
v -0.02434889 0.0374483 0.05428091
v -0.0788028 0.1445683 0.0437729
v -0.07543359 0.08513784 0.03867651
v -0.05909783 0.09480915 -0.02010781
v -0.05711868 0.1246137 -0.007281446
v -0.0278762 0.1170148 -0.01386495
v -0.07138293 0.03719332 0.0001376269
v -0.0722194 0.03779843 0.004663749
v -0.06843369 0.0381428 0.01159156
v -0.06681838 0.03910835 0.01345791
v -0.06542017 0.03906724 0.01487213
v -0.06106505 0.03913739 0.01852058
v -0.05944506 0.04146302 0.04475028
v -0.08812569 0.1378403 0.04075313
v -0.039163 0.03922182 0.04227077
v -0.03632392 0.03946656 0.04594034
v -0.03461588 0.03879901 0.04845249
v -0.03348822 0.03956282 0.05001447
v -0.02815256 0.03913249 0.0538404
v -0.0547017 0.1610046 0.004657928
v -0.07250683 0.1010514 0.03871764
v -0.08780706 0.09727693 0.02423683
v -0.0865291 0.09613095 0.02672241
v -0.02621394 0.07607354 0.04696138
v -0.05636237 0.034677 0.04433248
v -0.06419968 0.1674112 -0.06043093
v 0.04904349 0.06929706 0.002535222
v -0.07144155 0.03835351 0.002166198
v -0.07094746 0.03967505 0.003551334
v -0.07206125 0.03880985 0.007277999
v -0.07074678 0.03896788 0.008864266
v -0.06959851 0.03889347 0.009873629
v -0.06802206 0.03939954 0.01108684
v -0.06244883 0.04032399 0.01611489
v -0.0589078 0.04043012 0.01925091
v -0.002745092 0.1051607 -0.02250518
v -0.06499132 0.04115258 0.02966618
v -0.06566909 0.04088261 0.03486102
v -0.06281276 0.04202296 0.04109936
v -0.06125484 0.04287146 0.04290601
v -0.05750698 0.04298551 0.04519865
v -0.05195983 0.03552316 0.0457772
v -0.03787146 0.03976385 0.04396245
v -0.03436778 0.04097308 0.04858356
v -0.03280358 0.04168356 0.05008394
v -0.03117288 0.04029321 0.05141602
v -0.0294368 0.04098314 0.05238772
v -0.0278318 0.04149498 0.05331759
v -0.02604802 0.04181537 0.05379263
v -0.02851395 0.07854832 0.04469349
v -0.08127348 0.09592933 0.03327694
v -0.08024559 0.09660317 0.03422398
v 0.01777235 0.09739544 -0.0228786
v -0.08273148 0.09052143 0.03123028
v -0.07098758 0.04082934 0.00693165
v -0.06438854 0.04061165 0.01449295
v -0.06015738 0.04137453 0.01694584
v -0.06416044 0.04303404 0.03121899
v -0.06487771 0.04178925 0.03692189
v -0.06383915 0.04253825 0.03856397
v -0.06263925 0.04392365 0.03947114
v -0.05888607 0.04419642 0.04367395
v -0.07840622 0.09751499 0.03558786
v -0.07176573 0.07755337 0.03794241
v -0.08226084 0.14473 0.04108976
v -0.03821741 0.04135334 0.0427884
v -0.0372022 0.04297916 0.04333364
v -0.0364674 0.04155601 0.04524087
v -0.03516375 0.04145085 0.04672838
v -0.03397985 0.04292868 0.04766568
v -0.03344324 0.04289387 0.04853871
v -0.03065594 0.04303228 0.05071337
v -0.02852836 0.04274802 0.05176374
v -0.07668225 0.09746296 0.03696866
v -0.0880505 0.1316298 0.04453847
v -0.08572034 0.1373425 0.04473232
v -0.07054968 0.1032323 -0.01354652
v -0.08501749 0.0850233 0.0255124
v -0.0715028 0.082488 0.04030523
v -0.0818958 0.1053443 0.02923786
v -0.07277743 0.0975308 0.04012994
v -0.08935096 0.1276814 0.04439359
v -0.06962926 0.04199249 0.002929919
v -0.06898705 0.04293035 0.004727166
v -0.06930386 0.04280422 0.007221514
v -0.06923007 0.0413609 0.008773013
v -0.06732105 0.04143648 0.01047808
v -0.06565854 0.04173849 0.01233301
v -0.06344799 0.04202146 0.01388058
v -0.06047066 0.04294006 0.01477792
v -0.07656316 0.166846 -0.0255988
v -0.07253921 0.09418387 0.04119834
v -0.06190164 0.044015 0.04084021
v -0.06042175 0.04480502 0.04216089
v -0.08438152 0.09305993 0.02969228
v -0.03489955 0.08848101 -0.02443119
v -0.03519168 0.04361132 0.04539529
v -0.03183795 0.04435439 0.04889159
v -0.08740526 0.1189863 0.04770868
v -0.04294356 0.171119 -0.00175705
v -0.08219061 0.08445619 0.03158564
v -0.08573934 0.1236773 0.048624
v -0.07546387 0.156843 -0.005456665
v -0.08100258 0.1427473 0.0441097
v -0.0265131 0.09268391 0.04558179
v -0.06715888 0.04402394 0.008333293
v -0.06479753 0.0442403 0.01006369
v -0.06327673 0.04426155 0.01118163
v -0.05841768 0.04292297 0.01625849
v -0.01914417 0.07420747 0.05443495
v -0.03226553 0.08872012 -0.02506256
v -0.06991436 0.08690722 0.04227488
v -0.06064526 0.04595326 0.0401132
v -0.05840778 0.04605526 0.04215419
v -0.08004895 0.08451087 0.03450781
v -0.07766215 0.1771994 -0.04766272
v -0.037702 0.0439782 0.04149518
v -0.03548993 0.0448928 0.04417341
v -0.03270408 0.04495584 0.04704437
v -0.08349956 0.1039512 0.0280531
v -0.01432755 0.09979847 0.04488919
v -0.07485243 0.1634406 -0.01582767
v -0.02304112 0.0938955 0.04869546
v -0.06516934 0.04544098 0.007580094
v -0.06172688 0.04580536 0.00967994
v -0.06113875 0.04407629 0.01285735
v -0.05853389 0.04481281 0.01349158
v -0.08512517 0.1216652 0.04896287
v -0.02560706 0.07998012 0.0519984
v -0.08938034 0.1458103 0.02914607
v -0.02095495 0.0731725 0.05284313
v -0.05923219 0.04717892 0.03899669
v -0.07033165 0.07912898 0.03960615
v -0.02254011 0.07999382 0.05526033
v -0.02724513 0.08774821 0.04809759
v -0.08126499 0.1314512 0.05189974
v -0.07653666 0.1274104 -0.007719163
v -0.03687735 0.04625691 0.04024921
v -0.03580573 0.04571673 0.04233587
v -0.03370212 0.04541333 0.04520912
v -0.03131325 0.04618802 0.04688838
v -0.08895958 0.138013 0.03872351
v -0.02827457 0.08900413 0.04575841
v -0.07767789 0.1655358 -0.02639387
v -0.07581611 0.1042914 0.03582493
v -0.02814797 0.08146986 0.0470726
v -0.08705313 0.1210227 0.04815753
v -0.08258117 0.1427242 0.04289671
v -0.07935675 0.1070475 0.03182557
v -0.02491037 0.08070187 0.05342284
v -0.05905077 0.04667109 0.009624644
v -0.05762803 0.04667873 0.01099408
v -0.0561623 0.04613915 0.01309739
v -0.0535339 0.04560252 0.01593962
v -0.02193261 0.07756131 0.05433699
v -0.08747754 0.1449229 0.03462342
v -0.07464243 0.1597616 -0.009113018
v -0.08850632 0.1478701 0.02889975
v -0.02655796 0.08359849 0.05050103
v -0.08202883 0.1272147 -0.005036007
v -0.01439049 0.1805241 -0.02783816
v -0.08496567 0.149211 0.03286479
v -0.03435193 0.04705591 0.0426333
v -0.03230455 0.04832491 0.04328213
v -0.03135706 0.04677914 0.04564887
v -0.02921626 0.04793659 0.04654474
v -0.02940891 0.04669039 0.04855838
v -0.07596536 0.1604296 -0.01210168
v -0.02121163 0.08277234 0.05638075
v -0.07833345 0.08211593 0.03523406
v -0.07629087 0.09479625 0.03807886
v -0.08950388 0.1195219 0.0460948
v -0.05145651 0.164066 0.002239917
v -0.0893157 0.1250873 0.04571033
v -0.02669634 0.09113619 0.04675615
v -0.08432995 0.1411137 0.04302655
v -0.04697525 0.166842 0.002643291
v -0.05909976 0.04777678 0.006861704
v -0.05551422 0.04777168 0.01159222
v -0.05423146 0.04693199 0.01364684
v -0.05237784 0.04798254 0.01434935
v -0.05190012 0.04673768 0.01618037
v -0.07721621 0.09249801 0.0376041
v -0.02454516 0.08598246 0.05320221
v -0.07736099 0.1613744 -0.01826523
v -0.09319602 0.1210747 0.0397939
v -0.09227028 0.1252612 0.04062422
v -0.0833152 0.1486756 0.03534765
v -0.06779946 0.1577502 -0.05438817
v -0.08838407 0.1492462 0.02735398
v -0.02998826 0.04829157 0.04475423
v -0.08783003 0.145932 0.03252348
v -0.08311688 0.1454925 0.03951429
v -0.08204799 0.1082026 0.02791216
v -0.08702885 0.1235916 0.04793408
v -0.02585198 0.08293 0.05194266
v -0.02807688 0.07553195 0.04344283
v -0.08421563 0.123698 0.04931326
v -0.07955391 0.08102575 0.03337769
v -0.02325888 0.09635786 0.04496544
v -0.07855455 0.1662369 -0.03051898
v -0.08485481 0.1178381 0.04865506
v -0.08805448 0.09524103 0.02413074
v -0.05696549 0.04860623 0.008879669
v -0.05391855 0.04879644 0.01228613
v -0.05680345 0.08909798 -0.02170758
v -0.02712331 0.07356347 0.0433801
v -0.04758921 0.1568691 -0.007252728
v -0.05146493 0.05041471 0.0336816
v -0.06000454 0.1281851 -0.007531986
v -0.06848331 0.08401694 0.04262299
v -0.03297401 0.04926562 0.0407797
v -0.03043063 0.05000543 0.04241416
v -0.02765806 0.04992447 0.0450075
v -0.05760779 0.05897478 0.02152073
v -0.07397167 0.1504255 -0.03347383
v -0.07077355 0.08468546 0.04135093
v -0.045255 0.169651 -0.001354
v -0.02579988 0.0885154 0.05015824
v -0.0872871 0.1264509 0.04716978
v -0.0213881 0.09579817 0.0470314
v -0.02735886 0.08296249 0.04905611
v -0.09106425 0.1205139 0.04446706
v -0.07678345 0.1705738 -0.03390048
v -0.0767515 0.1604552 -0.01422966
v -0.02683588 0.08978741 0.04761993
v -0.07291814 0.0908123 0.04118484
v -0.05636457 0.05036615 0.008585193
v -0.05406215 0.050067 0.01152026
v -0.05218408 0.04990171 0.01330678
v -0.05022593 0.0512842 0.01535938
v -0.08863672 0.09421183 0.02289732
v -0.08959462 0.1290022 0.04319235
v -0.08086143 0.133557 0.05112401
v -0.08647711 0.08895564 0.02583981
v -0.05089423 0.05173029 0.03314983
v -0.01982763 0.0959826 0.04891258
v -0.01749403 0.09607244 0.05107964
v -0.08225474 0.08109491 0.0299418
v -0.08059498 0.1172846 0.04874238
v -0.09292061 0.1229608 0.04017494
v -0.07443045 0.09482985 0.03972391
v -0.03111223 0.05110889 0.03912317
v -0.02903929 0.05112497 0.04114672
v -0.02675952 0.05104937 0.04222902
v -0.08450908 0.1460512 0.03756818
v -0.09033022 0.1447096 0.02792153
v -0.02542415 0.1044623 -0.02312976
v -0.02904371 0.08682325 0.04502112
v -0.08245231 0.1380599 0.0471321
v -0.07905498 0.08823771 0.03606837
v -0.08119095 0.08542337 0.03314658
v -0.08068944 0.1447592 0.04234115
v -0.07724955 0.1672561 -0.0279823
v -0.07573923 0.09167125 0.03911106
v -0.08954862 0.1317009 0.04162204
v -0.08716794 0.1290549 0.04705355
v -0.03475665 0.1650137 -0.01487923
v -0.08047844 0.08307514 0.03346601
v -0.08105527 0.1353338 0.05002137
v -0.08810096 0.1297353 0.04520611
v -0.05525282 0.05073105 0.009916975
v -0.05363543 0.05137165 0.01139594
v -0.05086896 0.05217099 0.01426432
v -0.08615618 0.1452981 0.03647759
v -0.08060554 0.0892693 0.03409574
v -0.04999743 0.05314377 0.03381334
v -0.04775863 0.05380628 0.03655666
v -0.0810932 0.1373131 0.04867181
v -0.03036168 0.05251399 0.03704406
v -0.02765371 0.05277794 0.03766172
v -0.02613751 0.05221923 0.03956006
v -0.08313841 0.08793234 0.03058297
v -0.0274692 0.07646191 0.04514277
v -0.02681122 0.08034188 0.04957959
v -0.08151699 0.1265817 0.052301
v -0.08088877 0.103285 0.0311283
v -0.09079032 0.1248068 0.04411344
v -0.06768138 0.07891058 0.04087014
v -0.0911 0.12626 0.04263394
v -0.06469816 0.110393 -0.01362995
v 0.01066673 0.08834445 -0.03122418
v -0.0909475 0.1425386 0.02613136
v -0.080329 0.08690664 0.03450243
v -0.08475415 0.1339981 0.04804923
v -0.07830522 0.175612 -0.04580282
v -0.07866828 0.1007636 0.0342705
v -0.08267627 0.1393761 0.04589853
v -0.05489519 0.05275587 0.009713226
v -0.05103761 0.05394565 0.03163372
v -0.08959908 0.1178236 0.04543593
v -0.023082 0.0845001 0.05515822
v -0.0287826 0.0541922 0.03631691
v -0.02580211 0.05351444 0.03925913
v -0.02508078 0.09521453 0.04441478
v -0.01583146 0.09849872 0.04652783
v -0.07800902 0.09139253 0.03690251
v -0.07421059 0.08776221 0.04008486
v -0.04937257 0.1647136 0.003654299
v -0.08415448 0.131929 0.04970572
v -0.08683081 0.1318408 0.04670781
v -0.07202657 0.08674021 0.04112036
v -0.08179577 0.087866 0.03251201
v -0.085218 0.1319708 0.04877622
v -0.02302611 0.08661343 0.05450189
v -0.02849258 0.08353543 0.04663518
v 0.006611928 0.1073826 -0.02026269
v -0.05231635 0.05256041 0.01258344
v -0.05162933 0.05422157 0.0134016
v -0.08537816 0.1473687 0.03495911
v -0.05085573 0.05652971 0.03173243
v -0.04983671 0.0553092 0.03369081
v -0.04837929 0.05523526 0.03565627
v -0.04704483 0.05590807 0.03714585
v -0.04521509 0.05549241 0.03851181
v -0.09110613 0.1181731 0.04369965
v -0.09002422 0.1471094 0.02692249
v -0.0273914 0.05575082 0.03713374
v -0.02638422 0.05498248 0.03835031
v -0.02350515 0.05582227 0.04258394
v -0.02208902 0.05526818 0.04472181
v -0.02063133 0.05603636 0.04678881
v -0.07495271 0.07832239 0.03573977
v -0.07411401 0.09208503 0.04033304
v -0.07786881 0.1197533 0.05161888
v -0.0210793 0.07535277 0.05362129
v -0.07819342 0.1028863 0.03392873
v -0.08561265 0.1159283 0.0475437
v -0.08078359 0.1469847 0.03980444
v -0.08942879 0.1223766 0.04620272
v -0.07211104 0.0753381 0.03646441
v -0.08617232 0.1406571 0.04147706
v -0.06781378 0.08820671 0.04361917
v -0.08293278 0.1319873 0.05063941
v -0.0368066 0.08788727 -0.02376417
v -0.0748484 0.08329666 0.03839151
v -0.05113223 0.1625504 0.005346593
v -0.051529 0.055922 0.016773
v -0.052022 0.056108 0.018667
v -0.05202318 0.05641891 0.02092368
v -0.05270481 0.05764585 0.02241651
v -0.05237653 0.05739025 0.02548931
v -0.05174192 0.05645318 0.02910723
v -0.04967024 0.05724409 0.03388944
v -0.04879818 0.05799348 0.0351269
v -0.04752065 0.0580331 0.03666066
v -0.04363028 0.05874415 0.03970523
v -0.02379923 0.08991227 0.05186881
v -0.02693332 0.05741369 0.03772864
v -0.02468649 0.05544914 0.04088255
v -0.01989576 0.05852728 0.04816084
v -0.01865865 0.056106 0.04900921
v -0.0862846 0.09782435 0.02678185
v -0.08514598 0.09721254 0.02849489
v -0.01253342 0.05647064 0.05187326
v -0.07702544 0.1258324 -0.007447234
v -0.0850087 0.135957 0.04645593
v -0.08671176 0.1494976 0.02981647
v -0.09337599 0.1296633 0.02224392
v -0.07721965 0.08671621 0.03782747
v -0.07321615 0.08284398 0.03937668
v -0.0823697 0.0977679 0.03172036
v -0.08550892 0.1440551 0.03883464
v -0.08153713 0.09125498 0.03284308
v -0.08403123 0.0966899 0.03006279
v -0.08560122 0.09441993 0.02820514
v -0.0253018 0.09182372 0.04815716
v -0.07332848 0.07970987 0.03798652
v -0.05462345 0.05757198 0.01981079
v -0.0542342 0.05757847 0.02043274
v -0.05133155 0.05768664 0.03068551
v -0.05047357 0.05855158 0.03254511
v -0.04589604 0.05803371 0.03826808
v -0.0803041 0.09871065 0.03349054
v -0.07387768 0.1201169 -0.007965516
v -0.02554788 0.05713943 0.03957553
v -0.02417096 0.05794171 0.04170014
v -0.02270172 0.05733956 0.04380504
v -0.02133435 0.05814033 0.04595393
v -0.0184278 0.05890466 0.05017852
v -0.01176117 0.05830828 0.05332823
v -0.08662385 0.1419594 0.03978556
v -0.07923094 0.1411791 0.0466777
v -0.07469294 0.09740357 0.03874515
v -0.06026804 0.08971766 -0.01964898
v -0.08612959 0.09961989 0.02632849
v -0.08317373 0.0836993 0.0297775
v -0.06229708 0.08879221 -0.01906761
v -0.06556401 0.16183 -0.05812215
v -0.02281553 0.1052082 -0.02280684
v -0.01697206 0.168757 -0.02104282
v -0.05848259 0.06003971 0.02257759
v -0.0556292 0.05940976 0.02285921
v -0.05359773 0.0595998 0.02500734
v -0.05220897 0.05906418 0.02857923
v -0.04982064 0.06069301 0.03394417
v -0.04721871 0.06007878 0.037116
v -0.04531449 0.06021146 0.03880166
v -0.07098709 0.09766724 0.04107547
v -0.08298628 0.1473504 0.03738866
v -0.08878444 0.1356972 0.04070662
v -0.02438139 0.07305152 0.04781144
v -0.02391992 0.05935059 0.0421121
v -0.02278882 0.05943524 0.04381565
v -0.0214035 0.05954689 0.04597035
v -0.08495815 0.08836835 0.02786026
v -0.09232522 0.1224832 0.04238849
v -0.08243655 0.09538838 0.03207771
v -0.08830941 0.1157256 0.04545159
v -0.04329649 0.1698466 0.0005194771
v -0.08798739 0.1411845 0.03842979
v -0.04611034 0.1683829 0.0008544426
v -0.07743947 0.1585949 -0.01496912
v -0.08605932 0.1513473 0.02730937
v -0.07612568 0.1618437 -0.01481506
v -0.0748376 0.1014814 0.03709658
v -0.08350239 0.126012 0.05087572
v -0.07543011 0.1083903 0.03776607
v -0.08242172 0.1250752 -0.004629075
v -0.06537393 0.1166478 -0.009788273
v -0.02652782 0.09955162 -0.02385733
v -0.07439369 0.1149036 -0.006314813
v -0.07607674 0.1577295 -0.008393148
v -0.05598067 0.06125411 0.02646077
v -0.05362733 0.06099549 0.02769795
v -0.05211957 0.06062513 0.02973491
v -0.05108246 0.06074543 0.03194033
v -0.04858434 0.0607641 0.03554275
v -0.04395217 0.06142551 0.03989481
v -0.02590918 0.06008504 0.03943401
v -0.02487337 0.06000405 0.04093806
v -0.02400465 0.06075716 0.04216249
v -0.0228438 0.06083475 0.04383072
v -0.02189019 0.06184506 0.04545094
v -0.02089054 0.06096245 0.04682337
v -0.01956212 0.06108815 0.04902109
v -0.01811217 0.06103221 0.05096782
v -0.02445678 0.08811899 0.05235629
v -0.07653777 0.1786176 -0.05154416
v -0.08946099 0.1153617 0.04391111
v -0.01180482 0.1027096 0.04376879
v -0.07784488 0.1714229 -0.03753729
v -0.07386147 0.08550256 0.03973874
v -0.051921 0.049309 0.035391
v -0.08817129 0.1243374 0.04688987
v -0.07045759 0.1347888 -0.008188667
v -0.07828919 0.1130543 -0.00341391
v -0.06645093 0.127503 -0.008879679
v -0.06741442 0.1137379 -0.01052881
v 0.004524778 0.1072379 -0.02031795
v -0.08231016 0.08581346 0.03167636
v -0.07880036 0.1056535 0.03257199
v -0.04743214 0.06212383 0.0370571
v -0.04592248 0.06224332 0.03851683
v -0.08061249 0.1053927 0.03063733
v -0.02665263 0.0625142 0.03874689
v -0.02538875 0.06289282 0.04061391
v -0.02022579 0.06245784 0.04823811
v -0.01883861 0.06249619 0.05028005
v -0.01659428 0.06309385 0.05264536
v -0.03184777 0.09793937 -0.02303433
v -0.06702452 0.08407294 0.04341648
v -0.08668145 0.1341521 0.04561908
v -0.07557701 0.09949023 0.03721049
v -0.07913737 0.1675263 -0.03546223
v -0.05637988 0.04826771 0.0379081
v -0.02565726 0.08582732 0.05150678
v -0.06671086 0.09108305 0.04366331
v -0.02939875 0.07840626 0.04280687
v -0.08870203 0.1143167 0.02701861
v -0.01534498 0.1825287 -0.02697144
v -0.03507986 0.1592601 -0.01262424
v -0.05664466 0.09229944 -0.02170951
v -0.06108815 0.1034463 -0.01836875
v 0.01065647 0.1085966 -0.01937348
v -0.01969452 0.09783867 0.04500404
v -0.01863124 0.09720807 0.04758953
v -0.02109411 0.09441986 0.05042307
v -0.04859647 0.06346724 0.03607584
v -0.04684019 0.06489197 0.03819406
v -0.04481573 0.06371538 0.03961575
v -0.04372979 0.06396721 0.04041157
v -0.08206034 0.1360401 0.0489203
v -0.08285748 0.1169572 -0.002417177
v -0.02418757 0.06287463 0.04228429
v -0.02287364 0.06310493 0.04422909
v -0.02136372 0.06333762 0.04676409
v -0.01866068 0.06391501 0.05093053
v -0.01846171 0.09992246 0.04395241
v -0.08831101 0.1331091 0.04319664
v -0.05550675 0.1564291 -0.001317557
v -0.02245364 0.09271689 0.05108493
v -0.08884177 0.1270762 0.04540501
v -0.09126624 0.122147 0.0441706
v -0.08406349 0.1379999 0.04591274
v -0.08125341 0.1407333 0.04585718
v -0.08701251 0.09442934 0.02606374
v -0.07653842 0.08281518 0.03704014
v -0.02603345 0.07420639 0.04561521
v -0.08066348 0.1083208 0.03015145
v -0.01950282 0.09336784 0.05290494
v -0.07615003 0.1590408 -0.01054279
v -0.04535012 0.1529728 -0.006524417
v 0.007605781 0.1095539 -0.0199063
v -0.06791344 0.104517 -0.01437604
v -0.08828839 0.1210018 0.04724799
v -0.08160925 0.1013418 0.03118772
v -0.07248034 0.1497211 -0.0389659
v -0.04402074 0.06642335 0.04043347
v -0.08609073 0.1302842 0.04848509
v -0.08934417 0.1439253 0.03044525
v -0.08458859 0.1394057 0.0442533
v -0.02372503 0.06506851 0.0438817
v -0.02068466 0.06460232 0.04862138
v -0.01985935 0.0646535 0.04990181
v -0.01911885 0.06533457 0.05128241
v -0.01758513 0.06502651 0.05237774
v -0.08109151 0.139381 0.0471416
v -0.08495958 0.1025494 0.02673422
v -0.08578599 0.09108251 0.02761077
v -0.06475312 0.08765408 -0.01888342
v -0.07637935 0.162516 -0.0167533
v -0.02584926 0.0773787 0.04914843
v -0.08283213 0.1407112 0.04460368
v -0.02498584 0.07745362 0.0510776
v -0.006221082 0.1092311 -0.02243105
v -0.08741038 0.1432205 0.03704967
v -0.07497542 0.08944383 0.03973807
v -0.02925764 0.07538376 0.04122143
v -0.07762364 0.1685049 -0.03122356
v -0.02451613 0.09372251 0.04692826
v -0.07920771 0.09057307 0.03562947
v -0.07925644 0.1466957 0.04122789
v -0.061822 0.09177697 -0.01902392
v -0.05220686 0.09059898 -0.02211162
v -0.0499319 0.09053975 -0.02175176
v -0.04707804 0.09203635 -0.0216867
v -0.06718282 0.073079 0.03756072
v -0.0191726 0.09468067 0.05184033
v -0.0822743 0.1034141 0.02968308
v -0.0761753 0.08808931 0.03885456
v -0.03253938 0.03636188 0.05026536
v -0.0172391 0.09414323 0.05351316
v -0.08609051 0.08729138 0.02542387
v -0.08309082 0.1180234 0.04905005
v -0.08757419 0.1358393 0.04307899
v -0.08713451 0.1475485 0.03191578
v -0.07679381 0.1631598 -0.01915885
v -0.08284644 0.09339453 0.03153387
v -0.02513953 0.06583163 0.04215472
v -0.02239229 0.0659224 0.04675169
v -0.0213246 0.06677071 0.04919221
v -0.02099224 0.06776934 0.0504673
v -0.01981207 0.06750855 0.05190753
v -0.0880256 0.128391 0.04587736
v -0.05317584 0.1105485 -0.01806287
v -0.06638943 0.08602442 -0.01848676
v -0.09245717 0.1195981 0.04202316
v -0.0759749 0.164841 -0.02016577
v -0.07756452 0.1045745 0.03406614
v -0.08062305 0.09188363 0.03388885
v -0.08432895 0.08631896 0.02802735
v -0.05737202 0.1047625 -0.01849656
v -0.07824235 0.1405864 -0.004982162
v -0.07498892 0.1292222 -0.008018867
v -0.02543803 0.03536776 0.05255481
v -0.05455908 0.1442092 -0.001183764
v -0.08450677 0.1291843 0.05028556
v -0.08155068 0.08240852 0.0317142
v -0.07546901 0.1676397 -0.02502121
v -0.08433708 0.09045097 0.02930261
v -0.08655782 0.1385841 0.0427041
v -0.02407693 0.06726692 0.04487863
v -0.02357282 0.06890528 0.04672771
v -0.02241458 0.06886823 0.04880212
v -0.01808549 0.06789551 0.05328054
v -0.08760284 0.139893 0.04018413
v -0.02368198 0.07756066 0.05308066
v -0.07865991 0.08528782 0.03623334
v -0.02255268 0.0746909 0.0521933
v -0.05782049 0.08761771 -0.02120448
v -0.08530187 0.1001019 0.02738217
v -0.08862128 0.09147462 0.02259351
v -0.08446621 0.1045682 0.02627966
v -0.02343292 0.07463146 0.05104014
v -0.07752741 0.08382855 0.03671384
v -0.08332314 0.1292126 0.05122411
v -0.08608927 0.1277072 0.04874236
v -0.07473539 0.1652133 -0.01914488
v -0.0291063 0.08440103 0.04531896
v -0.06730883 0.08804832 -0.01774579
v -0.07976198 0.1217793 0.05057805
v -0.06641722 0.1151864 -0.01016333
v -0.02693718 0.08641751 0.04922714
v -0.07434058 0.08121024 0.03795274
v -0.07533548 0.08189871 0.03751852
v -0.09008751 0.1123137 0.01650939
v -0.07337437 0.117188 -0.007512495
v -0.08100037 0.1349379 -0.003346131
v -0.0604519 0.117188 -0.01173532
v -0.02114968 0.1689993 -0.01972581
v 0.01350823 0.1093994 -0.01844471
v -0.071448 0.08917033 -0.01618873
v -0.07523921 0.08918074 -0.01434529
v -0.08126314 0.120621 0.04918704
v -0.07956326 0.1028303 0.0326067
v -0.08914069 0.1337219 0.04118004
v -0.06462918 0.1652906 -0.05983789
v -0.08777455 0.09971655 0.02316567
v -0.02106383 0.08597571 0.05598468
v -0.08962254 0.1346426 0.03912511
v -0.08667728 0.1012847 0.02464418
v -0.02764112 0.0849456 0.04845844
v -0.08697324 0.09844854 0.02531561
v -0.02586217 0.06856923 0.04244781
v -0.02520668 0.07006125 0.04449353
v -0.02166989 0.07037508 0.05083081
v -0.01986061 0.06990474 0.05275858
v -0.01721625 0.06983101 0.0543285
v -0.05939818 0.0883665 -0.02043118
v -0.08717915 0.1170197 0.0472066
v -0.06248205 0.1282138 -0.008219004
v -0.07951558 0.09329844 0.03490915
v -0.0834985 0.08618318 0.02979603
v -0.07194355 0.08946101 0.04153212
v -0.08417101 0.1513065 0.03000588
v -0.08274281 0.1340096 0.04965464
v -0.07840869 0.09338383 0.0359992
v -0.08386212 0.1019402 0.02847464
v -0.08439814 0.1061093 0.02503849
v -0.05854452 0.1346823 -0.006132839
v -0.0773805 0.09999464 0.03575309
v -0.07680802 0.1021486 0.0355449
v -0.04529569 0.09073523 -0.02206183
v -0.03367243 0.1037307 -0.02153464
v -0.03688191 0.1041366 -0.02052318
v -0.08422192 0.09992556 0.02889512
v -0.07510321 0.1562247 -0.002796029
v -0.07611655 0.08042975 0.03610486
v -0.07663583 0.07906619 0.03462505
v -0.02076307 0.1068616 -0.02230672
v -0.02030727 0.08148742 0.05675801
v -0.0694641 0.08262675 0.04151943
v -0.07337854 0.07687593 0.03634644
v -0.08858295 0.1412893 0.03675887
v -0.08288246 0.1000535 0.03036675
v -0.08160338 0.09934337 0.03194502
v -0.02742265 0.0712531 0.04105406
v -0.02650521 0.07138186 0.04291233
v -0.02494979 0.07168028 0.04574949
v -0.02315914 0.07097411 0.04876778
v -0.0179997 0.0714231 0.0543872
v -0.08427988 0.1207108 0.04911111
v -0.02343488 0.08182592 0.05505831
v -0.06890814 0.08053483 0.04105469
v -0.08261042 0.1020635 0.0299043
v -0.02730195 0.07865177 0.04701129
v -0.04082193 0.08998848 -0.02300298
v -0.03135892 0.1036399 -0.02227112
v -0.05638434 0.1090595 -0.01787874
v -0.02856873 0.105112 -0.02252757
v -0.026366 0.1052033 -0.02279132
v -0.05665854 0.05736628 0.01130471
v -0.02486319 0.08308027 0.05361507
v -0.02895459 0.08069977 0.04503905
v -0.02816706 0.08676072 0.04667919
v -0.08456122 0.1428136 0.0411454
v -0.01926612 0.090446 0.05486207
v -0.08524254 0.1260675 0.04944557
v -0.01697841 0.09920523 0.04451295
v -0.08327722 0.1360016 0.04800367
v -0.02923561 0.08211196 0.04485813
v -0.0735861 0.09949907 0.03876337
v -0.02368665 0.07312162 0.04922246
v -0.02241565 0.07246588 0.05079914
v -0.01987749 0.07181737 0.05330262
v -0.05937403 0.1118515 -0.01576326
v -0.0442003 0.03507462 -0.02496968
v -0.04609008 0.0359928 -0.01985905
v -0.04737305 0.03498791 -0.01615401
v -0.09356778 0.1275549 0.01525436
v -0.09215313 0.1283142 0.02975157
v 0.03075241 0.1169617 -0.0009511783
v -0.01319361 0.09715069 -0.02976793
v 0.02768533 0.1179514 -0.004024256
v 0.004277002 0.1014508 -0.0219111
v -0.09328298 0.1285797 0.02485553
v -0.04298077 0.0361232 -0.02706296
v -0.0465363 0.0368067 -0.01747651
v -0.04750164 0.03652139 -0.01472115
v -0.09196622 0.1146533 0.01983234
v -0.0901313 0.1151745 0.006332444
v -0.005689111 0.121608 -0.01193635
v 0.03020731 0.07965515 -0.02067885
v -0.07053257 0.03972842 0.0004589317
v -0.0557746 0.1605338 0.002553896
v -0.0436725 0.08928779 -0.02210374
v -0.09252356 0.1292193 0.02723238
v -0.06916259 0.1689815 -0.05301184
v -0.092079 0.129683 0.028203
v -0.05992035 0.03838747 0.02068077
v -0.061763 0.038716 0.023717
v -0.06325246 0.03924515 0.02541124
v -0.09180953 0.1296728 0.02974594
v -0.0712495 0.170804 -0.05052392
v -0.03941478 0.1734597 -0.00899931
v -0.09088883 0.1303705 0.03423505
v -0.09086084 0.1303032 0.03564011
v -0.07800458 0.1768127 -0.04969292
v -0.04252355 0.03850873 -0.02594215
v -0.04365903 0.03726654 -0.02488261
v -0.04545797 0.03740364 -0.02137176
v -0.04657321 0.03901915 -0.01578358
v -0.04698299 0.03933489 -0.01359498
v -0.09224406 0.1144319 0.01696012
v -0.06440594 0.09606066 -0.01795253
v -0.06943777 0.04070466 -0.0002747496
v -0.09126727 0.1290051 0.03773863
v -0.09048966 0.1302741 0.03984902
v -0.0735601 0.1618511 -0.03614555
v -0.0722238 0.1610116 -0.03993693
v -0.06065419 0.04062059 0.02263572
v -0.06191641 0.04080215 0.02413473
v -0.06444875 0.04044361 0.02714688
v -0.08958453 0.1397494 0.03296008
v -0.0746187 0.1644718 -0.03751302
v -0.07797015 0.159 -0.01942313
v -0.06764348 0.1652043 -0.05549107
v -0.06771574 0.167307 -0.05541147
v -0.07324008 0.1518348 -0.03649078
v -0.0399956 0.03889906 -0.02776794
v -0.04277751 0.03998845 -0.02327667
v -0.04448829 0.03810014 -0.02266757
v -0.04510322 0.03955154 -0.02029454
v -0.04563591 0.03894362 -0.01826506
v -0.07185093 0.1157494 -0.007660674
v -0.06634296 0.04195292 -0.003454931
v -0.09164959 0.1276614 0.0392448
v -0.08520589 0.1397312 0.002240117
v -0.05538672 0.1594484 -0.0001568284
v -0.05675527 0.1581922 0.0009482336
v -0.0570763 0.04170829 0.01970897
v -0.05931081 0.04051446 0.02121006
v -0.06347457 0.0417015 0.02666356
v -0.04644024 0.1129521 -0.0165124
v -0.06468566 0.04207215 0.03217141
v -0.02014651 0.09545564 -0.0302136
v -0.07245439 0.1554284 -0.03540548
v 0.029834 0.1146299 -0.006019542
v -0.06808897 0.1701433 -0.05552265
v -0.04631888 0.1255215 -0.008014888
v -0.08448286 0.1307923 -0.002175311
v -0.08638542 0.130098 -0.0002026332
v -0.08710656 0.1314949 0.001303939
v -0.03956441 0.04053736 -0.02710174
v -0.04169381 0.0401451 -0.02534868
v -0.04394184 0.04085279 -0.02183011
v -0.04408359 0.04158675 -0.01980397
v -0.04430351 0.04162311 -0.01779849
v -0.04548399 0.0410406 -0.01579646
v -0.04579781 0.04175988 -0.01377814
v -0.06592866 0.04315418 -0.001777354
v -0.0681462 0.04273248 0.0002024635
v -0.06854959 0.04352947 0.002221269
v -0.08841852 0.130268 0.002835314
v -0.07442603 0.1526939 -0.02688873
v -0.0736032 0.1544881 -0.0285072
v -0.05707751 0.04240338 0.0212036
v -0.06365519 0.04278788 0.02865878
v -0.06434592 0.04367641 0.0346084
v -0.09081947 0.1282369 0.04129341
v -0.07986194 0.1517828 0.001501378
v -0.07705162 0.1565891 -0.01097189
v -0.0339496 0.1763718 -0.01189324
v -0.05354642 0.1612998 -0.001395996
v -0.09200333 0.1301119 0.01004802
v -0.04704749 0.168521 -0.002912171
v -0.09240784 0.1304878 0.01190528
v -0.0401869 0.0418586 -0.02477776
v -0.041205 0.04197 -0.023287
v -0.04275095 0.0428537 -0.02138275
v -0.04566981 0.04310788 -0.01177878
v -0.07076021 0.1727068 -0.05271577
v -0.08367331 0.1006539 -0.003605215
v -0.06362054 0.04463601 -0.001508964
v -0.06548898 0.0446577 0.000684668
v -0.06719905 0.04475982 0.003582684
v -0.06628677 0.04544869 0.005720191
v -0.09275089 0.1303454 0.01429899
v -0.07580102 0.1520257 -0.01138508
v -0.0757598 0.1507381 -0.009831848
v -0.05671009 0.04278337 0.01773001
v -0.05356663 0.04411625 0.01820405
v -0.05365204 0.04416764 0.0201931
v -0.05521887 0.04434532 0.02218157
v -0.05854863 0.04329799 0.02369802
v -0.06037674 0.04349096 0.02571348
v -0.06174372 0.04363934 0.02720823
v -0.06165193 0.04486281 0.02948414
v -0.06291208 0.04526246 0.03277964
v -0.06326861 0.04443278 0.03710168
v -0.09306195 0.1301558 0.01702185
v -0.09282635 0.1315025 0.0189856
v -0.09266465 0.131697 0.02121775
v -0.03882879 0.04247761 -0.02629965
v -0.03902247 0.04321613 -0.02480983
v -0.04406766 0.04349873 -0.01547425
v -0.03236626 0.1137095 -0.01692792
v -0.03234429 0.09510739 -0.02375948
v -0.05822272 0.04431439 -0.006022928
v -0.06188831 0.04544432 -0.001380129
v -0.06362782 0.04571713 0.001172886
v -0.06505054 0.04586583 0.003656992
v -0.0894242 0.1379856 0.03713731
v -0.09244501 0.1315845 0.02302457
v -0.09091698 0.1483684 0.02345416
v -0.05616114 0.04476038 0.01511885
v -0.05806006 0.04536326 0.02670687
v -0.06040706 0.04633836 0.03166809
v -0.06214507 0.04584548 0.03575816
v -0.06181468 0.0458119 0.0380178
v -0.04015528 0.1735188 -0.007369491
v -0.09223081 0.1310445 0.02573994
v -0.03960226 0.1254882 -0.006711531
v -0.09102149 0.1162021 0.007336592
v -0.04039889 0.04412161 -0.02280578
v -0.04156735 0.04415986 -0.02192403
v -0.0415656 0.044888 -0.01982704
v -0.04270795 0.04414702 -0.01776895
v -0.0430435 0.04581904 -0.01328965
v -0.04436313 0.04448466 -0.01276643
v -0.05546757 0.04584409 -0.006259819
v -0.05792965 0.04669983 -0.003364369
v -0.05952947 0.04676203 -0.0008182974
v -0.06085257 0.04688891 0.001177346
v -0.06207542 0.04700958 0.003660455
v -0.06149866 0.04708218 0.006268602
v -0.07296483 0.1471373 -0.02078105
v -0.07362214 0.1472105 -0.01797141
v -0.09127668 0.1299065 0.03240127
v -0.05195576 0.04678926 0.02064621
v -0.05568755 0.04595761 0.02506053
v -0.05598337 0.04725965 0.02814352
v -0.05826043 0.04678654 0.02966424
v -0.06023289 0.04706566 0.03510511
v -0.0703491 0.1602139 -0.04680801
v -0.07459752 0.1721085 -0.04746279
v -0.07221586 0.1729448 -0.05104177
v -0.05333914 0.1625787 0.002732746
v -0.05402658 0.162008 0.0006273817
v -0.04007069 0.04611345 -0.02038118
v -0.04158792 0.04664326 -0.01473283
v -0.05714284 0.0486248 -0.001884287
v -0.05822393 0.04837173 0.0006316343
v -0.05844217 0.04862837 0.003985421
v -0.09028153 0.1318383 0.03770854
v -0.05112506 0.04665287 0.01807069
v -0.05101493 0.04813725 0.01973346
v -0.05303126 0.04692222 0.02316609
v -0.05310234 0.04858237 0.02531463
v -0.05372555 0.0486137 0.02750846
v -0.05605947 0.04797109 0.03016704
v -0.0572152 0.04807325 0.03268889
v -0.08650402 0.1368146 0.002556603
v -0.07393797 0.1734947 -0.04953419
v -0.07084665 0.1641475 -0.04672059
v 0.02914891 0.0909336 -0.0202696
v -0.087811 0.1363735 0.004716028
v -0.08243261 0.1095976 0.0001227223
v -0.03809324 0.04769155 -0.01620772
v -0.01309276 0.1073138 -0.02175483
v -0.05553939 0.04820279 -0.004629087
v -0.05721336 0.05007582 0.006831243
v -0.09034983 0.1445565 0.01422595
v -0.09127381 0.1451551 0.0165631
v -0.09157896 0.1452563 0.02030619
v -0.0507513 0.04845457 0.01608912
v -0.05376939 0.04917112 0.03022125
v -0.05370012 0.04915567 0.0322189
v -0.05310542 0.04915882 0.03420557
v -0.07751796 0.171602 -0.04500402
v -0.07368166 0.1648584 -0.03973607
v -0.03316338 0.120989 -0.008757264
v -0.03065133 0.04777226 -0.02456127
v -0.03315061 0.04799774 -0.02177818
v -0.03372575 0.04837166 -0.01972452
v -0.03490442 0.04837413 -0.01787805
v -0.05548996 0.04985351 -0.003871596
v -0.05650611 0.05064947 -0.001882211
v -0.05725934 0.0507331 0.0001109243
v -0.0576426 0.05090164 0.002170609
v -0.09169535 0.1426602 0.0165781
v -0.09069504 0.1426572 0.01463056
v -0.050325 0.04977133 0.01827393
v -0.0514403 0.04949652 0.02121747
v -0.05213688 0.04968158 0.02323212
v -0.07724749 0.148685 -0.00598364
v -0.08009192 0.1410464 -0.003293264
v -0.07879638 0.1677291 -0.0334667
v -0.04088824 0.1712289 -0.009401163
v -0.09185903 0.1276319 0.03374616
v -0.07253494 0.1647561 -0.04231234
v -0.06829551 0.1215462 -0.008964493
v -0.07852635 0.1648292 -0.02883388
v -0.07771669 0.06885508 0.01408426
v -0.02975865 0.04946643 -0.02193772
v -0.0315258 0.04965347 -0.01933773
v -0.03291833 0.04979472 -0.0153445
v 0.02608147 0.0997739 -0.01862255
v 0.001403838 0.1234627 -0.009938707
v 0.033838 0.109906 -0.006444
v -0.05370296 0.05092159 -0.005820493
v -0.05544829 0.05194632 -0.00338278
v -0.05742815 0.051001 0.004678247
v -0.0567385 0.05214329 0.006159427
v -0.05606752 0.0522319 0.008095843
v 0.03166954 0.1053134 -0.01254699
v -0.07306318 0.1429605 -0.008450496
v -0.03528233 0.1221702 -0.008460393
v -0.05086023 0.05231105 0.02013775
v -0.05166886 0.05240404 0.02261124
v -0.05238132 0.05111507 0.02524215
v -0.05244077 0.05118038 0.02723708
v -0.05231494 0.05106714 0.02926612
v -0.0521331 0.05089419 0.03095237
v -0.07553475 0.1595525 -0.02737554
v -0.08375261 0.1330089 -0.001771733
v -0.07395271 0.1666045 -0.04148315
v -0.07117924 0.1507372 -0.04338857
v -0.03140579 0.1086315 -0.01911867
v -0.02824466 0.05066417 -0.02340485
v -0.02950425 0.05090517 -0.02086751
v -0.02975105 0.05152685 -0.01903466
v -0.03167886 0.05177073 -0.01294068
v -0.05798054 0.116071 -0.0137181
v -0.009879034 0.1103813 -0.02100568
v -0.05663551 0.05268164 -0.000792828
v -0.05707659 0.05352029 0.001742551
v -0.05612295 0.05411184 0.007086713
v -0.08563879 0.1321389 -0.0002141352
v -0.05011614 0.05233787 0.01762559
v -0.05213184 0.0531496 0.02709613
v -0.08487482 0.1480878 0.005583946
v -0.07797899 0.1530404 0.0004237396
v -0.03881338 0.1719044 -0.01091709
v -0.03509354 0.1769355 -0.009067636
v -0.02768983 0.05268228 -0.02459625
v -0.03064456 0.05084039 -0.01725503
v -0.03078241 0.05167283 -0.01528583
v 0.03652237 0.09526747 -0.01140945
v -0.05451648 0.05393508 -0.004886309
v -0.05558951 0.05404513 -0.002893191
v -0.0560493 0.05565697 -0.001744012
v -0.0569028 0.05473786 0.001148025
v -0.05684263 0.05418613 0.004063991
v -0.05507334 0.05447499 0.009291526
v -0.05378401 0.0538531 0.01096199
v -0.08910163 0.09218119 0.01052809
v -0.08858935 0.09332162 0.008194505
v -0.07062905 0.1582028 -0.04546084
v -0.05076113 0.05448771 0.01847342
v -0.05161289 0.05467744 0.022037
v -0.05208236 0.05423623 0.02491423
v -0.05181344 0.05396918 0.02903583
v -0.08656066 0.1404922 0.006684102
v -0.08982931 0.1506083 0.02166313
v -0.0787135 0.1736632 -0.0458757
v 0.01083624 0.1168696 -0.0158606
v 0.02255693 0.1148171 -0.012166
v -0.02894082 0.05292376 -0.022385
v -0.02973612 0.05417624 -0.02104635
v -0.03012069 0.05445656 -0.01937923
v -0.03140646 0.05382327 -0.01381386
v -0.01514747 0.109629 -0.02009787
v -0.05535736 0.0567724 -0.003917434
v -0.05696965 0.05623515 0.001017102
v -0.05701688 0.05627983 0.004127014
v -0.05649514 0.05526659 0.005847224
v -0.05608227 0.05622478 0.008138012
v -0.05481086 0.05615457 0.01009378
v -0.05342394 0.05594068 0.01193984
v -0.05181088 0.05585441 0.01401709
v -0.08937274 0.1315695 0.004165443
v -0.09112013 0.1316087 0.008234871
v -0.05204937 0.05524506 0.02713987
v -0.09168112 0.1323254 0.01172897
v -0.09207346 0.1324591 0.0141627
v -0.07332197 0.1566358 -0.02998211
v -0.04696471 0.1659745 -0.006204395
v -0.07153003 0.1572741 -0.04121836
v -0.07286406 0.1573882 -0.03371699
v -0.07264155 0.1631231 -0.04046379
v -0.002828584 0.1194105 -0.01371465
v -0.01636999 0.1228984 -0.007091203
v -0.0282917 0.05498221 -0.02389422
v -0.02910335 0.05580758 -0.02243071
v -0.03048487 0.05465286 -0.01717818
v -0.03094307 0.05480997 -0.01505064
v -0.05255088 0.05781454 -0.008263287
v -0.05439688 0.05667293 -0.005925779
v -0.05743172 0.05767561 0.002618256
v -0.05817888 0.05790279 0.005046917
v -0.05729555 0.05772556 0.009265969
v -0.0791789 0.1700445 -0.0410433
v -0.08594288 0.1404552 0.004162032
v -0.05228609 0.05761674 0.02707744
v -0.09191971 0.1330467 0.01971781
v -0.06891966 0.1560516 -0.05192196
v -0.07339629 0.1498473 -0.03586046
v -0.08897566 0.1515501 0.01402241
v -0.069806 0.1602089 -0.04912596
v -0.07392718 0.1568644 -0.02691031
v -0.07305453 0.178353 -0.05474648
v -0.0204031 0.1807363 -0.02250955
v -0.02619395 0.05567045 -0.02770774
v -0.02732553 0.05559487 -0.02590255
v -0.02972276 0.05733347 -0.02092867
v -0.03052194 0.0577493 -0.01902527
v -0.03102498 0.05667254 -0.01589138
v -0.03185795 0.0559788 -0.01284537
v -0.02039556 0.1103567 -0.02020798
v -0.05624473 0.05826636 -0.002416507
v -0.05695162 0.05833769 -0.0004609192
v -0.05918885 0.05944053 0.002297881
v -0.09052864 0.1371607 0.02117118
v -0.06450924 0.1362611 -0.007810348
v -0.08985736 0.1371015 0.02333985
v -0.07929155 0.1682676 -0.03738561
v -0.091384 0.1319505 0.02756862
v -0.09130064 0.1314931 0.02889144
v -0.09078658 0.1317272 0.03072484
v -0.08331055 0.1397005 0.0007757505
v -0.06145775 0.1698207 -0.0613474
v -0.07295171 0.1711479 -0.04827508
v -0.07452585 0.1602784 -0.03093253
v -0.07114793 0.1595898 -0.04342681
v -0.07437026 0.1505355 -0.03145264
v -0.07431528 0.1534299 -0.02429068
v -0.08060856 0.1493664 0.0006711965
v -0.02240582 0.1807668 -0.02050549
v -0.02800988 0.05708886 -0.02491037
v -0.02867337 0.057462 -0.02344993
v -0.03141739 0.05881909 -0.01690334
v -0.03178982 0.05811509 -0.01431669
v -0.02183299 0.1094358 -0.02090724
v 0.02910557 0.1175015 -0.002811695
v -0.05602996 0.06015303 -0.004411648
v -0.05756381 0.06013911 -0.002007282
v -0.08901376 0.1373528 0.02598381
v -0.08893845 0.136928 0.02779706
v -0.02912289 0.1623014 -0.01497276
v -0.01219691 0.1055673 -0.02284337
v -0.03650324 0.09482121 -0.02329107
v -0.03782652 0.09361987 -0.02342861
v -0.09010584 0.1323662 0.03329433
v -0.07419871 0.1693251 -0.04450048
v -0.07710897 0.1694882 -0.04247913
v -0.0785273 0.1699328 -0.03615261
v -0.0939334 0.1274772 0.023058
v -0.0879717 0.1517603 0.01241659
v -0.07375827 0.1549099 -0.02625457
v -0.07407043 0.1609841 -0.03340343
v -0.07900762 0.1493769 -0.00137663
v -0.09004118 0.1323368 0.0395491
v -0.02344001 0.1818115 -0.01883301
v -0.02534206 0.05970331 -0.03095072
v -0.02644267 0.05828354 -0.0289133
v -0.02751587 0.05840947 -0.02692145
v -0.02869608 0.05925424 -0.02492023
v -0.029258 0.05929342 -0.02290806
v -0.03111822 0.06088667 -0.01892951
v -0.03246132 0.06031583 -0.01497745
v -0.039166 0.035567 -0.029382
v -0.004926373 0.1101935 -0.02178687
v -0.0005458634 0.1146355 -0.01860138
v 0.002121488 0.0935136 -0.0324774
v 0.01624227 0.09356828 -0.02487347
v -0.04184634 0.09747087 -0.02194019
v -0.0443608 0.09770417 -0.0217169
v -0.03463706 0.0952188 -0.02348063
v -0.05893274 0.09135532 -0.02044355
v -0.07089184 0.1208912 -0.008672092
v -0.06516455 0.1581396 -0.05505328
v -0.06887942 0.1624564 -0.05235805
v -0.0906564 0.1392545 0.01609003
v -0.04229284 0.1698377 -0.008888302
v -0.06294236 0.1672302 -0.06081297
v -0.08959124 0.1453946 0.01165693
v -0.04452599 0.169161 -0.006917856
v -0.08433851 0.1517711 0.006686291
v -0.07417318 0.1562076 -0.02443844
v -0.02296447 0.1672516 -0.01842151
v -0.0766816 0.1556464 -0.008095866
v -0.07778355 0.1507748 -0.003271411
v -0.06839647 0.164502 -0.05367192
v -0.04987313 0.1201098 -0.01300509
v -0.0441693 0.1093254 -0.01865598
v -0.02704314 0.06046096 -0.02945304
v -0.02829886 0.06062237 -0.02691336
v -0.03014466 0.06006185 -0.02091379
v -0.03193935 0.06097129 -0.0169242
v 0.02098064 0.1013926 -0.02088208
v -0.03732227 0.03615755 -0.02992663
v -0.01297447 0.1092129 -0.0206562
v 0.005742652 0.09743411 -0.02618194
v -0.005509809 0.113367 -0.01913024
v -0.06792731 0.0640274 -0.002062315
v -0.07051232 0.0643866 0.00178979
v -0.05658643 0.1531007 -0.001218533
v -0.07933773 0.07165121 0.01960189
v -0.07324914 0.09212214 -0.01510954
v -0.07438182 0.1223145 -0.007852278
v -0.07806966 0.1169124 -0.005568597
v -0.05848348 0.1578062 0.004190434
v -0.06824383 0.1608598 -0.05460936
v -0.0668939 0.1603837 -0.0567291
v -0.08953617 0.1359356 0.03170583
v -0.06944111 0.1708325 -0.05351845
v -0.07736103 0.159902 -0.01619309
v -0.07813922 0.1597179 -0.02193214
v -0.07152452 0.1557898 -0.04222828
v -0.07753056 0.1575829 -0.02089266
v -0.04181177 0.1722747 -0.007026087
v -0.07344572 0.1518489 -0.03499962
v -0.06884277 0.1587695 -0.05306731
v -0.05196953 0.1619542 -0.002870752
v -0.07782636 0.1618197 -0.02839615
v -0.08977255 0.1351787 0.03379314
v -0.02619358 0.06181502 -0.03095821
v -0.02773579 0.06265503 -0.02943561
v -0.02906906 0.06139858 -0.02491924
v -0.02990247 0.06147885 -0.02291843
v -0.0311904 0.06314577 -0.02063641
v -0.01869108 0.03512797 -0.02728749
v 0.004851234 0.09922639 -0.02307359
v 0.0001995046 0.09358588 -0.03305929
v -0.06848417 0.06589397 -0.00360313
v -0.07029546 0.0655667 -0.001010876
v -0.07284291 0.06632786 0.001179731
v -0.07481611 0.07038347 0.02774184
v -0.07747717 0.1346958 -0.00569572
v -0.07497502 0.06621766 0.00859483
v -0.08065485 0.1171481 -0.003860849
v -0.03809887 0.1621597 -0.01299326
v 0.03496027 0.1089144 -0.005357882
v -0.07786064 0.1613631 -0.02094226
v -0.06187144 0.1746257 -0.06169151
v -0.08983715 0.135831 0.03604847
v -0.07324811 0.1699033 -0.04633443
v -0.0414993 0.1726041 -0.003766849
v -0.08421553 0.1500906 0.004678206
v -0.02414802 0.06212808 -0.03277113
v -0.02623251 0.06393259 -0.03146393
v -0.02885386 0.06256864 -0.02746735
v -0.02946757 0.06353215 -0.02643616
v -0.03000818 0.06360696 -0.02392435
v -0.03226018 0.0631009 -0.01794261
v 0.009625556 0.102323 -0.02109461
v 0.0193151 0.1041147 -0.01924962
v 0.02772472 0.08367677 -0.0221585
v -0.07112626 0.06774455 -0.002553541
v -0.07283776 0.06721477 -9.47206e-06
v -0.06278694 0.1201271 -0.00901111
v -0.07631712 0.06823563 0.00601128
v -0.07589031 0.06739632 0.008431158
v -0.03941652 0.0920821 -0.02337951
v -0.0463749 0.10422 -0.02080555
v -0.068905 0.113678 -0.009753
v -0.04887541 0.1042036 -0.02042629
v -0.06929713 0.1158046 -0.008545664
v -0.041758 0.1106844 -0.01826476
v -0.08931088 0.1385904 0.02969293
v -0.0896884 0.1399879 0.01382441
v -0.09160542 0.1282927 0.03569551
v -0.07815636 0.1617879 -0.02343584
v -0.06725062 0.1701002 -0.05698897
v -0.06921604 0.1602646 -0.05144298
v -0.08819976 0.1280825 0.001775169
v -0.07476547 0.1492919 -0.02136289
v -0.07462154 0.148596 -0.01887109
v -0.08510492 0.1334916 -0.0002017385
v -0.07722572 0.1625225 -0.0309781
v -0.07291851 0.1619577 -0.03829307
v -0.0168912 0.1836212 -0.02534356
v -0.04414488 0.1178826 -0.01472226
v -0.03025487 0.06569287 -0.02696434
v -0.03057975 0.0650652 -0.0244335
v -0.03069556 0.06437815 -0.02243209
v -0.03158465 0.06586973 -0.02143366
v -0.0324887 0.06608991 -0.01925433
v -0.03354983 0.06590977 -0.01699311
v 0.01188481 0.1026274 -0.02137241
v 0.01588101 0.1031415 -0.02122115
v 0.02819759 0.1005307 -0.01696633
v 0.03375863 0.09698615 -0.01368071
v -0.00286117 0.1137544 -0.01841581
v -0.06945169 0.06825025 -0.005290384
v -0.07379324 0.06913595 -0.001191128
v -0.07500258 0.06881323 0.001017926
v -0.07601209 0.06886903 0.003558957
v -0.06845815 0.1363504 -0.008258523
v -0.06349739 0.06626647 0.03236973
v -0.06250777 0.1226027 -0.008794752
v -0.086569 0.133541 0.001311
v -0.08816827 0.1328918 0.002710228
v -0.07615493 0.150777 -0.007812831
v -0.06653099 0.1687342 -0.05807807
v -0.07173737 0.1694002 -0.0485176
v -0.04847217 0.1664335 -0.004148988
v -0.08609686 0.1446661 0.007636746
v -0.06666224 0.1714401 -0.0583802
v -0.04301595 0.1678201 -0.009276983
v -0.07718492 0.1547208 -0.01265051
v -0.02472512 0.1821265 -0.01684027
v -0.01897594 0.182297 -0.02359864
v -0.03609211 0.1165727 -0.01432738
v -0.02801912 0.0655057 -0.02998
v -0.02939282 0.0656343 -0.02847178
v -0.0312866 0.06721886 -0.02445235
v 0.02445128 0.1208319 -0.003212509
v 0.02052427 0.1027775 -0.02004763
v 0.02248351 0.1003933 -0.02066946
v 0.03418294 0.1105304 -0.005103709
v -0.00708864 0.1108666 -0.02144716
v 0.02740757 0.09115486 -0.02148519
v -0.07280962 0.0697878 -0.003615167
v -0.07604165 0.07029273 0.0004978155
v -0.07943147 0.07046119 0.009778744
v -0.05699965 0.09097054 -0.02165515
v -0.05443609 0.09047325 -0.02223775
v -0.07199604 0.1536339 -0.04216289
v -0.07163429 0.1525031 -0.04451483
v -0.07889617 0.1711382 -0.03950888
v -0.07905268 0.1719686 -0.04271652
v -0.07204328 0.1674321 -0.04619847
v -0.07352046 0.1484776 -0.02399099
v -0.02654839 0.06678232 -0.03253753
v -0.02834348 0.06765081 -0.03049208
v -0.03084672 0.0685893 -0.02645975
v -0.03205036 0.06800864 -0.02194696
v -0.03296708 0.06807805 -0.01944683
v 0.00361779 0.1033145 -0.0218833
v -0.04659287 0.1238762 -0.009988034
v -0.01816292 0.1098867 -0.02038104
v -0.016685 0.109701 -0.020193
v -0.07518128 0.07138395 -0.005013133
v -0.0766912 0.07164318 -0.00250674
v -0.07808657 0.07268639 -8.591161e-05
v -0.07748756 0.07112867 0.002108787
v -0.07975881 0.07221967 0.004063085
v -0.08095277 0.07201421 0.01214362
v -0.08094139 0.07206755 0.01398132
v -0.08037 0.07161479 0.01635294
v -0.03742555 0.09066253 -0.02379422
v -0.03879488 0.08928136 -0.02335931
v -0.09015892 0.1329556 0.006266452
v -0.09059947 0.133206 0.008234117
v -0.04311975 0.17127 -0.006480058
v -0.06785205 0.1729913 -0.05704025
v -0.076197 0.167972 -0.041026
v -0.07903063 0.1687457 -0.03947165
v -0.01199084 0.1187695 -0.01422072
v -0.09112243 0.1329861 0.01022344
v -0.08614774 0.1502181 0.007756369
v -0.09073763 0.1343565 0.01221192
v -0.0748362 0.1513941 -0.02789065
v -0.07849129 0.1630347 -0.02654251
v -0.09129114 0.1337627 0.01429725
v -0.005715663 0.09588401 -0.03221473
v -0.02253563 0.1211783 -0.00924421
v -0.02750439 0.06893945 -0.03305346
v -0.03029629 0.06853348 -0.02795745
v -0.03256933 0.06946571 -0.02195614
v -0.03433443 0.06884024 -0.0176473
v 0.0183115 0.1023652 -0.0213866
v -0.02517023 0.109708 -0.02016599
v -0.07891445 0.07396754 -0.003892952
v -0.07864625 0.07315504 -0.001924477
v -0.07993125 0.07329616 0.002018038
v -0.08114973 0.07338167 0.004574006
v -0.08202162 0.0740761 0.006616621
v -0.08145856 0.07296762 0.009626547
v -0.08182422 0.0742271 0.01358196
v -0.08139851 0.07355749 0.01561805
v -0.08066201 0.07346295 0.01854261
v -0.09060566 0.1482292 0.01308595
v -0.09175964 0.1332149 0.01713213
v -0.04341234 0.1243656 -0.0094925
v -0.0751749 0.1533818 -0.01652616
v -0.07716544 0.1528511 -0.004200064
v -0.07163314 0.1588694 -0.04090212
v -0.02678749 0.07075039 -0.03484922
v -0.02958029 0.06974191 -0.03027952
v -0.03131996 0.07072801 -0.02747839
v -0.03181279 0.07008372 -0.02496118
v -0.03238367 0.07014264 -0.02346049
v -0.03382537 0.07037836 -0.01966746
v -0.04817943 0.1124914 -0.0170242
v 0.01928026 0.1240857 -0.002797374
v 0.003884098 0.09776374 -0.0262138
v -0.07722451 0.07355917 -0.005562866
v -0.07979194 0.07459111 -0.002038817
v -0.07990962 0.07467854 -5.161893e-06
v -0.0816835 0.07524234 0.00185748
v -0.08258517 0.07552456 0.003494425
v -0.08298596 0.07554231 0.00804278
v -0.08201781 0.07454602 0.01122405
v -0.08146338 0.07479952 0.01795813
v -0.08106965 0.07499665 0.02031382
v -0.0752829 0.1479212 -0.01335641
v -0.07066576 0.1560665 -0.04684291
v -0.06952642 0.1729595 -0.05453422
v -0.09053619 0.1344603 0.02370858
v -0.07010141 0.1560345 -0.04924746
v -0.08945292 0.1501069 0.01219553
v -0.09088722 0.1384589 0.01868256
v 0.03784487 0.1023298 -0.00721752
v -0.02892718 0.07120399 -0.03252316
v -0.03067515 0.07276427 -0.03053557
v -0.03187029 0.07217352 -0.02750998
v -0.03264785 0.0722713 -0.02497055
v -0.03318411 0.0716264 -0.02247104
v -0.03437542 0.07302908 -0.0207736
v 0.01699463 0.09107438 -0.02641531
v 0.002794824 0.1150634 -0.01896243
v -0.00374727 0.1013332 -0.02306366
v -0.0810737 0.07608364 -0.0004600005
v -0.08350889 0.07632376 0.005507165
v -0.08305845 0.07647858 0.01100321
v -0.08300339 0.07646153 0.01408727
v -0.0833055 0.07668066 0.01759725
v -0.04855387 0.08877869 -0.02186529
v -0.04607263 0.08733155 -0.02198535
v -0.09149869 0.1452724 0.02292393
v -0.08262414 0.1451549 0.001589167
v -0.08383168 0.1480535 0.004136935
v -0.09129299 0.1329494 0.02542338
v -0.08246916 0.1513304 0.003732933
v -0.07222619 0.1540548 -0.03937402
v -0.0225075 0.09493467 -0.02969891
v -0.07215658 0.1659222 -0.04448534
v -0.08294296 0.1493635 0.00313084
v -0.07138959 0.1487291 -0.03680916
v -0.07551648 0.1630919 -0.03401394
v -0.04949966 0.1662243 -0.001121324
v -0.08990822 0.134472 0.02771897
v -0.02829868 0.07282172 -0.03439122
v -0.03171396 0.07356755 -0.02851169
v -0.03296998 0.07367949 -0.02600695
v -0.03412814 0.07451705 -0.0224789
v 0.02339092 0.08955548 -0.02382213
v 0.005364025 0.1160945 -0.01799656
v -0.05585359 0.1260477 -0.006533258
v -0.07950724 0.07657866 -0.00504581
v -0.08077264 0.07670375 -0.00300624
v -0.08234813 0.07755249 0.0005119662
v -0.08357258 0.07763166 0.003002357
v -0.08274981 0.07853132 0.02350197
v -0.07669858 0.1447008 -0.004923023
v -0.07723876 0.1471631 -0.004837053
v -0.06862527 0.1673249 -0.0535081
v -0.001558006 0.1096532 -0.02103202
v 0.02383221 0.1196145 -0.005906655
v -0.07370864 0.1533704 -0.03039744
v -0.0907221 0.1498116 0.01476849
v -0.04806858 0.1673965 -0.0001608847
v -0.05528011 0.1147786 -0.01535543
v -0.03017292 0.07410048 -0.03256351
v -0.03137855 0.07492389 -0.03103998
v -0.03192212 0.07499501 -0.02899741
v -0.03378218 0.07448768 -0.02397476
v 0.01738518 0.1135893 -0.01528887
v -0.07424962 0.07742793 -0.01100158
v -0.07877459 0.07786013 -0.006581811
v -0.0807755 0.07940806 -0.004553389
v -0.08188319 0.07910553 -0.001923946
v -0.082802 0.0794931 0.0003021808
v -0.08376373 0.07969388 0.002514698
v -0.08449781 0.07827185 0.005315778
v -0.08504858 0.07838732 0.008121157
v -0.08483677 0.07828338 0.009869369
v -0.08522434 0.07871597 0.01117651
v -0.08508397 0.07845116 0.01302376
v -0.08566103 0.0791736 0.01542958
v -0.08365945 0.07855789 0.02137221
v -0.07484122 0.155011 -0.0205087
v -0.0668951 0.1660625 -0.05722248
v -0.07546474 0.1665099 -0.03950035
v -0.07208621 0.1557666 -0.03815936
v -0.07691789 0.1536022 -0.007070999
v -0.07270798 0.1589218 -0.03592489
v -0.03068358 0.07681948 -0.0333064
v -0.03206777 0.0767524 -0.03080581
v -0.03273343 0.07709131 -0.02850596
v -0.0334401 0.07584875 -0.02700171
v -0.03389604 0.07588627 -0.02548318
v -0.0344235 0.07665219 -0.02349846
v -0.03478121 0.07600896 -0.02104056
v -0.01081862 0.09506294 -0.03338976
v 0.01049716 0.112723 -0.01856755
v -0.07515002 0.08023193 -0.01158525
v -0.009214118 0.1186091 -0.01465695
v -0.07924626 0.07998515 -0.007123456
v -0.0854501 0.07983175 0.006495335
v -0.08604948 0.08056734 0.008004406
v -0.08615533 0.08057557 0.01000494
v -0.08583847 0.07988304 0.01745222
v -0.08990107 0.1337542 0.03073209
v -0.07500096 0.1437927 -0.006536259
v -0.07537127 0.1504483 -0.02374143
v -0.05147279 0.1642143 -0.0008849349
v -0.04907573 0.1660098 0.001414084
v -0.0758214 0.1509597 -0.02059854
v -0.07437968 0.1679181 -0.04250605
v -0.01992831 0.1851262 -0.02102157
v -0.09321962 0.1247848 0.01176604
v 0.01677892 0.1117957 -0.01636068
v -0.02959631 0.07800342 -0.03449828
v -0.03118898 0.0785709 -0.03264178
v -0.03227783 0.07863102 -0.03063618
v -0.03349264 0.0784118 -0.02692951
v -0.03425143 0.07873928 -0.02482124
v -0.03485679 0.07876725 -0.02258712
v 0.0193181 0.1136541 -0.01459681
v -0.02538821 0.115644 -0.01496905
v -0.07352821 0.07986706 -0.01341919
v -0.07950735 0.08196034 -0.008031905
v -0.08102269 0.08138518 -0.005548524
v -0.08260822 0.0815371 -0.003048288
v -0.08323826 0.08168426 -0.001002053
v -0.08384048 0.08172304 0.001488305
v -0.08481705 0.08114147 0.004488517
v -0.08657589 0.08119729 0.01250896
v -0.08666624 0.08147814 0.01475449
v -0.08640661 0.08105781 0.01652922
v -0.08591689 0.08129479 0.01897653
v -0.08482668 0.08123885 0.02148413
v -0.08393061 0.08093269 0.02395921
v -0.08442056 0.08244856 0.02497283
v -0.08390888 0.08240495 0.02754751
v -0.07972322 0.1445068 -0.002316029
v -0.07325837 0.1673277 -0.04351882
v -0.04997163 0.1644784 -0.003667621
v -0.09075902 0.1502576 0.01905016
v -0.07694797 0.1538408 -0.01002916
v -0.01066315 0.1219247 -0.01074846
v 0.00527981 0.1139838 -0.01931552
v -0.05316124 0.1154564 -0.01541792
v -0.03282212 0.07986371 -0.02834228
v 0.0204704 0.1049508 -0.01788953
v -0.04109438 0.1175083 -0.0143719
v -0.07573905 0.0824154 -0.01258921
v -0.08165836 0.08280308 -0.005540655
v -0.08368854 0.08298976 -0.003045657
v -0.08445513 0.08310416 -0.0004911875
v -0.08503589 0.08316158 0.001993685
v -0.08569891 0.08322044 0.004474277
v -0.08593808 0.082552 0.006482824
v -0.08620327 0.08261589 0.007978485
v -0.08647437 0.08263376 0.01000071
v -0.0866768 0.08332851 0.01199043
v -0.08680718 0.08418191 0.0136646
v -0.08665463 0.08349905 0.01579894
v -0.08508792 0.08333145 0.02255521
v -0.08425096 0.08408692 0.02758631
v -0.08999431 0.1332101 0.03572801
v -0.09162725 0.1410614 0.01897677
v -0.09174813 0.143362 0.01924586
v -0.03730241 0.150901 -0.003850053
v -0.091166 0.149608 0.01664629
v -0.07887564 0.1653454 -0.0335907
v -0.01035393 0.10373 -0.02359357
v -0.08997219 0.1337671 0.03777091
v -0.07283386 0.1540409 -0.03490006
v -0.07017661 0.162779 -0.04816039
v -0.03060326 0.08054822 -0.03307169
v -0.0321794 0.08077039 -0.0305225
v -0.0344241 0.08088592 -0.02410991
v 0.02266491 0.1116142 -0.01362695
v -0.07783156 0.08392498 -0.01109753
v -0.07910571 0.0832412 -0.009537893
v -0.08011338 0.08408529 -0.008075872
v -0.08166759 0.08421602 -0.00605066
v -0.08350972 0.08432982 -0.004055461
v -0.084976 0.08445689 -0.001521004
v -0.0858219 0.08453312 0.0009961893
v -0.0868042 0.0852369 0.002513348
v -0.08708305 0.08466974 0.004983724
v -0.0870282 0.08462965 0.006932234
v -0.08688008 0.08462597 0.01015536
v -0.08658196 0.08403406 0.01798096
v -0.08623673 0.08414501 0.02028072
v -0.08471235 0.1425669 0.00467691
v -0.08377357 0.1446033 0.003777305
v -0.09146227 0.1461503 0.01820959
v -0.08659006 0.1487269 0.007777723
v -0.07429493 0.1548035 -0.02232146
v -0.08131846 0.1375811 -0.002292966
v -0.07269858 0.1533272 -0.03739733
v -0.08951526 0.1492817 0.02516275
v -0.07343635 0.1589581 -0.0324324
v 0.0205893 0.08978973 -0.02505232
v -0.03358957 0.08148746 -0.02591949
v -0.03456006 0.08295391 -0.02412239
v 0.01867651 0.1177767 -0.01195245
v -0.01571778 0.117352 -0.01515159
v -0.07630319 0.08451139 -0.01307164
v -0.0792343 0.08581239 -0.00996151
v -0.08092366 0.08587906 -0.007323433
v -0.08478629 0.08633365 -0.002731396
v -0.08589028 0.08668059 -0.0003051675
v -0.08805073 0.08658004 0.008246427
v -0.08783099 0.08564626 0.01171803
v -0.08770599 0.08604852 0.0179641
v -0.08749259 0.08611926 0.01996251
v -0.08653628 0.08538117 0.02242578
v -0.07138177 0.1546828 -0.04440361
v -0.08560777 0.1423365 0.006533295
v -0.07468561 0.1503673 -0.02924925
v -0.07612369 0.1465451 -0.007361544
v -0.08814035 0.1487819 0.009505294
v -0.07103627 0.1575747 -0.04380526
v -0.08583094 0.09261945 0.0009237043
v -0.08708158 0.1515817 0.01077294
v -0.07512883 0.1567589 -0.02286938
v -0.01782581 0.09580692 -0.03060159
v -0.02774644 0.08351445 -0.03613604
v -0.02959426 0.0825847 -0.0341002
v -0.03075282 0.08268093 -0.03206594
v -0.03179396 0.08275827 -0.03053224
v -0.03275569 0.08287202 -0.0285809
v -0.03315758 0.08442834 -0.02607897
v -0.008561088 0.103901 -0.02330136
v -0.09392253 0.1251651 0.02496326
v -0.09439702 0.1248701 0.02277209
v -0.06000474 0.03632477 0.04556454
v -0.07632916 0.08726559 -0.01344584
v -0.07784047 0.08597908 -0.0115809
v -0.08251299 0.08631511 -0.005555978
v -0.08384701 0.08738605 -0.004280102
v -0.0877912 0.08670291 0.003984879
v -0.08820514 0.0866872 0.005986553
v -0.0887929 0.08826096 0.008693085
v -0.08808489 0.08694286 0.01455828
v -0.08797049 0.08659549 0.01622775
v -0.08854789 0.08745593 0.01806576
v -0.08826122 0.08751339 0.01995716
v -0.08767871 0.08747447 0.02195109
v -0.08679242 0.08671113 0.02357465
v -0.08981494 0.1397527 0.02693357
v -0.08930967 0.1406705 0.03467415
v -0.08879195 0.1426227 0.03411502
v -0.08876145 0.1428186 0.01227668
v -0.07298589 0.1512215 -0.03838895
v -0.08461023 0.1446122 0.005660033
v -0.07567292 0.1495278 -0.01787579
v -0.07580066 0.149283 -0.01582589
v -0.07471103 0.1535755 -0.01968372
v -0.08465896 0.1380669 0.0009503819
v -0.04620741 0.1645731 -0.007571447
v -0.08839269 0.1502851 0.02552218
v -0.07249853 0.1519521 -0.04079244
v -0.09145378 0.1481351 0.02126239
v -0.07548298 0.1520645 -0.01342556
v -0.07680338 0.1583378 -0.02343079
v 0.02486899 0.1150647 -0.00995387
v -0.02944852 0.08471825 -0.03361362
v 0.03073687 0.1155821 -0.003549938
v -0.008085734 0.1203448 -0.01322861
v -0.07884446 0.08749412 -0.01034941
v -0.08035057 0.08739518 -0.008277319
v -0.08102386 0.08887236 -0.007633862
v -0.08327114 0.08976987 -0.005878543
v -0.08519466 0.08852046 -0.002037682
v -0.08562548 0.08939942 -0.0008318792
v -0.08630537 0.08927794 0.0008852116
v -0.0871504 0.08774911 0.002077066
v -0.08784906 0.08938466 0.003884023
v -0.08847457 0.08951658 0.005887854
v -0.08910492 0.08810223 0.0109746
v -0.08906705 0.08821589 0.01305087
v -0.08914775 0.08897323 0.01494004
v -0.08942946 0.08952765 0.01641149
v -0.0893227 0.08940343 0.01771584
v -0.08776597 0.08929383 0.02360886
v -0.08593496 0.128671 -0.001688999
v -0.09122113 0.1422879 0.02157015
v -0.04620774 0.1684235 -0.005453135
v -0.07360944 0.1458974 -0.01346291
v -0.06584054 0.1772407 -0.06050192
v -0.02858255 0.09722713 -0.0238329
v -0.09134707 0.147411 0.0160921
v -0.09158582 0.1482536 0.01861905
v -0.09416912 0.1248307 0.01676072
v -0.02940974 0.08684846 -0.03258676
v -0.0303929 0.08590648 -0.0309747
v -0.03147837 0.08557736 -0.02906562
v -0.03459691 0.08696917 -0.02462388
v -0.0843921 0.1096969 0.003913323
v -0.08932567 0.09019334 0.01030945
v -0.08963129 0.09081228 0.01284832
v -0.08926823 0.08976648 0.01916834
v -0.08879829 0.08955599 0.02093898
v -0.03872863 0.1101297 -0.01896419
v -0.04995468 0.1133093 -0.01685013
v -0.07062261 0.1652006 -0.04797979
v 0.02279691 0.121136 -0.004574497
v -0.07543054 0.1520976 -0.01782125
v -0.07517701 0.1582045 -0.02542316
v -0.028508 0.087487 -0.033602
v -0.03191472 0.08637726 -0.02700608
v -0.09310798 0.1255601 0.02776907
v -0.04985975 0.1231699 -0.01017097
v -0.07553603 0.09066691 -0.01409092
v -0.07746553 0.08891752 -0.01223966
v -0.08437351 0.09202289 -0.004628943
v -0.08494844 0.09022054 -0.00331178
v -0.08561458 0.09127723 -0.00105662
v -0.08589353 0.09121441 0.001055825
v -0.08689111 0.09090363 0.002794948
v -0.08829326 0.09186895 0.006845314
v -0.08889077 0.09072639 0.0083498
v -0.08971487 0.09099308 0.01493707
v -0.08971314 0.0915048 0.01756609
v 0.01810029 0.1163573 -0.01357249
v -0.08196526 0.1494128 0.002196603
v -0.07361213 0.1407873 -0.006962139
v -0.08891739 0.1437256 0.03190955
v -0.07469508 0.1462787 -0.01084831
v -0.09053171 0.1460433 0.0140907
v -0.07571533 0.1472361 -0.009874327
v -0.07820497 0.1667448 -0.03748152
v -0.06973442 0.1659104 -0.05049977
v -0.07044793 0.1687407 -0.05052121
v -0.08842295 0.1151051 0.004292971
v -0.08299138 0.1356725 -0.001350463
v -0.07432412 0.1586151 -0.0284357
v -0.09468818 0.1233977 0.01978602
v -0.04810677 0.1220441 -0.01165305
v -0.02728236 0.0883738 -0.03430084
v -0.02918743 0.08899465 -0.03110903
v -0.03025856 0.08833797 -0.02907081
v -0.03069189 0.08879912 -0.02703267
v -0.004859465 0.1199628 -0.01323014
v 0.001837946 0.1176911 -0.01669634
v -0.09243668 0.1254431 0.009268049
v -0.08698423 0.1164388 0.001766795
v -0.09158087 0.1268037 0.007771656
v -0.05452037 0.1218028 -0.0096496
v -0.05571886 0.116489 -0.01415246
v -0.07816177 0.09073408 -0.01134508
v -0.07938146 0.09110895 -0.009823997
v -0.08140444 0.09166364 -0.008097168
v -0.08281457 0.09174217 -0.006668599
v -0.08531775 0.09265783 -0.002636065
v -0.03730437 0.04504146 -0.02510901
v -0.07623459 0.07744872 0.03376896
v -0.016746 0.108538 -0.020944
v -0.00516585 0.09872111 -0.02722711
v -0.02801105 0.1208616 -0.008831604
v 0.0228494 0.09720149 -0.02137618
v -0.03683075 0.1154125 -0.01570901
v 0.02463112 0.09817085 -0.02047509
v 0.004000848 0.1219846 -0.0122697
v -0.01428675 0.1040376 -0.02318397
v 0.02754495 0.1114058 -0.01104025
v 0.05652637 0.06491564 0.001486724
v -0.01255104 0.09809005 -0.02746223
v 0.02911445 0.1160099 -0.005001862
v -0.005414707 0.1189442 -0.01424155
v -0.0100026 0.09270868 -0.03536547
v 0.05730487 0.06811664 0.0036757
v 0.02917468 0.09805027 -0.01710933
v 0.02582124 0.1186499 -0.005051318
v 0.02822403 0.09564201 -0.01924416
v -0.0105525 0.09621228 -0.03194295
v 0.04378173 0.0645297 -0.001210993
v -0.04921408 0.1107003 -0.01821539
v -0.03270105 0.04607912 -0.02640326
v 0.02385645 0.1126887 -0.01245027
v 0.030076 0.094699 -0.018235
v 0.0313394 0.09405428 -0.01755462
v -0.03214678 0.04802432 -0.02285073
v 0.03018108 0.09639418 -0.01702704
v 0.03554725 0.09337251 -0.01381243
v -0.01797172 0.1203342 -0.01016002
v 0.006672182 0.1199751 -0.01439719
v -0.03054754 0.046407 -0.02665688
v 0.03604936 0.09082634 -0.01535299
v 0.03519067 0.095944 -0.01255787
v -0.01978056 0.1866448 -0.01911338
v -0.01682358 0.1868545 -0.02034749
v -0.06270976 0.04398471 -0.003605803
v -0.05705826 0.03557038 -0.01071144
v -0.03303416 0.03633752 -0.03075831
v -0.01667598 0.1038169 -0.02298362
v -0.02796774 0.03705984 -0.02967499
v 0.05521882 0.06895352 0.00290504
v 0.05651155 0.06658317 0.001960487
v -0.00758843 0.117978 -0.01501146
v -0.0134034 0.1109044 -0.01943655
v -0.02202726 0.09385238 -0.03259893
v -0.01862909 0.1863618 -0.02152548
v -0.04697622 0.04086715 -0.01209188
v -0.04281264 0.1194408 -0.0136722
v 0.03179673 0.1140473 -0.004211869
v 0.01759489 0.1153364 -0.0143508
v -0.02493574 0.09117925 -0.03404238
v 0.03320324 0.09907342 -0.01389688
v -0.01869724 0.1017298 -0.02380506
v -0.00850528 0.1019056 -0.02396086
v -0.05689845 0.1184042 -0.01221682
v 0.0536793 0.0580675 -0.002482921
v -0.03346996 0.1150158 -0.01571238
v 0.004400974 0.118592 -0.01577765
v 0.0267345 0.06266028 -0.02234111
v 0.0487271 0.07169055 0.005999366
v -0.01578942 0.1865454 -0.0228665
v -0.008176979 0.1118721 -0.02057584
v -0.04102065 0.04601618 -0.01789878
v -0.009001174 0.1148507 -0.01693737
v -0.0358282 0.1211027 -0.009866563
v -0.03864905 0.123306 -0.009582871
v 0.02479842 0.1104517 -0.01299179
v 0.05091108 0.07180018 0.005961286
v 0.03094588 0.1094948 -0.01001698
v 0.0525799 0.07146214 0.005318323
v -0.02961224 0.1173132 -0.01346886
v 0.05437529 0.07202888 0.006952918
v -0.03167604 0.1766215 -0.01402352
v -0.02948659 0.1778035 -0.01535593
v -0.04498278 0.1228555 -0.01102739
v 0.05455521 0.0661853 0.0007471516
v -0.01806507 0.1850812 -0.02344438
v -0.01525164 0.1156487 -0.01640397
v -0.01057727 0.1088529 -0.02179317
v 0.01395959 0.1191132 -0.01336834
v 0.01356257 0.1070258 -0.01889629
v -0.006021792 0.1174119 -0.01542524
v 0.01237363 0.1216023 -0.01165198
v -0.02978023 0.1219651 -0.006982182
v -0.0318893 0.1748031 -0.01502016
v -0.02787232 0.1781918 -0.01659412
v 0.05229596 0.06947738 0.002599923
v -0.007982161 0.09608844 -0.03179004
v -0.02754824 0.03444873 -0.02952517
v 0.03593768 0.1069893 -0.00544932
v -0.006826329 0.09822729 -0.02807271
v -0.008050278 0.1216109 -0.01188366
v -0.03654908 0.1185808 -0.01244138
v 0.02683443 0.1095187 -0.01287826
v -0.01482922 0.1058696 -0.02225192
v -0.04097852 0.1193023 -0.01333048
v 0.02091517 0.116117 -0.01218038
v -0.02023761 0.1175333 -0.01342802
v -0.03422716 0.174152 -0.01355957
v -0.02226505 0.1174577 -0.01346175
v -0.008146 0.09725881 -0.03002593
v -0.01518181 0.0978767 -0.02672
v -0.02536251 0.1175239 -0.01346161
v 0.05789009 0.06658021 0.0034606
v 0.02543936 0.08919028 -0.02308789
v -0.003814511 0.1224657 -0.01097075
v 0.03650467 0.0866868 -0.01643911
v 0.01473068 0.1137567 -0.01628677
v -0.05993556 0.04476001 -0.004361202
v -0.01030639 0.1167937 -0.01576413
v 0.009001388 0.1182667 -0.01544236
v -0.001124912 0.1186683 -0.01477624
v -0.04025027 0.1688208 -0.01113519
v -0.03540664 0.1720468 -0.01354304
v -0.05225056 0.1134656 -0.01666306
v -0.06201938 0.04291086 -0.00553914
v -0.05982086 0.04275595 -0.006803566
v -0.03311944 0.112144 -0.01772443
v -0.002377524 0.126244 -0.006921537
v 0.00138252 0.1058825 -0.02135724
v -0.03000829 0.1202027 -0.009520483
v -0.006038823 0.09723778 -0.0300078
v -0.01056896 0.111978 -0.01958873
v -0.01106913 0.1132006 -0.01822595
v 0.03417508 0.1085856 -0.006958897
v -0.06290021 0.1547513 0.003886481
v -0.06042626 0.1556069 0.003762178
v -0.05803776 0.156445 0.001253919
v 0.0147643 0.1208905 -0.01114607
v 0.03319054 0.1086612 -0.008320387
v -0.03518839 0.1122355 -0.01780023
v -0.0378154 0.1122765 -0.01782856
v -0.03997117 0.1120899 -0.01767649
v 0.03335332 0.1061416 -0.01044429
v -0.02424746 0.09928024 -0.02413031
v 0.05275762 0.06772859 0.001016538
v -0.02019509 0.09183529 -0.03556864
v -0.05296589 0.1251423 -0.006774394
v -0.06514417 0.1545821 0.003325147
v -0.06414039 0.153939 0.001800311
v -0.0610368 0.1542595 0.002342633
v -0.05903462 0.154589 0.0009769935
v -0.04763042 0.1629258 -0.00680619
v -0.005555423 0.112213 -0.02039757
v 0.01290492 0.1230595 -0.009222727
v -0.01229577 0.1822049 -0.02873159
v -0.01897266 0.09804365 -0.02464627
v 0.02921688 0.1097468 -0.01128858
v -0.06313863 0.1530176 0.0006887349
v -0.06088738 0.1534548 0.001226979
v -0.01837646 0.1131655 -0.01878795
v 0.02797075 0.08856607 -0.02172644
v -0.001967231 0.1072526 -0.02192095
v 0.01108849 0.1180724 -0.01530223
v -0.01689044 0.1066895 -0.02205139
v 0.002482615 0.1249309 -0.008556089
v -0.01157711 0.09959012 -0.02444702
v -0.01299288 0.1790658 -0.02867741
v -0.01080552 0.1800832 -0.02961129
v -0.006876073 0.09948832 -0.02530531
v -0.06233516 0.03769885 -0.008184588
v -0.02433815 0.1144401 -0.01597477
v -0.003793875 0.09949836 -0.02501897
v -0.01579045 0.09672801 -0.02952936
v 0.04917735 0.07241007 0.007950979
v -0.06468556 0.1533413 -6.167188e-05
v 0.01668735 0.1097216 -0.01698217
v -0.003282699 0.0958509 -0.03205252
v 0.03472467 0.08828452 -0.01747129
v -0.006910788 0.09487081 -0.03340489
v -0.03186787 0.1160534 -0.01480669
v 0.03162521 0.1065871 -0.01164761
v -0.02722596 0.1222749 -0.006337572
v 0.008325369 0.1234954 -0.0100504
v -0.03399957 0.1176328 -0.0128334
v -0.04711757 0.1208374 -0.01276749
v -0.01212313 0.1776453 -0.0290623
v -0.01053891 0.1779707 -0.02962998
v 0.008438147 0.1166002 -0.01665297
v 0.02086438 0.1105774 -0.01516774
v 0.008968005 0.1108291 -0.01950134
v 0.01506033 0.1098759 -0.01773028
v 0.0219473 0.1074807 -0.01579503
v -0.01321992 0.09483512 -0.03357197
v -0.0009420989 0.09954773 -0.02442263
v -0.03521034 0.04034005 -0.02963606
v -0.022832 0.114095 -0.016802
v 0.002357545 0.1085084 -0.0202701
v -0.06109233 0.151884 -1.213903e-05
v -0.05866135 0.1520668 -0.0004656973
v 0.03173443 0.1013769 -0.01437441
v 0.02963989 0.1025028 -0.01554084
v 0.01335169 0.1053158 -0.01946169
v 0.009899593 0.1256741 -0.006638974
v -0.004596552 0.1076537 -0.02250807
v 0.01374186 0.0990087 -0.02293987
v -0.0005043378 0.1203428 -0.01291927
v -0.01628718 0.113612 -0.01814459
v 0.03025823 0.1115269 -0.009180259
v 0.001481044 0.09916192 -0.02399713
v -0.03336929 0.04202894 -0.02959066
v 0.005014037 0.1053259 -0.02113174
v -0.04061556 0.04839521 -0.01185947
v -0.0303631 0.1146587 -0.01612274
v 0.007532802 0.1146258 -0.0183685
v 0.03137732 0.09512695 -0.01669361
v -0.02374152 0.112655 -0.01766711
v 0.005943427 0.09830853 -0.02408926
v -0.01152403 0.1150147 -0.01683518
v 0.008879396 0.09797107 -0.02369523
v -0.06280662 0.1512988 -0.001559361
v -0.05809389 0.1502534 -0.00116805
v 0.02118352 0.1227581 -0.003245317
v -0.00605316 0.1031369 -0.02327842
v 0.03191434 0.09655844 -0.0152452
v -0.0251983 0.1085508 -0.02098168
v 0.02265919 0.1094209 -0.01459399
v 0.0244246 0.1088416 -0.01418085
v -0.01961765 0.1117023 -0.0193194
v 0.02224014 0.1056194 -0.01686212
v 0.03184603 0.1101516 -0.008717968
v -0.0153945 0.09552181 -0.03225965
v 0.01244001 0.09625152 -0.02479938
v -0.02454744 0.1067004 -0.02216941
v 0.01098002 0.09827818 -0.02306914
v -0.003246001 0.1090886 -0.02185397
v 0.0121287 0.1134087 -0.01744417
v -0.01070828 0.09689928 -0.03069028
v 0.01261363 0.09825092 -0.02308323
v -0.06230056 0.1490363 -0.003674501
v -0.06116898 0.149508 -0.001549536
v 0.02113913 0.109123 -0.01549442
v -0.0007719168 0.09620172 -0.03088107
v 0.008219146 0.09921045 -0.02251375
v -0.0119886 0.1028739 -0.02398246
v 0.007177053 0.1252884 -0.007981796
v -0.06243733 0.1173449 -0.01055481
v -0.00482613 0.1256435 -0.008257617
v 0.01453325 0.09678469 -0.02350026
v -0.03720584 0.04286032 -0.02748353
v -0.04412882 0.111496 -0.01728851
v -0.03563052 0.04185953 -0.02902167
v 0.01570519 0.09840425 -0.0229028
v -0.01649274 0.1241193 -0.005400208
v -0.03723835 0.1247174 -0.006766914
v 0.01059421 0.09656619 -0.02524734
v 0.007018147 0.1007255 -0.02158841
v -0.001994024 0.1021529 -0.02286103
v -0.01394618 0.101731 -0.02376716
v 0.02399249 0.1174506 -0.008570779
v 0.02866812 0.112159 -0.009740216
v -0.007607069 0.1136407 -0.01862167
v 0.01260191 0.1157238 -0.01603471
v -0.06030083 0.03405359 -0.009610958
v -0.04633148 0.1157345 -0.01574804
v 0.03986657 0.1032214 -0.001697506
v 0.03274449 0.111163 -0.006818709
v -0.01864834 0.1239785 -0.005263417
v -0.06103791 0.1469932 -0.003359744
v -0.05928147 0.1479459 -0.001759039
v -0.05692501 0.1479495 -0.001734377
v -0.02176535 0.1156326 -0.01543163
v 0.03262547 0.09495787 -0.01549214
v 0.04672813 0.07330143 0.006440511
v -0.02293643 0.119978 -0.01098801
v -0.02286437 0.115544 -0.01524218
v 0.01000555 0.1152368 -0.01689553
v -0.02162809 0.1235279 -0.005259191
v 0.0008153985 0.1085015 -0.02053419
v -0.05275615 0.1197634 -0.01244423
v 0.03373274 0.1031564 -0.01223135
v 0.03244131 0.1037786 -0.01288635
v 0.03531249 0.1020716 -0.01108525
v -0.01852042 0.1178024 -0.01373226
v 0.02367331 0.1152006 -0.0111394
v 0.02097544 0.09741062 -0.02223614
v 0.002629413 0.09610836 -0.02976639
v -0.0321933 0.1199755 -0.009868141
v -0.01545926 0.1218038 -0.008421063
v 0.04032832 0.09258655 -0.009050643
v 0.02705381 0.1144587 -0.008401857
v -0.03734863 0.047299 -0.01890009
v 0.02610785 0.09573316 -0.02044959
v -0.04829136 0.1190973 -0.01394134
v -0.003078558 0.11513 -0.01734541
v -2.378448e-05 0.0974363 -0.02851107
v 0.02478587 0.1140695 -0.01089303
v -0.05912603 0.1457654 -0.002277217
v -0.01829856 0.1069719 -0.02227028
v 0.03084235 0.09311973 -0.01857472
v 0.02555517 0.1038447 -0.01697498
v 0.00484362 0.1261761 -0.007139395
v -0.01590764 0.1116759 -0.01927346
v 0.03299221 0.09265269 -0.01705038
v -0.03563996 0.04480055 -0.02672952
v -0.033867 0.04393782 -0.0283664
v 0.00273216 0.1009097 -0.02250625
v -0.03394571 0.1099061 -0.01883492
v -0.02669322 0.09462238 -0.02545183
v -0.02454504 0.09542231 -0.02578555
v -0.02312535 0.09573981 -0.02657135
v -0.03357736 0.1073044 -0.01986358
v -0.0392723 0.1145303 -0.01617796
v -0.06008773 0.1146245 -0.01385977
v -0.03857201 0.124292 -0.008176785
v 0.01149754 0.1190129 -0.01451999
v -0.0001965522 0.09020431 -0.03457204
v -0.002900263 0.1244804 -0.009035709
v 0.03454654 0.09203674 -0.01607446
v 0.01855892 0.1224254 -0.006465206
v -0.02452804 0.1223562 -0.006464355
v -0.007925154 0.09261367 -0.03523919
v 0.02923988 0.1137863 -0.007632018
v 0.03330218 0.1124191 -0.004084209
v -0.01418105 0.1240346 -0.006352918
v 0.003236837 0.1061358 -0.02095667
v 0.0194664 0.09904933 -0.02245693
v 0.03495689 0.08655416 -0.01764173
v 0.05006101 0.06788938 0.000983212
v 0.01225195 0.1203295 -0.01303272
v 0.03149493 0.1125147 -0.0069006
v -0.02174192 0.09587832 -0.02767824
v -0.02798749 0.1106988 -0.01833645
v 0.03783059 0.08965541 -0.01379294
v -0.006918693 0.1250503 -0.009038243
v 0.003623 0.1172808 -0.01724687
v -0.0595364 0.1441127 -0.002811375
v -0.01527219 0.1083311 -0.02074798
v -0.04605207 0.1104618 -0.01790952
v -0.03050264 0.1102715 -0.01825068
v 0.008655189 0.1131107 -0.01890378
v 0.04471278 0.0691406 0.001546531
v 0.03495603 0.08361904 -0.01805608
v 0.02542822 0.0607404 -0.02382213
v -0.0321977 0.04415417 -0.02855527
v -0.05282183 0.1211871 -0.01108494
v -0.0554439 0.04398621 -0.007593755
v 0.04640981 0.06628831 -3.993665e-05
v -0.03059708 0.03486505 -0.03037378
v 0.01615018 0.1011568 -0.02222058
v -0.03699352 0.1136852 -0.01697622
v 0.006920565 0.09157119 -0.03213569
v 0.004580629 0.09510383 -0.03069943
v 0.009351796 0.0943205 -0.02875697
v -0.0137634 0.1207635 -0.01090762
v -0.04738926 0.07144215 0.04094387
v -0.01334674 0.1120264 -0.01864167
v -0.01882853 0.09642857 -0.02825837
v 0.01378225 0.1121584 -0.01770185
v -0.01102358 0.1202711 -0.01277602
v 0.009024775 0.1200166 -0.0142999
v -0.06479929 0.04139413 -0.005605737
v -0.03582939 0.03807393 -0.0298407
v -0.01534644 0.1071505 -0.02148431
v -0.01100543 0.1234134 -0.008848085
v -0.03521152 0.1198307 -0.01080663
v -0.01793771 0.09709531 -0.02694088
v 0.007128722 0.09389872 -0.03042325
v 0.02091887 0.09296768 -0.02343382
v -0.02756646 0.1073892 -0.02132145
v -0.06909387 0.1802348 -0.05816954
v -0.03507934 0.04608082 -0.0253837
v -0.003441712 0.111942 -0.02020209
v -0.01822143 0.1087593 -0.02118433
v 0.02522543 0.116243 -0.008274114
v -0.06007699 0.1430754 -0.003599335
v 0.01875462 0.1096789 -0.01626196
v 0.03510323 0.1051876 -0.009382234
v 0.007026062 0.1220105 -0.01246811
v -0.003339439 0.09390227 -0.03375465
v 0.00955416 0.1222795 -0.01178313
v -0.064388 0.04290373 -0.004130315
v 0.02040868 0.1199656 -0.008319418
v -0.0004982097 0.1163511 -0.01739687
v 0.001447066 0.1158374 -0.01834046
v 0.04588621 0.07261988 0.003398903
v -0.05019397 0.1182381 -0.01424017
v -0.01332436 0.1164652 -0.01604949
v -0.05500187 0.1135365 -0.01618644
v 0.05313713 0.06079547 -0.002844807
v -0.00584429 0.09307898 -0.03471128
v -0.01249168 0.09342595 -0.03504716
v -0.05943786 0.1221476 -0.008708418
v 0.04727088 0.07165165 0.005026728
v 0.01554647 0.1240657 -0.006054957
v 0.001709978 0.1195439 -0.01435031
v 0.04951831 0.07067801 0.004121881
v -0.04278364 0.1230673 -0.01076499
v 0.05108837 0.07114584 0.004631605
v -0.01634331 0.118923 -0.01291978
v 0.02629807 0.1017046 -0.0176874
v -0.06030481 0.1421816 -0.004404819
v -0.05834036 0.1419329 -0.003555147
v 0.05579826 0.07048441 0.005063635
v 0.05811743 0.06995577 0.007267043
v -0.01126551 0.08588483 -0.03851992
v -0.03461863 0.1191048 -0.01132104
v 0.0006534051 0.09597337 -0.03070811
v 0.0170708 0.12085 -0.00939373
v 0.01474223 0.1225745 -0.008979528
v -0.01739996 0.1118494 -0.01945114
v -0.0219525 0.1118864 -0.0188597
v 0.02753204 0.1078867 -0.01349822
v -0.04878681 0.1241755 -0.009245337
v 0.00396132 0.09103422 -0.03297726
v 0.0019493 0.09152779 -0.03339779
v -0.000386987 0.09245018 -0.0338553
v 0.0459027 0.06288092 -0.002537451
v 0.04679862 0.06440876 -0.001550188
v 0.04879764 0.06437634 -0.001847823
v 0.05491676 0.061702 -0.0007175238
v 0.01657268 0.1080548 -0.01755641
v -0.009482299 0.03623207 -0.0253489
v -0.03732416 0.1210217 -0.01105324
v -0.05858873 0.1188991 -0.01104374
v -0.01179897 0.0893572 -0.03714818
v -0.01541876 0.0889938 -0.03773632
v -0.05639728 0.1203969 -0.01046579
v 0.05374578 0.06250241 -0.001567642
v -0.03878295 0.04839652 -0.01272455
v -0.03655203 0.04821793 -0.01599481
v 0.01850493 0.09222762 -0.02490091
v -0.05706208 0.1395726 -0.004411735
v -0.04877887 0.1338504 0.002896634
v -0.04808383 0.1334852 0.004303105
v -0.04685977 0.1316991 0.004485436
v 0.05072938 0.0607056 -0.003895867
v -0.009316893 0.08600988 -0.03788604
v 0.0110237 0.1229309 -0.01036595
v -0.01870175 0.09474937 -0.03253727
v 0.01853644 0.119411 -0.01004914
v 0.03327598 0.08745691 -0.01860723
v -0.03525333 0.04674926 -0.02404529
v -0.02144654 0.09313086 -0.03399876
v 0.0466271 0.06146775 -0.003618475
v 0.04894245 0.06187931 -0.003582162
v 0.01339519 0.1175017 -0.01480762
v -0.002426841 0.09140384 -0.03495054
v 0.04143313 0.06567191 -0.004265263
v 0.03756613 0.09290718 -0.01180751
v 0.04423528 0.06161069 -0.00308612
v 0.02281568 0.103808 -0.01811415
v 0.00225536 0.09541596 -0.03104193
v -0.01951153 0.09329599 -0.03441597
v -0.03169405 0.1181484 -0.01249049
v -0.01290084 0.1224564 -0.008687493
v 0.03598058 0.1057385 -0.007153105
v 0.02020452 0.1181474 -0.01055466
v -0.02785024 0.1191696 -0.01107069
v -0.0006581098 0.1112331 -0.01993295
v -0.02304068 0.09139539 -0.03504017
v -0.03052547 0.03790212 -0.03018455
v -0.04186607 0.1156525 -0.01534042
v 0.004650888 0.1245381 -0.009148828
v -0.01384247 0.08899736 -0.03773266
v -0.03046927 0.04424353 -0.02865431
v -0.03828519 0.118218 -0.01322384
v -0.05899429 0.1397883 -0.005310944
v -0.05432498 0.1362012 -0.002717828
v -0.0526967 0.1354943 -0.00214235
v -0.05082321 0.1351642 -0.0001364366
v -0.04885604 0.1325986 0.001113357
v -0.04776846 0.1315314 0.002065461
v 0.02768928 0.08123578 -0.02251317
v 0.02807046 0.07875243 -0.0224928
v 0.04890951 0.05945997 -0.004666677
v 0.04652437 0.06023451 -0.00438427
v 0.044875 0.060104 -0.004243
v 0.04154011 0.05937396 -0.004269186
v 0.0521582 0.07249964 0.007540755
v -0.007971763 0.1231673 -0.01040371
v -0.005389855 0.1237344 -0.01030113
v -0.00990629 0.09786684 -0.02869881
v -0.03944429 0.04738638 -0.01532177
v 0.04277409 0.06054911 -0.003680378
v 0.01652901 0.1223897 -0.007911137
v 0.007905083 0.08944119 -0.03235703
v -0.0296681 0.1157142 -0.01508906
v 0.02972153 0.1080112 -0.01188024
v -0.01296201 0.1179587 -0.01478218
v -0.05067992 0.0357592 -0.01234116
v 0.0221707 0.06220354 -0.02581777
v -0.02010606 0.1162806 -0.01512544
v 0.0001887852 0.09476324 -0.03227253
v 0.003598099 0.09339306 -0.03221674
v 0.005419941 0.09344457 -0.03184523
v 0.008837894 0.09276696 -0.03025468
v 0.01080431 0.09239129 -0.02976904
v -0.02554952 0.03569541 -0.02919175
v -0.02159169 0.1002474 -0.02418181
v -0.01763914 0.1169416 -0.01517451
v 0.01342593 0.1037688 -0.02051772
v -0.007237269 0.0900191 -0.03620294
v 0.0352009 0.1037642 -0.01031481
v -0.0208652 0.09648243 -0.02630728
v 0.02436721 0.06235589 -0.02422311
v -0.03291819 0.04722654 -0.02446347
v -0.03605643 0.04720065 -0.02122573
v 0.02109473 0.1125181 -0.01426383
v -0.02062562 0.1140547 -0.01763915
v 0.03553456 0.09945556 -0.01176215
v 0.02741088 0.103323 -0.01642185
v -0.02068393 0.1038009 -0.02309901
v -0.01323304 0.09612953 -0.03187715
v -0.0618763 0.1395587 -0.006530825
v -0.05833074 0.1371281 -0.00577552
v -0.05586186 0.1360743 -0.0040648
v -0.04648206 0.129897 0.002264068
v 0.02119064 0.09094055 -0.02427066
v 0.03003941 0.07805433 -0.02117578
v 0.01078784 0.1235831 -0.009179228
v -0.0197193 0.08963501 -0.03694762
v 0.006588367 0.1236849 -0.009922585
v -0.004940381 0.09144155 -0.03548015
v -0.0191253 0.1189728 -0.01194329
v 0.03288665 0.08570102 -0.01895445
v -0.0248864 0.08976683 -0.03523055
v -0.02202432 0.08928223 -0.03662005
v 0.00961127 0.121402 -0.01282737
v 0.02264539 0.09273029 -0.02282896
v 0.01414802 0.1237955 -0.007311055
v -0.02547171 0.09678281 -0.02463985
v -0.02255902 0.09759287 -0.02441038
v -0.02083262 0.09747057 -0.02465078
v 0.003342433 0.13027 0.000892577
v 0.005624061 0.130174 0.0007951909
v -0.01762499 0.09763815 -0.02554945
v -0.0279266 0.1144732 -0.01583841
v -0.01375917 0.1137544 -0.01748756
v 0.01306337 0.09221562 -0.02864222
v -0.01625846 0.1146938 -0.01715218
v -0.01134076 0.09864789 -0.02654124
v -0.02380866 0.09254302 -0.0333709
v 0.02479213 0.1003761 -0.01927619
v -0.01013654 0.09117273 -0.03629918
v -0.02565358 0.1193138 -0.01125208
v -0.008734081 0.09905273 -0.02592265
v 0.001481241 0.1216273 -0.01196498
v 0.03415154 0.1070116 -0.008680486
v 0.03178846 0.1082351 -0.01004642
v -0.001237961 0.1223423 -0.01077279
v 0.000850751 0.09831097 -0.02655098
v 0.03016946 0.1061409 -0.01307809
v 0.03881758 0.09596163 -0.008374563
v -0.0622542 0.1150216 -0.0124905
v -0.05155306 0.133213 -0.0024413
v -0.0498691 0.1330304 -0.0005176642
v -0.04887898 0.1309816 -0.0002499214
v -0.0473526 0.1298493 0.0009654687
v 0.02589524 0.08192252 -0.02405305
v 0.02521056 0.08493613 -0.02395449
v 0.02325795 0.08501731 -0.02516511
v 0.01874219 0.08628328 -0.02738795
v 0.04691496 0.0686691 0.002023349
v 0.04171516 0.06208026 -0.003030687
v 0.01070513 0.1003273 -0.02246271
v -0.01900368 0.1000927 -0.0240916
v -0.01485705 0.1282987 0.004192915
v -0.01430689 0.128073 0.002629756
v -0.01032709 0.128854 0.0018448
v -0.004174753 0.1295438 0.0002855628
v -0.000495369 0.1302835 0.001464664
v 0.00777004 0.1298969 0.0007166385
v 0.01042847 0.1291364 -9.310543e-06
v 0.008079094 0.09732901 -0.02506898
v 0.04415955 0.06672044 0.0002810992
v 0.01922477 0.1212859 -0.00747251
v 0.002945226 0.09719581 -0.02792074
v 0.02728815 0.09804213 -0.01877959
v -0.01316949 0.09168012 -0.03633514
v 0.04770697 0.05817678 -0.005258559
v 0.0005531497 0.1013193 -0.02274797
v -0.01643744 0.0991825 -0.02413871
v 0.01838236 0.1235781 -0.00468723
v -0.0496515 0.03718246 -0.01207286
v 0.01579294 0.1176008 -0.01360328
v -0.03473443 0.03557164 -0.03101178
v -0.03505743 0.1140203 -0.01666684
v 0.03696826 0.10208 -0.008936354
v -0.02000152 0.1154754 -0.01627974
v 0.04048062 0.09406853 -0.007557416
v 0.02892543 0.1052345 -0.01446151
v -0.006646311 0.1155704 -0.01663302
v -0.04737659 0.1172837 -0.01504294
v -0.0560114 0.1341225 -0.004795422
v -0.05372108 0.1334825 -0.004107578
v -0.05093402 0.1311885 -0.002613043
v -0.0140619 0.0991538 -0.02419667
v -0.04876921 0.1150924 -0.01574878
v 0.01661491 0.08735114 -0.02863479
v 0.01441805 0.08824736 -0.02987867
v 0.04847377 0.06710692 0.000463856
v 0.01686853 0.0959411 -0.02348468
v -0.02073764 0.1261401 0.001907522
v -0.01626987 0.1269274 0.0006635302
v -0.01354894 0.1275812 0.000116032
v -0.0004668168 0.1292988 -0.001181306
v 0.001676082 0.1296886 -0.0006258256
v 0.003829162 0.1293813 -0.001336214
v 0.005934211 0.1293169 -0.001327092
v 0.007963687 0.1291572 -0.001162816
v 0.01367417 0.1282754 0.000235496
v 0.01955254 0.09575217 -0.02298588
v 0.01789267 0.1076434 -0.01713266
v 0.01497497 0.08995593 -0.02878436
v -0.02650361 0.1131733 -0.01657041
v 0.005066298 0.09620151 -0.02887844
v -0.01530594 0.09162959 -0.0362924
v 0.01494125 0.1155529 -0.01525658
v 0.01994683 0.1147251 -0.01369625
v 0.0211727 0.09495481 -0.02255256
v 0.02362781 0.09504473 -0.02159173
v 0.007103506 0.09591759 -0.02801402
v 0.02510613 0.09316105 -0.02181387
v 0.02794944 0.09336085 -0.02015473
v -0.04557092 0.1194772 -0.01386169
v 0.01652998 0.1191945 -0.0118578
v -0.02337389 0.09378907 -0.03154362
v -0.009867536 0.08870508 -0.03688735
v -0.004007133 0.1173319 -0.01546408
v -0.05503915 0.1314553 -0.00532881
v -0.05263473 0.1308563 -0.004272164
v -0.05107608 0.1290384 -0.003460732
v -0.04897626 0.1294428 -0.001543935
v -0.04709717 0.1286832 -0.00097829
v -0.04537829 0.1284621 -0.0002238309
v -0.04387604 0.1277901 -0.002009757
v -0.04133783 0.1279023 -0.0004150695
v 0.01371754 0.1020199 -0.02210542
v 0.01418934 0.09413986 -0.02576866
v 0.03100156 0.09087923 -0.01919473
v 0.03277138 0.09017 -0.01845262
v 0.003310839 0.09880644 -0.02399925
v -0.01850063 0.1262152 0.0004748838
v -0.01083419 0.1279131 -0.001050602
v -0.008070845 0.1285577 -0.0009507205
v -0.005712907 0.1283742 -0.002820673
v -0.003020336 0.128939 -0.001796175
v 0.001378895 0.1282957 -0.003139538
v 0.005991175 0.1285019 -0.003109386
v 0.008689373 0.128282 -0.002741958
v 0.01203129 0.1278901 -0.001757811
v 0.01527443 0.1266375 -0.001743109
v 0.01710532 0.1266629 -9.113144e-05
v 0.034921 0.08967802 -0.01692676
v 0.03695427 0.08841323 -0.01555088
v 0.02226765 0.1029053 -0.01908644
v -0.01846104 0.104019 -0.02295829
v 0.01684553 0.08926805 -0.02755348
v 0.03073277 0.04645367 -0.006514517
v 0.03389176 0.09430579 -0.01480858
v -0.02032493 0.1203812 -0.01041888
v -0.01749629 0.09038537 -0.0369672
v -0.009220261 0.09456989 -0.03384231
v -0.04116857 0.03658296 -0.02776849
v 0.0115575 0.03620215 -0.02216603
v 0.04289802 0.0677308 -0.001625851
v -0.02521349 0.1111312 -0.01870261
v 0.01733854 0.1058187 -0.01803258
v 0.02710557 0.1057706 -0.01502577
v 0.02506735 0.1070921 -0.01518151
v 0.01820362 0.08932079 -0.02662126
v -0.05277571 0.1180803 -0.01382471
v 0.03958684 0.09140016 -0.01063586
v -0.05364988 0.1286547 -0.005061294
v -0.0488833 0.1280765 -0.0033388
v -0.04633045 0.1276344 -0.004048562
v -0.03877819 0.1273198 -0.001132109
v -0.05466359 0.03546744 -0.01165281
v 0.0515419 0.06306333 -0.002455315
v 0.009655075 0.09138876 -0.0306918
v -0.01751678 0.09265409 -0.03532672
v -0.009416772 0.1001894 -0.02428422
v 0.02436978 0.1181569 -0.007333383
v -0.02920418 0.1241518 -0.0003122838
v -0.02273859 0.125261 0.000349383
v -0.0205298 0.1253958 -0.0006390525
v -0.01862839 0.1254187 -0.001750146
v -0.01693529 0.125681 -0.002042283
v -0.01516013 0.1260535 -0.002471784
v -0.009794949 0.1271857 -0.003820691
v -0.007488395 0.1275529 -0.004259981
v -0.001237561 0.1283058 -0.003156175
v 0.004093952 0.1283889 -0.003306468
v 0.007894613 0.1275516 -0.004468737
v 0.01273767 0.1270612 -0.002837529
v 0.01958504 0.1250351 -0.0007938137
v 0.0473099 0.07021427 0.003513387
v 0.01973298 0.08811914 -0.02615778
v 0.05587862 0.06223347 0.0007521437
v 0.05473795 0.06395576 5.302012e-05
v -0.02400084 0.1185098 -0.01250786
v -0.0441878 0.121254 -0.01247293
v -0.03916558 0.1166584 -0.01455112
v -0.05293177 0.03584165 -0.01208502
v 0.03883836 0.0934917 -0.009920708
v 0.009280786 0.09607732 -0.02669212
v 0.05116929 0.0703207 0.003490094
v 0.05336509 0.07049308 0.004005312
v 0.03752479 0.09154749 -0.01286343
v -0.02895524 0.04098582 -0.02967593
v -0.02885548 0.112709 -0.0173024
v -0.03100809 0.1121425 -0.01770153
v 0.03341341 0.1050517 -0.0112567
v -0.04412141 0.1151468 -0.01583779
v -0.05074546 0.1160201 -0.01537838
v -0.03148403 0.121451 -0.007773071
v -0.05275076 0.1268393 -0.005359622
v -0.05076706 0.1269351 -0.005203082
v -0.0486119 0.1270335 -0.005207231
v -0.04388902 0.1269267 -0.005146785
v -0.04210611 0.1272001 -0.003447969
v -0.03971376 0.1266971 -0.003594049
v -0.001559971 0.09459971 -0.03296592
v -0.02661966 0.1240101 -0.001272267
v -0.02463457 0.1247351 -0.0003573748
v -0.01275153 0.1266178 -0.003125725
v -0.003461894 0.1278283 -0.004437744
v -1.082511e-05 0.1271946 -0.004925351
v 0.003233676 0.1273089 -0.005122206
v 0.005970562 0.1273756 -0.005212353
v 0.0129314 0.1256052 -0.005107548
v 0.01570008 0.1251226 -0.003943438
v 0.01783361 0.1252581 -0.002024239
v 0.02189226 0.1235429 -0.001092788
v 0.01490772 0.09148418 -0.02774812
v 0.02211754 0.08759617 -0.02479126
v 0.05305804 0.06526712 -0.0004652176
v 0.05084179 0.06562774 -0.000945168
v -0.01537393 0.09371354 -0.03443957
v -0.01746419 0.09407573 -0.03381193
v 0.02400208 0.1019285 -0.0189164
v -0.01843877 0.1151062 -0.01700843
v -0.0382051 0.03746537 -0.02915137
v 0.01247521 0.09473643 -0.0266761
v -0.0004522961 0.1243885 -0.008728862
v -0.04089637 0.1228614 -0.01078842
v 0.004485432 0.1204658 -0.01383769
v -0.03044209 0.1187692 -0.01164198
v -0.04213864 0.1130649 -0.016626
v 0.01873023 0.09414376 -0.02388632
v 0.03976725 0.1015155 -0.004091171
v -0.05489916 0.1190665 -0.01241859
v -0.02236806 0.1191235 -0.01204242
v 0.03666822 0.1040643 -0.007744075
v -0.05482612 0.1267873 -0.005830794
v -0.04582431 0.1267808 -0.005993403
v -0.04152952 0.1262001 -0.006089853
v -0.0373629 0.126068 -0.003933327
v -0.03555872 0.1253622 -0.003916697
v -0.03365285 0.1241602 -0.004259561
v -0.03141908 0.124174 -0.00200465
v 0.0001009122 0.1179195 -0.01603252
v -0.02236758 0.1244525 -0.002618737
v -0.02009243 0.1247574 -0.003015119
v -0.01719905 0.1247449 -0.004089317
v -0.01433704 0.1252164 -0.00458521
v -0.01243571 0.1248904 -0.006443406
v -0.01024205 0.1259314 -0.006252772
v -0.007653871 0.1263152 -0.006926499
v -0.005077551 0.1271408 -0.005856226
v 0.0001409617 0.1260313 -0.006694866
v 0.002316326 0.1261208 -0.006829195
v 0.007098686 0.1265933 -0.006415388
v 0.01071029 0.1268711 -0.004404424
v -0.0001415376 0.03481627 -0.02352978
v -0.002579068 0.03480587 -0.02381128
v -0.005620183 0.03535966 -0.02460341
v -0.03934903 0.09784313 -0.02210889
v -0.04024796 0.09936823 -0.02169513
v -0.01317944 0.03481644 -0.02567439
v -0.01499163 0.03622366 -0.02654021
v -0.04657135 0.09758092 -0.02190014
v -0.02290173 0.03514799 -0.02844528
v -0.0482376 0.09788373 -0.02204998
v 0.0129936 0.03519907 -0.02031931
v 0.00859658 0.03686836 -0.0233782
v 0.006763209 0.03606493 -0.02325542
v 0.003273038 0.03528524 -0.02353062
v 0.001713703 0.03560199 -0.02402277
v -2.802216e-05 0.03621942 -0.02454589
v -0.001597445 0.03690194 -0.02490241
v -0.004117249 0.03539945 -0.02449807
v -0.05187977 0.09617143 -0.02215797
v -0.01263335 0.03699437 -0.0260479
v -0.04978543 0.09785174 -0.02214305
v -0.05192574 0.09855219 -0.02205579
v -0.0190562 0.03764192 -0.02788774
v -0.02111295 0.03719893 -0.02832099
v -0.02329492 0.03748429 -0.02879446
v -0.01318795 0.1694083 -0.02363073
v -0.01949673 0.1707285 -0.02109464
v -0.03241148 0.1707855 -0.01584091
v -0.05536792 0.09772636 -0.02121788
v -0.05791228 0.09766604 -0.02034593
v -0.04758143 0.153182 -0.005870754
v -0.0598115 0.09870138 -0.01887834
v 0.0100401 0.03845838 -0.02314865
v 0.005912725 0.037582 -0.02396226
v 0.003741338 0.03805089 -0.0243846
v 0.0009111808 0.03764162 -0.0247881
v -0.003589443 0.03766229 -0.02519593
v -0.06177693 0.09748699 -0.01807859
v -0.02510013 0.03860226 -0.0290753
v -0.07886999 0.1222092 -0.006093337
v -0.06422046 0.0982558 -0.01722033
v -0.06785778 0.09805456 -0.01598283
v -0.07034935 0.09871997 -0.01514011
v -0.05429858 0.09667938 -0.02176799
v -0.07284951 0.09793144 -0.01432099
v -0.02778627 0.1757388 -0.01773563
v -0.07537685 0.09782724 -0.01288997
v 0.006599341 0.1120929 -0.0197744
v -0.05289505 0.105568 -0.01917528
v -0.06150083 0.112931 -0.01430026
v -0.06453838 0.03566721 -0.007879762
v -0.06695635 0.03551084 -0.006817791
v -0.0695852 0.03599519 -0.004150379
v 0.02447983 0.03632288 -0.0004588546
v 0.02305396 0.03682118 -0.001951994
v -0.04965293 0.1583537 -0.005871433
v -0.07288828 0.1215966 -0.008259488
v 0.01375483 0.03783978 -0.02184725
v 0.01292988 0.03965489 -0.0226517
v 0.008220391 0.03985134 -0.0233915
v 0.002903152 0.03977059 -0.02441626
v 0.0007833798 0.03965553 -0.02482781
v -0.002097862 0.03912012 -0.02528124
v -0.006092641 0.03841878 -0.02557591
v -0.008134334 0.03843147 -0.02576864
v -0.01010339 0.03844651 -0.0259777
v -0.01455914 0.03993606 -0.02708484
v -0.01676257 0.03858177 -0.02742591
v -0.02210516 0.03988229 -0.02882168
v -0.05455244 0.154642 -0.002406759
v -0.07141148 0.1086465 -0.01073088
v -0.0328183 0.03908626 -0.03032149
v -0.07054607 0.1141492 -0.008647606
v -0.03813073 0.03933689 -0.0287408
v -0.07538271 0.1362937 -0.006410108
v -0.0479087 0.03650547 -0.01261717
v -0.08133457 0.1147404 -0.002512146
v -0.05986374 0.03636327 -0.009534842
v -0.07695479 0.1310559 -0.006698209
v -0.06550555 0.03701854 -0.00730344
v -0.06802344 0.03686821 -0.00587803
v 0.0309773 0.03795359 -0.0006254539
v 0.0279777 0.03815462 -0.001842755
v 0.0253301 0.03834202 -0.002839331
v 0.02339111 0.03881789 -0.004486516
v 0.01630383 0.03996749 -0.02146071
v 0.01089738 0.0411351 -0.02353962
v 0.005609366 0.03978579 -0.02389131
v -0.004237924 0.03964753 -0.02559146
v -0.006094303 0.04140112 -0.02576043
v -0.008325899 0.04139857 -0.02593255
v -0.01116682 0.04016579 -0.02633321
v -0.01816647 0.04044879 -0.02807912
v -0.02001664 0.04154022 -0.02857622
v -0.02718045 0.04034979 -0.02940632
v -0.03081853 0.0415713 -0.02991707
v -0.03306762 0.04088305 -0.02999689
v -0.03713915 0.04073228 -0.02875547
v -0.07425744 0.06893142 0.02560435
v -0.07945494 0.07020242 0.01296895
v -0.04867266 0.03961563 -0.01170413
v -0.05258573 0.03861561 -0.01143065
v -0.05544026 0.03864853 -0.01050149
v -0.05750193 0.03792073 -0.009950057
v -0.05953643 0.03960521 -0.008661637
v -0.06508711 0.03940787 -0.006703233
v -0.06753922 0.0382929 -0.005778188
v -0.01975516 0.1080548 -0.02183071
v 0.03760946 0.03908929 0.001303583
v 0.03554951 0.03986201 -0.001425956
v 0.03293173 0.04065157 -0.002997897
v 0.03038653 0.04071528 -0.00349867
v 0.02840805 0.04036794 -0.003729658
v 0.0258927 0.04007107 -0.004438947
v -0.05187112 0.1510437 -0.003492694
v 0.0164752 0.04174247 -0.02247989
v 0.01341199 0.04188568 -0.02360921
v 0.007882513 0.04193542 -0.02388262
v 0.004899905 0.04190167 -0.02408103
v 0.003429041 0.04263718 -0.02440509
v 0.0004016355 0.04195183 -0.02466357
v -0.0008058351 0.04093213 -0.02498806
v -0.003080564 0.04137671 -0.02535701
v -0.01286468 0.04118301 -0.02662023
v -0.01810764 0.04290662 -0.02788602
v -0.02253748 0.04232742 -0.02885573
v -0.02473247 0.04141044 -0.02912677
v -0.06009386 0.1060154 -0.01769919
v 0.01383394 0.1005632 -0.02273119
v 0.01282378 0.100464 -0.02270645
v -0.02017886 0.1726802 -0.02178195
v -0.05060342 0.03928329 -0.01146332
v -0.05205229 0.04034651 -0.01100451
v -0.05655155 0.04015409 -0.009453971
v -0.06154728 0.04112584 -0.007244599
v -0.06351073 0.03923619 -0.007417048
v -0.06704705 0.04002761 -0.00520231
v -0.06949843 0.03852755 -0.001331541
v -0.06891416 0.1094319 -0.01167362
v -0.06241085 0.1061244 -0.01681739
v 0.03752329 0.04108167 -0.00201113
v 0.03540346 0.04224144 -0.003668046
v 0.02826697 0.04261537 -0.005347857
v 0.003788275 0.1116343 -0.02023015
v -0.06216611 0.03483533 0.02090072
v -0.06492242 0.1049725 -0.01590555
v 0.01875871 0.04301506 -0.02202254
v 0.0168882 0.04403959 -0.02331108
v 0.01439544 0.04337084 -0.02404416
v 0.009883442 0.04331213 -0.02466883
v 0.005917287 0.0441237 -0.02495917
v 0.001480054 0.0434237 -0.02493002
v -0.002114975 0.04339349 -0.02533375
v -0.004975315 0.04306652 -0.02574416
v -0.007129013 0.04340978 -0.02611043
v -0.01001831 0.0430818 -0.02613166
v -0.01252262 0.04354202 -0.02647185
v -0.01422952 0.04263755 -0.02682856
v -0.0161817 0.04279831 -0.02735045
v -0.02634932 0.04317794 -0.0289702
v 0.005186038 0.1093425 -0.02023077
v -0.06786249 0.1158769 -0.009047458
v -0.07543989 0.1077448 -0.008664644
v -0.04007457 0.1577008 -0.0106963
v -0.04910458 0.04167208 -0.01112219
v -0.05156754 0.04172837 -0.01051623
v -0.05405464 0.04097409 -0.01004571
v -0.05405998 0.04266122 -0.009057085
v -0.05711627 0.04221201 -0.008135965
v -0.08415248 0.1110012 0.04173076
v -0.06761829 0.04131117 -0.001550124
v -0.06548942 0.1333197 -0.008252006
v -0.02917171 0.1734129 -0.01732376
v -0.06041244 0.09677359 -0.01898262
v 0.03997837 0.04252761 -0.002054119
v 0.03885098 0.04374355 -0.003787749
v 0.03691194 0.04301102 -0.003859681
v 0.03300491 0.04339908 -0.004816076
v 0.03039122 0.04388625 -0.005594186
v -0.06474117 0.03530819 0.02503622
v 0.01911471 0.04452686 -0.02221716
v 0.0158904 0.04552549 -0.02401537
v 0.01438037 0.0456014 -0.02461568
v 0.01240011 0.04414188 -0.02479653
v 0.01012095 0.04548203 -0.02527438
v 0.007344203 0.04417219 -0.02485472
v 0.004378679 0.04485644 -0.02577607
v 0.001323395 0.04497735 -0.02636905
v -0.00160455 0.04498285 -0.02691909
v -0.004615484 0.04518187 -0.02830085
v -0.00713003 0.04583249 -0.02927653
v -0.009102032 0.04587583 -0.02916786
v -0.01162244 0.04509588 -0.02806794
v -0.01386926 0.04604786 -0.02898415
v -0.0156133 0.04502833 -0.02791568
v -0.01920207 0.04466573 -0.0278271
v -0.02162949 0.04440241 -0.02822789
v -0.0233956 0.0442676 -0.02842
v -0.02875167 0.04428616 -0.02862044
v -0.06990369 0.1051466 -0.01305586
v -0.0465756 0.1546722 -0.007045899
v -0.0114593 0.1693037 -0.02449883
v -0.06443286 0.06080065 0.02023984
v -0.07537117 0.114564 0.05073994
v -0.09048606 0.1154039 0.04230912
v -0.01585651 0.1717198 -0.02359259
v -0.04810289 0.04391523 -0.01054302
v -0.05055703 0.04316055 -0.01016308
v -0.02735985 0.1008589 -0.02359007
v -0.08290987 0.1228525 -0.004192993
v -0.02326411 0.1757062 -0.02074679
v -0.03702002 0.09835236 -0.02237187
v 0.04490744 0.04407863 0.0004758145
v 0.03888762 0.04528365 -0.004667671
v 0.03689774 0.04454902 -0.00479681
v 0.02650134 0.04392368 -0.006854353
v -0.03785301 0.1007249 -0.02179926
v 0.01786288 0.04616737 -0.02306843
v 0.01237735 0.04631662 -0.02518577
v 0.007872185 0.04633862 -0.02590397
v 0.006041722 0.0475641 -0.0275823
v 0.004383753 0.04652213 -0.02759752
v 0.001369537 0.04659899 -0.02848808
v -0.002164268 0.04740751 -0.02960256
v -0.004661234 0.04745076 -0.03002133
v -0.01163973 0.04665159 -0.02957579
v -0.01764613 0.04730661 -0.02914945
v -0.01945645 0.0474031 -0.02872724
v -0.02162697 0.04643417 -0.02771676
v -0.02473169 0.04566702 -0.02771813
v -0.02675795 0.04561889 -0.02762839
v -0.0420519 0.09971163 -0.0214467
v -0.05338866 0.03716625 0.04686512
v -0.01204774 0.1717071 -0.02619978
v -0.04557661 0.04472557 -0.01101304
v -0.0454307 0.09970969 -0.02157673
v -0.04836146 0.1000329 -0.02183834
v -0.03786647 0.1688615 -0.01286167
v -0.05107435 0.1006329 -0.02172301
v -0.07683062 0.06827793 0.01244645
v -0.05271772 0.1568009 -0.003638464
v -0.01983803 0.1780232 -0.02306319
v -0.03856082 0.1646076 -0.01293078
v 0.04340373 0.04603058 -0.003476609
v 0.04085987 0.04527434 -0.003956264
v 0.03738218 0.04650392 -0.005725301
v 0.03489003 0.04539229 -0.005718117
v 0.03237963 0.04538346 -0.005896969
v 0.02816614 0.04515931 -0.006826786
v -0.05388151 0.09990762 -0.02142025
v -0.05623042 0.100777 -0.01987812
v -0.05781706 0.1004496 -0.0192703
v 0.02288755 0.04744135 -0.01983355
v 0.021402 0.047392 -0.020635
v 0.01936 0.04722956 -0.021925
v 0.01588633 0.04770295 -0.02436471
v 0.01390488 0.04775564 -0.02556893
v 0.01187376 0.047939 -0.0266326
v 0.009871967 0.0479446 -0.02709589
v 0.007378628 0.04873682 -0.02782468
v 0.002360002 0.04815729 -0.02950398
v -0.000320061 0.04763225 -0.02970183
v -0.006597653 0.04884639 -0.03055819
v -0.01373844 0.04799342 -0.03026797
v -0.0161343 0.04734546 -0.02952601
v -0.02503351 0.04789067 -0.02656894
v -0.02820747 0.04712438 -0.02610573
v -0.05702313 0.1120126 -0.01657466
v -0.07351186 0.1384518 -0.006863504
v -0.04876253 0.1607279 -0.006325346
v -0.04113131 0.1606631 -0.01123394
v -0.02876047 0.1712749 -0.01776505
v -0.0470641 0.04683287 -0.009923279
v -0.04924123 0.04557952 -0.009586479
v -0.05155028 0.04524799 -0.008639169
v -0.05321189 0.0449069 -0.00795913
v -0.0852253 0.11726 -0.0006160747
v -0.07809201 0.1242845 -0.00669622
v -0.06093555 0.09965174 -0.01852899
v -0.06035501 0.06427098 0.03080248
v -0.01969495 0.1749323 -0.02278289
v -0.06335383 0.09962365 -0.0177609
v 0.04698746 0.04635848 -0.001222446
v 0.044353 0.04823585 -0.004929345
v 0.04138552 0.04752711 -0.005161746
v 0.03933755 0.04835742 -0.006058038
v 0.03590237 0.04837069 -0.006387414
v 0.03351046 0.04762509 -0.006206789
v -0.06558424 0.100069 -0.01669062
v 0.02287639 0.04974343 -0.02229602
v 0.02040954 0.04903274 -0.02274591
v 0.01791312 0.04846746 -0.02342953
v 0.01534909 0.05005754 -0.02632154
v 0.01187051 0.04942373 -0.02761544
v 0.009373685 0.04949406 -0.0282395
v 0.004853308 0.04876557 -0.02880156
v 0.003841033 0.04962441 -0.02953091
v 0.0009451707 0.05040143 -0.03054621
v -0.001666 0.04958628 -0.03071626
v -0.008343676 0.04910949 -0.0307438
v -0.009682563 0.04895471 -0.03074254
v -0.0113832 0.04911281 -0.03078955
v -0.01466787 0.04948915 -0.03106254
v -0.01716573 0.04954875 -0.03049908
v -0.01966001 0.04949634 -0.02971924
v -0.02215795 0.04862845 -0.02816646
v -0.02826585 0.04910746 -0.02393667
v -0.07637076 0.1215433 -0.007281138
v -0.01980337 0.1672647 -0.0191071
v -0.03635823 0.1064796 -0.02028142
v -0.05809375 0.05950925 0.0003070404
v -0.04356367 0.04705962 -0.01109644
v -0.04496192 0.04794678 -0.01043751
v -0.04767496 0.04874746 -0.009420411
v -0.05056825 0.04705971 -0.008567079
v -0.0401092 0.1562569 -0.009867658
v -0.03709702 0.1607078 -0.0130161
v -0.07295789 0.1340276 -0.007736502
v -0.0116521 0.175652 -0.02867572
v -0.0316116 0.1637438 -0.01517077
v -0.07235945 0.09937342 -0.01400213
v 0.03789455 0.04982124 -0.006505538
v 0.03374985 0.04993419 -0.006620903
v 0.03187083 0.04927493 -0.007117216
v -0.07670337 0.09901868 -0.01119094
v 0.02138274 0.05131538 -0.0244693
v 0.01939094 0.05064223 -0.02481584
v 0.01685429 0.04996695 -0.02507536
v 0.01401895 0.0498481 -0.02705564
v 0.013376 0.050865 -0.027503
v 0.01185673 0.05091989 -0.02803791
v 0.007776281 0.0509069 -0.02907377
v 0.004933639 0.05181011 -0.02949908
v 0.002674069 0.0505843 -0.03010177
v -0.002678718 0.05185676 -0.03126139
v -0.004097784 0.05049588 -0.03106603
v -0.006152967 0.0511476 -0.03159301
v -0.008151952 0.05116171 -0.03184638
v -0.01118529 0.0510259 -0.03189531
v -0.0174836 0.05195462 -0.03170973
v -0.02118593 0.05164703 -0.02976843
v -0.02266293 0.051565 -0.02886622
v -0.02416165 0.0500048 -0.0274573
v -0.02610212 0.04995785 -0.02604263
v -0.03478137 0.04966244 -0.01285633
v -0.03676762 0.04875905 -0.01320261
v -0.03748757 0.04995864 -0.01126044
v -0.04237695 0.04885503 -0.01107335
v -0.05323143 0.04778956 -0.006791616
v -0.07032712 0.1255756 -0.008845948
v -0.05919148 0.1250476 -0.007885841
v -0.04725014 0.1592455 -0.007571843
v -0.06636299 0.1793346 -0.05993173
v -0.04223432 0.1630921 -0.01073538
v 0.04782992 0.05109013 -0.00443554
v 0.04534438 0.05045748 -0.005377281
v 0.04287105 0.04982227 -0.006168292
v 0.04134751 0.04984573 -0.006508198
v 0.03586566 0.0504574 -0.006641617
v -0.04905062 0.155366 -0.006092837
v 0.0233764 0.05218729 -0.02331181
v 0.01738779 0.05223475 -0.02673549
v 0.01485229 0.05227395 -0.02731887
v 0.01286575 0.05232786 -0.02813216
v 0.01070536 0.0519258 -0.02884801
v 0.006826117 0.05313019 -0.03015775
v -0.0004556094 0.05280349 -0.03073174
v -0.007654303 0.05268798 -0.03283266
v -0.010156 0.05264775 -0.03322366
v -0.0123193 0.0531444 -0.03318878
v -0.01417982 0.05187707 -0.03214627
v -0.01599307 0.05293197 -0.03262548
v -0.01968579 0.05171954 -0.0306583
v -0.02619166 0.05257361 -0.02659606
v -0.01761939 0.1768713 -0.02464197
v -0.03308944 0.05063369 -0.01111153
v -0.03507836 0.05056749 -0.0108434
v -0.03911577 0.05138066 -0.01088166
v -0.04732956 0.05076229 -0.009369653
v -0.04999867 0.04970224 -0.008499303
v -0.05189549 0.04971694 -0.007310524
v -0.0255371 0.1794945 -0.01806009
v -0.01769754 0.1734506 -0.02342137
v -0.0424421 0.1064459 -0.02037006
v 0.04568169 0.05245074 -0.005859342
v 0.04408729 0.05289434 -0.006485379
v 0.0422884 0.05192623 -0.006798211
v 0.03987762 0.05116968 -0.006767621
v 0.03788357 0.05195168 -0.006685911
v -0.06629706 0.1643953 -0.05842069
v -0.05607727 0.06772288 0.03706387
v 0.01986755 0.05293416 -0.02653644
v 0.01181829 0.05456764 -0.02944298
v 0.009356282 0.05292268 -0.02972267
v 0.009138061 0.05477529 -0.03029668
v 0.004168155 0.05373643 -0.03012072
v 0.001734827 0.05320912 -0.03037246
v -0.004674578 0.05333495 -0.03222937
v -0.006330697 0.05458071 -0.03285526
v -0.008166484 0.05413117 -0.03329302
v -0.01012012 0.05413302 -0.03366726
v -0.01207536 0.05504307 -0.03383012
v -0.01867873 0.0539923 -0.03212409
v -0.02119177 0.05456411 -0.03101421
v -0.02362007 0.05505274 -0.02966723
v -0.02459808 0.05318413 -0.02808972
v -0.0227019 0.1779003 -0.02093621
v -0.01438105 0.1741979 -0.02604073
v -0.0752963 0.1344813 -0.006965593
v -0.03298721 0.05273243 -0.01036481
v -0.0352357 0.05265801 -0.01026553
v -0.04111888 0.05121805 -0.01106814
v -0.04310196 0.05127948 -0.01087549
v -0.04511049 0.05122789 -0.01039675
v -0.05012092 0.05172854 -0.008336273
v -0.05153876 0.05227893 -0.007441526
v -0.0724169 0.1260178 -0.008662711
v -0.03758688 0.1584903 -0.01174638
v -0.08187508 0.1191895 -0.003805999
v -0.06727937 0.1187004 -0.008822499
v 0.04189103 0.05417442 -0.006646849
v 0.03989254 0.05406164 -0.006538811
v 0.03763334 0.05462797 -0.006217474
v -0.03649084 0.1095134 -0.0194447
v 0.02641518 0.05406442 -0.02079553
v -0.06887289 0.09621244 -0.0161871
v -0.07028899 0.1229854 -0.008723647
v 0.02367604 0.05561078 -0.02481419
v 0.02183987 0.05433541 -0.02617312
v 0.01993585 0.05586257 -0.0273825
v 0.0173543 0.0544632 -0.02807542
v 0.01435002 0.05452563 -0.02857976
v 0.00682093 0.05600198 -0.0307378
v 0.004259426 0.05548183 -0.03069459
v -0.001117899 0.05483955 -0.03154868
v -0.004170438 0.05551874 -0.0327122
v -0.01397706 0.05467856 -0.03354743
v -0.01462507 0.05634417 -0.03434064
v -0.01669269 0.0554295 -0.03359604
v -0.07190046 0.1230822 -0.008442066
v -0.02913607 0.167096 -0.01697347
v -0.02023436 0.03583913 0.05283105
v -0.03771315 0.05276272 -0.01060653
v -0.04222516 0.05336467 -0.01117142
v -0.04412062 0.05342858 -0.010948
v -0.04810387 0.05252619 -0.009330408
v -0.05256553 0.05433157 -0.007201445
v -0.06243122 0.1653756 -0.06011011
v -0.01293077 0.1746824 -0.02738424
v -0.05187376 0.1593733 -0.003876565
v 0.05084113 0.05387247 -0.003625779
v 0.04816953 0.05379562 -0.005113937
v 0.04486574 0.0544944 -0.006247255
v -0.07637472 0.1055833 -0.008930442
v -0.07061739 0.1524143 -0.04631742
v -0.007539612 0.03512637 -0.02469029
v -0.07872002 0.1047613 -0.007261488
v 0.02178526 0.05643563 -0.02650186
v 0.01874346 0.05755449 -0.02769195
v 0.01683576 0.05663998 -0.0285157
v 0.0137012 0.05731721 -0.02917207
v 0.01079134 0.05677705 -0.02987621
v 0.004333432 0.05688806 -0.03110796
v 0.00182213 0.056084 -0.0317783
v -0.0001186331 0.05691443 -0.03220918
v -0.002002734 0.05595088 -0.0322776
v -0.003676085 0.05692827 -0.03289609
v -0.005615112 0.05627118 -0.03299013
v -0.007691738 0.05629473 -0.0333665
v -0.009176468 0.05736261 -0.03381811
v -0.01041738 0.0570168 -0.03401145
v -0.0136801 0.05777167 -0.03495512
v -0.01676957 0.05697847 -0.0343624
v -0.0191917 0.05618585 -0.03303144
v -0.02355104 0.05691139 -0.03081866
v -0.07094789 0.095888 -0.01569627
v -0.07246394 0.1362312 -0.007430556
v -0.05963837 0.1381413 -0.006122403
v -0.0305061 0.1687236 -0.01691854
v -0.03912188 0.05415789 -0.01093926
v -0.03984292 0.0557413 -0.01120902
v -0.04612314 0.0540896 -0.01050878
v -0.04813015 0.0547803 -0.0102022
v -0.05011853 0.05391851 -0.008875816
v -0.0565536 0.1457062 -0.001646873
v -0.06397428 0.0736772 0.03949595
v 0.05215917 0.05640738 -0.003402785
v 0.04987947 0.05685029 -0.004803779
v 0.04670165 0.05620332 -0.005765462
v 0.04330415 0.05620908 -0.005962823
v 0.03863441 0.05697759 -0.005468251
v -0.04409049 0.1065902 -0.020132
v -0.07576573 0.0962022 -0.01309954
v 0.02290772 0.05844936 -0.02584599
v 0.02022653 0.05871349 -0.0269679
v 0.01572459 0.05877784 -0.02852637
v 0.01090397 0.05933971 -0.02973062
v 0.00892544 0.05750074 -0.03035307
v 0.004889371 0.0582668 -0.03108208
v 0.002816496 0.05833515 -0.03229494
v -0.0001848455 0.05832538 -0.03274875
v -0.007075401 0.05848547 -0.03391294
v -0.01217859 0.05775324 -0.03456551
v -0.01921172 0.05837583 -0.03411088
v -0.02120634 0.05754559 -0.03267505
v -0.02340881 0.05897281 -0.03203912
v -0.05223594 0.1446379 -0.0005434073
v -0.04554944 0.1061088 -0.02003162
v -0.04444538 0.1586324 -0.009237773
v -0.07571052 0.1109035 0.04553579
v -0.03308562 0.05554943 -0.01092337
v -0.03503919 0.05564373 -0.01056417
v -0.03663485 0.05484577 -0.01073636
v -0.04214782 0.05552476 -0.01143832
v -0.04413048 0.05560294 -0.01130296
v -0.04661767 0.0562781 -0.01101554
v -0.05110611 0.05606223 -0.008789808
v -0.04008821 0.1591688 -0.01128018
v -0.08370067 0.1274663 -0.004142663
v 0.04567676 0.05825369 -0.005314232
v 0.04413685 0.05825228 -0.00516683
v 0.04119994 0.05682165 -0.005522698
v -0.04728507 0.106339 -0.01961434
v 0.02125701 0.06002305 -0.02637619
v 0.01758281 0.0589096 -0.02782064
v 0.01323634 0.06019716 -0.02904329
v 0.006851537 0.05899454 -0.03057429
v 0.004580138 0.06004465 -0.03154878
v 0.001820951 0.06050148 -0.03315151
v -0.003193081 0.05910773 -0.03361886
v -0.005708399 0.05907144 -0.03427712
v -0.007697501 0.06061845 -0.03490814
v -0.009770437 0.05988223 -0.03460713
v -0.01276244 0.05991178 -0.03568703
v -0.01518946 0.05914443 -0.03562162
v -0.01737051 0.05895533 -0.03516812
v -0.01920993 0.0605936 -0.03513116
v -0.02171242 0.06045504 -0.03379148
v -0.03465315 0.09776992 -0.02288663
v -0.06855892 0.1237844 -0.00888213
v -0.0635022 0.1333239 -0.007865831
v -0.02525926 0.1622483 -0.01504629
v -0.03312249 0.05776539 -0.01161318
v -0.03516432 0.05854293 -0.01130792
v -0.03730785 0.05725973 -0.01113408
v -0.0391455 0.05856593 -0.01141247
v -0.04167442 0.05769168 -0.01173132
v -0.04509092 0.05773875 -0.01177848
v -0.04764006 0.05847351 -0.01156036
v -0.04896124 0.05668006 -0.01040653
v -0.05062575 0.05830055 -0.009830438
v -0.06640152 0.1087861 -0.01320552
v -0.04806416 0.0673292 0.03873817
v 0.05177667 0.05907258 -0.003837072
v -0.08479484 0.1252278 -0.003319193
v -0.08349275 0.1104238 0.03506024
v 0.03976355 0.05876827 -0.004692243
v -0.03059036 0.1734105 -0.01641873
v -0.04458482 0.1546782 -0.007698781
v -0.06634348 0.1733218 -0.05922702
v -0.0806636 0.125655 -0.005388401
v -0.01062143 0.1067795 -0.02250637
v 0.02334665 0.06060813 -0.02535273
v 0.01986372 0.06079925 -0.02691218
v 0.01782664 0.0608034 -0.02764493
v 0.009074849 0.06036346 -0.03018792
v 0.006508462 0.06186854 -0.0312866
v 0.003798686 0.06186176 -0.032494
v -0.0005008031 0.06037651 -0.03354122
v -0.001658692 0.06207084 -0.03438729
v -0.003700303 0.06081413 -0.03452659
v -0.00563061 0.06133143 -0.03511764
v -0.009716399 0.06145036 -0.03529242
v -0.01170943 0.06210635 -0.03615272
v -0.01420297 0.06134043 -0.03633062
v -0.01671182 0.06101722 -0.035891
v -0.033123 0.05976038 -0.01264502
v -0.04159645 0.05922422 -0.01206208
v -0.0437529 0.05860574 -0.01208031
v -0.04513999 0.0591516 -0.01216554
v -0.04664866 0.05994496 -0.01219383
v -0.05062174 0.06000677 -0.01044154
v -0.05422825 0.0591859 -0.007239335
v -0.06212952 0.1105191 -0.01520221
v -0.01570292 0.1734313 -0.02468356
v -0.04926746 0.1078217 -0.01914531
v -0.02150511 0.1020844 -0.02376577
v -0.07925273 0.07008679 0.0116025
v -0.02338235 0.1024318 -0.02381158
v -0.0637451 0.1126058 -0.01331862
v -0.02521396 0.1020844 -0.02373139
v -0.03135957 0.1007863 -0.02266544
v -0.07651548 0.1413094 -0.005717988
v -0.06474099 0.171781 -0.06069126
v -0.03363594 0.160773 -0.01363899
v -0.03336087 0.1007707 -0.02242731
v 0.01980471 0.0621921 -0.02723868
v 0.01830568 0.06295912 -0.02808692
v 0.01582021 0.06157813 -0.02869086
v 0.01279126 0.06235281 -0.02985048
v 0.009328456 0.06245336 -0.03104567
v 0.001810228 0.06268344 -0.03376061
v -0.000107452 0.06341693 -0.03420416
v -0.006868954 0.06308183 -0.03557317
v -0.01358051 0.06303995 -0.03679265
v -0.0192381 0.06276425 -0.03584895
v -0.02316347 0.1700941 -0.01971528
v -0.03467147 0.06144351 -0.0128527
v -0.03658646 0.06002205 -0.01193332
v -0.0416796 0.06071377 -0.01240747
v -0.04416867 0.06065913 -0.01277157
v -0.04618582 0.06140695 -0.01270179
v -0.04865858 0.06061179 -0.01180416
v -0.05314654 0.06032471 -0.008823597
v -0.0550893 0.06158662 -0.006604603
v -0.04277314 0.1015629 -0.02139738
v -0.05088154 0.1077109 -0.01909445
v -0.05238622 0.1076986 -0.01891977
v -0.04493777 0.1027401 -0.02128302
v -0.06081367 0.1331668 -0.007277014
v -0.07344336 0.1325614 -0.007740116
v -0.04690387 0.1021217 -0.02140597
v -0.0552526 0.1290091 -0.005672616
v -0.07745783 0.1325066 -0.006256254
v -0.05438548 0.1076661 -0.01852835
v -0.06241204 0.1082312 -0.01593853
v 0.02282502 0.06417534 -0.02561007
v 0.02082417 0.06430288 -0.02719346
v 0.01630795 0.06375429 -0.02918002
v 0.01379884 0.06452508 -0.03009621
v 0.01129465 0.06388899 -0.03086843
v 0.008301227 0.06393535 -0.03185032
v 0.006376507 0.06477561 -0.03248661
v 0.004386066 0.06484067 -0.03324398
v 0.002382137 0.06489104 -0.03397349
v -0.003956298 0.06314099 -0.03512938
v -0.008842888 0.06386681 -0.03572142
v -0.01019992 0.06503282 -0.03605498
v -0.01570884 0.06356106 -0.03693679
v -0.01824502 0.06349806 -0.03621753
v -0.02152799 0.06265177 -0.03480678
v -0.06549511 0.1347878 -0.008143026
v -0.05389301 0.1013276 -0.02092824
v -0.03343524 0.0623372 -0.01387873
v -0.03697497 0.06184806 -0.0128505
v -0.03916576 0.06148611 -0.0123633
v -0.0440647 0.06291352 -0.01346025
v -0.04616082 0.06291177 -0.01334067
v -0.04816034 0.06206719 -0.01230308
v -0.05114981 0.06191776 -0.01062761
v -0.05329315 0.06225616 -0.009287938
v -0.05881844 0.06125672 -0.00312871
v -0.06190637 0.06133475 -0.002258148
v -0.05554821 0.1059769 -0.01846454
v -0.05848984 0.1074363 -0.01764051
v -0.05690796 0.1312252 -0.006105564
v -0.07240695 0.1128673 -0.00824589
v -0.06351677 0.1240426 -0.008823449
v -0.0798383 0.1199954 -0.005229729
v -0.06087255 0.1011379 -0.01862628
v -0.07916631 0.1129506 0.04657511
v -0.06335678 0.1010932 -0.01800043
v -0.0783528 0.1200402 -0.006285563
v -0.0739659 0.1362059 -0.006991258
v 0.0245543 0.0665314 -0.02396634
v 0.01879977 0.06511899 -0.02838757
v 0.01729017 0.06587029 -0.02902489
v 0.01579282 0.06591068 -0.02966592
v 0.01228914 0.065964 -0.0305454
v 0.01083171 0.06526254 -0.03104266
v 0.009029453 0.06585551 -0.03171741
v 9.588421e-05 0.0661305 -0.03434675
v -0.002776507 0.06480151 -0.03472509
v -0.004816349 0.066184 -0.03492878
v -0.006717062 0.06490247 -0.03545518
v -0.01205217 0.06520756 -0.03664905
v -0.014231 0.06493789 -0.03731978
v -0.01722725 0.06500817 -0.03723484
v -0.01974722 0.06639229 -0.03720255
v -0.02126961 0.06485479 -0.03583709
v -0.02323489 0.0647461 -0.03452992
v -0.02497336 0.06491304 -0.03307235
v -0.06495112 0.1017538 -0.01719498
v -0.03299833 0.06320288 -0.01568709
v -0.03514444 0.06453736 -0.01428722
v -0.03718858 0.06432375 -0.01406729
v -0.03989931 0.06339097 -0.01340962
v -0.04219518 0.06285817 -0.01341017
v -0.04618328 0.06436247 -0.01373751
v -0.04817337 0.06348025 -0.01266528
v -0.04997022 0.06295432 -0.0115792
v -0.05661548 0.06296173 -0.006403727
v -0.06164278 0.06285112 -0.004740002
v -0.06522473 0.06260518 -0.002847685
v -0.0673224 0.1003094 -0.01573621
v -0.06885552 0.1001746 -0.01512833
v -0.08237747 0.1206761 -0.004092295
v -0.06201537 0.1347747 -0.007244432
v -0.07567209 0.1173118 -0.00682444
v -0.08434279 0.1293723 -0.002965033
v -0.08145885 0.129472 -0.004720319
v -0.07031128 0.07628408 0.03809464
v -0.07036631 0.1008509 -0.01439839
v -0.06090847 0.1089731 -0.01631036
v -0.06440404 0.1081437 -0.01450313
v -0.07933941 0.1148463 -0.003846074
v 0.02565936 0.06513542 -0.0228594
v 0.02252251 0.06674334 -0.02664734
v 0.01882197 0.06653319 -0.02859291
v 0.01067374 0.06731689 -0.03081685
v 0.007690595 0.06758068 -0.03192093
v 0.005868236 0.06726175 -0.03256109
v 0.003693351 0.06749155 -0.033017
v 0.001866573 0.06736164 -0.03357508
v -0.002192745 0.06773917 -0.03447632
v -0.008719183 0.06702064 -0.03572562
v -0.01123063 0.06778843 -0.03660794
v -0.02380774 0.06694421 -0.03527986
v -0.07435894 0.100011 -0.01272517
v -0.03967988 0.0652332 -0.01429078
v -0.04213692 0.06515937 -0.01457252
v -0.04461257 0.06505327 -0.01439742
v -0.04819979 0.06500476 -0.01335106
v -0.05014881 0.06486589 -0.01183255
v -0.05197378 0.06380945 -0.01041271
v -0.05510164 0.06455767 -0.008535739
v -0.05913749 0.06371076 -0.006622024
v -0.06289238 0.06497113 -0.006715526
v -0.06412499 0.06333584 -0.004277722
v -0.06610808 0.06403706 -0.003956902
v -0.02575945 0.1749862 -0.01923592
v -0.02362763 0.1652818 -0.01710122
v -0.02650678 0.1706956 -0.01881396
v -0.01887218 0.1795002 -0.02391438
v -0.07582295 0.06757682 0.01504798
v -0.0430892 0.1561687 -0.008875738
v -0.05881929 0.1234686 -0.008115376
v -0.04260648 0.15765 -0.009688687
v -0.0268521 0.03537295 0.05235622
v -0.05469636 0.1517718 -0.002400949
v -0.05723898 0.06464712 0.03296356
v -0.04364701 0.1615041 -0.00981639
v -0.0293532 0.09939447 -0.02328136
v 0.02670658 0.0686288 -0.02318234
v 0.02032103 0.06721546 -0.02821346
v 0.01679607 0.06801994 -0.02957384
v 0.009158174 0.06886564 -0.03154369
v 0.000180664 0.06901419 -0.03398897
v -0.00424541 0.06915393 -0.03556558
v -0.006235211 0.06772622 -0.03565115
v -0.008735538 0.06916708 -0.03631946
v -0.01351482 0.06772065 -0.03754723
v -0.01561381 0.06747841 -0.03799184
v -0.01722965 0.0678045 -0.038087
v -0.0197659 0.06858737 -0.037926
v -0.02210239 0.06797773 -0.03688855
v -0.02570441 0.06907448 -0.03487848
v -0.04561108 0.1569009 -0.008290081
v -0.06269947 0.1364862 -0.007315751
v -0.03538858 0.1692559 -0.01444083
v -0.03079496 0.03643712 0.0517061
v -0.03625296 0.06721175 -0.0153503
v -0.04220975 0.06731103 -0.01570677
v -0.04419834 0.06735577 -0.01568611
v -0.04618834 0.06728503 -0.01516696
v -0.04819205 0.06645276 -0.01391506
v -0.04966169 0.06713791 -0.01332904
v -0.05166961 0.06636745 -0.01182919
v -0.05368395 0.0654832 -0.01010001
v -0.05740838 0.06507459 -0.008418146
v -0.05969343 0.06597246 -0.008896264
v -0.06118047 0.06520379 -0.007574918
v -0.06565998 0.06616482 -0.006195546
v -0.06682627 0.1753791 -0.05930787
v -0.07223113 0.0698816 0.03035828
v -0.03184362 0.155224 -0.008834436
v -0.0563104 0.1418902 -0.002517417
v -0.08147573 0.1316885 -0.003888892
v -0.02515095 0.1689849 -0.01871936
v -0.05802279 0.1296355 -0.006633222
v -0.03722955 0.171007 -0.01260961
v -0.06525989 0.1292015 -0.00878217
v -0.06590198 0.1130703 -0.01181413
v -0.06053325 0.1362302 -0.006692854
v -0.04706746 0.1085883 -0.018705
v -0.05426259 0.1120151 -0.01719949
v -0.06213335 0.1710297 -0.06165311
v 0.02378331 0.06917203 -0.02566981
v 0.0218541 0.06858227 -0.02733884
v 0.01928636 0.06868548 -0.02878711
v 0.01777219 0.0694293 -0.02933898
v 0.01654566 0.07030196 -0.02990135
v 0.01447938 0.06812082 -0.03062044
v 0.0128058 0.06877529 -0.03122674
v 0.01081617 0.06962639 -0.03155572
v 0.007759618 0.0696333 -0.03243691
v 0.005271604 0.06934191 -0.03326595
v -0.001767443 0.07050351 -0.03500023
v -0.006228784 0.07129794 -0.03622012
v -0.01123725 0.06998165 -0.03750594
v -0.01323711 0.07071787 -0.03817327
v -0.01526513 0.07065076 -0.03846513
v -0.02326038 0.07133456 -0.03763036
v -0.02425554 0.06909568 -0.03603202
v -0.06938357 0.1187032 -0.008550489
v -0.03919766 0.06741659 -0.01517924
v -0.04070961 0.06738077 -0.0154908
v -0.04864926 0.06865541 -0.01442358
v -0.05169984 0.06791568 -0.0130825
v -0.0551313 0.06781038 -0.01259514
v -0.05667181 0.06671243 -0.01062378
v -0.05967688 0.06760293 -0.01136334
v -0.06268819 0.06760951 -0.01027015
v -0.03649248 0.1635763 -0.01393637
v -0.05865337 0.1093629 -0.01701586
v -0.03338732 0.1720908 -0.01507395
v -0.06439193 0.1067213 -0.01504903
v -0.06639749 0.106659 -0.01405573
v -0.06790757 0.1073389 -0.01312605
v -0.05832336 0.1320722 -0.006576408
v -0.07139241 0.106503 -0.01169397
v -0.06790138 0.1108633 -0.01164044
v -0.06941552 0.1072972 -0.01237523
v 0.01980116 0.07081842 -0.0284931
v 0.01484717 0.07153729 -0.03072738
v 0.01285374 0.07168438 -0.03147987
v 0.01081097 0.0710844 -0.03216312
v 0.009245 0.071084 -0.032666
v 0.00724506 0.07114593 -0.03345298
v 0.005243323 0.07188204 -0.0342248
v 0.002751246 0.07044978 -0.03399844
v 0.0009073993 0.07169365 -0.0349567
v -0.003733242 0.0712856 -0.03570849
v -0.008680189 0.07127887 -0.03695826
v -0.01124442 0.0714222 -0.0378319
v -0.01735626 0.0707232 -0.03847617
v -0.01936579 0.07071086 -0.03835361
v -0.02126378 0.0706881 -0.03820492
v -0.02525313 0.07122972 -0.03625769
v -0.03668948 0.06963302 -0.0163736
v -0.03922912 0.07029437 -0.01657085
v -0.04172616 0.06954128 -0.01682033
v -0.0437174 0.0703111 -0.01724027
v -0.04521214 0.07023703 -0.01654681
v -0.04720042 0.07015986 -0.01548495
v -0.05127899 0.07010935 -0.01478707
v -0.05371217 0.06923817 -0.01405102
v -0.05669157 0.06936673 -0.01443691
v -0.05972174 0.06937073 -0.01428725
v -0.06218237 0.0698958 -0.01354356
v -0.06367477 0.06983793 -0.01253853
v -0.06460636 0.0683478 -0.009772081
v -0.06614151 0.06904473 -0.009583306
v -0.06765384 0.06793825 -0.006476656
v -0.08297936 0.1317132 -0.003015917
v -0.06097725 0.1267422 -0.00807077
v -0.07292875 0.128215 -0.008696171
v -0.07408346 0.1115757 0.04712341
v -0.07488409 0.1056543 -0.009925411
v -0.05119638 0.1568353 -0.004761345
v -0.05467955 0.1422171 -0.001609167
v -0.02119988 0.1652597 -0.01747054
v -0.04224962 0.1542878 -0.008161977
v 0.02478043 0.07124846 -0.02518187
v 0.02243401 0.07074406 -0.02682465
v 0.01973964 0.07286165 -0.02805147
v 0.01835286 0.0715076 -0.02907597
v 0.01066544 0.07251953 -0.03203885
v 0.00822733 0.07251313 -0.03334536
v 0.003493597 0.07296996 -0.0347316
v -0.0002623485 0.07409695 -0.03570028
v -0.008254168 0.0734967 -0.03743625
v -0.01025919 0.07351667 -0.0378191
v -0.01276534 0.07285052 -0.03837864
v -0.01526455 0.07288433 -0.0388264
v -0.01842836 0.07290699 -0.03888176
v -0.02026287 0.07277498 -0.03883825
v -0.02228569 0.07281298 -0.03842592
v -0.02475942 0.07342893 -0.03729091
v -0.02625418 0.07261265 -0.03599526
v -0.03620291 0.07105416 -0.01734326
v -0.04173805 0.07169377 -0.01771638
v -0.04921436 0.07165557 -0.01536368
v -0.05352555 0.07146716 -0.01578709
v -0.05671747 0.0707929 -0.01560377
v -0.05921258 0.07080685 -0.01548829
v -0.06616792 0.07048402 -0.011353
v -0.07104272 0.0699093 -0.006252882
v -0.06819894 0.177469 -0.0585615
v -0.07933408 0.07006595 0.01444472
v -0.05349432 0.07061715 0.03911616
v -0.02638438 0.1775853 -0.01827062
v 0.006881984 0.1032317 -0.02114882
v -0.07697559 0.1067121 -0.007934011
v -0.06307999 0.1758397 -0.06143445
v -0.07205327 0.06410345 0.01881671
v -0.06103138 0.1305542 -0.007693657
v -0.07545597 0.1094712 -0.007839449
v -0.02128871 0.1776646 -0.02200053
v -0.07441498 0.1259897 -0.008242543
v 0.02682969 0.07197504 -0.02390022
v 0.02578003 0.07334026 -0.02482074
v 0.02384902 0.0740247 -0.02595746
v 0.02178771 0.07269054 -0.02702789
v 0.01761253 0.07314367 -0.0290394
v 0.01634195 0.07297032 -0.02969199
v 0.01425295 0.07374633 -0.03044793
v 0.006746707 0.07400645 -0.0341722
v 0.002241566 0.07406223 -0.03516031
v -0.002751478 0.07337479 -0.03583359
v -0.004751012 0.07340478 -0.03616888
v -0.006253496 0.07486102 -0.03696954
v -0.01171259 0.07501058 -0.03824052
v -0.01317069 0.07499373 -0.03852143
v -0.01518004 0.07491264 -0.03884781
v -0.01666786 0.07350071 -0.03895928
v -0.01825874 0.07437017 -0.03893688
v -0.01982495 0.07502249 -0.03904913
v -0.02154817 0.07498893 -0.0389036
v -0.02579803 0.07485317 -0.03688873
v -0.02726215 0.07469222 -0.03586551
v -0.07574379 0.1395701 -0.006180989
v -0.03767982 0.07178447 -0.01722123
v -0.03921709 0.07329397 -0.017619
v -0.04473329 0.07247949 -0.01759997
v -0.04720498 0.07237781 -0.01619281
v -0.05743343 0.07263183 -0.01685998
v -0.06004397 0.07329028 -0.01680019
v -0.0612074 0.07151876 -0.01545731
v -0.06372428 0.07227942 -0.01496085
v -0.06668419 0.07208689 -0.01287724
v -0.0686282 0.07121519 -0.01046975
v -0.07006045 0.07108668 -0.0085098
v -0.02415973 0.1779269 -0.01990591
v -0.08056115 0.1231578 -0.005231237
v -0.02052034 0.1637921 -0.01648659
v -0.02345176 0.1635111 -0.01588107
v -0.02564725 0.1644345 -0.01629325
v -0.02962686 0.1644818 -0.01581635
v -0.01660261 0.1799837 -0.02593737
v -0.06375683 0.1304676 -0.008412912
v -0.01813986 0.1674953 -0.01975639
v -0.04210279 0.1658666 -0.01063352
v -0.08431768 0.1191295 -0.002494104
v -0.07137615 0.1186965 -0.008305071
v -0.02514641 0.1719327 -0.01956954
v 0.0002715536 0.1030059 -0.02248672
v 0.02800399 0.07428314 -0.02311274
v 0.02598573 0.07525315 -0.02463454
v 0.02246768 0.0758035 -0.02632486
v 0.02066544 0.07562366 -0.02701169
v 0.01417161 0.07581405 -0.03014784
v 0.009483496 0.07457955 -0.03297574
v 0.005679406 0.07499659 -0.03449061
v 0.004017055 0.07608267 -0.03490353
v 0.002064881 0.07640485 -0.03536904
v -0.009261441 0.07565339 -0.03789143
v -0.01772573 0.0758656 -0.03895837
v -0.02376235 0.07492022 -0.03817615
v -0.02922428 0.0750032 -0.03435891
v -0.0136978 0.1712501 -0.02478612
v -0.03618846 0.07328254 -0.01826772
v -0.04424545 0.07463174 -0.01816574
v -0.04603283 0.07445378 -0.01736297
v -0.04873965 0.07391224 -0.01670771
v -0.05106119 0.07283945 -0.01601844
v -0.05274089 0.0738177 -0.01697934
v -0.05523854 0.07311371 -0.01699472
v -0.05824396 0.07455997 -0.01799388
v -0.06223566 0.07373382 -0.01662851
v -0.0647338 0.07369489 -0.0158219
v -0.06769263 0.07357272 -0.01395108
v -0.07017209 0.07414297 -0.01254651
v -0.0720856 0.07476817 -0.01151243
v -0.07269931 0.07238968 -0.008067842
v -0.0745952 0.0723685 -0.00718509
v -0.08406254 0.1113727 0.03075726
v -0.02737013 0.1646285 -0.01622164
v -0.04018234 0.1638089 -0.01199846
v -0.04261966 0.1591468 -0.01014099
v -0.057073 0.1280966 -0.006472817
v 0.02722162 0.07674996 -0.02346163
v 0.02475047 0.07689868 -0.02514564
v 0.0183467 0.07588126 -0.02814601
v 0.01646816 0.07567439 -0.02904631
v 0.01155562 0.07518032 -0.03121501
v 0.007841973 0.07612166 -0.03399482
v 0.00539337 0.07800677 -0.03427393
v -5.78753e-05 0.07750041 -0.03577363
v -0.002568943 0.07608453 -0.03630995
v -0.007026375 0.07740173 -0.03768855
v -0.01177352 0.07706494 -0.03821154
v -0.01837911 0.0778777 -0.0387933
v -0.02079818 0.07685644 -0.03900249
v -0.0233028 0.07772937 -0.03838351
v -0.02631932 0.07682646 -0.03657075
v -0.02828502 0.07684301 -0.03538972
v -0.04641908 0.1615003 -0.007982787
v -0.04111048 0.1082106 -0.01962904
v -0.03614038 0.07540666 -0.01892533
v -0.03856249 0.07523253 -0.0180857
v -0.04175518 0.07456698 -0.01833792
v -0.04724744 0.07610512 -0.01789304
v -0.04974459 0.07540175 -0.01785783
v -0.05423834 0.07534768 -0.01843535
v -0.05612637 0.0752772 -0.01853177
v -0.06123345 0.07523323 -0.01760587
v -0.06475147 0.07518069 -0.01683324
v -0.06792738 0.07562143 -0.01551329
v -0.07463724 0.07499416 -0.00918238
v -0.07663384 0.0751031 -0.00743791
v -0.04466823 0.163674 -0.009015584
v -0.06337191 0.1731113 -0.06159924
v -0.03688081 0.1559543 -0.01019209
v -0.05344472 0.1489722 -0.002454915
v -0.04931514 0.1506055 -0.004111351
v 0.02928623 0.07660301 -0.02195128
v 0.001503788 0.1131102 -0.01986977
v 0.02235847 0.07852272 -0.02625926
v 0.01975943 0.07775156 -0.02737575
v 0.0177542 0.07782474 -0.02843574
v 0.01574155 0.07791489 -0.02970328
v 0.01381866 0.07870012 -0.03076559
v 0.01122722 0.07796758 -0.03182518
v 0.009693834 0.07709888 -0.03275812
v 0.00774331 0.07821894 -0.03390525
v -0.004034116 0.07697052 -0.03699052
v -0.003771177 0.07912369 -0.03700277
v -0.005667847 0.07924059 -0.03768039
v -0.009590948 0.07776485 -0.03783659
v -0.01452081 0.07755107 -0.03845335
v -0.01637943 0.07769099 -0.03857244
v -0.0207956 0.07826943 -0.03904057
v -0.0250485 0.07782835 -0.03753196
v -0.02889688 0.07920039 -0.03514028
v -0.02169363 0.1712136 -0.02060547
v -0.03615589 0.07765423 -0.01929714
v -0.03874214 0.07704749 -0.01877465
v -0.04168539 0.07678946 -0.01882853
v -0.04467631 0.07676187 -0.01858892
v -0.04926553 0.07752432 -0.01871087
v -0.05158754 0.07678359 -0.01880038
v -0.05400189 0.07720485 -0.01932979
v -0.05624132 0.07744343 -0.0194729
v -0.05824927 0.07749183 -0.01917452
v -0.06025354 0.07670535 -0.01836679
v -0.06274944 0.07667278 -0.01788944
v -0.06624153 0.0765878 -0.01687375
v -0.07004278 0.07692998 -0.01479766
v -0.08526634 0.127173 -0.002975537
v -0.05615006 0.1508939 -0.001779776
v 0.0317321 0.07905663 -0.01983328
v 0.02577462 0.0790518 -0.02433206
v 0.0210005 0.08016857 -0.02676136
v 0.0187309 0.08001589 -0.02798449
v 0.01734736 0.07998479 -0.02880948
v 0.01577364 0.07928984 -0.02973202
v 0.01264284 0.08039278 -0.03117651
v 0.01028031 0.08014442 -0.03220046
v 0.00770593 0.08039263 -0.033594
v 0.001985029 0.07900369 -0.03511908
v -0.00126608 0.07903918 -0.03603488
v -0.01227591 0.07917068 -0.03830379
v -0.01523653 0.0798915 -0.03902151
v -0.01771903 0.07997252 -0.03890768
v -0.01975189 0.08067075 -0.03908957
v -0.02172229 0.08031732 -0.03889562
v -0.02479251 0.07979705 -0.03778194
v -0.02731213 0.07898501 -0.03647767
v -0.0386884 0.07843431 -0.01926216
v -0.04520359 0.07830162 -0.01934265
v -0.04720724 0.0783127 -0.01913692
v -0.05325098 0.07900468 -0.02008413
v -0.05943105 0.07914898 -0.0193836
v -0.06124157 0.0781414 -0.01863127
v -0.06327117 0.0788226 -0.01836256
v -0.06473981 0.07734537 -0.01764552
v -0.06624562 0.07803362 -0.0173043
v -0.06823947 0.07796515 -0.01640002
v -0.07120967 0.07855012 -0.01472297
v -0.07219001 0.07710973 -0.01332154
v -0.02686981 0.1030122 -0.02348621
v -0.02937001 0.1021626 -0.02300387
v -0.06843141 0.1260376 -0.008882636
v -0.07144679 0.1406774 -0.007708344
v -0.05667537 0.1547038 -0.0008741439
v -0.05059781 0.06442395 0.03499398
v -0.03535504 0.101454 -0.02200581
v 0.02431396 0.0804291 -0.02507977
v 0.005842789 0.08051128 -0.03390654
v 0.0002186533 0.08044812 -0.03580623
v -0.001267009 0.08119153 -0.03651799
v -0.003729102 0.08119682 -0.03713031
v -0.007291322 0.08057557 -0.03788632
v -0.009088023 0.08043432 -0.03796479
v -0.0103019 0.08161977 -0.03818281
v -0.0134661 0.08086356 -0.03906894
v -0.01481423 0.08194019 -0.03929582
v -0.01782108 0.08144607 -0.03920763
v -0.02800782 0.08143151 -0.03614013
v -0.07696232 0.1376028 -0.005703143
v -0.03803458 0.1024809 -0.02106792
v -0.03664401 0.07980951 -0.02045175
v -0.04125066 0.07973428 -0.01976879
v -0.04315823 0.07895158 -0.01958706
v -0.05075948 0.07973911 -0.02027567
v -0.05726499 0.07969326 -0.02023061
v -0.06576899 0.0794869 -0.01781134
v -0.06925146 0.08009645 -0.01659752
v -0.04035155 0.1020179 -0.02107664
v -0.07671876 0.07780652 -0.008680331
v -0.07775911 0.0792355 -0.008392568
v -0.04286071 0.1037501 -0.0209974
v -0.03970378 0.1666558 -0.01208843
v -0.01374146 0.1778765 -0.02788651
v -0.06955653 0.1428082 -0.01166379
v -0.05182978 0.1464911 -0.001682406
v -0.06692499 0.1347425 -0.008314967
v -0.06921774 0.1399315 -0.007862317
v -0.04936275 0.1020924 -0.02134537
v 0.02302192 0.08236027 -0.02573838
v 0.02004121 0.08229232 -0.02724056
v 0.01562856 0.08146169 -0.02953278
v 0.01379039 0.08176338 -0.03032896
v 0.01284549 0.08305648 -0.0305201
v 0.01072404 0.08227266 -0.03159913
v 0.008212279 0.08239176 -0.03287921
v 0.003638438 0.08081297 -0.03439337
v 0.001806909 0.08182862 -0.03515325
v 0.0002697202 0.08329191 -0.03610986
v -0.001294213 0.08262864 -0.03678101
v -0.003207784 0.08338072 -0.03739687
v -0.005332576 0.0826557 -0.03771218
v -0.007347361 0.08271014 -0.03778066
v -0.01235056 0.08268234 -0.03885589
v -0.01670461 0.08343058 -0.03929704
v -0.02440466 0.08182912 -0.03792706
v -0.02628568 0.08219228 -0.03715781
v -0.0513682 0.1027715 -0.02085813
v -0.0533981 0.1034578 -0.0200405
v -0.03027482 0.1068398 -0.02098375
v -0.03619665 0.08132771 -0.02200071
v -0.03926669 0.08055659 -0.02006769
v -0.04326508 0.08111659 -0.02023316
v -0.04557436 0.08044559 -0.01982676
v -0.04779137 0.08043203 -0.02016761
v -0.04976492 0.081214 -0.02087267
v -0.05248228 0.08184505 -0.02142358
v -0.05527067 0.08041083 -0.0210117
v -0.05898183 0.08167466 -0.02034236
v -0.06127036 0.08031447 -0.01921122
v -0.064782 0.080953 -0.018514
v -0.06627582 0.08090751 -0.01799128
v -0.06776595 0.08014135 -0.01727712
v -0.07159775 0.08138114 -0.01586083
v -0.05539777 0.1033981 -0.0193363
v -0.07722311 0.08150614 -0.01040607
v -0.05786498 0.1026272 -0.01883098
v -0.059376 0.1033293 -0.01862018
v -0.03264413 0.1681868 -0.01596539
v -0.06360776 0.06126711 0.02211383
v 0.03205153 0.08186144 -0.0194055
v 0.02954897 0.08220981 -0.02054721
v -0.06338947 0.1032517 -0.0176617
v 0.02125548 0.08406084 -0.02654579
v 0.0176115 0.08265991 -0.02845065
v 0.0157811 0.08359379 -0.02930742
v 0.01106579 0.08393394 -0.03113896
v 0.005788222 0.08320617 -0.03375685
v 0.003599901 0.0833329 -0.03433277
v 0.001209476 0.0846238 -0.03525317
v -0.001226161 0.08470662 -0.03663154
v -0.008753021 0.0841656 -0.03807306
v -0.01078056 0.08340443 -0.03843885
v -0.01342928 0.08473889 -0.03886326
v -0.01882091 0.08338071 -0.03899537
v -0.01932149 0.08480759 -0.03861554
v -0.02131352 0.0833934 -0.03869406
v -0.0231902 0.08298768 -0.03824435
v -0.02532088 0.08398027 -0.03734028
v -0.07967238 0.1384707 -0.004209633
v -0.06638253 0.1031224 -0.01588749
v -0.01768097 0.1712219 -0.02222718
v -0.03870951 0.08216961 -0.02109203
v -0.04125551 0.08272623 -0.02084812
v -0.04321158 0.08259334 -0.02071589
v -0.04522083 0.08267405 -0.02073899
v -0.04727549 0.08267008 -0.02107223
v -0.04928072 0.08338854 -0.02150367
v -0.05107591 0.08354473 -0.02163639
v -0.05477745 0.0824227 -0.02150744
v -0.05710169 0.0821397 -0.0211472
v -0.06176358 0.08244932 -0.01939361
v -0.06376728 0.08171717 -0.01901428
v -0.06578864 0.08309203 -0.01860358
v -0.0672832 0.08304896 -0.01810424
v -0.06912082 0.08275687 -0.01735971
v -0.07369112 0.08285318 -0.01516027
v -0.06887566 0.1023117 -0.01476462
v -0.0714474 0.1325817 -0.008169962
v -0.0331563 0.1058441 -0.02067868
v -0.07236224 0.1015022 -0.0133164
v -0.07510623 0.1017713 -0.01151584
v -0.06463072 0.1636114 -0.05922637
v -0.05441021 0.1465435 -0.001506398
v -0.07894827 0.1302702 -0.005621429
v -0.06482907 0.124664 -0.008879467
v 0.03349676 0.08410452 -0.01876336
v 0.0302087 0.08434183 -0.02018621
v -0.06791119 0.1122986 -0.01102191
v 0.02067471 0.08588465 -0.02634992
v 0.01865517 0.08487355 -0.02776484
v 0.01674885 0.08524311 -0.02889057
v 0.01546411 0.08570752 -0.02944755
v 0.01372267 0.08583119 -0.03042431
v 0.01122539 0.08575206 -0.03107228
v 0.00910877 0.08444366 -0.03214084
v 0.007311533 0.08466566 -0.03282317
v 0.003783566 0.08517078 -0.03392302
v -0.004017685 0.08600045 -0.03703772
v -0.006460146 0.08521928 -0.03765902
v -0.01521955 0.08514984 -0.03895376
v -0.01731016 0.08631973 -0.03875782
v -0.02083053 0.08547507 -0.03827609
v -0.02331548 0.08542572 -0.03777581
v -0.02532515 0.08536569 -0.03707402
v -0.02676299 0.08604536 -0.03610764
v -0.02812475 0.08539638 -0.03524796
v -0.02939469 0.1755817 -0.01665132
v -0.03655522 0.08331505 -0.02230507
v -0.04033795 0.08415941 -0.02139789
v -0.04233543 0.08405707 -0.02124266
v -0.043781 0.084081 -0.021219
v -0.04527944 0.08410743 -0.02133259
v -0.04733471 0.08405532 -0.0215459
v -0.05318229 0.08416515 -0.02156571
v -0.05526701 0.0846771 -0.02145141
v -0.05711744 0.0845157 -0.02130432
v -0.05978488 0.08394589 -0.02028686
v -0.07029051 0.08437143 -0.01694892
v -0.07213324 0.08409639 -0.0161372
v -0.06897607 0.1333388 -0.008440908
v -0.02281783 0.03665738 0.0538823
v -0.05412574 0.1571138 -0.002394615
v -0.07588113 0.1193506 -0.007283967
v 0.01759744 0.09970862 -0.02255312
v 0.03084798 0.08675177 -0.0199778
v 0.02956678 0.08665874 -0.0206874
v 0.02744444 0.08637019 -0.02211841
v -0.03215 0.1657272 -0.01581165
v 0.01089926 0.1102955 -0.01915001
v -0.05448657 0.03527346 0.0455979
v -0.03853422 0.1051666 -0.02023777
v -0.02317787 0.1734197 -0.02064532
v 0.006264335 0.08656454 -0.03311228
v 0.0032007 0.08727422 -0.03379526
v 0.0001871905 0.0867672 -0.03514097
v -0.002309755 0.08750237 -0.03593483
v -0.006489827 0.08776896 -0.0366638
v -0.01327543 0.08698486 -0.03851261
v -0.01541669 0.08684226 -0.03860501
v -0.01933198 0.08687807 -0.03811908
v -0.0215133 0.08724748 -0.03754605
v -0.02377052 0.08786238 -0.03679334
v -0.02532349 0.08744013 -0.03633051
v -0.05850455 0.1267107 -0.007307304
v -0.05105018 0.111015 -0.01811965
v -0.03522514 0.0853214 -0.02408773
v -0.03879259 0.08486783 -0.02190689
v -0.041724 0.0856974 -0.02139689
v -0.043787 0.085532 -0.021573
v -0.04478355 0.0862755 -0.0218081
v -0.04799729 0.08629034 -0.02183754
v -0.05050327 0.08681782 -0.02162177
v -0.06230821 0.08467119 -0.0192325
v -0.06428122 0.08447013 -0.01911891
v -0.07354035 0.08539944 -0.01551729
v -0.07040864 0.111512 -0.01009233
v -0.06045673 0.120358 -0.009356211
v -0.02118425 0.1749247 -0.02192241
v -0.05275719 0.1535879 -0.003578554
v -0.05106654 0.1538516 -0.004601076
v -0.04957359 0.1538778 -0.005323889
v 0.02494055 0.08712218 -0.02365456
v -0.04035756 0.1048542 -0.02043939
v -0.08127135 0.1122896 -0.001015558
v -0.03472309 0.1675353 -0.01507053
v -0.05791931 0.1142848 -0.01493224
v 0.01264858 0.08853116 -0.03067426
v 0.008785866 0.08757269 -0.03219853
v 0.0001769202 0.0881523 -0.03484502
v -0.004796799 0.08891458 -0.03604858
v -0.008326953 0.08760753 -0.03702069
v -0.08015709 0.1130866 -0.002204144
v -0.01740685 0.08847333 -0.03793149
v -0.07309505 0.1101383 -0.009149227
v -0.03274811 0.08684091 -0.02549538
v -0.03777818 0.08632184 -0.0223131
v -0.04029877 0.08772029 -0.02210459
v -0.04221415 0.08778557 -0.02168685
v -0.03583127 0.03393217 -0.03055726
v -0.0325472 0.03353877 -0.02902807
v -0.030449 0.033449 -0.029044
v -0.04097418 0.03395208 -0.02868293
v -0.03852171 0.03372259 -0.02929804
v -0.03648921 0.03356913 -0.02754328
v -0.03468313 0.03361922 -0.02753303
v -0.03040957 0.03355173 -0.02630809
v -0.02754802 0.0334562 -0.02653072
v -0.02448675 0.03350155 -0.02604032
v -0.02136581 0.03350666 -0.025423
v -0.01966111 0.03350377 -0.02425477
v -0.01797157 0.03358091 -0.02474922
v -0.01519113 0.03363048 -0.02434098
v -0.01312918 0.03373939 -0.02369531
v -0.01019208 0.03371174 -0.02342662
v -0.007474047 0.03385521 -0.02305807
v -0.003389581 0.03384801 -0.02222535
v 0.004813236 0.03400111 -0.02072325
v 0.007441795 0.03437456 -0.0210775
v 0.01014887 0.03433512 -0.01988064
v -0.0412825 0.03372202 -0.02666293
v -0.03887195 0.03365151 -0.02712113
v -0.0328172 0.03353794 -0.02582868
v -0.02834927 0.03353695 -0.02555607
v -0.0261688 0.03357019 -0.02455744
v -0.02359334 0.03362105 -0.02409074
v -0.02102335 0.03366524 -0.02364757
v -0.01070469 0.03388448 -0.02182206
v -0.008139381 0.03390772 -0.02132795
v -0.005171345 0.03386408 -0.02130373
v -0.001125794 0.03389352 -0.02100656
v 0.000865678 0.03393944 -0.02076581
v 0.002512117 0.0339851 -0.02035722
v 0.0104502 0.03430203 -0.01810443
v 0.01299676 0.0343781 -0.01773514
v 0.0154438 0.03496522 -0.0172562
v -0.04300311 0.03417643 -0.02646477
v -0.03606395 0.03353616 -0.02459997
v -0.03434863 0.03358534 -0.02337022
v -0.03229716 0.03359789 -0.02296502
v -0.02940211 0.0335985 -0.02335852
v -0.0268534 0.03359664 -0.02283966
v -0.02433113 0.03374468 -0.02202088
v -0.02068233 0.03369339 -0.02172697
v -0.01830558 0.03368241 -0.02216113
v -0.01622938 0.03376331 -0.02182918
v -0.01349604 0.03384862 -0.0211848
v -0.01112081 0.03427561 -0.01902625
v -0.009814531 0.03399813 -0.01986182
v 0.000244629 0.03405908 -0.01887687
v 0.001985927 0.03413963 -0.0176736
v 0.004350845 0.03412537 -0.0181291
v 0.006391255 0.03411487 -0.0177207
v 0.008168001 0.0341484 -0.01709714
v 0.01019277 0.03422692 -0.01535656
v 0.0139097 0.03439951 -0.01565033
v 0.01621579 0.0348833 -0.01480784
v -0.04282111 0.0337029 -0.02443545
v -0.03971651 0.03351626 -0.02457182
v -0.03792792 0.03355701 -0.02405835
v -0.03707107 0.03360259 -0.02206109
v -0.03073557 0.03400218 -0.02120765
v -0.02190085 0.03386518 -0.02113513
v -0.02007813 0.03420649 -0.02020677
v -0.01802008 0.03425112 -0.01983632
v -0.01595341 0.03476327 -0.01899604
v -0.01357251 0.03468031 -0.01867623
v -0.008713343 0.03486604 -0.01775579
v -0.006276201 0.03420006 -0.01849617
v -0.003463676 0.03419772 -0.01843102
v -0.001328683 0.03423475 -0.01781422
v -0.000493791 0.03461279 -0.01671606
v 0.003567202 0.03503963 -0.01540254
v 0.005551254 0.0348444 -0.01494802
v 0.01186438 0.03420258 -0.01336429
v 0.01363328 0.03438931 -0.01227976
v -0.04506109 0.03462023 -0.02302809
v -0.04252123 0.03352036 -0.02223852
v -0.03557004 0.03385757 -0.02013156
v -0.03310171 0.03403155 -0.02076054
v -0.02642357 0.03434828 -0.02054853
v -0.02371085 0.03447094 -0.02034442
v -0.02161545 0.03557495 -0.01917812
v -0.0192142 0.03583371 -0.01873869
v -0.01732039 0.03606723 -0.0182769
v -0.01107102 0.03610087 -0.01721346
v -0.00579284 0.03552236 -0.0167198
v -0.002707371 0.03556421 -0.01615944
v -0.001146298 0.03626916 -0.015567
v 0.001556211 0.03509501 -0.01585511
v 0.007458668 0.03473926 -0.01431322
v -0.03975523 0.03367681 -0.02080195
v -0.02845303 0.03465088 -0.02043343
v -0.02665401 0.03589298 -0.0193324
v -0.02372266 0.03653374 -0.01893197
v -0.01510207 0.03653759 -0.01763195
v -0.0131207 0.03725634 -0.01694703
v -0.005934945 0.03737001 -0.01561941
v -0.003779549 0.03739084 -0.01522356
v 0.0003484486 0.03764854 -0.01464725
v 0.002298908 0.03751286 -0.01412581
v 0.006312176 0.03642302 -0.01335433
v 0.009299588 0.03498945 -0.01243955
v 0.0112195 0.03448647 -0.01035338
v 0.01342249 0.0343746 -0.009025312
v 0.01581393 0.03466342 -0.01072933
v 0.01809701 0.03522225 -0.01054923
v -0.04577882 0.03464701 -0.02087838
v -0.0446239 0.0335319 -0.01983634
v -0.04150464 0.03362067 -0.01923812
v -0.03834268 0.03378371 -0.01875859
v -0.03634272 0.03436787 -0.0180195
v -0.03377589 0.03479975 -0.0190958
v -0.03083141 0.03569074 -0.01920741
v -0.021599 0.03800265 -0.01771789
v -0.01610324 0.0380687 -0.01674686
v -0.01476318 0.03828376 -0.01634418
v -0.008509792 0.03738453 -0.01604188
v -0.002164763 0.03859952 -0.01409328
v 0.004426393 0.03709945 -0.01367076
v 0.0081499 0.03666042 -0.01149724
v 0.01038803 0.03474349 -0.008193541
v 0.01579638 0.03469865 -0.007931798
v 0.01861961 0.03526138 -0.007689525
v -0.07175521 0.06748998 0.02607355
v -0.04651012 0.0350398 -0.01848912
v -0.04557554 0.03361961 -0.01664013
v -0.04269134 0.0336379 -0.01762495
v -0.03986684 0.03384394 -0.01636483
v -0.03373546 0.03610158 -0.0176065
v -0.03199397 0.03706783 -0.01781317
v -0.02965263 0.03727753 -0.01828968
v -0.02734777 0.03772809 -0.01822939
v -0.02507449 0.03793014 -0.01807608
v -0.01785645 0.03816665 -0.01692123
v -0.01329423 0.03866275 -0.01548893
v -0.01116133 0.03834233 -0.01571075
v -0.006907953 0.03878059 -0.01431562
v -0.004843796 0.03904912 -0.01329693
v 0.001072363 0.03885023 -0.01280764
v 0.003854548 0.03842529 -0.01253188
v 0.005892714 0.03803302 -0.01189683
v 0.00908277 0.03600903 -0.009215795
v 0.01229917 0.0343331 -0.006472221
v 0.0181779 0.03499816 -0.005941106
v -0.04320239 0.03366049 -0.01495575
v -0.04023942 0.034071 -0.01381296
v -0.03890982 0.03466436 -0.01405953
v -0.03773954 0.03464611 -0.01570389
v -0.03566752 0.03626207 -0.01588387
v -0.02978427 0.03851722 -0.01681007
v -0.02442121 0.03855969 -0.01669331
v -0.02211615 0.03870175 -0.01539927
v -0.01986486 0.03846247 -0.01660248
v -0.01780883 0.03882686 -0.01372849
v -0.01543439 0.03881808 -0.01417541
v -0.01231616 0.03892966 -0.01367542
v -0.009429845 0.0388882 -0.01401104
v -0.002889197 0.03910914 -0.01102133
v -0.0009526333 0.039227 -0.0116994
v 0.003511727 0.03895174 -0.01047853
v 0.006687463 0.03825976 -0.009680361
v 0.008161975 0.0362597 -0.007195688
v 0.01176486 0.03436742 -0.004712794
v 0.01452199 0.0343985 -0.005387366
v 0.01581921 0.03449027 -0.003931094
v 0.01872206 0.03486699 -0.002857104
v -0.04862383 0.03380756 -0.01353959
v -0.04676134 0.03356855 -0.0128333
v -0.04444589 0.03357482 -0.01329415
v -0.03369823 0.03772158 -0.01594918
v -0.03046375 0.03867211 -0.01516308
v -0.02754088 0.038723 -0.01560195
v -0.02588301 0.03866628 -0.01425868
v -0.0150878 0.03885245 -0.01226392
v -0.0123287 0.0389318 -0.01086242
v -0.009932678 0.03897161 -0.01135744
v -0.007485723 0.03905859 -0.01188417
v -0.004795427 0.03906064 -0.01042876
v -0.0006568725 0.03918425 -0.009722315
v 0.001755102 0.03921694 -0.01019437
v 0.004305818 0.03901425 -0.008442397
v 0.006517494 0.0382892 -0.007446403
v 0.00878201 0.0345336 -0.004543242
v 0.01502944 0.0343166 -0.002103654
v -0.05061988 0.03374687 -0.01285252
v -0.04212795 0.03376442 -0.01208186
v -0.03999032 0.03456008 -0.01149151
v -0.03703461 0.03664097 -0.01364597
v -0.03502273 0.0381778 -0.01375012
v -0.03297223 0.03847703 -0.01464237
v -0.03205004 0.03862205 -0.01266373
v -0.03000844 0.03860752 -0.01224709
v -0.02797892 0.03859595 -0.01182817
v -0.02559097 0.03856407 -0.01149509
v -0.02299142 0.03868625 -0.01295366
v -0.0200931 0.03871535 -0.01221465
v -0.0173431 0.03879992 -0.01082009
v -0.01477173 0.03884265 -0.01033647
v -0.01050802 0.03889808 -0.008605278
v -0.007928641 0.03895679 -0.008151209
v -0.00490645 0.03904684 -0.008094627
v 0.001245472 0.03926343 -0.007543285
v 0.004670597 0.03887372 -0.006321204
v 0.00651116 0.03514505 -0.003327997
v 0.007751195 0.03436629 -0.001807305
v 0.01006161 0.0342455 -0.002096916
v 0.01229898 0.03421714 -0.001437807
v 0.01388137 0.03413663 0.0006685157
v 0.01734113 0.03440499 -0.0003000202
v 0.02060689 0.03481269 0.0003642842
v 0.02605183 0.03646187 3.597494e-06
v 0.02832906 0.03683241 0.0001764815
v 0.03365686 0.03831573 0.0001990553
v -0.05238728 0.03369912 -0.01140185
v -0.049405 0.03353154 -0.01057386
v -0.04720969 0.03351075 -0.009172375
v -0.04493514 0.03364766 -0.01068934
v -0.03435397 0.03847942 -0.01021989
v -0.02231037 0.03855923 -0.00911908
v -0.01965553 0.03862441 -0.009256107
v -0.01704844 0.03874051 -0.00884111
v -0.01395612 0.03881132 -0.008286523
v -0.004547084 0.03897932 -0.005621293
v -0.001996321 0.03913661 -0.006932922
v 0.0005718853 0.03912599 -0.004731119
v 0.002934699 0.03902368 -0.004921353
v 0.00580446 0.03737201 -0.004869185
v 0.004021632 0.03692784 -0.002046104
v 0.005112598 0.03466449 -0.0006854736
v 0.006969343 0.0341802 6.999782e-05
v 0.009136251 0.03416854 0.001488856
v 0.01095759 0.03408017 0.001031805
v 0.01566 0.03429494 0.001759615
v 0.02085144 0.03448795 0.002667466
v 0.02295375 0.03477876 0.001715772
v 0.02451306 0.03476667 0.003120277
v 0.0268515 0.03532558 0.003108292
v 0.02982759 0.0361612 0.002881502
v 0.03287479 0.03701047 0.002816626
v 0.03577317 0.03834376 0.001599867
v -0.05817041 0.03360909 -0.01058695
v -0.05569334 0.03392998 -0.01109016
v -0.05301137 0.03343395 -0.008464168
v -0.05099057 0.03343546 -0.008046688
v -0.04857075 0.0335271 -0.007460501
v -0.04353587 0.03372875 -0.008635697
v -0.04115543 0.03426101 -0.008766085
v -0.03824908 0.03694867 -0.01046919
v -0.03597236 0.03840739 -0.01141012
v -0.03270099 0.0384995 -0.009172618
v -0.02655971 0.03843382 -0.008621717
v -0.02414291 0.03848969 -0.009116368
v -0.01556633 0.03869489 -0.005719009
v -0.01298851 0.03874974 -0.005248607
v -0.01092921 0.03879913 -0.004879142
v -0.00748653 0.03887976 -0.005197047
v -0.002694602 0.03898922 -0.00339304
v 0.002850477 0.036068 0.0003791101
v 0.004382644 0.03443984 0.001201477
v 0.007195785 0.03405284 0.002695283
v 0.01327779 0.03475325 0.003164539
v 0.01598882 0.03514082 0.002889728
v 0.01811428 0.03457775 0.002888449
v 0.02375015 0.03453436 0.005059951
v 0.03160847 0.0358568 0.005391298
v 0.03403053 0.03672237 0.005215947
v -0.06195705 0.03433245 -0.009150924
v -0.05881562 0.03358293 -0.008872341
v -0.0569336 0.03342397 -0.00830251
v -0.05475758 0.03338414 -0.006935504
v -0.04581963 0.03360673 -0.007149172
v -0.03967 0.036174 -0.00734
v -0.0365962 0.03847976 -0.008822624
v -0.03005287 0.03840506 -0.008815194
v -0.02965142 0.038388 -0.006414625
v -0.02728632 0.0383614 -0.006833072
v -0.02418581 0.03844671 -0.006298057
v -0.02177492 0.03848937 -0.006777822
v -0.02023204 0.03855338 -0.006517209
v -0.01816367 0.0385985 -0.00614536
v -0.008928883 0.03874107 -0.003019166
v -0.005618348 0.03889998 -0.00297018
v -0.0005705294 0.03902539 -0.002450276
v 0.002150046 0.03847818 -0.001956269
v 0.003249953 0.03423701 0.003910235
v 0.004678497 0.0341005 0.00437359
v 0.007058445 0.03431013 0.004642465
v 0.01045185 0.03486778 0.003299288
v 0.01220031 0.03539119 0.003863698
v 0.01598737 0.03613638 0.003824509
v 0.01838955 0.03538219 0.004687926
v 0.02051916 0.03481175 0.005502607
v 0.02465859 0.03444375 0.008156483
v 0.02709474 0.03478826 0.006386695
v 0.02929043 0.03509395 0.006523384
v 0.03227277 0.03556795 0.0077457
v 0.03725907 0.03783129 0.005188427
v 0.03974783 0.03852674 0.007158433
v -0.06923142 0.06606084 0.02651127
v -0.07002161 0.1128828 0.04851405
v -0.09128841 0.1150613 0.02265618
v -0.05841992 0.06403094 0.03142233
v -0.06108465 0.03356766 -0.007447917
v -0.05896809 0.03341888 -0.005972862
v -0.05696709 0.0333905 -0.005541088
v -0.05253362 0.03340497 -0.005562603
v -0.04992817 0.03352928 -0.005161609
v -0.04684651 0.03357783 -0.004587866
v -0.04442562 0.03366138 -0.005081094
v -0.04219692 0.03391675 -0.004946103
v -0.03762863 0.03843498 -0.00649523
v -0.03456765 0.03840926 -0.006527696
v -0.03149046 0.03844797 -0.005926153
v -0.02647918 0.03830028 -0.004765702
v -0.02546769 0.03830763 -0.003184194
v -0.02339666 0.03835821 -0.004206581
v -0.02221377 0.03835692 -0.003037901
v -0.01875307 0.03847612 -0.003367273
v -0.0165435 0.0384942 -0.002018033
v -0.01410415 0.03860296 -0.002554744
v -0.01151162 0.0386943 -0.002121061
v -0.008278077 0.03874086 -0.0005742797
v -0.005335925 0.03881796 -0.0009783436
v -0.002754588 0.03889862 -0.0005453534
v 7.586326e-05 0.03847272 0.000688959
v 0.002060546 0.03491898 0.003124165
v 0.009429 0.03603 0.004528
v 0.01899388 0.03637177 0.006378433
v 0.02236635 0.03452414 0.007426409
v 0.02697782 0.03462209 0.009325831
v 0.02968572 0.03490991 0.009634278
v 0.03227079 0.03528393 0.01031599
v 0.03555881 0.03665244 0.008278737
v 0.03781065 0.03737995 0.00995353
v -0.06775835 0.06573726 0.02767933
v -0.07571514 0.06912991 0.02250905
v -0.08094671 0.1132323 0.0463095
v -0.06606947 0.03380831 -0.007064742
v -0.06389111 0.03378308 -0.007513422
v -0.06098487 0.03336812 -0.004205378
v -0.05405987 0.03342977 -0.003162259
v -0.05164937 0.03347634 -0.003620298
v -0.04683077 0.03360044 -0.001852201
v -0.0444124 0.03369741 -0.002378123
v -0.04219567 0.03375603 -0.00107832
v -0.0403117 0.03412119 -0.002022201
v -0.03271458 0.03839017 -0.00427073
v -0.02926956 0.03832653 -0.00397588
v -0.0206968 0.03836016 -0.001341506
v -0.01827739 0.03843992 -0.0004738462
v -0.01535731 0.03840514 0.0004465213
v -0.01227052 0.03857025 -0.0003117417
v -0.006171863 0.03868208 0.00156729
v -0.001034308 0.03854401 0.002126051
v 0.0006546051 0.03641632 0.003319933
v 0.0006607804 0.03520357 0.005356135
v 0.002246821 0.03430092 0.006420425
v 0.004162195 0.03403223 0.007150903
v 0.006149726 0.0348265 0.005809591
v 0.007882 0.036327 0.005802
v 0.020898 0.035937 0.008785
v 0.02266113 0.03520356 0.009814314
v 0.02480504 0.03455424 0.0107956
v 0.02730451 0.03461537 0.01128929
v 0.03021756 0.03498136 0.01245131
v 0.03304849 0.03549188 0.01255702
v 0.03548198 0.03630292 0.01231357
v 0.04255501 0.03988725 0.008087418
v -0.08167961 0.1098276 0.03621207
v -0.07889456 0.07011533 0.0169571
v -0.06757121 0.03372049 -0.00556798
v -0.06306498 0.03341699 -0.004801091
v -0.05897058 0.03343224 -0.00325466
v -0.05627079 0.03339971 -0.003139632
v -0.05213727 0.03352306 -0.00104345
v -0.04915229 0.03357924 -0.002124998
v -0.04356168 0.03370067 -0.0003664403
v -0.04055787 0.03374497 0.0002063661
v -0.03873602 0.03370627 0.001144903
v -0.03549628 0.03850678 -0.0037761
v -0.03334591 0.03831316 -0.002433498
v -0.03037587 0.03833561 -0.001888652
v -0.02775937 0.03837662 -0.002022503
v -0.02428032 0.038318 -0.0006520842
v -0.02003859 0.03833668 0.001101734
v -0.01102066 0.03859739 0.001158993
v -0.008352828 0.03861844 0.002295718
v -0.003887724 0.03872935 0.002176223
v -0.000934026 0.03733744 0.004996768
v 3.490269e-05 0.03531618 0.006968849
v 0.02258281 0.03590619 0.01120265
v 0.02579824 0.03463643 0.01364466
v 0.02821114 0.03474004 0.01321536
v 0.03831257 0.03776584 0.01300449
v 0.0405344 0.03881025 0.01070611
v -0.0691527 0.03477539 -0.004934752
v -0.06799727 0.03359479 -0.002598313
v -0.06583535 0.03356572 -0.003864364
v -0.06356164 0.03338621 -0.001418892
v -0.06014573 0.03342716 -0.001666121
v -0.05709846 0.03341924 -0.001037035
v -0.05454176 0.03344088 -0.0005406323
v -0.05006768 0.03355845 0.000692931
v -0.04680825 0.03364514 0.0008280246
v -0.04490415 0.03371036 0.0002613855
v -0.04325655 0.03362399 0.00156767
v -0.04004939 0.03357528 0.003144461
v -0.03760459 0.03348022 0.003642216
v -0.03379896 0.03830313 -0.0007248504
v -0.03147834 0.03835541 -0.0003037571
v -0.02919303 0.03830058 0.0006488726
v -0.02666036 0.03831145 -0.0002140269
v -0.02478668 0.0383249 0.00196365
v -0.02236995 0.03831449 0.0009539683
v -0.01336644 0.03844564 0.00234785
v -0.01288101 0.0384511 0.004441431
v -0.01024555 0.03854872 0.002883821
v -0.00905334 0.03857696 0.004010115
v -0.007009096 0.03858751 0.004417506
v -0.004943042 0.03864232 0.00478668
v -0.002719576 0.03860989 0.004434889
v -0.001638913 0.03728949 0.006718214
v 0.0012602 0.03440017 0.008896542
v 0.003693629 0.03422679 0.009630723
v 0.0050428 0.03391455 0.01012482
v 0.02351494 0.03532381 0.01267313
v 0.02372532 0.03523578 0.0149654
v 0.02791462 0.03489298 0.01545485
v 0.03216787 0.03578936 0.0148757
v 0.03540265 0.0366286 0.01416897
v 0.03934761 0.03843083 0.01488963
v 0.04294373 0.04001598 0.01226651
v 0.0458677 0.04138249 0.01194839
v -0.07720469 0.06901022 0.01787367
v -0.06969747 0.03407013 -0.003088081
v -0.06618869 0.03341873 0.0001224569
v -0.05979466 0.03344104 0.0001868929
v -0.05727476 0.03351601 0.001242145
v -0.05551288 0.0335256 0.001886533
v -0.0522887 0.03353298 0.002339802
v -0.04550483 0.03353963 0.003000564
v -0.04161166 0.03353813 0.002874029
v -0.03559793 0.03365251 0.004897499
v -0.0310488 0.03820087 0.002611187
v -0.02853319 0.03820214 0.003145565
v -0.02632708 0.03827451 0.001696681
v -0.02371797 0.0382923 0.004328396
v -0.02159961 0.03824277 0.003600092
v -0.01772083 0.03836589 0.002898978
v -0.01559514 0.03840181 0.003762429
v -0.01070042 0.03848275 0.00604397
v -0.00084328 0.03557112 0.009313019
v 0.001218464 0.03438035 0.01087823
v 0.003407158 0.03406768 0.01246921
v 0.005427 0.033677 0.013196
v 0.02185956 0.03640055 0.01489882
v 0.02583007 0.03473326 0.01638036
v 0.02774211 0.03509702 0.01735391
v 0.03004908 0.03530945 0.01579904
v 0.03480645 0.03679183 0.0157462
v 0.03738408 0.03790433 0.01675689
v 0.04193993 0.03975756 0.01601285
v -0.07076162 0.03428514 -0.0008123352
v -0.06900336 0.03359466 -0.0001017594
v -0.06234217 0.03342708 0.001040561
v -0.05890412 0.03350699 0.002115513
v -0.05412932 0.03355861 0.003939186
v -0.05016399 0.03346442 0.004543848
v -0.04846782 0.03354136 0.002834203
v -0.04619263 0.0335051 0.004696052
v -0.04331061 0.03352165 0.004368729
v -0.04105424 0.03359938 0.005672076
v -0.0379772 0.03365198 0.006236148
v -0.03466462 0.03354642 0.006618081
v -0.02652834 0.03819898 0.00489598
v -0.02160079 0.03823493 0.006328774
v -0.01937543 0.03830806 0.00489172
v -0.01662794 0.03834609 0.006324604
v -0.01390928 0.03835147 0.007776406
v -0.01118072 0.03842855 0.008440591
v -0.008052107 0.03852801 0.006990841
v -0.006001329 0.03855944 0.007373763
v -0.004012328 0.03850308 0.007903977
v -0.002388954 0.03735809 0.009438811
v -0.001938386 0.03664951 0.01264856
v 0.0005832409 0.03464483 0.01272333
v 0.005444294 0.03399945 0.01456093
v 0.0233771 0.03507513 0.01714833
v 0.03034623 0.03586409 0.01808868
v 0.0330573 0.03649871 0.01716327
v 0.03621398 0.03773136 0.01820057
v 0.03930172 0.03895829 0.01802416
v 0.04466921 0.04101809 0.01536056
v 0.04722665 0.04232471 0.01488582
v -0.06447777 0.0644206 0.02828597
v -0.05682775 0.07129612 0.03952706
v -0.07036895 0.03379742 0.002018792
v -0.06518816 0.0334614 0.002695576
v -0.06171002 0.03347876 0.002929752
v -0.05991691 0.03349953 0.004618149
v -0.05702744 0.03350914 0.004302085
v -0.05229264 0.03350124 0.006165169
v -0.04890209 0.03349301 0.005963509
v -0.03963437 0.03369894 0.007688414
v -0.03741234 0.0339409 0.009375556
v -0.03463614 0.0337253 0.008600702
v -0.032499 0.033739 0.009074
v -0.02884821 0.03813269 0.006012941
v -0.02351444 0.03814233 0.006928141
v -0.01939253 0.0382402 0.007681083
v -0.01681688 0.03830385 0.00814824
v -0.004467817 0.0383664 0.01118362
v -0.0002282278 0.03510467 0.01438285
v 0.002225716 0.03427632 0.01464196
v 0.003806551 0.03409879 0.01543259
v 0.00584666 0.03425644 0.01634116
v 0.007468 0.034306 0.016676
v 0.02114831 0.03601117 0.01788529
v 0.02254892 0.03474983 0.01961088
v 0.02600738 0.03504325 0.01886782
v 0.02977657 0.03606832 0.01962352
v 0.03275317 0.03687259 0.01950625
v 0.0351675 0.0375751 0.01936538
v 0.0439198 0.04122355 0.0187215
v 0.04562568 0.04185534 0.01752687
v 0.04835981 0.04312194 0.01668507
v -0.06859948 0.07273746 0.03669513
v -0.07995502 0.07971952 0.0319245
v -0.07252178 0.03546582 0.001645144
v -0.06776757 0.03358026 0.003133294
v -0.06207915 0.03355633 0.005928382
v -0.0576875 0.03353988 0.005926387
v -0.05468422 0.03344188 0.00665011
v -0.05081604 0.03368969 0.008088048
v -0.04897795 0.03426023 0.007905302
v -0.04341714 0.03431915 0.007302896
v -0.04125517 0.03415466 0.007769806
v -0.0394612 0.03487976 0.009334846
v -0.02745309 0.03807609 0.0085737
v -0.02536658 0.03813736 0.007459898
v -0.0188928 0.03820441 0.01052672
v -0.01666264 0.03826066 0.01047304
v -0.01390268 0.03836131 0.01048366
v -0.01135796 0.03835491 0.01102665
v -0.008943012 0.03845176 0.01051311
v -0.006903633 0.03845217 0.01092681
v -0.004161335 0.03836544 0.01343437
v -0.002522267 0.03750361 0.01452655
v -0.0009793087 0.03591398 0.01532019
v -0.000411022 0.03566355 0.01654504
v 0.001689633 0.03472194 0.01781072
v 0.00852469 0.03485395 0.0181756
v 0.010095 0.034771 0.018605
v 0.01896 0.036126 0.019186
v 0.01988648 0.03473241 0.02129354
v 0.02256095 0.03494758 0.02189411
v 0.02771728 0.03571438 0.02042366
v 0.02962315 0.03673082 0.02172557
v 0.03197057 0.03731148 0.02168169
v 0.03504963 0.03808644 0.02129556
v 0.03773654 0.03888104 0.02053103
v 0.04192878 0.04037209 0.01911823
v 0.04693655 0.04268915 0.01886321
v -0.07048975 0.1137788 0.05012708
v -0.07058357 0.1483097 -0.03454938
v -0.07186876 0.03488049 0.004302798
v -0.06896376 0.03370883 0.005226523
v -0.06561253 0.03359961 0.00516285
v -0.06358067 0.0335844 0.005590212
v -0.05968759 0.03355057 0.008218976
v -0.05749586 0.03355302 0.008218956
v -0.0463501 0.03474352 0.007303817
v -0.04434818 0.03586725 0.008297293
v -0.04194 0.035698 0.008997
v -0.040987 0.03558 0.009297
v -0.0380698 0.03565658 0.01104847
v -0.03517667 0.03368779 0.01089141
v -0.03302601 0.03373418 0.01166981
v -0.03080077 0.03402965 0.01167508
v -0.02654476 0.03811934 0.01118709
v -0.02352002 0.03809189 0.009681757
v -0.02122324 0.03818022 0.01025108
v -0.01546119 0.03826559 0.01297851
v -0.01309035 0.03828384 0.0125468
v -0.01083268 0.03837825 0.01382407
v -0.008981882 0.03835934 0.01331012
v -0.006419103 0.03839621 0.01379624
v -0.001974346 0.03725513 0.01576371
v -0.0003089758 0.03617748 0.0179223
v 0.003549538 0.03432858 0.01804262
v 0.005928018 0.03422219 0.01914532
v 0.006861724 0.03439732 0.02101363
v 0.01000632 0.03466589 0.02138346
v 0.01211631 0.03458311 0.02220762
v 0.01269294 0.03462222 0.02120824
v 0.014323 0.034426 0.021593
v 0.01562104 0.0345227 0.02247397
v 0.0175643 0.03464249 0.02209578
v 0.02455169 0.03536057 0.02222066
v 0.0266386 0.03589537 0.02184498
v 0.03388785 0.03834821 0.02295862
v 0.04032487 0.04012942 0.02115253
v 0.04299379 0.04145368 0.021115
v 0.04539442 0.04272317 0.02134337
v 0.04811305 0.04390958 0.02070693
v -0.08344976 0.1143051 0.04725999
v -0.09018045 0.115703 0.02715913
v -0.06899111 0.03380665 0.006866063
v -0.06722676 0.03372749 0.006506268
v -0.06554528 0.03368718 0.007786629
v -0.06423509 0.03362678 0.007206703
v -0.06131273 0.03366352 0.009561069
v -0.05552629 0.03348915 0.009316009
v -0.05302513 0.03362998 0.009484507
v -0.05069219 0.03471772 0.009941732
v -0.048597 0.03591 0.009255
v -0.039222 0.036326 0.01079
v -0.03592444 0.03491133 0.01266061
v -0.03385295 0.03378134 0.01410975
v -0.03190297 0.03379724 0.01396264
v -0.03004994 0.0340945 0.01561085
v -0.02445362 0.0379256 0.01326678
v -0.0214669 0.03815555 0.01273916
v -0.01788746 0.03817841 0.01347633
v -0.01224283 0.03828232 0.01454276
v -0.005045502 0.03837022 0.01596381
v -0.003213383 0.03821303 0.01647895
v -0.002679227 0.03822052 0.01763687
v 0.0007457667 0.03609383 0.01966233
v 0.003071719 0.03518913 0.02096137
v 0.004406504 0.03459451 0.0203157
v 0.008655391 0.03459645 0.02318508
v 0.01427932 0.03465522 0.02318741
v 0.02531187 0.03627325 0.02397123
v 0.02854874 0.03737583 0.02409225
v 0.03754982 0.03949255 0.02268327
v -0.06192229 0.06387267 0.02907965
v -0.07125798 0.03434133 0.006835106
v -0.06812578 0.0338908 0.008872957
v -0.06515151 0.03375849 0.009599194
v -0.06284959 0.03364849 0.009266405
v -0.05305519 0.0335321 0.01233828
v -0.036902 0.036214 0.013167
v -0.03564726 0.03577523 0.01490044
v -0.03477003 0.03418175 0.01588521
v -0.02658796 0.03797873 0.01381855
v -0.02253428 0.03803033 0.01536673
v -0.02096115 0.03812284 0.01560232
v -0.0138406 0.03833451 0.01536052
v -0.01191287 0.03824133 0.01645519
v -0.009476648 0.03836635 0.01591804
v -0.007431164 0.03839562 0.01631009
v -0.006581858 0.03839845 0.01828774
v -0.004030677 0.0384121 0.01880236
v -0.001885513 0.03822891 0.01939664
v 0.004338758 0.03529965 0.02250977
v 0.00639791 0.03508201 0.02379328
v 0.01156403 0.03463895 0.02446483
v 0.01362994 0.03469396 0.02483344
v 0.0153556 0.03473932 0.02605644
v 0.01706617 0.03477718 0.02455441
v 0.01914817 0.03487892 0.02488953
v 0.02219656 0.03528769 0.02493561
v 0.03108446 0.03814083 0.0243828
v 0.03558329 0.03949595 0.02439268
v 0.03843436 0.0404052 0.02417942
v 0.04085048 0.04124332 0.0236048
v 0.04366653 0.04275119 0.02373647
v 0.0472972 0.04435715 0.0229471
v 0.04965571 0.0452295 0.02167656
v -0.06885168 0.1097165 0.03802095
v -0.06868371 0.1105346 0.03976696
v -0.07055067 0.03475662 0.009393192
v -0.06643121 0.03389029 0.01009297
v -0.06344681 0.03376153 0.01082283
v -0.06176317 0.03373252 0.01209349
v -0.05946148 0.03361767 0.01178008
v -0.05741387 0.03363929 0.01217797
v -0.05544981 0.03351688 0.01269593
v -0.05355173 0.03355124 0.01394527
v -0.03375132 0.03382386 0.01710716
v -0.03189188 0.03386388 0.01720873
v -0.02976978 0.03457057 0.01779939
v -0.02617722 0.03781972 0.01574554
v -0.02428259 0.03802889 0.01653018
v -0.01863312 0.03815633 0.01587078
v -0.01633067 0.03822089 0.01646632
v -0.01000529 0.03832 0.01856853
v -0.0009606905 0.03844082 0.02172644
v 0.0008196527 0.03748466 0.02175164
v 0.01469069 0.03478726 0.02768664
v 0.01711919 0.0348711 0.02720887
v 0.01965684 0.03509117 0.02691428
v 0.02201052 0.03588721 0.02788131
v 0.02459867 0.03681441 0.0260832
v 0.02713097 0.03765434 0.02580416
v 0.03309238 0.03938384 0.02550859
v 0.03640187 0.04123429 0.02690506
v 0.04129222 0.042693 0.02603829
v 0.04720594 0.04601705 0.02589784
v 0.04914894 0.04636334 0.02421757
v -0.06637664 0.06911479 0.03436421
v -0.06908528 0.03463077 0.01090204
v -0.06844778 0.03492325 0.0123516
v -0.06693474 0.03408776 0.01171923
v -0.06504075 0.03393077 0.01213542
v -0.06236667 0.03384173 0.01365451
v -0.05988687 0.0337322 0.01425927
v -0.05639573 0.03359933 0.01508911
v -0.03517615 0.03455995 0.01870193
v -0.03287188 0.03393211 0.01960361
v -0.03028546 0.03465632 0.01940203
v -0.02682161 0.03789351 0.0173117
v -0.02304365 0.0380002 0.01800304
v -0.02044294 0.0381246 0.01841101
v -0.01837699 0.03817134 0.01880673
v -0.01545899 0.03826926 0.01840326
v -0.01292404 0.03823647 0.01895223
v -0.01067877 0.03831667 0.0202427
v -0.007567295 0.03842762 0.02077302
v -0.005166434 0.03849147 0.02030109
v 0.003965378 0.03659243 0.02383935
v 0.005204586 0.0361526 0.02438519
v 0.006692187 0.0368909 0.02636209
v 0.008577027 0.0352129 0.02587354
v 0.01075749 0.03487805 0.02683318
v 0.01316574 0.0347732 0.0273899
v 0.01644127 0.03487026 0.02886951
v 0.01854845 0.03500191 0.02919248
v 0.02083464 0.03549636 0.02915777
v 0.02947739 0.03897634 0.02662882
v 0.03107109 0.03967335 0.02665919
v 0.03376747 0.04059498 0.02682333
v 0.04294681 0.04418233 0.02685236
v 0.04521219 0.04436896 0.02533335
v -0.0703437 0.1470448 -0.02661696
v -0.07075385 0.1109344 0.04393493
v -0.07503083 0.06733047 0.01788222
v -0.08290886 0.110139 0.03830296
v -0.06578207 0.03496738 0.01511192
v -0.06405713 0.03406122 0.01395822
v -0.06300274 0.03394467 0.01517879
v -0.06103453 0.03385943 0.01627509
v -0.05755227 0.03363235 0.01661431
v -0.05472304 0.03346196 0.01690568
v -0.053835 0.032987 0.017951
v -0.03619 0.035599 0.019269
v -0.03524478 0.03449262 0.0205144
v -0.03294056 0.03395159 0.02131949
v -0.02800107 0.03787291 0.01971735
v -0.02478336 0.0379126 0.01952062
v -0.02196603 0.03809193 0.02084323
v -0.01991964 0.03814087 0.0212263
v -0.01764759 0.03823702 0.02115341
v -0.01450101 0.03828495 0.02083422
v -0.009394838 0.03847431 0.02262041
v -0.006141566 0.03854928 0.02276128
v -0.003323694 0.03854824 0.02214056
v 0.002731907 0.03777152 0.02399649
v 0.008581086 0.0368407 0.02792967
v 0.01145804 0.0352349 0.02853863
v 0.01283017 0.03494664 0.0298434
v 0.01524614 0.03483483 0.03047462
v 0.022612 0.03682872 0.03108314
v 0.02477457 0.03781899 0.02893841
v 0.027948 0.03938439 0.02869196
v 0.02981047 0.04128083 0.02933494
v 0.03191426 0.04189645 0.02841208
v 0.03398195 0.04232444 0.02829558
v 0.0385397 0.04198682 0.02703211
v 0.04389328 0.04539641 0.02775165
v -0.07975461 0.07348547 0.02115981
v 0.03937341 0.03920841 0.002985073
v -0.07610154 0.07570461 0.0325369
v -0.08900671 0.1142527 0.02548066
v -0.09132442 0.115734 0.03201462
v -0.08075476 0.1096444 0.03851904
v -0.0783327 0.1092642 0.03999166
v -0.06468839 0.03525027 0.01674972
v -0.06279329 0.03415569 0.01698313
v -0.05984759 0.0337708 0.01689498
v -0.05655315 0.03368047 0.01906045
v -0.03631577 0.03525554 0.02225734
v -0.0345352 0.03411037 0.02252987
v -0.03084135 0.03469946 0.02197946
v -0.02748358 0.03772989 0.0218611
v -0.02438466 0.03800791 0.02132345
v -0.01458922 0.03835539 0.02361845
v -0.01191115 0.03840553 0.02280733
v -0.007744688 0.03853986 0.02470794
v -0.0052528 0.03861246 0.02470074
v -0.002872767 0.0386447 0.02425757
v 0.0007536072 0.03877871 0.02483404
v 0.00275813 0.03899222 0.0268819
v 0.005006476 0.03812052 0.0262295
v 0.007532197 0.03826579 0.02854648
v 0.01031956 0.03651887 0.02980444
v 0.01342843 0.03476747 0.03287834
v 0.01655864 0.03495805 0.03182434
v 0.01862288 0.03510769 0.03181586
v 0.02073463 0.03590127 0.03244505
v 0.02574242 0.03887538 0.03025201
v 0.03625595 0.04379294 0.02946837
v 0.04000376 0.04363366 0.02849396
v 0.04146235 0.04493752 0.02916272
v -0.07903599 0.1097882 0.04197212
v -0.09064462 0.1154771 0.03062223
v -0.06478802 0.07218928 0.03795418
v -0.0714952 0.1095109 0.03956142
v -0.06707111 0.06623584 0.02944417
v -0.0892899 0.1141175 0.04253738
v -0.06582386 0.07400389 0.03880591
v -0.0904648 0.1140335 0.03969267
v -0.07714428 0.1092981 0.0411181
v -0.0748693 0.1062341 0.0366551
v -0.06819246 0.06780429 0.03118098
v -0.04868656 0.07080288 0.03988945
v -0.06109439 0.03408971 0.01898246
v -0.05895002 0.03381542 0.01882265
v -0.05610505 0.03372596 0.02126825
v -0.05421275 0.03375969 0.02017924
v -0.0530915 0.03321173 0.02036053
v -0.03559935 0.03411939 0.02498498
v -0.03297669 0.03417016 0.02434356
v -0.02347669 0.03810372 0.0232307
v -0.0217167 0.03819607 0.02440797
v -0.01881258 0.03827285 0.02403384
v -0.01641719 0.03831802 0.02358254
v -0.01262273 0.03844236 0.02515101
v -0.001951227 0.03877083 0.02613321
v -0.0001719119 0.03892135 0.02725715
v 0.005050809 0.03911492 0.02821518
v 0.009206259 0.03803881 0.03087606
v 0.01150995 0.03554752 0.03176693
v 0.01752796 0.03495551 0.0344402
v 0.019511 0.03550573 0.03528308
v 0.02415902 0.03872626 0.03335805
v 0.02582266 0.03983723 0.03212491
v 0.03327423 0.04412505 0.02946498
v 0.04412089 0.04662079 0.02915282
v -0.05594537 0.06362826 0.03160457
v -0.07255164 0.07379095 0.03490695
v -0.07149285 0.0720215 0.03403535
v -0.07507292 0.1090967 0.03996168
v -0.08417897 0.1116441 0.04366452
v -0.08920868 0.1137276 0.03157334
v -0.07737191 0.1088639 0.03874355
v -0.05940647 0.07258969 0.04032944
v -0.09038203 0.1140381 0.03359653
v -0.05301508 0.06301189 0.03157956
v -0.05891543 0.03392173 0.02130352
v -0.05216242 0.03365227 0.02424892
v -0.03782652 0.0355236 0.02438928
v -0.03730921 0.03407975 0.02653637
v -0.0331945 0.03453058 0.02684255
v -0.03040572 0.03606582 0.02445346
v -0.02527579 0.03802514 0.0235273
v -0.01944263 0.03834547 0.02565962
v -0.01717586 0.03846249 0.02690544
v -0.01477326 0.03851856 0.02644134
v -0.0135668 0.03854857 0.02756219
v -0.009938343 0.03855246 0.02605837
v -0.009435698 0.038664 0.02831613
v -0.007192436 0.03867306 0.0272603
v -0.00518537 0.03871198 0.02733317
v 0.0007555596 0.03905373 0.02914858
v 0.00338051 0.03921411 0.02953483
v 0.006025776 0.03930465 0.03102764
v 0.01018843 0.03563318 0.03400637
v 0.01161088 0.03481854 0.03509013
v 0.01402304 0.03472519 0.0361877
v 0.01610284 0.03479649 0.03519973
v 0.01883551 0.03547075 0.03697049
v 0.0221418 0.03733323 0.03491321
v -0.03534184 0.03725305 0.04726393
v -0.07125233 0.06473509 0.02119484
v 0.04025326 0.04634171 0.03114867
v -0.08621076 0.1113564 0.03474185
v -0.06163196 0.07146697 0.03850436
v -0.05998463 0.06058951 -0.0009424456
v -0.07555029 0.1097406 0.0428964
v -0.07194844 0.06611739 0.02237231
v -0.0609569 0.03412771 0.02237975
v -0.05648424 0.03390271 0.02368025
v -0.05426929 0.03379757 0.02331238
v -0.04325034 0.03384078 0.02654874
v -0.04123941 0.03387595 0.02699245
v -0.03899886 0.03412893 0.0272023
v -0.02884372 0.03784687 0.0248159
v -0.02827154 0.03795717 0.02686766
v -0.02600058 0.03812156 0.02539198
v -0.02373251 0.03821166 0.0266841
v -0.0118279 0.03863216 0.02875354
v -0.007141143 0.03884645 0.02950615
v -0.004724949 0.03883469 0.02942982
v -0.002699886 0.03891034 0.02946788
v -0.0005999967 0.039046 0.02977815
v 0.001190091 0.03922042 0.03089883
v 0.003413815 0.03930355 0.03220119
v 0.008460224 0.03856483 0.03312674
v 0.00882313 0.0347909 0.03629191
v 0.01113946 0.03461364 0.03793241
v 0.01307975 0.03471994 0.0385484
v 0.01509721 0.03482016 0.03768144
v 0.02118556 0.03714783 0.03750996
v -0.06768838 0.06393829 0.02429422
v -0.07990606 0.07558257 0.02574043
v -0.0786887 0.1157216 0.04957083
v -0.07219188 0.1487331 -0.03443945
v -0.06950516 0.07133421 0.03484502
v -0.08820108 0.112459 0.03342184
v -0.05301602 0.06457216 0.03392558
v -0.065322 0.06392515 0.02653815
v -0.06327495 0.06132269 -0.0009734836
v -0.06131629 0.06031072 0.0008162239
v -0.0628669 0.06306899 0.02678093
v -0.06208212 0.07384677 0.04037427
v -0.06046957 0.0629786 0.02808319
v -0.07372651 0.07040738 0.02937809
v -0.06393438 0.03512301 0.02292266
v -0.05912299 0.03406945 0.02403707
v -0.05122686 0.03417021 0.02721473
v -0.04969463 0.03403766 0.0276608
v -0.04753592 0.0338224 0.02749737
v -0.04629812 0.03405589 0.02862927
v -0.04417453 0.03408134 0.02874868
v -0.04214964 0.03442109 0.0301272
v -0.04052455 0.034297 0.02933958
v -0.03818113 0.03425283 0.02899343
v -0.0358186 0.03424419 0.02861278
v -0.03411728 0.03454659 0.02873061
v -0.03197853 0.03577024 0.02806275
v -0.02729835 0.03817337 0.02867806
v -0.02572082 0.03826627 0.02891758
v -0.02195403 0.03835474 0.02781235
v -0.01987356 0.03847104 0.02813935
v -0.01487699 0.03860859 0.02949455
v -0.01193142 0.03873655 0.03043566
v -0.009868444 0.03878532 0.03081504
v -0.008095797 0.03893606 0.03194406
v -0.00570917 0.03897446 0.03149132
v -0.002696152 0.03908049 0.03158389
v 1.266293e-05 0.03922585 0.03243383
v 0.00191662 0.03936088 0.03362659
v 0.005942883 0.03958412 0.03349454
v 0.005199109 0.03484382 0.03728704
v 0.006724 0.034672 0.037888
v 0.008826984 0.03462426 0.03831977
v 0.01622709 0.03513666 0.03986839
v 0.01768895 0.03528921 0.0383915
v 0.02022193 0.03683055 0.03908106
v -0.05862684 0.06271001 0.02863051
v -0.08461759 0.07843167 0.01873165
v -0.08153466 0.07686517 0.02384402
v -0.04686649 0.06900518 0.04016276
v -0.07307655 0.1482828 -0.02653362
v -0.07909968 0.1086755 0.03488562
v -0.07751401 0.1073987 0.03441614
v -0.04894733 0.06598647 0.03728939
v -0.08688945 0.1113438 0.03639043
v -0.07503986 0.113006 0.04919628
v -0.07220149 0.112465 0.04865287
v -0.06616329 0.06243104 -0.000978957
v -0.06375369 0.06091678 0.001754939
v -0.06210024 0.06010542 0.002699797
v -0.059974 0.05950438 0.003870667
v -0.07652451 0.07174304 0.02725976
v -0.07325472 0.1135898 0.05010553
v -0.06209748 0.03422511 0.0249516
v -0.05916501 0.03417336 0.0263946
v -0.0568669 0.03407769 0.02609949
v -0.05478639 0.03415354 0.02646017
v -0.05272289 0.03420756 0.02685889
v -0.03832839 0.03434108 0.03123047
v -0.03512231 0.0345809 0.03161817
v -0.03234133 0.03662849 0.03082715
v -0.03065464 0.03762054 0.02849477
v -0.02925759 0.03798792 0.02934919
v -0.02341445 0.0384652 0.03010375
v -0.01911496 0.03858789 0.03044745
v -0.01688688 0.03864971 0.03039695
v -0.01129921 0.03893725 0.03308251
v 0.003204041 0.03958802 0.03473684
v 0.002572751 0.03483106 0.03858136
v 0.007720031 0.0345881 0.04086207
v 0.01008932 0.03461215 0.04041159
v 0.01271301 0.0347633 0.04082893
v 0.01776839 0.0361955 0.04138761
v -0.07709946 0.07079555 0.02369517
v -0.04934847 0.06827986 0.03847678
v -0.08907151 0.1138148 0.02398716
v -0.07671159 0.07461759 0.03070665
v -0.07189899 0.1482781 -0.03249645
v -0.07792371 0.08012852 0.03434644
v -0.07268353 0.07200525 0.03291894
v -0.07334322 0.06903731 0.02745963
v -0.0785253 0.07759573 0.0313115
v -0.08231073 0.1103481 0.04089707
v -0.06883448 0.06382108 -0.0001342796
v -0.06746739 0.06279054 0.001137535
v -0.06557389 0.06194159 0.001432689
v -0.06075037 0.05925124 0.005735239
v -0.05814751 0.05792718 0.007070296
v -0.0673744 0.0705536 0.03529146
v -0.05881676 0.07011931 0.03838088
v -0.06325347 0.03436336 0.02704264
v -0.06133554 0.03417489 0.02770207
v -0.05809277 0.0342282 0.02921144
v -0.05623202 0.03424036 0.02870689
v -0.05416698 0.03431316 0.02909288
v -0.051596 0.03437512 0.0295686
v -0.04838326 0.03440417 0.02979056
v -0.04425027 0.03451133 0.0318897
v -0.03995756 0.03433788 0.03207643
v -0.03719741 0.03443915 0.03344583
v -0.02210094 0.03858296 0.03147334
v -0.01936459 0.03873241 0.03250613
v -0.01678347 0.03880469 0.03297596
v -0.01424096 0.03883178 0.03211136
v -0.01345129 0.03901182 0.03436999
v -0.00972998 0.0390382 0.03331598
v -0.006148105 0.03908773 0.03401016
v -0.004073635 0.0392071 0.03434715
v -0.001979679 0.03930075 0.03478457
v -1.826722e-05 0.03960762 0.03537376
v -0.001504 0.035073 0.039435
v -0.0001795431 0.03476421 0.0399555
v 0.004438534 0.03464035 0.04031903
v 0.006222887 0.0346243 0.04052405
v 0.0115851 0.03486695 0.04229109
v 0.01528912 0.03522709 0.04152418
v -0.08021242 0.1091529 0.03235069
v -0.070932 0.147597 -0.03001
v -0.07019563 0.06987965 0.03245466
v -0.05722744 0.07303528 0.04095574
v -0.08027951 0.07462608 0.02296415
v -0.08722516 0.112871 0.04329269
v -0.07847168 0.1142922 0.04842964
v -0.08236301 0.07937965 0.02789868
v -0.06544364 0.06307774 0.02483096
v -0.06895051 0.06321937 0.002290154
v -0.06750517 0.06206725 0.003515818
v -0.06530189 0.06087086 0.004172059
v -0.06361104 0.06019335 0.005153486
v -0.06021307 0.05866748 0.008176663
v -0.08744118 0.1140719 0.04476331
v -0.06479474 0.03461559 0.02840554
v -0.06193097 0.03427141 0.02924547
v -0.05960966 0.03422068 0.02889687
v -0.05427479 0.03438263 0.03076044
v -0.05122027 0.03440954 0.03137324
v -0.04626404 0.03452502 0.03144018
v -0.04204726 0.03449404 0.03324661
v -0.03954051 0.03443841 0.03383573
v -0.0352875 0.03461517 0.0340241
v -0.032525 0.0372 0.032926
v -0.03016124 0.03820592 0.0316929
v -0.02827074 0.03850463 0.03266912
v -0.02644243 0.03848386 0.03217031
v -0.02433054 0.03864423 0.03298074
v -0.02165886 0.03874215 0.03321933
v -0.01562308 0.0390306 0.03571196
v -0.01116683 0.03916554 0.03560508
v -0.007808921 0.03917743 0.03541282
v -0.005495321 0.03938414 0.03657931
v -0.00388 0.039494 0.03681
v -0.005252 0.035009 0.040518
v -0.002710035 0.03477424 0.04119351
v -0.0002102653 0.03462533 0.04280136
v 0.002017679 0.03461077 0.0414494
v 0.005255941 0.03471718 0.04293268
v 0.007314795 0.03476526 0.04332307
v 0.009561378 0.03505961 0.0436412
v 0.01431203 0.03569573 0.04306947
v 0.01617533 0.03725977 0.04357713
v -0.05476083 0.07271258 0.04053796
v -0.07791712 0.07869502 0.03314316
v -0.06409039 0.06742383 0.03367022
v -0.07276677 0.1483373 -0.03058823
v -0.07791271 0.07311489 0.02670898
v -0.08879592 0.1143534 0.02908237
v -0.07347113 0.1087897 0.03860354
v -0.07751666 0.07662062 0.03146231
v -0.07945419 0.1090057 0.03716089
v -0.070472 0.0629009 0.00582462
v -0.06797952 0.06153149 0.005699872
v -0.06590531 0.06065723 0.007027862
v -0.06307584 0.05958634 0.0076429
v -0.06179423 0.05875459 0.0102778
v -0.05980031 0.05812528 0.01158589
v -0.06387433 0.03436012 0.03137534
v -0.06185827 0.03431422 0.03183063
v -0.05951206 0.034325 0.03143849
v -0.05666795 0.03430431 0.03120532
v -0.0538817 0.03443197 0.03255217
v -0.05079631 0.0345144 0.03313287
v -0.04844602 0.03452523 0.03274924
v -0.04316866 0.03457414 0.03469778
v -0.04018201 0.03445921 0.03543566
v -0.03715143 0.03442802 0.03609412
v -0.03390472 0.03430192 0.0367605
v -0.03018388 0.03844055 0.03429473
v -0.02123727 0.03889118 0.03496966
v -0.01804682 0.03896584 0.03507944
v -0.01330797 0.03925774 0.03686314
v -0.01134089 0.03926296 0.03733188
v -0.009082547 0.03938564 0.03709197
v -0.007585 0.039512 0.037828
v -0.007985029 0.03484245 0.04163128
v -0.004952856 0.03474895 0.04255378
v -0.002407541 0.03460115 0.04415327
v 0.00177195 0.03488076 0.04475629
v 0.003656932 0.03477921 0.04375995
v 0.01160364 0.03584244 0.04435736
v 0.01570413 0.03967018 0.04414029
v -0.0741209 0.07584739 0.03492676
v -0.08158832 0.1118552 0.04507164
v -0.0773477 0.07166091 0.02523132
v -0.08026355 0.07835724 0.03018622
v -0.05754185 0.06885349 0.03766593
v -0.07890054 0.07471361 0.02673673
v -0.05505179 0.06924119 0.03818832
v -0.07330816 0.06578572 0.003624188
v -0.07123733 0.06390926 0.00420314
v -0.06978044 0.06190091 0.007750013
v -0.06745978 0.0608811 0.008258857
v -0.06502367 0.06004713 0.008642482
v -0.06443998 0.05952662 0.01102864
v -0.05832616 0.05775301 0.01395426
v -0.0569976 0.05735335 0.01433431
v -0.08270043 0.1152911 0.04796625
v -0.06607822 0.03500864 0.03066455
v -0.06047361 0.03434213 0.03384614
v -0.05804609 0.03439534 0.03286499
v -0.0560422 0.03444489 0.03382761
v -0.05348868 0.03448302 0.0343297
v -0.04991742 0.03453476 0.03505442
v -0.04654336 0.03454422 0.03488891
v -0.03859556 0.03452262 0.03833809
v -0.03623667 0.03452744 0.03796032
v -0.03467401 0.03455663 0.03959417
v -0.02886402 0.03861646 0.03610494
v -0.02657494 0.03879138 0.03545729
v -0.02423944 0.03892295 0.03581336
v -0.02170937 0.03902832 0.03714879
v -0.01935041 0.03903169 0.03673797
v -0.01290269 0.03941512 0.03860008
v -0.01129 0.039529 0.038844
v -0.01230945 0.03492551 0.04261588
v -0.007715471 0.03462531 0.04391587
v -0.004396041 0.03466805 0.04523973
v -2.924952e-05 0.0349244 0.04523918
v 0.003841156 0.03611354 0.04601669
v 0.0059797 0.0356847 0.04550681
v 0.007724874 0.03566398 0.04508385
v 0.009887 0.037368 0.045072
v -0.08047166 0.07724081 0.02801143
v -0.08202936 0.07634564 0.02147578
v -0.06087346 0.06615019 0.03357965
v -0.07114621 0.1473606 -0.0280103
v -0.08673171 0.1120859 0.03227328
v -0.07741716 0.1085894 0.03720175
v -0.06107115 0.06240414 0.02609947
v -0.07647413 0.115976 0.05115235
v -0.06651806 0.06041114 0.009812897
v -0.06676203 0.06020355 0.01173351
v -0.06082787 0.05828166 0.01366446
v -0.06514293 0.03467568 0.03395681
v -0.05822344 0.03440375 0.03514351
v -0.05309274 0.03453224 0.03611016
v -0.04799609 0.0345881 0.03716053
v -0.0451259 0.03462734 0.03686697
v -0.04239227 0.03452962 0.03764978
v -0.03237365 0.03433079 0.03952323
v -0.03033157 0.03453056 0.0409212
v -0.02512992 0.03904426 0.03836196
v -0.02119993 0.03918325 0.03889532
v -0.019201 0.039275 0.03923
v -0.01726 0.03927814 0.0382312
v -0.017114 0.03937 0.039577
v -0.01528229 0.03926862 0.03870731
v -0.014994 0.039546 0.039858
v -0.01563977 0.03468575 0.04372596
v -0.01330361 0.03471767 0.04532447
v -0.0106777 0.03478401 0.04405609
v -0.006823793 0.03477193 0.04650069
v 0.00104489 0.03615459 0.0465342
v 0.004810301 0.0380889 0.04583785
v 0.006949267 0.03856749 0.04548176
v -0.08333205 0.1129761 0.04601161
v -0.09092324 0.114367 0.03508848
v -0.0605075 0.06826526 0.03608866
v -0.0834953 0.1104107 0.03962528
v -0.08517038 0.1130432 0.04533928
v -0.07112004 0.1102408 0.04172601
v -0.05903943 0.06816132 0.03649345
v -0.07507898 0.06740158 0.003687046
v -0.07470518 0.06639802 0.006233039
v -0.07291682 0.06479615 0.006389333
v -0.07193402 0.06324271 0.009809952
v -0.06990572 0.06167954 0.01065005
v -0.06845111 0.0610481 0.0101879
v -0.06333995 0.05906154 0.01346827
v -0.06081568 0.05862263 0.01596492
v -0.05824064 0.05792728 0.01629721
v -0.07698883 0.1130141 0.04801036
v -0.06309738 0.03442797 0.03495549
v -0.06142856 0.03435538 0.03624279
v -0.05886127 0.03441911 0.03672879
v -0.05600718 0.03441831 0.03647051
v -0.05377459 0.03446424 0.03778565
v -0.05085226 0.0345759 0.03743566
v -0.0486491 0.03457621 0.0387781
v -0.04643916 0.03457446 0.04011803
v -0.04359373 0.0345674 0.03985358
v -0.04057269 0.0345719 0.03920166
v -0.03915355 0.03490729 0.04161468
v -0.03776071 0.03479615 0.0417741
v -0.03666696 0.03460654 0.04041902
v -0.03443216 0.0346487 0.04174468
v -0.02962501 0.03475771 0.04356337
v -0.02460665 0.03492685 0.04361611
v -0.02228764 0.03480394 0.04420674
v -0.02024286 0.03460479 0.04549374
v -0.01824585 0.03471691 0.04497023
v -0.01564874 0.03473101 0.04568696
v -0.009273488 0.03465848 0.04625278
v -0.001476595 0.03578497 0.04714962
v -0.07659085 0.1174795 0.05187443
v -0.08616671 0.1125376 0.0297649
v -0.07788904 0.07445839 0.02855837
v -0.06678668 0.07663217 0.03989542
v -0.06615738 0.06738901 0.03226683
v -0.07643397 0.1077903 0.03624915
v -0.05007777 0.06986717 0.03866075
v -0.06451791 0.07673011 0.04096289
v -0.0590379 0.06184775 0.02613496
v -0.07590586 0.07048082 0.02597066
v -0.073933 0.072514 0.032215
v -0.0519593 0.06925832 0.03800614
v -0.07167521 0.0683659 0.02839268
v -0.06853703 0.1484235 -0.03382451
v -0.05242879 0.07205417 0.04024875
v -0.0810512 0.07718685 0.02621403
v -0.06805944 0.06943694 0.03360617
v -0.07453016 0.07420843 0.03326253
v -0.07320937 0.0645387 0.008699068
v -0.06954881 0.0614839 0.01330467
v -0.06828056 0.06088977 0.01439647
v -0.06585711 0.05985653 0.01386665
v -0.06256447 0.05905541 0.01549599
v -0.05741174 0.05840379 0.01874484
v -0.05979823 0.0344684 0.03908948
v -0.05727982 0.03444009 0.03965354
v -0.05491477 0.03447786 0.03925842
v -0.05371665 0.03449398 0.04036996
v -0.05184039 0.03455017 0.03984816
v -0.04962366 0.03457183 0.04118188
v -0.03504672 0.03500163 0.04471985
v -0.03217415 0.03474215 0.04302782
v -0.02725126 0.03455178 0.0437199
v -0.02485673 0.03481063 0.04542224
v -0.02243034 0.03480219 0.04698962
v -0.01781985 0.03471838 0.04699678
v -0.01527452 0.03474929 0.04750238
v -0.0113924 0.03476679 0.04742609
v -0.008988217 0.0357245 0.04912871
v -0.004409391 0.03592478 0.0481025
v -0.06586702 0.07089351 0.03636742
v -0.06876884 0.07704105 0.03924612
v -0.0702793 0.07306892 0.0360396
v -0.06940998 0.1488699 -0.03674584
v -0.07704287 0.06940011 0.01976956
v -0.09086505 0.1132652 0.01850648
v -0.07519148 0.06827656 0.02070253
v -0.07402404 0.06757354 0.02154877
v -0.08462697 0.07777431 0.01577718
v -0.08744972 0.1115574 0.03786644
v -0.08903429 0.1120309 0.01884426
v -0.05273623 0.06573532 0.03554706
v -0.07318151 0.06755735 0.02350594
v -0.07095877 0.06644866 0.02475232
v -0.06940139 0.06472473 0.02375527
v -0.0676882 0.06485809 0.02611612
v -0.06815788 0.07500484 0.03832009
v -0.07287443 0.06427746 0.01140002
v -0.07094296 0.06256935 0.01239357
v -0.06691786 0.06056593 0.01631126
v -0.06428057 0.05967979 0.01620447
v -0.06082363 0.05917978 0.01820661
v -0.05900268 0.05850116 0.01777046
v -0.08908509 0.1126176 0.03844632
v -0.06411622 0.03471848 0.03787714
v -0.06232375 0.03450429 0.03851894
v -0.05584917 0.03451584 0.04160836
v -0.05232369 0.03450301 0.04237734
v -0.04698519 0.03491031 0.04318292
v -0.04458036 0.03478929 0.04191218
v -0.0426314 0.03521141 0.04245256
v -0.04066232 0.03530893 0.04219963
v -0.03837001 0.03702793 0.0435195
v -0.03664508 0.03512885 0.04373105
v -0.0341763 0.03506432 0.04620027
v -0.0316912 0.03484359 0.04508313
v -0.02478003 0.0348812 0.04797787
v -0.01783135 0.03479665 0.04911593
v -0.01499492 0.03515937 0.04984583
v -0.01294959 0.03499756 0.04869631
v -0.006875833 0.03601949 0.04876888
v -0.005806093 0.03790971 0.04853867
v -0.08499445 0.1106148 0.0381837
v -0.08262913 0.07589359 0.01562311
v -0.07172689 0.07084313 0.03234939
v -0.06753749 0.1124704 0.04450445
v -0.08146664 0.1107902 0.04334506
v -0.05681652 0.0625898 0.02930896
v -0.08392778 0.1108992 0.03294107
v -0.0644156 0.07550063 0.04042045
v -0.07791084 0.07019298 0.005808346
v -0.07758754 0.0693411 0.00877803
v -0.05441498 0.06274157 0.03044612
v -0.07446567 0.06576212 0.01064118
v -0.07212118 0.06401409 0.0135636
v -0.07049731 0.06240576 0.01531602
v -0.06541002 0.06049268 0.01803492
v -0.06338416 0.05986279 0.01812618
v -0.06061892 0.05973384 0.02029423
v -0.05843828 0.05928826 0.02051607
v -0.06587945 0.03575957 0.03841306
v -0.06450303 0.03553683 0.04054938
v -0.06238719 0.03480476 0.04154909
v -0.06050149 0.03459773 0.04225649
v -0.05821095 0.03446983 0.04199465
v -0.05413892 0.03458384 0.04333151
v -0.05018125 0.03479133 0.04418217
v -0.07530272 0.0735371 0.03162858
v -0.08662351 0.111774 0.04144943
v -0.03679231 0.03707785 0.04537951
v -0.03033697 0.03489358 0.04677198
v -0.02832333 0.03489124 0.04720595
v -0.02628386 0.03491056 0.04762496
v -0.0231079 0.03481062 0.04924997
v -0.02027169 0.03479908 0.04901561
v -0.01725476 0.03559229 0.05147599
v -0.01287675 0.0359912 0.0504375
v -0.01101067 0.03611734 0.04994014
v -0.01007752 0.0376752 0.04980146
v -0.07861581 0.07249175 0.02337371
v -0.08261898 0.07643439 0.01924829
v -0.07021453 0.06851963 0.03031638
v -0.0633681 0.07038725 0.0369808
v -0.07284414 0.0729505 0.03382257
v -0.06068763 0.06978784 0.03738344
v -0.07494291 0.0718254 0.02995722
v -0.07333598 0.07146747 0.03149548
v -0.06244841 0.06842777 0.03553489
v -0.0572757 0.06651501 0.03537201
v -0.07790835 0.07079584 0.02142006
v -0.05507032 0.06566206 0.03496426
v -0.06943895 0.06707015 0.02840071
v -0.0643641 0.06863304 0.03495227
v -0.08896946 0.1129702 0.04086714
v -0.08021802 0.07160085 0.007363489
v -0.07613579 0.06773038 0.01093469
v -0.07408164 0.06563433 0.01233765
v -0.07265886 0.06428031 0.01504323
v -0.07133947 0.0630903 0.01691098
v -0.06912284 0.06179002 0.0170204
v -0.06761881 0.06148102 0.01842805
v -0.06230422 0.06009674 0.01994349
v -0.05972028 0.06014379 0.02199694
v -0.08622005 0.1112774 0.04016436
v -0.05908169 0.03476271 0.04382982
v -0.07148925 0.1113916 0.04606842
v -0.08936384 0.1127489 0.03648193
v -0.04823319 0.03517923 0.04443684
v -0.08091244 0.1101652 0.04146688
v -0.05093304 0.07257969 0.04102023
v -0.03361704 0.03596603 0.04865585
v -0.03201189 0.03492297 0.04802174
v -0.02571524 0.03491813 0.05029819
v -0.02345357 0.03500416 0.05158519
v -0.02183724 0.03519041 0.0517866
v -0.02004775 0.03510364 0.05135239
v -0.06980341 0.1492926 -0.03940067
v -0.06558703 0.155451 -0.05020337
v -0.04394909 0.1510144 -0.005681564
v -0.0283578 0.1605415 -0.0139087
v -0.06324211 0.1442226 -0.009162381
v -0.05312096 0.1391224 -0.0005338051
v -0.03187704 0.1537257 -0.006030535
v -0.02362831 0.1586712 -0.01128216
v -0.04975351 0.145771 -0.001007377
v -0.009238584 0.1720155 -0.02674712
v -0.07177883 0.1444545 -0.01555597
v -0.06147878 0.1671865 -0.06017177
v -0.06474304 0.1501215 -0.0318794
v -0.06489279 0.152809 -0.03817972
v -0.01438818 0.1633239 -0.01660425
v -0.06432403 0.1439191 -0.0118526
v -0.04695708 0.151675 -0.00525224
v -0.06372738 0.1553411 -0.03941289
v -0.04672357 0.1479606 -0.003149065
v -0.0693222 0.1502761 -0.042749
v -0.02710847 0.1617885 -0.01481998
v -0.03376955 0.1526184 -0.004795163
v -0.06661414 0.1522324 -0.0446912
v -0.06633065 0.1515317 -0.03948284
v -0.01843126 0.1647458 -0.017629
v -0.04143339 0.1508862 -0.005788666
v -0.03837989 0.1513966 -0.005661522
v -0.0662862 0.1538575 -0.04851971
v -0.03887748 0.1526693 -0.00735667
v -0.04499976 0.1466083 -0.0005729978
v -0.04397314 0.1474228 -0.001878077
v -0.05455514 0.1400399 -0.001882921
v -0.03819834 0.1544457 -0.008875102
v -0.06474151 0.1573286 -0.05221069
v -0.06824977 0.15109 -0.04393201
v -0.01365342 0.1670251 -0.0212464
v -0.04238869 0.1485699 -0.003102661
v -0.06334565 0.1617132 -0.05784967
v -0.06999237 0.1514522 -0.04489993
v -0.02848083 0.1568423 -0.01007918
v -0.06228984 0.1442623 -0.006194997
v -0.06522198 0.1466116 -0.02142822
v -0.06909174 0.1415873 -0.009045655
v -0.06412494 0.1394086 -0.007373353
v -0.06885092 0.1521315 -0.04654795
v -0.01386486 0.1647689 -0.01860598
v -0.03056533 0.1561277 -0.009759608
v -0.04744498 0.1463923 -0.001534781
v -0.03482798 0.1574379 -0.01140303
v -0.01564076 0.166598 -0.01998084
v -0.07212521 0.1466889 -0.02258064
v -0.01257248 0.1678056 -0.02257091
v -0.02727229 0.1594769 -0.01297889
v -0.06611761 0.1457131 -0.0202877
v -0.06458345 0.1420358 -0.008177818
v -0.04091546 0.1533735 -0.007835479
v -0.06286682 0.1503103 -0.02430255
v -0.06850945 0.1529109 -0.04819014
v -0.03502973 0.1554719 -0.009783078
v -0.01050481 0.1675961 -0.02298179
v -0.03240345 0.1587427 -0.01254017
v -0.06921963 0.1479076 -0.03180097
v -0.06448313 0.1465564 -0.01931609
v -0.02879317 0.1584176 -0.01217356
v -0.02663764 0.1581643 -0.01146829
v -0.06879071 0.1450335 -0.02017235
v -0.05200525 0.1406344 0.0006030451
v -0.07181137 0.1493906 -0.03888169
v -0.04635322 0.1499173 -0.004502287
v -0.06105896 0.1687673 -0.05971994
v -0.02317065 0.1569106 -0.006363949
v -0.06800951 0.1497951 -0.03852474
v -0.04129917 0.1483768 -0.001161464
v -0.02332454 0.16094 -0.01394903
v -0.0362014 0.1532657 -0.007545869
v -0.06478618 0.1455575 -0.01701276
v -0.06477634 0.1557028 -0.04432873
v -0.01056931 0.173859 -0.02829106
v -0.06248207 0.1639837 -0.05915068
v -0.03373351 0.1539706 -0.007727903
v -0.03024427 0.1577615 -0.01169151
v -0.06305528 0.1610421 -0.05400784
v -0.06415491 0.1487022 -0.02608009
v -0.01634431 0.1610095 -0.0132824
v -0.061072 0.144529 -0.004345
v -0.01949896 0.1611503 -0.01405421
v -0.01454246 0.1619715 -0.01461218
v -0.05403027 0.1381551 -0.001792953
v -0.01096345 0.1662426 -0.02113829
v -0.0255686 0.1602795 -0.01352752
v -0.01878291 0.1626921 -0.01569768
v -0.01863873 0.1599126 -0.01180546
v -0.06710715 0.1513804 -0.04210887
v -0.03198047 0.1570126 -0.01114858
v -0.06416539 0.1529633 -0.0361505
v -0.06674532 0.1401997 -0.007922937
v -0.06481126 0.1475802 -0.02399113
v -0.06605379 0.1496474 -0.0338105
v -0.04685262 0.1449695 0.002362882
v -0.02133738 0.1599129 -0.01253071
v -0.01348669 0.1658179 -0.01994605
v -0.06703452 0.144284 -0.01578099
v -0.07126618 0.1436022 -0.01336705
v -0.05044303 0.1475173 -0.002519373
v -0.05156998 0.1376377 0.0005281669
v -0.07006429 0.146144 -0.02387402
v -0.04911811 0.1482209 -0.003117065
v -0.02928717 0.1553934 -0.008038464
v -0.06419847 0.1584298 -0.05362754
v -0.06925889 0.1473195 -0.02877784
v -0.02754522 0.1553964 -0.003266614
v -0.06501074 0.1560599 -0.04704841
v -0.06920598 0.1438214 -0.01479729
v -0.06787759 0.1456671 -0.02211873
v -0.0656615 0.1534164 -0.04254964
v -0.06780801 0.1387573 -0.007871562
v -0.0504715 0.1415533 0.0025961
v -0.02495495 0.1572835 -0.009481436
v -0.06745089 0.1432603 -0.01268405
v -0.06559534 0.1511873 -0.03659876
v -0.04841122 0.1448922 0.0005961001
v -0.02702602 0.1559859 -0.007983088
v -0.07150424 0.1429319 -0.01005816
v -0.02926679 0.1545354 -0.00575225
v -0.06978542 0.1445692 -0.01780523
v -0.02680096 0.1554507 -0.005386366
v -0.06669649 0.1463669 -0.02367157
v -0.06311842 0.1471542 -0.01510464
v -0.06445449 0.14482 -0.01420017
v -0.01677862 0.1650996 -0.01824863
v -0.06712355 0.1417689 -0.00909827
v -0.06289291 0.1486554 -0.01722744
v -0.04348813 0.1525019 -0.006772038
v -0.02486954 0.1567074 -0.007924726
v -0.05111163 0.1432013 0.0008501081
v -0.06291725 0.1493673 -0.01980171
v -0.06320853 0.1529481 -0.03318083
v -0.04947579 0.1436846 0.002488721
v -0.0301523 0.1596268 -0.01331594
v -0.0710877 0.1499415 -0.04157926
v -0.03573505 0.1522047 -0.005665377
v -0.02111622 0.1585298 -0.009895793
v -0.02102396 0.1615404 -0.01446475
v -0.06497975 0.1492169 -0.02997302
v -0.009814808 0.1703461 -0.02600934
v -0.04042489 0.1495507 -0.00376015
v -0.01811027 0.1613954 -0.0142133
v -0.05348607 0.1418169 -0.0008834929
v -0.04631727 0.1457481 0.0001890628
v -0.01634583 0.1632649 -0.01642055
v -0.06637568 0.1530365 -0.04664705
v -0.06766884 0.15049 -0.04058507
v -0.06703785 0.1495272 -0.03555273
v -0.03523782 0.1518393 -0.003912002
v -0.06292579 0.1466502 -0.01342208
v -0.06543854 0.1427466 -0.01020134
v -0.06592585 0.1478224 -0.02795946
v -0.05566963 0.1379548 -0.00362961
v -0.06514605 0.1533187 -0.04038578
v -0.06422621 0.1495065 -0.02847845
v -0.06487485 0.1510139 -0.03416491
v -0.06442902 0.1552946 -0.04188294
v -0.06796818 0.1468252 -0.0265928
v -0.0670902 0.1481714 -0.03116961
v -0.06715545 0.1466945 -0.02551884
v -0.06683156 0.144959 -0.01842467
v -0.04399437 0.1491173 -0.004208479
v -0.03899856 0.1496512 -0.00226054
v -0.0673744 0.1542626 -0.05064949
v -0.06350501 0.1586836 -0.04545994
v -0.06294228 0.1459295 -0.011411
v -0.06388126 0.1599034 -0.05612377
v -0.06307971 0.1518558 -0.03026399
v -0.03087134 0.1538818 -0.002709537
f 5523 6007 5522
f 3550 6216 3438
f 800 832 6935
f 731 687 4189
f 4189 2497 629
f 877 731 876
f 832 800 1365
f 1465 740 847
f 6937 1101 4668
f 847 740 4065
f 375 876 1101
f 4488 4228 4020
f 877 687 731
f 4065 4559 4636
f 4559 4483 4636
f 4483 3983 1440
f 1830 1829 8385
f 4621 4666 6939
f 4760 4782 4814
f 1542 1378 373
f 1378 4203 1331
f 373 1378 1331
f 1331 4203 3899
f 4203 4245 3899
f 6937 375 1101
f 6343 6321 6301
f 3899 4245 4450
f 9919 9978 9975
f 23 6319 1033
f 5930 3550 3438
f 8706 8734 8705
f 4669 5329 4436
f 3864 3863 3065
f 4082 4131 4130
f 3078 3663 3718
f 1252 4740 4001
f 4455 4551 4550
f 1149 160 4493
f 3956 4417 4418
f 4417 4060 4011
f 6036 6187 4305
f 5805 6036 4305
f 4540 1041 66
f 6157 6212 6156
f 4369 4458 2399
f 8224 5381 5382
f 6273 5594 5808
f 3304 4579 6136
f 5529 5800 5181
f 3880 1087 4201
f 4139 4605 4652
f 6001 6026 6048
f 4643 5309 1089
f 2140 3928 3927
f 3893 2140 3927
f 5707 5988 5706
f 3929 3869 3911
f 6007 4167 4184
f 9842 9852 9987
f 6858 8611 8629
f 2958 2157 4267
f 1745 168 3755
f 4583 4436 4090
f 454 339 1365
f 800 454 1365
f 4492 4455 4550
f 1461 4188 201
f 873 4487 4059
f 130 873 4059
f 339 1465 1365
f 1438 92 830
f 3880 4223 1087
f 6126 6153 6180
f 4329 3903 4026
f 4030 3934 3967
f 3903 4141 4026
f 339 1737 740
f 1465 339 740
f 1737 80 740
f 80 4065 740
f 3175 3755 473
f 3943 4361 873
f 4157 4129 4272
f 920 4609 4654
f 4526 4620 6902
f 6002 6026 6001
f 316 4229 3887
f 4407 4454 4322
f 3551 3325 4258
f 4024 3559 3996
f 201 4543 4383
f 4667 1103 4621
f 2601 2221 2568
f 4605 1396 1088
f 2914 5558 9879
f 3857 3858 3865
f 4668 4667 4622
f 4621 6938 4622
f 4668 1100 4667
f 1100 461 4667
f 1100 1368 461
f 202 4205 4197
f 8907 4727 7195
f 500 4627 5542
f 4559 387 4483
f 4483 387 3983
f 3983 985 1440
f 985 256 1542
f 4349 4472 4428
f 4323 4407 4322
f 4520 4616 4574
f 6157 6156 9397
f 1102 495 1136
f 495 435 1136
f 435 495 949
f 4335 4223 3880
f 4337 4227 1710
f 1182 4122 400
f 2107 4122 225
f 4667 461 1103
f 1100 909 1368
f 1368 909 1295
f 4543 4040 4383
f 3831 3690 3192
f 1505 830 358
f 1440 985 1542
f 256 4502 1542
f 1396 3943 873
f 1461 201 31
f 92 1295 1461
f 3858 3893 3865
f 1438 1295 92
f 1368 1295 1438
f 4201 4277 3921
f 4291 3965 3886
f 1542 4502 1378
f 160 1542 373
f 873 4361 4487
f 4269 2455 4119
f 7 336 111
f 7885 8225 7351
f 949 1504 1503
f 4336 4464 4506
f 5140 7304 7562
f 4149 5893 1672
f 4622 4667 4621
f 6938 4621 4578
f 5509 5498 3492
f 5678 6342 6320
f 3701 392 1742
f 4245 1227 4450
f 3456 6271 5445
f 4495 920 263
f 4525 6902 4620
f 4029 4495 263
f 4491 4029 263
f 3040 2470 3137
f 4666 4620 4526
f 6939 4666 4526
f 4666 1024 4620
f 4078 4079 4127
f 4128 4129 4157
f 4049 4056 348
f 4127 4128 4157
f 1088 1396 873
f 1440 1542 160
f 831 64 4172
f 4466 4055 3884
f 1641 696 3940
f 8745 5411 1361
f 9859 9865 9901
f 1503 1504 865
f 663 4336 4377
f 455 663 4377
f 4063 920 4654
f 4654 663 455
f 263 920 4063
f 1437 1436 462
f 1437 830 1505
f 4235 4029 4025
f 1024 4665 4620
f 3987 4019 4046
f 4483 1440 4608
f 653 848 3
f 4056 3908 348
f 4183 4433 4147
f 1670 358 557
f 4025 4029 4491
f 4336 133 4464
f 4079 4128 4127
f 348 3908 4488
f 4060 4419 4011
f 4814 4782 4834
f 4636 4483 4608
f 5057 4226 1174
f 3940 3992 4442
f 797 1315 4340
f 4340 1315 17
f 17 941 789
f 698 5134 4535
f 3650 3218 3408
f 8907 8973 4727
f 4015 4016 4078
f 793 1394 1049
f 4126 226 4012
f 865 226 4126
f 4489 429 4484
f 429 4097 4484
f 1505 358 1670
f 1436 1437 1505
f 462 1436 496
f 1024 462 496
f 89 90 1470
f 1024 496 4665
f 9300 9268 9229
f 726 2907 395
f 692 1380 658
f 4553 4636 4589
f 4463 762 4244
f 3931 4056 4049
f 4654 4609 663
f 4407 4492 4454
f 4465 455 4233
f 4761 4782 4733
f 708 4465 4233
f 2909 3023 4269
f 674 4119 3872
f 4550 4551 4595
f 4065 4636 4553
f 941 356 789
f 6178 6179 6209
f 5676 5699 5659
f 762 4318 4042
f 662 522 4064
f 4246 522 662
f 1314 1676 4246
f 3951 4016 4015
f 1102 1136 4619
f 4665 4619 4577
f 668 793 1049
f 1379 4603 4590
f 4323 4322 4272
f 316 3887 984
f 3771 3772 3797
f 4418 4417 4011
f 9906 7461 3147
f 3805 4149 1672
f 5893 3809 1672
f 4454 4492 4453
f 6238 6213 5725
f 4482 4139 4652
f 832 1365 687
f 1470 90 1471
f 1047 167 90
f 1365 1465 687
f 847 4065 4553
f 3887 4229 1151
f 1394 3956 1043
f 4954 1740 4980
f 1049 1394 1043
f 1676 522 4246
f 3805 1672 5985
f 2437 2109 940
f 8745 4073 4222
f 5614 5615 5640
f 4019 3928 3988
f 3928 4836 3988
f 765 3991 3929
f 4551 4644 4643
f 1926 3449 3663
f 4073 4013 4222
f 3858 3859 3893
f 4064 689 255
f 522 4233 4064
f 1541 4507 1312
f 5685 6238 5725
f 1047 316 984
f 3998 319 4227
f 4503 4139 4482
f 5707 5706 5498
f 375 6936 6935
f 4595 4551 4643
f 5312 867 756
f 867 332 4996
f 756 867 4996
f 4996 332 309
f 1363 4856 903
f 398 4954 4856
f 1363 398 4856
f 398 1740 4954
f 4443 1676 1314
f 1395 4486 1709
f 2080 3918 4114
f 3760 3630 3797
f 3798 3760 3797
f 6188 5595 5612
f 4643 4644 5309
f 1431 1498 4226
f 4157 4272 4230
f 2573 6314 3780
f 4561 4204 4335
f 4638 4443 1314
f 1136 1133 4664
f 1422 4105 2369
f 4105 2082 3693
f 4620 4577 4525
f 4124 4319 617
f 4579 3492 6136
f 4684 7924 5168
f 8794 8793 8762
f 4645 4639 3841
f 8114 8151 8113
f 584 6255 3594
f 5045 1086 5312
f 5312 1086 867
f 332 944 309
f 944 903 309
f 944 1363 903
f 1291 1328 1289
f 1291 1391 1328
f 1391 5103 1328
f 4927 5368 5369
f 4099 4126 4486
f 4415 3677 3734
f 3760 2868 3630
f 2650 2628 1179
f 6154 6183 6182
f 5800 7681 5181
f 5654 7518 7552
f 3420 3491 1185
f 133 1088 130
f 6002 5948 7730
f 4229 668 1151
f 3939 1051 1823
f 578 4099 661
f 4620 4665 4577
f 4031 4383 4503
f 6153 6181 6180
f 5977 4212 5976
f 6232 6233 6263
f 8109 8147 8184
f 5746 7901 7683
f 7924 4684 3338
f 3814 2573 3780
f 5463 5488 5462
f 4204 4223 4335
f 1228 1039 1143
f 332 615 944
f 615 981 944
f 981 1363 944
f 398 311 1740
f 311 1247 1740
f 1247 1289 1740
f 193 1640 5103
f 1391 193 5103
f 759 4722 1640
f 193 759 1640
f 759 22 4722
f 9877 9889 9922
f 5241 5311 594
f 3285 3286 3310
f 514 3548 2902
f 2868 2256 3630
f 6153 6154 6182
f 4043 5810 5984
f 3816 4077 3753
f 6181 6233 6210
f 80 4074 4065
f 6255 5779 374
f 4305 6187 5612
f 3325 4397 4307
f 910 3944 3750
f 4652 1088 133
f 3594 6255 374
f 435 1228 1133
f 4184 4167 5805
f 6343 1422 2369
f 5701 5700 5677
f 9895 9963 9945
f 31 4383 4031
f 6154 6153 6103
f 3338 702 8260
f 4978 7956 596
f 5427 5428 5775
f 3831 3192 3692
f 1147 978 867
f 1086 1147 867
f 867 978 332
f 978 615 332
f 981 758 1363
f 1363 758 398
f 398 758 311
f 1247 363 1289
f 363 1291 1289
f 26 1391 1291
f 363 26 1291
f 945 2540 3447
f 4065 4074 4559
f 4323 4364 4407
f 5594 6350 5808
f 4074 3962 4559
f 5578 5615 5614
f 4559 3962 387
f 1047 984 167
f 4465 4654 455
f 5848 5868 3456
f 4484 4097 1676
f 4167 6036 5805
f 1136 435 1133
f 374 5779 5079
f 4062 4554 4419
f 3239 3078 3643
f 5079 5535 5524
f 1767 5324 126
f 8001 7305 1610
f 9902 9971 9928
f 73 978 1147
f 1391 26 193
f 724 759 193
f 222 22 759
f 724 222 759
f 222 35 22
f 35 4651 22
f 2540 2650 2709
f 3447 2540 2709
f 387 985 3983
f 4502 4169 1378
f 4364 4455 4492
f 8402 6793 6773
f 2256 2868 945
f 3177 10002 2036
f 1378 4169 4203
f 333 831 523
f 1091 333 523
f 4544 4640 4594
f 4524 4430 6940
f 3643 3078 3718
f 4576 4664 4618
f 4961 4906 5127
f 7170 7958 7700
f 3982 5685 3871
f 2573 3538 6314
f 1100 876 909
f 7655 7687 7686
f 8643 8666 8619
f 7829 7830 7862
f 9673 1035 975
f 1035 1325 975
f 975 1325 1147
f 1147 1325 73
f 1008 978 73
f 1008 1567 978
f 1567 2878 615
f 978 1567 615
f 615 2878 981
f 9857 9861 9903
f 2911 2408 758
f 758 2408 311
f 311 2037 1247
f 1247 129 363
f 129 940 363
f 363 940 26
f 940 24 26
f 24 193 26
f 2628 543 1012
f 3708 3737 3736
f 2709 2650 1179
f 4324 4364 4323
f 4407 4364 4492
f 3633 3654 3653
f 3122 3763 3564
f 3601 3633 3653
f 3402 2409 3562
f 4203 4169 4245
f 4489 4484 1709
f 4524 4576 4430
f 4664 4663 4618
f 662 4064 4505
f 4246 662 101
f 6004 9756 6003
f 6301 6321 6300
f 9686 9009 9716
f 8040 8036 4531
f 2878 1567 2201
f 307 331 279
f 307 386 331
f 24 1292 724
f 193 24 724
f 724 1292 222
f 5678 4181 5679
f 4842 1090 5309
f 36 1090 4842
f 4024 4260 3559
f 6234 6266 6265
f 3217 3213 3495
f 2409 3402 3258
f 2286 574 511
f 849 1091 1123
f 4188 1461 1295
f 4097 263 4063
f 4664 1133 4663
f 1133 1134 4663
f 1314 4246 4380
f 4380 4246 101
f 4607 1347 3916
f 9956 3237 9983
f 101 662 4505
f 9907 5328 7590
f 7226 7225 7196
f 4097 708 1676
f 1506 1571 1543
f 5109 8346 9866
f 7585 7622 7655
f 7622 7687 7655
f 7911 7952 7910
f 286 1215 1035
f 1215 754 1325
f 1035 1215 1325
f 754 73 1325
f 6490 8085 5932
f 542 510 573
f 233 281 898
f 305 330 355
f 5209 1488 1487
f 2977 2606 129
f 940 2109 24
f 1292 190 222
f 9940 9830 3235
f 222 190 35
f 6273 5808 4220
f 3654 3681 3653
f 3708 3736 3681
f 81 36 1708
f 6611 6587 6585
f 3227 3226 3157
f 4485 4266 3883
f 1041 849 1123
f 429 263 4097
f 4063 4654 4465
f 4126 4012 4486
f 1504 1670 865
f 4486 4012 4489
f 4105 3693 2369
f 4619 4664 4576
f 1133 533 1134
f 5345 1229 4947
f 9993 9985 9911
f 8526 8527 8558
f 690 4624 4583
f 4064 255 4505
f 5976 2703 5703
f 4576 4523 4430
f 6238 6275 6213
f 1571 1612 1611
f 7681 8230 7738
f 286 1035 3140
f 754 1178 73
f 73 1178 1008
f 1178 1923 1008
f 1008 1923 1567
f 1212 1213 1277
f 248 278 305
f 7425 3184 3157
f 24 41 1292
f 3312 3357 3311
f 2952 2492 2941
f 2256 2962 2782
f 3184 3227 3157
f 9064 9125 9063
f 7593 3270 3226
f 9154 9155 9192
f 543 3671 3701
f 3701 3671 392
f 1012 543 3701
f 3359 7067 3419
f 5740 7685 5764
f 3620 9933 6838
f 1456 1530 1493
f 335 361 334
f 927 1002 926
f 4021 4048 4039
f 4018 4046 4082
f 4000 4277 4201
f 4188 629 201
f 825 1368 1438
f 1133 1228 533
f 3620 9834 9933
f 9832 5771 9849
f 5345 1186 1229
f 5006 4084 4047
f 6214 6275 3348
f 4576 4618 4523
f 1507 1572 1506
f 1572 1571 1506
f 8186 8291 8185
f 1034 1215 286
f 824 754 1215
f 1034 824 1215
f 754 824 1178
f 1281 1356 1280
f 1942 2749 1923
f 221 785 1248
f 159 221 1248
f 898 1082 787
f 278 330 305
f 3630 2782 2083
f 9924 9872 1780
f 7929 8155 3050
f 41 2104 1292
f 24 2109 41
f 1380 692 693
f 2952 1251 2492
f 6837 3620 6838
f 5588 5584 85
f 937 591 2439
f 3766 2083 2544
f 3771 3796 3735
f 7317 3069 7283
f 6585 6587 6942
f 5463 5462 4755
f 1531 1561 1530
f 2905 1426 1427
f 4292 4450 4242
f 3899 4450 4292
f 1087 874 4201
f 6100 6125 6124
f 874 4000 4201
f 3591 23 1033
f 1331 3899 4312
f 4357 1331 4312
f 201 629 4543
f 1368 825 461
f 4012 4025 4491
f 865 1670 226
f 1395 1709 4638
f 6979 6941 4393
f 4054 4638 1314
f 1501 1395 4054
f 1186 1230 1229
f 1230 1258 1229
f 1334 1333 1258
f 1398 5119 1333
f 1334 1398 1333
f 1398 1441 5119
f 1572 1612 1571
f 9829 9848 9980
f 5807 9898 9840
f 824 3021 1178
f 5286 4721 4720
f 1245 1281 1280
f 2239 468 414
f 511 510 468
f 787 1082 652
f 249 278 248
f 187 249 248
f 69 118 94
f 153 187 186
f 9192 9193 9228
f 5887 5889 7665
f 3069 3083 3068
f 9990 9905 3303
f 2439 591 900
f 2083 2782 2544
f 2582 2581 2550
f 258 259 285
f 5524 5535 2904
f 4312 3899 4292
f 4493 373 4357
f 3750 3814 3780
f 3693 2082 2992
f 373 1331 4357
f 4543 3866 4040
f 226 4025 4012
f 6975 6939 4526
f 4491 263 429
f 4619 1136 4664
f 1143 1039 52
f 6321 6343 2369
f 1395 4638 4054
f 592 661 4003
f 1442 1441 1398
f 1442 1507 1441
f 1645 1612 1572
f 3038 9220 9293
f 285 335 334
f 9905 9979 9940
f 646 645 613
f 2489 2496 1951
f 382 412 353
f 151 184 150
f 1173 2965 1245
f 1170 1212 1211
f 3782 2714 2600
f 2492 1251 1604
f 3225 3224 3206
f 584 3594 6358
f 584 6358 1922
f 8598 8640 8597
f 3527 7034 3528
f 3083 3107 3082
f 6942 7074 6990
f 362 426 361
f 362 361 335
f 6180 6181 6210
f 1423 4311 1322
f 1149 1440 160
f 160 373 4493
f 4608 1440 1149
f 6179 6210 6209
f 2168 2640 976
f 1467 454 401
f 4589 4636 4608
f 6210 6232 6209
f 557 4025 226
f 1503 865 578
f 1039 578 52
f 4003 1395 1501
f 1134 533 436
f 9807 6001 6000
f 1300 1258 1230
f 5188 1300 1230
f 1258 1300 1334
f 1335 1398 1334
f 1300 1335 1334
f 1335 1442 1398
f 1473 1507 1442
f 1573 1572 1507
f 1473 1573 1507
f 1613 1645 1572
f 1573 1613 1572
f 1613 1646 1645
f 541 613 612
f 645 680 612
f 442 507 466
f 441 442 466
f 2018 2046 251
f 1561 1597 1530
f 70 119 69
f 1816 69 1815
f 9904 9891 9960
f 3277 3301 2544
f 3225 3269 3224
f 3634 3633 3602
f 3236 3070 3720
f 10000 9866 3628
f 856 895 928
f 395 2907 1037
f 726 694 2907
f 2782 3277 2544
f 3277 2952 2941
f 3290 3314 3289
f 3634 3655 3633
f 1467 339 454
f 1467 14 1737
f 339 1467 1737
f 1040 4608 1149
f 14 80 1737
f 3866 807 4139
f 4040 3866 4139
f 4012 4491 4489
f 2106 5600 204
f 2904 5747 5745
f 5228 6282 9968
f 4618 4575 4523
f 1187 5053 5188
f 4430 4523 4393
f 1335 1443 1442
f 1443 1473 1442
f 1114 1214 1141
f 645 681 680
f 814 857 813
f 1075 1111 1110
f 331 385 330
f 279 331 306
f 386 385 331
f 2239 415 2240
f 386 415 385
f 928 895 968
f 9974 9855 6189
f 158 2608 191
f 3183 3206 3156
f 6187 6188 5612
f 1742 392 4171
f 694 1742 2907
f 3277 2941 3301
f 3334 3333 3314
f 3962 4002 387
f 1465 847 2497
f 387 4002 985
f 985 4002 256
f 6935 876 375
f 687 1465 2497
f 1069 1024 4666
f 1670 557 226
f 3894 698 4535
f 986 1055 5182
f 7376 7591 9906
f 5093 5066 5034
f 1055 1092 1124
f 1301 1300 5188
f 1301 1336 1300
f 1336 1335 1300
f 1443 1474 1473
f 1474 1508 1473
f 1508 1573 1473
f 1508 1574 1573
f 1574 1613 1573
f 718 681 645
f 1868 116 1834
f 857 929 895
f 747 717 680
f 385 414 384
f 414 443 384
f 1170 1210 1169
f 610 611 644
f 715 716 780
f 573 574 647
f 279 306 278
f 896 859 930
f 2580 859 858
f 858 859 896
f 2547 2580 816
f 816 2580 858
f 2547 816 749
f 750 2547 749
f 45 931 1038
f 3083 3082 3068
f 2980 2879 2836
f 2879 2980 2198
f 3554 3555 3579
f 256 1347 4502
f 1269 847 4553
f 4169 4244 4245
f 4244 1293 4245
f 1293 1227 4245
f 1293 4445 1227
f 4445 1601 1227
f 832 687 877
f 4605 4604 1396
f 1069 462 1024
f 1504 1505 1670
f 4489 4491 429
f 4472 4471 4428
f 1039 949 1503
f 8956 8929 8991
f 8578 8598 8597
f 987 1014 1055
f 986 987 1055
f 1055 1014 1092
f 1092 1154 1124
f 1154 1301 5188
f 1336 1399 1335
f 1399 1443 1335
f 1614 1613 1574
f 2831 1646 1613
f 1614 2831 1613
f 8527 8597 8558
f 1323 1218 1324
f 1038 931 512
f 3666 1290 2855
f 389 789 356
f 2046 280 251
f 1003 1076 1075
f 304 353 329
f 1109 1110 1169
f 1457 1456 1424
f 155 154 119
f 331 330 306
f 415 414 385
f 250 279 249
f 441 466 440
f 5698 9447 5722
f 412 352 353
f 541 612 540
f 1884 792 4
f 2995 2951 3540
f 2632 2664 2997
f 580 4487 1326
f 2497 847 1269
f 832 877 6935
f 3883 4466 3884
f 4485 3883 3884
f 9836 9928 9970
f 4361 1326 4487
f 9101 9100 9036
f 879 911 3547
f 986 911 987
f 1092 1155 1154
f 1259 1301 1154
f 1474 1443 1399
f 1509 1508 1474
f 1575 1574 1508
f 1509 1575 1508
f 1575 1614 1574
f 3540 2951 2746
f 1594 1633 1632
f 314 1990 2029
f 1775 7348 7168
f 9283 195 194
f 1077 1111 1076
f 1320 1321 1354
f 9882 9870 9891
f 120 155 119
f 812 894 811
f 279 278 249
f 1002 1075 1031
f 894 893 811
f 3174 2597 9996
f 1001 1002 1031
f 2018 251 219
f 1357 1458 1387
f 4046 4018 3986
f 1704 1733 1667
f 2632 2917 2664
f 4139 807 4605
f 3952 3951 3923
f 5988 5985 5706
f 5181 7734 7885
f 8408 8123 6073
f 879 912 911
f 912 951 911
f 1015 987 911
f 951 1015 911
f 1056 1014 987
f 1015 1056 987
f 1014 1093 1092
f 1093 1155 1092
f 1188 1154 1155
f 1188 1259 1154
f 1337 1336 1301
f 1259 1337 1301
f 1337 1399 1336
f 1399 1444 1474
f 1444 1509 1474
f 2854 2929 2853
f 257 284 283
f 314 2029 396
f 1730 1731 159
f 186 248 277
f 1634 1597 1561
f 1322 1279 1385
f 155 188 154
f 927 926 893
f 539 611 610
f 3224 3223 3182
f 1733 1704 452
f 1704 1734 452
f 452 1734 45
f 1275 1319 1318
f 5745 5 4439
f 5458 5491 5439
f 5892 791 6270
f 5557 4898 5575
f 4898 5634 5575
f 5 6307 4439
f 6102 6153 6126
f 9981 9900 9948
f 7871 7795 9358
f 879 833 912
f 1056 1093 1014
f 1231 1259 1188
f 1445 1399 1337
f 1445 1444 1399
f 1475 1509 1444
f 1475 1544 1509
f 1544 1575 1509
f 1647 1614 1575
f 1544 1647 1575
f 1614 1647 2831
f 152 186 185
f 1322 1385 1423
f 445 652 545
f 1075 1076 1111
f 4075 1529 1594
f 681 747 680
f 747 746 717
f 469 516 684
f 1243 1279 1322
f 1244 1245 1279
f 931 575 512
f 1632 1664 1663
f 781 856 812
f 1210 1275 1318
f 3259 4058 3173
f 9856 9997 9830
f 8510 8509 8490
f 3523 2944 1978
f 4016 4045 4079
f 4081 4130 4196
f 6263 6300 6320
f 4272 4324 4323
f 9807 6002 6001
f 8889 8888 8855
f 4231 4324 4272
f 9583 9660 9543
f 7596 8036 7305
f 8081 7583 8120
f 9927 9977 3495
f 833 913 912
f 912 913 951
f 913 952 951
f 988 1015 951
f 952 988 951
f 1057 1056 1015
f 988 1057 1015
f 1057 1093 1056
f 1156 1155 1093
f 1057 1156 1093
f 1156 1189 1188
f 1155 1156 1188
f 1189 1231 1188
f 1337 1259 1231
f 1445 1475 1444
f 3655 3709 3654
f 9902 9928 9836
f 612 680 611
f 5406 5962 8035
f 817 684 862
f 385 355 330
f 1816 70 69
f 1631 1663 1662
f 3573 3527 3574
f 1390 469 684
f 1146 1175 1145
f 1217 3001 1175
f 9825 7881 3327
f 151 152 184
f 859 2680 930
f 3157 3226 3183
f 4361 4357 1326
f 4235 31 4031
f 5509 5707 5498
f 14 230 80
f 230 1568 4074
f 4129 4231 4272
f 7315 7700 8371
f 9544 9583 9543
f 7532 8346 5109
f 801 834 833
f 834 913 833
f 1231 1338 1337
f 1400 1445 1337
f 1338 1400 1337
f 1400 1476 1445
f 1476 1475 1445
f 1545 1544 1475
f 1615 1647 1544
f 1615 1648 1647
f 1648 1682 1647
f 1717 1606 1751
f 305 304 276
f 3384 3416 3415
f 1493 1492 1455
f 277 305 276
f 1245 1280 1279
f 1700 1732 233
f 1978 2944 1738
f 1458 1425 1459
f 1244 1279 1243
f 246 247 275
f 1116 1146 1145
f 477 2249 449
f 7168 7344 9880
f 469 517 1045
f 184 183 150
f 1593 1663 1631
f 1530 1597 1560
f 3068 3067 3055
f 1816 71 70
f 80 230 4074
f 4188 4189 629
f 1461 31 555
f 555 31 4235
f 9916 9860 9834
f 3170 3040 9973
f 4074 1568 3962
f 4155 4263 4002
f 3962 4155 4002
f 4263 3916 4002
f 4683 4671 7763
f 4991 5038 5013
f 834 914 913
f 913 914 952
f 988 1058 1057
f 1058 1094 1057
f 1157 1156 1057
f 1094 1157 1057
f 1157 1189 1156
f 1189 1232 1231
f 1232 1260 1231
f 1260 1338 1231
f 1338 1369 1400
f 1476 1545 1475
f 1545 1615 1544
f 1683 1682 1648
f 1683 1752 1717
f 1682 1683 1717
f 1717 1752 1606
f 9888 3040 3137
f 1213 1278 1277
f 1596 1989 1665
f 1456 1493 1455
f 813 895 856
f 275 329 303
f 519 2249 477
f 1077 1171 1111
f 2352 2286 2316
f 247 276 275
f 1493 1560 1492
f 382 413 442
f 3699 3730 3782
f 1069 825 1437
f 599 5200 5201
f 1151 668 1049
f 3887 1151 4225
f 4002 3916 256
f 256 3916 1347
f 1347 4463 4502
f 7276 7247 7311
f 5833 7841 3041
f 9479 835 834
f 801 9292 834
f 834 835 914
f 914 989 952
f 952 989 988
f 988 989 1058
f 1157 1158 1189
f 1189 1158 1232
f 1401 1400 1369
f 1400 1401 1476
f 9899 9962 9970
f 718 750 749
f 1424 1456 1455
f 652 546 545
f 507 541 540
f 1636 1668 1598
f 1532 1533 1563
f 9961 5223 7701
f 9948 9852 9842
f 509 542 613
f 1600 575 1564
f 184 185 247
f 1560 1596 1595
f 4258 4070 4215
f 1278 1322 1321
f 277 247 185
f 186 277 185
f 1531 1530 1456
f 3700 11 6633
f 5697 5698 5722
f 427 450 396
f 7597 4398 9873
f 134 4782 4761
f 84 134 4761
f 379 500 333
f 204 203 169
f 4502 4463 4169
f 4463 4244 4169
f 5111 1775 9864
f 7623 7656 7689
f 6331 4831 6363
f 7414 7315 161
f 9292 9479 834
f 914 880 989
f 1094 1158 1157
f 1260 1339 1338
f 1338 1339 1369
f 1369 1402 1401
f 1477 1476 1401
f 1402 1477 1401
f 1476 1477 1545
f 1576 1615 1545
f 1576 1616 1615
f 1615 1616 1648
f 1753 1752 1683
f 1753 2931 1606
f 1752 1753 1606
f 814 746 747
f 748 814 747
f 1211 1242 1276
f 3708 3709 3737
f 573 647 646
f 680 679 611
f 612 611 540
f 1731 1730 1699
f 577 582 616
f 7654 7686 7653
f 7187 7189 7861
f 303 329 352
f 1276 1320 1319
f 779 780 811
f 1044 871 872
f 34 84 33
f 106 134 84
f 4761 33 84
f 9932 9935 9837
f 7222 7249 7248
f 836 835 9479
f 9520 836 9479
f 880 914 835
f 836 880 835
f 880 953 989
f 953 1016 989
f 989 1016 1058
f 1016 1095 1058
f 1095 1094 1058
f 1095 1125 1094
f 1094 1125 1158
f 1233 1232 1158
f 1190 1233 1158
f 1233 1302 1260
f 1232 1233 1260
f 1260 1302 1339
f 1339 1370 1369
f 1369 1370 1402
f 1477 1510 1545
f 1545 1510 1576
f 1649 1648 1616
f 1648 1649 1683
f 413 443 442
f 412 441 411
f 443 413 383
f 154 188 187
f 510 574 573
f 153 154 187
f 466 505 440
f 1031 1075 1109
f 1668 1704 1667
f 894 856 927
f 927 928 1002
f 1633 1699 1664
f 477 449 426
f 1111 1171 1170
f 384 443 383
f 383 382 353
f 1359 1426 1389
f 872 871 2561
f 5508 5557 5556
f 3569 2529 3373
f 1285 1323 1359
f 4194 4232 4273
f 4273 4365 4324
f 4534 4327 1397
f 1124 5053 1055
f 7996 7995 7915
f 3589 7700 7315
f 7766 5861 7551
f 4857 1766 5285
f 7078 7341 7302
f 7237 7078 7302
f 1370 1478 1402
f 1402 1478 1477
f 1477 1478 1510
f 1510 1546 1576
f 1684 1683 1649
f 1684 1754 1753
f 1683 1684 1753
f 1753 1754 2931
f 2903 1357 1356
f 1357 1425 1458
f 1563 1636 1598
f 1598 1668 1667
f 285 313 335
f 1323 1285 3001
f 2249 519 585
f 275 276 304
f 1728 1727 1661
f 586 2330 519
f 657 622 2330
f 586 657 2330
f 657 691 622
f 1738 11 625
f 657 604 691
f 22 4651 5253
f 1075 1110 1109
f 55 84 34
f 5571 3995 5546
f 4265 4227 4337
f 6472 6532 6731
f 4719 7903 3617
f 7414 3589 7315
f 7217 5861 8243
f 8428 7219 8436
f 5204 5863 7219
f 768 881 836
f 881 880 836
f 881 915 880
f 915 953 880
f 990 1016 953
f 915 990 953
f 990 1095 1016
f 1190 1158 1125
f 1190 1261 1233
f 1233 1261 1302
f 1261 1340 1302
f 1302 1340 1339
f 1340 1371 1370
f 1339 1340 1370
f 1478 1511 1510
f 1510 1511 1546
f 1546 1577 1576
f 1577 1617 1616
f 1576 1577 1616
f 1616 1617 1649
f 1649 1617 1684
f 184 247 246
f 1173 1245 1244
f 1559 1593 1631
f 1527 1559 1631
f 684 936 862
f 3287 3311 3286
f 278 306 330
f 505 506 539
f 1217 1323 3001
f 611 679 644
f 412 411 352
f 9912 9915 3169
f 3860 517 445
f 613 645 612
f 3106 3105 3081
f 3490 3535 3534
f 3099 3475 3376
f 51 424 7119
f 1357 1358 1425
f 218 184 246
f 1631 1662 1661
f 9844 9957 9983
f 234 2106 205
f 1707 1282 1297
f 1470 1471 390
f 9356 527 8229
f 8081 8120 5771
f 7420 5076 1821
f 9584 9583 9544
f 8663 8696 8639
f 1059 1095 990
f 1017 1059 990
f 1059 1126 1095
f 1126 1125 1095
f 1191 1190 1125
f 1126 1191 1125
f 1190 1191 1261
f 1511 1547 1546
f 1546 1547 1577
f 1685 1718 1684
f 1617 1685 1684
f 1718 1754 1684
f 1718 1755 1754
f 1755 1669 3002
f 1754 1755 3002
f 787 652 445
f 468 510 467
f 7553 7654 7552
f 1494 1458 1532
f 1563 1562 1532
f 1563 1534 1636
f 1533 1495 1563
f 1324 1928 1426
f 355 354 305
f 1459 1460 1495
f 9503 9587 9502
f 509 613 541
f 508 509 541
f 788 3065 3431
f 9844 9983 9999
f 3256 3514 3382
f 7373 7409 7408
f 248 305 277
f 1632 1920 1594
f 1112 1113 1172
f 135 234 205
f 1999 135 205
f 3890 3952 3923
f 3952 3984 3951
f 3951 3984 4016
f 4016 3984 4045
f 4080 4079 4045
f 1941 964 4530
f 6054 5596 6307
f 4184 5805 4149
f 7551 5861 7217
f 6952 7274 7243
f 6873 6859 7769
f 768 837 881
f 837 882 881
f 881 882 915
f 882 954 915
f 954 990 915
f 954 1017 990
f 1191 1262 1261
f 1262 1303 1340
f 1261 1262 1340
f 1303 1371 1340
f 1403 1370 1371
f 1403 1478 1370
f 1512 1511 1478
f 1403 1512 1478
f 1511 1512 1547
f 5111 9864 9878
f 715 780 779
f 647 750 718
f 2597 2041 3462
f 119 154 153
f 354 353 304
f 9847 9995 9859
f 785 787 786
f 1359 1324 1426
f 718 815 748
f 3224 3268 3223
f 1113 1114 1141
f 1732 2229 281
f 3653 3681 3652
f 730 61 1431
f 3121 3520 3376
f 334 361 2124
f 159 98 1728
f 9930 9904 9957
f 108 136 135
f 1999 107 135
f 136 170 135
f 1709 4443 4638
f 4553 4589 4537
f 1269 4553 4537
f 4589 4608 1040
f 5285 1766 7221
f 6952 7244 7274
f 9822 837 768
f 991 1017 954
f 1017 1060 1059
f 1127 1126 1059
f 1060 1127 1059
f 1127 1192 1191
f 1126 1127 1191
f 1191 1192 1262
f 1547 1618 1577
f 1577 1618 1617
f 1617 1618 1685
f 1756 1755 1718
f 1756 2499 1669
f 1755 1756 1669
f 8258 9947 9871
f 1459 1495 1533
f 1495 1534 1563
f 1423 1455 1454
f 9956 9904 9960
f 1112 1172 1171
f 313 314 335
f 1639 1736 1706
f 305 354 304
f 1662 1729 1728
f 1032 1112 1004
f 396 2098 427
f 970 969 929
f 1038 2169 483
f 1284 25 61
f 25 1431 61
f 5375 4853 4999
f 1358 1388 1425
f 170 206 234
f 206 235 234
f 9980 9921 9852
f 3927 3928 4019
f 3911 3900 1569
f 4048 4420 4039
f 3192 3166 3614
f 496 495 1102
f 7705 6859 6873
f 802 837 9822
f 802 838 837
f 838 883 882
f 837 838 882
f 883 955 954
f 882 883 954
f 955 991 954
f 1018 1017 991
f 1018 1060 1017
f 1060 1096 1127
f 1127 1096 1192
f 1192 1263 1262
f 1263 1304 1303
f 1262 1263 1303
f 1372 1371 1303
f 1304 1372 1303
f 1372 1404 1403
f 1371 1372 1403
f 1479 1512 1403
f 1404 1479 1403
f 1479 1513 1512
f 1513 1548 1547
f 1512 1513 1547
f 1548 1618 1547
f 1618 1719 1685
f 1719 1718 1685
f 1718 1719 1756
f 4487 394 4059
f 118 119 153
f 1706 1736 1735
f 1731 233 221
f 678 716 715
f 117 118 152
f 553 519 520
f 553 586 519
f 329 353 352
f 1532 1531 1494
f 25 62 1431
f 62 1498 1431
f 9300 9299 9268
f 4755 4732 5421
f 1217 1218 1323
f 152 153 186
f 1539 395 827
f 4117 4634 356
f 108 1945 136
f 136 171 170
f 170 171 206
f 264 293 235
f 206 264 235
f 6264 6302 6301
f 9859 9995 9865
f 6054 6283 5596
f 4016 4079 4078
f 830 92 358
f 4577 4576 4524
f 4525 4577 4524
f 4060 4062 4419
f 4003 4486 1395
f 4453 4550 4549
f 802 9822 769
f 955 992 991
f 992 1018 991
f 1018 1096 1060
f 1096 1193 1192
f 1192 1193 1263
f 1619 1618 1548
f 1619 1719 1618
f 2499 1115 2611
f 9883 9984 9833
f 1606 2250 2103
f 1736 614 121
f 233 898 785
f 118 153 152
f 1560 1529 1492
f 624 692 658
f 1632 1633 1664
f 2721 930 2680
f 117 152 151
f 313 285 259
f 1113 1141 1172
f 1323 1324 1359
f 86 137 136
f 1945 86 136
f 136 137 171
f 462 1069 1437
f 825 1438 1437
f 1437 1438 830
f 92 555 358
f 496 1436 495
f 1436 949 495
f 4099 865 4126
f 4577 4619 4576
f 4550 4595 4549
f 52 661 592
f 7411 6347 40
f 803 802 769
f 839 838 802
f 803 839 802
f 839 883 838
f 916 955 883
f 839 916 883
f 916 992 955
f 1128 1096 1018
f 1096 1128 1193
f 1193 1234 1263
f 1305 1304 1263
f 1234 1305 1263
f 1304 1305 1372
f 1372 1405 1404
f 1405 1480 1479
f 1404 1405 1479
f 1514 1513 1479
f 1480 1514 1479
f 1514 1548 1513
f 1514 1578 1548
f 1578 1619 1548
f 1714 1756 1719
f 1714 2499 1756
f 1714 1177 2499
f 2499 1177 1115
f 6695 6893 6809
f 1735 1736 121
f 1279 1355 1385
f 7214 7239 7238
f 8491 8510 8490
f 969 1004 968
f 445 545 3860
f 785 898 787
f 1172 1141 1213
f 219 251 250
f 2004 25 2112
f 2285 9937 9910
f 1908 5168 7924
f 3432 3220 3073
f 1732 281 233
f 3699 3782 3172
f 857 895 813
f 9853 8004 7451
f 1882 1945 1881
f 171 172 206
f 358 555 557
f 557 555 4235
f 1436 1505 1504
f 949 1436 1504
f 661 4099 4003
f 6723 732 769
f 769 732 803
f 803 917 839
f 917 916 839
f 956 992 916
f 1061 1018 992
f 1061 1128 1018
f 1128 1194 1193
f 1193 1194 1234
f 1305 1341 1372
f 1341 1405 1372
f 1515 1514 1480
f 1515 1578 1514
f 1620 1619 1578
f 1686 1719 1619
f 1620 1686 1619
f 1686 1757 1719
f 1719 1757 1714
f 1757 1739 1714
f 1739 1177 1714
f 3888 6536 6523
f 10002 9835 9952
f 1455 1492 1454
f 1004 1112 1077
f 1594 1595 1633
f 1595 1665 1633
f 195 227 257
f 1665 1700 1633
f 7344 9973 3040
f 1277 1278 1321
f 3668 2455 3119
f 646 718 645
f 1172 1213 1212
f 1595 1596 1665
f 221 233 785
f 3266 3313 3288
f 2029 2098 396
f 1498 1500 1174
f 1174 1006 719
f 8346 9907 9866
f 6801 3220 3432
f 6801 3432 6802
f 1386 1457 1424
f 1279 1280 1355
f 1529 1595 1594
f 1946 137 86
f 172 171 137
f 236 206 172
f 236 264 206
f 6324 8141 5891
f 236 294 264
f 496 1102 4665
f 4063 4465 708
f 4097 4063 708
f 599 703 9399
f 4099 4486 4003
f 3743 8194 8304
f 3743 8304 3742
f 917 956 916
f 1019 992 956
f 1019 1061 992
f 1129 1128 1061
f 1128 1129 1194
f 1686 1688 1757
f 1688 1758 1757
f 1757 1758 1739
f 9891 3016 9964
f 1700 1699 1633
f 786 1390 817
f 1355 1386 1385
f 9958 9874 9978
f 9936 9868 9950
f 1321 1322 4311
f 257 227 284
f 1700 233 1731
f 441 440 411
f 1500 1463 1174
f 1174 1463 1006
f 3267 3289 3266
f 817 862 1602
f 1946 138 137
f 138 172 137
f 9837 9876 9949
f 674 4269 4119
f 435 949 1039
f 578 865 4099
f 808 5046 4830
f 633 704 703
f 703 704 732
f 704 804 732
f 732 804 803
f 804 840 803
f 840 884 917
f 803 840 917
f 884 956 917
f 1097 1061 1019
f 1097 1129 1061
f 1129 1159 1194
f 1159 1195 1194
f 1306 1234 1194
f 1195 1306 1194
f 1234 1306 1305
f 1306 1373 1341
f 1305 1306 1341
f 1373 1406 1405
f 1341 1373 1405
f 1406 1481 1405
f 1481 1480 1405
f 1480 1549 1515
f 1579 1578 1515
f 1549 1579 1515
f 1578 1579 1620
f 1579 1687 1620
f 1620 1687 1686
f 1686 1687 1688
f 308 1177 1739
f 1758 308 1739
f 1080 1115 1177
f 308 1080 1177
f 683 1007 1115
f 1080 683 1115
f 683 549 1007
f 9641 9642 5884
f 4336 4506 4377
f 427 451 450
f 451 478 520
f 450 451 520
f 1668 1705 1704
f 1699 1700 1731
f 442 443 508
f 6104 6154 6103
f 478 553 520
f 1704 1705 1734
f 2341 1593 1559
f 5698 5697 5675
f 138 173 172
f 237 236 172
f 173 237 172
f 236 237 294
f 294 237 320
f 320 342 5035
f 3096 9990 3303
f 1228 435 1039
f 1039 1503 578
f 52 578 661
f 4618 4663 4575
f 633 669 704
f 669 733 704
f 704 733 804
f 1020 1019 956
f 1020 1097 1019
f 1129 1097 1159
f 1480 1481 1549
f 1549 1550 1579
f 939 549 683
f 939 1416 549
f 3795 3829 3828
f 9894 9942 9882
f 586 623 657
f 623 569 657
f 1112 1171 1077
f 1045 255 516
f 1716 1538 1006
f 1463 1716 1006
f 1538 556 337
f 1006 1538 337
f 556 3868 337
f 3754 2221 3100
f 2102 2064 3200
f 9927 9949 9977
f 238 320 237
f 5067 457 5149
f 457 490 5149
f 490 5202 5149
f 490 561 5202
f 561 634 633
f 5229 561 633
f 633 634 669
f 770 804 733
f 770 841 840
f 804 770 840
f 840 841 884
f 841 957 884
f 957 956 884
f 956 957 1020
f 1062 1097 1020
f 1062 1130 1097
f 1097 1130 1159
f 1130 1195 1159
f 1235 1306 1195
f 1235 1342 1306
f 1342 1373 1306
f 1342 1374 1373
f 1373 1374 1406
f 1481 1516 1549
f 1516 1550 1549
f 1688 1759 1758
f 1759 308 1758
f 8666 8665 8642
f 6803 3549 3171
f 1734 1005 45
f 6641 3652 3632
f 1492 1529 4075
f 7684 8079 9902
f 6563 7216 7240
f 186 187 248
f 7649 9963 9976
f 56 109 87
f 139 138 87
f 109 139 87
f 174 173 138
f 139 174 138
f 174 238 237
f 173 174 237
f 238 321 320
f 321 343 342
f 320 321 342
f 343 402 368
f 342 343 368
f 402 457 5067
f 368 402 5067
f 634 635 669
f 635 734 669
f 734 733 669
f 771 770 733
f 734 771 733
f 958 1020 957
f 958 993 1020
f 1020 993 1062
f 1130 1160 1195
f 1160 1235 1195
f 1374 1407 1406
f 1406 1407 1481
f 1407 1516 1481
f 1550 1580 1579
f 1580 1650 1687
f 1579 1580 1687
f 1650 1689 1688
f 1687 1650 1688
f 1688 1689 1759
f 1759 1219 308
f 934 1080 308
f 1219 934 308
f 753 683 1080
f 934 753 1080
f 753 939 683
f 1416 1496 4289
f 2781 65 2612
f 5540 5541 5565
f 45 1005 931
f 573 646 613
f 4043 5984 6244
f 2804 6633 11
f 542 573 613
f 926 1002 1001
f 506 540 539
f 1538 938 556
f 1716 1974 1538
f 198 3868 556
f 938 198 556
f 5645 4929 4956
f 9865 9854 9974
f 5422 5443 5442
f 13 1315 797
f 6275 6214 6213
f 4044 4078 4077
f 4472 4520 4471
f 56 88 109
f 458 491 490
f 457 458 490
f 491 562 490
f 490 562 561
f 562 600 561
f 600 635 634
f 561 600 634
f 842 770 771
f 842 841 770
f 842 918 841
f 841 918 957
f 918 958 957
f 993 1063 1062
f 1063 1130 1062
f 1264 1342 1235
f 1264 1343 1342
f 1343 1408 1374
f 1342 1343 1374
f 1374 1408 1407
f 1407 1482 1516
f 1482 1551 1516
f 1516 1551 1550
f 1550 1551 1580
f 1689 447 1759
f 1759 447 1219
f 1496 939 753
f 3735 3770 3707
f 3017 2612 3615
f 3735 3707 3679
f 8682 7224 8683
f 6103 6050 9721
f 1082 546 652
f 1733 1703 1666
f 679 716 678
f 9661 9744 9660
f 1667 1733 1666
f 6302 6343 6301
f 6264 6301 6233
f 4609 4652 133
f 139 175 174
f 175 207 174
f 207 265 238
f 174 207 238
f 265 322 321
f 238 265 321
f 344 343 321
f 369 402 343
f 344 369 343
f 458 457 402
f 734 772 771
f 772 842 771
f 959 958 918
f 958 959 993
f 993 994 1063
f 1161 1130 1063
f 1161 1160 1130
f 1161 1236 1160
f 1160 1236 1235
f 1236 1264 1235
f 1551 1621 1580
f 1621 1651 1650
f 1580 1621 1650
f 1651 1690 1689
f 1650 1651 1689
f 447 260 1219
f 260 860 934
f 1219 260 934
f 860 1535 753
f 934 860 753
f 1535 755 1496
f 753 1535 1496
f 1013 3907 4313
f 9921 9863 9851
f 931 1005 575
f 898 821 1082
f 1032 1114 1113
f 3150 1783 7584
f 1321 4311 1354
f 644 679 678
f 1733 452 483
f 1703 1733 483
f 680 717 679
f 938 128 198
f 198 128 291
f 3731 1539 723
f 517 4634 1045
f 6232 6262 6209
f 4837 175 139
f 109 4837 139
f 322 344 321
f 403 458 402
f 369 403 402
f 403 528 458
f 528 491 458
f 491 563 562
f 600 670 635
f 635 670 734
f 670 735 734
f 735 772 734
f 843 842 772
f 843 918 842
f 959 994 993
f 994 1064 1063
f 1131 1161 1063
f 1064 1131 1063
f 1131 1196 1161
f 1161 1196 1236
f 1196 1237 1236
f 1237 1307 1264
f 1236 1237 1264
f 1344 1343 1264
f 1307 1344 1264
f 1344 1408 1343
f 1483 1407 1408
f 1483 1482 1407
f 1483 1517 1482
f 1552 1551 1482
f 1517 1552 1482
f 1551 1552 1621
f 1690 1720 1689
f 1689 1720 447
f 1428 755 1535
f 755 1601 4320
f 1666 1973 1635
f 1602 72 1727
f 717 716 679
f 1170 1171 1212
f 275 304 329
f 452 45 483
f 974 616 651
f 1635 1973 1634
f 128 982 291
f 982 64 291
f 2425 3599 2273
f 3382 3568 3353
f 3402 3145 3258
f 3628 3627 3665
f 4189 687 2497
f 6049 6103 6102
f 4053 4354 4214
f 9852 9921 9987
f 9887 9922 7918
f 4858 266 207
f 175 4858 207
f 207 266 265
f 265 266 322
f 345 344 322
f 345 369 344
f 345 403 369
f 563 601 600
f 562 563 600
f 735 773 772
f 773 843 772
f 885 918 843
f 885 959 918
f 1131 1162 1196
f 1162 1237 1196
f 1517 1553 1552
f 1581 1621 1552
f 1553 1581 1552
f 1652 1651 1621
f 1581 1652 1621
f 1651 1652 1690
f 1720 1760 447
f 1760 420 260
f 447 1760 260
f 420 973 860
f 260 420 860
f 860 973 1535
f 1535 973 1428
f 1428 1601 755
f 6301 6300 6233
f 3290 3289 3268
f 3665 3694 3494
f 1242 1277 1321
f 717 746 716
f 746 781 716
f 1973 1666 1703
f 1429 582 421
f 3382 20 3568
f 6476 6491 2044
f 4020 4228 3894
f 4235 4031 4029
f 4858 208 266
f 208 267 266
f 266 267 322
f 346 345 322
f 492 528 403
f 434 492 403
f 528 563 491
f 636 600 601
f 636 670 600
f 636 705 670
f 705 736 735
f 670 705 735
f 736 774 773
f 735 736 773
f 886 843 773
f 774 886 773
f 886 885 843
f 960 959 885
f 995 994 959
f 960 995 959
f 995 1065 994
f 1065 1064 994
f 1065 1098 1064
f 1064 1098 1131
f 1131 1098 1162
f 1237 1265 1307
f 1409 1408 1344
f 1446 1483 1408
f 1409 1446 1408
f 1446 1484 1483
f 1484 1517 1483
f 1484 1553 1517
f 1582 1581 1553
f 1582 1652 1581
f 3796 3829 3795
f 3145 3404 3258
f 5552 6714 5530
f 3694 2257 3494
f 1003 1075 1002
f 928 1003 1002
f 1703 483 2431
f 1731 221 159
f 1212 1277 1242
f 781 812 780
f 781 780 716
f 116 151 150
f 1320 1353 1319
f 547 616 1429
f 2633 128 2875
f 982 46 64
f 4029 4031 4495
f 267 295 322
f 295 346 322
f 346 370 345
f 370 403 345
f 370 434 403
f 492 529 528
f 529 563 528
f 529 601 563
f 844 886 774
f 886 919 885
f 919 960 885
f 1163 1162 1098
f 1237 1162 1265
f 1345 1344 1307
f 1265 1345 1307
f 1345 1409 1344
f 1554 1553 1484
f 1554 1582 1553
f 1653 1652 1582
f 1721 1690 1652
f 1653 1721 1652
f 1721 1720 1690
f 1721 1761 1760
f 1720 1721 1760
f 388 420 1760
f 1761 388 1760
f 388 973 420
f 388 899 973
f 973 899 1428
f 3205 3245 3204
f 2961 3447 428
f 2709 1179 1251
f 3447 2709 428
f 5634 5635 5675
f 4075 1594 1920
f 2443 750 647
f 1355 1356 1387
f 780 812 811
f 3268 3267 3223
f 2169 2431 483
f 1750 1953 1906
f 4181 4147 4005
f 2497 1269 629
f 876 1100 1101
f 5439 5784 5576
f 9935 9847 9876
f 267 268 295
f 323 346 295
f 404 434 370
f 564 601 529
f 637 636 601
f 564 637 601
f 637 706 636
f 706 705 636
f 737 736 705
f 706 737 705
f 805 774 736
f 737 805 736
f 805 844 774
f 887 886 844
f 887 919 886
f 961 960 919
f 996 995 960
f 961 996 960
f 1021 1065 995
f 996 1021 995
f 1021 1066 1065
f 1065 1066 1098
f 1163 1197 1162
f 1197 1266 1265
f 1162 1197 1265
f 1266 1308 1265
f 1308 1345 1265
f 1375 1409 1345
f 1375 1447 1409
f 1447 1446 1409
f 1518 1484 1446
f 1447 1518 1446
f 1518 1554 1484
f 1583 1582 1554
f 1583 1653 1582
f 1761 156 388
f 156 899 388
f 1360 1428 899
f 3181 3205 3180
f 3129 3154 3128
f 3205 3204 3180
f 188 250 187
f 2463 229 1996
f 2213 416 2241
f 624 2365 692
f 508 467 509
f 466 507 506
f 9583 9661 9660
f 506 507 540
f 121 2458 1005
f 1534 1599 1636
f 1563 1598 1562
f 574 510 511
f 21 1750 4172
f 46 21 4172
f 8488 8507 8487
f 864 1044 872
f 4495 4482 920
f 8500 8519 8499
f 3177 9982 9850
f 323 370 346
f 323 404 370
f 459 434 404
f 493 492 434
f 459 493 434
f 530 529 492
f 493 530 492
f 530 564 529
f 845 844 805
f 844 845 887
f 887 961 919
f 1066 1163 1098
f 1308 1375 1345
f 1555 1554 1518
f 1555 1583 1554
f 1722 1721 1653
f 1722 1761 1721
f 820 899 156
f 899 820 1360
f 3150 1806 1831
f 2782 2962 3277
f 7918 9875 9936
f 451 2190 478
f 2190 479 478
f 250 249 187
f 1423 1424 1455
f 98 1602 1728
f 1598 1635 1562
f 1562 1635 1634
f 1355 1387 1386
f 582 3035 421
f 1491 1123 1091
f 6935 877 876
f 731 909 876
f 5971 6027 6002
f 4453 4492 4550
f 89 1047 90
f 4486 4489 1709
f 1709 4484 4443
f 295 296 323
f 296 347 323
f 347 371 323
f 371 404 323
f 671 706 637
f 738 737 706
f 671 738 706
f 806 805 737
f 738 806 737
f 806 845 805
f 845 888 887
f 888 962 887
f 962 961 887
f 997 996 961
f 962 997 961
f 1022 1021 996
f 997 1022 996
f 1067 1066 1021
f 1022 1067 1021
f 1067 1099 1066
f 1066 1099 1163
f 1266 1309 1308
f 1448 1447 1375
f 1485 1518 1447
f 1448 1485 1447
f 1622 1583 1555
f 1654 1653 1583
f 1622 1654 1583
f 1654 1722 1653
f 897 156 1761
f 897 820 156
f 820 1286 1360
f 3156 3206 3155
f 554 553 478
f 2287 2318 2317
f 443 467 508
f 479 554 478
f 1560 1595 1529
f 1004 1077 1076
f 930 2788 896
f 1111 1170 1110
f 646 647 718
f 1562 1634 1561
f 616 582 1429
f 523 1491 1091
f 9968 6282 5649
f 1295 731 4188
f 909 731 1295
f 731 4189 4188
f 941 979 356
f 130 4059 4464
f 920 4482 4609
f 5893 6273 3809
f 8929 8992 8991
f 3982 3558 5685
f 4484 1676 4443
f 405 404 371
f 405 459 404
f 405 494 459
f 494 493 459
f 531 530 493
f 565 564 530
f 531 565 530
f 565 638 564
f 638 637 564
f 638 671 637
f 846 845 806
f 846 888 845
f 1099 1132 1163
f 1163 1132 1197
f 1132 1198 1197
f 1198 1266 1197
f 1198 1309 1266
f 1309 1376 1308
f 1376 1375 1308
f 1519 1518 1485
f 1519 1555 1518
f 1519 1584 1555
f 1584 1622 1555
f 932 1761 1722
f 932 897 1761
f 4 2941 1884
f 3121 2805 3520
f 587 586 553
f 554 587 553
f 587 623 586
f 3402 3562 3151
f 1385 1386 1424
f 412 382 441
f 7686 7719 7685
f 1562 1561 1531
f 1211 1276 1275
f 9831 9854 9995
f 651 616 547
f 1491 2426 1123
f 494 531 493
f 707 671 638
f 739 738 671
f 707 739 671
f 775 806 738
f 739 775 738
f 775 846 806
f 888 963 962
f 963 998 997
f 962 963 997
f 997 998 1022
f 998 1068 1067
f 1022 998 1067
f 1067 1068 1099
f 1099 1068 1132
f 1309 1310 1376
f 1376 1410 1448
f 1375 1376 1448
f 1410 1485 1448
f 1623 1622 1584
f 1691 1722 1654
f 1622 1691 1654
f 1691 932 1722
f 819 820 897
f 1286 819 4242
f 1532 1562 1531
f 516 255 515
f 219 188 155
f 516 515 470
f 72 1602 862
f 1140 1109 1169
f 1242 1321 1320
f 752 4464 4059
f 787 445 786
f 1837 117 151
f 1906 1491 523
f 2036 10002 2072
f 807 4604 4605
f 4482 4652 4609
f 663 133 4336
f 4609 133 663
f 3934 4319 4124
f 848 1470 390
f 3558 6238 5685
f 6102 6101 6049
f 1676 708 522
f 1228 1143 533
f 4127 4157 4156
f 372 371 347
f 5013 372 347
f 406 405 371
f 372 406 371
f 406 494 405
f 532 531 494
f 566 565 531
f 532 566 531
f 639 638 565
f 566 639 565
f 639 707 638
f 5249 846 775
f 846 5249 888
f 1350 4187 1349
f 4522 4472 4429
f 888 5189 963
f 963 5392 998
f 5392 5310 998
f 8261 9924 9944
f 5310 4969 1068
f 4969 1199 1132
f 1132 1199 1198
f 1199 1267 1198
f 1198 1267 1309
f 1309 1267 1310
f 1376 1377 1410
f 1410 1486 1485
f 1556 1519 1485
f 1486 1556 1485
f 1556 1584 1519
f 1762 932 1691
f 1762 861 932
f 861 897 932
f 5443 5516 5442
f 1604 3509 1884
f 649 591 937
f 4264 3171 3236
f 7736 7929 1418
f 821 2374 2279
f 1637 1638 1705
f 219 250 188
f 3313 3358 3312
f 517 469 1390
f 968 1003 928
f 521 2298 588
f 1598 1666 1635
f 1387 1494 1386
f 1494 1457 1386
f 1494 1531 1457
f 2426 29 66
f 6990 6721 6735
f 5249 5189 888
f 133 130 4464
f 902 1011 4564
f 5488 5514 5462
f 211 4887 177
f 4106 3239 3643
f 708 4233 522
f 1143 52 1148
f 1150 1143 1148
f 4393 4429 4350
f 4522 4521 4472
f 1939 1965 9321
f 4488 4092 4228
f 4521 4662 4520
f 1310 1346 1376
f 1346 1377 1376
f 1520 1556 1486
f 1585 1584 1556
f 1520 1585 1556
f 1585 1623 1584
f 1692 1691 1622
f 1623 1692 1622
f 1692 1762 1691
f 67 897 861
f 897 67 819
f 819 901 4242
f 392 649 937
f 2919 789 2675
f 653 3460 4594
f 3629 3628 3640
f 3738 2429 3799
f 1868 151 116
f 466 506 505
f 3709 3708 3654
f 1728 1602 1727
f 929 968 895
f 1276 1242 1320
f 183 184 218
f 786 517 1390
f 817 1390 684
f 8084 5111 9878
f 1213 1243 1278
f 1734 1735 121
f 1705 1735 1734
f 4398 9886 9873
f 7360 7397 7323
f 2429 2742 3799
f 3923 3889 3890
f 9853 9978 9919
f 177 142 112
f 177 4887 142
f 4665 1102 4619
f 5700 5701 5383
f 9934 9942 9894
f 4272 4322 4230
f 4156 4157 4230
f 5038 5069 406
f 406 460 494
f 494 460 532
f 460 5176 532
f 5176 567 566
f 532 5176 566
f 566 567 639
f 567 640 639
f 639 640 707
f 640 5368 707
f 5953 5162 4159
f 707 5368 739
f 5270 5335 640
f 739 5368 775
f 626 1148 3906
f 142 4792 112
f 3997 4010 4457
f 4643 1089 709
f 4205 4225 1298
f 1267 1311 1310
f 1310 1311 1346
f 1449 1410 1377
f 1411 1449 1377
f 1449 1486 1410
f 1586 1585 1520
f 1723 1762 1692
f 5516 5562 5515
f 3291 3290 3269
f 6489 3159 6997
f 6501 6629 6500
f 135 170 234
f 894 927 893
f 1109 1140 1074
f 7314 7784 7683
f 311 2408 2037
f 2230 3138 3825
f 152 185 184
f 4122 4508 225
f 113 112 4793
f 113 177 112
f 9845 9831 9897
f 4077 4078 4156
f 533 1150 436
f 9953 9930 9941
f 3844 4320 4445
f 3906 1122 425
f 499 4379 6
f 1332 626 568
f 4454 4406 4321
f 2559 4649 2595
f 9997 9856 9886
f 4825 1311 1267
f 1346 1411 1377
f 1521 1520 1486
f 1449 1521 1486
f 1521 1586 1520
f 1693 1623 1585
f 1693 1692 1623
f 1693 1723 1692
f 818 1762 1723
f 818 861 1762
f 818 935 67
f 861 818 67
f 935 901 67
f 5562 5579 5515
f 3238 2013 3097
f 9839 9941 9931
f 6537 7050 6431
f 284 285 334
f 1248 786 817
f 1248 98 159
f 1004 1003 968
f 814 813 746
f 1630 1631 1661
f 1387 1458 1494
f 1213 1214 1243
f 1248 785 786
f 1171 1172 1212
f 1638 1639 1706
f 227 258 284
f 1312 4507 6516
f 91 4768 4769
f 113 178 177
f 239 211 177
f 178 239 177
f 239 4934 211
f 269 4965 4934
f 239 269 4934
f 1143 1150 533
f 5670 6410 6878
f 3116 3283 3546
f 592 4003 4010
f 604 569 3917
f 9447 5698 5699
f 1135 407 4662
f 4539 3403 4540
f 4322 4454 4321
f 4048 4049 4291
f 5015 1346 1311
f 1346 5015 1411
f 1412 1449 1411
f 1522 1521 1449
f 1655 1585 1586
f 1655 1693 1585
f 446 4292 901
f 3531 3555 3554
f 2110 2015 77
f 3485 6772 3502
f 1973 1703 1702
f 3694 3665 3627
f 1004 1076 1003
f 385 384 355
f 355 384 354
f 384 383 354
f 786 445 517
f 1929 219 155
f 1929 155 120
f 1212 1242 1211
f 4538 77 200
f 545 546 1536
f 196 228 227
f 143 113 91
f 143 178 113
f 212 239 178
f 212 240 239
f 239 240 269
f 297 4992 269
f 4277 4000 4378
f 6004 6003 5972
f 7462 8081 5771
f 2608 223 191
f 6721 6864 6735
f 4061 1045 4634
f 3931 3933 4056
f 1122 592 100
f 6366 4479 3546
f 499 4653 4379
f 632 664 1878
f 4446 165 1414
f 1746 425 696
f 407 1332 568
f 3185 4914 5220
f 7956 1799 7737
f 4276 4168 4087
f 1045 4505 255
f 3873 536 1746
f 9901 9865 9974
f 1412 1522 1449
f 1624 1586 1521
f 1624 1655 1586
f 1624 1656 1655
f 1656 1693 1655
f 12 1723 1693
f 1656 12 1693
f 123 818 1723
f 12 123 1723
f 1220 935 818
f 123 1220 818
f 1220 901 935
f 9830 9862 3235
f 2574 2746 3523
f 258 285 284
f 1597 1989 1596
f 9924 1780 9944
f 575 576 1564
f 70 120 119
f 3415 3416 3435
f 277 276 247
f 1319 1383 1352
f 143 91 1888
f 318 4591 878
f 4376 101 4061
f 1501 4054 165
f 3421 5976 5703
f 1134 436 1135
f 4005 4147 4089
f 4653 4380 4379
f 5699 5698 5659
f 4379 4376 979
f 9851 9873 9979
f 4617 4662 4521
f 6099 6100 6124
f 4649 4601 2595
f 5685 5725 4631
f 4549 4595 4642
f 4018 4017 3985
f 536 425 1746
f 3871 4631 5588
f 4328 4646 3845
f 1089 5309 1090
f 3584 3239 3491
f 1293 4042 4445
f 972 1220 123
f 581 446 901
f 1220 581 901
f 3579 3604 3637
f 2540 2746 2574
f 1052 1090 36
f 2166 2167 2779
f 228 258 227
f 1597 1596 1560
f 748 747 681
f 969 968 929
f 667 6570 6869
f 1005 2458 575
f 2458 576 575
f 812 856 894
f 218 246 274
f 546 389 1536
f 179 178 143
f 144 179 143
f 178 179 212
f 212 179 240
f 270 269 240
f 270 297 269
f 297 270 324
f 6321 6320 6300
f 5687 5954 4084
f 9897 9831 9995
f 1134 1135 4617
f 4663 1134 4617
f 407 436 1332
f 100 592 4010
f 3871 5685 4631
f 4617 1135 4662
f 3896 3957 1051
f 425 100 696
f 9860 9916 9986
f 1536 356 3860
f 407 568 1165
f 4230 4322 4321
f 1450 1522 1412
f 1413 1450 1412
f 1450 1523 1522
f 1523 1521 1522
f 1587 1624 1521
f 1523 1587 1521
f 1587 1657 1624
f 1657 1656 1624
f 1657 1724 1656
f 1724 12 1656
f 310 123 12
f 310 972 123
f 1287 1220 972
f 1287 581 1220
f 1326 446 581
f 848 390 3
f 6188 6307 5596
f 6769 3033 254
f 2607 2543 2167
f 974 577 616
f 469 1045 516
f 98 817 1602
f 1116 2888 1081
f 1662 1728 1661
f 414 468 443
f 1425 1460 1459
f 9869 6769 254
f 4312 446 1326
f 9949 9876 9977
f 144 145 179
f 145 213 179
f 241 240 179
f 213 241 179
f 271 270 240
f 241 271 240
f 271 325 270
f 5042 5041 325
f 270 325 5041
f 1122 52 592
f 6366 6368 4479
f 336 289 110
f 4003 1501 4457
f 3845 4049 4048
f 4010 4003 4457
f 4663 4617 4575
f 4379 4380 4376
f 4117 4061 4634
f 1150 1148 1332
f 4367 3836 4154
f 165 4653 1414
f 696 100 3958
f 3997 4457 4446
f 4429 4472 4349
f 2542 2701 1564
f 3958 3997 3992
f 4662 407 4616
f 4271 4230 4321
f 4501 2699 2627
f 1694 1724 1657
f 310 12 1724
f 68 972 310
f 68 1287 972
f 580 581 1287
f 580 1326 581
f 3397 3425 3396
f 2844 2995 3540
f 3540 2746 2540
f 2352 647 574
f 1423 1385 1424
f 576 2458 2720
f 1170 1211 1210
f 1275 1276 1319
f 6350 6312 6006
f 1734 121 1005
f 508 541 507
f 2256 2782 3630
f 389 356 1536
f 468 467 443
f 1318 1319 1352
f 314 362 335
f 3529 3528 7034
f 4490 4311 1423
f 6342 5679 6341
f 5172 4869 5175
f 319 4367 4154
f 101 4505 4061
f 230 524 1568
f 1148 626 1332
f 1414 4653 499
f 4595 4643 4642
f 4457 165 4446
f 6 4379 979
f 4350 4429 4349
f 5583 5599 5582
f 6181 6182 6233
f 4228 698 3894
f 9926 9989 9841
f 1450 1557 1523
f 1523 1557 1587
f 1725 1724 1694
f 1725 310 1724
f 782 1287 68
f 782 579 1287
f 579 580 1287
f 3325 4584 4070
f 280 307 279
f 1388 1389 1460
f 3387 3419 3418
f 1210 1211 1275
f 1667 1666 1598
f 229 2463 794
f 1729 159 1728
f 3709 3738 3737
f 9832 1749 5771
f 1423 1454 4490
f 145 180 213
f 271 298 325
f 8065 8023 7982
f 4044 4015 4078
f 4078 4127 4156
f 4380 101 4376
f 1744 168 526
f 1148 52 3906
f 2369 4181 5678
f 4376 4061 4117
f 850 4092 4488
f 4378 1499 617
f 3584 3491 3420
f 9871 9947 9959
f 1025 4889 1026
f 5330 1025 1070
f 1863 1889 144
f 1026 1070 1025
f 6048 6026 6099
f 1104 5388 364
f 8005 9884 9961
f 4467 5016 4224
f 696 3958 3940
f 1487 1524 1557
f 1524 1588 1557
f 1557 1588 1587
f 1625 1657 1587
f 1588 1625 1587
f 1625 1695 1657
f 1695 1694 1657
f 1565 310 1725
f 1565 68 310
f 579 394 580
f 394 4487 580
f 2429 2995 2742
f 2143 2213 386
f 781 813 856
f 280 279 251
f 2973 1358 2974
f 1460 2905 1495
f 1663 1729 1662
f 2788 970 896
f 5330 1070 364
f 746 813 781
f 896 929 857
f 2393 622 691
f 9875 9868 9936
f 6412 6411 2157
f 1663 1664 1729
f 858 857 815
f 8618 8641 8598
f 180 214 213
f 213 214 241
f 214 298 271
f 241 214 271
f 326 299 377
f 4056 950 3908
f 4523 4522 4429
f 4523 4575 4522
f 436 1150 1332
f 4049 456 4291
f 4575 4521 4522
f 4642 4643 709
f 1282 1566 902
f 809 922 921
f 808 809 921
f 922 965 5362
f 921 922 5362
f 5362 965 1026
f 1105 1070 1026
f 1105 1104 1070
f 6 979 941
f 3992 3997 4446
f 4521 4520 4472
f 4446 1414 13
f 1695 1725 1694
f 783 68 1565
f 783 782 68
f 9854 9855 9974
f 4292 446 4312
f 1531 1456 1457
f 896 970 929
f 2143 386 307
f 1389 1426 1460
f 1637 1705 1668
f 1636 1637 1668
f 119 118 69
f 4147 3693 4183
f 3634 3710 3655
f 8065 8104 8023
f 858 896 857
f 1924 180 145
f 298 299 326
f 165 4054 4653
f 484 3933 3931
f 3906 52 1122
f 4653 1314 4380
f 4393 4523 4429
f 950 850 3908
f 3283 6366 3546
f 3900 1823 4028
f 4575 4617 4521
f 436 407 1135
f 8181 8246 8212
f 9899 9970 2539
f 9985 9988 9911
f 742 851 809
f 809 851 922
f 1137 5388 1104
f 1137 1205 5388
f 1205 1272 5263
f 9886 9979 9873
f 3827 1452 2545
f 3958 3992 3940
f 4999 4853 9714
f 1589 1588 1524
f 1589 1626 1625
f 1588 1589 1625
f 1625 1626 1695
f 1726 1725 1695
f 1726 1565 1725
f 1726 783 1565
f 784 782 783
f 544 579 782
f 784 544 782
f 544 394 579
f 9941 9947 8258
f 3628 3665 3640
f 7956 4978 1799
f 3737 3738 3799
f 3710 3709 3655
f 1637 2430 1638
f 95 1869 1898
f 1898 120 95
f 1664 1699 1730
f 442 508 507
f 748 815 814
f 1426 2905 1460
f 354 383 353
f 1599 1637 1636
f 246 275 303
f 9839 9953 9941
f 816 858 815
f 9975 9978 9912
f 146 215 180
f 1924 146 180
f 180 215 214
f 215 272 214
f 214 272 298
f 298 272 299
f 4054 1314 4653
f 3933 950 4056
f 5854 7210 7149
f 3908 850 4488
f 1569 3900 673
f 4457 1501 165
f 5339 710 5372
f 2767 2800 2766
f 710 743 742
f 5372 710 742
f 851 923 922
f 923 965 922
f 1027 1026 965
f 923 1027 965
f 1026 1027 1105
f 1105 1137 1104
f 1206 1205 1137
f 4662 4616 4520
f 1349 5263 1272
f 407 1165 4616
f 723 1539 827
f 3992 4446 13
f 1696 1695 1626
f 1696 1726 1695
f 444 544 784
f 444 419 544
f 419 394 544
f 3397 3396 3368
f 9986 9916 6836
f 3082 3081 3067
f 3709 3710 3738
f 1214 1173 1244
f 9975 9912 9920
f 1141 1214 1213
f 118 117 94
f 383 413 382
f 3710 3773 3738
f 1599 1534 2671
f 1110 1170 1169
f 3416 3436 3435
f 520 519 477
f 510 542 467
f 98 1248 817
f 1730 159 1729
f 327 378 377
f 409 5100 377
f 377 378 409
f 409 437 5180
f 605 642 5339
f 5339 642 710
f 743 776 742
f 776 852 851
f 742 776 851
f 852 924 923
f 851 852 923
f 924 966 923
f 923 966 1027
f 966 1071 1027
f 1071 1105 1027
f 1071 1106 1105
f 1106 1137 1105
f 1166 1206 1137
f 1106 1166 1137
f 1206 1272 1205
f 1315 499 17
f 1641 1746 696
f 1488 1525 1524
f 1524 1525 1589
f 1627 1626 1589
f 1627 1658 1626
f 1658 1696 1626
f 1696 48 1726
f 422 783 1726
f 48 422 1726
f 422 784 783
f 752 4059 394
f 419 752 394
f 3068 3082 3067
f 3773 3830 3738
f 450 477 426
f 1142 1173 1214
f 251 279 250
f 1285 1359 1388
f 2973 1285 1388
f 539 540 611
f 382 442 441
f 450 520 477
f 396 426 362
f 147 181 215
f 146 147 215
f 181 242 215
f 215 242 272
f 242 273 272
f 272 273 299
f 299 273 327
f 378 410 409
f 4974 4811 4552
f 570 606 605
f 606 642 605
f 711 710 642
f 711 743 710
f 1316 1349 1272
f 1273 1316 1272
f 3105 3104 3080
f 3081 3105 3080
f 3129 3128 3104
f 13 1414 1315
f 1488 1489 1525
f 1558 1589 1525
f 1558 1627 1589
f 1628 1658 1627
f 751 784 422
f 823 444 784
f 751 823 784
f 823 418 444
f 418 419 444
f 418 752 419
f 3082 3106 3081
f 3130 3129 3106
f 3602 3633 3573
f 3830 2429 3738
f 396 362 314
f 718 748 681
f 2489 2334 1639
f 1388 1359 1389
f 2012 1797 6412
f 1278 1243 1322
f 1214 1244 1243
f 396 450 426
f 1356 1357 1387
f 814 815 857
f 749 816 815
f 273 300 327
f 9966 9963 9949
f 976 3169 2168
f 6320 6321 5678
f 711 744 743
f 743 744 776
f 776 853 852
f 852 853 924
f 924 967 966
f 967 1028 966
f 1028 1071 966
f 1028 1072 1071
f 1107 1106 1071
f 1072 1107 1071
f 1107 1138 1106
f 1138 1166 1106
f 1207 1206 1166
f 1138 1207 1166
f 1273 1272 1206
f 1207 1273 1206
f 3105 3129 3104
f 1414 499 1315
f 3873 1746 1715
f 4616 1165 4661
f 1590 1627 1558
f 1590 1628 1627
f 1697 1696 1658
f 122 422 48
f 122 751 422
f 3574 3602 3573
f 3495 9858 3217
f 479 521 554
f 521 588 587
f 281 2374 821
f 1429 421 389
f 281 821 898
f 1639 2536 1736
f 1082 651 546
f 554 521 587
f 587 588 623
f 426 449 361
f 718 749 815
f 1032 1113 1112
f 651 547 546
f 93 1865 1833
f 93 148 147
f 148 216 181
f 147 148 181
f 181 216 242
f 216 243 242
f 242 243 273
f 273 243 300
f 300 328 327
f 328 5075 378
f 327 328 378
f 299 327 377
f 537 437 465
f 425 1122 100
f 100 4010 3958
f 570 571 606
f 606 675 642
f 675 712 711
f 642 675 711
f 711 712 744
f 744 777 776
f 776 777 853
f 853 891 924
f 924 891 967
f 3081 3080 3066
f 9848 9863 9921
f 536 3873 869
f 626 869 568
f 1659 1658 1628
f 1659 1697 1658
f 1697 48 1696
f 822 751 122
f 822 823 751
f 417 418 823
f 822 417 823
f 417 752 418
f 3130 3155 3129
f 3001 1216 1175
f 4377 654 518
f 389 421 789
f 2352 2443 647
f 1241 1210 1318
f 1665 1732 1700
f 821 651 1082
f 623 658 569
f 9988 9972 10001
f 547 1429 546
f 243 301 300
f 300 301 328
f 5101 5075 350
f 3958 4010 3997
f 536 3906 425
f 5101 438 437
f 437 438 465
f 465 501 537
f 571 537 501
f 7488 7489 7519
f 3906 536 626
f 606 607 675
f 712 745 744
f 744 745 777
f 1072 1108 1107
f 1108 1139 1138
f 1107 1108 1138
f 1208 1207 1138
f 1139 1208 1138
f 1208 1317 1273
f 1207 1208 1273
f 1317 1316 1273
f 1317 1350 1316
f 3277 2962 2961
f 626 536 869
f 5161 1591 1558
f 1591 1590 1558
f 1629 1628 1590
f 1629 1659 1628
f 63 48 1697
f 63 122 48
f 933 822 122
f 63 933 122
f 1225 752 417
f 1225 4506 752
f 1638 1706 1705
f 3528 3574 3527
f 3665 3494 3640
f 1459 1533 1458
f 2951 514 2746
f 684 516 470
f 1634 1989 1597
f 71 120 70
f 1458 1533 1532
f 1429 389 546
f 1866 114 93
f 1866 93 1833
f 114 149 148
f 93 114 148
f 149 182 216
f 148 149 216
f 182 217 216
f 217 244 243
f 216 217 243
f 243 244 301
f 465 502 501
f 502 538 501
f 538 571 501
f 8065 8143 8104
f 538 608 571
f 607 713 675
f 675 713 712
f 777 854 853
f 853 854 891
f 854 925 891
f 925 999 967
f 891 925 967
f 999 1028 967
f 999 1029 1028
f 1029 1073 1072
f 1028 1029 1072
f 1073 1108 1072
f 1251 1290 3666
f 4680 1526 5161
f 1526 1591 5161
f 1591 1629 1590
f 1698 1697 1659
f 1698 63 1697
f 863 822 933
f 1701 417 822
f 863 1701 822
f 1701 472 417
f 472 1225 417
f 654 4506 1225
f 654 4377 4506
f 3628 9866 3627
f 1705 1706 1735
f 1873 1819 3076
f 421 2675 789
f 655 3017 513
f 244 302 301
f 301 302 328
f 328 302 350
f 350 380 5101
f 5101 380 438
f 5600 232 204
f 439 502 465
f 438 439 465
f 712 713 745
f 745 778 777
f 777 778 854
f 1167 1139 1108
f 1073 1167 1108
f 1209 1208 1139
f 1167 1209 1139
f 1240 1317 1208
f 1209 1240 1208
f 1317 1240 1274
f 1274 1351 1317
f 3387 3386 3333
f 2561 2421 4100
f 799 1490 4680
f 4680 1490 1526
f 1630 1629 1591
f 1660 1659 1629
f 1630 1660 1629
f 1660 1698 1659
f 1528 63 1698
f 1528 933 63
f 4526 6902 6975
f 6304 6344 6303
f 5805 4305 5613
f 2746 514 3523
f 1032 1004 969
f 1868 1837 151
f 542 509 467
f 970 1032 969
f 1530 1560 1493
f 1664 1730 1729
f 1388 1460 1425
f 217 245 244
f 245 302 244
f 302 351 350
f 350 351 380
f 380 439 438
f 503 538 502
f 503 608 538
f 608 643 607
f 643 676 713
f 607 643 713
f 676 714 713
f 713 714 745
f 745 714 778
f 1000 999 925
f 1000 1030 1029
f 999 1000 1029
f 1030 1073 1029
f 1073 1140 1167
f 5319 5647 6356
f 1527 1526 1490
f 1592 1591 1526
f 1527 1592 1526
f 1591 1592 1630
f 1660 1727 1698
f 1727 1528 1698
f 936 933 1528
f 936 863 933
f 470 1701 863
f 689 654 1225
f 472 689 1225
f 2878 2911 981
f 689 518 654
f 3417 3418 3437
f 1280 1356 1355
f 588 624 623
f 623 624 658
f 115 150 149
f 114 115 149
f 183 182 149
f 150 183 149
f 183 245 217
f 182 183 217
f 245 274 302
f 274 303 302
f 302 303 351
f 351 381 380
f 380 381 439
f 381 504 439
f 439 504 502
f 502 504 503
f 504 572 503
f 609 608 503
f 572 609 503
f 608 609 643
f 714 810 778
f 810 855 854
f 778 810 854
f 855 892 854
f 892 925 854
f 892 1000 925
f 1074 1073 1030
f 1074 1140 1073
f 1168 1167 1140
f 1167 1168 1209
f 1168 1241 1240
f 1209 1168 1240
f 1241 1274 1240
f 1352 1351 1274
f 2611 1115 2830
f 5287 9976 8003
f 1738 51 11
f 2069 1490 3902
f 3150 1831 1783
f 3016 9925 9885
f 856 928 927
f 1661 1660 1630
f 1661 1727 1660
f 72 1528 1727
f 72 936 1528
f 936 470 863
f 470 515 472
f 1701 470 472
f 515 689 472
f 6769 9869 9913
f 515 255 689
f 3418 6481 3437
f 51 7119 11
f 9930 9994 9904
f 1834 116 115
f 115 116 150
f 183 218 245
f 218 274 245
f 303 352 351
f 351 352 381
f 572 610 609
f 610 677 643
f 609 610 643
f 643 677 676
f 677 715 714
f 676 677 714
f 715 779 810
f 714 715 810
f 779 855 810
f 1000 1001 1030
f 1169 1168 1140
f 1169 1241 1168
f 1241 1318 1274
f 1318 1352 1274
f 1527 1631 1592
f 1592 1631 1630
f 72 862 936
f 684 470 936
f 1382 1383 141
f 3437 6481 3486
f 1169 1210 1241
f 274 246 303
f 411 381 352
f 440 504 381
f 411 440 381
f 440 505 504
f 505 539 572
f 504 505 572
f 539 610 572
f 610 644 677
f 644 678 677
f 677 678 715
f 811 855 779
f 893 892 855
f 811 893 855
f 893 926 892
f 892 926 1000
f 1000 926 1001
f 1031 1030 1001
f 1030 1031 1074
f 1031 1109 1074
f 6025 6001 6048
f 397 2159 2190
f 4044 3761 3726
f 9860 9976 9834
f 8509 8510 8539
f 1911 1878 5529
f 3968 3884 4055
f 3325 3551 4397
f 1044 648 871
f 9846 3819 9842
f 9954 9950 9962
f 1901 1900 1841
f 2899 2867 2403
f 930 2789 2788
f 2452 2451 2417
f 2819 1142 1114
f 291 83 4820
f 3569 3373 2545
f 1885 2836 1947
f 2790 2791 2820
f 2151 2185 2184
f 2005 2231 2702
f 1977 1862 2283
f 8143 8142 8104
f 2370 2010 2662
f 2241 2260 2240
f 2692 2762 2728
f 9751 9789 1784
f 9941 9930 9947
f 53 1052 36
f 1893 2780 2984
f 1987 2025 2024
f 2392 2363 2329
f 2090 2146 2145
f 6836 9916 3620
f 2847 21 2238
f 8180 8179 8142
f 1831 1830 1783
f 2251 2223 2299
f 2222 2223 2251
f 2581 2582 2616
f 1899 1898 1869
f 2191 2223 2222
f 2503 1998 1954
f 8143 8180 8142
f 3562 3196 9885
f 2064 2063 1995
f 2995 2844 2742
f 3312 3311 3287
f 3068 3055 9217
f 3736 3737 3772
f 2867 2898 2833
f 2129 2128 2100
f 2225 2192 2128
f 2129 2225 2128
f 2225 2224 2192
f 1702 2374 2229
f 2620 2653 2586
f 1899 1956 1898
f 8920 8953 8891
f 1817 1840 95
f 2232 3064 1919
f 1956 1982 2019
f 1982 2020 2019
f 3431 3065 3863
f 2853 2887 2886
f 2062 2061 1994
f 4717 1859 4697
f 2062 2127 2061
f 9499 9544 9459
f 7560 5192 9877
f 2020 2048 2019
f 2048 2047 2019
f 2358 2390 2357
f 3183 3225 3206
f 8180 8212 8179
f 3055 3067 8812
f 596 7380 7902
f 1956 220 1929
f 1956 2019 220
f 7827 7826 7786
f 8212 8245 8179
f 3045 3062 1790
f 8326 8284 8245
f 2118 2117 2087
f 9978 9915 9912
f 6933 5878 5912
f 3435 3436 3484
f 1898 1956 1929
f 2118 2144 2117
f 1791 1944 2199
f 2089 2090 2145
f 2180 2179 2117
f 2144 2180 2117
f 2821 2820 2791
f 7194 7193 8782
f 8326 8372 8284
f 6620 7271 6717
f 53 36 81
f 827 2781 723
f 2412 2744 2607
f 3680 3735 3679
f 3188 3161 3162
f 2179 2180 2214
f 2549 2550 2581
f 2759 2824 2726
f 145 144 1889
f 2381 2444 2380
f 3796 3770 3735
f 3655 3654 3633
f 2086 2116 2085
f 6456 7704 5591
f 2207 2911 2878
f 2201 2207 2878
f 2348 2408 2911
f 2207 2348 2911
f 2348 2037 2408
f 223 4508 4134
f 8005 7458 9884
f 3555 3531 3505
f 2858 2859 2934
f 5101 437 410
f 2549 2581 2614
f 2094 2093 2056
f 1702 2229 1989
f 2263 2289 2288
f 4100 900 872
f 2289 2319 2318
f 5120 5049 1472
f 8611 6858 7218
f 2977 2037 2348
f 2352 2317 2380
f 2548 2549 2614
f 2908 3024 158
f 2970 3008 2969
f 8411 8440 8372
f 2288 2289 2318
f 2581 2681 2614
f 3164 2285 9910
f 4260 910 3750
f 9999 3095 9833
f 2773 2413 1034
f 2613 2201 1923
f 2201 2613 2207
f 2207 2435 2348
f 2435 2977 2348
f 2201 1567 1923
f 3079 3080 3103
f 2568 2221 3754
f 283 2056 1988
f 283 2094 2056
f 1898 1929 120
f 2509 2311 2274
f 549 4597 2806
f 7216 6563 6730
f 1892 2872 1034
f 2749 2613 1923
f 2613 2206 2207
f 2207 2206 2435
f 2094 2155 2093
f 1987 1959 1936
f 2004 1500 1498
f 2547 2548 2580
f 2473 2548 2547
f 5286 7881 9825
f 2189 3021 2872
f 2189 1916 1942
f 3021 2189 1942
f 1916 2943 2749
f 1942 1916 2749
f 2943 2883 2613
f 2749 2943 2613
f 2613 2883 2206
f 2206 2345 2435
f 2345 2606 2977
f 2435 2345 2977
f 5635 5659 5698
f 2319 2382 2318
f 3080 3104 3103
f 2155 2154 2093
f 1862 2705 2005
f 2621 2620 2588
f 7344 3040 9888
f 1646 2912 9115
f 2614 859 2580
f 2776 2956 2371
f 2820 2886 2819
f 9807 9763 5948
f 1848 2773 2777
f 1848 2413 2773
f 2345 2869 2606
f 2869 2209 2606
f 2606 2209 2437
f 2344 2109 2437
f 2209 2344 2437
f 585 2330 622
f 1862 2422 2705
f 6864 7048 6719
f 1646 2831 2912
f 8721 8758 8720
f 1862 2005 2312
f 2705 2238 2005
f 2319 2353 2382
f 2445 2414 2382
f 2353 2445 2382
f 2414 2445 2475
f 2214 2263 2262
f 5974 5774 97
f 2777 8744 1980
f 2838 1892 2413
f 1848 2838 2413
f 2838 2872 1892
f 2838 2188 2189
f 2872 2838 2189
f 2188 2068 1916
f 2189 2188 1916
f 2068 1979 2943
f 1916 2068 2943
f 1979 2883 2943
f 2883 2649 2206
f 2649 1824 2206
f 1824 2465 2345
f 2206 1824 2345
f 2345 2465 2869
f 9998 3303 9905
f 625 3700 3671
f 2622 2693 2590
f 1896 2847 2705
f 2558 2593 2592
f 1939 1966 1965
f 2558 2524 2487
f 2558 2592 2524
f 2662 2605 2313
f 9961 9884 9854
f 2699 2700 2732
f 2064 2100 2063
f 97 5774 5773
f 2031 2777 1980
f 2031 1848 2777
f 2508 2838 1848
f 2508 2810 2838
f 2838 2810 2188
f 1979 2963 2883
f 2883 2963 2649
f 2465 2126 2869
f 2869 2126 2209
f 2126 2237 2209
f 2209 2237 2344
f 2344 2989 2104
f 41 2344 2104
f 2595 4601 2627
f 2972 3011 3010
f 2855 726 1539
f 2895 2376 2372
f 2926 2895 2372
f 2528 2631 2926
f 2696 2695 2660
f 2592 2593 2660
f 2593 2696 2660
f 2696 2766 2695
f 5774 1822 5773
f 1970 9145 9114
f 2280 1848 2031
f 2280 2508 1848
f 2810 2028 2188
f 2028 2990 2068
f 2188 2028 2068
f 2068 2990 1979
f 2465 2930 2126
f 2126 2930 2237
f 2237 2738 2344
f 2344 2738 2989
f 2908 2104 2989
f 2580 2548 2614
f 2763 2862 2827
f 3013 3727 2641
f 2225 2252 2224
f 2300 2276 2224
f 2252 2300 2224
f 2271 2270 2219
f 2328 2295 2270
f 2271 2328 2270
f 2361 2327 2295
f 2328 2361 2295
f 2418 2360 2327
f 2361 2418 2327
f 2360 2418 2452
f 2546 2631 2528
f 2848 2631 2546
f 2631 2895 2926
f 3028 2848 2546
f 2734 3028 2546
f 2081 3028 2734
f 3010 3011 2674
f 2939 3727 3013
f 2300 2335 2276
f 5773 1822 7354
f 2280 2818 2508
f 2644 2810 2508
f 2818 2644 2508
f 2810 2644 2028
f 2990 2963 1979
f 2884 3031 2649
f 2963 2884 2649
f 3031 2570 1824
f 2649 3031 1824
f 1824 2570 2465
f 2465 2570 2930
f 2930 1905 2237
f 2237 1905 2738
f 6102 6103 6153
f 2033 2412 2539
f 2392 2454 2363
f 2300 2336 2335
f 3385 3357 3312
f 2336 2397 2366
f 2335 2336 2366
f 2108 2768 2130
f 2827 2862 2893
f 2937 3011 2972
f 2403 2833 2802
f 2692 2693 2762
f 3754 2535 3302
f 2648 2665 2235
f 792 655 2881
f 5976 4212 2703
f 2807 2665 2648
f 2665 2991 2235
f 1955 2349 2807
f 2349 2815 2807
f 2815 2665 2807
f 28 2808 1955
f 2453 2484 2452
f 2622 2590 2523
f 2658 2694 2657
f 2299 2298 2251
f 2278 2031 9758
f 2307 2280 2031
f 2278 2307 2031
f 2028 2194 2990
f 2570 2845 2930
f 2930 2845 1905
f 1905 2440 2738
f 2440 2812 2738
f 2812 2908 2989
f 2738 2812 2989
f 9993 9991 9985
f 2557 2591 2556
f 3720 3070 3256
f 2862 2937 2893
f 1847 1948 2076
f 1948 2670 2076
f 2957 2913 2133
f 2852 2808 28
f 2890 2969 2936
f 2624 2623 2591
f 2669 2313 2284
f 386 2240 415
f 2818 2280 2307
f 2786 2644 2818
f 2786 2194 2644
f 2644 2194 2028
f 2194 2960 2990
f 2990 2960 2963
f 2960 2921 2884
f 2963 2960 2884
f 2884 2921 3031
f 2921 2204 3031
f 3031 2204 2570
f 2204 2604 2570
f 2570 2604 2845
f 2845 2331 1905
f 1905 2331 2440
f 2812 2978 2908
f 2978 3024 2908
f 1175 1146 2932
f 2365 624 2298
f 2569 2983 1895
f 3154 3179 3128
f 2799 2798 2762
f 2893 2937 2972
f 2616 2684 2683
f 2457 1847 2849
f 3415 3414 3356
f 2079 2133 1797
f 2077 2957 2079
f 3981 1797 2133
f 2350 2957 2077
f 2957 2133 2079
f 7243 7274 7307
f 6183 6211 6265
f 1120 2768 30
f 2658 2657 2623
f 3851 3702 3847
f 9116 1876 2396
f 2494 2278 2396
f 1876 2494 2396
f 2752 2307 2278
f 2494 2752 2278
f 2751 2818 2307
f 2752 2751 2307
f 2751 2786 2818
f 2162 2194 2786
f 2194 2162 2960
f 2204 2955 2604
f 2955 2637 2604
f 2172 2845 2604
f 2637 2172 2604
f 2172 2332 2331
f 2845 2172 2331
f 2331 2332 2440
f 2458 121 2000
f 64 46 4172
f 1994 2061 2060
f 2357 2389 2325
f 2891 2970 2890
f 1994 2060 1993
f 2805 3 3520
f 1972 2490 1951
f 2861 2826 2798
f 2799 2861 2798
f 2116 2179 416
f 2918 1950 2504
f 19 2841 2918
f 2841 1950 2918
f 1950 1907 2504
f 2504 1907 2834
f 1907 727 2834
f 2834 727 393
f 2849 1847 3026
f 2936 2969 1915
f 1987 1961 2025
f 2624 2658 2623
f 2861 2891 2826
f 3509 1604 3731
f 3829 2083 3828
f 2851 2786 2751
f 2373 2162 2786
f 2851 2373 2786
f 2162 2923 2960
f 2923 1964 2921
f 2960 2923 2921
f 1964 2577 2921
f 2921 2577 2204
f 2577 2955 2204
f 2711 2440 2332
f 2711 2812 2440
f 2812 2711 2978
f 9721 6104 6103
f 2684 2722 2683
f 1994 1993 1969
f 2693 2692 2590
f 8517 8534 8545
f 1947 1977 2502
f 3097 3730 3699
f 2557 2556 2485
f 2890 2889 2860
f 2890 2936 2889
f 2498 2630 2342
f 2168 2498 2342
f 3720 4264 3236
f 9963 9966 9945
f 3334 3387 3333
f 128 938 2875
f 2489 1951 2334
f 55 106 84
f 2083 3766 3828
f 2912 2467 1876
f 2678 2494 1876
f 2467 2678 1876
f 2752 2027 2751
f 2027 2851 2751
f 2949 2162 2373
f 2162 2949 2923
f 2297 2139 2172
f 2637 2297 2172
f 2333 2332 2172
f 2139 2333 2172
f 2333 2711 2332
f 2842 3015 2978
f 2711 2842 2978
f 2978 3015 3024
f 3015 2375 2608
f 3024 3015 2608
f 3151 10001 1384
f 427 2098 397
f 312 99 1673
f 2462 2040 2014
f 6735 6864 6719
f 3223 3245 3205
f 2462 2014 2010
f 9994 9894 9882
f 2040 2502 2283
f 2040 2283 2014
f 2054 2123 2122
f 3286 3311 3310
f 1958 2023 2022
f 1958 1985 1932
f 1933 1958 1932
f 1985 1958 2022
f 2023 2052 2022
f 2120 2119 2052
f 20 3698 3568
f 2175 2468 2720
f 1915 2899 2975
f 2899 2403 2975
f 3212 3188 3189
f 2912 1681 2467
f 2442 2752 2494
f 2678 2442 2494
f 2442 2027 2752
f 2747 2373 2851
f 2747 2949 2373
f 2949 2922 2923
f 2922 2275 1964
f 2923 2922 1964
f 2275 1794 2577
f 1964 2275 2577
f 2955 1976 2637
f 2637 1976 2297
f 2333 2842 2711
f 2255 2569 2305
f 2820 2819 2789
f 1873 1902 1934
f 29 4592 66
f 2033 9920 287
f 5583 5582 5564
f 7750 7827 7786
f 7750 7786 7719
f 2422 2596 1896
f 2091 2121 2120
f 2261 2316 2260
f 2997 2664 2407
f 9884 9857 9854
f 3131 3156 3130
f 4651 1472 5253
f 2195 2809 2138
f 1564 2701 1600
f 1861 2469 2138
f 1918 2469 1861
f 1918 1861 1917
f 1918 1917 2979
f 2149 2148 2120
f 2149 2216 2148
f 2780 2175 2000
f 1961 1987 1960
f 2747 2870 2949
f 2949 2870 2922
f 2870 2783 2922
f 2922 2783 2275
f 2576 2577 1794
f 2576 2955 2577
f 2955 2576 1976
f 2139 2142 2333
f 2142 2916 2333
f 2916 2842 2333
f 2203 3015 2842
f 2916 2203 2842
f 3015 2203 2375
f 2203 2003 2375
f 2402 225 2003
f 2721 2790 2789
f 7375 1854 4679
f 901 4292 4242
f 7375 1855 1854
f 4696 1854 33
f 5356 8395 7452
f 2403 2867 2833
f 2820 2821 2853
f 1788 1840 1817
f 9972 9992 9841
f 2761 2797 2760
f 2122 2123 2151
f 2544 3301 3347
f 2315 2671 2905
f 2430 1599 2671
f 1981 2177 1791
f 2788 1114 1032
f 2168 2342 2640
f 2342 1791 2640
f 614 1736 3025
f 3291 3269 3225
f 1874 1937 1903
f 1961 1960 1937
f 3902 1490 799
f 1681 1682 1717
f 2103 2678 2467
f 1751 2103 2467
f 2103 2442 2678
f 2125 2027 2442
f 2027 2125 2851
f 2125 2163 2747
f 2851 2125 2747
f 2747 2163 2870
f 3030 2576 1794
f 3030 1976 2576
f 2200 2297 1976
f 2297 2200 2139
f 2139 2200 2142
f 2882 2003 2203
f 8395 1711 7452
f 7686 7750 7719
f 9125 9089 9063
f 7425 3157 3131
f 4107 7635 3046
f 2308 2066 1981
f 2293 2326 2357
f 7904 5994 5911
f 1283 395 4341
f 3242 3286 3285
f 2425 2544 3347
f 2074 2489 2438
f 2480 2554 2517
f 2634 2004 2112
f 2145 2146 2181
f 3484 3485 3502
f 9970 2033 2539
f 3157 3156 3131
f 3797 3630 3829
f 2243 2264 2242
f 1290 1012 2855
f 8610 3044 3043
f 3677 3768 3734
f 2780 2000 614
f 4909 5803 3764
f 2163 2411 2870
f 2002 2275 2783
f 2002 1794 2275
f 2002 3030 1794
f 2668 1976 3030
f 2668 2200 1976
f 2200 3032 2142
f 3032 2916 2142
f 3032 2954 2916
f 2954 2571 2203
f 2916 2954 2203
f 2203 2571 2882
f 2402 2003 2882
f 5868 5534 3456
f 55 107 106
f 3008 3009 2867
f 9945 3784 3730
f 2779 2537 2896
f 5803 10000 9910
f 2101 2100 2064
f 5949 5801 5193
f 1991 1990 1966
f 2175 1852 2468
f 2554 2553 2517
f 2737 2110 2776
f 2353 2354 2383
f 2138 2737 2343
f 168 473 3755
f 1818 9519 9559
f 1251 1179 1290
f 1600 2132 583
f 3313 3312 3288
f 2876 2199 2255
f 3549 3238 3070
f 2244 2266 2323
f 1978 1738 625
f 2175 2720 2000
f 7452 1711 7566
f 1751 1606 2103
f 2103 2250 2442
f 2250 2716 2125
f 2442 2250 2125
f 2716 2095 2125
f 2125 2095 2163
f 2095 2411 2163
f 2784 2870 2411
f 2784 2783 2870
f 2784 2002 2783
f 2178 3030 2002
f 2178 2667 3030
f 2667 2668 3030
f 1938 2200 2668
f 1938 2173 2200
f 2200 2173 3032
f 2666 2954 3032
f 2947 2107 2402
f 9966 9949 9927
f 1826 1856 1855
f 7375 1826 1855
f 1855 1856 55
f 5118 5067 5149
f 1856 107 55
f 1250 7127 7126
f 2101 2129 2100
f 2640 2843 2829
f 1967 1991 1966
f 2728 2691 2656
f 2728 2761 2691
f 1852 2610 2468
f 2185 2218 2268
f 2554 2519 2586
f 9918 9902 9836
f 1930 1957 1983
f 2554 2619 2553
f 3796 3797 3829
f 2368 2910 2744
f 1957 1984 2021
f 2478 2516 2515
f 2447 2478 2477
f 2688 2689 2755
f 2585 2618 2584
f 5451 7216 7111
f 3690 5621 3721
f 6247 8370 8369
f 2272 2220 2249
f 2043 2612 3017
f 2667 1938 2668
f 3032 2173 2666
f 2471 2571 2954
f 2666 2471 2954
f 2643 2882 2571
f 2471 2643 2571
f 2643 2402 2882
f 2402 2643 2947
f 3227 3184 7497
f 1865 93 147
f 7375 4762 1826
f 108 107 1856
f 2475 2512 2511
f 1639 2210 2536
f 2226 2225 2129
f 1990 1991 2029
f 2958 2463 2988
f 2717 1852 2175
f 5109 5836 4004
f 2652 2690 2619
f 4739 4719 3617
f 1984 2051 2021
f 2446 2447 2477
f 2385 2447 2446
f 2837 2706 2983
f 2837 2983 2873
f 1944 2837 2873
f 2837 1917 2706
f 2584 2618 2688
f 2585 2584 2552
f 2873 2569 2255
f 2569 2873 2983
f 2476 2514 2513
f 2383 2446 2476
f 2199 2876 2843
f 2387 2356 2323
f 2855 1012 694
f 4058 3259 4124
f 2931 2900 2250
f 2900 2096 2716
f 2250 2900 2716
f 2058 2095 2716
f 2096 2058 2716
f 2115 2411 2095
f 2058 2115 2095
f 2115 2924 2411
f 2411 2924 2784
f 2924 2785 2784
f 2784 2785 2002
f 2785 2178 2002
f 2178 1997 2667
f 1997 2609 2667
f 2609 1938 2667
f 1938 2472 2173
f 2638 2471 2666
f 2638 2673 2471
f 2673 2643 2471
f 2673 2306 2643
f 2306 2947 2643
f 6211 6234 6265
f 9831 9961 9854
f 9687 9822 768
f 1857 1856 1826
f 1857 1881 1856
f 1881 108 1856
f 1991 2098 2029
f 2533 2036 2669
f 2226 2252 2225
f 2036 2072 2669
f 2051 2050 2021
f 2051 2090 2050
f 2384 2385 2446
f 2354 2355 2384
f 1996 229 2110
f 2843 2876 2910
f 2368 2843 2910
f 2737 2776 2814
f 1917 2343 2706
f 2343 2737 2814
f 1996 2110 2737
f 2477 2478 2515
f 1871 1957 1931
f 9866 9907 3627
f 7590 3694 9907
f 4124 3967 3934
f 5282 4798 6185
f 479 2190 480
f 2115 3020 2924
f 2924 3020 2785
f 1938 2609 2472
f 2636 2666 2173
f 2472 2636 2173
f 2636 2638 2666
f 8588 3044 8610
f 3729 1857 1826
f 1881 1945 108
f 2999 2073 2998
f 9332 9372 9331
f 2301 2300 2252
f 1818 9559 1841
f 2669 2072 2313
f 2813 2008 2503
f 3291 3336 3290
f 2780 2717 2175
f 3245 3244 3204
f 2652 2724 2690
f 976 2829 2314
f 9837 9949 9963
f 2147 2146 2090
f 2355 2385 2384
f 2321 2355 2354
f 7380 7923 7902
f 512 575 1600
f 2446 2477 2514
f 2477 2515 2514
f 2755 2794 2754
f 1789 1843 1842
f 2585 2552 2515
f 2516 2585 2515
f 2795 2794 2755
f 3002 2931 1754
f 414 415 2239
f 2981 2096 2900
f 2096 2379 2058
f 2394 2115 2058
f 2379 2394 2058
f 2115 2394 3020
f 2785 2067 2178
f 2067 2562 1997
f 2178 2067 1997
f 2562 2572 1997
f 1997 2572 2609
f 2572 2174 2609
f 2174 2472 2609
f 2636 1927 2638
f 1927 2202 2673
f 2638 1927 2673
f 2673 2202 2306
f 3023 2947 2306
f 3023 2909 2947
f 9514 9513 9471
f 2973 3001 1285
f 1800 1857 3729
f 1882 1881 1857
f 3182 3205 3181
f 1178 1942 1923
f 9835 9908 7918
f 2167 9899 2607
f 939 1496 1416
f 1986 2023 1958
f 2630 2308 2342
f 2121 2122 2184
f 2564 2984 2536
f 976 2640 2829
f 3701 1742 694
f 1216 3001 2973
f 7417 7457 7416
f 2264 2320 2289
f 9962 9946 9970
f 61 4536 1284
f 8004 8079 7874
f 2687 2755 2754
f 1871 1931 1842
f 519 2330 585
f 2132 3035 583
f 2689 2795 2755
f 2282 2900 2931
f 3002 2282 2931
f 2282 2981 2900
f 2715 2096 2981
f 2715 2379 2096
f 2394 1887 3020
f 1887 2964 3020
f 3020 2964 2785
f 2785 2964 2067
f 2572 2774 2174
f 2174 1921 2472
f 1921 2602 2636
f 2472 1921 2636
f 2602 1927 2636
f 1971 3023 2306
f 4269 3023 2455
f 3021 1942 1178
f 194 257 1963
f 1800 1858 1857
f 7350 7417 7416
f 1858 1882 1857
f 2857 2858 2968
f 2966 1216 3000
f 2365 2366 693
f 2300 2301 2336
f 2336 2367 2397
f 2254 2982 2991
f 2033 2314 2412
f 2984 2780 3025
f 2349 2351 2815
f 2974 2903 2073
f 2412 2607 2539
f 2510 2511 2549
f 2012 2958 1954
f 2087 2088 2118
f 1116 1145 2966
f 2265 2290 2243
f 2291 2290 2265
f 2322 2321 2290
f 4004 6107 7532
f 1843 1871 1842
f 2950 2981 2282
f 2950 2715 2981
f 2208 2394 2379
f 2394 2208 1887
f 2964 2065 2067
f 2067 2065 2562
f 2774 2228 2174
f 2174 2228 1921
f 1851 1927 2602
f 1851 2202 1927
f 1851 1839 2202
f 1839 1971 2306
f 2202 1839 2306
f 2455 3023 1971
f 2962 3447 2961
f 521 479 480
f 1800 1801 1858
f 1034 2413 1892
f 5760 7549 8076
f 3213 3217 3462
f 1903 1960 1936
f 2776 2110 2956
f 1988 2026 1962
f 2965 2998 1245
f 2829 2843 2368
f 2181 2243 2242
f 95 120 71
f 2219 2247 2153
f 2730 2764 2694
f 9870 9925 3016
f 2431 2279 2374
f 2371 2632 2997
f 9180 9879 5956
f 2291 2322 2290
f 2343 2814 2706
f 1957 2021 1983
f 2822 1146 2794
f 2822 2794 2795
f 2689 2756 2795
f 2473 2547 750
f 1669 2770 2282
f 3002 1669 2282
f 3022 2950 2282
f 2770 3022 2282
f 2070 2379 2715
f 2950 2070 2715
f 2070 2208 2379
f 1887 2679 2964
f 2679 2065 2964
f 2065 2506 2562
f 2562 2302 2572
f 2572 2302 2774
f 2228 2258 1921
f 1921 2258 2602
f 2258 2495 2602
f 2495 1851 2602
f 6601 5110 4968
f 1801 4697 1858
f 4697 1883 1858
f 1883 1882 1858
f 2177 2837 1944
f 2056 2093 2055
f 3699 3172 3514
f 2036 2530 3177
f 2422 1896 2705
f 1896 2850 2847
f 7686 7685 7653
f 1045 4061 4505
f 2371 2956 2632
f 6056 5871 6062
f 2980 2569 1895
f 1038 974 2169
f 1931 1957 1930
f 9849 9918 9881
f 9864 9880 9917
f 1534 1495 2905
f 2147 2182 2146
f 1427 2315 2905
f 2322 2355 2321
f 2177 2979 2837
f 2837 2979 1917
f 2011 2988 2809
f 7244 7309 7275
f 2988 2463 1996
f 3019 3022 2770
f 3022 2070 2950
f 2208 1792 1887
f 1887 1792 2679
f 2065 2679 2506
f 2506 2302 2562
f 2774 2880 2228
f 2880 2258 2228
f 2258 2001 2495
f 2940 1851 2495
f 2940 3517 1851
f 3517 3119 1839
f 1851 3517 1839
f 1839 3119 1971
f 1971 3119 2455
f 451 397 2190
f 9991 9938 9985
f 8489 8488 8455
f 8456 8489 8455
f 1846 1875 1845
f 3414 3483 3482
f 3385 3386 3416
f 2079 2012 1998
f 979 4117 356
f 2850 1906 2847
f 8838 8905 8874
f 2488 2487 2393
f 691 2488 2393
f 2984 3025 2536
f 2856 1146 2822
f 4538 2433 77
f 9994 9882 9891
f 9971 9919 9914
f 2314 2829 2368
f 2290 2264 2243
f 2265 2243 2182
f 2199 2873 2255
f 2945 2315 1427
f 3027 2801 1324
f 1897 3027 1218
f 3004 1897 1218
f 3004 1218 2932
f 2933 3004 2932
f 1012 3701 694
f 2611 2770 1669
f 2611 3019 2770
f 2526 2070 3022
f 3019 2526 3022
f 1838 2208 2070
f 2526 1838 2070
f 2208 1838 1792
f 2506 2176 2302
f 2176 1827 2302
f 2302 1827 2774
f 2774 1827 2880
f 2880 2816 2258
f 2816 2001 2258
f 2001 2639 2495
f 2495 2639 2940
f 2814 2776 2371
f 3008 2867 2899
f 1384 3631 3402
f 3475 3121 3376
f 1151 140 4635
f 1034 286 2773
f 9892 9832 9881
f 2831 1681 2912
f 1888 144 143
f 7990 7989 7952
f 2198 2997 2407
f 725 3093 1226
f 2274 2401 2423
f 2970 2969 2890
f 2627 2626 2595
f 2416 2482 2481
f 2281 2308 2630
f 2564 2536 2210
f 2196 2498 2168
f 2460 2281 2630
f 2498 2460 2630
f 2849 2566 2787
f 7459 7956 7737
f 2513 2514 2552
f 2321 2354 2320
f 2354 2384 2383
f 2384 2446 2383
f 2446 2514 2476
f 129 2606 2437
f 2933 2856 2823
f 2740 2430 2671
f 2110 229 2015
f 1791 2177 1944
f 2215 2265 2182
f 2181 2182 2243
f 9855 9903 9969
f 2801 2504 2424
f 2074 2740 2945
f 2074 2438 2740
f 2491 2074 2945
f 2430 2438 1638
f 5651 7486 7449
f 2611 2830 3019
f 1838 2846 1792
f 2500 2679 1792
f 2846 2500 1792
f 2500 2176 2506
f 2679 2500 2506
f 2880 3922 2816
f 2001 2603 2639
f 3007 3006 2935
f 3235 9862 3539
f 2891 2890 2860
f 3784 9966 3824
f 2087 2117 2086
f 1945 1882 86
f 1859 56 1883
f 2433 4538 4592
f 4442 3992 13
f 2866 3667 2939
f 2879 2198 2407
f 2488 2558 2487
f 2915 2835 2808
f 2840 2736 2850
f 4961 5127 4907
f 146 1865 147
f 1970 1995 1969
f 521 2251 2298
f 2192 2191 2127
f 2627 2699 2626
f 2681 2721 2680
f 2535 3380 3302
f 2482 2521 2520
f 2481 2482 2520
f 2849 3026 2008
f 2281 2787 2308
f 2274 2423 1907
f 2423 727 1907
f 2274 1907 1950
f 2509 2274 2841
f 3006 2509 2841
f 2910 2042 2111
f 2274 1950 2841
f 2566 2849 2008
f 2008 3026 2350
f 2350 2077 1998
f 2933 2967 3004
f 2740 2671 2315
f 1983 2049 2020
f 2725 2724 2652
f 2586 2652 2619
f 2586 2619 2554
f 2518 2554 2480
f 2212 2526 3019
f 2830 2212 3019
f 2212 2846 1838
f 2526 2212 1838
f 2436 2170 1827
f 2176 2436 1827
f 2170 3922 1827
f 2080 2603 2001
f 9892 9893 9868
f 9955 9993 9925
f 114 1867 115
f 2048 2087 2047
f 5597 5614 4951
f 5561 5615 5578
f 6182 6264 6233
f 2222 2251 480
f 2191 2222 480
f 2530 2036 2533
f 2046 2085 280
f 2313 2370 2662
f 2768 476 2130
f 2454 2391 2363
f 3204 3222 3180
f 2521 2588 2520
f 19 3006 2841
f 3005 3006 19
f 2889 2936 2859
f 2759 2825 2824
f 2825 2889 2859
f 2824 2825 2859
f 2936 3007 2935
f 1998 2077 2079
f 2513 2552 2551
f 2088 2089 2118
f 1982 1983 2020
f 2049 2089 2088
f 2438 2430 2740
f 2725 2757 2724
f 5411 8745 4222
f 1936 1959 1935
f 1959 2024 1986
f 824 1034 2872
f 2996 2212 2830
f 2212 2340 2846
f 2340 1798 2846
f 2846 1798 2500
f 2500 2436 2176
f 792 2043 655
f 2848 2663 2631
f 2350 1998 2503
f 2793 2210 2334
f 2762 2798 2761
f 2833 2898 2704
f 3637 3659 3658
f 2128 2192 2127
f 2160 2191 480
f 2063 2062 1994
f 2099 2061 2160
f 2127 2191 2160
f 1011 99 4564
f 2681 2680 2614
f 2767 2766 2696
f 2865 2864 2800
f 2864 2865 2939
f 2865 2866 2939
f 2217 2268 2292
f 2934 3006 3005
f 2859 2936 2935
f 1875 1904 1845
f 7491 5632 7523
f 2628 1978 625
f 3494 3139 3409
f 2758 2857 2823
f 1146 2856 2932
f 2042 2434 2078
f 2111 2042 2078
f 2897 2541 2434
f 2897 2305 2541
f 2569 2980 2305
f 2089 2145 2118
f 1936 1935 1902
f 2519 2520 2587
f 2767 2828 2800
f 2996 2646 2212
f 2212 2646 2340
f 1798 2505 2500
f 2505 2141 2436
f 2500 2505 2436
f 2141 2560 2170
f 2436 2141 2170
f 2170 2560 4421
f 3673 3353 3459
f 4075 2341 2304
f 622 2393 2364
f 2901 2171 2081
f 9519 1818 1778
f 2674 2171 2901
f 117 1837 94
f 2087 2086 2047
f 2443 2444 2473
f 2091 2023 1986
f 7431 7424 7183
f 2372 2376 2976
f 2376 1393 2976
f 2528 2926 2885
f 2655 2621 2588
f 1951 2496 1972
f 2186 2219 2154
f 2155 2186 2154
f 2186 2271 2219
f 2490 1955 1952
f 2757 2758 2823
f 1634 1973 1989
f 3027 3034 2801
f 2795 2796 2822
f 2753 2821 2791
f 2180 2181 2242
f 2708 2717 1893
f 2406 2708 1893
f 7567 3299 3250
f 3672 648 2804
f 1463 2578 1716
f 9923 3819 3118
f 2410 2340 2646
f 2410 1798 2340
f 2410 2505 1798
f 2560 1891 4286
f 9753 9754 1786
f 144 1888 1863
f 2085 2116 2143
f 114 1866 1867
f 2143 307 2085
f 2706 2814 2371
f 2262 2263 2288
f 2169 2279 2431
f 970 2788 1032
f 5519 5538 5518
f 2510 2549 2548
f 7560 7459 5192
f 30 2768 3727
f 2407 2664 2840
f 2537 2462 2896
f 2390 2450 2389
f 2766 2800 2765
f 2511 2550 2549
f 2800 2764 2765
f 2093 2153 2092
f 2958 4316 2463
f 2153 2247 2152
f 1900 1899 1870
f 2555 2523 2484
f 3010 2674 2901
f 3632 3680 3679
f 5805 5893 4149
f 2620 2621 2654
f 2388 2449 2415
f 2756 2796 2795
f 1901 1930 1900
f 9299 9267 9268
f 2518 2519 2554
f 651 821 974
f 1935 1959 1986
f 2024 2053 2091
f 2481 2520 2519
f 2450 2481 2519
f 2717 2708 1852
f 7635 7189 7187
f 3104 3128 3103
f 2806 2646 549
f 2876 2897 2042
f 2806 2410 2646
f 2410 2164 2505
f 2164 2920 2505
f 2920 1891 2141
f 2505 2920 2141
f 2141 1891 2560
f 8680 8655 8681
f 7048 6854 6719
f 2314 2744 2412
f 1142 2928 1173
f 200 77 2015
f 9879 9180 9934
f 1960 1987 1936
f 2120 2148 2119
f 2216 2215 2148
f 2358 2416 2390
f 2490 1952 1951
f 3462 2113 3213
f 1840 1869 95
f 129 2437 940
f 2767 2697 2731
f 2060 2061 2099
f 2061 2127 2160
f 1969 1993 1968
f 2449 2519 2518
f 3177 2530 3174
f 2763 2827 2729
f 2694 2763 2729
f 2452 2418 2453
f 2153 2152 2092
f 2655 2727 2621
f 1847 3825 1948
f 2121 2184 2150
f 8 3754 3302
f 2453 2555 2484
f 8679 3042 7197
f 219 1929 220
f 2454 2485 2419
f 2391 2454 2419
f 2485 2556 2419
f 2729 2762 2693
f 3542 5402 5418
f 2387 2388 2415
f 1872 1871 1843
f 3237 9956 9960
f 2266 2324 2323
f 1986 2024 2091
f 2091 2053 2121
f 8341 5225 8324
f 2892 2971 2891
f 3009 2501 2867
f 2806 2164 2410
f 3222 3243 3242
f 3414 3415 3435
f 1935 1958 1934
f 2240 2260 2239
f 1145 1175 1216
f 2728 2762 2761
f 2653 2725 2652
f 2326 2358 2357
f 2779 2896 2166
f 2917 2433 29
f 2428 2836 1885
f 2270 2269 2247
f 2537 2741 2462
f 4604 1149 1396
f 1358 2973 1388
f 2102 2101 2064
f 2078 2537 2779
f 7460 7806 7619
f 2660 2659 2625
f 2694 2729 2657
f 1356 1281 2903
f 2290 2321 2320
f 2501 2832 2867
f 2555 2622 2523
f 2591 2623 2556
f 2660 2695 2659
f 7225 8655 7196
f 428 2709 1251
f 2852 2915 2808
f 7354 7359 8230
f 2541 2428 1885
f 4008 4683 7763
f 2850 1491 1906
f 145 1889 1924
f 1992 1991 1967
f 2329 2362 2296
f 2272 2296 2248
f 2272 2329 2296
f 2892 2891 2861
f 2205 2406 1893
f 2292 2267 2246
f 2217 2292 2246
f 1931 1930 1901
f 2324 2388 2387
f 1844 1872 1843
f 1966 9284 1967
f 2244 2245 2266
f 3436 3485 3484
f 2971 3009 3008
f 2970 2971 3008
f 2272 2248 2220
f 361 449 2187
f 1117 4784 4853
f 3260 2639 2603
f 2646 2996 549
f 2164 3904 2920
f 2920 4293 1891
f 1891 4293 4055
f 3483 3484 3501
f 3435 3484 3483
f 2323 2291 2244
f 8156 9877 9887
f 1895 2983 2997
f 9878 9958 8084
f 1959 1987 2024
f 3624 8037 3837
f 9909 9892 9868
f 1952 2793 2334
f 2790 2820 2789
f 4493 4357 4361
f 1396 1149 3943
f 4031 4503 4495
f 2216 2244 2215
f 9867 9873 9863
f 2758 2757 2725
f 8723 8722 8664
f 1814 1815 94
f 2815 2254 2665
f 2020 2049 2088
f 1842 1901 1841
f 2686 2685 2617
f 2584 2686 2617
f 2835 2885 2351
f 2522 2590 2589
f 2615 2682 2681
f 9968 9829 9896
f 2277 2301 2252
f 2277 2337 2301
f 2301 2337 2336
f 2336 2337 2367
f 2367 2398 2397
f 9833 9869 254
f 2416 2481 2390
f 1963 1962 1904
f 2864 2939 2938
f 2971 2970 2891
f 2327 2359 2294
f 2184 2217 2150
f 7952 7951 7910
f 2244 2265 2215
f 1988 1963 257
f 449 2220 2187
f 9872 9883 254
f 9951 4259 9931
f 3518 3382 3353
f 2552 2584 2583
f 3266 3288 3244
f 2354 2353 2320
f 2553 2651 2618
f 2264 2290 2320
f 2484 2522 2483
f 2534 2010 2370
f 2847 1953 21
f 2664 2917 2427
f 2397 2398 4555
f 2219 2270 2247
f 5700 5723 5699
f 3943 4493 4361
f 2187 2124 361
f 1249 2568 8
f 7825 7804 7424
f 2078 2434 2537
f 2390 2481 2450
f 2320 2353 2319
f 1818 1841 1870
f 9931 9941 8258
f 2543 2607 2078
f 2267 2324 2266
f 2245 2267 2266
f 2149 2183 2216
f 1145 1216 2966
f 2407 2840 2441
f 2888 1116 2966
f 2559 2558 2488
f 2541 1885 2741
f 2407 2441 2879
f 2444 2474 2473
f 2414 2475 2474
f 2821 2854 2853
f 3482 3483 3500
f 2697 2767 2696
f 2915 3018 2835
f 2424 2491 2945
f 2323 2324 2387
f 1732 1665 1989
f 2308 1791 2342
f 9930 9953 9994
f 2629 3138 2230
f 2401 2403 2802
f 2802 2803 199
f 2863 2864 2938
f 2311 2877 2274
f 3794 3828 3793
f 2273 3766 2425
f 3766 2273 3793
f 3828 3766 3793
f 2781 2745 65
f 3768 3792 3767
f 2788 2789 1114
f 2118 2145 2144
f 2072 2370 2313
f 2146 2182 2181
f 2010 2014 2662
f 2692 2656 2589
f 2887 2965 2928
f 3681 3735 3680
f 2427 29 2736
f 2588 2587 2520
f 3016 9885 3117
f 29 2426 2736
f 8385 1829 4721
f 4721 1829 1828
f 9284 1966 1939
f 2422 2836 2596
f 2427 2736 2840
f 4755 5462 5512
f 2607 2111 2078
f 583 3035 582
f 2551 2552 2583
f 8227 5638 9871
f 3073 3781 3730
f 2040 1947 2502
f 2836 2422 1947
f 2937 3012 3011
f 87 138 1946
f 2179 2214 416
f 2641 2768 2108
f 1814 9597 9632
f 3732 3790 2731
f 2820 2853 2886
f 9980 9848 9921
f 3018 2885 2835
f 2351 2817 2815
f 3003 2629 2230
f 2803 2852 28
f 9300 9376 9299
f 146 1890 1865
f 3535 3557 3534
f 2519 2587 2586
f 2828 3789 660
f 2670 2913 2957
f 2136 2057 2982
f 5238 4989 1328
f 3766 2544 2425
f 2881 513 3675
f 3768 3767 3734
f 3792 3827 3767
f 3356 3414 3413
f 2789 2819 1114
f 2808 2835 2349
f 2246 2245 2183
f 2014 2283 2605
f 2886 2887 2928
f 1894 3014 4590
f 6523 3920 3919
f 5952 9867 5649
f 9499 9459 9419
f 1357 2974 1358
f 400 4122 2107
f 2584 2617 2583
f 2112 25 1284
f 2353 2383 2445
f 2283 1862 2312
f 2159 2160 480
f 2193 2129 2101
f 2101 2102 3263
f 2193 2226 2129
f 9691 5862 9643
f 1915 2969 2899
f 2193 2227 2226
f 2305 2428 2541
f 2277 2252 2226
f 2227 2277 2226
f 3268 3289 3267
f 1855 55 34
f 2817 2136 2254
f 199 2803 28
f 2727 2761 2760
f 2389 2450 2388
f 2968 2934 3005
f 2586 2587 2620
f 2254 2136 2982
f 2136 2976 2057
f 4088 6771 6449
f 2881 655 513
f 3355 3356 3413
f 2585 2553 2618
f 2283 2312 2605
f 2445 2383 2476
f 2359 2360 2417
f 5753 9898 5807
f 2682 2790 2721
f 692 2365 693
f 2192 2223 2191
f 2502 1977 2283
f 2213 2241 2240
f 2925 3100 2395
f 2395 3014 1894
f 2925 2395 1894
f 2257 3139 3494
f 2337 2338 2367
f 9094 9162 9093
f 2367 2338 2398
f 9954 9962 9899
f 5361 7025 6880
f 1831 1863 1830
f 9861 7458 8156
f 8070 8111 8069
f 3172 1249 3514
f 7738 8230 5355
f 3702 3065 788
f 2081 2734 2733
f 2832 2081 2733
f 2501 2901 2832
f 1983 1982 1900
f 2901 2081 2832
f 1281 1245 2998
f 2305 2980 2428
f 5864 7956 7459
f 2120 2121 2150
f 3628 3164 9910
f 1895 2198 2980
f 2085 307 280
f 7376 7344 8103
f 9840 9898 3694
f 2327 2360 2359
f 2933 2968 2967
f 2815 2817 2254
f 2972 3010 3009
f 2457 2787 2281
f 3401 2460 2498
f 4307 3552 3993
f 3038 4022 3448
f 2641 3727 2768
f 2351 2926 2817
f 2372 2976 2136
f 3829 3630 2083
f 4240 3632 3679
f 3770 3794 3707
f 3770 3795 3794
f 3794 3795 3828
f 69 94 1815
f 2245 2246 2267
f 3007 2311 3006
f 2484 2483 2451
f 3006 2311 2509
f 2395 3100 2221
f 1284 4590 3014
f 2907 1742 1037
f 2733 2734 315
f 3035 2132 4261
f 2261 2260 2241
f 8385 1783 1830
f 2004 1498 62
f 2073 1281 2998
f 7960 7961 7694
f 2030 1991 1992
f 2059 2098 1991
f 2682 2721 2681
f 2551 2583 2582
f 2487 2486 2393
f 2594 2593 2558
f 2559 2594 2558
f 2205 2984 2564
f 2053 2122 2121
f 2329 2363 2362
f 2363 2391 2362
f 1384 3402 3151
f 2697 2696 2593
f 2099 2160 2159
f 2594 2697 2593
f 2059 2099 2159
f 2487 2524 2486
f 2008 2350 2503
f 2386 2385 2355
f 2972 2971 2892
f 2578 1974 1716
f 8140 6280 8154
f 2893 2972 2892
f 2656 2691 2655
f 2691 2727 2655
f 1895 2997 2198
f 2936 1915 3007
f 2817 2372 2136
f 2929 2999 2998
f 2885 2926 2351
f 1952 2334 1951
f 3314 3333 3313
f 3333 3386 3358
f 3333 3358 3313
f 3314 3313 3289
f 9793 9397 6051
f 4495 4503 4482
f 2452 2484 2451
f 5911 7827 7904
f 938 1538 2875
f 1995 1994 1969
f 1702 1703 2374
f 2896 2010 2534
f 622 2364 585
f 2145 2181 2180
f 7990 8027 8026
f 2005 2238 2231
f 3518 3256 3382
f 3773 157 3830
f 1221 158 1010
f 5870 875 5843
f 1831 1864 1863
f 1864 1889 1863
f 2827 2893 2892
f 5679 4181 4005
f 583 512 1600
f 2941 2492 1884
f 2380 2444 2443
f 2956 2917 2632
f 2434 2541 2741
f 3767 3827 3733
f 2534 2166 2896
f 1902 1935 1934
f 2729 2799 2762
f 2582 2583 2617
f 2093 2092 2055
f 1988 2056 2026
f 2971 2972 3009
f 1638 2438 1639
f 2956 77 2917
f 2389 2388 2324
f 2761 2727 2691
f 2055 2054 2025
f 2026 2055 2025
f 1962 1961 1937
f 1904 1962 1937
f 2926 2372 2817
f 2014 2605 2662
f 6802 3432 3238
f 3238 3432 2013
f 2441 2840 2850
f 2287 2317 2261
f 2262 2287 2261
f 2262 2261 2241
f 2896 2462 2010
f 1949 2395 2221
f 1949 2811 3014
f 2395 1949 3014
f 2811 1284 3014
f 2811 2112 1284
f 2144 2145 2180
f 2734 2546 315
f 3077 9282 1845
f 7385 7956 5864
f 9849 8120 8080
f 1806 1864 1831
f 3267 3245 3223
f 2253 2277 2227
f 7242 8032 5972
f 2253 3410 2277
f 2338 2399 2398
f 1780 9872 5746
f 1427 2424 2945
f 5109 4004 7532
f 3000 2973 2974
f 3772 3737 3799
f 35 4504 102
f 2733 315 2704
f 2867 2832 2898
f 2832 2733 2898
f 2574 1978 2650
f 2704 315 2915
f 2898 2733 2704
f 315 3018 2915
f 2098 2059 397
f 2286 2352 574
f 8677 8705 8652
f 2692 2728 2656
f 2469 2195 2138
f 2800 2864 2764
f 2589 2656 2655
f 2589 2655 2588
f 2092 2123 2054
f 2055 2092 2054
f 2419 2418 2361
f 2419 2556 2453
f 2727 2760 2759
f 2357 2390 2389
f 2650 1978 2628
f 3793 2273 3792
f 3097 2013 3730
f 3106 3129 3105
f 9996 9974 6189
f 1611 9115 9253
f 2019 2047 2018
f 2741 2040 2462
f 416 2262 2241
f 1249 2601 2568
f 2601 1949 2221
f 2016 2811 1949
f 9585 9584 9545
f 2375 224 2608
f 9830 9997 3764
f 8224 5382 4968
f 1864 1890 1889
f 1890 1924 1889
f 2938 2939 3013
f 2492 1604 1884
f 2853 2929 2887
f 2929 2998 2965
f 108 135 107
f 2249 585 2272
f 9025 8984 8953
f 2546 2528 3018
f 9847 9859 9858
f 2793 2807 2564
f 8 3302 20
f 1955 2807 2793
f 1952 1955 2793
f 3782 2600 3172
f 2269 2294 2293
f 397 451 427
f 2887 2929 2965
f 2864 2863 2764
f 2730 2694 2658
f 2185 2152 2218
f 2026 2025 1961
f 2056 2055 2026
f 2205 1893 2984
f 1788 1818 1840
f 1818 1870 1840
f 2486 2557 2485
f 62 25 2004
f 3086 7227 3087
f 8665 8664 8641
f 2287 2288 2318
f 2262 2288 2287
f 2295 2327 2294
f 2876 2255 2897
f 7956 7385 596
f 2016 2634 2811
f 2811 2634 2112
f 287 9912 3169
f 2574 3523 1978
f 6643 6639 6564
f 6945 6984 6654
f 4800 5175 5220
f 1806 1832 1864
f 1832 1865 1890
f 1864 1832 1890
f 146 1924 1890
f 2187 2155 2124
f 2242 2264 2289
f 2060 2099 2030
f 2099 2059 2030
f 2683 2722 2682
f 2722 2791 2682
f 2683 2682 2615
f 2030 2059 1991
f 3010 2901 2501
f 315 2546 3018
f 3018 2528 2885
f 2975 2403 2877
f 3413 3414 3482
f 3335 3334 3314
f 3269 3290 3268
f 3335 3314 3290
f 2726 2725 2654
f 2292 2325 2267
f 2457 2849 2787
f 2417 2416 2358
f 2248 2271 2186
f 2616 2683 2615
f 2152 2185 2151
f 2296 2328 2271
f 1962 2026 1961
f 2418 2419 2453
f 2556 2555 2453
f 2050 2090 2089
f 5209 1450 5196
f 2859 2935 2934
f 2317 2316 2261
f 2468 2610 2378
f 1773 3673 3459
f 3181 3180 3154
f 2159 480 2190
f 1009 6888 6551
f 1870 1869 1840
f 3025 2780 614
f 7050 6537 6914
f 5635 5698 5675
f 2824 2859 2858
f 2621 2727 2726
f 1870 1899 1869
f 2727 2759 2726
f 1899 1900 1956
f 2117 2116 2086
f 2339 2601 2600
f 3172 2600 2601
f 2339 1949 2601
f 2772 2016 1949
f 2339 2772 1949
f 2772 2211 2016
f 2211 2634 2016
f 1717 1751 2467
f 1717 2467 1681
f 2736 2426 1491
f 4590 1284 4536
f 1956 1900 1982
f 1784 1807 1832
f 9788 1806 3150
f 158 3024 2608
f 2088 2048 2020
f 2214 2262 416
f 2128 2127 2062
f 2486 2485 2454
f 2568 3754 8
f 4684 702 3338
f 1963 1904 1875
f 3677 3678 3768
f 2797 2860 2825
f 2877 2403 2401
f 7590 9840 3694
f 2088 2087 2048
f 2356 2386 2355
f 2150 2217 2183
f 3604 3659 3637
f 2247 2269 2218
f 2220 2248 2186
f 2018 2047 2046
f 2441 2850 1896
f 2187 2220 2186
f 2152 2247 2218
f 2152 2151 2123
f 2054 2122 2053
f 2581 2615 2681
f 2877 2401 2274
f 3714 3713 3658
f 4952 3687 1253
f 3182 3223 3205
f 224 223 2608
f 3182 3181 3155
f 6305 6323 6268
f 5139 4880 7703
f 5931 1418 5927
f 2214 2242 2263
f 2318 2382 2381
f 2211 1975 2634
f 2634 1975 2004
f 1216 2973 3000
f 2731 2697 2698
f 2313 2605 2284
f 2764 2763 2694
f 15 5703 5485
f 6213 3516 5725
f 7283 3069 7251
f 1807 1808 1832
f 1832 1833 1865
f 2130 3261 3028
f 2081 2130 3028
f 3012 2948 2674
f 2663 2735 2631
f 3226 3270 3225
f 752 4506 4464
f 1993 2060 1992
f 1993 1992 1968
f 2060 2030 1992
f 4649 2559 2488
f 2881 3675 2529
f 2434 2741 2537
f 1926 5317 3449
f 2860 2889 2825
f 1903 1936 1902
f 3289 3313 3266
f 2217 2246 2183
f 2449 2480 2415
f 2823 2857 2933
f 1954 2958 2011
f 2263 2242 2289
f 2248 2296 2271
f 2905 2671 1534
f 2948 2108 2171
f 2791 2790 2682
f 1611 1612 9115
f 2514 2515 2552
f 2187 2186 2155
f 2296 2362 2328
f 2362 2361 2328
f 2092 2152 2123
f 2006 2232 2670
f 1948 2006 2670
f 3433 2338 3410
f 2605 2197 2284
f 2720 2458 2000
f 2171 2130 2081
f 2935 3006 2934
f 3050 3788 3234
f 3245 3266 3244
f 2381 2382 2414
f 3206 3182 3155
f 2309 2303 2339
f 2303 2772 2339
f 2038 2004 1975
f 2038 1500 2004
f 2338 3433 2399
f 3529 3575 3528
f 5829 6567 8228
f 1808 1833 1832
f 3734 3767 3733
f 3028 3261 2848
f 7189 7635 349
f 3796 3795 3770
f 2268 2293 2292
f 1789 1790 1843
f 2654 2621 2726
f 2657 2729 2693
f 2657 2693 2622
f 2623 2657 2622
f 2556 2623 2555
f 2623 2622 2555
f 2417 2451 2416
f 2797 2825 2760
f 1845 1904 1874
f 1904 1937 1874
f 2476 2475 2445
f 2388 2450 2449
f 2216 2245 2244
f 2449 2518 2480
f 3034 3027 1897
f 2967 1897 3004
f 2469 2503 2195
f 2491 393 2074
f 3242 3285 3265
f 2674 2948 2171
f 2992 4215 4183
f 2513 2512 2475
f 3575 3574 3528
f 2476 2513 2475
f 6730 7111 7216
f 3482 3500 4330
f 3820 3825 3138
f 9928 9914 9920
f 3727 2939 3667
f 1038 483 45
f 2640 1791 2199
f 2513 2551 2512
f 2512 2551 2582
f 2758 2858 2857
f 2787 2566 2066
f 2582 2617 2616
f 2586 2653 2652
f 2874 2772 2303
f 2874 2211 2772
f 2874 2707 2211
f 2707 1975 2211
f 2578 1500 2038
f 2617 2685 2684
f 2312 2702 2197
f 2835 2351 2349
f 2616 2617 2684
f 3635 3602 3574
f 3575 3635 3574
f 5285 4683 4008
f 3635 3634 3602
f 2317 2381 2380
f 2828 660 2866
f 2831 1647 1681
f 2723 2722 2684
f 2685 2723 2684
f 2723 2753 2722
f 2391 2419 2361
f 2391 2361 2362
f 2054 2053 2024
f 2025 2054 2024
f 2124 2155 2094
f 2359 2417 2358
f 2450 2519 2449
f 1842 1931 1901
f 9559 1789 1842
f 2822 2823 2856
f 2503 1954 2195
f 1954 2011 2195
f 3347 3301 4
f 2760 2825 2759
f 2729 2827 2799
f 3139 3431 3409
f 2473 2474 2510
f 2827 2861 2799
f 2735 2114 2895
f 4649 2488 1381
f 2595 2594 2559
f 1988 257 283
f 2895 2114 2376
f 2827 2892 2861
f 2232 1919 2913
f 2255 2305 2897
f 1977 2422 1862
f 2376 2114 1707
f 3640 3494 3409
f 2049 2050 2089
f 2723 2792 2753
f 2792 2821 2753
f 9559 1842 1841
f 2888 2854 2821
f 2792 2888 2821
f 2966 2929 2854
f 2888 2966 2854
f 3823 3824 9927
f 9921 9851 9943
f 2113 2303 2259
f 2113 2874 2303
f 2707 1886 1975
f 1886 2038 1975
f 1886 2672 2038
f 2672 2578 2038
f 2214 2180 2242
f 313 1990 314
f 2966 2999 2929
f 3682 3710 3634
f 6870 6996 6912
f 1785 1809 1808
f 1785 1808 1807
f 1808 1809 1833
f 1809 1866 1833
f 2966 3000 2999
f 2581 2616 2615
f 2543 2078 2779
f 2595 2626 2594
f 2698 2697 2594
f 2664 2427 2840
f 2218 2269 2293
f 2522 2589 2521
f 2294 2359 2326
f 2589 2588 2521
f 2483 2522 2521
f 2482 2483 2521
f 2451 2483 2482
f 2416 2451 2482
f 2620 2654 2653
f 2091 2120 2052
f 1983 2021 2049
f 2855 694 726
f 2933 2932 2856
f 2823 2822 2796
f 2813 2503 2469
f 393 2496 2074
f 3301 2941 4
f 7784 5746 7683
f 3179 3180 3222
f 2047 2086 2046
f 2596 2441 1896
f 9211 1875 1846
f 2670 2232 2913
f 3483 3501 3500
f 3217 2597 3462
f 7276 7311 7310
f 395 1037 4341
f 2584 2688 2686
f 2113 2017 2874
f 2017 2707 2874
f 2347 2578 2672
f 1841 1900 1870
f 2317 2352 2316
f 2999 3000 2073
f 2917 29 2427
f 7216 5475 7240
f 9790 9791 1785
f 9931 8258 9951
f 2764 2863 2763
f 2626 2698 2594
f 2862 2863 2937
f 2293 2294 2326
f 2268 2218 2293
f 2326 2359 2358
f 2443 2352 2380
f 2023 2091 2052
f 1873 1872 1844
f 3070 3238 3097
f 1750 21 1953
f 3075 1844 1843
f 1790 3075 1843
f 2074 2496 2489
f 3007 1915 2311
f 3384 3385 3416
f 7417 7418 7491
f 9602 6078 6105
f 121 614 2000
f 3820 2006 3825
f 2704 2915 2852
f 3009 3010 2501
f 2073 3000 2974
f 1968 1992 1967
f 2289 2320 2319
f 480 2251 521
f 3387 3418 3417
f 2386 2448 2385
f 1873 1844 1819
f 2448 2447 2385
f 2750 2707 2017
f 2075 1886 2707
f 2750 2075 2707
f 2642 2672 1886
f 2075 2642 1886
f 2672 2642 2347
f 1974 2578 2347
f 2863 2938 2937
f 2414 2474 2444
f 7408 7409 7486
f 6416 6532 6472
f 4671 7766 7551
f 1810 1867 1866
f 1809 1810 1866
f 3027 1324 1218
f 9937 2285 3539
f 7274 7308 7307
f 1968 1967 1940
f 2295 2294 2269
f 2765 2764 2730
f 2086 2085 2046
f 3076 1902 1873
f 2079 1797 2012
f 2824 2858 2758
f 1934 1933 1872
f 3912 4628 6058
f 2517 2516 2479
f 2517 2553 2516
f 1872 1933 1871
f 2119 2148 2147
f 1918 2813 2469
f 1943 2813 1918
f 2504 2834 2424
f 1915 2975 2311
f 6158 6157 6105
f 2798 2797 2761
f 3046 7635 7187
f 2863 2862 2763
f 2159 397 2059
f 7989 7990 8026
f 2195 2011 2809
f 2311 2975 2877
f 2798 2826 2797
f 7431 7825 7424
f 1703 2431 2374
f 7355 3131 3107
f 3213 2113 2259
f 34 1854 1855
f 3625 2429 3830
f 3625 2995 2429
f 2980 2836 2428
f 2443 2473 750
f 2018 220 2019
f 2659 2658 2624
f 3918 2080 2816
f 2205 2235 2406
f 3966 2708 2406
f 2725 2726 2758
f 2726 2824 2758
f 2654 2725 2653
f 1873 1934 1872
f 2934 2968 2858
f 2512 2550 2511
f 2244 2291 2265
f 2291 2323 2322
f 1985 2022 1984
f 1932 1985 1984
f 2022 2052 2051
f 2022 2051 1984
f 1933 1932 1871
f 2119 2147 2090
f 2148 2215 2147
f 2801 2918 2504
f 3386 3387 3417
f 2230 1847 2457
f 2648 2205 2564
f 2011 2958 2988
f 3625 3305 2951
f 2995 3625 2951
f 930 2721 2789
f 2937 2938 3012
f 8259 9932 9837
f 2659 2730 2658
f 2357 2325 2292
f 9903 9908 9969
f 2017 2113 3462
f 2041 2599 2750
f 2017 2041 2750
f 2750 2599 2075
f 2599 2137 2075
f 2137 2642 2075
f 2346 2347 2642
f 2137 2346 2642
f 2233 1974 2347
f 2346 2233 2347
f 2233 2875 1974
f 2875 1538 1974
f 3385 3384 3357
f 2625 2659 2624
f 1452 3569 2545
f 1786 1811 1810
f 9791 1786 1810
f 1811 1834 1810
f 1834 115 1867
f 1810 1834 1867
f 2592 2625 2557
f 2073 2903 1281
f 2879 2596 2836
f 3011 3012 2674
f 2886 2928 1142
f 2625 2591 2557
f 1933 1934 1958
f 2618 2689 2688
f 2215 2182 2147
f 2119 2090 2051
f 2052 2119 2051
f 2480 2517 2479
f 2945 2740 2315
f 3034 2918 2801
f 9756 6050 6003
f 3336 3360 3359
f 7409 7449 7486
f 2524 2557 2486
f 2695 2765 2730
f 2267 2325 2324
f 2393 2392 2364
f 3203 3222 3242
f 2392 2486 2454
f 2393 2486 2392
f 1707 1741 1282
f 2474 2475 2511
f 2951 3305 514
f 3075 3062 1819
f 199 2490 1972
f 2017 3462 2041
f 2131 2346 2137
f 2346 2771 2233
f 2736 1491 2850
f 2714 2309 2339
f 2592 2557 2524
f 3267 3266 3245
f 1224 3147 6555
f 3809 6273 3982
f 4552 4408 4974
f 3627 9907 3694
f 2590 2692 2589
f 20 3302 3698
f 3063 1819 3062
f 2695 2730 2659
f 2625 2624 2591
f 2648 2235 2205
f 199 28 2490
f 2279 974 821
f 2066 1943 2461
f 1943 1918 2461
f 3632 4239 6641
f 2322 2323 2356
f 7005 7090 7089
f 2512 2582 2550
f 2461 2177 1981
f 514 2902 3523
f 2744 2314 2368
f 2685 2686 2723
f 1957 1932 1984
f 2479 2478 2447
f 2448 2479 2447
f 2415 2480 2448
f 19 2918 3034
f 2754 2794 1081
f 254 3033 6882
f 1007 549 2996
f 2879 2441 2596
f 2317 2318 2381
f 2239 511 468
f 2566 1943 2066
f 2401 2802 2423
f 2008 2813 1943
f 2566 2008 1943
f 2270 2295 2269
f 3523 2902 2944
f 2902 1430 2944
f 2165 2599 2041
f 2871 2165 2041
f 2743 2137 2599
f 2165 2743 2599
f 2137 2743 2131
f 2432 2875 2233
f 2432 2633 2875
f 2033 287 2314
f 3256 3097 3699
f 320 5035 294
f 1786 9754 1811
f 1811 1835 1834
f 1835 1868 1834
f 1149 4493 3943
f 1639 2438 2489
f 1430 51 1738
f 4897 337 3868
f 2335 2366 2365
f 3013 2641 2948
f 2364 2392 2329
f 7726 5001 7732
f 6601 3165 5110
f 2150 2183 2149
f 2169 974 2279
f 1917 1861 2343
f 2479 2516 2478
f 2480 2479 2448
f 1897 19 3034
f 2944 1430 1738
f 395 1283 827
f 2979 2461 1918
f 2335 2365 2299
f 1935 1986 1958
f 2474 2511 2510
f 2276 2335 2299
f 194 1963 1875
f 2807 2648 2564
f 2802 199 2423
f 2076 2670 2350
f 2254 2991 2665
f 2154 2219 2153
f 2130 476 3261
f 2276 2299 2223
f 3681 3680 3652
f 625 11 3700
f 2597 2871 2041
f 2009 2346 2131
f 2009 2771 2346
f 2771 2432 2233
f 128 2633 982
f 2952 428 1251
f 2021 2050 2049
f 5803 5836 10000
f 2439 900 4206
f 2914 9953 9839
f 7520 7585 7489
f 9754 1812 1811
f 1811 1812 1835
f 2224 2223 2192
f 2069 2161 1527
f 2100 2128 2062
f 3012 3013 2948
f 585 2364 2329
f 1963 1988 1962
f 28 1955 2490
f 2724 2757 2796
f 2756 2724 2796
f 2706 2371 2997
f 2983 2706 2997
f 2744 2111 2607
f 2150 2149 2120
f 2744 2910 2111
f 2183 2245 2216
f 4897 3868 5132
f 1861 2138 2343
f 2553 2585 2516
f 2387 2415 2386
f 2415 2448 2386
f 1500 2578 1463
f 3005 19 1897
f 2967 3005 1897
f 424 3672 7119
f 1998 2012 1954
f 2063 2100 2062
f 2886 1142 2819
f 1490 2069 1527
f 2154 2153 2093
f 3026 2076 2350
f 1903 3076 1874
f 1937 1960 1903
f 2224 2276 2223
f 1995 2063 1994
f 1488 4841 1489
f 2543 2779 2167
f 2530 2165 2871
f 2530 2567 2165
f 2165 2567 2743
f 2598 2771 2009
f 2771 2598 2432
f 2778 2633 2432
f 8654 3042 8679
f 2938 3013 3012
f 3705 2114 1925
f 1604 1251 3666
f 2753 2791 2722
f 3270 3291 3225
f 7733 7351 8224
f 2381 2414 2444
f 2948 2641 2108
f 2108 2130 2171
f 585 2329 2272
f 1847 2076 3026
f 577 974 1038
f 2903 2974 1357
f 2308 1981 1791
f 2066 2461 1981
f 2757 2823 2796
f 2724 2756 2690
f 1932 1957 1871
f 2686 2687 2723
f 2687 2754 2723
f 2910 2876 2042
f 2042 2897 2434
f 7317 3084 3069
f 6619 7240 6617
f 2988 1996 2737
f 2356 2387 2386
f 2968 3005 2967
f 2196 2168 3169
f 2803 2704 2852
f 2735 1925 2114
f 582 577 583
f 2177 2461 2979
f 1999 205 169
f 3128 3179 3103
f 2350 2670 2957
f 5614 5640 5661
f 3859 2140 3893
f 2808 2349 1955
f 2848 3261 2663
f 2567 2713 2743
f 2743 2713 2131
f 2713 2009 2131
f 2778 2432 2598
f 2906 2633 2778
f 1930 1983 1900
f 2826 2860 2797
f 982 2906 46
f 618 4474 3609
f 4909 5728 5845
f 1787 1836 1812
f 1812 1836 1835
f 1837 1868 1835
f 1836 1837 1835
f 3720 3256 3518
f 4311 488 1354
f 1972 2496 393
f 727 1972 393
f 2424 2834 2491
f 2619 2690 2651
f 2430 1637 1599
f 2688 2755 2687
f 2686 2688 2687
f 1925 2735 2663
f 2809 2737 2138
f 2809 2988 2737
f 2618 2651 2689
f 2690 2756 2689
f 2857 2968 2933
f 1893 2717 2780
f 2184 2185 2217
f 2833 2704 2803
f 2660 2625 2592
f 3226 3225 3183
f 1527 2161 1559
f 4 792 2377
f 3003 2230 2457
f 3432 3073 2013
f 7194 7222 7193
f 8306 7288 7282
f 2312 2005 2702
f 2117 2179 2116
f 2213 2143 416
f 5773 7354 7681
f 3174 2530 2871
f 2533 2567 2530
f 2533 2669 2713
f 2567 2533 2713
f 2669 2284 2713
f 2284 2009 2713
f 2197 2598 2009
f 2284 2197 2009
f 2702 2778 2598
f 2197 2702 2598
f 2702 2231 2778
f 2231 2906 2778
f 2605 2312 2197
f 1947 2422 1977
f 2826 2891 2860
f 1787 1813 1836
f 1812 9712 1787
f 1813 1837 1836
f 2705 2847 2238
f 5800 5773 7681
f 2631 2735 2895
f 9954 9939 9952
f 7308 7309 7310
f 2292 2293 2357
f 2423 199 727
f 2424 1427 1928
f 2834 393 2491
f 2801 2424 1928
f 2619 2651 2553
f 2322 2356 2355
f 1944 2873 2199
f 3969 4597 1416
f 2640 2199 2843
f 2433 4592 29
f 1681 1647 1682
f 3158 3184 7425
f 95 71 1817
f 2651 2690 2689
f 2787 2066 2308
f 2185 2268 2217
f 2802 2833 2803
f 2523 2522 2484
f 1885 1947 2040
f 2766 2765 2695
f 2325 2389 2324
f 2304 2341 2161
f 3358 3385 3312
f 2161 2341 1559
f 2259 3823 3213
f 648 6467 871
f 3093 3003 2281
f 2460 3093 2281
f 2281 3003 2457
f 2468 576 2720
f 2122 2151 2184
f 2793 2564 2210
f 7622 7623 7687
f 2614 2680 859
f 2238 2906 2231
f 21 46 2906
f 2238 21 2906
f 9979 9856 9940
f 1639 2334 2210
f 2473 2510 2548
f 10002 2534 2072
f 1928 1324 2801
f 2531 9688 9483
f 2018 219 220
f 2587 2588 2620
f 4316 2958 4267
f 1885 2040 2741
f 1906 1953 2847
f 1973 1702 1989
f 2360 2452 2417
f 2523 2590 2522
f 2969 3008 2899
f 199 1972 727
f 7623 7688 7687
f 3573 3633 3601
f 3404 3216 3168
f 3330 3122 3168
f 3107 3130 3106
f 3156 3155 3130
f 6078 6158 6105
f 6158 6184 6157
f 6269 6268 6236
f 6269 6305 6268
f 4681 4952 5303
f 3815 5523 5522
f 6264 6265 6302
f 4258 4035 3551
f 4035 690 3551
f 3551 690 4397
f 4397 3552 4307
f 6302 6303 6343
f 6303 6344 6343
f 1180 2992 2082
f 9376 9420 9375
f 4105 4527 2082
f 3452 3538 2573
f 2992 1180 4258
f 6358 1605 2573
f 1605 3452 2573
f 9425 9462 9424
f 2156 3822 3631
f 1384 2156 3631
f 7688 7751 7687
f 3822 3817 3216
f 3631 3822 3216
f 3817 3061 3216
f 3552 3526 4091
f 3061 3168 3216
f 3344 3368 3320
f 3359 3419 3334
f 8759 8827 8758
f 3814 6358 2573
f 4798 5264 6269
f 8684 7252 7251
f 5539 5564 5519
f 1054 9352 9673
f 3944 3814 3750
f 1922 6358 3814
f 5411 910 5435
f 5983 5977 5704
f 5983 686 5977
f 5666 2044 4627
f 4530 3972 4091
f 3526 4530 4091
f 4694 4693 3522
f 3895 1254 4542
f 6256 3405 4696
f 6321 2369 5678
f 9196 9269 9231
f 8671 8672 8728
f 686 4212 5977
f 1253 6344 6322
f 3061 3051 3168
f 3168 3051 3330
f 3335 3359 3334
f 3157 3183 3156
f 4436 4218 4090
f 3217 9859 9901
f 9926 9948 9989
f 6580 7490 7554
f 4181 3693 4147
f 2369 3693 4181
f 3451 4013 4073
f 795 584 4013
f 3451 795 4013
f 3812 4906 3839
f 8657 7252 8684
f 795 3315 584
f 584 3315 6255
f 6183 6154 6155
f 3238 3549 6802
f 9748 9824 9747
f 9629 9710 9628
f 5670 27 3110
f 6580 6851 5572
f 2992 4258 4215
f 3786 3064 3722
f 1384 9965 2156
f 3381 3822 2156
f 3381 3817 3822
f 3098 3330 3051
f 3666 2855 3731
f 5535 6033 2904
f 3772 3798 3797
f 3258 3404 3428
f 3404 3564 3428
f 2409 3258 3407
f 3258 3428 3407
f 6006 6035 3970
f 5780 6244 6035
f 2703 5588 85
f 3114 3189 3162
f 3583 3557 3535
f 3419 3387 3334
f 3206 3224 3182
f 9891 9870 3016
f 2232 3722 3064
f 3745 4432 4527
f 4284 3678 3677
f 2904 6033 5747
f 5747 1603 5
f 5745 5747 5
f 9832 9849 9881
f 3717 6307 5
f 3583 3582 3557
f 2844 3540 945
f 3445 3425 3397
f 1603 3717 5
f 3786 3722 3820
f 3717 6054 6307
f 6054 5536 6283
f 5496 5704 3361
f 9141 9176 9108
f 3118 2156 9965
f 2310 3718 5412
f 3792 2273 1452
f 5983 5704 5496
f 3118 3381 2156
f 1042 3817 3381
f 1042 3061 3817
f 1042 3543 3051
f 3061 1042 3051
f 3543 3098 3051
f 3335 3336 3359
f 6101 6126 6125
f 5571 6875 3995
f 8090 3638 3607
f 3476 3562 2409
f 6283 5536 5686
f 6893 3457 6809
f 4432 685 4035
f 9844 9947 9957
f 3514 1249 3382
f 3269 3268 3224
f 3252 6767 6892
f 6499 5989 6465
f 5686 3895 4481
f 8440 8410 8372
f 7788 7787 7751
f 5422 5423 5443
f 4043 6244 4403
f 3583 3607 3582
f 3212 3211 3188
f 3786 3820 9838
f 2931 2250 1606
f 9838 3170 9973
f 8625 8626 8647
f 4583 3526 3552
f 5517 5516 5443
f 3607 3638 3582
f 4588 5496 3361
f 6035 6241 3970
f 6035 6244 6241
f 9045 9141 9108
f 7224 8656 7225
f 3454 3475 3117
f 6267 6322 6266
f 3560 3123 3787
f 4898 5593 5634
f 3661 3684 3660
f 2456 3745 4527
f 9299 9375 9267
f 3783 3381 3118
f 3819 3783 3118
f 3783 1042 3381
f 3783 3029 1042
f 3029 3543 1042
f 8527 8528 8578
f 3237 3176 3821
f 3092 3091 3072
f 1451 5545 3493
f 5984 5871 5663
f 7688 7788 7751
f 5580 5616 5579
f 3277 2961 2952
f 7053 7054 7131
f 664 5974 97
f 6235 6267 6234
f 2961 428 2952
f 8 20 3382
f 5580 5642 5616
f 5642 5641 5616
f 5642 5683 5641
f 9881 9918 9893
f 3681 3736 3735
f 3196 3454 3117
f 4433 4434 4147
f 686 3689 4212
f 3689 3982 3871
f 5438 5439 5576
f 5641 5683 5682
f 6635 6621 3639
f 4111 3591 1023
f 942 23 3591
f 2006 3722 2232
f 3120 3643 2310
f 7827 5911 7826
f 3192 4038 3166
f 9596 9555 9513
f 9375 9374 9267
f 9462 9548 9461
f 9965 9923 3118
f 3341 3319 3296
f 1185 4111 4308
f 3059 3092 3072
f 3059 3072 8479
f 6322 6304 6266
f 4104 2456 4527
f 3414 3435 3483
f 9838 3820 3170
f 3559 3780 3304
f 5329 474 4742
f 5808 6350 6006
f 3592 3622 3460
f 8479 3072 8500
f 3060 3059 8479
f 7829 7828 7787
f 4317 4448 794
f 3347 4 2377
f 3774 357 3740
f 2400 2404 3801
f 4038 3690 3721
f 5127 5000 4907
f 3272 3294 3271
f 6401 6402 6667
f 6418 6419 6453
f 6477 6639 6643
f 3772 3771 3736
f 6190 6164 3907
f 7359 8244 8230
f 3366 3365 3319
f 4260 3750 3559
f 6213 6214 3516
f 3599 2425 2718
f 2470 3138 1288
f 5169 7304 5313
f 3967 4124 3259
f 3564 4544 3428
f 2946 627 5493
f 3454 3592 3762
f 3475 3454 3762
f 3762 3592 3460
f 3622 4594 3460
f 9846 9990 3096
f 9917 1288 725
f 9841 9989 9965
f 3532 3556 3580
f 3824 9966 9927
f 3369 3397 3368
f 3369 3445 3397
f 9917 3137 1288
f 3288 3243 3244
f 7157 7156 8475
f 5139 7703 8077
f 7373 7341 7409
f 9978 9874 9843
f 2409 3407 3476
f 7462 8392 8081
f 4034 4089 4166
f 3288 3312 3287
f 482 2635 3135
f 3672 7122 6824
f 3141 482 3135
f 3175 473 3282
f 3821 3175 3282
f 5834 3978 5416
f 6241 6216 3550
f 3564 3763 4544
f 3343 3367 3342
f 6158 6159 6184
f 4798 6236 6184
f 6159 4798 6184
f 9128 9157 9127
f 8564 8605 8585
f 9157 9194 9156
f 3395 3366 3367
f 4106 3643 3120
f 7289 7323 3134
f 3307 2227 2193
f 2540 2574 2650
f 4214 2071 3094
f 3821 3282 9999
f 8666 8697 8665
f 27 18 6921
f 8892 8891 8858
f 3774 3740 3712
f 5141 7733 6512
f 3580 3581 3605
f 3369 3368 3344
f 7143 7157 8475
f 5599 4929 5645
f 3445 3369 6711
f 3506 3556 3488
f 3556 3532 3488
f 6267 6266 6234
f 2470 3040 3170
f 7881 3617 3327
f 3074 3783 3819
f 3342 3367 3341
f 3657 3682 3656
f 6657 482 7041
f 3341 3366 3319
f 1085 5438 4193
f 942 4106 3120
f 7050 6534 6612
f 6192 7050 6612
f 3783 3074 3029
f 3029 3725 3543
f 3816 3098 3543
f 3725 3816 3543
f 3816 3753 3098
f 4864 1176 4811
f 4910 5134 6281
f 1775 9880 9864
f 3162 3161 3113
f 3162 3113 3090
f 3210 3230 3209
f 9935 9932 7257
f 3713 3712 3683
f 3713 3774 3712
f 2404 2400 2719
f 3556 3581 3580
f 9914 9919 9975
f 9978 9843 9915
f 591 872 900
f 6601 6737 6593
f 6350 5595 6312
f 3506 3488 3471
f 3778 3508 3779
f 6314 3538 4579
f 5595 5594 5613
f 3538 5401 4579
f 8796 8795 8764
f 5750 6128 6066
f 6241 5984 6216
f 1799 4978 7462
f 5597 4901 4902
f 5522 5509 5401
f 5522 6007 5707
f 1288 2629 725
f 8090 3607 8043
f 3160 3208 3187
f 7144 7143 8474
f 3318 3340 3317
f 3229 3228 3187
f 3393 3392 3364
f 18 27 124
f 7788 7829 7787
f 3113 3133 3112
f 3777 4626 4434
f 7376 9838 9973
f 9025 9066 9024
f 9066 9090 9024
f 3562 3476 3196
f 1013 5730 3907
f 4120 5810 4043
f 9870 9955 9925
f 6364 6289 5413
f 3470 3488 3469
f 5508 4844 5557
f 3488 3505 3469
f 4053 3663 4354
f 3996 3664 2071
f 4354 3996 2071
f 5498 5496 4629
f 5534 4862 5131
f 3658 3713 3683
f 3367 3366 3341
f 6387 7067 7068
f 4629 5496 4588
f 9959 9883 9924
f 4005 4089 4034
f 3444 3471 3470
f 3835 3038 3399
f 5561 5578 5577
f 3751 3403 4539
f 3370 6711 3369
f 6710 3802 3742
f 3237 3478 3176
f 4089 4434 4166
f 7160 7144 8460
f 1767 8419 6227
f 4218 5350 4090
f 8472 8471 8458
f 3113 3112 3089
f 5462 5514 5513
f 9378 9503 9377
f 4112 3306 3041
f 3492 5498 4629
f 5588 4631 5584
f 3579 3580 3604
f 3491 942 1185
f 23 3120 3618
f 3587 3613 10
f 4588 6368 6366
f 4588 3361 6368
f 3094 3116 3613
f 3718 4053 5545
f 5279 5309 4644
f 5350 3503 1941
f 4090 5350 1941
f 900 4173 4206
f 3095 3282 1540
f 3298 3297 3274
f 4433 4069 4434
f 6935 6936 6972
f 3503 964 1941
f 6273 4220 3982
f 864 872 591
f 4629 4588 6366
f 3395 3444 3423
f 3470 3443 3423
f 3366 3394 3365
f 3470 3469 3443
f 5578 5614 5577
f 3503 1743 964
f 6761 6753 6641
f 7145 7160 8473
f 9157 9156 9127
f 7090 7005 7045
f 7122 6037 6956
f 8489 8508 8488
f 1253 2456 6344
f 3750 3780 3559
f 3179 3178 3127
f 7192 7732 6922
f 1430 18 51
f 7829 7862 7828
f 6640 7028 6671
f 4930 8123 8408
f 3819 9846 3074
f 8158 9897 9847
f 5636 5635 5593
f 7886 3535 3490
f 7886 3583 3535
f 2404 2579 3141
f 7222 6538 7193
f 7493 8408 4725
f 3095 1540 3759
f 3234 3788 2257
f 9898 3234 2257
f 3694 9898 2257
f 9127 9156 9126
f 9335 9334 9333
f 2425 3347 2718
f 3672 6824 648
f 5401 5509 3492
f 3664 6136 3283
f 3298 3342 3297
f 7017 7062 7098
f 3689 3871 4212
f 6809 3457 7009
f 58 111 7052
f 4906 4961 3839
f 5635 5636 5659
f 5682 5060 5681
f 3395 3423 3366
f 5525 6672 6617
f 2256 945 2962
f 3495 3213 3823
f 3588 3029 3074
f 3588 3725 3029
f 3588 3752 3725
f 3752 3761 3816
f 3725 3752 3816
f 3816 3761 4077
f 3436 3437 3485
f 6387 3418 3419
f 3401 2498 2196
f 7598 7145 8459
f 5621 5427 5560
f 3376 3520 3560
f 1471 3 390
f 3176 3376 3560
f 3520 3123 3560
f 3376 3176 3478
f 9994 9891 9904
f 3089 3056 3057
f 2143 2116 416
f 7323 3163 3134
f 2742 2844 3760
f 3555 3532 3579
f 3532 3580 3579
f 3532 3555 3505
f 3488 3532 3505
f 3743 3742 3714
f 3743 3714 3684
f 3714 3741 3713
f 8478 7153 8479
f 8439 6318 4831
f 3057 3056 8567
f 8550 3057 8567
f 3112 3111 3088
f 3530 3553 3487
f 9501 9500 9420
f 5681 5058 3611
f 3825 1847 2230
f 4907 5491 5458
f 5707 6007 5988
f 1085 4907 5458
f 4184 3805 5988
f 3585 4906 3508
f 6312 6085 6006
f 3072 3091 3071
f 3189 3188 3162
f 3211 3210 3188
f 3444 3470 3423
f 5412 5545 1451
f 3637 3658 3683
f 5661 5681 3611
f 2370 2072 2534
f 9876 9858 9977
f 3196 3476 3454
f 5649 9848 9968
f 6190 3907 6085
f 3520 3 3123
f 9867 9863 9848
f 1288 3137 2470
f 3170 3138 2470
f 9960 3478 3237
f 2718 3347 2377
f 6341 4005 3994
f 3505 3531 3504
f 9216 6029 6005
f 8681 8708 8680
f 9663 9662 9583
f 9349 3063 3062
f 1882 1883 1946
f 1882 1946 86
f 5512 4829 4755
f 2579 3572 2493
f 2404 3141 357
f 4220 3558 3982
f 6782 6783 5796
f 7948 7904 7828
f 7862 7948 7828
f 3112 3133 3111
f 3530 3487 3468
f 8891 8919 8857
f 8793 8858 8761
f 3361 5704 3421
f 3318 3364 3340
f 3211 3231 3210
f 2310 5412 6355
f 3554 3578 3577
f 473 262 1540
f 3282 473 1540
f 548 157 3800
f 3208 3229 3187
f 3273 3247 3228
f 3234 9898 5753
f 3454 3476 3592
f 9177 9212 9176
f 3096 3074 9846
f 3096 3588 3074
f 3401 2196 9915
f 3315 6254 6255
f 6212 6235 6211
f 7025 5361 6666
f 8459 7145 8473
f 3170 3820 3138
f 3579 3637 3578
f 3554 3579 3578
f 6007 4184 5988
f 3141 3135 2994
f 3063 3076 1819
f 5162 5953 5778
f 5953 5748 5778
f 3141 2579 2493
f 6208 6262 6261
f 6299 3994 6298
f 6355 5412 1451
f 5533 5508 5556
f 6216 5984 5663
f 3777 3974 4626
f 6263 6320 6342
f 2071 3116 3094
f 3779 3840 3831
f 3492 4629 6136
f 10 3546 4479
f 3491 4106 942
f 3974 3757 4626
f 3741 3801 3774
f 6212 6211 6156
f 3538 5522 5401
f 3161 3160 3133
f 3554 3577 3531
f 3229 3273 3228
f 3295 3272 3247
f 5614 5661 4951
f 3417 3437 3436
f 1290 2628 1012
f 5661 3611 4951
f 9985 9992 9972
f 9901 9996 2597
f 9989 9948 9923
f 3407 3592 3476
f 3592 3407 3622
f 1604 3666 3731
f 3802 3801 3741
f 3742 3802 3741
f 7039 7066 6930
f 3972 3197 9723
f 5974 664 4816
f 6255 6254 5779
f 3471 3488 3470
f 3342 3341 3296
f 3342 3296 3297
f 3231 3274 3230
f 3274 3297 3248
f 3274 3248 3230
f 3188 3210 3209
f 3231 3230 3210
f 9180 9938 9991
f 5512 4874 5537
f 5670 6878 27
f 3777 4308 3974
f 3420 1185 4308
f 619 4308 3777
f 1246 4213 5892
f 619 3420 4308
f 5453 5398 8520
f 9877 9922 9887
f 3113 3161 3133
f 3089 3088 3056
f 1669 2499 2611
f 3671 3700 649
f 8599 8598 8578
f 3273 3295 3247
f 5445 6271 6272
f 9710 9752 9628
f 2742 3760 3798
f 3416 3417 3436
f 3799 2742 3798
f 4341 99 312
f 2844 2868 3760
f 3407 3428 3622
f 2855 1539 3731
f 8473 8512 8472
f 7958 6462 7700
f 6235 6234 6211
f 8460 7144 8474
f 5779 5407 5079
f 4220 5808 3550
f 3742 3741 3714
f 8004 8078 8079
f 3063 3077 3076
f 3077 1874 3076
f 1902 3076 1903
f 3366 3423 3394
f 2965 1173 2928
f 3343 3342 3298
f 6313 6164 6190
f 5509 5522 5707
f 3805 4184 4149
f 3114 3162 3090
f 3091 3114 3090
f 7982 8023 5994
f 7156 8476 8475
f 5920 5884 9763
f 5949 5950 597
f 7565 3294 3317
f 5556 5557 5575
f 6341 3994 6299
f 3448 3778 3692
f 3107 3106 3082
f 3089 3112 3088
f 548 2994 157
f 482 6657 2635
f 6000 6001 6025
f 3174 2871 2597
f 9375 9419 9374
f 3711 3800 3739
f 5612 5595 5613
f 3318 3317 3272
f 3243 3287 3286
f 3428 4544 3622
f 5432 8551 5399
f 9744 9661 4717
f 3510 3588 3096
f 3303 3510 3096
f 8473 7160 8460
f 6314 4579 3304
f 3469 3505 3504
f 9880 7344 9888
f 5079 5407 5535
f 3510 2739 3752
f 3588 3510 3752
f 3752 2739 3761
f 4069 3777 4434
f 6636 9913 3429
f 3660 3684 3659
f 7948 7983 7982
f 6179 6180 6210
f 3761 2739 3726
f 9318 9281 3063
f 3063 9281 3077
f 6125 6126 6179
f 6100 6101 6125
f 6126 6180 6179
f 6889 6895 6514
f 5264 6305 6269
f 7719 5764 7685
f 9893 9836 9946
f 3141 2493 482
f 6620 4773 6970
f 5977 5976 3421
f 6368 3361 49
f 3386 3385 3358
f 5750 5751 6128
f 3780 6314 3304
f 4951 3611 4984
f 5535 6057 6033
f 3295 3318 3272
f 2539 2607 9899
f 7904 7948 7982
f 9983 3237 3821
f 7200 7228 3060
f 3951 4015 2035
f 3584 3420 4584
f 3437 3486 3485
f 4307 3584 4584
f 6534 6965 6626
f 6930 8355 6967
f 5964 6741 5741
f 3091 3090 3071
f 8876 8906 8875
f 5545 4214 3094
f 3288 3287 3243
f 5930 4220 3550
f 9212 9211 9176
f 9629 9628 9593
f 9297 9332 9331
f 1427 1426 1928
f 3326 3726 2739
f 3326 2035 3726
f 3485 3486 6772
f 7570 3344 3321
f 3370 3344 7570
f 6740 6603 5794
f 5058 5681 5059
f 3637 3683 3603
f 3578 3637 3603
f 3187 3186 7391
f 3160 3187 7391
f 4582 6652 4581
f 3361 3421 49
f 6368 49 4479
f 3613 3546 10
f 3357 3384 3356
f 9765 9285 9760
f 3220 9933 3073
f 3711 3682 3657
f 3711 3739 3682
f 3800 3773 3739
f 3800 157 3773
f 3683 3711 3657
f 3442 3441 3392
f 3603 3683 3657
f 3393 3442 3392
f 7143 8475 8474
f 9230 9333 9300
f 3270 7593 7629
f 3370 3369 3344
f 3069 3084 3083
f 9746 9745 9662
f 3507 4145 5940
f 3077 1845 1874
f 4069 619 3777
f 3542 6332 3167
f 6480 6145 4726
f 3580 3605 3604
f 7982 7983 8065
f 7983 8066 8065
f 3163 3190 3134
f 9443 9407 9444
f 9998 3510 3303
f 9998 3616 3510
f 3368 3367 3343
f 3557 3582 3533
f 3718 5545 5412
f 3050 3624 3788
f 685 4624 690
f 3504 3531 3530
f 3531 3577 3530
f 3577 3603 3576
f 3577 3553 3530
f 7466 3228 3247
f 3187 3228 3186
f 3305 2635 3548
f 3657 3656 3636
f 5704 5977 3421
f 3468 3487 3440
f 3441 3468 3440
f 7466 3186 3228
f 18 124 424
f 6215 6313 6312
f 3442 3468 3441
f 9999 3282 3095
f 4845 5557 4844
f 3320 3368 3343
f 3616 2739 3510
f 3616 3326 2739
f 3060 3092 3059
f 3072 3071 3058
f 6319 23 3618
f 3550 5808 3970
f 8066 8143 8065
f 3425 3472 3424
f 3256 3699 3514
f 3325 4307 4584
f 9744 4717 4697
f 3616 3378 3326
f 3638 3661 3606
f 3582 3638 3606
f 3685 3684 3661
f 3685 3743 3684
f 3469 3504 3442
f 3577 3576 3553
f 3974 1023 4475
f 3429 9869 3759
f 9850 9835 10002
f 3111 7358 3086
f 3111 3086 3087
f 6420 6487 6122
f 3362 3422 3390
f 3422 3440 3390
f 648 6824 6467
f 3788 3702 788
f 3550 3970 6241
f 9716 9829 9900
f 5595 6350 5594
f 6190 6085 6312
f 6379 1803 6499
f 3636 3603 3657
f 6054 47 5536
f 4816 664 632
f 4902 5577 5597
f 8953 8984 8891
f 3368 3396 3367
f 3378 3427 3326
f 3427 2035 3326
f 3427 3923 2035
f 6275 5930 3438
f 2400 6484 2719
f 3802 2400 3801
f 3605 3660 3659
f 3684 3714 3659
f 3604 3605 3659
f 8230 8244 5356
f 2714 2339 2600
f 1249 8 3382
f 392 937 4171
f 2124 2094 334
f 5536 6220 5686
f 5577 5614 5597
f 1224 3064 3786
f 7289 3134 3115
f 3249 3298 3274
f 3211 3249 3231
f 3249 3274 3231
f 7156 8461 8476
f 8600 8599 8579
f 9663 9583 9584
f 3638 3686 3661
f 3606 3605 3581
f 3606 3661 3605
f 3071 3089 3057
f 3058 3071 3057
f 7168 8103 7344
f 3443 3469 3442
f 3056 3088 3044
f 3088 3087 3044
f 9989 9923 9965
f 5686 6220 3895
f 3692 3192 3614
f 3553 3576 3575
f 9928 9920 9970
f 5514 5561 5513
f 3788 788 3139
f 8641 8664 8640
f 3056 3044 8567
f 3442 3504 3468
f 3624 3702 3788
f 3504 3530 3468
f 357 3141 548
f 3425 3424 3396
f 3686 3685 3661
f 9998 3453 3616
f 3453 3430 3616
f 5423 5464 5443
f 357 548 3800
f 3801 357 3774
f 3801 2404 357
f 3176 3175 3821
f 3472 3489 3424
f 4111 1023 3974
f 3430 3378 3616
f 2439 4171 937
f 5520 5539 5519
f 4240 3679 3678
f 5678 5679 6342
f 3533 3581 3556
f 3090 3113 3089
f 3071 3090 3089
f 5464 5517 5443
f 474 5329 4669
f 3553 3529 3487
f 5512 5462 5513
f 5661 5640 5681
f 5538 5562 5516
f 5517 5538 5516
f 5561 5577 5513
f 5730 5780 6035
f 3654 3708 3681
f 5580 5579 5562
f 3363 3362 3339
f 8104 6043 6017
f 7751 7750 7686
f 9156 9193 9155
f 3364 3363 3340
f 3365 3394 3364
f 3533 3606 3581
f 7033 7153 8463
f 8647 8671 8670
f 8564 8585 8545
f 5971 7242 5972
f 3618 3120 2310
f 9376 9375 9299
f 945 3447 2962
f 5360 9438 9521
f 9378 9377 9335
f 6768 5629 6911
f 4305 5612 5613
f 9935 8158 9847
f 3235 3453 9998
f 6313 6190 6312
f 6164 4313 3907
f 3534 3506 3489
f 3582 3606 3533
f 3534 3533 3506
f 3534 3557 3533
f 4147 4434 4089
f 3239 4474 3078
f 3396 3395 3367
f 3396 3424 3395
f 3296 3295 3273
f 3553 3575 3529
f 3386 3417 3416
f 2994 3135 3625
f 6128 1348 6066
f 2337 3410 2338
f 3155 3181 3154
f 3155 3154 3129
f 3094 3613 3493
f 7951 7952 7989
f 6188 6215 5595
f 8858 8857 8828
f 3363 3391 3362
f 3135 2635 3305
f 5598 5644 5581
f 7028 6686 6671
f 3088 3111 3087
f 3394 3443 3393
f 4434 4626 4166
f 3299 3298 3249
f 3378 3233 3427
f 3233 3889 3427
f 5512 5513 4874
f 23 942 3120
f 2579 2719 3572
f 357 3800 3740
f 5770 5892 6270
f 5808 6006 3970
f 3741 3774 3713
f 3135 3305 3625
f 6555 6536 1224
f 3154 3180 3179
f 3558 5930 6238
f 3889 3874 3890
f 2234 3614 3166
f 3489 3471 3444
f 3424 3489 3444
f 6153 6182 6181
f 7154 8462 7155
f 8023 8104 6017
f 5893 5805 5613
f 5930 6275 6238
f 3472 6436 3490
f 3165 6601 6593
f 3452 3815 3538
f 9617 9616 9542
f 6730 5823 7111
f 3165 6593 5996
f 9220 3038 3835
f 8462 7154 8463
f 3248 3273 3229
f 3576 3635 3575
f 3667 2677 3727
f 3087 7227 3044
f 3410 3411 3433
f 6924 6838 3220
f 1452 2273 3599
f 2699 2698 2626
f 5984 5810 5871
f 8110 8148 8147
f 3391 3422 3362
f 3133 7358 3111
f 3443 3442 3393
f 3230 3229 3208
f 3209 3230 3208
f 3250 3299 3249
f 3299 3320 3298
f 3475 3762 3121
f 3145 3216 3404
f 3489 3506 3471
f 51 18 424
f 3636 3656 3635
f 976 2314 287
f 2940 2097 3517
f 2097 3119 3517
f 1185 942 4111
f 942 3591 4111
f 3384 3415 3356
f 3430 3649 3378
f 3631 3216 3145
f 3250 3249 3211
f 3212 3250 3211
f 3230 3248 3229
f 3176 3560 3175
f 3787 3755 3175
f 3560 3787 3175
f 5303 4952 1253
f 9590 9589 9547
f 3424 3444 3395
f 8443 8447 5823
f 3378 3649 3233
f 3115 3114 3091
f 3092 3115 3091
f 3423 3443 3394
f 2535 3754 3100
f 1790 3062 3075
f 8285 8245 8212
f 7884 7413 8122
f 157 3625 3830
f 5164 5600 2106
f 3534 3472 3490
f 2677 30 3727
f 1116 1081 2794
f 1120 476 2768
f 3352 3261 476
f 3352 60 3261
f 2193 2101 3263
f 60 2663 3261
f 3441 3440 3422
f 9920 9912 287
f 3160 7391 7358
f 3576 3603 3636
f 3133 3160 7358
f 3679 3707 3678
f 3236 3549 3070
f 3707 3769 3678
f 8461 7156 7155
f 3506 3533 3556
f 3771 3797 3796
f 8285 8326 8245
f 3060 8479 7153
f 2828 2866 2865
f 3260 2940 2639
f 3260 2097 2940
f 3596 3119 2097
f 3596 3668 3119
f 6138 8177 8139
f 1283 4341 312
f 7352 8077 7839
f 3460 2805 3121
f 7302 7341 7373
f 7238 6578 6712
f 3297 3273 3248
f 3365 3364 3318
f 3618 2310 6355
f 3643 3718 2310
f 3438 6216 5663
f 6305 5303 6323
f 4874 5513 4902
f 1180 4035 4258
f 4431 4005 4034
f 3736 3771 3735
f 2731 3789 2767
f 3789 2828 2767
f 660 3651 2866
f 3651 3667 2866
f 3651 2677 3667
f 2676 30 2677
f 2676 2007 30
f 2007 1120 30
f 475 476 1120
f 475 3352 476
f 3352 2563 60
f 2563 1925 60
f 2563 3705 1925
f 3705 1707 2114
f 3242 3243 3286
f 2303 2309 2259
f 8463 7154 7033
f 2994 3625 157
f 8079 8078 9971
f 3320 3343 3298
f 9964 3117 3099
f 9025 9024 8984
f 5513 5577 4902
f 3539 3377 3453
f 3453 3377 3430
f 4527 1180 2082
f 788 3431 3139
f 8567 3044 8588
f 3221 3242 3265
f 9909 9967 9892
f 3219 3257 3260
f 3257 2097 3260
f 3784 3782 3730
f 3188 3209 3161
f 3430 3377 3649
f 3297 3296 3273
f 3394 3393 3364
f 3712 3711 3683
f 3577 3578 3603
f 3296 3319 3295
f 3115 3134 3114
f 3190 3189 3114
f 3439 6932 3390
f 6344 1422 6343
f 4900 4874 4901
f 1288 3138 2629
f 1844 3075 1819
f 3598 3651 660
f 2676 2677 3651
f 2045 1120 2007
f 2045 475 1120
f 1741 1707 3705
f 9942 9955 9870
f 3518 3353 3673
f 1884 3509 792
f 723 2781 2612
f 2043 723 2612
f 2166 2534 9939
f 3103 3179 3127
f 8461 7155 8462
f 3823 2309 3824
f 3117 3475 3099
f 3190 7395 3189
f 5445 6272 4213
f 3194 3889 3233
f 2538 3874 3889
f 3707 3794 3769
f 1246 5445 4213
f 3762 3460 3121
f 4630 3854 6738
f 3596 3262 3668
f 9029 9069 9028
f 3478 3099 3376
f 3390 6932 6846
f 6996 6773 6793
f 3038 3448 3399
f 3392 3391 3363
f 3364 3392 3363
f 3392 3422 3391
f 3392 3441 3422
f 3712 3740 3711
f 3134 3190 3114
f 3558 4220 5930
f 9168 9240 9276
f 3147 7461 6555
f 3789 3790 660
f 3790 3598 660
f 3597 3651 3598
f 3670 2676 3651
f 3597 3670 3651
f 3670 1497 2676
f 1497 2007 2676
f 1497 2039 2007
f 2039 2045 2007
f 1327 475 2045
f 656 3352 475
f 3570 2563 3352
f 656 3570 3352
f 3458 3705 2563
f 3570 3458 2563
f 7684 9918 9849
f 2535 2464 3380
f 2377 792 2881
f 8326 8411 8372
f 4422 99 4341
f 8724 8723 8664
f 3235 3539 3453
f 6265 6303 6302
f 3815 5522 3538
f 3131 3130 3107
f 3199 3219 3279
f 3758 3257 3219
f 3199 3758 3219
f 688 2097 3257
f 3758 688 3257
f 688 3596 2097
f 3596 688 3262
f 3377 3629 3649
f 3629 3563 3649
f 5523 5727 6007
f 3209 3208 3160
f 3141 2994 548
f 9248 196 9247
f 3340 3363 3339
f 3740 3800 3711
f 3319 3318 3295
f 3209 3160 3161
f 3319 3365 3318
f 3649 3563 3233
f 2259 2309 3823
f 1079 3598 3790
f 1537 2039 1497
f 2039 1327 2045
f 1327 656 475
f 1741 3705 3458
f 3509 3731 2043
f 3482 3481 3434
f 2043 3017 655
f 3203 3242 3221
f 3305 3548 514
f 3563 3194 3233
f 6236 6212 6184
f 2538 3889 3194
f 6078 2531 6158
f 2404 2719 2579
f 2456 4104 6344
f 9716 9009 6063
f 3440 3487 6816
f 9862 9937 3539
f 688 2565 3262
f 2565 3259 3262
f 2868 2844 945
f 3336 3335 3290
f 3671 649 392
f 3487 3529 6816
f 2531 6159 6158
f 3279 4114 4093
f 6220 4910 6281
f 9856 9830 9940
f 3733 2732 2700
f 4308 4111 3974
f 6007 5727 4167
f 9419 9418 9373
f 3732 3791 3790
f 3791 1079 3790
f 3590 3598 1079
f 3590 3597 3598
f 3674 3670 3597
f 3590 3674 3597
f 3674 1497 3670
f 3674 1537 1497
f 1537 2134 2039
f 2134 1327 2039
f 656 3571 3570
f 3571 3458 3570
f 1566 1741 3458
f 3509 2043 792
f 3100 3218 2464
f 3413 3482 3434
f 1283 312 2781
f 5975 5055 8440
f 3079 3103 3102
f 3772 3799 3798
f 9960 3099 3478
f 1249 3172 2601
f 9991 9993 9934
f 3788 3139 2257
f 8618 8598 8599
f 3645 3377 3539
f 2285 3645 3539
f 4978 8392 7462
f 4831 4816 632
f 2399 3433 3480
f 3661 3660 3605
f 3215 3758 3199
f 3463 3215 3199
f 3215 3406 3758
f 3406 688 3758
f 3406 3519 688
f 688 3519 2565
f 3377 3645 3629
f 1799 1749 7737
f 3152 3200 1995
f 3200 3240 2102
f 2102 3240 3263
f 3240 3264 3263
f 3263 3264 2193
f 2193 3264 3307
f 3307 3308 2227
f 2227 3308 2253
f 2253 3411 3410
f 8445 8444 6716
f 1799 7462 1749
f 725 1226 9917
f 7228 3092 3060
f 9937 5803 9910
f 3732 2732 3791
f 1421 3674 3590
f 1421 2993 3674
f 2993 1537 3674
f 3278 1327 2134
f 3593 656 1327
f 3278 3593 1327
f 3593 74 656
f 74 3571 656
f 3571 1566 3458
f 902 1270 1282
f 39 3787 3123
f 3355 3413 3434
f 3383 3355 3434
f 2535 3100 2464
f 3103 3127 3102
f 3536 6688 6550
f 3481 3482 4330
f 4668 4622 7013
f 3769 3794 3793
f 549 1416 4597
f 9950 9946 9962
f 3351 4093 3897
f 3379 3463 3351
f 3519 3650 2565
f 3650 3408 2565
f 3678 3769 3768
f 5975 5974 5055
f 2001 2816 2080
f 3152 3153 3200
f 3200 3201 3240
f 3201 3241 3240
f 3240 3241 3264
f 3264 3308 3307
f 3308 3354 2253
f 2253 3354 3411
f 3411 3464 3433
f 3464 3480 3433
f 8656 8655 7225
f 9992 9686 9926
f 7228 3115 3092
f 8467 8450 8445
f 1539 726 395
f 5507 5508 5533
f 8559 8599 8578
f 3802 6484 2400
f 2647 3590 1079
f 2647 1421 3590
f 3675 2993 1421
f 2993 2134 1537
f 74 2712 3571
f 2927 1566 3571
f 2712 2927 3571
f 3100 2925 3218
f 2718 2377 2529
f 3599 2718 3569
f 827 1283 2781
f 6127 6155 6104
f 2277 3410 2337
f 3656 3634 3635
f 7409 6408 5604
f 8451 8467 8445
f 3379 3696 3463
f 3697 3215 3463
f 3696 3697 3463
f 3143 3406 3215
f 3697 3143 3215
f 3143 3496 3406
f 3496 3650 3519
f 3406 3496 3519
f 3599 3569 1452
f 1179 2628 1290
f 3722 2006 3820
f 5055 5974 4816
f 3125 3153 3152
f 3124 3125 3152
f 3153 3201 3200
f 3308 3331 3354
f 3354 3412 3411
f 3411 3412 3464
f 2285 3164 3645
f 3168 3122 3564
f 2167 2166 9939
f 3826 3791 2732
f 3733 3826 2732
f 2466 1079 3791
f 3826 2466 3791
f 2466 2647 1079
f 3675 513 2993
f 1223 2134 2993
f 513 1223 2993
f 1223 3278 2134
f 1223 3615 3278
f 3615 3593 3278
f 65 74 3593
f 3615 65 3593
f 1011 1566 2927
f 1011 902 1566
f 3285 3310 3309
f 312 2745 2781
f 3569 2718 2529
f 3332 3311 3355
f 3179 3222 3203
f 3178 3179 3203
f 3244 3243 3222
f 3198 3668 3173
f 6438 6412 1797
f 3645 3164 3629
f 3917 569 658
f 3497 3379 3142
f 3497 3696 3379
f 4317 4268 5934
f 3656 3682 3634
f 5975 5886 5974
f 9051 4151 4699
f 3153 3202 3201
f 3201 3221 3241
f 3241 3284 3264
f 3284 3309 3308
f 3264 3284 3308
f 3308 3309 3331
f 3331 3412 3354
f 3576 3636 3635
f 3629 3640 3563
f 3168 3564 3404
f 234 5164 2106
f 3373 1421 2647
f 3373 3675 1421
f 2612 65 3615
f 2745 74 65
f 2745 2712 74
f 3309 3310 3332
f 312 1673 2745
f 1673 99 1011
f 2377 2881 2529
f 3793 3792 3768
f 3204 3244 3222
f 3659 3714 3658
f 6155 6211 6183
f 3786 3147 1224
f 3790 3789 2731
f 3409 3194 3563
f 3640 3409 3563
f 523 831 4172
f 3459 3497 3142
f 3698 3697 3696
f 3380 3143 3697
f 3698 3380 3697
f 3380 3496 3143
f 2299 2365 2298
f 543 625 3671
f 3682 3739 3710
f 8440 5055 8410
f 5974 5886 5774
f 3101 3126 3125
f 3124 3101 3125
f 3125 3126 3153
f 3153 3126 3202
f 3201 3202 3221
f 3221 3265 3241
f 3241 3265 3284
f 3331 3383 3412
f 3383 3434 3412
f 3412 3434 3464
f 3434 3481 3464
f 3481 3480 3464
f 3481 4330 3480
f 3070 3097 3256
f 2013 3073 3730
f 9945 3730 3781
f 9672 1787 9712
f 1707 1393 2376
f 3409 2538 3194
f 4755 5421 5463
f 2700 3734 3733
f 3733 3827 3826
f 3827 2545 2466
f 3826 3827 2466
f 3373 2647 2466
f 2545 3373 2466
f 2529 3675 3373
f 513 3017 1223
f 3017 3615 1223
f 1673 2927 2712
f 2745 1673 2712
f 1673 1011 2927
f 945 3540 2540
f 3332 3355 3383
f 5886 4150 5774
f 3792 1452 3827
f 3310 3311 3332
f 3311 3356 3355
f 3769 3793 3768
f 3731 723 2043
f 3357 3356 3311
f 3401 1226 3093
f 3739 3773 3710
f 3409 3431 2538
f 3402 3631 3145
f 3353 3497 3459
f 3568 3696 3497
f 3353 3568 3497
f 3568 3698 3696
f 3302 3380 3698
f 2464 3650 3496
f 3380 2464 3496
f 3650 2464 3218
f 2925 4603 3218
f 2628 625 543
f 3102 3127 3126
f 3101 3102 3126
f 3127 3178 3126
f 3126 3178 3202
f 3178 3203 3202
f 3202 3203 3221
f 3265 3285 3284
f 3284 3285 3309
f 3309 3332 3331
f 3331 3332 3383
f 1394 1257 3956
f 3956 1257 4417
f 1257 4399 4417
f 4399 4060 4417
f 4399 4062 4060
f 4560 4554 4062
f 4154 3836 3963
f 4560 4160 484
f 4554 4560 484
f 4160 3905 3933
f 484 4160 3933
f 3945 4021 4039
f 3836 3945 4401
f 4154 3963 1415
f 4154 1415 4441
f 1677 4441 4333
f 4141 1048 4591
f 4591 1048 105
f 3848 3852 3847
f 4163 3898 341
f 3961 4163 341
f 202 526 4205
f 2703 85 5925
f 4092 1254 4228
f 8838 8811 8778
f 341 3898 4134
f 3898 4637 4134
f 3953 3986 4018
f 4130 4131 4196
f 4637 4095 1010
f 1801 1800 9741
f 4228 1254 698
f 3955 3927 3987
f 6104 6155 6154
f 4330 4369 3480
f 4046 4047 4083
f 1350 1351 4113
f 9915 2196 3169
f 1471 90 39
f 3880 1379 4335
f 3892 3926 3876
f 1298 1312 6543
f 16 1677 796
f 1744 202 3881
f 262 1744 3881
f 5420 5424 5750
f 342 368 5035
f 9925 9911 9885
f 4459 4458 4369
f 1147 1086 975
f 5402 5424 5420
f 3852 3851 3847
f 2398 2399 4458
f 693 2366 4598
f 4330 4279 4369
f 4556 4458 4459
f 4556 4555 4458
f 4556 4598 4555
f 3852 3864 3851
f 4378 617 4319
f 4544 4594 3622
f 3502 6772 4135
f 3848 3847 3837
f 3502 4164 3501
f 2402 2107 225
f 4236 4331 4279
f 4279 4331 4369
f 4331 4459 4369
f 4599 4598 4556
f 313 259 1965
f 9918 7684 9902
f 765 261 3991
f 4123 3862 1472
f 4820 5870 908
f 94 1837 1813
f 3502 4135 4164
f 4236 4280 4331
f 4412 4459 4331
f 4280 4412 4331
f 4412 4496 4459
f 4496 4556 4459
f 4496 4557 4556
f 4557 4599 4556
f 1965 259 9321
f 1797 3981 6438
f 1269 4537 4543
f 3239 4106 3491
f 4591 105 878
f 4987 5032 5010
f 673 3862 4123
f 210 848 741
f 890 210 741
f 210 1469 848
f 9901 9974 9996
f 3330 3098 4271
f 4135 4165 4164
f 4164 4165 4236
f 9895 9976 9963
f 1569 673 4057
f 4057 673 4123
f 2426 66 1041
f 4359 3911 1569
f 6027 6049 6026
f 9895 9945 3781
f 4088 4136 4135
f 9880 9888 9917
f 4135 4136 4165
f 4136 4198 4165
f 4281 4236 4165
f 4198 4281 4165
f 4281 4280 4236
f 4281 4370 4280
f 4370 4460 4412
f 4280 4370 4412
f 4412 4460 4496
f 4460 4497 4496
f 4496 4497 4557
f 4557 4647 4599
f 4599 4647 1380
f 1380 4647 658
f 4015 3726 2035
f 3809 3982 3689
f 1469 697 89
f 1046 1047 89
f 697 1046 89
f 6101 6100 6026
f 4259 9951 3808
f 4497 4558 4557
f 4557 4558 4647
f 5774 4150 1822
f 1672 3809 686
f 1046 231 316
f 1047 1046 316
f 231 3915 316
f 3915 4234 4229
f 316 3915 4229
f 4360 761 4534
f 4229 4234 668
f 4135 6772 4088
f 6027 6026 6002
f 4282 4281 4198
f 4371 4370 4281
f 4282 4371 4281
f 4371 4461 4460
f 4370 4371 4460
f 4460 4461 4497
f 4558 4600 4647
f 4647 4600 3917
f 3929 3911 4359
f 1675 765 3929
f 668 4234 793
f 5358 793 4234
f 793 5358 1394
f 1257 1394 4108
f 4042 4318 3844
f 5615 5641 5640
f 3809 3689 686
f 8721 8720 8695
f 4199 4198 4136
f 4237 4282 4198
f 4199 4237 4198
f 4461 4498 4497
f 4497 4498 4558
f 4558 4498 4600
f 4648 1381 3917
f 4600 4648 3917
f 1822 7146 7354
f 4503 4040 4139
f 9900 9852 9948
f 3449 5435 4024
f 5576 6186 5428
f 5948 6002 9807
f 4332 4282 4237
f 4332 4371 4282
f 4371 4462 4461
f 4462 4499 4498
f 4461 4462 4498
f 4499 4601 4600
f 4498 4499 4600
f 4600 4601 4648
f 6360 8369 8370
f 1252 4001 730
f 3913 3886 1675
f 3979 4399 1257
f 4628 5664 5492
f 3979 4076 4399
f 4076 4062 4399
f 453 4560 4062
f 4076 453 4062
f 453 4160 4560
f 5317 5435 3449
f 5706 5985 5983
f 4778 5519 5489
f 1672 686 5983
f 4193 5621 3690
f 4238 4237 4199
f 4200 4238 4199
f 4238 4332 4237
f 4372 4371 4332
f 4372 4413 4462
f 4371 4372 4462
f 4462 4413 4499
f 2375 2003 224
f 223 224 4508
f 1381 4648 4649
f 761 1773 4327
f 3886 765 1675
f 4652 4605 1088
f 4420 3886 3913
f 4039 4420 1296
f 1296 4420 3913
f 3945 4039 4133
f 4133 4039 1296
f 1294 3945 4133
f 3905 1464 950
f 3933 3905 950
f 3477 5003 6270
f 7315 8371 7188
f 5435 4260 4024
f 5985 1672 5983
f 5539 5583 5564
f 5599 5598 5582
f 4238 4372 4332
f 4372 4373 4413
f 4500 4499 4413
f 4500 4601 4499
f 4649 4648 4601
f 576 2468 2378
f 4561 4536 61
f 1919 3948 2913
f 4621 1103 4666
f 4001 1643 730
f 1643 4204 4561
f 730 1643 4561
f 950 1464 850
f 1464 4092 850
f 791 3477 6270
f 161 7315 7188
f 9982 9969 9850
f 4474 618 1926
f 5706 5983 5496
f 2234 4148 2105
f 5498 5706 5496
f 4239 4200 6542
f 4283 4238 4200
f 4239 4283 4200
f 4283 4372 4238
f 4283 4373 4372
f 4373 4414 4413
f 4414 4500 4413
f 4500 2627 4601
f 4226 730 1431
f 1422 4104 4105
f 1352 1383 1382
f 3848 3843 3853
f 3872 3198 3173
f 1103 1069 4666
f 4401 3945 1294
f 3836 4401 3963
f 1906 523 1750
f 4047 4084 4083
f 6929 6928 8263
f 6998 6963 6999
f 9667 9706 9666
f 3993 618 3609
f 4283 4374 4373
f 4373 4374 4414
f 4414 4501 4500
f 3171 3549 3236
f 4500 4501 2627
f 9943 9851 9905
f 4307 3993 3609
f 8497 8496 8462
f 1605 3594 3452
f 3872 4119 3198
f 1498 1174 4226
f 2805 653 3
f 2260 2316 2286
f 4325 4408 4456
f 4223 4186 1087
f 9274 9339 9309
f 5032 5064 5031
f 3838 3848 3837
f 2698 2732 3732
f 4231 4273 4324
f 6005 6004 5973
f 5780 5730 907
f 6136 6366 3283
f 4239 4240 4283
f 4240 4284 4283
f 4283 4284 4374
f 4374 4415 4414
f 4414 4415 4501
f 4330 3500 4279
f 4633 4606 4125
f 6265 6266 6303
f 4365 4456 4455
f 6028 6051 9756
f 984 559 1745
f 630 2 1329
f 2538 3431 3863
f 4168 4356 4263
f 3501 4164 3500
f 111 336 110
f 2170 4421 3922
f 4114 3918 4596
f 4441 828 4333
f 4091 3972 3993
f 3972 5317 618
f 4441 1415 828
f 4545 4640 4544
f 1353 1320 1354
f 5598 5645 5644
f 5545 4053 4214
f 2700 2699 4501
f 1383 1319 1353
f 3924 3952 3890
f 3399 3614 2234
f 3608 1085 4193
f 3930 1743 3503
f 6005 6028 6004
f 7045 630 1329
f 524 593 1568
f 4186 874 1087
f 699 741 4640
f 5317 9723 9718
f 699 890 741
f 5435 910 4260
f 3972 618 3993
f 3648 1743 1417
f 1468 1469 210
f 3632 4240 4239
f 1612 1645 9115
f 2234 3167 4148
f 6798 5628 5607
f 3846 1392 1083
f 4449 4141 318
f 3937 4633 4639
f 4017 3984 3952
f 1 4125 525
f 4129 4158 4194
f 3861 3921 3934
f 3484 3502 3501
f 3594 374 3452
f 6003 6027 5971
f 4087 4168 4086
f 831 83 64
f 4225 4635 1298
f 3999 4000 874
f 4415 3734 2700
f 1468 697 1469
f 1540 262 3881
f 5135 1708 4842
f 3886 261 765
f 191 4637 1010
f 3932 4162 1222
f 760 3841 1
f 1329 2 1607
f 2 525 1825
f 6003 6050 6049
f 3887 4225 559
f 4086 4168 4155
f 9946 9836 9970
f 4543 4537 3866
f 3999 3932 4000
f 2675 421 3035
f 2069 3902 399
f 9985 9972 9988
f 5031 5064 5092
f 5092 5116 5147
f 4084 4159 4131
f 3852 3856 3864
f 4650 4645 3846
f 3841 4639 4132
f 3843 3854 3853
f 4017 4045 3984
f 83 291 64
f 5972 6003 5971
f 4231 4194 4273
f 132 1453 1119
f 2071 3664 3116
f 8783 7193 8711
f 5442 5463 5421
f 6358 3594 1605
f 9921 9943 9987
f 1472 4651 4123
f 3954 3986 3953
f 4561 4335 4536
f 3932 1222 4000
f 1257 4628 3979
f 1174 719 5057
f 3912 4076 3979
f 4315 1569 4057
f 4359 1569 4315
f 3990 3929 4359
f 4287 4160 453
f 1222 4162 3903
f 4274 4275 4325
f 3947 16 4507
f 4367 4021 3945
f 3918 3922 4421
f 4397 690 3552
f 3863 3874 2538
f 4368 4121 4262
f 2 1 525
f 4243 3941 4153
f 4125 1453 132
f 132 1119 38
f 4562 367 4632
f 4400 367 4562
f 1329 1607 1250
f 3964 318 400
f 1466 7596 8001
f 3891 3924 3890
f 3841 4132 1
f 3937 4362 4633
f 261 433 3991
f 1675 3929 3990
f 621 1675 3990
f 4057 4123 4140
f 4287 3832 3905
f 4160 4287 3905
f 3905 3832 1464
f 1464 4542 4092
f 4227 319 3833
f 4019 4047 4046
f 4232 4274 4273
f 4274 4325 4365
f 3889 3923 3427
f 4285 3941 4243
f 1379 3921 3861
f 2 1825 1607
f 3845 3931 4049
f 167 1745 39
f 4273 4274 4365
f 4092 4542 1254
f 4084 5006 5687
f 906 3946 4141
f 3903 906 4141
f 4378 1222 1499
f 3942 4339 4098
f 4606 4096 1453
f 4125 4606 1453
f 176 38 58
f 6265 6264 6182
f 4049 348 456
f 1607 38 176
f 4633 4368 4606
f 3863 3891 3874
f 3937 1802 4362
f 1802 764 4362
f 826 795 3451
f 4141 3946 1048
f 908 5978 5809
f 6543 4197 1298
f 1364 4401 4358
f 92 1461 555
f 3963 4401 4404
f 4185 826 3451
f 4433 4215 4069
f 499 6 17
f 4645 4650 3867
f 4447 4488 4020
f 4366 4400 4096
f 176 58 7129
f 6183 6265 6182
f 3891 3890 3874
f 2816 3922 3918
f 4277 4319 3921
f 4266 3142 3897
f 4358 4401 1294
f 1048 3989 105
f 4451 4546 4545
f 4546 4640 4545
f 57 4333 4326
f 3963 4404 4202
f 4546 4641 699
f 4640 4546 699
f 4641 1805 699
f 641 890 699
f 1805 641 699
f 209 210 890
f 641 209 890
f 209 1468 210
f 5516 5515 5488
f 3864 3875 3863
f 9893 9918 9836
f 4011 4419 4265
f 798 3884 3968
f 4338 3942 4602
f 4366 4262 4400
f 4606 4366 4096
f 6027 6003 6049
f 4278 4288 3938
f 826 3398 795
f 1607 1825 38
f 4262 4121 423
f 2213 2240 386
f 4290 4534 4444
f 3398 3315 795
f 3068 9217 3069
f 5649 9867 9848
f 5516 5488 5463
f 5442 5516 5463
f 53 1674 1046
f 697 53 1046
f 4333 828 4326
f 5521 5541 5540
f 1415 3963 4202
f 4091 3993 3552
f 4401 1364 4404
f 1046 1674 231
f 8972 9438 4919
f 629 1269 4543
f 755 4289 1496
f 5199 8229 527
f 134 4834 4782
f 4823 5143 5813
f 4120 453 4076
f 5159 5429 3928
f 1182 878 4122
f 336 360 289
f 4419 4116 4265
f 4083 4084 4131
f 9871 5638 9951
f 3846 3841 760
f 5616 5615 5561
f 5579 5616 5561
f 1825 132 38
f 4291 456 3965
f 4264 3720 1313
f 4095 102 4504
f 3912 4120 4076
f 3961 3989 4163
f 3851 3065 3702
f 105 3989 3961
f 4120 4287 453
f 6283 5686 6164
f 3832 1013 1464
f 1013 4481 4542
f 4266 3146 3142
f 4115 4153 3941
f 4400 4262 367
f 525 4125 132
f 3850 4650 3846
f 3941 166 4115
f 4444 4534 798
f 3867 4264 598
f 3867 3171 4264
f 168 1745 526
f 3315 3398 6254
f 1464 1013 4542
f 4082 4083 4131
f 947 4057 4140
f 3854 4630 3858
f 1744 526 202
f 4195 4196 4232
f 4122 3961 4508
f 3947 4337 16
f 3937 598 1802
f 1006 337 719
f 3720 3518 3673
f 4115 3904 4153
f 4262 4338 367
f 367 4338 4632
f 38 7 58
f 4293 3968 4055
f 4096 4142 4276
f 1453 4096 4094
f 4288 4285 4243
f 3921 4319 3934
f 4115 4293 3904
f 4164 4236 3500
f 798 4485 3884
f 4026 4141 4449
f 4315 4057 947
f 31 201 4383
f 4275 4944 4325
f 456 4447 3965
f 4635 1541 1312
f 6254 5407 5779
f 39 1745 3755
f 4140 4123 4651
f 4383 4040 4503
f 4793 112 4792
f 4046 4083 4082
f 200 2015 4448
f 4232 4275 4274
f 1313 3720 1773
f 1347 4382 4463
f 1773 3146 4327
f 3259 3173 3262
f 4563 4562 4632
f 4318 3938 4009
f 4598 2397 4555
f 1091 379 333
f 333 875 831
f 875 83 831
f 3875 3891 3863
f 1663 1593 1632
f 9854 9857 9855
f 4018 4082 4130
f 4357 4312 1326
f 4075 1454 1492
f 4411 4315 947
f 5012 5025 4904
f 4552 5290 4551
f 4141 4591 318
f 2991 3966 2235
f 4204 4334 4223
f 4027 1296 1776
f 3913 1675 1776
f 3763 4405 4451
f 1296 3913 1776
f 1776 1675 621
f 4131 4275 4196
f 4632 4338 4602
f 38 1119 7
f 4142 4562 4563
f 1453 32 1119
f 4096 4276 4094
f 849 379 1091
f 4400 4142 4096
f 4243 4153 292
f 319 4154 3833
f 1151 1049 140
f 4444 166 4098
f 5358 4108 1394
f 3875 3925 3891
f 3962 4086 4155
f 559 4225 4205
f 1088 873 130
f 3854 3857 3853
f 4359 4315 4411
f 5810 3912 6058
f 1432 4359 4411
f 3990 4359 1432
f 4328 4367 319
f 4334 4186 4223
f 3886 3965 261
f 4133 1296 3936
f 4646 4328 4480
f 4537 4589 807
f 4052 4540 3403
f 3942 4285 4288
f 1453 4094 32
f 4356 4142 4563
f 456 348 4447
f 1878 5800 5529
f 3854 3858 3857
f 3833 4441 1677
f 3865 3856 3857
f 3837 3834 3838
f 292 4153 3969
f 525 132 1825
f 1250 1607 176
f 1397 4485 798
f 3925 3924 3891
f 8935 8967 8934
f 5727 2904 4167
f 5196 5390 5209
f 3961 341 4508
f 4367 4328 4021
f 3936 1296 4027
f 1294 4133 4161
f 4358 1294 4161
f 4161 4133 3936
f 4328 3845 4021
f 4186 4314 874
f 4018 4081 4017
f 454 800 401
f 3851 3864 3065
f 4116 4480 3998
f 1802 4360 764
f 4121 764 423
f 3116 3664 3283
f 2298 624 588
f 4602 3942 4288
f 4026 4449 3964
f 7 1119 1804
f 4142 4356 4276
f 3755 3787 39
f 3957 3894 4535
f 4449 318 3964
f 984 1745 167
f 3807 5932 8085
f 4534 1397 798
f 1467 289 14
f 5524 2904 5727
f 4314 3999 874
f 4162 906 3903
f 1468 53 697
f 5677 5700 5676
f 3924 3985 3952
f 4408 4552 4456
f 2732 2698 2699
f 4329 4026 674
f 4355 4329 674
f 6307 6187 4439
f 4324 4365 4364
f 5407 5543 5535
f 4335 1379 4590
f 1119 32 1804
f 4320 4289 755
f 3846 4645 3841
f 4009 4289 3844
f 4094 4276 4087
f 4536 4335 4590
f 4142 4400 4562
f 2700 4501 4415
f 423 764 4339
f 3613 3587 3493
f 4360 4534 4290
f 3985 4017 3952
f 5523 5524 5727
f 1415 4202 828
f 1674 4877 231
f 4326 828 54
f 231 4877 3915
f 3910 3909 3898
f 4404 1364 3960
f 9843 9874 3401
f 3537 6046 6540
f 4218 4436 5332
f 4021 3845 4048
f 90 167 39
f 433 4020 3957
f 6028 9756 6004
f 4368 4633 4121
f 8302 7621 1774
f 674 4026 3964
f 4563 4632 4381
f 4607 4563 4381
f 5535 5543 6057
f 4094 593 32
f 5222 4877 1708
f 764 4360 4290
f 1151 4635 4225
f 6307 6188 6187
f 341 4134 4508
f 3870 3855 1048
f 3989 3910 4163
f 5810 4120 3912
f 1048 3855 3989
f 6057 2575 6033
f 6220 6281 3895
f 4403 4287 4120
f 2575 5769 5747
f 4043 4403 4120
f 907 3832 4287
f 4403 907 4287
f 6033 2575 5747
f 3946 3870 1048
f 3939 1823 3900
f 2161 2069 1184
f 3561 4192 2405
f 4541 5494 5666
f 6503 79 6504
f 4447 4020 433
f 4132 4633 4125
f 4098 166 4285
f 1920 1632 1593
f 5666 379 849
f 4356 4563 4607
f 4584 3420 619
f 4318 4009 3844
f 4094 4087 593
f 4020 3894 3957
f 4632 4602 4278
f 5769 1603 5747
f 16 1710 1677
f 1541 1043 3947
f 4365 4325 4456
f 6266 6304 6303
f 1603 5003 3717
f 3832 907 1013
f 3898 3909 4637
f 2439 4247 4171
f 9664 9746 9663
f 1013 4313 4481
f 8103 7550 7376
f 9883 9833 254
f 4637 3909 4095
f 3279 3219 2603
f 4081 4196 4195
f 3949 3948 3920
f 7005 630 7045
f 3942 4098 4285
f 1715 1746 1641
f 4603 1379 3861
f 4381 4632 4278
f 3865 3876 3856
f 1566 1282 1741
f 4044 3726 4015
f 9857 9884 9861
f 9842 3819 9923
f 4278 4602 4288
f 2906 982 2633
f 4132 4125 1
f 1853 2057 2976
f 3947 4418 4337
f 4129 4194 4231
f 4263 4607 3916
f 5520 5519 4778
f 2133 2913 3981
f 3408 3218 4030
f 3869 3939 3911
f 47 6054 3717
f 4163 3910 3898
f 5003 47 3717
f 3900 4028 673
f 9878 9864 9929
f 7354 7146 7359
f 1040 1149 4604
f 3866 4537 807
f 4104 4527 4105
f 4444 798 166
f 4285 166 3941
f 4554 484 4480
f 4288 4243 3938
f 4009 292 4289
f 4278 3938 4318
f 2982 44 2991
f 7129 58 7052
f 6049 6050 6103
f 4080 4158 4129
f 4419 4554 4116
f 6127 6104 9721
f 4042 1293 4244
f 66 4592 4540
f 3965 433 261
f 1541 3947 4507
f 1742 4171 1037
f 3986 3987 4046
f 6342 6341 6299
f 8156 9887 9861
f 3955 3954 3892
f 1114 1142 1214
f 4589 1040 807
f 8876 8839 8812
f 1347 4607 4382
f 374 5079 3815
f 4081 4195 4158
f 2708 3971 1852
f 3460 653 2805
f 4276 4356 4168
f 4554 4480 4116
f 2828 2865 2800
f 1227 1360 1286
f 348 4488 4447
f 1037 4294 4341
f 4382 762 4463
f 4564 1270 902
f 1270 603 1282
f 1282 603 1297
f 1297 189 1393
f 189 2976 1393
f 4289 292 1416
f 6839 6924 3220
f 292 3969 1416
f 1749 7462 5771
f 1392 760 630
f 360 524 289
f 4116 3998 4265
f 4405 4452 4451
f 1221 1010 190
f 4547 4546 4451
f 621 3990 4310
f 4452 4547 4451
f 4547 4641 4546
f 3870 1776 621
f 3901 1805 4641
f 4480 319 3998
f 94 1813 1814
f 5973 6004 5972
f 762 4042 4244
f 2982 366 44
f 4564 4565 1270
f 1270 1271 603
f 603 1255 1297
f 1297 1255 189
f 1853 2976 189
f 140 1049 1043
f 3947 3956 4418
f 4368 4262 4366
f 2366 2397 4598
f 1568 4086 3962
f 110 289 431
f 807 1040 4604
f 4310 3990 1432
f 3978 78 1643
f 3901 641 1805
f 1052 209 641
f 3901 1052 641
f 9887 9908 9903
f 4030 3967 3408
f 3926 3953 3925
f 1364 4358 4494
f 209 1052 1468
f 1468 1052 53
f 3932 4494 4162
f 3846 760 1392
f 4551 5290 4644
f 6274 6059 6282
f 4364 4365 4455
f 4192 4478 3374
f 4171 4247 1037
f 1037 4247 4294
f 4294 4342 4341
f 6885 4650 3850
f 730 4561 61
f 4423 4509 4564
f 4422 4423 4564
f 4564 4509 4565
f 4565 1271 1270
f 1271 1268 603
f 603 1268 1255
f 1255 164 189
f 164 1853 189
f 4243 292 4009
f 1043 3956 3947
f 4418 4011 4337
f 4048 4291 4420
f 7005 1392 630
f 7093 110 7053
f 1298 4635 1312
f 1828 4720 4721
f 366 2982 2057
f 78 4334 4204
f 53 81 1674
f 81 4877 1674
f 4027 1776 3870
f 4358 4161 3879
f 1643 78 4204
f 259 258 228
f 598 4264 1313
f 4494 4358 3879
f 3999 4494 3932
f 3960 1364 4494
f 4404 3960 4314
f 1041 4541 849
f 4070 4584 619
f 9948 9842 9923
f 4342 4423 4422
f 4509 4610 4565
f 4610 4655 1271
f 4565 4610 1271
f 4655 1268 1271
f 1268 971 1255
f 1255 971 164
f 366 2057 1853
f 3919 3948 1919
f 3938 4243 4009
f 7126 1329 1250
f 4338 4339 3942
f 3968 4293 4115
f 4215 4070 4069
f 1471 39 3123
f 1313 1773 761
f 4042 3844 4445
f 3935 4161 3936
f 54 4118 4186
f 3879 4161 3935
f 4334 54 4186
f 4494 3879 4162
f 5780 907 4403
f 828 4202 4118
f 4404 4314 4118
f 17 6 941
f 1710 3833 1677
f 4011 4265 4337
f 5615 5616 5641
f 4214 4354 2071
f 4098 4290 4444
f 4206 4295 4294
f 4247 4206 4294
f 4295 4343 4342
f 4294 4295 4342
f 4343 4385 4423
f 4342 4343 4423
f 4423 4566 4509
f 4509 4566 4610
f 971 1330 164
f 366 1853 164
f 1330 366 164
f 5596 6215 6188
f 484 3931 4646
f 4606 4368 4366
f 423 4339 4338
f 798 3968 4115
f 166 798 4115
f 3720 3673 1773
f 3991 3896 3869
f 4603 1894 4590
f 3954 3953 3926
f 4118 4314 4186
f 3960 3999 4314
f 3953 3985 3924
f 4162 3879 906
f 4027 3870 3946
f 907 5730 1013
f 4691 4676 4692
f 4833 5541 4781
f 828 4118 54
f 4202 4404 4118
f 3935 4027 3946
f 3880 4201 3921
f 4080 4081 4158
f 7793 7911 7867
f 3452 374 3815
f 4113 1351 1382
f 2132 1600 2701
f 4206 4248 4295
f 4385 4510 4423
f 4423 4510 4566
f 4566 4611 4610
f 4610 4611 4655
f 4655 498 1268
f 1268 498 971
f 43 366 1330
f 43 44 366
f 3459 3142 3146
f 318 1182 400
f 484 4646 4480
f 4262 423 4338
f 3693 2992 4183
f 6306 5472 7842
f 3991 3957 3896
f 3953 3924 3925
f 433 3957 3991
f 3965 4447 433
f 4635 140 1541
f 140 1043 1541
f 78 79 4326
f 906 3935 3946
f 3855 4310 3989
f 4134 191 223
f 4355 1499 4329
f 5141 7885 7351
f 4261 2675 3035
f 4405 3763 3122
f 4295 4344 4343
f 4344 4385 4343
f 4510 4611 4566
f 4611 4656 4655
f 4655 4656 498
f 498 197 971
f 197 1366 1330
f 971 197 1330
f 1366 1181 1330
f 1181 43 1330
f 43 1772 44
f 1772 3966 44
f 9900 9980 9852
f 9905 9940 9998
f 3904 3969 4153
f 111 110 487
f 4100 4173 900
f 559 4205 526
f 524 230 289
f 4058 3872 3173
f 473 1744 262
f 5834 6504 78
f 6504 79 78
f 3896 1051 3939
f 7376 9906 9838
f 4646 3931 3845
f 3966 2991 44
f 3763 4451 4545
f 4248 4296 4295
f 4295 4296 4344
f 4344 4424 4385
f 4424 4511 4510
f 4385 4424 4510
f 4511 4567 4611
f 4510 4511 4611
f 4656 672 498
f 498 672 197
f 6676 1912 3054
f 4826 4827 4844
f 3904 4293 2920
f 764 4290 4339
f 4339 4290 4098
f 4155 4168 4263
f 3500 4236 4279
f 7271 7006 6717
f 3955 3987 3986
f 3954 3955 3986
f 3876 3875 3864
f 3911 3939 3900
f 4337 1710 16
f 4227 3833 1710
f 3989 4310 3910
f 5892 4213 791
f 4173 4249 4248
f 4248 4249 4296
f 4296 4386 4344
f 4344 4386 4424
f 4611 4567 4656
f 4567 4657 4656
f 4656 4657 672
f 672 790 197
f 197 790 1366
f 1671 43 1181
f 1671 1772 43
f 200 4539 4538
f 4362 4121 4633
f 4121 4362 764
f 4367 3945 3836
f 3876 3926 3875
f 4263 4356 4607
f 5444 5464 5423
f 3856 3876 3864
f 16 796 4507
f 878 105 3961
f 4197 4205 1298
f 4140 4651 102
f 4095 4140 102
f 947 4140 4095
f 4271 4363 3122
f 3330 4271 3122
f 3122 4363 4405
f 4363 4406 4405
f 360 593 524
f 3123 3 1471
f 2421 4101 4100
f 824 2872 3021
f 4101 4174 4100
f 4100 4174 4173
f 4173 4174 4249
f 4249 4297 4296
f 4296 4297 4386
f 4386 4468 4424
f 4468 4512 4511
f 4424 4468 4511
f 4511 4512 4567
f 790 1502 1366
f 1036 1181 1366
f 1502 1036 1366
f 1036 1671 1181
f 96 1772 1671
f 2378 104 2542
f 96 2708 1772
f 4456 4552 4455
f 4158 4195 4194
f 4017 4080 4045
f 4320 1601 4445
f 3926 3925 3875
f 4087 4086 1568
f 4405 4406 4452
f 593 4087 1568
f 3935 3936 4027
f 4548 4547 4452
f 1777 4641 4547
f 4548 1777 4547
f 1777 3901 4641
f 5518 5517 5464
f 318 878 1182
f 4174 4250 4249
f 4249 4250 4297
f 4297 4387 4386
f 4386 4387 4468
f 4513 4658 4567
f 4512 4513 4567
f 4567 4658 4657
f 4657 1239 672
f 1239 481 672
f 672 481 790
f 790 481 1502
f 3971 2708 96
f 4639 4633 4132
f 4195 4232 4194
f 3833 4154 4441
f 3957 4535 1051
f 4535 5346 1051
f 32 593 360
f 1802 598 4360
f 4310 1432 3910
f 1777 709 3901
f 709 1052 3901
f 3870 621 3855
f 1601 1360 1227
f 3879 3935 906
f 3844 4289 4320
f 4101 4175 4174
f 4174 4175 4250
f 4468 4513 4512
f 4657 4658 1239
f 481 620 1502
f 829 1036 1502
f 620 829 1502
f 728 1671 1036
f 829 728 1036
f 728 96 1671
f 728 4085 96
f 4085 3971 96
f 4081 4080 4017
f 6311 7885 5141
f 4080 4129 4128
f 4079 4080 4128
f 4607 4381 4382
f 878 3961 4122
f 1432 4411 3910
f 621 4310 3855
f 3857 3856 3852
f 4603 3861 4030
f 3629 3164 3628
f 81 1708 4877
f 3591 1033 1023
f 4143 4176 4175
f 4176 4207 4250
f 4175 4176 4250
f 4250 4207 4297
f 4387 4425 4468
f 4468 4425 4513
f 4513 4612 4658
f 4658 1238 1239
f 1238 497 1239
f 497 1462 481
f 1239 497 481
f 481 1462 620
f 1434 829 620
f 829 1609 728
f 1609 4085 728
f 1360 1601 1428
f 4101 4143 4175
f 8078 9853 9919
f 760 1 2
f 4196 4275 4232
f 5079 5524 5523
f 487 110 7093
f 4000 1222 4378
f 3853 3857 3852
f 3853 3852 3848
f 4030 3861 3934
f 4113 4187 1350
f 8412 8441 8411
f 4124 617 4058
f 1499 3903 4329
f 4284 3677 4374
f 5634 5593 5635
f 3974 4475 3757
f 4207 4345 4297
f 4297 4345 4387
f 4345 4388 4387
f 4387 4388 4425
f 4425 4568 4513
f 4513 4568 4612
f 4658 4612 1238
f 1462 721 620
f 721 1434 620
f 1434 1609 829
f 984 3887 559
f 630 760 2
f 1804 32 360
f 3815 5079 5523
f 4093 4114 4466
f 3918 4421 4596
f 431 6971 7053
f 4420 4291 3886
f 4278 4318 762
f 2374 281 2229
f 4849 4916 4879
f 4626 3757 4528
f 4166 4626 4528
f 4176 4177 4207
f 4177 4208 4207
f 4207 4208 4345
f 4388 4426 4425
f 4425 4426 4568
f 4568 4613 4612
f 4613 1204 4612
f 4612 1204 1238
f 729 4085 1609
f 4085 4384 3971
f 1823 1051 5346
f 102 4651 35
f 7 1804 336
f 4319 4277 4378
f 1379 3880 3921
f 9004 9003 8966
f 3279 2080 4114
f 9853 7451 8084
f 9945 9966 3784
f 4490 488 4311
f 4247 2439 4206
f 617 4355 3872
f 6019 7102 6590
f 4494 3999 3960
f 4058 617 3872
f 3927 4019 3987
f 4355 674 3872
f 5403 4177 4176
f 4426 4569 4568
f 4568 4569 4613
f 1204 489 497
f 1238 1204 497
f 497 489 1462
f 489 977 1462
f 1462 977 721
f 905 1434 721
f 905 1609 1434
f 359 4085 729
f 359 4384 4085
f 2947 2909 2107
f 2157 2958 2012
f 5703 2703 5925
f 3883 3897 4466
f 4114 4596 4466
f 9890 9992 9938
f 7376 9973 7344
f 4650 6885 6803
f 3964 400 2909
f 400 2107 2909
f 4504 190 1010
f 3991 3869 3929
f 2908 1221 2104
f 3953 4018 3985
f 4634 3860 356
f 4326 54 4334
f 3922 2880 1827
f 391 4440 550
f 6208 6209 6262
f 8384 5921 8260
f 5403 4144 4177
f 4177 4144 4208
f 4208 4298 4345
f 4298 4346 4345
f 4345 4346 4388
f 4426 4514 4569
f 4613 1203 1204
f 1203 602 489
f 1204 1203 489
f 489 602 977
f 977 868 721
f 868 905 721
f 905 729 1609
f 2378 2610 4384
f 1804 360 336
f 4645 3937 4639
f 7004 1083 7005
f 1773 3459 3146
f 5581 5580 5562
f 9133 9202 9099
f 3978 5834 78
f 78 4326 4334
f 8731 8803 8730
f 17 789 2919
f 6753 3652 6641
f 7567 3321 3344
f 3964 4269 674
f 3964 2909 4269
f 8992 9071 9070
f 517 3860 4634
f 6152 6178 6177
f 6178 6209 6208
f 6177 6178 6208
f 5884 5920 9641
f 4144 4209 4208
f 4208 4209 4298
f 4346 4389 4388
f 4388 4389 4426
f 4426 4389 4514
f 4514 4614 4569
f 4569 4614 4613
f 4613 4614 1203
f 948 905 868
f 948 729 905
f 4241 359 729
f 4402 4384 359
f 4241 4402 359
f 4384 4402 2378
f 3678 4284 4240
f 1397 3146 4266
f 3897 4093 4466
f 3920 3948 3919
f 6344 4104 1422
f 3098 3753 4271
f 3865 3892 3876
f 3897 3142 3379
f 4271 4321 4363
f 4134 4637 191
f 5545 3094 3493
f 6124 6178 6152
f 6578 7239 6563
f 4144 4145 4209
f 4209 4299 4298
f 4299 4300 4346
f 4298 4299 4346
f 4346 4300 4389
f 4389 4469 4514
f 4469 4515 4514
f 4514 4515 4614
f 4614 1202 1203
f 1202 535 602
f 1203 1202 602
f 535 1183 977
f 602 535 977
f 977 1183 868
f 4533 729 948
f 729 4533 4241
f 4402 104 2378
f 2830 1115 2996
f 4266 3897 3883
f 2996 1115 1007
f 4317 4316 4268
f 4382 4381 762
f 4363 4321 4406
f 4453 4452 4406
f 819 67 901
f 3892 3954 3926
f 1454 763 4490
f 4490 3882 488
f 488 3882 1353
f 9673 975 5045
f 4453 4548 4452
f 3909 947 4095
f 190 4504 35
f 6099 6124 6152
f 4145 4178 4209
f 4178 4251 4299
f 4209 4178 4299
f 4251 4300 4299
f 4300 4390 4389
f 4390 4469 4389
f 4515 4570 4614
f 4614 4570 1202
f 1183 290 868
f 290 948 868
f 4533 4014 4241
f 4014 3976 4241
f 4241 3976 4402
f 4402 3976 104
f 4327 3146 1397
f 4411 947 3909
f 3910 4411 3909
f 1454 4075 763
f 3882 1383 1353
f 2140 5159 3928
f 4381 4278 762
f 8078 9919 9971
f 4300 4347 4390
f 4390 4427 4469
f 4427 4470 4469
f 4470 4516 4515
f 4469 4470 4515
f 4515 4516 4570
f 4570 1201 1202
f 1202 1201 535
f 1201 464 535
f 535 464 1183
f 290 365 948
f 365 338 4533
f 948 365 4533
f 4533 338 4014
f 4409 486 104
f 3976 4409 104
f 946 2542 104
f 486 946 104
f 946 2701 2542
f 4504 1010 4095
f 4596 4421 4286
f 4645 3867 3937
f 8395 5356 8244
f 709 1090 1052
f 3562 9885 3151
f 8497 8534 8496
f 763 4191 3882
f 518 689 4064
f 5643 5642 5580
f 4341 4342 4422
f 4226 1252 730
f 4077 3761 4044
f 5810 6058 5871
f 1451 3493 3561
f 4178 3507 4251
f 4251 4252 4300
f 4300 4252 4347
f 4347 4427 4390
f 4516 4571 4570
f 4570 4571 1201
f 464 1367 1183
f 1367 650 1183
f 650 1435 290
f 1183 650 290
f 290 1435 365
f 4170 2701 946
f 1891 4055 4286
f 4170 2132 2701
f 3867 598 3937
f 4070 619 4069
f 4005 4431 3994
f 3474 6056 6062
f 2433 2917 77
f 2304 1184 763
f 763 1184 4191
f 4191 141 1383
f 3882 4191 1383
f 518 4233 455
f 4233 518 4064
f 545 1536 3860
f 5581 5643 5580
f 5598 5599 5645
f 461 825 1069
f 5700 5699 5676
f 4479 49 4478
f 3507 4210 4251
f 3507 4178 4145
f 4210 4252 4251
f 4348 4517 4470
f 4427 4348 4470
f 4470 4517 4516
f 4517 4572 4571
f 4516 4517 4571
f 4572 4659 4571
f 4659 1201 4571
f 4659 1200 1201
f 1200 408 464
f 1201 1200 464
f 464 408 1367
f 1435 338 365
f 3977 4014 338
f 3977 3976 4014
f 3977 4409 3976
f 3914 946 486
f 3914 4170 946
f 4261 2132 4170
f 5130 5132 3868
f 14 289 230
f 4539 4540 4592
f 4538 4539 4592
f 1103 461 1069
f 1382 1351 1352
f 1184 399 4191
f 4191 399 141
f 1469 89 1470
f 9281 9282 3077
f 3320 7567 3344
f 4455 4552 4551
f 4100 872 2561
f 6341 5679 4005
f 6262 6232 6299
f 10 4479 4478
f 5663 5871 6056
f 3493 3587 3561
f 10 4192 3561
f 4253 4348 4347
f 4252 4253 4347
f 4347 4348 4427
f 4518 4517 4348
f 4518 4572 4517
f 1050 1367 408
f 1050 650 1367
f 650 1570 1435
f 1570 1747 1435
f 1435 1747 338
f 1747 628 338
f 628 3977 338
f 4410 4409 3977
f 340 486 4409
f 4410 340 4409
f 317 3914 486
f 340 317 486
f 4170 3914 4261
f 1101 1100 4668
f 4596 4286 4055
f 431 289 1467
f 473 168 1744
f 4156 4230 4271
f 3753 4156 4271
f 3948 3949 3981
f 3948 3981 2913
f 141 4113 1382
f 9979 9886 9856
f 5871 6058 6062
f 4644 5290 42
f 5729 6063 9353
f 4779 5490 4758
f 6263 6342 6299
f 3587 10 3561
f 4253 4252 4210
f 4253 4301 4348
f 4301 4391 4348
f 4348 4391 4518
f 4660 4659 4572
f 4660 376 1200
f 4659 4660 1200
f 376 408 1200
f 376 1050 408
f 1050 1570 650
f 317 432 3914
f 3914 432 4261
f 1499 1222 3903
f 741 848 653
f 4454 4453 4406
f 1351 1350 1317
f 1184 2069 399
f 198 291 5130
f 3902 4270 141
f 399 3902 141
f 141 4270 4113
f 1919 3064 3888
f 4013 584 1922
f 1469 1470 848
f 4640 653 4594
f 4549 4548 4453
f 3813 6663 1803
f 3421 15 49
f 5663 6056 3348
f 10 4478 4192
f 534 1439 1050
f 376 534 1050
f 1439 1570 1050
f 1439 589 1570
f 1642 1747 1570
f 589 1642 1570
f 1747 1642 628
f 628 3980 3977
f 3980 4416 4410
f 3977 3980 4410
f 4410 4416 340
f 340 4416 317
f 1299 4261 432
f 2919 2675 4261
f 1299 2919 4261
f 9851 9979 9905
f 4467 4680 4841
f 3869 3896 3939
f 4642 1777 4548
f 198 5130 3868
f 3902 799 4270
f 4270 4187 4113
f 5778 4275 5162
f 1041 1123 2426
f 4167 2904 5745
f 4640 741 653
f 4549 4642 4548
f 5122 5394 558
f 6232 6263 6299
f 3438 5663 3348
f 4392 4391 4301
f 4519 4518 4391
f 4573 4572 4518
f 4519 4573 4518
f 4615 4660 4572
f 4573 4615 4572
f 1164 376 4660
f 4615 1164 4660
f 1164 534 376
f 589 1715 1642
f 695 628 1642
f 628 695 3980
f 4416 103 317
f 317 103 432
f 3173 3668 3262
f 598 1313 4360
f 3613 3116 3546
f 1777 4642 709
f 4507 796 6516
f 709 1089 1090
f 2003 225 224
f 3260 2603 3219
f 799 4467 4270
f 4270 4467 4187
f 3892 3893 3955
f 569 604 657
f 6738 3854 3843
f 4173 4248 4206
f 3893 3927 3955
f 6125 6179 6178
f 6124 6125 6178
f 4212 3871 5588
f 6262 6299 6298
f 15 3421 5703
f 6261 6262 6298
f 4392 4428 4391
f 4428 4519 4391
f 463 534 1164
f 463 1439 534
f 463 282 1439
f 282 589 1439
f 282 1715 589
f 695 3842 3980
f 3842 4442 4416
f 3980 3842 4416
f 4416 4442 103
f 103 797 432
f 797 4340 1299
f 432 797 1299
f 4340 17 2919
f 1299 4340 2919
f 9929 1226 9874
f 4360 1313 761
f 761 4327 4534
f 617 1499 4355
f 5072 5100 5071
f 4374 3677 4415
f 4480 4328 319
f 2542 576 2378
f 1393 1707 1297
f 4467 4224 4187
f 4187 4224 1349
f 3865 3893 3892
f 4019 3988 4047
f 6136 4629 6366
f 4265 3998 4227
f 2708 3966 1772
f 4212 5588 2703
f 4471 4519 4428
f 4471 4574 4519
f 4574 4573 4519
f 4661 4615 4573
f 4574 4661 4573
f 4615 4661 1164
f 4661 1165 1164
f 1165 463 1164
f 869 282 463
f 869 3873 282
f 3873 1715 282
f 1715 1641 1642
f 1642 1641 695
f 1641 3940 3842
f 695 1641 3842
f 3842 3940 4442
f 4442 13 103
f 103 13 797
f 8261 9959 9924
f 6049 6101 6026
f 4466 4596 4055
f 1397 4266 4485
f 559 526 1745
f 557 4235 4025
f 3379 3351 3897
f 979 4376 4117
f 4224 3885 4958
f 224 225 4508
f 4018 4130 4081
f 3718 3663 4053
f 5636 5676 5659
f 5723 5700 5383
f 49 15 4478
f 6275 3438 3348
f 4349 4392 4302
f 4254 4302 4392
f 4349 4428 4392
f 4520 4574 4471
f 4616 4661 4574
f 568 463 1165
f 568 869 463
f 5186 203 204
f 7489 7585 7519
f 4879 5314 5333
f 2164 2806 3904
f 5339 5372 5338
f 5206 5207 5271
f 4830 5046 4851
f 5158 1053 5068
f 7585 7655 7553
f 4859 4837 4787
f 4817 4838 4787
f 5071 5100 5156
f 5179 5235 5234
f 7452 6679 8343
f 659 5006 4836
f 5293 5294 5336
f 5089 5113 4935
f 6723 769 9261
f 5197 3885 5016
f 4841 4680 1489
f 379 5666 4627
f 1333 5119 4801
f 3988 5006 4047
f 5294 5370 5336
f 4736 4788 4763
f 7566 1711 6324
f 4991 5039 5038
f 4268 4316 4267
f 5097 5098 5123
f 5026 5333 5310
f 9947 9930 9957
f 4719 4767 4766
f 4766 4767 4792
f 5358 4234 4823
f 4712 4711 4692
f 5153 5206 5205
f 5041 5042 5099
f 3895 6281 698
f 5035 5093 5034
f 9407 7836 9358
f 1525 5161 1558
f 10001 9965 1384
f 8139 8211 8138
f 9861 9887 9903
f 4860 4884 4883
f 5362 4889 4854
f 5259 4958 4957
f 4680 5161 1489
f 4839 4885 4860
f 406 372 5038
f 5161 1525 1489
f 2157 2012 6412
f 6695 6710 8350
f 5198 5259 4957
f 8184 8147 8185
f 5831 4473 4107
f 5025 1053 5158
f 1186 1187 1230
f 5116 527 5147
f 9841 9965 10001
f 4712 4780 4711
f 5221 5263 5259
f 5155 5178 5207
f 4978 596 8429
f 9942 9934 9955
f 5245 5298 4849
f 8004 9853 8078
f 8259 9837 7649
f 4944 5778 5619
f 1070 1104 364
f 5096 5150 460
f 8920 8891 8892
f 7953 7952 7911
f 808 4830 809
f 460 406 5069
f 4818 142 4887
f 293 4956 4929
f 293 4987 4956
f 5388 1205 5221
f 5250 4408 4944
f 169 4834 134
f 1859 1883 4697
f 1779 8229 9403
f 6318 4816 4831
f 4210 7102 4253
f 5125 5071 5155
f 5064 5065 5092
f 5014 5070 5039
f 9631 1814 1813
f 1132 1068 4969
f 4895 1199 4863
f 5726 5115 5114
f 5062 5726 5114
f 9889 9909 9922
f 5372 5396 5338
f 5092 5065 5116
f 6970 4773 6980
f 5179 5208 5235
f 9857 9903 9855
f 4408 4325 4944
f 5015 1311 4825
f 9523 6239 5757
f 5186 204 232
f 558 5245 5243
f 4143 4101 4067
f 5114 5115 5145
f 903 4856 757
f 4843 5251 5087
f 7695 9399 9434
f 5392 4866 5026
f 9063 9089 9088
f 7929 3234 5753
f 5640 5641 5682
f 4941 4920 5251
f 3389 7184 7183
f 4888 1708 5135
f 5015 5251 4920
f 7183 7184 7431
f 8683 7224 8657
f 9906 7591 7461
f 4964 4965 4992
f 5370 5219 4927
f 1187 5188 1230
f 5188 1124 1154
f 719 5019 5057
f 4811 4974 4864
f 1055 5053 889
f 7414 7875 4674
f 1362 5375 4999
f 1362 4716 5375
f 4716 4931 5363
f 4691 4779 4690
f 4988 294 5035
f 4765 4792 4818
f 4552 4811 5290
f 7702 7916 2032
f 4716 5363 5375
f 5368 4927 775
f 4714 4733 4760
f 4733 4782 4760
f 1920 2341 4075
f 4854 4875 921
f 4768 91 4793
f 8828 8856 8759
f 42 4811 1176
f 87 1946 56
f 42 5290 4811
f 5249 775 4927
f 6347 8064 7735
f 3895 698 1254
f 4695 4733 4714
f 364 5388 131
f 889 4832 4937
f 4832 1187 1186
f 4694 4695 4714
f 5093 5118 5117
f 1053 364 131
f 4448 4317 4110
f 8442 8441 8412
f 4931 889 4937
f 7787 7828 7827
f 5274 5338 5337
f 4931 4937 5363
f 372 5013 5038
f 1780 5921 9944
f 4791 4790 4764
f 270 5041 324
f 5144 485 5113
f 5072 5071 5042
f 4788 4817 4787
f 4838 4859 4787
f 5124 5153 5152
f 4917 4994 4770
f 9045 9108 9003
f 1608 2044 6491
f 4764 4790 4789
f 5270 5293 5335
f 5012 1025 5025
f 5309 5279 5268
f 4644 42 5279
f 5149 5174 5118
f 5118 5174 5117
f 5233 5293 5270
f 326 5042 325
f 4920 4941 1413
f 5377 4866 5385
f 5158 4939 5187
f 5242 5268 4905
f 5242 5309 5268
f 9844 9999 9833
f 5071 5156 5155
f 5179 5180 5208
f 347 296 4990
f 4945 5839 5133
f 5135 5242 5839
f 4945 5135 5839
f 5135 4842 5242
f 4992 4965 269
f 5305 5298 5245
f 4719 4739 4767
f 9745 9782 4763
f 6588 3881 4197
f 5375 1117 4853
f 5363 4937 4799
f 4832 5022 4937
f 4224 4958 1349
f 5235 5236 5273
f 5154 5207 5206
f 4790 4817 4789
f 4859 4858 4837
f 5767 5742 5768
f 4994 5377 4770
f 4895 5251 4825
f 4829 5512 5537
f 9782 4736 4763
f 7306 7560 8156
f 5363 4799 1117
f 5375 5363 1117
f 5682 5061 5060
f 2946 4945 5133
f 627 2946 5133
f 4888 4945 2946
f 5356 7452 8343
f 9660 9617 9543
f 5248 4975 5261
f 7828 7904 7827
f 4695 4715 4733
f 5212 4843 4593
f 4957 4958 5197
f 4770 5377 5385
f 5078 4882 5346
f 5390 4841 1488
f 5155 5156 5178
f 5123 5124 5152
f 4856 4954 5054
f 4834 169 203
f 410 437 409
f 6433 3336 3291
f 324 5014 4992
f 4988 4987 293
f 5033 5032 4987
f 4988 5033 4987
f 5033 5065 5064
f 5068 4593 4939
f 7458 7306 8156
f 5199 9403 8229
f 5219 4744 4994
f 5298 4854 4870
f 5222 2946 5493
f 5222 4888 2946
f 808 921 4875
f 5174 5173 5117
f 5156 5157 5179
f 5032 5033 5064
f 5065 5148 5116
f 4849 4870 4916
f 5314 5386 5333
f 5933 5493 627
f 7959 7847 7768
f 7306 7660 7560
f 9673 5045 1054
f 5045 5312 1054
f 8339 8338 8296
f 5271 5272 5295
f 4682 7459 7560
f 742 809 4830
f 5148 5199 527
f 5116 5148 527
f 7660 4682 7560
f 22 5253 4722
f 567 5270 640
f 5335 5369 5368
f 5177 5270 567
f 5150 5151 5177
f 5198 4957 4843
f 5197 5390 5196
f 5212 5198 4843
f 5493 6165 5813
f 5813 5143 5493
f 5143 5222 5493
f 9967 1749 9832
f 5182 1055 889
f 5242 4842 5309
f 4763 4786 4735
f 5385 4866 5392
f 4886 4911 4885
f 9229 9193 9156
f 5931 7702 7736
f 8569 5399 8551
f 4926 5949 597
f 8301 7270 5283
f 4841 5016 4467
f 4682 5864 7459
f 558 5305 5245
f 8121 7385 5864
f 5152 5153 5205
f 4790 4839 4817
f 4764 4789 4737
f 4941 5196 1413
f 4817 4860 4838
f 9894 9994 9953
f 1970 3124 3152
f 4759 4781 4780
f 4781 5521 4780
f 571 608 607
f 5040 5041 5098
f 4877 5222 5143
f 4843 4941 5251
f 5013 347 4990
f 9062 9063 9088
f 5396 5372 742
f 5061 5062 5114
f 6887 8159 6842
f 8656 8681 8655
f 163 162 1912
f 1768 3610 5311
f 1712 1748 5378
f 4957 5197 4941
f 4770 5385 963
f 4839 4860 4817
f 5328 9907 8346
f 5025 5330 1053
f 5070 5040 5097
f 5014 324 5070
f 3966 2406 2235
f 4788 4787 4763
f 9892 9881 9893
f 4895 4825 1199
f 7459 7737 5192
f 437 537 5180
f 7385 8256 596
f 599 5201 5229
f 5180 570 605
f 5371 5395 5394
f 5039 5070 5096
f 88 4786 4837
f 5124 5125 5153
f 4995 4942 4866
f 5039 5069 5038
f 5125 5154 5153
f 9988 10001 3151
f 5238 5103 5216
f 9900 9829 9980
f 7583 4674 4672
f 5207 5234 5271
f 9089 9154 9088
f 5197 5196 4941
f 4957 4941 4843
f 5010 5032 5031
f 5205 5233 5270
f 4987 5010 4956
f 4834 203 4852
f 4833 4834 4852
f 4834 4833 4814
f 596 8256 7380
f 3878 6031 4398
f 5286 4720 7881
f 91 113 4793
f 9987 9943 9990
f 7649 9837 9963
f 5196 1450 1413
f 5178 5179 5234
f 4927 5219 4917
f 5391 5203 4970
f 5216 5103 1640
f 6408 7341 6833
f 5041 5099 5098
f 8645 8700 8644
f 9294 9765 5146
f 5046 4875 5300
f 4690 4758 4689
f 4758 4710 4689
f 4970 4989 5238
f 4854 4889 5374
f 5325 756 5373
f 5097 5123 5151
f 5173 5174 5200
f 7687 7751 7686
f 4715 33 4733
f 33 4761 4733
f 4854 5374 4870
f 4739 4768 4767
f 5314 4855 5386
f 3117 9964 3016
f 8987 9027 8986
f 9774 4693 4692
f 4693 4712 4692
f 1025 5330 5025
f 4759 4780 4712
f 5272 5273 5295
f 1175 2932 1218
f 9890 9686 9992
f 4718 4719 4766
f 5151 5152 5177
f 5152 5205 5177
f 9938 9992 9985
f 3763 4545 4544
f 6490 7380 8256
f 1800 3729 9820
f 4911 4934 4933
f 3915 4823 4234
f 4883 4932 208
f 2977 129 2037
f 5393 1441 4741
f 3054 5181 6311
f 5391 4970 5215
f 4854 921 5362
f 975 1086 5045
f 5008 5216 5244
f 5215 4970 5008
f 5244 5216 4824
f 4824 4722 4973
f 4973 4722 5253
f 756 5137 4918
f 4880 7661 7843
f 1054 5312 5325
f 1218 1217 1175
f 5155 5207 5154
f 9180 9991 9934
f 4823 3915 4877
f 5069 5096 460
f 5766 5405 4145
f 5475 5525 6617
f 1990 313 1965
f 4945 4888 5135
f 4946 4863 5386
f 4735 88 56
f 9887 7918 9908
f 3198 4119 2455
f 5065 5066 5148
f 5358 4823 3048
f 5049 5253 1472
f 268 267 208
f 7216 5451 5475
f 5087 5251 4895
f 5057 1252 4226
f 5068 5212 4593
f 4801 1441 5393
f 5104 5393 5184
f 5077 5391 5215
f 4975 4962 4891
f 4891 4962 5104
f 8088 161 7873
f 4933 4934 4964
f 5184 5393 5136
f 8180 8181 8212
f 9957 9904 9956
f 8121 8085 8256
f 4989 1289 1328
f 4870 5384 4916
f 5374 5384 4870
f 4680 4467 799
f 5063 5115 5726
f 7899 5991 6012
f 1506 4741 1507
f 4801 5119 1441
f 1441 1507 4741
f 5114 5145 5144
f 309 903 757
f 5369 5370 4927
f 5565 4852 232
f 4932 4963 268
f 4791 4839 4790
f 1713 3389 5436
f 7916 6310 2032
f 5273 5274 5337
f 9837 9935 9876
f 298 326 325
f 8280 8242 6247
f 9037 9076 9036
f 5229 5202 561
f 5039 5096 5069
f 4848 4918 4822
f 1968 1940 9144
f 8247 8286 8246
f 7830 7863 7862
f 4995 4879 4942
f 5395 5305 5394
f 8527 8578 8597
f 5203 4989 4970
f 756 4918 5373
f 5347 5203 5391
f 5288 5307 5020
f 5020 5054 5347
f 5137 5307 5389
f 5307 5054 5020
f 5307 5288 5389
f 9760 5144 9765
f 7414 161 7875
f 5294 5295 5371
f 5042 5071 5099
f 5335 5336 5369
f 5371 5394 5122
f 9259 4865 1543
f 4084 5954 4159
f 232 5600 5583
f 5237 5236 5208
f 1828 4739 4720
f 4766 4738 4718
f 324 5041 5040
f 129 1247 2037
f 1124 5188 5053
f 8283 5381 5379
f 4674 7621 7414
f 5163 4723 5056
f 4796 5215 5232
f 5232 5244 4896
f 6143 6118 8179
f 1774 7621 7583
f 5364 5088 5043
f 5364 5043 9560
f 5056 5218 5316
f 5315 5359 5043
f 5088 5315 5043
f 5315 5316 5359
f 4723 5306 5218
f 4922 4819 5341
f 5325 5373 5265
f 7843 7997 7920
f 4996 5137 756
f 5180 5179 5157
f 3753 4077 4156
f 5090 5061 5113
f 5060 5061 5090
f 5059 5060 5090
f 7496 8121 4682
f 7619 7806 7411
f 5108 595 5254
f 4962 4812 4801
f 5243 5245 4995
f 1828 4769 4768
f 9714 4853 7844
f 5246 3052 1679
f 5156 5179 5178
f 5149 5201 5174
f 5087 4895 4946
f 4765 4818 4791
f 5338 5396 5337
f 4787 4837 4786
f 4748 4727 8973
f 9641 5920 5919
f 7863 7905 7949
f 5379 8343 8283
f 9992 9926 9841
f 7621 3589 7414
f 7225 7255 7254
f 5081 5163 5056
f 4868 4824 4973
f 4785 5049 4913
f 5387 4868 4785
f 5373 4867 4819
f 7188 8371 6451
f 8474 8513 8460
f 1859 4735 56
f 8338 8337 8295
f 5005 5391 5077
f 4918 5389 4822
f 5182 4716 986
f 693 4599 1380
f 5182 4931 4716
f 5296 5274 5236
f 1199 4969 4863
f 5201 5200 5174
f 5123 5152 5151
f 1708 36 4842
f 1557 1450 1487
f 9878 9929 9874
f 571 570 537
f 91 4769 1888
f 5396 4851 5395
f 4990 4991 5013
f 5337 5396 5395
f 4728 4748 8973
f 4728 4749 4748
f 4749 5415 4748
f 5386 4969 5310
f 3370 7705 6711
f 4887 4861 4818
f 5726 5062 5705
f 8762 8793 8761
f 162 1911 1912
f 5081 5056 5315
f 8139 8138 8063
f 5316 5218 5359
f 4896 4868 5387
f 4723 5261 5080
f 5261 4700 5080
f 4922 5373 4819
f 3338 7314 8083
f 8597 8640 8596
f 8102 6138 8139
f 5200 9403 5199
f 1117 4799 5088
f 7650 7665 7927
f 632 1878 1911
f 7489 6580 7520
f 7487 7488 7519
f 7585 7553 7519
f 3320 3299 7567
f 4838 4860 4883
f 5018 4947 5248
f 5347 4980 5203
f 4947 4812 5044
f 7702 2032 7736
f 5182 889 4931
f 5053 4832 889
f 4762 7375 8394
f 5053 1187 4832
f 5131 5365 5534
f 4812 1333 4801
f 161 8088 7875
f 4889 5012 5374
f 1771 5241 5108
f 5081 5315 5088
f 5077 5215 4796
f 7520 7622 7585
f 4915 4940 5165
f 5353 5136 4865
f 4709 4708 4688
f 9745 4717 9661
f 7148 7149 7162
f 9845 5223 9831
f 9319 4737 4736
f 4992 297 324
f 4739 1828 4768
f 5373 4848 4867
f 4848 4822 4915
f 5157 409 5180
f 6377 5043 5360
f 4786 88 4735
f 5137 5389 4918
f 5373 4918 4848
f 5288 5020 5024
f 5389 5288 5308
f 5230 5288 5024
f 5319 6356 6218
f 5308 5230 4977
f 5230 5021 4977
f 1316 1350 1349
f 4947 5044 5248
f 4779 4758 4690
f 4812 4962 5044
f 4980 4989 5203
f 1328 5103 5238
f 9229 9268 9193
f 7280 5437 7313
f 6311 5181 7885
f 6829 7214 7238
f 377 5100 5072
f 4750 4728 4685
f 4750 4749 4728
f 4750 4775 4749
f 4775 4803 4749
f 1965 1966 1990
f 7467 4306 682
f 5067 5093 5035
f 4917 4770 5189
f 4770 963 5189
f 4867 4915 5165
f 5183 4796 5266
f 4796 5292 5266
f 4769 1829 1888
f 5748 5185 5778
f 3294 3272 3317
f 8151 8150 8113
f 5160 5129 5011
f 4867 4848 4915
f 1117 5088 4784
f 4799 5081 5088
f 5114 5144 5113
f 5114 5113 5061
f 757 4856 5054
f 5308 5288 5230
f 5339 5296 605
f 5056 4723 5218
f 4940 5308 4977
f 4737 4738 4764
f 4723 5080 5306
f 6067 8063 8022
f 5393 4741 5136
f 5345 4947 5018
f 203 5186 4852
f 5249 4927 4917
f 5035 5034 4988
f 5259 5263 4958
f 5016 4841 5390
f 8722 8760 8721
f 37 4946 4855
f 4701 4750 4685
f 4804 4803 4775
f 5415 4727 4748
f 5098 5124 5123
f 5042 326 5072
f 4960 1054 5325
f 8520 8551 5432
f 4717 4735 1859
f 5226 4867 5165
f 5205 5206 5233
f 4996 309 757
f 4883 208 4859
f 4913 5049 5120
f 82 4794 4783
f 5021 4795 4981
f 7689 7720 7688
f 5237 5296 5236
f 264 4988 293
f 5389 4940 4915
f 7553 7655 7654
f 1199 4825 1267
f 2710 4211 8428
f 5307 757 5054
f 5020 5347 5005
f 5024 5020 5005
f 5090 5113 5089
f 1053 131 5068
f 5261 4975 4700
f 5024 5021 5230
f 5022 5345 5018
f 5022 5018 5163
f 4937 5022 5163
f 4937 5163 5081
f 4799 4937 5081
f 5101 410 5075
f 4751 4750 4701
f 4751 4775 4750
f 4805 4804 4775
f 33 4715 4696
f 5335 5293 5336
f 2341 1920 1593
f 4922 5265 5373
f 1286 820 819
f 5208 5236 5235
f 4888 5222 1708
f 5306 5080 5299
f 5080 4971 5299
f 333 500 875
f 9558 1778 1788
f 1912 1911 3054
f 5075 328 350
f 3003 3093 2629
f 9065 9064 9023
f 5355 5356 8343
f 5315 5056 5316
f 4822 5389 4915
f 4940 5389 5308
f 5019 719 4897
f 9283 194 9212
f 7621 4674 7583
f 228 196 9321
f 5005 5347 5391
f 9576 4689 4688
f 4700 4975 4903
f 5005 5183 5021
f 4962 4801 5104
f 5104 4801 5393
f 5040 5098 5097
f 5099 5125 5124
f 5234 5272 5271
f 1487 1450 5209
f 5187 5314 4879
f 4866 4942 5026
f 4751 4806 4775
f 4775 4806 4805
f 5098 5099 5124
f 757 5307 5137
f 4992 5014 4991
f 7804 7825 8306
f 4900 4901 4925
f 4792 142 4818
f 4903 82 5348
f 5296 5237 605
f 6305 4681 5303
f 4681 4923 4952
f 5329 5332 4436
f 4763 4735 9745
f 4884 4911 4933
f 4879 5333 4942
f 5249 4917 5189
f 4757 5466 4778
f 4970 5238 5008
f 9901 2597 3217
f 8251 8339 8296
f 4711 4779 4691
f 5202 5201 5149
f 5347 5054 4954
f 5202 5229 5201
f 4710 4709 4688
f 4689 4710 4688
f 5183 5005 5077
f 4975 5044 4962
f 5044 4975 5248
f 5037 6220 47
f 9283 9212 9213
f 4763 4787 4786
f 4964 4992 4991
f 8454 8487 8470
f 4702 4752 4751
f 4701 4702 4751
f 4751 4752 4806
f 4806 4826 4805
f 5508 4826 4844
f 4874 4900 5537
f 3885 4224 5016
f 5377 4995 4866
f 4916 5187 4879
f 5180 5237 5208
f 4875 5298 5300
f 4925 4901 4950
f 5264 4955 6305
f 6305 4955 4681
f 4681 5217 4923
f 5217 4743 4742
f 4923 5217 4742
f 4743 5334 4742
f 5334 5329 4742
f 5334 5332 5329
f 5537 4900 4873
f 4744 5243 5377
f 1186 5345 4832
f 4780 4779 4711
f 9147 9148 4703
f 4963 4964 4991
f 5143 4823 4877
f 5008 5238 5216
f 5216 1640 4824
f 5466 4757 4709
f 5104 5184 4794
f 5024 5005 5021
f 5215 5008 5232
f 5244 4824 4868
f 5232 5008 5244
f 4967 5037 47
f 9834 9895 9933
f 4679 1854 4696
f 9147 4703 4702
f 4703 4729 4752
f 4702 4703 4752
f 4729 4753 4752
f 4753 4807 4806
f 4752 4753 4806
f 4807 4826 4806
f 599 633 703
f 5251 5015 4825
f 4737 4789 4736
f 1506 1543 4741
f 5100 5157 5156
f 9968 9848 9829
f 47 6220 5536
f 4988 5034 5033
f 5034 5066 5065
f 5033 5034 5065
f 5066 5117 5148
f 5092 5147 5146
f 4711 4691 4692
f 9591 9625 9549
f 60 1925 2663
f 1774 7583 8081
f 1466 8001 1910
f 4861 4885 4839
f 4904 5025 5158
f 5226 5050 4892
f 9961 7701 8005
f 5017 4903 5348
f 6236 4798 6269
f 4955 5240 4681
f 5073 5334 4743
f 5073 5106 5334
f 5106 5332 5334
f 725 2629 3093
f 5395 5300 5305
f 9765 5145 5146
f 5117 5173 5148
f 5031 5092 5091
f 9212 194 1875
f 9765 5144 5145
f 4710 5466 4709
f 4867 5226 4819
f 5183 5077 4796
f 4903 4891 82
f 5104 4794 4891
f 4785 4973 5049
f 4973 5253 5049
f 4868 4973 4785
f 4896 5244 4868
f 4850 5037 4967
f 4910 6220 5037
f 5358 3048 4108
f 4833 4852 5541
f 8373 8411 8326
f 3624 3837 3702
f 5148 5173 5199
f 3837 3847 3702
f 1854 34 33
f 5091 5092 5146
f 37 5087 4946
f 5952 7597 9867
f 8441 8440 8411
f 4824 1640 4722
f 7102 4254 4253
f 4836 5006 3988
f 7520 7554 7622
f 4819 4892 5011
f 4700 4903 5017
f 5264 5126 4955
f 5126 5240 4955
f 5240 5086 5217
f 4681 5240 5217
f 5086 4743 5217
f 5239 5332 5106
f 5302 5239 5106
f 5239 4218 5332
f 5350 4218 5304
f 5239 5304 4218
f 6347 8227 40
f 5683 5062 5061
f 5186 232 4852
f 5333 5386 5310
f 5394 5305 558
f 4814 4833 4813
f 9294 527 9356
f 4887 211 4886
f 7836 7871 9358
f 4676 4691 4690
f 5298 4870 4849
f 5177 5205 5270
f 4975 4891 4903
f 4878 5037 4850
f 4878 4910 5037
f 295 268 296
f 131 5388 5221
f 9741 1800 9820
f 4807 4827 4826
f 5063 5031 5091
f 5016 5390 5197
f 4760 4813 4759
f 1828 1829 4769
f 4593 37 4939
f 8441 5975 8440
f 4994 4744 5377
f 6067 8022 6012
f 5063 5091 5115
f 4853 4784 7844
f 4886 4885 4861
f 4934 4886 211
f 596 7902 8429
f 5277 5311 5241
f 4920 1411 5015
f 6093 8223 8116
f 8441 5378 5975
f 7825 7288 8306
f 5341 4819 5011
f 8392 8302 1774
f 4798 5282 5264
f 5264 5282 5126
f 5086 5074 4743
f 5074 5073 4743
f 5302 5106 5073
f 5074 5302 5073
f 3495 9977 9858
f 5705 5062 5683
f 5339 5338 5296
f 4904 5158 5187
f 4917 5219 4994
f 5026 4942 5333
f 2260 511 2239
f 763 3882 4490
f 9352 1054 4960
f 1258 1333 4812
f 5236 5274 5273
f 5021 5183 4795
f 4977 5021 4981
f 4977 4981 5275
f 4977 5275 4940
f 5231 4850 4967
f 5078 4910 4878
f 908 5870 5978
f 5078 5134 4910
f 5125 5155 5154
f 5243 4995 5377
f 4730 4729 4703
f 4686 4730 4703
f 4730 4753 4729
f 4808 4807 4753
f 4730 4808 4753
f 4808 4827 4807
f 4765 4764 4738
f 4760 4814 4813
f 4737 4718 4738
f 4839 4818 4861
f 4883 4859 4838
f 5370 5371 5122
f 4593 4843 5087
f 1205 5263 5221
f 4933 4964 4963
f 5378 5886 5975
f 4211 5204 7219
f 8392 1774 8081
f 5028 4984 5029
f 8302 7170 3589
f 4819 5226 4892
f 5126 5291 5240
f 5291 4815 5240
f 5240 4815 5086
f 5357 5302 5074
f 5349 5239 5302
f 5357 5349 5302
f 5349 4840 5239
f 4840 5304 5239
f 4914 3525 3426
f 4840 3426 5304
f 4593 5087 37
f 4904 5187 4916
f 2106 204 205
f 5099 5071 5125
f 5305 5300 5298
f 4902 4901 4874
f 3083 3084 7355
f 5204 7561 5863
f 1025 5012 4889
f 82 4891 4794
f 4794 5184 5352
f 5352 5184 5353
f 5184 5136 5353
f 4912 4850 5231
f 5267 4878 4850
f 4912 5267 4850
f 5267 5078 4878
f 4738 4766 4765
f 558 5243 4744
f 4808 4828 4827
f 4898 5557 4845
f 5384 4904 4916
f 4760 4759 4713
f 5221 5259 5198
f 4694 4714 4713
f 4714 4760 4713
f 4693 4694 4713
f 4933 4932 4884
f 4858 4859 208
f 4767 4768 4793
f 5146 5145 5115
f 7006 7272 5912
f 8031 7916 3744
f 5181 7738 7734
f 4924 4948 5593
f 3054 5529 5181
f 8151 8190 8150
f 9483 4959 6160
f 4959 5107 6160
f 6160 5107 6185
f 5107 5344 5282
f 6185 5107 5282
f 5344 4993 5126
f 5282 5344 5126
f 5126 4993 5291
f 4815 5085 5086
f 5085 5074 5086
f 5085 5357 5074
f 5278 3585 4440
f 9513 9555 9512
f 5012 4904 5384
f 4934 4965 4964
f 4946 4895 4863
f 7873 7188 8034
f 2603 2080 3279
f 5271 5295 5294
f 4150 3036 1822
f 8179 8245 6143
f 4951 4950 4901
f 5392 5026 5310
f 4984 5028 4950
f 5226 5165 5050
f 368 5067 5035
f 1822 3036 7146
f 2398 4458 4555
f 5346 5134 5078
f 5066 5093 5117
f 5122 558 4744
f 5219 5122 4744
f 4704 4731 4730
f 4686 4704 4730
f 4731 4776 4808
f 4730 4731 4808
f 4776 4809 4808
f 4808 4809 4828
f 5624 4864 4974
f 4958 3885 5197
f 131 5221 5198
f 4932 4933 4963
f 7146 7147 7359
f 5158 5068 4939
f 4885 4911 4884
f 9211 1846 9210
f 4974 5250 4921
f 4935 5113 485
f 4993 4774 5291
f 5291 4774 4815
f 4815 5269 5085
f 5366 5357 5085
f 5376 5349 5357
f 5366 5376 5357
f 5260 4840 5349
f 5376 5260 5349
f 5260 4800 4840
f 4800 3426 4840
f 4914 4800 5220
f 4800 4914 3426
f 2110 77 2956
f 605 5237 5180
f 5374 5012 5384
f 5178 5234 5207
f 9774 3522 4693
f 5153 5154 5206
f 5234 5235 5272
f 4932 268 208
f 4832 5345 5022
f 8224 8225 5381
f 4996 757 5137
f 4951 4984 4950
f 4796 5232 5292
f 4896 5052 5292
f 5232 4896 5292
f 5052 4896 5387
f 5387 4785 4913
f 4131 4159 4275
f 5068 131 5212
f 5370 5122 5219
f 3151 9911 9988
f 8347 8157 8259
f 7147 8252 8244
f 7359 7147 8244
f 6883 9986 6884
f 4809 4846 4828
f 4846 4845 4828
f 4845 4871 4898
f 4871 4924 4898
f 5176 460 5150
f 5067 5118 5093
f 6841 8195 6927
f 9972 9841 10001
f 8296 8338 8295
f 7734 7738 5379
f 7738 5355 5379
f 5623 7682 1678
f 471 5623 1678
f 7837 8341 8324
f 7249 7279 7248
f 7314 7683 8083
f 4008 7763 8342
f 9952 9950 9954
f 4959 5289 5107
f 5289 4821 5107
f 4821 5171 5344
f 5107 4821 5344
f 5344 5171 4993
f 4774 5269 4815
f 5269 5128 5085
f 5128 5082 5085
f 5085 5082 5366
f 5263 1349 4958
f 5295 5337 5371
f 5371 5337 5395
f 202 4197 3881
f 5097 5151 5150
f 4713 4712 4693
f 8252 8427 8395
f 8244 8252 8395
f 5386 4863 4969
f 4766 4792 4765
f 4784 5088 5364
f 5051 4784 5364
f 5597 4951 4901
f 5050 5165 4894
f 5353 4865 5280
f 4783 4794 5352
f 6348 6272 4876
f 4882 5078 5267
f 7654 7655 7686
f 131 5198 5212
f 5187 4939 5314
f 5150 5177 5176
f 4764 4765 4791
f 9223 4705 4704
f 4704 4705 4731
f 4705 4776 4731
f 4845 4846 4871
f 5070 5097 5096
f 5096 5097 5150
f 4813 4833 4781
f 5273 5337 5295
f 4791 4818 4839
f 6466 6866 8451
f 7214 6730 6563
f 162 632 1911
f 8226 4684 5168
f 8327 8374 8373
f 8972 5289 4959
f 5171 5023 4993
f 4993 5023 4774
f 4771 5082 5128
f 5367 5366 5082
f 5367 5227 5366
f 5366 5227 5376
f 5227 4997 5260
f 5376 5227 5260
f 4997 5175 4800
f 5260 4997 4800
f 4887 4886 4861
f 9589 9620 9588
f 5235 5273 5272
f 6797 6580 7489
f 6929 8307 8353
f 4939 4855 5314
f 5018 5261 4723
f 5163 5018 4723
f 5330 364 1053
f 5508 5507 4804
f 5702 5029 3611
f 808 4875 5046
f 5165 4940 5213
f 8302 8429 7170
f 5218 5306 4890
f 5080 4700 4971
f 4971 4700 5017
f 9889 9967 9909
f 5218 4890 5359
f 5030 5267 4912
f 4876 5030 4912
f 5030 4882 5267
f 5385 5392 963
f 4939 37 4855
f 9223 4706 4705
f 4706 4754 4776
f 4705 4706 4776
f 4776 4754 4809
f 4754 4810 4809
f 4809 4810 4846
f 4846 4872 4871
f 4872 4924 4871
f 5294 5371 5370
f 5009 5636 4948
f 4813 4781 4759
f 4875 4854 5298
f 4788 4789 4817
f 5396 4830 4851
f 8026 8027 8110
f 4211 7219 8428
f 5379 5355 8343
f 7248 7279 6729
f 7682 8226 1678
f 6716 6466 8445
f 8400 701 8433
f 6244 5984 6241
f 8342 7763 7460
f 8079 9971 9902
f 4979 4972 4821
f 5289 4979 4821
f 4821 4972 5171
f 5171 4972 5023
f 5023 5084 4774
f 4774 5084 5269
f 5084 430 5269
f 5269 430 5128
f 5367 1121 5227
f 5227 1121 4997
f 161 7188 7873
f 640 5335 5368
f 5229 633 599
f 4884 4932 4883
f 5018 5248 5261
f 3197 964 1743
f 4963 4991 4990
f 4894 5165 5213
f 6272 5247 4876
f 4985 4876 5247
f 4985 5030 4876
f 1412 4920 1413
f 5233 5271 5293
f 1643 4001 3978
f 5271 5294 5293
f 4717 9745 4735
f 4740 3978 4001
f 4886 4934 4911
f 4855 4946 5386
f 9224 4687 9223
f 4687 4706 9223
f 4810 4847 4846
f 4846 4847 4872
f 4982 4948 4924
f 4982 5009 4948
f 4688 4708 7322
f 5346 4882 1823
f 6094 8254 8253
f 8148 8186 8185
f 9204 9240 9168
f 162 6363 4831
f 9872 9924 9883
f 7768 7847 7726
f 471 7800 5923
f 5289 4919 4979
f 4979 4835 4972
f 4972 5004 5023
f 5004 4986 5023
f 5023 4986 5084
f 4986 5281 5084
f 5084 5281 430
f 430 4771 5128
f 4772 5094 5082
f 4771 4772 5082
f 5082 5094 5367
f 5094 1121 5367
f 5326 4997 1121
f 5172 5175 4997
f 5326 5172 4997
f 5310 1068 998
f 8920 9025 8953
f 5192 7737 9889
f 5181 7681 7738
f 4440 5036 5278
f 5036 4943 5278
f 4943 5214 5127
f 5278 4943 5127
f 4998 5000 5127
f 5491 4976 5439
f 3477 4967 5003
f 5327 5331 5784
f 4940 5275 5213
f 8477 8497 8463
f 5297 5131 4862
f 5131 5247 5365
f 4908 4882 5030
f 4882 4908 1823
f 5245 4849 4995
f 9922 9875 7918
f 5206 5271 5233
f 7224 7225 7254
f 294 4988 264
f 4713 4759 4712
f 5508 4804 4805
f 4028 4908 3862
f 5115 5091 5146
f 7886 3490 7849
f 4687 4707 4706
f 4707 4732 4706
f 4732 4754 4706
f 4732 4777 4754
f 4754 4777 4810
f 4847 4873 4872
f 4873 4899 4872
f 4872 4899 4924
f 4924 4899 4982
f 9967 9832 9892
f 8147 8148 8185
f 8114 8113 8073
f 1850 7150 3047
f 4831 632 162
f 8345 682 1466
f 7885 7734 8225
f 7725 7756 5719
f 8102 8139 8063
f 5289 8972 4919
f 4835 5004 4972
f 8023 6017 5994
f 7275 7309 7308
f 9115 2912 9116
f 5214 4998 5127
f 4953 5491 5000
f 4953 4976 5491
f 4734 4862 5121
f 5297 4862 4734
f 5102 5131 5297
f 5083 5247 5131
f 5102 5083 5131
f 5083 4985 5247
f 5083 4966 4985
f 4966 5120 5030
f 4985 4966 5030
f 5030 5120 4908
f 6311 6676 3054
f 5200 5199 5173
f 4740 1252 5057
f 5057 5569 4740
f 5057 4893 5569
f 5565 5541 4852
f 4995 4849 4879
f 4991 5014 5039
f 4777 4829 4810
f 4829 5537 4847
f 4810 4829 4847
f 4847 5537 4873
f 4949 4982 4899
f 4925 4949 4899
f 4949 4983 4982
f 4983 5677 5009
f 4982 4983 5009
f 5009 5677 5676
f 9633 9599 9600
f 5347 4954 4980
f 7307 7308 7350
f 595 1849 5254
f 7734 5379 8225
f 7420 1821 7450
f 5883 471 5923
f 1880 1433 5256
f 8177 8211 8139
f 7583 4672 8120
f 5771 8120 9849
f 4890 4979 4919
f 4890 4835 4979
f 4835 5299 5004
f 4971 4986 5004
f 4971 5252 4986
f 4986 5252 5281
f 5252 5343 5281
f 5343 430 5281
f 430 4772 4771
f 4772 4783 5094
f 4783 5007 5094
f 5094 5007 1121
f 1121 5007 5326
f 5007 5047 5326
f 5047 5280 5172
f 5326 5047 5172
f 5325 5312 756
f 6589 8193 6638
f 7452 7566 6679
f 8429 8392 4978
f 5036 5011 4943
f 4802 5000 4998
f 4802 4953 5000
f 4795 4976 4953
f 4795 5210 4976
f 5210 5327 4976
f 5266 5121 5327
f 5210 5266 5327
f 5266 4734 5121
f 5052 5102 5297
f 4860 4885 4884
f 5057 5019 4893
f 5019 6132 4893
f 6132 5132 6086
f 5132 4938 6086
f 4767 4793 4792
f 324 5040 5070
f 4829 4777 4755
f 4873 4900 4899
f 4899 4900 4925
f 7697 3775 8192
f 9842 9987 9846
f 8429 7902 7170
f 8225 5379 5381
f 7532 5328 8346
f 1680 471 5883
f 9438 4890 4919
f 5306 5299 4835
f 4890 5306 4835
f 5299 4971 5004
f 5252 5348 5343
f 82 430 5343
f 5348 82 5343
f 4783 4772 430
f 82 4783 430
f 4783 5352 5007
f 3186 7027 7391
f 8429 8302 8392
f 5011 4892 4943
f 4892 5050 4943
f 5050 5214 4943
f 5050 4894 4998
f 5214 5050 4998
f 5213 4802 4998
f 4894 5213 4998
f 4802 4981 4953
f 4981 4795 4953
f 5292 4734 5266
f 5292 5297 4734
f 5292 5052 5297
f 5387 5102 5052
f 5102 5387 5083
f 5387 4913 5083
f 5083 4913 4966
f 4966 4913 5120
f 3862 4908 5120
f 5395 4851 5300
f 4736 4789 4788
f 4820 83 5870
f 5019 4897 6132
f 4897 5132 6132
f 5130 4938 5132
f 4820 908 4938
f 5130 4820 4938
f 5072 326 377
f 5296 5338 5274
f 4851 5046 5300
f 5421 4732 4707
f 4541 4052 5494
f 5336 5370 5369
f 7240 5475 6617
f 83 875 5870
f 9782 9319 4736
f 5813 6110 3048
f 4823 5813 3048
f 4925 4950 4949
f 4950 5028 4983
f 4949 4950 4983
f 4983 5028 5677
f 3862 5120 1472
f 3321 7503 7570
f 8230 5356 5355
f 5029 5702 5701
f 8381 8380 8334
f 3589 7170 7700
f 9976 9860 8003
f 5360 5359 9438
f 5359 4890 9438
f 5017 5252 4971
f 5017 5348 5252
f 5352 5353 5047
f 5007 5352 5047
f 5047 5353 5280
f 8697 8762 8724
f 7681 7354 8230
f 7902 7958 7170
f 5275 4802 5213
f 5275 4981 4802
f 4795 5183 5210
f 5183 5266 5210
f 3919 3888 6523
f 4746 5753 5807
f 4746 1418 5753
f 7736 8155 7929
f 3834 8037 6310
f 6468 6499 6478
f 4585 7084 5603
f 5665 6490 5620
f 6746 6896 6407
f 8833 8834 8866
f 6521 5944 6439
f 6441 6629 6501
f 6914 6537 6468
f 9877 8156 7560
f 8283 6679 5650
f 8283 8343 6679
f 9673 3140 1035
f 5472 5647 7997
f 6942 6990 5825
f 6941 7019 7018
f 7018 7019 7142
f 5855 6611 6585
f 6911 5629 6383
f 8037 3624 5867
f 5643 5662 5683
f 5642 5643 5683
f 6585 6942 5825
f 5927 5896 5931
f 5896 5979 5931
f 6494 7311 7247
f 3744 3195 8031
f 9617 9659 9616
f 6482 5945 6529
f 4200 6847 6542
f 3195 4630 6738
f 5662 5705 5683
f 6571 3276 1009
f 5448 6107 4004
f 5448 5449 6107
f 6107 5449 5927
f 5449 5470 5896
f 5927 5449 5896
f 5896 5470 5979
f 5979 3975 3744
f 3975 3765 3744
f 3765 4529 3195
f 3744 3765 3195
f 4529 4630 3195
f 5835 4004 5836
f 5835 5815 4004
f 5815 5448 4004
f 5470 6032 5979
f 5979 6032 3975
f 3765 5733 4529
f 1009 3276 6888
f 7256 7226 7227
f 6081 5449 5448
f 5815 6081 5448
f 6081 5419 5470
f 5449 6081 5470
f 5419 5838 5470
f 5470 5838 6032
f 6032 3765 3975
f 3765 904 5733
f 9925 9993 9911
f 5845 5835 4909
f 5845 5804 5835
f 5804 5815 5835
f 5838 5503 6032
f 5503 904 3765
f 6032 5503 3765
f 904 2769 5733
f 5733 2769 2140
f 6806 6460 6748
f 5728 870 5845
f 870 5897 5845
f 5897 5804 5845
f 5804 4221 5815
f 5815 4221 6081
f 4221 5419 6081
f 5419 253 5838
f 5838 253 5503
f 5503 5568 904
f 5159 2140 2769
f 3747 5804 5897
f 3747 6353 4221
f 5804 3747 4221
f 6353 6354 5419
f 4221 6353 5419
f 5419 6354 253
f 6354 5425 253
f 5425 5568 5503
f 253 5425 5503
f 5568 2769 904
f 2769 2525 5159
f 9868 9893 9950
f 5730 6085 3907
f 4597 3969 3904
f 9997 4398 5728
f 8459 8458 7598
f 6034 870 5728
f 870 5731 5897
f 5731 3747 5897
f 5585 2525 2769
f 5568 5585 2769
f 2525 5429 5159
f 6195 3747 5731
f 6195 6326 6353
f 3747 6195 6353
f 6326 3669 6353
f 6353 3669 6354
f 3669 5928 6354
f 5928 5754 5425
f 6354 5928 5425
f 5425 5754 5568
f 5568 5754 5585
f 4984 3611 5029
f 4912 6348 4876
f 5603 6774 6733
f 3746 870 6034
f 3746 5731 870
f 5566 6195 5731
f 6195 5586 6326
f 5567 659 5585
f 5754 5567 5585
f 5585 659 2525
f 659 4836 5429
f 2525 659 5429
f 6564 6584 6539
f 6748 6460 6896
f 6442 5603 6733
f 6031 3746 6034
f 5566 5731 3746
f 6326 5955 3669
f 5955 5869 5928
f 3669 5955 5928
f 5928 5869 5754
f 5567 5687 659
f 4110 3751 4448
f 6186 5848 5775
f 5680 3746 6031
f 5680 5566 3746
f 5566 3688 6195
f 6195 3688 5586
f 6326 5586 5955
f 5869 5601 5567
f 5754 5869 5567
f 5567 5601 5687
f 5687 5006 659
f 5599 5600 4929
f 7487 5628 6798
f 5952 6237 3878
f 6242 6031 3878
f 6237 6242 3878
f 6242 5680 6031
f 3688 5566 5680
f 3688 3716 5586
f 3716 6061 5586
f 5586 6061 5955
f 5955 5776 5869
f 5776 5601 5869
f 5550 7454 6580
f 6242 5756 3688
f 5680 6242 3688
f 5756 3716 3688
f 3716 4137 6061
f 6061 6162 5955
f 5955 6162 5776
f 5601 5954 5687
f 5951 6237 5952
f 5951 5841 6237
f 5841 6242 6237
f 5756 3467 3716
f 3716 3467 4137
f 4137 5622 6061
f 5622 6162 6061
f 6134 5777 5776
f 6162 6134 5776
f 5777 5954 5601
f 5776 5777 5601
f 4777 4732 4755
f 9909 9868 9875
f 5576 6193 6186
f 2723 2754 2792
f 4535 5134 5346
f 5710 6242 5841
f 5710 6011 5756
f 6242 5710 5756
f 5756 6011 3467
f 3467 5622 4137
f 5622 5648 6162
f 6162 5648 6134
f 3166 4038 3542
f 3167 3166 3542
f 7548 5735 7547
f 6011 5441 3467
f 5441 5712 3467
f 3467 5712 5622
f 5712 5602 5622
f 5622 5602 5648
f 5648 5980 6134
f 5980 5724 5777
f 6134 5980 5777
f 5777 5724 5954
f 5444 5423 4708
f 5565 5583 5539
f 6059 5951 6282
f 6059 5841 5951
f 5841 6059 5710
f 6011 1144 5441
f 5602 6108 5648
f 6108 5981 5980
f 5648 6108 5980
f 5980 5981 5724
f 5981 5953 5724
f 5724 5953 5954
f 6798 6659 5590
f 4597 3904 2806
f 5621 5894 5427
f 5466 5520 4778
f 791 4213 5231
f 6109 5710 6059
f 6109 1144 6011
f 5710 6109 6011
f 5441 5903 5712
f 5903 5602 5712
f 5582 5598 5563
f 6896 6460 6697
f 6384 6746 7115
f 7099 7100 6762
f 7122 3672 6037
f 3545 550 4022
f 5490 4779 5521
f 9635 3545 4022
f 9144 9145 1968
f 5623 471 7562
f 5228 5729 6274
f 6219 6059 6274
f 6219 6109 6059
f 6109 4303 1144
f 1144 5903 5441
f 5903 5446 5602
f 5446 6352 6108
f 5602 5446 6108
f 6352 5748 5981
f 6108 6352 5981
f 5981 5748 5953
f 5593 4948 5636
f 5485 5703 5925
f 6735 6719 6863
f 6471 7038 6595
f 7096 7140 7139
f 7098 7141 6669
f 5164 234 235
f 1941 4530 3526
f 4090 1941 3526
f 8829 8892 8858
f 5729 5450 6274
f 6063 5729 5228
f 5450 6219 6274
f 4303 6111 1144
f 6111 5440 5903
f 1144 6111 5903
f 5903 5440 5446
f 5426 5542 4627
f 1085 5458 5438
f 5458 5439 5438
f 3812 3839 3779
f 5576 5784 6193
f 6611 5855 6624
f 6658 3232 6286
f 107 1999 106
f 6875 5606 5605
f 6166 6469 6727
f 6848 6469 6166
f 6670 6778 6575
f 4624 4436 4583
f 5729 5844 5450
f 5450 6194 6219
f 5468 6109 6219
f 6194 5468 6219
f 6109 5468 4303
f 5440 3515 5446
f 3515 5185 6352
f 5446 3515 6352
f 6352 5185 5748
f 4961 1085 3608
f 5848 5837 6128
f 6644 6604 6120
f 6083 7051 3676
f 6627 4309 3676
f 6612 6534 6626
f 9601 9563 9483
f 8177 6248 8242
f 6248 6247 8242
f 6248 6287 6247
f 5521 4779 4780
f 6726 6559 5322
f 7136 7137 1118
f 4583 4090 3526
f 5844 6194 5450
f 5468 5711 4303
f 4303 5711 6111
f 6111 5782 5440
f 5440 6064 3515
f 6064 6191 3515
f 3515 6191 5185
f 7347 5036 4440
f 5424 5560 5751
f 252 6910 6428
f 5603 7084 6655
f 9914 9975 9920
f 7016 7097 7096
f 6655 7116 6822
f 9544 9543 9498
f 6973 7012 7094
f 1764 6253 6192
f 6936 375 6973
f 5991 6038 6012
f 8102 6112 6138
f 6196 8177 6138
f 6196 6248 8177
f 6315 8370 6287
f 6330 6360 8370
f 6315 6330 8370
f 6514 6895 6828
f 9353 4936 5729
f 5729 4936 5844
f 3473 5468 6194
f 5468 3473 5711
f 5711 6221 6111
f 6111 6221 5782
f 5782 6064 5440
f 6191 5619 5185
f 6780 6959 7037
f 7096 7097 7140
f 7094 7136 7135
f 6038 6088 6067
f 6067 6088 8102
f 8102 6088 6112
f 6139 6138 6112
f 6139 6196 6138
f 6249 6248 6196
f 6249 6287 6248
f 722 6360 6330
f 6315 722 6330
f 722 4146 6360
f 2236 5844 4936
f 2236 6194 5844
f 2236 3473 6194
f 6064 3748 6191
f 5701 5677 5028
f 6633 2804 864
f 6556 6644 6582
f 6471 6780 7038
f 5849 5873 5872
f 7824 5872 5873
f 7824 5873 5957
f 5958 6013 5991
f 5957 5958 5991
f 5991 6013 6038
f 6038 6039 6088
f 6039 6089 6088
f 6089 6113 6112
f 6088 6089 6112
f 6112 6113 6139
f 6113 6140 6139
f 6197 6196 6139
f 6140 6197 6139
f 6197 6249 6196
f 6316 6287 6249
f 6316 6315 6287
f 6361 722 6315
f 722 252 4146
f 8761 8759 8760
f 9437 5757 4936
f 5757 2236 4936
f 3473 6221 5711
f 6221 5755 5782
f 5782 5902 6064
f 6064 5902 3748
f 6582 6644 6708
f 5872 7648 5786
f 5786 5818 5849
f 5849 5850 5873
f 5850 5937 5873
f 5873 5937 5957
f 5957 5937 5958
f 6013 6039 6038
f 6250 6249 6197
f 6250 6316 6249
f 6316 6361 6315
f 3724 722 6361
f 3565 252 722
f 3724 3565 722
f 3565 3959 252
f 6160 6159 2531
f 5250 4944 5619
f 6084 2236 5757
f 5708 3473 2236
f 6084 5708 2236
f 3473 5708 6221
f 5782 5755 5902
f 3748 4921 6191
f 6191 4921 5619
f 5619 4921 5250
f 5438 5576 5428
f 6160 6185 6159
f 6185 4798 6159
f 6533 3719 5630
f 7648 7617 5786
f 7617 5787 5786
f 5786 5787 5818
f 5818 5850 5849
f 6068 6090 6089
f 6039 6068 6089
f 6089 6090 6113
f 6140 6169 6197
f 6251 6250 6197
f 6317 6316 6250
f 6251 6317 6250
f 6317 6362 6316
f 6362 6361 6316
f 6362 3724 6361
f 3542 5418 4477
f 2105 4148 826
f 794 2463 4316
f 5581 5644 5643
f 5231 4967 3477
f 6239 6084 5757
f 5708 6357 5755
f 6221 5708 5755
f 5902 5624 3748
f 3748 5624 4921
f 5644 5684 5662
f 4669 4436 4624
f 4152 2105 4151
f 6796 6788 6757
f 7547 5787 7617
f 7547 5735 5787
f 5874 5938 5937
f 5850 5874 5937
f 5938 5992 5958
f 5937 5938 5958
f 5958 5992 6013
f 5992 6014 6013
f 6014 6040 6039
f 6013 6014 6039
f 6039 6040 6068
f 6090 6114 6113
f 6113 6114 6140
f 6140 6114 6169
f 6169 6251 6197
f 2459 3724 6362
f 2084 3565 3724
f 2459 2084 3724
f 1253 3687 2456
f 2105 826 4151
f 5487 6084 6239
f 5986 5487 6239
f 5487 5708 6084
f 5646 5847 5755
f 6357 5646 5755
f 5755 5847 5902
f 5902 5847 5624
f 3745 3687 4432
f 3687 474 4432
f 4432 474 4669
f 2456 3687 3745
f 6332 3542 4477
f 7012 7058 7094
f 3719 6384 6915
f 5630 3719 6915
f 6551 6748 6746
f 6919 6945 6663
f 5735 5788 5787
f 5788 5819 5818
f 5787 5788 5818
f 5819 5874 5850
f 5818 5819 5850
f 5875 5906 5938
f 5874 5875 5938
f 5938 5906 5992
f 6068 6115 6090
f 6090 6115 6114
f 6115 6141 6114
f 6114 6141 6169
f 6331 6317 6251
f 6363 6362 6317
f 6331 6363 6317
f 6363 2459 6362
f 163 2084 2459
f 5361 5765 7250
f 7221 7766 4671
f 5486 5487 5986
f 5486 5781 5487
f 5487 5732 5708
f 5708 5732 6357
f 5847 5987 5624
f 5560 5427 5775
f 5848 3456 1246
f 5894 5428 5427
f 5837 1246 5892
f 4778 5489 4757
f 4038 3721 5402
f 3721 5560 5424
f 3167 6332 4148
f 3508 3812 3779
f 5770 6270 5769
f 5408 5430 7032
f 6384 7115 6763
f 5476 5475 5451
f 1354 488 1353
f 4936 9353 9437
f 5303 1253 6323
f 5582 5563 5564
f 5855 7010 6674
f 6435 6703 6365
f 7115 6435 6763
f 7516 5736 5735
f 5735 5736 5788
f 5906 5959 5992
f 5992 5959 6014
f 6040 6069 6068
f 6068 6069 6115
f 6141 6223 6169
f 6169 6223 6251
f 6223 6252 6251
f 6252 6331 6251
f 163 2459 6363
f 163 6363 162
f 7997 5647 5319
f 7148 8457 8456
f 8991 8992 9070
f 9259 1543 1571
f 6239 4586 5986
f 5487 5781 5732
f 5646 2645 5847
f 2645 5987 5847
f 5987 4864 5624
f 6078 9602 9398
f 5583 5600 5599
f 1488 5209 5390
f 6990 7074 6721
f 4621 6939 4578
f 6551 6888 6806
f 4440 3585 3508
f 9951 8258 9871
f 5398 5431 5408
f 5398 8480 8501
f 5431 5430 5408
f 5499 5525 5475
f 5476 5499 5475
f 5499 5526 5525
f 1348 5770 6066
f 6268 6323 6267
f 3426 3525 3503
f 7080 6707 6495
f 7548 7516 5735
f 7516 5667 5736
f 5736 5761 5788
f 5761 5789 5788
f 5789 5851 5819
f 5788 5789 5819
f 5819 5851 5874
f 5874 5851 5875
f 5875 5907 5906
f 5907 5939 5906
f 5906 5939 5959
f 5939 6015 5959
f 5959 6015 6014
f 6015 6041 6040
f 6014 6015 6040
f 6040 6041 6069
f 6069 6116 6115
f 6116 6142 6141
f 6115 6116 6141
f 6142 6223 6141
f 8439 6331 6252
f 6736 6886 6799
f 6662 3246 6997
f 5350 3426 3503
f 6130 4586 5956
f 5590 5571 6440
f 4586 5486 5986
f 5732 6329 6357
f 6357 6329 5646
f 5987 1176 4864
f 6272 5365 5247
f 5534 5365 6271
f 7110 6455 6908
f 6576 6598 6446
f 6656 6722 3252
f 1878 97 5800
f 6421 5694 6670
f 3456 5534 6271
f 3525 3930 3503
f 6551 6806 6748
f 5667 5715 5736
f 5715 5761 5736
f 5761 5762 5789
f 5851 5876 5875
f 5875 5876 5907
f 6041 6091 6069
f 6069 6091 6116
f 6091 6117 6116
f 6116 6117 6142
f 6198 6223 6142
f 6198 6224 6223
f 6223 6224 6252
f 6224 8410 6252
f 8410 5055 6318
f 6252 8410 8439
f 648 1044 2804
f 9952 9835 9936
f 7105 7047 7106
f 3371 6913 6826
f 6380 3371 6826
f 8332 8416 8331
f 5002 6854 7048
f 5758 5486 4586
f 5758 5781 5486
f 5781 5811 5732
f 5732 5811 6329
f 6329 2645 5646
f 3608 4193 3840
f 6763 6435 6365
f 6323 1253 6322
f 6784 6815 6747
f 5453 5431 5398
f 5452 5430 5431
f 5453 5452 5431
f 5452 5476 5430
f 5500 5499 5476
f 5452 5500 5476
f 5546 5526 5499
f 5500 5546 5499
f 5546 3995 5526
f 6268 6267 6235
f 5595 6215 6312
f 6236 6268 6235
f 6712 6578 6673
f 7486 5651 5667
f 5667 5690 5715
f 5715 5762 5761
f 5762 5790 5789
f 5790 5852 5851
f 5789 5790 5851
f 5851 5852 5876
f 5939 6016 6015
f 6016 6042 6041
f 6015 6016 6041
f 6041 6042 6091
f 6142 6143 6198
f 6198 6143 8284
f 8284 6224 6198
f 6224 8372 8410
f 7054 7132 7131
f 1540 6607 3759
f 8458 6790 7598
f 9276 9311 9238
f 6130 5758 4586
f 5758 5811 5781
f 6245 6285 6329
f 5811 6245 6329
f 6329 6285 2645
f 2645 5895 5987
f 5987 5895 1176
f 6540 6562 3813
f 7055 7056 7133
f 7141 6571 6613
f 6703 6752 6365
f 5965 6378 5964
f 5794 5944 6521
f 6236 6235 6212
f 4151 826 4185
f 5432 5453 8520
f 8520 5398 8501
f 5453 5477 5452
f 5501 5500 5452
f 5477 5501 5452
f 5547 5546 5500
f 5501 5547 5500
f 5626 7449 6403
f 6874 6403 5604
f 5626 5651 7449
f 5651 5690 5667
f 5690 5716 5715
f 5715 5716 5762
f 5852 5908 5876
f 5876 5908 5907
f 5908 5909 5939
f 5907 5908 5939
f 5909 5960 5939
f 5960 5993 6016
f 5939 5960 6016
f 5993 6042 6016
f 6042 6070 6091
f 6091 6070 6117
f 6117 6143 6142
f 6557 6609 6744
f 6823 6732 6166
f 8702 8799 8769
f 3136 5758 6130
f 3136 6217 5758
f 5758 6217 5811
f 5811 6217 6245
f 6285 5840 2645
f 2645 5840 5895
f 5895 42 1176
f 8118 5946 5966
f 5684 5705 5662
f 7136 6732 7135
f 6613 6571 1009
f 6703 6045 6752
f 8458 8457 7148
f 5432 5454 5453
f 5454 5477 5453
f 5547 5571 5546
f 5605 5626 6403
f 5652 5651 5626
f 5651 5652 5690
f 5690 5691 5716
f 5691 5737 5716
f 5737 5762 5716
f 5737 5820 5790
f 5762 5737 5790
f 5790 5820 5852
f 5820 5853 5852
f 5852 5853 5908
f 5853 5909 5908
f 6042 6043 6070
f 6043 6118 6070
f 6070 6118 6117
f 6117 6118 6143
f 8142 8179 6118
f 6254 4477 5407
f 4477 5418 5407
f 5407 5418 5543
f 8672 8702 8728
f 5558 5899 5956
f 9879 5558 5956
f 5956 5899 6130
f 5899 6133 6130
f 6133 3136 6130
f 6245 5842 6285
f 6285 5842 5840
f 5840 5866 5895
f 5895 5866 42
f 6428 4146 252
f 5478 5477 5454
f 5478 5501 5477
f 5548 5547 5501
f 5548 5571 5547
f 8928 8929 8956
f 5627 5626 5605
f 5606 5627 5605
f 5627 5652 5626
f 5652 5653 5690
f 5690 5653 5691
f 5691 5692 5737
f 5910 5961 5960
f 5909 5910 5960
f 5961 6017 5993
f 5960 5961 5993
f 5993 6017 6042
f 6042 6017 6043
f 6118 6043 8142
f 6407 3322 6435
f 6270 1603 5769
f 1603 6270 5003
f 6184 6212 6157
f 5749 5750 6066
f 9397 6105 6157
f 5733 2140 3859
f 5444 4709 4757
f 4193 5894 5621
f 6716 8444 6415
f 6133 6278 3136
f 6106 6217 3136
f 6278 6106 3136
f 6106 5842 6245
f 6217 6106 6245
f 6056 3474 3348
f 4478 15 3374
f 7034 6943 3662
f 590 5935 5734
f 5760 590 5734
f 590 6135 5935
f 5455 5432 5399
f 5455 5454 5432
f 5549 5501 5478
f 5549 5548 5501
f 3078 1926 3663
f 6659 5606 6875
f 5653 5652 5627
f 5653 5692 5691
f 5692 5738 5737
f 5737 5738 5820
f 5738 5791 5820
f 5820 5791 5853
f 5853 5910 5909
f 7072 7046 7245
f 5489 5518 5464
f 9864 9917 9929
f 5518 5538 5517
f 5563 5562 5538
f 5563 5581 5562
f 5558 5900 5899
f 5900 6133 5899
f 5842 5447 5840
f 5840 5447 5866
f 268 4963 296
f 9251 9220 3835
f 4190 6135 590
f 4190 6411 6135
f 5409 5455 5399
f 5479 5478 5454
f 5455 5479 5454
f 5478 5479 5549
f 6440 5548 5549
f 6440 5571 5548
f 8079 7684 8080
f 5607 5627 5606
f 5692 5717 5738
f 5791 5877 5853
f 5853 5877 5910
f 5961 5994 6017
f 5331 5121 4862
f 5519 5564 5538
f 8284 6143 8245
f 550 3508 4022
f 8951 9022 8950
f 5571 5590 6659
f 2914 5559 5558
f 5558 5559 5900
f 5900 6276 6133
f 6276 6328 6133
f 6328 6278 6133
f 6278 1877 6106
f 6106 1877 5842
f 5842 1877 5447
f 5447 4905 5866
f 4313 5686 4481
f 9483 6160 2531
f 8080 7684 9849
f 7138 6496 6615
f 5785 590 5760
f 5785 4190 590
f 9749 9785 9706
f 8386 5211 5460
f 9850 9908 9835
f 5668 5627 5607
f 6798 5607 6659
f 5668 5653 5627
f 5668 5717 5692
f 5653 5668 5692
f 5717 5739 5738
f 5739 5763 5738
f 5738 5763 5791
f 5763 5821 5791
f 5791 5821 5877
f 5877 5911 5910
f 5911 5994 5961
f 5910 5911 5961
f 6849 6848 6702
f 3109 3132 6393
f 6417 6466 6716
f 7351 8225 8224
f 6724 6670 6575
f 3399 3448 3614
f 6829 7238 7078
f 7699 7664 7633
f 3839 3608 3840
f 5420 5750 5749
f 5418 5420 5749
f 3401 9874 1226
f 6328 6009 6278
f 6278 6009 1877
f 1877 2953 5447
f 5447 2953 4905
f 5136 4741 1543
f 5598 5581 5563
f 7920 7997 5319
f 9943 9905 9990
f 5490 5520 5466
f 1348 5892 5770
f 4253 4254 4301
f 5433 5455 5409
f 5480 5479 5455
f 5433 5480 5455
f 5480 5527 5479
f 5527 5549 5479
f 6851 6440 5572
f 5628 5668 5607
f 5628 5669 5668
f 5668 5669 5717
f 5821 7826 5877
f 5877 7826 5911
f 3246 5826 6629
f 5413 6469 6848
f 110 431 7053
f 6524 6901 6934
f 6652 6400 5689
f 5515 5579 5514
f 5579 5561 5514
f 3372 3930 3525
f 4914 3372 3525
f 3372 1417 3930
f 4914 3185 3372
f 9543 9542 9497
f 9498 9543 9497
f 5559 6276 5900
f 6277 6328 6276
f 6009 3806 1877
f 3806 2953 1877
f 4749 4803 5415
f 2953 5839 4905
f 8426 6928 6929
f 664 97 1878
f 3721 5621 5560
f 4699 4151 4185
f 7621 8302 3589
f 7787 7827 7750
f 5934 5785 7524
f 4268 4190 5785
f 5934 4268 5785
f 5444 4708 4709
f 5410 5409 5400
f 5410 5433 5409
f 5527 5572 5549
f 5669 5718 5717
f 5717 5718 5739
f 5739 5764 5763
f 5764 5792 5763
f 5763 5792 5821
f 5821 5792 7826
f 6475 6477 7121
f 2044 5494 6476
f 5713 6489 6997
f 6759 6947 7107
f 6973 7094 7057
f 4022 3778 3448
f 5676 5636 5009
f 9248 9247 9214
f 4961 4907 1085
f 5515 5514 5488
f 6313 6283 6164
f 4148 3398 826
f 9839 4304 5559
f 4304 6277 6276
f 5559 4304 6276
f 6277 4068 6328
f 4068 6009 6328
f 6009 4587 3806
f 3806 5133 2953
f 2953 5133 5839
f 5172 9402 4869
f 5560 5775 5751
f 3448 3692 3614
f 4242 1227 1286
f 5596 6283 6313
f 4138 7524 6463
f 8034 6463 7524
f 4138 5934 7524
f 6282 5228 6274
f 5434 5433 5410
f 5481 5480 5433
f 5434 5481 5433
f 5481 5527 5480
f 5550 6580 5572
f 5550 5572 5527
f 6332 6254 3398
f 5669 5693 5718
f 7041 482 2493
f 5406 5855 6674
f 4136 6449 4199
f 5689 6400 6199
f 6828 6894 6428
f 6965 6950 3191
f 3440 3439 3390
f 8967 8966 8934
f 18 1430 6921
f 6085 5730 6035
f 5683 5061 5682
f 4403 6244 5780
f 7246 7247 7276
f 6164 5686 4313
f 4148 6332 3398
f 6254 6332 4477
f 8857 8890 8828
f 8455 7149 8456
f 9839 6309 4304
f 9213 9142 9247
f 6215 5596 6313
f 4110 5934 4138
f 7218 5434 5410
f 5551 5527 5481
f 5551 5550 5527
f 5418 5749 5543
f 5654 5669 5628
f 7487 5654 5628
f 5669 5654 5693
f 7552 7653 5654
f 5718 5740 5739
f 5739 5740 5764
f 5764 7719 5792
f 6919 6663 3813
f 5995 6717 5913
f 9023 9064 9022
f 6947 6832 6985
f 6172 6227 8340
f 9746 9662 9663
f 8961 9035 8960
f 7091 6784 6747
f 6085 6035 6006
f 6798 7488 7487
f 4258 3325 4070
f 6273 5613 5594
f 5893 5613 6273
f 9839 9931 6309
f 6309 6030 4304
f 4304 6030 6277
f 6277 6030 4068
f 6284 6009 4068
f 6009 6284 4587
f 4587 627 3806
f 3806 627 5133
f 5645 5010 5684
f 5543 5749 6057
f 5749 6066 6057
f 6057 6066 2575
f 9743 9744 4697
f 3403 4138 6451
f 6463 6451 4138
f 3403 4110 4138
f 3165 5361 5110
f 6424 5481 5434
f 6424 5502 5481
f 5502 5551 5481
f 9744 9743 9660
f 6066 5770 5769
f 2575 6066 5769
f 7653 5740 5693
f 7062 6571 7141
f 6858 7072 7244
f 8728 8702 8769
f 6758 6689 6547
f 6146 6121 6172
f 5324 6257 6335
f 6335 6371 4473
f 6371 4066 4473
f 6771 6392 6418
f 7355 3158 7425
f 6655 6822 6552
f 3254 6550 6461
f 4215 4433 4183
f 3584 3609 3239
f 4307 3609 3584
f 3239 3609 4474
f 4474 1926 3078
f 6030 3039 4068
f 4068 3039 6284
f 6284 5933 4587
f 5933 627 4587
f 5644 5645 5684
f 6837 6838 6923
f 5745 4439 4167
f 4439 6187 6036
f 6451 6450 4052
f 3751 4110 3403
f 2104 1221 190
f 337 4897 719
f 9459 9544 9498
f 6747 6815 2987
f 7024 5941 6170
f 4145 6394 5940
f 3232 6664 6286
f 9934 9993 9955
f 6327 4580 6590
f 6869 7006 5912
f 3920 6523 5191
f 6071 6482 8426
f 3920 5191 3949
f 6758 1078 6689
f 6093 6121 6146
f 8223 6093 6146
f 6172 6200 6227
f 6200 6258 6227
f 6227 6258 6257
f 6257 6258 6335
f 6371 9 4066
f 349 7635 4066
f 9 349 4066
f 7279 7313 5457
f 5603 5639 4585
f 7079 7080 6581
f 1180 4432 4035
f 4259 6309 9931
f 6309 6349 6030
f 6349 3039 6030
f 3039 5510 6284
f 6284 5510 5933
f 1524 1487 1488
f 8338 5277 8337
f 5643 5644 5662
f 5775 5848 6128
f 4906 3812 3508
f 4193 3690 3831
f 5751 5775 6128
f 4990 296 4963
f 4439 6036 4167
f 9397 6156 6127
f 6156 6155 6127
f 5494 6450 6462
f 6516 796 57
f 5494 4052 6450
f 5664 4628 1257
f 3542 4038 5402
f 5134 698 6281
f 5837 5848 1246
f 4013 1922 3944
f 9419 9459 9418
f 6322 6344 6304
f 4013 3944 910
f 5489 5464 5444
f 4757 5489 5444
f 1227 4242 4450
f 7036 5879 4623
f 552 7036 6981
f 4430 6941 6940
f 4623 5995 5913
f 6882 9872 254
f 1078 6870 6689
f 6071 8426 7104
f 6121 8299 6172
f 6172 8299 6200
f 6200 6228 6258
f 6228 6290 6258
f 6258 6290 6335
f 6290 6371 6335
f 6371 6372 9
f 3723 349 9
f 3723 7467 349
f 6920 5637 50
f 6101 6102 6126
f 5401 3492 4579
f 690 4583 3552
f 4035 685 690
f 5435 9718 5411
f 4222 910 5411
f 3338 8083 7924
f 7019 7063 7142
f 8457 8490 8489
f 4259 6349 6309
f 6349 6351 3039
f 5510 6165 5933
f 6165 5493 5933
f 5063 5684 5031
f 5424 5751 5750
f 5402 3721 5424
f 9374 9419 9373
f 6156 6211 6155
f 4541 4540 4052
f 4222 4013 910
f 1922 3814 3944
f 4976 5327 5784
f 6523 6535 4881
f 6625 8089 6949
f 3169 976 287
f 7142 7099 6571
f 6571 7099 3276
f 6489 7130 3159
f 6820 5796 6775
f 5656 5824 6421
f 6500 6724 6501
f 3191 6950 6430
f 8299 6201 6200
f 6200 6201 6228
f 6372 6371 6290
f 6372 192 9
f 192 3723 9
f 4306 7467 3723
f 2987 6891 6758
f 5413 3973 6364
f 3664 3559 3304
f 97 5773 5800
f 5541 5521 4781
f 5000 5491 4907
f 9885 9911 3151
f 5593 4898 4924
f 5185 5619 5778
f 4398 6031 6034
f 4259 3808 6349
f 5511 5510 3039
f 5511 6165 5510
f 4541 1041 4540
f 1229 4812 4947
f 5466 4710 4758
f 9687 768 9520
f 7380 5665 7923
f 5806 5620 6490
f 5620 5426 5665
f 5426 1608 5665
f 5666 5494 2044
f 5055 4816 6318
f 379 4627 500
f 4432 1180 4527
f 4179 6590 7102
f 6562 6577 6919
f 3276 6522 6888
f 6888 6522 6806
f 6967 6982 7026
f 1084 6742 7051
f 8455 8454 5854
f 6697 6683 6728
f 5796 5856 6861
f 6500 5656 6421
f 6562 6919 3813
f 6222 7066 7039
f 6147 6202 6201
f 6202 6229 6228
f 6201 6202 6228
f 6229 6291 6228
f 6291 6290 6228
f 6291 6292 6372
f 6290 6291 6372
f 6292 6373 6372
f 6372 6373 192
f 4255 3723 192
f 9947 9844 9984
f 3300 6645 6688
f 6994 6953 6457
f 6550 3371 6380
f 6210 6233 6232
f 6488 3322 6407
f 685 4669 4624
f 1911 5529 3054
f 1678 8226 5168
f 9951 5638 3808
f 6349 3808 6351
f 6351 983 3039
f 983 5926 5511
f 3039 983 5511
f 5511 5926 6165
f 5438 5894 4193
f 5894 5438 5428
f 4541 5666 849
f 4530 3197 3972
f 7253 7252 8657
f 4627 2044 1608
f 5426 4627 1608
f 5242 4905 5839
f 5010 5031 5684
f 3779 3831 3692
f 3805 5985 5988
f 7118 6736 6799
f 6577 6562 6949
f 6960 6441 6487
f 6663 6610 1803
f 5796 6783 5856
f 6019 6951 7101
f 4831 6331 8439
f 6683 6814 6531
f 7454 5550 5551
f 6783 6784 5856
f 5656 6456 5824
f 9126 9125 9064
f 6479 6388 5404
f 1801 9741 9742
f 6373 2507 192
f 2507 4255 192
f 4353 4306 3723
f 4255 4353 3723
f 4071 682 4306
f 4353 4071 4306
f 4071 7599 682
f 6513 7106 6696
f 6457 6953 6814
f 4422 4564 99
f 6649 6568 50
f 9968 9896 5228
f 7113 6533 5630
f 6630 5688 6531
f 6814 6630 6531
f 6630 6644 5688
f 5638 6129 3808
f 6129 6240 3808
f 3808 6240 6351
f 6351 6240 983
f 5926 6110 6165
f 6165 6110 5813
f 3456 5445 1246
f 5519 5518 5489
f 5497 4938 908
f 5809 5806 5932
f 5843 5620 5806
f 5542 5426 5620
f 5843 5542 5620
f 3508 3778 4022
f 5866 4905 5268
f 4432 4669 685
f 3663 3449 4354
f 3449 4024 4354
f 4354 4024 3996
f 6545 6610 7091
f 1803 6610 6545
f 6663 6654 6775
f 6654 6820 6775
f 71 9633 1817
f 5796 6861 6775
f 5719 5720 7725
f 7030 6889 6514
f 6630 6604 6644
f 4929 5600 5164
f 8118 6021 8153
f 9065 9126 9064
f 8152 8153 8253
f 7310 7311 6714
f 8254 6094 6123
f 6123 6148 6147
f 6148 6173 6147
f 6173 6203 6202
f 6147 6173 6202
f 6202 6203 6229
f 6291 6229 6292
f 6293 6374 6373
f 6292 6293 6373
f 6374 2507 6373
f 4256 4255 2507
f 4256 4395 4255
f 4395 4353 4255
f 3281 7599 4071
f 6814 6953 6986
f 3227 7593 3226
f 8890 8919 8889
f 6642 7069 6913
f 6477 6475 6639
f 4136 4088 6449
f 6996 6805 6773
f 6401 6667 6992
f 6827 6646 6082
f 7140 6533 7113
f 7068 6788 6796
f 6404 6583 6401
f 8984 8983 8919
f 6120 6604 8393
f 3537 6540 6537
f 6347 6129 5638
f 6240 5617 983
f 5617 5926 983
f 8388 6717 5995
f 5837 1348 6128
f 7352 5139 8077
f 5569 5416 4740
f 3807 5809 5932
f 5709 3807 6280
f 5978 5843 5806
f 5809 5978 5806
f 7151 6866 7167
f 5564 5563 5538
f 5157 5100 409
f 3840 4193 3831
f 5331 4862 5534
f 4213 6348 5231
f 6740 6827 6082
f 6420 6960 6487
f 3996 3559 3664
f 6903 6977 6976
f 5632 5671 7589
f 7589 5671 5720
f 5720 5767 7725
f 6662 5916 5826
f 6810 6739 6376
f 6364 6390 6289
f 6646 6497 1782
f 7039 6930 6967
f 7092 3536 1153
f 5966 6021 8118
f 6021 6074 8153
f 8153 6074 6094
f 6074 6095 6094
f 6094 6095 6123
f 6123 6095 6148
f 6203 6259 6229
f 6259 6293 6292
f 6229 6259 6292
f 6293 6336 6374
f 2775 2507 6374
f 6336 2775 6374
f 2775 4256 2507
f 4395 4435 4353
f 4435 4071 4353
f 4435 3281 4071
f 3281 4476 7599
f 4476 4219 4531
f 3306 4112 4531
f 4219 3306 4531
f 6485 6092 6137
f 6475 6860 6639
f 7250 5765 5741
f 5990 7029 6642
f 6860 6957 6639
f 6600 7007 7112
f 6906 6724 6575
f 6832 6794 6985
f 7130 6763 6365
f 6569 6568 3109
f 6395 6401 6992
f 7139 7140 7113
f 6082 6646 6530
f 7128 3524 7127
f 6583 6402 6401
f 6906 6575 6908
f 6129 6079 6240
f 6079 6080 6240
f 6240 6080 5617
f 4051 5926 5617
f 4051 6010 6110
f 5926 4051 6110
f 3466 9251 4152
f 6308 5809 3807
f 5709 6308 3807
f 875 5542 5843
f 6271 5365 6272
f 3839 3840 3779
f 9251 3835 4152
f 5542 875 500
f 6729 7279 5457
f 3304 6136 3664
f 5552 5530 5553
f 5553 5592 5552
f 5608 5633 5632
f 5632 5633 5671
f 5671 5695 5720
f 5720 5695 5767
f 6189 9855 9969
f 5917 5946 8030
f 6021 5997 6074
f 6173 6204 6203
f 6204 6260 6259
f 6203 6204 6259
f 6259 6260 6293
f 6260 6337 6293
f 6337 6336 6293
f 2775 3715 4256
f 4256 3715 4395
f 5504 4435 4395
f 5504 4036 4435
f 4036 3281 4435
f 3350 4476 3281
f 7092 7093 3300
f 6629 6441 6960
f 6734 6541 6725
f 6901 6900 6867
f 6524 6904 6734
f 6568 3132 3109
f 8856 8855 8827
f 6950 6479 6904
f 6565 6497 6646
f 6673 6578 6619
f 6226 6455 6868
f 6129 6347 7735
f 8856 8889 8855
f 6010 3048 6110
f 6520 5709 6280
f 5929 5709 6520
f 6163 5929 6520
f 5929 6308 5709
f 908 5809 6308
f 5870 5843 5978
f 5944 5656 6439
f 3835 3399 2105
f 4152 3835 2105
f 2105 3399 2234
f 9126 9155 9125
f 6486 5553 5530
f 9155 9193 9192
f 5633 5672 5671
f 5671 5672 5695
f 5695 5742 5767
f 8761 8760 8722
f 6611 6624 5878
f 5857 5881 5917
f 5917 5881 5946
f 5946 5967 5966
f 5967 5997 6021
f 5966 5967 6021
f 5997 6075 6074
f 6074 6075 6095
f 6095 6149 6148
f 6149 6174 6173
f 6148 6149 6173
f 6173 6174 6204
f 6204 6230 6260
f 6375 2775 6336
f 3715 4006 4395
f 4006 5504 4395
f 4625 4036 5504
f 3350 3281 4036
f 3388 4476 3350
f 3388 4219 4476
f 5167 4219 4072
f 3536 3300 6688
f 6913 7069 6480
f 111 58 7
f 9503 9502 9377
f 6825 4581 6474
f 6958 6657 7073
f 6663 6775 6610
f 6584 6779 7035
f 6562 6540 6046
f 7735 5284 6079
f 3465 6079 5284
f 5618 3465 5284
f 6079 3465 6080
f 6080 2532 5617
f 2532 5814 4051
f 5617 2532 4051
f 5814 6010 4051
f 5490 5521 5540
f 3477 791 5231
f 5497 6308 5929
f 5497 908 6308
f 391 7347 4440
f 2234 3166 3167
f 6933 6602 6611
f 5565 5539 5520
f 6611 6602 6587
f 5482 6749 5457
f 5505 6413 6749
f 5482 5505 6749
f 5531 6486 6413
f 5531 5553 6486
f 5573 5592 5553
f 5573 5608 5592
f 5573 5609 5608
f 5609 5633 5608
f 5672 5673 5695
f 5673 5742 5695
f 8723 8761 8722
f 6587 6623 6942
f 5967 5998 5997
f 5998 6022 5997
f 5997 6022 6075
f 6075 6096 6095
f 6095 6096 6149
f 6174 6205 6204
f 6204 6205 6230
f 6230 6294 6260
f 6260 6294 6337
f 6336 6337 6375
f 4050 2775 6375
f 4050 3715 2775
f 3704 5504 4006
f 1152 3350 4036
f 4625 1152 4036
f 1152 3388 3350
f 3329 4219 3388
f 3329 4072 4219
f 8436 5167 4072
f 6954 5823 6730
f 7020 7019 6979
f 6389 1084 5405
f 7488 6798 5590
f 6556 5688 6644
f 6625 6562 6046
f 3323 5618 8323
f 6161 3465 5618
f 2532 6080 3465
f 7794 5767 5768
f 5768 5742 5743
f 5784 5439 4976
f 5429 4836 3928
f 5846 6163 3512
f 2032 6310 8037
f 871 6467 5865
f 6403 7449 5604
f 6147 8299 8254
f 6942 6623 7074
f 9186 9224 9223
f 5482 5506 5505
f 6233 6300 6263
f 5554 5553 5531
f 8159 3686 3638
f 5554 5573 5553
f 5657 5633 5609
f 5633 5657 5672
f 5657 5673 5672
f 5768 5743 7453
f 5827 5858 5857
f 5857 5858 5881
f 5881 5918 5946
f 5946 5918 5967
f 6022 6047 6075
f 6047 6096 6075
f 6096 6150 6149
f 6150 6175 6174
f 6149 6150 6174
f 6174 6175 6205
f 6230 6231 6294
f 6294 6295 6337
f 6295 6338 6337
f 6337 6338 6375
f 4180 4050 6375
f 4050 4006 3715
f 3749 4625 5504
f 3704 3749 5504
f 59 3388 1152
f 59 3329 3388
f 9507 9549 9464
f 6545 6747 5989
f 2719 6484 7023
f 288 3849 2986
f 3775 6306 8192
f 6872 6725 6699
f 800 6935 6972
f 6965 6388 6479
f 9268 9228 9193
f 4217 5618 3323
f 4217 6161 5618
f 3776 2532 3465
f 6161 3776 3465
f 3776 5783 2532
f 5783 5814 2532
f 5783 2942 5814
f 2942 6010 5814
f 4108 3048 6010
f 2942 4108 6010
f 5954 5953 4159
f 3192 3690 4038
f 6131 6163 5846
f 6131 6065 6163
f 6065 5929 6163
f 6065 5497 5929
f 5327 5121 5331
f 5428 6186 5775
f 5415 5437 7280
f 7313 5482 5457
f 5483 5482 7313
f 5483 5506 5482
f 5681 5060 5059
f 4912 5231 6348
f 5574 5573 5554
f 5574 5610 5573
f 5610 5609 5573
f 5610 5657 5609
f 5657 5674 5673
f 5674 5696 5673
f 5696 5743 5742
f 5673 5696 5742
f 5827 9443 5858
f 5858 5882 5881
f 5881 5882 5918
f 5947 5968 5967
f 5918 5947 5967
f 5967 5968 5998
f 6023 6022 5998
f 5968 6023 5998
f 6022 6023 6047
f 6047 6076 6096
f 6076 6097 6096
f 6096 6097 6150
f 6205 6231 6230
f 6231 6295 6294
f 6338 4180 6375
f 3804 4050 4180
f 3804 2034 4050
f 3148 4006 4050
f 2034 3148 4050
f 3148 3704 4006
f 4396 4625 3749
f 4396 1152 4625
f 4396 59 1152
f 5589 3329 59
f 8428 4072 3329
f 5589 8428 3329
f 6826 4726 6448
f 7116 6826 6448
f 6983 6584 7035
f 6815 6891 2987
f 288 4532 3849
f 3849 4532 3775
f 3085 6306 3775
f 3085 5473 6306
f 5473 5472 6306
f 5473 5660 5472
f 6356 5647 5901
f 5660 5901 5647
f 3450 3323 6218
f 3691 4217 3323
f 3450 3691 3323
f 4032 6161 4217
f 4032 3776 6161
f 5664 4108 2942
f 5868 5331 5534
f 5684 5063 5705
f 5495 6131 5846
f 6186 6193 5868
f 6186 5868 5848
f 200 3751 4539
f 9808 5885 5862
f 5555 5554 5531
f 5555 5574 5554
f 5610 5658 5657
f 5657 5658 5674
f 5828 5859 5858
f 9407 9443 5827
f 5858 5859 5882
f 5882 5919 5918
f 5918 5919 5947
f 5947 5969 5968
f 6097 6151 6150
f 6150 6151 6175
f 6175 6206 6205
f 6205 6206 6231
f 6231 6296 6295
f 6296 6339 6338
f 6295 6296 6338
f 6339 6243 4180
f 6338 6339 4180
f 4180 6243 3804
f 4109 3148 2034
f 4109 3400 3148
f 3400 3704 3148
f 3810 3749 3704
f 3400 3810 3704
f 3810 4396 3749
f 2661 5589 59
f 2710 8428 5589
f 8528 8559 8578
f 2710 448 4211
f 4211 448 7419
f 7419 3586 3811
f 3586 3600 288
f 3811 3586 288
f 3600 3706 288
f 3706 4532 288
f 980 3775 4532
f 980 3085 3775
f 4041 6356 5901
f 5752 3450 6279
f 3450 6218 6356
f 6549 5637 6920
f 5752 3691 3450
f 4023 4032 4217
f 3446 3776 4032
f 5759 5783 3776
f 3446 5759 3776
f 5492 2942 5783
f 5759 5492 5783
f 5492 5664 2942
f 5570 5495 5460
f 5570 6131 5495
f 5540 5565 5520
f 4803 5437 5415
f 4440 3508 550
f 291 4820 5130
f 4803 5483 5437
f 4803 5484 5483
f 5484 5506 5483
f 6026 6100 6099
f 8508 8509 8528
f 5611 5610 5574
f 5611 5658 5610
f 5696 5721 5743
f 5743 5721 7453
f 8509 8508 8489
f 5882 5859 5919
f 5969 5999 5968
f 5999 6024 6023
f 5968 5999 6023
f 6023 6024 6047
f 6047 6024 6076
f 6097 6098 6151
f 6151 6176 6175
f 6175 6176 6206
f 6206 6207 6231
f 6207 6297 6231
f 6231 6297 6296
f 6243 4394 3804
f 4394 2034 3804
f 3619 3810 3400
f 4437 4396 3810
f 4437 59 4396
f 4437 2661 59
f 2710 866 448
f 866 6367 448
f 448 6367 7419
f 7419 6367 3586
f 4532 3706 980
f 5898 3085 980
f 3085 5474 5473
f 5474 5660 5473
f 5924 5901 5660
f 5474 5924 5660
f 5924 4041 5901
f 9983 3821 9999
f 3691 4023 4217
f 4023 6055 4032
f 6055 3446 4032
f 9642 9643 5862
f 8722 8721 8663
f 5570 4893 6131
f 4893 6132 6065
f 6131 4893 6065
f 6065 6132 6086
f 5418 5402 5420
f 4213 6272 6348
f 3778 3779 3692
f 200 4448 3751
f 5507 5506 5484
f 5533 5532 5506
f 5507 5533 5506
f 5556 5555 5532
f 5533 5556 5532
f 5575 5574 5555
f 5556 5575 5555
f 5575 5611 5574
f 6257 1767 6227
f 7751 7787 7750
f 5920 5969 5947
f 5919 5920 5947
f 6025 6077 6076
f 6024 6025 6076
f 6077 6098 6097
f 6076 6077 6097
f 6176 6207 6206
f 6297 6340 6296
f 6340 6339 6296
f 1256 6243 6339
f 6340 1256 6339
f 6243 1256 4394
f 4394 4033 2034
f 4033 4109 2034
f 3619 3400 4109
f 3619 4475 3810
f 4475 4437 3810
f 1033 2661 4437
f 4438 5589 2661
f 5589 4438 2710
f 2710 4438 866
f 4438 4257 866
f 866 4257 6367
f 6367 3292 3586
f 3292 2405 3600
f 3586 3292 3600
f 2405 3706 3600
f 3706 3374 980
f 3374 5898 980
f 5485 3085 5898
f 5485 5474 3085
f 5485 5925 5474
f 5925 5924 5474
f 85 4041 5924
f 5925 85 5924
f 85 5584 4041
f 5584 6279 4041
f 5584 5459 6279
f 5459 5752 6279
f 3516 3691 5752
f 5459 3516 5752
f 3516 4023 3691
f 4023 3516 6055
f 3474 3446 6055
f 6346 5759 3446
f 3474 6346 3446
f 6346 5492 5759
f 7904 7982 5994
f 6323 6322 6267
f 5416 5570 5460
f 5416 5569 5570
f 5570 5569 4893
f 5726 5705 5063
f 5490 5540 5520
f 1348 5837 5892
f 474 4923 4742
f 4803 4804 5484
f 4804 5507 5484
f 5575 5634 5611
f 5634 5675 5658
f 5611 5634 5658
f 5675 5674 5658
f 5697 5696 5674
f 5675 5697 5674
f 5696 5697 5721
f 7313 5437 5483
f 7518 7519 7552
f 7519 7553 7552
f 833 879 9361
f 5969 5970 5999
f 6000 6025 6024
f 5999 6000 6024
f 6098 6152 6151
f 6152 6177 6176
f 6151 6152 6176
f 6176 6177 6207
f 6207 6261 6297
f 6261 6298 6297
f 6298 6340 6297
f 1256 4431 4394
f 4394 4431 4033
f 4166 4109 4033
f 4528 3619 4109
f 4166 4528 4109
f 4528 3757 3619
f 4475 1033 4437
f 6319 2661 1033
f 6319 4438 2661
f 4438 3618 4257
f 4257 6355 6367
f 6355 3292 6367
f 3292 1451 2405
f 4192 3706 2405
f 3706 4192 3374
f 15 5898 3374
f 15 5485 5898
f 4631 5459 5584
f 4631 5725 5459
f 5725 3516 5459
f 3516 6214 6055
f 6214 3348 6055
f 3348 3474 6055
f 6062 6346 3474
f 6058 5492 6346
f 6062 6058 6346
f 6058 4628 5492
f 6930 8354 8355
f 6193 5331 5868
f 3839 4961 3608
f 9133 9236 9202
f 3912 3979 4628
f 5697 5722 5721
f 7654 7653 7552
f 5920 9763 5969
f 9763 9807 5970
f 5969 9763 5970
f 3036 5798 7146
f 6048 6099 6077
f 6025 6048 6077
f 6077 6099 6098
f 6098 6099 6152
f 6177 6208 6207
f 6207 6208 6261
f 3994 6340 6298
f 3994 1256 6340
f 1256 3994 4431
f 4431 4034 4033
f 4034 4166 4033
f 3757 4475 3619
f 1023 1033 4475
f 6319 3618 4438
f 3618 6355 4257
f 6355 1451 3292
f 1451 3561 2405
f 5571 6659 6875
f 4179 3507 5940
f 5940 6327 4179
f 4179 7102 4210
f 5822 6694 5995
f 6762 6853 6898
f 7049 6514 6821
f 6950 6934 6430
f 6629 6439 6500
f 1540 3881 6607
f 6504 5834 6505
f 3439 3440 6816
f 7103 6044 6982
f 6388 6850 5404
f 7059 7138 7137
f 3818 6656 6406
f 6928 5880 6927
f 6745 7122 6871
f 6616 6573 6620
f 6721 6865 6864
f 9834 9976 9895
f 5689 6474 4581
f 5631 5865 6502
f 6044 7039 7026
f 3490 6436 7849
f 6628 6576 6525
f 6394 6083 5940
f 6742 6627 7051
f 6394 7051 6083
f 6742 4582 6627
f 6864 6865 7048
f 7060 7016 7096
f 7036 4623 1644
f 3834 7495 3838
f 7148 8456 7149
f 9971 9914 9928
f 27 6921 3110
f 7103 6982 4102
f 7112 7007 6907
f 5823 8447 5793
f 6145 6905 4726
f 6471 6525 6780
f 6663 6945 6654
f 6987 5689 6876
f 6609 6560 552
f 2527 6737 8283
f 176 7128 1250
f 6170 5941 5879
f 3837 8037 3834
f 6440 6851 5590
f 6689 6391 7031
f 4670 6922 7732
f 6776 6994 6506
f 5913 7006 6869
f 667 6869 5912
f 3662 6932 3439
f 6816 3662 3439
f 9037 9036 8996
f 6852 6846 6932
f 7131 6645 3300
f 6471 6595 6444
f 9957 9956 9983
f 6044 7026 6982
f 4623 5913 6869
f 6951 6762 7100
f 6678 6699 6060
f 7454 7490 6580
f 7245 7244 7072
f 5942 6383 6381
f 6598 6917 6446
f 7134 7135 6692
f 7105 7106 6513
f 6916 6507 6502
f 7108 7049 6821
f 3050 8155 5867
f 7929 3050 3234
f 6826 6913 4726
f 6913 6480 4726
f 5916 6740 6521
f 7303 7286 7190
f 6917 6549 6856
f 6965 6534 6909
f 6755 6455 6226
f 6980 6988 7118
f 9889 7737 9967
f 6163 6520 3512
f 10000 5109 9866
f 7024 7109 5942
f 5964 5741 6596
f 7091 5856 6784
f 7102 6019 7064
f 4580 6687 6951
f 8471 8490 8457
f 5250 4974 4408
f 9825 3327 9785
f 3653 3652 6753
f 1677 57 796
f 1084 6658 6742
f 7103 6907 7007
f 7133 6621 6635
f 4697 1801 9743
f 6724 6421 6670
f 7037 6959 6879
f 5532 5555 5531
f 6897 6991 4375
f 4254 7102 7064
f 6742 6286 4582
f 6524 6950 6904
f 7012 7013 7058
f 6789 6981 7036
f 6037 124 6956
f 6427 6986 6953
f 6668 6768 7109
f 5637 6649 50
f 6950 6965 6479
f 7037 6879 6668
f 8857 8919 8890
f 6768 5914 5629
f 6936 6973 6972
f 6727 6469 6289
f 5405 1084 6394
f 5526 3995 6376
f 6405 7077 6409
f 6709 3527 3573
f 6862 6863 6782
f 5766 6389 5405
f 6956 124 27
f 6673 6619 6672
f 6628 6386 3232
f 6943 6397 3662
f 3662 6397 6932
f 6083 4580 6327
f 6650 6878 3950
f 6907 7103 4102
f 6546 6484 6695
f 5765 5361 3165
f 7272 6573 6606
f 7129 7128 176
f 6994 6345 6953
f 6385 6612 6626
f 6799 6222 7039
f 6658 6628 3232
f 3346 6668 6819
f 5322 8393 6726
f 7047 6796 6757
f 6952 6858 7244
f 6853 6777 6898
f 6667 5587 6992
f 7023 6484 6546
f 7022 7023 6546
f 6983 7079 6905
f 6819 7109 7024
f 6616 7007 6600
f 6590 4580 6951
f 6399 6712 6673
f 8304 6710 3742
f 5670 6817 6405
f 6817 7077 6405
f 5965 5964 6778
f 3346 6597 6560
f 6819 7024 6170
f 6670 5965 6778
f 5879 5941 5995
f 6597 6819 6170
f 6654 6720 6820
f 6444 6595 6594
f 6671 6686 7009
f 7022 6546 7009
f 6409 7023 7022
f 6288 6389 5766
f 7058 7059 7136
f 4580 6944 6687
f 7062 7142 6571
f 3676 6750 4580
f 6921 7073 3110
f 7014 7138 7059
f 6695 6484 6710
f 6455 7110 6868
f 6992 5945 6991
f 6393 6404 6395
f 6853 6776 6777
f 7558 7523 5632
f 7018 7142 7062
f 6402 6671 6667
f 6671 7009 7008
f 3346 6819 6597
f 7020 7100 7063
f 5587 7008 3207
f 6856 6920 6780
f 6686 7022 7009
f 6664 3232 4351
f 9373 9372 9332
f 3375 3254 6461
f 6992 5587 5945
f 5943 5631 6634
f 6634 5631 6507
f 5631 6502 6507
f 6648 3950 6568
f 6780 6920 6959
f 6808 6825 6225
f 6989 6991 6897
f 6664 4351 6400
f 6660 6992 6991
f 6400 4351 6444
f 6170 7036 552
f 5940 6083 6327
f 4199 6449 6847
f 5822 5942 6694
f 5660 5647 5472
f 6799 7039 6044
f 7101 7020 7021
f 3159 6662 6997
f 4585 5639 3524
f 7021 7020 4350
f 6976 7061 7016
f 7076 6418 6464
f 4182 6857 6226
f 3601 6709 3573
f 6709 6943 7034
f 6310 7495 3834
f 5943 6634 6691
f 6744 6609 6981
f 6583 6640 6402
f 7084 6498 6655
f 6818 6932 6397
f 6818 6852 6932
f 6752 5795 6751
f 6667 6671 7008
f 5164 293 4929
f 1418 7929 5753
f 6135 6454 5935
f 6691 4067 2421
f 5915 6410 7028
f 6449 6771 7076
f 6799 6886 6222
f 7066 7104 8353
f 6597 6170 552
f 6717 7006 5913
f 6720 6735 6863
f 7636 7705 3370
f 7052 7092 1153
f 6225 6474 6345
f 5689 6199 6876
f 7118 6970 6980
f 6825 6474 6225
f 6423 6454 6135
f 6449 7076 6447
f 6660 6395 6992
f 7113 5630 6918
f 6861 5856 7091
f 5945 5587 6529
f 6288 5469 6389
f 6750 6808 6944
f 6750 6825 6808
f 8906 8936 8875
f 3995 6810 6376
f 6694 5942 6653
f 3110 6817 5670
f 1224 3888 3064
f 6531 5688 6488
f 6659 5607 5606
f 4326 79 57
f 6495 6508 6955
f 6672 6619 6617
f 6772 3486 4088
f 7038 6560 6594
f 3359 3360 7067
f 6959 6569 6879
f 5469 6690 1084
f 6383 6946 6660
f 6879 6569 5914
f 5629 6946 6383
f 6847 6449 6447
f 5469 6698 6690
f 6649 6648 6568
f 6429 5915 6592
f 7118 6799 5797
f 6700 2527 6707
f 7104 8426 6929
f 6736 6897 6886
f 6875 6810 3995
f 6746 6407 7115
f 7009 6546 6809
f 7028 6405 6686
f 6629 5826 6439
f 6563 6619 6578
f 3177 9850 10002
f 7026 7039 6967
f 6453 7068 7105
f 7078 6417 6829
f 1044 864 2804
f 6982 6967 6968
f 6988 6736 7118
f 6827 2894 6646
f 3601 6753 6709
f 1312 6517 6543
f 6822 6448 3108
f 6592 6640 6583
f 5915 6640 6592
f 6640 6671 6402
f 5797 6044 7103
f 6944 6808 6776
f 649 6633 864
f 6839 3220 6801
f 7038 3346 6560
f 7138 6615 6702
f 6715 6397 6943
f 6658 6286 6742
f 228 9321 259
f 3549 6803 6802
f 6465 6547 7031
f 7013 4622 7014
f 6396 6119 6561
f 6785 6818 6397
f 6144 6876 3293
f 5605 6403 6874
f 6845 6852 6818
f 7663 6845 7662
f 6845 7663 6852
f 7067 3360 6788
f 3375 7084 4585
f 6648 6650 3950
f 6918 6574 3973
f 7101 6951 7100
f 6541 6599 6246
f 3375 6461 7084
f 6920 50 6959
f 6446 6856 6525
f 6576 6446 6525
f 6698 6576 6690
f 7081 6648 6649
f 6385 6472 5772
f 6616 6600 6606
f 3293 6744 6137
f 5797 6799 6044
f 6496 7139 7113
f 7384 8041 5734
f 6881 6396 6561
f 6605 6396 6881
f 9660 9659 9617
f 6656 3252 6406
f 8390 8391 6529
f 79 6503 57
f 6741 6666 7250
f 7077 6701 6409
f 7149 7210 7209
f 6956 6871 7122
f 9207 9206 9171
f 6956 27 6878
f 6871 6956 6650
f 6650 6956 6878
f 3200 2064 1995
f 6409 6701 7023
f 5591 7704 5772
f 5880 6841 6927
f 6879 5914 6768
f 6365 6752 6751
f 6768 6911 7109
f 7036 6170 5879
f 6959 50 6569
f 3109 6393 5914
f 401 7011 6971
f 6569 3109 5914
f 1608 7923 5665
f 3888 1224 6536
f 2035 3923 3951
f 6387 6419 3418
f 6547 6689 7031
f 5404 6605 6881
f 6965 6909 6388
f 7100 7099 7063
f 6513 6453 7105
f 6892 6475 7121
f 6744 6544 6137
f 6546 6695 6809
f 800 6972 401
f 6461 6380 6498
f 9891 9964 9960
f 2804 7119 3672
f 9958 9878 9874
f 6597 552 6560
f 7013 7059 7058
f 10002 9952 9939
f 4067 6288 5403
f 6386 6525 6471
f 6819 6668 7109
f 8506 8507 8526
f 9418 9498 9458
f 7092 487 7093
f 8838 8874 8811
f 6525 6856 6780
f 7038 7037 3346
f 6387 3419 7067
f 6761 7065 6753
f 7063 7099 7142
f 5825 6990 6984
f 6975 6976 7016
f 6549 6920 6856
f 6744 6981 6789
f 9853 9958 9978
f 9425 9424 9303
f 6381 6383 6989
f 3191 6430 6416
f 6878 6410 5915
f 6748 6896 6746
f 7065 6931 6709
f 5826 5916 6521
f 6753 7065 6709
f 5772 6472 5591
f 9333 9376 9300
f 7101 7100 7020
f 4067 6426 6288
f 7109 6911 5942
f 3291 3270 7629
f 5942 6911 6383
f 6503 6517 6516
f 6517 6526 6543
f 6588 4197 6543
f 6526 6588 6543
f 7122 6745 6824
f 6740 5794 6521
f 6989 6897 6988
f 6715 6943 6709
f 6931 6715 6709
f 6624 5855 5406
f 7097 6669 7140
f 7016 7061 7097
f 7096 7139 6496
f 401 6972 7011
f 4088 6392 6771
f 6957 7110 6877
f 6642 7029 7121
f 7029 6892 7121
f 6615 6849 6702
f 6020 6984 6945
f 6439 5656 6500
f 6380 6826 6498
f 3653 6753 3601
f 4052 3403 6451
f 6745 6871 7081
f 4088 3486 6392
f 7099 6898 3276
f 6786 6397 6715
f 6786 6785 6397
f 6495 6675 6508
f 4582 4581 4309
f 7849 6436 6873
f 5834 5461 6505
f 3276 6898 6522
f 8834 8896 8866
f 6607 3881 6588
f 5688 6556 6488
f 6812 6818 6785
f 6844 6845 6818
f 6413 5505 5531
f 6977 7017 7061
f 6624 5406 8035
f 6669 6831 6533
f 7015 6974 7060
f 4578 6974 7015
f 7014 7095 7138
f 6501 6724 6906
f 7011 6972 7056
f 6639 6957 6877
f 4375 6482 6071
f 7112 6907 3345
f 6498 6826 7116
f 7079 6707 7080
f 6940 6903 4524
f 5495 5846 7592
f 6812 6844 6818
f 6948 7662 6844
f 6844 7662 6845
f 6471 6444 4351
f 6522 6460 6806
f 6458 1644 6570
f 6779 5765 5996
f 6491 7902 7923
f 9155 9154 9125
f 3117 9885 3196
f 6503 6518 6517
f 6518 6527 6526
f 6517 6518 6526
f 6527 6566 6526
f 6526 6566 6588
f 6566 6608 6588
f 6608 6607 6588
f 6608 6636 6607
f 6636 3429 6607
f 6821 6514 6811
f 6735 6720 6984
f 6990 6735 6984
f 6817 7041 7077
f 7140 6669 6533
f 6533 6831 3719
f 6850 6468 6478
f 6119 6759 6561
f 6586 6501 6906
f 6833 7238 6712
f 6877 6596 6779
f 3050 5867 3624
f 6994 6457 6506
f 3375 1153 3254
f 3536 6550 3254
f 4309 4581 6825
f 6652 6664 6400
f 7105 6796 7047
f 1083 3850 3846
f 1467 401 6971
f 3512 7592 5846
f 3425 3445 6436
f 7013 7014 7059
f 6465 5989 6547
f 6972 6973 7057
f 7131 7093 7053
f 6144 3293 6092
f 6991 5945 4375
f 7094 7135 7134
f 7597 3878 4398
f 6503 6504 6518
f 9010 4728 8973
f 6892 6651 6475
f 6919 6020 6945
f 6626 6965 3191
f 11 7119 2804
f 6379 3813 1803
f 6914 6468 6850
f 6912 6947 6759
f 3197 3648 9435
f 7077 3572 6701
f 6609 552 6981
f 6602 6606 6600
f 6528 6596 6877
f 9929 9917 1226
f 6995 6910 252
f 6910 6828 6428
f 6532 6666 6741
f 6739 6399 6672
f 6697 6457 6683
f 9374 9373 9298
f 5824 6705 5694
f 6092 3293 6137
f 6576 6628 6690
f 9268 9267 9228
f 6505 6519 6518
f 6504 6505 6518
f 6518 6519 6527
f 6567 6566 6527
f 6519 6567 6527
f 6589 6608 6566
f 6567 6589 6566
f 6589 6637 6608
f 6608 6637 6636
f 6637 6665 6636
f 4210 3507 4179
f 8391 6482 6529
f 8761 8828 8759
f 6145 6643 6539
f 7526 7634 5817
f 6483 5413 6849
f 6912 6793 6947
f 6399 6408 6712
f 6688 5990 3371
f 7092 3300 3536
f 3959 3565 2084
f 6747 2987 5989
f 3719 6890 6384
f 3775 7697 3849
f 6734 6479 6541
f 6672 6399 6673
f 4145 4144 5766
f 6436 3445 6711
f 5414 6887 6842
f 6841 5414 6842
f 6755 6906 6455
f 6222 7104 7066
f 6970 5797 7007
f 6505 8228 6519
f 8228 6567 6519
f 3246 6662 5826
f 6655 6498 7116
f 6464 6513 6696
f 252 3959 6995
f 9418 9458 9372
f 6487 6586 6755
f 6586 6906 6755
f 6654 6984 6720
f 7024 5942 5822
f 7137 6702 1118
f 2561 5865 5943
f 6499 1803 5989
f 6688 4216 5990
f 7916 5979 3744
f 9858 9859 3217
f 6461 6550 6380
f 6810 6874 6739
f 6874 6399 6739
f 6420 6122 6289
f 6550 6688 3371
f 6829 6716 6415
f 5914 6393 6946
f 6610 6861 7091
f 6461 6498 7084
f 6669 6613 6831
f 6393 6395 6946
f 8664 8722 8663
f 8228 6505 5211
f 6390 6997 6459
f 6997 3246 6459
f 3246 6960 6459
f 6416 6385 3191
f 9926 9981 9948
f 6704 6770 6743
f 6743 6770 6769
f 6835 3033 6769
f 6770 6835 6769
f 6800 6883 7620
f 6431 6192 6253
f 6166 6727 6722
f 4182 6727 5982
f 6487 6755 6857
f 6767 4182 6226
f 6408 6833 6712
f 5604 6408 6399
f 4726 6855 6448
f 6702 6848 1118
f 6621 6692 5714
f 1418 4746 4352
f 7111 5793 7032
f 5467 6246 6807
f 6725 6246 5467
f 7729 6430 6934
f 7227 7197 3043
f 5624 4974 4921
f 9910 10000 3628
f 4718 4737 9823
f 6581 7080 5528
f 6994 6225 6345
f 6950 6524 6934
f 8664 8663 8640
f 6628 6525 6386
f 6595 7038 6594
f 6871 6650 6648
f 700 6704 6665
f 6704 700 6770
f 6770 6800 6835
f 6835 6800 7620
f 5591 6731 6705
f 5824 5591 6705
f 6692 7135 6823
f 6823 6166 6722
f 6722 6727 4182
f 6874 5604 6399
f 6902 6903 6976
f 6927 8263 6928
f 6468 6379 6499
f 1912 6676 2084
f 5451 5430 5476
f 5996 6593 2527
f 6539 6584 6983
f 6915 6384 6763
f 6596 5741 6779
f 7075 7076 6464
f 6797 5590 6851
f 5605 6874 6810
f 6246 6599 6807
f 6599 7107 7108
f 7107 6985 7049
f 6985 6794 7030
f 4837 109 88
f 6902 6976 6975
f 6335 4473 6334
f 6969 6715 6931
f 3676 4309 6750
f 6700 6707 7079
f 6672 5525 6376
f 3371 6642 6913
f 6563 7240 6619
f 1258 4812 1229
f 6072 6045 6703
f 5403 6288 5766
f 6072 6167 6045
f 3293 6557 6744
f 6167 7286 6045
f 6770 7919 6800
f 5944 5246 1679
f 6705 6731 6378
f 5694 6705 5965
f 6731 6532 6378
f 5694 5965 6670
f 6705 6378 5965
f 6418 6453 6513
f 6534 6914 6909
f 6741 7250 5741
f 5528 6495 6955
f 5320 6922 6614
f 5320 6681 6922
f 4726 6905 6855
f 6905 6581 6855
f 6530 6603 6082
f 6740 6082 6603
f 6824 6916 6502
f 6847 6447 6445
f 6700 7035 2527
f 6593 6737 2527
f 5741 5765 6779
f 4216 3818 7029
f 6524 6734 6872
f 6901 6524 6872
f 6807 6599 7108
f 6137 6544 6559
f 50 6568 6569
f 6467 6824 6502
f 2561 5943 2421
f 3336 6433 3360
f 6345 6987 6427
f 8800 8834 8833
f 7412 7198 7592
f 3375 4585 7128
f 6850 6478 6605
f 6542 6847 6445
f 6605 6478 6396
f 3764 9937 9862
f 9009 9686 9890
f 3132 6404 6393
f 6699 5467 6060
f 5467 6807 6422
f 6900 6901 6678
f 6678 6872 6699
f 6512 7731 6867
f 6901 6872 6678
f 5320 8421 6792
f 5279 42 5268
f 8402 8403 6832
f 6720 6862 6820
f 6613 6890 6831
f 7696 6804 6757
f 7035 6700 6983
f 7021 4350 4349
f 3639 3818 4216
f 3486 6481 6392
f 6872 6734 6725
f 7108 7107 7049
f 6985 7030 7049
f 4179 6327 6590
f 6866 6466 6417
f 2534 10002 9939
f 6590 6951 6019
f 6704 6743 9913
f 6478 6499 6465
f 6704 9913 6636
f 7068 7067 6788
f 6448 6855 6548
f 6816 3529 7034
f 6776 6506 6777
f 7034 3662 6816
f 6683 6457 6814
f 6986 6630 6814
f 6488 6556 3322
f 6390 5713 6997
f 8528 8539 8559
f 6883 6800 9986
f 7798 6962 6998
f 6060 5467 6422
f 6989 6660 6991
f 6422 6807 6811
f 5655 5320 6792
f 6432 5655 6792
f 5655 6681 5320
f 8760 8759 8721
f 5823 5793 7111
f 5650 2527 8283
f 6829 6415 7214
f 6390 6459 6420
f 6469 5413 6289
f 6390 6420 6289
f 5982 6487 6857
f 6523 4881 5191
f 6376 6739 6672
f 6540 3813 6379
f 6857 6755 6226
f 7627 700 6665
f 6544 6744 6789
f 3527 6709 7034
f 6436 3472 3425
f 6728 6488 6407
f 6604 6726 8393
f 6774 6655 6552
f 3339 7565 3317
f 3058 8500 3072
f 7919 9860 6800
f 9986 6836 6884
f 6698 6598 6576
f 7121 6477 7069
f 3371 5990 6642
f 6642 7121 7069
f 7493 4725 7879
f 4103 3253 7879
f 4725 4103 7879
f 4103 6795 3253
f 3253 6795 6792
f 6795 6432 6792
f 6370 5655 6432
f 6370 8430 5655
f 7410 8430 6756
f 7116 6448 6822
f 7035 5996 2527
f 7073 7041 6817
f 7011 7056 7055
f 2488 691 604
f 7181 6417 7237
f 6537 6379 6468
f 3850 1083 7003
f 6732 6823 7135
f 7141 6613 6669
f 5865 5631 5943
f 7064 6019 7101
f 6431 7050 6192
f 6280 8140 6520
f 3346 7037 6668
f 6693 5962 6497
f 6937 7013 7012
f 6896 6728 6407
f 6539 6983 6145
f 2421 5943 6691
f 667 5912 5878
f 1411 4920 1412
f 6836 6963 6962
f 6884 6836 6962
f 6933 5912 7272
f 6962 6963 6998
f 6643 6145 6480
f 6477 6643 6480
f 6477 6480 7069
f 3803 4103 4725
f 4103 6369 6795
f 7120 6370 6432
f 6087 8430 6370
f 6087 6756 8430
f 6591 3537 6431
f 2719 6701 3572
f 7737 1749 9967
f 7052 111 487
f 293 5164 235
f 7131 7132 6645
f 6514 6828 6811
f 6849 5413 6848
f 6450 8371 6462
f 3973 5413 6483
f 7128 4585 3524
f 3472 3534 3489
f 5734 7549 5760
f 6951 6687 6762
f 4923 3687 4952
f 6419 6387 6453
f 6807 6821 6811
f 8984 9024 8983
f 6611 5878 6933
f 3620 6837 6836
f 6836 6837 6963
f 6426 6698 5469
f 3803 6369 4103
f 6369 7120 6795
f 6795 7120 6432
f 5603 6655 6774
f 7041 3572 7077
f 6120 6558 6708
f 9498 9497 9458
f 5826 6521 6439
f 6811 6828 6910
f 6895 6894 6828
f 6793 6832 6947
f 6949 6562 6625
f 6557 6594 6609
f 6537 6540 6379
f 6690 6628 6658
f 5806 6490 5932
f 6906 6908 6455
f 6862 5796 6820
f 1009 6551 6890
f 6613 1009 6890
f 6587 6602 6623
f 6542 6641 4239
f 6386 6471 4351
f 3620 9916 9834
f 6837 6923 6963
f 6963 6923 6999
f 7085 7123 7042
f 6515 6073 7123
f 7085 6515 7123
f 6073 6515 3803
f 6515 3349 3803
f 3803 3349 6369
f 6369 6713 7120
f 6713 6647 7120
f 6647 7040 7120
f 7040 6370 7120
f 7040 6168 6370
f 6168 6087 6370
f 5028 5029 5701
f 6426 5469 6288
f 4302 7021 4349
f 5797 7103 7007
f 6749 6729 5457
f 6668 6879 6768
f 6548 6581 6434
f 6378 6741 5964
f 6437 6761 6641
f 6542 6437 6641
f 6808 6994 6776
f 6808 6225 6994
f 7091 6747 6545
f 7098 7062 7141
f 6623 7112 7074
f 3345 6721 7074
f 7065 4747 6931
f 6656 6823 6722
f 7130 6751 3159
f 8513 8473 8460
f 6960 3246 6629
f 8641 8640 8598
f 7025 6532 6416
f 6923 6964 6999
f 6999 7000 7042
f 7000 7085 7042
f 6369 3349 6713
f 7083 6168 7040
f 6492 7928 6756
f 6168 6756 6087
f 7518 5654 7487
f 871 5865 2561
f 6474 5689 6987
f 6286 6652 4582
f 7010 6577 6674
f 6422 6811 6910
f 6415 6954 6730
f 7214 6415 6730
f 1153 3536 3254
f 1919 3888 3919
f 6378 6532 6741
f 5824 5694 6421
f 7017 7018 7062
f 7112 3345 7074
f 4747 6969 6931
f 7024 5822 5941
f 3110 7073 6817
f 6481 3418 6419
f 6977 6978 7017
f 6721 3345 6865
f 5528 6955 6434
f 6946 6395 6660
f 7019 6941 6979
f 6532 7025 6666
f 6964 7000 6999
f 7086 7085 7000
f 7086 3703 6515
f 7085 7086 6515
f 6515 3703 3349
f 6333 551 6713
f 3349 6333 6713
f 5816 6647 6713
f 551 5816 6713
f 6754 7040 6647
f 5816 6754 6647
f 6754 7083 7040
f 7083 6492 6168
f 8409 5276 6492
f 6580 6797 6851
f 5466 4758 5490
f 5765 3165 5996
f 4102 5002 7048
f 3959 6060 6995
f 6995 6422 6910
f 6780 7037 7038
f 4578 7015 6938
f 3687 4923 474
f 6627 4582 4309
f 6652 5689 4581
f 4599 693 4598
f 6492 6756 6168
f 6489 6763 7130
f 6787 6786 6715
f 5989 2987 6547
f 6940 6978 6977
f 6903 6940 6977
f 6445 6447 6766
f 6145 6983 6905
f 6969 6787 6715
f 6782 6863 6719
f 6838 6924 6923
f 6923 6924 6964
f 3703 6781 3349
f 3349 6781 6333
f 6325 6492 7083
f 6325 8409 6492
f 6678 6060 3959
f 3252 6722 6767
f 6771 6418 7076
f 6778 5964 6596
f 6483 6918 3973
f 4578 6939 6974
f 6937 7012 6973
f 6918 6915 6574
f 6900 6678 6677
f 5605 6810 6875
f 6813 6785 6786
f 8458 8471 8457
f 6896 6697 6728
f 2987 6758 6547
f 4525 6903 6902
f 6978 7018 7017
f 6787 6813 6786
f 6687 6776 6853
f 6813 6812 6785
f 2565 3408 3259
f 6839 6925 6924
f 6925 7001 6964
f 6924 6925 6964
f 6964 7001 7000
f 7001 7043 7000
f 7043 7087 7086
f 7000 7043 7086
f 7087 4037 3703
f 7086 7087 3703
f 3703 4037 6781
f 6333 6359 551
f 6359 5816 551
f 6661 6754 5816
f 6966 6325 7083
f 6398 8409 6325
f 864 591 649
f 6677 6678 3959
f 6660 6989 6383
f 5075 410 378
f 6778 6596 6528
f 375 6937 6973
f 6621 5714 3639
f 5525 5526 6376
f 6843 6844 6812
f 6491 7923 1608
f 6404 6401 6395
f 5639 5603 6442
f 6971 7054 7053
f 6813 6843 6812
f 6844 6843 6948
f 6750 4309 6825
f 6404 6592 6583
f 5714 6656 3818
f 7011 7055 7054
f 6781 5963 6333
f 6333 5963 6359
f 6553 5816 6359
f 6553 6661 5816
f 6961 6754 6661
f 6961 7083 6754
f 6961 6966 7083
f 6018 6325 6966
f 6018 6398 6325
f 6900 6677 6899
f 6575 6778 6528
f 6892 6767 6651
f 6815 6684 701
f 6937 4668 7013
f 6594 6560 6609
f 3639 5714 3818
f 3362 3390 7699
f 8488 8487 8454
f 7019 7020 7063
f 7105 7068 6796
f 6479 5404 6541
f 6577 7010 6919
f 7073 6657 7041
f 6476 5494 6462
f 7592 8386 5495
f 8386 7592 7383
f 607 606 571
f 6699 6725 5467
f 6485 6137 6726
f 3132 6592 6404
f 6897 6736 6988
f 6840 6839 6801
f 6802 6840 6801
f 6840 6926 6925
f 6839 6840 6925
f 7002 7001 6925
f 6926 7002 6925
f 7002 7044 7043
f 7001 7002 7043
f 7043 7044 7087
f 7044 7124 7087
f 7124 5471 4037
f 7087 7124 4037
f 5471 5963 6781
f 4037 5471 6781
f 6993 6661 6553
f 6993 6961 6661
f 6632 6966 6961
f 5465 6018 6966
f 6632 5465 6966
f 6018 7927 6398
f 6900 6899 6512
f 6446 6917 6856
f 6908 6575 6528
f 7110 6908 6528
f 7029 6406 6892
f 8799 8800 8833
f 7078 6833 7341
f 6707 6675 6495
f 6574 6763 6489
f 7094 7058 7136
f 6645 4216 6688
f 4623 5879 5995
f 6667 7008 5587
f 7035 6779 5996
f 4393 4350 6979
f 3973 5713 6364
f 6606 6573 6616
f 57 1677 4333
f 6503 6516 57
f 6665 6704 6636
f 8082 5935 5904
f 5915 7028 6640
f 5795 6662 3159
f 6751 5795 3159
f 5795 5916 6662
f 7137 7138 6702
f 6788 3360 6757
f 6954 8443 5823
f 6120 6708 6644
f 6616 6970 7007
f 6686 6409 7022
f 6921 6958 7073
f 7023 6701 2719
f 6803 6840 6802
f 6803 6885 6840
f 6885 6926 6840
f 7124 3316 5471
f 6452 6359 5963
f 6452 7070 6553
f 6359 6452 6553
f 7070 6993 6553
f 5905 6961 6993
f 5905 6632 6961
f 6706 6018 5465
f 6722 4182 6767
f 6417 6716 6829
f 6914 6534 7050
f 6954 8444 8443
f 7237 6417 7078
f 1118 6166 6732
f 6909 6850 6388
f 6683 6531 6728
f 2167 9939 9954
f 6767 6226 6868
f 6531 6488 6728
f 6807 7108 6821
f 6410 5670 6405
f 6429 6878 5915
f 5865 6467 6502
f 6345 6427 6953
f 6651 6868 6860
f 3171 3867 4650
f 3259 3408 3967
f 7700 6462 8371
f 6827 6740 5916
f 5795 6827 5916
f 6453 6387 7068
f 6347 5638 8227
f 6437 6764 6761
f 6695 8350 6893
f 6429 6592 3132
f 7003 7002 6926
f 6885 7003 6926
f 7003 7004 7044
f 7002 7003 7044
f 3316 943 5471
f 943 6008 5963
f 5471 943 5963
f 5963 6008 6452
f 7082 6632 5905
f 7082 5465 6632
f 7927 6706 5817
f 6639 6877 6564
f 6767 6868 6651
f 6918 6483 6685
f 6122 5982 6727
f 6586 6441 6501
f 6289 6122 6727
f 6846 7699 3390
f 6847 4200 4199
f 6939 6975 6974
f 5650 6679 6675
f 6761 6764 7065
f 7065 6764 4747
f 4747 6696 6969
f 9990 9846 9987
f 6978 6941 7018
f 6286 6664 6652
f 7113 6918 6685
f 1084 7051 6394
f 7081 6871 6648
f 2488 604 1381
f 7129 7052 1153
f 6451 8371 6450
f 7051 6627 3676
f 6496 7113 6685
f 7136 1118 6732
f 6876 6199 6557
f 7566 6675 6679
f 3950 6429 3132
f 3807 8154 6280
f 6974 7016 7060
f 6885 3850 7003
f 7004 7088 7044
f 7044 7088 7124
f 7124 7088 3316
f 6008 6765 6452
f 6765 7070 6452
f 6425 6993 7070
f 6425 5905 6993
f 7082 6618 5465
f 6618 6706 5465
f 9259 1611 9526
f 7246 7046 6414
f 6711 6873 6436
f 6122 6487 5982
f 6707 5650 6675
f 4216 7029 5990
f 6976 6977 7061
f 6784 6684 6815
f 7106 6787 6969
f 106 1999 134
f 1118 6848 6166
f 2698 3732 2731
f 5854 7149 8455
f 1467 6971 431
f 6406 3252 6892
f 8043 3607 3583
f 6687 6853 6762
f 8605 8626 8625
f 8034 7188 6463
f 6463 7188 6451
f 7095 7096 6496
f 6083 3676 4580
f 6568 3950 3132
f 7004 7003 1083
f 4302 4254 7064
f 7004 7089 7088
f 7089 7125 7088
f 7088 7125 3316
f 3316 7125 943
f 6765 720 7070
f 720 6425 7070
f 6830 7082 5905
f 7117 6618 7082
f 6779 6584 6564
f 7132 6635 6645
f 1736 2536 3025
f 6441 6586 6487
f 6974 6975 7016
f 7015 7060 7095
f 7060 7096 7095
f 6199 6594 6557
f 9519 1778 9518
f 424 6037 3672
f 6413 6493 6749
f 6574 6489 5713
f 5405 6394 4145
f 6813 6804 6843
f 6511 6745 7081
f 4110 4317 5934
f 1392 7005 1083
f 7061 7017 7098
f 7099 6762 6898
f 6898 6777 6522
f 7093 7131 3300
f 5637 7081 6649
f 9543 9617 9542
f 8160 6827 5795
f 6777 6506 6460
f 5630 6915 6918
f 6633 649 3700
f 7125 4007 943
f 943 4007 6008
f 4007 7114 6765
f 6008 4007 6765
f 7114 720 6765
f 6473 6425 720
f 6171 5905 6425
f 6473 6171 6425
f 6171 6830 5905
f 7117 7082 6830
f 5891 6618 7117
f 5891 5817 6618
f 5891 8141 5817
f 6635 3639 4216
f 6947 6985 7107
f 5502 7349 7377
f 1803 6545 5989
f 7047 6757 6804
f 6522 6777 6460
f 6460 6506 6697
f 6697 6506 6457
f 6570 4623 6869
f 3099 9960 9964
f 7129 1153 3375
f 9933 3220 6838
f 4944 4275 5778
f 4254 4392 4301
f 6413 6486 6493
f 6986 6092 6485
f 6511 6549 6917
f 6392 6419 6418
f 6987 6144 6427
f 6536 6535 6523
f 6745 6511 6916
f 6549 6511 5637
f 6438 3981 6454
f 6060 6422 6995
f 7004 7005 7089
f 7089 7090 7125
f 7125 5544 4007
f 3612 720 7114
f 3612 6473 720
f 6510 5891 7117
f 6645 6635 4216
f 7132 7133 6635
f 6599 6561 7107
f 6561 6759 7107
f 6548 6855 6581
f 3950 6878 6429
f 6389 5469 1084
f 7061 7098 7097
f 5587 3207 6529
f 6485 6630 6986
f 6485 6604 6630
f 4350 7020 6979
f 4623 6570 1644
f 3680 3632 3652
f 6486 6494 6493
f 6494 7277 6493
f 5941 5822 5995
f 6643 6564 6539
f 6598 6507 6917
f 6507 6916 6917
f 5766 4144 5403
f 6899 6676 6311
f 8508 8528 8527
f 6020 5825 6984
f 6604 6485 6726
f 6944 6776 6687
f 6916 6511 6917
f 6199 6444 6594
f 7010 6020 6919
f 6831 6890 3719
f 6692 6823 6656
f 5544 6682 4007
f 6682 6443 4007
f 4007 6443 7114
f 6443 3612 7114
f 3567 6473 3612
f 3567 6834 6473
f 6834 7071 6171
f 6473 6834 6171
f 7071 6830 6171
f 7071 6680 6830
f 6680 7117 6830
f 6680 6510 7117
f 6877 6779 6564
f 7055 7133 7132
f 7049 7030 6514
f 6585 5825 6020
f 7010 6585 6020
f 6698 6634 6598
f 7064 7101 7021
f 4302 7064 7021
f 3537 6537 6431
f 6253 6591 6431
f 6486 5530 6494
f 3232 6386 4351
f 3973 6574 5713
f 6631 8711 7220
f 6538 7220 8711
f 4190 4268 4267
f 6822 3108 6552
f 6938 7015 7014
f 5855 6585 7010
f 6405 6409 6686
f 6410 6405 7028
f 6511 7081 5637
f 6459 6960 6420
f 4375 6071 6886
f 2527 5650 6707
f 6890 6746 6384
f 9883 9959 9984
f 7125 7090 5544
f 6443 6791 3612
f 6791 3567 3612
f 6509 6510 6680
f 6475 6651 6860
f 6868 7110 6957
f 3818 6406 7029
f 7054 7055 7132
f 6987 6876 6144
f 6541 5404 6599
f 6881 6561 6599
f 3108 6448 6548
f 6690 6658 1084
f 5629 5914 6946
f 4622 6938 7014
f 7097 7098 6669
f 6610 6775 6861
f 3108 6548 6434
f 2493 3572 7041
f 6542 6445 6437
f 6445 6766 6764
f 6437 6445 6764
f 6766 7075 6764
f 7311 6494 5530
f 3764 9997 5728
f 7075 6464 4747
f 6803 3171 4650
f 6435 3322 6703
f 6708 7190 6582
f 7080 6495 5528
f 7129 3375 7128
f 6581 5528 6434
f 8195 8231 6927
f 6602 6600 6623
f 6764 7075 4747
f 4375 5945 6482
f 6634 6507 6598
f 6876 6557 3293
f 6677 6676 6899
f 6897 4375 6886
f 6983 6700 7079
f 7045 1329 7126
f 7045 7126 7090
f 7126 6622 5544
f 7090 7126 5544
f 5544 6622 6682
f 6470 6834 3567
f 6791 6470 3567
f 6834 6382 7071
f 6382 6680 7071
f 6382 6718 6680
f 6718 6509 6680
f 6509 6324 6510
f 6860 6868 6957
f 6478 6465 6396
f 6392 6481 6419
f 5404 6881 6599
f 6192 6612 5772
f 9897 8158 9845
f 7014 7015 7095
f 6623 6600 7112
f 4747 6464 6696
f 7059 7137 7136
f 3345 6907 6865
f 6582 7190 6167
f 6714 7311 5530
f 9418 9372 9373
f 7246 6414 7220
f 7106 6969 6696
f 6135 6411 6423
f 6691 6634 6698
f 4580 6750 6944
f 6692 6656 5714
f 6907 4102 6865
f 5002 4102 8431
f 4067 6691 6426
f 6691 6698 6426
f 6886 6071 6222
f 7066 8353 6930
f 6824 6745 6916
f 9913 6743 6769
f 6863 6862 6720
f 5639 6682 6622
f 6442 6443 6682
f 5639 6442 6682
f 6442 6791 6443
f 6470 5936 6834
f 6834 5936 6382
f 6528 6877 7110
f 6400 6444 6199
f 6972 7057 7056
f 3198 2455 3668
f 6626 3191 6385
f 6582 6167 6072
f 6447 7076 7075
f 6556 6582 6072
f 6766 6447 7075
f 7047 6787 7106
f 6500 6421 6724
f 2167 9954 9899
f 5591 6472 6731
f 8459 8472 8458
f 4267 2157 6411
f 6411 6412 6423
f 6412 6438 6423
f 6423 6438 6454
f 4190 4267 6411
f 4182 5982 6857
f 7047 6813 6787
f 5403 4176 4143
f 6427 6092 6986
f 7057 7094 7134
f 6725 6541 6246
f 7104 6929 8353
f 6222 6071 7104
f 9227 9267 9297
f 3524 6622 7126
f 7127 3524 7126
f 6622 3524 5639
f 6733 6791 6442
f 6733 6774 6470
f 6791 6733 6470
f 6955 6718 6382
f 6955 6508 6718
f 6508 6509 6718
f 6508 7566 6509
f 6418 6513 6464
f 7057 7134 7133
f 7056 7057 7133
f 5404 6850 6605
f 6912 6996 6793
f 7095 6496 7138
f 6496 6685 6615
f 7115 6407 6435
f 6556 6072 3322
f 6971 7011 7054
f 7047 6804 6813
f 6867 7729 6934
f 6391 6759 6119
f 6391 6912 6759
f 7031 6391 6119
f 7046 8686 6414
f 3981 3949 5904
f 6905 7079 6581
f 6454 3981 5904
f 1184 2304 2161
f 6904 6479 6734
f 5944 1679 5656
f 6144 6092 6427
f 4143 4067 5403
f 5713 6390 6364
f 6345 6474 6987
f 7128 7127 1250
f 6689 6912 6391
f 6774 6552 6470
f 6470 6552 5936
f 6552 3108 5936
f 3108 6434 6382
f 5936 3108 6382
f 6434 6955 6382
f 6675 7566 6508
f 7134 6692 6621
f 7133 7134 6621
f 6465 7031 6119
f 6396 6465 6119
f 6615 6685 6849
f 6703 3322 6072
f 6890 6551 6746
f 6685 6483 6849
f 6933 6606 6602
f 6517 1312 6516
f 6915 6763 6574
f 7130 6365 6751
f 6940 6941 6978
f 6726 6137 6559
f 2421 4067 4101
f 6909 6914 6850
f 6882 7901 9872
f 7393 7394 8300
f 4677 5340 5301
f 4066 7635 4107
f 9459 9498 9418
f 8463 8497 8462
f 8040 7305 8036
f 9850 9969 9908
f 7568 3389 76
f 7199 7582 5802
f 6086 4938 5497
f 6065 6086 5497
f 7596 7599 8036
f 5461 5211 6505
f 5318 8087 5456
f 5225 7342 7961
f 7184 7838 7837
f 6052 8416 5256
f 8471 8491 8490
f 5095 7199 8087
f 5318 5095 8087
f 7199 5802 8087
f 8408 6073 4725
f 4603 4030 3218
f 5167 3306 4219
f 1610 8438 7213
f 5167 3041 3306
f 7837 7838 8341
f 7342 7965 7961
f 1610 7305 8438
f 5831 4107 3037
f 7184 7837 7431
f 8188 8187 8111
f 8070 8149 8111
f 8149 8188 8111
f 8417 8418 1771
f 8143 8144 8180
f 8352 5888 5169
f 7963 1610 7213
f 7961 7965 7281
f 9228 9267 9227
f 8188 8216 8187
f 1820 4677 8381
f 5888 5890 7304
f 1910 1610 7963
f 7805 8387 7841
f 5833 7805 7841
f 7805 7450 8387
f 6415 8444 6954
f 7869 7912 7834
f 8509 8539 8528
f 5301 4926 1769
f 4677 5301 8380
f 7223 7222 7194
f 8025 8108 8107
f 5169 5888 7304
f 7805 7182 7450
f 7182 7420 7450
f 7947 7562 7304
f 5549 5572 6440
f 7629 7696 6433
f 7882 7212 8423
f 7212 8386 7383
f 8423 7212 7383
f 6962 7962 5351
f 6866 8452 8451
f 7618 3046 7187
f 5076 1766 4857
f 3037 3046 7618
f 5890 7947 7304
f 6757 6433 7696
f 7629 7630 7696
f 9485 5828 9443
f 8407 6894 8406
f 7922 7798 7765
f 5340 5105 5801
f 7562 7947 5623
f 9267 9298 9297
f 7593 7630 7629
f 9064 9063 9022
f 8251 8296 8221
f 3037 4107 3046
f 1766 8348 7221
f 1767 126 5323
f 7593 7594 7630
f 6843 7696 7630
f 9548 9590 9547
f 3033 6835 7620
f 8082 5904 5191
f 7760 5276 8409
f 8192 7661 7697
f 8089 6497 5962
f 3227 7594 7593
f 6854 3695 6719
f 8281 8282 3337
f 3849 7697 7352
f 7922 7765 8123
f 7411 8064 6347
f 8419 1767 5323
f 7594 7631 7630
f 7630 7631 6948
f 6714 5552 7418
f 7381 7785 8281
f 7244 7245 7309
f 8919 8952 8889
f 1770 8419 5323
f 8243 5284 8064
f 5956 4586 9400
f 3184 7498 7497
f 7498 7527 7497
f 7497 7527 7594
f 7594 7595 7631
f 7418 5552 7491
f 7988 7950 7909
f 7316 7174 7172
f 4724 7316 7172
f 8891 8984 8919
f 8419 1770 8383
f 8064 5284 7735
f 3083 7355 3107
f 3158 7426 3184
f 3184 7426 7498
f 7594 7527 7595
f 6962 7798 7962
f 5417 1712 5378
f 7910 7951 7909
f 7802 7394 7174
f 7683 7901 7840
f 8340 8383 8297
f 6737 6601 5382
f 7355 7386 3158
f 7386 7426 3158
f 7498 7528 7527
f 7528 7595 7527
f 7632 7631 7595
f 7632 7663 7662
f 7631 7632 7662
f 9065 9127 9126
f 7800 1781 5923
f 7151 8453 8452
f 6146 8297 8222
f 8223 6146 8222
f 5857 7996 7915
f 4112 5142 560
f 8118 8152 8117
f 5654 7653 5693
f 7355 3084 7386
f 7426 7499 7498
f 7499 7529 7528
f 7498 7499 7528
f 1849 5436 7180
f 3053 1849 7180
f 6491 7958 7902
f 3859 3858 4630
f 7217 8064 7411
f 127 76 1713
f 7882 8423 7257
f 7450 1821 5832
f 7586 7656 7623
f 8113 8150 8112
f 8256 7385 8121
f 7374 8252 7147
f 8828 8890 8856
f 7386 7427 7426
f 7426 7427 7499
f 7529 7563 7528
f 7563 7595 7528
f 7563 7632 7595
f 7632 7664 7663
f 8890 8889 8856
f 3235 9998 9940
f 8075 8074 7996
f 4926 5801 5949
f 8107 8108 8146
f 8111 8187 8148
f 3389 7568 7184
f 2635 6657 3548
f 8255 8427 8252
f 7953 7990 7952
f 7797 7957 5380
f 9893 9946 9950
f 4724 1796 5193
f 6492 5276 7928
f 2986 8086 3811
f 3084 7387 7386
f 7386 7387 7427
f 7427 7500 7499
f 7499 7500 7529
f 7563 7664 7632
f 5917 8075 7996
f 9869 3429 9913
f 5656 1679 6456
f 7765 6998 7042
f 1417 1743 3930
f 8663 8721 8696
f 6782 5796 6862
f 7151 8452 6866
f 8445 6466 8451
f 758 981 2911
f 8453 5854 8454
f 5380 7957 7410
f 5854 8453 7151
f 8783 8711 8747
f 5793 8447 8446
f 5904 5935 6454
f 6224 8284 8372
f 3084 7317 7387
f 7427 7428 7500
f 7428 7530 7500
f 7500 7530 7529
f 7564 7563 7529
f 7530 7564 7529
f 7563 7564 7664
f 7699 6846 7664
f 7999 2985 7492
f 8146 8184 8183
f 7559 7999 7492
f 3253 8421 6760
f 8083 8039 5342
f 5285 7999 8042
f 4671 7551 7460
f 7957 5397 7410
f 6572 6603 6530
f 5857 7915 7872
f 7195 7223 8840
f 4112 560 8040
f 5166 7619 40
f 1860 4008 8342
f 7460 7619 5166
f 8342 7460 5166
f 7848 3041 5167
f 7848 5833 3041
f 5962 5406 6674
f 7317 7318 7387
f 7318 7356 7387
f 7356 7428 7427
f 7387 7356 7427
f 7564 7633 7664
f 6738 8031 3195
f 7999 4008 1860
f 2985 7999 1860
f 8115 8114 8074
f 7683 7840 7762
f 7683 7762 8039
f 8083 7683 8039
f 1908 5342 7998
f 1908 7998 1781
f 7800 1908 1781
f 8640 8663 8639
f 1680 7562 471
f 8289 8332 8331
f 7195 7280 7249
f 7223 7195 7249
f 7424 7804 7421
f 7559 7492 7569
f 7582 7559 7569
f 7283 7318 7317
f 7356 7388 7428
f 7428 7464 7530
f 7464 7531 7530
f 7531 7565 7564
f 7530 7531 7564
f 7565 7633 7564
f 1795 5076 7420
f 8115 8191 8151
f 8115 8151 8114
f 1849 3053 5254
f 7394 7802 8300
f 7421 7802 7174
f 7802 8301 8300
f 8301 5194 7270
f 6922 6681 7192
f 7726 7732 7192
f 5194 8306 7282
f 7804 8306 5194
f 7998 4930 8408
f 7183 7424 7180
f 7802 7804 5194
f 5436 7183 7180
f 7804 7802 7421
f 7424 7421 7180
f 8191 8221 8151
f 8191 8251 8221
f 5076 1795 1766
f 7786 7826 5792
f 7283 7319 7318
f 7319 7357 7356
f 7318 7319 7356
f 7356 7357 7388
f 7428 7388 7464
f 1766 1795 8348
f 8348 631 7766
f 7221 8348 7766
f 7869 7834 7794
f 8122 7413 7660
f 8442 5378 8441
f 7951 7988 7909
f 7910 7909 7866
f 1910 8001 1610
f 8377 8415 6053
f 6052 6053 8415
f 8307 6929 8263
f 8866 8896 8928
f 7239 7214 6563
f 7998 8408 7493
f 8039 7922 4930
f 8039 7962 7922
f 8039 7762 7962
f 7762 5351 7962
f 8382 1768 8339
f 7342 1910 7963
f 4797 1910 7342
f 7766 631 5861
f 3317 3340 3339
f 7388 7429 7464
f 7429 7501 7464
f 7501 3271 7531
f 7464 7501 7531
f 3294 7565 7531
f 3271 3294 7531
f 5559 2914 9839
f 8420 7799 7215
f 7799 5456 7215
f 7213 8438 8420
f 8438 7799 8420
f 8218 8336 8293
f 4682 8121 5864
f 8246 8327 8285
f 7762 7926 5351
f 8086 7839 7561
f 6614 6922 4670
f 7310 6714 7418
f 7796 7797 5380
f 8298 5283 7796
f 5283 7797 7796
f 8300 5283 8298
f 7988 8108 8025
f 7393 8300 8298
f 7172 7394 7393
f 7171 7172 7393
f 1796 7172 7171
f 8380 8379 8333
f 8334 8380 8333
f 7926 6883 5351
f 8218 8217 8189
f 75 76 127
f 8344 1910 4797
f 631 1765 5861
f 5861 1765 8243
f 7252 7284 7283
f 7283 7284 7319
f 7284 7389 7357
f 7319 7284 7357
f 7357 7389 7388
f 7388 7389 7429
f 8507 8508 8527
f 8382 1770 1768
f 1768 1770 3610
f 7926 7620 6883
f 8336 8335 8293
f 5935 7876 5734
f 3036 1914 5798
f 5193 1796 1879
f 8184 8215 8248
f 3337 8282 7191
f 7164 7392 7381
f 7286 8160 6045
f 5285 7221 4683
f 6538 7222 7278
f 5798 7147 7146
f 7757 7793 7756
f 7725 7757 7756
f 7868 7911 7793
f 7757 7868 7793
f 8334 8333 8291
f 8218 8293 8217
f 76 7618 7568
f 1765 8323 8243
f 8124 8195 6842
f 8243 8323 5284
f 9860 7919 8003
f 7252 7253 7284
f 7253 7320 7284
f 7284 7320 7389
f 7389 7430 7429
f 7430 7465 7429
f 7465 7501 7429
f 7465 3271 7501
f 2986 3811 288
f 7688 7720 7788
f 7838 7845 8341
f 8341 4797 5225
f 5328 4746 7590
f 4448 2015 794
f 8380 1769 8379
f 8424 8425 8158
f 7379 7378 7150
f 8026 8110 8109
f 8109 8110 8147
f 7392 7785 7381
f 8665 8724 8664
f 7785 8282 8281
f 8378 8332 8290
f 8378 1909 8332
f 8215 8291 8290
f 8435 6805 6996
f 7845 8344 4797
f 7463 8344 7845
f 7320 7390 7389
f 7389 7390 7430
f 7465 3247 3271
f 7618 7187 7185
f 5225 4797 7342
f 7993 7992 7955
f 9192 9228 9227
f 8110 8069 8148
f 8185 8291 8215
f 8327 8328 8374
f 8248 8215 8290
f 8185 8215 8184
f 7161 7164 7163
f 7164 7381 7163
f 8304 8350 6710
f 2015 229 794
f 7321 7391 7027
f 8281 3337 5889
f 7381 8281 8262
f 8262 8281 5889
f 1913 7161 7163
f 3337 7759 7728
f 7759 8409 6398
f 8108 8026 8109
f 8290 8291 8333
f 8249 8334 8291
f 8333 8379 8378
f 8249 8291 8186
f 7568 7185 7184
f 7185 7463 7845
f 5324 6334 126
f 8327 8326 8285
f 5284 8323 5618
f 7466 7465 7430
f 7466 3247 7465
f 5323 126 75
f 5831 3037 75
f 7870 7955 7914
f 5076 4857 8042
f 700 7919 6770
f 7764 5889 5887
f 9230 9300 9194
f 7659 7692 7626
f 7163 7381 7379
f 8508 8507 8488
f 3250 3251 3275
f 3199 3279 3351
f 7728 7759 6398
f 1913 7163 7152
f 7988 8026 8108
f 7989 8026 7988
f 8072 8112 8071
f 8031 6310 7916
f 7187 7463 7185
f 7184 7185 7838
f 3037 7618 75
f 126 5831 75
f 8657 7224 7253
f 7253 7254 7320
f 7390 7027 7430
f 7430 7027 7466
f 6043 8104 8142
f 7555 7586 7554
f 8395 8427 1711
f 7152 7163 7379
f 7379 7381 8262
f 5414 8304 8194
f 8304 8351 8350
f 8351 8389 6893
f 8350 8351 6893
f 6893 8389 3457
f 5140 7562 1680
f 8028 8069 8027
f 8260 7314 3338
f 5142 5318 5456
f 8378 8379 1909
f 7951 7989 7988
f 7992 8072 8071
f 8031 7495 6310
f 7185 7845 7838
f 5323 3610 1770
f 7224 7254 7253
f 7254 7321 7320
f 7320 7321 7390
f 7466 7027 3186
f 7390 7321 7027
f 6490 5665 7380
f 7281 8420 7964
f 5785 5760 8076
f 7953 7911 7868
f 8427 8141 1711
f 7884 7496 7413
f 560 5142 5456
f 7799 560 5456
f 7243 5434 7218
f 8304 8305 8351
f 8351 8390 8389
f 7009 3457 7008
f 7862 7863 7949
f 8288 8287 8214
f 8107 8145 8106
f 7908 7907 7831
f 9066 9128 9090
f 597 5950 5255
f 7189 7467 7861
f 8379 1769 1909
f 7756 7793 7724
f 7912 7953 7868
f 7835 7794 7795
f 7964 8420 8352
f 8420 7215 5888
f 2925 1894 4603
f 5784 5331 6193
f 7255 7285 7321
f 7254 7255 7321
f 7285 7391 7321
f 6093 8253 6121
f 5301 1769 8380
f 7872 5827 5857
f 5170 6579 6693
f 8374 8412 8373
f 8107 8106 8068
f 7950 7987 7907
f 5325 5265 4960
f 8159 6887 3686
f 7661 7842 7843
f 3207 3457 8389
f 4909 3764 5728
f 7723 7722 7690
f 7691 7690 7658
f 7521 7624 7556
f 7691 7723 7690
f 7723 7754 7722
f 7791 7832 7754
f 7865 7831 7790
f 7756 7724 7693
f 5719 7756 7693
f 1769 597 1909
f 7912 7868 7834
f 7246 7220 7247
f 7880 7306 7458
f 8352 8420 5888
f 9922 9909 9875
f 4028 1823 4908
f 8391 5880 6928
f 8382 8383 1770
f 5888 7215 5890
f 1748 4150 5886
f 5313 7304 5140
f 5241 595 5108
f 7878 7880 7458
f 8042 4857 5285
f 7865 7908 7831
f 7046 7246 7245
f 8090 8124 8159
f 3638 8090 8159
f 8124 6842 8159
f 7450 5095 8387
f 8305 5880 8351
f 5880 8391 8390
f 8351 5880 8390
f 6462 7958 6476
f 7377 7415 7455
f 7954 7953 7912
f 7913 7954 7912
f 6424 7307 7349
f 7288 7959 7282
f 7832 7865 7790
f 7831 7907 7864
f 7502 7343 7173
f 7832 7790 7754
f 8416 6052 8415
f 471 1678 8349
f 7793 7792 7724
f 5767 7834 7757
f 8383 8382 8297
f 7993 8072 7992
f 7285 7358 7391
f 8113 8112 8072
f 5211 5461 5460
f 8069 8110 8027
f 7911 7910 7867
f 1433 1913 1850
f 5257 5256 1433
f 7908 7950 7907
f 3362 7699 7633
f 9927 3495 3823
f 9862 9830 3764
f 7425 3131 7355
f 5417 6053 5354
f 8414 6053 5417
f 5354 5257 1793
f 5257 3047 1793
f 7791 7754 7723
f 7755 7791 7723
f 7502 4928 7343
f 8331 8416 8415
f 7589 5719 7659
f 7186 7171 7392
f 5797 6970 7118
f 5802 5623 7947
f 8223 8191 8115
f 8116 8223 8115
f 7226 7256 7255
f 7225 7226 7255
f 7256 3086 7285
f 7255 7256 7285
f 3086 7358 7285
f 7032 5451 7111
f 8223 8222 8191
f 3251 3212 7395
f 6577 6949 6674
f 7793 7867 7792
f 8219 8250 8218
f 8294 8336 8218
f 5720 5719 7589
f 7488 6797 7489
f 7886 8043 3583
f 8044 8091 8090
f 8043 8044 8090
f 8091 8124 8090
f 7843 7842 7997
f 9502 9546 9501
f 8426 6482 8391
f 3759 9833 3095
f 8106 8182 8105
f 5246 5794 6572
f 7987 7986 7907
f 7258 7289 3115
f 6891 6815 701
f 5802 7569 5623
f 8117 8116 8075
f 3212 3189 7395
f 7227 3043 3044
f 9298 9373 9332
f 8340 6227 8419
f 2754 1081 2792
f 5396 742 4830
f 6899 6311 5141
f 8480 5408 8446
f 6797 7488 5590
f 6793 8402 6832
f 7849 7807 7886
f 7886 8006 8043
f 8043 8006 8044
f 8125 8124 8091
f 8125 8195 8124
f 7719 7786 5792
f 3272 3271 3247
f 7657 7656 7586
f 7587 7657 7586
f 2792 1081 2888
f 7567 3250 3275
f 6882 7620 7926
f 8255 7761 7634
f 8762 8761 8723
f 2986 3849 7352
f 7900 7878 7701
f 8106 8105 8067
f 8150 8189 8149
f 1763 7150 5799
f 7691 7755 7723
f 8288 8248 8289
f 7785 8298 8282
f 6894 6360 4146
f 6538 7278 7277
f 3811 8086 7419
f 7569 7492 7682
f 9861 9884 7458
f 5623 7569 7682
f 667 2839 665
f 9665 9783 9748
f 3251 7503 3275
f 7503 3321 3275
f 7705 6873 6711
f 7206 7598 7207
f 7807 7930 7886
f 7886 7930 8006
f 8006 8045 8044
f 8044 8045 8091
f 8045 8125 8091
f 9232 9304 9272
f 7032 8446 5408
f 7721 7720 7689
f 7721 7689 7656
f 7657 7721 7656
f 8697 8724 8665
f 7378 7761 7758
f 7758 7761 8255
f 7761 7650 7634
f 7900 7651 7878
f 5799 7150 7378
f 8068 8067 7986
f 7987 8068 7986
f 7494 7412 8140
f 7625 7658 7624
f 6433 6757 3360
f 6107 5927 4352
f 8118 8117 8030
f 7492 8226 7682
f 8116 8115 8075
f 7924 8083 5342
f 4930 7922 8123
f 7197 7227 7226
f 7196 7197 7226
f 1782 6530 6646
f 7758 8255 8252
f 7962 7798 7922
f 6901 6867 6934
f 3251 7432 7503
f 3253 6792 8421
f 6167 7190 7286
f 7570 7636 3370
f 6497 6565 6693
f 7685 5740 7653
f 7769 7850 7807
f 7807 7850 7930
f 7930 8007 8006
f 8006 8007 8045
f 8092 8125 8045
f 8092 8161 8125
f 8161 8195 8125
f 8195 8161 8231
f 7721 7753 7752
f 1712 1793 1914
f 1748 1712 1914
f 8263 6927 8231
f 1793 1763 1914
f 7721 7722 7753
f 6589 6567 5829
f 6638 6637 6589
f 7378 7764 7761
f 2420 8140 8154
f 8068 8106 8067
f 9420 9419 9375
f 8140 7412 6520
f 8183 8248 8288
f 8260 7784 7314
f 8298 7796 7191
f 8282 8298 7191
f 8074 8073 8029
f 8187 8186 8148
f 8117 8075 8030
f 8074 8114 8073
f 8255 7526 8427
f 6870 6912 6689
f 7794 7834 5767
f 6928 8426 8391
f 7503 7571 7570
f 7571 7600 7570
f 7570 7600 7636
f 7633 7565 3339
f 7850 7931 7930
f 7930 7931 8007
f 8007 8046 8045
f 8046 8092 8045
f 8196 8231 8161
f 8231 8196 8263
f 3115 7228 7258
f 7218 5410 8611
f 5798 5799 7374
f 7690 7722 7721
f 6638 7627 6665
f 8042 7559 7582
f 2420 7884 7651
f 7907 7986 7906
f 7191 7796 7767
f 7463 7861 8344
f 1821 7582 7199
f 7492 2985 4684
f 8226 7492 4684
f 6858 6952 7218
f 8347 8259 7649
f 9596 9672 9555
f 5076 8042 1821
f 7396 3190 3163
f 7396 7433 7432
f 7395 7396 7432
f 7433 7468 7432
f 7432 7468 7503
f 7503 7468 7571
f 7600 7637 7636
f 7637 7666 7636
f 7666 7705 7636
f 7705 7666 6859
f 6859 7770 7769
f 7769 7770 7850
f 8093 8092 8046
f 8092 8093 8161
f 8196 8264 8263
f 8264 8307 8263
f 732 6723 703
f 5799 7378 7374
f 7690 7721 7657
f 8640 8639 8596
f 3041 7841 5142
f 7764 5887 7761
f 1466 682 7596
f 8145 8182 8106
f 7588 7625 7624
f 7588 7624 7521
f 6257 5324 1767
f 7457 7491 7523
f 7835 7869 7794
f 2985 1860 702
f 8340 8419 8383
f 4684 2985 702
f 8940 9520 9479
f 8336 8418 8335
f 5551 5502 7377
f 702 8384 8260
f 9197 9196 9159
f 7396 7397 7433
f 7433 7469 7468
f 7469 7534 7468
f 7468 7534 7571
f 7534 7572 7571
f 7571 7572 7600
f 7572 7637 7600
f 7637 7706 7666
f 7706 7739 6859
f 7666 7706 6859
f 6859 7739 7770
f 7770 7887 7850
f 7850 7887 7931
f 7887 7932 7931
f 7966 8007 7931
f 7932 7966 7931
f 8008 8046 8007
f 7966 8008 8007
f 8008 8093 8046
f 8093 8162 8161
f 8162 8196 8161
f 3685 6887 8194
f 7720 7721 7752
f 7374 7378 7758
f 7651 7880 7878
f 8724 8762 8723
f 4476 8036 7599
f 7701 7878 8005
f 7651 8122 7880
f 8213 8287 8247
f 8287 8286 8247
f 7907 7906 7864
f 8140 2420 7651
f 7761 5887 7650
f 8214 8213 8182
f 7494 8140 7651
f 7417 7491 7457
f 8153 8152 8118
f 7835 7914 7869
f 6529 3207 8390
f 7760 7767 5276
f 8296 8295 8250
f 3163 7397 7396
f 7601 7637 7572
f 7739 7740 7770
f 7740 7808 7770
f 7808 7851 7887
f 7770 7808 7887
f 7851 7932 7887
f 8126 8093 8008
f 8093 8126 8162
f 8162 8197 8196
f 8196 8197 8264
f 8354 8353 8307
f 8264 8354 8307
f 1257 4108 5664
f 7753 7789 7830
f 7587 7586 7555
f 5354 1712 5417
f 7752 7753 7830
f 8414 5417 8442
f 9523 5757 9437
f 6694 6653 6980
f 8213 8247 8182
f 8329 8328 8286
f 7884 2420 8154
f 5417 5378 8442
f 8246 8286 8327
f 8353 8354 6930
f 7279 7280 7313
f 7914 7913 7869
f 702 1860 8384
f 8436 4072 8428
f 5801 4724 5193
f 7397 3163 7323
f 7397 7434 7433
f 7433 7434 7469
f 7469 7504 7534
f 7504 7573 7534
f 7534 7573 7572
f 7573 7601 7572
f 7667 7637 7601
f 7667 7707 7706
f 7637 7667 7706
f 7707 7740 7739
f 7706 7707 7739
f 7933 8009 7966
f 7932 7933 7966
f 8009 8008 7966
f 8009 8047 8008
f 8047 8126 8008
f 8126 8163 8162
f 8162 8163 8197
f 8197 8308 8264
f 8308 8354 8264
f 6414 8686 8685
f 9686 9981 9926
f 7842 5472 7997
f 8375 8413 8374
f 8255 7634 7526
f 7558 5632 7589
f 4773 6694 6980
f 4773 8388 6694
f 8287 8329 8286
f 7964 8352 7925
f 8329 8376 8375
f 7869 7913 7912
f 7831 7864 7789
f 8286 8328 8327
f 6676 6677 3959
f 7350 7310 7417
f 6988 6653 6381
f 7806 7217 7411
f 7256 7227 3086
f 4531 8036 4476
f 7258 7290 7289
f 424 124 6037
f 7289 7290 7323
f 7323 7290 7360
f 7360 7434 7397
f 7434 7470 7469
f 7469 7470 7504
f 7573 7602 7601
f 7602 7667 7601
f 7771 7809 7808
f 7740 7771 7808
f 7808 7809 7851
f 7809 7888 7932
f 7851 7809 7932
f 7932 7888 7933
f 7933 7934 8009
f 7934 8047 8009
f 8127 8126 8047
f 8163 8198 8197
f 8198 8308 8197
f 8308 8355 8354
f 7864 7906 7905
f 8413 8414 8442
f 7863 7864 7905
f 8375 8374 8328
f 8412 8413 8442
f 8413 8412 8374
f 8765 8796 8764
f 6784 4698 6684
f 5931 7736 1418
f 8328 8329 8375
f 7954 7991 7953
f 8376 8414 8413
f 8145 8214 8182
f 7308 7310 7350
f 3197 1743 3648
f 4529 3859 4630
f 8384 5166 5921
f 7649 9976 5287
f 7849 6873 7807
f 7526 8141 8427
f 7220 6414 8685
f 7290 7324 7360
f 7324 7398 7434
f 7360 7324 7434
f 7434 7398 7470
f 7638 7667 7602
f 7638 7741 7707
f 7667 7638 7707
f 7707 7741 7740
f 7740 7741 7771
f 7771 7810 7809
f 7809 7810 7888
f 7888 7934 7933
f 7934 8048 8047
f 8048 8127 8047
f 8127 8164 8163
f 8126 8127 8163
f 8164 8199 8198
f 8163 8164 8198
f 8199 8265 8198
f 8265 8308 8198
f 8265 8309 8308
f 8308 8309 8355
f 7985 8024 7984
f 7985 8067 8024
f 8067 8105 8024
f 8105 8144 8024
f 7985 7984 7905
f 7906 7985 7905
f 7864 7863 7830
f 7789 7864 7830
f 6620 8388 4773
f 6620 6717 8388
f 4805 4826 5508
f 8042 7999 7559
f 8375 8376 8413
f 7986 8067 7985
f 8024 8144 8066
f 7494 7651 7900
f 8213 8214 8287
f 9743 9742 9659
f 7310 7418 7417
f 8071 8028 7991
f 5166 40 5921
f 7841 5318 5142
f 5287 8347 7649
f 6760 7879 3253
f 7258 7291 7290
f 7291 7324 7290
f 7324 7325 7398
f 7398 7435 7470
f 7435 7505 7504
f 7470 7435 7504
f 7505 7574 7573
f 7504 7505 7573
f 7574 7603 7602
f 7573 7574 7602
f 7603 7638 7602
f 7810 7935 7888
f 7888 7935 7934
f 7935 7967 7934
f 7934 7967 8048
f 7967 8049 8048
f 8094 8127 8048
f 8049 8094 8048
f 8127 8094 8164
f 8309 8356 8355
f 6968 8356 8357
f 2084 163 1912
f 8431 6982 6968
f 8181 8182 8247
f 8105 8182 8144
f 8182 8181 8144
f 8299 6121 8253
f 6900 6512 6867
f 7999 5285 4008
f 5832 1821 7199
f 1644 6789 7036
f 6804 7696 6843
f 1678 5168 8349
f 7909 7950 7908
f 8510 8529 8540
f 8071 8070 8028
f 40 8261 9944
f 5921 40 9944
f 8324 5225 7288
f 7200 7201 7228
f 7201 7259 7258
f 7228 7201 7258
f 7258 7259 7291
f 7291 7325 7324
f 7325 7399 7398
f 7399 7471 7435
f 7398 7399 7435
f 7435 7471 7505
f 7603 7668 7638
f 7638 7668 7741
f 7668 7742 7741
f 7742 7772 7771
f 7741 7742 7771
f 7771 7772 7810
f 7772 7935 7810
f 8094 8165 8164
f 8164 8165 8199
f 8266 8265 8199
f 8165 8266 8199
f 8266 8267 8309
f 8265 8266 8309
f 8267 8357 8356
f 8309 8267 8356
f 6484 3802 6710
f 9743 1801 9742
f 3759 6607 3429
f 7152 7379 7150
f 7379 7764 7378
f 7984 8024 7983
f 1849 1713 5436
f 5733 3859 4529
f 6573 7271 6620
f 6279 3450 6356
f 1713 1849 595
f 7549 5734 8041
f 7454 5551 7377
f 5322 6559 1644
f 6458 5322 1644
f 8288 8330 8329
f 7349 7416 7415
f 7909 7908 7865
f 7866 7909 7865
f 6067 8102 8063
f 8261 8227 9871
f 7186 7161 1880
f 8436 7848 5167
f 5863 5833 7848
f 3060 7153 7200
f 7325 7361 7399
f 7472 7506 7505
f 7471 7472 7505
f 7505 7506 7574
f 7936 7968 7967
f 7935 7936 7967
f 7968 8049 7967
f 8200 8266 8165
f 8357 8431 6968
f 9633 9600 1817
f 3207 8389 8390
f 7694 7964 5001
f 7991 7990 7953
f 7620 6882 3033
f 4670 5140 6614
f 8160 5795 6752
f 9458 9371 9372
f 8290 8333 8378
f 8287 8288 8329
f 7377 7349 7415
f 7416 7456 7415
f 7833 7832 7791
f 7257 8158 9935
f 5950 1879 5255
f 8600 8618 8599
f 7153 7033 7200
f 7259 7326 7291
f 7291 7326 7325
f 7325 7326 7361
f 7361 7400 7399
f 7400 7436 7471
f 7399 7400 7471
f 7436 7473 7472
f 7471 7436 7472
f 7472 7473 7506
f 7506 7535 7574
f 7574 7535 7603
f 7742 7773 7772
f 7773 7811 7772
f 7772 7811 7935
f 7935 7811 7936
f 8128 8049 7968
f 8128 8094 8049
f 8128 8166 8165
f 8094 8128 8165
f 8166 8200 8165
f 8267 8266 8200
f 8267 8310 8357
f 8310 8358 8357
f 8357 8358 8431
f 8085 8154 3807
f 7651 7884 8122
f 8154 7496 7884
f 7496 8154 8085
f 3041 5142 4112
f 6895 8406 6894
f 5872 5786 5849
f 8423 7383 8424
f 1711 8141 6324
f 1914 1763 5798
f 9937 3764 5803
f 5195 5322 6458
f 665 5195 6458
f 8181 8247 8246
f 7866 7865 7832
f 7833 7866 7832
f 2986 7352 7839
f 7619 7411 40
f 8155 8037 5867
f 4683 7221 4671
f 5608 5632 5592
f 7801 7805 5833
f 5880 8305 6841
f 7200 7033 7201
f 7201 7229 7259
f 7229 7292 7326
f 7259 7229 7326
f 7292 7327 7326
f 7326 7327 7361
f 7473 7507 7506
f 7506 7507 7535
f 7535 7604 7603
f 7604 7639 7603
f 7639 7668 7603
f 7668 7639 7742
f 7773 7812 7811
f 7812 7852 7811
f 7811 7852 7936
f 7852 7937 7936
f 7937 7969 7968
f 7936 7937 7968
f 7969 8010 7968
f 8010 8128 7968
f 8166 8201 8200
f 8268 8267 8200
f 8201 8268 8200
f 8268 8310 8267
f 8358 5002 8431
f 7556 7587 7555
f 7455 7556 7490
f 7556 7555 7490
f 7455 7490 7454
f 8141 7526 5817
f 6385 6416 6472
f 9843 3401 9915
f 1763 5799 5798
f 6708 6558 7190
f 4393 6941 4430
f 7833 7791 7755
f 2986 7839 8086
f 1748 5886 5378
f 7164 7186 7392
f 1644 6559 6789
f 8217 8216 8188
f 7878 7458 8005
f 2794 1146 1116
f 7410 5397 8430
f 7147 5798 7374
f 5863 7801 5833
f 1418 4352 5927
f 7033 7175 7201
f 7201 7175 7229
f 7327 7401 7400
f 7361 7327 7400
f 7401 7437 7436
f 7400 7401 7436
f 7437 7507 7473
f 7436 7437 7473
f 7507 7536 7535
f 7536 7537 7535
f 7535 7537 7604
f 7708 7743 7742
f 7639 7708 7742
f 7742 7743 7773
f 8010 8095 8128
f 8095 8167 8128
f 8128 8167 8166
f 5176 5177 567
f 7986 7985 7906
f 5141 6512 6899
f 9334 9422 9421
f 6120 8393 6558
f 7724 7755 7691
f 7257 8424 8158
f 3512 7412 7592
f 7161 7186 7164
f 8217 8293 8216
f 665 6570 667
f 7801 7182 7805
f 8077 7420 7182
f 7175 7202 7229
f 7202 7260 7229
f 7260 7292 7229
f 7437 7474 7507
f 7474 7536 7507
f 7537 7640 7604
f 7604 7640 7639
f 7640 7708 7639
f 7743 7774 7773
f 7774 7813 7812
f 7773 7774 7812
f 7813 7852 7812
f 7813 7889 7852
f 7852 7889 7937
f 7889 7970 7969
f 7937 7889 7969
f 7970 8011 8010
f 7969 7970 8010
f 8010 8011 8095
f 8167 8201 8166
f 8269 8268 8201
f 8359 8310 8268
f 8269 8359 8268
f 8359 8358 8310
f 8359 8432 5002
f 8358 8359 5002
f 3047 1763 1793
f 1793 1712 5354
f 8122 7660 7306
f 6729 7277 7278
f 8876 8875 8839
f 2839 5195 665
f 6558 8393 5195
f 7724 7691 7692
f 3190 7396 7395
f 7661 8192 7842
f 8293 8292 8216
f 5002 8432 6854
f 8077 7703 7420
f 7154 7202 7175
f 7292 7328 7327
f 7328 7362 7327
f 7362 7402 7401
f 7327 7362 7401
f 7401 7402 7437
f 7853 7889 7813
f 7853 7938 7889
f 7938 7971 7970
f 7889 7938 7970
f 7970 7971 8011
f 8095 8129 8167
f 8129 8168 8167
f 8202 8201 8167
f 8168 8202 8167
f 8202 8269 8201
f 8360 8359 8269
f 8359 8360 8432
f 125 8089 6625
f 1850 3047 5257
f 8066 8144 8143
f 8144 8181 8180
f 7496 4682 7413
f 1909 597 767
f 7248 6729 7278
f 8035 3877 667
f 5878 8035 667
f 3877 2839 667
f 5224 5195 2839
f 5224 6558 5195
f 7693 7724 7692
f 8002 7502 8425
f 8002 7383 7592
f 8424 8002 8425
f 1879 7186 1880
f 8293 8335 8292
f 8345 1466 1910
f 8344 8345 1910
f 7703 1795 7420
f 7328 7292 7260
f 7437 7402 7474
f 7474 7508 7536
f 7536 7508 7537
f 7508 7575 7537
f 7537 7575 7640
f 7575 7669 7640
f 7669 7708 7640
f 7669 7709 7708
f 7708 7709 7743
f 7743 7709 7774
f 7774 7775 7813
f 7775 7853 7813
f 8011 8050 8095
f 8095 8050 8129
f 8360 8397 8432
f 8397 6854 8432
f 7377 7455 7454
f 5095 5832 7199
f 7847 5001 7726
f 5921 1780 8260
f 7282 7959 7768
f 3877 5027 2839
f 5027 5224 2839
f 7190 6558 5224
f 6883 6884 5351
f 3250 3212 3251
f 7692 7658 7625
f 7626 7692 7625
f 6073 7765 7123
f 7383 8002 8424
f 7765 6073 8123
f 6681 8430 5397
f 8335 8381 8292
f 7901 6882 7926
f 7871 7870 7835
f 7155 7176 7154
f 7176 7230 7202
f 7154 7176 7202
f 7202 7230 7260
f 7293 7363 7362
f 7328 7293 7362
f 7362 7363 7402
f 7709 7775 7774
f 7854 7853 7775
f 7854 7939 7938
f 7853 7854 7938
f 7938 7939 7971
f 7971 7972 8011
f 8011 7972 8050
f 8050 8096 8129
f 8096 8130 8129
f 8130 8168 8129
f 8232 8202 8168
f 8130 8232 8168
f 8311 8269 8202
f 8232 8311 8202
f 8311 8360 8269
f 8397 3695 6854
f 9888 3137 9917
f 527 9294 5147
f 7624 7587 7556
f 7624 7657 7587
f 7624 7658 7657
f 7658 7690 7657
f 7754 7753 7722
f 7790 7789 7753
f 6624 8035 5878
f 7303 5224 5027
f 7303 7190 5224
f 8070 8069 8028
f 7557 7588 7521
f 7502 8002 7198
f 8002 7592 7198
f 7882 5829 7212
f 7212 8228 5211
f 7840 7901 7926
f 9934 9894 9879
f 1795 7843 8348
f 7230 7261 7260
f 7261 7293 7328
f 7260 7261 7328
f 7329 7364 7363
f 7293 7329 7363
f 7363 7438 7402
f 7438 7475 7474
f 7402 7438 7474
f 7475 7508 7474
f 7475 7538 7508
f 7576 7575 7508
f 7538 7576 7508
f 7576 7605 7575
f 7641 7669 7575
f 7605 7641 7575
f 7641 7670 7669
f 7669 7670 7709
f 7776 7854 7775
f 7939 7972 7971
f 7972 8096 8050
f 8361 8360 8311
f 8360 8361 8397
f 8256 8085 6490
f 4150 1914 3036
f 8243 8064 7217
f 8530 8542 8541
f 7415 7456 7455
f 6618 5817 6706
f 5962 6579 8035
f 6579 3877 8035
f 6579 5170 5027
f 3877 6579 5027
f 5027 5170 7303
f 7522 7557 7521
f 8423 8424 7257
f 8193 5829 7882
f 7840 7926 7762
f 8418 8417 8335
f 7156 7177 7176
f 7155 7156 7176
f 7176 7177 7230
f 7261 7262 7293
f 7293 7262 7329
f 7364 7438 7363
f 7438 7439 7475
f 7670 7710 7709
f 7710 7776 7775
f 7709 7710 7775
f 7855 7854 7776
f 7854 7855 7939
f 7972 8012 8096
f 8012 8097 8096
f 8097 8130 8096
f 8270 8232 8130
f 8232 8270 8311
f 8270 8312 8311
f 8312 8361 8311
f 8398 8397 8361
f 8397 8398 3695
f 8403 8437 6794
f 7949 7905 7984
f 8794 8829 8793
f 8431 4102 6982
f 7557 7626 7588
f 7626 7625 7588
f 8157 7257 9932
f 6034 5728 4398
f 5829 8228 7212
f 8658 8686 7046
f 7203 7230 7177
f 7203 7262 7261
f 7230 7203 7261
f 7364 7403 7438
f 7438 7403 7439
f 7439 7476 7475
f 7476 7538 7475
f 7605 7642 7641
f 7641 7642 7670
f 7777 7855 7776
f 7855 7973 7939
f 7939 7973 7972
f 7972 7973 8012
f 8012 8051 8097
f 8203 8130 8097
f 8098 8203 8097
f 8203 8270 8130
f 4698 3695 8398
f 4698 6782 3695
f 3047 7150 1763
f 9662 9661 9583
f 6565 7303 5170
f 6693 6565 5170
f 6565 7286 7303
f 7243 7218 6952
f 7692 7691 7658
f 7419 5204 4211
f 8193 7882 8157
f 1820 5105 5340
f 4677 1820 5340
f 8153 6094 8253
f 7156 7157 7177
f 7294 7330 7329
f 7262 7294 7329
f 7330 7365 7364
f 7329 7330 7364
f 7364 7365 7403
f 7403 7476 7439
f 7476 7539 7538
f 7539 7606 7576
f 7538 7539 7576
f 7576 7606 7605
f 7605 7606 7642
f 7642 7671 7670
f 7670 7671 7710
f 7671 7744 7710
f 7744 7777 7776
f 7710 7744 7776
f 7856 7855 7777
f 7855 7856 7973
f 8051 8098 8097
f 8203 8271 8270
f 8270 8271 8312
f 8271 8313 8312
f 8313 8361 8312
f 6783 6782 4698
f 9894 2914 9879
f 8304 5414 8305
f 7173 7343 5223
f 8759 8758 8721
f 6045 8160 6752
f 3093 2460 3401
f 1821 8042 7582
f 6666 5361 7250
f 6565 2894 7286
f 7286 2894 8160
f 9547 9589 9588
f 7522 7521 7456
f 7419 8086 5204
f 6638 8157 8347
f 6638 8193 8157
f 6693 6579 5962
f 5223 9845 7173
f 631 5319 1765
f 7157 7178 7177
f 7178 7204 7203
f 7177 7178 7203
f 7263 7262 7203
f 7204 7263 7203
f 7262 7263 7294
f 7403 7440 7476
f 7440 7539 7476
f 7606 7643 7642
f 7642 7643 7671
f 7814 7856 7777
f 7856 7890 7973
f 7890 7974 7973
f 7973 7974 8012
f 8012 7974 8051
f 8399 8398 8361
f 8313 8399 8361
f 8399 8433 8398
f 8433 4698 8398
f 8025 8107 8068
f 9027 9131 9068
f 8146 8145 8107
f 8146 8183 8145
f 8289 8331 8330
f 8288 8289 8330
f 8145 8183 8214
f 8214 8183 8288
f 8089 5962 6674
f 6949 8089 6674
f 7413 4682 7660
f 7790 7831 7789
f 6889 8405 6895
f 6646 2894 6565
f 4727 5415 7280
f 7457 7522 7456
f 7627 6638 8347
f 5254 5801 5105
f 8187 8249 8186
f 6783 4698 6784
f 7143 7158 7157
f 7157 7158 7178
f 7264 7263 7204
f 7365 7404 7403
f 7403 7404 7440
f 7509 7539 7440
f 7577 7606 7539
f 7509 7577 7539
f 7577 7607 7606
f 7606 7607 7643
f 7643 7711 7671
f 7711 7745 7744
f 7671 7711 7744
f 7744 7745 7777
f 7777 7745 7814
f 7814 7890 7856
f 7974 8013 8051
f 8051 8013 8098
f 8013 8131 8098
f 8131 8203 8098
f 8131 8233 8203
f 8203 8233 8271
f 8233 8272 8271
f 8271 8272 8313
f 6684 4698 8433
f 8195 6841 6842
f 7502 7198 4928
f 4928 7198 7494
f 7494 7198 7412
f 6417 7181 6866
f 125 6497 8089
f 125 1782 6497
f 7754 7790 7753
f 7650 7927 5817
f 2894 6827 8160
f 7416 7457 7456
f 7244 7275 7274
f 700 7627 5287
f 5254 3053 4724
f 5801 5254 4724
f 5342 4930 7998
f 5342 8039 4930
f 8292 8334 8249
f 7158 7159 7178
f 7178 7159 7204
f 7263 7295 7294
f 7295 7331 7330
f 7294 7295 7330
f 7331 7404 7365
f 7330 7331 7365
f 7404 7441 7440
f 7441 7509 7440
f 7890 7940 7974
f 7974 7940 8013
f 8131 8204 8233
f 8204 8234 8233
f 8234 8273 8272
f 8233 8234 8272
f 8273 8314 8272
f 8314 8313 8272
f 8314 8399 8313
f 8177 8242 8211
f 7589 7659 7626
f 7523 7558 7522
f 7558 7626 7557
f 5719 7693 7659
f 7558 7589 7626
f 7634 7650 5817
f 6172 8340 6146
f 7350 7416 7349
f 8305 5414 6841
f 700 5287 8003
f 7919 700 8003
f 40 8227 8261
f 7144 7159 7158
f 7143 7144 7158
f 7159 7205 7204
f 7204 7205 7264
f 7263 7264 7295
f 7331 7366 7404
f 7404 7366 7441
f 7441 7477 7509
f 7577 7608 7607
f 7607 7608 7643
f 7711 7712 7745
f 7712 7815 7745
f 7745 7815 7814
f 7815 7857 7814
f 7857 7890 7814
f 7857 7940 7890
f 7940 8052 8013
f 8052 8132 8013
f 8013 8132 8131
f 8131 8132 8204
f 8400 8399 8314
f 8400 8433 8399
f 701 6684 8433
f 7915 7994 7870
f 7994 7993 7955
f 7871 7915 7870
f 7994 7955 7870
f 8219 8218 8189
f 7752 7830 7829
f 8219 8189 8150
f 7765 7042 7123
f 6903 4525 4524
f 4756 1782 125
f 7343 7900 7701
f 8330 8377 8376
f 8329 8330 8376
f 7307 7350 7349
f 7274 7275 7308
f 4756 125 6625
f 6247 6287 8370
f 7627 8347 5287
f 4724 3053 7316
f 7758 8252 7374
f 5340 5801 5301
f 7159 7179 7205
f 7205 7265 7264
f 7264 7265 7295
f 7509 7477 7577
f 7609 7672 7643
f 7608 7609 7643
f 7643 7672 7711
f 7672 7713 7712
f 7711 7672 7712
f 7713 7778 7712
f 7778 7815 7712
f 7940 7975 8052
f 8132 8169 8204
f 8169 8170 8204
f 8170 8235 8234
f 8204 8170 8234
f 8235 8274 8273
f 8234 8235 8273
f 8273 8274 8314
f 8274 8362 8314
f 8362 8400 8314
f 7212 5211 8386
f 7245 7276 7309
f 7193 6538 8711
f 6046 666 6625
f 4756 6530 1782
f 537 570 5180
f 6424 7243 7307
f 8377 6053 8414
f 8376 8377 8414
f 8152 8253 6093
f 6887 3685 3686
f 5883 5923 8421
f 8183 8184 8248
f 8292 8381 8334
f 8216 8292 8249
f 1768 5277 8338
f 7144 7160 7159
f 7159 7160 7179
f 7179 7231 7205
f 7205 7231 7265
f 7295 7332 7331
f 7332 7367 7366
f 7331 7332 7366
f 7478 7441 7366
f 7367 7478 7366
f 7478 7477 7441
f 7477 7540 7577
f 7540 7578 7608
f 7577 7540 7608
f 7608 7578 7609
f 7815 7816 7857
f 7816 7891 7857
f 7857 7891 7940
f 7940 7891 7975
f 8362 8434 8400
f 8434 701 8400
f 5931 5979 7702
f 7798 6998 7765
f 4725 6073 3803
f 8157 9932 8259
f 232 5583 5565
f 666 4756 6625
f 6572 6530 4756
f 7343 7701 5223
f 5857 5917 7996
f 4928 7494 7900
f 8260 1780 7784
f 7191 7767 7760
f 4112 8040 4531
f 1543 4865 5136
f 7661 4880 5139
f 8384 8342 5166
f 7160 7145 7179
f 7231 7296 7265
f 7265 7296 7295
f 7295 7296 7332
f 7478 7540 7477
f 7609 7673 7672
f 7673 7713 7672
f 7713 7714 7778
f 7778 7816 7815
f 7975 8053 8052
f 8053 8169 8132
f 8052 8053 8132
f 8170 8171 8235
f 8235 8275 8274
f 8275 8362 8274
f 8550 3058 3057
f 8434 6891 701
f 6737 5381 8283
f 7846 7726 5397
f 7957 7846 5397
f 7554 7586 7622
f 7726 7192 5397
f 7456 7521 7455
f 6046 6591 666
f 4756 666 6572
f 6603 6572 5794
f 8560 8599 8559
f 8121 7496 8085
f 6614 5883 8421
f 5320 6614 8421
f 1860 8342 8384
f 7145 7206 7179
f 7179 7206 7231
f 7206 7232 7231
f 7232 7296 7231
f 7367 7405 7478
f 7405 7479 7478
f 7478 7479 7540
f 7541 7610 7578
f 7540 7541 7578
f 7578 7610 7609
f 7609 7610 7673
f 7713 7673 7714
f 7714 7746 7778
f 7746 7817 7778
f 7817 7816 7778
f 7816 7892 7891
f 7892 7941 7891
f 7891 7941 7975
f 7975 7941 8053
f 7941 8054 8053
f 8053 8054 8169
f 8054 8133 8169
f 8133 8171 8170
f 8169 8133 8170
f 8275 8235 8171
f 8363 8362 8275
f 8401 8434 8362
f 8363 8401 8362
f 1078 6891 8434
f 7950 7988 8025
f 7270 7282 7846
f 7768 7726 7846
f 7282 7768 7846
f 3959 2084 6676
f 5592 5632 7491
f 6458 6570 665
f 666 2959 6572
f 4928 7900 7343
f 7950 8025 7987
f 6494 7247 7277
f 7457 7523 7522
f 7841 8387 5318
f 1078 6758 6891
f 7145 7598 7206
f 7232 7297 7296
f 7297 7333 7332
f 7296 7297 7332
f 7332 7333 7367
f 7333 7405 7367
f 7479 7510 7540
f 7540 7510 7541
f 7541 7611 7610
f 7644 7673 7610
f 7611 7644 7610
f 7816 7817 7892
f 8236 8275 8171
f 8236 8276 8275
f 8276 8363 8275
f 6870 8434 8401
f 7724 7792 7755
f 1781 7879 6760
f 5923 1781 6760
f 7270 7846 7797
f 7797 7846 7957
f 7195 4727 7280
f 2032 8155 7736
f 8610 8653 8609
f 2959 6591 6253
f 2959 3052 6572
f 3052 5246 6572
f 8025 8068 7987
f 7558 7557 7522
f 1796 4724 7172
f 6653 5942 6381
f 8352 5169 7925
f 5854 7151 7166
f 7207 7233 7232
f 7206 7207 7232
f 7232 7233 7297
f 7442 7480 7479
f 7405 7442 7479
f 7479 7480 7510
f 7510 7542 7541
f 7542 7611 7541
f 7674 7673 7644
f 7674 7714 7673
f 7714 7674 7746
f 7817 7858 7892
f 7858 7893 7892
f 7892 7893 7941
f 7893 7976 7941
f 7976 8014 7941
f 7941 8014 8054
f 8014 8099 8054
f 8054 8099 8133
f 8171 8133 8236
f 8276 8315 8363
f 8435 8401 8363
f 8435 6870 8401
f 7704 6192 5772
f 7792 7833 7755
f 1781 7493 7879
f 7180 7174 7316
f 7861 8345 8344
f 8387 5095 5318
f 6253 1764 2959
f 1764 3052 2959
f 8425 7173 9845
f 767 597 5255
f 7802 5194 8301
f 5001 7964 7925
f 8339 1768 8338
f 8355 8356 6967
f 7824 5957 7860
f 5655 8430 6681
f 7298 7297 7233
f 7334 7333 7297
f 7298 7334 7297
f 7442 7405 7333
f 7334 7442 7333
f 7611 7612 7644
f 7612 7675 7674
f 7644 7612 7674
f 7675 7715 7674
f 7779 7746 7674
f 7715 7779 7674
f 7779 7817 7746
f 7817 7779 7858
f 8099 8172 8133
f 8237 8236 8133
f 8172 8237 8133
f 8237 8238 8276
f 8236 8237 8276
f 8276 8238 8315
f 6805 8363 8315
f 6805 8435 8363
f 6996 6870 8435
f 5957 5991 7899
f 1781 7998 7493
f 3053 7180 7316
f 7395 7432 3251
f 7582 7569 5802
f 7187 7861 7463
f 8030 8075 5917
f 5194 7282 7270
f 3291 7629 6433
f 6681 5397 7192
f 8001 7596 7305
f 8158 8425 9845
f 6789 6559 6544
f 5456 8087 5890
f 3066 8812 3067
f 5946 8118 8030
f 7208 7234 7233
f 7207 7208 7233
f 7443 7442 7334
f 7443 7481 7480
f 7442 7443 7480
f 7481 7511 7510
f 7480 7481 7510
f 7511 7543 7542
f 7510 7511 7542
f 7543 7612 7611
f 7542 7543 7611
f 7779 7780 7858
f 8015 8014 7976
f 8014 8015 8099
f 8238 8316 8315
f 5740 5718 5693
f 6894 4146 6428
f 7983 8024 8066
f 7238 7239 6578
f 7215 5456 5890
f 8840 7223 7194
f 8087 7947 5890
f 8840 7194 8815
f 8087 5802 7947
f 9156 9155 9126
f 6865 4102 7048
f 1764 7704 3052
f 7704 6456 1679
f 3052 7704 1679
f 8856 8827 8759
f 7867 7866 7833
f 7867 7910 7866
f 7276 7310 7309
f 7521 7556 7455
f 1989 2229 1732
f 5225 7961 7960
f 8438 8040 560
f 7961 7281 7694
f 8967 9004 8966
f 6790 7208 7207
f 7298 7233 7234
f 7335 7334 7298
f 7335 7368 7334
f 7368 7444 7443
f 7334 7368 7443
f 7443 7444 7481
f 7543 7613 7612
f 7612 7613 7675
f 7715 7716 7779
f 7779 7716 7780
f 7780 7859 7858
f 7858 7859 7893
f 7859 7942 7893
f 7942 7977 7976
f 7893 7942 7976
f 7976 7977 8015
f 8099 8134 8172
f 8172 8205 8237
f 8237 8205 8238
f 8108 8109 8146
f 3337 7191 7759
f 8212 8246 8285
f 8412 8411 8373
f 8349 1908 7800
f 7924 5342 1908
f 7281 7213 8420
f 2032 8037 8155
f 7704 1764 6192
f 4906 5278 5127
f 6980 6653 6988
f 8330 8331 8377
f 8425 7502 7173
f 7867 7833 7792
f 8216 8249 8187
f 7272 7271 6573
f 7180 7421 7174
f 5834 5416 5461
f 7008 3457 3207
f 5409 8569 5400
f 7072 8658 7046
f 7220 8685 6631
f 9267 9374 9298
f 8315 8316 6773
f 7162 7234 7208
f 7298 7299 7335
f 7512 7511 7481
f 7544 7543 7511
f 7512 7544 7511
f 7543 7544 7613
f 7544 7645 7613
f 7645 7676 7675
f 7613 7645 7675
f 7676 7716 7715
f 7675 7676 7715
f 7716 7818 7780
f 7780 7818 7859
f 7977 8016 8015
f 8016 8055 8015
f 8015 8055 8099
f 8099 8055 8134
f 8205 8172 8134
f 8238 8277 8316
f 8858 8891 8857
f 1748 1914 4150
f 7963 7213 7965
f 6218 3323 8323
f 6385 5772 6612
f 5451 7032 5430
f 1820 1771 5105
f 5278 4906 3585
f 9660 9743 9659
f 4352 5328 7532
f 8331 8415 8377
f 7659 7693 7692
f 5592 7491 5552
f 7633 3339 3362
f 5923 6760 8421
f 7222 7248 7278
f 7965 7213 7281
f 5246 5944 5794
f 8539 8560 8559
f 5408 8480 5398
f 9129 9157 9128
f 8670 8671 8728
f 8905 8935 8904
f 6554 6555 7461
f 6324 6509 7566
f 7266 7298 7234
f 7298 7266 7299
f 7368 7406 7444
f 7716 7747 7818
f 7818 7894 7859
f 7894 7943 7942
f 7859 7894 7942
f 7942 7943 7977
f 7977 7943 8016
f 8016 8056 8055
f 8056 8134 8055
f 8205 8239 8238
f 8238 8239 8277
f 8277 8317 8316
f 8316 8317 6773
f 8317 8402 6773
f 7759 7760 8409
f 7796 5380 7767
f 8417 1820 8381
f 7763 4671 7460
f 5283 7270 7797
f 6948 7631 7662
f 7342 7963 7965
f 8507 8527 8526
f 1771 5108 5105
f 1999 169 134
f 4481 3895 4542
f 6958 1430 2902
f 2902 3548 6958
f 6052 5256 5257
f 7006 7271 7272
f 7410 6756 7928
f 6729 6749 6493
f 5108 5254 5105
f 7222 7223 7249
f 8782 8815 7194
f 8492 8491 8471
f 9333 9421 9376
f 9421 9420 9376
f 7376 7550 7591
f 6424 5434 7243
f 8257 6554 7461
f 7591 8257 7461
f 6737 5382 5381
f 8257 6535 6554
f 6887 5414 8194
f 5351 6884 6962
f 4093 3351 3279
f 7162 7209 7234
f 7234 7209 7266
f 7266 7300 7299
f 7299 7336 7335
f 7335 7336 7368
f 7368 7336 7406
f 7406 7445 7444
f 7445 7513 7481
f 7444 7445 7481
f 7513 7512 7481
f 7513 7579 7512
f 7579 7544 7512
f 7579 7614 7645
f 7544 7579 7645
f 7645 7614 7676
f 7676 7717 7716
f 7716 7717 7747
f 7747 7819 7818
f 7818 7819 7894
f 8173 8134 8056
f 8134 8173 8205
f 8239 8240 8277
f 8240 8317 8277
f 9336 9378 9335
f 7767 5380 5276
f 7460 7551 7806
f 7872 7915 7871
f 7948 7949 7983
f 7490 7555 7554
f 8086 7561 5204
f 7845 4797 8341
f 7872 7871 7836
f 6591 6046 3537
f 5887 7665 7650
f 7728 6398 7927
f 6052 5354 6053
f 7728 7927 7665
f 8438 560 7799
f 7172 7174 7394
f 5380 7410 7928
f 8417 1771 1820
f 75 7618 76
f 8783 8782 7193
f 4673 8257 7591
f 7550 4673 7591
f 6555 6554 6536
f 8257 4881 6535
f 8073 8113 8072
f 7162 7149 7209
f 7266 7209 7300
f 7300 7337 7336
f 7299 7300 7336
f 7579 7580 7614
f 7580 7677 7614
f 7614 7677 7676
f 7677 7717 7676
f 7895 7944 7943
f 7894 7895 7943
f 7944 8017 8016
f 7943 7944 8016
f 8017 8057 8056
f 8016 8017 8056
f 8057 8173 8056
f 8173 8206 8239
f 8205 8173 8239
f 8206 8240 8239
f 8364 8317 8240
f 8364 8403 8402
f 8317 8364 8402
f 8417 8381 8335
f 7568 7618 7185
f 6790 7162 7208
f 127 5323 75
f 7915 7995 7994
f 7554 7520 6580
f 7623 7689 7688
f 8250 8294 8218
f 9947 9984 9959
f 5276 5380 7928
f 8029 7993 7994
f 7995 8029 7994
f 6889 7030 8437
f 8726 8766 8725
f 9169 9168 9101
f 9500 9499 9419
f 7348 8103 7168
f 7727 7550 8103
f 7348 7727 8103
f 8082 8257 4673
f 8082 4881 8257
f 2304 763 4075
f 7245 7246 7276
f 9745 9661 9662
f 6637 6638 6665
f 5835 5836 4909
f 5640 5682 5681
f 7301 7300 7209
f 7300 7301 7337
f 7407 7336 7337
f 7407 7406 7336
f 7407 7445 7406
f 7514 7513 7445
f 7513 7514 7579
f 7514 7581 7580
f 7579 7514 7580
f 7581 7615 7580
f 7615 7677 7580
f 7718 7717 7677
f 7781 7747 7717
f 7718 7781 7717
f 7781 7819 7747
f 7781 7895 7819
f 7819 7895 7894
f 8174 8173 8057
f 8173 8174 8206
f 8278 8364 8240
f 8403 6794 6832
f 7663 6846 6852
f 8295 8294 8250
f 8073 8072 7993
f 9880 1775 7168
f 2220 449 2249
f 6012 6038 6067
f 6958 3548 6657
f 7949 7984 7983
f 8332 1909 8416
f 8109 8184 8146
f 7392 7393 7785
f 8029 8073 7993
f 8297 8382 8339
f 3610 5323 127
f 7219 7848 8436
f 7195 8840 8879
f 9420 9500 9419
f 9545 9544 9499
f 9876 9847 9858
f 7727 4673 7550
f 8082 5191 4881
f 9458 9497 9371
f 5191 5904 3949
f 7219 5863 7848
f 3199 3351 3463
f 7210 7235 7209
f 7235 7301 7209
f 7446 7445 7407
f 7482 7514 7445
f 7446 7482 7445
f 7678 7677 7615
f 7678 7718 7677
f 7782 7781 7718
f 7782 7820 7781
f 7820 7895 7781
f 7820 7896 7895
f 7896 7978 7944
f 7895 7896 7944
f 7978 8058 8017
f 7944 7978 8017
f 8017 8058 8057
f 8058 8100 8057
f 8100 8174 8057
f 8174 8207 8206
f 8241 8240 8206
f 8207 8241 8206
f 8241 8278 8240
f 8278 8365 8364
f 8365 8403 8364
f 8365 8437 8403
f 8439 8410 6318
f 5319 6218 1765
f 8074 8029 7995
f 8112 8149 8070
f 8189 8217 8188
f 8190 8220 8219
f 8297 8339 8251
f 7561 7801 5863
f 8190 8219 8150
f 6430 7025 6416
f 7958 6491 6476
f 7764 8262 5889
f 8289 8290 8332
f 1880 1913 1433
f 8193 6589 5829
f 3227 7497 7594
f 8112 8070 8071
f 8337 8418 8336
f 8222 8251 8191
f 7561 7839 7801
f 8077 7182 7801
f 9092 9091 9067
f 8907 7195 8879
f 9545 9584 9544
f 9585 9663 9584
f 9952 9936 9950
f 3152 1995 1970
f 8325 7348 1775
f 5111 8325 1775
f 8325 7525 7348
f 7525 7727 7348
f 7517 4673 7727
f 7525 7517 7727
f 7517 8082 4673
f 6616 6620 6970
f 7272 6606 6933
f 7839 8077 7801
f 7235 7267 7301
f 7267 7338 7337
f 7301 7267 7337
f 7369 7407 7337
f 7338 7369 7337
f 7369 7446 7407
f 7545 7514 7482
f 7545 7581 7514
f 7978 8018 8058
f 8018 8059 8058
f 8059 8100 8058
f 8135 8174 8100
f 8174 8135 8207
f 8278 8318 8365
f 7992 8071 7991
f 8189 8188 8149
f 8220 8250 8219
f 8222 8297 8251
f 8337 8336 8294
f 8295 8337 8294
f 6306 7842 8192
f 7899 7860 5957
f 8028 8027 7990
f 7991 8028 7990
f 1913 1880 7161
f 7834 7868 7757
f 7992 7991 7954
f 7703 4880 1795
f 7287 9364 4707
f 9746 9782 9745
f 7876 8082 7517
f 7876 5935 8082
f 5979 7916 7702
f 6430 6880 7025
f 1879 1880 5255
f 1795 4880 7843
f 7210 7165 7235
f 7370 7369 7338
f 7447 7446 7369
f 7370 7447 7369
f 7515 7482 7446
f 7447 7515 7446
f 7616 7581 7545
f 7616 7615 7581
f 7646 7678 7615
f 7616 7646 7615
f 7646 7679 7678
f 7679 7718 7678
f 7748 7782 7718
f 7679 7748 7718
f 7782 7821 7820
f 7821 7896 7820
f 7821 7897 7896
f 7979 7978 7896
f 7897 7979 7896
f 7979 8018 7978
f 8318 8278 8241
f 8318 8319 8365
f 8319 8404 8365
f 8365 8404 8437
f 8437 7030 6794
f 8150 8149 8112
f 7914 7955 7913
f 7697 7661 5139
f 7843 7920 8348
f 8348 7920 631
f 7920 5319 631
f 8075 8115 8074
f 5277 5241 8418
f 8337 5277 8418
f 7955 7992 7954
f 7729 6880 6430
f 6018 6706 7927
f 8764 8795 8763
f 9548 9547 9461
f 8327 8373 8326
f 7862 7949 7948
f 7288 5225 7960
f 7171 7393 7392
f 7996 8074 7995
f 5422 5442 5421
f 9462 9461 9424
f 7169 5111 8084
f 7169 8325 5111
f 7273 7525 8325
f 7169 7273 8325
f 7273 7423 7525
f 7423 7517 7525
f 7423 7384 7517
f 7384 7876 7517
f 8858 8828 8761
f 7078 7238 6833
f 5827 7872 7836
f 3512 6520 7412
f 4352 7532 6107
f 7235 7236 7267
f 7236 7338 7267
f 7515 7545 7482
f 7979 8019 8018
f 8019 8060 8059
f 8018 8019 8059
f 8059 8060 8100
f 8060 8136 8135
f 8100 8060 8135
f 8136 8175 8135
f 8175 8208 8207
f 8135 8175 8207
f 8207 8208 8241
f 8241 8208 8318
f 8319 8366 8404
f 8404 6889 8437
f 9117 4685 9082
f 7955 7954 7913
f 5241 594 595
f 6790 7207 7598
f 8381 4677 8380
f 5604 7449 7409
f 8262 7764 7379
f 3337 7728 7665
f 7431 7837 8324
f 5734 7876 7384
f 7186 1796 7171
f 7431 8324 7825
f 5801 4926 5301
f 5746 9872 7901
f 9111 9110 9046
f 8643 8698 8666
f 9343 9389 9427
f 5321 7169 8084
f 7451 5321 8084
f 8041 7384 7423
f 6079 6129 7735
f 7288 7960 7959
f 7551 7217 7806
f 595 594 1713
f 5311 3610 594
f 7166 7211 7235
f 7165 7166 7235
f 7235 7211 7236
f 7339 7338 7236
f 7371 7370 7338
f 7483 7515 7447
f 7546 7545 7515
f 7546 7616 7545
f 7546 7647 7616
f 7647 7646 7616
f 7680 7679 7646
f 7647 7680 7646
f 7680 7783 7679
f 7783 7748 7679
f 7822 7782 7748
f 7783 7822 7748
f 7822 7821 7782
f 7980 7979 7897
f 7980 8019 7979
f 8061 8060 8019
f 8060 8061 8136
f 8175 8209 8208
f 8320 8318 8208
f 8209 8320 8208
f 8318 8320 8319
f 8319 8320 8366
f 8366 8405 8404
f 8404 8405 6889
f 7450 5832 5095
f 3610 127 594
f 8254 8299 8253
f 6729 6493 7277
f 6335 6334 5324
f 5767 7757 7725
f 5889 3337 7665
f 8248 8290 8289
f 4909 5836 5803
f 7599 7596 682
f 7785 7393 8298
f 7697 5139 7352
f 7249 7280 7279
f 7870 7914 7835
f 5436 3389 7183
f 4708 5423 5422
f 9237 9275 9274
f 8510 8540 8539
f 8539 8540 8560
f 5812 7451 8004
f 5812 5321 7451
f 8178 7169 5321
f 8178 7273 7169
f 8422 7423 7273
f 8422 8041 7423
f 8446 7032 5793
f 4746 5807 7590
f 7825 8324 7288
f 7622 7586 7623
f 6870 1078 8434
f 7211 7268 7236
f 7268 7339 7236
f 7338 7339 7371
f 7448 7370 7371
f 7448 7447 7370
f 7484 7483 7447
f 7448 7484 7447
f 7483 7546 7515
f 7822 7898 7821
f 7898 7897 7821
f 7898 7980 7897
f 8020 8019 7980
f 8020 8061 8019
f 9762 879 9680
f 8111 8148 8069
f 7882 7257 8157
f 5502 6424 7349
f 126 6334 5831
f 7731 7729 6867
f 5110 5361 6880
f 7467 8345 7861
f 6538 7277 7247
f 7322 4708 5422
f 9133 9274 9236
f 8540 8579 8560
f 9428 9514 9471
f 7749 8178 5321
f 8396 7273 8178
f 8396 8422 7273
f 8396 7353 8422
f 7353 8041 8422
f 5422 4707 9364
f 7752 7829 7788
f 5354 6052 5257
f 7151 7167 7166
f 7166 7167 7211
f 7340 7339 7268
f 7547 7546 7483
f 7484 7547 7483
f 7617 7647 7546
f 7547 7617 7546
f 7617 7648 7647
f 7648 7680 7647
f 7823 7822 7783
f 7860 7898 7822
f 7823 7860 7822
f 7945 7980 7898
f 7945 8020 7980
f 8101 8061 8020
f 8137 8136 8061
f 8137 8175 8136
f 8137 8209 8175
f 8209 8321 8320
f 8321 8367 8366
f 8320 8321 8366
f 8366 8367 8405
f 205 204 169
f 7720 7752 7788
f 7960 7694 7847
f 7959 7960 7847
f 7305 8040 8438
f 3695 6782 6719
f 5110 6880 7729
f 7731 5110 7729
f 9397 9721 6051
f 6051 9721 9756
f 4473 5831 6334
f 7220 6538 7247
f 8300 8301 5283
f 7847 7694 5001
f 7322 5422 9364
f 8579 8599 8560
f 9789 1807 1784
f 7874 5812 8004
f 5812 7749 5321
f 7749 8396 8178
f 7353 7549 8041
f 7694 7281 7964
f 7211 7269 7268
f 7340 7372 7371
f 7339 7340 7371
f 7408 7448 7371
f 7372 7408 7371
f 7408 7485 7448
f 7485 7484 7448
f 7548 7547 7484
f 5872 7680 7648
f 5872 7783 7680
f 5872 7823 7783
f 7946 7898 7860
f 7946 7945 7898
f 7945 8101 8020
f 8101 8137 8061
f 8210 8209 8137
f 8279 8321 8209
f 8210 8279 8209
f 8367 8406 8405
f 8405 8406 6895
f 5304 3426 5350
f 7467 682 8345
f 5001 7925 7732
f 8194 3743 3685
f 5277 1768 5311
f 4670 5313 5140
f 9906 3147 3786
f 1888 1829 1830
f 1863 1888 1830
f 1850 1913 7150
f 7150 1913 7152
f 7191 7760 7759
f 1879 1796 7186
f 666 6591 2959
f 7732 7925 4670
f 7925 5313 4670
f 5421 4707 5422
f 9240 9312 9276
f 8642 8641 8618
f 8457 8489 8456
f 8534 8564 8545
f 8088 8396 7749
f 7353 8076 7549
f 2748 4960 9575
f 8418 5241 1771
f 6866 7181 7167
f 7167 7181 7211
f 7211 7181 7269
f 7269 7302 7340
f 7268 7269 7340
f 7302 7372 7340
f 7548 7484 7485
f 7487 7519 7518
f 7824 7823 5872
f 7824 7860 7823
f 7981 7945 7946
f 7981 8021 7945
f 8021 8101 7945
f 8176 8137 8101
f 8176 8210 8137
f 8279 8322 8321
f 8322 8368 8367
f 8321 8322 8367
f 8368 8407 8406
f 8367 8368 8406
f 594 127 1713
f 76 3389 1713
f 7880 8122 7306
f 5140 1680 6614
f 8296 8250 8220
f 8221 8296 8220
f 6873 7769 7807
f 3066 3080 8877
f 7733 4968 5110
f 7731 7733 5110
f 7925 5169 5313
f 767 5255 5256
f 5255 1880 5256
f 9135 9207 9171
f 5949 5193 5950
f 5950 5193 1879
f 5461 5416 5460
f 6279 6356 4041
f 8221 8220 8190
f 7165 5854 7166
f 8299 6147 6201
f 9389 9343 9312
f 8642 8665 8641
f 8795 8893 8794
f 9752 9789 9751
f 8080 7874 8079
f 4672 5812 7874
f 8080 4672 7874
f 4672 7921 5812
f 7921 7749 5812
f 7921 8088 7749
f 8088 7873 8396
f 7873 7353 8396
f 7353 7873 8076
f 3275 3321 7567
f 6614 1680 5883
f 5144 9760 9396
f 7372 7373 7408
f 7486 7485 7408
f 7516 7548 7485
f 7486 7516 7485
f 6146 8340 8297
f 5322 5195 8393
f 4066 4107 4473
f 5409 5399 8569
f 9833 3759 9869
f 7899 7946 7860
f 7899 7981 7946
f 8022 8021 7981
f 8022 8062 8021
f 8062 8101 8021
f 8062 8138 8176
f 8101 8062 8176
f 8280 8279 8210
f 8279 8280 8322
f 7165 7210 5854
f 8076 7524 5785
f 9672 9712 9595
f 6968 6967 8356
f 7733 8224 4968
f 4968 5382 6601
f 1433 1850 5257
f 1909 767 8416
f 8416 767 5256
f 6554 6535 6536
f 4926 597 1769
f 7800 471 8349
f 8151 8221 8190
f 9552 9551 9508
f 9004 9045 9003
f 9297 9298 9332
f 8120 4672 8080
f 4674 7921 4672
f 4674 7875 7921
f 7875 8088 7921
f 7873 8034 8076
f 8076 8034 7524
f 5168 1908 8349
f 8152 8116 8117
f 7237 7269 7181
f 9253 9115 9116
f 7237 7302 7269
f 7373 7372 7302
f 7252 7283 7251
f 7486 5667 7516
f 9746 9703 9782
f 9995 9854 9865
f 4352 4746 5328
f 7784 1780 5746
f 6218 8323 1765
f 8488 8454 8455
f 6012 7981 7899
f 6012 8022 7981
f 8063 8062 8022
f 8063 8138 8062
f 8211 8176 8138
f 8211 8210 8176
f 8242 8280 8210
f 8211 8242 8210
f 8280 6247 8322
f 6247 8369 8368
f 8322 6247 8368
f 8368 8369 8407
f 8369 6360 8407
f 8407 6360 6894
f 8152 6093 8116
f 5866 5268 42
f 7409 7341 6408
f 5141 7351 7733
f 9243 9242 9207
f 9243 9316 9242
f 9316 9315 9242
f 9431 9430 9346
f 9347 9431 9346
f 9431 9474 9430
f 9558 9517 9474
f 9558 1788 9600
f 9517 9558 9600
f 6989 6988 6381
f 8869 8868 8802
f 8968 9047 9006
f 1809 1785 9791
f 8385 5286 9826
f 9203 9239 9238
f 9555 9595 9554
f 8587 8607 8627
f 9112 9111 9047
f 8900 8932 8962
f 9105 9041 9042
f 9201 9200 9164
f 3079 8938 8877
f 8871 8932 8900
f 9033 9073 9099
f 9711 9791 9790
f 8675 8704 8674
f 9239 9203 9166
f 9711 9710 9671
f 9711 9790 9710
f 8515 8532 8531
f 9200 9233 9163
f 9463 9506 9462
f 8491 8511 8529
f 257 194 195
f 9608 9673 9352
f 9134 9133 9073
f 9201 9234 9200
f 9642 5885 5884
f 9213 9247 9283
f 9100 9101 9167
f 9386 9467 9385
f 9467 9466 9385
f 8938 8969 8937
f 9007 8968 8969
f 8682 8681 8656
f 7224 8682 8656
f 8581 8621 8601
f 5228 9896 6063
f 9091 9066 9067
f 8682 8738 8681
f 8738 8774 8737
f 8774 8807 8737
f 9623 9622 9590
f 8988 9028 8987
f 9665 9748 9704
f 9093 9161 9131
f 9430 9429 9392
f 9867 7597 9873
f 8932 8963 8962
f 9313 9314 9345
f 9346 9392 9345
f 9278 9242 9313
f 9314 9346 9345
f 9242 9314 9313
f 9871 9959 8261
f 8731 8804 8803
f 8830 8796 8765
f 8865 8927 8864
f 8962 8963 8999
f 5885 9642 5862
f 1946 1883 56
f 5952 3878 7597
f 9608 9352 3455
f 8619 8666 8642
f 9137 9136 9106
f 9173 9172 9136
f 9104 9135 9103
f 9506 9548 9462
f 9104 9103 9077
f 9137 9173 9136
f 9243 9207 9172
f 9173 9243 9172
f 8742 9217 3055
f 8954 8920 8921
f 9348 9347 9315
f 8773 8806 8805
f 9041 9104 9077
f 9135 9171 9103
f 3917 658 4647
f 1571 1611 9259
f 9381 9425 9303
f 9158 9195 9129
f 3042 3043 7197
f 3079 8877 3080
f 9048 9047 8968
f 8655 8680 7196
f 8938 8937 8877
f 8680 8679 7196
f 4398 9997 9886
f 9007 9048 8968
f 9048 9112 9047
f 4377 518 455
f 9009 9353 6063
f 8388 5995 6694
f 1846 9282 9246
f 5859 5828 9567
f 8680 8708 8679
f 9237 9133 9134
f 9385 9466 9384
f 9555 9554 9512
f 8547 8587 8565
f 9275 9340 9274
f 8807 8870 8835
f 9397 6127 9721
f 6028 9793 6051
f 9229 9194 9300
f 8519 8518 8499
f 9343 9342 9311
f 8738 8708 8681
f 9236 9235 9202
f 9385 9384 9338
f 9339 9385 9338
f 9890 9437 9009
f 9686 9716 9981
f 9477 9523 9437
f 9890 9477 9437
f 9477 9604 3049
f 9523 9477 3049
f 3049 9604 9400
f 9033 8995 9073
f 9112 9178 9143
f 8739 8738 8682
f 8808 8807 8774
f 8836 8870 8807
f 8808 8836 8807
f 8870 8836 8871
f 8675 8674 8649
f 3124 1970 9114
f 9938 9477 9890
f 9889 9877 5192
f 9938 9604 9477
f 9604 9180 9400
f 5836 5109 10000
f 9400 9180 5956
f 9000 8999 8963
f 9107 9106 8999
f 9000 9107 8999
f 9107 9137 9106
f 9506 9623 9548
f 9105 9104 9041
f 9242 9278 9206
f 9244 9243 9173
f 9180 9604 9938
f 4718 7903 4719
f 9279 9316 9243
f 9244 9279 9243
f 9316 9348 9315
f 9393 9347 9348
f 9110 9109 9080
f 8650 8675 8649
f 9475 9431 9347
f 8893 8921 8829
f 9393 9475 9347
f 9518 9474 9431
f 9475 9518 9431
f 9518 9558 9474
f 9518 1778 9558
f 1292 2104 190
f 8870 8871 8900
f 9516 9599 9515
f 8549 8519 8500
f 8549 8548 8519
f 9516 9515 9473
f 9429 9516 9473
f 9178 9248 9143
f 1816 1815 9632
f 7196 8679 7197
f 8622 8621 8581
f 9178 9249 9248
f 8651 8650 8607
f 8771 8731 8704
f 8732 8771 8704
f 8580 8579 8540
f 9594 9671 9629
f 9339 9338 9309
f 9074 9073 8995
f 9074 9203 9134
f 9599 9598 9515
f 9752 9709 9628
f 9742 9741 9658
f 9659 9742 9658
f 9249 1939 9321
f 8806 8807 8835
f 8651 8676 8650
f 8676 8675 8650
f 8732 8704 8675
f 9751 9788 9750
f 9593 9628 9627
f 9628 9670 9627
f 9550 9551 9592
f 8898 8899 8959
f 9508 9551 9465
f 8771 8804 8731
f 8899 8898 8869
f 8899 8931 8959
f 9598 9633 9632
f 604 3917 1381
f 9206 9278 9241
f 8985 9026 8954
f 9205 9206 9241
f 9467 9468 9510
f 9134 9203 9237
f 4678 4695 4694
f 9703 9319 9782
f 8999 9106 9042
f 9202 9235 9201
f 9309 9308 9235
f 9628 9709 9670
f 9751 9750 9709
f 8606 8648 8671
f 9551 9550 9507
f 9508 9465 9384
f 9551 9507 9465
f 9309 9338 9308
f 9073 9074 9134
f 9034 9074 8995
f 9789 1785 1807
f 9511 9554 9553
f 9341 9387 9386
f 9171 9206 9205
f 9387 9468 9386
f 9041 9077 9040
f 8773 8805 8736
f 9310 9341 9275
f 9659 9658 9616
f 8496 8495 8461
f 8462 8496 8461
f 8517 8516 8495
f 8496 8517 8495
f 9202 9201 9165
f 9554 9594 9553
f 9630 9671 9594
f 8708 8773 8736
f 8679 8708 8678
f 9106 9105 9042
f 8708 8736 8678
f 9388 9387 9342
f 9598 9599 9633
f 9100 9167 9166
f 8868 8869 8898
f 9034 8995 8958
f 8959 9034 8958
f 9388 9469 9387
f 9343 9388 9342
f 8769 8768 8727
f 9129 9128 9066
f 9630 9711 9671
f 4720 4739 3617
f 5341 5129 2158
f 8745 4185 4073
f 9319 9823 4737
f 9897 9995 9847
f 9202 9165 9098
f 8739 8774 8738
f 8901 8871 8836
f 195 9247 196
f 8901 8932 8871
f 9107 9138 9137
f 9174 9173 9137
f 9138 9174 9137
f 9174 9244 9173
f 9595 9712 9630
f 3067 3081 3066
f 2396 2278 9758
f 1362 986 4716
f 9723 1361 9718
f 8745 4699 4185
f 6063 9829 9716
f 9194 9229 9156
f 1809 9791 1810
f 8516 8517 8563
f 9099 9202 9098
f 391 3545 9257
f 8997 9037 8996
f 9394 9348 9316
f 9394 9393 9348
f 9216 6005 5830
f 9517 9599 9516
f 9502 9586 9546
f 8794 8893 8829
f 9093 9027 9028
f 1361 9435 8745
f 8745 9435 4699
f 9032 9072 9071
f 9099 9098 9072
f 8619 8618 8600
f 8996 9036 9035
f 9790 9752 9710
f 9671 9710 9629
f 8990 9030 8989
f 9031 9030 8990
f 9031 9096 9030
f 8807 8806 8737
f 8738 8737 8708
f 9341 9340 9275
f 9345 9392 9391
f 8993 8994 9032
f 196 9249 9321
f 9313 9345 9344
f 8548 8547 8519
f 9051 5190 3466
f 3197 9435 1361
f 9435 9219 4699
f 9219 9051 4699
f 3466 4152 9051
f 4152 4151 9051
f 8938 3102 8970
f 8992 8993 9032
f 8529 8580 8540
f 8921 8892 8829
f 9510 9509 9467
f 9096 9095 9030
f 4028 3862 673
f 9840 7590 5807
f 8709 8739 8682
f 8683 8709 8682
f 8775 8774 8739
f 8775 8808 8774
f 8837 8836 8808
f 8837 8872 8836
f 9171 9205 9170
f 9171 9170 9102
f 9103 9171 9102
f 9598 9632 9597
f 8872 8901 8836
f 8964 8932 8901
f 8964 8963 8932
f 9043 9000 8963
f 8964 9043 8963
f 9043 9107 9000
f 9040 9077 9039
f 9103 9102 9038
f 9245 9244 9174
f 9277 9313 9344
f 3066 8876 8812
f 9718 1361 5411
f 3197 4530 964
f 9219 5190 9051
f 5190 9525 3466
f 9758 2031 1980
f 3466 9525 9251
f 8929 8957 8992
f 8511 8530 8561
f 9278 9313 9277
f 9280 9279 9244
f 9241 9278 9277
f 9245 9280 9244
f 9317 9316 9279
f 9280 9317 9279
f 9317 9394 9316
f 8679 8678 8654
f 9475 9519 9518
f 9143 9248 9214
f 9231 9230 9195
f 9598 9597 9557
f 9473 9515 9472
f 9598 9557 9515
f 9429 9473 9391
f 9392 9429 9391
f 9077 9103 9038
f 6123 6147 8254
f 8959 8958 8898
f 8970 3102 3101
f 9077 9038 9039
f 8650 8649 8627
f 8970 8969 8938
f 8732 8675 8676
f 833 9361 801
f 5951 5952 5649
f 9435 3648 9219
f 9219 3648 5190
f 9525 9290 9251
f 9290 9293 9220
f 9251 9290 9220
f 8957 8993 8992
f 8896 8897 8929
f 8930 8957 8929
f 5262 4718 9823
f 8897 8930 8929
f 8581 8601 8561
f 9704 9747 9703
f 8970 9007 8969
f 9236 9309 9235
f 9466 9508 9384
f 8493 8514 8474
f 9467 9509 9466
f 5286 8385 4721
f 9553 9594 9629
f 9237 9274 9133
f 8514 8515 8531
f 9754 9712 1812
f 8606 8671 8626
f 8605 8606 8626
f 9463 9462 9425
f 9470 9471 9512
f 9508 9509 9552
f 9753 9712 9754
f 9752 9751 9709
f 8698 8764 8697
f 9022 9063 9062
f 3648 1417 5190
f 5190 1417 9525
f 6958 6921 1430
f 391 550 3545
f 8867 8897 8896
f 9110 9142 9109
f 8619 8642 8618
f 9179 9178 9112
f 9703 9746 9664
f 3049 4586 6239
f 3058 8549 8500
f 8834 8867 8896
f 8800 8801 8834
f 8770 8729 8800
f 8801 8867 8834
f 8729 8801 8800
f 8702 8703 8770
f 8672 8673 8702
f 8703 8729 8770
f 8648 8673 8672
f 8671 8648 8672
f 8564 8586 8605
f 8673 8703 8702
f 9143 9214 9111
f 9167 9239 9166
f 9198 9197 9160
f 9515 9557 9472
f 8740 8739 8709
f 9238 9310 9275
f 9089 9125 9154
f 5859 9641 5919
f 1417 9674 9525
f 9674 9605 9290
f 9525 9674 9290
f 9605 9355 9290
f 9355 3144 9293
f 9290 9355 9293
f 3144 9819 9635
f 9293 3144 9635
f 9819 9736 3545
f 9635 9819 3545
f 3781 9933 9895
f 9736 9257 3545
f 8815 8879 8840
f 4762 3729 1826
f 9068 9067 8985
f 9826 9825 9786
f 9473 9472 9390
f 8740 8775 8739
f 8809 8808 8775
f 8809 8837 8808
f 8902 8901 8872
f 8902 8964 8901
f 9044 9043 8964
f 9078 9107 9043
f 9597 9556 9557
f 8586 8606 8605
f 9177 9142 9213
f 8625 8646 8624
f 8625 8624 8604
f 8670 8669 8646
f 8566 8608 8548
f 8566 8548 8549
f 8608 8607 8587
f 8608 8587 8548
f 8608 8651 8607
f 8960 8959 8931
f 9078 9139 9107
f 9139 9138 9107
f 9342 9341 9310
f 9283 9247 195
f 7347 391 9257
f 9382 9381 9337
f 9391 9473 9390
f 9342 9387 9341
f 9208 9245 9174
f 9138 9208 9174
f 8736 8772 8735
f 8960 9034 8959
f 9779 9820 3729
f 512 583 577
f 9556 9597 9631
f 9238 9237 9203
f 8994 8995 9033
f 8669 8727 8668
f 8533 8516 8544
f 8669 8668 8646
f 8727 8701 8668
f 8624 8646 8623
f 8495 8516 8494
f 7153 8477 8463
f 9748 9747 9704
f 9424 9505 9460
f 9394 9432 9393
f 9432 9475 9393
f 9204 9205 9241
f 986 3547 911
f 1948 3825 2006
f 9605 9322 9355
f 9322 9404 3144
f 9355 9322 3144
f 9404 9722 9819
f 3144 9404 9819
f 9819 9722 9736
f 9736 9806 9257
f 9255 7347 9257
f 9806 9255 9257
f 9255 5160 7347
f 9469 9468 9387
f 9170 9205 9204
f 9432 9519 9475
f 8736 8735 8678
f 2399 3480 4369
f 9179 9215 9178
f 9668 9707 9667
f 9215 9249 9178
f 9075 9074 9034
f 9100 9166 9074
f 9166 9203 9074
f 9238 9275 9237
f 8490 8509 8489
f 8511 8561 8529
f 8546 8547 8564
f 8603 8602 8562
f 8602 8645 8622
f 8667 8726 8700
f 8767 8766 8726
f 8516 8533 8494
f 8956 9031 8990
f 8495 8476 8461
f 9097 9132 9096
f 986 1362 3547
f 9284 1939 9249
f 9215 9284 9249
f 9249 196 9248
f 9512 9554 9511
f 3372 8119 9674
f 9674 8119 9605
f 7918 9936 9835
f 9382 9463 9381
f 8515 8533 8532
f 9595 9594 9554
f 9270 9336 9269
f 9047 9046 9006
f 9752 9790 9789
f 9072 9033 9099
f 9753 9711 9630
f 8653 8628 8609
f 8584 8583 8544
f 8511 8491 8492
f 9560 5043 6377
f 3038 9293 9635
f 8602 8622 8582
f 8602 8582 8562
f 8531 8532 8542
f 8532 8562 8542
f 8513 8514 8531
f 8767 8797 8766
f 9004 9109 9045
f 8495 8494 8476
f 9109 9141 9045
f 9625 9623 9506
f 1816 9632 9633
f 3069 9217 7251
f 8584 8604 8583
f 9047 9111 9046
f 8865 8864 8832
f 9006 9046 8936
f 3372 3185 8119
f 8119 9761 9605
f 9605 9761 9322
f 9722 9816 9736
f 9816 9781 9806
f 9736 9816 9806
f 9781 9481 9806
f 9481 9255 9806
f 9490 5160 9255
f 9481 9490 9255
f 8032 8814 5973
f 9490 5129 5160
f 9271 9270 9197
f 9464 9506 9463
f 9270 9269 9196
f 9595 9630 9594
f 1926 618 5317
f 175 4837 4858
f 9076 9169 9101
f 9343 9427 9388
f 9164 9163 9132
f 9097 9164 9132
f 9164 9200 9163
f 1832 1806 1784
f 9200 9306 9233
f 9306 9273 9233
f 9306 9305 9273
f 9306 9337 9305
f 9069 9093 9028
f 8764 8763 8697
f 6050 9756 9721
f 9022 9021 8950
f 8989 9030 8988
f 8547 8586 8564
f 8706 8705 8677
f 8797 8831 8766
f 9625 9624 9623
f 8604 8624 8583
f 8906 9006 8936
f 9046 9005 8936
f 9036 9100 9075
f 3185 9761 8119
f 9761 7698 9322
f 7698 9755 9404
f 9322 7698 9404
f 9404 9755 9722
f 9722 9755 9816
f 7695 599 9399
f 9046 9080 9005
f 8601 8620 8600
f 9815 5112 3641
f 9827 8385 9826
f 5175 4869 5220
f 9513 9512 9471
f 3327 3498 9784
f 8935 8934 8904
f 5460 5495 8386
f 4317 794 4316
f 8859 8795 8796
f 8859 8894 8795
f 8561 8601 8580
f 8473 8472 8459
f 8514 8513 8474
f 1784 9788 9751
f 9159 9158 9092
f 9068 9130 9067
f 8622 8644 8621
f 8958 8995 8994
f 8968 9006 8906
f 8937 8968 8906
f 3185 3623 9761
f 9761 3623 7698
f 2158 5129 9490
f 5341 5011 5129
f 9199 9198 9161
f 9005 9004 8967
f 8935 9005 8967
f 9093 9131 9027
f 8684 8683 8657
f 9337 9381 9305
f 8898 8930 8897
f 9920 2033 9970
f 1750 523 4172
f 9793 6105 9397
f 8996 9035 8961
f 8742 8839 8778
f 8839 8838 8778
f 8699 8698 8643
f 7903 5262 3498
f 9199 9272 9198
f 9787 9707 9668
f 8957 8958 8994
f 9509 9508 9466
f 9142 9177 9109
f 5220 9476 3185
f 3185 9476 3623
f 9183 9755 7698
f 8813 9183 7698
f 9183 9637 9755
f 9637 7312 9816
f 9755 9637 9816
f 9816 7312 9781
f 7312 9289 9481
f 9781 7312 9481
f 9289 9638 9481
f 9638 9490 9481
f 9638 2158 9490
f 4275 4159 5162
f 9168 9276 9239
f 9709 9750 9708
f 8710 8709 8683
f 8684 8710 8683
f 8710 8740 8709
f 8776 8775 8740
f 8512 8492 8472
f 8696 8721 8695
f 8548 8587 8547
f 6005 6029 6028
f 9168 9239 9167
f 8798 8832 8768
f 8530 8541 8561
f 9304 9303 9272
f 6029 9793 6028
f 9793 9602 6105
f 8985 9067 9026
f 8955 8985 8954
f 8621 8644 8620
f 8644 8699 8643
f 8644 8643 8620
f 8511 8512 8530
f 9504 9503 9378
f 9303 9302 9271
f 9787 9786 9707
f 3623 8813 7698
f 5884 9764 9763
f 8701 8667 8668
f 9709 9708 9670
f 8986 9068 8985
f 8776 8809 8775
f 8529 8561 8580
f 8903 8872 8837
f 8809 8903 8837
f 8831 8861 8766
f 8701 8767 8726
f 9465 9507 9426
f 9621 9620 9589
f 9212 1875 9211
f 9008 2773 286
f 8639 8696 8638
f 8561 8541 8581
f 191 1010 158
f 6029 9602 9793
f 4845 4827 4828
f 8894 8893 8795
f 8534 8517 8496
f 9304 9381 9303
f 9177 9213 9212
f 9272 9303 9271
f 8519 8547 8518
f 9303 9380 9302
f 9827 9826 9786
f 9787 9827 9786
f 4869 9476 5220
f 9476 9401 3623
f 3623 9401 8813
f 8813 9221 9183
f 9442 9637 9183
f 9221 9442 9183
f 9442 7312 9637
f 9442 9759 7312
f 9759 9289 7312
f 9634 9638 9289
f 9634 9050 2158
f 9638 9634 2158
f 9050 9575 5048
f 2158 9050 5048
f 5048 9575 4922
f 8919 8983 8952
f 9318 3063 9349
f 9592 9591 9550
f 9635 4022 3038
f 8510 8491 8529
f 8902 9001 8964
f 9129 9195 9157
f 9159 9196 9158
f 9764 7730 5948
f 8032 5973 5972
f 9008 2777 2773
f 8829 8858 8793
f 9196 9231 9195
f 8512 8513 8530
f 8513 8512 8473
f 8859 8860 8894
f 9402 9476 4869
f 9476 9402 9401
f 9401 9528 8813
f 8813 9528 9221
f 9221 9821 9442
f 9821 9759 9442
f 9561 9289 9759
f 9561 9634 9289
f 9575 5265 4922
f 9461 9547 9505
f 8831 8862 8861
f 9111 9214 9110
f 9301 9335 9230
f 9001 9044 8964
f 9335 9333 9230
f 9334 9421 9333
f 9044 9078 9043
f 8803 8869 8802
f 9808 7382 7730
f 9764 9808 7730
f 7382 5625 7242
f 7730 7382 7242
f 7242 5625 8032
f 8814 5830 5973
f 9269 9301 9231
f 41 2109 2344
f 9216 9480 6029
f 6029 9480 9602
f 9480 9398 9602
f 9398 9688 2531
f 4286 4421 2560
f 9154 9192 9191
f 8894 8922 8893
f 8955 8954 8922
f 9196 9195 9158
f 9824 9823 9747
f 9785 3327 9784
f 5223 9961 9831
f 9099 9073 9133
f 9461 9505 9424
f 9303 9424 9380
f 9561 8781 9634
f 8781 9575 9050
f 9634 8781 9050
f 9575 4960 5265
f 9335 9377 9334
f 8956 8990 8926
f 9377 9502 9422
f 9209 9138 9139
f 9209 9208 9138
f 9502 9501 9422
f 8725 8830 8765
f 5859 9567 9641
f 9567 9642 9641
f 1789 9519 1790
f 2260 2286 511
f 7730 7242 5971
f 8032 5625 8814
f 9986 6800 9860
f 9351 9398 9480
f 9351 9688 9398
f 9688 9601 9483
f 227 195 196
f 9092 9158 9091
f 9619 9704 9618
f 9786 9825 9749
f 9707 9706 9667
f 9622 9621 9590
f 5280 9402 5172
f 9402 9678 9401
f 9606 9528 9401
f 9678 9606 9401
f 9606 9291 9528
f 9222 9221 9528
f 9291 9222 9528
f 9250 9821 9221
f 9222 9250 9221
f 9250 9759 9821
f 8781 2748 9575
f 9706 9785 9705
f 9666 9706 9705
f 9785 9784 9705
f 9377 9422 9334
f 8769 8798 8768
f 9587 9586 9502
f 9384 9465 9383
f 9336 9423 9378
f 9208 9318 9245
f 9318 9280 9245
f 9349 9317 9280
f 9318 9349 9280
f 9395 9394 9317
f 2610 1852 4384
f 9567 9643 9642
f 4701 9117 4702
f 7382 7877 5625
f 7877 3479 5625
f 3479 8878 8814
f 5625 3479 8814
f 8878 9717 5830
f 8814 8878 5830
f 9717 9802 5830
f 9802 9792 9216
f 5830 9802 9216
f 9216 9792 9480
f 9792 3566 9480
f 3566 9351 9480
f 9351 9601 9688
f 9192 9227 9191
f 8905 8904 8874
f 8701 8726 8667
f 9109 9177 9141
f 8763 8762 8697
f 9707 9786 9749
f 9131 9160 9130
f 3498 3327 7903
f 1419 9759 9250
f 1419 9561 9759
f 1419 7803 8781
f 9561 1419 8781
f 8781 7803 2748
f 2908 158 1221
f 9384 9383 9307
f 8798 8799 8833
f 9349 9395 9317
f 3045 9432 9394
f 9395 3045 9394
f 9557 9514 9472
f 3045 1790 9432
f 9432 1790 9519
f 5828 9568 9567
f 9568 9643 9567
f 9691 9766 5862
f 9766 9809 9808
f 9809 2135 7382
f 9808 9809 7382
f 7382 2135 7877
f 9565 9351 3566
f 9565 3621 9601
f 9351 9565 9601
f 3621 9563 9601
f 9563 8972 4959
f 9336 9301 9269
f 8922 8954 8921
f 8582 8581 8541
f 9707 9749 9706
f 9460 9504 9423
f 9235 9308 9234
f 9750 9828 9787
f 4865 9402 5280
f 9259 9678 9402
f 9678 5138 9606
f 5138 9291 9606
f 9258 9222 9291
f 9258 9250 9222
f 9258 3193 9250
f 3193 1419 9250
f 9482 2748 7803
f 9352 4960 2748
f 9482 9352 2748
f 9625 9591 9626
f 9338 9384 9307
f 9557 9556 9514
f 9691 9730 9766
f 9730 9809 9766
f 7877 9182 3479
f 3479 9182 8878
f 9182 9717 8878
f 9802 9433 9792
f 9433 9562 9792
f 9562 9524 3566
f 9792 9562 3566
f 9524 9565 3566
f 9524 9675 9565
f 9675 3621 9565
f 9441 9563 3621
f 9441 8972 9563
f 8699 8765 8698
f 9235 9234 9201
f 9214 9142 9110
f 8550 8566 8549
f 9072 9098 9071
f 5146 5147 9294
f 9678 9259 5138
f 9288 9291 5138
f 9288 9258 9291
f 9288 9325 9258
f 9325 3193 9258
f 3193 3541 1419
f 1419 3541 7803
f 3541 9650 7803
f 9650 9482 7803
f 9750 9787 9708
f 9312 9311 9276
f 9046 9110 9080
f 9338 9307 9308
f 9106 9136 9105
f 9340 9386 9339
f 9032 8994 9072
f 5532 5531 5505
f 9485 9568 5828
f 5505 5506 5532
f 9568 9529 9643
f 9529 9644 9691
f 9643 9529 9691
f 9691 9644 9730
f 2135 3728 7877
f 7877 3728 9182
f 9182 9719 9717
f 9719 8780 9802
f 9717 9719 9802
f 8780 1420 9433
f 9802 8780 9433
f 9562 9411 9524
f 9675 9527 3621
f 9527 9441 3621
f 9521 8972 9441
f 9521 9438 8972
f 7630 6948 6843
f 8860 8922 8894
f 9305 9381 9304
f 8992 9032 9071
f 8550 8549 3058
f 9204 9241 9277
f 9259 9526 5138
f 9526 9288 5138
f 9325 7652 3193
f 7652 3541 3193
f 7652 3461 3541
f 3541 3461 9650
f 3455 9482 9650
f 9482 3455 9352
f 8731 8730 8704
f 9169 9170 9204
f 9623 9590 9548
f 5862 9766 9808
f 9443 9444 9485
f 9485 9529 9568
f 9529 9569 9644
f 9730 9767 9809
f 9767 9810 2135
f 9809 9767 2135
f 2135 9810 3728
f 9182 3513 9719
f 1420 9682 9433
f 9433 9682 9562
f 9562 9682 9411
f 3280 9524 9411
f 3280 9675 9524
f 3280 9436 9675
f 9436 9527 9675
f 9527 9521 9441
f 5051 9560 9286
f 9029 9094 9069
f 8516 8563 8544
f 9273 9304 9232
f 8896 8929 8928
f 9474 9517 9430
f 9170 9169 9076
f 9102 9170 9076
f 9526 3647 9288
f 3647 9325 9288
f 9650 9405 3455
f 9405 7346 3455
f 7346 9608 3455
f 3177 3174 9982
f 8652 8676 8651
f 9102 9076 9037
f 9346 9430 9392
f 9444 9486 9485
f 9486 9530 9529
f 9485 9486 9529
f 9530 9569 9529
f 9569 9645 9644
f 9645 9731 9644
f 9644 9731 9730
f 9730 9731 9767
f 9810 3511 3728
f 3728 3511 9182
f 9182 3511 3513
f 3513 9720 9719
f 9720 1420 8780
f 9719 9720 8780
f 1420 7241 9682
f 9218 9527 9436
f 9218 6377 9527
f 6377 9521 9527
f 6189 9969 9982
f 9233 9273 9232
f 9168 9167 9101
f 8628 8651 8608
f 8705 8732 8676
f 9984 9844 9833
f 8507 8506 8487
f 9253 9526 1611
f 9253 3647 9526
f 3756 9325 3647
f 3756 7652 9325
f 3756 8000 7652
f 8000 3461 7652
f 9405 9650 3461
f 8000 9405 3461
f 3174 9996 6189
f 9982 3174 6189
f 8609 8628 8608
f 9038 9102 9037
f 9049 9048 9007
f 9711 9753 1786
f 5341 5048 4922
f 9407 9445 9444
f 9444 9445 9486
f 9569 9646 9645
f 9731 9768 9767
f 9768 9811 9810
f 9767 9768 9810
f 9810 9811 3511
f 8038 3513 3511
f 3513 9326 9720
f 9326 9725 9720
f 9720 9725 1420
f 9725 7241 1420
f 7241 5860 9682
f 9682 5860 9411
f 5860 9798 3280
f 9411 5860 3280
f 9780 9436 3280
f 9798 9780 3280
f 9780 9218 9436
f 1564 576 2542
f 8512 8511 8492
f 8700 8699 8644
f 1785 9789 9790
f 9132 9163 9162
f 9036 9075 9035
f 8652 8705 8676
f 9639 3647 9253
f 9639 3756 3647
f 9405 9412 7346
f 7346 3140 9608
f 9608 3140 9673
f 8702 8770 8799
f 8907 8941 8973
f 8941 9010 8973
f 5010 5645 4956
f 3786 9838 9906
f 5360 5043 5359
f 9407 9358 9445
f 9445 9487 9486
f 9486 9487 9530
f 9530 9570 9569
f 9569 9570 9646
f 9645 9692 9731
f 9731 9692 9768
f 3511 9811 8038
f 8038 9320 3513
f 3513 9320 9326
f 7241 9440 5860
f 9440 9363 5860
f 5860 9363 9798
f 9690 9218 9780
f 9560 6377 9218
f 9690 9560 9218
f 6000 5999 5970
f 8700 8725 8699
f 3498 9824 9783
f 9784 3498 9783
f 9233 9199 9162
f 9163 9233 9162
f 8705 8733 8732
f 8678 8735 8707
f 8933 8902 8872
f 8903 8933 8872
f 9116 9639 9253
f 9181 3756 9639
f 9181 9818 3756
f 9818 8000 3756
f 9818 9406 8000
f 9406 9405 8000
f 9405 9406 9412
f 9412 3521 7346
f 7346 3521 3140
f 9145 1970 1969
f 8645 8644 8622
f 8799 8770 8800
f 8678 8707 8654
f 8965 9001 8902
f 8933 8965 8902
f 8815 8841 8879
f 768 836 9520
f 8841 8908 8907
f 8879 8841 8907
f 8907 8908 8941
f 9021 9022 9062
f 9010 9082 4685
f 9071 9098 9070
f 1787 9672 9631
f 9079 9078 9044
f 9358 9408 9445
f 9408 9487 9445
f 9487 9531 9530
f 9530 9531 9570
f 9645 9646 9692
f 9692 9693 9768
f 9768 9812 9811
f 9812 3626 9811
f 9811 3626 8038
f 8038 3626 9320
f 9326 9726 9725
f 9726 8568 9725
f 9725 8568 7241
f 7241 8568 9440
f 9363 9799 9798
f 9683 9780 9798
f 9799 9683 9798
f 9683 9690 9780
f 8725 8765 8699
f 9784 9783 9665
f 9705 9784 9665
f 8541 8542 8582
f 9233 9232 9199
f 9239 9276 9238
f 8626 8671 8647
f 9035 9034 8960
f 9747 9823 9319
f 9140 9139 9078
f 9079 9140 9078
f 9117 4701 4685
f 3079 3102 8938
f 9116 3544 9639
f 3544 9181 9639
f 1969 1968 9145
f 1417 3372 9674
f 9035 9075 9034
f 9140 9209 9139
f 6773 6805 8315
f 8842 8815 8782
f 8842 8841 8815
f 9246 9208 9209
f 9487 9488 9531
f 9531 9609 9570
f 9570 9609 9646
f 9609 9610 9646
f 9610 9693 9692
f 9646 9610 9692
f 9693 9812 9768
f 8568 9685 9440
f 9685 7917 9363
f 9440 9685 9363
f 7917 9799 9363
f 9439 9683 9799
f 9796 9690 9683
f 9439 9796 9683
f 9796 9286 9690
f 9286 9560 9690
f 5885 9808 9764
f 9882 9942 9870
f 9131 9130 9068
f 9095 9094 9029
f 9095 9132 9094
f 9132 9162 9094
f 8565 8587 8627
f 8798 8865 8832
f 9281 9318 9208
f 9246 9281 9208
f 2396 3544 9116
f 1980 9818 9181
f 3544 1980 9181
f 8744 9406 9818
f 1980 8744 9818
f 8744 9008 9406
f 9008 9412 9406
f 9008 286 3521
f 9412 9008 3521
f 7453 9324 5768
f 5722 5744 5721
f 9165 9164 9097
f 5400 8611 5410
f 8783 8842 8782
f 8842 8880 8841
f 8880 8908 8841
f 8974 8941 8908
f 8880 8974 8908
f 9011 9010 8941
f 8974 9011 8941
f 9011 9052 9082
f 9010 9011 9082
f 9953 2914 9894
f 7795 7794 9324
f 3062 3045 9395
f 6998 6999 7042
f 9324 9359 9358
f 7795 9324 9358
f 9359 9409 9408
f 9358 9359 9408
f 9409 9488 9487
f 9408 9409 9487
f 9488 9571 9531
f 9531 9571 9609
f 9571 9610 9609
f 9610 9694 9693
f 9693 9732 9812
f 9813 3328 3626
f 9812 9813 3626
f 3328 3214 3626
f 3626 3214 9320
f 3214 9727 9320
f 9320 9727 9326
f 9326 9727 9726
f 9757 9799 7917
f 9757 9439 9799
f 9560 5051 5364
f 4676 9773 4692
f 9336 9335 9301
f 5112 9772 4935
f 8830 8859 8796
f 9095 9029 9030
f 9315 9347 9314
f 9597 1814 9631
f 2396 9758 3544
f 9758 1980 3544
f 8839 8875 8838
f 5262 7903 4718
f 9075 9100 9074
f 9113 9112 9048
f 8816 8842 8783
f 9117 9082 9052
f 9049 9113 9048
f 9115 1645 1646
f 9488 9532 9571
f 9532 9572 9571
f 9571 9572 9610
f 9610 9572 9694
f 9693 9694 9732
f 9812 9732 9813
f 9727 8743 9726
f 8743 9804 8568
f 9726 8743 8568
f 8568 9804 9685
f 9804 9794 9685
f 9685 9794 7917
f 9794 9478 7917
f 7917 9478 9757
f 9287 9439 9757
f 9287 9796 9439
f 9287 9286 9796
f 9873 9851 9863
f 8830 8860 8859
f 8517 8545 8563
f 9113 9179 9112
f 9517 9600 9599
f 8927 8926 8864
f 8994 9033 9072
f 5948 9763 9764
f 9311 9342 9310
f 8629 8658 7072
f 6858 8629 7072
f 8747 8816 8783
f 8843 8842 8816
f 8843 8880 8842
f 8942 8974 8880
f 9053 9011 8974
f 9053 9052 9011
f 9083 9117 9052
f 9083 9147 9117
f 9117 9147 4702
f 2777 9008 8744
f 9130 9159 9092
f 5973 5830 6005
f 9324 5744 9359
f 5744 9410 9409
f 9359 5744 9409
f 9410 9446 9488
f 9409 9410 9488
f 9488 9446 9532
f 9732 9769 9813
f 3646 3214 3328
f 3646 9350 9727
f 3214 3646 9727
f 9350 9728 9727
f 9727 9728 8743
f 9354 9287 9757
f 9478 9354 9757
f 9354 9715 9287
f 9715 9286 9287
f 9715 5051 9286
f 9715 7844 5051
f 5827 7836 9407
f 7844 4784 5051
f 9633 71 1816
f 9505 9588 9504
f 9271 9302 9270
f 8990 8989 8925
f 8926 8990 8925
f 8545 8585 8563
f 8546 8564 8534
f 8498 8546 8534
f 9311 9310 9238
f 8763 8794 8762
f 1940 9215 9179
f 8475 8493 8474
f 8667 8700 8645
f 3327 3617 7903
f 9030 9029 8988
f 9067 9066 9025
f 9026 9067 9025
f 9501 9420 9421
f 9422 9501 9421
f 8494 8533 8493
f 6631 8747 8711
f 9012 8974 8942
f 9012 9053 8974
f 9053 9083 9052
f 9826 5286 9825
f 8741 8710 8684
f 7251 8741 8684
f 9450 7322 9413
f 9324 7453 5744
f 9446 9489 9532
f 9489 9533 9532
f 9532 9533 9572
f 9533 9647 9572
f 9572 9647 9694
f 9647 9733 9694
f 9694 9733 9732
f 9732 9733 9769
f 9769 3328 9813
f 3149 3646 3328
f 9728 8779 8743
f 8743 8779 9804
f 9804 9260 9794
f 9794 9260 9478
f 9981 9716 9900
f 6510 6324 5891
f 9302 9379 9270
f 8585 8584 8563
f 8498 8534 8497
f 9704 9664 9618
f 7495 3843 3838
f 8777 8740 8710
f 8741 8777 8710
f 8777 8776 8740
f 8726 8725 8700
f 8810 8809 8776
f 8873 8903 8809
f 8810 8873 8809
f 9002 9001 8965
f 9002 9044 9001
f 8685 8712 6631
f 8712 8747 6631
f 8784 8816 8747
f 8784 8843 8816
f 8909 8880 8843
f 8909 8942 8880
f 9054 9053 9012
f 9118 9083 9053
f 9054 9118 9053
f 9149 9147 9083
f 9118 9149 9083
f 9149 9148 9147
f 4689 9576 4675
f 7453 5721 5744
f 9002 9079 9044
f 4827 4845 4844
f 9410 5744 5722
f 9769 7345 3328
f 3328 7345 3149
f 3149 3499 3646
f 3499 9484 9350
f 3646 3499 9350
f 9350 9484 9728
f 8779 9254 9804
f 9804 9254 9260
f 9260 9689 9478
f 9478 9689 9354
f 9354 8971 9715
f 8971 9729 7844
f 9715 8971 7844
f 9729 9714 7844
f 5824 6456 5591
f 485 5144 9681
f 6256 4696 4715
f 8926 8925 8863
f 8864 8926 8863
f 8585 8605 8604
f 8498 8497 8477
f 9210 9209 9140
f 9210 9246 9209
f 9390 9472 9428
f 9472 9514 9428
f 9556 9631 9596
f 7731 6512 7733
f 8748 8747 8712
f 8748 8784 8747
f 8844 8843 8784
f 8844 8909 8843
f 8943 8942 8909
f 9013 9012 8942
f 8943 9013 8942
f 9013 9055 9012
f 9055 9054 9012
f 9084 9118 9054
f 9148 9149 4686
f 9282 9281 9246
f 9618 9585 9545
f 9195 9230 9194
f 2158 5048 5341
f 5722 9447 9446
f 9410 5722 9446
f 9446 9447 9489
f 9534 9611 9647
f 9533 9534 9647
f 9611 9695 9647
f 9695 9733 9647
f 9695 9770 9733
f 9733 9770 9769
f 9769 9770 7345
f 7345 8303 3149
f 8303 3499 3149
f 9484 9357 9728
f 9357 8939 8779
f 9728 9357 8779
f 8779 8939 9254
f 9260 9677 9689
f 9689 9448 9354
f 9448 8971 9354
f 8971 5258 9729
f 3641 485 9681
f 485 3641 5112
f 8864 8863 8797
f 8832 8864 8797
f 8584 8585 8604
f 9080 9109 9004
f 9712 9753 9630
f 9204 9277 9240
f 9517 9516 9429
f 9312 9344 9389
f 9517 9429 9430
f 9172 9135 9104
f 8713 8712 8685
f 8686 8713 8685
f 8713 8748 8712
f 8817 8784 8748
f 8817 8844 8784
f 8881 8909 8844
f 8975 9013 8943
f 9055 9084 9054
f 9150 9118 9084
f 9150 9149 9118
f 9184 4686 9149
f 9150 9184 9149
f 3101 9007 8970
f 9704 9703 9664
f 9347 9346 9314
f 7052 487 7092
f 9489 9534 9533
f 9611 9648 9695
f 9648 9734 9770
f 9695 9648 9770
f 9734 9814 9770
f 9814 7345 9770
f 9814 8303 7345
f 3644 3499 8303
f 3644 9484 3499
f 8939 3324 9254
f 3324 9677 9260
f 9254 3324 9260
f 9146 9689 9677
f 9689 9146 9448
f 9448 9713 8971
f 9713 5258 8971
f 9729 9676 9714
f 9714 9676 4999
f 3843 7495 6738
f 8605 8625 8604
f 8647 8646 8625
f 9080 9004 9005
f 9240 9277 9312
f 9277 9344 9312
f 8472 8492 8471
f 8749 8748 8713
f 8749 8817 8748
f 8943 8909 8881
f 9085 9055 9013
f 8975 9085 9013
f 9119 9084 9055
f 9085 9119 9055
f 9119 9150 9084
f 9315 9314 9242
f 9094 9093 9069
f 3101 9049 9007
f 9091 9158 9129
f 5768 9324 7794
f 9563 4959 9483
f 9489 5723 9534
f 3642 3644 8303
f 9360 9357 9484
f 3644 9360 9484
f 9360 8939 9357
f 9677 9522 9146
f 9146 9713 9448
f 5258 9256 9729
f 9729 9256 9676
f 9148 4686 4703
f 9590 9621 9589
f 8647 8670 8646
f 8936 9005 8935
f 9142 9214 9247
f 9144 9179 9113
f 9144 1940 9179
f 8654 8707 8653
f 8654 8653 8610
f 3042 8654 8610
f 4889 5362 1026
f 8714 8713 8686
f 8714 8749 8713
f 8818 8817 8749
f 8845 8844 8817
f 8818 8845 8817
f 8845 8881 8844
f 8910 8943 8881
f 8910 8944 8943
f 8944 8975 8943
f 9056 9085 8975
f 9119 9185 9150
f 9185 9184 9150
f 9185 9223 9184
f 5884 5885 9764
f 9447 5723 9489
f 9162 9161 9093
f 5723 5383 9534
f 5383 9573 9534
f 9573 9611 9534
f 9573 9648 9611
f 9648 9735 9734
f 9734 9771 9814
f 3785 8303 9814
f 9771 3785 9814
f 3785 3642 8303
f 5922 9677 3324
f 5922 9522 9677
f 9522 9805 9146
f 9146 9805 9713
f 9713 9252 5258
f 5258 9252 9256
f 9256 9762 9676
f 9762 9680 9676
f 9680 3547 4999
f 9676 9680 4999
f 4999 3547 1362
f 8653 8652 8628
f 9217 8741 7251
f 8777 8810 8776
f 8687 8686 8658
f 8687 8714 8686
f 8714 8818 8749
f 8882 8881 8845
f 8882 8910 8881
f 9014 8975 8944
f 9014 9056 8975
f 9120 9119 9085
f 9056 9120 9085
f 9151 9185 9119
f 9120 9151 9119
f 9151 9186 9185
f 9185 9186 9223
f 9141 9177 9176
f 9573 9649 9648
f 9648 9649 9735
f 9815 3785 9771
f 9607 3644 3642
f 9607 9360 3644
f 9081 8939 9360
f 9081 766 3324
f 8939 9081 3324
f 766 5922 3324
f 9805 9795 9713
f 9713 9795 9252
f 9252 7628 9256
f 9256 7628 9762
f 9618 9664 9585
f 9600 1788 1817
f 8728 8669 8670
f 8898 8958 8930
f 9195 9194 9157
f 3042 8610 3043
f 8934 8903 8873
f 8934 8933 8903
f 8785 8818 8714
f 8945 8944 8910
f 8882 8945 8910
f 8945 8976 8944
f 8976 9014 8944
f 5416 3978 4740
f 9223 4704 9184
f 1786 9791 9711
f 577 1038 512
f 5383 9574 9573
f 9573 9574 9649
f 9772 9771 9734
f 9735 9772 9734
f 9772 9815 9771
f 3641 3642 3785
f 9815 3641 3785
f 9362 9360 9607
f 9362 9081 9360
f 9522 9800 9805
f 9805 9800 9795
f 9795 9323 9252
f 9252 9323 7628
f 9505 9504 9460
f 8643 8619 8620
f 8832 8797 8767
f 8669 8728 8727
f 9307 9383 9337
f 9312 9343 9311
f 9079 9175 9140
f 9175 9210 9140
f 9210 1846 9246
f 8688 8687 8658
f 8750 8714 8687
f 8750 8785 8714
f 8846 8845 8818
f 8785 8846 8818
f 8883 8882 8845
f 8846 8883 8845
f 8883 8945 8882
f 9015 9014 8976
f 9121 9056 9014
f 9121 9120 9056
f 9152 9151 9120
f 9121 9152 9120
f 9187 9186 9151
f 9152 9187 9151
f 9187 9224 9186
f 349 7467 7189
f 9172 9207 9135
f 9696 9735 9649
f 9696 9772 9735
f 3848 3838 3843
f 9681 3642 3641
f 9681 9607 3642
f 9681 9362 9607
f 9362 7422 9081
f 7422 766 9081
f 7422 9603 766
f 9603 5922 766
f 9603 9522 5922
f 9522 9603 9800
f 9323 9361 7628
f 7628 9361 9762
f 8768 8832 8767
f 8727 8728 8769
f 8798 8833 8865
f 9703 9747 9319
f 7148 6790 8458
f 6790 7148 7162
f 3405 4679 4696
f 8659 8658 8629
f 8611 8659 8629
f 8659 8688 8658
f 8688 8750 8687
f 8786 8785 8750
f 9015 9121 9014
f 9262 4687 9224
f 9187 9262 9224
f 9262 7287 4687
f 2714 3782 3784
f 4688 7322 9491
f 1740 4989 4980
f 9576 4688 9491
f 4989 1740 1289
f 4967 47 5003
f 9396 9362 9681
f 9396 7422 9362
f 9603 9636 9800
f 9636 9797 9795
f 9800 9636 9795
f 9795 9797 9323
f 7835 7795 7871
f 9460 9423 9379
f 8768 8767 8701
f 8833 8866 8865
f 9341 9386 9340
f 9231 9301 9230
f 8501 8521 8520
f 8521 8552 8551
f 8520 8521 8551
f 8552 8570 8569
f 8551 8552 8569
f 8569 8570 5400
f 8570 8612 8611
f 5400 8570 8611
f 8689 8688 8659
f 8751 8750 8688
f 8751 8786 8750
f 8819 8785 8786
f 8819 8846 8785
f 8884 8883 8846
f 8819 8884 8846
f 8884 8911 8883
f 8911 8945 8883
f 8977 8976 8945
f 8911 8977 8945
f 8977 9015 8976
f 9122 9121 9015
f 9057 9122 9015
f 9122 9152 9121
f 9225 9187 9152
f 9225 9262 9187
f 9327 9413 9364
f 7287 9327 9364
f 9364 9413 7322
f 2714 3824 2309
f 2714 3784 3824
f 9576 9612 4675
f 8084 9958 9853
f 8621 8620 8601
f 9136 9172 9104
f 5144 9396 9681
f 8746 7422 9396
f 3255 9603 7422
f 8746 3255 7422
f 9603 3255 9636
f 9323 9292 9361
f 9292 801 9361
f 9933 3781 3073
f 8923 8922 8860
f 9380 9460 9379
f 8765 8764 8698
f 8866 8928 8927
f 8812 8839 8742
f 9665 9704 9619
f 8464 8480 8446
f 8480 8464 8501
f 8660 8659 8611
f 8612 8660 8611
f 8660 8689 8659
f 8689 8751 8688
f 9057 9015 8977
f 9153 9152 9122
f 9188 9225 9152
f 9153 9188 9152
f 9188 9263 9225
f 9263 9262 9225
f 9295 7287 9262
f 9263 9295 9262
f 7287 9295 9327
f 9535 9576 9491
f 9576 9535 9612
f 9612 4676 4675
f 9468 9467 9386
f 9896 9829 6063
f 7287 4707 4687
f 9760 8746 9396
f 3255 9640 9636
f 9640 9449 9797
f 9636 9640 9797
f 9797 9449 9323
f 9449 9292 9323
f 9398 2531 6078
f 8923 8955 8922
f 9380 9379 9302
f 8624 8623 8603
f 8865 8866 8927
f 9272 9271 9198
f 8465 8464 8446
f 8447 8465 8446
f 8465 8502 8464
f 8502 8501 8464
f 8553 8552 8521
f 8553 8571 8552
f 8571 8570 8552
f 8613 8612 8570
f 8589 8613 8570
f 8820 8786 8751
f 8820 8819 8786
f 8820 8847 8819
f 8847 8884 8819
f 8884 8946 8911
f 8946 8977 8911
f 9123 9122 9057
f 9123 9153 9122
f 9365 9413 9327
f 9451 9450 9413
f 9492 9491 9450
f 9451 9492 9450
f 9492 9535 9491
f 8877 8937 8876
f 8580 8600 8579
f 9285 8746 9760
f 9285 7883 8746
f 7883 3255 8746
f 7883 9801 3255
f 3255 9801 9640
f 9801 9564 9640
f 9640 9564 9449
f 9449 8940 9292
f 9198 9271 9197
f 8493 8515 8514
f 8991 9070 9031
f 8544 8583 8543
f 9070 9097 9096
f 8862 8895 8861
f 8988 8987 8924
f 8502 8521 8501
f 8571 8589 8570
f 8661 8612 8613
f 8661 8660 8612
f 8752 8751 8689
f 8752 8820 8751
f 9058 9057 8977
f 8946 9058 8977
f 9058 9123 9057
f 9226 9263 9188
f 9226 9295 9263
f 9365 9327 9295
f 9414 9413 9365
f 9414 9451 9413
f 9536 9535 9492
f 9651 9612 9535
f 9536 9651 9535
f 9651 9737 4676
f 9612 9651 4676
f 4676 9737 9773
f 9737 9774 9773
f 1787 9631 1813
f 9824 3498 5262
f 4728 9010 4685
f 8962 8999 8998
f 8998 8999 9042
f 8803 8802 8730
f 9285 9803 7883
f 9803 9801 7883
f 9801 7533 9564
f 9564 8940 9449
f 8940 9479 9292
f 9783 9824 9748
f 9027 9068 8986
f 9161 9198 9160
f 8624 8603 8583
f 9547 9588 9505
f 9463 9425 9381
f 8443 8448 8447
f 8448 8465 8447
f 8535 8521 8502
f 8535 8553 8521
f 8715 8660 8661
f 8715 8689 8660
f 8715 8752 8689
f 8787 8820 8752
f 8912 8884 8847
f 8913 8912 8847
f 8912 8946 8884
f 9086 9123 9058
f 9086 9124 9123
f 9124 9153 9123
f 9189 9188 9153
f 9189 9226 9188
f 9264 9295 9226
f 9493 9451 9414
f 9493 9492 9451
f 9493 9536 9492
f 9680 879 3547
f 5699 5723 9447
f 9801 9803 7533
f 7533 9566 9564
f 9564 9566 8940
f 9349 3062 9395
f 9070 9096 9031
f 9424 9460 9380
f 8927 8956 8926
f 8503 8502 8465
f 8448 8503 8465
f 8503 8535 8502
f 8572 8571 8553
f 8572 8589 8571
f 8630 8613 8589
f 8630 8661 8613
f 8630 8690 8661
f 8690 8715 8661
f 8690 8753 8715
f 8753 8752 8715
f 8848 8847 8820
f 8787 8848 8820
f 8848 8913 8847
f 8978 8946 8912
f 8947 8978 8912
f 8978 9058 8946
f 8978 9059 9058
f 9059 9086 9058
f 9189 9153 9124
f 9328 9365 9295
f 9264 9328 9295
f 9328 9415 9365
f 9415 9414 9365
f 9537 9536 9493
f 9537 9577 9536
f 9577 9651 9536
f 9577 9652 9651
f 9738 9737 9651
f 9652 9738 9651
f 9738 9774 9737
f 5360 9521 6377
f 9026 9025 8920
f 8737 8806 8773
f 8620 8619 8600
f 9294 9285 9765
f 9294 9356 9285
f 9356 9803 9285
f 9403 5200 7695
f 5036 5160 5011
f 8923 8986 8955
f 8533 8544 8543
f 8646 8668 8623
f 8927 8928 8956
f 8991 9031 8956
f 9305 9304 9273
f 8921 8920 8892
f 9136 9104 9105
f 3124 9049 3101
f 3124 9114 9049
f 8449 8448 8443
f 8481 8503 8448
f 8481 8504 8503
f 8504 8535 8503
f 8504 8554 8535
f 8554 8553 8535
f 8554 8572 8553
f 8590 8589 8572
f 8590 8630 8589
f 8788 8787 8752
f 8753 8788 8752
f 8913 8947 8912
f 8979 8978 8947
f 8979 9059 8978
f 9190 9265 9226
f 9189 9190 9226
f 9265 9264 9226
f 9452 9493 9414
f 9415 9452 9414
f 9452 9537 9493
f 9775 9774 9738
f 9775 3522 9774
f 9114 9113 9049
f 9356 9724 9803
f 9724 3595 9803
f 9803 3595 7533
f 7533 3595 9566
f 9566 8033 8940
f 8940 8033 9520
f 9161 9160 9131
f 8543 8583 8562
f 8811 8810 8777
f 8444 8449 8443
f 8449 8481 8448
f 8591 8590 8572
f 8590 8631 8630
f 8691 8690 8630
f 8631 8691 8630
f 8754 8753 8690
f 8691 8754 8690
f 8849 8787 8788
f 8849 8848 8787
f 8885 8913 8848
f 8885 8914 8913
f 8914 8947 8913
f 9060 9059 8979
f 9266 9265 9190
f 9329 9264 9265
f 9329 9328 9264
f 9416 9415 9328
f 9329 9416 9328
f 9453 9452 9415
f 9453 9538 9452
f 9578 9537 9452
f 9538 9578 9452
f 9578 9577 9537
f 9578 9613 9577
f 9653 9652 9577
f 9613 9653 9577
f 9697 9738 9652
f 9653 9697 9652
f 9697 9775 9738
f 4694 3522 9775
f 4384 1852 3971
f 8811 8874 8810
f 8904 8873 8810
f 8874 8904 8810
f 9184 4704 4686
f 9426 9507 9464
f 3595 9684 9566
f 9566 9684 8033
f 8033 9687 9520
f 5160 5036 7347
f 1876 9116 2912
f 4586 3049 9400
f 9423 9504 9378
f 9664 9663 9585
f 8904 8934 8873
f 8966 8965 8933
f 8934 8966 8933
f 9003 9002 8965
f 8444 8466 8449
f 8482 8481 8449
f 8466 8482 8449
f 8482 8504 8481
f 8482 8522 8504
f 8522 8554 8504
f 8522 8555 8554
f 8592 8572 8554
f 8555 8592 8554
f 8592 8591 8572
f 8591 8631 8590
f 8754 8788 8753
f 8821 8849 8788
f 8849 8885 8848
f 9016 8947 8914
f 9016 8979 8947
f 9016 9060 8979
f 9265 9266 9329
f 9416 9453 9415
f 9776 9775 9697
f 9775 9776 4694
f 8966 9003 8965
f 9108 9079 9002
f 9003 9108 9002
f 6002 7730 5971
f 9356 8229 9724
f 9724 1779 3595
f 1779 9684 3595
f 9684 9687 8033
f 9772 5112 9815
f 9632 1815 1814
f 3049 6239 9523
f 8532 8543 8562
f 8930 8958 8957
f 9340 9339 9274
f 9108 9175 9079
f 8593 8592 8555
f 8632 8591 8592
f 8593 8632 8592
f 8632 8631 8591
f 8692 8691 8631
f 8632 8692 8631
f 8716 8754 8691
f 8692 8716 8691
f 8789 8788 8754
f 8789 8821 8788
f 8850 8849 8821
f 8850 8885 8849
f 9296 9329 9266
f 9417 9416 9329
f 9296 9417 9329
f 9454 9453 9416
f 9494 9538 9453
f 9454 9494 9453
f 9579 9578 9538
f 9579 9613 9578
f 4678 4694 9776
f 4935 485 5112
f 4073 4185 3451
f 8031 6738 7495
f 5828 5858 9443
f 4695 6256 4715
f 6256 4695 4678
f 1779 9434 9684
f 9434 9679 9684
f 9679 9822 9687
f 9684 9679 9687
f 8583 8603 8562
f 8623 8602 8603
f 8653 8677 8652
f 8563 8584 8544
f 8597 8596 8558
f 9556 9596 9513
f 9145 9144 9113
f 9114 9145 9113
f 283 284 2094
f 9112 9143 9111
f 8445 8450 8444
f 8450 8466 8444
f 8483 8482 8466
f 8523 8522 8482
f 8483 8523 8482
f 8523 8556 8522
f 8556 8555 8522
f 8573 8593 8555
f 8556 8573 8555
f 8593 8633 8632
f 8693 8692 8632
f 8633 8693 8632
f 8717 8716 8692
f 8693 8717 8692
f 8717 8755 8716
f 8790 8789 8754
f 8789 8850 8821
f 8915 8885 8850
f 8915 8914 8885
f 8980 9016 8914
f 8915 8980 8914
f 8980 9017 9016
f 9417 9454 9416
f 9539 9538 9494
f 9539 9579 9538
f 9654 9613 9579
f 9654 9653 9613
f 9698 9697 9653
f 9654 9698 9653
f 9777 9776 9697
f 9698 9777 9697
f 9777 9817 9776
f 9817 4678 9776
f 9817 6256 4678
f 334 2094 284
f 9514 9556 9513
f 9724 8229 1779
f 9679 9261 9822
f 9261 769 9822
f 9519 1789 9559
f 8668 8645 8602
f 8875 8905 8838
f 9234 9306 9200
f 8936 8905 8875
f 9383 9426 9382
f 9631 9672 9596
f 8812 8742 3055
f 7881 4720 3617
f 8450 8483 8466
f 8614 8593 8573
f 8614 8633 8593
f 8822 8789 8790
f 8886 8850 8789
f 8822 8886 8789
f 8886 8915 8850
f 9366 9417 9296
f 9455 9454 9417
f 9455 9494 9454
f 9580 9579 9539
f 9580 9654 9579
f 3405 6256 9817
f 9353 9009 9437
f 8518 8546 8498
f 8567 8566 8550
f 3521 286 3140
f 7695 9434 1779
f 9403 7695 1779
f 9434 9261 9679
f 9284 9215 1940
f 8924 8987 8923
f 9028 9027 8987
f 8623 8668 8602
f 9426 9464 9463
f 8652 8651 8628
f 7322 9450 9491
f 8727 8768 8701
f 8484 8483 8450
f 8484 8505 8483
f 8505 8523 8483
f 8557 8556 8523
f 8505 8557 8523
f 8574 8573 8556
f 8557 8574 8556
f 8573 8574 8614
f 8574 8634 8614
f 8634 8633 8614
f 8662 8693 8633
f 8634 8662 8633
f 8662 8717 8693
f 8756 8755 8717
f 8851 8886 8822
f 8886 8916 8915
f 8916 8980 8915
f 9367 9366 9296
f 9366 9455 9417
f 9495 9494 9455
f 9495 9539 9494
f 9614 9654 9580
f 9614 9655 9654
f 9699 9698 9654
f 9655 9699 9654
f 9699 9739 9698
f 9739 9777 9698
f 4745 9817 9777
f 9739 4745 9777
f 4745 3405 9817
f 3197 1361 9723
f 8588 8608 8566
f 8567 8588 8566
f 9274 9309 9236
f 9091 9129 9066
f 9773 9774 4692
f 5951 5649 6282
f 1806 9788 1784
f 9160 9159 9130
f 8868 8898 8897
f 9788 3150 9828
f 9098 9097 9070
f 8607 8650 8627
f 9259 9402 4865
f 5317 3972 9723
f 8467 8484 8450
f 8557 8575 8574
f 8575 8594 8574
f 8615 8634 8574
f 8594 8615 8574
f 8615 8635 8634
f 8635 8662 8634
f 8635 8694 8662
f 8662 8756 8717
f 8824 8755 8756
f 8823 8851 8822
f 8851 8916 8886
f 8981 8980 8916
f 8980 9018 9017
f 9367 9455 9366
f 9540 9539 9495
f 9540 9580 9539
f 4745 4679 3405
f 5200 599 7695
f 9217 8742 8741
f 8778 8777 8741
f 8742 8778 8741
f 8588 8609 8608
f 8610 8609 8588
f 7175 7033 7154
f 9434 9399 9261
f 9399 6723 9261
f 9788 9828 9750
f 8778 8811 8777
f 8536 8505 8484
f 8505 8536 8557
f 8536 8575 8557
f 8694 8756 8662
f 8948 8981 8916
f 8981 9019 9018
f 8980 8981 9018
f 9456 9455 9367
f 9456 9495 9455
f 9581 9580 9540
f 9581 9614 9580
f 9700 9699 9655
f 9700 9739 9699
f 9700 9778 9739
f 9778 4745 9739
f 8394 4679 4745
f 879 9762 9361
f 9383 9382 9337
f 8936 8935 8905
f 9307 9337 9306
f 8698 8697 8666
f 9399 703 6723
f 9160 9197 9159
f 9197 9270 9196
f 8861 8895 8860
f 8895 8924 8923
f 8863 8862 8831
f 8476 8494 8475
f 8601 8600 8580
f 9169 9204 9168
f 8468 8467 8451
f 8452 8468 8451
f 8485 8484 8467
f 8468 8485 8467
f 8485 8536 8484
f 8576 8594 8575
f 8636 8635 8615
f 8636 8694 8635
f 8791 8824 8756
f 8791 8825 8824
f 8852 8851 8823
f 8917 8916 8851
f 8852 8917 8851
f 8917 8948 8916
f 8982 8981 8948
f 8981 8982 9019
f 9456 9367 9368
f 9541 9495 9456
f 9541 9540 9495
f 9656 9614 9581
f 9656 9655 9614
f 9701 9700 9655
f 9656 9701 9655
f 9701 9740 9700
f 9740 9778 9700
f 9778 8394 4745
f 9176 9175 9108
f 8499 8498 8478
f 3150 7584 9828
f 9426 9463 9382
f 8668 8667 8645
f 6846 7663 7664
f 1818 1788 1778
f 8895 8923 8860
f 9549 9625 9506
f 8499 8518 8498
f 8707 8735 8706
f 8707 8677 8653
f 9211 9210 9175
f 9176 9211 9175
f 8524 8536 8485
f 8524 8537 8536
f 8537 8576 8575
f 8536 8537 8575
f 8616 8594 8576
f 8616 8615 8594
f 8616 8636 8615
f 8718 8694 8636
f 8757 8756 8694
f 8718 8757 8694
f 8757 8791 8756
f 9369 9456 9368
f 9541 9581 9540
f 9740 4762 9778
f 4762 8394 9778
f 8394 7375 4679
f 8546 8518 8547
f 8547 8565 8586
f 9549 9506 9464
f 9379 9423 9336
f 8766 8861 8830
f 8797 8863 8831
f 8925 8895 8862
f 8987 8986 8923
f 8494 8493 8475
f 9708 9668 9669
f 9670 9708 9669
f 8707 8706 8677
f 8735 8734 8706
f 8649 8674 8673
f 9130 9092 9067
f 8469 8468 8452
f 8486 8485 8468
f 8469 8486 8468
f 8486 8524 8485
f 8577 8616 8576
f 8637 8636 8616
f 8637 8718 8636
f 8719 8757 8718
f 8887 8917 8852
f 8949 8948 8917
f 8949 8982 8948
f 8949 9020 8982
f 9020 9061 8982
f 9496 9456 9369
f 9496 9541 9456
f 9615 9656 9581
f 9615 9657 9656
f 9702 9701 9656
f 9657 9702 9656
f 9702 9740 9701
f 9282 1846 1845
f 5970 9807 6000
f 9749 9825 9785
f 8937 8906 8876
f 8737 8773 8708
f 8893 8922 8921
f 8673 8674 8703
f 8730 8729 8703
f 9465 9426 9383
f 9708 9787 9668
f 8532 8533 8543
f 8533 8515 8493
f 9823 9824 5262
f 9379 9336 9270
f 8861 8860 8830
f 8863 8925 8862
f 8925 8924 8895
f 9550 9549 9507
f 8606 8627 8648
f 8627 8649 8648
f 8565 8627 8606
f 8586 8565 8606
f 8648 8649 8673
f 8674 8704 8703
f 8877 8876 3066
f 8486 8525 8524
f 8525 8538 8537
f 8524 8525 8537
f 8538 8577 8576
f 8537 8538 8576
f 8595 8616 8577
f 8595 8617 8616
f 8617 8637 8616
f 8792 8791 8757
f 8719 8792 8757
f 8826 8825 8791
f 8792 8826 8791
f 8854 8853 8825
f 8826 8854 8825
f 8918 8917 8887
f 8918 8949 8917
f 9330 9370 9369
f 9370 9496 9369
f 9582 9541 9496
f 9582 9581 9541
f 9582 9615 9581
f 9779 9740 9702
f 9779 4762 9740
f 1940 1967 9284
f 9207 9242 9206
f 9386 9385 9339
f 8704 8730 8703
f 8802 8801 8729
f 8766 8830 8725
f 8925 8989 8924
f 9029 9028 8988
f 8989 8988 8924
f 8795 8794 8763
f 1783 8385 9827
f 9550 9591 9549
f 9670 9669 9627
f 9234 9308 9306
f 8730 8802 8729
f 8769 8799 8798
f 8453 8469 8452
f 8638 8637 8617
f 8695 8718 8637
f 8638 8695 8637
f 8720 8719 8718
f 8695 8720 8718
f 8950 8949 8918
f 8950 9021 8949
f 9021 9062 8949
f 9062 9020 8949
f 9062 9087 9020
f 9457 9496 9370
f 9457 9582 9496
f 5435 5317 9718
f 3729 4762 9779
f 8478 8477 7153
f 9096 9132 9095
f 8868 8867 8801
f 8802 8868 8801
f 8969 8968 8937
f 8479 8499 8478
f 8513 8531 8530
f 8530 8531 8542
f 8954 9026 8920
f 8542 8562 8582
f 9232 9272 9199
f 9162 9199 9161
f 9588 9620 9587
f 7584 1783 9827
f 9828 7584 9827
f 9828 9827 9787
f 9308 9307 9306
f 8868 8897 8867
f 8478 8498 8477
f 8470 8469 8453
f 8506 8486 8469
f 8470 8506 8469
f 8506 8525 8486
f 8525 8526 8538
f 8538 8595 8577
f 8639 8617 8595
f 8596 8639 8595
f 8639 8638 8617
f 8792 8719 8720
f 8855 8854 8826
f 8855 8888 8854
f 9371 9370 9330
f 9331 9371 9330
f 9371 9457 9370
f 9542 9582 9457
f 9542 9616 9582
f 9616 9615 9582
f 9658 9657 9615
f 9616 9658 9615
f 9658 9702 9657
f 9658 9741 9702
f 9820 9779 9702
f 9741 9820 9702
f 8957 8994 8993
f 9098 9165 9097
f 8500 8499 8479
f 9588 9587 9503
f 9504 9588 9503
f 8582 8622 8581
f 8986 8985 8955
f 9672 9595 9555
f 9076 9101 9036
f 9165 9201 9164
f 8454 8470 8453
f 8487 8506 8470
f 8525 8506 8526
f 8526 8558 8538
f 8558 8595 8538
f 8558 8596 8595
f 8696 8695 8638
f 8758 8792 8720
f 8758 8827 8792
f 8827 8826 8792
f 8827 8855 8826
f 9372 9371 9331
f 9371 9497 9457
f 9497 9542 9457
f 4690 4675 4676
f 4675 4690 4689
f 9038 9037 8997
f 8961 8960 8931
f 8771 8732 8733
f 8805 8806 8835
f 8772 8736 8805
f 8835 8870 8900
f 8998 9042 9041
f 9039 9038 8997
f 8805 8835 8900
f 8869 8803 8804
f 8997 8996 8961
f 8734 8735 8772
f 8772 8805 8900
f 8998 9041 9040
f 8900 8962 8998
f 8772 8900 8998
f 8772 8998 9040
f 8734 8772 9040
f 8961 8931 8899
f 8997 8961 8899
f 8899 8869 8804
f 8997 8899 8804
f 9039 8997 8804
f 8734 9040 9039
f 8734 9039 8804
f 8734 8804 8771
f 8734 8771 8733
f 8733 8705 8734
f 4935 9772 9696
f 9574 5383 5701
f 5058 5059 5090
f 9574 5701 5702
f 5058 5090 5089
f 9696 9649 9574
f 9696 9574 5702
f 5702 3611 5058
f 5702 5058 5089
f 9696 5702 5089
f 4935 9696 5089
f 9023 9022 8951
f 8823 8822 8790
f 8853 8854 8888
f 8888 8889 8952
f 8790 8754 8716
f 8790 8716 8755
f 8951 8950 8918
f 8824 8825 8853
f 9090 9128 9127
f 9090 9127 9065
f 9090 9065 9023
f 9024 9090 9023
f 8983 9024 9023
f 8983 9023 8951
f 8952 8983 8951
f 8952 8951 8918
f 8888 8952 8918
f 8888 8918 8887
f 8853 8888 8887
f 8790 8755 8824
f 8823 8790 8824
f 8823 8824 8853
f 8852 8823 8853
f 8887 8852 8853
f 9500 9501 9546
f 9586 9587 9620
f 9705 9665 9619
f 9545 9499 9500
f 9545 9500 9546
f 9545 9546 9586
f 9618 9545 9586
f 9619 9618 9586
f 9389 9344 9345
f 9389 9345 9391
f 9427 9389 9391
f 9469 9388 9427
f 9553 9629 9593
f 9428 9471 9470
f 9470 9512 9511
f 9705 9619 9586
f 9705 9586 9620
f 9666 9705 9620
f 9666 9620 9621
f 9667 9666 9621
f 9668 9667 9621
f 9668 9621 9622
f 9669 9668 9622
f 9627 9669 9622
f 9593 9627 9622
f 9553 9593 9622
f 9469 9427 9391
f 9592 9551 9552
f 9626 9591 9592
f 9510 9468 9469
f 9510 9469 9391
f 9511 9553 9622
f 9552 9509 9510
f 9470 9511 9622
f 9552 9510 9391
f 9390 9428 9470
f 9390 9470 9622
f 9592 9552 9391
f 9626 9592 9391
f 9624 9625 9626
f 9622 9623 9624
f 9624 9626 9391
f 9624 9391 9390
f 9019 8982 9061
f 9087 9062 9088
f 9330 9369 9368
f 9088 9154 9191
f 9368 9367 9296
f 9297 9331 9330
f 9018 9019 9061
f 9191 9227 9297
f 9191 9297 9330
f 9061 9020 9087
f 9087 9088 9191
f 9087 9191 9330
f 9061 9087 9330
f 9018 9061 9330
f 9190 9189 9124
f 9060 9016 9017
f 9330 9368 9296
f 9330 9296 9266
f 9124 9086 9059
f 9124 9059 9060
f 9190 9124 9060
f 9190 9060 9017
f 9266 9190 9017
f 9330 9266 9017
f 9018 9330 9017
f 9390 9622 9624
