5709  4  0
    0    1186   148  1237  1248
    1      65   262    67  1310
    2     549  1199  1367  1433
    3     617   984  1111  1146
    4     270   271   267  1231
    5     182   790  1107  1218
    6     434   113   428  1199
    7     408  1277   399   406
    8     496   522    87  1193
    9     474    73  1170  1244
   10     756   757  1058   759
   11     475  1302  1268   453
   12    1004  1195  1318  1370
   13     613   622   618  1245
   14    1211   393  1005   367
   15    1019  1044  1077  1085
   16    1120  1062  1122  1276
   17    1208   714  1227  1279
   18     575   576   233  1322
   19     548   555  1295  1330
   20     240     4   405  1436
   21    1174  1141  1363  1396
   22     478   453  1169  1315
   23     140  1250     5   576
   24    1128  1272  1388  1391
   25     755   775   774  1058
   26     287   453   284  1315
   27     434   530   556  1105
   28     370   371   351  1046
   29     106   535  1331  1416
   30    1358   926  1374  1425
   31     819   820  1037  1041
   32     436   437   111  1340
   33     484  1399  1331   489
   34    1199   112  1344  1340
   35     215  1439  1323   984
   36    1187  1062   311  1364
   37     827   829  1064  1379
   38     939   938   940   934
   39    1226    63  1309  1311
   40     121   533   488  1331
   41     816   749   817  1079
   42     653   151  1029  1192
   43     379    17   386  1206
   44     256  1236    53   261
   45     819   823   822  1037
   46    1053  1071  1093  1135
   47     440   451   445  1433
   48     421   467  1389  1430
   49     870   872   818  1388
   50      90  1319  1239   397
   51     527   130   529  1238
   52     786  1114   176  1034
   53    1141  1300  1363  1396
   54     804   187   807  1121
   55     301   307   504  1394
   56    1047  1101  1286  1356
   57      32   783   782  1171
   58     232   576  1250  1440
   59     827   826  1318  1349
   60    1096  1089  1244  1448
   61     796   802   798  1405
   62     234  1012  1017   237
   63     990  1049  1323  1439
   64     223   261    53  1236
   65     726   166  1065  1198
   66     750   742  1422   171
   67     582  1233  1148   581
   68    1118  1323   990  1049
   69     656  1278   153   657
   70    1198  1392   731  1065
   71    1209  1129  1331  1399
   72     378   376   374   377
   73    1020  1418  1258  1209
   74    1122  1268  1321  1333
   75    1030  1075  1156  1418
   76     517   515   513  1101
   77     505   507  1189  1275
   78    1125   710  1408  1413
   79    1152  1304   838   953
   80     268   367  1211   368
   81     894   965  1264  1360
   82    1062  1036  1075  1180
   83      81   314   315  1187
   84     397   396   395  1319
   85     245   249    62  1038
   86     264    78     2  1215
   87     946  1151   948   938
   88    1080  1431  1113  1434
   89    1053  1108  1135  1338
   90     743   800   798  1422
   91     113   434   433  1199
   92     940   939   934  1269
   93     710  1125  1273  1413
   94     988  1348  1093   584
   95      83   317   431  1187
   96     718   830   719  1210
   97     961   895   199  1438
   98     948   950  1304   953
   99     889   924   886  1299
  100     387   382   232  1066
  101    1126   383  1172   365
  102    1226  1337  1298  1411
  103    1386  1446  1104  1373
  104    1047  1325  1356  1378
  105     454  1254  1288  1365
  106     314  1075  1187  1265
  107     810   184  1043  1200
  108    1219   833  1267  1342
  109     307    80   506  1188
  110     633   642   632  1217
  111     291  1222  1373  1386
  112     122  1078  1190  1428
  113    1049  1022  1053  1048
  114    1047  1033  1050  1138
  115     515   517   913  1101
  116     631   147   633  1296
  117    1227  1210  1279  1342
  118     164  1279  1342   715
  119    1029  1024  1085  1224
  120    1382  1248  1091  1057
  121     599   601   602  1119
  122     551  1340   112  1433
  123     575   139   576  1092
  124     579   421  1389  1430
  125     979  1205   978   623
  126     972   977   969   974
  127     156   655   654   152
  128     780   874  1006  1218
  129     788   789   181  1034
  130      27  1336  1000  1225
  131    1032  1231  1250  1440
  132     979   980   987  1427
  133     215  1439   990  1323
  134     523   330  1193  1289
  135     383   372   366  1167
  136       2   264  1215  1337
  137    1192   806   808   805
  138     165   715   716   721
  139     930   896   894  1264
  140    1123  1180  1321  1426
  141      82   309   308  1276
  142    1232  1243  1133  1355
  143      76  1346  1365  1397
  144     960   961   199   212
  145     940   211   939  1269
  146    1302  1035  1096  1040
  147    1142  1216  1261  1288
  148    1115  1137  1031  1338
  149    1150  1174  1211  1328
  150     363    96   359  1206
  151     566   535   554  1416
  152     614   620   144  1106
  153     737   735  1138  1198
  154      35   669  1131  1154
  155     609   143   610   608
  156    1048  1088  1092  1118
  157    1135  1071  1003  1108
  158     180  1306   784  1185
  159     972   932   933   971
  160     623    33   621  1205
  161    1088  1098  1312  1403
  162     699   157   671  1229
  163     415   103  1164  1239
  164     119   469   468  1363
  165    1279  1379  1370  1064
  166     782   179  1253  1306
  167    1199   557   551  1433
  168     246     0  1211  1271
  169     520   523   522  1290
  170    1118  1323  1240   591
  171     242    58     2  1337
  172     377   378  1011  1184
  173     965   966   967  1360
  174    1038  1174  1231  1271
  175      12   304  1103  1133
  176     403  1443   240  1017
  177     152    28   655  1296
  178    1180  1201  1321  1426
  179    1196  1181  1208  1412
  180     918   921   204  1325
  181      13   315  1159  1449
  182    1026  1032  1231  1250
  183     336  1319    90   397
  184    1036  1062  1187  1364
  185     680  1230  1255  1314
  186     931   206   834  1282
  187    1076  1199  1099  1105
  188    1187  1191    83  1265
  189     616   618   620  1307
  190    1056  1181  1188  1189
  191     887   198   888  1426
  192    1133  1015  1222  1327
  193     245   252  1038  1174
  194     369   373  1011  1167
  195     222  1124   231   229
  196     977   213   209   935
  197    1079  1422  1200  1037
  198     411     3  1080  1434
  199    1060  1093  1071  1162
  200    1281  1259  1343  1382
  201     887  1153   888  1123
  202    1002  1015  1327  1346
  203    1078  1081  1428  1429
  204      14   482  1036  1364
  205     701   703   637  1352
  206     929   928   924  1177
  207    1122    77  1169  1120
  208     666  1131  1263   667
  209     760    45   763  1176
  210    1367  1330  1039  1099
  211     969   977   213   973
  212    1018  1129  1157  1335
  213    1055   845  1304  1362
  214    1156  1191   429   108
  215     204  1097  1325  1356
  216    1124  1061  1165  1326
  217     667   673  1257  1263
  218     542   541   543  1051
  219     785  1114  1313   787
  220    1070  1052  1284  1395
  221    1026   270  1032  1371
  222      60    58   242  1337
  223     268   247    69  1271
  224     677   672   674  1194
  225    1027  1013  1130  1401
  226     595  1406  1417  1232
  227     264  1309  1337    63
  228     233  1440   230  1441
  229     109   530  1105  1238
  230    1419   817   169  1079
  231     641   642   633  1217
  232     491   492   521   493
  233     672   158  1163  1194
  234     556    20  1099  1105
  235    1077  1261   698  1147
  236     269   270  1032  1231
  237     792   794  1058  1185
  238     675   670   150  1163
  239    1390  1384  1401  1438
  240     395   258    64  1341
  241     123  1112  1259  1291
  242     500   499  1057  1259
  243     335  1078   334  1193
  244    1216   689  1230  1261
  245     148   906   640  1186
  246     166   723  1065  1392
  247      90   340   337  1266
  248     773    45  1114  1176
  249     379   375   387   386
  250     514   128   513  1409
  251    1112   905    30  1291
  252     806   808   187  1420
  253     514    22   126  1262
  254    1039  1020  1129  1416
  255    1109  1166  1178  1217
  256     484   485  1190  1209
  257     896  1264  1353  1438
  258     790   182   149  1218
  259     534    15   488   489
  260     101   405  1113  1277
  261    1115  1229  1338  1108
  262     270     7    68  1026
  263    1386  1104  1119  1134
  264     261   256  1236  1284
  265    1191  1036   430  1238
  266     418  1095  1260  1436
  267     934  1381   935  1197
  268     814   815  1200  1419
  269     731  1392   730   166
  270    1211   267  1231  1271
  271     981   875   988    32
  272      25   561   532  1358
  273     406   401  1017  1277
  274    1107   790  1185  1306
  275    1009  1075  1180  1196
  276     499   235   239  1443
  277     783   782  1021  1306
  278     401   402  1017  1277
  279     709  1077  1149  1241
  280     255  1404   237  1012
  281    1022  1059  1147  1278
  282    1439   215   990   985
  283    1152   952  1168  1269
  284      91  1164  1239  1357
  285    1062    82  1122  1276
  286     252  1038  1174  1175
  287    1088  1098  1118  1240
  288     465  1128  1259  1324
  289     593  1173  1098   583
  290     280   282  1124  1371
  291    1152   838   191   953
  292     505   503  1305   908
  293     405   404  1113  1436
  294     188   803  1041  1270
  295     657   153   660  1278
  296     274     7    69  1243
  297     432  1156  1293  1301
  298    1003   647  1006  1160
  299     501   465   466  1281
  300    1145  1091  1402  1442
  301     244    56    60  1298
  302     319   314    81  1187
  303     926   956   958  1374
  304     790   177  1185  1306
  305     930  1256  1282   892
  306     707   676   154  1147
  307     843  1304  1316   846
  308    1053  1108  1194  1263
  309    1420  1037  1041  1121
  310    1019  1044  1166  1382
  311     973   936   937  1381
  312     750   754   169  1419
  313     257   254   259  1311
  314     499  1281  1057  1259
  315    1117  1073  1161  1437
  316     133   538  1051  1157
  317     702  1376  1408   161
  318    1264  1007  1282  1353
  319    1170  1142  1334  1448
  320     658   654  1149  1203
  321      22  1262  1286  1294
  322     794   768   792  1058
  323     920   919  1097  1101
  324     951   949   950  1251
  325     562    23  1018  1027
  326     315   314  1075  1187
  327     782   779   179  1306
  328     258     6   260  1073
  329     155   661   703  1132
  330     492  1069  1097  1101
  331     194   459   867  1354
  332     580   592   141  1173
  333     941  1213  1151  1055
  334     584   468   577  1292
  335     483   481   479  1123
  336     288   290    73  1244
  337    1101   515  1262  1286
  338    1012  1073  1023   258
  339      85   518   128  1289
  340     893  1256   891   892
  341      41  1201  1227  1426
  342     692   867  1182  1354
  343    1248  1398  1091  1214
  344    1036  1191   430   431
  345      11   602   461  1134
  346     301  1145  1394  1402
  347    1049  1048  1093  1387
  348    1009  1036  1123  1180
  349     914  1378  1356   915
  350    1196  1030  1014  1075
  351    1112  1248  1291  1432
  352     322    13   315  1159
  353    1009  1014  1208  1370
  354     957   205   928  1168
  355     247   245    62  1038
  356     554    19  1332  1416
  357    1305   503  1237   907
  358     461   602  1119  1134
  359    1108  1003  1160  1257
  360     830  1299   929   889
  361     200   734   922  1138
  362     576   587   140  1348
  363     464   901   872   465
  364     847   855   190  1251
  365     764   180   178  1034
  366     962   959  1384   212
  367     534    15   489  1399
  368    1083  1057  1298  1411
  369     865   866  1254  1288
  370    1020  1013  1129  1209
  371     597   599   142  1417
  372     782   779  1306   784
  373    1420   820  1037   186
  374     557   556  1099  1199
  375     707   154   698  1147
  376     176    45   786  1176
  377     304    75  1103  1222
  378     204  1378   915  1356
  379     631   630   147  1296
  380     144  1043   619   810
  381     209   211   940  1197
  382    1095  1017  1443  1012
  383     873   780   874  1006
  384     307   308  1276  1394
  385    1441  1371  1124  1032
  386    1142  1216  1288  1334
  387     374     9    98   471
  388     230     8   228  1441
  389    1243  1232  1133  1010
  390     236    57  1226  1404
  391     666  1060  1263  1154
  392     421   422   105  1434
  393    1174  1211  1231  1271
  394     159  1245   656   657
  395      43   829  1064  1345
  396    1178   633  1217  1432
  397     956   205  1374   926
  398     235   236   239  1404
  399     828   832   833  1267
  400     472   457   474   473
  401     698   154   709  1077
  402     198    41   890  1299
  403    1057  1291   500  1259
  404     288   306  1089  1244
  405     765   767   175  1176
  406     243    56   239   236
  407    1069   923   201   492
  408     935   209   940  1197
  409    1030  1078  1081  1428
  410     364   271   366  1126
  411    1137  1182  1354  1361
  412      60   242  1298  1337
  413    1103  1052  1326  1327
  414    1369  1141  1363  1317
  415     809   740   807  1121
  416     994   993  1115  1359
  417     785   624   145  1313
  418     452   864   863  1314
  419     454  1254   456   866
  420     594  1351  1212  1406
  421    1267  1318  1342  1379
  422    1136  1035  1376  1408
  423     952   211   955  1320
  424    1245  1060  1278  1287
  425    1173   593  1098  1240
  426     627   678   669  1154
  427    1044  1100  1166  1382
  428      91  1164   347   412
  429    1027   487  1209  1438
  430     276   295    67  1310
  431     247   595   248    62
  432     245   251   252  1174
  433     182  1107   149  1218
  434     409  1113  1444  1068
  435    1115  1338  1160  1108
  436       8  1440  1172  1032
  437     820   819   188  1041
  438     546   568   571   570
  439     703   701  1241  1352
  440     927   531  1228  1358
  441     494   122   485  1428
  442    1031  1410  1351  1063
  443    1158  1327  1015  1137
  444     165   729   723  1065
  445    1075  1156  1191  1265
  446     237    57   234  1404
  447    1047  1050  1097  1325
  448      26   473   878  1143
  449    1254  1365   456  1202
  450      19   426   439  1332
  451      98  1317   376   469
  452    1325   922  1050   918
  453     305   295  1089  1309
  454     269  1371   282   280
  455     279  1165  1347  1366
  456    1032  1172  1231  1440
  457     706   707   698  1147
  458     715   713   714  1227
  459     457  1334  1365   454
  460     312  1122  1169  1268
  461    1162   623  1205  1427
  462     484  1399   487  1209
  463     803  1041  1270  1420
  464     256    66   257  1311
  465    1368  1233  1044  1148
  466    1009  1238  1036  1191
  467     102   347   345  1357
  468     958  1025  1374   559
  469    1165    70   262  1103
  470    1201   882  1204  1450
  471     817  1200   814   812
  472    1165   262    65  1310
  473    1169  1096  1302  1333
  474    1112    30   634  1432
  475     987   989   979  1427
  476      82   311  1062  1122
  477     946   953  1151  1269
  478     887  1153  1123  1426
  479    1218  1021  1253  1306
  480     512    84   320  1409
  481     880   685  1216  1288
  482     151   797   650  1192
  483    1150   374    98  1184
  484    1075  1062  1196  1449
  485     742   750  1422   754
  486     184  1043  1200  1405
  487     418     4  1095  1436
  488      47   830   833  1219
  489    1056  1016  1125  1408
  490     892   930   931  1282
  491    1265   432   316  1301
  492     286   287   284  1315
  493     490   484   122  1190
  494     207   971   933   932
  495     753   815   814  1419
  496     104  1260  1430  1436
  497     268   267  1211  1271
  498     941   968   210  1055
  499    1368  1070  1088  1148
  500    1143   878  1216  1334
  501    1074  1072  1384  1401
  502     954  1074  1130  1320
  503    1287   613   627   678
  504     578  1139  1437   580
  505     909  1181   908  1412
  506     606  1212   605  1225
  507    1033  1047  1050  1069
  508     581   578   579  1148
  509    1319  1113  1277  1068
  510     114  1421  1433   444
  511     485   898  1069  1372
  512     199   487  1027  1438
  513    1085  1077  1109  1149
  514     267   368   268  1211
  515     520   129   519  1290
  516     345  1045  1357  1377
  517     384   385  1167  1206
  518    1192   806   805  1270
  519     328   327  1082  1193
  520     993   217  1115  1285
  521    1228   927  1358  1425
  522     322   314  1159   315
  523     567   132   536  1339
  524     356   358  1011  1046
  525    1023  1161  1431  1434
  526     982   215   582  1323
  527     492   129   493  1429
  528    1058   775  1107  1114
  529     296   290  1247  1397
  530     821  1414  1224   871
  531     226   578  1139  1437
  532    1136  1450  1333  1201
  533     308    77    82  1276
  534       1  1124  1366   229
  535     388   389  1005  1046
  536     950  1329  1304  1362
  537     676   660  1147  1278
  538     736   733   897    44
  539    1019  1395  1445  1448
  540    1020  1013  1140  1335
  541     350  1266   338    16
  542    1116  1024  1380  1393
  543     288   296   290  1247
  544    1406  1447  1010  1232
  545     444  1433   114   445
  546    1410  1160   645   997
  547    1107   182   149   791
  548     923   492   129   521
  549    1100  1343  1128  1259
  550     153   615   658  1307
  551     410  1113  1068   101
  552     557  1367   547   549
  553     669   667   664  1131
  554    1190   484  1209  1331
  555     127  1081  1289  1290
  556     728   911   203  1127
  557     699   691   700  1229
  558     160   686   879  1216
  559    1125   906  1186    37
  560     829   827   828  1379
  561    1014  1127  1294  1412
  562    1120  1094  1188  1394
  563     160   686   685   879
  564    1376  1136  1408  1413
  565    1178  1024  1203  1296
  566    1354  1015  1202  1134
  567    1029  1224  1192  1024
  568     772   176   787  1114
  569    1112    30  1432  1291
  570     829   732   827  1392
  571     903    31   872  1324
  572     269    54  1032  1371
  573     190   847  1251  1362
  574     592  1148   580   582
  575     176  1034  1114  1176
  576     248   595   274  1232
  577      31   872  1116  1380
  578     789   783  1021  1034
  579     884   882   881  1201
  580     206   894   965  1264
  581    1112  1100  1166  1435
  582    1057  1008  1226  1411
  583    1300  1053  1179  1292
  584     741   748   747  1037
  585     711  1352  1408   702
  586     669   678   666  1154
  587     872   901   903  1324
  588     341   103   415  1239
  589     702   637   638  1352
  590    1124  1032  1322  1441
  591    1298  1226    56    60
  592    1048  1002  1053  1327
  593     222   575   231  1366
  594     518   523   127  1289
  595     967  1067  1264  1360
  596     863   861   452  1040
  597     298   291    74  1373
  598     899   497  1028  1410
  599     727   165   716  1127
  600    1220  1096  1244  1315
  601     742   741  1422   171
  602     209   213   973  1381
  603     258   394     6  1023
  604    1101  1356  1097   916
  605     341  1164   103  1239
  606     785   789  1021  1034
  607      67  1089  1310   295
  608     424  1274  1375  1416
  609     338   346  1377   350
  610     484   891   485  1209
  611     336   340    90  1266
  612     176  1114   785   787
  613    1052  1070  1284  1407
  614     778   790   646  1218
  615     675   665   673  1257
  616    1411  1442  1445  1215
  617    1016  1208  1273  1413
  618    1070  1236  1284  1407
  619     858  1251   839   855
  620     978   990   985  1439
  621     799   797   800  1121
  622     233   231  1322  1441
  623    1031  1063  1285  1410
  624     277  1103  1400    12
  625    1051   568   137   133
  626     741   746  1037   171
  627     940   934   935  1197
  628    1033   898  1349  1069
  629    1208  1210  1180  1009
  630     668    35  1131  1313
  631     875  1292   981  1221
  632     717    41   713  1227
  633    1103  1052  1165  1326
  634     566   539   564  1157
  635     989   990   978  1439
  636    1178   147  1432  1435
  637    1387   989   987  1427
  638     476   477  1268  1321
  639     363   359  1011  1206
  640    1004  1007  1249  1401
  641    1005   392   388  1046
  642    1003  1253  1021  1171
  643     135   449  1340  1421
  644     600  1000   219  1336
  645     221   222  1347  1366
  646     900   873   645  1006
  647     731  1392   166  1065
  648     347   102   412  1164
  649    1134  1015  1202  1222
  650     738   724   915  1198
  651      20  1140  1295  1330
  652    1034  1306   783  1021
  653     188   819   821  1041
  654     773    45   176  1114
  655     712    36  1086  1246
  656    1126  1231   267   271
  657     255  1404   254   237
  658      83   314  1187  1265
  659     839   951   190  1251
  660     514   513  1262  1409
  661     252   249   245  1038
  662     723   166   829  1392
  663     906   908   202  1305
  664     156   155   662  1109
  665     648   643   150  1160
  666    1019  1448  1096  1040
  667     648   645   647  1160
  668    1257   675   663   643
  669     163   202   909  1273
  670     988  1292   584  1093
  671     762    45   773  1176
  672     884  1201  1321  1333
  673     371   370  1005  1046
  674    1043   811    29   812
  675     256  1073  1284  1311
  676    1077  1109  1149  1241
  677    1142  1254  1346  1365
  678      49  1381   209   937
  679    1185  1176   173  1058
  680     531   532  1228  1358
  681    1196  1014  1294  1412
  682    1048  1053  1179  1327
  683     453   478  1169  1268
  684     375   377  1167  1184
  685    1209  1274  1375  1418
  686     519   916   516  1101
  687     630  1435  1024  1116
  688    1000    27   998  1063
  689    1415  1263   674  1060
  690    1116  1024  1393  1435
  691     956   957  1320  1374
  692     997   217   216  1285
  693     109   530   434  1105
  694     764   767   765  1176
  695    1014  1208  1279  1412
  696    1120  1091  1096  1035
  697     452  1143  1302   116
  698    1140  1013  1242  1335
  699     803   804  1420   806
  700     473  1170  1334  1244
  701     815   812   810   814
  702     316   326   321  1301
  703     353   361   363  1011
  704     792   758   793  1058
  705     593  1173   583   592
  706     445  1421  1433  1340
  707     909  1181  1412  1273
  708     600  1119  1225  1336
  709     702   701  1376   161
  710      28   183   805  1192
  711    1034  1107  1185  1306
  712     598  1119  1386  1417
  713     112   551   556   135
  714    1087   581  1233  1272
  715     870   818   188  1383
  716    1326  1048  1327  1407
  717     708   705  1194  1415
  718    1205  1049  1427  1439
  719    1381   209   935  1197
  720    1231  1141  1250  1317
  721     374   376    98  1184
  722    1160  1410   645  1006
  723     808   805   806   187
  724     892   826   893  1256
  725     661   155  1109  1132
  726    1281   465  1343  1259
  727     987   586  1118  1387
  728    1214  1186  1237  1248
  729     116  1143  1302  1315
  730     805  1192  1024  1296
  731    1406  1447  1232   250
  732     664  1257   665   663
  733    1038  1010  1141  1175
  734      83   318   314  1265
  735     162   713    41  1204
  736     794   768  1058  1185
  737     663   777   664  1155
  738     551  1340   135   112
  739     682   861   863  1040
  740    1209  1274  1331  1375
  741     492  1069  1101  1429
  742     546   545   568  1051
  743     713  1204  1376  1413
  744    1070  1311  1284  1073
  745     311   319  1187  1364
  746      63   266   253  1226
  747    1224  1041  1270  1383
  748     359   360  1011  1206
  749    1246  1376  1204  1086
  750     705  1158  1194  1415
  751     942   850  1055  1329
  752     278   281   279  1165
  753     624  1021  1171  1313
  754    1074  1130  1320  1385
  755     542   574  1051  1339
  756     632   655  1178  1217
  757     155   709  1149  1241
  758     125   506  1094  1234
  759     606  1212   594   605
  760    1090   321    86   326
  761     614    34  1054  1102
  762    1080  1431  1341  1113
  763    1300  1175  1396  1010
  764     640  1352    37   638
  765     947   950   948   949
  766    1064   827  1349  1392
  767     204  1378  1356  1325
  768     656   613   618  1245
  769    1240  1323  1368  1148
  770      80   308  1276   307
  771     773   775  1058  1114
  772     714   710  1208  1413
  773     601   600  1119  1225
  774    1148   580  1139  1173
  775      84   322   320  1090
  776      10    73   473  1244
  777     312   478   477  1268
  778     818   803   820   188
  779     543   136  1242  1295
  780     869  1087  1128  1272
  781     858   192   856  1251
  782     667   665  1131  1257
  783    1152  1168  1219  1267
  784     500   124   904  1291
  785    1058   773  1114  1176
  786    1135  1003  1235  1350
  787    1303   153  1278   660
  788     641   148   640  1223
  789     161  1376  1408  1413
  790    1096  1169  1302  1315
  791     620   619   144  1106
  792    1385  1374  1320  1425
  793      80   510  1188  1449
  794    1054   614  1102  1106
  795     130   526   120  1042
  796     290   296    75  1397
  797     830   833  1219  1342
  798    1150   388   251   389
  799     810   815   813   184
  800     723    43   165  1345
  801    1236   256    53  1308
  802     246   245   247     0
  803     582  1240   591   592
  804     457   472   474  1334
  805     230   383   365  1172
  806     698   689   706  1261
  807     979  1205  1427   978
  808    1438  1027   212  1384
  809    1169   453  1302  1315
  810     651  1303  1054  1029
  811     990   989  1049  1439
  812     119   471   469  1363
  813     460   459   194  1354
  814      23   960  1018  1027
  815    1070  1139  1148  1437
  816     825   186   747  1037
  817     989   990  1049  1118
  818     937  1074  1381  1384
  819       0   268  1211  1271
  820     164   828  1342  1379
  821    1115   217  1160  1285
  822     637   639   642  1132
  823     782   783  1021  1171
  824    1104  1010  1133  1232
  825     160   688   686  1216
  826     180  1306   779   784
  827     223  1236  1347   281
  828     260    53   256  1308
  829    1107  1155   149  1218
  830    1049  1048  1118  1368
  831    1098  1088  1173  1240
  832       6   227    53  1308
  833     711  1273  1125   163
  834    1044  1019  1077  1395
  835     788   178  1034  1176
  836     404     4   418  1436
  837     846  1152   189  1304
  838     826   834   836  1256
  839     555    20   136  1295
  840     320    86  1082  1090
  841     745   748   168   746
  842    1078   423  1190  1274
  843     824  1079   822   823
  844    1184  1046   389    99
  845     140   584   577  1369
  846     915   724   725  1144
  847     510   511   509  1189
  848     220   227   225  1308
  849    1065  1144  1198  1378
  850     915   724  1144  1378
  851     400  1068  1266  1319
  852    1315    26    10   117
  853    1026    69  1243  1271
  854      41  1227  1299  1426
  855     597   607   599  1283
  856      90  1319  1266  1239
  857    1011  1005  1167  1184
  858    1445  1220  1145  1096
  859    1044  1297  1233  1111
  860     428   427    21  1105
  861    1238  1009  1036  1042
  862     646  1003   149   647
  863    1087   581  1148  1233
  864    1285  1160  1338  1410
  865     633   632  1178  1217
  866      73    72   474  1170
  867    1261  1142  1448  1216
  868     923  1069  1050  1097
  869     677   708  1194  1415
  870     561   560  1025  1358
  871    1380  1383  1388  1414
  872    1414  1044  1393  1297
  873     494   485   898  1069
  874     204  1378  1325   915
  875    1394  1091  1145  1120
  876     684   689  1216  1261
  877     706  1059  1147  1261
  878    1035   701  1241  1255
  879     143   601   605  1225
  880    1020  1209  1331  1375
  881     790   177   794  1185
  882     158  1163  1194  1229
  883    1013  1018  1242  1335
  884    1030  1078  1156  1293
  885     188   818  1270  1383
  886    1126   271  1172  1231
  887     414   411  1080  1164
  888    1125  1056  1186  1305
  889     995   693  1182  1361
  890    1182   692  1354  1361
  891     318  1159  1265  1301
  892    1199  1076  1099  1367
  893     413   414  1023  1080
  894    1014  1196  1294  1424
  895     710   711  1125  1408
  896    1314  1143  1216  1040
  897     965   967  1264  1360
  898     349    92   346  1377
  899     254   257   253  1311
  900    1179  1092  1322  1348
  901     189  1304   845   846
  902    1119   461  1134  1182
  903    1426  1009  1153  1180
  904    1272  1128  1388  1393
  905     136   528   561  1140
  906    1330   550  1039   540
  907     120   480    24  1042
  908    1158  1202  1254  1354
  909    1303  1147   659   660
  910    1347  1236  1312  1165
  911       7    68  1061  1400
  912    1316   843    47   844
  913    1170   294  1365  1397
  914     803   186   820  1420
  915     549   553   134  1433
  916    1344   107   428  1199
  917     281   278   261  1165
  918      51  1139  1173  1312
  919     236  1057   239  1404
  920     581   467  1087  1389
  921     386   384  1167  1206
  922      51   223  1139  1312
  923     241  1057   239   243
  924     954   955  1074  1320
  925    1311    66  1309  1284
  926    1119   219  1182  1336
  927    1448  1230  1040  1019
  928    1319   336    90  1266
  929     740  1121  1422  1037
  930     626   146   625  1162
  931     581   869   196  1087
  932    1010  1038  1243  1447
  933     630   805  1024  1296
  934     142   596   597  1417
  935    1390  1381    50  1072
  936    1381  1390   936  1384
  937    1106  1146  1303  1307
  938     463   459  1134  1182
  939    1039  1099  1020  1076
  940     813   810   184  1043
  941     457   474  1170  1334
  942     153  1303  1307   658
  943     761   767   766  1176
  944     847   848  1329  1362
  945     772   773   176  1114
  946    1067   835  1195  1213
  947    1161  1423  1260  1389
  948    1013  1004  1209  1258
  949     791  1155   776   149
  950    1127  1047  1286  1356
  951    1074  1197  1381  1451
  952    1109  1085  1149  1203
  953     455   456  1202  1354
  954    1010  1015  1327  1338
  955    1085  1297  1029  1224
  956     446   552   444  1421
  957    1142  1261  1448  1002
  958     344   342  1239  1357
  959     105   420   417  1444
  960     590   592   591  1240
  961    1131   667  1257  1263
  962    1165   282    70  1061
  963    1369  1322  1348  1179
  964      59  1083  1234  1237
  965     291  1134  1386   293
  966    1442  1445  1145  1091
  967     137   133   538  1051
  968     189   831  1267  1316
  969    1024  1224  1270  1380
  970     887  1153  1426   888
  971     453   452   883  1302
  972     194   694    38  1354
  973     359   360    97  1011
  974    1223  1166  1248  1398
  975     651  1303  1029   658
  976     490   122  1078  1190
  977     620   617  1106  1146
  978     482  1042   526  1036
  979     121   490   423  1190
  980     506   125  1094  1275
  981    1073  1437  1139  1070
  982    1087  1100  1044  1382
  983     924   925   886  1153
  984     416  1023  1080   413
  985    1018  1209  1027  1129
  986     655  1178  1203  1296
  987     526   130   527  1238
  988      10   473    26  1244
  989     126   509   511  1424
  990      90   343   398  1239
  991     424   425  1156  1274
  992    1091  1083  1298  1411
  993     983   982  1111   984
  994     907   905   148    30
  995    1080   422  1444  1164
  996    1415  1053  1060  1059
  997    1215     2  1337  1442
  998    1188  1275  1094  1056
  999     276    70    12  1103
 1000     833   828  1267  1342
 1001    1007  1264  1360  1438
 1002     685   687   160  1261
 1003      10   286  1244  1315
 1004    1061  1103  1326  1327
 1005    1325   738  1138   921
 1006     230    55   383  1172
 1007     401   237   403  1017
 1008     185   151   653  1192
 1009    1254   454   456  1365
 1010    1387   989  1049  1118
 1011     905   907   148   124
 1012     423   490  1078  1190
 1013     528  1025  1140  1228
 1014    1154  1287  1060  1162
 1015     566   550   539  1039
 1016     726   166   722  1065
 1017     937    49  1074  1130
 1018     901   872  1128  1324
 1019     835    46  1067  1282
 1020     373  1011  1167  1206
 1021     530   527   529  1238
 1022      81    82  1062  1276
 1023     376   375     5  1066
 1024     525   524  1042  1228
 1025       7    68  1026  1061
 1026    1299   830   719   889
 1027    1340   451  1344  1433
 1028     181   760   172  1176
 1029     573   570   572  1339
 1030     904   902   123  1291
 1031     737  1138   733  1198
 1032    1311  1404   254  1012
 1033     982   983  1111  1233
 1034     315  1062  1075  1449
 1035    1085  1109  1166  1178
 1036     511   509  1196  1424
 1037    1171  1235   875  1221
 1038      24   888   886  1153
 1039     969  1381   213    50
 1040     385   373   372  1206
 1041    1103  1052  1247  1310
 1042     274   248  1232  1243
 1043      39   705  1158  1229
 1044    1068   101  1113  1277
 1045     329   316   432  1293
 1046     776   644   149  1155
 1047     586   584  1348  1387
 1048     808    28   183   805
 1049     276   262  1103  1310
 1050    1018   133  1051  1157
 1051      50   213   970  1381
 1052     152    28   650   655
 1053    1026  1038  1231  1271
 1054     729   722   165   723
 1055     221    51  1098  1312
 1056    1081  1078  1193  1429
 1057    1109  1178  1203  1217
 1058      30   905  1248  1291
 1059     524   529   130  1228
 1060     334   495   335  1193
 1061     952   928   191  1168
 1062    1291  1057  1248  1259
 1063    1010  1028  1031  1338
 1064     563  1129  1018   486
 1065      21   109  1105  1238
 1066      77  1122  1169   313
 1067     467   464  1087  1343
 1068     200   922  1050  1138
 1069    1069   898  1349  1372
 1070    1008  1057  1382  1411
 1071     209  1381   935   213
 1072     775   755   773  1058
 1073     637  1132  1223  1352
 1074    1078   335   328  1193
 1075     771   775   773  1114
 1076     847   854  1251  1329
 1077     818    31  1270  1380
 1078     988   626    32  1221
 1079     146  1287  1162  1205
 1080    1142  1002  1247  1346
 1081    1132  1109  1223  1398
 1082    1107   792  1185   182
 1083    1064  1033  1345  1392
 1084    1406   597   594   250
 1085    1335  1051   539  1157
 1086    1426  1009  1299  1153
 1087      37   640   906  1186
 1088     706   689   684  1261
 1089    1163  1108  1194  1229
 1090    1096  1145  1169  1220
 1091     568   137   569  1339
 1092      74  1373   297   298
 1093    1029  1054  1106  1303
 1094     361   373   363  1206
 1095     789   178   783  1034
 1096    1150  1066  1184  1328
 1097     593   588   583  1098
 1098     255   237   401  1017
 1099     701  1035  1241  1352
 1100     462  1134   463   461
 1101     928   205  1177  1425
 1102    1160  1108  1338  1350
 1103     543   541   548  1295
 1104    1151  1152  1249  1269
 1105    1059  1002  1077  1261
 1106     818   870  1380  1383
 1107     975  1381   973   937
 1108     559   954   964  1130
 1109     615   153   658   651
 1110    1070  1139  1236  1312
 1111     211  1269   946   939
 1112    1355  1232  1373  1133
 1113    1281  1057  1382  1423
 1114     955   957   952  1320
 1115    1082   328  1193  1293
 1116    1003  1006  1218  1253
 1117    1103    12  1133  1400
 1118      67  1089  1284  1310
 1119      70  1165  1061  1103
 1120     196  1414   871  1272
 1121    1177  1228  1258  1425
 1122     528    20   530  1140
 1123     193   859  1251  1329
 1124     649   648   150  1160
 1125    1022  1044  1077  1395
 1126     108  1375   426   424
 1127      50   966   962  1390
 1128    1074    49  1381  1197
 1129     476   481   477  1321
 1130     914  1378  1144  1356
 1131    1182  1137  1207  1361
 1132     900  1183  1006  1028
 1133    1106  1111  1297  1303
 1134    1057    56  1083  1298
 1135     547   557   555  1330
 1136    1037   822  1041  1079
 1137     130   526  1042  1238
 1138     168   823  1037  1079
 1139    1366  1403  1165  1347
 1140     127   516  1081  1290
 1141     699  1194   705  1229
 1142     441   439  1332  1367
 1143    1088  1148  1240  1368
 1144     449   438  1340  1421
 1145     998   992  1000  1280
 1146     721   723    43   165
 1147    1081   127  1289  1409
 1148    1022  1368  1395  1407
 1149    1386   142  1446   300
 1150     968   970   967   966
 1151     713   714  1208  1413
 1152     930  1256   892   896
 1153    1004  1249  1385  1401
 1154    1140  1105  1238  1258
 1155     830  1299   719  1210
 1156     992   219  1000  1336
 1157      20  1099  1105  1140
 1158     967  1072  1110  1360
 1159      51  1347   223  1312
 1160     473   878  1143  1334
 1161    1256  1353   896  1282
 1162      84  1424   322  1090
 1163    1061    70  1103  1400
 1164    1031  1104  1212  1406
 1165     311    81    82  1062
 1166    1299  1009  1177  1153
 1167     598  1119    11  1386
 1168     769  1185   173  1058
 1169    1107  1021  1218  1306
 1170      75  1103  1222  1397
 1171    1029   151   152  1296
 1172     381  1184   378   374
 1173     725   914   915  1144
 1174    1148   592  1173  1240
 1175     687   684   160  1261
 1176      36   704   701  1255
 1177     880   472  1288  1334
 1178    1130  1025  1320  1385
 1179     157  1194   671  1229
 1180     846  1362  1304   849
 1181    1065   723  1345  1392
 1182     406   101   408  1068
 1183     496  1429   491  1290
 1184     483  1122   477  1321
 1185     691   700  1229  1359
 1186     685  1254  1261  1288
 1187     341  1164  1239    91
 1188    1383   870  1388  1391
 1189     706   684   696  1261
 1190    1049   989  1427  1439
 1191     269   271   270  1231
 1192     315   309  1062  1449
 1193    1364   310  1122   311
 1194    1130   956  1320  1374
 1195     884   881   476  1321
 1196    1128  1100  1324  1388
 1197    1177   927  1228  1425
 1198      61   246  1150  1211
 1199     334   333   423  1078
 1200       8   271   269  1231
 1201    1030  1081  1090  1262
 1202      21   430   527  1238
 1203    1204   712   713  1376
 1204     306   289  1220  1244
 1205     210   944   942  1329
 1206     472   880   878  1334
 1207     360   357    97  1011
 1208    1002  1052  1327  1407
 1209     423   424   106  1274
 1210     364   366  1005  1126
 1211    1083  1214  1234  1237
 1212     105   422   419  1444
 1213    1017   405  1113  1436
 1214     447   115   446  1421
 1215     799   809   808  1121
 1216    1015  1158  1137  1202
 1217      80   309  1188  1276
 1218    1057   236   239    56
 1219    1144  1127  1356  1378
 1220     829   730   166   731
 1221     730   829   732   827
 1222     865   697   685  1254
 1223      42  1208  1273  1412
 1224     528   561  1025  1358
 1225      25   532   531  1358
 1226    1162  1205  1049  1427
 1227    1231  1141  1328  1174
 1228     270  1026  1032  1231
 1229     428   107   427  1105
 1230     174   792   768  1058
 1231    1050  1047  1138  1325
 1232     178   764  1034  1176
 1233     233   232    55  1440
 1234    1044  1087  1233  1272
 1235    1059   707   676  1415
 1236     521  1429   129  1290
 1237     230     8  1440  1172
 1238    1041  1192  1270  1420
 1239     107   108   427  1105
 1240     843   831   846  1316
 1241     829   827  1064  1392
 1242     984   983   617  1111
 1243    1393  1178  1435  1024
 1244    1047  1198  1378  1033
 1245    1010  1028  1175  1406
 1246     422  1080  1444  1434
 1247    1017  1095  1443   240
 1248    1372  1418  1209  1004
 1249     282   278   279  1165
 1250     866   697   865  1254
 1251     357   358   352  1011
 1252     150   670  1115  1163
 1253    1039   566  1129  1157
 1254     466   467  1260  1343
 1255     915   204   921  1325
 1256     382  1066  1167  1172
 1257    1008  1057  1226  1423
 1258     209   955    49   954
 1259     165   729   727   716
 1260    1402   504  1094  1394
 1261     369  1005   354   371
 1262     736   200   897  1138
 1263     619   617    29  1297
 1264     230    55  1172  1440
 1265     962   936    50  1390
 1266      43   723   166   829
 1267     549   551   557  1433
 1268     915   917   204  1356
 1269     543   544   542  1051
 1270     454  1288  1334  1365
 1271    1145   301    77   302
 1272     540   539  1039  1335
 1273      48   190   841  1362
 1274    1024  1085  1224  1393
 1275    1006  1183  1235  1350
 1276     448   451  1340  1421
 1277    1195  1007  1249  1004
 1278     320   322   321  1090
 1279     687   685  1254  1261
 1280     574   570   573  1339
 1281     679   680  1230  1255
 1282    1010  1396  1300  1141
 1283    1053  1002  1022  1059
 1284     344   342    91  1239
 1285     925   525  1153  1177
 1286    1205  1162  1049  1060
 1287     652   658  1029  1203
 1288    1002  1053  1022  1048
 1289     568   571   570  1339
 1290     983   617  1111  1297
 1291     951  1362   840  1251
 1292     827  1064  1349  1318
 1293     332   327  1193  1289
 1294     732   733  1349  1392
 1295     319    14  1036  1364
 1296     464   466   465  1128
 1297    1020  1099  1335  1140
 1298     914   917   915  1356
 1299     870   868   872  1388
 1300    1038   247  1271  1447
 1301     266   264     2  1337
 1302     264   266    63  1337
 1303     244   301   504  1402
 1304    1292   584  1348  1369
 1305     240   235   238  1443
 1306     230  1032  1441  1440
 1307     967   966  1072  1360
 1308     843   837   844  1316
 1309     328   329   432  1293
 1310     543   136   544  1242
 1311     979  1205   623  1427
 1312     566  1039  1129  1416
 1313      42   727   716   910
 1314     157   699   700  1229
 1315    1064  1127  1279  1345
 1316     169   754   753  1419
 1317     626   625  1084  1162
 1318    1152   189  1267  1316
 1319    1036  1123  1180  1364
 1320    1016  1408  1413  1125
 1321     452   861   883  1302
 1322     909  1181   202   908
 1323       4  1443   238  1281
 1324     452  1143  1040  1302
 1325     784   783   178  1034
 1326    1087  1100  1128  1044
 1327     453   116   452  1302
 1328     826    44   892   893
 1329     324    86  1082  1289
 1330     246   245     0  1271
 1331     504   301  1394  1402
 1332     347   102  1164  1357
 1333     380   356   357  1011
 1334      61   245   246  1271
 1335     509   508  1189  1294
 1336     148   124   907  1237
 1337    1300  1135  1053  1292
 1338    1133   297  1222  1373
 1339     527   430   526  1238
 1340    1112  1166  1248  1432
 1341    1448  1261  1230  1077
 1342     274     7  1243  1355
 1343    1192   805  1024  1270
 1344     409  1377  1444   420
 1345     536   137   567  1339
 1346    1131   666  1263  1154
 1347    1141  1369  1363  1300
 1348    1053  1093  1179  1292
 1349    1088  1070  1139  1148
 1350    1245   153  1278  1307
 1351      72   290    75  1397
 1352    1091  1120  1096  1145
 1353    1099  1105  1020  1076
 1354    1007  1110  1360  1067
 1355     752   802   801  1419
 1356    1364    14   310   319
 1357    1256   891  1353  1372
 1358     491   494  1429   495
 1359     786  1114   785   176
 1360     352   353  1011   355
 1361     673  1163  1257  1263
 1362     598   142   599  1417
 1363     882   861   885  1246
 1364     877  1183  1363  1300
 1365     131   568   569  1339
 1366    1075  1036  1187  1191
 1367     347   348   345  1357
 1368    1448  1334  1216  1142
 1369     972   213   977   971
 1370     974   932   972   971
 1371    1052  1089  1395  1448
 1372     499   239  1057  1443
 1373    1115  1137  1338  1229
 1374    1169   453  1268  1302
 1375    1153   924  1177  1299
 1376     407   408   101  1068
 1377     114   552   134  1433
 1378     191  1152  1168  1219
 1379     775   777  1107  1114
 1380     919   922  1050   923
 1381     540   574   539  1051
 1382    1119   598   599  1417
 1383     580   141  1139  1173
 1384     757   756  1058   175
 1385     771   773   772  1114
 1386     870   868  1388  1391
 1387     852   851  1067   835
 1388     258   259    64  1012
 1389     418   417   404   104
 1390     959  1130   937  1384
 1391     891   484   485   487
 1392     601  1212  1225  1119
 1393    1159  1075  1196  1449
 1394    1323   982  1111  1233
 1395    1108  1003  1135  1350
 1396    1038  1026  1243  1271
 1397    1019  1077  1395  1448
 1398     736  1033   897   733
 1399     151  1024  1029  1192
 1400     649   670   994  1115
 1401     259   254    64  1012
 1402     785   786   181  1034
 1403    1231  1328  1317  1066
 1404     273   275   274  1355
 1405     164  1279   715  1379
 1406    1082  1081  1193  1289
 1407    1071  1084  1093  1135
 1408     653   151   652  1029
 1409     578  1139   580   141
 1410     272   300   273  1446
 1411      48  1362   843   849
 1412    1355   273  1373  1446
 1413     504  1402  1094  1234
 1414     258   394  1023  1341
 1415    1020  1076  1375  1416
 1416    1042   479   482   526
 1417    1111  1049  1022  1146
 1418    1128  1100  1259  1324
 1419     120    24   524  1042
 1420     465  1343  1259  1128
 1421    1403  1366  1165  1326
 1422     533   106   535  1331
 1423    1353  1007  1401  1438
 1424     511    80    13  1449
 1425     629   627  1154  1162
 1426     651    34   653  1029
 1427     260   259  1073  1311
 1428     638   637  1223  1352
 1429     465  1343  1128   466
 1430    1384  1027  1401  1438
 1431     118  1028   900  1252
 1432    1096  1120  1333  1169
 1433     895   961   199   894
 1434     623   980   979  1427
 1435     839   951   840   190
 1436    1175   498   252   249
 1437    1282  1195  1007  1067
 1438     570   571   572  1339
 1439    1108  1160  1163  1257
 1440     894   930   206   965
 1441     151  1029   152   652
 1442     106   533  1274  1331
 1443     892   896   891   893
 1444    1058   174   759   757
 1445     624   789  1021  1313
 1446    1161     3  1430  1434
 1447     517  1081  1262  1409
 1448    1135  1171  1003  1084
 1449    1072  1007  1360  1390
 1450     596   142   300  1446
 1451     272   274  1232  1355
 1452    1103  1002  1327  1346
 1453     717   720  1210  1227
 1454    1168  1152  1195  1267
 1455    1070  1008  1382  1395
 1456     190   840   841  1362
 1457    1062  1187   311    81
 1458     339    93   340  1266
 1459    1144   726   722  1065
 1460     417  1113  1434  1444
 1461     402   395  1277  1319
 1462    1014  1030  1081  1428
 1463     539   137   574   567
 1464     471  1174  1363  1396
 1465    1170  1142  1346  1365
 1466    1137  1158  1229  1361
 1467    1015  1222  1327  1346
 1468    1086  1302  1333  1450
 1469    1018  1209  1129  1013
 1470     950  1329   948  1304
 1471    1060  1071  1154  1162
 1472     635   630  1024  1116
 1473     969  1381   973   213
 1474     600   219  1119  1336
 1475    1436  1434   417  1113
 1476    1264  1007  1353  1438
 1477     312   313   285  1169
 1478    1330  1367  1039   550
 1479     961   212  1438   199
 1480     562   546  1242   545
 1481     959   962  1384   936
 1482     643   149   644  1155
 1483     974   936   973   969
 1484      14   482   526  1036
 1485     875    32  1171  1221
 1486    1022  1002  1048  1407
 1487     240  1017  1095  1436
 1488    1148   579  1389  1437
 1489     614   795    34  1102
 1490     899   997   996  1410
 1491     567   540   574   539
 1492    1089  1008  1284  1395
 1493    1050   918  1097  1325
 1494    1000   600  1225  1336
 1495      68     7    70  1400
 1496      28   632   655  1296
 1497     421   467   579  1389
 1498     576   233  1322  1440
 1499     526  1036  1042  1238
 1500     473  1170   474  1334
 1501    1379  1279  1370  1342
 1502       4  1443  1095   240
 1503       9    99    98  1150
 1504     208   207   933   932
 1505    1078  1030  1156  1418
 1506     126   511    84  1424
 1507    1030  1301  1082  1293
 1508     581   196  1233  1272
 1509     632    28   631  1296
 1510     975  1381   937   209
 1511     969    50   213   970
 1512     837   841   843   844
 1513     205   926   927  1425
 1514     445   442   440  1433
 1515     989  1387  1049  1427
 1516     466   418  1095  1260
 1517    1248  1382  1091  1166
 1518     997   216   996  1410
 1519    1195  1282  1007  1004
 1520     277    70     7  1400
 1521     962   961   212  1390
 1522     977   973   969   974
 1523     982  1323  1111   215
 1524     973   975   976   214
 1525     827  1064  1318  1379
 1526    1225  1063  1336  1351
 1527    1066  1231  1250  1317
 1528    1214  1094  1234  1237
 1529     581   579   467  1389
 1530     973   208   976   975
 1531    1074  1072  1381  1384
 1532    1080  1431  1023  1341
 1533     626  1093  1387  1427
 1534     969  1381    50   936
 1535     119   118   470  1396
 1536     127   520   519  1290
 1537     307    80  1188  1276
 1538     719   717  1210  1299
 1539    1016  1056  1125  1181
 1540     164    43   828  1379
 1541     483   482   310  1364
 1542    1136  1450  1201  1204
 1543    1090  1262  1409  1424
 1544    1069  1428  1081  1429
 1545    1017   405   240   403
 1546     470   498   252  1252
 1547    1015  1133  1222  1373
 1548     469   471    98  1328
 1549    1251   858   839   856
 1550     675   673  1163  1257
 1551     309   315    80  1449
 1552      24   886   925  1153
 1553     624    32   626  1221
 1554     328  1078  1293   333
 1555    1126   383  1167  1172
 1556      46   931   206   834
 1557     934  1381  1451   970
 1558     960   486  1018  1027
 1559    1018  1209  1013  1027
 1560    1044  1070  1382  1395
 1561     339   340   336  1266
 1562    1367  1330   547   550
 1563     410    93  1068    16
 1564     524   130   120  1042
 1565    1090   322  1159  1424
 1566     695  1254   866    38
 1567    1004  1195  1256  1318
 1568     769  1185  1058   768
 1569     621   146   623  1205
 1570     907  1186  1237  1305
 1571      59   502   241  1083
 1572     511   509  1189  1196
 1573     821   870   188  1383
 1574     483  1364  1122  1321
 1575     594  1417  1283   597
 1576     553   549  1367  1433
 1577    1181   505  1275  1305
 1578     996   216  1063  1410
 1579     740  1422   744  1037
 1580    1035  1120  1214  1408
 1581     129   492  1101  1429
 1582     148  1186  1223  1248
 1583     962   966   961  1390
 1584    1036   479  1123   482
 1585     806   803  1270  1420
 1586     501   123   465  1259
 1587    1013  1018  1027  1130
 1588    1208   710  1273  1413
 1589    1192  1296    28   650
 1590     285   478  1169  1315
 1591     372   373  1167  1206
 1592    1302  1035  1333  1096
 1593      76    75  1222  1397
 1594    1211  1005   368   367
 1595    1096  1040  1143  1302
 1596     989   978  1427  1439
 1597     915   921   738  1325
 1598     603   461  1119  1182
 1599     836   835  1195  1282
 1600    1335  1051  1018  1242
 1601     853   854   859   193
 1602    1175  1028  1183  1252
 1603     342    91  1239  1357
 1604     290    72  1170  1397
 1605    1224  1192  1043  1102
 1606     302  1145  1402  1442
 1607     632   631   633  1296
 1608     159  1278  1245   657
 1609     697   696   687  1254
 1610     859   945  1251  1329
 1611     496   521   522  1290
 1612     499   500   123  1259
 1613    1016  1120  1122  1136
 1614      56   244  1083  1298
 1615    1093  1179  1292  1348
 1616     834   827   826   836
 1617    1115  1207  1229  1359
 1618    1107  1021  1114  1155
 1619     404   417  1113  1436
 1620     311   310   319  1364
 1621     290  1170  1247  1397
 1622     916   204   917  1356
 1623     467   421   104  1430
 1624     881   197   887  1426
 1625     197   198   887  1426
 1626     832  1379  1318  1267
 1627     511    13   322  1424
 1628     851   943   942   941
 1629    1161   579  1389  1430
 1630     102  1045  1357   345
 1631     518  1409   127   128
 1632    1441  1371  1032    54
 1633     213   972   977   969
 1634     876   179   780  1253
 1635     342   347    91  1357
 1636     888   480  1123  1153
 1637    1301  1030  1082  1090
 1638     685   160  1216  1261
 1639    1155   772   771   668
 1640     205   956  1374   957
 1641     468   584   877  1292
 1642     745   747   748  1037
 1643     720   721   164   715
 1644     957  1168  1320  1425
 1645     462  1134  1182   463
 1646     552   549   134  1433
 1647     945   859   947   860
 1648     501   499   123  1259
 1649     498   900  1028  1252
 1650     309    81  1062  1276
 1651     431  1036    14   430
 1652    1084  1071  1093  1162
 1653     262  1165    65   278
 1654    1035  1214  1352  1408
 1655     876   782   179  1253
 1656     498  1028  1175  1252
 1657    1072   968  1451   970
 1658    1166  1223  1248  1432
 1659     571   537   572  1339
 1660    1036   482  1123  1364
 1661     210  1151   968   938
 1662     934   213   935   970
 1663     782  1235  1253   876
 1664    1122  1276    77  1120
 1665    1235  1171   875  1253
 1666    1388  1383  1391  1414
 1667    1049  1053  1060  1093
 1668      25   561   560   532
 1669     423   121  1190  1274
 1670     470   252  1174  1252
 1671     335  1078   328   333
 1672     860   193   857   859
 1673     322   321  1159  1301
 1674     180   784   178  1034
 1675     730   733   732  1392
 1676     656   615   153  1307
 1677     157   670   158  1229
 1678    1186  1056  1237  1305
 1679     886   198   889  1299
 1680    1243  1061  1010  1133
 1681     468   469  1317  1363
 1682     988  1292  1221   584
 1683    1329   950   948   947
 1684     195   692   867  1182
 1685     148   907  1186  1237
 1686     189   832  1195  1267
 1687    1174   252  1175  1252
 1688     579  1161  1389  1437
 1689     856   949   951  1251
 1690    1321  1136  1180  1016
 1691    1360   961  1390  1438
 1692     986   985   984  1439
 1693     449   448  1421   450
 1694     164   828   718  1342
 1695     813   795   614  1102
 1696    1142  1170  1346  1397
 1697     730   829   166  1392
 1698    1030  1014  1262  1424
 1699    1028   498  1175   604
 1700     957  1320  1374  1425
 1701     913   914   203  1356
 1702    1067   967  1110  1360
 1703     917   914   913  1356
 1704     532   561   528  1358
 1705    1284  1008  1309  1311
 1706    1053  1002  1158  1327
 1707     483   477   481  1321
 1708     425   424   423  1274
 1709    1247  1142  1346  1397
 1710     327  1082  1193  1289
 1711     303    77  1145  1169
 1712     843  1316    47   831
 1713     198   886  1153  1299
 1714     223   221   222  1347
 1715     502   124  1083  1237
 1716     207   208   214   932
 1717    1204  1227   713    41
 1718    1234  1091  1298  1402
 1719     555   136   543  1295
 1720     210  1151  1055   968
 1721     449   448   450   438
 1722     614  1106   616   620
 1723     973   975   214   977
 1724     847    48   849  1362
 1725     891   485  1209  1372
 1726    1069   485  1372  1428
 1727     648   647   643  1160
 1728     976   975    49   209
 1729      93    16   338  1266
 1730     259   254  1012  1311
 1731     849   848   847  1362
 1732    1237  1056  1275  1305
 1733     353   359  1011   363
 1734     770   668  1114  1313
 1735    1223  1186  1352  1398
 1736     522   523    87  1193
 1737     184   796  1043  1405
 1738     906  1125  1186  1305
 1739     668  1131  1155  1313
 1740      90   337  1239  1266
 1741     948   953   946   949
 1742    1362   843   841    48
 1743     870   871  1414   821
 1744     843  1304   837  1316
 1745     589   587   139  1092
 1746      36   861  1086  1246
 1747     273   298  1373  1446
 1748    1140   530  1228  1238
 1749    1155   772   668  1114
 1750    1048  1088  1368  1407
 1751     104   421   105  1434
 1752    1365  1334  1142  1288
 1753     559   956   958   954
 1754     631   805   630  1296
 1755     207   208   976   214
 1756     953   837   838   950
 1757    1180  1123  1321  1364
 1758     345   419  1045  1377
 1759    1033  1064  1349  1392
 1760    1296  1192   151   650
 1761     875  1292  1235   981
 1762     906  1125   202    37
 1763    1082   326  1293  1301
 1764    1098   221  1312  1347
 1765     471   470  1174  1396
 1766     901  1112  1259   123
 1767     136  1140  1242  1295
 1768      65   261  1236  1284
 1769    1003  1084  1171  1313
 1770      59    56   244  1083
 1771    1322  1061  1326  1179
 1772     978  1205  1427  1439
 1773     824   751   749  1079
 1774    1199   112   433  1344
 1775     222   221   575  1366
 1776     260   256   259  1311
 1777     645  1410   900  1006
 1778     212   961  1438  1390
 1779     594  1212  1283  1406
 1780     435   437   433   113
 1781     214   975   209   977
 1782    1021  1114  1155  1313
 1783      69   270   267  1271
 1784    1322  1061  1179  1032
 1785      77  1120  1145  1169
 1786      14   317   319  1187
 1787    1078   495  1193  1429
 1788     973   932   214   208
 1789     977   207   214   971
 1790     932   971   214   207
 1791     321  1090  1159  1301
 1792     399   339   336  1266
 1793    1082   327   324  1289
 1794     710    42   714  1208
 1795     973   974   214   932
 1796     977   974   214   973
 1797     977   971   214   974
 1798     932   974   214   971
 1799     488   533   535  1331
 1800     720   718  1210  1342
 1801    1039  1076  1332  1367
 1802     471  1328  1363  1174
 1803     264  1309    78  1215
 1804     975   973   209   977
 1805     721   715  1279  1379
 1806     738  1138   735  1198
 1807     726  1378  1198  1144
 1808     806   803    31  1270
 1809     579     3  1161  1437
 1810      93  1068   339   407
 1811     948   939   946   938
 1812     952   191  1152  1168
 1813     833   832   831  1267
 1814     587  1092  1118  1348
 1815     213   977   209   973
 1816     309  1062  1188  1276
 1817     152   151   650  1296
 1818     214   208   976   973
 1819     529  1358   532   528
 1820    1047  1014  1127  1286
 1821      34  1029  1054  1102
 1822     727   716   910  1127
 1823     941   967   968  1110
 1824     544   546  1051  1242
 1825    1347  1236  1165   281
 1826     209   214   976   975
 1827     789   624   785  1313
 1828     389   388  1005  1150
 1829     680   683   681  1314
 1830     526   430    14  1036
 1831     458    76  1222  1346
 1832     236  1057  1404  1226
 1833     209   975    49   937
 1834     574   137  1051  1339
 1835      66   256    65  1284
 1836     679   155   704   703
 1837    1179  1026  1032  1061
 1838     480   888    24  1153
 1839     434   113    21   428
 1840    1067  1110  1213  1249
 1841     538   539   137  1051
 1842     594  1417   597  1406
 1843    1038  1010  1175  1447
 1844     493   492   494   201
 1845    1171  1135  1235  1221
 1846    1038  1231  1141  1026
 1847     934   938   968  1151
 1848     981   584  1221  1292
 1849     316   432  1293  1301
 1850    1100  1116  1393  1435
 1851     981   875   877  1235
 1852    1069   494  1428  1429
 1853     835  1067  1195  1282
 1854    1105  1099  1020  1140
 1855     577   584  1292  1369
 1856     878   880   864   879
 1857     330   518   323  1289
 1858      24   525  1042  1153
 1859     305    78  1215  1220
 1860    1056  1125  1186  1214
 1861     145   787   785  1313
 1862    1072  1110  1249  1451
 1863     801   754   752  1419
 1864     421   104  1430  1434
 1865     862   879   686  1314
 1866     905   904   124  1291
 1867     549   557  1199  1433
 1868     628   770   787  1313
 1869    1209   895  1353  1438
 1870     405  1017  1113  1277
 1871     729  1065  1127  1144
 1872     872   868  1128  1388
 1873    1093  1048  1179  1348
 1874      21   527   109  1238
 1875     917  1101   516   916
 1876     474    72   294  1170
 1877     562  1242   963  1018
 1878    1120  1035  1136  1408
 1879     110   443   107  1344
 1880     502    59   125  1237
 1881     786   181  1034  1176
 1882    1073  1070  1139  1236
 1883    1177  1009  1210  1370
 1884    1210  1208  1279  1370
 1885     510   511  1189  1449
 1886     465   901  1128  1324
 1887     828  1267  1342  1379
 1888    1089  1008  1215  1309
 1889     864   862   863  1314
 1890     174   758   792  1058
 1891     806   635   805  1270
 1892     614    34   615  1054
 1893     244  1234  1298  1402
 1894    1224  1380  1393  1414
 1895    1147  1303   659  1149
 1896    1057  1091  1382  1411
 1897     688  1230  1216   689
 1898    1143    26  1244  1315
 1899     480    24  1042  1153
 1900    1096  1091  1019  1035
 1901    1073  1012  1023  1161
 1902    1219  1316  1152  1267
 1903    1013  1020  1140  1258
 1904    1033   897  1050  1138
 1905    1377  1444   419  1045
 1906     364   369   371  1005
 1907     630  1024  1178  1296
 1908     165   716  1127  1345
 1909    1126  1066  1150  1211
 1910    1036  1191   431  1187
 1911    1020  1418  1209  1375
 1912     599   601  1119  1283
 1913     129  1081  1101   519
 1914    1084    35  1131  1154
 1915    1143  1096  1302  1315
 1916     124  1083  1248  1291
 1917    1037   804  1420   186
 1918    1109  1166  1217  1223
 1919     202   163  1125  1273
 1920     193   860   857  1251
 1921    1141  1231  1250  1026
 1922     983  1111  1233  1297
 1923     889   890   719  1299
 1924     468  1369  1317   577
 1925     704    36   679  1255
 1926      86    85  1082  1289
 1927       9   471  1174  1328
 1928      64   255   402  1017
 1929    1215  1145  1220  1442
 1930    1114   668  1155  1313
 1931     917  1101   517   516
 1932     590   990   989  1118
 1933     719   890    41  1299
 1934     833  1316  1267   831
 1935     256  1073  1236  1284
 1936     597  1406  1417   250
 1937    1150  1005  1066  1126
 1938    1014  1069  1372  1428
 1939     530   529  1228  1238
 1940     337   344   343  1239
 1941     318   322  1159  1301
 1942     477  1122  1268  1321
 1943     107   443  1199  1344
 1944    1216   880  1334   878
 1945    1258  1418  1004  1209
 1946     688   680   681  1314
 1947     952   957  1168  1320
 1948     851  1067    46   943
 1949    1004  1195  1370  1385
 1950     430  1191   427   431
 1951     413   100   415  1080
 1952      17  1011   379   380
 1953    1254  1142  1261  1288
 1954    1066  1126  1167  1172
 1955     574   541   542  1051
 1956     686   688   681  1314
 1957    1122  1364  1062  1321
 1958    1299   929  1177  1219
 1959     726  1378   724  1198
 1960    1183   900  1006   873
 1961     490   121   484  1190
 1962     301   244   302  1402
 1963    1075  1062  1180  1196
 1964     475  1302   883  1333
 1965      96   386    17  1206
 1966    1319   399  1277   400
 1967     370   392   393  1005
 1968    1123   481  1321  1364
 1969     816  1200  1079   817
 1970      27  1063  1225  1351
 1971     623   146   626  1162
 1972    1019  1044  1382  1395
 1973    1123  1153  1180  1426
 1974    1093  1053  1135  1292
 1975    1034  1058  1114  1176
 1976     313   312  1122  1169
 1977     634  1112  1432  1435
 1978     710   163    42  1273
 1979    1092   576  1322  1348
 1980      49  1074  1381   937
 1981    1314  1143   864  1216
 1982    1084  1003  1131  1313
 1983     360    17  1011  1206
 1984     941  1213  1055   943
 1985    1025  1013  1258  1385
 1986    1205  1049  1146  1060
 1987     820  1420  1037  1041
 1988     547   548   540  1330
 1989      69   247   248  1271
 1990     225  1117  1139  1308
 1991     901  1259  1324   465
 1992    1105  1191  1238  1258
 1993    1414  1044  1297  1233
 1994     822   819  1037  1041
 1995     934   938  1151  1269
 1996    1035  1019  1241  1398
 1997    1302   883  1333  1450
 1998     795  1192   796   653
 1999    1304  1329  1055  1362
 2000     539   566  1039  1157
 2001     699  1194   671   705
 2002    1057   241   239   499
 2003     408  1277   406  1068
 2004    1106   617  1111  1146
 2005     574   540   541  1051
 2006    1083   244  1234  1298
 2007     513   517  1101  1262
 2008     582   215   591  1323
 2009     937   963   964  1130
 2010    1164  1045  1239  1357
 2011     618   621   986  1245
 2012     122   495   490  1078
 2013      50   970  1072  1381
 2014    1116  1024  1270  1380
 2015     328  1078  1193  1293
 2016     231   228  1124  1441
 2017     369   361   354  1011
 2018    1136  1321  1180  1201
 2019     601   606   605  1225
 2020     737   731   739  1198
 2021     929   928  1177  1219
 2022    1426  1210  1227  1299
 2023     882   197   881  1201
 2024     196   871   982  1233
 2025      98  1317   469  1328
 2026      75    74    76  1222
 2027     563   133  1018  1157
 2028     625   629   628  1154
 2029     651   653   652  1029
 2030    1017  1012  1095  1431
 2031    1056  1016  1094  1188
 2032     145   628   787  1313
 2033    1216   685  1261  1288
 2034    1130  1074  1384  1401
 2035    1238  1228   130   529
 2036    1188   510  1189  1449
 2037     342   348   347  1357
 2038     378   381   356  1011
 2039    1115  1031  1285  1338
 2040    1222  1103  1346  1397
 2041     261   278    65  1165
 2042    1017  1341   402    64
 2043      35  1084  1131  1313
 2044      59   244   504  1234
 2045      52   227   416  1023
 2046      36   162   885  1246
 2047     824   823   168  1079
 2048     924   205   925  1177
 2049    1110  1151  1249  1451
 2050    1009  1228  1238  1258
 2051     964   954    49  1130
 2052     790  1107  1218  1306
 2053     626  1084  1093  1162
 2054     895  1209   891   487
 2055    1062   309  1188  1449
 2056     542   568   570  1339
 2057    1057    56   239   243
 2058    1352   640    37  1186
 2059     562    23   563  1018
 2060    1220  1442    79    78
 2061     519   516   127  1290
 2062     453   116  1302  1315
 2063     693  1207   218  1361
 2064     715   716  1279   714
 2065     528   530   529  1228
 2066    1052  1326  1327  1407
 2067     720  1210   719   717
 2068     136    20   528  1140
 2069    1130  1013  1385  1401
 2070     168   823   745  1037
 2071     804   807  1037  1121
 2072    1334  1365  1142  1170
 2073     502   243    59   241
 2074     644  1003   643  1155
 2075    1307   616   656   615
 2076    1102   795  1192  1043
 2077    1118  1323  1049  1368
 2078      29   871  1224  1297
 2079     934  1381   970   935
 2080    1325  1047  1198  1378
 2081     617   619  1106  1297
 2082     712    36   704   701
 2083     648   217   997  1160
 2084     616  1106  1307   620
 2085      27  1336  1063  1000
 2086    1047  1198  1033  1138
 2087    1081   129  1429  1290
 2088      65   261  1165  1236
 2089      96    17   359  1206
 2090    1028   497  1406  1410
 2091     832   829   827   828
 2092     877   584   981  1292
 2093    1048  1179  1326  1327
 2094     298   300  1373  1446
 2095     415   413  1080  1164
 2096      63   266  1226  1337
 2097     215   990   591  1323
 2098    1091  1394  1145  1402
 2099     306   283   305  1220
 2100    1012  1023  1161  1431
 2101     789   785  1021  1313
 2102    1005   369  1011  1167
 2103     656   153  1245  1307
 2104     478   287   453   284
 2105    1329   950  1251  1362
 2106     594  1351  1406   605
 2107    1276  1122    77    82
 2108    1254   866   454  1288
 2109    1056  1120  1016  1214
 2110      66   256  1284  1311
 2111     648   649   217  1160
 2112     993   218  1207  1359
 2113     297   298  1133  1355
 2114     764   180  1034  1176
 2115     995   992  1207  1280
 2116    1049  1205  1146  1439
 2117     109   527   530  1238
 2118    1209  1353  1401  1438
 2119      54   280  1124  1371
 2120     998  1000  1063  1280
 2121    1021   785  1034  1313
 2122    1108  1194  1229  1338
 2123     632   633  1178  1296
 2124     492   494   201  1069
 2125     427   430    21  1238
 2126    1014  1196  1208  1412
 2127     267   268    69  1271
 2128     995   992  1280  1336
 2129    1311  1404  1012  1226
 2130     156  1109  1203  1217
 2131    1102    29  1224  1297
 2132    1131  1108  1003  1071
 2133    1034  1021  1107  1306
 2134     144  1043   810   813
 2135    1103  1133  1222  1327
 2136    1089  1052  1247  1448
 2137     167   744   741  1037
 2138      31   803   818  1270
 2139    1156  1191  1375  1418
 2140      14  1364   310   482
 2141     723   165  1065  1345
 2142     679   680   709   689
 2143     333   425   423  1078
 2144     706   707  1059  1415
 2145     523  1290   127  1289
 2146     694   695  1354  1361
 2147    1009  1177  1228  1258
 2148     292   293   460  1134
 2149    1014  1064  1279  1370
 2150     449   448   438  1421
 2151     216   997  1285  1410
 2152    1002  1052  1103  1327
 2153     624  1084  1171  1221
 2154       2   242  1337  1442
 2155     608   143   610  1001
 2156    1382  1248  1057  1259
 2157     983    29   617  1297
 2158     922  1325   921   918
 2159    1089  1096  1445  1448
 2160    1012  1341  1017    64
 2161     318  1265   316  1301
 2162    1035  1241  1352  1398
 2163     832  1379  1267   828
 2164    1231  1328  1211  1174
 2165     115   135   446  1421
 2166    1263  1154  1060  1071
 2167     342   337  1357   344
 2168     479   480  1042  1123
 2169     663  1003  1257   643
 2170    1272  1100  1128  1393
 2171       2    79   302  1442
 2172     551  1199   112   556
 2173     742   752   754  1422
 2174    1393  1178  1024  1085
 2175     666  1060   159   674
 2176     630   634   147  1435
 2177      66  1311  1309   257
 2178     406   101  1068  1277
 2179     961   966  1360  1390
 2180    1038   245  1174  1271
 2181     709   679  1230  1241
 2182      31   635   806  1270
 2183     196  1414   870   871
 2184     517   127  1081  1409
 2185     826    44   893  1349
 2186    1088  1092  1098  1403
 2187     712    36   701  1255
 2188     582   591  1148  1323
 2189     389     9   251  1150
 2190    1031  1015  1137  1182
 2191     623   146  1162  1205
 2192     558   136   560  1242
 2193     883   882   884  1450
 2194     833   830   718  1342
 2195    1081  1078  1082  1193
 2196     530    20  1105  1140
 2197    1202   458  1346  1365
 2198     145   624   626  1084
 2199     475   478   453  1268
 2200    1120  1122  1136  1333
 2201     562   963    23  1027
 2202     644  1003  1155   663
 2203    1087   464  1128  1343
 2204    1107  1021  1155  1218
 2205     242  1402   302   244
 2206     297   304    12  1133
 2207    1224  1270  1380  1383
 2208     877   468  1300  1363
 2209     283   306   289  1220
 2210    1084   624  1171  1313
 2211     474   294   457  1170
 2212     653  1029  1102  1192
 2213     619    29  1043  1102
 2214    1029  1297  1102  1224
 2215    1151   934  1269  1451
 2216     451   443   436  1344
 2217     541   543  1051  1295
 2218     681   863   862  1314
 2219     201   897  1050  1069
 2220    1016  1056  1181  1188
 2221    1250   576  1322  1440
 2222    1011    17   379  1206
 2223     280    54   269  1371
 2224    1113  1080  1434  1444
 2225    1074   955  1197  1320
 2226     939   946  1151  1269
 2227     864   878   879  1216
 2228     414     3  1023  1080
 2229    1316  1219   842    47
 2230    1228  1238   130  1042
 2231     223   225  1139  1308
 2232      27   216   998  1063
 2233    1013  1025  1130  1385
 2234     410   404  1113   405
 2235    1323  1118  1240  1368
 2236     436   435   437  1344
 2237     432  1265   316   429
 2238     525   925   531   927
 2239     912    22   911  1286
 2240     515   203    22  1286
 2241     326   329  1082  1293
 2242    1356   728  1127  1144
 2243    1025  1130  1320  1374
 2244      58   266     2  1337
 2245     985   986   978  1439
 2246     650   183    28  1192
 2247     170   802   752  1422
 2248     870  1414  1383   821
 2249     663   150   643   675
 2250     696   705   706  1158
 2251     815   801  1200  1419
 2252     676   657  1278  1415
 2253       2    78    79  1442
 2254    1032  1250  1322  1440
 2255    1417  1406  1283  1104
 2256     636    31   903  1116
 2257    1337  1298  1411  1442
 2258    1442  1411  1445  1091
 2259    1051  1335  1018  1157
 2260     939   946   938  1151
 2261    1082   320  1090  1409
 2262     948  1151   210   938
 2263     178   766   764  1176
 2264    1165  1312  1347  1403
 2265     835   852   845  1213
 2266    1118  1088  1240  1368
 2267     661   639   703  1132
 2268     500   123  1259  1291
 2269     244   504  1234  1402
 2270    1018  1020  1129  1335
 2271    1137  1031  1182  1207
 2272    1105  1191  1258  1375
 2273     719    41   717  1299
 2274     679   683   680  1255
 2275     929   924   889  1299
 2276     154   659    40  1149
 2277      68  1026  1061  1371
 2278     167   807   740  1037
 2279     413   414  1080  1164
 2280     558  1025   559  1130
 2281    1254  1158  1002  1346
 2282     476   881   481  1321
 2283    1116  1380  1388  1393
 2284     135   115   449  1421
 2285     951  1362   950   840
 2286    1428  1069  1081  1014
 2287     327   329   328  1082
 2288    1306  1034   783   784
 2289      46   206  1067  1282
 2290     309    81   315  1062
 2291    1168  1258  1370  1385
 2292    1038  1141  1174  1175
 2293     217   649  1115  1160
 2294     866   865   454  1288
 2295     649   670   150   994
 2296     452   863  1040  1314
 2297    1020  1076  1105  1375
 2298     519   920   916  1101
 2299     675   670   673   158
 2300    1163  1115  1229  1359
 2301      78  1215  1220  1442
 2302     618  1106  1307  1146
 2303     357   352    97  1011
 2304     545   133   568  1051
 2305    1089   306  1220  1244
 2306      78     2  1215  1442
 2307     837   953   838  1304
 2308    1087  1343  1382  1423
 2309    1055   845  1213  1304
 2310     926   958  1358  1374
 2311      32   624  1171  1221
 2312     711    37   202  1125
 2313     487   486  1129  1399
 2314     400   399   336  1266
 2315     970   967   966  1072
 2316     736   737   734  1138
 2317     854   859   193  1329
 2318    1046  1184   389  1005
 2319     992  1000  1280  1336
 2320     481   881  1123  1321
 2321     502   124   241  1083
 2322     480  1042  1123  1153
 2323     675  1257   663   665
 2324     690   692   693  1361
 2325    1195   845  1213   835
 2326     606   601   609   607
 2327    1015  1104  1133  1373
 2328     642   640   638  1223
 2329    1014  1127  1286  1294
 2330     736  1033   733  1138
 2331    1098   221  1347  1366
 2332     721  1279  1345  1379
 2333     951   840   190  1251
 2334     197    41   198  1299
 2335     299   598    11  1386
 2336    1268   476  1321  1333
 2337     374     9    99    98
 2338     737   730   731  1198
 2339    1051   543  1242  1295
 2340    1205   986  1245  1146
 2341     457   294   458  1365
 2342     488   535   534  1399
 2343    1270   818  1380  1383
 2344    1036   317  1187   431
 2345    1366  1403  1098  1092
 2346     300  1386   598   299
 2347     652   152   654  1203
 2348     125    59  1234  1237
 2349     505   503   507  1275
 2350     159   674   657   666
 2351     967   943  1067  1110
 2352    1249  1151  1269  1451
 2353     744   170   742  1422
 2354     896   894  1264  1438
 2355     418     4   466  1095
 2356     984  1323   215  1111
 2357     673   665   667  1257
 2358     238   499  1281  1443
 2359     643   776   149   791
 2360    1014  1069  1081  1101
 2361     426  1076  1332  1416
 2362     537   570   571   572
 2363     122   495  1078  1429
 2364    1041  1121  1192  1420
 2365     895   896  1353  1438
 2366    1129  1039  1157  1335
 2367     622   621  1245  1287
 2368     716    42   910  1412
 2369    1162  1287   627   678
 2370     432   424   425  1156
 2371     674  1060   159   657
 2372      94   346  1357  1377
 2373    1382  1248  1259  1166
 2374       7  1061  1243  1400
 2375     118  1028  1183   900
 2376     353   355   354  1011
 2377      35   628   629  1154
 2378      27   996  1063  1351
 2379    1197  1074  1269  1451
 2380     773    45   772   176
 2381     776   663  1155   777
 2382     762   756   763  1176
 2383    1207  1115  1137  1031
 2384     446   551   552  1421
 2385    1121   808  1192  1420
 2386    1080   100  1164  1319
 2387    1021  1003  1171  1313
 2388     118  1028  1252  1183
 2389     715  1227  1279  1342
 2390    1287  1162   627   629
 2391     475   476  1268  1333
 2392     713  1208  1227  1413
 2393     776   643   149   644
 2394     991   993   992  1207
 2395     277   276   262    70
 2396     780  1006  1235  1253
 2397     656  1278   657  1245
 2398    1213   943  1110  1067
 2399     953   837   950  1304
 2400    1300  1183  1363  1396
 2401       1  1124   279  1366
 2402     493  1069  1429   494
 2403     534  1416   535   566
 2404      98  1317  1328   376
 2405     445   451   444  1421
 2406     396  1080  1341  1319
 2407    1181  1016  1196  1208
 2408    1408  1016  1413  1136
 2409    1072  1074  1381  1451
 2410     526   430  1036  1238
 2411    1057  1226  1423  1443
 2412     181   172   788  1176
 2413     929  1299  1177   924
 2414    1009  1299  1177  1210
 2415     486    15  1129  1399
 2416     705   671   708  1194
 2417     493  1069   492  1429
 2418     913   203   515  1286
 2419      76   458   294  1365
 2420    1124   229    54   231
 2421     476   884  1321  1333
 2422      69     7  1026  1243
 2423    1422  1121   800   798
 2424    1104  1283  1119  1212
 2425     405  1017   240  1436
 2426     222  1124  1366   231
 2427     159  1278  1287  1245
 2428    1022  1146  1278  1303
 2429     183   808   805  1192
 2430     956   955   954  1320
 2431    1104  1386  1119  1417
 2432     198   197  1299  1426
 2433     885   162    41  1204
 2434    1201  1180  1227  1426
 2435     704   679   703  1241
 2436     584   140  1348  1369
 2437     616  1307   656   618
 2438     102  1045   345   422
 2439     226    51   225  1139
 2440     305  1089  1215  1309
 2441     174  1058   759   758
 2442     728  1356  1127   203
 2443    1103  1247  1346  1397
 2444    1345   829   723    43
 2445     460   194   455  1354
 2446    1070  1311  1008  1284
 2447     769  1185   768   173
 2448    1196  1030  1075  1159
 2449     361   353   354  1011
 2450     786   176   785   787
 2451     143   606   601   608
 2452     575   221  1098  1366
 2453    1025  1374   559  1130
 2454     922   919  1050   918
 2455     948  1151  1304  1055
 2456     805   635  1024  1270
 2457    1032  1124  1061  1371
 2458     254   253  1226  1311
 2459    1183   119  1363  1396
 2460    1036  1009  1075  1180
 2461     176   772   787   770
 2462    1041  1121  1200  1405
 2463     263  1089    67   295
 2464     202  1181  1273  1305
 2465    1022  1049  1060  1146
 2466    1094  1091  1214  1234
 2467     843  1304   846   837
 2468     121   484  1190  1331
 2469     244    60   242  1298
 2470     523   518   330  1289
 2471    1112   636  1116  1435
 2472     895   961   894  1438
 2473     613   622  1245  1287
 2474     651   656   615   153
 2475    1328  1231  1211  1066
 2476     689   698  1230  1261
 2477     489    15   487  1399
 2478    1155   772  1114   771
 2479     224    52  1023  1117
 2480     493  1069   494   492
 2481     229     1  1347  1366
 2482     159   678   656   613
 2483     433   113  1199  1344
 2484    1249  1074  1385  1401
 2485     336  1319   397   400
 2486     777   776  1107  1155
 2487     837   950  1304  1362
 2488     377   380   379   378
 2489     394   416   227  1023
 2490    1367   440  1433  1199
 2491     456  1254  1202  1354
 2492    1033  1065  1198  1378
 2493    1028  1010  1300  1338
 2494     167   804  1037   747
 2495    1173   583   592   141
 2496     216   217   991  1285
 2497    1362   843   846   837
 2498     903   901  1112  1324
 2499     988  1348  1387  1093
 2500      58    60  1226  1337
 2501     613   622   616   618
 2502    1431  1080  1023  1434
 2503     867   692   694  1354
 2504      86   325   324  1082
 2505     953  1151  1152  1304
 2506    1017  1113  1277  1431
 2507     691   690   693  1361
 2508     764   180   784   178
 2509     101   410   407  1068
 2510     663   664  1131  1155
 2511     340   338   337  1266
 2512    1372  1033  1069  1014
 2513      76  1222  1346  1397
 2514     988   981   584  1221
 2515      96   384   386  1206
 2516    1414   821  1224  1383
 2517    1042  1177   525  1228
 2518    1220  1445  1145  1215
 2519    1415  1053  1059  1194
 2520     487    15   486  1399
 2521    1264   894  1360  1438
 2522    1089   305  1215  1220
 2523     641   148  1223  1248
 2524     800   797   185  1121
 2525     894   961  1360  1438
 2526     599   597  1283  1417
 2527     857   858   855  1251
 2528     408   339   399  1266
 2529    1080   416   396  1341
 2530    1007  1004  1353  1401
 2531     297   304  1133  1222
 2532     168   746   824  1079
 2533     613  1287   627   622
 2534     146   629   622   621
 2535     622  1287   629   146
 2536    1287   622   629   627
 2537     685   865  1254  1288
 2538     670   700   994  1359
 2539     285   283  1220   303
 2540     379   386  1167  1206
 2541     385   372  1167  1206
 2542    1229   691  1359  1361
 2543     649  1163  1160   150
 2544     970  1072  1381  1451
 2545       3   579   578  1437
 2546     138   139   575  1098
 2547     459  1134  1182  1354
 2548    1450   885  1246   882
 2549    1013  1004  1385  1401
 2550    1010  1061  1179  1327
 2551     131   537   571  1339
 2552    1158   705  1194  1229
 2553      39   697   695  1158
 2554     450   449   115  1421
 2555     357   356   358  1011
 2556     558   559   964  1130
 2557     923   492  1097  1101
 2558     145   624  1084  1313
 2559     881   884  1201  1321
 2560    1061  1010  1133  1327
 2561      35   628  1084  1313
 2562     907   908   906  1305
 2563    1208  1181  1273  1412
 2564     693   692   195  1182
 2565     664   771   668  1155
 2566    1090  1030  1159  1301
 2567    1065  1127  1144  1378
 2568    1067   851  1213   943
 2569    1309   264  1337  1215
 2570     380   379   378  1011
 2571    1073  1070  1423  1437
 2572     628   145  1084  1313
 2573     263  1089  1284    67
 2574    1056  1094  1214  1237
 2575     281  1366   279  1347
 2576     170   752   742  1422
 2577     955    49   954  1074
 2578     616   614   615  1054
 2579     656   613   616   618
 2580     615   613   616   656
 2581    1210  1177  1219  1299
 2582    1074  1072  1249  1451
 2583    1210   717  1227  1299
 2584    1431  1012  1341  1017
 2585     656   159   657   153
 2586    1111  1049  1146  1439
 2587     699   690   691  1229
 2588    1187  1062   315    81
 2589     575   139  1092  1098
 2590    1287   678  1060   159
 2591     692   694  1354  1361
 2592      53   220  1236  1308
 2593    1209   895   891  1353
 2594     799   740   809  1121
 2595    1212   605  1225  1351
 2596     358   391    95  1046
 2597    1073   259  1012  1311
 2598    1442  1220    79  1145
 2599     859   945   947  1251
 2600     640   148  1186  1223
 2601     860   193   859  1251
 2602    1106   614   616  1054
 2603     919   923  1097  1101
 2604     524   130  1042  1228
 2605    1052  1089  1247  1310
 2606    1419   817  1079   814
 2607     743   740   799  1121
 2608     883   884   475  1333
 2609     671   705   708   699
 2610     829  1345   723  1392
 2611     680   698   709   689
 2612     942   941   210  1055
 2613     699   705    39  1229
 2614     927   926  1358  1425
 2615    1137  1053  1158  1327
 2616    1115  1207  1137  1229
 2617     159   678   613  1287
 2618     762  1058   773   755
 2619    1059  1077  1147  1261
 2620     438  1340   448   111
 2621     829  1064  1345  1392
 2622    1022  1048  1049  1368
 2623     216   991  1280  1285
 2624     141    51  1139  1173
 2625     728   729  1127  1144
 2626     424   432   108  1156
 2627     107  1375  1076   108
 2628     586   587  1118  1348
 2629     211   940  1197  1269
 2630    1277  1113  1341  1431
 2631     711  1352   702    37
 2632    1017  1277  1341  1431
 2633     683  1040  1255   682
 2634     529  1358  1228   532
 2635    1354  1015  1134  1137
 2636     901  1259   465   123
 2637     425   423  1078  1274
 2638     232  1066  1172  1440
 2639     870   818  1380  1388
 2640     159  1245  1287   656
 2641    1041  1043  1192  1405
 2642     521   520   522  1290
 2643     816  1200   817   811
 2644    1004  1256  1282  1353
 2645    1262  1014  1294  1424
 2646     106   426    19  1416
 2647    1245   621  1205  1287
 2648    1019  1044  1085  1166
 2649    1243  1271   248  1447
 2650    1361  1229  1207  1359
 2651    1212  1225  1336  1351
 2652    1117   226  1139  1437
 2653     972   977   974   971
 2654    1356   728  1144   914
 2655     769   173   765  1058
 2656    1159   318  1265   314
 2657    1092  1088  1098  1118
 2658     210   948   944  1329
 2659      39   690  1229  1361
 2660     329   328  1082  1293
 2661       8   269  1032  1231
 2662    1014  1064  1127  1279
 2663     782   180   779   784
 2664     712  1204   713   162
 2665    1297  1085  1029  1303
 2666     907   906   148  1186
 2667     860   949   192  1251
 2668    1003  1350  1160  1006
 2669     670  1163  1229  1359
 2670     855   839   190  1251
 2671    1062  1016  1180  1196
 2672    1208  1014  1279  1370
 2673     496   491   521  1290
 2674    1068  1045  1319  1444
 2675    1195  1267  1318  1370
 2676    1062  1016  1122  1321
 2677    1118   586  1348  1387
 2678      11  1119   602  1134
 2679      45   176  1114  1176
 2680     339  1068   408   407
 2681     601   600   602  1119
 2682     960   199   486  1027
 2683    1070  1008  1073  1423
 2684    1131   666  1154   669
 2685     373   361  1011  1206
 2686     107   426   108  1076
 2687     936   962  1384  1390
 2688    1178   655  1203  1217
 2689     154   676   660  1147
 2690    1381   969   973   936
 2691     988  1292  1093  1221
 2692     346   342  1357   348
 2693    1388  1272  1393  1414
 2694    1000  1063  1280  1336
 2695    1251   847  1329  1362
 2696    1023     3  1161  1434
 2697      92   345  1357  1377
 2698     225   227  1117  1308
 2699      15   534  1129  1399
 2700     354  1005  1046   371
 2701      12  1400   275  1133
 2702     913   203  1286  1356
 2703    1228  1140  1238  1258
 2704    1275  1181  1305  1056
 2705     464   467   466  1343
 2706    1100  1343  1259  1382
 2707     602   603   461  1119
 2708    1319  1113  1444  1080
 2709     668   772   770  1114
 2710     707   706  1059  1147
 2711     672   671   158  1194
 2712    1092  1326  1366  1403
 2713     285  1315    71   284
 2714    1230  1040  1241  1255
 2715    1450   885  1204  1246
 2716    1074  1197  1269  1320
 2717    1056  1094  1237  1275
 2718     107   443   441  1199
 2719    1031  1182  1207  1336
 2720       4  1443   240   238
 2721     108   427  1105  1191
 2722      19   439   554  1332
 2723     896  1264  1282  1353
 2724     154   709  1077  1149
 2725    1209  1190  1274  1418
 2726    1343  1100  1087  1382
 2727     324   332   323  1289
 2728     192   949   856  1251
 2729     341  1164    91   103
 2730     275  1400   277     7
 2731    1180  1009  1196  1208
 2732     414   224   413  1023
 2733    1051  1335   540  1295
 2734       3   224   414  1023
 2735     143   601  1225   608
 2736      12   275   297  1133
 2737     590   591  1118  1240
 2738    1446  1386  1104  1417
 2739    1246  1376  1086   712
 2740      20   557  1330   555
 2741    1380  1388  1393  1414
 2742     292   291  1134    74
 2743     119   873   118  1183
 2744     601  1212  1119  1283
 2745     670   673   158  1163
 2746    1113   409  1444   417
 2747    1027  1438   212   199
 2748    1073  1070  1236  1284
 2749     443   440   441  1199
 2750      49  1381  1197   209
 2751    1070  1044  1148  1368
 2752     897  1033  1050  1069
 2753    1406  1447   250  1175
 2754     687   696   684  1261
 2755     197    41  1299  1426
 2756    1078  1156  1274  1418
 2757     726  1065  1144  1198
 2758    1070  1044  1087  1148
 2759     988   626  1093  1387
 2760     920   918   204  1097
 2761     453   478   284  1315
 2762     509   126  1294  1424
 2763    1346  1170  1365  1397
 2764    1048  1002  1327  1407
 2765    1091  1083  1234  1298
 2766     876   981   875   877
 2767    1120  1096  1333  1035
 2768     766   178   788  1176
 2769     467   104  1260  1430
 2770    1210  1208  1180  1227
 2771    1395  1077  1002  1448
 2772     958  1025  1358  1374
 2773    1062  1187   315  1075
 2774    1347   223     1   229
 2775     951  1362  1251   950
 2776     575   233   231  1322
 2777    1207   995  1280  1336
 2778     106    19   535  1416
 2779    1158  1015  1002  1346
 2780     400   402  1277  1319
 2781    1057  1008  1382  1423
 2782     432   429   108  1156
 2783     941  1213   943  1110
 2784    1279  1064  1345  1379
 2785    1030  1196  1424  1159
 2786     426  1375  1076  1416
 2787    1084  1093  1135  1221
 2788     656   159   613  1287
 2789     873   874   900   645
 2790     860   947   949  1251
 2791     664  1257  1131   665
 2792    1082  1081  1289  1409
 2793     116   117    26  1143
 2794     376   375  1066  1184
 2795     162   712  1204  1246
 2796     993   994   218  1359
 2797     874  1218   778   646
 2798     755   758   759  1058
 2799     385   382   384  1167
 2800    1003   646   149  1218
 2801    1381   935   213   970
 2802     255  1012    64   254
 2803     875   988    32  1221
 2804      42   716  1279  1412
 2805    1010  1015  1133  1327
 2806     679   155   703  1241
 2807      19   426  1332  1416
 2808     501   499  1259  1281
 2809     608   600   601  1225
 2810     529  1358   528  1228
 2811     799   808   183  1121
 2812     717    41  1227  1299
 2813      85   323   518  1289
 2814    1319   399  1068  1277
 2815    1061  1133  1243  1400
 2816    1192   806  1270  1420
 2817    1048  1049  1118  1387
 2818    1443     4  1095  1281
 2819     283   289    71  1220
 2820    1033  1014  1047  1069
 2821    1098   588  1118  1240
 2822     563   565   564  1157
 2823     108   424  1156  1375
 2824    1005  1150  1066  1184
 2825       1  1124   280   279
 2826    1280  1031  1285  1207
 2827     876   780   877  1235
 2828     531   525   927  1228
 2829     350  1266    16  1377
 2830     323   332   330  1289
 2831    1249  1168  1269  1152
 2832     595   248    62  1447
 2833    1363  1292  1369   468
 2834     551   446   135  1421
 2835    1340   438   448  1421
 2836     845   849  1304  1362
 2837     761   756  1176   763
 2838     258   396   394  1341
 2839    1398  1091  1019  1166
 2840      32   782   875  1171
 2841     147   634  1432  1435
 2842    1092  1048  1326  1403
 2843     323    85   324  1289
 2844     193   857   855  1251
 2845    1132  1109  1217  1223
 2846     494   122  1428  1429
 2847     286    73    10  1244
 2848     398   343    18  1239
 2849    1159  1196  1424  1449
 2850    1070  1148  1389  1437
 2851    1210  1426  1009  1299
 2852     789   178   788   783
 2853     396   258   395  1341
 2854     786   760   181  1176
 2855     505  1181   908  1305
 2856     821   822   811  1041
 2857    1057  1259  1281  1382
 2858    1125  1016  1181  1273
 2859    1156  1075  1191  1418
 2860     795   653    34  1102
 2861    1089  1008  1395  1445
 2862     657   674  1060  1415
 2863    1272  1100  1044  1128
 2864     750  1419  1422   754
 2865     396   398   100  1319
 2866     518  1409  1289   127
 2867     688   684   689  1216
 2868     440  1367   441  1199
 2869     867   694   194  1354
 2870    1386   142   300   598
 2871     504   307  1094  1394
 2872     663  1003  1155  1131
 2873     618  1106   620  1307
 2874     563   564   538  1157
 2875    1028  1175  1300  1010
 2876     226   141    51  1139
 2877    1056  1125  1181  1305
 2878     905   124  1248  1291
 2879    1079   824   822   816
 2880      32   624  1021  1171
 2881     137   574   567  1339
 2882    1229  1361  1207  1137
 2883    1158   696  1254  1261
 2884    1418  1370  1372  1014
 2885     775   774  1058  1107
 2886     376   378   374    98
 2887    1331   535  1399  1416
 2888    1025  1358  1374  1425
 2889       8  1032  1172  1231
 2890    1448  1096  1040  1143
 2891    1042  1009  1177  1228
 2892     122  1078  1428  1429
 2893     180  1306  1185   779
 2894     185   796   798  1405
 2895     905  1112   902  1291
 2896     596   272  1232  1446
 2897     488   534   489  1399
 2898    1146  1245  1278  1307
 2899     910   911  1127  1412
 2900     696   687  1254  1261
 2901     724   915  1198  1378
 2902    1195   836  1256  1318
 2903    1094  1120  1091  1394
 2904     643   150  1160  1257
 2905     593  1173   592  1240
 2906    1400    12   275   277
 2907     783    32  1021  1171
 2908     280   282   279  1124
 2909     481   881   887  1123
 2910     829   730   732  1392
 2911     128    85  1289  1409
 2912    1070  1088  1312  1407
 2913    1005  1066  1126  1167
 2914     649  1163   150  1115
 2915     200   922   923  1050
 2916     506   504  1094  1234
 2917     182   790   149   646
 2918     983   871    29  1297
 2919    1309  1337  1226  1215
 2920     625   628  1084  1154
 2921    1185   768   173   781
 2922     893  1256  1349  1372
 2923     930   894   206  1264
 2924    1128  1100  1388  1393
 2925     275     7   274  1355
 2926     906  1125  1305   202
 2927     574   573   567  1339
 2928     636   903  1112  1324
 2929    1283  1104  1119  1417
 2930     400   395   402  1319
 2931    1073  1012  1161  1423
 2932     975  1381   209   973
 2933    1232   274  1243  1355
 2934     387   382  1066  1167
 2935     532   529   531  1228
 2936    1424    84   322   511
 2937     196   982   581  1233
 2938     872  1116  1380  1388
 2939     196  1414  1272  1391
 2940     441  1076  1199  1367
 2941     206   930  1264  1282
 2942     733   730  1198  1392
 2943     765   757  1058   175
 2944     104   418  1260  1436
 2945     611   609   143   610
 2946     831   189   846  1316
 2947    1003   643  1160  1257
 2948     790   182   794   792
 2949      85  1082  1289  1409
 2950     440  1199  1344  1433
 2951    1111  1106  1146  1303
 2952     917   913  1101  1356
 2953     959  1130  1027   963
 2954    1324  1435  1112  1116
 2955     715   717   713  1227
 2956    1242   963  1018  1130
 2957     663   776  1155   644
 2958     568  1051   137  1339
 2959     389    99  1150  1184
 2960    1254   456    38  1354
 2961     664   668  1131  1155
 2962     963   562  1018  1027
 2963    1243  1133  1355  1400
 2964     940   934  1197  1269
 2965      82    81   309  1276
 2966     996  1063  1351  1410
 2967     155  1109  1132  1241
 2968     764  1185   173   180
 2969     701   637   702  1352
 2970     414   411     3  1080
 2971    1030  1156  1265  1301
 2972     507   506   510  1189
 2973     823   822  1037  1079
 2974    1070  1368  1088  1407
 2975     636  1112  1116  1324
 2976    1031  1207  1280  1336
 2977     643   647  1003  1160
 2978     645   997   648   647
 2979     643   649   648   150
 2980     919   920   519  1101
 2981    1367   442  1433   440
 2982     608    27   999  1000
 2983    1097  1047  1325  1356
 2984     712  1255  1376  1086
 2985     593   588  1098  1240
 2986    1445  1220  1089  1215
 2987     550   540   539  1039
 2988     472   865   880  1288
 2989    1415  1263  1194   674
 2990     645  1410   899   900
 2991     426  1375  1416   424
 2992    1139  1088  1173  1312
 2993    1029  1054  1102  1106
 2994     993   649   994  1115
 2995     986  1205    33  1439
 2996    1016  1276  1120  1188
 2997     588   589  1098  1118
 2998     365     8   230  1172
 2999    1007  1360  1390  1438
 3000      42   714  1208  1279
 3001    1182   995  1207  1336
 3002    1040  1143  1216  1448
 3003      27   999  1000   998
 3004     627   678  1154  1162
 3005    1056  1120  1214  1094
 3006     236    57    60  1226
 3007     356   380   378  1011
 3008     831   832   189  1267
 3009     706   705   708  1415
 3010     923   201   200  1050
 3011     651   615    34  1054
 3012     496   522  1193  1290
 3013     923  1069   201  1050
 3014    1115  1108  1163  1229
 3015     242     2   302  1442
 3016      87   331    88  1193
 3017     870   196   868  1391
 3018     649  1163  1115  1160
 3019    1039  1099  1330  1335
 3020    1303  1147   660  1278
 3021     647   645   646  1006
 3022     726   731   166  1198
 3023     140   576  1348  1369
 3024     885   162  1204  1246
 3025    1145   301  1394    77
 3026      73   290  1170  1244
 3027      18   343   344  1239
 3028    1140  1295  1330  1335
 3029      60    57    58  1226
 3030     193   847   854  1251
 3031     726   725   724  1144
 3032    1218   179   778  1306
 3033    1216  1040  1230  1314
 3034    1188  1189  1196  1449
 3035     998   991   992  1280
 3036    1141  1328  1363  1317
 3037    1143  1314   452  1040
 3038    1060  1146  1205  1245
 3039    1027  1129   486  1018
 3040    1448  1019  1096  1445
 3041    1067  1007  1264  1360
 3042    1418  1258  1004  1370
 3043     746   168  1037  1079
 3044     995  1182  1207  1361
 3045     485  1209  1372  1428
 3046     566   554   550  1039
 3047     299   293  1386    11
 3048     326   316   329  1293
 3049    1212   606   594  1283
 3050     917  1101   916  1356
 3051     987   980   988  1387
 3052     483  1122   310   477
 3053     685   880   865  1288
 3054    1145   303  1169  1220
 3055     795  1102  1192   653
 3056     606   143   601   605
 3057    1128   869  1272  1391
 3058    1130   959  1027  1384
 3059    1328   471  1363   469
 3060    1063   216  1285  1410
 3061     612  1001   610   143
 3062       3   579  1161  1430
 3063     282  1165    70   278
 3064     170   798   802  1422
 3065    1191  1258  1375  1418
 3066    1195   845   189  1213
 3067     520   521   129  1290
 3068    1363  1292  1300  1369
 3069    1073   256  1236  1308
 3070     796  1192  1043  1405
 3071     999   612   143  1001
 3072     883   884  1333  1450
 3073    1091  1096  1019  1445
 3074     955   209    49  1074
 3075     185   800  1121  1405
 3076     464   869  1087  1128
 3077    1120  1094  1091  1214
 3078     608    27   143   999
 3079     608   999   143  1001
 3080     798   170   743  1422
 3081    1005   389  1150  1184
 3082    1132   703  1241  1352
 3083     637   703  1132  1352
 3084    1326  1165  1403  1407
 3085     508  1181   505  1189
 3086     577   469   376  1317
 3087    1191  1009  1258  1418
 3088     502   907   124  1237
 3089     629  1287  1162   146
 3090     821   188  1041  1383
 3091     170   744   743  1422
 3092    1014  1009  1075  1418
 3093    1026  1010  1061  1179
 3094    1125  1186  1214  1408
 3095     610   143   611   612
 3096      92   419   345  1377
 3097     199   960   212  1027
 3098     845   852  1055  1213
 3099    1134  1354  1137  1182
 3100    1066   376  1184  1328
 3101      38  1254  1354  1158
 3102    1129   534  1416  1399
 3103       5  1250  1317  1066
 3104    1309   264    78   265
 3105     609   611   143   606
 3106     870  1414  1391  1383
 3107    1168  1219  1267  1370
 3108     563   538   133  1157
 3109     753   754   801  1419
 3110     534  1129  1416   566
 3111     909    42  1273  1412
 3112     291   292  1134   293
 3113    1005   369   354  1011
 3114    1145   301   302  1402
 3115    1302   475   883   453
 3116     656   613  1245  1287
 3117     716   910  1127  1412
 3118    1044  1070  1087  1382
 3119      27   996   216  1063
 3120     317    83   314  1187
 3121     300   299   298  1373
 3122     308   307   301  1394
 3123     566   554  1039  1416
 3124     337   344  1239  1357
 3125     673   672   158  1163
 3126    1330   557  1099   547
 3127     861  1450  1302  1086
 3128    1074   937  1130  1384
 3129    1258  1009  1370  1418
 3130    1287  1162  1205  1060
 3131     294   457  1170  1365
 3132    1012  1431  1341  1023
 3133      44   897   893  1349
 3134     869   196  1272  1391
 3135     218  1207  1359  1361
 3136     905  1112   634   902
 3137    1094  1016  1120  1188
 3138     903   636  1116  1324
 3139     468   469   577  1317
 3140       3  1023  1117   224
 3141     918   204  1097  1325
 3142     897   898   893  1349
 3143    1010  1015  1104  1133
 3144     148   905  1248    30
 3145    1013  1027  1209  1401
 3146    1418  1372  1428  1014
 3147    1141  1174  1175  1396
 3148    1039   554  1332  1416
 3149    1099   556  1105  1199
 3150    1129  1020  1331  1416
 3151     793   758   774  1058
 3152     498  1028   899   497
 3153    1185  1176  1058  1034
 3154     797   183   650  1192
 3155     487  1129  1209  1399
 3156    1045  1239  1266  1319
 3157    1379  1370  1064  1318
 3158     655   156   654  1203
 3159    1112  1166  1432  1435
 3160     606   608   609   601
 3161    1091  1298  1402  1442
 3162     845  1152   189  1213
 3163     956   559   958  1374
 3164     333   425  1078  1293
 3165      58   253   266  1226
 3166     400   397   395  1319
 3167     673   667   674  1263
 3168     733   730   737  1198
 3169    1210   720   719   718
 3170    1057   239  1404  1443
 3171     369   366  1005   364
 3172     376     5   577  1317
 3173     260   259   258  1073
 3174     739   731   726  1198
 3175     200   736   734  1138
 3176     464   868   869  1391
 3177     404   418   104  1436
 3178     657   676   674  1415
 3179    1068  1045  1266  1319
 3180    1020  1129  1331  1209
 3181    1059   676  1278  1415
 3182     655   654   152  1203
 3183     210   942  1055  1329
 3184     912    22  1286  1294
 3185     114  1421   552  1433
 3186     428   107  1105  1199
 3187      58    57   253  1226
 3188    1421   445  1433   444
 3189    1298  1091  1411  1442
 3190     674   677  1194  1415
 3191    1418  1372  1209  1428
 3192     456   458   455  1202
 3193    1078  1030  1418  1428
 3194    1047  1325  1198  1138
 3195     764  1185   180  1176
 3196    1281   499  1057  1443
 3197     707   706   708  1415
 3198    1019  1077  1230  1241
 3199     227     6  1023  1073
 3200     986  1205  1439  1146
 3201    1250  1179  1322  1369
 3202     551  1199  1433   112
 3203     833  1316    47  1219
 3204     984  1323  1111  1439
 3205    1367  1330  1099   547
 3206    1008  1070  1284  1395
 3207     149   643   647  1003
 3208    1331  1020  1375  1416
 3209    1166  1100  1259  1382
 3210      38   694   695  1354
 3211     640   638  1223  1352
 3212     377   375   376  1184
 3213     848   852   850  1055
 3214     696   697  1158  1254
 3215    1045  1266  1357  1377
 3216    1337  1226  1298    60
 3217     585   593   590  1240
 3218     902   903   901  1112
 3219     388  1150   251    61
 3220      23   959   212  1027
 3221     826   827   732  1349
 3222    1253  1003  1021  1218
 3223    1164   100  1239  1319
 3224    1100  1116  1388  1393
 3225    1292  1300   877   468
 3226     106   424   426  1416
 3227     662   155   709  1149
 3228     268   248   247     0
 3229     517  1081  1101  1262
 3230    1070  1052  1395  1407
 3231    1030  1014  1075  1418
 3232    1158  1059  1194  1415
 3233     788   172   766  1176
 3234     389   388   390   391
 3235     399   400   402  1277
 3236    1040  1019  1241  1255
 3237     861   682    36  1086
 3238    1120  1016  1214  1408
 3239       1   223   281   220
 3240     556   434  1105  1199
 3241     778   790  1218  1306
 3242     118   900   498  1252
 3243     758   755   774  1058
 3244     515    22  1262  1286
 3245     791  1155  1107   776
 3246    1088  1148  1173  1240
 3247      86   324    85  1289
 3248     100   398  1239  1319
 3249     832   827   836  1318
 3250     560    25   958  1358
 3251    1009  1014  1370  1418
 3252     804  1037  1420  1121
 3253     955   211  1269  1320
 3254     353   352  1011    97
 3255     455   194   456  1354
 3256     219   995   195  1182
 3257     444   451   448  1421
 3258     638    37   702  1352
 3259     868   464  1128  1391
 3260    1081  1090  1262  1409
 3261    1008  1089  1284  1309
 3262     375   387  1066  1167
 3263     554   535    19  1416
 3264    1060   657  1278  1287
 3265     697   695  1254   866
 3266     957   955   956  1320
 3267     104   418   467  1260
 3268     327   332   324  1289
 3269    1088  1070  1312  1139
 3270     873   874   645  1006
 3271     617   619   620  1106
 3272     228    54   231  1124
 3273    1013  1004  1258  1385
 3274     509  1189  1196  1294
 3275    1057  1083  1091  1411
 3276    1200   817   811   812
 3277    1195  1168  1249  1152
 3278     850   848  1055  1329
 3279     809   807   187  1121
 3280    1061   282  1124  1165
 3281    1033  1065  1345  1392
 3282     994   700   218  1359
 3283    1250     5   576   232
 3284     498  1175   252  1252
 3285     494   495   122  1429
 3286     577     5   140  1369
 3287     234  1012   237  1404
 3288     534  1416  1399   535
 3289     623   626   980  1162
 3290     330   332  1193  1289
 3291    1131  1108  1257  1003
 3292     732   733    44  1349
 3293     126  1262  1294  1424
 3294     365   383   366  1167
 3295    1168  1249  1269  1320
 3296     211   952  1269  1320
 3297     173   764   765  1176
 3298     533   121  1274  1331
 3299      60    56   236  1226
 3300     726  1378  1144   724
 3301     454   865   472  1288
 3302     540   548  1295  1330
 3303      75   297    74  1222
 3304     838   844   837  1316
 3305     732    44   826  1349
 3306     603   600   219  1119
 3307     852   851   850  1055
 3308    1334  1448  1216  1143
 3309     575  1092  1322  1366
 3310     444   447   446  1421
 3311     868  1128  1388  1391
 3312    1121   740  1422   743
 3313     595  1406   250  1417
 3314     216   998  1063  1280
 3315     320    84  1090  1409
 3316    1165  1052  1236  1407
 3317    1022  1048  1368  1407
 3318     463    11   461  1134
 3319    1399   484   487   489
 3320    1003   663  1257  1131
 3321    1085  1077  1149  1303
 3322    1136  1321  1122  1016
 3323     841   840   837  1362
 3324     902   901   123  1112
 3325     792  1107  1058   793
 3326     959  1130   963   937
 3327    1048  1118  1348  1387
 3328      18   100   398  1239
 3329    1095  1017  1431  1436
 3330    1124  1322  1326  1366
 3331       0   367   246  1211
 3332     750   169  1079  1419
 3333     365   271     8  1172
 3334     582  1240  1148   591
 3335     169   817   749  1079
 3336     622   146   621  1287
 3337     366   373   369   372
 3338    1274  1156  1375  1418
 3339    1163   672  1194  1263
 3340     785  1114  1034  1313
 3341     145   625   628  1084
 3342     811  1043    29  1041
 3343     549   547   550  1367
 3344     229   228    54   231
 3345    1010  1015  1031  1104
 3346     923  1069  1097   492
 3347    1031  1285  1338  1410
 3348     759  1058   762   755
 3349     729   165   727  1127
 3350     654   662   659  1149
 3351    1031  1119  1134  1182
 3352    1018  1013  1020  1335
 3353    1127   911  1294  1412
 3354     516   517  1081  1101
 3355     942   850   851  1055
 3356    1165    65  1284  1310
 3357     630   635   636  1116
 3358     766   767   764  1176
 3359     803   820  1041  1420
 3360    1069  1047  1097  1101
 3361    1078  1030  1082  1293
 3362     448   451   436  1340
 3363    1041  1224  1192  1043
 3364     670  1115  1163  1359
 3365     688   686  1216  1314
 3366     807   740  1037  1121
 3367    1052  1002  1103  1247
 3368    1023     3  1117  1161
 3369    1160   150  1163  1257
 3370     876   780  1235  1253
 3371    1196  1030  1424  1014
 3372     761   172   763  1176
 3373    1035  1302  1333  1086
 3374    1062  1036  1180  1364
 3375     709   154    40  1149
 3376    1125    37  1186  1408
 3377      55   232  1172  1440
 3378     516   519  1081  1290
 3379    1075   314  1159  1265
 3380     752   802  1419  1422
 3381     800   798  1121  1405
 3382      20  1099  1140  1330
 3383    1387   989  1118   987
 3384     715   720  1227  1342
 3385     720   164   718  1342
 3386     621   146  1205  1287
 3387    1137  1158  1194  1229
 3388     507   503   125  1275
 3389     997   645   648  1160
 3390     289   306   288  1244
 3391     651   652   658  1029
 3392    1060  1059  1278  1415
 3393    1347   223   281     1
 3394     786    45   760  1176
 3395     172   760   763  1176
 3396     624   626  1084  1221
 3397    1158  1354  1361  1137
 3398     463   293    11  1134
 3399     100   415  1164  1239
 3400    1044  1022  1368  1395
 3401    1025   958   560   559
 3402    1099  1039  1020  1335
 3403    1112   901  1259  1324
 3404     986   984  1146  1439
 3405    1085  1297  1111  1303
 3406     791  1155   149  1107
 3407     459   460   463  1134
 3408    1303  1147  1077  1149
 3409     460   293   463  1134
 3410     711  1273   710  1125
 3411     196   871  1233  1272
 3412     248   595  1232  1447
 3413     856   951   839  1251
 3414     192   858   857  1251
 3415     765   175  1058  1176
 3416      85   512   320  1409
 3417     913   515  1101  1286
 3418     857   860   192  1251
 3419       9   251  1150  1174
 3420     139   587   576  1092
 3421     620   618   617  1146
 3422     425  1078  1156  1274
 3423     503   907   502  1237
 3424     100   415  1080  1164
 3425     299   291   298  1373
 3426     259  1073  1012   258
 3427     132   572   537  1339
 3428     875   876   877  1235
 3429    1059   706  1158  1261
 3430     464   466  1128  1343
 3431    1190  1209  1274  1331
 3432     792  1107   793   182
 3433     238   235   499  1443
 3434     415   100    18  1239
 3435    1115  1031  1207  1285
 3436      31   903  1116  1324
 3437     368   267  1126  1211
 3438    1017  1113  1431  1436
 3439    1315   285    71  1220
 3440     664  1257   663  1131
 3441    1164   413   103   415
 3442     150   643   675  1257
 3443     959   937   936  1384
 3444     553   442   134  1433
 3445     416  1080   100   413
 3446     891  1209  1353  1372
 3447    1096  1089  1220  1244
 3448     966  1072  1360  1390
 3449       3  1023  1080  1434
 3450     292   455   458  1202
 3451    1410  1350  1006  1160
 3452     381  1184  1046   378
 3453     397    90   398  1239
 3454     818   872  1380  1388
 3455    1150   374  1184    99
 3456    1031  1119  1182  1336
 3457    1166  1217  1223  1432
 3458      77  1276  1394  1120
 3459     534   564   565  1129
 3460     418   466   467  1260
 3461     159   657  1060  1287
 3462     578   226  1117  1437
 3463    1002  1022  1059  1077
 3464    1006   780  1218  1253
 3465     584  1093  1292  1348
 3466     931   826   892  1256
 3467     293    11  1134  1386
 3468    1341   402   395  1277
 3469     947  1329  1251   945
 3470     263  1089   295  1309
 3471     411   102   422  1164
 3472     311   313   310  1122
 3473     221    51   583  1098
 3474    1385  1374  1025  1320
 3475     585   590  1118  1240
 3476     605    27  1225  1351
 3477     326  1090  1301  1082
 3478    1197   955  1269  1320
 3479     654   659   658  1149
 3480     801   802  1200  1419
 3481     559   956   954  1374
 3482    1012  1341   258  1023
 3483    1044  1087  1148  1233
 3484     519   516  1081  1101
 3485     586   589   585  1118
 3486    1171  1135  1003  1235
 3487     206   965   967  1264
 3488    1027  1130  1384  1401
 3489     318   317    83   314
 3490     939   938   934  1269
 3491     859   853   944  1329
 3492    1213   851  1055   943
 3493     413   224    52  1023
 3494     289  1220  1244  1315
 3495     654   156  1149  1203
 3496    1135  1300  1338  1350
 3497    1036  1062  1075  1187
 3498    1045  1080  1319  1444
 3499    1292  1300  1235   877
 3500     291  1222    74  1373
 3501     871  1224  1297  1414
 3502     296   295   276  1310
 3503     561    25   560  1358
 3504     779   180   781  1185
 3505    1131  1071  1154  1263
 3506     107  1375  1105  1076
 3507     597   596   595  1417
 3508    1103   296  1247  1397
 3509     624   783    32  1021
 3510     763    45   762  1176
 3511    1381   934  1451  1197
 3512      53   220   223  1236
 3513      50   970   966  1072
 3514    1236  1052  1284  1407
 3515     920   204   916  1097
 3516     466  1095  1281  1343
 3517     447   450   115  1421
 3518     978  1205  1439    33
 3519    1015  1031  1134  1182
 3520    1430  1431  1434  1436
 3521    1124   231  1322  1366
 3522     336  1319   400  1266
 3523     549   553   550   134
 3524      51  1347  1312   221
 3525    1265  1030  1159  1075
 3526     157  1194   158   671
 3527    1020  1013  1209  1258
 3528    1195   845   835   189
 3529     206   967  1067  1264
 3530     319   317   314  1187
 3531     716   721  1279  1345
 3532     299  1446  1373   300
 3533      93   338   340  1266
 3534     984  1111  1146  1439
 3535     223   220   225  1308
 3536     148   905   124  1248
 3537    1241  1132  1352  1398
 3538     907   906  1186  1305
 3539     707  1059   676  1147
 3540     954   956  1130  1374
 3541      98  1150  1184  1328
 3542     919   918   920  1097
 3543    1233  1297   871   983
 3544    1045   102  1357  1164
 3545    1404  1423  1443  1012
 3546     824   746   751  1079
 3547    1009  1208  1210  1370
 3548    1024  1029  1203  1296
 3549     956   954  1130  1320
 3550      41   197   885  1201
 3551     987   980  1387  1427
 3552     909    42   163  1273
 3553     848  1055  1329  1362
 3554     263    66  1284  1309
 3555    1003  1171  1235  1253
 3556     203  1127  1286  1356
 3557     965   961  1360   894
 3558     331    89   335  1193
 3559     679    36   683  1255
 3560    1370  1418  1372  1004
 3561     368   267   364  1126
 3562     454   456   458   455
 3563     256   257   259  1311
 3564    1181   909   202  1273
 3565     124  1083  1237  1248
 3566     534   566   564  1129
 3567     683  1040   682  1314
 3568    1258  1105  1020  1140
 3569     668    35   669  1131
 3570    1093  1048  1348  1387
 3571     223   225    51  1139
 3572    1292  1235   981   877
 3573     941   968  1055  1151
 3574     586   585   989  1118
 3575     310   313   312  1122
 3576    1429  1193   496   495
 3577    1213   941  1151  1110
 3578      63   257  1309  1311
 3579     227  1073  1117  1308
 3580     230   228   233  1441
 3581    1119   599  1283  1417
 3582    1319  1113  1080  1277
 3583     379  1184  1167   377
 3584    1031  1104  1119  1212
 3585      34   653  1029  1102
 3586    1277  1080  1319  1341
 3587     253    63  1226  1311
 3588      61   246  1211  1271
 3589     385   384   362  1206
 3590     253   257    63  1311
 3591       3   578  1117  1437
 3592     303    77    79  1145
 3593     160   684  1216  1261
 3594     905  1112    30   634
 3595     416   394   396  1341
 3596     642   639   632  1217
 3597     655   661   156  1217
 3598      77  1122   313    82
 3599    1172  1066  1250  1440
 3600    1165    65  1236  1284
 3601     366   271   365  1126
 3602     558  1242   963   546
 3603     454   472   457  1334
 3604     267   271   364  1126
 3605     656  1278  1245   153
 3606    1398  1248  1091  1166
 3607     234  1012  1404  1017
 3608     729   722  1065  1144
 3609    1218   874   778   780
 3610    1431  1113  1434  1436
 3611    1141  1010  1179  1300
 3612     436   110   435  1344
 3613    1016  1276  1188  1062
 3614    1153   198  1299  1426
 3615     411   412   102  1164
 3616    1092  1179  1322  1326
 3617    1140  1242  1295  1335
 3618     137   539   574  1051
 3619     365   383   372   366
 3620    1119  1212  1225  1336
 3621     604   250   249  1175
 3622    1070  1389  1423  1437
 3623    1265   318   316    83
 3624    1379  1370  1318  1342
 3625     436   111   448  1340
 3626    1101   917   517   913
 3627    1134  1104  1373  1386
 3628     677   674   676  1415
 3629    1372  1033  1349  1069
 3630    1095  1012  1161  1431
 3631     187   804   806  1420
 3632     359    17   360  1206
 3633    1073  1008  1311  1423
 3634     884   882  1201  1450
 3635    1166  1085  1178  1435
 3636     535   488  1331  1399
 3637     606   607   594  1283
 3638     646  1003  1006  1218
 3639      53   220   281   223
 3640     433   112  1340  1344
 3641     802  1200  1419  1422
 3642     102  1045   422  1164
 3643    1131  1108  1071  1257
 3644     159  1278   657  1287
 3645      27  1336  1225  1063
 3646     744   741  1037  1422
 3647    1215  1226  1008  1411
 3648      89   327   328  1193
 3649    1011   379  1167  1206
 3650     664   667   665  1131
 3651    1209  1004  1353  1372
 3652     189   836   835  1195
 3653     433   112   438   437
 3654    1030  1014  1418  1428
 3655    1003  1071  1084  1131
 3656       8    54   228  1441
 3657      26  1315    10  1244
 3658       1   220   229   223
 3659    1354  1158  1361   695
 3660    1005  1066  1167  1184
 3661     878   864  1143  1216
 3662     991  1207  1285   993
 3663    1379   832   827   828
 3664       3  1117  1161  1437
 3665     583    51   141  1173
 3666     456   454   458  1365
 3667    1168  1177  1219  1370
 3668    1019  1109  1241  1398
 3669     180   782   779   179
 3670    1299   830   929  1219
 3671    1179  1141  1300  1369
 3672     745   748   746  1037
 3673     330   332   331  1193
 3674     232   382    55  1172
 3675    1260  1161  1389  1430
 3676    1352  1376   702   701
 3677      99     9   389  1150
 3678       1   220   281    53
 3679    1040  1019  1230  1241
 3680     360    17   380  1011
 3681     161   702   711  1408
 3682     332   327    89  1193
 3683     223   261   281    53
 3684     725   729   728  1144
 3685    1177  1042   525  1153
 3686    1036   479   482  1042
 3687    1026  1179  1032  1250
 3688     993   217   649  1115
 3689    1193   523  1289  1290
 3690     662   156  1109  1149
 3691    1232  1355  1373  1446
 3692     897   200  1050  1138
 3693     638   637   642  1223
 3694      75   296  1103  1397
 3695    1185  1176  1034   180
 3696     832   836  1195  1318
 3697    1052  1165  1326  1407
 3698     497   605   594  1406
 3699     337   342  1357    94
 3700     456   194    38  1354
 3701     399   402   401  1277
 3702     299  1446  1386  1373
 3703     471   119   470  1396
 3704       1   281   279   280
 3705     673   672  1163  1263
 3706    1442  1445  1215  1145
 3707     397   398   396  1319
 3708    1105   530  1140  1238
 3709    1057  1298  1226    56
 3710    1186  1056  1214  1237
 3711     503   505  1305  1275
 3712    1019  1085  1109  1166
 3713     177   779  1185  1306
 3714     292  1134  1202  1222
 3715     508  1181  1189  1412
 3716     686   681   862  1314
 3717     232     5  1066  1250
 3718    1368  1233  1111  1044
 3719    1024  1085  1178  1203
 3720      14   319  1036  1187
 3721     494   485  1069  1428
 3722     691   218  1359  1361
 3723     228   231   229   222
 3724     832  1195  1267  1318
 3725     281   278   279   261
 3726      54   230     8   228
 3727    1150     9  1174  1328
 3728     231   233   228  1441
 3729     797   151   185  1192
 3730    1057  1248  1091  1083
 3731    1014  1033  1047  1127
 3732     562   133   545  1018
 3733     229     1   280    54
 3734     229  1124    54   280
 3735     202   163   711  1125
 3736    1075  1009  1191  1418
 3737     721   164   715  1379
 3738     463   462   459  1182
 3739     647   645  1006  1160
 3740    1230  1448  1077  1019
 3741     191  1152   953   952
 3742     222  1124   229  1366
 3743     711  1273   163   710
 3744      94  1266  1357   337
 3745    1005  1211   368  1126
 3746      81   311   319  1187
 3747     248   268   247    69
 3748     716   715  1279   721
 3749     458    76  1346  1365
 3750     398   397  1239  1319
 3751    1042  1009  1153  1177
 3752    1013  1018  1020  1129
 3753       5   375   232  1066
 3754    1120  1096  1145  1169
 3755       6   260  1073  1308
 3756     497  1351   996   605
 3757    1283  1225  1212   606
 3758      65    67    66  1284
 3759     655   632  1178  1296
 3760     453   287   117  1315
 3761     448   447   444  1421
 3762     303    79    78  1220
 3763     978   986    33  1439
 3764    1210  1208  1227  1279
 3765    1179  1032  1250  1322
 3766    1151  1152  1213  1249
 3767     316   325   326   329
 3768    1062  1016  1120  1122
 3769     756   761  1176   175
 3770    1015  1202  1222  1346
 3771    1199  1340  1344  1433
 3772    1095  1443  1423  1012
 3773     289    71  1220  1315
 3774     528  1025  1228  1358
 3775     606   601   607  1283
 3776    1094   125  1234  1237
 3777      23   963   959  1027
 3778     288    73   286  1244
 3779      21   109   434  1105
 3780     970   968   967  1072
 3781     780  1183  1006   873
 3782     604   498   497  1028
 3783    1098  1312  1173  1088
 3784    1389  1161  1423  1437
 3785    1233   582  1148  1323
 3786    1447  1406  1010  1175
 3787     795   813  1043  1102
 3788    1151   946   948  1304
 3789     449   112   135  1340
 3790    1151   948   210  1055
 3791    1341   402    64   395
 3792    1222  1134  1373  1386
 3793    1177   525   927   925
 3794      51   583  1098  1173
 3795    1222  1134   291    74
 3796     871  1233  1272  1414
 3797     642   637  1132  1223
 3798     845  1152  1213  1304
 3799     117    26  1143  1315
 3800     704   703   701  1241
 3801     779   177   778  1306
 3802    1022  1077  1085  1303
 3803     373   369   372  1167
 3804     966    50  1072  1390
 3805    1035  1120  1136  1333
 3806     359   353  1011    97
 3807     716  1127  1279  1412
 3808     685   879   880  1216
 3809    1154  1287   678  1060
 3810     764  1185  1176   173
 3811     147   633  1178  1432
 3812     711  1352    37  1408
 3813     658  1054  1303  1307
 3814     693   692  1182  1361
 3815    1195  1067  1213  1249
 3816     685   160   879  1216
 3817     651  1303   658  1054
 3818     485   122   484  1190
 3819     160   684   688  1216
 3820     385  1167   383   382
 3821     557  1099  1367  1199
 3822    1154  1084  1162  1071
 3823     888   198   886  1153
 3824     546   545  1051  1242
 3825     714   713  1208  1227
 3826     635    31  1116  1270
 3827    1083  1214  1237  1248
 3828    1076   441  1332  1367
 3829      72   294  1170  1397
 3830     360   380   357  1011
 3831     391   358   381  1046
 3832     271   365  1126  1172
 3833     475   477   478  1268
 3834    1316   833  1267  1219
 3835    1246  1376   712  1204
 3836    1174    61  1211  1271
 3837     642   641   640  1223
 3838    1166  1178  1217  1432
 3839     156   661   155  1109
 3840    1095  1161  1260  1431
 3841     647   646  1003  1006
 3842     304  1103  1133  1222
 3843     825   747   745  1037
 3844    1113  1319  1444  1068
 3845    1074  1249  1269  1451
 3846      75   296   304  1103
 3847     228    54  1124  1441
 3848     877   780  1006  1235
 3849     705   696    39  1158
 3850     848   845   852  1055
 3851    1021  1034  1114  1313
 3852     505  1181  1275  1189
 3853     679   680   689  1230
 3854    1021   782  1171  1253
 3855     473  1170  1244   474
 3856    1060  1022  1146  1278
 3857     441   426  1076  1332
 3858     922  1325  1050  1138
 3859    1250     5  1317  1369
 3860     869   196  1087  1272
 3861     494   491  1429   493
 3862     157  1194  1229   158
 3863     854   193  1251  1329
 3864    1239  1045  1266  1357
 3865     645   874   646  1006
 3866     448   450   447  1421
 3867     176   786  1034  1176
 3868       6   258  1023  1073
 3869     838   837  1304  1316
 3870     700   691   218  1359
 3871     178   789   788  1034
 3872    1096  1143  1244  1315
 3873    1078   425  1156  1293
 3874     367   268  1211     0
 3875     379   377   378  1011
 3876    1009  1014  1196  1208
 3877      13  1159  1424  1449
 3878     148   124  1237  1248
 3879     780  1183   877  1006
 3880     542   570   574  1339
 3881     379   375   377  1167
 3882     169   749   750  1079
 3883    1249  1074  1320  1385
 3884    1186   640  1223  1352
 3885     480   887   888  1123
 3886      26   473  1143  1244
 3887      16   420   349  1377
 3888     245   247     0  1271
 3889     506  1188  1189  1275
 3890    1402   242  1442  1298
 3891    1056  1120  1094  1016
 3892     491  1429   521  1290
 3893     682   861  1040  1086
 3894     379  1184   377  1011
 3895    1297  1233   871  1414
 3896     869   868   196  1391
 3897     710   714   713  1413
 3898     708   671   677  1194
 3899    1224  1029  1192  1102
 3900     191   842   838  1316
 3901     387   379   386  1167
 3902    1187  1075  1191  1265
 3903    1070  1311  1073  1008
 3904     242  1298  1337  1442
 3905     991   217   993  1285
 3906    1243  1038  1271  1447
 3907     861   452  1040  1302
 3908    1228  1009  1238  1042
 3909    1016  1136  1180  1413
 3910    1105  1258  1020  1375
 3911      73   474   473  1244
 3912     470   118  1252  1396
 3913    1027   487  1129  1209
 3914     248   595   272   274
 3915    1060   666  1263   674
 3916     825   823   819  1037
 3917     384    96   362  1206
 3918    1052  1002  1247  1448
 3919     720  1210  1227  1342
 3920    1120  1188  1276  1394
 3921     559   954  1130  1374
 3922     872    31  1116  1324
 3923    1318  1064  1349  1372
 3924    1341  1017   402  1277
 3925     750   746  1079   751
 3926     756  1058   762   759
 3927    1175  1174  1252  1396
 3928    1009  1177  1258  1370
 3929     851  1067  1213   852
 3930      39   690   699  1229
 3931     281  1366     1   279
 3932     451   440  1344  1433
 3933     627    35   629  1154
 3934     481   480   479  1123
 3935    1004  1013  1209  1401
 3936     506    80   510  1188
 3937     623  1205   978    33
 3938     619    29   812  1043
 3939     735   737   739  1198
 3940     290  1170  1244  1247
 3941    1195  1152   189  1267
 3942     212  1438  1384  1390
 3943    1401  1072  1390  1007
 3944    1048  1326  1403  1407
 3945    1141  1250  1317  1369
 3946     273   298  1355  1373
 3947     142   596  1417  1446
 3948    1214  1035  1352  1398
 3949     576   232   233  1440
 3950     864   879   862  1314
 3951     980   626  1387  1427
 3952    1093  1135  1221  1292
 3953    1210   830  1219  1342
 3954     830  1299  1210  1219
 3955    1049  1093  1427  1387
 3956     312   477  1122  1268
 3957    1049  1053  1093  1048
 3958    1396  1010  1175  1141
 3959    1065  1033  1127  1378
 3960      53   227   220  1308
 3961     434   556   433  1199
 3962    1113  1080  1277  1341
 3963     955   209  1074  1197
 3964     236  1057  1226    56
 3965     268   247  1271     0
 3966    1064  1372  1033  1349
 3967    1009  1036  1042  1123
 3968     464   869   467  1087
 3969     261   223   281  1236
 3970    1368  1233  1148  1323
 3971    1092  1048  1179  1326
 3972    1014  1047  1069  1101
 3973    1373    74   297  1222
 3974    1338  1115  1160  1285
 3975     368   364  1005  1126
 3976     206   943    46  1067
 3977     165   729  1065  1127
 3978     626   980  1162  1427
 3979    1087  1044  1128  1272
 3980    1045  1068  1266  1377
 3981    1018   963  1027  1130
 3982     472   454  1288  1334
 3983    1297  1224  1393  1414
 3984    1166  1100  1393  1435
 3985     246   367   393  1211
 3986     306   295   296  1247
 3987     874   646  1006  1218
 3988    1030  1081  1082  1090
 3989    1129  1331  1399  1416
 3990     959   212  1027  1384
 3991     834   826   931  1256
 3992     531   524   525  1228
 3993     621    33   986  1245
 3994    1168  1177  1258  1425
 3995     116   117  1143  1315
 3996    1195  1007  1067  1249
 3997      82   313   311  1122
 3998    1209  1190  1418  1428
 3999     706   696  1158  1261
 4000     456   458  1202  1365
 4001    1039   539  1157  1335
 4002     136  1025  1140   561
 4003     138   575   221  1098
 4004     481   887   480  1123
 4005     957   205  1168  1425
 4006     326   316  1293  1301
 4007    1036   317   431    14
 4008     179  1218   780  1253
 4009     153  1303  1278  1307
 4010    1316  1219   191   842
 4011     586   989   987  1118
 4012    1414  1044  1272  1393
 4013    1254  1202  1346  1365
 4014    1166  1112  1248  1259
 4015      73   474    10   473
 4016     657   660   676  1278
 4017     555   548   547  1330
 4018    1171  1135  1221  1084
 4019     634   636  1112  1435
 4020    1053  1071  1108  1263
 4021     107  1375   108  1105
 4022     618   656  1245  1307
 4023     436   437  1340  1344
 4024     826   893  1256  1349
 4025     585   589   588  1118
 4026     733  1033  1349  1392
 4027     582  1240   592  1148
 4028     593  1118   588  1240
 4029     270   269  1032  1371
 4030     576  1250  1322  1369
 4031    1156   424  1274  1375
 4032     480   479  1042   120
 4033    1100  1044  1166  1393
 4034     737   735   734  1138
 4035    1028   604  1175  1406
 4036     112  1199   433   556
 4037     403  1443   235   240
 4038    1061  1103  1165  1326
 4039     299   291  1373  1386
 4040    1194  1137  1229  1338
 4041     243    56    59  1083
 4042     818   803   188  1270
 4043     479   482   483  1123
 4044     405   101   406  1277
 4045    1444  1377   419   420
 4046    1404  1423  1226  1443
 4047    1035  1019  1040  1255
 4048    1309    78   305   265
 4049     822  1200   811  1041
 4050     750   749   751  1079
 4051    1041   188  1270  1383
 4052    1312  1098  1347  1403
 4053     561   528  1025  1140
 4054     386   384   387  1167
 4055    1158    38   695  1354
 4056     659   154  1147  1149
 4057    1393  1178  1085  1435
 4058     803   820   188  1041
 4059     914   725   728  1144
 4060     224   225    52  1117
 4061    1047  1050  1069  1097
 4062    1054   658   615  1307
 4063     298   297   273  1355
 4064     484  1399  1209  1331
 4065     614   144   813  1102
 4066    1066   232  1250  1440
 4067    1085  1109  1178  1203
 4068     599   607   601  1283
 4069     425   432  1156  1293
 4070    1148   592   580  1173
 4071     387   384   382  1167
 4072    1022  1049  1053  1060
 4073    1020  1039  1129  1335
 4074     897   733  1033  1349
 4075    1110  1007  1360  1072
 4076    1125  1016  1273  1413
 4077     123   902  1112  1291
 4078     740  1422   743   744
 4079     118   119  1183  1396
 4080     349   350    16  1377
 4081     588   139   138  1098
 4082    1080   422  1164   411
 4083     826  1256  1318  1349
 4084     302    79    77  1145
 4085     315  1075  1159  1449
 4086     181   788  1034  1176
 4087     910   911   727  1127
 4088    1103  1061  1133  1327
 4089     294    76  1365  1397
 4090     797   185  1121  1405
 4091     586   587   589  1118
 4092     312   477   310  1122
 4093      39   696   697  1158
 4094    1168  1195  1249  1385
 4095      15   565   486  1129
 4096     277  1103    70  1400
 4097     727   911   728  1127
 4098     989   585   590  1118
 4099    1260  1423  1095  1343
 4100    1092   575  1098  1366
 4101     107   441  1076  1199
 4102     209    49  1074  1197
 4103     230  1032  1440     8
 4104    1437  1073  1139  1117
 4105     293   299  1386   291
 4106     376  1066  1317  1328
 4107     827   732  1349  1392
 4108     664   668   669  1131
 4109     931   930   206  1282
 4110    1205  1060  1245  1287
 4111     903   902   636  1112
 4112    1255   712  1376   701
 4113    1233  1368  1111  1323
 4114     121  1190  1274  1331
 4115    1061  1103  1133  1400
 4116     618   986  1146  1245
 4117      15   534   565  1129
 4118     728   729   727  1127
 4119    1224  1085  1297  1393
 4120     591   990   590  1118
 4121    1048  1053  1093  1179
 4122     576   575  1092  1322
 4123     330   331    87  1193
 4124     403  1404  1443  1017
 4125    1099   557  1367   547
 4126     338    94  1266  1377
 4127     848   845  1055  1362
 4128    1435   630  1024  1178
 4129    1335  1051   540   539
 4130      29  1043  1102  1224
 4131     114  1421   444   552
 4132     494   495   491   122
 4133    1024  1029  1085  1203
 4134     580   581   582  1148
 4135    1158  1053  1059  1002
 4136      72    73   290  1170
 4137     152   655  1203  1296
 4138      36   712  1086  1255
 4139     950  1329  1251   949
 4140    1172  1066  1231  1250
 4141    1137  1053  1327  1338
 4142    1212  1104  1283  1406
 4143     470     9   471  1174
 4144      27   608   143  1225
 4145    1405   802  1422  1200
 4146    1019  1035  1241  1255
 4147     206    46   834  1282
 4148     597   594   607  1283
 4149    1119   598    11   602
 4150    1272  1100  1393  1044
 4151    1167   385   383   372
 4152    1068    93   339  1266
 4153      59   502  1083  1237
 4154    1300  1175  1183  1396
 4155    1088  1048  1092  1403
 4156    1443  1095  1423  1281
 4157    1002  1142  1247  1448
 4158    1045  1164  1239  1319
 4159     150   675  1163  1257
 4160     554  1367  1332   439
 4161     279  1124  1165  1366
 4162     543   548   555  1295
 4163    1030  1090  1159  1424
 4164     886   924  1153  1299
 4165      30   148   641  1248
 4166     626   988  1093  1221
 4167     485  1190  1209  1428
 4168    1024   635  1116  1270
 4169     948   210  1055  1329
 4170    1385  1374  1425  1025
 4171     709   698  1077  1230
 4172    1071  1084  1131  1154
 4173     563   133   562  1018
 4174     630   805   635  1024
 4175     836   826  1256  1318
 4176    1156  1030  1293  1301
 4177    1071  1131  1257  1263
 4178     892   931  1256  1282
 4179    1078  1082  1193  1293
 4180     514   512   128  1409
 4181    1352  1408  1376  1035
 4182    1258  1004  1370  1385
 4183    1123  1153  1009  1180
 4184     488   489  1331  1399
 4185     539   538   564  1157
 4186      74   292    76  1222
 4187    1350  1003  1160  1108
 4188    1179  1292  1348  1369
 4189     471  1150  1328     9
 4190    1266    94  1357  1377
 4191      80   307   506   510
 4192     404   417   409  1113
 4193     851  1067   835    46
 4194     459   462   867  1182
 4195    1208    42  1279  1412
 4196    1254  1142  1288  1365
 4197    1071  1053  1108  1135
 4198     255  1012   237  1017
 4199     745   823   825  1037
 4200    1165  1236  1312  1407
 4201     108  1156  1191  1375
 4202     276   262    70  1103
 4203     295   296  1247  1310
 4204     149   643  1003  1155
 4205     661   639  1132  1217
 4206    1053  1263  1060  1071
 4207    1077  1395  1002  1022
 4208     630  1435   636   634
 4209     551   552  1421  1433
 4210    1056  1125  1214  1408
 4211     500   499   241  1057
 4212     540  1039  1330  1335
 4213     107  1076  1105  1199
 4214    1015  1158  1202  1346
 4215    1374   205  1425   926
 4216      61  1150  1174  1211
 4217     451   445  1340  1421
 4218     891   484   487  1209
 4219    1021  1034  1107  1114
 4220    1269   211   946   952
 4221    1129  1027   486   487
 4222    1319   399   400  1068
 4223    1010  1026  1141  1179
 4224     478   312  1169  1268
 4225     930   896  1264  1282
 4226    1058   756   762  1176
 4227    1023   227  1073  1117
 4228     272   596   300  1446
 4229    1276    77  1394   308
 4230    1053  1137  1158  1194
 4231     873   900   118  1183
 4232      13   511   322    84
 4233     791   793   774  1107
 4234     129  1081   519  1290
 4235     374   378   377  1184
 4236     411   422   421  1434
 4237     572   132   573  1339
 4238      23   212   960  1027
 4239    1202  1158  1254  1346
 4240     505   509   508  1189
 4241     782   875  1171  1253
 4242    1059   676  1147  1278
 4243     569   137   536  1339
 4244    1283  1225   606   601
 4245    1049  1111  1022  1368
 4246     729   722   723  1065
 4247     155   662  1109  1149
 4248     179   779   778  1306
 4249     564   565  1129  1157
 4250     953   952  1152  1269
 4251    1309  1337    63  1226
 4252    1062  1188  1196  1449
 4253    1087  1070  1389  1423
 4254    1088  1048  1403  1407
 4255     581  1087  1148  1389
 4256     556   551   557   135
 4257     269   270    68  1371
 4258    1133  1104  1232  1373
 4259    1020  1418  1375  1258
 4260     821   811    29  1041
 4261     423   490   334  1078
 4262    1015  1134  1137  1182
 4263    1423  1161  1260  1095
 4264    1049  1111  1323  1439
 4265     201   898   897  1069
 4266    1057  1291  1083   500
 4267     898   893  1349  1372
 4268     734   921   922  1138
 4269     314   315  1075  1159
 4270     417   420   409  1444
 4271    1026  1141  1179  1250
 4272     475   884   476  1333
 4273     714    42   716  1279
 4274     256   260  1073  1311
 4275     910   912   911  1412
 4276      29  1041  1043  1224
 4277    1054  1106  1303  1307
 4278    1192  1296   151  1024
 4279     861  1450  1086  1246
 4280      36   712   162  1246
 4281       5   577  1317  1369
 4282    1010  1179  1300  1327
 4283    1095   466  1260  1343
 4284     885    41  1201  1204
 4285    1062  1180  1321  1364
 4286    1052  1165  1284  1310
 4287     119   471  1363  1396
 4288    1168  1249  1320  1385
 4289    1369   468  1292   577
 4290     496    87    88  1193
 4291     967   943   206  1067
 4292     531   529   524  1228
 4293     295   305  1089   306
 4294     859   947   860  1251
 4295      88   495   496  1193
 4296     515   513  1101  1262
 4297     680   688  1230  1314
 4298     485   122  1190  1428
 4299     641   642  1217  1223
 4300     813   184   795  1043
 4301     219   603  1119  1182
 4302     246   393  1150  1211
 4303     934  1197  1269  1451
 4304    1180  1201  1227  1413
 4305    1450   861  1302   883
 4306     475  1302  1333  1268
 4307      76   292   458  1222
 4308     697   687   685  1254
 4309     382   232  1066  1172
 4310     827   826   836  1318
 4311     777  1107  1114  1155
 4312     536   132   131  1339
 4313     226   225   224  1117
 4314      54     8  1032  1441
 4315    1086  1204  1246  1450
 4316    1052  1002  1395  1407
 4317    1165  1124  1326  1366
 4318     988   584   987  1387
 4319     252     9   470  1174
 4320    1435   630   636  1116
 4321     408  1277  1068   399
 4322    1263  1415  1053  1060
 4323     518  1409   128  1289
 4324     403  1404   234   235
 4325     782  1235   875  1253
 4326    1192   796   653   185
 4327     501     4   238  1281
 4328    1090   326  1301   321
 4329     501   238   499  1281
 4330     964   963   558  1130
 4331     553   549   550  1367
 4332     790   182  1107  1185
 4333     283   285  1220    71
 4334     666  1060   678   159
 4335     346   338  1377    94
 4336     227     6  1073  1308
 4337     931   834  1256  1282
 4338     369   373   361  1011
 4339     349   346   350  1377
 4340      24   525   524  1042
 4341      40   662   709  1149
 4342    1011   378  1046  1184
 4343     968   941  1110  1151
 4344    1061  1243  1010  1026
 4345    1084  1154  1162   625
 4346     371   370   368  1005
 4347     782  1235   876   875
 4348     156  1109  1149  1203
 4349    1061  1124  1322  1326
 4350    1109   155  1149  1241
 4351    1007  1067  1264  1282
 4352     107  1344   428   110
 4353    1065  1033  1198  1392
 4354     912   508  1294  1412
 4355     305   263   295  1309
 4356     257    66   265  1309
 4357     257   265    63  1309
 4358    1444  1377  1068  1045
 4359    1080   422   411  1434
 4360     915   738  1198  1325
 4361     832   836   189  1195
 4362    1158  1254  1002  1261
 4363      27   605  1225   143
 4364    1181   508   505   908
 4365    1183   877  1363   119
 4366     705   706  1158  1415
 4367     820   186   825  1037
 4368     451   436  1340  1344
 4369    1043  1041  1200  1405
 4370     706  1059  1158  1415
 4371     424   106  1274  1416
 4372    1367   554   553   439
 4373    1260  1423  1343  1389
 4374    1271  1243   248    69
 4375      65    67  1284  1310
 4376     802   184  1405   796
 4377    1230  1040  1255  1314
 4378     182   790   794  1185
 4379     282    68  1061  1371
 4380    1100  1112  1259  1324
 4381     828    43   829  1379
 4382     787   770  1114  1313
 4383     670   157   700  1229
 4384     248   247    62  1447
 4385     338    94   337  1266
 4386     223   222   229  1347
 4387    1070  1044  1368  1395
 4388     508   912   910  1412
 4389     909   508   910  1412
 4390     580  1437   578  1148
 4391     529   532   531   524
 4392     562  1242  1018   545
 4393     443   451   440  1344
 4394     947  1329   945   948
 4395    1304  1329   948  1055
 4396    1215  1337  1411  1442
 4397     948   950   953   949
 4398     120    24   525   524
 4399     309    80  1188  1449
 4400     804   747   186  1037
 4401     288   306   296  1247
 4402    1377  1068    16   409
 4403    1377   409  1444  1068
 4404    1048  1088  1118  1368
 4405    1068  1377    16  1266
 4406     693  1207   995   218
 4407     712   161   713  1376
 4408    1077  1019  1109  1241
 4409     436   443   110  1344
 4410     587   576  1092  1348
 4411     654   156   662  1149
 4412     587   584   140  1348
 4413    1392  1198   731   730
 4414     305   265   263  1309
 4415     568   544   542   570
 4416     924   925  1153  1177
 4417     714   715  1227  1279
 4418    1033  1014  1064  1127
 4419     701   161   712  1376
 4420     262   276    67  1310
 4421    1295   540  1330  1335
 4422     558  1242   544   136
 4423     109   113    21   434
 4424     471  1150    98  1328
 4425    1045  1080  1164  1319
 4426     581   467   869  1087
 4427     565   960   486   563
 4428     104  1430  1434  1436
 4429    1309    78  1215   305
 4430     298  1133  1355  1373
 4431      51  1347   221   223
 4432     510    80   511  1449
 4433    1035  1091  1398  1214
 4434    1010  1026  1038  1141
 4435    1033   898  1069   897
 4436     286   289  1244  1315
 4437    1037   171  1079  1422
 4438       3   411   421  1434
 4439     281   279  1165  1347
 4440     681   683   863  1314
 4441     651    34  1029  1054
 4442     683   682   863  1314
 4443     568   544   570   546
 4444     670   649   150  1115
 4445    1033  1065  1127  1345
 4446    1217   641  1223  1432
 4447     628    35   770  1313
 4448    1231  1126   267  1211
 4449     442  1367   441   440
 4450     695   697  1254  1158
 4451    1115   993  1207  1359
 4452     253    57   237  1404
 4453     829    43  1064  1379
 4454    1232  1104  1417  1446
 4455     508   908  1181  1412
 4456    1041  1037  1079  1200
 4457     804   187  1121  1420
 4458    1161  1073  1423  1437
 4459    1100  1343  1087  1128
 4460     908   508   909  1412
 4461     909   910    42  1412
 4462    1367   554  1039   550
 4463     721    43   164  1379
 4464      16   409   420  1377
 4465    1419   817   814   169
 4466     507   510   509  1189
 4467     281  1366  1347     1
 4468    1008  1226  1309  1311
 4469     911   912  1294  1412
 4470     428   435   110   113
 4471    1025   558   559   560
 4472    1025  1140  1228  1258
 4473     552   446   444   114
 4474    1121  1422  1037  1200
 4475     861    36   885  1246
 4476     108   428   107   427
 4477     354  1005  1011  1046
 4478    1341  1012   258    64
 4479    1272  1388  1391  1414
 4480     815   812   814  1200
 4481    1003  1006  1235  1350
 4482     834    46   835  1282
 4483    1092  1048  1118  1348
 4484     700   670  1229  1359
 4485     540   541  1051  1295
 4486     835   836   834  1282
 4487     557    20  1330   556
 4488    1002  1103  1247  1346
 4489    1094   307  1188  1394
 4490     674   672   673  1263
 4491    1231  1172  1250  1440
 4492    1093  1060  1071  1053
 4493     506   125   504  1234
 4494    1126   383   365  1167
 4495    1048  1092  1179  1348
 4496     930  1256   896  1282
 4497     388   390   391  1046
 4498     435  1344   113   433
 4499     556   434   433   112
 4500     329   327   325  1082
 4501    1242   558   963  1130
 4502     441   439   426  1332
 4503    1037  1041  1121  1200
 4504     810   815   184  1200
 4505    1031  1351  1406  1212
 4506    1351  1336  1031  1063
 4507     593  1118  1240   585
 4508     129  1081  1429  1101
 4509     513   517  1262  1409
 4510     136  1025   561  1242
 4511     423   533   121  1274
 4512    1015  1031  1137  1338
 4513    1028   498   899   900
 4514    1434  1436   417   104
 4515     508  1189  1294  1412
 4516    1139   223  1236  1312
 4517    1271   270  1026    69
 4518     716   165   721  1345
 4519    1214  1186  1352  1408
 4520     596  1232  1417  1446
 4521    1274   106  1331  1416
 4522     263   265    66  1309
 4523     497   899   996  1410
 4524    1310  1103   296  1247
 4525     986  1205  1245    33
 4526    1376  1255   701  1035
 4527     395  1277  1319  1341
 4528     441   426   107  1076
 4529    1051  1335  1295  1242
 4530    1314  1143   452   864
 4531    1235  1292  1221  1135
 4532    1053  1137  1194  1338
 4533     125   503   502  1237
 4534     349   420   419  1377
 4535    1136  1333  1321  1201
 4536    1340   551  1421  1433
 4537    1003  1021  1155  1313
 4538    1262  1014  1286  1294
 4539      43   721   165  1345
 4540     630   147  1178  1435
 4541    1004  1209  1353  1401
 4542    1184    99   381  1046
 4543    1008  1215  1411  1445
 4544     419    92   349  1377
 4545    1191  1156   429  1265
 4546    1026     7  1061  1243
 4547    1002  1142  1254  1346
 4548      63   265   264  1309
 4549     399   400  1068  1266
 4550    1380  1224  1383  1414
 4551     437   435   433  1344
 4552     595   250   597  1417
 4553    1219  1316   191  1152
 4554     558  1025  1130  1242
 4555     928   191  1168  1219
 4556    1031  1406  1010  1104
 4557    1169  1096  1220  1315
 4558     222   229  1347  1366
 4559    1256   893   891  1372
 4560     136  1025  1242  1140
 4561     152  1029  1203   652
 4562    1440   233   230    55
 4563     718   830  1210  1342
 4564    1109  1019  1166  1398
 4565    1040   682  1086  1255
 4566     427    21  1105  1238
 4567     394   416  1023  1341
 4568    1006  1003  1235  1253
 4569    1127  1014  1279  1412
 4570     442   553   134   114
 4571    1008  1226  1311  1423
 4572      86   326  1082  1090
 4573    1395  1089  1445  1448
 4574    1058   762   773  1176
 4575    1356  1101  1097  1047
 4576     416  1080   396   100
 4577     334   495    88   335
 4578       8   269    54  1032
 4579    1028  1031  1338  1410
 4580     636   902   634  1112
 4581     616  1106  1054  1307
 4582     919   923  1050  1097
 4583      19   533   106   535
 4584     836  1195  1256  1282
 4585     417   404   104  1436
 4586    1023   416  1080  1341
 4587     802  1405  1422   798
 4588     465  1281  1343   466
 4589     396  1080  1319   100
 4590       3   421  1430  1434
 4591     668   770    35  1313
 4592     828   833   718  1342
 4593     396   395  1319  1341
 4594    1066   375  1167  1184
 4595    1041   811  1043  1200
 4596    1012  1073  1311  1423
 4597    1232  1010  1243  1447
 4598    1024   151  1029  1296
 4599     557  1199   551   556
 4600     184   802  1405  1200
 4601      52   227  1023  1117
 4602     318   316   326   321
 4603    1053  1158  1059  1194
 4604    1132  1223  1352  1398
 4605    1016  1056  1214  1408
 4606     376    98  1184  1328
 4607     495   334  1078  1193
 4608    1015  1031  1104  1134
 4609     568   542  1051  1339
 4610     570   542   574   573
 4611     503  1305  1237  1275
 4612    1116   872  1324  1388
 4613    1195  1004  1256  1282
 4614    1044  1085  1297  1111
 4615     811   812  1043  1200
 4616     882   885  1201  1204
 4617     126   514  1262  1409
 4618    1343  1087  1389  1423
 4619    1007  1004  1282  1353
 4620     442  1367  1433   553
 4621     442  1367   439   441
 4622     440   439   441   442
 4623     845  1152  1304   189
 4624     523   330    87  1193
 4625     938   939  1151  1269
 4626     659  1303   660   658
 4627     888   198  1153  1426
 4628      71   286   284  1315
 4629    1153  1123  1009  1042
 4630    1181  1016  1188  1196
 4631     266    58  1226  1337
 4632     106   533   423  1274
 4633    1147  1022  1278  1303
 4634    1147  1303  1077  1022
 4635    1009  1036  1075  1191
 4636     405     4   404  1436
 4637    1236   223  1347  1312
 4638     757   765  1058   769
 4639      29   821  1041  1224
 4640     105   417   104  1434
 4641     179  1218  1253  1306
 4642    1202   458  1222  1346
 4643     121   489   484  1331
 4644     740   744   167  1037
 4645    1419   750  1422  1079
 4646    1026  1032  1061  1371
 4647     497  1351   605  1406
 4648    1275  1188  1094   506
 4649     642  1132  1217  1223
 4650    1168  1258  1385  1425
 4651    1100  1112  1166  1259
 4652    1069  1081  1101  1429
 4653     137   568   569   133
 4654    1244  1170  1334  1448
 4655      21   434   428  1105
 4656     754   752  1419  1422
 4657     231  1124  1322  1441
 4658    1110  1151  1213  1249
 4659    1006  1028  1183  1350
 4660     793   791   182  1107
 4661    1074  1130  1385  1401
 4662      75    76    72  1397
 4663     362   373   385  1206
 4664     595   596  1232  1417
 4665     433   112   437  1340
 4666     821    29   871  1224
 4667     300   298   273  1446
 4668     843  1362   841   837
 4669     851  1213  1055   852
 4670     980   626   988  1387
 4671    1422  1079  1200  1419
 4672     112   438   437  1340
 4673    1422  1405  1200  1121
 4674    1227  1204   713  1413
 4675    1232   272  1355  1446
 4676    1161  1430  1431  1434
 4677    1065   165  1127  1345
 4678     578   226  1139   141
 4679    1183  1028  1300  1350
 4680     723   722   166  1065
 4681    1100  1116  1324  1388
 4682     489   490   121   484
 4683     586   987   584  1387
 4684    1226  1057  1404  1443
 4685    1090  1030  1262  1424
 4686     422   105  1434  1444
 4687     507   509   505  1189
 4688     393   367   370  1005
 4689     747   167   741  1037
 4690     872  1128  1324  1388
 4691     345   348   346  1357
 4692       7  1243  1355  1400
 4693     891   895   896  1353
 4694     699  1194  1229   671
 4695     566   564  1129  1157
 4696       3   578   226  1117
 4697     538   566   539   564
 4698     136    20  1140  1295
 4699     458   454   457  1365
 4700    1016  1062  1180  1321
 4701    1311  1404  1226   254
 4702     914  1378   915  1144
 4703     346    92  1357  1377
 4704    1059  1022  1060  1278
 4705     366   369  1005  1167
 4706    1430  1260  1431  1436
 4707     952   946  1269   953
 4708     632   639   655  1217
 4709    1214  1186  1248  1398
 4710     603   462   461  1182
 4711     928   205   924  1177
 4712    1193  1429   496  1290
 4713    1120    77  1145  1394
 4714    1022  1059  1077  1147
 4715     370   367   368  1005
 4716     516   517   127  1081
 4717    1125   202  1273  1305
 4718     247   245  1038  1271
 4719     925   205   927  1177
 4720     960   486   563  1018
 4721    1204  1136  1376  1413
 4722      11  1119  1134  1386
 4723     248   274    69  1243
 4724    1124  1061  1322  1032
 4725     255  1404  1012   254
 4726    1231  1038  1141  1174
 4727    1296  1192    28   805
 4728    1150   374    99    98
 4729    1195  1168  1370  1385
 4730     288   290  1244  1247
 4731     605   996    27  1351
 4732    1210  1279  1342  1370
 4733     364   371   368  1005
 4734     957   928   952  1168
 4735     881  1123  1321  1426
 4736     318   316   321  1301
 4737     114   442   445  1433
 4738     241  1291   124   500
 4739      68    70  1061  1400
 4740    1077   709  1230  1241
 4741     416   413    52  1023
 4742     593   592   590  1240
 4743      49   937   964  1130
 4744     738   739   724  1198
 4745     286   289   288  1244
 4746     503  1305   908   907
 4747    1110   968  1151  1451
 4748     846  1152  1316   189
 4749     358   352  1011  1046
 4750    1318  1370  1372  1004
 4751     923   201   492   200
 4752     231   575  1322  1366
 4753     101   405   406   403
 4754    1073  1023  1117  1161
 4755    1146   618  1245  1307
 4756     923   919   129   492
 4757     902   904   905  1291
 4758    1016  1276  1062  1120
 4759    1014  1101  1262  1286
 4760     356   381   358  1046
 4761    1426  1210  1009  1180
 4762    1119  1031  1212  1336
 4763     608  1000   600  1225
 4764     456  1254    38   866
 4765     145   626   625  1084
 4766     538   539  1051  1157
 4767     171   750  1079  1422
 4768     271     8  1172  1231
 4769     468   877   119  1363
 4770     689   680   688  1230
 4771    1268  1169  1302  1333
 4772     916   920  1097  1101
 4773    1108  1163  1194  1263
 4774     792  1107  1185  1058
 4775    1158  1361   695    39
 4776     968   967  1072  1110
 4777    1179  1061  1326  1327
 4778     408   399  1068  1266
 4779     460   292  1134  1202
 4780    1025  1228  1358  1425
 4781     419   422  1045  1444
 4782     242  1402  1442   302
 4783     658   652   654  1203
 4784    1079   814  1200  1419
 4785     757   174   768  1058
 4786    1112  1248  1259  1291
 4787    1013  1018  1130  1242
 4788     185   797  1192  1405
 4789     183   797   799  1121
 4790    1303  1203  1149  1085
 4791    1283  1225   601  1212
 4792     237   406   403   234
 4793    1351  1410   497   996
 4794     414   412   411  1164
 4795    1208  1180  1227  1413
 4796     153  1303   658   660
 4797    1081  1014  1101  1262
 4798     445   451  1340  1433
 4799     352   355  1011  1046
 4800     521   492   129   493
 4801     949  1329  1251   947
 4802    1152  1195   189  1213
 4803    1015  1010  1031  1338
 4804    1014  1064  1370  1372
 4805     144   619  1102  1106
 4806    1163  1108  1257  1263
 4807     275   297  1133  1355
 4808    1022  1044  1111  1303
 4809    1029  1085  1203  1303
 4810     812   810  1043  1200
 4811    1086  1136  1450  1333
 4812     877   873   119  1183
 4813     299  1446   300  1386
 4814     557  1367   549  1199
 4815     462   219   195  1182
 4816     988  1348   584  1387
 4817     333   432   425  1293
 4818     173   765  1058  1176
 4819    1386   142  1417  1446
 4820     753   814   169  1419
 4821     270  1271  1026  1231
 4822    1021  1003  1155  1218
 4823     486   199   487  1027
 4824     800   185   798  1405
 4825     633   147  1178  1296
 4826     161   713  1376  1413
 4827    1016  1180  1196  1208
 4828     443   440  1199  1344
 4829    1121  1041  1192  1405
 4830      28   805   631  1296
 4831     818   872    31  1380
 4832    1012   255    64  1017
 4833     243    59   241  1083
 4834    1077  1019  1085  1109
 4835     911   203  1127  1286
 4836     582  1233   982  1323
 4837     578   581   580  1148
 4838     618  1106  1146   620
 4839     986   617  1146   984
 4840    1091  1019  1166  1382
 4841     586   584   587  1348
 4842     881   887  1123  1426
 4843     389   388   391  1046
 4844     884  1201  1333  1450
 4845    1052  1089  1284  1395
 4846     424   425   423   106
 4847    1085  1166  1393  1435
 4848     853   850   942  1329
 4849    1450   885   882  1204
 4850     252   249  1038  1175
 4851     282   279  1124  1165
 4852     633   641  1217  1432
 4853    1078  1030  1081  1082
 4854       3   421   579  1430
 4855     274   272   273  1355
 4856     942   851   941  1055
 4857     736  1033  1138   897
 4858     619    29  1102  1297
 4859     864   116   878  1143
 4860      43   721  1345  1379
 4861    1198   915  1325  1378
 4862      95   352   358  1046
 4863     306   288  1089  1247
 4864    1414   196   870  1391
 4865     410  1113   409  1068
 4866     303   285  1169  1220
 4867     992   991  1207  1280
 4868     816  1200   811  1079
 4869    1179  1300  1327  1338
 4870     392  1005   388   393
 4871     588   138   583  1098
 4872    1404  1423  1012  1226
 4873    1260  1095  1431  1436
 4874     774   775   777  1107
 4875     919   129   492  1101
 4876    1122  1364   311  1062
 4877     854   853   859  1329
 4878     322    13  1159  1424
 4879     659  1303   658  1149
 4880     260   256  1073  1308
 4881     128   517   513  1409
 4882    1129   563  1157   565
 4883     254   255   237   253
 4884      57   253  1226  1404
 4885    1104  1010  1232  1406
 4886     621  1245  1205    33
 4887    1192   796  1043   795
 4888     460   455  1202  1354
 4889     285  1169  1220  1315
 4890     544   568   542  1051
 4891    1267  1219  1342  1370
 4892     774   776   791  1107
 4893     720   717   715  1227
 4894    1258  1025  1385  1425
 4895     220   223  1236  1308
 4896     766   172   761  1176
 4897     690   691  1229  1361
 4898    1219  1210  1342  1370
 4899     511    13  1424  1449
 4900     490   121   423   334
 4901    1096  1091  1145  1445
 4902    1152  1195  1213  1249
 4903    1300  1010  1327  1338
 4904     497   604  1028  1406
 4905     453   117   116  1315
 4906    1094   125  1237  1275
 4907     181   789   785  1034
 4908     390   351    95  1046
 4909     960   563    23  1018
 4910     604   250  1175  1406
 4911    1064    43  1345  1379
 4912     877  1006  1183  1235
 4913    1045   422  1164  1444
 4914     968  1072  1451  1110
 4915     183   797  1121  1192
 4916     777   776   774  1107
 4917    1087  1070  1148  1389
 4918    1188  1056  1189  1275
 4919     248  1232  1243  1447
 4920     328   333   432   425
 4921     851   943   941  1055
 4922    1242   558   544   546
 4923     514   126    84  1409
 4924    1186  1214  1352  1398
 4925    1196  1412  1189  1181
 4926    1025  1013  1130  1242
 4927    1015  1137  1327  1338
 4928     822  1200  1041  1079
 4929     257   254   253    63
 4930     245    61  1174  1271
 4931    1312  1088  1403  1407
 4932    1226  1215  1008  1309
 4933    1031  1280  1285  1063
 4934     239   235  1404  1443
 4935     236   234    57  1404
 4936    1033  1047  1127  1378
 4937    1142  1170  1247  1448
 4938     126    84  1409  1424
 4939    1134  1222   291  1386
 4940    1190  1078  1418  1428
 4941     878   880   879  1216
 4942    1139  1088  1148  1173
 4943    1177  1210  1219  1370
 4944    1261  1448  1002  1077
 4945    1256  1004  1318  1372
 4946    1297  1029  1102  1106
 4947     226   224     3  1117
 4948     556   530    20  1105
 4949     321  1090    86   320
 4950     510   506  1188  1189
 4951     968   934  1151  1451
 4952    1105   108  1191  1375
 4953    1410   645   899   997
 4954     806  1192   808  1420
 4955      85   320  1082  1409
 4956    1352  1376   701  1035
 4957    1036   479  1042  1123
 4958     242  1402   244  1298
 4959     934   968   970  1451
 4960      52   225   227  1117
 4961     735   921   734  1138
 4962     424   107   426   108
 4963     962   212  1384  1390
 4964     223  1139  1236  1308
 4965    1129   563  1018  1157
 4966    1320  1168  1385  1425
 4967     672   674  1194  1263
 4968    1143  1096  1244  1448
 4969     128   512    85  1409
 4970     929   830    47  1219
 4971     241   500  1057  1083
 4972      47   842   929  1219
 4973     545  1018  1051  1242
 4974     560   561  1025  1242
 4975     175   767   761  1176
 4976     125   506   507  1275
 4977    1300  1053  1338  1179
 4978    1338  1179  1053  1327
 4979     846  1152  1304  1316
 4980    1164    91   347  1357
 4981     698   154  1077  1147
 4982     832  1379   827  1318
 4983    1410  1350  1160  1338
 4984    1111  1049  1323  1368
 4985     314   322  1159   318
 4986     467  1260  1389  1430
 4987    1364   483  1122   310
 4988    1025  1013  1140  1258
 4989     941   943   967  1110
 4990     275  1400     7  1355
 4991     361   363  1011  1206
 4992    1174   470  1252  1396
 4993     205   928  1168  1425
 4994     325    86   326  1082
 4995    1108  1071  1257  1263
 4996    1021   782  1253  1306
 4997     179  1218   778   780
 4998     156   661  1109  1217
 4999    1034  1058  1107  1114
 5000    1007  1390  1401  1438
 5001     698   706  1147  1261
 5002    1441  1371    54  1124
 5003    1195  1004  1249  1385
 5004    1281  1057  1423  1443
 5005    1188   307  1276  1394
 5006    1013  1025  1140  1242
 5007    1126  1167   365   366
 5008    1029  1106  1297  1303
 5009     771   777   775  1114
 5010     366  1005  1126  1167
 5011     589   139   588  1098
 5012     554  1367   553   550
 5013    1067  1007  1110  1249
 5014    1410  1031  1351  1406
 5015     579   581  1148  1389
 5016     378   381  1011  1046
 5017     335  1078   333   334
 5018    1086  1035  1136  1333
 5019    1381  1390  1384  1072
 5020     797  1121  1192  1405
 5021      65   256   261  1284
 5022     657  1060  1278  1415
 5023     467  1260  1343  1389
 5024    1087   467  1343  1389
 5025     127   517   128  1409
 5026     695  1254    38  1158
 5027       5   376  1066  1317
 5028    1324  1435  1116  1100
 5029     995   992   218  1207
 5030     741   742  1422   744
 5031    1381  1390    50   936
 5032     196   581  1087  1272
 5033    1230  1448  1040  1216
 5034    1183  1235  1300   877
 5035    1367   442   439   553
 5036      79   303  1145  1220
 5037     948   953  1304   946
 5038    1177  1168  1258  1370
 5039    1363  1292   468  1300
 5040     683   680  1255  1314
 5041    1168   928  1177  1425
 5042     313    77   303  1169
 5043     105   417  1434  1444
 5044     391   381    99  1046
 5045    1027  1209  1401  1438
 5046     187   808  1121  1420
 5047      28   152   650  1296
 5048     896  1256   892   891
 5049     890   889   198  1299
 5050     709   679   689  1230
 5051    1262   126  1409  1424
 5052     462  1134   461  1182
 5053     682    36  1086  1255
 5054     337   343    90  1239
 5055     283   306   305   289
 5056    1030  1265  1159  1301
 5057    1412  1196  1189  1294
 5058     251    61  1150  1174
 5059    1417  1232  1406  1104
 5060    1122  1120  1169  1333
 5061    1143  1244  1334  1448
 5062     738   735   739  1198
 5063    1343  1281  1382  1423
 5064     403  1404  1017   234
 5065       4   240  1095  1436
 5066     816   811   822  1079
 5067    1071  1135  1003  1084
 5068    1256  1318  1349  1372
 5069     140  1250  1369     5
 5070    1353  1256   896   891
 5071    1158  1137  1202  1354
 5072     289   286    71  1315
 5073      10   117   287  1315
 5074     801   815   753  1419
 5075    1089   295  1247  1310
 5076      10   287   286  1315
 5077    1141  1328  1174  1363
 5078     319  1036  1187  1364
 5079     619  1102  1106  1297
 5080    1318  1267  1342  1370
 5081    1186    37  1352  1408
 5082    1336  1351  1031  1212
 5083     913  1101  1356  1286
 5084     801   184   815  1200
 5085     658  1029  1203  1303
 5086     136   561   560  1242
 5087     698   709   689  1230
 5088    1426  1210  1180  1227
 5089     738  1138   921   735
 5090    1111   982   215   984
 5091    1408  1352  1376   702
 5092      67   263    66  1284
 5093    1052  1103  1165  1310
 5094      68   270  1026  1371
 5095    1066  1150  1211  1328
 5096     724   739   726  1198
 5097     636   635    31  1116
 5098    1400   275  1133  1355
 5099    1109   661  1132  1217
 5100    1433   112  1199  1340
 5101     252   251     9  1174
 5102    1323  1118   990   591
 5103     277  1103    12    70
 5104     215  1439   984   985
 5105     116    26   878  1143
 5106    1265   432  1301  1156
 5107    1304  1152   838  1316
 5108      61   251   245  1174
 5109     465   501  1259  1281
 5110    1131  1003  1155  1313
 5111     846  1362   837  1304
 5112    1126  1231  1066  1211
 5113     686   879  1216  1314
 5114    1044  1022  1085  1303
 5115    1181  1188  1189  1196
 5116    1089  1052  1284  1310
 5117    1154  1287  1162   678
 5118    1322  1032  1440  1441
 5119    1334   457  1365  1170
 5120     809   187   808  1121
 5121     321   322   318  1301
 5122    1044  1022  1077  1085
 5123    1083  1091  1214  1248
 5124     236   234   235   239
 5125     499   500   241   239
 5126     506   504   307  1094
 5127     301   244   242   302
 5128    1235  1183  1300  1350
 5129     464   872   868  1128
 5130     180   784  1034  1185
 5131    1093  1049  1427  1162
 5132     589   587  1092  1118
 5133     393  1211  1005  1150
 5134     950   947  1329   949
 5135     768   769   757  1058
 5136     460   455   292  1202
 5137    1230   688  1216  1314
 5138    1354  1015  1137  1202
 5139     374   376  1184   377
 5140     550  1330   547   540
 5141     308    80  1276   309
 5142     907   503   502   124
 5143     790   149   646  1218
 5144     953   946  1151  1304
 5145     341   415    18  1239
 5146      69     7   270  1026
 5147     644  1003   663   643
 5148     158   670  1163  1229
 5149     901   872   465  1128
 5150    1070  1423  1382  1008
 5151     282  1061  1124  1371
 5152     655   639   661  1217
 5153    1044  1414  1272  1233
 5154    1450   882   861   883
 5155     822  1200  1079   811
 5156    1089   288  1244  1247
 5157     341   344    91  1239
 5158    1404   403  1443   235
 5159     980   623  1162  1427
 5160     427  1105  1191  1238
 5161    1104  1031  1119  1134
 5162     405  1017   406   403
 5163    1007  1072  1110  1249
 5164     383   382  1167  1172
 5165     551  1340  1421   135
 5166    1019  1035  1040  1096
 5167    1060  1146  1245  1278
 5168     780  1183   873   877
 5169     604   249   498  1175
 5170     403   237   234  1017
 5171     273   297   275  1355
 5172     677   676   707  1415
 5173     695   690    39  1361
 5174     619   812   810  1043
 5175    1290   523   127   520
 5176     164   720   715  1342
 5177    1244  1089  1247  1448
 5178    1091  1094  1394  1402
 5179     992   993   218  1207
 5180     834   836  1256  1282
 5181    1152   838  1316   191
 5182     487   895  1209  1438
 5183     144  1043   813  1102
 5184     617  1106  1111  1297
 5185    1004  1256  1353  1372
 5186     226   225  1117  1139
 5187     659   662    40  1149
 5188    1180  1136  1201  1413
 5189     878   473   472  1334
 5190    1058  1034  1107  1185
 5191    1298  1057  1226  1411
 5192     746   741  1037   748
 5193    1076  1039  1099  1367
 5194     808   183  1121  1192
 5195    1302  1035  1040  1086
 5196     639   637   703  1132
 5197    1008  1382  1395  1445
 5198     241  1291  1083   124
 5199     118  1183  1252  1396
 5200    1057  1291  1248  1083
 5201    1224  1192  1024  1270
 5202     237   406   401   403
 5203     595   250  1232  1447
 5204     355   351   354  1046
 5205     711    37  1125  1408
 5206     320    85  1082    86
 5207    1249  1401  1072  1074
 5208     209   955   211  1197
 5209    1014  1047  1101  1286
 5210    1189   511  1196  1449
 5211    1104  1015  1134  1373
 5212      70  1165   262   278
 5213     243   241  1057  1083
 5214     363   373   362  1206
 5215    1227  1204  1413  1201
 5216     393    61   246  1150
 5217    1006   900  1028  1410
 5218     786  1114  1034   785
 5219    1181  1125  1273  1305
 5220     589  1092  1098  1118
 5221     325   326   329  1082
 5222     382   383    55  1172
 5223     402   255   401  1017
 5224      88   331   335  1193
 5225    1203  1303  1149   658
 5226    1103   262  1165  1310
 5227    1081  1193  1289  1290
 5228     406   401   403  1017
 5229    1423  1070  1382  1087
 5230     801   802   184  1200
 5231    1369   468  1317  1363
 5232    1226  1012  1311  1423
 5233     928   929   191  1219
 5234     929   842   191  1219
 5235     147   630  1178  1296
 5236     603   602   600  1119
 5237    1211  1005  1150  1126
 5238    1043   144   619  1102
 5239     515   517   513   913
 5240    1063  1031  1280  1336
 5241    1224  1041  1192  1270
 5242    1091  1035  1398  1019
 5243     249    62  1038  1447
 5244     301    77   308  1394
 5245     923   919   492  1101
 5246    1080  1045  1164  1444
 5247    1026  1010  1038  1243
 5248     355    95   351  1046
 5249     912   508   509  1294
 5250     342   346  1357    94
 5251    1085  1111  1044  1303
 5252     438   112   449  1340
 5253     161   711   710  1408
 5254     394   227     6  1023
 5255     515   514   513  1262
 5256       4   466  1095  1281
 5257     146   629   625  1162
 5258    1072  1401  1390  1384
 5259    1248    30  1291  1432
 5260     485   891   898  1372
 5261     615   616  1054  1307
 5262    1089   263  1284  1309
 5263     842   844   838  1316
 5264     911   912  1286  1294
 5265    1002  1052  1395  1448
 5266    1231  1126  1066  1172
 5267     134   442   114  1433
 5268    1190  1078  1274  1418
 5269     849   845   848  1362
 5270    1008  1089  1215  1445
 5271    1233   983   871   982
 5272     464   869  1128  1391
 5273    1175  1028  1300  1183
 5274     710   161  1408  1413
 5275     655   156  1203  1217
 5276      36   682   683  1255
 5277    1410  1350  1338  1028
 5278      91   412   103  1164
 5279    1044  1022  1111  1368
 5280     779   781   177  1185
 5281    1151   953  1152  1269
 5282    1109  1166  1223  1398
 5283    1368  1070  1395  1407
 5284    1410  1351   497  1406
 5285    1317   469  1328  1363
 5286     490   495   334  1078
 5287     918   919  1050  1097
 5288    1166  1178  1432  1435
 5289    1117  1073  1139  1308
 5290     302    79  1145  1442
 5291    1094  1091  1234  1402
 5292    1141  1179  1250  1369
 5293    1020  1039  1076  1416
 5294    1122  1169  1268  1333
 5295     784  1034  1185  1306
 5296     307   506  1094  1188
 5297     543   544  1051  1242
 5298     474   472   473  1334
 5299    1022  1111  1146  1303
 5300     476   477   475  1268
 5301    1226  1215  1337  1411
 5302     459   460  1134  1354
 5303      20   556  1099  1330
 5304     922  1325  1138   921
 5305    1191  1009  1238  1258
 5306    1076  1039  1332  1416
 5307     875  1292  1221  1235
 5308    1009  1014  1075  1196
 5309    1240  1323  1148   591
 5310     794   177   781  1185
 5311    1003   149  1155  1218
 5312    1403  1366  1098  1347
 5313     217   997  1160  1285
 5314     578   579  1148  1437
 5315      68    70   282  1061
 5316    1142  1002  1254  1261
 5317    1024  1224  1380  1393
 5318    1052  1165  1236  1284
 5319     344   341    18  1239
 5320     199   895   487  1438
 5321     546   562  1242   963
 5322    1146  1278  1303  1307
 5323     414   103   412  1164
 5324    1191  1187    83   431
 5325     794   781   768  1185
 5326    1016  1120  1136  1408
 5327     555    20  1295  1330
 5328     554  1367  1039  1332
 5329    1201  1136  1204  1413
 5330     363   362    96  1206
 5331     473  1143  1244  1334
 5332     781   180   173  1185
 5333     598  1119   599   602
 5334    1374   205   957  1425
 5335     709   155   679  1241
 5336     429  1191   431   427
 5337     452  1143   116   864
 5338    1002  1059  1158  1261
 5339     430  1191  1238   427
 5340    1002  1022  1395  1407
 5341      47   844   842  1316
 5342     381   356  1011  1046
 5343     594  1417  1406  1283
 5344     375   379   387  1167
 5345    1012  1095  1161  1423
 5346    1236  1070  1312  1407
 5347     955   211  1197  1269
 5348     355   352    95  1046
 5349     389   391    99  1046
 5350     458   292  1202  1222
 5351    1333  1136  1321  1122
 5352     558  1025  1242   560
 5353    1260  1161  1430  1431
 5354     710    42  1208  1273
 5355     296   276   304  1103
 5356     608    27  1000  1225
 5357    1030  1014  1081  1262
 5358      26   864   116   878
 5359     370   392  1005  1046
 5360     859   944   945  1329
 5361    1191    83   429   431
 5362    1016  1180  1208  1413
 5363      53   261   260   256
 5364     912   509   126  1294
 5365     126    22   912  1294
 5366     404   410  1113   409
 5367     950   837   840  1362
 5368     190    48   847  1362
 5369    1443  1017  1404  1012
 5370     164  1279  1379  1342
 5371     471  1150     9    98
 5372     197   881  1201  1426
 5373     880  1216  1334  1288
 5374    1135  1300  1053  1338
 5375    1067   206  1264  1282
 5376     420   105   419  1444
 5377    1091  1083  1214  1234
 5378     679  1230  1241  1255
 5379     703   155  1132  1241
 5380     514    84   512  1409
 5381     606   608   143   609
 5382     845   849   846  1304
 5383     496  1429   495   491
 5384     392   351   390  1046
 5385     232   375   387  1066
 5386     746   750  1079   171
 5387    1192   796   185  1405
 5388     521  1429   493   129
 5389     388    61   393  1150
 5390    1165  1312  1403  1407
 5391     800   743   799  1121
 5392     594   604   497  1406
 5393     863   682  1040  1314
 5394    1265   432  1156   429
 5395     580  1437  1148  1139
 5396     237   254   253  1404
 5397     141   593   583   592
 5398     140  1250   576  1369
 5399     840   190  1251  1362
 5400     253   254  1226  1404
 5401    1344   435   113   110
 5402    1120  1091  1035  1214
 5403     125   503  1237  1275
 5404     756  1058   175  1176
 5405     313   303   285  1169
 5406     861  1040  1086  1302
 5407    1183  1175  1252  1396
 5408     462   195   867  1182
 5409     182   794   792  1185
 5410    1084   626  1093  1221
 5411     997  1160  1285  1410
 5412     821  1041  1224  1383
 5413      24   925   525  1153
 5414     479   120   526  1042
 5415     704   679  1241  1255
 5416     557  1330  1099   556
 5417     272   595   596  1232
 5418    1376  1255  1035  1086
 5419    1136  1086  1450  1204
 5420    1044  1085  1166  1393
 5421    1207   991  1285  1280
 5422     540   548   541  1295
 5423     853   942   944  1329
 5424     848   850   854  1329
 5425     695   692   690  1361
 5426      56   243  1057  1083
 5427    1196   509  1294  1424
 5428     292    74  1134  1222
 5429      89   328   335  1193
 5430     608   999  1001  1000
 5431     331   332    89  1193
 5432     483   481  1123  1364
 5433    1127   911  1286  1294
 5434     992   995   219  1336
 5435     171  1037  1079   746
 5436    1370  1318  1372  1064
 5437     944   948   945  1329
 5438     694   692   695  1361
 5439     142  1386  1417   598
 5440    1275  1181  1056  1189
 5441     847   848   854  1329
 5442    1158    39  1229  1361
 5443     804   167  1037   807
 5444     478   285   284  1315
 5445     911    22   203  1286
 5446     379  1184  1011  1167
 5447     854   850   853  1329
 5448     641   147    30  1432
 5449     633   147   641  1432
 5450    1415  1263  1053  1194
 5451     693  1207  1361   995
 5452     691   693   218  1361
 5453    1085  1044  1297  1393
 5454     147   634    30  1432
 5455    1081  1193  1290  1429
 5456     928  1168  1177  1219
 5457    1064  1033  1127  1345
 5458    1322  1369  1348   576
 5459     327  1082   324   325
 5460    1060  1049  1093  1162
 5461    1095  1281  1343  1423
 5462     525  1177   927  1228
 5463    1005  1011  1046  1184
 5464     267   270  1231  1271
 5465     789   783   624  1021
 5466    1016  1062  1188  1196
 5467     305   283    78  1220
 5468     530   528  1140  1228
 5469     594   250   604  1406
 5470     495    88   335  1193
 5471     995   693   195  1182
 5472     233  1322  1440  1441
 5473    1109  1132  1241  1398
 5474    1081  1082  1090  1409
 5475    1121   743  1422   800
 5476     658  1054   615   651
 5477     392   390   388  1046
 5478    1036   317    14  1187
 5479      31  1116  1270  1380
 5480     355   354  1011  1046
 5481    1195  1168  1267  1370
 5482    1103  1310   296   276
 5483     782   783   784  1306
 5484    1138   737   733   736
 5485     272   273  1355  1446
 5486     821   819   822  1041
 5487     177   790   778  1306
 5488     670   994  1115  1359
 5489     249  1038  1175  1447
 5490      93   410  1068   407
 5491     701   704  1241  1255
 5492     867   459  1182  1354
 5493     428  1344   113   110
 5494     891   893   898  1372
 5495     133   545  1018  1051
 5496     897   200   201  1050
 5497     390    95   391  1046
 5498     295   306  1089  1247
 5499     952  1168  1269  1320
 5500    1375   108   426  1076
 5501     230  1032     8  1441
 5502    1127   716  1279  1345
 5503     515    22   514  1262
 5504     234   236   235  1404
 5505     298   297  1133  1373
 5506     741   171  1037  1422
 5507     595    62   250  1447
 5508     247   248  1271  1447
 5509      62   247  1038  1447
 5510    1104  1232  1373  1446
 5511    1152  1151  1213  1304
 5512    1151  1055  1213  1304
 5513    1249  1074  1269  1320
 5514    1017   405   406  1277
 5515    1274  1331  1375  1416
 5516    1170  1142  1247  1397
 5517     405  1113   410   101
 5518     725   722   729  1144
 5519     593  1118   585   588
 5520    1327  1158  1015  1002
 5521     131   132   537  1339
 5522     437   433  1340  1344
 5523    1135  1235  1300  1350
 5524     772   787   770  1114
 5525     494   898   201  1069
 5526     166   731  1065  1198
 5527     401   406   399  1277
 5528    1139  1073  1236  1308
 5529     639   642  1132  1217
 5530     219   995  1182  1336
 5531    1035  1086  1136  1376
 5532     482   483  1123  1364
 5533     184   796   795  1043
 5534    1445  1091  1382  1019
 5535     872   464   465  1128
 5536     669    35   627  1154
 5537     670   675   673  1163
 5538    1124     1   280   229
 5539      80   315    13  1449
 5540    1191    83  1265   429
 5541     354   351   371  1046
 5542     628    35  1084  1154
 5543     852   835  1067  1213
 5544     882  1450   861  1246
 5545    1033   898   897  1349
 5546     438   111   437  1340
 5547      16  1068   410   409
 5548     833  1316   831    47
 5549     100   413   415   416
 5550     205   927  1177  1425
 5551    1401  1249  1072  1007
 5552     351   392   370  1046
 5553     350  1266  1377   338
 5554     595   272   274  1232
 5555    1115  1108  1160  1163
 5556    1053  1022  1060  1059
 5557    1261  1077   698  1230
 5558     522   523  1193  1290
 5559     304   297    75  1222
 5560     481   483  1321  1364
 5561     500   904   123  1291
 5562     413  1164   103   414
 5563     993  1115  1207  1285
 5564    1371   269   282    68
 5565     667   666   674  1263
 5566    1422  1405  1121   798
 5567    1033   733  1138  1198
 5568     139   589  1092  1098
 5569      99  1184   381   374
 5570      62   249   250  1447
 5571      53   260     6  1308
 5572     281   260    53   261
 5573    1406  1031  1010  1028
 5574    1227  1204  1201    41
 5575     819   820   825  1037
 5576    1131   666   669   667
 5577     569   536   131  1339
 5578      84  1090  1409  1424
 5579    1201   881  1321  1426
 5580    1382  1008  1411  1445
 5581     614   144  1102  1106
 5582    1134   460  1202  1354
 5583      76   294    72  1397
 5584     625   629  1154  1162
 5585     774   793  1058  1107
 5586    1170  1244  1247  1448
 5587     241  1291   500  1083
 5588     221   583   138  1098
 5589     306   305  1089  1220
 5590    1141  1231  1328  1317
 5591    1181  1016  1208  1273
 5592    1033   733  1198  1392
 5593    1186  1223  1248  1398
 5594    1322  1092  1326  1366
 5595     671   672   677  1194
 5596     660   659   154  1147
 5597     168   745   746  1037
 5598    1196   511  1424  1449
 5599    1060   666   678  1154
 5600     664   777   771  1155
 5601      49   954  1074  1130
 5602    1382  1019  1395  1445
 5603    1429   491   521   493
 5604     394   416   396   100
 5605    1223   641  1248  1432
 5606     594  1351   605  1212
 5607    1091  1445  1382  1411
 5608     855   847   193  1251
 5609     568   544   546  1051
 5610    1300  1028  1338  1350
 5611     677   707   708  1415
 5612    1261  1448  1230  1216
 5613    1108  1135  1338  1350
 5614     875   981   988  1221
 5615    1362   843   849   846
 5616     345   419   422  1045
 5617     733   897    44  1349
 5618     749   816   824  1079
 5619    1127  1047  1356  1378
 5620     316  1265    83   429
 5621    1134  1015  1222  1373
 5622     771   777  1114  1155
 5623     304   276    12  1103
 5624     507   506  1189  1275
 5625     261   281  1165  1236
 5626     314   321   322   318
 5627     388   393  1005  1150
 5628    1129   563   565   486
 5629     219   462   603  1182
 5630     683  1040  1314  1255
 5631     339  1068  1266   408
 5632     568   131   571  1339
 5633     894   896   895  1438
 5634    1136  1086  1204  1376
 5635     154  1077  1147  1149
 5636     879   864  1216  1314
 5637     118   498   470  1252
 5638     129   919   519  1101
 5639     907   505   908   503
 5640     489   121   488  1331
 5641     285   478   312  1169
 5642     817  1200  1079   814
 5643     738  1325  1138  1198
 5644    1099  1140  1330  1335
 5645     617   986  1146   618
 5646     345   346    92  1357
 5647     552   551   549  1433
 5648     322   321  1090  1159
 5649     958  1025   560  1358
 5650     466     4   501  1281
 5651     558   543   136   544
 5652     628   627    35   629
 5653     303    78   283  1220
 5654     961   965  1360   966
 5655    1228  1025  1258  1425
 5656     900   899  1028  1410
 5657     804   803  1420   186
 5658     808    28   805   631
 5659     152  1029  1296  1203
 5660     710   713   161  1413
 5661    1300  1292  1235  1135
 5662     551   547   549   557
 5663     250   249  1175  1447
 5664     641    30  1248  1432
 5665    1035  1040  1086  1255
 5666     202  1181  1305   908
 5667     885   197   882  1201
 5668      22   126  1262  1294
 5669     779   780   179   778
 5670     812   815   810  1200
 5671     936   937  1381  1384
 5672    1324  1435  1100  1112
 5673      25   531   926  1358
 5674    1031  1028  1406  1410
 5675     434   428  1105  1199
 5676     369   366   372  1167
 5677     998   216   991  1280
 5678     204   916  1097  1356
 5679     663   150   644   643
 5680    1312  1098  1173    51
 5681     428  1344  1199   113
 5682    1108  1053  1194  1338
 5683     333   328   432  1293
 5684     726  1144   722   725
 5685     926   531   927  1358
 5686     582  1233   581   982
 5687    1356   728   914   203
 5688    1372  1064  1033  1014
 5689      25   926   958  1358
 5690     622   621   618  1245
 5691      59   504   125  1234
 5692      41   197  1201  1426
 5693    1075  1030  1156  1265
 5694    1063   216  1280  1285
 5695    1292  1179  1300  1369
 5696      93  1068    16  1266
 5697     108   429   427  1191
 5698    1222  1103  1327  1346
 5699     870  1380  1383  1388
 5700    1093   626  1162  1427
 5701     567   573   132  1339
 5702     277   276    70    12
 5703     595  1406  1232   250
 5704    1350  1410  1006  1028
 5705     244    59  1083  1234
 5706    1445  1220  1096  1089
 5707     337  1239  1266  1357
 5708     989   978   979  1427
# Generated by /Users/zhenhan/Desktop/TetGen/tetgen -pq1.4/12YO9/7 spot_2000f.off 
