frame 1
0 0.19999864436742484 -0.10999999990000001 0.30001698915035657
1 0.39999775697654727 -0.10999999990000001 0.30001754418309545
2 0.59999651052032554 -0.10999999990000001 0.3000172559907906
3 0.79999541837597898 -0.10999999990000001 0.30001605118668229
4 0.99999477656177549 -0.10999999990000001 0.30001422484371354
5 1.1999946369426797 -0.10999999990000001 0.30001219183692424
6 1.3999948896301873 -0.10999999990000001 0.30001028605588914
7 1.5999953646525067 -0.10999999990000001 0.30000871394133577
8 1.7999958931981834 -0.10999999990000001 0.30000759636158036
9 1.9999963068974558 -0.10999999990000001 0.30000703710038301
10 2.199996373171984 -0.10999999990000001 0.30000721990778884
11 0.19999892694530133 -0.10999999990000001 0.50001855796502293
12 0.39999775854746206 -0.10999999990000001 0.50001906805110452
13 0.5999966024897323 -0.10999999990000001 0.5000187660373947
14 0.79999572783849415 -0.10999999990000001 0.50001734341913207
15 0.99999528889128941 -0.10999999990000001 0.5000152110866446
16 1.1999952565055703 -0.10999999990000001 0.50001289077084532
17 1.3999954971804882 -0.10999999990000001 0.50001077054776211
18 1.599995848953442 -0.10999999990000001 0.50000906659715449
19 1.7999961674208842 -0.10999999990000001 0.50000788558099563
20 1.9999963378886954 -0.10999999990000001 0.50000731470303783
21 2.1999962331691783 -0.10999999990000001 0.50000750270036831
22 0.19999928542492129 -0.10999999990000001 0.70002244475611541
23 0.3999971621315207 -0.10999999990000001 0.70002348333968578
24 0.59999530758485364 -0.10999999990000001 0.70002295998450748
25 0.79999418356487606 -0.10999999990000001 0.70002085182570406
26 0.99999384677258729 -0.10999999990000001 0.70001792832009913
27 1.1999940960275512 -0.10999999990000001 0.70001493629491085
28 1.3999946425907519 -0.10999999990000001 0.70001234119187694
29 1.5999952201982208 -0.10999999990000001 0.70001034511768379
30 1.7999956353357196 -0.10999999990000001 0.70000900107249864
31 1.9999957744412904 -0.10999999990000001 0.70000835164955422
32 2.1999955166205831 -0.10999999990000001 0.70000864123131445
33 0.19999838871355718 -0.10999999990000001 0.90002949010793631
34 0.3999948094779483 -0.10999999990000001 0.90003191533724403
35 0.59999189233206396 -0.10999999990000001 0.90003077359491446
36 0.79999047316728777 -0.10999999990000001 0.90002710934528685
37 0.99999047391660878 -0.10999999990000001 0.9000225661495368
38 1.199991394208292 -0.10999999990000001 0.90001830805362548
39 1.3999926717127453 -0.10999999990000001 0.9000148949710628
40 1.5999938478835307 -0.10999999990000001 0.90001245553566245
41 1.7999946226475916 -0.10999999990000001 0.9000109020344319
42 1.9999948621751955 -0.10999999990000001 0.90001014212359021
43 2.1999944491400112 -0.10999999990000001 0.90001051856391734
44 0.19999460225289109 -0.10999999990000001 1.1000414534753256
45 0.39998888071559557 -0.10999999990000001 1.1000462522772665
46 0.5999847764171391 -0.10999999990000001 1.1000434290597432
47 0.79998350891177439 -0.10999999990000001 1.1000366561643713
48 0.99998458745238339 -0.10999999990000001 1.1000292195482746
49 1.1999869732666943 -0.10999999990000001 1.1000228937481777
50 1.3999896938213834 -0.10999999990000001 1.1000182840760568
51 1.5999920306121893 -0.10999999990000001 1.1000153242715973
52 1.7999935378700078 -0.10999999990000001 1.1000136382161168
53 1.9999940500859867 -0.10999999990000001 1.1000128202089636
54 2.1999933942241325 -0.10999999990000001 1.1000133063175384
55 0.19998471491720171 -0.10999999990000001 1.3000617373192582
56 0.39997602075274241 -0.10999999990000001 1.3000696424949267
57 0.59997118574720776 -0.10999999990000001 1.300062508758584
58 0.79997142932574272 -0.10999999990000001 1.3000498881310438
59 0.99997517179036655 -0.10999999990000001 1.3000376882462763
60 1.1999804520662736 -0.10999999990000001 1.3000283033069575
61 1.3999857700618912 -0.10999999990000001 1.3000221571961648
62 1.599990152148409 -0.10999999990000001 1.3000187711726774
63 1.7999930143006628 -0.10999999990000001 1.3000172773334258
64 1.9999941329049449 -0.10999999990000001 1.3000166812236233
65 2.1999929715835038 -0.10999999990000001 1.3000176853063683
66 0.19996218444541028 -0.10999999990000001 1.5000972758683584
67 0.39995002956599246 -0.10999999990000001 1.5001069090917918
68 0.59994666173367905 -0.10999999990000001 1.5000895804493353
69 0.79995166202113543 -0.10999999990000001 1.5000665833679212
70 0.99996105281020764 -0.10999999990000001 1.5000471258624051
71 1.1999715241941411 -0.10999999990000001 1.5000336458584875
72 1.3999811070761754 -0.10999999990000001 1.5000258059425136
73 1.5999887884102906 -0.10999999990000001 1.5000223721082757
74 1.7999940147573934 -0.10999999990000001 1.5000217966361351
75 1.9999964652028319 -0.10999999990000001 1.5000221930644679
76 2.1999941541989667 -0.10999999990000001 1.5000254470657379
77 0.19991391887118601 -0.10999999990000001 1.7001627741656948
78 0.39990009621308942 -0.10999999990000001 1.7001643968743365
79 0.59990499000080832 -0.10999999990000001 1.7001249278586863
80 0.79992162607178163 -0.10999999990000001 1.7000849564163232
81 0.99994166717430211 -0.10999999990000001 1.7000555604852143
82 1.1999604953423781 -0.10999999990000001 1.7000373328946448
83 1.3999763332580728 -0.10999999990000001 1.7000280951732478
84 1.5999887185667749 -0.10999999990000001 1.7000253619274084
85 1.7999976800023443 -0.10999999990000001 1.7000268626345545
86 2.0000030055310889 -0.10999999990000001 1.7000298430333671
87 2.1999980837590081 -0.10999999990000001 1.700040902970642
88 0.19981373701552302 -0.10999999990000001 1.9002899908660209
89 0.39980921881280335 -0.10999999990000001 1.9002471476859866
90 0.59984028951701229 -0.10999999990000001 1.9001645188839587
91 0.79988142593047384 -0.10999999990000001 1.9001002723033473
92 0.99991902253715415 -0.10999999990000001 1.9000595739590449
93 1.1999493054502657 -0.10999999990000001 1.9000371739563018
94 1.3999727811239011 -0.10999999990000001 1.9000275866604786
95 1.5999909200529965 -0.10999999990000001 1.9000268611045856
96 1.8000045505559903 -0.10999999990000001 1.9000315947875193
97 2.0000153373527936 -0.10999999990000001 1.9000393614579076
98 2.2000046020744097 -0.10999999990000001 1.9000738643806594
99 0.1996022266971901 -0.10999999990000001 2.1005450776946288
100 0.39965672258066354 -0.10999999990000001 2.1003465825988572
101 0.59975724116270845 -0.10999999990000001 2.1001945674862834
102 0.79984169775444158 -0.10999999990000001 2.1001041107886782
103 0.99990178868910717 -0.10999999990000001 2.1000551334058257
104 1.1999430342087298 -0.10999999990000001 2.100031404542988
105 1.3999724625302403 -0.10999999990000001 2.1000232357346427
106 1.5999955655829896 -0.10999999990000001 2.1000258322537211
107 1.8000152417269382 -0.10999999990000001 2.1000363664019077
108 2.0000295856014616 -0.10999999990000001 2.1000472452278718
109 2.2000057232519938 -0.10999999990000001 2.1001451167950895
110 0.20000000774140092 -0.090000000100000005 2.2999999922608416
111 0.39945711849517307 -0.10999999990000001 2.3004004111509717
112 0.59971384045258136 -0.10999999990000001 2.300189400113128
113 0.79984300658329699 -0.10999999990000001 2.3000894298543724
114 0.99991133426851031 -0.10999999990000001 2.3000417126962405
115 1.1999516255892999 -0.10999999990000001 2.3000206530296792
116 1.3999807866131468 -0.10999999990000001 2.3000138879229488
117 1.6000105316320228 -0.10999999990000001 2.3000154810975908
118 1.8000545753995294 -0.10999999990000001 2.3000210535530119
119 2.0001358623824452 -0.10999999990000001 2.3000189617569311
120 2.1999999997971376 -0.10000000132311467 2.2999999998111971
frame 2
0 0.19998214385117369 -0.12999999970000001 0.30017064054878617
1 0.39997443522466175 -0.12999999970000001 0.30017616473048425
2 0.59996313162749937 -0.12999999970000001 0.30017439862106016
3 0.79995276450623631 -0.12999999970000001 0.3001642599371539
4 0.99994618238564659 -0.12999999970000001 0.30014806442018077
5 1.1999441247611129 -0.12999999970000001 0.30012944227985483
6 1.3999458135009282 -0.12999999970000001 0.30011153132746382
7 1.5999498046678025 -0.12999999970000001 0.3000964542279721
8 1.799954539232604 -0.12999999970000001 0.30008559355362668
9 1.9999583544256643 -0.12999999970000001 0.30008011849625754
10 2.1999589765894818 -0.12999999970000001 0.3000817051261267
11 0.19998358723741883 -0.12999999970000001 0.50018316771541682
12 0.39997390608885308 -0.12999999970000001 0.50018863968884619
13 0.59996380961005003 -0.12999999970000001 0.50018705265630459
14 0.79995576105404242 -0.12999999970000001 0.50017533784744694
15 0.99995130892577266 -0.12999999970000001 0.50015672012780399
16 1.1999504139124775 -0.12999999970000001 0.5001357280355937
17 1.3999520450603988 -0.12999999970000001 0.50011599265783369
18 1.5999548232941319 -0.12999999970000001 0.50009975820137254
19 1.799957450100097 -0.12999999970000001 0.50008831674459342
20 1.9999588456441235 -0.12999999970000001 0.50008272632408723
21 2.1999578224395693 -0.12999999970000001 0.50008434421026404
22 0.19998492556566252 -0.12999999970000001 0.70021355002310159
23 0.39996795599688473 -0.12999999970000001 0.70022400406467034
24 0.59995250726511329 -0.12999999970000001 0.70022125251534351
25 0.79994266427943539 -0.12999999970000001 0.70020451462394562
26 0.99993922201715857 -0.12999999970000001 0.70017983308767251
27 1.1999407478822133 -0.12999999970000001 0.70015357976012704
28 1.3999449168829798 -0.12999999970000001 0.70013007240713021
29 1.5999494667985696 -0.12999999970000001 0.70011148188243644
30 1.7999527004035729 -0.12999999970000001 0.70009868040557366
31 1.9999536016918282 -0.12999999970000001 0.70009239957681291
32 2.1999511549269748 -0.12999999970000001 0.70009488294032307
33 0.19997428902536163 -0.12999999970000001 0.90026750102665409
34 0.39994658058069416 -0.12999999970000001 0.90029014193475942
35 0.59992313781562223 -0.12999999970000001 0.90028368694468497
36 0.79991114098276661 -0.12999999970000001 0.90025555672662816
37 0.99991053583178824 -0.12999999970000001 0.90021858476074146
38 1.1999176140636221 -0.12999999970000001 0.90018255989002172
39 1.3999278334807674 -0.12999999970000001 0.90015269703813083
40 1.5999372958410347 -0.12999999970000001 0.9001306486870263
41 1.7999433794021833 -0.12999999970000001 0.90011615183105353
42 1.9999449227903601 -0.12999999970000001 0.90010885467816748
43 2.1999411530143509 -0.12999999970000001 0.90011179186706125
44 0.19993838414240553 -0.12999999970000001 1.10035700423854
45 0.39989555149244843 -0.12999999970000001 1.1003995399686994
46 0.59986373355137634 -0.12999999970000001 1.100382189635192
47 0.79985326477927543 -0.12999999970000001 1.1003315494563868
48 0.9998613668923918 -0.12999999970000001 1.1002729390047272
49 1.1998803671044433 -0.12999999970000001 1.1002212138977596
50 1.3999024525956782 -0.12999999970000001 1.1001822801745134
51 1.5999214764084422 -0.12999999970000001 1.1001563891351043
52 1.7999334898645107 -0.12999999970000001 1.1001409334035912
53 1.9999370617618741 -0.12999999970000001 1.1001329565639257
54 2.1999313980360071 -0.12999999970000001 1.1001358552610687
55 0.19985361780698188 -0.12999999970000001 1.300504594570675
56 0.39979077842797794 -0.12999999970000001 1.3005722480185029
57 0.59975468240764784 -0.12999999970000001 1.3005260812430424
58 0.79975613789641742 -0.12999999970000001 1.300433773073828
59 0.99978504173734195 -0.12999999970000001 1.3003401810803517
60 1.1998270751941214 -0.12999999970000001 1.3002656716774459
61 1.3998702467688771 -0.12999999970000001 1.3002154728974615
62 1.5999060383544499 -0.12999999970000001 1.3001869079068464
63 1.7999290295052059 -0.12999999970000001 1.3001733624437637
64 1.9999372043259751 -0.12999999970000001 1.3001669031565177
65 2.1999277690393284 -0.12999999970000001 1.3001717700378823
66 0.19967577837898906 -0.12999999970000001 1.500754934677532
67 0.39959091079090769 -0.12999999970000001 1.5008376223787687
68 0.59956666313920903 -0.12999999970000001 1.5007232302663134
69 0.79960329595611779 -0.12999999970000001 1.5005584166889738
70 0.99967464273510687 -0.12999999970000001 1.5004125510238466
71 1.1997568105914747 -0.12999999970000001 1.5003081183803186
72 1.3998339883820512 -0.12999999970000001 1.5002460171734775
73 1.5998966647661701 -0.12999999970000001 1.5002183891786567
74 1.7999387883697338 -0.12999999970000001 1.5002130725565621
75 1.9999570577830925 -0.12999999970000001 1.5002143733573423
76 2.1999392246675966 -0.12999999970000001 1.500232426836144
77 0.19932303659022615 -0.12999999970000001 1.7011999395406046
78 0.39922916308640838 -0.12999999970000001 1.7012317723121002
79 0.59926256811303968 -0.12999999970000001 1.7009713677168505
80 0.79938092073014366 -0.12999999970000001 1.7006905017140357
81 0.99952905631508604 -0.12999999970000001 1.7004743839985554
82 1.1996736336486316 -0.12999999970000001 1.7003357581133114
83 1.3997995179512521 -0.12999999970000001 1.7002643422150912
84 1.5999003957727849 -0.12999999970000001 1.7002441169819957
85 1.7999731254777998 -0.12999999970000001 1.7002572474875102
86 2.0000132890134479 -0.12999999970000001 1.7002795428332087
87 2.1999767331541675 -0.12999999970000001 1.7003488248303029
88 0.19864412235800133 -0.12989324244473452 1.9020317508294489
89 0.3986095844595865 -0.12999999970000001 1.901777738437004
90 0.5988145796103389 -0.12999999970000001 1.9012390563687296
91 0.79909729529285789 -0.12999999970000001 1.9007958681149175
92 0.99936676648407852 -0.12999999970000001 1.9005010130252604
93 1.1995935656439183 -0.12999999970000001 1.9003323213793357
94 1.3997771145733549 -0.12999999970000001 1.9002589252108071
95 1.5999242942865557 -0.12999999970000001 1.9002557750113931
96 1.8000373269328374 -0.12999999970000001 1.9002980089066241
97 2.0001212592272717 -0.12999999970000001 1.9003616609490985
98 2.2000441698321596 -0.12999999970000001 1.9005909227845408
99 0.19754369468075228 -0.12020457913765346 2.1034130052350974
100 0.39763101646706622 -0.12975746047032169 2.1024068581678304
101 0.59827101768766755 -0.12999999970000001 2.1014339211038777
102 0.79883358191019482 -0.12999999970000001 2.1008188049885677
103 0.99925227578103026 -0.12999999970000001 2.1004660202225609
104 1.1995540216001912 -0.12999999970000001 2.1002863783953512
105 1.3997804980056645 -0.12999999970000001 2.1002223313035708
106 1.5999666923851894 -0.12999999970000001 2.1002437752974203
107 1.8001317924140363 -0.12999999970000001 2.1003321330009701
108 2.0002584852428251 -0.12999999970000001 2.1004338709394497
109 2.2001030522764538 -0.12982932492471883 2.1011072268587139
110 0.20000000981333999 -0.070000000300000004 2.2999999902088475
111 0.39661306960584969 -0.12018536528001481 2.302486331152295
112 0.5980103729670414 -0.12988594517256888 2.3013929082634998
113 0.79886109934567517 -0.12999999970000001 2.3007167203266126
114 0.99933207155530834 -0.12999999970000001 2.3003695732484695
115 1.1996236103481859 -0.12999999970000001 2.3002056543860245
116 1.3998443049038631 -0.12999999970000001 2.3001495668577112
117 1.6000739275525167 -0.12999999970000001 2.3001628320131244
118 1.8004090867378315 -0.12999999970000001 2.300216228328555
119 2.0010125126570038 -0.12973550507615131 2.3002396783637025
120 2.1999999980287788 -0.10000000179630636 2.299999998150521
frame 3
0 0.19990060889565864 -0.15999999940000001 0.30073796654131052
1 0.3998744726837572 -0.15999999940000001 0.30076150837284027
2 0.59983366017362383 -0.15999999940000001 0.30076090718527099
3 0.79979371430639412 -0.15999999940000001 0.30072987082236974
4 0.99976566669625222 -0.15999999940000001 0.30067472614168916
5 1.1997535431648205 -0.15999999940000001 0.30060777774637093
6 1.3997556836380305 -0.15999999940000001 0.30054084230425238
7 1.5997674517403624 -0.15999999940000001 0.30048283484096244
8 1.7997832151090736 -0.15999999940000001 0.3004402301192714
9 1.9997964989392252 -0.15999999940000001 0.30041854470321572
10 2.1997984831235557 -0.15999999940000001 0.30042444800049606
11 0.19989955452088651 -0.15999999940000001 0.50077531769318573
12 0.39986894113681326 -0.15999999940000001 0.50080025553872498
13 0.59983439852148601 -0.15999999940000001 0.50080182060297462
14 0.79980473881347502 -0.15999999940000001 0.50076715242708314
15 0.99978615615762023 -0.15999999940000001 0.50070515873267618
16 1.199779537717953 -0.15999999940000001 0.50063102241913282
17 1.3997820168915827 -0.15999999940000001 0.50055831866708422
18 1.5997890730366651 -0.15999999940000001 0.50049651794802619
19 1.7997961549441273 -0.15999999940000001 0.50045188923741024
20 1.9997993506400245 -0.15999999940000001 0.50042964746902185
21 2.1997944329160379 -0.15999999940000001 0.50043515681183703
22 0.19989510204268987 -0.15999999940000001 0.7008625331978533
23 0.3998445814843366 -0.15999999940000001 0.70090619985907276
24 0.59979563002533398 -0.15999999940000001 0.70090761934193968
25 0.79976220104803231 -0.15999999940000001 0.70086069208511625
26 0.9997482427780725 -0.15999999940000001 0.70078249815682236
27 1.1997502502859987 -0.15999999940000001 0.70069391536026204
28 1.3997610905785667 -0.15999999940000001 0.70061084740266288
29 1.5997732457228491 -0.15999999940000001 0.70054262645388621
30 1.7997808973343077 -0.15999999940000001 0.70049412920525278
31 1.9997806797617912 -0.15999999940000001 0.70046952050513334
32 2.1997696193985909 -0.15999999940000001 0.70047741784117035
33 0.19984554799258747 -0.15999999940000001 0.90101205989606703
34 0.39976737916743971 -0.15999999940000001 0.90109770392997091
35 0.5996975076925628 -0.15999999940000001 0.90109450943284086
36 0.7996594737969217 -0.15999999940000001 0.90101931035503902
37 0.99965560899030248 -0.15999999940000001 0.900908573059921
38 1.1996760108776934 -0.15999999940000001 0.90079375886784041
39 1.3997066065922659 -0.15999999940000001 0.90069405931976065
40 1.5997343187785944 -0.15999999940000001 0.90061739854420597
41 1.7997500631322905 -0.15999999940000001 0.90056484039595963
42 1.9997501417895056 -0.15999999940000001 0.90053678409977733
43 2.1997334029706184 -0.15999999940000001 0.90054427676917725
44 0.19971051470474951 -0.15999999940000001 1.1012507050556199
45 0.39959638845581152 -0.15999999940000001 1.1014004002969497
46 0.59950739905723593 -0.15999999940000001 1.1013769848635035
47 0.79947663332583907 -0.15999999940000001 1.1012463058599167
48 0.99950070573762584 -0.15999999940000001 1.1010792480859861
49 1.199559283916783 -0.15999999940000001 1.1009232779145499
50 1.3996283683002633 -0.15999999940000001 1.1008011394911845
51 1.5996870603241518 -0.15999999940000001 1.1007170779764941
52 1.7997211859580233 -0.15999999940000001 1.1006643677706081
53 1.9997259351807255 -0.15999999940000001 1.100634171842181
54 2.1997015695505797 -0.15999999940000001 1.100637008182505
55 0.19943022853876738 -0.15999999940000001 1.3016258916708265
56 0.39927276544474777 -0.15999999940000001 1.3018522121910054
57 0.59917887269665648 -0.15999999940000001 1.3017682204699557
58 0.79918473828982006 -0.15999999940000001 1.3015367734960199
59 0.99927093307810178 -0.15999999940000001 1.3012808437020025
60 1.1994004337040631 -0.15999999940000001 1.3010668547044149
61 1.3995367901097742 -0.15999999940000001 1.3009190826901831
62 1.5996501449400669 -0.15999999940000001 1.3008345712306932
63 1.7997196143167318 -0.15999999940000001 1.3007935214680186
64 1.9997372493390513 -0.15999999940000001 1.3007694109302947
65 2.1996988726588862 -0.15999999940000001 1.3007706634192828
66 0.19890974431401673 -0.15999999940000001 1.5022257137535215
67 0.39870994863863379 -0.15999999940000001 1.5025030895293876
68 0.59865277783628457 -0.15999999940000001 1.5022723062645533
69 0.79875333871075893 -0.15999999940000001 1.5018703834038478
70 0.99895724922072648 -0.15999999940000001 1.5014852240812337
71 1.1992042883818468 -0.15999999940000001 1.5011971546965071
72 1.3994463995731661 -0.15999999940000001 1.5010255167893256
73 1.5996474848526518 -0.15999999940000001 1.5009558399424405
74 1.7997801461148888 -0.15999999940000001 1.5009506998397317
75 1.9998285051701841 -0.15999999940000001 1.5009559097420142
76 2.1997609540622158 -0.15999999940000001 1.5009876622653429
77 0.19800074323036879 -0.15999999940000001 1.703219054104246
78 0.39779091333984568 -0.15999999940000001 1.7034041122053474
79 0.59787136487948966 -0.15999999940000001 1.7028653215765777
80 0.79817025149384802 -0.15999999940000001 1.7021999229646974
81 0.99857084123849515 -0.15999999940000001 1.7016456752831639
82 1.1989897871681179 -0.15999999940000001 1.70127450207743
83 1.3993781368033005 -0.15999999940000001 1.7010881323049984
84 1.5997043206967212 -0.15999999940000001 1.7010565079833955
85 1.7999414332823302 -0.15999999940000001 1.7011256756902717
86 2.0000595594645802 -0.15999999940000001 1.7012098376314844
87 2.1999303021917633 -0.15999999940000001 1.7013881265251884
88 0.19652377941376267 -0.15561016781005807 1.90487859094518
89 0.39638491237233014 -0.15999999940000001 1.9045629195573048
90 0.5968265637471929 -0.15999999940000001 1.9034599483509365
91 0.79748888807618401 -0.15999999940000001 1.9024399252404394
92 0.99817512980024992 -0.15999999940000001 1.901699846504586
93 1.1988045323365895 -0.15999999940000001 1.901254715422191
94 1.3993582731408103 -0.15999999940000001 1.9010705737278712
95 1.5998355855520392 -0.15999999940000001 1.9011034946077134
96 1.800221636954074 -0.15999999940000001 1.9012885457087936
97 2.0004865177511233 -0.15999999940000001 1.9015338455317228
98 2.2002286404677944 -0.15999999940000001 1.9021921174551855
99 0.19606938559537335 -0.12545630691165793 2.1057155831311087
100 0.39447577920718285 -0.1549003926856255 2.1057316661408314
101 0.59569615959550271 -0.15999999940000001 2.1038547160245491
102 0.79693019300144485 -0.15999999940000001 2.1024724338256608
103 0.9979381959571777 -0.15999999940000001 2.1015934643453322
104 1.1987416354562423 -0.15999999940000001 2.1011144285008965
105 1.3994113993289234 -0.15999999940000001 2.1009522163204268
106 1.6000177536714284 -0.15999999940000001 2.1010585889100977
107 1.8005992586370947 -0.15999999940000001 2.1013940990484343
108 2.0010855677220696 -0.15920236200945975 2.1018418990819887
109 2.200572508139675 -0.15475869870939093 2.1037776434309134
110 0.20000000805609644 -0.060000000400000003 2.2999999920605334
111 0.39442820587490784 -0.12534557772310076 2.3040876056240882
112 0.59534420478294692 -0.15551857272313332 2.3036834738657324
113 0.79708881397380171 -0.15999999940000001 2.3022259685172535
114 0.99819353585906778 -0.15999999940000001 2.3013445653492792
115 1.1989586419323082 -0.15999999940000001 2.3008853576303094
116 1.3996095198925664 -0.15999999940000001 2.3007252477352003
117 1.600348270644762 -0.15999999940000001 2.3007910139153962
118 1.8014543898607105 -0.15999999940000001 2.3010083677761211
119 2.003319779850572 -0.15411743479516696 2.301180963465403
120 2.1999999933169807 -0.10000000430016795 2.2999999937463618
frame 4
0 0.19966179339530851 -0.19999999900000001 0.30209529476697405
1 0.39960685355474196 -0.19999999900000001 0.30215944897271124
2 0.59951570324121883 -0.19999999900000001 0.30217517346576628
3 0.799420455683577 -0.19999999900000001 0.30212296683985784
4 0.99934672986456508 -0.19999999900000001 0.30201187259557977
5 1.1993063288185297 -0.19999999900000001 0.30186685616572784
6 1.3992984189259243 -0.19999999900000001 0.30171482385369158
7 1.5993145864097134 -0.19999999900000001 0.30157827879843285
8 1.7993430238061285 -0.19999999900000001 0.30147516611240005
9 1.9993689607757481 -0.19999999900000001 0.30142116266428082
10 2.1993720326089878 -0.19999999900000001 0.30143308965071641
11 0.19964373434547442 -0.19999999900000001 0.50216518319140202
12 0.39958329469500176 -0.19999999900000001 0.50223476718389115
13 0.59950993645094708 -0.19999999900000001 0.50225811687977095
14 0.79944223386359003 -0.19999999900000001 0.50220197800683852
15 0.99939452767557602 -0.19999999900000001 0.50207973050026333
16 1.1993705789435591 -0.19999999900000001 0.50192187567039037
17 1.3993658700147287 -0.19999999900000001 0.50175900169192189
18 1.5993717126752003 -0.19999999900000001 0.50161492418304998
19 1.7993788757194882 -0.19999999900000001 0.50150726677024171
20 1.9993792965591788 -0.19999999900000001 0.50145119329645949
21 2.1993644545483817 -0.19999999900000001 0.5014601833891319
22 0.19961545105117959 -0.19999999900000001 0.70232224361544549
23 0.3995215658174181 -0.19999999900000001 0.70243362097076412
24 0.59942588716921141 -0.19999999900000001 0.70246326689597383
25 0.79935653582877075 -0.19999999900000001 0.7023904053564024
26 0.99932297472719589 -0.19999999900000001 0.70224313644271108
27 1.1993197293852373 -0.19999999900000001 0.70206262077260972
28 1.3993331386544534 -0.19999999900000001 0.70188391900903102
29 1.5993480509014808 -0.19999999900000001 0.70173033576202792
30 1.799352831709657 -0.19999999900000001 0.70161625091782553
31 1.9993415106978782 -0.19999999900000001 0.70155452843014532
32 2.1993102038493455 -0.19999999900000001 0.70156555373197693
33 0.19948725223646685 -0.19999999900000001 0.90258398186358546
34 0.39934904381872594 -0.19999999900000001 0.9027830487266375
35 0.59922139512178429 -0.19999999900000001 0.90281519478533301
36 0.79914985667582195 -0.19999999900000001 0.9027007784612856
37 0.999141352600734 -0.19999999900000001 0.9025025427113692
38 1.1991783901504629 -0.19999999900000001 0.90228151768591269
39 1.3992332896582733 -0.19999999900000001 0.90207928264766024
40 1.5992790482616066 -0.19999999900000001 0.90191598529744321
41 1.7992970665799282 -0.19999999900000001 0.90179730630567378
42 1.9992812886376474 -0.19999999900000001 0.90172762962932895
43 2.199234640823601 -0.19999999900000001 0.90173072061571091
44 0.19918381257591036 -0.19999999900000001 1.1029917448130131
45 0.39899146573423971 -0.19999999900000001 1.1033162095992279
46 0.59884007549817997 -0.19999999900000001 1.1033284200070061
47 0.79879120147008464 -0.19999999900000001 1.1031299163289612
48 0.99884322030284212 -0.19999999900000001 1.1028430349714662
49 1.1989604647569843 -0.19999999900000001 1.1025591641362968
50 1.3990957824741117 -0.19999999900000001 1.1023279316678136
51 1.599205150059932 -0.19999999900000001 1.1021622182235673
52 1.7992582891556228 -0.19999999900000001 1.1020503478846866
53 1.9992465546129601 -0.19999999900000001 1.1019760553382623
54 2.1991803861419679 -0.19999999900000001 1.1019554640077289
55 0.19861260556190166 -0.19999999900000001 1.3036153487921978
56 0.39835957207094858 -0.19999999900000001 1.3040793525853833
57 0.59821411686173165 -0.19999999900000001 1.3040091702987515
58 0.79824219269605101 -0.19999999900000001 1.3036561029513387
59 0.99841813242784716 -0.19999999900000001 1.3032295145169388
60 1.198678869094534 -0.19999999900000001 1.3028582241426434
61 1.3989533571597186 -0.19999999900000001 1.3025988589376729
62 1.5991767791383111 -0.19999999900000001 1.3024515302785018
63 1.7993015806933805 -0.19999999900000001 1.302375947030848
64 1.9993099690982725 -0.19999999900000001 1.3023170998502063
65 2.1992108801891934 -0.19999999900000001 1.3022696901780759
66 0.19764823558584418 -0.19999999900000001 1.5045780942094531
67 0.3973413180396273 -0.19999999900000001 1.5051292489308274
68 0.59727174204653155 -0.19999999900000001 1.5048449280149623
69 0.79747252592878259 -0.19999999900000001 1.5042306691409755
70 0.99786664269449854 -0.19999999900000001 1.5036014625213019
71 1.1983549894054661 -0.19999999900000001 1.5031191372787926
72 1.3988449568262085 -0.19999999900000001 1.5028413988171503
73 1.5992535833542814 -0.19999999900000001 1.5027509854281202
74 1.7995109237975557 -0.19999999900000001 1.5027692248444156
75 1.9995741431281921 -0.19999999900000001 1.5027821140958348
76 2.1994117340042383 -0.19999999900000001 1.5027591912184226
77 0.196124301399071 -0.19883372025504226 1.7060995134328545
78 0.39580815144657866 -0.19999999900000001 1.7065162060848771
79 0.59596422981611785 -0.19999999900000001 1.7057798591423479
80 0.79649248566668318 -0.19999999900000001 1.7047659005295759
81 0.997225763185554 -0.19999999900000001 1.7038716788960702
82 1.1980305363788164 -0.19999999900000001 1.703262876847323
83 1.3988117373953812 -0.19999999900000001 1.7029840636168208
84 1.5994901255857152 -0.19999999900000001 1.703003383056015
85 1.7999754563539248 -0.19999999900000001 1.70320656714595
86 2.0001684250424518 -0.19999999900000001 1.7034128904927734
87 2.1998803219935299 -0.19999999900000001 1.703619904654265
88 0.19440207200492032 -0.18238578680477016 1.9079609284285843
89 0.39366125588663364 -0.19782854147190196 1.9082076787480298
90 0.59433512376094955 -0.19999999900000001 1.9066708102453707
91 0.79541949639417053 -0.19999999900000001 1.9051262983397999
92 0.99661298980771462 -0.19999999900000001 1.9039383997735728
93 1.19778444124484 -0.19999999900000001 1.9032104050009431
94 1.3988861254859495 -0.19999999900000001 1.9029498856172418
95 1.5998918878126176 -0.19999999900000001 1.903118376924168
96 1.8007447972333628 -0.19999999900000001 1.9036193802753349
97 2.0012179746334979 -0.19997967099153621 1.9042366200378475
98 2.2006770790001315 -0.19883682890223406 1.9052563351164193
99 0.19690196759634612 -0.13092257679043764 2.1057877191409711
100 0.39151736897353917 -0.18048557607856958 2.109223357860706
101 0.59269642727900562 -0.19775540202647876 2.1072062753344034
102 0.79460715370667989 -0.19999999900000001 2.1051439093244984
103 0.99629405203317145 -0.19999999900000001 2.1037271089519436
104 1.1977543410282712 -0.19999999900000001 2.1029284720241304
105 1.3990827577330547 -0.19999999900000001 2.1026956228419853
106 1.6003844915175469 -0.19999999900000001 2.1029917793468726
107 1.801723434622277 -0.19980179825668298 2.1037642463909401
108 2.0029376929333438 -0.19324034364032605 2.1050687540625352
109 2.2015538643779182 -0.1774605572538388 2.1074031051427227
110 0.20000001290912811 -0.060000000400000003 2.2999999874951151
111 0.39469649284506869 -0.13058513636850877 2.3036475427841387
112 0.59282214527253019 -0.18192092329186862 2.3063427735026898
113 0.79492485044251193 -0.19865423961102716 2.3047210083612706
114 0.9967591897930731 -0.19999999900000001 2.3032857543500205
115 1.1981546893086905 -0.19999999900000001 2.3024903976091537
116 1.3994501326326212 -0.19999999900000001 2.3022295777273429
117 1.6009969695525996 -0.19999999900000001 2.3024222730794102
118 1.8032885946423522 -0.19823247087166965 2.3029424400506686
119 2.0059600230301093 -0.17541891927561121 2.303218815911491
120 2.1999999860821111 -0.10000001008597481 2.2999999871374306
frame 5
0 0.199166858893148 -0.24999999850000001 0.3046397513789707
1 0.39908145973841846 -0.24999999850000001 0.30476833876512349
2 0.59893249624037082 -0.24999999850000001 0.30482829168702774
3 0.79876691837126212 -0.24999999850000001 0.30477938779640046
4 0.99862656909196046 -0.24999999850000001 0.30462726202239193
5 1.1985343447269792 -0.24999999850000001 0.30440702996811925
6 1.3984936587872587 -0.24999999850000001 0.30416175988728661
7 1.5984950043289101 -0.24999999850000001 0.30393116441185952
8 1.7985220801174313 -0.24999999850000001 0.30374976663681813
9 1.9985522604093939 -0.24999999850000001 0.30364923187025128
10 2.1985532244900647 -0.24999999850000001 0.30366183472057962
11 0.19911106627025379 -0.24999999850000001 0.50474247223001945
12 0.39902045156647625 -0.24999999850000001 0.50488050572708332
13 0.59890471339212603 -0.24999999850000001 0.5049560311773803
14 0.798790902827067 -0.24999999850000001 0.50490638157829582
15 0.9987017886626961 -0.24999999850000001 0.50474222867911578
16 1.1986451977652406 -0.24999999850000001 0.50450624466432625
17 1.3986164099234757 -0.24999999850000001 0.50424680776695008
18 1.5986039776800591 -0.24999999850000001 0.50400552937793675
19 1.7985954121322405 -0.24999999850000001 0.5038163250830936
20 1.9985800058230891 -0.24999999850000001 0.50371004980742218
21 2.1985470490075283 -0.24999999850000001 0.50371250125025746
22 0.19904290829906418 -0.24999999850000001 0.70496595950197483
23 0.39890893250435533 -0.24999999850000001 0.70516871732331277
24 0.59876926140200992 -0.24999999850000001 0.70526085288527718
25 0.79866361129206609 -0.24999999850000001 0.70519633923186109
26 0.99860594299850847 -0.24999999850000001 0.70500571768860842
27 1.1985886493564397 -0.24999999850000001 0.70474621160412998
28 1.3985916939332399 -0.24999999850000001 0.70447195350336611
29 1.598592793091657 -0.24999999850000001 0.70422273213700159
30 1.7985758023388996 -0.24999999850000001 0.70402628969244019
31 1.9985344927794289 -0.24999999850000001 0.70390924714895509
32 2.1984688900538849 -0.24999999850000001 0.703906663082284
33 0.19882026205330208 -0.24999999850000001 0.90532994657609178
34 0.39863081580508941 -0.24999999850000001 0.90566474981798462
35 0.59845671245688969 -0.24999999850000001 0.90577184263222466
36 0.79836075307248333 -0.24999999850000001 0.90566260160094281
37 0.998352109938072 -0.24999999850000001 0.90541482336599288
38 1.1984045979598223 -0.24999999850000001 0.90511311795414229
39 1.3984760354464554 -0.24999999850000001 0.90482009928348672
40 1.5985249518304396 -0.24999999850000001 0.90456913119064508
41 1.798523975399128 -0.24999999850000001 0.904372393692359
42 1.9984671169497181 -0.24999999850000001 0.90424192958637684
43 2.198369799047458 -0.24999999850000001 0.90421228646043617
44 0.1983358568421307 -0.24999999850000001 1.1058894939607131
45 0.39808113076954027 -0.24999999850000001 1.1064044913782325
46 0.59788967508935176 -0.24999999850000001 1.1064983734004075
47 0.79784335417915486 -0.24999999850000001 1.1062908885877356
48 0.99793899064266411 -0.24999999850000001 1.1059396662662244
49 1.1981241373203093 -0.24999999850000001 1.1055714864544888
50 1.3983266690449685 -0.24999999850000001 1.1052601912948654
51 1.5984773524498412 -0.24999999850000001 1.1050265265258934
52 1.7985289783121923 -0.24999999850000001 1.1048530687314206
53 1.9984695021467107 -0.24999999850000001 1.1047183329967991
54 2.1983323414976121 -0.24999999850000001 1.1046293404515846
55 0.19747680181160593 -0.24999999850000001 1.3067358706881709
56 0.39715173834343276 -0.24999999850000001 1.3074373836966926
57 0.59698872576031348 -0.24999999850000001 1.3074345657148585
58 0.79707150571669783 -0.24999999850000001 1.3070380603342782
59 0.99736509609191371 -0.24999999850000001 1.3065189221205715
60 1.1977797326057429 -0.24999999850000001 1.3060567997793777
61 1.398207259408375 -0.24999999850000001 1.3057374462711639
62 1.5985433817707482 -0.24999999850000001 1.3055618988248208
63 1.798709683771847 -0.24999999850000001 1.3054658437207289
64 1.9986723640428545 -0.24999999850000001 1.3053694557426709
65 2.1984719185503576 -0.24999999850000001 1.3052102002014379
66 0.19610729695345427 -0.24999999850000001 1.5080259661891662
67 0.39572274812496661 -0.24999999850000001 1.5088232178124119
68 0.59568217760336972 -0.24999999850000001 1.508549102046937
69 0.79602297227026009 -0.24999999850000001 1.5078253984960894
70 0.99664516438555328 -0.24999999850000001 1.5070565579961064
71 1.1974125503585336 -0.24999999850000001 1.5064717263899094
72 1.3981851674922632 -0.24999999850000001 1.5061652884652785
73 1.5988252933690081 -0.24999999850000001 1.5061154066003479
74 1.7992093552865969 -0.24999999850000001 1.5061968767906349
75 1.9992451557789419 -0.24999999850000001 1.5062523434167177
76 2.1989311865715075 -0.24999999850000001 1.5060985804592677
77 0.19414738014432587 -0.24359434602496838 1.7099386175609386
78 0.39367121685428297 -0.24945533462443178 1.7106101863538181
79 0.59393518232562803 -0.24999999850000001 1.7097586797437749
80 0.79472876694623173 -0.24999999850000001 1.708528704533961
81 0.99583667946281818 -0.24999999850000001 1.7074254842645757
82 1.1970802267401028 -0.24999999850000001 1.7066936643848327
83 1.3983154766527646 -0.24999999850000001 1.7064240922182561
84 1.5994036011747335 -0.24999999850000001 1.7065845815273735
85 1.8001703064590364 -0.24999999850000001 1.7069996008815176
86 2.000379138671359 -0.24999999850000001 1.7074492732180722
87 2.199851406616359 -0.24999999850000001 1.7076047997125947
88 0.19370700588741133 -0.20875396568775695 1.910282283211127
89 0.3910730924362158 -0.23990840283921405 1.9125530246231643
90 0.59181772878187455 -0.24897581379766084 1.9108713729054776
91 0.79334226183280976 -0.24999999850000001 1.9089717228303156
92 0.99508643831034049 -0.24999999850000001 1.9074880994979402
93 1.1968716031639481 -0.24999999850000001 1.9066056060152259
94 1.398618535535143 -0.24999999850000001 1.9063851065371986
95 1.6002641542185276 -0.24999999850000001 1.9068021497076255
96 1.8016728329908958 -0.24955125007304987 1.9077345147460343
97 2.0022737700379767 -0.24761508151743727 1.9090303515472071
98 2.2012661782373373 -0.24179636050052372 1.910165490500243
99 0.1990457079441684 -0.14283709863539024 2.1050662348801876
100 0.39019753160214071 -0.20508421649572545 2.111791699452322
101 0.58986528173845254 -0.23952537749560432 2.1112967797632622
102 0.79228705897054585 -0.24927223234298498 2.108938596308545
103 0.99471335916534476 -0.24999999850000001 2.1071483067051613
104 1.1969421884065896 -0.24999999850000001 2.1061534182967994
105 1.399097882895864 -0.24999999850000001 2.1059551693800125
106 1.6013299696711409 -0.24999999850000001 2.1065249541823698
107 1.80373655009884 -0.24673385977380866 2.1078027769491792
108 2.0053016424118728 -0.22566357624933961 2.1098501853177729
109 2.2018468071952304 -0.19380703612796621 2.1097266131487329
110 0.2000000256567333 -0.068750019223972045 2.2999999754326361
111 0.39615978503529659 -0.14207208595278106 2.3024450022645624
112 0.59181457828422102 -0.20737658489679625 2.3082936321653813
113 0.79272193899337584 -0.24260413172100206 2.3082030206473698
114 0.99530101537714311 -0.24999999850000001 2.3064791479427371
115 1.1974910748775913 -0.24999999850000001 2.3054534812489673
116 1.3996561585726357 -0.24999999850000001 2.3051709766349404
117 1.6023216798904594 -0.24961348869330349 2.3055358805266972
118 1.8059535354925531 -0.23887952365706061 2.3062410881924902
119 2.0065074564945702 -0.18961714359803861 2.3051465427826479
120 2.1999999775380026 -0.10000001867694058 2.2999999797873185
frame 6
0 0.19836167753329506 -0.30999999789999999 0.30886410657417368
1 0.39824961992961788 -0.30999999789999999 0.30906949277070583
2 0.59804945108636143 -0.30999999789999999 0.30919822937508501
3 0.79781590999977381 -0.30999999789999999 0.3091883428339095
4 0.9976023117776236 -0.30999999789999999 0.30903537841552775
5 1.1974415337730662 -0.30999999789999999 0.30877682451467425
6 1.3973433391915806 -0.30999999789999999 0.30846573817565265
7 1.5973013618172038 -0.30999999789999999 0.30815569774813728
8 1.7973001266592075 -0.30999999789999999 0.30789753507183598
9 1.9973149343519447 -0.30999999789999999 0.30774155665190134
10 2.1973078730996738 -0.30999999789999999 0.30774045451846999
11 0.19825839021905847 -0.30999999789999999 0.50900791052559335
12 0.39813729616495702 -0.30999999789999999 0.50922092504625072
13 0.5979821746638595 -0.30999999789999999 0.50937182549004167
14 0.7978234570331405 -0.30999999789999999 0.50936567102590313
15 0.99768884838016803 -0.30999999789999999 0.50920276041447776
16 1.1975888183810712 -0.30999999789999999 0.50892900198490576
17 1.3975191387739969 -0.30999999789999999 0.50860335961190595
18 1.5974679182801623 -0.30999999789999999 0.50828113764022231
19 1.7974227127802349 -0.30999999789999999 0.50801173362284535
20 1.9973741427117948 -0.30999999789999999 0.50784372775117081
21 2.1973149212873899 -0.30999999789999999 0.5078188421143629
22 0.19815743861140631 -0.30999999789999999 0.70931735973752119
23 0.39798097631349127 -0.30999999789999999 0.70960764026313117
24 0.59780193661386094 -0.30999999789999999 0.70978177928656194
25 0.79766529688954901 -0.30999999789999999 0.70976306259671051
26 0.99758499457650096 -0.30999999789999999 0.70957551267236529
27 1.1975489222581082 -0.30999999789999999 0.70928208899358924
28 1.3975304151231129 -0.30999999789999999 0.7089474776378657
29 1.5975013674525702 -0.30999999789999999 0.70862276828921089
30 1.7974432872328858 -0.30999999789999999 0.70834734751909123
31 1.9973526156979622 -0.30999999789999999 0.70816219308317785
32 2.1972400642615777 -0.30999999789999999 0.70811542902224889
33 0.19786771129735145 -0.30999999789999999 0.9098139613405245
34 0.39762205528248656 -0.30999999789999999 0.91026751589351673
35 0.59740876596108072 -0.30999999789999999 0.9104617209847321
36 0.79730001748443513 -0.30999999789999999 0.91039405311429911
37 0.99730029830692246 -0.30999999789999999 0.91014704298727278
38 1.1973707344697468 -0.30999999789999999 0.90981627112924146
39 1.3974535629835751 -0.30999999789999999 0.90947485045024501
40 1.5974936191324225 -0.30999999789999999 0.90916283982999191
41 1.797455851687185 -0.30999999789999999 0.90889655633170929
42 1.9973352758989744 -0.30999999789999999 0.90869488337849524
43 2.1971674644181372 -0.30999999789999999 0.90859156898863713
44 0.19724753745880075 -0.30999999789999999 1.1105722011747743
45 0.39692024455905323 -0.30999999789999999 1.1112462236124419
46 0.5966982245075364 -0.30999999789999999 1.1114203952036004
47 0.79667394510459544 -0.30999999789999999 1.1112354695473239
48 0.9968320956125245 -0.30999999789999999 1.1108732730788877
49 1.1970971450194958 -0.30999999789999999 1.1104797291215138
50 1.3973701273982884 -0.30999999789999999 1.1101392695704215
51 1.5975572397944653 -0.30999999789999999 1.1098726113952049
52 1.7975940322057049 -0.30999999789999999 1.1096553437746024
53 1.9974614228372967 -0.30999999789999999 1.1094608933416081
54 2.1972232378409182 -0.30999999789999999 1.1092578461456211
55 0.19615197672280213 -0.30999999789999999 1.3117215656145118
56 0.39573467877649005 -0.30999999789999999 1.3126109797786154
57 0.59556604309197225 -0.30999999789999999 1.312647970814222
58 0.79573425497768724 -0.30999999789999999 1.3122266518110648
59 0.99617853573181958 -0.30999999789999999 1.3116680233239373
60 1.1967727283331364 -0.30999999789999999 1.3111802189430923
61 1.3973688845064116 -0.30999999789999999 1.3108596651292643
62 1.5978242365277435 -0.30999999789999999 1.3106990154458666
63 1.7980274456199716 -0.30999999789999999 1.3106141817790984
64 1.9979165895910473 -0.30999999789999999 1.3105095569130929
65 2.1975706014771923 -0.30999999789999999 1.3102037634876775
66 0.19441211471190842 -0.30864720460642442 1.5134840662076652
67 0.3939061190378505 -0.30999999789999999 1.5144490100229286
68 0.59391280822793169 -0.30999999789999999 1.5141042879609261
69 0.79444497780198642 -0.30999999789999999 1.513262155291504
70 0.9953523757387458 -0.30999999789999999 1.5124001141224077
71 1.1964467609507066 -0.30999999789999999 1.5117814360402002
72 1.3975362154554429 -0.30999999789999999 1.511510208760978
73 1.5984310002887625 -0.30999999789999999 1.5115492018580903
74 1.7989475981375131 -0.30999999789999999 1.5117436275274201
75 1.9989188497217114 -0.30999999789999999 1.5119295160569666
76 2.1983888960835558 -0.30999999789999999 1.5116492469714895
77 0.19244582497044466 -0.2898094142592923 1.7154501345256725
78 0.39129316946351689 -0.30544549939285104 1.7167934896377641
79 0.59166524466633597 -0.30967514274657437 1.7156827486861537
80 0.79281960244106819 -0.30999999789999999 1.7141785520749238
81 0.99440598796352853 -0.30999999789999999 1.7128978673552422
82 1.1961772183779498 -0.30999999789999999 1.7121124226099198
83 1.3979336780653968 -0.30999999789999999 1.7119196084092618
84 1.5994755369758182 -0.30999999789999999 1.7122661936695578
85 1.8005427457599592 -0.30999999789999999 1.7129699588811005
86 2.0006823595616061 -0.30933270865189827 1.7138506101865114
87 2.1998116151714862 -0.30779710670056337 1.7140134958264821
88 0.19476966781830049 -0.23395549295431728 1.9125651128728587
89 0.38874798043262188 -0.2812477719220654 1.9183414994127146
90 0.5889056267088868 -0.30336942126144545 1.9170413983696628
91 0.79099330558180958 -0.30955084861169885 1.9147370006331474
92 0.99348509432558552 -0.30999999789999999 1.9129702098478825
93 1.1960520971227475 -0.30999999789999999 1.9120022133159067
94 1.398580046144754 -0.30999999789999999 1.9118900012419078
95 1.6009748534939507 -0.30995764327033803 1.9125944128692749
96 1.8029408310565382 -0.30603967987383845 1.9139937587465585
97 2.0035382918569096 -0.29822344236302151 1.9161997647107551
98 2.2015081710676192 -0.28218324490091345 1.916522971648233
99 0.20137236516428891 -0.15657681881169933 2.1059471719963336
100 0.39004363325397889 -0.22747128355192628 2.1143182171648767
101 0.58703128872731047 -0.28012659852232163 2.1165227249554812
102 0.78947445274791839 -0.30450576551501168 2.1145664473192429
103 0.99295080341301112 -0.30993841019880508 2.1124616767887572
104 1.1962539593629773 -0.30999999789999999 2.1113382351076564
105 1.3995169012153825 -0.30999999789999999 2.1112287419042253
106 1.6029644176794513 -0.30848563561682263 2.1120406681233694
107 1.806503012953687 -0.29565525427284056 2.1137268750419267
108 2.0063915445488396 -0.25237917462230991 2.1144628451043017
109 2.1995998567744852 -0.20523626741089718 2.1094551175981024
110 0.20000003784834314 -0.068750033836198002 2.2999999646137903
111 0.39672856463619294 -0.15498459530608558 2.3018721151730008
112 0.59201035734872853 -0.2310287163982174 2.3096554441105135
113 0.79043608035599378 -0.28671518711362048 2.3127941640767542
114 0.99353714013370853 -0.30759208023965701 2.3114331891629063
115 1.1969306195590426 -0.30999999789999999 2.3102656522141962
116 1.4003763357658459 -0.30999999789999999 2.3100012721680705
117 1.6045570559219331 -0.30497657020391283 2.310435906474694
118 1.8083583817625244 -0.27455331642119912 2.3104788803103569
119 2.0039296971506793 -0.19879693226675513 2.3051510500178689
120 2.1999999675552635 -0.10000002963900019 2.2999999717738717
frame 7
0 0.19724627239817252 -0.37999999719999999 0.31548624436679928
1 0.3971084601266418 -0.37999999719999999 0.3157625896133705
2 0.59686512177114903 -0.37999999719999999 0.31596314700998318
3 0.79657407553857795 -0.37999999719999999 0.31601023324360478
4 0.99629384467766768 -0.37999999719999999 0.31588727671326383
5 1.1960627738304337 -0.37999999719999999 0.31562751188407284
6 1.3958956289950641 -0.37999999719999999 0.31528558901896397
7 1.5957910853422201 -0.37999999719999999 0.31492142236708803
8 1.7957390487374882 -0.37999999719999999 0.31459739498765954
9 1.9957197832176086 -0.37999999719999999 0.31438137520788828
10 2.1956988610480299 -0.37999999719999999 0.31435108495248848
11 0.19710704660573314 -0.37999999719999999 0.51569267391655815
12 0.39694776698937745 -0.37999999719999999 0.515966327811342
13 0.59675256079942429 -0.37999999719999999 0.51619167612610317
14 0.79655149562916339 -0.37999999719999999 0.51624464166752371
15 0.99637365597342142 -0.37999999719999999 0.51611319571736225
16 1.1962292026884385 -0.37999999719999999 0.51583947453593182
17 1.3961129979283258 -0.37999999719999999 0.51548395185726537
18 1.5960129591843644 -0.37999999719999999 0.51510742988492042
19 1.7959182105537013 -0.37999999719999999 0.51476938813104656
20 1.9958238159177135 -0.37999999719999999 0.51453367194512267
21 2.1957318660352052 -0.37999999719999999 0.51446031315904939
22 0.19700237600892187 -0.37999999719999999 0.71613989825590429
23 0.39676589262054485 -0.37999999719999999 0.71649261416991827
24 0.59653974941803034 -0.37999999719999999 0.71673959021544698
25 0.79637130642776754 -0.37999999719999999 0.71677543662982901
26 0.99627092723430843 -0.37999999719999999 0.71661600679218784
27 1.1962188508873346 -0.37999999719999999 0.71632307885290913
28 1.3961797313060131 -0.37999999719999999 0.71596270508815396
29 1.5961184016526198 -0.37999999719999999 0.71558913670538971
30 1.7960127900871976 -0.37999999719999999 0.71524803146052807
31 1.9958619881648343 -0.37999999719999999 0.71498972509870906
32 2.1956923777840887 -0.37999999719999999 0.71487021455928235
33 0.19668898437549442 -0.37999999719999999 0.91684902253298239
34 0.39635950180524643 -0.37999999719999999 0.91738715283440275
35 0.59609279255199454 -0.37999999719999999 0.91764592361117903
36 0.79596943026187017 -0.37999999719999999 0.91761572828027926
37 0.99598460952399637 -0.37999999719999999 0.9173843470527957
38 1.1960822584500528 -0.37999999719999999 0.91705159564875172
39 1.3961859921605049 -0.37999999719999999 0.91669185473542292
40 1.5962244283076679 -0.37999999719999999 0.91634463477783701
41 1.7961505995781339 -0.37999999719999999 0.9160268055432701
42 1.9959565502649723 -0.37999999719999999 0.91575602585471239
43 2.1957011445013364 -0.37999999719999999 0.91554765215182721
44 0.19597613858357768 -0.37999999719999999 1.1179166893219281
45 0.39553791789672427 -0.37999999719999999 1.118709586871476
46 0.59526573398365645 -0.37999999719999999 1.1189212114805405
47 0.7952637990950846 -0.37999999719999999 1.1187341730743434
48 0.99549776137741797 -0.37999999719999999 1.1183597472350166
49 1.1958620806544793 -0.37999999719999999 1.1179560325353728
50 1.396226758397886 -0.37999999719999999 1.117608334436248
51 1.5964699438459151 -0.37999999719999999 1.1173322438401216
52 1.7965020386539396 -0.37999999719999999 1.117098754345919
53 1.9962876497984083 -0.37999999719999999 1.1168659437696762
54 2.1959211604575173 -0.37999999719999999 1.1165284162645184
55 0.19466189767323799 -0.37999999719999999 1.319523779085735
56 0.39410123181128093 -0.37999999719999999 1.320550944291891
57 0.5939048470236975 -0.37999999719999999 1.3205527385203226
58 0.79416746623506251 -0.37999999719999999 1.3200514696813639
59 0.99479057235755297 -0.37999999719999999 1.3194296835757435
60 1.1956001334542579 -0.37999999719999999 1.3189147646557031
61 1.396402468885378 -0.37999999719999999 1.3186020393272868
62 1.597012464451715 -0.37999999719999999 1.3184747300786792
63 1.7972723299871336 -0.37999999719999999 1.3184453160209026
64 1.9970775405764258 -0.37999999719999999 1.3183921119790216
65 2.1965448731258066 -0.37999999719999999 1.3179539966382345
66 0.19260961268881174 -0.37252261025798328 1.5218664358692195
67 0.39182870930399488 -0.37836770070475673 1.5230212161161492
68 0.59185092977050102 -0.37999999719999999 1.5224869603436999
69 0.79260375538469108 -0.37999999719999999 1.5214281691088596
70 0.99385415610719907 -0.37999999719999999 1.5204216713973255
71 1.1953407878704567 -0.37999999719999999 1.5197484603529565
72 1.396808639942402 -0.37999999719999999 1.519504040268574
73 1.5980119559809451 -0.37999999719999999 1.5196408332653186
74 1.7986851504368089 -0.37999999719999999 1.5200222309746234
75 1.9985614739721238 -0.37999999719999999 1.5204607429836623
76 2.1977530050096967 -0.37965231268335198 1.5201303921095637
77 0.19183969307744964 -0.33372844166753896 1.72221549971259
78 0.38883228047955576 -0.36318715576655791 1.7257159711517287
79 0.58897461885178548 -0.37618004218319201 1.7245425555374982
80 0.79053618946366622 -0.37985247091248353 1.7226413958746367
81 0.99271832245146985 -0.37999999719999999 1.7211034282665392
82 1.1951391198600925 -0.37999999719999999 1.7202262495398393
83 1.3975241154838383 -0.37999999719999999 1.7200852018849451
84 1.5995961740649818 -0.37999152625929161 1.7206089355044734
85 1.8009791210638662 -0.37842861899204494 1.7217184038908819
86 2.0009644485820326 -0.3749471928361669 1.7232161017988734
87 2.1995567094704076 -0.36827959621953843 1.7233055210623223
88 0.19753580151147881 -0.25883060257560353 1.9150212631395669
89 0.38771727900126651 -0.31862625364834751 1.9249716657554405
90 0.58581201231056323 -0.35785025291515354 1.9256368171507512
91 0.78809238920554903 -0.375588987919939 1.9233071463700551
92 0.9915262566208729 -0.37992207418735074 1.9211970888824346
93 1.195106310499799 -0.37999999719999999 1.9200918972826759
94 1.3986306901451493 -0.37999999719999999 1.9200405658613531
95 1.6019536904840666 -0.37767707741520035 1.9209892850530139
96 1.804346876794483 -0.36541580783965832 1.9227428016959482
97 2.0044199074336833 -0.34570060354352417 1.9251067359512855
98 2.2002407623247136 -0.31567462002609958 1.922343052412737
99 0.20491141544568567 -0.17003746490708357 2.1070282736481656
100 0.39136105175956809 -0.24830515779458442 2.1169215462008126
101 0.58537822399444972 -0.31629657412313295 2.1223715973201096
102 0.78628601960605882 -0.36037492053205272 2.1224808860998294
103 0.99071811188206271 -0.3772167018814474 2.1204276098949957
104 1.1954750189319248 -0.37999999719999999 2.1191398417710134
105 1.4002170229539921 -0.37925910093671189 2.1190297167562391
106 1.6051505252368152 -0.37136900290199421 2.1199349826459408
107 1.8087604212485313 -0.34039460805493732 2.1211520376877826
108 2.0045295171836801 -0.2737551373070034 2.1173917297329754
109 2.1944851363042854 -0.21625682364453622 2.1079284278247741
110 0.20000005099224927 -0.068750049740264829 2.2999999538938458
111 0.39809421576761933 -0.16710313338599078 2.3011730643220654
112 0.59362938066087234 -0.25358343939921812 2.3109574974028941
113 0.78926523667867821 -0.32692440593567301 2.3181083948409325
114 0.99145451589045097 -0.36795451975584759 2.3186834861498062
115 1.1963497996470933 -0.3785756196563797 2.3175357258829608
116 1.4015823715464999 -0.37731879492221515 2.31717938734776
117 1.6071354450654032 -0.35913042972847586 2.317208620739954
118 1.8079496060260187 -0.30184841932364986 2.3143834939712185
119 1.9996324252204616 -0.20781190523260631 2.3033521726729576
120 2.1999999554118221 -0.10000004339571153 2.2999999625784993
frame 8
0 0.1958337342842065 -0.4599999964 0.32545372007451812
1 0.39566541467451904 -0.4599999964 0.3257796783338881
2 0.59537936226620425 -0.4599999964 0.3260280538721822
3 0.79503840444538032 -0.4599999964 0.32611478625629176
4 0.99470373393118383 -0.4599999964 0.32601522832793028
5 1.1944151004858492 -0.4599999964 0.32575783848663042
6 1.3941886073569292 -0.4599999964 0.32539511962566781
7 1.5940256356939104 -0.4599999964 0.32498845651110192
8 1.7939209869117008 -0.4599999964 0.32460732913659768
9 1.9938623999152623 -0.4599999964 0.32433395297172707
10 2.1938247553469941 -0.4599999964 0.32427325327754247
11 0.19568552206564838 -0.4599999964 0.5257453457789405
12 0.39547665348017219 -0.4599999964 0.52605293448576573
13 0.59523559493626843 -0.4599999964 0.52632517808840684
14 0.79499234231389826 -0.4599999964 0.52641606426899779
15 0.99477658300359206 -0.4599999964 0.52630616396753727
16 1.1945961168921941 -0.4599999964 0.52603387555451098
17 1.3944423391155654 -0.4599999964 0.52565769600401646
18 1.5943002897392609 -0.4599999964 0.52523919659954821
19 1.7941582859588026 -0.4599999964 0.52484321818360635
20 1.9940153017872462 -0.4599999964 0.52454396003538584
21 2.1938857591825056 -0.4599999964 0.52441844078037303
22 0.19560714414422897 -0.4599999964 0.72638463458929037
23 0.39528914548867689 -0.4599999964 0.72676860488391748
24 0.59500139804838792 -0.4599999964 0.72705360394831986
25 0.79479515456529959 -0.4599999964 0.72711487235795758
26 0.99467672468997448 -0.4599999964 0.72696571649451625
27 1.1946171657642786 -0.4599999964 0.72666755676257289
28 1.3945699671824963 -0.4599999964 0.72628545297947111
29 1.5944889948914192 -0.4599999964 0.72587377336937287
30 1.7943432898035767 -0.4599999964 0.72548081083630267
31 1.9941306927449363 -0.4599999964 0.72515855409603458
32 2.1938942162663815 -0.4599999964 0.72496255542528898
33 0.1952930103446231 -0.4599999964 0.92739227302696947
34 0.39484927388135976 -0.4599999964 0.9279790293577258
35 0.59450754099503678 -0.4599999964 0.92825594709536929
36 0.79435980260227468 -0.4599999964 0.92822104022186724
37 0.99439176453761946 -0.4599999964 0.92797445301213433
38 1.1945286225785903 -0.4599999964 0.92762185831003696
39 1.3946725864913205 -0.4599999964 0.92723832802259121
40 1.5947305390394302 -0.4599999964 0.926863504439568
41 1.7946346507174455 -0.4599999964 0.92651467114857322
42 1.9943663259732869 -0.4599999964 0.9261966925883931
43 2.1940060843484281 -0.4599999964 0.9258878732060658
44 0.19449357221335065 -0.4599999964 1.1288918879777587
45 0.39390634508487027 -0.4599999964 1.1297536236970971
46 0.59355825526825168 -0.4599999964 1.1299390747305869
47 0.79356867051194624 -0.4599999964 1.1296901455852697
48 0.99388385992238359 -0.4599999964 1.1292555273962932
49 1.1943662611314481 -0.4599999964 1.1288072317922211
50 1.3948515196424842 -0.4599999964 1.1284330320760145
51 1.5951819823441604 -0.4599999964 1.1281507711431966
52 1.795229316037672 -0.4599999964 1.1279343422607933
53 1.9949313861535884 -0.4599999964 1.1277097911723788
54 2.1944094272693198 -0.4599999964 1.1272663255064923
55 0.19296272858658561 -0.45822117327492939 1.331118891083459
56 0.39219946597035776 -0.45963750430354627 1.3321993056180799
57 0.5919412722498294 -0.4599999964 1.3320786487506511
58 0.79229061953322366 -0.4599999964 1.3314163593843023
59 0.99310656905621242 -0.4599999964 1.3306642606832788
60 1.1941621642512947 -0.4599999964 1.3300684966766603
61 1.3952126363158361 -0.4599999964 1.3297266700202579
62 1.5960186866148163 -0.4599999964 1.3296317573540477
63 1.7963540357928676 -0.4599999964 1.329713693040985
64 1.9960626179620125 -0.4599999964 1.3297977011762394
65 2.1953022453453892 -0.4599999964 1.3293001169101106
66 0.19105436562121492 -0.43690752953283263 1.5334637689226243
67 0.38954166564173409 -0.45140280238519181 1.5353075353993151
68 0.5894322161948784 -0.45814785579172485 1.534584628286261
69 0.79039471844084674 -0.4599999964 1.5332139783797487
70 0.99202172406864908 -0.4599999964 1.5319772646833782
71 1.193954876530112 -0.4599999964 1.5311763641272262
72 1.3958653712486893 -0.4599999964 1.5309016260649837
73 1.5974295668314333 -0.4599999964 1.5311338737682447
74 1.798264314571794 -0.4595670758117143 1.5318003829392186
75 1.9979894255190078 -0.45835927210831051 1.5326197119772935
76 2.1968238120093679 -0.45587533811307795 1.5323333472336673
77 0.1932964391543005 -0.37445599280370179 1.7294067591578128
78 0.38718078502618308 -0.41803730896813673 1.736924128163553
79 0.58608256627569055 -0.44478052826148851 1.7368521005413613
80 0.78779112006235319 -0.45696864368009921 1.7347555324680355
81 0.99063212467877804 -0.4599999964 1.7328824501955244
82 1.1938132037760363 -0.4599999964 1.7318238492298468
83 1.3969443007679383 -0.4599999964 1.7316512428414101
84 1.5996342486166351 -0.45814651178812921 1.7323437463447016
85 1.8012863391505738 -0.45190179494239774 1.7339214511109056
86 2.000939655157536 -0.44161036472269272 1.7358468359574226
87 2.198484500218516 -0.42516735879530088 1.7348380935732692
88 0.20206133757587866 -0.284004284200085 1.917900755265157
89 0.3890250837112556 -0.35214494689244213 1.9316675287933505
90 0.58378007401366516 -0.40799353120846371 1.9360015550096534
91 0.78489715632289525 -0.44308525143299204 1.9351385198219586
92 0.98909950500500476 -0.45722157345781261 1.9329594392500109
93 1.1939098991677277 -0.45992295714956904 1.9316303201603275
94 1.3986836311106194 -0.45855559919410943 1.9315115828331575
95 1.6030246439109692 -0.44927521505769419 1.9325452895248376
96 1.8051478931094529 -0.42258147260308471 1.933786270487768
97 2.0034050856655758 -0.38646608880458672 1.9339628657876979
98 2.1960120034938919 -0.34330100753745435 1.9259707556316954
99 0.21013951870431871 -0.18331613112305994 2.1080807851684207
100 0.39450801491667503 -0.26831413834543089 2.1195838641180487
101 0.58610663035794286 -0.34818920431368239 2.128249470667869
102 0.7839629243340307 -0.4119433189527964 2.1322391653885031
103 0.98813877891345814 -0.44688474544606716 2.1315956349246505
104 1.1945119271345028 -0.45726845922129411 2.1302648417482142
105 1.4011019725806499 -0.45402058716548443 2.1299473400618734
106 1.607155961513296 -0.43243497023258404 2.1304120274243448
107 1.8083551503201429 -0.37791464268165159 2.1287505146662924
108 1.999515425447987 -0.29262995493764599 2.1187850561451254
109 2.1875940474352289 -0.23005149811304723 2.1072481791561692
110 0.20000006567848877 -0.068750068949251994 2.299999943057534
111 0.40068388338960736 -0.17853791592259524 2.3001048839206915
112 0.59682931249799154 -0.27544184327093107 2.3124866134244253
113 0.79048171079725082 -0.36241615430458807 2.3236239167621897
114 0.9898439170091653 -0.42498967938851784 2.3281848326675529
115 1.1956895496218523 -0.44993735032714882 2.327871723584364
116 1.403006296410843 -0.44514061225201518 2.3271323043807408
117 1.6080692752158721 -0.40544843974432498 2.325310690807231
118 1.8035373311659841 -0.32332998805813556 2.316882249215888
119 1.99516577473057 -0.21942748412397797 2.3011878582606036
120 2.1999999411031683 -0.10000006055486717 2.2999999525834185
frame 9
0 0.19410341074368764 -0.54999999550000001 0.33984104080919414
1 0.39389790420381066 -0.54999999550000001 0.34018351789505696
2 0.59356490521241367 -0.54999999550000001 0.3404331632163406
3 0.79317851783587168 -0.54999999550000001 0.3405097888155374
4 0.99280379398916729 -0.54999999550000001 0.34038872666601516
5 1.1924801879528391 -0.54999999550000001 0.34009878940712446
6 1.3922215964203746 -0.54999999550000001 0.33969338366367163
7 1.5920270081312375 -0.54999999550000001 0.33923704129367394
8 1.7918903629056133 -0.54999999550000001 0.33880564264172042
9 1.9918030689461832 -0.54999999550000001 0.33849137246321948
10 2.1917496543980319 -0.54999999550000001 0.33842332776465495
11 0.19398042345188315 -0.54999999550000001 0.54023069924928235
12 0.3937141809782807 -0.54999999550000001 0.54053819300174011
13 0.59342327477910783 -0.54999999550000001 0.54080843255942268
14 0.79313966414023207 -0.54999999550000001 0.54088428412567102
15 0.99289439916604572 -0.54999999550000001 0.54074779988023036
16 1.1926923478345237 -0.54999999550000001 0.54043928678976239
17 1.3925193799977325 -0.54999999550000001 0.5400189643295803
18 1.5923538410189619 -0.54999999550000001 0.53955175049931148
19 1.7921783505950164 -0.54999999550000001 0.53910756923311764
20 1.9919921970413026 -0.54999999550000001 0.53876520702621833
21 2.191821435270926 -0.54999999550000001 0.5386115905147475
22 0.19394976976134407 -0.54999999550000001 0.74109668068368328
23 0.39353709786946134 -0.54999999550000001 0.74147631712444573
24 0.59318005356487735 -0.54999999550000001 0.74174454868257078
25 0.79293450026986001 -0.54999999550000001 0.74177392959124933
26 0.99280236934306065 -0.54999999550000001 0.741583192832723
27 1.192745520029183 -0.54999999550000001 0.74123828623877952
28 1.3927052417255659 -0.54999999550000001 0.74080772531215588
29 1.5926207540111403 -0.54999999550000001 0.74035102218974003
30 1.7924461692940314 -0.54999999550000001 0.73992073013798298
31 1.9921732886494277 -0.54999999550000001 0.7395624857140275
32 2.1918594364153816 -0.54999999550000001 0.73932071092974838
33 0.19363914109254834 -0.54999999550000001 0.94246790476519027
34 0.39306228810965627 -0.54999999550000001 0.94305636476679855
35 0.59263537817727641 -0.54999999550000001 0.94328514906086069
36 0.7924595999769446 -0.54999999550000001 0.94318234096583942
37 0.99251012457543197 -0.54999999550000001 0.94286447972362031
38 1.1926941882756772 -0.54999999550000001 0.94244528320715459
39 1.3928925359465891 -0.54999999550000001 0.94200579490637382
40 1.5929858939887416 -0.54999999550000001 0.94159573631062687
41 1.7928773549620116 -0.54999999550000001 0.94123870010783717
42 1.9925323910291346 -0.54999999550000001 0.94091484071073106
43 2.1920492368167439 -0.54999999550000001 0.94055167306776344
44 0.19275407560290456 -0.54990782955655759 1.1445084526519345
45 0.39198912100706923 -0.54999999550000001 1.1453538103451011
46 0.59155099147792589 -0.54999999550000001 1.1454265319650956
47 0.79156770164977608 -0.54999999550000001 1.1450469979042521
48 0.99196388480153108 -0.54999999550000001 1.1444934283856649
49 1.1925711445188327 -0.54999999550000001 1.1439480630138774
50 1.3931913481654714 -0.54999999550000001 1.1435073878078521
51 1.5936241333452779 -0.54999999550000001 1.1432107844088353
52 1.7936895030747242 -0.54999999550000001 1.143047672761345
53 1.9932972827205366 -0.54999999550000001 1.1428915586106783
54 2.1925929498045256 -0.54999999550000001 1.1424144523617965
55 0.19113541010171761 -0.54093781713949241 1.3473604551881608
56 0.39004310466104142 -0.54640842285692048 1.3484567181923237
57 0.58966814719440241 -0.54928069233765886 1.3481217595524095
58 0.79008664631539294 -0.54999999550000001 1.347229744232936
59 0.99109400117547342 -0.54999999550000001 1.3462900948393184
60 1.1924044608561266 -0.54999999550000001 1.3455563020982937
61 1.3937204675361226 -0.54999999550000001 1.3451347917677718
62 1.5947357011837575 -0.54999999550000001 1.3450660146048881
63 1.7951321427940419 -0.54999999550000001 1.3453208878466121
64 1.9947058863404921 -0.54968377460702444 1.3456179789211531
65 2.1936766077668941 -0.54887350996870465 1.3451628206718638
66 0.19068655495023518 -0.49791419454621355 1.5475295060979861
67 0.38753224741113435 -0.52428983745767987 1.5514596132718896
68 0.58678826806702533 -0.54064469924953984 1.5510902311643506
69 0.7878208139473154 -0.54821311560259933 1.5494791543158861
70 0.98982851724440879 -0.54999999550000001 1.5479732627543592
71 1.1922382597487804 -0.54999999550000001 1.5469860579685042
72 1.3946277436052714 -0.54999999550000001 1.5466153089377361
73 1.5965689535130245 -0.54912206160017885 1.5469383531663348
74 1.7975173471162302 -0.54625994201777639 1.5479753592453591
75 1.9969847101497615 -0.54131336701177679 1.5491630716003997
76 2.1952736937242423 -0.5333323708069112 1.5486872607243714
77 0.19723686868419568 -0.41328533325085753 1.7368895142115113
78 0.38762049723758307 -0.46796198992992444 1.7492564946792111
79 0.58388136960782722 -0.5104937131631142 1.7522600667523627
80 0.78478961417235538 -0.53689812069188436 1.7510965726713776
81 0.98814043729183554 -0.54779596807483055 1.7491124709387669
82 1.192185487685739 -0.54991069092859246 1.7478291857504062
83 1.3961854273964318 -0.54854553019259611 1.7475273362858685
84 1.5995050326889759 -0.5412226144484038 1.7482731261277353
85 1.8011262900915703 -0.52563442647937597 1.7498996446366977
86 1.9998287834628536 -0.5036316822216732 1.7508958482632138
87 2.1954130367731355 -0.4748263825807586 1.7465828466121827
88 0.20850732973812736 -0.30977891621118031 1.921303960669287
89 0.39294116145363905 -0.38352842805472742 1.9383667215636493
90 0.58419858733306351 -0.45260479273235776 1.9470414636526336
91 0.78240648881646646 -0.50682111117732953 1.9498431734833193
92 0.98635560474405437 -0.53707742526679259 1.9488862403275304
93 1.1924890739513656 -0.54646714934399954 1.9475157313487685
94 1.3987661972782797 -0.54174305366431508 1.9471250091035528
95 1.6036949080994436 -0.51954599823177849 1.947502115490078
96 1.8038719928016109 -0.47362363156308129 1.9459210993059586
97 1.9990627818803979 -0.42130847862696241 1.9413769555786926
98 2.1884761159410169 -0.36933556500879577 1.9282891143478182
99 0.21684761648072101 -0.19726207810097268 2.1094295142903046
100 0.39948433363629093 -0.28810280348861167 2.1223347784095843
101 0.58934188704502488 -0.37743041873780475 2.1340940916063915
102 0.78390791415210748 -0.45711008607848319 2.1428391286684465
103 0.98588310585589278 -0.51247279696646975 2.1458523813213022
104 1.1933770586645216 -0.53495725852601206 2.1453787997046732
105 1.4019284943109158 -0.52714799483430341 2.1445087244383942
106 1.6074166698147023 -0.48602444942767098 2.1427783098631199
107 1.8041445378759702 -0.40935485074005606 2.135377294396561
108 1.9924954241996307 -0.31193653228671087 2.1199523903114792
109 2.1795636457468448 -0.24655028414180991 2.107837606972089
110 0.20000008173348502 -0.068750091002159605 2.2999999324051772
111 0.40413786783919003 -0.19008321853087118 2.2988620184684061
112 0.60147611609351326 -0.29658928620498803 2.3142089126129823
113 0.79397222818462387 -0.39409102576499633 2.3293091595044975
114 0.98972386679635804 -0.47400526079115257 2.3391905010885639
115 1.1949624667658914 -0.51492675922908926 2.3414808650739345
116 1.4038247829324884 -0.50444605199231718 2.3398160886841275
117 1.6054550072964007 -0.4417664498601741 2.3335139676049743
118 1.7967367793958424 -0.34339205426563035 2.3183910571671236
119 1.9905844836677919 -0.23304198355587794 2.299191294658868
120 2.1999999252304363 -0.10000008127159589 2.2999999424530788
frame 10
0 0.19199156495288527 -0.64999999450000001 0.35974875062014861
1 0.39174631510748742 -0.64999999450000001 0.36005990503832158
2 0.59136738947074508 -0.64999999450000001 0.36024892697336247
3 0.79094457823255426 -0.64999999450000001 0.3602503613748721
4 0.9905476691015892 -0.64999999450000001 0.36004693074933736
5 1.1902157423270725 -0.64999999450000001 0.35967296888157463
6 1.3899590015695249 -0.64999999450000001 0.3591887798330593
7 1.589769389043737 -0.64999999450000001 0.35866876807023468
8 1.7896322668927487 -0.64999999450000001 0.35819823149179869
9 1.9895352263189252 -0.64999999450000001 0.3578744727216992
10 2.1894693782764532 -0.64999999450000001 0.35784216551040138
11 0.19193633638915328 -0.64999999450000001 0.56023976456960389
12 0.39161240279284082 -0.64999999450000001 0.56049905523260379
13 0.59127568952773968 -0.64999999450000001 0.56070338188072577
14 0.79095979190511778 -0.64999999450000001 0.56069779752253401
15 0.99069668713808567 -0.64999999450000001 0.56047300179705839
16 1.190488540565471 -0.64999999450000001 0.56007567655100221
17 1.3903153257222618 -0.64999999450000001 0.55957399568301347
18 1.5901461233040621 -0.64999999450000001 0.55904428415391139
19 1.7899532706586028 -0.64999999450000001 0.55856570152846907
20 1.9897320140344414 -0.64999999450000001 0.55821619008727441
21 2.1895174893705498 -0.64999999450000001 0.55808027893766421
22 0.19197721606725565 -0.64999999450000001 0.76134952265089784
23 0.39146887686767934 -0.64999999450000001 0.76166916795351991
24 0.59104781760015679 -0.64999999450000001 0.76185154648804754
25 0.79076996586473547 -0.64999999450000001 0.76178394956384499
26 0.99063026251054975 -0.64999999450000001 0.76149351005181587
27 1.1905823250093219 -0.64999999450000001 0.76105119342111505
28 1.3905568699018767 -0.64999999450000001 0.76053476774902384
29 1.5904774063963818 -0.64999999450000001 0.76001988457773162
30 1.790279417778234 -0.64999999450000001 0.75957012558411907
31 1.9899454185541758 -0.64999999450000001 0.75921855793606996
32 2.1895439095792506 -0.64999999450000001 0.75898524261227729
33 0.1916858582453691 -0.64999999450000001 0.96313171828316513
34 0.390971138303501 -0.64999999450000001 0.96363496642944191
35 0.59046379426716389 -0.64999999450000001 0.96373619774775598
36 0.79026433986109879 -0.64999999450000001 0.96350513078876132
37 0.99033317346410121 -0.64999999450000001 0.96306699197902046
38 1.1905616173075719 -0.64999999450000001 0.96253518204144917
39 1.3908124817218195 -0.64999999450000001 0.96200161407630214
40 1.5909394933987651 -0.64999999450000001 0.96154333191553498
41 1.7908125223186748 -0.64999999450000001 0.96120175141556075
42 1.9903803786700345 -0.64999999450000001 0.96092408636635507
43 2.1897565380739987 -0.64999999450000001 0.96057571630456329
44 0.190775596979255 -0.64748370111367015 1.1657912140060056
45 0.38980190931056874 -0.64894672614332993 1.1664706905916118
46 0.58925824524711046 -0.64999999450000001 1.1663403321353385
47 0.78927476864608248 -0.64999999450000001 1.1657797337131575
48 0.98974336987649725 -0.64999999450000001 1.1650749164156451
49 1.1904651455769821 -0.64999999450000001 1.1643939675597645
50 1.3912106144811895 -0.64999999450000001 1.1638461959812127
51 1.5917323889817756 -0.64999999450000001 1.1635222289669436
52 1.7917918191969699 -0.64999999450000001 1.1634450361708557
53 1.9912763499272208 -0.64999999450000001 1.1634182919388534
54 2.1903625156223927 -0.64999999450000001 1.1629955976316817
55 0.18961705958052791 -0.62328173225094086 1.3683879285004337
56 0.3878407698200243 -0.6362989238578417 1.3699504503055053
57 0.58715023193302818 -0.64507042744909526 1.3695437017036942
58 0.7875782405043239 -0.64914155229051551 1.3684309368897041
59 0.98876502235386432 -0.64999999450000001 1.3673011626938785
60 1.1903271521730399 -0.64999999450000001 1.3664007830001963
61 1.391905169538405 -0.64999999450000001 1.3658543287226634
62 1.5931063016212248 -0.64987169179320348 1.3658001137693778
63 1.7935088470077061 -0.64871342286386402 1.3662719735262709
64 1.9928745010073823 -0.64658433044027996 1.3668252609659135
65 2.1915046576997521 -0.64307021620424265 1.3664354036689559
66 0.19253681987637039 -0.5545179956431513 1.5627873854996248
67 0.38678345852142471 -0.59310667734754086 1.5706161817972404
68 0.58440216994731509 -0.62262727469768231 1.5721293507532628
69 0.78496269751779024 -0.64092653021975743 1.5709914307042736
70 0.98727114440520503 -0.64847558235966341 1.5693818178383363
71 1.1902145145437866 -0.64999999450000001 1.5681983535403268
72 1.393140719444143 -0.64907469786360605 1.5676716512428202
73 1.5954469397003075 -0.64474897169685375 1.5680415306056676
74 1.7963438027401515 -0.63601747966985489 1.5692709678241141
75 1.9952749749306349 -0.62344664724442744 1.5702409283979943
76 2.1925505376845491 -0.60631239196300202 1.5683823379194675
77 0.20343400716859425 -0.45184208457243641 1.744971659507438
78 0.39081564753548337 -0.51380404725502948 1.7618743335928837
79 0.58358920395880332 -0.57047541360795218 1.7695678495254203
80 0.78213365737235707 -0.61434623844581138 1.7715405660422086
81 0.98527160921564316 -0.63894095872302936 1.7705389710117352
82 1.1903026554460152 -0.64657932518003047 1.7691913997570774
83 1.3953884710039164 -0.6420717552486267 1.7686142979792761
84 1.5990785802474801 -0.62449775886862657 1.7688410343652388
85 1.7997534076615185 -0.59470387056303298 1.7689400407596894
86 1.9963502887799915 -0.55829450131214498 1.7664215795727185
87 2.1892156899279329 -0.51831773177808704 1.7568937496884272
88 0.21660848365900623 -0.33654003809860789 1.925224295418922
89 0.39897376131115164 -0.41432797880535682 1.9453276689557213
90 0.58731461844439659 -0.493031811429749 1.9582082012124837
91 0.78173751031402827 -0.56370731832802379 1.9662412788722867
92 0.98367948315496878 -0.61288843783816882 1.9688080330803166
93 1.1908421888239806 -0.63269737910536172 1.9682163299927251
94 1.3987636126177374 -0.62289862171765742 1.9671609234333856
95 1.6029857005666637 -0.58346108128620089 1.9650675788134822
96 1.7993388879915526 -0.51790526052011487 1.9577214897571
97 1.991424128664731 -0.45328051435508648 1.9476008181153583
98 2.1786325895668877 -0.39708552986546586 1.9312610545951212
99 0.22446065350531388 -0.21230992349909716 2.1112169398007845
100 0.40565250353342214 -0.3082054891816059 2.1252798848072914
101 0.59425342932468295 -0.40518211007235549 2.1400760077197196
102 0.78617752927508289 -0.49620401827373523 2.1535925665796976
103 0.9847033564506269 -0.56854800544408834 2.1619478949930024
104 1.1920045960508086 -0.6040144484447485 2.163733710430447
105 1.4018481267180094 -0.59051714112146148 2.1617656972250989
106 1.6045877967036815 -0.53004252181732414 2.1554576402390597
107 1.7969410971646869 -0.43747578420867655 2.141105931027468
108 1.9847337897323876 -0.33298777772645688 2.1219206117051277
109 2.1704741699165635 -0.2642484824502539 2.1088954831708024
110 0.20000009838678059 -0.068750115601597453 2.2999999223266223
111 0.40791006586925038 -0.20197837624075701 2.2975157203951961
112 0.60693193103313059 -0.31683056831875434 2.3160533572853352
113 0.79871817890637509 -0.42239091522731043 2.3353001473936712
114 0.99140856480606376 -0.51370965556711157 2.3507148136598714
115 1.1941604168184754 -0.56991616823102964 2.3572250299115218
116 1.4029130715706792 -0.55375149183261918 2.3538871495393074
117 1.5993224518350242 -0.47067964297366721 2.3410597278823464
118 1.7893461443328138 -0.36401061821932607 2.3199726826522964
119 1.9853331715215257 -0.24707856783302667 2.2971644051304563
120 2.199999908495057 -0.10000010503321867 2.2999999326229008
frame 11
0 0.18942144737736752 -0.75999999340000002 0.38619801049333602
1 0.38914097471414744 -0.75999999340000002 0.38641974611248536
2 0.58872731199711126 -0.75999999340000002 0.38648459726653855
3 0.7882853506443821 -0.75999999340000002 0.38635137358405641
4 0.98788770761025857 -0.75999999340000002 0.3860136104100273
5 1.1875734283020005 -0.75999999340000002 0.38551149077403374
6 1.3873497225503921 -0.75999999340000002 0.38491692932849231
7 1.5871985701415523 -0.75999999340000002 0.38432264019639473
8 1.7870901153261758 -0.75999999340000002 0.38382671791476169
9 1.987001121341569 -0.75999999340000002 0.38352549886805037
10 2.1869270731849135 -0.75999999340000002 0.38356556718841289
11 0.18948208066327729 -0.75999999340000002 0.58678428123557491
12 0.38910740172333447 -0.75999999340000002 0.58693699195385141
13 0.58873657347216102 -0.75999999340000002 0.58701016616947455
14 0.78840242056253207 -0.75999999340000002 0.58686390533264221
15 0.98813575874656823 -0.75999999340000002 0.5865000489888853
16 1.187936493637175 -0.75999999340000002 0.58597001704458662
17 1.3877795348069115 -0.75999999340000002 0.58535457378588007
18 1.5876233922380323 -0.75999999340000002 0.5847516248239929
19 1.7874273147130166 -0.75999999340000002 0.58425407671824581
20 1.9871794605273672 -0.75999999340000002 0.58393297748881245
21 2.1869222984543399 -0.75999999340000002 0.58385438355034991
22 0.18962585215056202 -0.75999999340000002 0.78813377370973992
23 0.38903044800575998 -0.75999999340000002 0.78832459872721194
24 0.58855857038221315 -0.75999999340000002 0.78835320681722809
25 0.78826097967630993 -0.75999999340000002 0.78813397313793321
26 0.98812216270747755 -0.75999999340000002 0.78770019094223676
27 1.1880890087085212 -0.75999999340000002 0.78711992785929097
28 1.3880840140120974 -0.75999999340000002 0.7864848447709728
29 1.588014222074845 -0.75999999340000002 0.78590107636969053
30 1.7877955486959887 -0.75999999340000002 0.78544906644275025
31 1.9874007390784409 -0.75999999340000002 0.7851437451687644
32 2.1869078801949309 -0.75999999340000002 0.78496391256929532
33 0.18939203131323365 -0.75964795534283558 0.99034014559149419
34 0.38853981586061054 -0.75999999340000002 0.99065400836521167
35 0.58795863748072519 -0.75999999340000002 0.99055406131305013
36 0.78774361864932663 -0.75999999340000002 0.99014854295538091
37 0.98783480261870582 -0.75999999340000002 0.98956011022787815
38 1.1881092433857157 -0.75999999340000002 0.98888054566737105
39 1.3884133382790478 -0.75999999340000002 0.98821877612876452
40 1.5885693473916886 -0.75999999340000002 0.98770242885935233
41 1.7884134357221377 -0.75999999340000002 0.98739571871661058
42 1.9878836697035347 -0.75999999340000002 0.98720871912171315
43 2.1871096461152355 -0.75999999340000002 0.98693131826373659
44 0.18863334593989092 -0.74883330202675569 1.1934306947151407
45 0.3873572731551197 -0.75403782387888629 1.1939291778689127
46 0.58664659082970327 -0.75820313627985969 1.193571960193117
47 0.78665065262402045 -0.7598814404918186 1.1928030067620574
48 0.98719774250221604 -0.75999999340000002 1.1919362465108485
49 1.1880476049888955 -0.75999999340000002 1.1910889239097004
50 1.3889312477386315 -0.75999999340000002 1.1903971642076387
51 1.5895347207965387 -0.75999999340000002 1.190043508321599
52 1.7895574261945479 -0.75981907831816164 1.1900773201550074
53 1.9888797480271732 -0.75903676766941464 1.190220203560024
54 2.187733432114479 -0.75798737967739893 1.1899164598000729
55 0.18916985195969382 -0.70141728201632025 1.3930209171967884
56 0.38603036059195256 -0.72474582033668578 1.3964606023035548
57 0.58449489110131791 -0.74317368925567795 1.396813535343739
58 0.78469209118800465 -0.75456477352558271 1.3958103541864775
59 0.98605947584484233 -0.75917286334183809 1.3945523987465567
60 1.1879532808005966 -0.75999999340000002 1.3934562592925275
61 1.3898679491607839 -0.75969809733571847 1.3927410402250469
62 1.5912711673242408 -0.75769573658249634 1.3927172964235082
63 1.7916036365344341 -0.7531137367295182 1.3933777926913786
64 1.9906302570557448 -0.74650006957544046 1.3940143477409173
65 2.1887365454298964 -0.73735161420465223 1.3932652790766986
66 0.19684126308254143 -0.60816338888719845 1.5784889069025443
67 0.38815473589470867 -0.65654453586180128 1.591255931544252
68 0.583046801458033 -0.69994414814728412 1.5967090743332564
69 0.78200750670281549 -0.73311467644953576 1.5977919183908476
70 0.98424337211454227 -0.75162643187153 1.5967830080897625
71 1.1879368810479951 -0.75744954307780221 1.5954545891314909
72 1.3916642923397549 -0.75425230833265844 1.5946899234348093
73 1.5942901721279721 -0.74271327180546931 1.5948560805358889
74 1.7946967147319066 -0.7237170588025108 1.5954143119898458
75 1.9924116631619502 -0.69977694911735211 1.5944800279163489
76 2.1879449437384046 -0.67185430907824506 1.5891120999002317
77 0.21121404696208576 -0.49115740046142381 1.7537786516724956
78 0.39629755889187568 -0.55753505111079471 1.7746512524996938
79 0.58569106982995678 -0.62483199036463399 1.7874767817178778
80 0.7806220927523303 -0.68523936384524664 1.7946592995968516
81 0.98217452388892357 -0.72713354826047472 1.796656230042303
82 1.1882279423460289 -0.74376908845075251 1.7958175147147355
83 1.3947504908391066 -0.73463214666331034 1.7946376807903006
84 1.5980322734147907 -0.70265999682293256 1.7929531350494463
85 1.7963319910290276 -0.65637963626271645 1.7890064913141832
86 1.9898850348024113 -0.60675794409708272 1.7808422843285865
87 2.1800833409911546 -0.55936380508224848 1.766082191962157
88 0.22553348067911475 -0.3646693391783612 1.92967311750519
89 0.40611193113804239 -0.44541080520653009 1.9527168795232897
90 0.59214833017160107 -0.53103031346988216 1.9694458942658779
91 0.78309252257168704 -0.61350521514898693 1.982829052489947
92 0.98174611589511451 -0.67919604579584358 1.9904726741609524
93 1.1890737848964126 -0.71051436078527053 1.9917125366344459
94 1.3982699195763075 -0.69498483508870434 1.9893965101277469
95 1.6001640296060784 -0.6384449040934117 1.9828707184551948
96 1.7920195143630959 -0.55730592477024932 1.968324452094357
97 1.9820212106074468 -0.48508538792203293 1.9537254458573878
98 2.1677374700339747 -0.42714553231019747 1.9354956493153725
99 0.23228045690631904 -0.22850074344547733 2.1134199118354879
100 0.41212821196830529 -0.32889337383892137 2.1284357141489996
101 0.59990477313015866 -0.43191962790644245 2.1460920434005302
102 0.79013693612203773 -0.53052087705321604 2.1637888150380751
103 0.98548114008169496 -0.61462321402170694 2.1772364774642492
104 1.190872339429591 -0.66307163846348494 2.1821407672053033
105 1.4003436457738623 -0.64388628750861954 2.1784377383980309
106 1.5988933754834143 -0.566242357939436 2.1664554082870437
107 1.7886492314546076 -0.4644417465645812 2.1462860975912621
108 1.9770224059320922 -0.35542531907359709 2.1245836663127213
109 2.1607766684725451 -0.28240238267710011 2.1099403344792345
110 0.20000011484739563 -0.068750142222260738 2.2999999130384707
111 0.41163567184323452 -0.21410932734618618 2.295883041229394
112 0.61272370494086847 -0.33603842654532667 2.3176708172068103
113 0.80428086148980626 -0.44753643697853701 2.3409370427738057
114 0.99483060102363285 -0.54585555466740332 2.3610558268254769
115 1.1936268147576425 -0.61490557733297002 2.372440227936766
116 1.4007764015045452 -0.59305693177292118 2.3668268647063568
117 1.591604381553114 -0.49594582492007355 2.3471832746431733
118 1.7818575430407748 -0.38466191713527842 2.3214044490577317
119 1.9794372334069388 -0.26088459615138981 2.2947891137695131
120 2.1999998916396204 -0.10000013103716347 2.2999999232373987
frame 12
0 0.18631970396198574 -0.87999999220000003 0.4200371215156013
1 0.38601426854753784 -0.87999999220000003 0.42011562417142456
2 0.5855867427608642 -0.87999999220000003 0.4200029556144344
3 0.78515114466068947 -0.87999999220000003 0.41969427369934847
4 0.984778125960309 -0.87999999220000003 0.41918912824040266
5 1.1845071182652049 -0.87999999220000003 0.41852722493543737
6 1.3843437726150687 -0.87999999220000003 0.41779422144200401
7 1.5842574908680309 -0.87999999220000003 0.41710872241079944
8 1.7841977124729211 -0.87999999220000003 0.41658231127314777
9 1.9841273108076083 -0.87999999220000003 0.41629987616019742
10 2.1840495907863273 -0.87999999220000003 0.4163926792886754
11 0.18653466978868422 -0.87999999220000003 0.62070484607941478
12 0.38612190770716681 -0.87999999220000003 0.62069656940763462
13 0.58573634927348972 -0.87999999220000003 0.6205821008635638
14 0.78540571555791194 -0.87999999220000003 0.6202551278353331
15 0.98515722856239307 -0.87999999220000003 0.61972071496118553
16 1.184989017659972 -0.87999999220000003 0.61902634274220736
17 1.3848710675399547 -0.87999999220000003 0.61826795787724464
18 1.5847488860479144 -0.87999999220000003 0.61757479683240413
19 1.784565972209722 -0.87999999220000003 0.6170547864741126
20 1.9843031181543773 -0.87999999220000003 0.61676041033571805
21 2.1840126089973979 -0.87999999220000003 0.61672153788253103
22 0.18680174015921472 -0.87999999220000003 0.82227540626893847
23 0.3861337817166815 -0.87999999220000003 0.82226759366880708
24 0.58563258200996338 -0.87999999220000003 0.82207949533058677
25 0.78533811585864832 -0.87999999220000003 0.82167404691227974
26 0.98522347125267407 -0.87999999220000003 0.82107024172919518
27 1.1852305446124209 -0.87999999220000003 0.82031959197426041
28 1.3852727974313936 -0.87999999220000003 0.81953320209961567
29 1.5852353263299608 -0.87999999220000003 0.8188633550688128
30 1.7850109197953534 -0.87999999220000003 0.81840790043763012
31 1.9845658680636356 -0.87999999220000003 0.8181479612992969
32 2.1839935737528644 -0.87999999220000003 0.81799988336450724
33 0.18667588688896034 -0.87662951696429026 1.024871076700935
34 0.38567618593045061 -0.87842081124982796 1.0248996023303503
35 0.58502271103123582 -0.87964389699928835 1.0245276154638661
36 0.78481070938256903 -0.87999999220000003 1.0239234786650251
37 0.98495882593456718 -0.87999999220000003 1.0231642852435823
38 1.1853258372969824 -0.87999999220000003 1.0223007506708304
39 1.3857317207220328 -0.87999999220000003 1.0214716807544308
40 1.5859518417887724 -0.87999999220000003 1.0208838591159157
41 1.7857810024803753 -0.87999999220000003 1.0206195977689534
42 1.9851565341992257 -0.87999999220000003 1.0205236168360368
43 2.1842423503613722 -0.87974270422609169 1.0202901126947319
44 0.18654910384933651 -0.84928527041372459 1.2271433097429625
45 0.38469903007622369 -0.86127465645251766 1.2280236780320812
46 0.58361952366329328 -0.87147529637294874 1.2277308530754611
47 0.78355358768056638 -0.87761524270069391 1.2268497884590661
48 0.98424522267017178 -0.87982765292754561 1.2258145915149163
49 1.1853400191358099 -0.87999999220000003 1.2247539928287448
50 1.3864761387622933 -0.87999999220000003 1.2238725653823774
51 1.5872279848977557 -0.87927356361629616 1.2234894936730181
52 1.7872248142249574 -0.87746768114991835 1.2236569357296783
53 1.9863499315029909 -0.87433215231902373 1.2239280930311605
54 2.184930163878847 -0.87031663353068989 1.223591925294121
55 0.19046933183756642 -0.77439162285325969 1.4193134981482896
56 0.38525632483984978 -0.80839042990230969 1.4265312321707424
57 0.58202819583378029 -0.83892496675702033 1.4293931442807859
58 0.78137709182010517 -0.86189982340531568 1.429600034969986
59 0.98284707665267124 -0.87455019832296588 1.4285726145588411
60 1.1853495989771037 -0.87846923444497815 1.4272524560316484
61 1.3878991204880513 -0.87682762038317419 1.4263163055752452
62 1.5896115356242564 -0.87014753631135444 1.4262416325203446
63 1.7897487526341507 -0.85876006630476887 1.4267177039030221
64 1.9881508154551912 -0.84422343525819687 1.4266133399454444
65 2.1853346105792544 -0.82669872387078169 1.4241228251156852
66 0.20294954859867437 -0.66093777266529352 1.5945341086367737
67 0.39171043674775463 -0.71576514832666027 1.6121846417748338
68 0.58342318050191844 -0.77089221599437097 1.6229740971070659
69 0.7795299575460598 -0.81996336884801135 1.628575868625469
70 0.98080488698540447 -0.85372916196196069 1.6298135660504118
71 1.1855377172691954 -0.86715025243759969 1.6287193368408659
72 1.3905800013110559 -0.86042615540659395 1.6274826082692107
73 1.593288768339951 -0.83775886668433719 1.6265497039536592
74 1.7923370861582093 -0.8049695359313751 1.6244615248941603
75 1.9879090496551006 -0.76837807763299892 1.6192240649495402
76 2.1811681821974114 -0.731067726811096 1.6085894188578707
77 0.21963846687717115 -0.53183119028163306 1.7631837582495664
78 0.40292777114853712 -0.60082611046942525 1.7877175912448153
79 0.58958829041176719 -0.67536526511863559 1.8052874311721685
80 0.7808292661564874 -0.74837319222775101 1.8183514714536151
81 0.97956261909642239 -0.80669250382077706 1.8251997151745059
82 1.186223009710325 -0.83400041614132736 1.8258750277401403
83 1.3942134328309412 -0.81958116932240932 1.8234576944918333
84 1.5958670422911083 -0.77200423801032569 1.8178235295837744
85 1.7908119044738873 -0.71105287118675375 1.8078326874776565
86 1.981393828771763 -0.65201086127264152 1.7938369535168155
87 2.1696321693716207 -0.60109494483955339 1.7753008818960414
88 0.23426118072993457 -0.39446575004393919 1.9345987454662945
89 0.41327321343021212 -0.47722033699655342 1.9604292301947599
90 0.59758062542290102 -0.56776719924364427 1.9805488273759306
91 0.78615340103543496 -0.65779697740085596 1.9984295910338663
92 0.98167061506637432 -0.73550365385351835 2.0110513192054023
93 1.18784754894918 -0.77833134256517933 2.0148508281475008
94 1.3970015639814191 -0.75707104855975127 2.0105009964144509
95 1.5953985497983592 -0.68514652457713165 1.9984121246225328
96 1.7837647157229244 -0.59417937963912437 1.9774766965726589
97 1.9727914789532317 -0.51792779945372325 1.960207618519757
98 2.1569371003838955 -0.45875617276329955 1.9402529712346914
99 0.23960332659192934 -0.24578249503370631 2.1158980891191814
100 0.41810928641930561 -0.35013607465831076 2.1315041269902468
101 0.60546115470674267 -0.45766920488948043 2.1515840544464484
102 0.79479763415315374 -0.56086712927167837 2.1726180986847075
103 0.98794080002703688 -0.65123442970475387 2.1900976311172129
104 1.1901582305035767 -0.71212882858222137 2.1987480989131969
105 1.3981645202563315 -0.6872554339957776 2.1927147693200726
106 1.5920704158945924 -0.59734290688477998 2.1746602733137741
107 1.7809708737285244 -0.49098393543074609 2.1505840244990524
108 1.969984340350877 -0.37833265785955167 2.1269869358084366
109 2.1514884824994902 -0.3012119353673014 2.1110759478344487
110 0.20000013036076128 -0.068750170326215845 2.2999999044635193
111 0.41500892603038425 -0.22628535833483251 2.2935825026308123
112 0.61839617048594009 -0.35397574958016131 2.3183727084363239
113 0.81005986399683738 -0.46948440119297391 2.345308840739825
114 0.99885843985616773 -0.5720092965013136 2.3695954246642721
115 1.1933478226831831 -0.6498949865349104 2.385709424132437
116 1.3981932125997176 -0.62236237181322318 2.3771778643936332
117 1.5846881334556697 -0.51906627443991282 2.3515046904989756
118 1.7745930957828788 -0.4042442013253687 2.3215698425204274
119 1.9736094206275328 -0.27454695845867516 2.2916473170035165
120 2.1999998757170354 -0.10000015858876315 2.2999999140369365
frame 13
0 0.18263635359624 -1.0099999908999999 0.46190473885825445
1 0.38232017545243235 -1.0099999908999999 0.46180490540904096
2 0.58190461040310348 -1.0099999908999999 0.4614872912285834
3 0.78150536636865942 -1.0099999908999999 0.46098559596086858
4 0.98118463069528339 -1.0099999908999999 0.46029553269258733
5 1.1809825224127877 -1.0099999908999999 0.45944140989264171
6 1.3809044779078878 -1.0099999908999999 0.45852258610423674
7 1.5809040065134428 -1.0099999908999999 0.45769094579635605
8 1.7809055743121009 -1.0099999908999999 0.45707013170921262
9 1.9808577398819223 -1.0099999908999999 0.45672503671337278
10 2.180780253196648 -1.0099999908999999 0.45675525128889827
11 0.18302457174909398 -1.0099999908999999 0.66263643003330108
12 0.3825896918226866 -1.0099999908999999 0.66243001462347462
13 0.58221409024284165 -1.0099999908999999 0.66209725422659704
14 0.78191926977391479 -1.0099999908999999 0.6615715249163584
15 0.98172517456396324 -1.0099999908999999 0.66085028752856589
16 1.1816272912936929 -1.0099999908999999 0.65995837519271761
17 1.3815880060501255 -1.0099999908999999 0.65900818187225974
18 1.5815343785199871 -1.0099999908999999 0.65817030639290242
19 1.7813909594213608 -1.0099999908999999 0.65756582745009007
20 1.9811308593412071 -1.0099999908999999 0.65721933385667841
21 2.1808222252776028 -1.0099999908999999 0.6571066825378522
22 0.18342454710475087 -1.0096162806287898 0.86440196724229634
23 0.38269602595814506 -1.0099999908999999 0.86413966005094967
24 0.58218833342779286 -1.0099999908999999 0.86369853084918635
25 0.78193775162498236 -1.0099999908999999 0.86308763934436528
26 0.98190238914519745 -1.0099999908999999 0.86229953234291778
27 1.1820165883255738 -1.0099999908999999 0.86133999724895105
28 1.3821754031077951 -1.0099999908999999 0.86034763913117707
29 1.5822278468350974 -1.0099999908999999 0.85953771098199105
30 1.7820384528436284 -1.0099999908999999 0.8590193552422144
31 1.9815685904547127 -1.0099999908999999 0.85873006768680993
32 2.1809386333122016 -1.0099999908999999 0.85849269490409663
33 0.18353189809813369 -0.99726044909655953 1.0670763759587651
34 0.38231250571639586 -1.0024828094594722 1.0668988667028558
35 0.58154691074763543 -1.0068948210305013 1.0662901161745477
36 0.78137412369663362 -1.0093290322363395 1.0654786582368136
37 0.98167391636532952 -1.0099999908999999 1.064537552077496
38 1.1822650288607535 -1.0099999908999999 1.0634388840752254
39 1.3829063187473907 -1.0099999908999999 1.0623810449051883
40 1.5832883296884923 -1.0099999908999999 1.0616775293165417
41 1.7831563022225045 -1.009487818815239 1.061403352772214
42 1.9824558074862781 -1.0086144095113578 1.0613289612218759
43 2.1814146957440999 -1.0071974145035838 1.0609968608666294
44 0.18509393844333538 -0.94529614411639129 1.2652535903194251
45 0.38215911562059807 -0.96639242766331213 1.2680107089970052
46 0.58026782670152788 -0.98561271153209518 1.2688019673145778
47 0.7799075398770805 -0.99980139819282521 1.2683437953759524
48 0.98083870385629301 -1.0073288543728531 1.2672765907426795
49 1.182460539887612 -1.0094252277221842 1.2659413103753618
50 1.3841305295494704 -1.0087530060151255 1.26480616543417
51 1.5852018506420702 -1.0054460921862931 1.2643568705504502
52 1.7852048239669804 -0.9996242832611103 1.2644888193118731
53 1.9840602044137616 -0.99172366288961589 1.2645171190440747
54 2.1822269816464446 -0.98228997964585263 1.2634398807140086
55 0.19369395810937046 -0.84381043569137537 1.4458731428509037
56 0.38616188531676804 -0.88640752997574135 1.4581010571088977
57 0.58051847008539059 -0.92890296840968367 1.4655057229034361
58 0.77806212870731717 -0.96608442126587679 1.468994240540312
59 0.97922006381011406 -0.99129983836805491 1.4693672684675598
60 1.1827414251672315 -1.0013352348595856 1.4680510170860548
61 1.3864692277080064 -0.9972649737499123 1.4667458289288096
62 1.5885658729864909 -0.98246475579923254 1.4660959364322577
63 1.7881471476918145 -0.96062479581958937 1.4650984483326859
64 1.9853571502306255 -0.93549366782820742 1.4623380300420374
65 2.1810721299622116 -0.90873976114658195 1.4559375597956299
66 0.20996422507601301 -0.7145049826401938 1.6110023541890302
67 0.39681688177020469 -0.77296231022580197 1.6330404391634656
68 0.58572795104219466 -0.83643290433417339 1.649381462759218
69 0.7785080951272062 -0.89892730338083815 1.6610507608430716
70 0.97773374073036456 -0.94884715640076767 1.6667097860993703
71 1.1834521241952063 -0.97212481841259346 1.6668620869290289
72 1.3901445144498328 -0.96107256600555069 1.6646329882343913
73 1.5922649441004049 -0.92510736356491641 1.6608360385282142
74 1.7889224177330492 -0.87799576740473528 1.6534835891464261
75 1.9818306631319988 -0.83069413527873337 1.6422405438184435
76 2.1729203964042618 -0.78743410892981724 1.6261841822254901
77 0.22782496985874715 -0.5744266528210733 1.7730585160853161
78 0.40966980255114127 -0.644770465816497 1.801094415222549
79 0.5943887425964558 -0.72400436946859914 1.8227843572098377
80 0.78301755760540415 -0.80518933482636201 1.8411181836112247
81 0.9788905893735852 -0.87625145948107941 1.8533221884863809
82 1.1851882230976232 -0.91423174393190221 1.8565220271507386
83 1.3936533456938691 -0.8945301920815083 1.8520351927629828
84 1.5923577896357115 -0.83180562244132372 1.8404719561503105
85 1.7843036558286192 -0.76099653270127599 1.8243566690416335
86 1.9728360605213995 -0.6967273158574947 1.8059410850335369
87 2.1597014025527508 -0.64479165856263077 1.7849057120881848
88 0.2419496381343039 -0.42615817557966107 1.939906666833342
89 0.41961404384919387 -0.50997591629671424 1.9681752615651649
90 0.60276053239707017 -0.60373451920862542 1.9910783446292706
91 0.79010208544781646 -0.69789581576575399 2.0123524932268402
92 0.98369986480502902 -0.78181126201119311 2.028936926801487
93 1.1876664913451966 -0.83614832444508813 2.0361395965231566
94 1.3955818458270055 -0.80915726213079819 2.0292467001845331
95 1.5899087767256033 -0.72571779881817666 2.0107213134215476
96 1.776508886937515 -0.62994197731682733 1.9851558089184163
97 1.9652272282066332 -0.5518360706504376 1.9666300102639607
98 2.1474212811549465 -0.49148081069350175 1.9447712464800762
99 0.24595926329265949 -0.26414799748833884 2.1184650871527881
100 0.42314846957641983 -0.37186083903462558 2.1339869919598469
101 0.61053993712955767 -0.4824803363884364 2.1557780713027257
102 0.79977289843100396 -0.58807482474318462 2.1792774851336052
103 0.99172591915486141 -0.68154956141922884 2.1999650134702584
104 1.1903745096232108 -0.75118601880095781 2.213449695185727
105 1.3961768874825153 -0.72062458058293566 2.2044797516670864
106 1.5862911085004103 -0.62508147074700149 2.180338126331391
107 1.7749652799855866 -0.51677605114885594 2.1533030330012646
108 1.964318744110868 -0.40109947529436535 2.1281298318499275
109 2.14371172187357 -0.32093878967999567 2.1124174371823523
110 0.20000014447971678 -0.068750199662675995 2.2999998962520363
111 0.41785043443373981 -0.23846252758188277 2.2901477815086682
112 0.62372207313778039 -0.37061030241669063 2.3172879472845369
113 0.8156959690195883 -0.4884698071042668 2.3473978183716593
114 1.0027355437376204 -0.59323313027666447 2.3756044894359736
115 1.1935126516242098 -0.67488439583685078 2.3968716121317866
116 1.3958673857650683 -0.64166781195352518 2.384870872247066
117 1.579987422120793 -0.53926017452648922 2.3538762499649755
118 1.7684107795279269 -0.4221016596401837 2.319652159732851
119 1.9687137283315759 -0.28813459588543255 2.2873213455093002
120 2.1999998619821768 -0.10000018713160995 2.2999999045631396
frame 14
0 0.17836343571997956 -1.1499999894999997 0.51242185670597151
1 0.37805201194078697 -1.1499999894999997 0.51210195890576937
2 0.57768163163491115 -1.1499999894999997 0.51155136350966879
3 0.77735549661852998 -1.1499999894999997 0.51084739434610693
4 0.97711778868403965 -1.1499999894999997 0.50995327408970625
5 1.1770096613273664 -1.1499999894999997 0.50885198018774425
6 1.3770387201951391 -1.1499999894999997 0.50765190281574391
7 1.577137917129285 -1.1499999894999997 0.50655026979935114
8 1.7772040523550423 -1.1499999894999997 0.50568031410179992
9 1.9771755301382465 -1.1499999894999997 0.50508379891015109
10 2.177099172188385 -1.1499999894999997 0.5048280556485869
11 0.1789540475426685 -1.1499999894999997 0.71321792037399467
12 0.37850790225037051 -1.1499999894999997 0.71275889779211632
13 0.57817250175235824 -1.1499999894999997 0.71217026704329978
14 0.77795793830764115 -1.1499999894999997 0.71143552843889524
15 0.97787243596562656 -1.1499999894999997 0.71050963730384231
16 1.1779047216612109 -1.1499999894999997 0.70936505747763223
17 1.3780032880788244 -1.1499999894999997 0.70812691001364581
18 1.5780654309891193 -1.1499999894999997 0.70702395403804796
19 1.7779925425817122 -1.1499999894999997 0.70618415413144253
20 1.9777528255872048 -1.1499999894999997 0.70559901067675346
21 2.177437820337992 -1.1499999894999997 0.70518907660497121
22 0.17954121796318337 -1.1467789658372942 0.91516875863341729
23 0.37873929874538642 -1.1485086040949115 0.91457964956470539
24 0.57824045685300418 -1.1495626483588364 0.91383199355947209
25 0.77808799903526682 -1.1499999894999997 0.91300387391008853
26 0.97822408268968786 -1.1499999894999997 0.91201176189389421
27 1.1785604442496698 -1.1499999894999997 0.91078204359437942
28 1.3789528351248064 -1.1499999894999997 0.90948189679178293
29 1.57918539328188 -1.1499999894999997 0.90842147719483579
30 1.7790855560315326 -1.1499999894999997 0.90769839071858904
31 1.9786164244933653 -1.1499999894999997 0.90719628898364946
32 2.1779426874420564 -1.1498604239679984 0.90663865492861984
33 0.18032985171414523 -1.1171497898483778 1.1165277468699564
34 0.37866721551061394 -1.1283794434069387 1.1167413691855568
35 0.57762418141138661 -1.1385425684614563 1.1162740073520365
36 0.77747370078768396 -1.1456504572637696 1.115412641990412
37 0.97807457027506894 -1.1491238143734264 1.1142951475306977
38 1.1791208850115515 -1.1499999894999997 1.1128927821840668
39 1.3802240745648935 -1.1498337679376747 1.1114971974511623
40 1.5809221627801089 -1.1487290601416191 1.1105946203775547
41 1.7808972192538497 -1.1463384179475979 1.1101703722536338
42 1.9801178421576606 -1.1431080049850491 1.1098806844539897
43 2.1789142694138302 -1.1390886947519452 1.1090804209808003
44 0.1851550074826592 -1.0359501937057936 1.3054550036982095
45 0.38060754493870053 -1.0663459562535524 1.3119933407320177
46 0.57727168802507911 -1.0962668041392032 1.3157331643255237
47 0.77607050233532027 -1.1218042076045249 1.3171303308204232
48 0.97716205364941167 -1.1387232536984437 1.3166991176926126
49 1.1797171266921784 -1.1453131539760317 1.315169878672009
50 1.3823843951172379 -1.1431686311861531 1.3136456841498536
51 1.5839607768220862 -1.134587471593359 1.3128566534134283
52 1.7838800827741226 -1.1216485711985409 1.312233565159745
53 1.9822141259673298 -1.1062498520078785 1.3108596732991262
54 2.1796300865467728 -1.0894552051693911 1.3074332151087489
55 0.19862814605988233 -0.91214715063077179 1.4724280963003653
56 0.38909868669810788 -0.96028093158086458 1.4897728903065859
57 0.58093322301866934 -1.012303013802085 1.5029623399052709
58 0.77591247051817536 -1.0631436238749938 1.5119868751500198
59 0.97591124005849927 -1.1034668176479723 1.5159243764857666
60 1.1806493836275582 -1.1222496781094866 1.5154622801120097
61 1.3860852178245389 -1.1149669326899965 1.5133993523130584
62 1.5882664001336422 -1.0890632055366587 1.5107814962667712
63 1.7865307698482671 -1.0546639533154827 1.5058839662019965
64 1.9818615545279117 -1.018785142914556 1.4979896819118845
65 2.1757379648649056 -0.98452468172532714 1.4859241058671271
66 0.21728741934106982 -0.77002848063042628 1.6280426772876957
67 0.40277861585574093 -0.83012878876055762 1.6540734569699684
68 0.58969617651698558 -0.89880059654993516 1.6754541067916224
69 0.77982407629665629 -0.97050995655450967 1.6932948014194102
70 0.97657407036832378 -1.0339651509395746 1.7046845984892973
71 1.1826519467268479 -1.0670993844875871 1.7073008805559216
72 1.3903727778567361 -1.0517189767045074 1.7032237277431863
73 1.5908823237006007 -1.0024558605454956 1.6947026857061669
74 1.784571337976707 -0.94374609591085734 1.6802599023785927
75 1.975126787692034 -0.88968066579573191 1.6630575394898459
76 2.1646213566350316 -0.84410301249033726 1.6427378709675537
77 0.23520649048945141 -0.61952621095029881 1.7835092130819374
78 0.41592075735053913 -0.69003876137552389 1.8148005258444184
79 0.5994333587346321 -0.77199092605151953 1.8399976888141976
80 0.78683178347842375 -0.8575487075522491 1.862506265470834
81 0.98103154225902345 -0.93581041524138175 1.879213565292607
82 1.1860233100723256 -0.98446307182247705 1.8857006803578693
83 1.393581058485142 -0.95947921494060728 1.8787914199991429
84 1.5878150259392858 -0.8831964305882567 1.859056910517483
85 1.7785544117836614 -0.80875669130763106 1.8392140016471914
86 1.9659038752366813 -0.74227526114873998 1.8177815038834699
87 2.151477767404482 -0.69047406550292201 1.7945852988012612
88 0.24822749889227669 -0.45996904578685011 1.9455736439887621
89 0.42482241278355354 -0.54382923255956572 1.9756796935155938
90 0.60747254326598876 -0.63918334801594412 2.0005909357987157
91 0.79469987262486086 -0.73481172657684612 2.0241876980600226
92 0.98775933241960501 -0.82074392542148056 2.0436837969037041
93 1.1891202865115125 -0.88396530642499693 2.0552221847071546
94 1.3949395426338842 -0.85124347580184512 2.0459681981024911
95 1.5857365073771317 -0.76260064730021149 2.0208364752838222
96 1.7713253497141392 -0.66474671559254606 1.9912701039221268
97 1.9601698116763304 -0.58649892871059561 1.9725756270631931
98 2.140182816941679 -0.52546225855378204 1.9490399276693651
99 0.25119193708412813 -0.28364200855658706 2.1209833722512137
100 0.42710773787809075 -0.39409225285670774 2.1354992052987289
101 0.61496590933110029 -0.50650825516509568 2.1581484750941287
102 0.80461248764329185 -0.61278400453151671 2.1834911593532196
103 0.99576861236051628 -0.70715827266655751 2.207271285503738
104 1.1915579566983867 -0.78024320911969425 2.2258425963402857
105 1.3948725858075053 -0.74399372727009372 2.213941871728506
106 1.5830887841119399 -0.65002160562582478 2.1844550606122901
107 1.7713028114748568 -0.54143299855719917 2.1542262286568725
108 1.960655149403927 -0.42357784276033233 2.1276208625969133
109 2.1381122326004514 -0.34151044285309495 2.1139187348214428
110 0.20000015705349974 -0.068750230234883233 2.2999998880463464
111 0.42006701985273365 -0.25076102243084541 2.2852698423773603
112 0.62860875175606301 -0.38614473354361206 2.3138322664330833
113 0.82111165271757802 -0.50490045472744993 2.3466902957816971
114 1.0066011406079318 -0.61044709416201159 2.3789794897181737
115 1.1942778069747628 -0.69421375701659571 2.4058597052062174
116 1.3938787158107919 -0.65392302031788496 2.3899554951810869
117 1.5774100384849017 -0.55540165211134351 2.3543181430253011
118 1.7640965116222915 -0.43809914335429118 2.3155993357556341
119 1.9653272114312452 -0.30157939929336314 2.2816918625928597
120 2.1999998513631129 -0.10000021625887516 2.2999998946236691
frame 15
0 0.17361155657225136 -1.2999999879999995 0.57243105230778235
1 0.37331781368622946 -1.2999999879999995 0.57180210394907516
2 0.57302198286728956 -1.2999999879999995 0.57096356073990295
3 0.77280378461079968 -1.2999999879999995 0.57001765688376071
4 0.97267825306250133 -1.2999999879999995 0.56886447050323252
5 1.1726898387928848 -1.2999999879999995 0.56740264115253713
6 1.3728523115143092 -1.2999999879999995 0.5657496432036857
7 1.5730712467741161 -1.2999999879999995 0.56417415175226582
8 1.7732083597454336 -1.2999999879999995 0.56282853771922359
9 1.9731925114051552 -1.2999999879999995 0.56173281007870601
10 2.1731109181680064 -1.2999999879999995 0.56092396574901993
11 0.17449911371301088 -1.2999567249839028 0.77331412449464532
12 0.37403674658882363 -1.2999999879999995 0.77249292928243563
13 0.57375712627392572 -1.2999999879999995 0.77158411375820546
14 0.77366574876316219 -1.2999999879999995 0.77059479249259055
15 0.97375203881747618 -1.2999999879999995 0.76940972776475758
16 1.1739913780327307 -1.2999999879999995 0.76789691890954326
17 1.3743046248124475 -1.2999999879999995 0.76619772631504246
18 1.5745404206900926 -1.2999999879999995 0.764631395546152
19 1.7745682313068971 -1.2999999879999995 0.76333931888574014
20 1.9743537100871842 -1.2999999879999995 0.76227754569555706
21 2.174022448313488 -1.2999999879999995 0.76130308369292254
22 0.17548826381264543 -1.288066519862441 0.97523576797351419
23 0.37452721219808294 -1.2928947065373977 0.97434060713779069
24 0.57399478835512385 -1.2967287872779534 0.97328493422104623
25 0.77397709202598297 -1.2990867830219819 0.97219575052454599
26 0.97439433523895058 -1.2999999879999995 0.9709438839730955
27 1.1751129969955409 -1.2999999879999995 0.96931410646853833
28 1.3758998197582026 -1.2999999879999995 0.96752778795559757
29 1.5764226196729028 -1.2999999879999995 0.96603683009105834
30 1.7764564676773056 -1.2994490420791227 0.9649148747226165
31 1.9759805179853129 -1.2987625117977943 0.96398216706260442
32 2.1752312678837731 -1.2978683232640587 0.96284264941566555
33 0.1780412831947169 -1.2326261806084631 1.1716723207606259
34 0.37551014147245876 -1.2518671917024289 1.1736900813336599
35 0.57379828778339059 -1.2702710145042002 1.1744723961940624
36 0.77343934456652363 -1.2851890574154625 1.1742217723691819
37 0.97441014893045386 -1.294634482517883 1.1731452262699809
38 1.176235755297097 -1.2982667113455459 1.1713230100518799
39 1.378140855234846 -1.2974228600435338 1.1694080336676431
40 1.5793349215263446 -1.2933748839466295 1.1681166964453948
41 1.7794167258510967 -1.2869336995009613 1.1672010999495241
42 1.9784422989365433 -1.2792301409741478 1.1661368831056529
43 2.1769036326606837 -1.2707541340106434 1.1640754603414156
44 0.18754116358878928 -1.1226955045178995 1.3462337703579215
45 0.38120505879613831 -1.1604099653347744 1.3577501413330868
46 0.57592075794486963 -1.2004090861993686 1.3664575551830322
47 0.77308360811968668 -1.2386318145013635 1.3720033071614257
48 0.97378244562181504 -1.2683761063069696 1.3738790599194801
49 1.1776023404421643 -1.282326833561539 1.3725875606491531
50 1.3818216771179732 -1.2780592770820016 1.3703534716246475
51 1.5838878181782194 -1.2611449960206491 1.3683130937830124
52 1.7832683752911946 -1.2381326903082432 1.3652496090527251
53 1.9805191310007768 -1.2134615075607333 1.3603300750228706
54 2.1766869613041901 -1.1890631713167472 1.3523776959247509
55 0.20501634376660238 -0.98145539633869971 1.4994955287248874
56 0.39404349815606016 -1.0323656886077897 1.5214718842270465
57 0.58383340398307659 -1.0906137735231911 1.5405603575414533
58 0.7762388811913481 -1.1517414856594188 1.5562622565656052
59 0.97427225089234326 -1.2058202808321541 1.5657906423231061
60 1.1798577923322784 -1.2345220627121962 1.5673021495278208
61 1.387004581081225 -1.2236225724532563 1.5637871803962118
62 1.5883043413356619 -1.1856616553740849 1.5570948259157646
63 1.7843162739825673 -1.1393126780039824 1.5457878935451315
64 1.9774305828320513 -1.0953636145491847 1.5313285210064274
65 2.1695431499415894 -1.056968998572223 1.5134799706576019
66 0.22468885140962805 -0.82833136154561726 1.6460480495734033
67 0.40921325327225744 -0.88857892695368912 1.6758394342586733
68 0.59497942069087406 -0.95999645808150735 1.7016306583970777
69 0.78385042885927203 -1.0367739766722515 1.7247918145967231
70 0.97889826496343324 -1.1090831455783816 1.7414095292520446
71 1.1843316232428569 -1.1520739506625808 1.7470142453830124
72 1.3912907722613688 -1.1323653875034643 1.7401508356833681
73 1.5890929069308093 -1.070588058732123 1.7259801850182515
74 1.7799632587381755 -1.0046371917032832 1.7044788158614672
75 1.9690020038418632 -0.94787179120936493 1.6828105070108987
76 2.1573541148480753 -0.90249031445345407 1.6594235655438476
77 0.24154388469297419 -0.66755024578172373 1.7948712550081982
78 0.42145722928946144 -0.73694163204448737 1.8289727350601432
79 0.60444811088018913 -0.81970151521295509 1.8569811330417687
80 0.79184834963426809 -0.90618366220519142 1.8824075634856559
81 0.98596093723303058 -0.98560068389085309 1.9023102805432652
82 1.1888019513146084 -1.044694399813052 1.912535891829253
83 1.394488577249646 -1.0144282378997063 1.9039358745137167
84 1.5826280442426921 -0.92812636409807336 1.8732227481339472
85 1.7747450991943921 -0.85630409066623114 1.8542375021666571
86 1.9611078957468546 -0.78886579823395231 1.8298382927050052
87 2.1452424472200433 -0.73784735139153501 1.804425039508349
88 0.25302121759435248 -0.49602296774728372 1.9516904293085198
89 0.42885880796442949 -0.5788229684101236 1.9828458396171158
90 0.61164739545705049 -0.67420784632004549 2.00894256986571
91 0.7995544315762475 -0.76923827229562713 2.0341690948979387
92 0.99267033107100555 -0.85490204373293754 2.0566266502702257
93 1.1915777554354128 -0.92178228850490573 2.0732620530479271
94 1.3948173622115858 -0.88332968957289204 2.0607322230719389
95 1.5848419638377957 -0.7984311451460212 2.0311634081454812
96 1.7680262673515401 -0.69810425811205923 1.9954981278454358
97 1.9577098304980416 -0.62193220350602607 1.9784304026405981
98 2.1354314352168773 -0.56086948209996368 1.9536501234016566
99 0.25524796922125542 -0.30429900290665229 2.1233912166366276
100 0.42986372045941951 -0.41689970015634453 2.1359480526626604
101 0.61842035442928533 -0.52994151308284954 2.1586440045556436
102 0.80863700450826548 -0.63541071692076467 2.1855763666767563
103 0.99896796652532427 -0.72866888780895112 2.2129227520306141
104 1.1928733258647692 -0.79930039953843068 2.2367065805853965
105 1.3936863705177525 -0.76124931328803769 2.2207892094501998
106 1.5820662485010446 -0.67238154092992419 2.1872524139947456
107 1.7703041130463486 -0.56561520556690481 2.1540209090295201
108 1.9590391136528742 -0.44592638255849792 2.1257059875693347
109 2.134632405494342 -0.36280822852876005 2.1157026555274876
110 0.20000016782893271 -0.06875026196728648 2.2999998797333547
111 0.42141149047865656 -0.26330525691785739 2.2789591666458953
112 0.63260208399448403 -0.40072454134133134 2.3079334187281466
113 0.82564889713976231 -0.51881374183596107 2.3432781767189859
114 1.0096804503255989 -0.62343399686203782 2.380251187253096
115 1.1951548366994251 -0.70703486548546945 2.4135330896769078
116 1.3928293088437489 -0.66240125043935238 2.3927296903612287
117 1.5759675740377599 -0.56791553032961251 2.3523370002800505
118 1.7615411923273827 -0.45263020191416253 2.3095718904787708
119 1.963558947993912 -0.31508452354589223 2.2750524049222536
120 2.199999843892686 -0.1000002459768792 2.2999998845082761
frame 16
0 0.16891301038848294 -1.4599999863999993 0.64244024780959319
1 0.36862234124185567 -1.4599999863999993 0.64150224889238094
2 0.5683736699763795 -1.4599999863999993 0.64037575787013712
3 0.76823394588202965 -1.4599999863999993 0.6391879193214145
4 0.96820860167803802 -1.4599999863999993 0.63769075702706679
5 1.1683678171515421 -1.4599999863999993 0.63567887895218989
6 1.3687258265172091 -1.4599999863999993 0.63334117628498421
7 1.5691254759812432 -1.4599999863999993 0.63108019718495667
8 1.7693602902350547 -1.4599999863999993 0.62907458405671612
9 1.9693476734001667 -1.4599999863999993 0.62728803012921597
10 2.1692462848524499 -1.4599999863999993 0.62570680817573199
11 0.17025269764185944 -1.458102734443433 0.84341032851529596
12 0.3697022365636724 -1.459175441555373 0.84222696067275493
13 0.56941656302765187 -1.4599003209065846 0.84099796037311114
14 0.76943135152810771 -1.4599999863999993 0.83975405644628587
15 0.96973596939112416 -1.4599999863999993 0.83821188614656983
16 1.1702795327077473 -1.4599999863999993 0.83612243469575365
17 1.3709192634177387 -1.4599999863999993 0.83372374373960845
18 1.5714114969273851 -1.4599999863999993 0.83149769346445146
19 1.7715693397317078 -1.4599999863999993 0.82959637472061276
20 1.9713644596198618 -1.4599999863999993 0.82788793334447586
21 2.1709828238363778 -1.4599999863999993 0.82612894795022906
22 0.17210944816707147 -1.4287054414391647 1.0441985840132109
23 0.37070604017816894 -1.4391003043416264 1.0435944262320294
24 0.56992809426726221 -1.4481153616796689 1.0426059530472507
25 0.76997072942526246 -1.4547371244172946 1.0413563681519031
26 0.97078433768767913 -1.4585916227181006 1.0397191048135617
27 1.1721209770721961 -1.4597945440239928 1.037442123100758
28 1.3735352195483939 -1.4595357388895598 1.0349240866971665
29 1.5744947702825198 -1.4584476568963882 1.0328543981703915
30 1.774680456344528 -1.456114190762082 1.0312269664262672
31 1.9741259913452138 -1.4534562637823316 1.0296903842253831
32 2.1732001065279611 -1.4506679322027245 1.0276837701391162
33 0.17805163463208815 -1.3421215486921902 1.2299166960339982
34 0.37417009940612295 -1.369498975035196 1.2355526787566615
35 0.57119746425926077 -1.3973931519868139 1.2395083178473045
36 0.77005346512688566 -1.4228212074978388 1.2414210494467905
37 0.971193974888508 -1.4420738657051397 1.2411493816719879
38 1.1741585383919255 -1.4510859503847344 1.2389327978520883
39 1.3773336674576815 -1.4490250394574899 1.2362094712399263
40 1.5791703930682581 -1.4394314955372032 1.2340710872992768
41 1.7791622061987624 -1.425931416385855 1.2319132234683883
42 1.9776380130360844 -1.4112783685343486 1.2288997964609238
43 2.1753785714812923 -1.3966127103686725 1.2240630804703754
44 0.19265939875917079 -1.207896237966448 1.3872872884448797
45 0.38478293144199527 -1.250041839959394 1.4038040923471706
46 0.57752002574668704 -1.2975924304790498 1.4185543474472642
47 0.77253476243344588 -1.346966356381798 1.4301699767012583
48 0.97197435782199926 -1.3906811739960645 1.436487428555304
49 1.1769523154028947 -1.4140786366791334 1.4364790437161614
50 1.3829836374904021 -1.4073127161081507 1.4329635225828032
51 1.5850319155972363 -1.3796119791218791 1.4278069137262834
52 1.782926894884781 -1.3448203074053313 1.4198671444445561
53 1.9783882480730535 -1.3113029569516317 1.4092264274847222
54 2.1729084122889772 -1.2811330462034869 1.3953012299595395
55 0.21274155111114837 -1.0530971763912473 1.5277965245773
56 0.40080048265998108 -1.1047383657754075 1.5538895623080553
57 0.58930964783930473 -1.1662777067851617 1.5781758495981673
58 0.78017765241395032 -1.2335333943671112 1.5999441075898522
59 0.97640023898887918 -1.2981737441163359 1.6150915858087784
60 1.1817560220272303 -1.3367944474149058 1.6196062186173621
61 1.3893151400555512 -1.3222782123165162 1.6137076120063403
62 1.5881606588556496 -1.272260105311511 1.6007588204580923
63 1.7812981427582715 -1.2160929605860857 1.5822449650097281
64 1.9725148587658548 -1.1680289103967532 1.5621943716315323
65 2.1632311986106725 -1.128703221502833 1.5399621821036973
66 0.23203967127501773 -0.88993101965580046 1.6656429288480392
67 0.41587773255995336 -0.9489384675637802 1.6988444319710423
68 0.6011326732689154 -1.020983905066789 1.72819325020438
69 0.78996749077479977 -1.0990518977390644 1.7549501608079687
70 0.98473584186843488 -1.1742011403171886 1.7749558376320413
71 1.1884489223235817 -1.2270485169375744 1.7839113063745045
72 1.3928557881373869 -1.2030117984024211 1.7736560942181128
73 1.5872110597974411 -1.1326627444853319 1.7537016187092418
74 1.775990842166375 -1.0636256789552241 1.727309323389987
75 1.9641103990034232 -1.0066433300537299 1.7028001342795662
76 2.1513877335640168 -0.96267105403662556 1.6770249310816456
77 0.24691878924877306 -0.71866432261579682 1.8076065768397769
78 0.42636714060098374 -0.78561923897452623 1.8437844418461204
79 0.60953065249421401 -0.8674428782444672 1.8736077870364374
80 0.79787790914069756 -0.95262616551225654 1.900621180825113
81 0.99250667157618988 -1.0314556650115987 1.9228174042096742
82 1.1928888022160391 -1.0949257279036269 1.9375375707580651
83 1.3962521415222686 -1.0593772609588052 1.9266336212515327
84 1.5786109927935732 -0.9705271783506263 1.8847730521088846
85 1.7729700408634343 -0.90442335252038952 1.8703447629110217
86 1.9581072348216093 -0.83646534099761782 1.8424667709356126
87 2.1406972630227887 -0.78682524514227925 1.8151020399858575
88 0.25650815382915659 -0.53433032435038597 1.9585364550472162
89 0.43183226118200763 -0.61506109970964085 1.9898002029922777
90 0.61516075005531157 -0.70918370534431352 2.0161678677306401
91 0.80392763271219092 -0.80222061998440242 2.0423735068733309
92 0.99679339473337991 -0.88594701824263766 2.0675590394750332
93 1.1942607925650865 -0.94959927068481453 2.0885185022678781
94 1.395103851736647 -0.91109573382686437 2.0717130926471072
95 1.5875542495249493 -0.83463562851829975 2.0419152376678036
96 1.7662200370979473 -0.73053281112115587 1.9975817701549168
97 1.957400607444546 -0.65852982432911855 1.9850314897804948
98 2.1326266376075105 -0.59770699756416779 1.9592024370199708
99 0.25831176499585123 -0.32618608397953797 2.1258519176079727
100 0.43150770774889829 -0.44059219466061866 2.1355683148731699
101 0.62089598336028917 -0.55347208581113294 2.1574783087151141
102 0.8118775461633464 -0.65716055791508188 2.1855968291804526
103 1.0017465199413287 -0.7481530245978717 2.2163428334094992
104 1.1947232722441308 -0.81504623385261554 2.2440268056524695
105 1.3937580263378668 -0.77730858754218901 2.2240373572449181
106 1.5825056628349692 -0.69351085505961452 2.1873463080525042
107 1.7721346350540601 -0.59091472400163048 2.1534304689108543
108 1.9589853602192007 -0.46850083433751549 2.1226563571169259
109 2.1327371866939826 -0.38492793554139282 2.1181020839568965
110 0.20000017698251024 -0.068750295182202395 2.2999998714297618
111 0.42186066828795393 -0.27651854987731433 2.2714764128964937
112 0.63571928956159796 -0.41518295111572645 2.2997225103543997
113 0.8295625686522623 -0.53139894571281243 2.3369261380163762
114 1.0126513741170859 -0.63369912753456559 2.3782823481638307
115 1.1968329784928171 -0.71535424208066278 2.4169370685208387
116 1.3934096304491748 -0.6706785076473375 2.3921502089396149
117 1.575140476565446 -0.57912034984400407 2.3468846598107782
118 1.7599587573562172 -0.46677440589375058 2.3012279738305907
119 1.9632053599984776 -0.32935098047318861 2.2678378075333039
120 2.1999998387697444 -0.10000027687224025 2.2999998747280244
frame 17
0 0.16523076317293764 -1.6299999846999991 0.72244944321140403
1 0.36491515223197118 -1.6299999846999991 0.72120239373568673
2 0.56465598833625541 -1.6299999846999991 0.71978795490037129
3 0.76455268835809553 -1.6299999846999991 0.71835818165906828
4 0.96461578009193905 -1.6299999846999991 0.71651704345090106
5 1.1649280847863026 -1.6299999846999991 0.71395511665184264
6 1.3655360078914216 -1.6299999846999991 0.71078950261329743
7 1.5662098731266814 -1.6299999846999991 0.70769470966725223
8 1.7666118132975719 -1.6299999846999991 0.70498120757324234
9 1.9666117751125449 -1.6299999846999991 0.70251093673262222
10 2.1664752495536299 -1.6299999846999991 0.70012954402590755
11 0.1673071595769709 -1.6208325662587455 0.9235065324359466
12 0.36649829833457337 -1.6249017199728406 0.92196099196307424
13 0.56606798731578301 -1.6278286437152791 0.92041180688801683
14 0.76610808107167572 -1.6292903676917272 0.91891332029998118
15 0.96663210146818423 -1.6299999846999991 0.91701404442838208
16 1.1675557877874183 -1.6299999846999991 0.91434050669632461
17 1.3686429881296538 -1.6299999846999991 0.91106079178253285
18 1.5695024756609288 -1.6299999846999991 0.90802413515034552
19 1.7698363204530814 -1.6297287727513146 0.90549537668373214
20 1.9696166609432892 -1.6292719229398347 0.9031818732329574
21 2.1691348844722809 -1.6289708042077953 0.90062087458432039
22 0.17100356192325775 -1.5639073557641989 1.1194431285088087
23 0.36866473754684764 -1.5817990444389676 1.1206212986387372
24 0.56715237895069326 -1.5984739894958431 1.1209130494555717
25 0.76690412988602741 -1.6125212994564826 1.1202301062554969
26 0.96807637266301605 -1.6226968766615615 1.1184465671771986
27 1.1702793845856205 -1.6271606151355433 1.1154639427536523
28 1.3726318840654688 -1.6263933059846578 1.111962562272047
29 1.5742127443376417 -1.622391910285117 1.1090967187152299
30 1.7745382517817219 -1.6160472143913367 1.1068107911765377
31 1.9737450924369155 -1.6091722482584394 1.104424159237571
32 2.1724399303133883 -1.6025355270306956 1.1010622268921302
33 0.18171060005594078 -1.4465936751426607 1.2886341571285966
34 0.37628921989538039 -1.4801177132294416 1.2989492892480878
35 0.57158652520932152 -1.5165958193723268 1.308014182952848
36 0.76889562357288954 -1.5533056984769684 1.3143666417828079
37 0.96949786017541162 -1.5857210427330051 1.3168837311106412
38 1.1737000401981801 -1.6027633745638263 1.3150878009651079
39 1.3785191735197995 -1.59932444162545 1.3110762979974948
40 1.5808861479043255 -1.5813998797134039 1.3067745497767465
41 1.7802326478663337 -1.5575308800817786 1.3015524769827711
42 1.9775064140449288 -1.5339025536598319 1.2945910101174061
43 2.1739876173565333 -1.5125234502517415 1.2850015617312793
44 0.20059437935507937 -1.2937755305299601 1.4288866017932413
45 0.3916106259932069 -1.3377247365684839 1.4497806693051352
46 0.58284873199421283 -1.3897011917429634 1.4703243998956206
47 0.77605637895035073 -1.4467515757402216 1.4883648385800374
48 0.97362972435263628 -1.5029862417851594 1.5004679923433455
49 1.1790300249858032 -1.5358304398967277 1.5033463598443269
50 1.3861513516166337 -1.5265661552342997 1.4975801373836042
51 1.5866788443833739 -1.488078962323109 1.4866578374428876
52 1.7819767881449049 -1.4415079246024194 1.4713992161564626
53 1.9753951298169081 -1.4013052428209694 1.45464368215074
54 2.1682922769735962 -1.3682876670049215 1.4352912681163827
55 0.22158442745585974 -1.1279570353765596 1.5579010963703952
56 0.40896360073260729 -1.1787130049342316 1.5876748504612606
57 0.59686788172304361 -1.2411340807738898 1.6160685604440619
58 0.78745523956869024 -1.3105830802351912 1.6421946425809681
59 0.98272147150801414 -1.3805272075005177 1.6613146393721068
60 1.1865190408665687 -1.4290668322176154 1.6694826824830005
61 1.3928837339401121 -1.4109338522797761 1.6610302640756047
62 1.5875705866477134 -1.3488585553489372 1.6395149275693035
63 1.7780166349090336 -1.2887642054101809 1.6151964945703055
64 1.9678846542071853 -1.2396577332880101 1.5918354828668908
65 2.1574927346712145 -1.2012962576899746 1.5668482437732751
66 0.23906991465720073 -0.95505395391236314 1.6873637090486897
67 0.42243692924623932 -1.0113435946686116 1.7232540837810284
68 0.60766405201428209 -1.0819537053186719 1.7548956313615709
69 0.79716536322401876 -1.1581790128417979 1.7833609892955211
70 0.99232269009603991 -1.2312956978389611 1.8054748789836166
71 1.1931777206861247 -1.2920230833125681 1.8177105383445376
72 1.3944935227656232 -1.263658209401378 1.8032592738036619
73 1.5863200474527051 -1.192028920685771 1.7797840104004981
74 1.7736092213264274 -1.1226202344872367 1.7500214346706735
75 1.9607126506298118 -1.0665423175264104 1.7235059736160581
76 2.1467319961933691 -1.0245236250573475 1.695839118430893
77 0.25125733310758974 -0.77269905193053978 1.8221167750847584
78 0.43043279152512287 -0.8359769066424062 1.8593511081083458
79 0.61408649112113978 -0.91530731692193701 1.8898546626479313
80 0.80338332109800981 -0.997553915937474 1.9175917512409861
81 0.99817120301033935 -1.0737073785176152 1.942177247176254
82 1.196853104658772 -1.1351570560942017 1.9599917080192977
83 1.3977588635578113 -1.1010739101532308 1.9457171912562969
84 1.5774369171279008 -1.0143704726335168 1.8967048572849541
85 1.7729170849024012 -0.95290012127736157 1.8867291474419514
86 1.9567503794325556 -0.88530752749232722 1.8559503167339044
87 2.1376517944037228 -0.83748815513143549 1.8272196351711509
88 0.25882811806491068 -0.57474422405637138 1.9665169015789916
89 0.4336969429808627 -0.65267059214611611 1.9968709230865476
90 0.61765796911812132 -0.74459559609643755 2.0226077808186456
91 0.8071904991428599 -0.83461103914941348 2.0492083251656714
92 0.99983013508217899 -0.91474679908788914 2.0765746665604166
93 1.1971162254284016 -0.97123690988986888 2.099530849968291
94 1.3967017198732203 -0.93848223816444631 2.0791816539407462
95 1.5920108755984175 -0.87113487452261329 2.0515076740094034
96 1.7662648375793635 -0.76432026864499492 1.9987489202815341
97 1.9586245642263886 -0.6965302594775471 1.9926753203574878
98 2.131154394682877 -0.63599220631569842 1.9660697472245003
99 0.26061266417820811 -0.3493301806302872 2.1286966061718551
100 0.43213596074883903 -0.4655361058087229 2.1348422419497624
101 0.62235831757382554 -0.57785322218576451 2.1551223643673887
102 0.81433531722525554 -0.67904198967134943 2.1837807147186785
103 1.0043421953236837 -0.76673893951378802 2.2172007124087938
104 1.197260101950792 -0.82939959011733455 2.2473657467027435
105 1.3957558056993757 -0.79480926296136878 2.2241160350744598
106 1.5842162453525601 -0.71526568656240019 2.1841047070206869
107 1.7764620879416899 -0.61857632261182904 2.1528258267769358
108 1.9600271983847875 -0.49204350642754197 2.1187350620856784
109 2.1317682354715513 -0.40805011257934926 2.1213648207018196
110 0.20000018478630185 -0.068750330268703433 2.2999998635015531
111 0.42148874996596786 -0.29088677620540704 2.2632755695108502
112 0.63808451516548348 -0.43046469660733078 2.2895776084771731
113 0.8331789121894978 -0.54389373817838171 2.3276439227672556
114 1.0161474054591086 -0.64264479928452378 2.3724420950266856
115 1.1996801716203225 -0.72150589688923683 2.4153017387974343
116 1.3962962591922581 -0.68153571274479996 2.3885471850017024
117 1.5752568517662673 -0.59150764688883362 2.337777792796234
118 1.7589390392470721 -0.48188400768223905 2.2900773472556679
119 1.9640585876388323 -0.34518710505323336 2.2603490797811081
120 2.1999998351459804 -0.10000030979118617 2.2999998656451806
frame 18
0 0.16356013286212395 -1.8091314229163942 0.81245863851321487
1 0.36316989969284624 -1.8098505221033672 0.81090253847899252
2 0.56283286356479478 -1.8099999828999989 0.80920015183060545
3 0.76275574864822238 -1.8099999828999989 0.80752844389672207
4 0.96296443678540666 -1.8099999828999989 0.80534332977473533
5 1.1635217726200493 -1.8099999828999989 0.80223135425149539
6 1.3644891488915638 -1.8099999828999989 0.79823782884161065
7 1.5655467372524827 -1.8099999828999989 0.79427813870463049
8 1.7662189754907753 -1.8099999828999989 0.79085710001830756
9 1.966276759664574 -1.8099999828999989 0.78773384323602846
10 2.1661070205951445 -1.8099999828999989 0.78455227977608311
11 0.16675635016685381 -1.7817061405057382 1.0135769669540911
12 0.36532517388542435 -1.7917534033262053 1.0116950231533937
13 0.5645870715520046 -1.7996394959809379 1.0098256533029224
14 0.76459809873626094 -1.805047377417424 1.0080725840536764
15 0.96540324202011396 -1.808563469096941 1.0058162026101942
16 1.1668724886281026 -1.8098090216298273 1.0025585785968956
17 1.368576719891069 -1.809702005267287 0.99834517949545043
18 1.5699219860229263 -1.8088753634502857 0.9944608246466784
19 1.7705093782095911 -1.8073356827976479 0.99129790270083451
20 1.9702839425018912 -1.8053278555722296 0.98845943689361526
21 2.1696344447453044 -1.8036736334586683 0.98511280111841171
22 0.17396322717180951 -1.6913714138779032 1.1976154722236554
23 0.3703513335690567 -1.7163424025450933 1.2018761751445242
24 0.56747379793868891 -1.7417348436033913 1.2052397490636
25 0.76621230568894461 -1.7661011188839486 1.2069800921580507
26 0.96728769756967825 -1.786964869432158 1.2064035190175715
27 1.1705676827861817 -1.7978697622826607 1.2031110369043188
28 1.3742744116562771 -1.7965743274026467 1.1984790692654492
29 1.576540001392996 -1.7873468870109626 1.19431233836564
30 1.7768558598346593 -1.7741358235246825 1.1903600404054901
31 1.9755562126322384 -1.7598510853867688 1.1859557293241711
32 2.1734971354220565 -1.7465018361478133 1.1798251323724454
33 0.18975740513306524 -1.5483662135348921 1.3467886386568588
34 0.38310078169354062 -1.5850809495053413 1.3614028844837247
35 0.57670054747592647 -1.6275246213104775 1.3762413555758251
36 0.77198894343954383 -1.673790189556098 1.3887032674243995
37 0.97096520623609428 -1.7198857613554015 1.396648416084225
38 1.1759668755639852 -1.7471088420764511 1.3968314724926385
39 1.3824958053091347 -1.7422344383098092 1.3911030357844465
40 1.5846394757986249 -1.7136405643571329 1.3822777156900032
41 1.7820309963022392 -1.6791303438777023 1.370597735221263
42 1.9773312504298637 -1.6465267388853151 1.3574616171962448
43 2.1721513936010184 -1.6190774440165632 1.3421428692220647
44 0.21120605238612938 -1.3818043335944117 1.471588267067403
45 0.40151791293210842 -1.4255388243931753 1.4961884335872455
46 0.59197758939793466 -1.4792344999540754 1.5213754948610994
47 0.7844907417117426 -1.5402663769842044 1.5446641374675847
48 0.98051135711986004 -1.6052913096742543 1.5616542518845407
49 1.1850822534638141 -1.6475822432143221 1.5682868581274043
50 1.3912419252843296 -1.6358195944604488 1.5593642226291811
51 1.5883375483161271 -1.5865459456243389 1.5407259103034869
52 1.7802058947280228 -1.5301299805187296 1.5170722549471201
53 1.9717461180150642 -1.4877773699544234 1.4960625179292406
54 2.1631719729458845 -1.4542726271578958 1.4732290097883995
55 0.23113609372869237 -1.2064029386112596 1.5903334274542105
56 0.41801877695771422 -1.2547004674135676 1.6231115754478627
57 0.60577544582738962 -1.3158123612932187 1.6541122600480538
58 0.79682326025993233 -1.3839613574790657 1.6822638000504646
59 0.99228755161910487 -1.4528806709846995 1.7034468135645429
60 1.1934765006076402 -1.511339217120325 1.7144335120818863
61 1.396627820623193 -1.4895894923430359 1.7044837508294644
62 1.5864607920663867 -1.4208629285961705 1.6740108980941228
63 1.7753875689095577 -1.3611362832309593 1.6471758480629359
64 1.964083533338191 -1.3122426587035647 1.6212569781794659
65 2.1525315983332218 -1.2758213399699843 1.5946004040361339
66 0.2455804278927427 -1.0235933925309937 1.7115817612048791
67 0.42865423485026022 -1.0757405798084043 1.7490323541523807
68 0.61423910033446039 -1.1432418997802809 1.7814897678387265
69 0.80466004535670799 -1.2160004016048576 1.8103106329123428
70 1.0001576908060668 -1.2860097102517332 1.8341622039377139
71 1.1980864320616866 -1.3469976497875618 1.8495797265027432
72 1.395975283254876 -1.3143046205003348 1.8310768289012047
73 1.5866904507928759 -1.2504058420092836 1.8059307587642464
74 1.772825754533508 -1.1826972184473623 1.773080681402295
75 1.9588488987750576 -1.1281672881302742 1.7449486874955282
76 2.1434006770755971 -1.088451614530928 1.7158557451841427
77 0.25454008842325143 -0.8293873992843166 1.8387075031697462
78 0.43345842591451522 -0.88803727043962732 1.8757902003087015
79 0.61758635707141862 -0.96378077908930038 1.9058372617570698
80 0.80738773696074329 -1.0420270841355417 1.9334994486930634
81 1.0016902696452969 -1.1134859969097637 1.9594914043119671
82 1.1998437281201051 -1.1653883843847765 1.9786931139375918
83 1.3989528790196062 -1.1398184862742087 1.9631680978447656
84 1.5798193770147655 -1.0604104945760808 1.9110859133046827
85 1.7747294949950405 -1.0017090117875591 1.9022887773680379
86 1.957364505920856 -0.93586708092258131 1.8702439547207899
87 2.1363123341225267 -0.89013626869860163 1.8407782653529607
88 0.26017553622680728 -0.61715986877461415 1.976023844796938
89 0.43445866737194894 -0.69195343733565284 2.0044665479605266
90 0.61897196321643033 -0.78123256620291071 2.028689893659418
91 0.80928416947118587 -0.86763628877337684 2.0549068886476829
92 1.0022399295499762 -0.94314718454852497 2.0832422837551956
93 1.2000181309358091 -0.99300320735679515 2.1059669685266869
94 1.3998305716896822 -0.96611666778475258 2.0846831661526659
95 1.5971225877153459 -0.90711066869152246 2.0596689404273003
96 1.7691502361182807 -0.8011850644946007 2.0011555090742532
97 1.9613376561726446 -0.73586224046191151 2.0008109787419612
98 2.1310376470197601 -0.67585289009232086 1.9742338809130635
99 0.26238753844235574 -0.37378822953328178 2.132256305047378
100 0.43185766399225439 -0.49215624511608286 2.1342827925663612
101 0.62280773640569043 -0.60392240538170261 2.1520317729327538
102 0.8160640958027392 -0.70215377787870836 2.1801826450439776
103 1.0069413043581541 -0.7856837445140632 2.2148332304487179
104 1.2003475091557798 -0.84401958960270473 2.2460017067929234
105 1.3990740171423641 -0.81462050570140676 2.2219246046633812
106 1.5870610305191071 -0.73849337851596142 2.1784657444814055
107 1.7824294435647117 -0.64836363955498155 2.1525321679237654
108 1.9623214076602329 -0.51758361985851031 2.1149111886210799
109 2.1313599005794388 -0.4321668649440833 2.1253733619428901
110 0.20000019151814313 -0.068750367703832332 2.2999998563402269
111 0.4203839837377305 -0.30690137782002458 2.2548185807857766
112 0.63978910081073026 -0.4475457183935605 2.2778827564985407
113 0.83666050094764977 -0.5576219392351407 2.3154244208935246
114 1.0204182803414763 -0.65187752615015659 2.3621768966747618
115 1.2034080520893584 -0.72813965452054275 2.408623346479688
116 1.4010504883595731 -0.69647379854900859 2.3832376869202778
117 1.5763845603475213 -0.60650506718966191 2.3261979023785933
118 1.7585607190560035 -0.49886974540310869 2.2764653897293532
119 1.9659368164874111 -0.36286180694112319 2.2528660020396392
120 2.1999998327189303 -0.10000034525701179 2.2999998575798739
frame 19
0 0.16637735146129407 -1.9942688361655379 0.91246783371502571
1 0.36546900709296515 -1.9971009741264514 0.91060268312229831
2 0.56439395883283106 -1.9985136502314331 0.90861234866083962
3 0.76395335028310563 -1.9995955218089283 0.90669870603437586
4 0.96425673445028204 -1.9999999809999986 0.9041696159985696
5 1.1652225799628384 -1.9999999809999986 0.90050759175114814
6 1.3668257923617395 -1.9999999809999986 0.8954650657074873
7 1.5685135087811795 -1.9999999809999986 0.89058960693017741
8 1.7695406195573631 -1.9999999809999986 0.88660714024015519
9 1.9696820471845005 -1.9999999809999986 0.88295674963943471
10 2.1694761222386845 -1.999796435822484 0.87897501542625867
11 0.17062358021633969 -1.9346407887914194 1.1085793494947977
12 0.36802584306810082 -1.9521589567676636 1.1093548338134436
13 0.56630887912197414 -1.9680174814037765 1.1091305898157562
14 0.76579865219000187 -1.9813506456195229 1.1072318477073717
15 0.96688304962552085 -1.992216570907281 1.1046183606920064
16 1.169261999768366 -1.997343746720269 1.1006466953633218
17 1.3720142068195005 -1.9973074217060789 1.0952228989335726
18 1.5740966128858038 -1.9941497822643119 1.0904543924880683
19 1.7748919678566928 -1.9894198179764517 1.0867626435377977
20 1.9744761707950176 -1.9839996569910361 1.0832343978820962
21 2.1735852862168961 -1.978955333611957 1.0789438480462781
22 0.18245038496703544 -1.8118430311094857 1.2746062856708182
23 0.37748271668485323 -1.8416420977827188 1.2830834981035668
24 0.5729968531277958 -1.8749956978109394 1.2914944008997076
25 0.77013962349993137 -1.9097118385219292 1.297660500172636
26 0.97012908740129311 -1.9455020860485392 1.3007511481778451
27 1.1744058356835856 -1.9662424840596018 1.2984977559340387
28 1.3798155277157489 -1.9651195634357559 1.2923869551075295
29 1.5827399996136127 -1.9482063332630908 1.2857255860771275
30 1.7824580039476852 -1.9241343218370606 1.2780852381708427
31 1.9796281754878704 -1.9005299226150982 1.2686278640460595
32 2.1761086270866987 -1.880468145364931 1.2569633207585631
33 0.20232816002497514 -1.6498427345851434 1.4042246963651883
34 0.39490461246844827 -1.6871670398829186 1.4223026953687636
35 0.58747101430178639 -1.7327263269182882 1.4421477430329757
36 0.78146134118821819 -1.7853147245405372 1.460577242556814
37 0.9784707737510594 -1.8440504800777979 1.4743259308956813
38 1.1832340414421083 -1.8814543096890759 1.478567641820423
39 1.3901794508909864 -1.8751444350941684 1.4699923283487242
40 1.5895963312231554 -1.8358812491008618 1.4532725292323734
41 1.783878452963509 -1.790729807773626 1.4334382537371304
42 1.9768514314943373 -1.7504642855000903 1.4140080606924563
43 2.1697834938643332 -1.7211584508704316 1.3936452478727213
44 0.22415371570410325 -1.4727956616293871 1.5159164014302762
45 0.41400565388629501 -1.5146355801321312 1.5435353816019866
46 0.60425517012017504 -1.5678331394363774 1.5716858974082031
47 0.79695439478634156 -1.6294820861658756 1.5978528302844834
48 0.99253568096253919 -1.6975963776633491 1.6172047740731308
49 1.1948567222852993 -1.7493340466319165 1.626927849605706
50 1.3978676215599393 -1.7350730337865978 1.6156003506436898
51 1.5897724898990946 -1.6750129290255689 1.5878645698979328
52 1.778528766530429 -1.6173456251819431 1.5585209865303904
53 1.9685278661388719 -1.5743290189453816 1.5354654624158404
54 2.1587509493348924 -1.5417193326947845 1.5104166782167767
55 0.24126666821045711 -1.2884763903001535 1.6254615606301683
56 0.42784097411848915 -1.3328036354967268 1.66007839180244
57 0.61586365483064698 -1.3909717045416665 1.6919434722890749
58 0.80774219054348195 -1.4561737497184513 1.7202372923801998
59 1.0035659616153769 -1.5226484056153404 1.7422818724920091
60 1.2015101131831356 -1.5836116021230346 1.75548056757249
61 1.4000236956770225 -1.5582451325062958 1.7430679358013117
62 1.5869197171302041 -1.4931684078842187 1.708815742366107
63 1.7744731500446393 -1.4349544237526297 1.6790443975360385
64 1.9616578409698182 -1.3870421337550416 1.650895707996177
65 2.1488105312569146 -1.3530276899195974 1.6231379079531187
66 0.25173545872740388 -1.0953110611593839 1.7384620633048053
67 0.43456580313328508 -1.1422167459336687 1.7760832793009089
68 0.62055285232796287 -1.2055623178758086 1.8079641036275491
69 0.81145303704325844 -1.2740742407551791 1.8361591820540557
70 1.0065117648405673 -1.3393647868851706 1.8606996354784928
71 1.2029722663258757 -1.3919722163625554 1.8772680915597741
72 1.3981008326590623 -1.3628976935050061 1.8572917903016752
73 1.588357056493906 -1.3080592053177711 1.8307315041799259
74 1.7742339842797119 -1.2448848344668035 1.7967279281288544
75 1.9588892674672833 -1.1921300090845597 1.7669919796566755
76 2.1417383747259895 -1.1550534055682142 1.7369482877840563
77 0.25723186653071262 -0.88868028032035107 1.8575888891903054
78 0.43577835245296881 -0.94223693443369505 1.8932783949871677
79 0.62030725847367685 -1.0139691135441886 1.9218018743950145
80 0.81055011103446006 -1.0878466164439513 1.9484439102514275
81 1.0047973983388236 -1.1537872614089346 1.9742752276967537
82 1.2030379322325218 -1.1967485343421524 1.9924249297482095
83 1.4015131491864026 -1.1778639842505956 1.9783248241011369
84 1.5854443167889833 -1.1089612992930185 1.9279259594667266
85 1.7786032628275332 -1.0515222281946082 1.9162902862684144
86 1.9603080249042362 -0.98869741000829781 1.8851850815007696
87 2.1369735880903096 -0.94513381474690572 1.8554734914594559
88 0.26107522968738139 -0.66174299274564619 1.9873207665479669
89 0.43450797452589768 -0.73351751946203592 2.0129416327957856
90 0.6194194551802169 -0.82025270841198572 2.0347296687697485
91 0.81064022390103818 -0.90294026110543235 2.0594393687555401
92 1.0044757529815629 -0.97337269532782533 2.0870721655789013
93 1.2029299746920874 -1.0172816073694333 2.1084074795952525
94 1.4033188612575689 -0.995413824889682 2.0879876954477452
95 1.6020736943264744 -0.94318821543630227 2.0666699765543335
96 1.7750830901798604 -0.84201454512200025 2.0065219049627854
97 1.965706236073933 -0.77669292480461127 2.0086619182066796
98 2.132524479089279 -0.71753672262791657 1.9833953295802245
99 0.26404151493868688 -0.39978085760475846 2.1367487928915598
100 0.43099067458467549 -0.52104912812723692 2.1342658857051897
101 0.62247433782952177 -0.63274950985385303 2.1484752348351801
102 0.81725007631258473 -0.72795126492470252 2.1746579042182272
103 1.0095809417658965 -0.80676269674473233 2.2086864522675724
104 1.2036157951302755 -0.8607733993694866 2.2399919377206139
105 1.4028589930123798 -0.83746082194776938 2.2177126343810594
106 1.5903189258495041 -0.76386998910704573 2.1712507835571517
107 1.7885379077746626 -0.67958556202520903 2.1525278284070817
108 1.9662357804482644 -0.5462566755549958 2.1128748697008137
109 2.131445031170605 -0.45727865822770469 2.1296619986068874
110 0.2000001976705735 -0.068750408306707936 2.2999998501707508
111 0.41872592954052729 -0.32517109045310799 2.2464384407801155
112 0.64100745634861178 -0.46759876627969532 2.2648760021217136
113 0.84008643868974775 -0.57420036950033626 2.3001386422621
114 1.0253528481584187 -0.66332514964432809 2.3470103447847017
115 1.2073927741617827 -0.73759059297564611 2.3973264202333304
116 1.4064911822880908 -0.71621016656873115 2.3767642568401293
117 1.5779739302255329 -0.62507479961155721 2.3134088767261556
118 1.7586300641864401 -0.5184877238905844 2.2613971589447512
119 1.9682995984540927 -0.38226672165968073 2.2455620712611926
120 2.1999998312364872 -0.10000038377997764 2.2999998507805168
frame 20
0 0.174593287611782 -2.1797084986018596 1.0224770288168366
1 0.37302995704900638 -2.1870624008164019 1.0203028276656041
2 0.57101067280977202 -2.1914731569767536 1.0180245453910739
3 0.7697293436308047 -2.1957610899725228 1.0158689680720296
4 0.96984524010626993 -2.198968051071565 1.0129959021224038
5 1.171324592433318 -2.1999999789999984 1.0087838291508009
6 1.3737735552752002 -2.1999999789999984 1.0021898873095294
7 1.5763951687982531 -2.1994716478165914 0.99597958461668301
8 1.7781765971483527 -2.1987800281682519 0.99144455710816792
9 1.9786173410071526 -2.1987090523396233 0.98815969134928727
10 2.1783450234388875 -2.1973131466250226 0.98339775097643423
11 0.18185608343958404 -2.0783578648746039 1.2028871226079574
12 0.37769905591009617 -2.1025645103091222 1.2079244331794987
13 0.57416605092312156 -2.1263954669266152 1.2120916291625303
14 0.77212447040202581 -2.1510881648071178 1.2136670244012813
15 0.97267692350855839 -2.1750424151028804 1.2127485122639805
16 1.1761124695249581 -2.1884006141584567 1.2082871032552172
17 1.3804155691543503 -2.189284725835706 1.2012841058490549
18 1.5833229462939675 -2.1824344059715028 1.1948496815452569
19 1.784349048949208 -2.1720644974416738 1.1898585080229509
20 1.9836458581146508 -2.1591039787843544 1.1852667632954725
21 2.1820660830830274 -2.1456802548699616 1.1787098348369638
22 0.1979353131400271 -1.9287505918733061 1.347592696904746
23 0.39185443136488168 -1.9604860923850416 1.3599752144581398
24 0.5858980127726553 -1.9985515190701015 1.3745447568399114
25 0.78120949913324211 -2.0433225582599102 1.386899754570428
26 0.97907362409834864 -2.0940393027649207 1.3967682120439799
27 1.1836949641764971 -2.1264831153905486 1.3977359724153997
28 1.3908114430465575 -2.1255090091103979 1.389729328373819
29 1.5934276990264933 -2.099065779615219 1.3773709410367905
30 1.7899587525110454 -2.0641328202494389 1.3608609608813582
31 1.984555779333151 -2.0312087599434276 1.3444159632458383
32 2.1790431606178542 -2.0044344546820492 1.327356726971654
33 0.21963585373500208 -1.75336242349676 1.4607629797762836
34 0.4117462471857013 -1.7893960763857657 1.4817115011159583
35 0.60401834658735254 -1.8356387778561487 1.50548807127148
36 0.79807969348379304 -1.8915475685277805 1.5281010604848713
37 0.99375527219137216 -1.9582151989001944 1.5455835856561506
38 1.1968470659663308 -2.0057997774017009 1.5541406785905996
39 1.4014456429580002 -1.9980544319785276 1.5418142550799938
40 1.5951605296415179 -1.9481219339445908 1.5145902112176812
41 1.7856506875132774 -1.8932162783153716 1.4879177127806704
42 1.9760110841725371 -1.8536577415475322 1.4646596692815765
43 2.1669989659508668 -1.8239805668618709 1.4418592346094972
44 0.23921937022946718 -1.5675484703404738 1.5619369213433678
45 0.42869782529087602 -1.6057986830776749 1.5915421378710122
46 0.61895367902055787 -1.6565140080593361 1.6209060990727537
47 0.81204507616531441 -1.7158650038841674 1.6475268452820551
48 1.0078403383947747 -1.780190790866818 1.6676601889166922
49 1.2066664678692265 -1.8410858501495109 1.6781559157682289
50 1.4049717376741893 -1.8243264732127469 1.6661542502093964
51 1.5916678737473584 -1.7604089237049845 1.6313636761466639
52 1.7782321512896859 -1.7056299574766189 1.6001954030455168
53 1.9666898207929346 -1.6633205937618381 1.5739835993477895
54 2.1552447667462888 -1.6326449462616064 1.5476031639147063
55 0.25197812999994668 -1.3741571758535376 1.6631288693841739
56 0.43824627205158767 -1.413147468865054 1.698089013729841
57 0.6264729604389605 -1.4670796077122246 1.7294084835128005
58 0.81871274728416155 -1.5280348858858384 1.756927863026666
59 1.0143756884780035 -1.5894423144652414 1.7794706615190405
60 1.2094442095181943 -1.6458839872257442 1.7928740382313662
61 1.4034011627246286 -1.6189721610022447 1.7776942792695749
62 1.5897220141142767 -1.5659791936664857 1.7453024923424816
63 1.7756017412673895 -1.5104851747408741 1.7113912006001524
64 1.9612950126272388 -1.4649164008579811 1.681135355106482
65 2.1467603496065966 -1.4335678853664644 1.6523680729073236
66 0.25790087046204296 -1.1700494404938249 1.7678675434012623
67 0.44031217151313984 -1.2110441926148812 1.8042720181796357
68 0.62644297219012546 -1.2696139746557527 1.8345571671374328
69 0.81738020005728895 -1.3331691174050806 1.8613593191957061
70 1.0118858507278754 -1.3919185483068264 1.8850921427331806
71 1.208082443388957 -1.4324107209349013 1.9001307032822405
72 1.4017425265146848 -1.4133880837746711 1.8819472783183775
73 1.592122972332191 -1.3658403268869603 1.8536007595085069
74 1.7783847939820845 -1.3093344299181029 1.8210918278676314
75 1.9613584491128617 -1.2589255575912475 1.7896349846117172
76 2.142177944581976 -1.2247231886367509 1.759045927493597
77 0.25996122664672155 -0.95063717696554717 1.8788008582012163
78 0.43785908341232577 -0.9990762864531102 1.9119932176995458
79 0.62259342938956685 -1.0667676898225613 1.9381152057753497
80 0.81335178926889629 -1.1360705647698628 1.962718091481747
81 1.0081541187584733 -1.1959719314700215 1.9867197323791732
82 1.2068911510761451 -1.2316643452027383 2.0024145820654211
83 1.4058296603150062 -1.217907136382248 1.9904715393977042
84 1.593734577559254 -1.1605167397535205 1.9467660045423951
85 1.7845457054064446 -1.1032030210778678 1.9288732280345133
86 1.9656358714776652 -1.0442255183183624 1.9007489473133985
87 2.1397025728777743 -1.0027387694934329 1.871118149790707
88 0.26217935638629597 -0.70872099337888039 2.0005215092062807
89 0.43438585929150175 -0.77792197997249379 2.0225812168512838
90 0.61945050522352074 -0.86255075165336303 2.041051572702322
91 0.81170225242871263 -0.94164175177289855 2.0629361711481247
92 1.0068907524079833 -1.0068528944389445 2.0880749442626105
93 1.2061301542571283 -1.0457358469201898 2.1073317132826923
94 1.4071155670394706 -1.0280650945010532 2.0884810596751811
95 1.6068490684739893 -0.98087448076922934 2.0722826266445349
96 1.7837222983006289 -0.88712679422675533 2.0155620933588816
97 1.9717908373384432 -0.81955190994353744 2.015942414727395
98 2.135642223669779 -0.76132701024635208 1.9932822047707788
99 0.26606657696045471 -0.4275567013957115 2.1422794746030362
100 0.42998959718758628 -0.55274785561300765 2.1350801167019733
101 0.62173545233382743 -0.66523693778586646 2.1447465370999663
102 0.81817109918996567 -0.75768717130784213 2.167332065675232
103 1.0123469810071328 -0.83165223784576137 2.1988185083780349
104 1.2069770735907477 -0.88170534525271993 2.2298519678937807
105 1.4067033668535187 -0.86457151148647327 2.2112912661920276
106 1.5934377185488107 -0.7924288353795117 2.1624863326532155
107 1.7936366071334868 -0.71222159632380122 2.152357043669213
108 1.9718283082581454 -0.57874765732841227 2.1140615055765846
109 2.132086127945291 -0.48360951406071806 2.133870259353936
110 0.20000020382569686 -0.068750452915900734 2.2999998451576271
111 0.41676883314274965 -0.34625201075920831 2.2384299855110537
112 0.64198377462486322 -0.49167595254458407 2.2508724568226595
113 0.84356208809118471 -0.59512030720205422 2.281958931906559
114 1.0308775220401187 -0.67885815105618408 2.3269579155707794
115 1.2113356329982172 -0.75185000417799353 2.3819562717979537
116 1.4115369715643671 -0.74114597341704624 2.3686319370879305
117 1.5794763954356978 -0.64829061320275994 2.2998831715342059
118 1.7587613049566404 -0.54156646393001562 2.2457570658723078
119 1.9705594914361477 -0.40342204670835308 2.2383978495919585
120 2.1999998303283603 -0.10000042597324764 2.299999845353041
frame 21
0 0.18876536339284777 -2.3572341291649161 1.1424862238186473
1 0.38606671319668945 -2.3707673981558117 1.14000297210891
2 0.58283155350916316 -2.3827488320740544 1.1374367420213083
3 0.78051268248726668 -2.3933042930786259 1.1350392300096834
4 0.98039797642420345 -2.4041254264758658 1.131822188146238
5 1.1828538506405442 -2.4088070205162437 1.125964412812821
6 1.3869138660947298 -2.4086682872333443 1.1168949661531615
7 1.5908196963867851 -2.4057477618235668 1.1096100266343873
8 1.7925986753455296 -2.4040352775371798 1.1051852231149448
9 1.9924883397418687 -2.4041540608690539 1.1019064390881959
10 2.1920363803875658 -2.3999479753039137 1.0978204864266099
11 0.20160315610020671 -2.2157927819593324 1.2951814719508983
12 0.39635142241413313 -2.242970063950581 1.3035840791306885
13 0.59110459651742897 -2.2747734525494541 1.312687696206007
14 0.7867253123866268 -2.3108256840947128 1.3207383103903727
15 0.98520487658693345 -2.3519499473096661 1.3256858329891652
16 1.1893099691088052 -2.3779861162510039 1.3225441697484062
17 1.3954905208032715 -2.3820459648617995 1.3135401005232044
18 1.5994645256245277 -2.3686669124048461 1.3051746200519179
19 1.8001760164530978 -2.3459419449117918 1.2972985761517892
20 1.9974267688329328 -2.324208300677673 1.2865579692113174
21 2.1935512501124039 -2.3024051762279667 1.2732366869240597
22 0.22102541590627117 -2.04579924274283 1.4171104532400156
23 0.41438733313522652 -2.0771329425233946 1.4323084029375241
24 0.60765232265955083 -2.1176784837111096 1.4513835617493178
25 0.80180253270376667 -2.1683611194496577 1.4705355409070295
26 0.99759654018202915 -2.2325765195813023 1.4862996356911879
27 1.2013282840406527 -2.2767237468214958 1.4926421847899665
28 1.407970658369756 -2.2758984548850401 1.480668925966335
29 1.605432750632199 -2.2399252260673475 1.4590162960964534
30 1.7975416961374731 -2.1941313187618174 1.4336366836918737
31 1.9892966764500775 -2.1518875973717573 1.4107752883946871
32 2.1810570006220447 -2.1233046574802708 1.390335674071866
33 0.24169382132974018 -1.8604059273038402 1.5167572382978678
34 0.43340851091533544 -1.8936145778548024 1.539975385791005
35 0.62549890077226145 -1.9387347875208345 1.5659227147009647
36 0.81966943361804312 -1.9945837537050339 1.5907039803506533
37 1.0150858533251503 -2.0623799178225912 1.609385408332713
38 1.214877542427697 -2.1201452452143261 1.6197137154607761
39 1.4140908972256758 -2.1109644289628871 1.6046060562387698
40 1.6013648370136933 -2.0503626188883199 1.5694375682013455
41 1.7879615339242203 -1.9990452769325571 1.5390457188443021
42 1.9758631449486088 -1.9586149095591279 1.5137602042368705
43 2.1652752453116868 -1.9289751161119935 1.4896251450138309
44 0.25675851081222523 -1.6664935956556668 1.6094426387952232
45 0.44585578986993551 -1.6997038072818196 1.6396564387872565
46 0.63609377430989045 -1.7467956878455912 1.6688353945295396
47 0.82941313561599461 -1.8027793217980683 1.6948279335582963
48 1.0250427155671724 -1.8634883317900039 1.7147804533722331
49 1.2192746310622462 -1.9228376537671052 1.7255497395432429
50 1.4121672785850932 -1.9035799127388959 1.7114668795867414
51 1.5956933689129436 -1.8479256578194416 1.6758137064727918
52 1.7806175630803338 -1.7970121842726927 1.6421804353805736
53 1.9665561340397337 -1.7559866244436919 1.6130233703098871
54 2.1532328975870687 -1.7273316333671356 1.5857621744076713
55 0.2639432627644932 -1.4634802743109012 1.7027912800958076
56 0.44967115912095462 -1.4962619319881716 1.7366385515417062
57 0.63768123658659426 -1.5453061672416086 1.7664670524948254
58 0.82946373233606896 -1.6012877945738522 1.7924023442157351
59 1.0238429410262624 -1.6559291227104662 1.8134573235734166
60 1.2175933850505822 -1.6981563724284539 1.8252266104925106
61 1.4082153687531138 -1.6827318521402401 1.8092552521214884
62 1.5950621685921584 -1.6396171604654182 1.7801731205940676
63 1.7795845732847493 -1.5892134831224383 1.7443644131407485
64 1.9633051724422881 -1.5463310255348399 1.7124097175940127
65 2.1466074329875386 -1.5176834130116954 1.6826854735433607
66 0.26506103505425205 -1.2479632763953197 1.7994245096230348
67 0.44671317345505235 -1.2829021760091166 1.8334444627528697
68 0.63270897824846328 -1.3366133137577638 1.8614101672243517
69 0.82368489392937172 -1.3950167944677845 1.8858207770841373
70 1.0182707784442457 -1.447018028226382 1.9066769551142115
71 1.2147124258756483 -1.478976816172036 1.9180441543115421
72 1.4089283809137438 -1.4675996841358925 1.9039067724433845
73 1.598905321904625 -1.4269372614486682 1.8757273545666968
74 1.7849770321639518 -1.3764803543311712 1.8452940388475341
75 1.9661301527644433 -1.3290146898126878 1.8132606860875742
76 2.1445582965847665 -1.297573637118538 1.7823917421502253
77 0.26376035835259942 -1.0155649080895175 1.9021538127888282
78 0.44061528113601178 -1.0592456168642082 1.9319988822515672
79 0.62531129196970758 -1.1232736250217985 1.9549670815178521
80 0.81674754351423351 -1.1882108025736704 1.9762268867977635
81 1.0126530172027364 -1.2423796989783009 1.9963543032554159
82 1.2121546159851544 -1.2728132638500553 2.0086366750543418
83 1.4118082207972147 -1.2627021464931012 1.9988025090730648
84 1.6039830971464544 -1.2159369984082355 1.9664201076526544
85 1.792293053625869 -1.1583822455837722 1.9414724784382273
86 1.9725860569976621 -1.1027529195965495 1.9169572318928085
87 2.1438919976938506 -1.0631666589279258 1.8879169303822376
88 0.26442280835475701 -0.75845461393332614 2.0155477593797557
89 0.43495731708418245 -0.82577871259359026 2.0335318283608612
90 0.61988208307964465 -0.90907154815472091 2.0478470146240091
91 0.81324086655928252 -0.98508744546047289 2.0653765851878214
92 1.0100968498345322 -1.045550958504164 2.0860518855219903
93 1.2101631648937119 -1.0806372095812049 2.1027798630767065
94 1.4116638523162712 -1.0662677673587968 2.0857678244068958
95 1.6118587305024383 -1.0221594619178043 2.075510472775453
96 1.7943853132135545 -0.93688590086076695 2.0280691659445718
97 1.9791009891042541 -0.86525009439253586 2.0232100233085331
98 2.1397527786078951 -0.80756458456108282 2.0039172496840711
99 0.26913549984762636 -0.45742280904099875 2.1488364672179934
100 0.42955846473044818 -0.58779482384243731 2.1369183837649395
101 0.62126828027895653 -0.7023143027244273 2.1411142568295936
102 0.81940402400029244 -0.79278793830806005 2.1583963019637298
103 1.0156368657342965 -0.86241021540602414 2.185333827773833
104 1.2107612503513148 -0.90927749289414261 2.2159287727687795
105 1.4107612682982271 -0.89776256787080089 2.2022710189874193
106 1.5965554054425055 -0.82591329813935677 2.1516908738662841
107 1.7976170157601814 -0.74743954656994449 2.151222154863393
108 1.9786079202733131 -0.61525770586765882 2.1189059575716689
109 2.1330250777075208 -0.51163949388780539 2.1381134355471456
110 0.20000021082700067 -0.068750502492137516 2.2999998413902327
111 0.41494285702610351 -0.37071799495279772 2.2310564366263335
112 0.64322222177537614 -0.52088367479942299 2.2362396785442074
113 0.84750370249407192 -0.62205765648605948 2.261221214919741
114 1.0372898025933577 -0.70069338606450315 2.302118523525567
115 1.2154364469461107 -0.77307110300530246 2.362758560896792
116 1.4158417595716788 -0.77212372802105589 2.3579035143866243
117 1.5807689475517841 -0.67751278717873098 2.2850849020611705
118 1.7589408534559605 -0.5693562745134727 2.2296858534254866
119 1.9726455028507548 -0.42697281005870491 2.2312182746066331
120 2.1999998294790437 -0.10000047264271983 2.2999998412415508
frame 22
0 0.21122317266728097 -2.524759759827973 1.272495418720458
1 0.40700203176402872 -2.5444723955952218 1.2697031164522159
2 0.60103623196567613 -2.5640245072713554 1.2668489385515427
3 0.79656004588267948 -2.5827377546080221 1.2642094918473372
4 0.9955943163887756 -2.6101808387590513 1.2606484740700723
5 1.1997957889215514 -2.6226765474382954 1.2523999002288615
6 1.4054604505653239 -2.6232307619011093 1.2392862136554748
7 1.6101377709835136 -2.6174337817315334 1.2270623186728262
8 1.8124576131447299 -2.6141556256162701 1.223220026631608
9 2.0124672597677149 -2.6111442054411702 1.2251219060509111
10 2.2115556215990662 -2.5990147012889517 1.2222432217767856
11 0.22960365093575805 -2.3511409300152075 1.3877395071594163
12 0.42388482213611517 -2.3781321334129109 1.3968910619131423
13 0.61744557365426966 -2.4131514382722932 1.4103757568923232
14 0.81081896482147442 -2.4605632034823079 1.425734508710284
15 1.0065054873859958 -2.518857479616452 1.437868576120827
16 1.2101606005551726 -2.5585495640465634 1.4396431936263354
17 1.4181396027843696 -2.5648072039878933 1.4286163640320126
18 1.6209143381568307 -2.5448994189381895 1.4124785075988817
19 1.8166025091131273 -2.5098193924819099 1.3947386443806276
20 2.0101770621078852 -2.4793126226709918 1.3778491752271622
21 2.2031995674247162 -2.449130097685972 1.3577635391111555
22 0.25077259694801485 -2.1655211169306865 1.4857857295106485
23 0.44392211751443705 -2.1947960391757979 1.5029015334347537
24 0.63705812287974239 -2.2356649207571264 1.5251851984686089
25 0.83122857587753485 -2.2899886129916789 1.5484394097470453
26 1.0256106947962402 -2.3611137364976842 1.5665327066690995
27 1.2262350067332803 -2.4169643783524433 1.5775483972645332
28 1.4278909667941482 -2.4162879007596825 1.5616085236588511
29 1.6178920907997474 -2.3707846726194761 1.5306616512561164
30 1.8050371012851729 -2.3149399064376026 1.4976192214797814
31 1.9933606918520952 -2.27753435253087 1.4726230001167864
32 2.1819432992627057 -2.2484732082379444 1.44994994754631
33 0.26788719018226942 -1.9714621650550088 1.5732605964407542
34 0.45912798115855674 -2.0004595762095327 1.5978113828408094
35 0.65083666349808533 -2.0430190569676503 1.6245083555614022
36 0.84462258801450196 -2.0968932904863493 1.6495124891439068
37 1.0397112944733342 -2.159850266653411 1.6680519442195096
38 1.2343194430244975 -2.2244907131269516 1.6768689711099445
39 1.4270189734380261 -2.2138744260472469 1.66164672956292
40 1.6093791633232784 -2.1563784604237606 1.6244545559390466
41 1.792496232151259 -2.107443222148917 1.5918562656426585
42 1.978225886465045 -2.0687114080193836 1.5630533642003357
43 2.1649056825906623 -2.040757959589317 1.5375480780608948
44 0.27689575827748891 -1.7691900763714716 1.658180419593458
45 0.46532024791649657 -1.7964347291010792 1.6877264060621651
46 0.65495142368496018 -1.8391582300876126 1.7160158680278377
47 0.84736461525120743 -1.8908319626948136 1.740818433177332
48 1.0414164086676123 -1.9451239808912186 1.7594232610802181
49 1.2327548607746222 -1.9945894574846996 1.7682369486521738
50 1.4205251037504565 -1.9801479997203699 1.7528741139767454
51 1.6029206272834842 -1.9381365195866174 1.720852303385362
52 1.7859008290922864 -1.8920909960931172 1.6854752481049982
53 1.9694063161837221 -1.8537271584276389 1.6534868936076788
54 2.1535955721933981 -1.8274163934709142 1.6251552165265206
55 0.27811259284913203 -1.556117442656157 1.7439179499600042
56 0.46289632383991919 -1.5825312396711593 1.7756037111990077
57 0.65028844731254132 -1.6265797998434492 1.8035083614695215
58 0.84142150079755174 -1.6773827706465905 1.8270725535572334
59 1.0349798796595913 -1.7250771563783263 1.8447674342519806
60 1.2280307555272458 -1.7577046978800812 1.8526011942993657
61 1.4171544976258035 -1.7496951738840685 1.8389640573811221
62 1.6037550856987939 -1.715701235294981 1.8128023042214396
63 1.786942992304472 -1.6717609953073878 1.7781772576655706
64 1.9682654909133332 -1.6321836547770243 1.7450005494080025
65 2.148858676757937 -1.6061913378332406 1.7145107083843112
66 0.274505840214047 -1.3290826764715105 1.8326950825867219
67 0.4549708923230224 -1.3583578611717517 1.8635591166483862
68 0.64055297753986185 -1.4075914092648649 1.8887024706675093
69 0.83168657266651236 -1.4611426929901987 1.9095107460556107
70 1.0267752617022865 -1.5071076608310687 1.9255189504623824
71 1.2235035634329137 -1.5335940647823525 1.9326958909481211
72 1.4183394087160932 -1.5268280524425426 1.922652450216441
73 1.6087045419835151 -1.4930146262244484 1.8985573761712329
74 1.7937316359362434 -1.4471686195263831 1.8692989477222646
75 1.9730067064959769 -1.4030592141627609 1.8381298510367925
76 2.1486617045531244 -1.3740628013309091 1.8073586704225688
77 0.26993980444892746 -1.0837210791425 1.9273050068647064
78 0.44530270708962449 -1.1233336984243802 1.9532971985153229
79 0.62966774634905109 -1.1844442329479845 1.9724620338108843
80 0.82182983561169443 -1.2456791072001194 1.9888954883357808
81 1.0190293356095845 -1.2950486082054871 2.0032233014461611
82 1.2193385041370051 -1.3219671459663929 2.0118535966952851
83 1.4197207824897637 -1.3141124316604034 2.0039679480435586
84 1.6150547275263452 -1.2754300674276873 1.9843960296775536
85 1.8017896215085731 -1.2187046591990491 1.9564167286811585
86 1.9804317739651125 -1.1647788384228321 1.9338246602118034
87 2.1488704841776363 -1.1268285848058814 1.9062486606055
88 0.26899483207854674 -0.81128762521799869 2.0321665940552607
89 0.43739195322555391 -0.87763545708643476 2.0458377200473481
90 0.62183879574112211 -0.96069403732893799 2.0552460316112593
91 0.81622206298286881 -1.034626004837564 2.0668213350119569
92 1.0147802498081715 -1.0913702042601887 2.0811557369030917
93 1.2156727095086244 -1.1238357951511706 2.0951835328327379
94 1.4176870532978383 -1.1118468658172809 2.0801428150146379
95 1.6179692175645377 -1.0689920146611296 2.0755997142863563
96 1.8061101023061814 -0.99137432939331127 2.0428377130804889
97 1.9869085829102828 -0.91472520853795081 2.0316120548196634
98 2.1439248573284728 -0.85669063978308901 2.0155710272582645
99 0.27409434946048594 -0.4896864029745418 2.1563051203717913
100 0.43066248314630678 -0.62669658600794176 2.1398960700323495
101 0.62204433603256071 -0.74487762238677402 2.1378386763875112
102 0.82178368841614213 -0.83467922153771301 2.148154548555302
103 1.0200810398279545 -0.9010229502164 2.1685552574248113
104 1.2156115635716036 -0.94557023854406153 2.1987237199007796
105 1.4156608805529496 -0.93859351336720487 2.1904037347951202
106 1.6005861967229966 -0.86625067846772219 2.1387041441416246
107 1.8013952008929905 -0.78705679508780046 2.1484385704674223
108 1.9858719477347018 -0.655770429233971 2.1268634600967995
109 2.1337478662009066 -0.54196936960507092 2.1429009149289366
110 0.20000021979727839 -0.068750558000206657 2.2999998389137977
111 0.41389763130282303 -0.39912203914191752 2.2245598563951483
112 0.64551491758887969 -0.55630166169952944 2.2213923443668935
113 0.85261778692321788 -0.6566757830198815 2.238433367685146
114 1.0451373402958757 -0.73103162134188127 2.2728376134472392
115 1.2203817262078609 -0.80304206543569279 2.3399345038512833
116 1.4200636113458782 -0.81046326210748276 2.3441046731276698
117 1.5822392824196565 -0.71395094823901473 2.2681179439370966
118 1.7598675171606182 -0.60337584306257197 2.2129452297270089
119 1.9751106353162338 -0.45401237734903727 2.2240517776183721
120 2.1999998282881736 -0.10000052469893021 2.2999998383409452
frame 23
0 0.24270575455378762 -2.68228539059103 1.4108483068553399
1 0.43705836917391266 -2.708177393134632 1.4094032606955218
2 0.6286997127597399 -2.7353001825686567 1.4042694949651795
3 0.82064777731237004 -2.7621712162374186 1.3941880111212865
4 1.0164793741280376 -2.808907981053046 1.3943551767981679
5 1.2226723963503119 -2.8357788711815242 1.3818879619866478
6 1.4311518638841925 -2.8401279137803184 1.3639485783557483
7 1.638091130724026 -2.8306955428153873 1.3502613685677911
8 1.8421580938775601 -2.819360606870255 1.3512548300482712
9 2.0424461796935609 -2.8081343501132867 1.3583373729136263
10 2.2398795945316095 -2.78808142737399 1.3566659570269612
11 0.26507679544283563 -2.4878092264988454 1.4837914765050677
12 0.45916675651672523 -2.5142892690216949 1.4927645224117287
13 0.65227088093032926 -2.5500852078398353 1.5063486795223251
14 0.84491261715632204 -2.6006859458828506 1.5241594815781809
15 1.0378060980850581 -2.6757650120232381 1.5400513193524887
16 1.240353188770372 -2.7291130119421232 1.5467422176042647
17 1.446482247453903 -2.7375684432139873 1.5336926276408209
18 1.6416500718480636 -2.7111319255715332 1.5097823952458456
19 1.8318762982114081 -2.6636968401520282 1.4821787127094659
20 2.0230722836843622 -2.6244169447643109 1.4591403813430071
21 2.2134544196462809 -2.5873095871546008 1.4391837742543128
22 0.28546574055178642 -2.2898798987245526 1.5569756468549467
23 0.47822392102837591 -2.3161601184612435 1.5754200870239286
24 0.67097540579302772 -2.3553618918735215 1.5982928425399487
25 0.8647539393545105 -2.4090402549303307 1.6223132267136968
26 1.0584444235733477 -2.4796509535140663 1.6403069286719771
27 1.2540678524680409 -2.5472050099833909 1.6524546098391
28 1.4479417228876348 -2.5466773467343251 1.6325481214513671
29 1.6321544673670869 -2.491644119271605 1.5964302999518745
30 1.8141456547224943 -2.4450236706790496 1.562889210312582
31 1.9990409517193988 -2.407811920982069 1.5367767823927492
32 2.1848073257822254 -2.3763715430254568 1.5129941243372407
33 0.29740976901544341 -2.0869734491456713 1.6318904926090123
34 0.48787229692570311 -2.1108642893647729 1.6566562846462247
35 0.67878312093880588 -2.1498383874167017 1.6829191792016553
36 0.87154851524169707 -2.2004611369388809 1.7071582965309704
37 1.0650921768790085 -2.2588588294196348 1.7244200159531862
38 1.254355204461526 -2.3188361811395772 1.732162253373456
39 1.4404888762928478 -2.306784423231607 1.715066142257643
40 1.6198698345762099 -2.2639722001577178 1.681610310239352
41 1.8008482172353006 -2.220773715518785 1.6465809881977329
42 1.9831611338050652 -2.1848531190152647 1.6156827538297638
43 2.166705034060652 -2.1579139166327144 1.5888181468549243
44 0.29992277498165454 -1.8754421855509256 1.7083065812915865
45 0.48718988733994423 -1.8965802579545172 1.7363525557126096
46 0.67570490936893324 -1.9346596698643639 1.7633457149054763
47 0.86668344488370563 -1.9816268351765824 1.7862789031284569
48 1.0587174304144509 -2.0292451017655146 1.8017960931999113
49 1.2480493999679718 -2.0662552164311654 1.8075096182943717
50 1.4322289620102246 -2.0613120181663445 1.7922495675285224
51 1.6144896029864502 -2.0306219370462411 1.7652285390523854
52 1.7954159625193742 -1.9917705903939389 1.7302594508403057
53 1.9758628049408904 -1.9568054187688269 1.6967975321107831
54 2.1568791145329489 -1.9327662293832544 1.6673804293364314
55 0.29545072561490821 -1.651944014127811 1.7862712368106519
56 0.47879623860864651 -1.672484962442315 1.8152848104534418
57 0.66524319559431755 -1.7118519801834213 1.841007958395261
58 0.85573884891229246 -1.7577390924849809 1.8612815038779835
59 1.0487461711787229 -1.799326473042544 1.8740896127205393
60 1.2411457516730209 -1.8256388662192859 1.8777958639849068
61 1.4300897243098738 -1.8224531955663945 1.8666992270060359
62 1.6160294797158945 -1.7964109351936761 1.8448213671172489
63 1.7978265716609596 -1.7588366245437468 1.8130229567406471
64 1.9763869126711471 -1.7227963111736873 1.779759459106546
65 2.153847997794109 -1.6992463601353738 1.7489597143964182
66 0.28743391769309473 -1.4134456754634082 1.8673088039840551
67 0.46624384268442104 -1.4378551585322179 1.894722962465482
68 0.65109682697403404 -1.4833151281904138 1.9166527261258097
69 0.84234047383736721 -1.5327053945047804 1.9326472203745646
70 1.0379058357249988 -1.573813806986615 1.9424256678813716
71 1.234838696487867 -1.5967810941687581 1.9457426195889269
72 1.4300898457329432 -1.5927915919259648 1.9386002418173454
73 1.6210232003194724 -1.5648799331644914 1.9217391229680794
74 1.8048377560893141 -1.5228556471714276 1.8944630776746274
75 1.9818880784110471 -1.4815071887896036 1.8646828259854962
76 2.1545262187080922 -1.4545185215522403 1.8346866233650858
77 0.27973481018011248 -1.1552565796842627 1.9538687964374515
78 0.45314263572923574 -1.1917104668509175 1.9758972226426739
79 0.6368224721093807 -1.250896710666187 1.9907418594176132
80 0.82950548107523359 -1.3094566980228828 2.0010143569894638
81 1.0277851161714999 -1.3553194276537945 2.0082332690319973
82 1.2288246248721033 -1.3799862984144839 2.0134340281992511
83 1.4298574387975538 -1.3735580826790306 2.0073980853081865
84 1.6265696587433331 -1.3395317746580444 1.9988793395448856
85 1.8130622396894691 -1.2850262330599718 1.974702939627077
86 1.9890962860563803 -1.2310336572349079 1.9520466008708892
87 2.1544554163789829 -1.1941240393284156 1.9265989852550298
88 0.27704101342685949 -0.86743179814820426 2.0500687917373335
89 0.44286104630811501 -0.93381897686124771 2.0595079723025433
90 0.62644564703296268 -1.0179742037531332 2.0634490793356437
91 0.82154486953782324 -1.0911825112372795 2.0677180066972927
92 1.0215475714923976 -1.1455810486263038 2.074289475380739
93 1.2232852929864426 -1.1763421567450583 2.0855600950499165
94 1.4259112368397884 -1.1659981496774574 2.0725508410390638
95 1.6260722535751964 -1.1228774527654914 2.0731268389934101
96 1.8178849500991534 -1.0502941969732085 2.0578312686037914
97 1.9948615219158174 -0.96875190271750045 2.0423993517116608
98 2.147685196215134 -0.90916793655141914 2.028720903608765
99 0.28172156874932219 -0.52455754977745506 2.1645002358423473
100 0.43428384674943082 -0.66975544665154996 2.1440853569831657
101 0.62507009135035607 -0.79349537315076202 2.1352532867631324
102 0.82615333523462831 -0.88431274805658322 2.1372264396496767
103 1.0263019117244578 -0.94879418642542623 2.1494028441422293
104 1.2222426843219043 -0.99168934708533851 2.1791045111047493
105 1.4221603673462235 -0.98786900736695271 2.1757678227595441
106 1.6066722773597422 -0.9147536495017945 2.1241055372908502
107 1.8062417647563245 -0.83260005571621931 2.1440939729158375
108 1.9930263720187602 -0.70008548479149091 2.136755776385411
109 2.1339388834732791 -0.57511932987652326 2.1489074431216864
110 0.20000023184133059 -0.068750620089141221 2.2999998377888811
111 0.41434921615747217 -0.43179919884494367 2.2191760925447905
112 0.64968518177979517 -0.59862324029218839 2.2068215620707465
113 0.85960227404040024 -0.70006897949515023 2.2143804941477332
114 1.05486582408942 -0.77136985651925938 2.2400536621968143
115 1.227249571305447 -0.84241445566746509 2.3136816633852724
116 1.4254258405412117 -0.85744200862198117 2.3275996545250615
117 1.5844943722094991 -0.75827738191730854 2.2486103550817842
118 1.7625654083443976 -0.64477188982923728 2.1957466204900924
119 1.9786478296449843 -0.48539712541941255 2.2173029668688717
120 2.1999998267657275 -0.10000058289058646 2.2999998366957231
frame 24
0 0.2816102532016394 -2.8298110214540872 1.5510739177980442
1 0.47487642250152201 -2.8618823907740425 1.5512009063586201
2 0.66516824901282579 -2.8965758579659582 1.5408985797405614
3 0.8547355086420606 -2.9316046779668152 1.5232319461385657
4 1.0470965134595061 -2.9976351234470409 1.5267413733081991
5 1.2540238655444007 -3.0388811950247532 1.5136194823741662
6 1.4661460013669605 -3.0470262130283361 1.4946386422988145
7 1.6760444903645384 -3.0339573039992414 1.483460418362756
8 1.8816218542000942 -3.0145655882242401 1.4892896333649344
9 2.0789007339115462 -2.9951244948854034 1.5015528396763416
10 2.272511565541631 -2.9671481535590285 1.5010886921771369
11 0.30659900643970217 -2.6266046876623976 1.5852237121212651
12 0.50043204665977603 -2.6538465133101297 1.5958820697718774
13 0.69365959358920914 -2.6907527146771448 1.6047337333488252
14 0.88760516803287959 -2.7416902855442293 1.6172027753606995
15 1.0791067086841204 -2.8226725445300245 1.6322340626841505
16 1.2776045402858118 -2.8896764599376832 1.6438412416821939
17 1.4769431722396922 -2.9003296825400815 1.6287688913496292
18 1.6659602732452123 -2.867364432304877 1.5970862829928094
19 1.8543743758371889 -2.8075742879221468 1.5633224147224438
20 2.0435035059658251 -2.7701589101434494 1.5504315873588519
21 2.2296764497331534 -2.7354890765232294 1.53060400929747
22 0.3240803377821766 -2.4199481833914813 1.6345007576440826
23 0.51614696302182161 -2.4431926760520906 1.6539749547145435
24 0.70841320662980012 -2.4801318887195136 1.6734301970518792
25 0.90160858469088156 -2.5311078000001355 1.6937846351508474
26 1.0944206714511964 -2.5972665335947345 1.7099400953360522
27 1.2831951197810776 -2.6674456417143388 1.7173608225136667
28 1.4700159538738651 -2.667066792808968 1.6990543218878957
29 1.6499197703737012 -2.6225035658237337 1.666030836521935
30 1.8286708665125018 -2.5783111823179121 1.6334285471084724
31 2.0120826137426309 -2.5410300126097818 1.6095658906830079
32 2.1954365478187872 -2.5100102806638525 1.5852727872233174
33 0.33003845041969992 -2.2077380050627893 1.695148688292698
34 0.51924161389253531 -2.2264897126058192 1.7192291030940055
35 0.70887351115801356 -2.2614216771546496 1.7429289263051908
36 0.89961564026951335 -2.3076685195248308 1.7644228355745468
37 1.0900380530948737 -2.3592044822726361 1.7788594922319863
38 1.2763097650461033 -2.4031816492522031 1.7832752157769693
39 1.4570747816816998 -2.4046826886560591 1.7659717958624852
40 1.6353397835998975 -2.3765101761206595 1.7387232714171295
41 1.8139796553898693 -2.3393397315574052 1.7052184152787926
42 1.993783464154206 -2.3058032711834029 1.6751574033853427
43 2.1745834616522939 -2.2799074357201872 1.6474527058093762
44 0.32647336243025382 -1.9859857229539639 1.7611843511182237
45 0.51205496625441216 -2.0015591949870015 1.7872760949596824
46 0.69920014048779244 -2.0350437620118482 1.8118752991943432
47 0.88867278014278706 -2.0771627721123709 1.8316066844380487
48 1.0789990770818163 -2.1184758292277031 1.8426641762462428
49 1.266897186686549 -2.1476639147264756 1.8440794710136061
50 1.4501251948665623 -2.1494570668179676 1.8304731246154495
51 1.630978716177961 -2.1288154659517335 1.8090642751324268
52 1.8095595954429045 -2.0966402590182418 1.777604450052428
53 1.9870202184463164 -2.064984655732315 1.7451100220812326
54 2.1648318863731046 -2.042804443309258 1.7153344131311958
55 0.31692204299336113 -1.751629406656054 1.8304726695028164
56 0.49834145107795591 -1.7671607589901814 1.8566619226353682
57 0.68360693461938338 -1.8023453074415243 1.8794813109895772
58 0.87341818480244804 -1.8438408450237416 1.8952860499187272
59 1.0658834688229151 -1.8805155973469221 1.9022059481838047
60 1.2577429381001537 -1.9030275809960253 1.9019119931449728
61 1.4465925172016521 -1.9033193929347738 1.8929340096847354
62 1.6318687272522769 -1.883670866938518 1.8772282769160771
63 1.8120905507635179 -1.851377100563967 1.850004749635604
64 1.987909483155661 -1.8183858518686076 1.8182410262879327
65 2.1621782215970846 -1.7967516509166692 1.7880195868744955
66 0.30488947130778438 -1.501590439918465 1.9033983626792481
67 0.48159410808495517 -1.5220751220623572 1.9273917620318364
68 0.66541038117273155 -1.564568365465846 1.9455236071062898
69 0.85649909981367012 -1.6107457443991837 1.9556469719601481
70 1.0522162434292175 -1.6484060143801824 1.9585497126923488
71 1.2492388197531374 -1.669326098315129 1.9583852967406845
72 1.4446371680042764 -1.6671127993999817 1.9531676466078232
73 1.6355472991412461 -1.6433213095769725 1.9443246706267141
74 1.8184058298545216 -1.6045893175947257 1.9222864825283752
75 1.9929165827011679 -1.5648751554398468 1.8941397122463763
76 2.1624559287932628 -1.5392302417939683 1.8657056502939902
77 0.29415892084370904 -1.2305786034978468 1.981731387970687
78 0.46518006405044299 -1.264797230367726 1.9999610699192396
79 0.64780286860180425 -1.323113435667554 2.01001836637028
80 0.84056671580093301 -1.3802574601045765 2.0132352006766165
81 1.039438464895484 -1.4240805126488079 2.0128350648131939
82 1.2410487473261305 -1.4474941128026499 2.0148485667000675
83 1.4425183138335544 -1.4419526144093444 2.010553084615045
84 1.6392583121514279 -1.4096629091474471 2.0103172809685663
85 1.8258581390497446 -1.3573536325993798 1.9955122870777491
86 1.9989417425937519 -1.3022928199425932 1.9730923484793534
87 2.1609192371690309 -1.2655174710140464 1.9498606394958093
88 0.28942845943413548 -0.92718958620547054 2.0690592974015742
89 0.45230511706831855 -0.99458648297949337 2.0745917541330385
90 0.63463710209424029 -1.0812266480777366 2.0727559671925162
91 0.82995796483753403 -1.1552609909130174 2.0689551518217439
92 1.0309046512319735 -1.2088107817950449 2.0670824374906305
93 1.2334765335788984 -1.2386396038675784 2.075447198330123
94 1.4367876762220524 -1.2293771989291702 2.0644498533290374
95 1.6366343981896661 -1.1848067600459071 2.0699212919962142
96 1.8293208464515547 -1.1135901631076015 2.0713804110303502
97 2.0032038223398358 -1.0277564211585299 2.056356042817221
98 2.1513314917414861 -0.9655257752388281 2.0441810328194783
99 0.29247908037977477 -0.56224357286217941 2.1732537076555491
100 0.44113573462349159 -0.71712264714306484 2.1495466807373136
101 0.63109340459961927 -0.84840128319866315 2.1338044088434631
102 0.83312183734609735 -0.94205897258037441 2.1266675481073554
103 1.0346762286688747 -1.006089196048215 2.1295959394694295
104 1.231112445158463 -1.0478084555266156 2.1582928733188131
105 1.4307239386113388 -1.0457353853653499 2.1588228297439138
106 1.6155798179281242 -0.97196594702919648 2.1091269834136877
107 1.8129723125586668 -0.88481481967280096 2.1393281567051163
108 1.9996802667192903 -0.74788747335678174 2.1471289719061404
109 2.1337423086995653 -0.61143825699182386 2.1567636192660733
110 0.20000024772628747 -0.068750689109629212 2.2999998381441022
111 0.41683553417162283 -0.46882493808667097 2.215128402850191
112 0.6562139442928776 -0.64803872405096496 2.1930877898750794
113 0.86869502276348198 -0.75247547370092127 2.1900937823203082
114 1.0663883543694643 -0.82170809159663749 2.2052279392719649
115 1.2374542325980602 -0.89004589512181054 2.2833027692954144
116 1.432982789914137 -0.91385153710859657 2.3094096957873043
117 1.5880208476200328 -0.81074478673684103 2.2270835288390209
118 1.767668642387747 -0.69391936403481147 2.1790326268094438
119 1.9835496841566762 -0.5213496809951309 2.2116317764462861
120 2.199999825302557 -0.10000064770460174 2.2999998366292513
frame 25
0 0.32603924531345957 -2.970971004172033 1.6881661294690686
1 0.51906762737675893 -3.0055873885134532 1.6886648811435028
2 0.70905588513101148 -3.0478515334632599 1.6742271661047168
3 0.89882323987175117 -3.0910381397962121 1.6608192695339945
4 1.0877136526909745 -3.176362265941036 1.6637582439241747
5 1.2953753346384895 -3.2319835189679824 1.6517909332308032
6 1.5111401387497285 -3.243924512376354 1.6352204681903015
7 1.7239978499050508 -3.2272190652830957 1.6266594680577209
8 1.9243625804023994 -3.1997705696782255 1.6373244365815975
9 2.1162111424426757 -3.1721146397575204 1.6487813527747457
10 2.3059913903732934 -3.1362148798440672 1.6363676158478238
11 0.35128239036727416 -2.7658840899860269 1.6928694090668575
12 0.54478070447649962 -2.7926044638928902 1.7066161798704031
13 0.73785050046546807 -2.8310398783011541 1.7090011168991521
14 0.93219250231392958 -2.8812935594489861 1.7149893958202826
15 1.1253759291716487 -2.959580077136811 1.7250396860218316
16 1.3190790201520273 -3.0402399080332434 1.7309402658601232
17 1.5121016983637661 -3.0530909219661759 1.7138451551584375
18 1.7002704745423611 -3.0135969391382211 1.6810248130548078
19 1.8868724533629697 -2.9614517355922652 1.6544661166354218
20 2.0725666385265624 -2.9259008754225877 1.6517227932746967
21 2.2543406819083653 -2.8936685657918577 1.6320242442406272
22 0.36481198580432039 -2.5534369230875531 1.7217737845122538
23 0.55598402085590126 -2.5733345426875736 1.7419179010549197
24 0.74764699103541832 -2.6079252275029212 1.7548464404546813
25 0.93981766020765123 -2.6553386977518763 1.7687688426170314
26 1.1310026960651811 -2.7158496590395331 1.780156642997837
27 1.3153951439447071 -2.777686273545287 1.7818193467509045
28 1.4964454370373903 -2.7796541236761154 1.7652544550606182
29 1.6742822634222707 -2.7550020094678653 1.7386753766811445
30 1.8531960782025092 -2.7167990414818632 1.7107825792673159
31 2.0351242756658627 -2.6826396947573308 1.6923549988732667
32 2.2154396192090839 -2.6532912458283731 1.6675514500093942
33 0.36541385821264288 -2.3325298398533265 1.7665939857956849
34 0.55311970683463318 -2.3466321845568157 1.789417069782133
35 0.74168645119732801 -2.3774959059351413 1.8076748607180593
36 0.93080883215470089 -2.4191692123085784 1.8237259036564171
37 1.1190000410608352 -2.4644337770414402 1.8330349104416301
38 1.3032324477894668 -2.4975271172648288 1.832019123004762
39 1.4812768721990386 -2.5085272984769982 1.8171668943472263
40 1.6591896789864617 -2.4929948957144048 1.7965646908211026
41 1.8360353748335931 -2.463654651861146 1.7689597856202868
42 2.0137030823906135 -2.4338100805788985 1.7436564004349018
43 2.1912323228040833 -2.4094976390210561 1.7160872646638281
44 0.3569103548788678 -2.1006344991284074 1.8199416130827701
45 0.5405709415547536 -2.111534560311636 1.8436983502651456
46 0.72656544428973968 -2.1406961695784696 1.8635644272715226
47 0.91488287352447195 -2.1783855634063256 1.8778821407316484
48 1.1038794852648486 -2.214731803746905 1.8830558211961357
49 1.2906072612255481 -2.2390726129217855 1.8797646065701041
50 1.4735455243384021 -2.2457416422056737 1.8687249690324901
51 1.6532972660626126 -2.2333423899179237 1.8537583230023482
52 1.8301460658510895 -2.2074946202257326 1.8289536420163708
53 2.0050832898223598 -2.1795269324268771 1.8008168356878032
54 2.1795548106126517 -2.1589308791467827 1.7720909883723797
55 0.34315307955045377 -1.8554865672374585 1.878771842568314
56 0.52240564545783352 -1.866956785442587 1.901921283564814
57 0.70651602982639172 -1.8985139701289035 1.9200422997813313
58 0.89560298772805902 -1.9364838739870063 1.9297977941442277
59 1.0873804878858961 -1.9697612333825927 1.9302395121593319
60 1.2786917484500624 -1.9901326132533044 1.9261842142269252
61 1.4673473507568224 -1.992989518508596 1.9192090517242295
62 1.6518364643971419 -1.9781467675119679 1.9103911373045437
63 1.830697016673601 -1.9502914393675412 1.8904239952000275
64 2.0041056070106156 -1.9199837995924089 1.8626657353094507
65 2.1751775128375721 -1.8996301095347354 1.8343225109926236
66 0.32756518061662143 -1.5939726472334301 1.9423906505823769
67 0.5018995526896729 -1.6113917156489754 1.9628753204063105
68 0.68451414728549709 -1.6516920614352153 1.9759497595186521
69 0.8750854904599642 -1.6958300165714364 1.9792657193716294
70 1.0705197980759511 -1.7315713710268814 1.9752813647590859
71 1.26746502389506 -1.7515000554348326 1.9719140104499369
72 1.4627825379010666 -1.7504608913129978 1.9682712142099374
73 1.6529998728957562 -1.728949262591746 1.9664694205032092
74 1.8349038367102535 -1.6928069174373026 1.9531834993991293
75 2.0069786878269649 -1.6540856830042412 1.9285468389839238
76 2.1733500582858456 -1.6290100933099609 1.9025300054935093
77 0.31385285343280661 -1.3101089299850692 2.0117082606078416
78 0.48220084478115266 -1.3428552517720944 2.0261812048044532
79 0.66346939938487981 -1.401290683224736 2.0307260271735013
80 0.85577671652400178 -1.4584243824352334 2.0264937921075017
81 1.0546821431713902 -1.5017383757924236 2.0187123187900147
82 1.256679843175345 -1.5247002382409462 2.0176274532154523
83 1.4583730758769486 -1.5195956188867632 2.0149696863384339
84 1.6544037513223477 -1.4870972656497727 2.0208237419111779
85 1.8402753825015492 -1.4355389828458514 2.0175985832516439
86 2.0107281197379869 -1.3792496012554787 1.9985893467060951
87 2.1690595790929739 -1.3417691855919469 1.977719667290907
88 0.30662685089791353 -0.99086900063595795 2.0895210944774565
89 0.46634071391092069 -1.0600709985133465 2.0914123871115957
90 0.64708748731259802 -1.1505228831389165 2.0836166941925018
91 0.84207362819717702 -1.2270204766046731 2.0717230010768235
92 1.0433730463914102 -1.2812982719099995 2.0615802124524492
93 1.2467590617021493 -1.3109180749590601 2.0666329557543399
94 1.4507756801048555 -1.3022072182773643 2.0576783819347875
95 1.6499986405160862 -1.2552230451780866 2.0683228802848674
96 1.8411645922372373 -1.1817639042648038 2.0832092668806554
97 2.0125871465197145 -1.0919267349531485 2.0737774542802732
98 2.1557288846322473 -1.0263818097440185 2.063249988816271
99 0.30647852944842313 -0.60291787022119714 2.1826649825574327
100 0.45160756364615839 -0.76881595654632773 2.1564775931378368
101 0.64057969470520559 -0.90957884763748853 2.1341194995574022
102 0.84309760008603285 -1.0079638688728623 2.1179228092221463
103 1.0455003152814915 -1.0730222331530588 2.111438786181989
104 1.2426292236724927 -1.1139275638678927 2.1374184393108924
105 1.4417061935520954 -1.1121407289436356 2.140382218234504
106 1.6277646813235536 -1.037983744201181 2.095479791312036
107 1.8218602519319951 -0.94391129476364866 2.1361374828300268
108 2.0058935458910545 -0.79902783274561207 2.1566466715915289
109 2.1337473949209671 -0.65113985165067712 2.166912410069926
110 0.20000026787313904 -0.068750765206342518 2.2999998403916107
111 0.42170764962837404 -0.5100954973960381 2.2127048242903355
112 0.66534412894061357 -0.70446871057176763 2.1809146581710954
113 0.87997370806214659 -0.81383941042179608 2.166881692835378
114 1.07947066695927 -0.8820463265740156 2.1699561811651029
115 1.2531100238376871 -0.94451049315658364 2.2463625865299779
116 1.4431959065433067 -0.97983328909807599 2.2906413996787078
117 1.5933023222117475 -0.8715300186015158 2.2048400009979514
118 1.7753367375103648 -0.75066681427186188 2.1641449742178955
119 1.9897005267745507 -0.56164917882914656 2.2077237195684201
120 2.1999998245730135 -0.10000071948543462 2.2999998387837324
frame 26
0 0.37460315099343056 -3.1066224186833264 1.8198242849401067
1 0.56815363592657886 -3.1392923863528641 1.8200264791971477
2 0.75913586736303351 -3.1891272090605618 1.8087466868022584
3 0.95235144602314725 -3.2404716017256092 1.8060688352388341
4 1.138330791822443 -3.3450894085350313 1.8088943679502616
5 1.3467268036325784 -3.4150858430112119 1.7999623839874401
6 1.5661342760324966 -3.4308228118243722 1.7858022939817886
7 1.7724467163732318 -3.4104808266669502 1.7760637910457866
8 1.9649832747503921 -3.374975551232211 1.7753592398982607
9 2.1522508095356159 -3.3391047847296376 1.7860098659731498
10 2.3391456036696243 -3.2952816062291062 1.7616465396185106
11 0.39841971387682829 -2.9018900376767545 1.8064934746010115
12 0.59206939160042038 -2.9260879464269198 1.8222676019264183
13 0.78554433844592175 -2.9671860301687918 1.8212437667083838
14 0.98025699544361122 -3.0195761270316401 1.8227760161798658
15 1.1739594288840225 -3.0983896191491418 1.8278453092595126
16 1.3628392844095807 -3.1808033562288038 1.8218310304091245
17 1.5533687190015892 -3.1958521614922706 1.8063422429184297
18 1.7403055061139208 -3.1545415557070329 1.7749633430168061
19 1.922589368049141 -3.1201540300151311 1.7556098184483997
20 2.1039186491994113 -3.0874592325267067 1.7630139990905416
21 2.2826733422651619 -3.0546463666950885 1.7434444790837844
22 0.40784884205143401 -2.6859553707661408 1.819046811280425
23 0.59840953530960805 -2.702321236625628 1.8396277695805272
24 0.78974539293264012 -2.7358460685251988 1.8460684938367486
25 0.98101127846888303 -2.7815909930933289 1.8528898680014225
26 1.1704765510265815 -2.8379991237385518 1.8574708605710908
27 1.3525762447913015 -2.8871223285351482 1.8514121508321442
28 1.5301117560997364 -2.9022414544432626 1.8373773721265341
29 1.7070753854056757 -2.8867941630142639 1.8163717981936649
30 1.8867034351757197 -2.8586122411673669 1.796709962984878
31 2.0658483882831229 -2.8300265936077431 1.7851441069635254
32 2.2424320141052081 -2.8027857677923662 1.759830112695471
33 0.40416412829413273 -2.458257845584368 1.8480392831986718
34 0.59055969473806535 -2.4684818063812295 1.8696050363702605
35 0.77855599070439396 -2.4963589843819292 1.8807579930810301
36 0.96677627055964344 -2.534884615627758 1.889111352792314
37 1.1535059942299488 -2.5758847118286767 1.8912482286188728
38 1.3362904904004356 -2.6018725851774542 1.884078322624368
39 1.513917208647688 -2.6211592528983125 1.8726317795384262
40 1.6906470730541008 -2.6137631790308076 1.8582093323262039
41 1.8668163952124324 -2.5925001129908605 1.8399561752304292
42 2.0424591143514741 -2.567551705509961 1.8221553973844609
43 2.2163018191425512 -2.5453146656854582 1.79472182341828
44 0.39190641729525322 -2.2176444158639561 1.8878073795170536
45 0.57378343728570014 -2.2248687875836524 1.9088686652969999
46 0.75902317523418827 -2.2506366321458526 1.9213832746612591
47 0.94659948388159221 -2.2852124265026572 1.9278180349825484
48 1.1345398193635721 -2.3185581349448046 1.9258843676311332
49 1.3203538453436112 -2.3404813110170952 1.9180596519881921
50 1.5032883370211501 -2.351110702349875 1.9099774702462606
51 1.6819354287841108 -2.3440880014790211 1.9014290112539136
52 1.8576613114714933 -2.3240867371393241 1.886337873888565
53 2.0306743064814943 -2.3001150092171301 1.8661474803705778
54 2.2017085975765611 -2.2809207827185203 1.8388475635135635
55 0.3747330991590983 -1.9626626550898028 1.9344515913983347
56 0.55190923613313925 -1.9709460659867006 1.9540192411765029
57 0.73505102370245801 -1.9997342084673111 1.9648467490450805
58 0.92338643456592062 -2.035534156803426 1.9667300685653886
59 1.114347406885059 -2.0671816067984734 1.9604172541481051
60 1.3051208297929624 -2.0868037000140198 1.9529807422939052
61 1.4934975669171739 -2.0916920814804647 1.9481546939855823
62 1.676909528127372 -2.0797316616564228 1.9456166341167493
63 1.8544849786027189 -2.0554937115641838 1.9356288907253525
64 2.0259903692032646 -2.0278047396476362 1.9156684984116521
65 2.1938542093029336 -2.0081714588549739 1.8900926295937728
66 0.35596097904602642 -1.6902280568815518 1.9870558924521022
67 0.52793134133716635 -1.7052672577520818 2.0034232762085722
68 0.70930878223920413 -1.7442374842851411 2.0093964832148341
69 0.89903079164728861 -1.7877586490834465 2.0049951347044948
70 1.093845310002632 -1.8231877069527247 1.9945346992349215
71 1.2905903608634348 -1.8430685425533637 1.9882161005282508
72 1.4856478090236089 -1.8428228274293108 1.9862093382071719
73 1.6747001639850203 -1.8219852659038156 1.9900079464479774
74 1.8551048920842581 -1.7872664200138089 1.9873148683072779
75 2.0251424707435817 -1.7494615352124854 1.9703214849024464
76 2.1882876753490015 -1.7243231473919594 1.947615357597134
77 0.33921253564043513 -1.3936991990176157 2.0458710087853613
78 0.50481884308087144 -1.4255261338461707 2.0560547050383637
79 0.68453527816013438 -1.4850452804496952 2.0538566882127407
80 0.87591491326115001 -1.5436802517460941 2.0421194798938953
81 1.0744241986244987 -1.5880367188568714 2.0277761608341316
82 1.276685819358014 -1.6113583230774393 2.0235147125460755
83 1.4784261549910904 -1.6062957779038443 2.0225862535856498
84 1.6733096362669198 -1.5722811148746563 2.0331839975709203
85 1.8572148008418428 -1.5194900892259045 2.0407888482766676
86 2.0253767806853058 -1.4620308693310777 2.0300521162268099
87 2.1799404986198621 -1.4233391319985456 2.0124330261298931
88 0.32888229287752446 -1.0583745628894257 2.1127709364183658
89 0.48541006518237967 -1.1299748067701012 2.1108402176390033
90 0.66435378916886345 -1.2254799731013792 2.0968212299818818
91 0.85856485031504093 -1.3060876550870537 2.0774543392603122
92 1.0597044028984335 -1.3627210528854603 2.0600505024541915
93 1.2639352821638521 -1.3930304884005447 2.0608611991536407
94 1.4686166513429655 -1.3842704679848756 2.054412078488177
95 1.6667429156634244 -1.3340057054407162 2.0708565195273398
96 1.8549484100390274 -1.2553521352569017 2.0943101747020378
97 2.0237835589795306 -1.1611893668135342 2.0950887450397953
98 2.161862593244809 -1.0920253122096832 2.0875093325469023
99 0.32369644797281549 -0.64650173183561432 2.193313456720495
100 0.46597706421138352 -0.82455562655629611 2.1654001218896739
101 0.65399390845999716 -0.9766325866987563 2.137080512591957
102 0.85670533774475022 -1.081600082793444 2.112707059891346
103 1.0594806541416169 -1.1491673282968595 2.0975428360434556
104 1.2575359712657832 -1.1900466721091698 2.1168832517288108
105 1.4558070355577708 -1.187089867185626 2.1219233576270695
106 1.6437542711715032 -1.1126426519050217 2.085325705119335
107 1.833020728702319 -1.0098414215790978 2.1372749458547449
108 2.0124652368475804 -0.85361130906326488 2.1644813528261455
109 2.1347040759239113 -0.69422411369281534 2.1796299169299016
110 0.20000029262723634 -0.068750848129132652 2.2999998454953494
111 0.42930345986861818 -0.55528568600962336 2.2123952991736306
112 0.67742423802825558 -0.76755974090531243 2.1713747281355151
113 0.89387183402661041 -0.88387629599262896 2.1466402735866015
114 1.0945114885038503 -0.95238456145139372 2.1371077472305346
115 1.2765662242183686 -1.0066319054665251 2.1994224038645416
116 1.4552413170371412 -1.053758123358248 2.2715897238504459
117 1.6011840802498996 -0.94062684734995472 2.1834882528177246
118 1.7858138736510423 -0.81464924212620149 2.152326802099962
119 1.9970176580937973 -0.60595132008708563 2.2061981702334865
120 2.1999998255168469 -0.10000079836145906 2.2999998442055687
frame 27
0 0.42547472231552669 -3.2332240127868381 1.9460276969127601
1 0.61968699098698687 -3.2629973842922753 1.9477946366190018
2 0.81205759874806371 -3.3204028847578639 1.9451048629359871
3 1.0093147752178526 -3.3799050637550065 1.9467315321088601
4 1.1989479308539115 -3.5038165512290269 1.9460378544957178
5 1.4080782725266672 -3.5881881671544416 1.9381338348440771
6 1.6211390019879746 -3.6077211113723906 1.9263841198732756
7 1.8155915955751423 -3.5837425881508049 1.9154681141338523
8 2.000655972672591 -3.5401805328861968 1.9033940433149239
9 2.1833222173788625 -3.496094929801755 1.9132383792715539
10 2.3669600579698109 -3.4443483327141453 1.8769254634891974
11 0.44840926753812138 -3.0296859117208799 1.9244707035441206
12 0.64256950424193315 -3.0517573468752035 1.9410632734174127
13 0.83679126787083857 -3.0969373593384391 1.941299013197602
14 1.031608858294164 -3.1542574795451732 1.940562636439449
15 1.2235027797418414 -3.2385617683429904 1.9387086488849044
16 1.4080509873374347 -3.3113668045243645 1.9227217948581259
17 1.5941725436261642 -3.3286134011183655 1.9088393305784219
18 1.7757991218021492 -3.3054861721758444 1.8789018728788045
19 1.9531746777669357 -3.2741380580352426 1.8667535201613776
20 2.1307140145549899 -3.2394365113052341 1.8843052048063864
21 2.3070835364291997 -3.2056241676983195 1.8648647138269416
22 0.45490382045218219 -2.8125547326779889 1.9258011432988684
23 0.64526642462317263 -2.8264329912133892 1.945371628710252
24 0.83647928212069078 -2.8610981047976152 1.947290547118816
25 1.0269413961347138 -2.908313983349502 1.9470108932858137
26 1.2144474099573299 -2.9648323731487083 1.9445184210681619
27 1.3935531965565324 -3.0065583834250091 1.9310049548133839
28 1.568885946868622 -3.0310429491661948 1.91950028909245
29 1.7442963910847566 -3.0226262354166051 1.9025110717283888
30 1.9205069808368809 -2.9998155191043785 1.891916092000022
31 2.0965072962324522 -2.9732884709067715 1.8879332149537842
32 2.2704134770970104 -2.9476900329024587 1.8621087752815477
33 0.44787659750092779 -2.5808211895793733 1.9394845805016587
34 0.63343828829831239 -2.5883241589435153 1.9597930028583881
35 0.82102088211988877 -2.6154563706611054 1.9638411253440009
36 1.0084461367597584 -2.6535931993838928 1.9636786370343124
37 1.193598890964457 -2.6936377805988818 1.9579858170134561
38 1.3744827307006597 -2.7162180529900795 1.9452683456132351
39 1.5514121661771476 -2.7414853869701674 1.9368487683565458
40 1.7263884814922046 -2.7392777423910348 1.9276107425090367
41 1.9006496514313709 -2.722471996064574 1.919842034210389
42 2.0740204225219703 -2.7006153269489088 1.9106543942340199
43 2.2448800936215343 -2.6802952563667626 1.8833563820727319
44 0.43257443482015645 -2.33392250553322 1.965673145851337
45 0.61307099268201348 -2.3385278714816211 1.9840389802288543
46 0.79765761071682195 -2.3627504389600014 1.9880587030652022
47 0.98439959412198752 -2.3964887045808716 1.9850821269387833
48 1.1710461658277642 -2.4293165039980971 1.9756420046208398
49 1.3556504894175698 -2.4506737075839857 1.9639785111046524
50 1.5380782200982726 -2.4642899113684069 1.9586073553803134
51 1.7151974793888238 -2.4603442884079358 1.9556417251320612
52 1.8892117865694553 -2.443703863723468 1.9516858297881372
53 2.0603959099037423 -2.4224725115119394 1.9414781249533524
54 2.2284337117644051 -2.4044437724254659 1.9156041385547473
55 0.41245938811003507 -2.0709111661990192 1.9998490525145822
56 0.58783447296310398 -2.0768546464425071 2.015226765633809
57 0.76997142477258418 -2.1043321962078312 2.0167615145085889
58 0.95728778952245641 -2.1398432370002327 2.0093951223801851
59 1.1471487577586335 -2.1717703758238636 1.9964767246723285
60 1.3371341217273018 -2.1917562272885136 1.9861802469391998
61 1.5248655411287775 -2.1981188884987968 1.9835351525073086
62 1.7067646967449872 -2.1873814154128612 1.98623746998228
63 1.8824148189387848 -2.164905257835481 1.9873112328626175
64 2.0520928529656612 -2.1390263529947808 1.978644927072984
65 2.2169665127854188 -2.1197050909287936 1.955862748094922
66 0.39062201836402571 -1.7887374782673031 2.0401818857693779
67 0.56038925422166008 -1.8020139587710564 2.0514466500212039
68 0.74036236911503883 -1.8408513152784129 2.0483270218904281
69 0.92887257618528174 -1.8853923635312719 2.0355096478995098
70 1.1227922924722464 -1.9220735526960575 2.0192777798791637
71 1.3191003154685923 -1.9426683703423513 2.0102475546658312
72 1.5135831302637708 -1.9428458647077298 2.0100644942524406
73 1.7010656031709592 -1.9214679477385332 2.018390392184541
74 1.8790891287414164 -1.8864520896643864 2.0260620461395575
75 2.0469957048562248 -1.8490558572636708 2.0210962255940998
76 2.206982137200554 -1.8234412253756909 2.0023270436482652
77 0.37060371258569363 -1.4801535784310309 2.0867765775815363
78 0.53352486365859764 -1.5115368833729015 2.0916142892594434
79 0.71144807153046652 -1.5732394699669998 2.0813170750128931
80 0.90154387534204605 -1.6349090421892642 2.0622498490886292
81 1.099421893329837 -1.6817261384140991 2.0425640049477942
82 1.3017257448253448 -1.7059898721412987 2.0348191871382801
83 1.5032070412104455 -1.7006200485704077 2.0360502532382454
84 1.6965589891042068 -1.6642255110001072 2.0506245643217769
85 1.8775082366765552 -1.60833465114677 2.0668380198929293
86 2.0429149933165407 -1.5491890644476312 2.0687425104738892
87 2.1937047103393783 -1.5089919094926345 2.0555545325454725
88 0.35640197912024513 -1.1288109068715768 2.1406890539613119
89 0.50984425465800043 -1.2033114361778376 2.1343281096503324
90 0.68682860996100348 -1.3050886665646848 2.1138536221792106
91 0.88002846189114892 -1.3913765441027344 2.0880705349473456
92 1.0807837911352798 -1.4518359181221063 2.0650290141286809
93 1.2857021793398724 -1.4832515289700923 2.0597912129049263
94 1.4907761047223704 -1.4739900571968987 2.0573215012907844
95 1.687212755030729 -1.4199195047598832 2.0803897496483588
96 1.8719333267265701 -1.3339565198041903 2.1067501080523789
97 2.0369930335993041 -1.234561806333456 2.1213527876312792
98 2.1699506415577368 -1.161497331748613 2.1180146133880187
99 0.34410873382044821 -0.69243800882039375 2.20615634183484
100 0.48447925967999156 -0.88356975337214583 2.177265136039944
101 0.67178869559068044 -1.0485958516730343 2.1439138828646858
102 0.87460262716261739 -1.1618948538706309 2.112669194467693
103 1.0774843948960422 -1.2334315505598459 2.0895521593437798
104 1.2765364804478858 -1.274044221085173 2.0951076863738001
105 1.4738225206614963 -1.2696701416303591 2.1065518115050099
106 1.6640859404802713 -1.1949124667714002 2.081518303956468
107 1.846630201350798 -1.0818302636504318 2.1460179757978315
108 2.0206939873613297 -0.91147062551094249 2.1704662241708466
109 2.1369108100194496 -0.74008199025662713 2.1950619199390853
110 0.20000032236305246 -0.06875093687976136 2.2999998549832288
111 0.4399837424375298 -0.60370721249657588 2.2149561208695756
112 0.69296119954367141 -0.83645247752563878 2.1658600348501134
113 0.91117237640869486 -0.96180020047157389 2.1314861596929608
114 1.1122506811884334 -1.0327227962287717 2.1095652492036669
115 1.3045981282375445 -1.0787533176764665 2.1424822212991055
116 1.4652251247492174 -1.1283544480499665 2.2495292335711006
117 1.6126820618023734 -1.0162142564817698 2.1628396815730135
118 1.8001388568092531 -0.88500923878713855 2.1443469740146446
119 2.0057744831443549 -0.65364748760229208 2.2076030321417948
120 2.1999998290348275 -0.10000088350901092 2.2999998543647249
frame 28
0 0.47821263207775516 -3.34982560699035 2.0682376763569623
1 0.67312612829562213 -3.3767023823316866 2.0740972441526622
2 0.86705858570158101 -3.4416785605551663 2.0778444471289896
3 1.0700370264974304 -3.5093385258844041 2.0773942290788865
4 1.26956506978538 -3.6525436940230227 2.0731813411411739
5 1.4742974156773474 -3.7512904913976715 2.0663052858007145
6 1.6706491883706325 -3.7746194110204092 2.0569659458647629
7 1.8556920587839643 -3.7470043497346599 2.044872437321918
8 2.0347648380941377 -3.6953855146401828 2.0214288468315873
9 2.2136725852618295 -3.6430850749738726 2.0304668926699581
10 2.3929990559310834 -3.5834150592991847 1.9822043874598843
11 0.50166037664721463 -3.1474817858650055 2.0447757236858077
12 0.69638423601572597 -3.1685815396717683 2.0621821232391992
13 0.89147198591953969 -3.2188366066637912 2.0650366265396771
14 1.0864424774965267 -3.2828281296875432 2.0614874148783517
15 1.2764858774911512 -3.3755306952499748 2.0528531989842564
16 1.457766403025609 -3.4422863274928908 2.033612559207127
17 1.6363670330550373 -3.4663307387379128 2.0213364181384139
18 1.8108377929836852 -3.4541006626164692 1.9928404026408029
19 1.9837618067692253 -3.4208866416824391 1.9878972217743556
20 2.157893010313674 -3.3820270670183255 2.010694788560683
21 2.3313055680201549 -3.3466019688015507 1.9826781868347805
22 0.50675543531163159 -2.9305478481463174 2.0389245259832438
23 0.69716562974947471 -2.9433976672077757 2.0576429271962633
24 0.88831758383540016 -2.9810905789636606 2.057605937480234
25 1.0777614221921441 -3.0326523522509659 2.0511319184702046
26 1.2628307386325652 -3.0936713248222585 2.0400250270032525
27 1.4384791954426732 -3.1359944382148699 2.0205977586946231
28 1.6110241725404295 -3.1619828981750397 2.0116232059583656
29 1.7822723854026148 -3.1585943164110337 1.9986503451631128
30 1.9536631774730435 -3.1369078698429473 1.9967363233169715
31 2.125864929466958 -3.1093367936154546 2.0007223228440427
32 2.2969606401186682 -3.084327827205231 1.9743874377676245
33 0.49762560807104378 -2.6970379635555606 2.0409298777046452
34 0.68266445780973628 -2.7031223718236497 2.0597549638079133
35 0.86969195045942949 -2.7317838236421426 2.0569242575069717
36 1.0558902427002719 -2.7726186561447488 2.0482459211763109
37 1.2388859862807551 -2.815651417765852 2.0345954776276534
38 1.4169312718980607 -2.8405635207027045 2.0164583685021018
39 1.5916047256267067 -2.8662943641899665 2.0110657570746655
40 1.7637979589637687 -2.8660789977778083 2.0070121525918694
41 1.9346140291514586 -2.8502562431528711 2.0092902730096123
42 2.1050004850443975 -2.8287483794795887 2.0091533909835788
43 2.2732448359211079 -2.8095395588870935 1.9819909406271838
44 0.47971314091369555 -2.446169566337018 2.05353891208562
45 0.65920549145380902 -2.4491832463452829 2.0692092950607082
46 0.84288220191611163 -2.4740809444604359 2.064734131369145
47 1.0282175463170389 -2.5097441556130611 2.0523002925536833
48 1.2129377566351875 -2.5449472202613235 2.035399641510546
49 1.3954389016892723 -2.5681191532210175 2.0198973701211127
50 1.5758520172621651 -2.5823975105535744 2.0172372404143659
51 1.7506841134248263 -2.5790539914335424 2.0196674393304845
52 1.9218728179005475 -2.5627877922548947 2.0262300089415759
53 2.0905570102803184 -2.542060838043732 2.0268087694361268
54 2.2559955126089704 -2.5246808180324734 2.0023607134959311
55 0.45686293991772364 -2.1771192790462153 2.0752465135308293
56 0.63070462456164667 -2.1815725751105943 2.0864342899911148
57 0.81147278764982678 -2.2096355030283794 2.0781248636745757
58 0.99718558689807357 -2.2471006288393434 2.0612643151335059
59 1.1854125776906783 -2.2813281087177644 2.0421114727513872
60 1.3738780092503453 -2.3027824555940257 2.0290667155545723
61 1.559957437208934 -2.3094473489885825 2.0286693680216814
62 1.739659486011647 -2.2982789377911241 2.0361192400045827
63 1.9124245566560651 -2.275202323972092 2.0473341020930813
64 2.0794842859763523 -2.2493357210208225 2.0515006772931024
65 2.2416469102407155 -2.2299110189382731 2.031632866496071
66 0.43194931382142254 -1.8867251724942482 2.1030049751206943
67 0.59963363113013235 -1.8989499010576429 2.1085758144642339
68 0.77776845007394513 -1.9392099665098115 2.0955196180348987
69 0.96458881756007986 -1.9865376368412782 2.0742598677327835
70 1.1572469873458544 -2.025929541334671 2.0529883804655258
71 1.3525184493456595 -2.0477865167117555 2.041125835026985
72 1.5456825017864582 -2.047693548663962 2.0430625780745175
73 1.7310141332146947 -2.0247150984546263 2.0555165437721263
74 1.9058045210809513 -1.9875578384836474 2.0720117970878102
75 2.0705119009941964 -1.9490901196480863 2.0810475331174088
76 2.2274605691511118 -1.9226171302296993 2.0665270759880578
77 0.4083370487142412 -1.5671214901457091 2.136029533553637
78 0.56858769801972464 -1.5986704715625755 2.1347318266554605
79 0.74433677079162242 -1.6638660305537678 2.1157692409517561
80 0.93287424428662247 -1.7300245614761409 2.0899154015188866
81 1.1299489264779881 -1.7804686105578211 2.0660204907863005
82 1.3317015042166505 -1.8058522809496274 2.0539166795914912
83 1.5322313073824587 -1.7996301542311894 2.0581415036147326
84 1.7235079146732548 -1.760269154386771 2.0765259291023197
85 1.9008229757702932 -1.6998324209691706 2.0990089778325549
86 2.0619829200843478 -1.6376061472201018 2.115210568548374
87 2.2089521700645118 -1.5955505448526239 2.1069584884261578
88 0.38940246772015991 -1.2003504097256055 2.1747264079253359
89 0.53987489253625698 -1.2783317765665807 2.1635898568627061
90 0.71479096482273319 -1.3876141156289588 2.1369965450619888
91 0.90699362317999632 -1.4809708470314731 2.1060566313579034
92 1.1075017381654177 -1.5463559988249569 2.0786913521457566
93 1.3123023564880536 -1.5785729103650445 2.0644347095777005
94 1.5170209289985574 -1.568213927237365 2.0686028940229124
95 1.7110260940195763 -1.5101621410060981 2.0994185456733794
96 1.8921628024200989 -1.4158005323674179 2.1239944212415627
97 2.051194336579476 -1.3096630533707856 2.1536893315273518
98 2.1789017722539206 -1.232279662750144 2.1545547729982264
99 0.36775086639607035 -0.7396490504080826 2.2221467049165469
100 0.50735734730679527 -0.94458067082665342 2.1933737499138761
101 0.69448808859807831 -1.1239808904535467 2.1562545937695421
102 0.89761467780612225 -1.2473384651274828 2.1192826910669176
103 1.1009612513536347 -1.3245822198921426 2.0878275466421901
104 1.3002218014754725 -1.3639198033059998 2.0707273051369621
105 1.496009949476159 -1.3573661293735644 2.0968430365713355
106 1.6887053749956775 -1.282205629309022 2.0875413718885358
107 1.8632934682527265 -1.1575558944448014 2.1635195048547704
108 2.0316647462865918 -0.97182676578424465 2.1770645061060514
109 2.1398015208067478 -0.78723264542642257 2.2130677635899407
110 0.2000003575171935 -0.068751029636382743 2.2999998705916904
111 0.45412498626578823 -0.65431405416243782 2.2213010146553809
112 0.71258940685697114 -0.90980887848280101 2.1657419686172523
113 0.93287621965475065 -1.0463822067915307 2.1228097418207628
114 1.1334991975893627 -1.1230610309061497 2.0885376636610982
115 1.3309316991533175 -1.1608747297864079 2.0827804747693861
116 1.4719882205723449 -1.1977699709468761 2.21930221218854
117 1.6290470155513126 -1.0953141067222179 2.1402636159168384
118 1.8196025086336023 -0.96009214307978319 2.1420904458037242
119 2.0165415952995023 -0.70359528885450995 2.2124994516342391
120 2.1999998352381835 -0.10000097250376673 2.2999998706184122
frame 29
0 0.53150124872227122 -3.4566951508061483 2.1875297039050525
1 0.72617811427538603 -3.4842205769447827 2.1991547028978502
2 0.92030908820578494 -3.5529542364524689 2.2034544183203892
3 1.1255607932438754 -3.6287719881138019 2.1980569261489133
4 1.3301822088168485 -3.7912708369170187 2.1903248278866303
5 1.5305165589280276 -3.9043928157409016 2.1844767368573521
6 1.7191811383798723 -3.931517710768428 2.1775477719562506
7 1.8988153387468771 -3.9002661114185151 2.164276760609984
8 2.073372127522465 -3.8405904964941691 2.1294636504482511
9 2.2491528640883565 -3.7800752202459904 2.1426966701188426
10 2.4220268509610698 -3.7124817859842243 2.0795662409743199
11 0.55684619819573311 -3.2552776601091313 2.1660184809091092
12 0.75166233974534047 -3.2777404543448263 2.1844133768128291
13 0.94686217927379324 -3.3323364936182074 2.1871774181709154
14 1.1414893115328144 -3.4043315528075317 2.1789886699623513
15 1.3293170723388323 -3.5094643871619571 2.166224914870567
16 1.5082709898723001 -3.5832058503614168 2.1523306595389853
17 1.6815586621835037 -3.6107496811062023 2.1421942765087785
18 1.8508570899717562 -3.5976826073154009 2.1167789323028012
19 2.0200962015681765 -3.5599671439936595 2.1190409232873333
20 2.191192291264235 -3.5157643379696597 2.1313943341808832
21 2.3601977672697436 -3.4775797700047821 2.0927904738209753
22 0.56237594656658174 -3.0392072171997109 2.1564496906855086
23 0.75279163417643824 -3.0527831736206998 2.1742804541507814
24 0.94356099273045035 -3.0943649697798947 2.1722184546902015
25 1.1316450790644015 -3.1527754875342215 2.1592168441871546
26 1.3139050305367732 -3.2232211840471163 2.1409728152875775
27 1.486762225476975 -3.2745328647056637 2.1201905624758624
28 1.6556350213064457 -3.2982518635101834 2.1137461227242813
29 1.8221069119091078 -3.2934117063408017 2.1047896184978363
30 1.988799048360087 -3.2687926148552022 2.1115565545339208
31 2.1568039792104843 -3.2376052257896877 2.1216144180506094
32 2.3244486166669516 -3.2113566395302247 2.0918816505166848
33 0.55266192416661064 -2.80518661782228 2.1512550033542639
34 0.73734925443069643 -2.8112627023289956 2.1672667434711288
35 0.92355121613534819 -2.8431626401842549 2.1595582979510315
36 1.1080496889551248 -2.8896979132044174 2.1418501673622394
37 1.2884972115993671 -2.9402255017213381 2.1199189430582277
38 1.4631547644789067 -2.9749089883153292 2.097648391290968
39 1.6341469253948868 -2.9955849238633223 2.0952827456927849
40 1.8022924261782702 -2.9928211699421698 2.0964135625747016
41 1.96870128186141 -2.974400418165029 2.1087385117088351
42 2.135323349415196 -2.9503940610364947 2.1176523876331377
43 2.3008129199539398 -2.9307939086465158 2.0906254990816358
44 0.5330985161971421 -2.5519459761983252 2.1514046782199028
45 0.71180006535025186 -2.5544595904379346 2.1643796097925616
46 0.89415645469418903 -2.5820567860509569 2.1514095595730875
47 1.0773770907310829 -2.6224964680368639 2.1295184580685831
48 1.2594794883066458 -2.6633340024799614 2.1051572783002519
49 1.4388853734631541 -2.6914401753111941 2.0858162290375728
50 1.6153992039914356 -2.7039546171879563 2.0858671253484182
51 1.786901021261553 -2.6980967289777933 2.0936931534289078
52 1.9541864812888077 -2.679228939363596 2.1106870490566485
53 2.1194230181065845 -2.6564199503772867 2.1221394138189007
54 2.2824041514128068 -2.6386541753576949 2.0991172883371148
55 0.50787338967393592 -2.2784247635619952 2.1606439744470762
56 0.68034569507785381 -2.2823014910791777 2.1676418142484204
57 0.8592163573590117 -2.3129027684772274 2.1494882127405623
58 1.0425979225912583 -2.3546623266732976 2.1231335077868265
59 1.2284412277423449 -2.3933538576001059 2.0977462207304454
60 1.4143189186559226 -2.4176508159919279 2.0819531840699446
61 1.5972491706690761 -2.4232763839759341 2.0838035834360538
62 1.7736792126949448 -2.4097440467335809 2.0960010099268853
63 1.9425203683405661 -2.3837585718871237 2.1170648089415125
64 2.105765561940161 -2.3556307067351661 2.1336427430516691
65 2.2653728127673252 -2.3354453651816702 2.1171881505764851
66 0.47990676581265018 -1.9812165296378164 2.1754506369799751
67 0.64554308937698457 -1.9932093931897348 2.1753037147274532
68 0.82125623678621673 -2.0365821967683271 2.1525528830660345
69 1.0057802160766685 -2.0884559375908456 2.1230100874660569
70 1.1965381154364783 -2.1319347769865185 2.0966989809518877
71 1.3897836378915784 -2.1557016604218404 2.0819581039034869
72 1.5804058392641671 -2.1544086416303783 2.0860606617965942
73 1.7625925139843523 -2.1286227090530856 2.1026426952597115
74 1.9332619092218339 -2.0877262665684784 2.1273600106361847
75 2.0933483938128101 -2.0462220248483125 2.1494672039299649
76 2.2473028907201167 -2.0184055261937144 2.1393090878028311
77 0.45238575858657259 -1.6518146739511406 2.1937997942385343
78 0.6099176382946645 -1.6842721534333998 2.1864324624120588
79 0.7830614356198915 -1.7543015173395744 2.1594025589386332
80 0.96969172999380038 -1.826201199754274 2.1274345904044525
81 1.1654422777476294 -1.8811675022768635 2.0993925192309488
82 1.3656201338893945 -1.908053596264917 2.0819687074996671
83 1.5640788708422524 -1.9000206382661606 2.08981038671241
84 1.7523142502755833 -1.8569721508083858 2.1124272937828623
85 1.9253398736845198 -1.7911149021685346 2.1402153297744126
86 2.0806461291749052 -1.7241020091363191 2.1690933160872614
87 2.2237145227209503 -1.6797865032620494 2.16552117718257
88 0.42778736707597376 -1.2707246527112099 2.2153094096184636
89 0.57544670218980309 -1.3527952758689439 2.1999424057977612
90 0.74831601520577073 -1.4706070107662552 2.1684018512401497
91 0.93954327551628525 -1.5719852691695666 2.1331914075386624
92 1.1395441747665427 -1.6428727781082297 2.1009759642678745
93 1.3427511268816932 -1.6764693512800357 2.0757705123138641
94 1.545897798341912 -1.6634912016330701 2.088308519376104
95 1.7364969474486387 -1.6008030232882442 2.1271496494189672
96 1.9139084245130022 -1.4982872503338369 2.1501809772820262
97 2.06500187295297 -1.3837610508295213 2.1921166694021395
98 2.1874614338999256 -1.3017194028851482 2.1963336722617433
99 0.39440870580378634 -0.78676967912321571 2.241907981667834
100 0.53455234137870833 -1.0058770234000851 2.2149532749744965
101 0.722250690836577 -1.2006115394694286 2.1757022257905434
102 0.9260117996662216 -1.3352034923957956 2.1335640557515636
103 1.1297281035001627 -1.4194379093442755 2.0923251776970857
104 1.3269455950052893 -1.4598826969653094 2.0511244465919205
105 1.5208226236081095 -1.4473506692443561 2.0923773180481091
106 1.714187359571991 -1.3704508390941037 2.1035644397206035
107 1.8818094488427468 -1.2334439762155682 2.1859893758058671
108 2.0446018445078167 -1.0332178084974524 2.1910757443573674
109 2.1430672520181764 -0.83405773914011405 2.2337548550324069
110 0.2000003980666753 -0.068751123753231613 2.2999998937602095
111 0.4717438996073291 -0.70558673133759331 2.23222876236429
112 0.73621468645571186 -0.98537071786829977 2.1720259241989246
113 0.95863134228823332 -1.1346748207042798 2.1210432954554612
114 1.1578929062924008 -1.2187332793594048 2.0741671724454971
115 1.3516576926772967 -1.2529961417963493 2.0294398052915201
116 1.4815674030205972 -1.2664266507769999 2.1791997752623549
117 1.651905047799366 -1.1774672056161608 2.1155089074460482
118 1.8416726782812949 -1.0365816800226255 2.1480578755769102
119 2.0287359703079302 -0.75397494679357824 2.2215689777434298
120 2.199999843144492 -0.10000106220781443 2.2999998934524739
frame 30
0 0.58273291502864766 -3.554685252929922 2.3047116886699039
1 0.77636004616148135 -3.5841607600715304 2.3225397951999973
2 0.96952077291871885 -3.6542299124497717 2.3222266799130571
3 1.1743718589455232 -3.7382054504431999 2.310009950507629
4 1.3807993479483169 -3.919997979911015 2.2974683147320869
5 1.5767357022787079 -4.0474951401841324 2.29264818801399
6 1.7652173504870592 -4.0784160106164471 2.2881295981477385
7 1.9443184450372186 -4.0435278732023701 2.2736810839980501
8 2.1156071453390668 -3.9757954784481555 2.2334417630331691
9 2.2886482130686678 -3.9070653656181085 2.2561615193948645
10 2.4515228943434075 -3.8315485127692641 2.1729996260072113
11 0.61099788055414439 -3.3536690731539944 2.2875921592988826
12 0.80552445021529462 -3.3787249524483944 2.306007422414238
13 1.0002131263730192 -3.4371117999170999 2.3046756522460004
14 1.1938597957183987 -3.5178246110166906 2.2901558693887258
15 1.3791085831378831 -3.6370227388785548 2.2731329997244849
16 1.5563977760231607 -3.7218256833886421 2.2616567545738331
17 1.7270955098392879 -3.7508428858969669 2.2557255763643171
18 1.8940973209636454 -3.734334645259227 2.2467252835292673
19 2.0602504333986933 -3.6907935853068206 2.2401846249003112
20 2.228353295178255 -3.6405407528396672 2.247040460260969
21 2.3921281915585721 -3.5985575713080138 2.197458526170768
22 0.61875024650725174 -3.1383038552868294 2.2766790134500798
23 0.80906801577492848 -3.1539327663676251 2.2926601288089952
24 0.99902053982334171 -3.1998791993770022 2.2862750208085423
25 1.18513506067881 -3.2663478153256467 2.2658254164783243
26 1.3641835486406231 -3.3477628644473909 2.2421148019226016
27 1.5347661873568001 -3.4080502047872696 2.2244216618605788
28 1.700572113186444 -3.4316312306003378 2.2209058000188047
29 1.8636016430920805 -3.4233703208933965 2.219757019936365
30 2.0263826576294162 -3.3939519210284743 2.2274806166256664
31 2.1908675668255508 -3.3579041948728729 2.2396566718497222
32 2.3550246854730243 -3.3289518714242265 2.204486545210631
33 0.6100548652042328 -2.9041303300325345 2.2669913785982567
34 0.79449975642427684 -2.9114863937255322 2.2793847414748543
35 0.97950542105198823 -2.9476185353781985 2.2662032512663619
36 1.1614513192864726 -3.0014123174763148 2.2393541397740493
37 1.3387575258929829 -3.06088740942366 2.2108304407380897
38 1.5102213727640215 -3.1049480628235715 2.188838413979834
39 1.6776558771602341 -3.1224249606786385 2.1894997342109042
40 1.8416661477971452 -3.1159677362580442 2.1958149724575335
41 2.0035666235822678 -3.0930556762871286 2.214204392092503
42 2.1659721198178992 -3.0649412876749986 2.2313610717783434
43 2.3286401497389733 -3.0434077927915615 2.2047679034154268
44 0.59031808596537649 -2.6493128081390744 2.2592704442541853
45 0.76826999893527737 -2.6524556993288346 2.2671572755842977
46 0.94871782694225892 -2.6840544021603758 2.246825323269432
47 1.1288176721531722 -2.7309208063869841 2.2148020417346337
48 1.3076529881748582 -2.7787575635536621 2.1838488208134184
49 1.4837046392374338 -2.8122741815023002 2.1617350878540327
50 1.6560764479620504 -2.8233977432701196 2.1644970101824703
51 1.8235562809830463 -2.8140149619937587 2.1777188674273309
52 1.986145215279429 -2.7908927692667254 2.2033957645618658
53 2.1468737001037095 -2.7642735941675314 2.2256188276258415
54 2.3073535807792456 -2.7449946461260546 2.2058738630782981
55 0.56358530496804804 -2.3723340129465509 2.2560414352633229
56 0.73469202963983615 -2.3765577581543562 2.2575489495673002
57 0.91100176223261686 -2.4111175065115322 2.2308515617065487
58 1.0909975335128652 -2.4587428684152854 2.1950027003401469
59 1.2737288573082171 -2.5030235587877043 2.1633809686095034
60 1.4564418467073281 -2.5307173796490821 2.1448396524853166
61 1.635636834818452 -2.5351142681968675 2.1489377987504259
62 1.8079528977348394 -2.5182720823820288 2.1658827797491877
63 1.9718640427330449 -2.4880522568469807 2.1961225539555582
64 2.1301913495188072 -2.4560416568114678 2.2236552520195554
65 2.2872429317658001 -2.4343562492005062 2.211160465924638
66 0.53298876637759307 -2.0694358930411547 2.2569228569217974
67 0.6965070257343301 -2.0820183943587574 2.2508299356934285
68 0.86920333077901779 -2.1297938078476468 2.2195861479971701
69 1.0505438065849806 -2.1874477235380687 2.1817603070993301
70 1.2385758155534909 -2.2358820927738403 2.1504095813382493
71 1.4290028822281522 -2.2620843209514665 2.1323514714149998
72 1.6162766546297518 -2.2591153698026512 2.1390587454186707
73 1.7943523274558706 -2.2296784954725841 2.1597688466472964
74 1.9599150916233097 -2.1841325112908909 2.1924719150568901
75 2.1143063852317305 -2.1382027951632185 2.2251515122840955
76 2.2651843410173798 -2.1085757064243973 2.2194164752366676
77 0.50145340268870919 -1.731492382795025 2.259410572584402
78 0.65619871350505143 -1.7655508361570795 2.2464948420570985
79 0.82635384991728233 -1.8413680833973496 2.2128718403265082
80 1.010448687600344 -1.919806291684145 2.1749537791900182
81 1.2039921369286908 -1.9799282006505332 2.1421582453141612
82 1.4015595795577829 -2.0090737182370058 2.1186125231165924
83 1.5970459028596933 -1.9983868533697895 2.1301496105038855
84 1.7811119848858101 -1.9508270796283318 2.1580823594961598
85 1.9490487296780599 -1.8791956301429071 2.1912242800746031
86 2.0976263445076144 -1.8063241578122191 2.229480708427336
87 2.2367346981366856 -1.7594560418734031 2.2302132604451059
88 0.47035919389599179 -1.3375706356400838 2.2620846849437957
89 0.61543749073591503 -1.4241408172722294 2.243657311617425
90 0.78634621580968167 -1.5509717701722598 2.2088421677186165
91 0.97623806921166623 -1.6608187072088341 2.1695055484209451
92 1.1747735004693745 -1.7377320124832674 2.130955941247989
93 1.3749092397627041 -1.7742834624784038 2.0944489224907605
94 1.5755003131688072 -1.757029111226809 2.1146554010482745
95 1.7615596320617584 -1.688415351449301 2.161152236974897
96 1.9347232156772003 -1.5784439646334316 2.1863675332224894
97 2.0775013219691103 -1.4546950180619012 2.2360534827620966
98 2.1948767690828834 -1.3678593366892904 2.2429671152386419
99 0.42317506457950915 -0.83222361864630157 2.2656319593581893
100 0.56511479731617276 -1.065287066847606 2.2425124980219606
101 0.75403608041971115 -1.2755242914689928 2.202968368753162
102 0.95828134287006517 -1.421803798926671 2.1557800403234633
103 1.161097651997071 -1.5141219340430534 2.1037471181842937
104 1.3539481641898499 -1.5596037037579058 2.0415215879468787
105 1.5469189150114251 -1.5381697946313819 2.091466962552186
106 1.7360670109038523 -1.4556905602085748 2.1295875074526709
107 1.8992437689608745 -1.306447497329873 2.2108842225390108
108 2.0569772015904819 -1.0931028761054915 2.2150869825086832
109 2.1465258320430194 -0.87918684018390814 2.2578051288177328
110 0.20000044279376525 -0.068751215873607052 2.2999999251240526
111 0.4921164535766166 -0.75560402558667672 2.248039662360481
112 0.76263655369127048 -1.060235734605808 2.1850287936489314
113 0.98672475419601646 -1.2231487381923973 2.125924657180887
114 1.1837439756885246 -1.3156011536252596 2.0658329048381128
115 1.3663821025648382 -1.3551175537062907 1.9860991357136542
116 1.4990859608000819 -1.3415208350858701 2.1315020496051496
117 1.6822006718746283 -1.2633817804990384 2.0950454592015668
118 1.8612291363865059 -1.1104643479361946 2.1628569385009584
119 2.0403761605724373 -0.80265688623238607 2.2352586742186209
120 2.1999998509118499 -0.10000114961823112 2.2999999231062787
frame 31
0 0.63028603402024774 -3.6426753551536959 2.4200319581811733
1 0.82255755941805853 -3.6741457686233567 2.4445698583480975
2 1.0142204157361796 -3.7455055885470747 2.4356308346289857
3 1.2168520113768433 -3.8407432171152598 2.4150056622669798
4 1.4214164871797854 -4.0387251230050119 2.3956426895411522
5 1.6175256132260176 -4.1805974647273629 2.390819639270628
6 1.8078920121403133 -4.2153143105644659 2.3887114244392267
7 1.9871903719559165 -4.1767896350862248 2.3730854074861165
8 2.1578699290086281 -4.1010004605021422 2.3420530751106887
9 2.3284416183536245 -4.0240555110902267 2.3691565754012158
10 2.4784398635894309 -3.9406152396543042 2.266006730230087
11 0.66191353617435222 -3.4420604862988577 2.4092977659225578
12 0.85620206346023409 -3.4701811127218525 2.4254340200524025
13 1.0499397447477115 -3.5328206129115656 2.4164386396270747
14 1.2416730814523604 -3.6234707637319978 2.3941216508955203
15 1.4237055719877572 -3.7552607401087723 2.3717615827119012
16 1.6000368157663456 -3.8504455165158675 2.3610084608675135
17 1.7701490183508874 -3.8814395191319209 2.3594745187449524
18 1.9357029077460937 -3.8616363774226259 2.3666716348557335
19 2.0994165780310112 -3.8123651833842294 2.3513283266132894
20 2.2650152178647245 -3.7558534366620275 2.359140199871169
21 2.4234149842885051 -3.7095353727112457 2.2997152555338647
22 0.67304229430194096 -3.2274004934739482 2.3981082953076656
23 0.8632867616186054 -3.2457729869829661 2.4099111714096217
24 1.0519298626399665 -3.2967079386555862 2.3961789218018654
25 1.2353796883849104 -3.3717967590958735 2.3674880666532827
26 1.4110693647591694 -3.4633703868970112 2.3385147182771999
27 1.5801400419088594 -3.5315675449688757 2.3232720609097424
28 1.7438681922187489 -3.5559807394914755 2.3235336432654878
29 1.9039864275223626 -3.5445401997157076 2.3334621386454035
30 2.063853298960213 -3.5105110048194841 2.3377973346530787
31 2.225331930606306 -3.4694256098050378 2.3518855955229321
32 2.3859643145360816 -3.4375387973903511 2.3109661710797895
33 0.66655498571508465 -2.9930740423427893 2.3853154086501425
34 0.85070752812932182 -3.0025092554542185 2.3921281799625675
35 1.0339374837491304 -3.0435450144953617 2.3716989297972377
36 1.212587142970929 -3.1050057229811228 2.3360853048314576
37 1.3866268757428164 -3.1729461002064552 2.3024438514236523
38 1.5558162031656702 -3.224987137431814 2.2836931411265082
39 1.7203983838984418 -3.2407186652998705 2.286622173941331
40 1.8805479804772878 -3.2309994931816903 2.3008007922179794
41 2.0388076337995789 -3.2037428813044766 2.3193652177926514
42 2.1973140385131811 -3.171251404157394 2.3416635791201226
43 2.3572068315489241 -3.1474278053831717 2.3133873817544122
44 0.64769244765645373 -2.7366866804656707 2.3716940256356045
45 0.8247872692285626 -2.7414316228052162 2.3725248160339958
46 1.0028129185508372 -2.7777027036276074 2.3449676498674776
47 1.1790471131778639 -2.8314584875755537 2.3041444884825713
48 1.354521846258173 -2.8861189605671758 2.2683468586185915
49 1.5278507624819175 -2.9246647192941615 2.2476539465704923
50 1.6967251511078085 -2.9352085251699687 2.2528378446535862
51 1.8601656744228494 -2.9225687637485747 2.271227674865854
52 2.0183630538915742 -2.895108098327706 2.299966052570229
53 2.1744135770003923 -2.8643230998556168 2.3292905084789166
54 2.332293978391994 -2.843075621491475 2.3110602966989138
55 0.62045848370591483 -2.4566693720349431 2.3581343386645304
56 0.78995095670405258 -2.4621835156108185 2.3522955448233858
57 0.96321500064733512 -2.5013468238765357 2.3187486201544449
58 1.1391173131928063 -2.5553373707873521 2.2750771541889789
59 1.3184657682260805 -2.605408026326288 2.2387955172959817
60 1.4981780579224835 -2.6366871402467207 2.2177261208006884
61 1.6738687326908375 -2.6402282815882208 2.2240720139647978
62 1.8417979143427301 -2.6200125338707729 2.24576454947149
63 2.0006180643185867 -2.5852933723218139 2.2817129255073021
64 2.1537187515809646 -2.5490206437591452 2.316639128063902
65 2.3079856324117936 -2.5254107663897756 2.3069939517817848
66 0.58795704308682306 -2.1488551856688982 2.3449924341598822
67 0.74909865587305569 -2.162835032496643 2.3324306732437248
68 0.91843817711128017 -2.2155815481185028 2.2951309169829344
69 1.0959645783072709 -2.2794942419267143 2.2505105266326031
70 1.2806996107383721 -2.3333344160861107 2.2141201816246108
71 1.4679996800747266 -2.3625340630965335 2.1915731419205939
72 1.6518838637131505 -2.3578637576058776 2.2008432616800899
73 1.8252674111080809 -2.3243915002172786 2.2268949979348811
74 1.9852055568389235 -2.273932334556048 2.2655866934093636
75 2.1337204476783804 -2.2232770551080834 2.3049958454100765
76 2.2813441187860843 -2.1915322139367461 2.3028154212754166
77 0.5527181407392866 -1.8035681443381126 2.3309624804556126
78 0.70458245864576008 -1.8397969475199785 2.3130360187527153
79 0.87164879685134311 -1.9217135517698647 2.2752124264176619
80 1.0526183779002953 -2.0070393608199026 2.2323300904509349
81 1.2430839585530777 -2.072891123362782 2.1934777249172002
82 1.4373295011569311 -2.1052657219808539 2.1627885063400725
83 1.6296215418240119 -2.0915737825812655 2.1774039212412482
84 1.808521728464084 -2.0387353889575386 2.212012430221018
85 1.9706031806013788 -1.9612219122510792 2.2509803031568558
86 2.1127508078840127 -1.8824631312686133 2.2943508373629298
87 2.2478806409760286 -1.8328889429848245 2.2986692579000993
88 0.51479755318134346 -1.3985707548305828 2.3137695709833039
89 0.65756427903634085 -1.4897815897355982 2.2935263468495166
90 0.82672907869804191 -1.6255294183465525 2.257473332415989
91 1.0147734194326647 -1.7440205386978147 2.2141576828354932
92 1.2107367286000115 -1.8277434165054207 2.1677276190414227
93 1.4067530999608409 -1.8688505851190256 2.1200804750585549
94 1.6046143702198468 -1.8465100879237866 2.1457473237859781
95 1.7850783550849394 -1.7705201121982246 2.1993677847108337
96 1.9526658981988809 -1.6532707241635782 2.2325540890629525
97 2.0885027641041694 -1.5207481986197591 2.2844463886463751
98 2.2009789403526421 -1.4291522731425284 2.293392863606309
99 0.45260990655794003 -0.87438204864537949 2.2928348906677836
100 0.59733592840127758 -1.1205886795316153 2.2753892859032403
101 0.78799733441251907 -1.3458068795417444 2.2374508992744282
102 0.99224886870964757 -1.5040056718284551 2.1853729782683806
103 1.1927003951222797 -1.6059187572933133 2.1221831597139555
104 1.3803432732439582 -1.6590421967373119 2.0419187292018366
105 1.5741446817512297 -1.6281578775684133 2.096231485300625
106 1.7535317601561058 -1.5352180983282 2.1616574005637199
107 1.9138933358963488 -1.3745179427611907 2.236208394119191
108 2.0666573158529409 -1.1491736055109572 2.2487111938283029
109 2.1496962856141644 -0.92138939049454316 2.2854426221354336
110 0.20000048944783619 -0.068751302621033253 2.2999999639813349
111 0.5139742172038505 -0.80257191198203937 2.2682304486506362
112 0.79008998338647374 -1.1319833635921268 2.2040754798810189
113 1.0150270325377881 -1.3096639384836468 2.1362837510547927
114 1.2085480491573284 -1.4133271512046008 2.0614318216179068
115 1.3759083117843314 -1.4672389655162321 1.9527584660357882
116 1.5266045184795667 -1.4266150192947402 2.0739032154891834
117 1.7148053489927473 -1.3502381187995229 2.0845820108570852
118 1.875852455089777 -1.1798054870277408 2.1819843080289445
119 2.0502276316329064 -0.84845110336801566 2.2527284276007653
120 2.1999998569805967 -0.10000123256809933 2.2999999584226019
frame 32
0 0.67436721905326702 -3.72066545747747 2.5336041741668014
1 0.86496853575709343 -3.7541307772751833 2.5663374206183991
2 1.0543041181645549 -3.826781264744378 2.5447387247000015
3 1.2528112886403484 -3.9360327713844372 2.5140719892275838
4 1.4520336265112539 -4.147452266199009 2.4873401620081954
5 1.653085605728672 -4.3036997893705937 2.4789910906272663
6 1.8457131806963827 -4.342212610612485 2.4792932508307151
7 2.024884697600831 -4.3000513970700798 2.4716135182410466
8 2.1950907117372895 -4.2162054426561291 2.4500239467905156
9 2.3635537327261855 -4.1310456566623452 2.4776297693035092
10 2.5019854288200096 -4.0396819666393444 2.3607847203494989
11 0.70905919906668324 -3.5204518995437213 2.5312971620663043
12 0.90316697415916614 -3.5518075894251835 2.5418283818572012
13 1.0950754459564012 -3.6191350039149328 2.5219608776626332
14 1.2836922413700356 -3.7207861735090235 2.4908183276813407
15 1.461908588409687 -3.8636708776862654 2.463091089128802
16 1.637595070806336 -3.9690653497430932 2.4518462573102515
17 1.8083937428952244 -4.0020361524668751 2.4544525166359876
18 1.9723827343645393 -3.978938109686025 2.4766179862822
19 2.1338148733344613 -3.9240893495831615 2.4524720284262678
20 2.2970204647763715 -3.8613805896314424 2.4661725132086811
21 2.4513897227325683 -3.8105131742144778 2.4010459864376017
22 0.72387771511932408 -3.3064971317610672 2.51919824779602
23 0.91395023715123536 -3.3278494656953344 2.5233444783367349
24 1.1004360789826728 -3.3842243988215062 2.4993419859467974
25 1.2805317577470325 -3.4682229177977151 2.4623051548568888
26 1.4528130889933186 -3.569069717449449 2.4286596460229442
27 1.620634357088071 -3.645084885250482 2.414389255671145
28 1.7829333073307578 -3.6703302484826135 2.4187382514788847
29 1.9400134170929115 -3.6557100786380188 2.4399545084637237
30 2.0975473290261859 -3.6173477515122241 2.4394116281253631
31 2.2562439487382551 -3.5714378455628126 2.4568828748929277
32 2.4139060928066884 -3.5369949743931142 2.4120886233417016
33 0.72004062178747186 -3.0720177547530443 2.5029215109755567
34 0.90361211564718102 -3.0837747989803321 2.5012888761895256
35 1.084249192084185 -3.1300777052518223 2.4715949758180233
36 1.2593352647439666 -3.1991274523892761 2.4284266056910804
37 1.4304062054292135 -3.2750047910892506 2.3908223134879103
38 1.5976792236680644 -3.3350262121400567 2.3737993882849446
39 1.7598402894553025 -3.3490123700211027 2.3798947911931325
40 1.9159444256147893 -3.3360312502053366 2.4034399083135147
41 2.0714890100673733 -3.3048305148153627 2.4188175314452649
42 2.2266266512364514 -3.2682901093556032 2.4440964745629659
43 2.3837287393503108 -3.2426213528111991 2.4130878912219771
44 0.70256373818369133 -2.8140605528922671 2.4832290707718525
45 0.87834201144389712 -2.8206480797822553 2.4753770112718665
46 1.0533415945337885 -2.8617862729248316 2.4400667017461881
47 1.225835572040044 -2.9221679987574234 2.3929037139235771
48 1.3982200099559754 -2.9834803576806896 2.3535590413761627
49 1.5691562488270154 -3.027055257186023 2.333855277343051
50 1.7347878040811118 -3.0370193071698179 2.3413844768047878
51 1.8939220848317844 -3.0211225656033909 2.3671489872906188
52 2.0488046081212596 -2.9898834985897857 2.3945659473945811
53 2.2008837343283387 -2.9553055180377266 2.4269024670956783
54 2.3559516021391405 -2.9323468809080127 2.4074407919419989
55 0.67542084278322345 -2.5310047312233355 2.4603773000922922
56 0.84277145463158132 -2.5381051190538413 2.4464195153564203
57 1.0126927459001427 -2.5819082906631339 2.4069800663826135
58 1.1848874944657983 -2.641931873259419 2.358477971784442
59 1.3609024111234778 -2.6977924939648719 2.3182724873883078
60 1.5377333755001759 -2.7328126316157566 2.2952841258842369
61 1.7101954219891706 -2.735634944207638 2.3039058817934777
62 1.8733559139452471 -2.7120492897425037 2.332795918607403
63 2.0278665590116374 -2.6732588837131508 2.3687124997286921
64 2.1763264032237322 -2.6331214410997479 2.4064000018568188
65 2.3275633818735013 -2.6076730892055764 2.3968858550371026
66 0.64159078603747688 -2.2182744783966419 2.4344372129927647
67 0.79992801225870902 -2.2341363748505096 2.4152391785662815
68 0.9659488891046486 -2.2916584340238071 2.3741791850522604
69 1.1398642448176044 -2.3615974981863563 2.3264157842110635
70 1.3209175913858195 -2.4210976956958365 2.2846648581565305
71 1.5049461287841952 -2.4538093582866312 2.2565397691744713
72 1.6856212796481631 -2.4475298414473388 2.2673480490976039
73 1.8535457253771859 -2.4097924903700338 2.3012252567209202
74 2.0080517599591481 -2.3546654084947924 2.3424323132290281
75 2.1515298930023556 -2.2998120087684937 2.3837720659140738
76 2.2957945018039418 -2.2659525611379245 2.3829070192926554
77 0.60321541770686238 -1.8664471738829769 2.4043735757233295
78 0.7521007374053128 -1.9051749568226275 2.3820151265611393
79 0.91643396391140886 -1.9928060975568154 2.3425397406219699
80 1.0942859676939609 -2.0848128990351378 2.2964974381373189
81 1.2807706295132173 -2.156935099044468 2.2507099294052351
82 1.4712118854517968 -2.1933229021426008 2.2124550564945111
83 1.660360749917448 -2.1764471134411973 2.2279402103729318
84 1.8328669342019765 -2.1177748720349436 2.2705424628471333
85 1.9882977740084053 -2.0346824893659212 2.3157242864893544
86 2.1253178248157449 -1.9508289053940624 2.3594652463836221
87 2.2565647831029314 -1.8985679688637662 2.3657767848580207
88 0.55868076486543883 -1.4521316382962264 2.3674351877516573
89 0.69942685403611415 -1.54784273866693 2.3464333680425926
90 0.86733817922564027 -1.6918227416415705 2.3111586752545623
91 1.0532674574406347 -1.8187611525140419 2.2644359961867671
92 1.2454595693055026 -1.910027163916072 2.2090430657377942
93 1.4370107169480477 -1.9565478162947594 2.1517759341621239
94 1.6322915426668074 -1.9285626674434639 2.177561983181965
95 1.8061020705861643 -1.8445134931799747 2.2371172559011083
96 1.9653721016994288 -1.7202232505200932 2.2848909689856014
97 2.0963997619507326 -1.5803123532284693 2.3337431410710932
98 2.2042519662835502 -1.484149540546386 2.3438361256176541
99 0.48128445960790023 -0.91203343801390646 2.3219381652074191
100 0.62943818804146634 -1.1701362590707662 2.3113891933177979
101 0.82231130083845017 -1.409260747317397 2.2766172482860667
102 1.0260737142292973 -1.5792642072395144 2.2197702777287351
103 1.2226364464299393 -1.6917194517980811 2.1452336132374952
104 1.4060364732809436 -1.752711747795793 2.0523158703567943
105 1.6000690875390593 -1.7116663093496969 2.1037573251709474
106 1.7697908647150726 -1.6076100977528025 2.1837272937747692
107 1.925295507951593 -1.4372195241882801 2.2584534199364361
108 2.0707021850576104 -1.1999361015886092 2.2868840648034996
109 2.1501924049060146 -0.95964816200712255 2.3140179665283371
110 0.20000053559618119 -0.068751381446857454 2.3000000076686571
111 0.53596385624994602 -0.84522329103919303 2.2912151815657293
112 0.81672009854905681 -1.1990001116356641 2.2270294448300625
113 1.0411976777425032 -1.3930324014308624 2.1495017460624251
114 1.2297032895959232 -1.5117714480589581 2.0575703555639864
115 1.3866282714206666 -1.5868886574983969 1.9294177962579222
116 1.5641230760590514 -1.5217092034036104 2.0115646149347248
117 1.7374100262108663 -1.4293216695705913 2.0841185624126033
118 1.8887994671023161 -1.244608395896639 2.1971019127611635
119 2.0573390054603862 -0.89069009585153613 2.2714205655295752
120 2.19999985942284 -0.1000013093198828 2.2999999945252445
frame 33
0 0.71669533755620929 -3.7892862176950466 2.6471676534150022
1 0.90586537117391586 -3.8241157860270101 2.6876903948091058
2 1.0918584357263155 -3.8980569410416814 2.6492525252796031
3 1.2863706151041339 -4.0215094691070634 2.6069038089861563
4 1.4830162252416781 -4.2461794094930063 2.5719153078404267
5 1.6859614152043654 -4.4168021141138247 2.5571625420839048
6 1.8797684064299598 -4.4591109107605043 2.5598750773222037
7 2.0573044977006276 -4.413313159153935 2.5716781559821289
8 2.2254774479018469 -4.3214104249101162 2.551537084729055
9 2.3916547245499111 -4.228035802334464 2.5792309494006482
10 2.5236887114790019 -4.1287486937243845 2.4570003396518016
11 0.75367547852732364 -3.5893560687183639 2.6534118784967329
12 0.94744859095508527 -3.6236401369217019 2.6544166150221904
13 1.1362441076033647 -3.6958704774876914 2.6203660135465747
14 1.3212539879751157 -3.8085756549724672 2.5798422218461878
15 1.4962126742122852 -3.9621089148791233 2.5472192033107595
16 1.6712817887263984 -4.0776851830703187 2.5338825461659416
17 1.8423000854732363 -4.1126327859018295 2.5404970266933131
18 2.0034390505088564 -4.0862398420494248 2.5765643378086667
19 2.1622384658513059 -4.0258135158820938 2.549375289989039
20 2.3227994314877769 -3.9569392077155405 2.5658525696574914
21 2.475492066664823 -3.9014909758177101 2.5008566181543546
22 0.77148381833324997 -3.3755937701481864 2.6380637712555735
23 0.96082457535475718 -3.4001532928794802 2.6304970631056381
24 1.1439361672139281 -3.46225225375394 2.5936781540816858
25 1.3204046871504247 -3.5550614173205251 2.5490466239974436
26 1.489597996611528 -3.6647690481018871 2.5118539585644735
27 1.6560322407421488 -3.7486022256320886 2.4966148838838849
28 1.8168873826235299 -3.7746797575737516 2.5048838672810803
29 1.9702090123978142 -3.7568799576603302 2.5365435098615028
30 2.1252854727339141 -3.7141844983049643 2.5335658453184489
31 2.2812301800716503 -3.6635416504021943 2.5533164645521604
32 2.4369612521264972 -3.6268475135066267 2.5080636814116324
33 0.76986042095173968 -3.1409614672632995 2.6163940049237313
34 0.95211820046229423 -3.1553184182693128 2.6030483058106046
35 1.1290901827799456 -3.2071404624135504 2.5624751680555997
36 1.3008197817023641 -3.2834935469162749 2.5136174203684565
37 1.4692317912612571 -3.3670634820720462 2.4730662773037806
38 1.6343029371847346 -3.4350652869482996 2.4548923900719997
39 1.7941526093437228 -3.4473060748423352 2.4644007318324173
40 1.9456558216350543 -3.4310630073289832 2.4977215872498162
41 2.0986340639934156 -3.3959181484262491 2.510194901983013
42 2.250807127086869 -3.3555841480694122 2.5366310634820652
43 2.4055104573472961 -3.3285092575829998 2.5042731082807848
44 0.75356391640265863 -2.8814344254188637 2.5894446469474945
45 0.92725133906938539 -2.8901541084196722 2.5709209003210534
46 1.0985283695215813 -2.936267914162352 2.5273599561152644
47 1.2678699315672657 -3.0029151867142909 2.4763679648438557
48 1.4372910201043243 -3.0708417548942037 2.434007451516123
49 1.6055337991793652 -3.1194457951778847 2.4122833634161971
50 1.7680452985510582 -3.1288300892696674 2.4223158818152877
51 1.9222695382076223 -3.1096763675582073 2.4568915625753238
52 2.0742132687807771 -3.0747203802209948 2.4821915594464716
53 2.2231280908972595 -3.0367593931586248 2.5145617273947418
54 2.3754847429783017 -3.0125306677999864 2.4938212872850842
55 0.72659436399171951 -2.5953400905117281 2.5572548548695218
56 0.89115010395601169 -2.6043198498706701 2.534262555704204
57 1.0575328753362097 -2.652664167728362 2.4895089327959918
58 1.2266781082677776 -2.7185263758314862 2.4386333353036775
59 1.3991848518891903 -2.780176961703456 2.3946158670843229
60 1.5727432702431972 -2.8189381230847927 2.3680996933839391
61 1.7419590507568563 -2.8210561597339794 2.3780640473770287
62 1.8996361058022209 -2.7940860457142347 2.4150702532533135
63 2.0503073177898892 -2.7514753553464826 2.4504900205416846
64 2.1952891234051717 -2.7080011626858775 2.4873986125725565
65 2.3435903325325911 -2.6810697421956693 2.4767777583924206
66 0.69175427147530055 -2.2776937712243859 2.5193803536279011
67 0.84688048058039467 -2.2958592098616459 2.4933162442980992
68 1.0098423028329004 -2.3578573662654052 2.4497959893477628
69 1.1806880800864585 -2.4337007545459985 2.4004860256612019
70 1.3575408108247244 -2.4988609754055626 2.3535393002560627
71 1.5377350329819983 -2.5351600228371116 2.3198541341875552
72 1.7152008524382627 -2.5277196476891608 2.3302423560572816
73 1.8769545157627179 -2.4856574687406843 2.3719944586371886
74 2.0261144563491014 -2.4261469287675013 2.4155781244319661
75 2.1657342448816865 -2.3676851773024441 2.4555827096361473
76 2.306828048673502 -2.3319596510902185 2.454074563397564
77 0.6506339663564874 -1.9200570913778106 2.4743778367923968
78 0.79647680506061524 -1.9614671473016798 2.4478991179121121
79 0.95850573220605273 -2.0542089884879564 2.40830605313811
80 1.1333508457511452 -2.1525864373503731 2.3604144836933574
81 1.3150672127990237 -2.2311873600508507 2.3078938389069505
82 1.5012913910159491 -2.271891916493487 2.2628215762860413
83 1.687595438885038 -2.253033875467052 2.2751427448808088
84 1.8529849960309526 -2.188616828049839 2.3257762502996275
85 2.0010485943377438 -2.0998587956972248 2.3771470247352431
86 2.1337718076856604 -2.0115139042717103 2.4193422283235599
87 2.2614891532636405 -1.9567385930486834 2.4257126674623244
88 0.5998433908621712 -1.4980418196565406 2.4189581615741078
89 0.73880493838674577 -1.597951230901671 2.3976941453543663
90 0.90590614894732324 -1.7492264708034777 2.3642584860089331
91 1.0895138601879697 -1.884178737060467 2.3146911122838576
92 1.2767172695185385 -1.9835027728044465 2.2510338718193856
93 1.4642496774685207 -2.035247530956759 2.1871521804844685
94 1.6579600540778854 -2.0044622909481986 2.2041892679111048
95 1.8240115570741142 -1.9129678859698678 2.2716468385818667
96 1.9732303940359628 -1.7806699224842704 2.3318112203957662
97 2.0994968175374309 -1.6338262420735887 2.3789439122543308
98 2.2033701969002708 -1.5332281118837385 2.3891111916487935
99 0.50780902414071261 -0.94484621709243422 2.3504091143100925
100 0.65955719234282972 -1.2134420491958418 2.3469208571935147
101 0.85475857796814392 -1.4651692470839133 2.3158931566331016
102 1.0574267028205206 -1.6466564050877444 2.2544221929470405
103 1.2492805782898959 -1.769522975503053 2.1695298906960732
104 1.4299119911046727 -1.8365372937054869 2.0727130114117518
105 1.6267402025290774 -1.7927828812362667 2.1029148932088524
106 1.7863309360993644 -1.6793306395528873 2.1987898366250218
107 1.9348412822001408 -1.4969710109693524 2.2799350529020059
108 2.0708880944946033 -1.2463645537029899 2.3207152123888863
109 2.1477363237591169 -0.99441681026942563 2.3397282554961913
110 0.20000057876130375 -0.068751451151567333 2.3000000518610024
111 0.55665303131571131 -0.88291394169698389 2.3145791782337914
112 0.8406105129325242 -1.2599769795062852 2.2513661343473328
113 1.0628405568071331 -1.4711325221620841 2.1648573370906212
114 1.2454278886073611 -1.6061095284030398 2.0580306187137181
115 1.4011383184139778 -1.6965383495805617 1.9160771263800562
116 1.6004465239807246 -1.6268033874124805 1.9592260142802662
117 1.7519570609865809 -1.5112070920728282 2.0936551138681212
118 1.9010740358357001 -1.3074921289134711 2.2121263325354876
119 2.0622237503715484 -0.93017215181810564 2.2895708621540636
120 2.1999998585266263 -0.10000138063216478 2.3000000279566417
frame 34
0 0.75819033042919759 -3.8484386995943454 2.7636342968213161
1 0.94788871291188204 -3.8841007948788371 2.8037164422325338
2 1.1285494645621663 -3.9645955402512842 2.7477350433071521
3 1.319084682826636 -4.0983409976372265 2.6925565137521823
4 1.5137255625594566 -4.3349065528870039 2.6483412230568173
5 1.7163531884208647 -4.519904438957056 2.6253339936405435
6 1.9104039202184018 -4.5660092110085237 2.6304569039136925
7 2.0838078094270771 -4.5165749213377904 2.6654035036689847
8 2.2494420544871083 -4.4166154072641035 2.6430502227675947
9 2.4127702703541591 -4.3150259481065829 2.6731603208109673
10 2.545029981578856 -4.2078154209094247 2.5534632255439922
11 0.79804842269598497 -3.6489438540187962 2.7741576837426463
12 0.99080685581804206 -3.6862457340826831 2.7606764995660158
13 1.17449288677635 -3.7654528855410163 2.7106881523630157
14 1.3552958300794129 -3.8873004336048718 2.6604795649426189
15 1.5275496008278702 -4.050546952171981 2.6229065860239391
16 1.7017583457926855 -4.1763050164975439 2.6063924174143493
17 1.8722753960060161 -4.2132294194367841 2.6169641727998845
18 2.0289385198012071 -4.1835415745128248 2.6665106894351336
19 2.1848021831520579 -4.1175376822810268 2.6388511782811013
20 2.3424671532339301 -4.0425983897314195 2.6565611090705477
21 2.495843241482012 -3.9824687775209426 2.5976867953845599
22 0.81724833794652352 -3.4348537715884437 2.7521287705083775
23 1.0045255276929022 -3.4633129959224571 2.7288670103475754
24 1.1827694263948414 -3.5319565051025426 2.678208007018041
25 1.3553052803848282 -3.6325812585780799 2.6265589271433152
26 1.5217388152095959 -3.7504683788543254 2.586352048863894
27 1.6867379951640935 -3.8421195661136953 2.5690960440633286
28 1.8459651818320406 -3.86902926676489 2.5810942114892548
29 1.9944909511463467 -3.8480498367826419 2.623132511359282
30 2.1468403115409078 -3.8010212451977048 2.6194782742163345
31 2.3000356899685106 -3.7459150973258688 2.6401947480087631
32 2.4549261965460314 -3.70699881732709 2.5981763869580603
33 0.81633133628739429 -3.1999051798735549 2.7225595275972019
34 0.99594156641960263 -3.2176585924694785 2.6948148465144808
35 1.1681848444262566 -3.2753364541867565 2.6433553603931763
36 1.3366116597973738 -3.3582975911200927 2.5893376093683469
37 1.5025918355469083 -3.449122173154842 2.5462465899346904
38 1.6654474184332551 -3.5251043618565427 2.5259853919590549
39 1.8231308099191839 -3.5355997797635679 2.5389066725717022
40 1.9692899928455607 -3.5160947645526299 2.5820032662861179
41 2.119574064814771 -3.4772725428670554 2.5921327892062349
42 2.268939207100003 -3.4334902106357155 2.6191656525011648
43 2.421806478315613 -3.4052044733649831 2.5873577995651171
44 0.80014967561478756 -2.9388082980454606 2.6869393042973191
45 0.97066556018702066 -2.9504100722583257 2.6564647894702405
46 1.1376039706232384 -3.0015881076430784 2.604653210584341
47 1.3039646062870465 -3.073914039191894 2.5502732160093791
48 1.4705322570011314 -3.1482031522077181 2.5050840147389746
49 1.6360816256010302 -3.2018363332697466 2.4807114495893434
50 1.7959135525083147 -3.2106408714695172 2.4932472869257878
51 1.9448019812296335 -3.188230169613024 2.536634137960029
52 2.0938932519921747 -3.15027075950576 2.5598171715983624
53 2.2398824169294724 -3.1093836061720133 2.5922209877938056
54 2.3898299355003219 -3.0842053746562388 2.5702017827281698
55 0.7728779819983348 -2.6496754499001209 2.6448266419336237
56 0.93389340817619937 -2.6613541272796821 2.6121055961519879
57 1.0964534750703325 -2.714161245805403 2.5620377993093704
58 1.262703764023408 -2.7851208785035535 2.5092279959706163
59 1.4316858622204101 -2.8525614295420403 2.4616032223569877
60 1.6020498944631254 -2.8952181088855111 2.4310462155904697
61 1.7686190373643704 -2.897392895614193 2.44222221306058
62 1.9207048805770504 -2.8668799718615716 2.4873445879992242
63 2.0676949098009807 -2.8210915968577228 2.5222675414546774
64 2.2094661885038955 -2.7747964116271047 2.5583972233882943
65 2.3550689521350354 -2.7467857315244832 2.5466696618477389
66 0.7368822678996042 -2.3276756214914864 2.5953457143228076
67 0.88840039096655432 -2.3487224564558526 2.561966189304802
68 1.0482078186356576 -2.4149397913964199 2.5159394517643592
69 1.2160936672088649 -2.495804011005641 2.4652961790825105
70 1.3887957684700243 -2.5666242552152889 2.4138290533381515
71 1.5652760883140673 -2.6071494879408652 2.3751431093948003
72 1.7402122131655662 -2.599900525733982 2.3831637471303746
73 1.8957557946951982 -2.5537398797538322 2.4327636606534573
74 2.0396713776015636 -2.4901160032704368 2.478754594973966
75 2.1757786714908169 -2.4284583773343216 2.5173933534582211
76 2.3140452312855309 -2.391223530718972 2.5152421076024729
77 0.69309795901263527 -1.9652700518036039 2.5365325786725359
78 0.83577294960229431 -2.0095850986078214 2.5056169915098483
79 0.99552017415251071 -2.1069771004936628 2.4657505077164812
80 1.1674545690901101 -2.2111276280291912 2.4163711821008218
81 1.344688353439276 -2.2961544675132779 2.3585515936860095
82 1.5271647558566723 -2.3414456637130372 2.3080898529718192
83 1.7113464752554683 -2.323042126384081 2.31313651067792
84 1.8695766061048815 -2.2533792487528248 2.3713190696969462
85 2.0102400467240988 -2.1591217054803669 2.4285835521595733
86 2.1386970826634371 -2.0664016195320487 2.4701598305279635
87 2.2633480357075735 -2.0093817711563364 2.475930327110881
88 0.6364291644567367 -1.5370822919050369 2.4644595542319561
89 0.77359944500747346 -1.6409866474138803 2.4425129829032235
90 0.93988742938268965 -1.7988389441912882 2.4105791785853046
91 1.1212010589172279 -1.9413428527020458 2.3588173417616161
92 1.3039808690437269 -2.0486525916876195 2.2895490308730637
93 1.4891907471844408 -2.1050009291079936 2.2214746388841262
94 1.68229939313345 -2.0756678779308504 2.2224186371246515
95 1.8399525256903784 -1.9774585831655864 2.2990840464735998
96 1.9796155900984274 -1.8372124817152236 2.3687314719059311
97 2.0998992902699518 -1.6831390188293938 2.4164215808621101
98 2.2003345820801044 -1.5782910312658665 2.4261594488899516
99 0.5310161982298498 -0.97320143105767665 2.3755803542754239
100 0.68597554790895121 -1.2510522888556574 2.3782052899419677
101 0.88319012728324642 -1.5141800067597646 2.3506072847121096
102 1.0846797805440249 -1.7066790572655082 2.2857829815870168
103 1.2731170679999964 -1.8395320357000953 2.1940724583189759
104 1.4534811451927636 -1.911089400551339 2.0976775210505494
105 1.653901649512018 -1.8710584830838828 2.0957837420051804
106 1.8036555711577678 -1.7500355635123614 2.2075727865912707
107 1.9432198862689609 -1.5548874254472973 2.2978727622926449
108 2.0708914232923457 -1.2904566204001271 2.3447587472409532
109 2.1443464273195252 -1.0270467894332769 2.3596411819860754
110 0.20000061689392692 -0.068751511948946603 2.3000000919523713
111 0.57491654648286039 -0.91575735517914247 2.3358262625589177
112 0.86116319699493993 -1.3141820577148937 2.2748749392609087
113 1.0810024196245414 -1.5418308971064723 2.1825496726480176
114 1.2594097932993784 -1.6923084299447786 2.0663478182415842
115 1.4159952208144801 -1.7961880417627265 1.9127364564021903
116 1.6267699720023978 -1.7271809996261016 1.9168874135258076
117 1.771509248592035 -1.5956654861900561 2.0931916654236393
118 1.9141880481090507 -1.3702143795362733 2.2224280126765983
119 2.0663955485013275 -0.96834264930021274 2.3034345705880326
120 2.1999998561209564 -0.10000144883207883 2.3000000541051322
frame 35
0 0.79834668994830837 -3.8975911815936444 2.8829341511576261
1 0.99041735283515597 -3.9340858038306643 2.9103222417680481
2 1.1635920058225198 -4.0236072624290422 2.8386301655071744
3 1.3490594979057771 -4.1662166560269869 2.7711532576939475
4 1.5405909163661426 -4.4136336963810017 2.7187054409117661
5 1.7420580095431897 -4.6130067639002874 2.6902965105371779
6 1.935557935424929 -4.6629075113565435 2.701795291319558
7 2.1044289374685778 -4.609836683621646 2.7491288514558407
8 2.2672847172093706 -4.5018203897180911 2.7245633609061346
9 2.4271051510183974 -4.3920160939787021 2.7593859057973109
10 2.5659446387688178 -4.2768821481944652 2.6498494356577686
11 0.84280441723447275 -3.69872442756244 2.8907024217885673
12 1.0325546294327719 -3.739675174034542 2.8573999332899089
13 1.2094554683386578 -3.8269132178605068 2.7921587967830703
14 1.3852694314219764 -3.9568678238636767 2.7327941953365582
15 1.5546185402590063 -4.1289849895648389 2.6909408484556843
16 1.7275295261498234 -4.2649248500247694 2.672511365405986
17 1.8968450011804316 -4.3038260530717389 2.6878070435184904
18 2.0487043425407738 -4.2708433070762251 2.7464570411616007
19 2.2015162206631027 -4.19926184877996 2.7183270666731638
20 2.3562765246778259 -4.1187856063608743 2.7376265310876726
21 2.5120085264442484 -4.0544969122153658 2.6903983241385516
22 0.86129629558536536 -3.4848744807125196 2.8585714659011856
23 1.0445016554731574 -3.5176131402490469 2.8172369576895129
24 1.2166417899797304 -3.5931457818647363 2.7529608568052297
25 1.3849927343377362 -3.7007903956286508 2.6946475871844742
26 1.5487747350005909 -3.8261702509936639 2.6518302192282124
27 1.7123063516930523 -3.9256369066953023 2.6330268470325993
28 1.8696875419149459 -3.9533787760560286 2.648902663091631
29 2.0129381794387018 -3.9292197160049538 2.6997215129570615
30 2.1626622086372347 -3.8780817152163363 2.6955203169677229
31 2.3133601162806712 -3.81930694231148 2.7170730315653659
32 2.4683452058618305 -3.7784225450949331 2.6814617957323077
33 0.85873580628317259 -3.2488488925838106 2.8194165490555498
34 1.0340642889543488 -3.2711245048503632 2.7765813873183571
35 1.2008971001334665 -3.3348031786893735 2.7142355528307531
36 1.3661545863461999 -3.4237068949958962 2.6550577984682375
37 1.5300179720213536 -3.5211808643376381 2.6094816785443151
38 1.6908573237961675 -3.6051434368647861 2.5870783939461104
39 1.8466043810178447 -3.6138934847848008 2.6034126134109874
40 1.9871157856213524 -3.5911265218762769 2.6562849454224198
41 2.1351201199694447 -3.5497679961027515 2.6640706765294571
42 2.2820759922244722 -3.5031199892415867 2.6917002416202647
43 2.433768752958692 -3.4739028958624401 2.6621433644139576
44 0.84093825630380714 -2.9861821707720577 2.7744339617471439
45 1.0072230848439707 -3.0018389839044186 2.7320086787194278
46 1.1693894438466876 -3.0582216156324327 2.6719464651534177
47 1.3329999613173054 -3.1355324909436546 2.6141784672749027
48 1.4971244618394997 -3.2155645496212326 2.5661605780618264
49 1.6606155941350365 -3.2742268714616087 2.53913953586249
50 1.818566535673054 -3.2832135071726607 2.5541786921362881
51 1.9623748513247108 -3.2581212014622016 2.6063767134447344
52 2.1092448441168568 -3.2180612036726441 2.6274427838502534
53 2.2526121414243461 -3.1746697830385822 2.6598802482928696
54 2.4005921632853719 -3.1489043258480125 2.6368878323313925
55 0.81227497760820033 -2.694010809388514 2.7223984290977259
56 0.96911102980705377 -2.7098659344322793 2.679948636699772
57 1.1276590348941464 -2.7672467531032701 2.6245666659227491
58 1.2913176554461481 -2.8424286222383062 2.5698226567375553
59 1.4574197657595716 -2.9149458974806248 2.5185905777296527
60 1.6255422353880848 -2.9624510580629746 2.4839927378970006
61 1.7907838458007459 -2.9656299053551449 2.4963803788441314
62 1.9379966764076124 -2.9325924622828814 2.5496189228451351
63 2.0820033038004775 -2.8842199646347995 2.5840450624676703
64 2.2207631579304432 -2.8353430551297278 2.6193958343040324
65 2.3640102893991455 -2.8066547294537356 2.6065615654030574
66 0.77493471304216066 -2.3691584239092918 2.6613110751177143
67 0.9225232453573905 -2.3938084585031771 2.6206161344115051
68 1.0790859404066 -2.4642486639494168 2.5720829142809558
69 1.2444029617321817 -2.5493871295709964 2.5201063326038193
70 1.4138270918577147 -2.6256857728660137 2.4641188065202404
71 1.5878471005754207 -2.6708952112900981 2.4208278176999145
72 1.7616994430248607 -2.6652151926724748 2.426184805661705
73 1.912133164748355 -2.6160237735434113 2.4835328627697262
74 2.0514092646208355 -2.5489062264320137 2.5319310656159661
75 2.1841412608018378 -2.484157251847479 2.5692039973802951
76 2.3198980369366735 -2.4457475712195595 2.566409651907382
77 0.72905040346518468 -2.0032622519457766 2.5891499051361002
78 0.86834313275740127 -2.0509356797093057 2.5533963309702434
79 1.02570538107507 -2.152960836956971 2.5131949623948526
80 1.1951513585800762 -2.2625097521869888 2.4623278806082864
81 1.3691801419363419 -2.3534574741315621 2.3998558535357963
82 1.5492477049022275 -2.4033438953089812 2.3450274546829522
83 1.7325737842056015 -2.3872235694671478 2.3425924150838418
84 1.885238135560148 -2.3134530778680387 2.406861889194265
85 2.0189482453678136 -2.2145261797566773 2.4700200796839038
86 2.1430049771945705 -2.1174042553951216 2.5112107607926584
87 2.2648778922366573 -2.0583814304068411 2.5165101376254375
88 0.66736364453453811 -1.5704717813913285 2.5019955766757493
89 0.80250137246834286 -1.6784948876836709 2.4785259302148912
90 0.96778938433204109 -1.8427421177973138 2.4473692186271796
91 1.1472804086495403 -1.9925163606812719 2.3940078468723933
92 1.3277038682219222 -2.1067726463671042 2.3209525263238158
93 1.5116772062686694 -2.1672845389199744 2.2487237344406403
94 1.7045414056945358 -2.1415778615646173 2.2354904893943117
95 1.8560361323832097 -2.0377167408309536 2.3177065532444479
96 1.987035958389429 -1.8910743800044569 2.3956517235160963
97 2.100533757965851 -1.7297927968719422 2.4445366428784547
98 2.1976770789592988 -1.6208474074557226 2.4545976481333169
99 0.55036889855070836 -0.9979197334377875 2.3959078269134122
100 0.70780532275725949 -1.2841915238070505 2.4031962607063706
101 0.90658343365255134 -1.5578832923238835 2.3783935991518046
102 1.1075352371048526 -1.7607416205422781 2.3119256839221105
103 1.2948132892240245 -1.9027974884815366 2.2162491609139598
104 1.4762939667106247 -1.9782471981093246 2.1144409952108458
105 1.6773816207785872 -1.9434237130812604 2.0896042343424965
106 1.8214704704255524 -1.8159352004033202 2.2091846434933311
107 1.9528036482953617 -1.6108200100675838 2.3082306832522748
108 2.072805556654076 -1.3332091154428989 2.3590881944248729
109 2.1418734336431529 -1.0585215575245397 2.3728740993768671
110 0.20000064904064854 -0.068751565235781922 2.3000001250889301
111 0.59028739248881434 -0.94457343239837688 2.3534032402236007
112 0.87878919438470693 -1.3619871248538937 2.2957920181367548
113 1.0978331141516662 -1.6043286342414134 2.201061318773601
114 1.2748046026276054 -1.7685073315865174 2.080219055430232
115 1.4314802245154785 -1.8858377340448913 1.9193957863243243
116 1.6483861082582363 -1.8175586119397227 1.884548812671349
117 1.7918577244085139 -1.6747075788268186 2.0827282170791577
118 1.9287032803690267 -1.4313919861033642 2.2262255189314688
119 2.0715059097698347 -1.0055670655709075 2.3115976111921266
120 2.1999998548374835 -0.10000151509554979 2.3000000704973766
frame 36
0 0.83829302718059662 -3.9367436636929436 3.0041543830855897
1 1.0316031303135305 -3.976780631808146 3.0069280414035626
2 1.1955791135363287 -4.0736590689767578 2.9212969505581525
3 1.3743905797149956 -4.2245963662479777 2.8434191287292609
4 1.5617097647045064 -4.4823608399749997 2.7850278147577017
5 1.7613398178244948 -4.6961090889435191 2.7546992914619586
6 1.9537833232397361 -4.7498058118045634 2.7698793440859473
7 2.118955279394783 -4.6930984460055019 2.822854199342697
8 2.2790868597881953 -4.5770253722720788 2.7960764991446747
9 2.4348534427385125 -4.4590062399508215 2.837232434577051
10 2.5848257698191315 -4.3359488755795059 2.7465694149571043
11 0.88710540042949348 -3.7386126425920407 2.9997844387391677
12 1.0704738175254627 -3.7848843050082195 2.9441233671138023
13 1.2395024483333468 -3.8792467100412389 2.864991390596372
14 1.4098295546525741 -4.016842816201649 2.7977223519197696
15 1.5759272567595162 -4.1974230270576971 2.7530955503977639
16 1.7470703554296625 -4.3435446836519951 2.7344250782122375
17 1.9147440628491701 -4.384422686806694 2.7530142531613095
18 2.0624375629293024 -4.3481450397396255 2.8164033929880681
19 2.212438123630617 -4.2714809351716232 2.7878029551652266
20 2.3645474028369002 -4.1859440043872427 2.8088011858509581
21 2.5229304134629951 -4.1176010330530408 2.7780208030059872
22 0.90248081326642282 -3.5255674529594976 2.9553894117600619
23 1.0792792434843277 -3.5634043710704351 2.8956069051314506
24 1.2443996003471374 -3.6454276136967776 2.8185261608541277
25 1.4085950852133211 -3.7595731445587672 2.7541604054086024
26 1.5698430732567987 -3.8919116235550639 2.7095996043857347
27 1.7318102721912449 -3.9991542473769091 2.6902032050142801
28 1.8872396807096425 -4.0277282854471679 2.7091618171069047
29 2.0256258358069497 -4.0004555562677808 2.7663105146548412
30 2.1731718675663259 -3.9464922783931402 2.7615623598191115
31 2.3218417931787325 -3.8845634773780371 2.783951315221969
32 2.4774589243864975 -3.8418254713604929 2.757361381374098
33 0.89625335162593867 -3.2883230573135438 2.906273570613898
34 1.0657042342623881 -3.3160548513205419 2.8483479282222337
35 1.2266158780134506 -3.3856870799710954 2.7751157453683302
36 1.3890850584760916 -3.4799964049782877 2.7111123913297552
37 1.5511781298241205 -3.5832395556204344 2.663561750235325
38 1.7100976103415726 -3.6751825119730297 2.6394008087242788
39 1.8642403837351464 -3.6821871899060339 2.6585509151446032
40 1.9994702068699044 -3.6567993025523151 2.7205666246587219
41 2.1459571155019428 -3.61437828125614 2.7260085639526794
42 2.2910814491866676 -3.5655692280191276 2.7542348308393647
43 2.4422853482792144 -3.535619575590224 2.7287304493134186
44 0.87526670203278412 -3.023556043598655 2.8519286192969688
45 1.0362778113410254 -3.0449605375018187 2.7975525680686153
46 1.1934508236409509 -3.1068226078675303 2.7292397198224947
47 1.3548487697252121 -3.1886272466926497 2.6680837186404265
48 1.5171851129634697 -3.2729259471347474 2.6172371414846785
49 1.6792058302769335 -3.3367171228987065 2.5875676222356367
50 1.8359495073350123 -3.3470525946115468 2.6051100974467887
51 1.9753334005183274 -3.3204191290285499 2.6661192890294401
52 2.1209093813910718 -3.2791068563358445 2.6850683962021447
53 2.262262306328461 -3.2337947631809549 2.7175395088919339
54 2.4088467827412412 -3.2077735522484501 2.6948465305495293
55 0.84441936721332866 -2.7294849747703118 2.7899702163618283
56 0.99653810192649872 -2.7508079812702904 2.7377916773475564
57 1.1510681994106549 -2.8131904199651951 2.6770955326361281
58 1.3127303490696571 -2.8925040708491423 2.6204173176044945
59 1.4767192540356815 -2.9693018583036541 2.5655779332023179
60 1.643642545638559 -3.0213507631873355 2.5275330845550616
61 1.8085384208341904 -3.0262391684477041 2.5405385447276831
62 1.9518548909967968 -2.9919541002219563 2.6018932577910463
63 2.0938040746351647 -2.9417942048936045 2.6358225835806635
64 2.2301717511060888 -2.8907842413153806 2.6703944453197708
65 2.3715132723509447 -2.8617823152429094 2.6564534690583761
66 0.80570824500117932 -2.4033666093886921 2.7172764360126211
67 0.9490724143804472 -2.4324523720844131 2.6692660796182084
68 1.1024848151339901 -2.5075102129829503 2.6182263768975527
69 1.2657238053661317 -2.5971457224046328 2.5649164862251284
70 1.4328689563247121 -2.6782032246984797 2.5044085598023296
71 1.6057770102794504 -2.7277361360284353 2.4581014926231894
72 1.7795778196579379 -2.7240718277549987 2.4614183437032282
73 1.9265451561989542 -2.6730502889210928 2.5243020649859953
74 2.0618605607414486 -2.6031788750993425 2.5751075363579665
75 2.1917078650582904 -2.5357589719532161 2.6110146414023694
76 2.3253417914593979 -2.4964918301221442 2.6075771963122913
77 0.75818534764567425 -2.0354569605440904 2.6324325710451846
78 0.8938612541590758 -2.0870910948259733 2.5915093534283127
79 1.0488145790648351 -2.1940953307158759 2.5506394171732243
80 1.2162121433797217 -2.3090778636048248 2.4982845792157513
81 1.388264566859662 -2.4053220369887236 2.4325877607463759
82 1.5674258127010263 -2.4594395877286326 2.3749528647214584
83 1.7504920371696022 -2.4458631000577684 2.3665049589134743
84 1.8999313193533771 -2.3692025871866358 2.4328185204559865
85 2.0276043558448342 -2.2663057147057954 2.5014566073082345
86 2.1475365591681363 -2.1652128940320927 2.5426197979609975
87 2.2668932893432938 -2.1044072475989477 2.5482924428617753
88 0.69239938629218534 -1.5995170772212426 2.5317237793667293
89 0.8251597014824178 -1.7119451775195671 2.5060784386642081
90 0.98919543052769188 -1.8826440686864339 2.4752644235723826
91 1.1673384175205583 -2.0394508601273222 2.4212595116477753
92 1.3471395495244003 -2.1598097180079852 2.3464477032066049
93 1.5312828454160217 -2.2244568658276225 2.2712779817851168
94 1.7236591335602145 -2.201988286172639 2.2469643841715419
95 1.871459055871546 -2.0937909671901989 2.3305901543201077
96 1.9954870168834327 -1.9418901288232648 2.4125719752262618
97 2.1024474908925392 -1.7740995458228923 2.4634244443457245
98 2.1961685654932346 -1.6611515603732241 2.4755909854770217
99 0.56584154138503773 -1.0198446879953778 2.4114731406146377
100 0.7249433965687232 -1.3139494380142751 2.4221766348247935
101 0.92484571494672274 -1.5974653603231028 2.3997865262654794
102 1.1260501203225617 -1.8096584633705917 2.3335502825142775
103 1.3140747044065333 -1.9597591333249296 2.2371445025720047
104 1.4983878417665211 -2.0394620803429477 2.1312129236824218
105 1.6981727797693273 -2.008908281097574 2.0873117812794484
106 1.8385139129522385 -1.8761145519101736 2.2107564306751799
107 1.963811388259167 -1.6625382347786128 2.3143390776139192
108 2.0770724642793486 -1.3733991742404896 2.3675616380283273
109 2.1414536483511535 -1.0884157042671458 2.3812098210160193
110 0.20000067509442482 -0.06875161254684907 2.3000001511136792
111 0.60271993290956216 -0.97021699292063335 2.3672350769092447
112 0.89376651979477917 -1.404206089501564 2.3136344655870533
113 1.1139200696518865 -1.6589920240508609 2.2191036708835425
114 1.2918716311655056 -1.8347062333282562 2.097243833399101
115 1.4494388746282132 -1.9654874264270561 1.9360551161464583
116 1.6691015751562177 -1.8979362243533437 1.8622102117168904
117 1.8104996189519229 -1.7453042574133346 2.0771266470648975
118 1.942714932038903 -1.486575038620169 2.2292810532452112
119 2.0775817628721196 -1.0399147170249632 2.3167900200562506
120 2.1999998566668264 -0.10000157718961017 2.3000000809401482
frame 37
0 0.8803458473643152 -3.965896145892243 3.1241478060987298
1 1.0696085386376599 -4.012180324563456 3.0935338411390774
2 1.2229993614947465 -4.1152065326591316 2.9953653681826755
3 1.3941601917107738 -4.2737924843199337 2.9086529896344646
4 1.5766249097272937 -4.5410879836689979 2.8453733355945023
5 1.7738958227300439 -4.769211414086751 2.8132923478223488
6 1.9652816953729442 -4.8267041123525836 2.8297974418046086
7 2.1271804091937985 -4.7663602084893579 2.8865795473295535
8 2.2851163369947765 -4.6422303549260668 2.857589637483215
9 2.4367697832852691 -4.5159963860229411 2.9050789634567913
10 2.5988168286080109 -4.3850156030645469 2.8437179442159879
11 0.92988636199065366 -3.7694752813133956 3.0990449123592487
12 1.1031766945499395 -3.8224928310007495 3.0208468010376959
13 1.2634940421887082 -3.9230711954528665 2.9293440596326836
14 1.428115590786923 -4.0676401597862197 2.8553897474609116
15 1.5908838739330069 -4.2558610646505555 2.8087842581404905
16 1.7599154973534654 -4.412164517379221 2.7900769151858169
17 1.9258819435832073 -4.4550193206416493 2.8103049930295394
18 2.0702126231619427 -4.4154467725030262 2.8763497449145357
19 2.2179180165131482 -4.3347520376714295 2.8472788437572896
20 2.3678536394581746 -4.2443553235483691 2.8699758407142437
21 2.5275443886398823 -4.1716796257537965 2.8583561589591642
22 0.9400612778406191 -3.5584358923651704 3.0422073577189384
23 1.1081487455602805 -3.6018229428582651 2.9639768526733885
24 1.2654434580326956 -3.6897235970206226 2.8752704939614948
25 1.4256160481603011 -3.809712026263405 2.8057673005887622
26 1.5845255066615511 -3.9482479054757031 2.7599957344994244
27 1.744791188703753 -4.0626715881585156 2.7403738015372956
28 1.8983960853154449 -4.0920777949383069 2.7615081582687977
29 2.0329358746560722 -4.0630765929736388 2.8228995164526212
30 2.1788769910857408 -4.0068471490674549 2.8176044027705003
31 2.3259804522389862 -3.9421218572841301 2.8408295989785723
32 2.4821475801951967 -3.8973921813773935 2.8249164131748592
33 0.9291573000066371 -3.321455830603588 2.9831305922722464
34 1.0910973754503974 -3.3543213138843648 2.9101144692261105
35 1.2455362201653408 -3.4293030271249982 2.8259959380059074
36 1.4054449338542201 -3.5284370495780415 2.758263562192544
37 1.5659680757969876 -3.6367173581658663 2.7091353305936905
38 1.7233123137298634 -3.7352215871812735 2.6837701678924089
39 1.876254467886612 -3.7414864132270358 2.7056676731891769
40 2.0071204005668513 -3.7153254949713181 2.7748483039950242
41 2.1525758721766297 -3.6719281834010236 2.777946451475902
42 2.2963238372065224 -3.6212905148384373 2.806769420158465
43 2.4474113965555482 -3.5905665758499015 2.7866643518289571
44 0.90427178629065186 -3.0555648659602412 2.9194254573509539
45 1.0587594077641527 -3.0821961129027788 2.8530964575178031
46 1.2106148267623629 -3.1491305797014864 2.7765329745915719
47 1.3703496437421583 -3.2349453081631094 2.7119889701059505
48 1.5313292924588939 -3.3232376861120296 2.6583137050075307
49 1.6923036737511452 -3.3917677465202196 2.6259957087087837
50 1.8483283973445297 -3.4030943936450413 2.6460415028572895
51 1.9839518711337121 -3.3760488059572471 2.7158618647141459
52 2.1288201587188573 -3.3339785262700619 2.7326940086540361
53 2.2687167671280544 -3.2870994350072169 2.7651987695909983
54 2.414365058143507 -3.2608957805100984 2.743740884378632
55 0.87085836780717263 -2.7604121624358462 2.8475420037259309
56 1.0172998921166998 -2.7866765634478279 2.7856347180953409
57 1.1676167109798894 -2.8538567149218776 2.7196243994495073
58 1.3276322512735861 -2.9371170315679374 2.6610119785714339
59 1.4901265256509997 -3.0178963783538202 2.6025652887749833
60 1.656579164225108 -3.0737179649165891 2.5624913436031904
61 1.8215979113090819 -3.080179143250064 2.574878466581783
62 1.9620008686236334 -3.0454845340026053 2.6441675928369577
63 2.1025797726127142 -2.9939890103617595 2.6776001047936568
64 2.2370803689519079 -2.9412122710388457 2.7113930564355093
65 2.3768544043108291 -2.9120743871666113 2.696345372813695
66 0.83070621416580392 -2.433146008411522 2.7634787445590132
67 0.96916602916836914 -2.4667502773565166 2.7079160249249119
68 1.119214149265231 -2.5464287954465661 2.6543698396141497
69 1.280431848767567 -2.6405947866534025 2.5997266399464376
70 1.4461889775934169 -2.7258593427861002 2.5358392508312093
71 1.6189396986511633 -2.778900402432646 2.4884748636103184
72 1.7929441134322823 -2.7770984003089532 2.4897742149281354
73 1.9379892297476065 -2.7251290409032287 2.5550712673022646
74 2.0700551300137855 -2.6527352781351996 2.6082840071999671
75 2.1973922368149359 -2.5830152854265385 2.6430951557938172
76 2.3291856026241624 -2.5430764134091977 2.6387447408172009
77 0.78136715825531189 -2.0639672230746653 2.6672441182090703
78 0.91301015273187835 -2.1198018537123469 2.6207838745921257
79 1.0654402664776708 -2.2318372841577503 2.5780838720515962
80 1.2310836913075174 -2.352002728572455 2.5242412779232164
81 1.4022626427599827 -2.4528500396853889 2.4585716654435172
82 1.5815278928621805 -2.5104822043818635 2.4002515972279745
83 1.7644373537271456 -2.499235714438623 2.3867860467300153
84 1.9123208404217 -2.4203626103627029 2.4525509561178964
85 2.0352096903519739 -2.3135985373116066 2.5228931350325654
86 2.150876809026395 -2.2091864146247304 2.5647554950211031
87 2.2678180791405529 -2.146752940460217 2.5717163728494969
88 0.71181563657325153 -1.6255704772877202 2.5549242749879029
89 0.84180765772572907 -1.7424280537294339 2.5267690603599116
90 1.0043234904121578 -1.91923754815988 2.4961095435811793
91 1.1816699889652569 -2.0823038858762914 2.4427245796969137
92 1.3622638879287703 -2.2078420177898037 2.3687101861099324
93 1.547472857183632 -2.2764059134105517 2.292597999510706
94 1.7386701601900683 -2.2572992005683541 2.2577654910406886
95 1.8833438118311341 -2.1452353204003956 2.3397553380959284
96 2.0022407658847867 -1.9882064798699715 2.4194922270364274
97 2.1037555592659785 -1.8152045064400648 2.4733491908693339
98 2.1937064292290969 -1.6982751556214166 2.4897131836209354
99 0.57761397544576676 -1.0395895459797264 2.4233746174921373
100 0.73763530558423829 -1.3408120157213572 2.4367059808191645
101 0.93827695494335139 -1.6330036360395335 2.416784901286857
102 1.1404398051943636 -1.8528966694690638 2.3527495701071941
103 1.3305525781153684 -2.0094160891844561 2.2591161953714738
104 1.5192538870839281 -2.0927012695811587 2.1528945146991281
105 1.7158999020146675 -2.0676747785746095 2.0891589982061851
106 1.8517832068840587 -1.9293222900673284 2.2137248508545433
107 1.9725031136803075 -1.7076559321536962 2.3176247195244324
108 2.0810115219585894 -1.4092766984029739 2.3721990421876726
109 2.1415118283940249 -1.1155219785555897 2.385928936354234
110 0.20000069526417508 -0.068751654726492084 2.3000001716160625
111 0.61225207230183298 -0.99300679542190762 2.3782358332950944
112 0.9059899790720064 -1.4410084364479789 2.329178483953362
113 1.128537012338753 -1.7058161098002398 2.2368458691040423
114 1.3088522343294227 -1.890905135169995 2.1171146933106644
115 1.467841162662509 -2.0351371189092209 1.9627144458685923
116 1.6865415769162324 -1.9683138368669648 1.8498716106624318
117 1.8243392722157705 -1.8062656605662555 2.0762125681452752
118 1.9527742042497684 -1.5337160836479937 2.2319302481383283
119 2.0825148852684077 -1.0699130432328252 2.320120356836044
120 2.199999859019333 -0.10000163258377139 2.30000008765525
frame 38
0 0.92653018195643233 -3.9850486281915427 3.2380621517647623
1 1.1028373929445481 -4.0404526267654699 3.1701396409745923
2 1.2449731106275388 -4.1491865070831224 3.0603486889894218
3 1.4082120064173496 -4.3145969203084498 2.965456227356515
4 1.5858981562425523 -4.5898151274629964 2.8970912429688522
5 1.7806424585295071 -4.8323137393299831 2.8627221947534487
6 1.9711577010375518 -4.8936024130006039 2.879831003514628
7 2.1300310583061215 -4.8296219710732142 2.9403048954164102
8 2.2865392913125206 -4.6974353376800551 2.9091027759217556
9 2.4346031169217452 -4.5629865321950609 2.9629254924365318
10 2.6038045745409923 -4.424292328027347 2.9398431419044515
11 0.97044176721989972 -3.7923455837575273 3.18830538607933
12 1.1300233323233226 -3.8532160898825913 3.0875702350615897
13 1.2810272865236922 -3.9596674131829879 2.9850814099154168
14 1.4400176936284292 -4.110381541589299 2.9049359851822882
15 1.5997536216198911 -4.3051101528264466 2.85603153624352
16 1.7668327123845513 -4.4707843512064471 2.8370916403077353
17 1.9312570225577605 -4.5156159545766048 2.8583383504707864
18 2.072921799484909 -4.4728663370688215 2.9262960969410035
19 2.2190009897251142 -4.3890057410887628 2.8967547324493528
20 2.3674537766278276 -4.294100577624353 2.9211504956775296
21 2.5263081280234365 -4.2169892788292564 2.9286915150123414
22 0.97404885124266194 -3.5843505415053829 3.1190253037778151
23 1.1307776388128397 -3.634112764646221 3.0223468003153267
24 1.27977106562931 -3.7274883717910376 2.9233600543927794
25 1.4359486892273665 -3.8526127975110858 2.849173258778293
26 1.5927103457295726 -3.9963069755872946 2.8018368522347443
27 1.7515909897759119 -4.1161889290401223 2.782613425641947
28 1.9037801604141913 -4.1464273045294462 2.8054449373522163
29 2.0356168505306247 -4.1170232481020701 2.8694885183504013
30 2.1805280513477134 -4.0591092005463807 2.8636464458218893
31 2.3265270800624891 -3.9919252169917128 2.8877078828351759
32 2.4826751609484146 -3.945037440060013 2.8825715170546893
33 0.95794242301436672 -3.3487880837171682 3.049987614030595
34 1.1104767777008964 -3.3873403279156338 2.9618810103299875
35 1.257969579594747 -3.4672279958167573 2.8674048434963879
36 1.4151833021357847 -3.5706372745251076 2.7965123416607538
37 1.5740312006301136 -3.683168730803132 2.7458027042889324
38 1.7306800026936286 -3.7852606624895175 2.7211190879853704
39 1.8828342784428778 -3.7926287662963336 2.7451710021164004
40 2.0107514471042021 -3.7663244149766557 2.8191299834313268
41 2.1554969031607878 -3.7222799732015419 2.8198843390991248
42 2.2981422631614961 -3.669999534839917 2.8493040095775655
43 2.4490848252377555 -3.6383527293573117 2.8348427507595373
44 0.9289227844300425 -3.0830511346661762 2.9770054194641862
45 1.0755014744143099 -3.1151046859450258 2.898640347066991
46 1.2216397514633055 -3.1867428121956949 2.8138262294606493
47 1.379794514707396 -3.2760750891954267 2.7458942216714748
48 1.5393166086668317 -3.3681707547196003 2.6898196854671816
49 1.7001311424813554 -3.4396419674083001 2.658505883326987
50 1.855948447869618 -3.4521868865970893 2.6797838002528516
51 1.9889143632099036 -3.4250027765671245 2.755604440498852
52 2.1332124540284072 -3.3823509042354165 2.7703196212059278
53 2.2718301061048853 -3.3340228374969931 2.802858030390063
54 2.4166917729350259 -3.3075647776976114 2.7828188356317023
55 0.89294761050009663 -2.7874269578029209 2.8951137911900338
56 1.0324407804636626 -2.8189885888492885 2.8234777589431257
57 1.1781221548614855 -2.8907250633406378 2.7521532663628867
58 1.3364746155173404 -2.9776261378697293 2.6916066396383735
59 1.4980237052485326 -3.0617377411485487 2.6295526444476489
60 1.6648258014765105 -3.1202064511248078 2.5911446021990239
61 1.830022669449733 -3.1281340133460067 2.6037827164885425
62 1.9686802912166184 -3.0928996874768426 2.6764419279828693
63 2.1078246941696985 -3.0401808907356678 2.7093776261066504
64 2.2405790220476134 -2.9858230475501415 2.7423916676512481
65 2.3790296657446879 -2.9565328386879046 2.7262372766690142
66 0.85117362961806531 -2.4597797383618194 2.8008331019421089
67 0.98374337966569525 -2.4980443230007023 2.7365659703316156
68 1.1298090571708959 -2.5823443937410078 2.680513302430747
69 1.2891728899016333 -2.6804655473885024 2.6245367937677471
70 1.4541510758067282 -2.7690973148218343 2.5600655143417903
71 1.6272127043804372 -2.8245933973656281 2.5135260771802539
72 1.8009464065576577 -2.8246907179413738 2.5122880829629821
73 1.9450817478716029 -2.7716276741209169 2.5758404697185342
74 2.0744817220069605 -2.6967685921905384 2.6314604781419679
75 2.1995148306966441 -2.6250551228567058 2.6661443328037535
76 2.329805069084109 -2.5845083585870277 2.6616541902927278
77 0.79932139206411756 -2.0899111039742295 2.6948243312857225
78 0.92621185722348076 -2.1500224790666969 2.6421466114619596
79 1.0758769890796667 -2.2666133709779226 2.5963838508824781
80 1.2401314813847253 -2.3912286193178103 2.5436543634669104
81 1.4113944366608924 -2.49548824953518 2.4800760713689671
82 1.5908901974593646 -2.5559399873681103 2.4224106896672462
83 1.7730193217488457 -2.5471171937522814 2.4033654725922338
84 1.9195300493575467 -2.4659278014265995 2.4663492903573849
85 2.0393250794784632 -2.3559022174233961 2.5343296628568965
86 2.1511709178882001 -2.2485556381558807 2.5792000345778368
87 2.2661410649855318 -2.1845982214330943 2.5884384985334723
88 0.72591740003660199 -1.6492316600738641 2.5731319355975408
89 0.85271783460574335 -1.7702697340818516 2.5422154125967316
90 1.0136243342382922 -1.9522696772747958 2.5118404724006007
91 1.1910534744766939 -2.1203147585788535 2.4609306667887227
92 1.3732027586101123 -2.2499250263630142 2.3899693950737131
93 1.5597852368915901 -2.3219147736707519 2.3142890599847621
94 1.7492589997457726 -2.3065097172660352 2.2688421479701435
95 1.8912599528842977 -2.1900459919658921 2.348317960572516
96 2.0071240883600008 -2.0283237567429082 2.4253506523403883
97 2.1047927853164619 -1.851279907260905 2.4799723889288532
98 2.1913632921292479 -1.7312480651193067 2.4994870574913639
99 0.58589326055444702 -1.0572727782680524 2.4328382676266824
100 0.74618948261682128 -1.364647151320457 2.4483666893294185
101 0.94735537105286172 -1.6638697288345745 2.4313937042695986
102 1.1512064973879015 -1.8894214996099565 2.3716834760640841
103 1.3442968744546429 -2.0504695086226512 2.2841306562523074
104 1.5385042960538919 -2.1359404589193698 2.1812259371023957
105 1.7295932329431047 -2.1191365776374584 2.0956149813267633
106 1.8607067619186499 -1.974718712252185 2.2192053527861275
107 1.978175622562659 -1.746021668984558 2.3217211406467295
108 2.083525047286066 -1.440013632358349 2.3759815300272638
109 2.1413786059740949 -1.1390813765254224 2.3892176585144536
110 0.20000070980828569 -0.068751691707178472 2.3000001884582337
111 0.61896597124779473 -1.012767754854164 2.3874615160772135
112 0.91544041588445102 -1.4719868193392847 2.343621994138485
113 1.141099064916169 -1.7444371029446193 2.2552809787934542
114 1.3242074496865437 -1.9371040371117338 2.1404657318043792
115 1.484098337942966 -2.0947868114913861 1.9993737754907264
116 1.6981508869776998 -2.0286914494805863 1.8475330095079732
117 1.8329015767751491 -1.8575134590634765 2.0795736748431586
118 1.9588942920592254 -1.5732532103228642 2.236034470528121
119 2.0856017178097095 -1.0952623563590067 2.3232975100702116
120 2.1999998600501494 -0.10000168016578219 2.3000000930146998
frame 39
0 0.97734420234826269 -3.9942011105908426 3.3419764975307951
1 1.1294670593394167 -4.0621199107330268 3.2367454409101075
2 1.2614499294643995 -4.1761601468588507 3.116279310245603
3 1.4170869459974569 -4.347494893664118 3.0131802877549529
4 1.5906826480394696 -4.628542271356995 2.9391863997464887
5 1.7831249799725524 -4.8854160646732154 2.9024877486943579
6 1.9729685940584754 -4.9505007137486245 2.9201481418507265
7 2.1300272598019441 -4.8828837337570707 2.9840302436032671
8 2.2860766844982865 -4.7426403205340435 2.9506159144602964
9 2.4318368143508722 -4.5999766784671809 3.0107720215162725
10 2.598792320573974 -4.4585052358075474 3.0315688357873327
11 1.0091328251932343 -3.8076522895432099 3.2675658598994115
12 1.1509568617795753 -3.8776548118059004 3.145291421918238
13 1.2925043207639255 -3.9897974772113263 3.0327239940325881
14 1.4459947736386116 -4.1457948392100512 2.9458486738276166
15 1.6034507746230979 -4.3456800211456095 2.8939403814196685
16 1.7692910082648319 -4.5194041851336735 2.8749817425524902
17 1.9325761316190322 -4.5662125886115605 2.8973058423820288
18 2.0728228466296041 -4.522020014168481 2.9662424490674715
19 2.2182319877186121 -4.4344741733614041 2.9362306212414162
20 2.3664083804035818 -4.3354893210804599 2.9623251507408157
21 2.5234194045512881 -4.2553496425243429 2.9890268711655188
22 1.0052898360098799 -3.6036027562176076 3.185843249936692
23 1.1473316746400302 -3.6610390600675999 3.070716748057265
24 1.2879245087637556 -3.7596561797497081 2.9633455849133759
25 1.4397159589525996 -3.889169824617019 2.8839062983036325
26 1.5949100095992108 -4.036560234751307 2.834682088898473
27 1.7533038406302937 -4.1597062700217293 2.8168495647714469
28 1.9046251542833426 -4.1909421948212637 2.8413876001925336
29 2.035464351063681 -4.1627538308592298 2.9060775203481817
30 2.1798170068537468 -4.1034636920402718 2.8996884889732786
31 2.3253596469446576 -4.034234131255368 2.9245861667917796
32 2.4809446642596069 -3.9854000967237102 2.9305797533659708
33 0.98354059318557008 -3.3701776599668305 3.1068446358889439
34 1.1241073928883389 -3.4154795665177593 3.0036475515338648
35 1.2641700781498648 -3.5001408136486525 2.9009042051796188
36 1.4178879745617694 -3.6073453103639661 2.8257088876312895
37 1.5756038342683423 -3.7225995664791811 2.7741537104906842
38 1.7325796574481496 -3.8252997378977618 2.7519119252990709
39 1.8843856347218815 -3.8351468090592089 2.7777884044691579
40 2.0114441583991849 -3.8095708077620296 2.8534116629676296
41 2.1556517490160307 -3.7652138656318672 2.8518222268223479
42 2.2974092335540326 -3.7115767474152421 2.8818385990966662
43 2.4480211154192086 -3.6788122943420647 2.8735866161366461
44 0.95029631605029719 -3.1054668806735135 3.0247180846284856
45 1.0870634939238015 -3.1438183683747041 2.9341842367161792
46 1.226859160988004 -3.2199757644839933 2.8411194844297269
47 1.3824817232915243 -3.3125892470045368 2.7697994733369993
48 1.541270131569485 -3.4070923893587399 2.7139797537870152
49 1.7026276068939679 -3.4796463854080413 2.68569066545655
50 1.8585625311225626 -3.4936374085277064 2.708077755542627
51 1.9906693559366837 -3.4666597623861635 2.7853470163835583
52 2.1343242379666978 -3.4236416255885387 2.7979452338578197
53 2.2716823103208852 -3.3740561436588297 2.8305172912891279
54 2.4158544537374529 -3.3470249653091706 2.8130980950655782
55 0.91154740749221286 -2.8104881696768529 2.9330633153950156
56 1.042774535261827 -2.8476362982288843 2.8513207998909107
57 1.1828611132706608 -2.923699718583836 2.7746821333762663
58 1.3389308247502656 -3.0136995787030827 2.7122013008053134
59 1.5003133309447829 -3.0999455825360016 2.6503276286508379
60 1.6675738448366058 -3.1597966557783126 2.6146031908488889
61 1.8327097218008268 -3.1690595011826912 2.6268732001067518
62 1.9710267902352461 -3.1333783957787325 2.6987162632287811
63 2.1088149878757978 -3.0795752059862433 2.7311551475196443
64 2.2399554206056327 -3.0238968684728897 2.7633902789669871
65 2.3774460191238864 -2.9940711268949123 2.7485384866453728
66 0.86693706615756028 -2.4833106677403056 2.8306124186331849
67 0.99268043240868387 -2.5263975454312315 2.7575944930026455
68 1.1346124712701353 -2.6147487666683276 2.6966567653473446
69 1.2923207542901309 -2.7157894508258091 2.6393469476890568
70 1.4571903212158293 -2.8064827683783933 2.5783361767297732
71 1.6300000637074425 -2.863504197020192 2.5336555806243455
72 1.8028338846034568 -2.8654074060108803 2.5293854031986207
73 1.9465844215549724 -2.8113474223016732 2.5888231973820885
74 2.0741782848387298 -2.7344783043836975 2.644636949183969
75 2.1971819477773575 -2.6610996603547341 2.681153809096442
76 2.3263905931367406 -2.619722086150853 2.6789155657773818
77 0.81168292890687188 -2.1129620652384626 2.7168722881014844
78 0.93316520742583886 -2.177176520256515 2.6579910113365539
79 1.0798369508796866 -2.297563031178699 2.6098457815059239
80 1.2434817669738727 -2.4250083024529023 2.5583532991243483
81 1.4155073581122011 -2.5312547558525642 2.497818962128564
82 1.5945024548051838 -2.593868759081472 2.4409699814984318
83 1.7753968911819618 -2.5875803554696759 2.4168130228200368
84 1.9210834136543735 -2.5043869500320395 2.4763707838789557
85 2.0395544530022742 -2.3918500252070207 2.5410305232834118
86 2.1486055637345149 -2.2822612891442202 2.5886574955105548
87 2.2619046208377025 -2.2169904685331958 2.60090347756379
88 0.73478487956780736 -1.6700890885580353 2.5878055864417333
89 0.85813146147019215 -1.7948374244573453 2.5541552201563404
90 1.0175378748023902 -1.9808191171225753 2.5244097878723188
91 1.1952757060972656 -2.1521576310181456 2.4765877530671161
92 1.3788293158349505 -2.2842292418180099 2.4090880332673246
93 1.5654954681101867 -2.3587815775405461 2.3336742137570208
94 1.753289571509784 -2.3472763872399733 2.28043867133107
95 1.8938318730026775 -2.2270651905178447 2.3573674697762197
96 2.008354769984348 -2.0614712042158647 2.4319909431096631
97 2.1041566745224851 -1.8813213583269828 2.486031483739886
98 2.1883953714970952 -1.759175423470307 2.5071545621598132
99 0.59077631480615556 -1.0725755807926316 2.4407328495105451
100 0.75073305449981986 -1.3850038427846592 2.4581592569495117
101 0.95206202387791772 -1.6895573582685328 2.4443265167499009
102 1.1574393001395977 -1.9188402562298819 2.3893159519937948
103 1.3525716788260311 -2.0825164599282298 2.307172824903347
104 1.5492027887254163 -2.1694372879638029 2.2066982895587643
105 1.7351775400629454 -2.1614836928581709 2.106226340363933
106 1.8637679169524446 -2.0117893846579142 2.2276321359966311
107 1.9798696900177264 -1.7773859187687275 2.3279219552468504
108 2.0838446705781686 -1.4652534140892142 2.3806057186360485
109 2.1403821144833515 -1.1586431784156357 2.3926500163429498
110 0.20000071864606736 -0.068751722915273247 2.3000002027567414
111 0.62274362889340662 -1.0292174502921039 2.3954306908842158
112 0.92121788869049637 -1.49703832023598 2.3568747268594068
113 1.1492217981658948 -1.7749714833420451 2.2726920038101674
114 1.3333261893828547 -1.9733029391534727 2.1616964599485842
115 1.490355513323423 -2.1444365041735516 2.0292979595990399
116 1.70021983403124 -2.0790690621942081 1.8551944082535146
117 1.8350045874949243 -1.8987612576606976 2.0875444206774221
118 1.9606423642513766 -1.6051555083310567 2.242559504418439
119 2.0864572853576595 -1.115873313336377 2.3273808103342808
120 2.199999859020902 -0.10000171938180964 2.3000000994035754
frame 40
0 1.0347243413024529 -3.9933535930901431 3.435890843396828
1 1.1507290388118205 -4.0755795364852165 3.2933512409456229
2 1.2736208508285314 -4.1954293031487584 3.1635813410511946
3 1.4218712993928166 -4.3721454228853682 3.0522280456268294
4 1.5919615096334387 -4.6572694153509939 2.9722751261220841
5 1.7825042131407616 -4.928518390116448 2.9333680690549944
6 1.9719907366580314 -4.9973990145966454 2.9513390136876776
7 2.1283866559007913 -4.9261454965409275 3.0177555918901242
8 2.2848242786830313 -4.7778453034880322 2.9821290530988374
9 2.4295918297239636 -4.6269668248393012 3.0486185506960135
10 2.5837800667069559 -4.4827181436877481 3.1132945297702141
11 1.047296536039104 -3.8152840002846631 3.3368263338194932
12 1.1678151571099771 -3.8948045379256859 3.1953246803860171
13 1.2994422188098074 -4.0127694491981742 3.0727503512435419
14 1.447115402536548 -4.1735081732815589 2.9784424582462949
15 1.6030020416545201 -4.377236442267443 2.923044355588976
16 1.768173726405853 -4.5580240191609001 2.9043189797446756
17 1.9309364381174237 -4.6068092227465165 2.9275250286854759
18 2.0709428527035691 -4.5621332114052429 2.9961888012939397
19 2.2162720613828997 -4.4709094949845385 2.9657065101334799
20 2.3646020857664389 -4.3680150974532905 2.993499805904102
21 2.5176628357313446 -4.2848705641192462 3.0393622274186964
22 1.0354645873154176 -3.6156150967627392 3.2426611961955691
23 1.1593146211712768 -3.6818058364492847 3.1102867672433558
24 1.2908747282560513 -3.7856975906992334 2.995420149006951
25 1.4377453104906581 -3.918990330662421 2.9100974760201308
26 1.5922140382705439 -4.0685855875130779 2.8591273558890204
27 1.7509907661174369 -4.1932236111033365 2.8434072421282557
28 1.9019080367491612 -4.2274059473713193 2.8692904910702874
29 2.0332627783731878 -4.2001219989444589 2.9326665224459623
30 2.1773595895309041 -4.1394502381022331 2.9257305322246681
31 2.3227569429895407 -4.0683009996050803 2.9514644508483836
32 2.4767191660101102 -4.0170679698305642 2.9703393599117258
33 1.0078783463357499 -3.3848857762205804 3.1537016578472929
34 1.1332041728451667 -3.4380591309771167 3.0354140928377422
35 1.2648730257085812 -3.5275555746071099 2.9257205329712601
36 1.4142905285684277 -3.6380274264088901 2.8459990298184117
37 1.5716895767546966 -3.7543025211998944 2.7948350160969069
38 1.7296844877998154 -3.8553388134060063 2.7759412898206568
39 1.8815619233215082 -3.8692249184907657 2.8029309630377202
40 2.0093573248463472 -3.844833292458874 2.8776933426039326
41 2.1531620504430489 -3.80018608698713 2.8737601146455711
42 2.2942386492402527 -3.7453576360783569 2.9043731887157671
43 2.4441757852048065 -3.7106848297303476 2.9053485338273841
44 0.97010222385416012 -3.1217308540416826 3.0629642033923052
45 1.0940923815723089 -3.1674204211656969 2.9597281264653676
46 1.2265140854895327 -3.2479709169270801 2.8584127394988048
47 1.3787682567928987 -3.3435131313160866 2.7845564586804281
48 1.5377734338538831 -3.4387983268528335 2.7312837246127288
49 1.6998366413334889 -3.5111225249729987 2.706642351714649
50 1.8560800373610495 -3.5269081987334587 2.7291912385254391
51 1.9886651843057401 -3.5004474211824381 2.8050895923682648
52 2.1317074445760187 -3.4572217239765672 2.8155708466097118
53 2.2680026945469609 -3.4066730346707592 2.848176552288193
54 2.411713620810616 -3.3779891125600603 2.8382369994592822
55 0.92788199001585625 -2.8284056490026357 2.9627991233894995
56 1.048573093096111 -2.8715163198014477 2.8691638409386959
57 1.181874103699736 -2.9517899406326862 2.7872110004896462
58 1.3354608509933645 -3.0440725900679628 2.7227959620722535
59 1.4974002121238092 -3.1310890111813725 2.6648869604790733
60 1.6646486869774468 -3.1913868692873129 2.6320966957135083
61 1.8292582540990907 -3.2020047048259692 2.6428315276994678
62 1.9678123914463528 -3.1662211176340573 2.7109905985746932
63 2.1046976903225767 -3.1115275345770792 2.7429326690326383
64 2.2346861413498607 -3.0549957483483281 2.7743888903827263
65 2.3716385416164099 -3.0234833844372799 2.7681325917328827
66 0.87918343250802478 -2.5024676867293949 2.8535108084940712
67 0.99653575597633504 -2.550512923393931 2.7708525369389143
68 1.133742620342238 -2.6422350597364179 2.7028002283639423
69 1.2899803354906423 -2.7451318863090926 2.6458243808436817
70 1.4553166160467801 -2.8365199035815021 2.5909442269210969
71 1.6273661190670949 -2.8944570448336369 2.5485235427397739
72 1.7990462156421376 -2.897797465856133 2.5418191498664111
73 1.9421692144582503 -2.8430369684084575 2.5981487225873647
74 2.0693957993224217 -2.7650142851407042 2.6489796827622087
75 2.190798874870914 -2.6905146963374826 2.6892055764149867
76 2.3190856792023937 -2.6476949166385424 2.6937027327904626
77 0.81929272147256182 -2.1318481647402154 2.7340939738894092
78 0.93447093243894142 -2.1999558622088378 2.6685477841391889
79 1.0779770800120068 -2.3231506671088287 2.6175270264419761
80 1.2415954344849267 -2.4519690884836325 2.5677860371663885
81 1.4143700859338268 -2.5592765001450011 2.511163061577359
82 1.5924260823229133 -2.6237243124008782 2.4553394165898355
83 1.7723326273945539 -2.6192516960951369 2.4285000955907807
84 1.9176651249452252 -2.5344861460478865 2.4857630141632896
85 2.0364088442436303 -2.4199702559674887 2.5474501560025242
86 2.1443456300282477 -2.3092286441864625 2.5954631599783271
87 2.2559676296908844 -2.2429289775942198 2.6115894226546352
88 0.73892735758552652 -1.6870595716100081 2.599405745029582
89 0.8584642327153138 -1.8150038912556004 2.5626746195839645
90 1.0163394248263309 -2.0037036931462486 2.5332676024346079
91 1.1943095057181903 -2.1768747538524984 2.4883892010919828
92 1.3783925847145486 -2.310600054249011 2.4240387641174461
93 1.5641481788526836 -2.3877662452632089 2.3492719598294203
94 1.7510728451697921 -2.3789438443241169 2.2930441114654156
95 1.8910539740813506 -2.2558763124958499 2.3679865229496331
96 2.0057281590333185 -2.0872886981502856 2.4399500729134855
97 2.101368745098994 -1.904822375704297 2.4923658217915916
98 2.1842102784719533 -1.7813117459140755 2.5140962789195163
99 0.59241204494977273 -1.0849087088035023 2.4469816163457518
100 0.75133508524511194 -1.4012745146176848 2.4656720517383119
101 0.95215660672338975 -1.7096747741106095 2.4543225901409187
102 1.1581927123866802 -1.9414877937793413 2.4028855076541631
103 1.3537304944150399 -2.1073338817800793 2.3239877586787694
104 1.5499012814969406 -2.1973868496093658 2.2250796728176172
105 1.7334811768051459 -2.1949058999985769 2.120665871551612
106 1.8610179669362963 -2.0403872244611176 2.2394080000651799
107 1.9773856120054065 -1.8014082516974599 2.3365007856876225
108 2.0816548432029145 -1.4846943692064607 2.3865050829717158
109 2.1381264552488131 -1.1738603953520466 2.396758371786329
110 0.20000072166123992 -0.068751747548829734 2.3000002139030209
111 0.62343741772011407 -1.042102900225035 2.4016055099116711
112 0.92230050936042496 -1.516452734743726 2.3670660014669065
113 1.1508888133640345 -1.7986370889023768 2.2857071744572859
114 1.3338280913349261 -2.0018742470914082 2.1766364430926171
115 1.48661268880388 -2.1840861969557173 2.0492221438073539
116 1.6949761327220936 -2.11944667500783 1.872855806899056
117 1.8312596474157541 -1.9300090563579186 2.1002175837802652
118 1.9579890122798653 -1.6291685025273424 2.2515977621799088
119 2.0849443728366417 -1.1315618765630866 2.3325937935349974
120 2.1999998554125684 -0.10000174968394548 2.300000107488438
frame 41
0 1.1021044801566433 -3.9840364063679097 3.5198051893628612
1 1.1766034925695203 -4.0790391623374065 3.3446763338848324
2 1.2855286847454133 -4.205957273763941 3.2041203578632778
3 1.424448655180262 -4.3879139522853183 3.083927709431959
4 1.590259207854549 -4.675996559444993 2.9973386740355386
5 1.7784777337947395 -4.9616207156596808 2.9555928344203277
6 1.9675222118652649 -5.0342973155446664 2.9729773107935813
7 2.1232254614561565 -4.9594072594247844 3.0414809402769816
8 2.2797109837031519 -4.803050286542021 3.0036421918373786
9 2.4219679869662083 -4.6439569713114217 3.0764650799757547
10 2.558767812939938 -4.4981496903565334 3.1850202238530958
11 1.0888082056878998 -3.8157939745093294 3.3960868078395752
12 1.1860699169019606 -3.9037356129659719 3.240001038929023
13 1.3045061474056865 -4.0275775613665079 3.1059003568214183
14 1.4448763008553041 -4.1927670733413329 3.0034127848494463
15 1.5990526555915396 -4.3994225180795334 2.9439495236763693
16 1.7634791095792293 -4.5866438532881268 2.9250271909594656
17 1.9257298795806612 -4.6374058569814727 2.9483340298239655
18 2.0655449520174538 -4.5924147261349662 3.0161351536204082
19 2.2105232512082544 -4.4975841046459442 2.9851823991255437
20 2.3584124171185912 -4.3907934213808693 3.0146744611673886
21 2.5023841946328935 -4.3053691651650361 3.0839110673571377
22 1.0674887220346492 -3.619763352065839 3.2894791425544465
23 1.170129283097852 -3.6951551537783667 3.1437672009925426
24 1.2902931502308801 -3.8044377765706505 3.0204347441026242
25 1.4313041535018356 -3.9410395002706107 2.9284381098484302
26 1.5853804012428312 -4.09172696778404 2.8755464696886777
27 1.7447073565323221 -4.2167409522849439 2.8616353678825535
28 1.8953542728429085 -4.2543363181515987 2.8879516869860979
29 2.0275375672245977 -4.2279458994449843 2.9492555246437431
30 2.1713517653876995 -4.1659008430884441 2.9417725755760578
31 2.3166019866991618 -4.092875647954533 2.9683427350049878
32 2.4664670706106442 -4.038836192270308 3.005200245761813
33 1.0337365048335931 -3.3923118878799761 3.1905586799056422
34 1.1398853624413181 -3.4542063191560688 3.0571806342416199
35 1.2613719103357197 -3.5486818073192516 2.9420677339612658
36 1.40560090677852 -3.6616572109031869 2.8578555590848262
37 1.5630873728792396 -3.7775431695099821 2.8077130702865474
38 1.7222243538987845 -3.875377889014251 2.7919948611144871
39 1.8743813733831924 -3.8939959695977797 2.8190170132781396
40 2.0033542793047898 -3.8708507879542755 2.8919750223402358
41 2.1467989624937531 -3.8259645818407848 2.8856980025687946
42 2.2874445310359732 -3.7702023784425003 2.9169077784348683
43 2.4353662206951268 -3.7325573652186308 2.9337913014331876
44 0.99034998970661126 -3.1312142218533596 3.0917720926671701
45 1.0974934959262195 -3.1849818849297304 2.9752720163145563
46 1.221399349637057 -3.2696825667098617 2.8673670600877315
47 1.3695519749842964 -3.3675977515188324 2.7906117338944822
48 1.529295390906434 -3.4623938466672479 2.7411504991039055
49 1.6919368975513438 -3.5335506725779018 2.719960738012833
50 1.8485540466783124 -3.5511787726655788 2.7414985682074131
51 1.9818879565938072 -3.5251165876753263 2.8148321684529716
52 2.1243671984997987 -3.481921915331482 2.8231964594616041
53 2.2600852046035103 -3.4310075661427115 2.8558358133872583
54 2.4027364236938502 -3.3991964013472979 2.8618410721736987
55 0.94305524602466351 -2.8404481678114393 2.9844732905186699
56 1.0496531256872998 -2.8901925197344012 2.8777106862237796
57 1.1759355823284476 -2.9740963621094916 2.7897398677030263
58 1.3270167811829421 -3.0677358642644488 2.7233906234391938
59 1.4896060802606783 -3.1543063000869545 2.6723887817225056
60 1.6562650070955636 -3.2142551119882179 2.6425450508043826
61 1.8197709344730875 -3.2259668397491335 2.6508329171609328
62 1.9583630110515056 -3.1899783714534546 2.7132649340206054
63 2.0950434366230795 -3.1351891858902201 2.7447101906456326
64 2.2249199599863609 -3.0785807703778816 2.7780986908373411
65 2.3608853561668481 -3.0440950247775955 2.7873057741329488
66 0.88783343587130759 -2.5157462364025349 2.8708173769757015
67 0.99407591186389055 -2.5690056525566849 2.7777990018120473
68 1.1262326034126056 -2.6634782450901242 2.7045223347327014
69 1.2815448631403219 -2.7672572610798611 2.6482594660460639
70 1.4479954042236454 -2.8584167909086156 2.5984788973359114
71 1.6195152336308354 -2.9168801634181842 2.558055119996776
72 1.7905061284940829 -2.9208197046435829 2.5502774228493266
73 1.9338643876295121 -2.8653619314460324 2.6042202013676556
74 2.0621976362862573 -2.7873774497859314 2.6523293664553087
75 2.183143639358827 -2.7126621668176907 2.6932595411518498
76 2.3096133864700286 -2.6679064145019091 2.7084229690094452
77 0.82257693408895749 -2.1451305546455148 2.7471449000091428
78 0.9299810250891305 -2.2171768918582146 2.6742396934258577
79 1.0704221902847109 -2.3424630593855884 2.6206696371267983
80 1.2338574735407968 -2.4720861169281867 2.5730180713451971
81 1.4071552156884921 -2.5800499144071241 2.5201297341057582
82 1.5847931402826152 -2.6458085877500293 2.4656678364734201
83 1.7646408218822336 -2.6417182384144593 2.4393412258248288
84 1.9102684089332138 -2.5557853584136754 2.4952517817890554
85 2.0303974577080255 -2.4403285593706596 2.5543920905487982
86 2.1389111631349098 -2.3290413519942281 2.6008126528891538
87 2.2486122595958729 -2.261730473475791 2.6221944484160757
88 0.73877407932770156 -1.6991146205864505 2.6079744243890066
89 0.85382391477912178 -1.8299709746959911 2.5674693585442636
90 1.0100144851631503 -2.0205313845463171 2.5381061455262981
91 1.1876797772842564 -2.1949101939309963 2.495814813104074
92 1.3713188121380651 -2.3302737370788567 2.4343670263905191
93 1.5561082689786048 -2.4099877842754238 2.3612783769678645
94 1.7437390946187392 -2.4016702163975849 2.3073264701666303
95 1.8840034313129372 -2.2763462864340771 2.3807021842890888
96 2.0001650954524011 -2.1056229065036383 2.4495649976647615
97 2.0970351130591682 -1.9215987112116408 2.4993787577160091
98 2.1791092558965084 -1.7972678515571625 2.5212672609213933
99 0.59093691035858054 -1.0938096208971775 2.4511476828693701
100 0.74800073237231302 -1.4131398067932979 2.4701587338370699
101 0.94744526360060433 -1.7243286143443715 2.4602119470511328
102 1.1529031463980017 -1.9582494896786846 2.4109216713185226
103 1.3471988592862623 -2.1266937526853513 2.3337655086551714
104 1.540599774368465 -2.2213589661840083 2.236818775941996
105 1.7262229182353093 -2.2197581187569555 2.1393381729222911
106 1.8537758369887096 -2.060479389025708 2.2547693946355594
107 1.971626727117799 -1.8179135633220991 2.3475839821482274
108 2.0775310246947023 -1.4981744774677554 2.3938170697823957
109 2.1349164535666163 -1.1845601253763505 2.4017669856696719
110 0.20000071884389428 -0.068751765153230657 2.3000002208556527
111 0.62102155042167939 -1.0514036538430391 2.4052640649260209
112 0.91828008681816631 -1.5308227925428461 2.3726690486547937
113 1.1455297548121499 -1.8168800789852306 2.2925155617811077
114 1.3257730442194726 -2.0249971257242976 2.1844465251105998
115 1.4744544824395567 -2.2137358898378832 2.0591463281156681
116 1.6853822033654333 -2.1498242879214522 1.9005172054445973
117 1.8234006319012337 -1.9512568551551397 2.1174580001500778
118 1.951912548836048 -1.6451983343251904 2.2630976314760209
119 2.0815671632742525 -1.1422174710983779 2.3389783827820638
120 2.1999998497828841 -0.10000177076450657 2.3000001174262947
frame 42
0 1.1794846189108337 -3.9651768543477006 3.5937195354288947
1 1.2124779462272202 -4.0724987882895967 3.3983161514490026
2 1.3023425987089541 -4.2064852444791239 3.2426121917240698
3 1.4276112648198478 -4.3939948029880727 3.1112585204566359
4 1.5864528162496783 -4.6847237036389924 3.0158585845338584
5 1.7710470972812646 -4.9847230413029138 2.9692936725911037
6 1.9594329856389185 -5.0611956165926877 2.9847476907905657
7 2.1141709202488883 -4.9826690224086416 3.0552062887638392
8 2.2710042232941268 -4.8182552696960101 3.0190934528949254
9 2.4043441443084532 -4.6509471178835424 3.1082391300711492
10 2.5237555592729204 -4.5070897449553886 3.2467459180359777
11 1.1391301706241714 -3.8079499930848719 3.4453472819596573
12 1.211785510600343 -3.9043942094435096 3.2818759019704009
13 1.3112462312684052 -4.0338736822399825 3.1357617796727322
14 1.4409859275967323 -4.2031403639835485 3.0230690263787419
15 1.5920391434138352 -4.4121523596586476 2.9576164314800044
16 1.7552571858447605 -4.6052636875153539 2.936984008455934
17 1.9169248115198905 -4.6580024913164291 2.9594402316174242
18 2.0565657480937993 -4.6126962409646897 3.0260815060468769
19 2.2014033432199285 -4.51425871440735 2.995698930082543
20 2.346867224987133 -4.4035717454084482 3.035523063546099
21 2.4771055536344426 -4.3164898011244812 3.1315694800831095
22 1.1044019651104 -3.6160249838838987 3.3262970890133241
23 1.1845894027781942 -3.7005992280159159 3.1725881594154366
24 1.2889967584729378 -3.8154298524474592 3.0407677473917123
25 1.4216941050185841 -3.9549421007390233 2.940809732967423
26 1.5746856058069683 -4.1059067101540903 2.8843904806142224
27 1.7343246125894431 -4.2306467853773819 2.8709237516611825
28 1.8847533066866777 -4.2713750995155646 2.8967778001475315
29 2.0176139749282984 -4.2458275352573667 2.9558445269415241
30 2.1610662841223403 -4.1825913218171831 2.9478146190274477
31 2.3056775271703072 -4.1078676272371641 2.9769206488902369
32 2.4462149753111784 -4.0507495084504184 3.042454161917532
33 1.0626044812524398 -3.3917117115430488 3.2174157020639917
34 1.1466371453598438 -3.46305850337678 3.0737681617513148
35 1.2549435051685536 -3.5627410811939542 2.9523365996511619
36 1.392622220059814 -3.6776976671989581 2.8628027487159398
37 1.5498907575008403 -3.7921295725557509 2.8127717011295483
38 1.7100217851935331 -3.8854169647224959 2.7992171439658184
39 1.8624724380572397 -3.9090285792284654 2.8253634697804588
40 1.9925193678592079 -3.8870263461327665 2.8962567021765393
41 2.1355582266865003 -3.8420999046543987 2.8876358905920183
42 2.2758507485958264 -3.7857999243400173 2.9194423682539696
43 2.4166720443262246 -3.7444299008069142 2.9640193933408718
44 1.0126893010834954 -3.1342986367498082 3.1105799820420352
45 1.099448478100991 -3.1960967803848068 2.9808159062637452
46 1.2123153873539743 -3.2851922963036198 2.8685444075387547
47 1.3556055910607197 -3.3845204086991014 2.7891068948315061
48 1.5159155509832554 -3.4776324552437954 2.7434224064954522
49 1.6788956971486388 -3.5466127036037673 2.7250840430511558
50 1.8357353459978234 -3.565825550455898 2.7447585958652967
51 1.9696050661807067 -3.5401236074113496 2.8145747446376785
52 2.111623353244803 -3.4972422344856908 2.8208220724134967
53 2.2472259517279385 -3.4465478653907269 2.8534950745863239
54 2.3848226730885069 -3.4104837714472147 2.8869679223611122
55 0.95702987291480868 -2.8461552219163639 2.9996353633141886
56 1.0460731880978853 -2.9027090625295222 2.8808640804168513
57 1.1645289609813241 -2.9897244965465997 2.7846965174851879
58 1.3133100330007537 -3.0841681343812257 2.7172148094187474
59 1.4766834584507049 -3.1693589545215235 2.6733980063910061
60 1.6429123184849925 -3.228141901767561 2.6463653943395382
61 1.8055187243111708 -3.2403091196267573 2.6527348477579609
62 1.9445027606075973 -3.2041912264556527 2.7097658762671122
63 2.0816835061323982 -3.1498756173317748 2.7399929568152035
64 2.2119765567736236 -3.0938198412861322 2.7761434072154505
65 2.3439615750822465 -3.0557743540260849 2.8074395073055394
66 0.89359369191739102 -2.5225912258753342 2.8837814484535391
67 0.98574717156907044 -2.5813620746717962 2.7803671578419706
68 1.1122843163046217 -2.6782522581821744 2.7016427377608263
69 1.2673144311899858 -2.7821543010294612 2.6460838651877325
70 1.4351037736394272 -2.8725543955664561 2.6012211214831353
71 1.6066621972842599 -2.9307915957560429 2.5629329463921806
72 1.7775717208704496 -2.9343284842360591 2.555823797241124
73 1.9219837862170315 -2.8785073961332244 2.6074733365704614
74 2.0519608686658253 -2.8009501550482239 2.6536480260816617
75 2.1738491632117074 -2.7269223809852505 2.6938979779903027
76 2.296659620854272 -2.6799321230604951 2.7242458676286367
77 0.82192555022983238 -2.1522559662356207 2.7571823020094497
78 0.91945702487877179 -2.228526376622038 2.6762767096911677
79 1.056508814023718 -2.3555607010426782 2.6199186956247322
80 1.2197241307215294 -2.485581903552589 2.5745408335792428
81 1.3936448646248976 -2.5938228334287947 2.5253907331923058
82 1.5716725042905988 -2.6600428639185858 2.4730795391332743
83 1.7524078955972799 -2.6548585502169901 2.4502848966488151
84 1.8994143467078004 -2.568345268534705 2.5046775839453979
85 2.0219467665337088 -2.4525770175547654 2.5611438698798761
86 2.1324058188746231 -2.34146105620303 2.6048179928134876
87 2.2395053328497676 -2.2731232026863903 2.6336644668738454
88 0.73433135824889306 -1.7058289894782701 2.6142571321919137
89 0.8437104194941567 -1.8395543507368122 2.5690989881914637
90 0.99771137181294378 -2.0314005386600256 2.5394270040905305
91 1.1744299122452089 -2.2065290222312748 2.4998132030803397
92 1.3569696952688894 -2.3433401969184517 2.4417719326948171
93 1.5413327302983144 -2.4248483577739623 2.3718709616233267
94 1.7311134766965519 -2.4150584783603368 2.324697497740686
95 1.8733853088688786 -2.2883343309385329 2.3956720445214663
96 1.9924744338249505 -2.11621488873118 2.4605836316269079
97 2.0918223671911118 -1.9314835221788307 2.5069618255682413
98 2.1734596763384699 -1.8068481861103272 2.5291492995188181
99 0.5861798925083026 -1.0990539845339473 2.4534607775565953
100 0.74033122041910537 -1.4204164882618517 2.4718523126579139
101 0.93725229966458101 -1.7333275044065748 2.4624314440867381
102 1.1407281803271823 -1.9686257144874382 2.4147913183354381
103 1.3320286255029574 -2.1392844838455929 2.3398951061211397
104 1.5212982673399893 -2.2385160699953586 2.248376050474084
105 1.7127781643101443 -2.2351605186305896 2.1640389132427429
106 1.8426546172055145 -2.0716842198229122 2.274134895773992
107 1.9634220394529436 -1.8266677996650997 2.3611427995356449
108 2.0721908524431019 -1.5055533206732337 2.4024707101879321
109 2.1312108869498925 -1.190635150952803 2.4076990599168084
110 0.20000070984380766 -0.068751775337045878 2.3000002239573227
111 0.61529169463701539 -1.0569481280968522 2.4065963989521291
112 0.90906055388695717 -1.5397374365727217 2.3743424024375899
113 1.1335719369668469 -1.828704783854487 2.2948059902102478
114 1.3107678940458669 -2.0405443780731272 2.1884684438272402
115 1.457456825921208 -2.2333855828200493 2.0677877178801212
116 1.6724136710092381 -2.1702019009350746 1.9381786038901387
117 1.8122093505879027 -1.9625046540523607 2.139201531816362
118 1.9431351294118051 -1.6531638722800706 2.2770142980372041
119 2.0768797820273788 -1.1477652808823526 2.3465032116963416
120 2.1999998429882726 -0.10000178242505173 2.3000001292607908
frame 43
0 1.2564277361490177 -3.9398144082066482 3.6576338815949283
1 1.25835239978492 -4.0559584143417871 3.4459049459771909
2 1.3275475402021408 -4.1970132152943069 3.27797938963336
3 1.4342236154862178 -4.3902207314437716 3.1353319261807968
4 1.5818475159216892 -4.6834508479329919 3.0288926952716477
5 1.7605703876476011 -4.997825367046147 2.9747890905622407
6 1.9477784328480769 -5.0780939177407092 2.9865180708875503
7 2.1007411145096642 -4.995930785492499 3.058931637350697
8 2.2575912430590535 -4.8234602529499995 3.0366581228025584
9 2.3767203017506984 -4.6479372645556634 3.1431405384424229
10 2.478743305705903 -4.5060827400450343 3.2984716123188598
11 1.1987883502373884 -3.7910313250310317 3.4846077561797397
12 1.246881863254804 -3.8957927914510488 3.3194389213875413
13 1.3235298753207574 -4.0308467611824925 3.1630782093150192
14 1.4379416302790509 -4.2042952534577136 3.0391913443710736
15 1.5828444623479991 -4.4154485925648821 2.9650838974658362
16 1.7439016132472962 -4.6138835218425811 2.9404304203251734
17 1.9047506595899679 -4.6685991257513857 2.9608932202403624
18 2.0440514022071148 -4.6229777558944134 3.0260278585733458
19 2.1885058968526825 -4.5209333242687562 3.0029964662189772
20 2.3267712795906745 -4.4063500695360274 3.05982639061614
21 2.441826912735992 -4.3176104371839266 3.1751813656086312
22 1.1476890404177862 -3.6042843578157213 3.3531150355722019
23 1.2053661001169118 -3.6978242472125622 3.1970374883296051
24 1.2901062229451743 -3.8182230566533546 3.0584332284991098
25 1.4108306916748077 -3.9604933489159935 2.9493081359927653
26 1.5608301260770618 -4.1113186645397883 2.8865396435934869
27 1.7202784936291302 -4.2355656564261412 2.8715869498312485
28 1.8705428865382632 -4.2786263317199662 2.8962316676971382
29 2.0042463121816874 -4.2538735826000762 2.9524335293393054
30 2.1474613867678891 -4.1894453101078506 2.946973050684246
31 2.2886409127831633 -4.1128596066197955 2.9889007773678498
32 2.4159628801117128 -4.052662824730529 3.0788281088964444
33 1.0947244583640934 -3.3838697929024466 3.2342727243223415
34 1.155825545848493 -3.464434283688044 3.0866749761008836
35 1.2473066273783997 -3.5694857775381363 2.9593915262231674
36 1.3763969908764173 -3.6859220663473695 2.8634046749191211
37 1.532369688427063 -3.7981042089463823 2.8110185769221601
38 1.693315755187597 -3.885456040530741 2.7983199829030241
39 1.8459982645375237 -3.9143135863468439 2.8230131592938759
40 1.9777262638903828 -3.8935835946449493 2.890538382112843
41 2.1205937013483833 -3.8488013793485005 2.8802683488066054
42 2.2590032526942516 -3.7917483477137495 2.9198547592259989
43 2.3879778680573227 -3.7467589900374318 2.9940891616060603
44 1.0356174352164074 -3.1307088887605943 3.1222134380309741
45 1.0997672065118713 -3.2002979460125576 2.9831969078152354
46 1.1989058537024797 -3.2941289253227288 2.8665268439467186
47 1.337087274410995 -3.3938791807113069 2.7837869885078197
48 1.4974529517305766 -3.4843891380635905 2.7396969656471537
49 1.6607947556736768 -3.5501026962771638 2.7234955347738574
50 1.8177351441485479 -3.5706448819100425 2.7408614843030383
51 1.9529142621485331 -3.545904374819556 2.8043173209223857
52 2.0951376659677412 -3.5036862970998284 2.809421302414659
53 2.2301445269352551 -3.453308278643584 2.8476879760735598
54 2.3569089225831639 -3.4137034895364247 2.9120182695574943
55 0.96972051973197115 -2.8448122355249392 3.0110274307789435
56 1.0381466202158303 -2.9081139712015718 2.8826600279855055
57 1.1466288182569697 -2.9986128293687573 2.7791540506268859
58 1.2935288536093723 -3.0932431458015737 2.7102984160641514
59 1.4580557552966786 -3.1763920890287505 2.6702797286331226
60 1.6251442492457346 -3.2330464773411216 2.646130501682777
61 1.788153217688959 -3.2448933660030224 2.6524893443686923
62 1.9291568303310342 -3.2093748581298476 2.705685401830777
63 2.0678235830508145 -3.1560879695780675 2.7335105257464702
64 2.1982824075004177 -3.1007997326195502 2.7719213494156127
65 2.3209114243111397 -3.0598688639468752 2.8285765772255749
66 0.89732060410933845 -2.5226056984786629 2.8944242573976533
67 0.97222505128506653 -2.5872593118641229 2.7815431475384393
68 1.091830571394083 -2.6868617823568357 2.6965243840531246
69 1.2467653807741517 -2.7906313803779486 2.641509932609722
70 1.4161782670651983 -2.8797388172224068 2.6009105922468709
71 1.5892291375527059 -2.9365361161477121 2.5659328659553813
72 1.7610996036755178 -2.9387881685738919 2.5616728880262021
73 1.9078009859089358 -2.8834252019208457 2.6106064862925473
74 2.0404177783961455 -2.8066162251101505 2.6536672061123583
75 2.1637701820650515 -2.7334259323212722 2.6926730471497993
76 2.2796741166012517 -2.6843022602409277 2.7414911699999451
77 0.8181579669773138 -2.1531111611621827 2.7660461709490418
78 0.90304606571139423 -2.2341116550003131 2.6768312485021055
79 1.0357735229459719 -2.3630277451526585 2.6166487612340306
80 1.198910718600797 -2.4931193655090955 2.5737315446745095
81 1.3740058445870578 -2.6010282758561303 2.5290154149423683
82 1.5538618816917031 -2.6665766356466789 2.4807430810645958
83 1.7363370445879314 -2.6592448787830656 2.4639576224912201
84 1.886194347348447 -2.57292409838373 2.5154676914622347
85 2.0123421808520812 -2.4572910284000922 2.5679378805431305
86 2.1255443841192925 -2.3467396256003066 2.60789568362032
87 2.2286917787127409 -2.2773653135402632 2.6465642866921675
88 0.72590043337978916 -1.707235784686016 2.6198898620986935
89 0.82783800314924472 -1.8440159916787791 2.5691311817933808
90 0.9789208948093282 -2.0368181280991382 2.5385713182285703
91 1.1545381417568861 -2.2121119202328532 2.5023960016636582
92 1.336520944152497 -2.3496016942804032 2.4494196486401325
93 1.5218952808843809 -2.4319242390598532 2.3851751188723544
94 1.7143439604662252 -2.4195024598889789 2.3475444413725941
95 1.8603333433457647 -2.2921450143743138 2.414086243208879
96 1.9837418438616012 -2.1193433685123937 2.4732879955414853
97 2.086602216782127 -1.9347085213816384 2.5150606328902247
98 2.167796135176316 -1.8101953845952383 2.5381074135301427
99 0.57813985175418103 -1.1006755723665238 2.455038647579189
100 0.72823475905089374 -1.4231865917631994 2.4721751227268589
101 0.92164473790564494 -1.736699483294172 2.4631234851149162
102 1.122886484166985 -1.9721493083942574 2.4183959356874012
103 1.3119546714772465 -2.143644316711955 2.3486260702028394
104 1.4991746259070753 -2.2459867637067306 2.2669423460807523
105 1.6956909567089802 -2.2411472320616932 2.1963993644205475
106 1.828667507345882 -2.073813801101859 2.298580920944906
107 1.9535963534755603 -1.8277100947758373 2.3776443283447342
108 2.06630384906616 -1.5069345010742541 2.4125603897461021
109 2.1275042417143539 -1.1921836235520633 2.4145939541954733
110 0.20000069481529106 -0.068751778085349213 2.3000002253192688
111 0.60636554741467152 -1.0586661037534457 2.406878386677942
112 0.89568474054659863 -1.5426722880999137 2.3749298915248707
113 1.1176096907340201 -1.8329194232376198 2.2971951533045156
114 1.292967798200803 -2.0470365784762863 2.1950481579436096
115 1.4394022026215827 -2.2430352759022156 2.0843792761658899
116 1.6564982464393212 -2.1805795140486972 1.9858400022356801
117 1.7980110471811825 -1.9637524530495818 2.1660391428316346
118 1.932144157227752 -1.6532076780036176 2.2938399758301697
119 2.0713375462144712 -1.1482962415139273 2.3553375872012938
120 2.1999998357634021 -0.10000178484455642 2.3000001430865118
frame 44
0 1.3233708534872017 -3.9100227271600558 3.7115482278609622
1 1.3142268532426198 -4.0294180404939777 3.4834937406053794
2 1.3608616686357911 -4.1775411862094902 3.3071953140728336
3 1.4451232736615707 -4.3764767736520502 3.1554606968893286
4 1.57686822846993 -4.6721779923269917 3.0369301007126852
5 1.7468330388064857 -5.0009276928893804 2.9725768628904738
6 1.9321794281429212 -5.0849922189887309 2.9782884510845351
7 2.0825021441342124 -4.9991925486763567 3.052656986037555
8 2.2361604042825074 -4.818665236303989 3.0541871137201468
9 2.3390964592929437 -4.6349274113277845 3.1738100343384521
10 2.4237310522388857 -4.4950757352346802 3.3401973067017421
11 1.2594719946644621 -3.7668513513739383 3.5138682304998223
12 1.2874935107587338 -3.8777213864965567 3.3499682745322232
13 1.3415635953084351 -4.0178276950388501 3.1865249908710243
14 1.4367628801403203 -4.1957736618378565 3.0524863191055238
15 1.5715623696847665 -4.409329897213615 2.9674853723854504
16 1.7290323566037604 -4.6125033562698086 2.9359869541843326
17 1.8887536003735623 -4.6691957602863425 2.9528938147070849
18 2.0274400517893962 -4.6233363833954666 3.0159742111998149
19 2.1700678262812008 -4.5176079342301625 3.007954228098888
20 2.2966753342942163 -4.3991283937636068 3.0828724822658717
21 2.3965482719375415 -4.3087310733433721 3.2110998577790344
22 1.1946974227340623 -3.5850026315215171 3.36993298223108
23 1.2313130546601851 -3.6863293518190656 3.2168191870188823
24 1.2949167097881611 -3.8117281027907652 3.0743941846703495
25 1.3998087577417082 -3.9570905183026359 2.9559687056492487
26 1.5436465641208865 -4.1083391872037689 2.8837568517528482
27 1.7024038856324311 -4.2323442926140924 2.8646976075853492
28 1.8524557401915136 -4.2767883882786055 2.8870023576817569
29 1.9869880499253538 -4.2527827937993283 2.9390225318370868
30 2.1291259734396295 -4.1868672260800679 2.9442622493784136
31 2.2624897488581635 -4.1078515861024272 3.0035926892754401
32 2.3757107850122474 -4.044592451549466 3.1099793187354994
33 1.1288271168270478 -3.3684684333688901 3.2474587253335732
34 1.1676776918462941 -3.4568209709663917 3.0988730874324131
35 1.239952279975765 -3.5673859678867452 2.966894721448905
36 1.357854674773741 -3.685808207339377 2.8628764567240128
37 1.511071549124225 -3.7964309277842241 2.8046990066935074
38 1.6726424895062137 -3.8796310581206064 2.791279988601806
39 1.8255665214299805 -3.9111280746389796 2.8138620089684232
40 1.9601751659266677 -3.8918182317015244 2.8748200621491469
41 2.1027057890415977 -3.8467329162714767 2.8726385975593027
42 2.2355507482314754 -3.7883412057300552 2.9261135629796726
43 2.349283691888421 -3.7399627473009645 3.0207711546109008
44 1.0584770527492362 -3.1186758579310632 3.1342652801040694
45 1.0996967390904986 -3.1956133222888887 2.990910697675353
46 1.1823037273239929 -3.2947249374073433 2.8674245968705634
47 1.314225233433344 -3.3953603649144539 2.77837158922397
48 1.4743025406044941 -3.4835970199732982 2.7325995474633076
49 1.6384254243683933 -3.5461325768261172 2.7181294052543987
50 1.795495558096454 -3.566892198008512 2.7335374975592979
51 1.9344563123311194 -3.5439945090149396 2.7854691146046067
52 2.0767609343717552 -3.501919980255177 2.8005558521150618
53 2.2090828269063203 -3.4512289559863003 2.848000520712942
54 2.3202518885404362 -3.408480360421378 2.9349375654193697
55 0.98249618043558273 -2.8354444158433778 3.0224617948420471
56 1.0286951579203696 -2.9056707527623917 2.8880775901641389
57 1.1239448638835876 -3.0006839724908376 2.7765064940287281
58 1.2683677760403973 -3.095449908067609 2.7037565004488529
59 1.4342840556674596 -3.1763578711415303 2.6652381770700799
60 1.6032926742062592 -3.2301680375160884 2.644902346363684
61 1.7673909991446572 -3.2408971374987079 2.6525089652609255
62 1.9125376288066585 -3.2069564658569583 2.6986354679528572
63 2.0525373675530583 -3.1546742718108107 2.7278956585417236
64 2.1822482266197172 -3.0994968040298363 2.771080117381608
65 2.2917534736420562 -3.0559485100772994 2.8494767909318148
66 0.90089926787677965 -2.5153642257607336 2.9054050981484387
67 0.95582847499658774 -2.5864080430855974 2.7853052022765512
68 1.0657142719348156 -2.6896823121343139 2.6924210796437702
69 1.2202429812476916 -2.7932876485374663 2.6364042449311977
70 1.3919262626915274 -2.880502547048903 2.5998710518554273
71 1.5679008575579976 -2.9346735997629172 2.5704209640710336
72 1.7414739057771522 -2.9350227377245846 2.570424794041271
73 1.8922892172087222 -2.881006642977828 2.6139366695382944
74 2.0281817753693554 -2.8052998235144782 2.653717014034056
75 2.1525517720298746 -2.7324945295207801 2.6931371309860115
76 2.2586398620669503 -2.6814428424302661 2.7598685329638819
77 0.81328504307832195 -2.1476726656948446 2.7759523597655953
78 0.88236694417645911 -2.2340590327468761 2.6790257230937069
79 1.0088364592414472 -2.3654907952106279 2.6130644444292193
80 1.1719861242943068 -2.495388868923182 2.5722687480484066
81 1.3493086620544343 -2.602054182894447 2.5336074705100295
82 1.5326319795865531 -2.6655626406400836 2.4922785323962917
83 1.7173228192912458 -2.6555591444238238 2.4829291481184668
84 1.8717643869938745 -2.5702551107955078 2.5287748058490567
85 2.0027536366958856 -2.4553510083122658 2.5754088725209927
86 2.118717086838422 -2.3453984074435184 2.6117014994678267
87 2.2163018877003018 -2.2750015669544057 2.6614590597077483
88 0.71496180842525192 -1.7035732850875767 2.6269542883369694
89 0.80715064918267077 -1.8437847794955697 2.5698963437005893
90 0.95432757831975079 -2.0375248947474951 2.5373646295204577
91 1.1291144572170133 -2.2123272162381769 2.5057335048533846
92 1.3119557387193315 -2.3492309353552687 2.4605446456863835
93 1.4999643702814942 -2.4309910071243839 2.4049257834844249
94 1.6948083727876346 -2.4153818258751349 2.3782891428481769
95 1.8460667189701747 -2.2882339469105242 2.437346253736528
96 1.975144032301166 -2.1156999353534682 2.4882575199735006
97 2.0822234352017266 -1.9319121512571069 2.5239757567669012
98 2.1625648542251419 -1.8077793127399822 2.5488804431930228
99 0.56754364746636876 -1.0989228212325783 2.4574261979658294
100 0.71255424525708866 -1.4218565331182815 2.4730694886633544
101 0.90177521099111657 -1.7350033139290146 2.4648464513891271
102 1.1015720005185523 -1.9691599370611321 2.4255397475459679
103 1.2905270026476516 -2.1395563169885916 2.3644202716380125
104 1.47722964954351 -2.2434574575181028 2.2955086415874204
105 1.6767919349001326 -2.2376606387777978 2.2378885342212178
106 1.8127905737821308 -2.067003187229655 2.3295393389158954
107 1.9430720628626095 -1.8215004981506639 2.3980095875479233
108 2.0605260885341754 -1.5027716279138592 2.4245396688638898
109 2.1242869310858299 -1.1895760478340476 2.4227204355265495
110 0.20000067519699508 -0.068751773981572506 2.3000002278021041
111 0.59506038320615307 -1.056825733212595 2.4077787258045587
112 0.88008354819957435 -1.5397786731306233 2.3776990991957105
113 1.1008914089701725 -1.8293517707558582 2.3042309922221218
114 1.276164202228296 -2.0442397251173667 2.2088260088201355
115 1.4224671683004051 -2.2426849690843822 2.1106199051319865
116 1.6384973206572446 -2.18095712726232 2.0435014004812215
117 1.7813090042673045 -1.9550002521468028 2.1990634064157497
118 1.9195029448021765 -1.645719524688021 2.3146563501855861
119 2.0654053066968783 -1.144134096009797 2.3659746625409244
120 2.1999998288557356 -0.10000177870296821 2.3000001594486146
frame 45
0 1.3803139709253858 -3.8747925370726182 3.7554625742269963
1 1.3761836981228748 -3.9928776667461685 3.5110825353335682
2 1.3991789982980603 -4.1480691572246737 3.3290568105356608
3 1.459179225883781 -4.3527328159603291 3.1710372680597221
4 1.5710605470329193 -4.6509051368209917 3.040538511667275
5 1.7291607349647513 -4.9940300188326141 2.963576369702309
6 1.9119779142148212 -5.0818905203367528 2.9602368977845401
7 2.0595697158458881 -4.9924543119602145 3.0363823348244132
8 2.2047295656059616 -4.8038702197579788 3.0671342839565852
9 2.2914726169351893 -4.6119175581999059 3.1966028164161697
10 2.3587187988718687 -4.4740687305243263 3.3719230011846246
11 1.3125267900863751 -3.7375662180185398 3.5331287049199052
12 1.3278195625604481 -3.8512587964247795 3.3727454865298996
13 1.3627264759192137 -3.99518573777851 3.2055303313740704
14 1.4368263144359468 -4.177441291957706 3.0635629644283964
15 1.5575468219288517 -4.3937789826833367 2.9664640939505142
16 1.7096096870062081 -4.6011231907970362 2.9249471051195681
17 1.8680185561948954 -4.6597923949212996 2.936062330046862
18 2.0061470957580956 -4.6141815228004477 2.9959205639262843
19 2.1442788459560802 -4.504282544291569 3.0089620463575319
20 2.2565793890977583 -4.3819067180911864 3.1003221759270261
21 2.3412696312390913 -4.2898517096028179 3.2387071218080914
22 1.2397038867634571 -3.5581433158554372 3.3838921190943556
23 1.2587352731138906 -3.6650677654963797 3.2336133388971184
24 1.302730486199182 -3.7952331490281761 3.0895948705027108
25 1.388893468097866 -3.9441851969163535 2.9628284517078116
26 1.5226852753233684 -4.0971791169189489 2.8786150604808887
27 1.6799929015542663 -4.2217526822742242 2.8520852538720307
28 1.8300263623042903 -4.2665445622924842 2.8705716496621867
29 1.9655580494887288 -4.2429516450582589 2.9173244338297639
30 2.104398856819552 -4.1747534764501122 2.9396318899424427
31 2.2269970411492137 -4.092843565685059 3.0159086240043553
32 2.3254586900127823 -4.027199308046141 3.1349636267927137
33 1.1633408453152716 -3.3446073711490047 3.2611270232539384
34 1.1820693513405849 -3.4392076583447397 3.1129444600802105
35 1.2345408421553128 -3.555317130193528 2.9776169346107317
36 1.3379485920124399 -3.6769700856670728 2.8642939380035881
37 1.486164181554916 -3.7876677556991196 2.7966469096027504
38 1.6478423366693651 -3.8694063104652585 2.7802177751334773
39 1.8007029709073807 -3.900442912194217 2.7997180797653898
40 1.9387827700814617 -3.8824622276756897 2.849101742285451
41 2.0794005422459474 -3.8355411657803105 2.8659066904737198
42 2.2042900558560454 -3.7754140879675204 2.9335852062707604
43 2.3006356554446032 -3.7245471987387733 3.0433168811605857
44 1.0827310596421538 -3.0979340446563053 3.1475949440786035
45 1.1024024138761441 -3.1814400187317307 3.0034216078539298
46 1.1659886118937217 -3.2863443216263883 2.8739295930657542
47 1.2885744828467414 -3.3892258841388578 2.7754388504823897
48 1.4477384374544355 -3.476145739818203 2.7247325824078561
49 1.6132319108466808 -3.5361873136498749 2.7117351151213245
50 1.7710532173690932 -3.5558609339267848 2.7266049306429019
51 1.9146794533210594 -3.5349704640354997 2.7679690691211967
52 2.0559301993882944 -3.4918137432630991 2.7944542121491516
53 2.1835709109096375 -3.4398747712516533 2.8535010662412579
54 2.2794263655638125 -3.3948261138196822 2.956730517615608
55 0.99736199071332998 -2.8177969068034909 3.0353909172174496
56 1.0214812037330652 -2.8947130160594861 2.8987990493475255
57 1.0998050946740245 -2.9953391511026233 2.7792629123706365
58 1.2394747719424863 -3.0912263404569287 2.6989440537538569
59 1.4069693372660272 -3.1699946540451003 2.6603966595027857
60 1.5785435992856405 -3.2206952755922704 2.6452095062731726
61 1.744100883396688 -3.2298730683916199 2.6549218171604694
62 1.8941336315006669 -3.1980502315116293 2.6918449334309007
63 2.0350769723880671 -3.145838459537218 2.7243992930062668
64 2.1627199767727814 -3.0899321632899333 2.7754688499598523
65 2.2586273757366606 -3.0445539383125486 2.8701707077430001
66 0.90672632407027265 -2.5006877566283854 2.9182338871395248
67 0.94025853595196107 -2.5782707960333706 2.7942150838148372
68 1.0364981732172154 -2.6864853406560929 2.6922573548790996
69 1.1894523770443577 -2.7904109257735308 2.6321648342507138
70 1.364101192023071 -2.8751628846914827 2.6001475906277722
71 1.5438100429054591 -2.9258151295336181 2.5787529548007591
72 1.7193867745914571 -2.9241427335033401 2.5833945948748416
73 1.8753780017193649 -2.8721232156664214 2.6185142568770368
74 2.0147756460735295 -2.7973879321184096 2.6548504046809578
75 2.1392567527337363 -2.7243840633214873 2.6976113711766199
76 2.2343848331685048 -2.6718951672677953 2.7792585365941718
77 0.81000419901212528 -2.1359182012191158 2.7883873226296561
78 0.86051596812174269 -2.2281428727850217 2.6856828857930322
79 0.97767338677435611 -2.3630853527992097 2.6115876328280763
80 1.1405963480770787 -2.4927507161529365 2.5713770651721251
81 1.3212128095295022 -2.5970893289664669 2.5410235213822263
82 1.5090527392004049 -2.6571131640015775 2.5098325477462806
83 1.6960514558399515 -2.6443917332945728 2.5082397765922591
84 1.8563874525292912 -2.5609843723259162 2.5450013634796891
85 1.9931726028725192 -2.4473884054153641 2.5835973115837993
86 2.1114297386258181 -2.3379194718045553 2.6176875671683879
87 2.2020495248497904 -2.2666324777063402 2.6786079416207125
88 0.70385154906263248 -1.6949864757921862 2.6371370984211127
89 0.78368092426728186 -1.8390129267045829 2.5737954898283713
90 0.92550157613577821 -2.033948467973123 2.5374976513532581
91 1.0995955861642484 -2.2076926472088632 2.5111133588711048
92 1.2845298614130249 -2.3424853767640621 2.4769436071284616
93 1.4760991981639742 -2.421786802859379 2.4328102690552176
94 1.6726667942899673 -2.402544635603983 2.4184889863632528
95 1.8309550920427928 -2.2771278317081616 2.4658423007121599
96 1.9669691314171822 -2.1060842564247442 2.505268491309856
97 2.0787971734581805 -1.9239001221637033 2.533433212737799
98 2.1572819449746903 -1.8002129024997966 2.5620470485749625
99 0.55560488432808819 -1.0939957074952593 2.4619575144337937
100 0.69464012468646441 -1.4167568410983158 2.4761359985372899
101 0.8789661598583951 -1.7287565529416973 2.4692328435303597
102 1.0778102742986673 -1.9602233330961047 2.4381176063257883
103 1.267885056251715 -2.1274445008000735 2.3889787252902788
104 1.4538185969301129 -2.2309281514294752 2.3340749369940883
105 1.6547328203277178 -2.2241740455939025 2.2893777039218879
106 1.7947425770359107 -2.0516448274884596 2.3681843003582528
107 1.9322480718021475 -1.8088550799815404 2.4226640207876269
108 2.0549503159718943 -1.4937502024488485 2.438665215911799
109 2.1216077060053404 -1.1833631904446271 2.4321558000447916
110 0.20000065305111159 -0.068751763593029758 2.3000002336706777
111 0.58243694548263003 -1.0517023141726918 2.4105395695417866
112 0.86369134870648834 -1.5314564750947359 2.3846837318743872
113 1.0848653635996197 -1.8182628411264443 2.3184146275389921
114 1.2611323758157893 -2.0321847391501047 2.2317683630074829
115 1.4057846868554742 -2.232334662366549 2.1464142735155125
116 1.6174627473471359 -2.1713347405759431 2.1111627986267627
117 1.7616867096384958 -1.9362480513440239 2.2394408804798882
118 1.9051699843582606 -1.631204915242553 2.340572826699713
119 2.0591874409601414 -1.1357645182437712 2.3788171150680366
120 2.1999998224310313 -0.1000017650247188 2.3000001787054649
frame 46
0 1.4272570884635698 -3.837691203592668 3.7893769206930306
1 1.4281405431031298 -3.9501764179558969 3.5286713301617572
2 1.4343144605390743 -4.1101871525415703 3.3431193788650773
3 1.4726853013887786 -4.3195106876135476 3.1812951870430455
4 1.5629977748730954 -4.6196322814149919 3.0401582120686257
5 1.7062193022092353 -4.977132344875848 2.9493153473677793
6 1.885607877900108 -5.068788821784775 2.9334806331145127
7 2.0310299571471857 -4.9757160753440726 3.0101076837112717
8 2.1632987270294159 -4.7790752033119688 3.0711742614037654
9 2.2338487746774351 -4.5789077051720275 3.2095782309536696
10 2.283706545604852 -4.4430617259139726 3.3936486957675074
11 1.355581585608288 -3.7039724283845081 3.5497674440794276
12 1.362195346811317 -3.8173645543573937 3.3901086386738846
13 1.3826855779615776 -3.9634997136733343 3.2201665571101885
14 1.4366023010617888 -4.1492946626840537 3.0725988981823171
15 1.5402072138401353 -4.3684732018274737 2.9636255797545932
16 1.6841614613993054 -4.5797430254242641 2.9092719788692345
17 1.8406985101576239 -4.6403890296562569 2.9115047095052757
18 1.9783233213174862 -4.595068103394528 2.9658669167527538
19 2.1087846676610962 -4.4809571544529758 3.0042362408049543
20 2.2064834440013006 -4.3546850425187662 3.1096056388569644
21 2.2759909906406413 -4.2609723459622639 3.2570630119164554
22 1.2784528641334929 -3.524868560025479 3.3978937972064536
23 1.2841262376384428 -3.6347576728595237 3.2491497280635468
24 1.3115781831325919 -3.7687381953655872 3.1042502430810353
25 1.3779246247258925 -3.921315199528884 2.9708588058379086
26 1.4978790330202139 -4.0769872775062899 2.8734872924933486
27 1.6520663785075977 -4.2024652413613248 2.8360252230757244
28 1.8021911442858429 -4.2471608679701101 2.8489691340235939
29 1.9390127547504521 -4.2234618355785383 2.8893899417410269
30 2.0719124281769163 -4.1529196512046314 2.9311980169425031
31 2.1828333480257238 -4.0683555838919139 3.0222206010693387
32 2.2652065951133173 -4.0013968886727191 3.1522831673469862
33 1.1956874711289824 -3.3130528461074746 3.274820919470097
34 1.1980196973261521 -3.4121146969218312 3.1284504591807742
35 1.2317003891498546 -3.533248292600311 2.9916299741257006
36 1.317309683487516 -3.6588916006923591 2.8692994356542365
37 1.4573937755683071 -3.7707733591426313 2.7893286655904244
38 1.6184667254706249 -3.8513684381798989 2.7672759088199181
39 1.7711744277012824 -3.8813381499077404 2.7832028483266815
40 1.9124456312306373 -3.8642569723136111 2.8183447303780333
41 2.048952462500484 -3.8151251791264524 2.8583985144604234
42 2.1661364528980411 -3.7534297578002955 2.9396142554721632
43 2.2478662651966501 -3.7012839739809418 3.0612965944985975
44 1.1077108112648841 -3.0689760039966054 3.1615290699267042
45 1.1087899972013722 -3.1578083232730818 3.0190464595462472
46 1.1522512366533075 -3.2685504314351181 2.886105158967339
47 1.261292872176311 -3.3750243234290727 2.7766128262653282
48 1.4180239268312633 -3.4612355364013321 2.7180574462797651
49 1.5847358764655459 -3.5188294830384619 2.7055916066324577
50 1.7433810300283357 -3.5370418162427417 2.7199707943388667
51 1.8910229570441432 -3.5175309071462979 2.7505424858089587
52 2.0307105222120394 -3.4734703332041272 2.7888858582022489
53 2.1525794563355105 -3.4203054918524516 2.8605053474145246
54 2.2349060878634135 -3.3743156242512318 2.9756485469470171
55 1.0146779700905768 -2.7920344558610517 3.0496313896942278
56 1.0186094327490569 -2.8748045867994283 2.91403753478167
57 1.0770634331679554 -2.981693411989311 2.7884436014908207
58 1.2083698693901681 -3.0800069249516437 2.6974105314062955
59 1.37705931636496 -3.1565947033678357 2.6572813047432304
60 1.5510249605044812 -3.2039784852956248 2.6477020893615228
61 1.7180262939379181 -3.2115642879291388 2.6590884392817622
62 1.8723647050184347 -3.1815070175651696 2.686202688021921
63 2.0144450605465507 -3.1295094778520216 2.7218784468828878
64 2.138772691057564 -3.0728182228890226 2.7828490958534799
65 2.2222143932923415 -3.0265888761399031 2.8895036899611086
66 0.91592580257445066 -2.4785015911802013 2.9329721017096779
67 0.92845449506493949 -2.5621729864452392 2.8085712592767229
68 1.0069574209088059 -2.6763803525547081 2.6979915300727746
69 1.1561209211722536 -2.7814216650510422 2.6300764572176147
70 1.333944615039266 -2.8631032459790573 2.6027881523879932
71 1.5172195367604173 -2.9096611787181339 2.5910421150458598
72 1.6947555956135716 -2.9061297183675476 2.5993008608595671
73 1.8557127200820387 -2.8561694272292901 2.6243466316992845
74 1.9989396291942039 -2.7827381421950359 2.6563874763500581
75 2.1225991212613984 -2.7094904925266183 2.7050357246675194
76 2.2068009774095123 -2.6561588596677148 2.7985122325865279
77 0.81009342091698422 -2.1176555840251998 2.8035449250807609
78 0.84051128512712459 -2.2157034795997745 2.6981361068181799
79 0.94438681328182039 -2.3552174137465083 2.6143023507262866
80 1.1062622830397324 -2.4848248712093755 2.5716789480622766
81 1.2906514997769425 -2.5858010055346101 2.5516836350799652
82 1.4831102356648524 -2.6411538395612508 2.5332180054404492
83 1.672336460414162 -2.6258776458590525 2.5380422150722275
84 1.8387940152313362 -2.5449498694211266 2.5628961300092938
85 1.9819608900311341 -2.4335219488915234 2.5910192056376302
86 2.1019877539077703 -2.3246679959145942 2.625159401915254
87 2.1844124497319912 -2.2526936154937514 2.696756436544367
88 0.69451335522376501 -1.6812663528408414 2.6510470708381177
89 0.7593636386399365 -1.829329561697812 2.5824867640604996
90 0.89366742454749726 -2.0258685046847003 2.5400421233566317
91 1.0667230570264035 -2.1981887031361618 2.5184091239650188
92 1.2540638956329728 -2.3295574818793443 2.4987386368644748
93 1.4494561458840556 -2.4046175814460242 2.4689486694332548
94 1.6471582526489346 -2.3811464819715753 2.4672811400840122
95 1.8139815171239315 -2.2592862317303051 2.4973954587873952
96 1.9576541633001352 -2.0910830554254716 2.5224754446547211
97 2.0749011967542588 -1.9114241326452965 2.541460702367222
98 2.1496290741904369 -1.7880331868605888 2.5767243531019286
99 0.54328904296819736 -1.0857985082425159 2.4693265021419628
100 0.67538366658800852 -1.4077994650800445 2.4821290818986985
101 0.85375892907349593 -1.7179656836160977 2.4765323461924744
102 1.0510386611342444 -1.9455941322254136 2.4560791531272397
103 1.2419974778474032 -2.1077485061450285 2.4225910428518831
104 1.4256328356722578 -2.2091856030625872 2.382641232300756
105 1.6253853252793469 -2.2006874525100075 2.3508668735225577
106 1.7728490930518657 -2.0285410372268768 2.4142483651631106
107 1.9203768416105009 -1.7909297346332558 2.4499815800447684
108 2.0482956813960445 -1.4806150321620808 2.4543555708352436
109 2.1184914824030447 -1.1741374169711827 2.4421170776422509
110 0.2000006297553619 -0.068751746841863165 2.3000002438493836
111 0.56909208104476172 -1.0432378670014191 2.4155886251842071
112 0.8466373173406766 -1.5178134733586741 2.3962703821835039
113 1.0686965755149307 -1.7998159220113104 2.3402370626195927
114 1.2459144977214949 -2.0109547291816012 2.2643945830894028
115 1.3855489690900065 -2.211984355748716 2.1919125657357847
116 1.5878230251086174 -2.1517123539895664 2.1888241966723037
117 1.7360010339935628 -1.9074958506412449 2.2880582680962109
118 1.8876211397209754 -1.6102503277178464 2.3720037980656703
119 2.0518992470584219 -1.1237696553504593 2.3935888930275668
120 2.1999998149618984 -0.10000174498136281 2.300000199649511
frame 47
0 1.4642002061017538 -3.8066207312694011 3.8132912672590651
1 1.4700973881833848 -3.9133737273258213 3.5412560922597529
2 1.4608823676264131 -4.0707633533402161 3.3504570918279075
3 1.4810873015516939 -4.2799004102043456 3.1856588054065544
4 1.5501639414822224 -4.5783594261089924 3.0353615646917524
5 1.6756558134711623 -4.9502346710190821 2.9310268144954046
6 1.85029603057313 -5.0456871233327973 2.8986740512504365
7 1.9942417209256569 -4.9489778388279309 2.9738330326981304
8 2.1118678885528706 -4.744280186965959 3.0652142389509458
9 2.1662249325196812 -4.5358978522441493 3.2125536455911696
10 2.1986942924378354 -4.4029771712498578 3.4053743904503904
11 1.3886363812302009 -3.6710276498527477 3.5660516491275822
12 1.3900577041569546 -3.7823874701235782 3.4053226317093146
13 1.3980649705546528 -3.9257006341212861 3.2315446875771374
14 1.4337445941403633 -4.1124045200289201 3.0791411636502848
15 1.5186302624736534 -4.3331674210716109 2.959214346313948
16 1.6511726019794979 -4.5483628601514923 2.8906732790998104
17 1.8044535747935506 -4.6124485146192429 2.880321880506453
18 1.9418060976344174 -4.5666575310369328 2.9258132696792236
19 2.0632904894661124 -4.4496063356138169 2.9920503949570105
20 2.1465461091810609 -4.3174633670463463 3.1096826598368059
21 2.2007123501421915 -4.2220929824217102 3.2654189021248197
22 1.3091524549538451 -3.4889180280783374 3.412525807193981
23 1.3056488370042845 -3.5989953193596489 3.2647630647421133
24 1.3191129697345627 -3.7326069196571181 3.1184169491956273
25 1.3661795850583605 -3.8884452022414147 2.9799924545492016
26 1.469409654995399 -4.0467972491883 2.8696638253848601
27 1.6182150744006065 -4.173611946370408 2.8186538777277632
28 1.7682445490715444 -4.2187630483962852 2.8242980513652669
29 1.906401410308711 -4.195111448190981 2.8587373695294596
30 2.03305844164182 -4.1234718628365741 2.9171023416519017
31 2.1315541568209038 -4.0359710590330238 3.0208322780434274
32 2.1949545003138526 -3.9675028754517498 3.1608862485897635
33 1.2234029505637163 -3.2763117789194669 3.2890467196005111
34 1.2135919998059914 -3.3774780727369373 3.1448059165139304
35 1.2304809741102976 -3.5011794551070943 3.0076379971640423
36 1.2964002048761787 -3.6310194615810434 2.8781232634414766
37 1.4253336994079047 -3.7447026626757371 2.7844996598272482
38 1.5853090623226147 -3.8244319438872481 2.7545568098615885
39 1.7385830516199694 -3.8537995238018858 2.7670325665380373
40 1.8821686471904289 -3.8374491340364147 2.7943834486853816
41 2.0148565412919335 -3.7871570390135689 2.8470980636666736
42 2.1228298263281595 -3.7237526471206661 2.9408483175683506
43 2.1892230612454093 -3.6707779646530976 3.072625985487798
44 1.1311949681105373 -3.0333004307107783 3.1760528349605952
45 1.1175838228946933 -3.1256089991242564 3.036401935352353
46 1.1415055691867189 -3.2408971696016784 2.902594321594524
47 1.2332035323745647 -3.3518395302778203 2.7826267332005221
48 1.3854542671506342 -3.4378460220675526 2.7138759795581167
49 1.5530126761756073 -3.493236381431188 2.7004608364567559
50 1.7124988387328823 -3.5104637441590736 2.7139201586051405
51 1.8627665418154828 -3.4919741461708784 2.7363174628735143
52 2.0016425851368642 -3.4476064599043097 2.7811438703930396
53 2.1167873544791478 -3.3934133460782507 2.864561695467096
54 2.1855523104435295 -3.3470699085218181 2.9894610613227548
55 1.0328246636059477 -2.7588712719349746 3.0646888230475939
56 1.0198371922494205 -2.8460695163809668 2.9320929462684631
57 1.0572652950901493 -2.9587530495119281 2.8034942817546078
58 1.1760826846846808 -3.0606318283510894 2.7002666332485443
59 1.3449452509868942 -3.1351275133295 2.6564999233390232
60 1.5206430219376723 -3.1794273237843882 2.6518350761258178
61 1.6888647061036615 -3.1858768839679237 2.663808853212863
62 1.8462509015369764 -3.1571682046603939 2.6822431629610066
63 1.9901213125672339 -3.1059370012658154 2.717940713502967
64 2.1103717238072428 -3.0487600055456086 2.7887517854055677
65 2.1813721630301499 -3.0021729267984303 2.9051291936132619
66 0.92757549561566466 -2.4489577952448194 2.948747928129511
67 0.92139835535063164 -2.5376480063333453 2.8267984670466317
68 0.97941467098202006 -2.6579998395624926 2.7100628631851404
69 1.1215694393519027 -2.7650517266597201 2.6310699702188765
70 1.3020495045669247 -2.8433377740321224 2.6074715410555855
71 1.4879683570771247 -2.885909206143471 2.6056092599791527
72 1.6672362222526682 -2.8810681856872686 2.6157043228544947
73 1.8320681268440671 -2.8329473064135855 2.630565060586318
74 1.9792961267707418 -2.7613564120296261 2.6563623146525979
75 2.1016565670843019 -2.6882044019694415 2.7115797481147195
76 2.1744467123382578 -2.6343465030636959 2.8150459513643491
77 0.81353047958690716 -2.09270141770976 2.8201909217900805
78 0.82445281020303607 -2.1959203265482854 2.7154566827261881
79 0.91131166918055229 -2.340589624083941 2.6222983463987615
80 1.0705585512442271 -2.4704743037112449 2.573056568515478
81 1.2584094321001664 -2.567414913758983 2.5639198585167198
82 1.4546900695142462 -2.6177385907805233 2.5599916353809333
83 1.6460927612784322 -2.6006733551187273 2.5686164688524844
84 1.8176879221729161 -2.5223022743353711 2.5802288393651209
85 1.9668893410235979 -2.4138093749253162 2.5957089133547036
86 2.0884958983629702 -2.3059512694329993 2.6312253449259457
87 2.1613078674429418 -2.2334024850909087 2.7129349550282478
88 0.68793316907732849 -1.6621052165693602 2.6675542510406012
89 0.73607015384298602 -1.8140711013489013 2.5960082296868081
90 0.86024960351792024 -2.0126115580463311 2.5451438886209741
91 1.0318797540570415 -2.1833872160521111 2.5254661267920713
92 1.2213244919059965 -2.3105487753001168 2.5229531649639676
93 1.4207836913647036 -2.3801592920348615 2.5112804338818568
94 1.6199778623832022 -2.3530596562737642 2.5208768301336799
95 1.7945991129063545 -2.2357230991044932 2.5276752341359061
96 1.9451261316178174 -2.0711763213176817 2.5376315002833816
97 2.0681883387844393 -1.8949786569393796 2.5457329319898303
98 2.1368385892873083 -1.7716759597712151 2.5901385922683944
99 0.53131513942298458 -1.0741405471891508 2.4792041972911365
100 0.65545609189904153 -1.394759984749355 2.4906841700465812
101 0.826781336140893 -1.7026114143988544 2.4855271879921452
102 1.0215083737515018 -1.9258760938149255 2.4772906585385526
103 1.2131532276534833 -2.0815667138583134 2.4641253728844128
104 1.3952933419920086 -2.1790045213437712 2.4412075275074234
105 1.5916619693732157 -2.1672008595261127 2.4223560430232274
106 1.74860227917803 -1.9992402334450685 2.4654016286816303
107 1.9069232724282636 -1.7692787461295678 2.4755910583351461
108 2.0391209179600156 -1.4641772315964354 2.4702435288224152
109 2.1136554888034413 -1.1624521433238924 2.4511334136387979
110 0.20000060628476762 -0.068751723488092539 2.3000002576058045
111 0.55546661679416653 -1.0313449080715615 2.4224702868524459
112 0.82904862496963105 -1.4991108183888917 2.411593119144265
113 1.0521706852099495 -1.7746063065576436 2.3689852005771312
114 1.2310648936834032 -1.9812160070583913 2.3066994999967307
115 1.3641173130633102 -2.1816340492308832 2.2465812560818978
116 1.5567848650978153 -2.1220899675031899 2.2616737269619405
117 1.7063425915184267 -1.8753255305847054 2.3402265951703729
118 1.8668376302996352 -1.5854685033338145 2.4062155278247142
119 2.0429210160655344 -1.1093126057906648 2.4087766823968915
120 2.199999804125722 -0.10000172020836817 2.3000002189032123
frame 48
0 1.4911433238399379 -3.7773739445436951 3.8272056139250998
1 1.5020542333636397 -3.8781358850285694 3.5492525925867664
2 1.4774502748137519 -4.0299980791910439 3.3533506718415214
3 1.4817733494416319 -4.234829296138277 3.185305759695964
4 1.5311215145585184 -4.527086570902993 3.0267627181448513
5 1.6384189249642616 -4.9133369972623164 2.9111499403827517
6 1.806815588661681 -5.0125854249808199 2.8606385777945698
7 1.9522403441644169 -4.9122396024117894 2.9275583817849893
8 2.0504370501763254 -4.6994851707199494 3.0492542165981265
9 2.0886010904619274 -4.4828879994162714 3.2055290603286699
10 2.1038721875925961 -4.3545801822640797 3.4071000852332736
11 1.4116911769521139 -3.6375627375429906 3.5790107942155545
12 1.4107881380484919 -3.7460743142246629 3.4171633384174411
13 1.4069860428498848 -3.8840830823567534 3.2398449820742274
14 1.4261204082810839 -4.0681909509848273 3.0828394545463529
15 1.4923536616047306 -4.2880489692466695 2.9533169041293585
16 1.6119670320520567 -4.5069826949787206 2.8717843453790479
17 1.7612773464113278 -4.5758829042764333 2.8480528704819128
18 1.898805553972128 -4.5294438180870786 2.8857383899186728
19 2.0088709870215191 -4.41020067585346 2.9718047629083566
20 2.0785122145564903 -4.272667391670808 3.1005839201926308
21 2.1154337097437419 -4.1752177466057958 3.2638127411785147
22 1.3309395363241259 -3.4510930851996058 3.4262728064244046
23 1.3215589157246559 -3.5596467093757043 3.2786600258206793
24 1.3229966967626365 -3.6907466772227404 3.1308239830083346
25 1.3522418266977305 -3.8465430183551059 2.9885270597496514
26 1.4374185867377074 -4.0066620717142181 2.8669932007596435
27 1.5787732683345945 -4.1353297696206637 2.801695363460257
28 1.728325469550249 -4.1818292390021456 2.7991698756776664
29 1.8674435211155076 -4.1583731802552428 2.8282485986746568
30 1.9892898580281522 -4.0861493380965959 2.8971702215008333
31 2.0747166141750157 -3.9963120913471464 3.0126309221996013
32 2.1181754031623181 -3.9263980588071883 3.1611557757067885
33 1.2443529403923237 -3.2357713983128598 3.3033985132421981
34 1.2261788311417994 -3.3369431750892584 3.1606476014807705
35 1.2286868757833724 -3.4606425326782708 3.023666105233259
36 1.2749028647120324 -3.593295836543474 2.8892510213298235
37 1.3900376199826603 -3.7090074485193925 2.7822736034622646
38 1.5477420362725469 -3.7885141042037365 2.7425563234168218
39 1.7014281829282487 -3.8179334376172305 2.7510929454012696
40 1.8462952606467971 -3.8020676018439095 2.7733490907412901
41 1.9780499633890962 -3.7519403699458032 2.8303359224836653
42 2.0755073277991709 -3.6872868022046741 2.9358608454307706
43 2.1239975041071992 -3.6336984007452116 3.0764373282792481
44 1.1503608217330881 -2.9921884414552244 3.1908119564630528
45 1.1260720006242375 -3.0860361318595726 3.0538530899083276
46 1.1325839533132149 -3.2038165224715196 2.9209419520701263
47 1.2047847895107304 -3.3189178664933827 2.792742430810681
48 1.3500218392943766 -3.4053280264989185 2.7121298117633734
49 1.5177257209986708 -3.4591133226987592 2.6958028165833414
50 1.6777647719542752 -3.4759629121526867 2.7076681026999232
51 1.8295847889692587 -3.4582569427795424 2.7240321829530538
52 1.9697271564489935 -3.4147340898467564 2.7686996181799035
53 2.077488969816919 -3.359976325876207 2.8628079348976816
54 2.1299890062804834 -3.313332994178011 2.9965177413368025
55 1.0488863320702035 -2.7191762451327781 3.0797940139730109
56 1.0229774508450353 -2.8091309312947788 2.9507576519223968
57 1.0406785088095167 -2.9260242047597118 2.8220998072043018
58 1.143585751033507 -3.0318734188326966 2.7074517419262922
59 1.3108468380031668 -3.1047922146402991 2.6573884595982169
60 1.4873590984335046 -3.1466951731988315 2.6558932750657158
61 1.6563744579069544 -3.1526581477191593 2.6673202692702476
62 1.8156974258764167 -3.1251512120034555 2.6785259217681663
63 1.9622881176293436 -3.0755499772893669 2.7099401489584198
64 2.0783947912447407 -3.0183959922893369 2.7893539118407631
65 2.1344942493572554 -2.9714464453130232 2.9146437472440248
66 0.93905737124832933 -2.412468461815096 2.9642314378878143
67 0.91796183805492515 -2.5047229880205157 2.8461102652665846
68 0.9557189067991757 -2.6300654716687206 2.7266892669364111
69 1.0874806899324578 -2.7396672770245027 2.6354237167266055
70 1.2692448636119558 -2.8148039804553995 2.6126648537424306
71 1.4563650466906894 -2.8541704227662033 2.619302821477794
72 1.6368444606869221 -2.8488737567591889 2.6294180452196274
73 1.8042498025301301 -2.8025881095002565 2.6351992302980487
74 1.9552835474279799 -2.7335030585720745 2.6525749946467188
75 2.0766620354193472 -2.6610240778965513 2.713280717967077
76 2.1359824149727418 -2.6066362616424104 2.8259139025324349
77 0.81850766479470627 -2.0611219979071911 2.8362913048238929
78 0.81299527253968817 -2.1682632119134913 2.7345761392831558
79 0.88168695902766447 -2.3174910235590502 2.6348180484017849
80 1.0361984596682197 -2.4478114496583361 2.5756164796490846
81 1.226438957567821 -2.5404853714799911 2.574764153360193
82 1.4246191288537084 -2.5863306674891806 2.5851792424666828
83 1.6177162743054723 -2.5688638228645035 2.5943468449585319
84 1.7927852011973331 -2.493243479468001 2.5940374151312104
85 1.9467304551382192 -2.3883088847262335 2.5963734457250598
86 2.0703524274257799 -2.2820707387636809 2.6327565095467627
87 2.1320079566332386 -2.2090144687485034 2.7238067378396251
88 0.68393476014765053 -1.6373832017036252 2.6840726654811222
89 0.71598761080694195 -1.7925228029255829 2.6123074304405658
90 0.82828518153558595 -1.9929832829920848 2.5524172842072899
91 0.99856960907365733 -2.1619221085479992 2.530178278918632
92 1.1895751435646942 -2.2843580672029447 2.5438070437530724
93 1.3921694888552996 -2.3477690962257762 2.5527388709713783
94 1.5936371062127934 -2.3195872993021935 2.5668982580405406
95 1.7726216601707374 -2.2070420020455632 2.5509722344224173
96 1.9284555339797851 -2.0466115672107899 2.5488537074369733
97 2.0567395870713887 -1.8744920275247972 2.5456763220926137
98 2.1185681232092559 -1.751452714585646 2.5990499669788973
99 0.5204780832520135 -1.0589078627228572 2.4901796431454328
100 0.63616835769176083 -1.3773496701349188 2.5004555206702652
101 0.80000845052709124 -1.6824172689708115 2.4942124258407636
102 0.99164014363814157 -1.9012654970730247 2.4977022343263662
103 1.1830849665255883 -2.0498721204320463 2.5090141039580858
104 1.3665406667589168 -2.1394956116998469 2.5065063446093263
105 1.5595121581626603 -2.1237142666422182 2.4939822860516596
106 1.7264841536040825 -1.9655556631554498 2.5150383268034511
107 1.8921731480993034 -1.7448939641149805 2.4932985563634884
108 2.0273846598597518 -1.4447181027150287 2.4845411876852874
109 2.106651145431873 -1.1484831898641994 2.4578188939904106
110 0.20000058410133875 -0.068751693388054633 2.3000002727103332
111 0.54246558838415904 -1.0159833133757126 2.4300200130260583
112 0.8120967082196493 -1.4755818796759719 2.4288526877907057
113 1.0364525308820871 -1.7430408088407825 2.4026108809199456
114 1.2190969761731818 -1.9430416680728402 2.3568668278513845
115 1.3465894157643554 -2.1412837428130507 2.3072478001804471
116 1.5339895502535792 -2.0824675811168136 2.3245232573515775
117 1.6794941620731303 -1.8412668442720876 2.3896176249767924
118 1.8453881659038598 -1.557465066425509 2.4387772926805016
119 2.0326862052530732 -1.0927703824619508 2.4220254115614295
120 2.199999789672709 -0.10000169107534405 2.3000002332222249
frame 49
0 1.5080864416781219 -3.7430857013023995 3.8311199606911348
1 1.5240110786438947 -3.8386393294599155 3.5515927482218093
2 1.4842763989680698 -3.9847288476385616 3.3527872606675881
3 1.4744486040611189 -4.183296114500056 3.1823356854013101
4 1.5059129588475764 -4.4658137157969939 3.0170000432460355
5 1.5966784348035403 -4.866439323605551 2.8938262065372671
6 1.7586044521040898 -4.9694837267288428 2.8281360629901178
7 1.9052629365350062 -4.8655013660956481 2.8897291800055163
8 1.9790062118997802 -4.6446901545739401 3.0248353232839209
9 2.0009772485041739 -4.4198781466883936 3.1885044751661704
10 2.0094368865841155 -4.3001188354378792 3.398825780116157
11 1.4247459727740268 -3.5988918115067716 3.5866470543773556
12 1.4233436165240589 -3.7047896855039379 3.4239521957198256
13 1.4083131634508899 -3.837381172272214 3.2445856960110024
14 1.4125548313202336 -4.0170740317541362 3.0840447426205939
15 1.4614278037792372 -4.233787054178987 2.9469112786979776
16 1.5685311520965575 -4.4556025299059492 2.8554769129106443
17 1.7137074199916675 -4.530006810284827 2.8204045713031869
18 1.8514091244501463 -4.483267646059395 2.8520796606542818
19 1.9524313892058551 -4.3607950161931033 2.9465263046814028
20 2.0051873561181091 -4.2193521550619302 3.0846484304350295
21 2.0213851094442417 -4.1222594469303964 3.2539102551196524
22 1.3433227182011771 -3.4086905822001894 3.4368393875292207
23 1.3301562087050054 -3.5152375924035875 3.2887230880721914
24 1.320976651177918 -3.6432652282739841 3.13991197885781
25 1.3345562328750857 -3.7972302994603031 2.9949487677987192
26 1.4021889132683727 -3.957452696323474 2.8647767885620885
27 1.5349997673189648 -4.0878598394899788 2.7865149214084144
28 1.6837579034246146 -4.1361761714940233 2.7763803777200824
29 1.8236051303560186 -4.1131230438660467 2.7998843382314429
30 1.9436046235975502 -4.0400658598722545 2.8725404732427733
31 2.0138224841589358 -3.9484295897781707 2.9988316054732094
32 2.0364768189663347 -3.8778268532877282 3.1536829198032081
33 1.2568507144687249 -3.1906181975185151 3.3158006432171399
34 1.233106706394429 -3.2907626210755958 3.1736170245255013
35 1.2235300047966384 -3.4134264213722552 3.0370922082291001
36 1.2518912548450969 -3.5469492112044123 2.8998658505816017
37 1.3519716226444904 -3.6641048601921389 2.7814712875487246
38 1.5061707317478217 -3.7438125961037874 2.7312523425731023
39 1.6600226502556474 -3.7737115100208238 2.7356954154291229
40 1.8059016526074867 -3.7584518276594556 2.7525775759293176
41 1.939422703930449 -3.7090741124630253 2.8080546367403083
42 2.0248507006247984 -3.6435231153358578 2.9247081656901619
43 2.0525470434133637 -3.5893480333748706 3.0721261764986774
44 1.1625670055367727 -2.9458254273008286 3.2042155139529087
45 1.1310152169168042 -3.0398840919475809 3.0690845980499577
46 1.1230801888072044 -3.1585103039830686 2.9378682375499787
47 1.1762205999188866 -3.2764779940260502 2.8043449038515149
48 1.3122184030059987 -3.3636633965799478 2.7116495690369296
49 1.4792600513530121 -3.4164917243306054 2.690550313231955
50 1.6395628881883717 -3.4334475483863178 2.700334552589712
51 1.7924863468321319 -3.4166494898294038 2.7109449723414558
52 1.9356228981679815 -3.374815836845956 2.7502843515410023
53 2.0354114992838759 -3.31988037308107 2.8542753910016674
54 2.0677396739415355 -3.2726654545919764 2.9953543868045722
55 1.059736219174624 -2.6734869024479337 3.0935931414929341
56 1.0247750331295695 -2.7647969312987679 2.9675173793661758
57 1.0259339571969879 -2.8840225801255648 2.8405565476631662
58 1.1118428592572136 -2.9932523291366917 2.7170903192958877
59 1.2754416107170008 -3.0653055351216176 2.6585697365101111
60 1.4518751619613075 -3.105647366780603 2.6578567558054731
61 1.6211880934030924 -3.1116949777722849 2.667929897820966
62 1.7817167365072288 -3.0856047920645722 2.6725677385236848
63 1.9314915622419613 -3.0384200809309401 2.6960993533220727
64 2.0437671285098857 -2.9818282761820512 2.782879340471311
65 2.0810034340135029 -2.9342524264480305 2.9160102232770493
66 0.94719058435435322 -2.3695206503426123 2.9780794523226053
67 0.91537259723682662 -2.4639383983122944 2.8636143958405422
68 0.93588426505311761 -2.5923705987446057 2.7441564995545025
69 1.0555043587796957 -2.7042828274892856 2.6421366210365282
70 1.236733930237135 -2.7768636707050951 2.6168762902282179
71 1.4235782971935269 -2.814081035671808 2.6290412933366731
72 1.6044173513134652 -2.809033030241034 2.6380508645356957
73 1.7732457452427712 -2.7649800023233091 2.635931408189145
74 1.927428044462496 -2.6991199366345335 2.6434707180697465
75 2.0486773021656184 -2.6280621769863868 2.7080490110735296
76 2.0914786463816375 -2.5730507696719052 2.8288786040070231
77 0.82225553293457776 -2.0231391159103107 2.8502446850406473
78 0.80462729169011304 -2.1327730110548964 2.7520668781200963
79 0.85738265797190727 -2.2848653194752848 2.6488940685453586
80 1.0057315520173424 -2.4151642367500266 2.5796791516630289
81 1.1967807842413696 -2.5037021035031968 2.582902246852425
82 1.3944634781023397 -2.5462498507807259 2.6040731991028543
83 1.5879091541821295 -2.5293070025644178 2.6123607493260144
84 1.7648279931675415 -2.4572572435246536 2.6018058365066401
85 1.9220052743419498 -2.3566166112541431 2.5923938525968104
86 2.0485003881338164 -2.2529192324614926 2.6280965000775054
87 2.0977567997980247 -2.1795443912732071 2.7273346574097355
88 0.68107422743202606 -1.6069937641452823 2.6982499353267535
89 0.70022116318528005 -1.7640212155325485 2.6280806572948827
90 0.80113370397911521 -1.9653720974998605 2.5609091913167261
91 0.97034400835688539 -2.1315997939557416 2.5336531976574044
92 1.1621956812674685 -2.2487243094078337 2.5590667505257985
93 1.3653565803079599 -2.3064022914144253 2.5849769865454735
94 1.5676092493010498 -2.2786301914042775 2.6029196860474015
95 1.7477598373416052 -2.1721758537997298 2.5642692348089287
96 1.9080783449857188 -2.0168385709397731 2.5550411462062788
97 2.0405231763341671 -1.8493086956868925 2.5414259094483902
98 2.0968939069136252 -1.7271831268825526 2.6019480941954618
99 0.51129590264260805 -1.0398820106275395 2.5004086426071233
100 0.61915577300087576 -1.3549703901269459 2.5097031054776759
101 0.77630331634024596 -1.6562907933889128 2.5011431823232511
102 0.96519118251734992 -1.8705311789046357 2.5131381857883999
103 1.1544443307203893 -2.0128170077615675 2.5471028803865705
104 1.3402257071279438 -2.0933189873750226 2.5618051618112294
105 1.5327992154120951 -2.0702276738583238 2.5556085291800921
106 1.7093651094595252 -1.9271489476340042 2.5550626552548921
107 1.8762167188376144 -1.7168873642804388 2.5010060544918309
108 2.0141150982099179 -1.4217431623234846 2.4950635879632443
109 2.0979363988584954 -1.1318713323042247 2.4610900230259918
110 0.20000056455586204 -0.068751656058193153 2.3000002863219957
111 0.53109132159975536 -0.99686934757896384 2.4367791460594281
112 0.79704968841475632 -1.4468564494663272 2.4450732480567754
113 1.0218242655563896 -1.7050945044551422 2.4357574620436284
114 1.2092511865861428 -1.8962723954338327 2.4067445740502014
115 1.3330343483467277 -2.0909334364952183 2.3604361314754967
116 1.5182063779053037 -2.0328451948304376 2.3773727878412148
117 1.6576695534931378 -1.7997690562500486 2.4313345117506273
118 1.8266073229600606 -1.5246628629068828 2.4665134583429471
119 2.0219531960617365 -1.0734272505672704 2.4313865029071815
120 2.1999997734746928 -0.10000165640328913 2.3000002410657121
frame 50
0 1.5150295596163059 -3.6987974581611041 3.82503430755717
1 1.5359679240241497 -3.7903511277993873 3.5478157594520101
2 1.4824829912771409 -3.9315360364100584 3.349124880538632
3 1.4602335027806872 -4.1235720158177065 3.1785285049881176
4 1.4762401460784129 -4.394540860790995 3.0095871940865191
5 1.5539416918748572 -4.8095416500487858 2.8820982441508392
6 1.7094106053459772 -4.9163820285768658 2.803052315518253
7 1.8575274609225543 -4.808763129879507 2.860298048417353
8 1.9049935338369499 -4.579895138527931 3.003973992975955
9 1.9177087533814789 -4.3468682940605161 3.1680318955576947
10 1.9226208605332906 -4.2356574887116789 3.3805514750990406
11 1.4281394894668382 -3.5508105335977955 3.5879204035402132
12 1.4270270868545989 -3.6548997997951456 3.4247748024825913
13 1.401846351019141 -3.7832548908810044 3.2452748924686747
14 1.3932268379975479 -3.9586313220144289 3.0830116602485509
15 1.4273844596912826 -4.1719469365577861 2.9406589868573398
16 1.5238173104102231 -4.399193261659132 2.8435541443039991
17 1.6651031909226044 -4.4758190631651766 2.7984298767650273
18 1.8031750709607355 -4.4280870316433942 2.82326436888569
19 1.8968076981286155 -4.3013893566327468 2.9221819903039372
20 1.9320819567755529 -4.1560369185530526 3.0651882830547348
21 1.9356559226463559 -4.0593011473549971 3.2373324047874226
22 1.3462423098120304 -3.3583640976546314 3.4423230677762575
23 1.3303853405681998 -3.4632627735020787 3.2934297342279488
24 1.3118782473932853 -3.588794312024131 3.1444783560971943
25 1.3124097094451235 -3.7406856699799738 2.9982243601551266
26 1.3649526535996366 -3.900571985627689 2.8623643079651599
27 1.4895116747236186 -4.0334790732888717 2.7742103123139512
28 1.6370710337920775 -4.0826786206345398 2.7573557594955354
29 1.7778111940425811 -4.0595669063862658 2.7736989876617035
30 1.8984026781164784 -3.985413871763948 2.8460024955128826
31 1.951382542354158 -3.8911789163671329 2.9807073332714706
32 1.9558884810839787 -3.8193955521755996 3.1386556454253269
33 1.2600239632901411 -3.1387251227433963 3.3239808417100836
34 1.2324200601592969 -3.2377238415444487 3.181697799563477
35 1.2127965869568247 -3.3592203879492177 3.0458526230446927
36 1.2264934674222601 -3.4927134026351903 2.907387607567046
37 1.3125821349968303 -3.611001539081137 2.7805939376795701
38 1.4626901520887721 -3.691504968929336 2.7209289909735865
39 1.6164495754987203 -3.7217067032006113 2.7215424553670187
40 1.7633039483632464 -3.7069761832849046 2.7314774022205861
41 1.9001774597213621 -3.6583955585664256 2.7817604541902274
42 1.9720888550246056 -3.5913449392639314 2.9081360444589639
43 1.9785397303727714 -3.5358415431284484 3.0592140987874465
44 1.1660743554436872 -2.8932885085218465 3.2141001361311115
45 1.1296705985960624 -2.9870094030793113 3.0798190639327747
46 1.1103108929864485 -3.1056191138755005 2.9503495969014182
47 1.1473103853804658 -3.2252095405163419 2.8139548678283184
48 1.2734763816217822 -3.3134506203521839 2.7108618169999157
49 1.4392603397456083 -3.3660150460003706 2.6842338662901448
50 1.5995833464960409 -3.383223518953816 2.6917777748977465
51 1.753355005522059 -3.3674292595091075 2.6956093492473059
52 1.9000509677171538 -3.3275085081242501 2.7264110020562229
53 1.9912170605505644 -3.272163216268968 2.8394070696169513
54 2.0011713434799288 -3.2237278409560601 2.9848819526127834
55 1.0630343139867391 -2.6217117624862567 3.1043184122878715
56 1.0220662109049536 -2.7135319304326933 2.9800630062634692
57 1.0104559044033559 -2.833670635733879 2.8551678821848729
58 1.0812078781510275 -2.9451213442178084 2.7258792840000812
59 1.2398701489406068 -3.0170457396872736 2.6585717877579196
60 1.4156272656240219 -3.0566115650805386 2.6567585911211755
61 1.5847839861570887 -3.0630074904874789 2.6650635239648888
62 1.7459359819213336 -3.0385425418222964 2.6627355716005892
63 1.8985257736444912 -2.9940662673490284 2.6761960742510702
64 2.0071064590643957 -2.9382144804352244 2.7695184559332673
65 2.0227390207236935 -2.8896267754847376 2.9078837678503486
66 0.94935847350102276 -2.3203836641659774 2.989001452413119
67 0.9103700639284108 -2.4159410555548053 2.8770682431898837
68 0.91771858221852576 -2.5457029255019235 2.7585764271173394
69 1.0260223225876888 -2.6589184167955833 2.6486386666974666
70 1.2053466326612594 -2.7298206275139529 2.6189158749710102
71 1.3909772983866868 -2.7657921993693666 2.6337636390350179
72 1.5712821068340466 -2.7612113722291571 2.641209649008581
73 1.7404862465127759 -2.7197744308043821 2.6313270478420985
74 1.8967117231130728 -2.6574752504876442 2.6284979222670066
75 2.0184310404971941 -2.58844446035872 2.6958644509112721
76 2.0427586489077472 -2.5327771010731239 2.822760758747735
77 0.82213122913024139 -1.9789935525124971 2.8611003312723642
78 0.79637827935999739 -2.0899373175477733 2.7655626698355253
79 0.83715618276306247 -2.2429897688907325 2.6608309857801373
80 0.97944799498215063 -2.3725170239417173 2.58388121345856
81 1.1698771929977636 -2.4573580191468198 2.5878735811601397
82 1.3654519734794528 -2.4976395955587116 2.6158436406626024
83 1.5576646638164828 -2.4811713301321237 2.6233277783349411
84 1.7347555463557358 -2.4135256418661477 2.6024357757593912
85 1.8936344986197335 -2.317551867594541 2.5832429073651775
86 2.0235031246809316 -2.2174142738854408 2.617126055229519
87 2.0604562439495782 -2.1441011584760106 2.7228332572100422
88 0.67714306905934596 -1.570905633861555 2.708980228387623
89 0.68741263708369682 -1.7284203415928217 2.6404636107274668
90 0.77947848381755769 -1.9289759719147122 2.5684372302790384
91 0.94765268944777514 -2.0915674937446793 2.5365279058051677
92 1.1393608749327029 -2.2032420374990265 2.5690713820815754
93 1.3406011841022472 -2.2564699519784268 2.6072151022195689
94 1.5415557136093661 -2.2288701738787093 2.6289411141542627
95 1.7197175892609546 -2.1295362105646167 2.5693050850311101
96 1.88358582313443 -1.9801999170819098 2.5537505652844468
97 2.0193815202843792 -1.8180464134044318 2.5329839473852029
98 2.0731344736599739 -1.6978156069530241 2.5985625531377128
99 0.50334207384300689 -1.0167745108083721 2.5085095547218019
100 0.60489958592748405 -1.3270397756520289 2.5168716646022862
101 0.75718055526243755 -1.6230766493511273 2.5058527887986441
102 0.94426606126955792 -1.8321083607827124 2.5229665611741616
103 1.1302056912181104 -1.9690802051693586 2.5751916569150555
104 1.317982556628615 -2.0416366392790586 2.6071039791131327
105 1.5121524415239838 -2.0115850350530433 2.6072347724085247
106 1.6960692954392775 -1.8834939191252082 2.5850869838063333
107 1.8561498157116938 -1.6823508567270211 2.4987135527201736
108 1.9982258215070632 -1.394247518322806 2.498402764279168
109 2.0866640013543098 -1.1116997062563567 2.4598940354617378
110 0.20000054752690241 -0.068751610826245729 2.3000002962680193
111 0.52158043448892499 -0.97360423593852974 2.4416120894536002
112 0.78440635213327614 -1.4121358919874167 2.4576557827256558
113 1.0082724401044298 -1.6606619156601776 2.4633104334501512
114 1.1998256480564002 -1.8418168955046672 2.4503543251179662
115 1.3237282231149718 -2.0305831302773862 2.4047540793488915
116 1.5074194186655283 -1.9732228086440615 2.4219797286928237
117 1.6386542471630912 -1.7494604553503446 2.4667771032569403
118 1.809710224463859 -1.485530453194557 2.4892862083550966
119 2.0095365632741364 -1.05015151213644 2.435333381606934
120 2.1999997551880717 -0.1000016142988939 2.3000002417300212
frame 51
0 1.5119726776544899 -3.6445092151198089 3.8089486545232054
1 1.5379247695044047 -3.7322623430465942 3.5373214772641797
2 1.4729413123107282 -3.8695138513546943 3.3416394817162844
3 1.4405406287947899 -4.0559334162074352 3.1731755015229468
4 1.4443267155874131 -4.3162732559418275 3.0032670845186913
5 1.5128612620177779 -4.7426439765920207 2.8734386654456299
6 1.6624165788937515 -4.8532803305248891 2.7830444432067964
7 1.812768972074307 -4.7420248937633662 2.8349342316486923
8 1.8409808556741196 -4.5051001225819221 2.9812606292508694
9 1.844440258158784 -4.2728764178203207 3.1442943852219334
10 1.8458048343824658 -4.1621917326298634 3.3522771701819245
11 1.4231919403269873 -3.4927292557888197 3.5822415548882827
12 1.4217942345965999 -3.5952998631701383 3.4189024622038229
13 1.3879937281705301 -3.7207333839228038 3.241178664282566
14 1.3689093603883595 -3.8927492948192888 3.0792490224014997
15 1.3916593282866339 -4.1030944393071591 2.9341058962771487
16 1.480605018845943 -4.3351539009869695 2.8342937648348565
17 1.6186635065212969 -4.4129948609100493 2.7805641740036777
18 1.7576318574616101 -4.3638667689066377 2.7970553554999138
19 1.8464759227221048 -4.2322100990353118 2.8976610383777337
20 1.8649437760808341 -4.0848558239889234 3.0424500418366889
21 1.8599267357484701 -3.9863428478795981 3.2141242984335552
22 1.3403865484863673 -3.2988614048708103 3.4416266662010844
23 1.3220964549539573 -3.4024755409169281 3.2919250623760496
24 1.2956000613739396 -3.5264475969090787 3.1436729080202945
25 1.2858921880694272 -3.6768458321588091 2.9974398142692298
26 1.3270464756434779 -3.836409805512734 2.8584289573625861
27 1.4452812368497068 -3.971612946773909 2.7638409211390393
28 1.5917730726257309 -4.0212408960671109 2.7414283933557986
29 1.7334740718504693 -3.9977802924844799 2.7487675388812178
30 1.8562553320358255 -3.9222590906660906 2.8182728961695869
31 1.8916468627884888 -3.8250576983980316 2.9584478933219063
32 1.8815357793213763 -3.7509642511634711 3.1167526142171535
33 1.2540199104229501 -3.0788288112190805 3.3263335060525514
34 1.2233642961792233 -3.1769418034771246 3.1836457960955693
35 1.1955527875395549 -3.2976704371412953 3.0486655471348989
36 1.1982477464634715 -3.4309894488221717 2.9099227004390058
37 1.2734900978730739 -3.5501709019089769 2.7777996454196443
38 1.420118102753402 -3.6316514661711059 2.7112582680376041
39 1.5737938423160935 -3.6620441961126704 2.7086582073231469
40 1.7214547600851728 -3.6477296506400876 2.7097913833619636
41 1.8621611076474744 -3.5997114974639111 2.7528173361337744
42 1.9201222059501064 -3.5304552246104692 2.8867877593274525
43 1.9073948352660013 -3.4727393980879411 3.0383994260023335
44 1.160381808778165 -2.833793228036571 3.2185835193388788
45 1.1205152747778659 -2.9271614823277941 3.0844550815892409
46 1.0924569057136759 -3.0455575819102711 2.9564118272272433
47 1.1175669792264211 -3.1659272128456615 2.8185944168953272
48 1.2355020205272766 -3.2551997590872968 2.7080555186592234
49 1.4000194939212161 -3.3079737954384756 2.6768418441808906
50 1.5603432025522839 -3.3255302992415814 2.6823085610183264
51 1.7146632515282474 -3.310718734228598 2.6777771336556242
52 1.8645957677710832 -3.2724873256115621 2.6984339807977271
53 1.9467702619692095 -3.2161724801277725 2.8192847772702856
54 1.9352519526777743 -3.1658939888631812 2.9656662259774129
55 1.0576689242380692 -2.5636782083357601 3.1101658730372206
56 1.0126704426231681 -2.655682072560607 2.9866485697376883
57 0.99185387081536391 -2.775960565182642 2.8632915553312239
58 1.051356706132538 -2.8884532572573356 2.7304648540384853
59 1.2053771033427705 -2.9606190569374835 2.6561275064993626
60 1.3803172707848836 -3.0000228421429793 2.6528504526288965
61 1.5492024937494506 -3.0070115095482031 2.6592829841764596
62 1.7105012087681486 -2.9841661232048686 2.6488339386923778
63 1.8651090941304729 -2.9421962230230654 2.6511273259330737
64 1.9697506581993924 -2.8868107547813082 2.7506412882570062
65 1.9640063415158848 -2.8368671114696555 2.8908331080255234
66 0.94398309840297878 -2.2653538213143585 2.9955552224999389
67 0.90031354377268558 -2.3614697005213521 2.8847931181437358
68 0.89857824883747872 -2.4913157699931983 2.7669191934960562
69 0.99849450122179362 -2.6046501329043013 2.6518505279164293
70 1.1755868487694583 -2.6744926164873726 2.6180132195952508
71 1.3597307347000589 -2.7099724766013629 2.6342335142870597
72 1.5392371817333845 -2.7062509414603078 2.6399120048933229
73 1.7080415047354074 -2.6673598560823715 2.6214989397994
74 1.8652433775220423 -2.6084479969358081 2.6078957264093519
75 1.9873100085033919 -2.5414906084995472 2.6781345747338587
76 1.9933196283993602 -2.4850988534997041 2.808378408859701
77 0.81620440330182809 -1.9291506146422264 2.8679520631853515
78 0.78525479680510224 -2.0405927695827391 2.7735758502997596
79 0.81825075321155272 -2.1929547681785735 2.6676126889911171
80 0.95623941981804061 -2.3204390447439178 2.5857975073728205
81 1.1453348911614647 -2.4025373308209206 2.5896458649052736
82 1.3383064880366393 -2.4415940812792232 2.6220696436197213
83 1.528991577352377 -2.4262399869727846 2.6286472782650927
84 1.7048778309073029 -2.3626669568715171 2.5970310494156168
85 1.8643032847341345 -2.2712593017237008 2.5684338821031329
86 1.997348356054808 -2.1750446892823132 2.6008710395105892
87 2.0226552735252121 -2.1019874017204065 2.7114754697743524
88 0.66999738100732642 -1.5295058985444236 2.7158239919126315
89 0.67474744616677262 -1.6863432619560013 2.6477533797866388
90 0.761491131446004 -1.8842530614284541 2.5724827758406965
91 0.92907436561317647 -2.0423045345559245 2.5379645095077557
92 1.1199490045957896 -2.1489927755227027 2.5751878622232454
93 1.3179667844747047 -2.1994252392232001 2.6219583346313917
94 1.5175831145957377 -2.173291683642292 2.644962542361124
95 1.6916530499360909 -2.0796225356676197 2.5702468886770022
96 1.8577912020030725 -1.9368432008247265 2.5451111109943185
97 1.9967348474520159 -1.7805528227686203 2.5199817983708201
98 2.0490227287476341 -1.6627710637166553 2.5900317458692137
99 0.49532857411719072 -0.98962644484023676 2.5137949634443744
100 0.59223613348726201 -1.2935929789289908 2.5207908006990731
101 0.7418544526434393 -1.5825543270537297 2.5078680606322692
102 0.92808639282953509 -1.7855191071954568 2.5283921414371968
103 1.1107116857263721 -1.9178674908081197 2.5940452730081671
104 1.2992957549077546 -1.9849239254930107 2.6424027965150363
105 1.4963956691419844 -1.95270144666854 2.6488610157369576
106 1.6840182438899551 -1.8354688598734645 2.6051113124577747
107 1.8328592512295583 -1.6407495901680202 2.4945692631151259
108 1.9815863579777582 -1.362102678228942 2.4944616047785577
109 2.0747188651200572 -1.0876874712659255 2.4544546543125456
110 0.20000053125705317 -0.068751557598877813 2.3000003013936197
111 0.51316829613846127 -0.9461021336626535 2.4438809662404748
112 0.77352008454286325 -1.3709409904343937 2.465622009056498
113 0.99562213727793425 -1.6094673656923051 2.483409767035794
114 1.189735519771921 -1.7801256689493576 2.485497781902112
115 1.3177149676242572 -1.9602328241595541 2.441317463080396
116 1.4988961431308245 -1.9036004225576855 2.4632390606851833
117 1.61912271692853 -1.6891518545506405 2.502163305914066
118 1.7962786305682523 -1.4408293501388985 2.5092284092521986
119 1.9962976204821545 -1.0227050861691314 2.4353253290707633
120 2.1999997362168355 -0.10000156443662733 2.3000002364224676
frame 52
0 1.498915795792674 -3.5802209721785139 3.782863001589241
1 1.5298816150846597 -3.6655095045759261 3.5192793954894332
2 1.4561312375389179 -3.801215324073143 3.3284563425095532
3 1.4163042931574203 -3.9857182233764648 3.162908535335955
4 1.4125542500066435 -4.2433313678050455 2.9940123705122907
5 1.4757474594025084 -4.665746303235256 2.860844712090254
6 1.6209168758958998 -4.7801786325729125 2.7627299376075327
7 1.7745042516484557 -4.6652866577472256 2.8064368330260114
8 1.7869681774112893 -4.4203051067359134 2.9526889283333393
9 1.781171762836089 -4.1934803025006584 3.1141942765900108
10 1.778988808131641 -4.0803293747801508 3.3140028653648086
11 1.4098511559160689 -3.424647978079844 3.5687039528356124
12 1.407920459357872 -3.5270761036720875 3.4055030430005879
13 1.3674880229416619 -3.6519038569575857 3.2310004258685541
14 1.3410133972201335 -3.822781778097275 3.0710283532440843
15 1.3568811682134891 -4.0317753043989892 2.9255944755758887
16 1.4416679368823428 -4.2627384254597578 2.8223879219542374
17 1.5776298895642678 -4.3411610771085778 2.7622384092287344
18 1.7175953736242158 -4.2907978210553948 2.7687927160486265
19 1.8048558173024414 -4.1553175979370591 2.8687829565799756
20 1.8066485746120509 -4.0061838702527774 3.0135070433957827
21 1.7941975487505843 -3.9033845485041994 3.183079711441207
22 1.3263565646667537 -3.2307104676694158 3.4335223040189766
23 1.305740161682605 -3.3339429085663923 3.2832085915716291
24 1.2728654167674605 -3.4578006967361934 3.1364738764951579
25 1.2560610796556655 -3.607858281371112 2.9913602405582567
26 1.2905020005464309 -3.767097942564932 2.8511363453059104
27 1.4052236145146093 -3.9020428513034036 2.7526994158556106
28 1.5512014526001838 -3.9515397588534924 2.725803062036523
29 1.6936069639087994 -3.9277366842987438 2.7225154659149911
30 1.8199099253710846 -3.8511108319400829 2.7872240297656181
31 1.838965697230319 -3.7509096383831557 2.9303525306476543
32 1.8160154542577818 -3.6736115987290883 3.0874965210480174
33 1.2395540352877672 -3.011455224501475 3.3215511882489412
34 1.2061740410020696 -3.1092992507789021 3.178456239484007
35 1.1720043670794671 -3.2300582902026131 3.0445553027125452
36 1.1675200012018438 -3.3634608537526831 2.9060380330717579
37 1.2365684493210718 -3.4829167748494032 2.7712008105661425
38 1.3813365486718436 -3.5643532628697976 2.7010322589066433
39 1.5351829544699185 -3.5947049036291814 2.695781452723772
40 1.6832859919056111 -3.58071797188129 2.6864096091305196
41 1.8278541539204534 -3.5331156460707303 2.7208237569869032
42 1.8730563361138641 -3.4613906418855134 2.860197787660816
43 1.8436564100133375 -3.4011445535910512 3.0103514404360121
44 1.1459770101582616 -2.7678953876489247 3.2162260193567636
45 1.103275439158967 -2.8612542186197127 3.0819348546177379
46 1.068944260236492 -2.9796851109182176 2.954891008470772
47 1.086906888942256 -3.1002965507476277 2.8162332263993992
48 1.20017560999374 -3.1899556796578321 2.701726831956162
49 1.3640518970299722 -3.2427538668699194 2.6682812346407445
50 1.5246139246459733 -3.2606434392110661 2.6718113394157998
51 1.6791137654680901 -3.2467125408171449 2.6573539633973433
52 1.8317102852307914 -3.2098431342019271 2.6670517027052325
53 1.9054285683947587 -3.1521945790305206 2.794396332286833
54 1.8752562555375485 -3.099939885466112 2.939221101386456
55 1.0436884502992072 -2.5001400484694924 3.109633904949531
56 0.99570085248479023 -2.5923837529801106 2.9861437913053761
57 0.96886227044647266 -2.7125303466069037 2.8633954281813172
58 1.0221552934150469 -2.8250030040926499 2.7284450920178576
59 1.1735309381029826 -2.8971223628475293 2.6504582651224444
60 1.3479407754007759 -2.9366108126107742 2.6468212234505377
61 1.5168354024517892 -2.9443750497489316 2.651222731063922
62 1.6779481159259209 -2.9229944207105105 2.6314569712984879
63 1.8338095224225639 -2.8831318778598867 2.6219642822621778
64 1.9344092857419837 -2.8278448334800261 2.7274057840629631
65 1.9098908859486867 -2.7764655969137535 2.8668008785897712
66 0.93060073508947916 -2.205473115712842 2.9963569159474481
67 0.88375273658703912 -2.3019379547645764 2.885639099649659
68 0.87677766432602511 -2.4311220944176193 2.7673345490992012
69 0.97273257774375532 -2.5433845105935471 2.6495279381129255
70 1.1484386252114356 -2.6122778998282801 2.6140755247763727
71 1.3313544480922117 -2.6478153215040003 2.6317100919357053
72 1.5104383400011869 -2.645386788247742 2.6351027541030398
73 1.6785070599125393 -2.6087083496920944 2.6076036193747347
74 1.8358599975160497 -2.5527406567500508 2.5825292107312783
75 1.9578704373408977 -2.4875609010485924 2.6563763442238675
76 1.9474000423817202 -2.4303857677280778 2.7877337036746646
77 0.80351425696749257 -1.8748971209355458 2.8697474147776076
78 0.76933726683861847 -1.9863801070840337 2.775028001313415
79 0.79880702178906349 -2.1368603386252913 2.6672558612233064
80 0.93564986701076147 -2.2613282337351448 2.5836799609211689
81 1.1235305213216711 -2.3411016943672704 2.5887487184206983
82 1.3141994901789578 -2.3798714578037559 2.6244985291287364
83 1.5039917838307073 -2.3664715892251209 2.6287082670746975
84 1.6782714157211613 -2.3061185374693833 2.5875835804221232
85 1.8372499939689038 -2.2188229255903575 2.5484853836900663
86 1.9730866924374122 -2.1264172206742447 2.5807233973919375
87 1.9874297329342181 -2.0536066152510624 2.6950399725446501
88 0.65825266037749053 -1.4840853907079492 2.7183108189425034
89 0.65994926510225005 -1.6394274457984244 2.6489815188466559
90 0.74535509225785801 -1.8330846296715648 2.5712583806930684
91 0.9136926132830161 -1.9858850319480386 2.5372581941175931
92 1.1034723238464377 -2.0883091403545437 2.5789947654674141
93 1.2983892849735541 -2.1373320473253652 2.6319309490116405
94 1.4974219961963644 -2.1140273168397834 2.6509839706679856
95 1.6677833364735528 -2.0242966564896578 2.5684716237533287
96 1.8344472216281014 -1.8878041358465454 2.5317625012923299
97 1.9764285404863091 -1.737697813146365 2.5028915364413984
98 2.026820816163557 -1.6225526851998837 2.5777711718577287
99 0.48598070482787026 -0.95926688057685139 2.5159609926336146
100 0.57965757909468696 -1.2557647427151579 2.5206937475626603
101 0.72895380052082348 -1.5360698795122505 2.5067051221576651
102 0.91530586857627283 -1.7322968898777691 2.5309379967400991
103 1.0956522786497205 -1.8605902516662629 2.6061196601392651
104 1.2849738162001958 -1.9240160800332065 2.6677016140169401
105 1.4853326993656248 -1.8939720348076987 2.6804872591653908
106 1.6708328219430162 -1.7832840430265993 2.6151356412092164
107 1.8104629762155098 -1.5931085799342033 2.492348232936147
108 1.9669670244442929 -1.3259335351835928 2.4858267753185213
109 2.0644970872791455 -1.060347751273951 2.4459352635144622
110 0.20000051388298384 -0.0687514978013712 2.3000003012729495
111 0.50493317738942001 -0.91508655024262775 2.4433470478302088
112 0.76349282782313788 -1.3241218081703052 2.4695566536051619
113 0.98361530183242873 -1.5523370046013931 2.4975158965380215
114 1.178868803032999 -1.7121297484274709 2.513596836221236
115 1.314888812340856 -1.879882518141722 2.4712006671805042
116 1.494690393896537 -1.8239780365713094 2.4996073770213414
117 1.5993769636693027 -1.6188432538509365 2.5449052924511082
118 1.7875199085363356 -1.3922190085278237 2.5262147271359252
119 1.9844672454969059 -0.99184641885201941 2.4336168735496284
120 2.1999997195802052 -0.10000150808042393 2.3000002272623314
frame 53
0 1.475858914030858 -3.5059327293372191 3.7467773487552769
1 1.5118384607649147 -3.5914353992808965 3.4934499274276991
2 1.4327397373886017 -3.7274877370011423 3.3086728225560686
3 1.3886075578890289 -3.9112654657632273 3.146336641017017
4 1.381527130144637 -4.165812474291938 2.9780231973143128
5 1.4436497650723412 -4.5788486299784914 2.8410811518027397
6 1.5867396457152367 -4.6970769347209362 2.737859658928782
7 1.7444532830842698 -4.5785484218310852 2.7699024460311561
8 1.742955499048459 -4.3255100909899049 2.9144417047721709
9 1.7279032674133941 -4.1068542330846762 3.074219053169994
10 1.7221727817808161 -3.9925151687493727 3.2657285606476929
11 1.3881907268641787 -3.3484082910705437 3.546432222289674
12 1.3857380452430474 -3.4520263814406813 3.3837125614811048
13 1.3409733206340697 -3.5779887860606836 3.2133839245197775
14 1.3103680731686003 -3.7485538203022206 3.0558786423484277
15 1.3237652157295388 -3.9554138123906188 2.9101592531492972
16 1.4083958501531155 -4.18217999677056 2.8038137492778841
17 1.5438695628997812 -4.2605038371485362 2.7392975048720491
18 1.6846652542903304 -4.2089121227020279 2.7340559565976785
19 1.7732357117827779 -4.0702337242078137 2.8316104078482423
20 1.7581237339930509 -3.9201891167939578 2.9751032137045947
21 1.7384683616526986 -3.8150362537724845 3.1426789686348555
22 1.3046808728132602 -3.1557370004918304 3.4170348741953607
23 1.2818613339774727 -3.2594864132172212 3.266272174744981
24 1.2443257175492655 -3.3843655407383846 3.1214911172693265
25 1.223660391014979 -3.5345197240791855 2.9776573124056678
26 1.2564811503329798 -3.6923819675735006 2.8366192896780529
27 1.371593017324769 -3.8249000662525354 2.7368171410662825
28 1.5177635737653317 -3.8737329460050143 2.7070395708366686
29 1.6602709160038271 -3.8494555509819337 2.6917127186042422
30 1.7913685225774303 -3.7720127272629367 2.7494970886227463
31 1.7962357685943215 -3.6695541891358046 2.8944379300381913
32 1.7604163835361255 -3.5898970101361449 3.049867800405146
33 1.2174816153826615 -2.9383935847844449 3.3086452721832273
34 1.1814613101101297 -3.0366183558186992 3.1651988691797919
35 1.1426643943050216 -3.1580869370721389 3.0323296123472678
36 1.1348878765183983 -3.2914801980517936 2.8937363341715225
37 1.2033908956743324 -3.4098281096682022 2.7578848589634553
38 1.3488789810660189 -3.4898958214634854 2.6877482678017608
39 1.5032626598417325 -3.5199083147794514 2.6806718166801056
40 1.651180695491764 -3.5060440687880536 2.6594864477342295
41 1.7995465886377178 -3.4587878567727497 2.6839400868133332
42 1.8345405196158313 -3.3851749667176776 2.8273515458829315
43 1.7899179846606736 -3.3230437496534497 2.9750788072962076
44 1.1237980976779083 -2.6973485713404468 3.2060255874853931
45 1.0784085930993152 -2.7911405263991664 3.0714573587138343
46 1.0399748308239845 -2.9098862351153496 2.9447697180176609
47 1.0557949881243516 -3.0300156673100553 2.8050391026955874
48 1.1693644821999989 -3.1186716567591373 2.6900208287471035
49 1.3337808388822117 -3.1709233928090055 2.657508570673655
50 1.49496084063825 -3.1889765267072891 2.6592223538815696
51 1.6491607404256114 -3.1756776612946331 2.6338324703626474
52 1.803831147985314 -3.1398974647081941 2.6318630638314304
53 1.8709157748557361 -3.0812525873144141 2.7643968129213978
54 1.8250071947928603 -3.0275309184793224 2.9065485376476485
55 1.0218694783015307 -2.4328908883850984 3.1016953753641889
56 0.97130207827710802 -2.5255934473109751 2.9778204034591909
57 0.94136022390886764 -2.6454725110426525 2.8544722160723581
58 0.99417132010616027 -2.7566781145022365 2.7181665631266223
59 1.1461369182891858 -2.8277986385663718 2.6407942141007137
60 1.3206064914808098 -2.8672800837339163 2.6386237475030514
61 1.4899866127120069 -2.8757407951263407 2.6406784684209317
62 1.6506554464206906 -2.8554838151496558 2.611176309313239
63 1.8070327284710228 -2.8173494202340472 2.5893933817167292
64 1.9044676101960394 -2.7622839123180083 2.7000051000166918
65 1.864586222458493 -2.7098050875581534 2.8374142438646874
66 0.90965630593297153 -2.1426524054271368 2.990411418355754
67 0.86048073167296257 -2.2394443988959938 2.8788900955856409
68 0.85202248487481247 -2.3673908989900085 2.7587494763985774
69 0.94936588917140707 -2.4771665424183782 2.6404456047883378
70 1.1252680871531826 -2.5447838854800344 2.6070814499437884
71 1.3075448730582275 -2.5805927685792081 2.6265961131721487
72 1.4868080690935663 -2.5794520341289151 2.6269224558756918
73 1.6541300950782043 -2.5444150025253536 2.5910098854026002
74 1.8107974514909213 -2.4909614459928706 2.5537665988722162
75 1.9329871024015068 -2.4275846978822115 2.6312289837997205
76 1.9089011725179366 -2.3698169265392819 2.7625297012837158
77 0.78410767504293932 -1.8182528219220166 2.865650102052427
78 0.74810829201054996 -1.9294992829259863 2.769218168878115
79 0.77841777229549824 -2.0770685502540638 2.6587695617149434
80 0.91796006887365278 -2.1973655200818878 2.5768026634007817
81 1.1051615179206424 -2.2750909312132253 2.5853798621804795
82 1.294301800430369 -2.3141103192853167 2.6235408044224728
83 1.4839392239725333 -2.3026972820510347 2.6233710486706974
84 1.6570410965974784 -2.2444552796356607 2.5760111157125891
85 1.8144300672061193 -2.1609027280375077 2.5252939808276773
86 1.9530663430827424 -2.072421722248551 2.5576895003830873
87 1.9579304447130068 -2.0000013764940836 2.6749094708488044
88 0.64155683762128224 -1.4365869700767004 2.7159415025281928
89 0.64219995236743344 -1.5898329892756626 2.6435807975626204
90 0.73035354806087638 -1.7778391213381022 2.5639905799100364
91 0.90109781263639466 -1.9247415779124903 2.5339474362635288
92 1.0898420165021376 -2.0236533512726487 2.5804652700903326
93 1.2824325117208799 -2.0720852558280991 2.6374045689072072
94 1.4810542110188105 -2.0514547652537587 2.6470053990748474
95 1.6499647268039936 -1.9638917757274019 2.5656124849819366
96 1.815408084856134 -1.8337593117635829 2.516447200887058
97 1.9600695128130938 -1.6902518965001734 2.4830996623151913
98 2.0086476493274135 -1.5780280976012744 2.5628761627410279
99 0.47467977560235597 -0.92708647721208781 2.5148248826409487
100 0.56639255154145884 -1.215314969410318 2.5161443428516286
101 0.71760318334488615 -1.4856830507920784 2.5020063545534539
102 0.9048742595137228 -1.6746195874784597 2.530955104819848
103 1.0843997047667557 -1.7991209543637798 2.6120842473072345
104 1.274651963764392 -1.8597550292406262 2.6830004316188441
105 1.4766022127920124 -1.8345054960864993 2.7021135026938241
106 1.6506813309817407 -1.7241476445208361 2.6151599700606583
107 1.7923482922643352 -1.5408428073986709 2.4926243411828977
108 1.9553933600006688 -1.2863543844791001 2.4742832882244885
109 2.0568894110572522 -1.0302198951169526 2.4354298723985597
110 0.20000049456711047 -0.06875143391923047 2.3000002958237142
111 0.4964356448275849 -0.88179713606619481 2.4399872077814879
112 0.75374585129218619 -1.2733359965840809 2.4704178899290206
113 0.97180253377118386 -1.4907522061739469 2.507703124694693
114 1.1671173579984706 -1.6388435121250797 2.5368166253533757
115 1.3143970148811277 -1.7895322122238899 2.4958292077984225
116 1.4941349137700444 -1.7343556506849334 2.5324018742654881
117 1.5853164493536571 -1.5399201069016344 2.5976472788881502
118 1.7797562821810788 -1.3401991635791455 2.5363009326078787
119 1.9751919250242702 -0.95838587874603398 2.4309117243249561
120 2.1999997067132333 -0.10000144657204571 2.3000002156296127
frame 54
0 1.442802032369042 -3.4259118969138203 3.700691696021313
1 1.4837953065451697 -3.5122773369794493 3.4592266068247608
2 1.4032112585926262 -3.6491052451748165 3.2810241386418411
3 1.3580985357562005 -3.8315774968765308 3.1215464083393094
4 1.3518383121728237 -4.0811376435353379 2.9530033000744624
5 1.4171586783436694 -4.4819509568217271 2.8124649104973969
6 1.5606949367036631 -4.6039752369689602 2.7062916103958083
7 1.7225538627038541 -4.4818101860149451 2.7246762291407265
8 1.7089428205856287 -4.2207150753438967 2.8661944813110027
9 1.6846347718906991 -4.0127459236080814 3.0242438298499774
10 1.674093996980679 -3.8984296399170386 3.2074542560305774
11 1.3584438846922442 -3.2668065659034506 3.5152763040449835
12 1.3555151941977532 -3.3719123302620573 3.3529511324451136
13 1.3088956616379701 -3.4996007147084702 3.1870252403373938
14 1.277456400524015 -3.6694359989827872 3.0315900540440919
15 1.2927398354584643 -3.8725883617156276 2.8847510897254711
16 1.3814268461625412 -4.0933917774146957 2.7762842447025666
17 1.5182177007186417 -4.1711933035680788 2.7094287154743792
18 1.6594158325922557 -4.1182670780803132 2.6917392638782376
19 1.7516156061631145 -3.9769403900286919 2.7856433924276911
20 1.7188769261886419 -3.8269747561393044 2.926699384113407
21 1.6911886024166496 -3.7207649856607508 3.0923886470512172
22 1.2758152909590617 -3.0761379719541773 3.3918780174770111
23 1.2509466633271633 -3.1807310744227251 3.240555831787431
24 1.210453024599313 -3.3070369401989321 3.0975397683318335
25 1.1891942973398293 -3.4568905915955757 2.954198577304068
26 1.2257580265587704 -3.6117469122901444 2.8121022341501956
27 1.3454352378079721 -3.7402592979008968 2.7134354016495537
28 1.492667877857331 -3.7881480014540467 2.6826124655832242
29 1.634551097244876 -3.7631530668817788 2.6548301562888352
30 1.7711941805908764 -3.6852181784355067 2.7039411679718053
31 1.7635058398583241 -3.5815078778619807 2.8504660091107357
32 1.7140395048280339 -3.5002986467966983 3.0034089223272793
33 1.1885261310806146 -2.8616214065505274 3.2872344046338924
34 1.1498925525434773 -2.9605798096744609 3.1433537430508358
35 1.1080787160551784 -3.0829781978793838 3.0110533511874209
36 1.1010993330395116 -3.2156856399340672 2.8714346353712874
37 1.1751386931026162 -3.3310369213175828 2.735614143711492
38 1.3240652359852139 -3.4086618149610088 2.6690313086390161
39 1.4794890966154002 -3.438112860939031 2.6611221938176688
40 1.6265388221255104 -3.4240168873607928 2.6278081101574862
41 1.7784085745245679 -3.3770820277769684 2.6410789248657411
42 1.8059812811618097 -3.3026188946646817 2.788045285640504
43 1.7461795592080098 -3.2393627083811753 2.9324580300366554
44 1.0947603653437705 -2.6240863947818123 3.1875476774358167
45 1.0466717352043224 -2.7186173458743466 3.0525553937741088
46 1.0061773641225802 -2.8376660846000843 2.9252430164512866
47 1.0252053348155634 -2.9561659666063163 2.7838449790917759
48 1.1443297480238637 -3.0420633638119581 2.6714926447144012
49 1.310580356986826 -3.0931689775659881 2.6428187998799584
50 1.4728487858665629 -3.1111046918923213 2.6430210544105215
51 1.6263162803153508 -3.0979819509200435 2.6067588885238391
52 1.7823504248330397 -3.0630079921168583 2.5924972238709172
53 1.8452158778080117 -3.0042540146296011 2.7293399137359611
54 1.7847581339481722 -2.9498029460816291 2.8682706659238701
55 0.99318771573049358 -2.3639019268426962 3.0858767537983014
56 0.94025125472851023 -2.4572331644072269 2.9612283866955016
57 0.91010805122614891 -2.5765220994952749 2.8357591108309439
58 0.96843503536760622 -2.6849192992216948 2.6987297205676111
59 1.1242821765290101 -2.7538296036606642 2.62620629655438
60 1.2994961658449204 -2.7929696797652643 2.6271880896529978
61 1.4698501587243349 -2.8017283594773752 2.6269607665738177
62 1.6299472905275636 -2.7820062118599349 2.5884201116426575
63 1.7859513941903566 -2.7451569065653074 2.5539769288111693
64 1.8821058333254139 -2.691035890052889 2.6685330318392468
65 1.8292815588682994 -2.6380828031053927 2.8036976036718815
66 0.88206169170064475 -2.0788989400845841 2.9772386651777061
67 0.83125240024938718 -2.1759749972340998 2.8640894982503866
68 0.82514679958995696 -2.3019690739308865 2.7405791926943515
69 0.92911718356254569 -2.4077111207397843 2.6241074826175339
70 1.1067055451138861 -2.4735124987192818 2.5963289430990484
71 1.2889900398799634 -2.5094035647877795 2.6182489051403581
72 1.4689202920880589 -2.5089910934088615 2.6155575765740258
73 1.6356846383970278 -2.4747930998372172 2.572933179845144
74 1.7906166999004691 -2.4233174740647629 2.5232531477273508
75 1.9143373451319858 -2.3623354358921884 2.6028107638530447
76 1.8796971693863402 -2.3044966656445038 2.7339444092389358
77 0.75873671919910246 -1.761196226829719 2.8552080999050125
78 0.72225533053745372 -1.8719054238411432 2.7556972277273348
79 0.75772045075696137 -2.0154596732544121 2.6419007949289686
80 0.90319298550932514 -2.1304815893950688 2.5647766580513114
81 1.0901718214257221 -2.2062171116131686 2.578640055789216
82 1.2784956862874999 -2.2454861708318594 2.6187614958942667
83 1.4683594659928338 -2.2352525599343891 2.6141969539891492
84 1.6409178537347529 -2.1779826085068228 2.5638506562096639
85 1.7955608662789666 -2.0976723488172615 2.5016373046036602
86 1.9376145889468386 -2.0136169655138838 2.532288927582619
87 1.9360016808896583 -1.9421072058713218 2.6522236900624487
88 0.6203796668850986 -1.3888130058617807 2.708328319889981
89 0.62193521116855266 -1.5393885763801605 2.6312850338976674
90 0.7163849305416532 -1.7204719510038959 2.5506067937186692
91 0.89056037363270668 -1.860948354972717 2.5271432128415032
92 1.078391982283438 -1.9567810279277651 2.5781679629406047
93 1.2691841456444801 -2.0050131837288117 2.6377896698070873
94 1.4668688696630665 -1.9861974836977241 2.6382201521406783
95 1.6361299970977337 -1.8991667362226983 2.5622337251629053
96 1.7994144232221085 -1.775208787663682 2.5017802604873416
97 1.94606776701852 -1.6385729070363646 2.462390948084479
98 1.9953401827306279 -1.5299116390842833 2.5462578404252723
99 0.46144366640186091 -0.89440337133928616 2.5102427506190432
100 0.55238488191642177 -1.1737936555579553 2.5069420344266811
101 0.7071965507014959 -1.4332045609765189 2.4933896241224756
102 0.89580049622167879 -1.6143903622121973 2.5274887621597779
103 1.0757950149548663 -1.7350311644359062 2.6116790872155025
104 1.2671102115284714 -1.7935974098934804 2.6882992493207483
105 1.4693630026840601 -1.7752827739606898 2.7137397463222577
106 1.6233970537620646 -1.6587149149732661 2.6051842990121004
107 1.7781445873032378 -1.4854592867336052 2.4953826757152884
108 1.9449781106160471 -1.2438947431531822 2.4612260685927239
109 2.0505508519824027 -0.99761342643270035 2.4240517934765697
110 0.2000004733484064 -0.06875136827323905 2.3000002850418357
111 0.48761427817057612 -0.84733784518616784 2.433823656711247
112 0.74378837671537823 -1.2201572558685798 2.468604351199962
113 0.95924366885614731 -1.4262141226203167 2.5150551670373864
114 1.1530450927371529 -1.561445456561402 2.5575448026881102
115 1.3130298268951286 -1.6891819064060578 2.5186537162619214
116 1.4959274078697002 -1.6492066257302718 2.5598902873381735
117 1.5812559349380115 -1.4709969598523323 2.6518818873824257
118 1.7658170134055948 -1.2869162355439114 2.5402590545071249
119 1.9670174855590725 -0.92371184274321272 2.4280205502774326
120 2.1999996949826999 -0.10000138172033667 2.300000203582317
frame 55
0 1.3997451508072261 -3.3431006041727316 3.6446060433873493
1 1.4457521524254247 -3.4298921099270139 3.4164456590001357
2 1.3677022046974032 -3.5672564829229709 3.2451012035498672
3 1.3249249368733462 -3.7474229345627466 3.0881021690612602
4 1.3236823933175903 -3.9900002910697809 2.9186219181993485
5 1.3964016942012041 -4.3750532837649629 2.7747677375220849
6 1.5429001211602504 -4.5008735393169843 2.6676196467099764
7 1.7085440413999553 -4.3750719502988051 2.6713959250395662
8 1.6840836831062456 -4.1059200597978887 2.8079472579498348
9 1.6513662762680041 -3.9106044211420881 2.9642686066299611
10 1.6311071747187078 -3.7972782394130009 3.1391799515134622
11 1.3208669233256201 -3.1818841074427735 3.4755553947412094
12 1.3175964168798875 -3.2881241911879751 3.3131952651478502
13 1.2714916565664203 -3.4176366825888782 3.1516378921924062
14 1.2424519341237692 -3.5859518194780682 2.9977550774040695
15 1.2642156596011105 -3.7835762959401524 2.8493429264016452
16 1.3608306172123694 -3.9963634888778032 2.7396265458316367
17 1.5006230033329551 -4.0733721624366384 2.672150218955319
18 1.6418653674022947 -4.0189102495354669 2.6427689380823369
19 1.7399955004434511 -3.8753351658690742 2.7315839677139646
20 1.6880584534276066 -3.7260540092735788 2.8682994546099176
21 1.6498366553717485 -3.6196976370350877 3.0320983255675791
22 1.2401275888648751 -2.9935334807011955 3.3584178998638383
23 1.2134834414264182 -3.0988511941856656 3.2062031116388376
24 1.1715690736761299 -3.2266067071241369 3.0645614260221286
25 1.1531235951371965 -3.375365317232029 2.9207398423024684
26 1.1990560188473982 -3.5252613909753006 2.7775851787223385
27 1.3265638464796503 -3.6484220596466934 2.6822702142405719
28 1.4757149746608567 -3.6951893653978343 2.6515631188123896
29 1.6165305720658276 -3.6690715433337493 2.6122766110215019
30 1.7589810259716476 -3.5908062288074682 2.6508905969104655
31 1.7407759110223266 -3.4866350003429436 2.7991689745355033
32 1.6753559700073719 -3.4042970045945644 2.9478552603256931
33 1.1532000576881316 -2.7825323083248961 3.2576363493513756
34 1.1121126448714937 -2.8822926208661794 3.1130749163070091
35 1.0687678779904508 -3.0055070443704555 2.9806862795355449
36 1.0671674207185331 -3.1364195119351188 2.8391329366710525
37 1.1524544310746001 -3.2467842486351102 2.7045765605595959
38 1.3065867866286025 -3.3212847831650767 2.6439832802852474
39 1.4636390298040916 -3.3499428237575808 2.6358673614243404
40 1.6095216378926105 -3.3350304879024937 2.5915565751385707
41 1.7643128123535528 -3.2882422002858349 2.5920774413944967
42 1.787422042607788 -3.2139300396318347 2.7424651000607985
43 1.712441133655346 -3.149945873305851 2.8822281313392253
44 1.0595432373677289 -2.549431291760309 3.1610093766627507
45 1.0089296509631704 -2.6448226810125868 3.0252741699740984
46 0.96850119989521577 -2.7638544509719556 2.8960339707238645
47 0.99647939787977136 -2.8792073871622277 2.7526508555879645
48 1.1252566667821828 -2.9608356362794397 2.6460589636422029
49 1.2942034135285883 -3.0103231076405188 2.6228519726467456
50 1.4580711645268094 -3.0277650782337737 2.6221397485055475
51 1.6107665082844309 -3.0141221567139533 2.5763588855758557
52 1.7672172765447587 -2.9794509970496574 2.5488197733586979
53 1.8288095033050427 -2.9215741813081362 2.6891600083864287
54 1.754509073003484 -2.8668675632425473 2.8242975123975409
55 0.95848740760767204 -2.2944550114206792 3.0623119238835281
56 0.9036671179554 -2.3884268503329951 2.9362840602657738
57 0.87650244441638947 -2.5065014782764226 2.8070460056895299
58 0.94600907894459119 -2.6103995913897822 2.6704236461001245
59 1.1078358934376684 -2.6761791816168867 2.6060538066582404
60 1.2843480992132694 -2.7145676984222749 2.6111534305437152
61 1.4561364101230845 -2.723101823668832 2.6096215571918266
62 1.6158774602748416 -2.7031405738834162 2.5637003025709353
63 1.7703945920640922 -2.6668307169255709 2.5160715300385088
64 1.868005249634328 -2.6145607562148165 2.6328686026096682
65 1.8039768951781057 -2.5616934438807584 2.7659238595660942
66 0.84877976144264333 -2.0154636967537325 2.9568520055941274
67 0.79740058822791615 -2.112626626305667 2.8409842695044718
68 0.79770066312557508 -2.2356779773852953 2.7127778708079617
69 0.91242138072788614 -2.3359587745357913 2.6007678671543211
70 1.0924814078001663 -2.3994838463359547 2.580728368355512
71 1.2752798108207053 -2.435072206039405 2.6056077361505783
72 1.4562937847827599 -2.4347527130904347 2.6014967593015212
73 1.62294390112772 -2.4005598403896213 2.5542757471181758
74 1.7749392100991188 -2.3501398967258935 2.4921054658266364
75 1.9023319995225105 -2.2922656416422988 2.5710704922239125
76 1.8599207254118282 -2.2349927851816633 2.7026778304509058
77 0.72841342157536182 -1.7048919512122409 2.8383024238126997
78 0.69321827654710366 -1.8146017080556973 2.7341829878710198
79 0.73791448468706755 -1.9528880002037885 2.616971204426445
80 0.8911881841309508 -2.0618030449188489 2.5474218424467727
81 1.0782685374996077 -2.1354209403990421 2.5670914626957755
82 1.2662815380297296 -2.1746547486752497 2.6094635765758305
83 1.456729804657533 -2.1648892049498403 2.6030725061509297
84 1.6293683244933794 -2.1077266088297546 2.5522116661762522
85 1.7802055922488444 -2.0296568974232212 2.4793097047602712
86 1.926399084788829 -1.9503840736348146 2.504808185158383
87 1.9219788588119289 -1.8805418921222861 2.6279435462838561
88 0.59560836383547633 -1.34176925406709 2.6951956375201527
89 0.60038051705317352 -1.4889787102516814 2.6120439324287172
90 0.70379423431697874 -1.6619950654690876 2.5314319376258179
91 0.88161255451568699 -1.7957608572406387 2.5158526253854636
92 1.0690238262661271 -1.8885739381529745 2.5701902355908324
93 1.2584833237318338 -1.9367327157800569 2.6324051702785387
94 1.4554972658857535 -1.9191288235185826 2.6287299461925397
95 1.6256903073792419 -1.831586593912256 2.5592021454014349
96 1.7860854560757977 -1.7128815716627424 2.4896651499215818
97 1.9333562857625821 -1.5829912738201113 2.4419434657450965
98 1.9870896396425253 -1.4787614473164155 2.5287688199636742
99 0.44671267027981121 -0.86199668375513505 2.5020390931378786
100 0.53812118892308425 -1.1320324439859786 2.4930108366013521
101 0.69755391413162415 -1.3797239745829948 2.4803469664088191
102 0.88787267210868426 -1.5528177440098887 2.5186363556707301
103 1.0700070487061473 -1.6691902354848387 2.6027579440450879
104 1.2622466633161278 -1.7266374061456755 2.6835980671226527
105 1.4643043912238565 -1.7151805842955568 2.7158418541025977
106 1.6061127764423884 -1.5913381436571326 2.602218432219408
107 1.767552627156042 -1.4278982144955041 2.5005942287049283
108 1.9352958427473761 -1.1989192183082937 2.4495403394500475
109 2.0450541843038814 -0.96285685596061221 2.4129272215371427
110 0.20000045083443599 -0.068751302262286637 2.3000002688646832
111 0.47868723068667185 -0.8123513817480239 2.4248318084944707
112 0.73343953574973109 -1.1657521567416678 2.4637377858297285
113 0.94542790504815011 -1.3602133096073952 2.5192048490913406
114 1.1352670198527419 -1.4819892833200059 2.5773624744438832
115 1.3107248640023221 -1.5788316006882257 2.55147822462542
116 1.5012043102761581 -1.5740576006756102 2.578190967322592
117 1.5871954204223659 -1.4120738127030301 2.6961164959767014
118 1.7561863397177124 -1.2346512891354682 2.5513971835432581
119 1.9602052739375457 -0.88832917762915398 2.4275116292185079
120 2.1999996854663912 -0.10000131438338837 2.300000194092862
frame 56
0 1.3474847316071508 -3.2579146258388101 3.5785203908533858
1 1.3977089984056796 -3.3450496480310759 3.3652593461547173
2 1.3257015689186613 -3.4828965087655339 3.2011711111276049
3 1.2884405072986225 -3.6597394582421483 3.0460789003113447
4 1.2968363743032654 -3.892947552937041 2.8750703294392834
5 1.3812447855960099 -4.258155610808199 2.7287791180870671
6 1.5333300190177674 -4.3877718417650087 2.6227922883753418
7 1.7025575158492829 -4.2583337146826654 2.612473109472242
8 1.6655038445328501 -3.9811250443518809 2.7397000346886671
9 1.6242540818852957 -3.8003280764833818 2.8942933835099449
10 1.5904198350740988 -3.6890235912160825 3.0609056470963472
11 1.2760597091320418 -3.0944297780159444 3.4274169400069905
12 1.27228368390446 -3.2014115996814061 3.2645273908336292
13 1.2284765346549111 -3.3330262341276553 3.107430117778339
14 1.2052587914838828 -3.4988795231614849 2.9542190132447734
15 1.2385572560166618 -3.6886871846943623 2.8039347631778195
16 1.3464123910108308 -3.8912695844573122 2.6945618752087181
17 1.4908272518739858 -3.9672375876714745 2.6283070234773307
18 1.6323157740312262 -3.9109872601547337 2.5895509118645221
19 1.7383753946237877 -3.7654236286952547 2.6715999259140442
20 1.6643852366494767 -3.6171863571678151 2.8005711191542657
21 1.612256742678452 -3.5116168030993018 2.9618080041839412
22 1.197933186961992 -2.9087537247226471 3.3169253143582158
23 1.1696495975124062 -3.0146041222260678 3.1634278844291508
24 1.127563551816628 -3.1438484130908155 3.0227578830312338
25 1.1162032064509055 -3.2903869184557522 2.8772811074008691
26 1.1770510138849015 -3.4330206991852528 2.7330681233944816
27 1.3143455853086283 -3.5497947528621503 2.6436403848745642
28 1.466190068838404 -3.5952200942523946 2.6142679710153875
29 1.6061549244480871 -3.5674985065012543 2.5659151314968067
30 1.7541282621232939 -3.4888700979127565 2.5918471529783331
31 1.7280459820863292 -3.3848902933185734 2.7423085382710077
32 1.6427878947709516 -3.3014732826522799 2.8828740479718924
33 1.1117297035242739 -2.701903446038834 3.2202043717900701
34 1.0684196831264332 -2.802429122675496 3.0745937185308692
35 1.0251824458373486 -2.9261470607387383 2.9410407714905324
36 1.0345786552436211 -3.0536352842287906 2.7968312380708178
37 1.1353759395671268 -3.1572697288522757 2.6656831329672248
38 1.2954411427902892 -3.2281718392504235 2.6124066312345549
39 1.45463789203595 -3.2558115996870329 2.6049442054961114
40 1.5997612377796269 -3.2394533193284483 2.5521889309169365
41 1.7563814044812682 -3.1924430437294697 2.5378373256664672
42 1.7788628039537664 -3.1191660027247208 2.6915364071741292
43 1.6881656559380527 -3.0544702930640009 2.8245676812316471
44 1.0184602255896194 -2.4740218097969899 3.1268082269072934
45 0.96586472303443871 -2.5702268099868015 2.9897586918501315
46 0.92836046989546561 -2.6885965178314635 2.8568249250964426
47 0.9712681230906981 -2.7988261206552694 2.7114567321841534
48 1.1117046617533193 -2.8752263172956063 2.6138998494586172
49 1.2836000775802634 -2.922696530893079 2.5969118492749335
50 1.4494517768760482 -2.9393270040144737 2.5965785536634196
51 1.6019119209693486 -2.9245226605365175 2.5437209014526321
52 1.7573756264509395 -2.8894797801262153 2.5013173161658138
53 1.8216936559518269 -2.8334299431559655 2.6439369567831532
54 1.7342600119587959 -2.7786065360253147 2.7746733423251251
55 0.91827434995435087 -2.2249654343292109 3.0313950343313962
56 0.8626640741819791 -2.3193471561034955 2.9029899164840751
57 0.84246935798703293 -2.4351229853520633 2.7683329006481161
58 0.9279136339871944 -2.5326663440121249 2.6342404534320365
59 1.09625385071709 -2.5947310839204381 2.5799854723489193
60 1.2741952834600805 -2.6319918332186734 2.5897566405206822
61 1.4476986668692193 -2.6400602112126772 2.5889387828727459
62 1.6076990911334397 -2.6193838636604569 2.5378738451426353
63 1.7593209205528324 -2.5827441954006369 2.4761809685150458
64 1.8621582120017184 -2.5332211571303223 2.5926388564118574
65 1.788672231387912 -2.4807967799219202 2.7240851185379338
66 0.81053253148248017 -1.9525523013549193 2.9295189965240924
67 0.7604128556044617 -2.0493143613129154 2.8094005660623607
68 0.77171110514931329 -2.1679382342823414 2.6757277748747859
69 0.89987060722425072 -2.2613299272411012 2.5712984234120611
70 1.0823561163998492 -2.3220781674224558 2.5596721787477938
71 1.2656389457076644 -2.356838360643974 2.5882006389795817
72 1.4479361725051068 -2.3566405181796868 2.5856251167916771
73 1.6151893799857688 -2.3223958982501691 2.5358082097520875
74 1.7630965363543338 -2.2720892555514576 2.4610165084218201
75 1.896788319056872 -2.2178801282492664 2.5356584387723844
76 1.8493182641559229 -2.1617473442783304 2.6689206582879854
77 0.69404331722638546 -1.6493598804821039 2.8150183952036296
78 0.66270952296436136 -1.7572880546902392 2.7045512843325774
79 0.72067882159655439 -1.8886688875369599 2.5847365203040837
80 0.8825075799885872 -1.9905352777452887 2.5252318916845304
81 1.0697884602117704 -2.0613103485905473 2.5501710448314894
82 1.2572224135154835 -2.0996636333754939 2.5956287200656982
83 1.4484106442356073 -2.0910836609956656 2.5919728713080699
84 1.6220234239032567 -2.0348157662520823 2.5419253436868114
85 1.768496134719411 -1.9580517960427475 2.458882755558248
86 1.9193373732069015 -1.883428234463739 2.4751520768658799
87 1.9158361490396725 -1.8160150896271587 2.602293643743856
88 0.56818449162863127 -1.2953248591794895 2.6764554547300325
89 0.57905535414756915 -1.4381816334886754 2.5861085699080943
90 0.69348847340024911 -1.6018434252798588 2.507177565070414
91 0.87494279633892436 -1.7281592239337797 2.5000401810085964
92 1.0626748029270425 -1.8166179510274711 2.5558648797999237
93 1.2502895691746081 -1.8631034216921278 2.6212068049148063
94 1.4469534870402665 -1.848972856635442 2.6217249436894607
95 1.6192311883787485 -1.7632667700625408 2.5582723275191177
96 1.7766256527743125 -1.6486352817548615 2.4803727879070934
97 1.9228311246961853 -1.524487247212708 2.4219059390712934
98 1.9843983199636601 -1.425425824356674 2.510439524516118
99 0.43112065015976059 -0.82972484374856326 2.4901369904240855
100 0.52436468233466138 -1.0896398931034765 2.4745122889442461
101 0.68893272597059274 -1.324648795602682 2.4626584800913633
102 0.88157294002762576 -1.4884794826234011 2.5031085842700569
103 1.0681005044331056 -1.5973289853307193 2.5838368009746735
104 1.2584240589687514 -1.6501037393659403 2.6688968850245574
105 1.4556657482915447 -1.6490976258529761 2.7149111617703059
106 1.5988284990227122 -1.52725534120815 2.6092525653267153
107 1.761719373474149 -1.370598859365326 2.506628084685842
108 1.9285168814656235 -1.1524228890329427 2.4407670988678207
109 2.0418388276275681 -0.9266862664252753 2.4021955687199874
110 0.20000042783846822 -0.068751235569598154 2.3000002472371879
111 0.4699778363256843 -0.77654903679374643 2.4129369879122793
112 0.72288130128673289 -1.1097504052542437 2.4544692619534616
113 0.93098327045134299 -1.2921246324773743 2.5171621174127292
114 1.1144485289761326 -1.400553314870838 2.5911625383098662
115 1.3040167782471401 -1.4597864598613131 2.5943027328889183
116 1.4968685001869106 -1.4936353116360386 2.5936277316772913
117 1.6031349058067204 -1.3600852549849478 2.7303511046709774
118 1.75655566592983 -1.1841579367185591 2.5675806598244182
119 1.9566101253008388 -0.8524022500268027 2.4291740022973731
120 2.1999996817333392 -0.10000124538132811 2.3000001862291097
frame 57
0 1.2940609552454134 -3.1692175186805853 3.5024347384194225
1 1.3396658444859346 -3.2578143123198164 3.3049650855885266
2 1.2758258527926849 -3.3964922338712111 3.1494600832786719
3 1.2475167594501917 -3.5688100419190572 2.9952038128389997
4 1.2708036168350278 -3.7897219475896611 2.8225080485468119
5 1.3711977733938023 -4.1312579379514354 2.6760558093834557
6 1.5315181031653355 -4.2646701443130333 2.5742369966992911
7 1.7046735120287255 -4.1315954791665259 2.5539774166744382
8 1.653626014379395 -3.8463300290058733 2.6638547420494896
9 1.6010891908451788 -3.6813573803153541 2.814318160489929
10 1.5511496141876144 -3.5739128048325148 2.9777082447048393
11 1.2265577038831932 -3.0044262178747099 3.3707403693253846
12 1.2196242490325284 -3.1118303765998978 3.2070560198195448
13 1.1788742850606526 -3.2461201633524754 3.0546224718917343
14 1.1659477841430093 -3.4081596907010425 2.9006829491854775
15 1.216101350867838 -3.5874091866839746 2.7485266000539941
16 1.3377953010632679 -3.7779709736664389 2.6423857872167336
17 1.4884363864719319 -3.8527538261277816 2.5800607530985218
18 1.6313192668011378 -3.7946299061608211 2.5362336385134157
19 1.7467552887041242 -3.647489881413672 2.6092742708591916
20 1.6483788087587274 -3.5001596551103105 2.7242586542446743
21 1.579548458852281 -3.3971902289528302 2.8815176829003035
22 1.1499650885864046 -2.8219943825777567 3.2673444884225074
23 1.1190067980045091 -2.9282620980500207 3.112475649695901
24 1.077867513983048 -3.0589548643233719 2.9721048027284001
25 1.0797693949641514 -3.2014033021276371 2.8238223725992699
26 1.1601539573114259 -3.3344080923747965 2.6790402067415457
27 1.308074721507942 -3.4442049289257159 2.5982860370878282
28 1.4633515998021163 -3.4881535956709939 2.5723909311114639
29 1.6036391205665104 -3.4585711185627668 2.5189668271403987
30 1.7561698614213053 -3.3795280224954527 2.5295017763906249
31 1.7253160530503318 -3.2761889989197277 2.6825473133227185
32 1.6159156630090334 -3.1917049686132297 2.8081307798922799
33 1.06423210371967 -2.6199082817181147 3.1750452953521777
34 1.0185781701176575 -2.7211310400304534 3.0281254616764355
35 0.9779748970836728 -2.8446322688316799 2.891460406014811
36 1.0052482185324574 -2.966316864530635 2.7445295395705833
37 1.1235506535655331 -3.0620535889242317 2.6197471125307086
38 1.2896579722092658 -3.128978647274919 2.5746548549334607
39 1.4513794082200371 -3.1554893578752239 2.5697193762100374
40 1.5969608009038585 -3.137337020338463 2.512275533299166
41 1.7535135685743464 -3.0896745625684234 2.4806365323773276
42 1.7803035651997448 -3.0182182287474917 2.6372566314095356
43 1.6721607320022442 -2.9526566620437515 2.7603083553823313
44 0.9715204904432676 -2.3977031341800741 3.085272651417025
45 0.91780028792545565 -2.4944240510830831 2.9461646608440639
46 0.88764805003514025 -2.6108680251354826 2.8076158795690209
47 0.95103265690315808 -2.713633481512121 2.6613479058759406
48 1.1030606217749768 -2.7844044428661912 2.575374936601277
49 1.277729583579398 -2.8295796630615531 2.5651560988622304
50 1.4457123849225895 -2.8453095128712267 2.5675327057551884
51 1.5989855647158817 -2.8290667318312157 2.5108542363963662
52 1.7513199284761531 -2.7930148063055631 2.4517381574921608
53 1.8238496047424395 -2.7398088416871409 2.5943353292726568
54 1.7240109508141077 -2.6848853230139378 2.719979526733844
55 0.87265476319861801 -2.1549990467470876 2.9933951672602541
56 0.81813726678985066 -2.2492054694552528 2.8611306698461716
57 0.81025964936487183 -2.3608924251501739 2.7196197957067025
58 0.91479155111609245 -2.4502861700307359 2.5915259387071359
59 1.0890493732576365 -2.508168154950114 2.5481555409013503
60 1.2681309831892975 -2.5439916510503728 2.5631622304910855
61 1.4432909421702549 -2.5517304185347065 2.5660654782010734
62 1.6043563671038006 -2.5303764167410243 2.5124806064211298
63 1.7512440863106336 -2.4927584166958745 2.4358802311805294
64 1.8642017527815193 -2.446985463310376 2.547647421978267
65 1.7833675674977183 -2.3953031863711574 2.6785498988976109
66 0.76767496855783546 -1.8893724346251493 2.895458759588057
67 0.72166339386920819 -1.9847967351922711 2.7691515550514327
68 0.74912608073129983 -2.0968975180092637 2.6303513011143664
69 0.89163765699421649 -2.1821288445230551 2.5367266619276236
70 1.0760712557505046 -2.2393898800840115 2.5333482500998143
71 1.2594115902573668 -2.2727658226550354 2.5662600661240429
72 1.4427779616147935 -2.2732226953231685 2.5692724131950415
73 1.6112861222348347 -2.2396109085845723 2.5186988910298327
74 1.754066157656613 -2.1890311299914083 2.4315078752694763
75 1.8969450013813864 -2.1391289393795003 2.4960156249246128
76 1.8480178410107231 -2.0848282634970223 2.6327248880447622
77 0.65619329154056028 -1.5935177233122586 2.785473117436156
78 0.63226712484946257 -1.6983925269588325 2.6669530346854984
79 0.70710979613797553 -1.8208652875944955 2.5465180738638509
80 0.87697812212906456 -1.9147807938624959 2.4986800684762893
81 1.0644649218154196 -1.9814505679669301 2.5281480281269477
82 1.2509619245841066 -2.0178350017250821 2.5773432433864709
83 1.442612257852723 -2.0116972590440128 2.582928836462993
84 1.6178521641002579 -1.9581026312433683 2.5338673580768893
85 1.7601905178559789 -1.8827865708742011 2.4415269969274078
86 1.9155804458093622 -1.812705259912802 2.4429782680419665
87 1.9180145337169228 -1.7487424113145786 2.5748567653304137
88 0.53871393100901777 -1.2482660784638662 2.6522652429880278
89 0.55897442876091608 -1.385343383177533 2.5541813861682763
90 0.68557407226924838 -1.5380950165623775 2.4786853619450309
91 0.87016879735485364 -1.6557779294511026 2.4794544431509769
92 1.0581503557469012 -1.7380674893931356 2.5353944750237525
93 1.2441537014561865 -1.7810622124530078 2.6032014194576067
94 1.4406768933725032 -1.7729101690950959 2.6206597249911199
95 1.6166695933001618 -1.6924961243787837 2.5614513184444196
96 1.7711172062569447 -1.5823008042403672 2.4736241063692841
97 1.9147482890708842 -1.4630978720917729 2.4023945121079864
98 1.9879006633216234 -1.3701037417519781 2.4903506450198458
99 0.41505862155941819 -0.79647182649724502 2.4748028516561975
100 0.51162276585382416 -1.0449491029132421 2.4520563922698932
101 0.68139432922982435 -1.2656643920704409 2.4410061155637259
102 0.87620291316222743 -1.4181388361582761 2.4822145028805194
103 1.0657479198916573 -1.5159637017599725 2.5588750478769469
104 1.2502663347223912 -1.5635700726862052 2.6441957030264622
105 1.4412558198430114 -1.5730146675103955 2.7141032883580971
106 1.601544221503036 -1.4631577064704409 2.6262866983340225
107 1.7611894125161334 -1.312699756045089 2.5125828760957041
108 1.9259581506991883 -1.1041668583135362 2.4334839289726631
109 2.0418248093912079 -0.88903115758705731 2.391032230389734
110 0.20000040487859547 -0.068751166107694897 2.3000002206739576
111 0.46178925112259356 -0.7387205902902757 2.3983842207967805
112 0.71281182236154628 -1.0504424904316305 2.4403364569625006
113 0.91822315192718662 -1.2200693232744342 2.5075074599947231
114 1.0965941962671937 -1.3169516545865512 2.5949626022758494
115 1.2877756573527868 -1.3507413189344004 2.6444950967711764
116 1.4825326901976632 -1.403213022696467 2.6190644959319904
117 1.628843638280987 -1.3038058208705776 2.7545857134652536
118 1.7669249920419476 -1.131112023982348 2.5817249317920865
119 1.957146607993975 -0.81445361246509829 2.4310350638677551
120 2.1999996859127808 -0.10000117342354382 2.3000001768821763
frame 58
0 1.2388104519291727 -3.0750998684384898 3.4163490860854595
1 1.2716226906661896 -3.1670895103524708 3.2351497976985026
2 1.2159501367667085 -3.307762732406514 3.0903314754661473
3 1.2009786013513988 -3.4740195522214274 2.935197517882536
4 1.2450945106606723 -3.6796056949697848 2.7619236698150798
5 1.36569387852599 -3.9943602651946719 2.6196886673343709
6 1.5366395725209578 -4.1315684469610581 2.5268938381147916
7 1.7147381395374444 -3.9948572437503866 2.5054817237766343
8 1.65174818412594 -3.7015350137598659 2.588544222476632
9 1.5805749293563092 -3.5530227954527991 2.7304149029194966
10 1.514340915721843 -3.4488020185489474 2.8882016861530979
11 1.173934952037285 -2.910571748281122 3.3044758124806832
12 1.1588560054112351 -3.0191560094979 3.1406392130263425
13 1.1207394021703621 -3.1568477514430504 2.9931847596849699
14 1.1245477066478806 -3.3128662011916448 2.8371468852261819
15 1.1971566840873724 -3.4788017263562403 2.6844318469123389
16 1.3347395847494774 -3.6559088095326429 2.5860212945013816
17 1.4931113289496116 -3.729505726881698 2.5316797523125767
18 1.639776304302381 -3.6696236492565024 2.4897342000559597
19 1.7651351826844608 -3.5212869776551283 2.5522674460446733
20 1.6423723807679782 -3.3747957021264625 2.6467827193625961
21 1.5521269601394705 -3.2731867181208809 2.7940702283194088
22 1.0966113986805697 -2.73252940213465 3.2089956136968603
23 1.0602128974735419 -2.8397266981785094 3.0534928780650752
24 1.0214595215743254 -2.9714423076524739 2.9118292776263708
25 1.0449615923198292 -3.1065762741193574 2.760363637897671
26 1.1482772657190172 -3.228306281296915 2.6194205340317165
27 1.3070886972314752 -3.3307534472286524 2.5490436582443956
28 1.466519861753895 -3.3734163861089916 2.529150661257034
29 1.609580806715351 -3.3422199188348007 2.4765588564882948
30 1.7650149456091884 -3.2630183629745599 2.4692772127422993
31 1.7325861239143343 -3.1603413947709345 2.6245307390256807
32 1.5973803745624449 -3.073391630735224 2.724592034419183
33 1.0104224159587791 -2.5358192398167718 3.121879361697605
34 0.96165086282954149 -2.6377991543582975 2.9738425695578563
35 0.92819102967869638 -2.7598143447577148 2.8318800406390898
36 0.98093030479654242 -2.8724340270934263 2.6822278411703491
37 1.1168683443283702 -2.9600099747938682 2.5681744954788535
38 1.2885637110281001 -3.0228900316015261 2.5325289594219034
39 1.4530674917083821 -3.0483061024516123 2.532560704336817
40 1.6012602177277298 -3.0285421299288697 2.4755787200869133
41 1.7550919902904907 -2.9800429495842158 2.4245874655804984
42 1.7917443263457231 -2.9106836345535614 2.5826438744742743
43 1.6655345229482079 -2.8434428736168149 2.6911747870012799
44 0.91821716510320806 -2.3195826687303818 3.0361746121089959
45 0.86447712476333738 -2.4162895930454491 2.8940947313728489
46 0.84795858421039172 -2.5287047803826868 2.7484068341415995
47 0.93631258547872265 -2.6217597850459962 2.6057843435313628
48 1.0988786530874 -2.686749881319102 2.5319277093733028
49 1.2759874328127134 -2.7297216695400839 2.5290227450818068
50 1.4460156786401666 -2.7448439431553973 2.536718078510285
51 1.6017088687094887 -2.7274377609434906 2.4803635437575617
52 1.7483318687385994 -2.6899878065293716 2.4034431196628558
53 1.8351038023369441 -2.640181115966417 2.5420462631329146
54 1.7237618895694196 -2.5847825250631691 2.6620324370359456
55 0.82122360456395249 -2.0835659197485086 2.9479410949395346
56 0.77070060223710757 -2.1765862764922175 2.8097922064651848
57 0.78177899052811894 -2.2816136569459782 2.6609066908652892
58 0.90688244297057485 -2.3615031614744435 2.5440005270202009
59 1.0859266637747631 -2.4149359822148084 2.5117701110310264
60 1.2657626854141213 -2.4491512069358961 2.5325979415308915
61 1.442266716328219 -2.4570764105779959 2.5419829408932682
62 1.6054802513329829 -2.4356349125596441 2.4889696023528893
63 1.7460104464187345 -2.3967413375031743 2.3976956841053796
64 1.8735749191712507 -2.3552212354497759 2.4985089735355008
65 1.7880629035075246 -2.3044383892172022 2.6305462490267448
66 0.72008674155666619 -1.8246782091775684 2.8543908275786043
67 0.68225129394557205 -1.917279252066439 2.7197896037755735
68 0.73127718286099164 -2.0202873030522652 2.5779087977847106
69 0.8877429006787857 -2.0964878283946349 2.4982992825260855
70 1.0735698662665678 -2.1497283600469435 2.5031521530854923
71 1.2565105087212116 -2.1814222533119705 2.540960221885701
72 1.4405139777408336 -2.1834160487257694 2.5522323538965974
73 1.6111384271551887 -2.1516181033850494 2.5029077359922072
74 1.7487063844557638 -2.100818934503299 2.4047875977090558
75 1.9021117868006856 -2.0552640272549914 2.4522869076988649
76 1.8563210869411788 -2.0035413214129849 2.5944595349789279
77 0.6149369527587295 -1.5359752256163408 2.7494852839822097
78 0.60299255245620964 -1.6359916340688576 2.6216885205729059
79 0.69769175424850227 -1.7474656510518161 2.503856063349752
80 0.87470914946538092 -1.8327365515879845 2.4688458269297282
81 1.0624209136647096 -1.8943301983901029 2.5031608216815355
82 1.2478135729332551 -1.9280436916092294 2.5562980809439417
83 1.4395079586540951 -1.9258024063472274 2.5731967216478799
84 1.6174422404928182 -1.8769396401674994 2.525831530966244
85 1.7570382672670937 -1.8034843058319669 2.4262147327498131
86 1.9151781413565665 -1.7373652639756254 2.408451984043499
87 1.9289014257112773 -1.6779859936212589 2.544999398921695
88 0.50728305946565355 -1.1992987583118779 2.6227888022947616
89 0.54060513897879992 -1.3287770883334875 2.5171688938311467
90 0.68012783628035622 -1.4691109796759825 2.4471834467110369
91 0.86767850018157533 -1.5772123699662841 2.4558582766097894
92 1.0558816443648185 -1.6522182627644697 2.5136253798690835
93 1.2406318134139249 -1.6904002851777147 2.5839879142986399
94 1.4371697782939208 -1.6899697555035125 2.6163667058850799
95 1.6192378589566072 -1.6183037378933494 2.5621308130539053
96 1.7715351290485175 -1.5124957552873664 2.4664386240265981
97 1.9110673180597653 -1.3978589357768529 2.3825141017207532
98 1.997709695015613 -1.3117847869312609 2.4674965286743489
99 0.39854783411716038 -0.76118445026807324 2.4565955194551039
100 0.50028380483037815 -0.99654003625834475 2.4268015621755894
101 0.67545377012983743 -1.2014334728856781 2.4177868144914196
102 0.87173555570237771 -1.3416391732062245 2.4615921286379261
103 1.0615754957891024 -1.4284391011312529 2.5399959289081302
104 1.2397173609140826 -1.4693982265278593 2.6294945209283669
105 1.4325177246991359 -1.4890003682956556 2.7032954150458886
106 1.6142599438833598 -1.3949471044053989 2.6361840689821472
107 1.7672718913642573 -1.2506366992972495 2.5147437773861694
108 1.9283403377381767 -1.052561542387497 2.425142218009261
109 2.0456893225935633 -0.84889979302698526 2.378469656571474
110 0.20000038217864402 -0.068751091967454034 2.3000001906224816
111 0.45448747491165409 -0.69776806776774336 2.3821254498919431
112 0.70390855471625258 -0.98645739037164626 2.4233625266154331
113 0.90795288344636615 -1.1427804937845107 2.4929329203257153
114 1.0835258483604795 -1.2295133249694199 2.5887626663418328
115 1.2615345365584334 -1.2516961779074878 2.6846874607534348
116 1.4581968803084158 -1.3027907338568954 2.6545012600866893
117 1.6445523708552536 -1.2392872245375173 2.76882032235953
118 1.779144668677594 -1.073568180290503 2.5904718149599955
119 1.9610324180189702 -0.77379894541902161 2.4313930086569289
120 2.1999996960464929 -0.10000109675816433 2.3000001649079489
frame 59
0 1.1791992328011915 -2.976646135322071 3.3338444436073011
1 1.1935795369464446 -3.0737767710200874 3.1622375866172487
2 1.1460744208407321 -3.2162071665158729 3.0248215979674296
3 1.1487482963561833 -3.3735618808167911 2.8667314070531815
4 1.2191569754529059 -3.5617707227375646 2.6964492349901024
5 1.3620449748028882 -3.8474625925379087 2.5637445750792764
6 1.5437383937539495 -3.9884667497090831 2.4839297879594655
7 1.7270642449026006 -3.8481190084342476 2.4669860307788301
8 1.6570640465200981 -3.5624810071742119 2.5206860801731512
9 1.5624035423859088 -3.4193286804141221 2.6455684421566965
10 1.4800299242963411 -3.3136912323653802 2.7939974364452831
11 1.1191874531506723 -2.8136655719741013 3.2312547557011002
12 1.0885864263511174 -2.9255291572092688 3.0702795427340313
13 1.0548344052731797 -3.0647168452749991 2.9235998292815748
14 1.0825902816497337 -3.2105549382824377 2.7636929137683945
15 1.1814337571379794 -3.361713432033457 2.6167840437956835
16 1.3349146456549872 -3.5244770205426805 2.5300060562667417
17 1.5008068918852677 -3.5972100238613214 2.4867368308635722
18 1.6516994486636307 -3.5366938519107141 2.4495005206601048
19 1.7841653355689409 -3.3912344873763693 2.5035615417951984
20 1.646365952677229 -3.2451265528705187 2.5759791501340721
21 1.529940606143011 -3.1411303071969785 2.7021403870676641
22 1.0376312806348529 -2.6408361531342264 3.1429869453629546
23 0.9919641748413649 -2.7500999504503802 2.9891499647168054
24 0.96239864334486847 -2.8797849612740833 2.8415537526243417
25 1.0146974000520583 -3.0033529520975311 2.6869049032960723
26 1.1414309951054922 -3.1138844174570299 2.5560958912879346
27 1.3100463786158605 -3.2090903746494988 2.4992314761155559
28 1.4736339716488753 -3.2505804198436512 2.4879674632685647
29 1.6211074900876872 -3.2186405462926864 2.4404027319197241
30 1.7777279094652856 -3.1411675214339696 2.4153608897613053
31 1.746369549982921 -3.0386981013707284 2.571647822855069
32 1.5888450860158563 -2.9481493052448657 2.6371348573333209
33 0.94965575074481945 -2.449716721114835 3.061113390281164
34 0.89706284978372963 -2.5525262494117817 2.9124487102626948
35 0.88133849163115441 -2.6698072211488397 2.7622996753633688
36 0.96347542808895015 -2.7703196450495704 2.609926142870115
37 1.1156022758214981 -2.8501776941904802 2.5118408000358965
38 1.2919819224679512 -2.9091207087397439 2.488597939475933
39 1.4589409599809755 -2.9337202389995802 2.4962161412128436
40 1.6115716363137316 -2.9131319073863335 2.4442314778826413
41 1.7603151919666178 -2.864597449619013 2.3740611593126784
42 1.8118319909020046 -2.7973832414524966 2.530850377309851
43 1.6687578331584723 -2.7277544145282602 2.6204343745653422
44 0.85794257088321335 -2.2396049013534896 2.9793675687331667
45 0.80628046803034714 -2.3355155256199773 2.8329397707045549
46 0.81331402069769243 -2.4405267785640889 2.6791977888141782
47 0.92726202148222858 -2.5224070771720446 2.5454812014428705
48 1.0995028968835918 -2.5812721516753845 2.4848208857688312
49 1.2785236239021256 -2.6223763671023597 2.4909514003999922
50 1.4502474564860852 -2.637340825464829 2.5058707313037045
51 1.6098463980081414 -2.6195459480084429 2.4538452817411209
52 1.7489552842050902 -2.581060628284932 2.3601789622623581
53 1.8544406524299 -2.5347100860665521 2.4893266289360461
54 1.7335128282247314 -2.4783912501259824 2.6038148044564733
55 0.7636866557154518 -2.010060179740103 2.8949864912627086
56 0.7213968454124835 -2.1003484339127398 2.7489169253146666
57 0.75920471500360576 -2.1956353355201803 2.5954511014110646
58 0.90374416440744965 -2.2654484707460005 2.4934738606751843
59 1.0868718120640335 -2.3144333894522995 2.4727511736414294
60 1.2673391594579202 -2.3472043559517615 2.5002692903177195
61 1.4449121577779118 -2.3556471416649809 2.5170984688266356
62 1.6113560423604314 -2.3348708824695392 2.4678190719192337
63 1.7452691821974144 -2.2950540875804171 2.3639702477345703
64 1.8892471633724155 -2.2575193507140798 2.4468338806852401
65 1.8027582394173309 -2.2077380188318738 2.5822511209427095
66 0.66760717875021802 -1.7577361199261596 2.8060190184529059
67 0.6434378257307739 -1.8454887594588001 2.6615944859568539
68 0.71899940092561176 -1.9369749877199758 2.5212325583794408
69 0.88768178891640792 -2.0041690232516043 2.4578495052178644
70 1.0747264102121779 -2.0533863461244852 2.4713496778096022
71 1.2573948650417939 -2.0836030320314483 2.5144051483920773
72 1.4418558465338767 -2.0870167283861019 2.533231972267556
73 1.6153494340379955 -2.0577829443065943 2.4873154522457486
74 1.7491920080330443 -2.0073919325751461 2.3811588834806874
75 1.9115918185778773 -1.965450337023013 2.4059668472974645
76 1.8743086746380386 -1.9170830484937795 2.5551356647105452
77 0.57021398082476982 -1.4760733043458536 2.7067087915651555
78 0.57590076256236777 -1.5689874231824827 2.5696829605776945
79 0.69244211654785848 -1.6679360818542406 2.4590961715110922
80 0.87553799823998568 -1.7447175187389945 2.4376981084224689
81 1.0635507744529415 -1.8014524586521712 2.4781147500041478
82 1.2483661170269826 -1.8328992870508076 2.535351428809113
83 1.4401332667082916 -1.8332310316778859 2.5593669327045294
84 1.6212247054211464 -1.7899153629858482 2.5150606161747922
85 1.7605066731046533 -1.7192771168584273 2.4112314218410131
86 1.9185169554608783 -1.6563494466014408 2.3727899946183273
87 1.9482635333718337 -1.6026135964502344 2.5126333120530804
88 0.47390905148629459 -1.147969967711653 2.5879247848211295
89 0.52459791793287003 -1.2677679550615513 2.4762845325062148
90 0.67742638908490516 -1.3948385953207894 2.4148289637270577
91 0.86769727834371402 -1.4936113857086128 2.4323917334953484
92 1.0560213353168244 -1.562214695568851 2.4950120655033778
93 1.2401834961284701 -1.596727802918944 2.568869539613881
94 1.437764907831101 -1.5993026460973172 2.6045471655697936
95 1.6255718970163164 -1.5377255733933539 2.5562871730591921
96 1.7777406241565958 -1.4373869606467227 2.4565659419179333
97 1.9128363609094876 -1.3276112173799663 2.3619066612761035
98 2.0132579224624916 -1.249063354484931 2.4418208469127829
99 0.38167131614509275 -0.72367423425606636 2.4358993888736573
100 0.49104904799215987 -0.94418858815201767 2.4002082117866119
101 0.67185842336365154 -1.1325549233596497 2.3956835022603657
102 0.86875205794990029 -1.2614772516366526 2.4447167184824314
103 1.0575542738788459 -1.3404442037763251 2.5293640145791185
104 1.2326086079017373 -1.3765830814511857 2.6247933387302713
105 1.4320773105434874 -1.3949860691809157 2.6824875418336802
106 1.6300659622301863 -1.3188321753658621 2.6361484834797175
107 1.7776979351167514 -1.18247019606774 2.5114695902357105
108 1.9346108903143606 -0.99617417097404604 2.4140971446796353
109 2.0532597684494074 -0.80525129432103193 2.3643425750505287
110 0.20000036025420023 -0.068751013164959296 2.300000158954171
111 0.44874870968087754 -0.65369070071262669 2.3656579673787137
112 0.69702548081564275 -0.91849367120171554 2.4069855884474101
113 0.900563275722435 -1.0622284705334075 2.4779219750620509
114 1.0755424343679987 -1.1419406452466512 2.5754007657145275
115 1.2315373320905221 -1.1626510367805751 2.7148798248356933
116 1.4331007824095279 -1.1930643634191154 2.6999380241413879
117 1.6502611035295203 -1.1647686283044569 2.7730549313538067
118 1.7890886524242995 -1.0088149088596197 2.5921708942127082
119 1.966715296176671 -0.72906540974303602 2.4289914484244548
120 2.1999997109715075 -0.10000101330010673 2.3000001492026776
frame 60
0 1.1165690877751782 -2.8790054977545663 3.2600267829671465
1 1.1090514938670892 -2.985780148528236 3.0937905748881818
2 1.0661987050147557 -3.1229209384756484 2.9517531259563254
3 1.0933215801269278 -3.266998117017692 2.7897544490997235
4 1.1933696037011963 -3.4355544913769069 2.6280204588838294
5 1.3580764747279956 -3.6905649199811457 2.510401155630106
6 1.5491164503078965 -3.8353650525571084 2.4462899471255963
7 1.7373742545172184 -3.6913807732181088 2.4370510112993511
8 1.6661554552457962 -3.4201166859850645 2.4604565631102981
9 1.5524115567087335 -3.2790153324012747 2.559870201148851
10 1.4506443853749886 -3.1717608985931034 2.6935616222063574
11 1.0613025859029079 -2.7185387450328475 3.1534121325759199
12 1.0103763181271614 -2.8356070467030579 3.0007473241369458
13 0.98856351499375616 -2.9679709547262974 2.8455258071652514
14 1.0442911466421472 -3.0996267171774421 2.6836669437593907
15 1.169037830424003 -3.2355293692649014 2.5484362016849849
16 1.3363380140480221 -3.3836243959937522 2.4768996390125415
17 1.5084237633362687 -3.4557927928523875 2.4468612573278925
18 1.6634246906760917 -3.3955484076221913 2.4154819512025987
19 1.8036806390411106 -3.2565656369205813 2.4605501555384408
20 1.6600354864869205 -3.1104543935631708 2.5121032675023232
21 1.5177542520465515 -3.0031748037396642 2.6078959285439192
22 0.97134305773196339 -2.5508313421821023 3.0707429442436114
23 0.9161943773757093 -2.6621660901952335 2.9200093675843251
24 0.90965657624305485 -2.7828474492668205 2.7612782277223129
25 0.99171742638069138 -2.8920493407214347 2.6034461687944739
26 1.139272057242867 -2.991545267199077 2.4908837642383563
27 1.3156330746298208 -3.0791007883259698 2.4511705397751737
28 1.482589667590402 -3.1194638853441949 2.4510534837948303
29 1.6349126224022663 -3.087662544224731 2.4102414552633973
30 1.7916907930741828 -3.0136553245264981 2.3688688051884546
31 1.7613156802797716 -2.9105689810246012 2.5254781425552415
32 1.5903097973692677 -2.8166970869686043 2.5516702883920996
33 0.88101784464022448 -2.3646068681753953 2.9933567754361357
34 0.82774977826441709 -2.4666684530568337 2.8418583527602896
35 0.84242766706221273 -2.5730527901436924 2.6827193101876481
36 0.95167571795038441 -2.660742924207657 2.536584329676121
37 1.1186255029795826 -2.7320333768177574 2.4547429438124868
38 1.2987059302482951 -2.7874102053507173 2.4460621948533814
39 1.4676900498400511 -2.8115115409514582 2.4628620157567092
40 1.6255736926224782 -2.7909913125364336 2.4182977413099755
41 1.7680909146298993 -2.7435151004078544 2.330871191849424
42 1.8356466824950552 -2.6785128166215637 2.4838409729093773
43 1.6797856511753306 -2.6050573606984488 2.5518330717221995
44 0.79070045254005417 -2.15958147368511 2.9153002670333952
45 0.74749982996512832 -2.2526421620868229 2.7617848101362612
46 0.78765439629260414 -2.3453334946771953 2.5999887435867572
47 0.92394640362007596 -2.4161922876495194 2.4813699748479481
48 1.1042626397307822 -2.4688523458848817 2.4369109042857824
49 1.284754519417699 -2.5078905061607424 2.4538953055382788
50 1.4579278364551909 -2.5227577528453393 2.4765770879297953
51 1.6222009201726768 -2.5052712601113414 2.4315718950317087
52 1.7537611743680639 -2.4665201841606597 2.324060908310138
53 1.8798283514277359 -2.4236825190649665 2.4376543591086111
54 1.7532637667800433 -2.3654264916426513 2.5483470951395124
55 0.70035798371486668 -1.9356689847626576 2.8343254464159169
56 0.67372343323069206 -2.0206263437053669 2.6783759767655702
57 0.74424940374845294 -2.1027707691841293 2.5262889006779141
58 0.90526295006983992 -2.1625797429881999 2.44093451518959
59 1.0916823092877379 -2.2074956581330092 2.4335774865193929
60 1.2725525273074962 -2.2389722652723152 2.4688467491499195
61 1.4511881958794273 -2.247557351248441 2.4921937701926224
62 1.6214649948056463 -2.2277884410343991 2.4491054287563196
63 1.7503298963917204 -2.1878154396591385 2.3361119700944992
64 1.9091867574086432 -2.1535747112606702 2.394880064958143
65 1.8270372795313166 -2.1048741418172767 2.5366754153843516
66 0.61071765895079466 -1.6893032961153067 2.7497793897519034
67 0.60788986742372353 -1.7693275241229174 2.5955597053942836
68 0.71269263363472413 -1.8472666418155299 2.4635416660306859
69 0.89113299472621532 -1.9060190756345177 2.4170070362060754
70 1.0791422025392907 -1.9516429876044152 2.4404086902646389
71 1.2617153608082805 -1.9806234905725828 2.4890527421595534
72 1.4467933517611395 -1.9842301182065241 2.5125657256650999
73 1.623327729522851 -1.9573829806159162 2.4717200920800706
74 1.7561657145087528 -1.9083989256975953 2.3611982980648731
75 1.9238007494485188 -1.8690086304195124 2.3598653789255102
76 1.9016170153412724 -1.8249419673466083 2.5165593148944962
77 0.52264455929642106 -1.4143244409144151 2.6564432492863266
78 0.55288144866760081 -1.4972916732814392 2.5125796059889201
79 0.69150519221532603 -1.5828354177807546 2.4149655677591557
80 0.87932354893368514 -1.651801340593853 2.4075122092797412
81 1.0672892234727247 -1.7045029636867501 2.4554465288082761
82 1.25178241004771 -1.7342195905986966 2.516834630260075
83 1.4438552603915018 -1.7341719817306118 2.542284317707987
84 1.6274705966527241 -1.6956185600236422 2.5017225397412006
85 1.7692747845815191 -1.6291763479110981 2.3972183672299248
86 1.924410878020764 -1.5688749995823905 2.338759701434157
87 1.9751395786833061 -1.5217882218015162 2.4787644092608145
88 0.43940889847599718 -1.0946482077088628 2.5471128724010668
89 0.51253172043121054 -1.2023482430468915 2.4332771450173314
90 0.67825986927900983 -1.3158432302087679 2.3843456815228716
91 0.87045866690644147 -1.4061024385986693 2.4119552714122969
92 1.0582789584333292 -1.4696533252442365 2.4813752717190556
93 1.2416996279559556 -1.5017662035967196 2.5590358435843958
94 1.4401179394586547 -1.5012967509718802 2.5887652202208975
95 1.6312388246288303 -1.4487721821408861 2.5459395992444147
96 1.7858154907481942 -1.3558151072164624 2.4454362796903415
97 1.9181275698504994 -1.2517847064921734 2.3429633808518679
98 2.0330354219745876 -1.1810819190889876 2.4144462853137787
99 0.36509707250322676 -0.68436518849088301 2.412828618704399
100 0.48520956787133573 -0.8882738916635653 2.3740470865058807
101 0.67171555551430251 -1.0598941345772519 2.3771901198633176
102 0.86861409993447403 -1.1786000440507045 2.4334008772482951
103 1.0554611594673309 -1.2524658461562905 2.5252947988173604
104 1.2295436021393673 -1.2852993354261424 2.6282040472273351
105 1.4321337364872293 -1.2909717701661758 2.6585980428927414
106 1.6358719806770128 -1.2334745193152814 2.6285964457743569
107 1.7867163641108179 -1.1081321879192814 2.5048683781063077
108 1.9415360365499037 -0.9345048653524517 2.4016921065879444
109 2.0627960220456507 -0.75766370775428404 2.3501723849824758
110 0.20000034034267464 -0.068750930917776301 2.3000001277574014
111 0.44559623148705468 -0.60705638867424083 2.3510427221018024
112 0.6932316783700978 -0.84791868336668674 2.3958758473172308
113 0.89665500853194324 -0.98052585906944989 2.470457412897527
114 1.0715620673784361 -1.0564270306580508 2.5720388649872219
115 1.2115401275226108 -1.0836058955536625 2.7350721890179521
116 1.41800468441064 -1.0933379928813354 2.7411879106489705
117 1.6459698363037869 -1.0802500321713966 2.7672895404480835
118 1.7933478240670584 -0.93581852267587284 2.5876403662303029
119 1.9713825705270314 -0.67940257987870523 2.4245642326226342
120 2.1999997277975987 -0.10000092241323832 2.3000001310078617
frame 61
0 1.0480358977787434 -2.7872264428146916 3.1805426686013458
1 1.0145234508877339 -2.903049098608609 3.0233040820130768
2 0.98095443050119624 -3.0285200678410287 2.8686846540452215
3 1.0396940545029421 -3.1552951578859147 2.7056983123780483
4 1.1691723164719592 -3.3016972769919595 2.5588170969771529
5 1.3529679048925671 -3.5236672475243829 2.4608635320322292
6 1.5510625094488737 -3.6722633555051338 2.414364703475365
7 1.7432098588362284 -3.5246425381019701 2.4171159917198719
8 1.6765376462657151 -3.2696218389414344 2.4019945439632084
9 1.5499486580037709 -3.1319706162227781 2.4781222780380712
10 1.4271481839141729 -3.0215413553284693 2.588581523960745
11 0.99532407774380471 -2.6284839507217015 3.0699510127964875
12 0.92631944787336817 -2.7478671906113741 2.9260979636192905
13 0.92726936309071217 -2.8662384514274732 2.7598141442272826
14 1.0120277683802776 -2.9818603528757954 2.6018451729415171
15 1.1594872263747307 -3.101258545406079 2.4827981881854941
16 1.3377396438725691 -3.2335751547822591 2.4284301632523455
17 1.5142529002915959 -3.3052199714774373 2.4128792540727995
18 1.6729812387964362 -3.2456060959148636 2.3878679585907201
19 1.8199214484492137 -3.1140918596604852 2.426583467965997
20 1.6722421236115852 -2.9685399123658955 2.4548553130850079
21 1.5155678978500919 -2.8570441773895641 2.516553750858384
22 0.89589859127141691 -2.4650098837161583 2.9944542337867377
23 0.84012087400879443 -2.5742713899372167 2.8408687705518449
24 0.86607870355549099 -2.6794103019122457 2.6710027029202843
25 0.97483936174158392 -2.774644638226472 2.521749745352647
26 1.1398337823324669 -2.8618501704023456 2.4292885022131325
27 1.3218681142518323 -2.9410917617627046 2.4075125539156361
28 1.4914097753669495 -2.9801969849043384 2.4196401163435142
29 1.648533469474355 -2.9489920503772544 2.3854658788887604
30 1.8051501204343263 -2.8798467628040472 2.329354048355861
31 1.7744878230829262 -2.7752432095117272 2.4847383489479018
32 1.6017745086226791 -2.6768409116452516 2.471964177779935
33 0.8047763787417348 -2.2819473615621106 2.9205093777087461
34 0.76273287036636317 -2.3795679488396897 2.7612679953578847
35 0.81338831461834782 -2.4698900539176902 2.5931389451119276
36 0.94579286986920308 -2.5453783916519153 2.4617004940689582
37 1.1245540755242558 -2.6077215099041098 2.4006000727433503
38 1.3069335255441183 -2.6588544246655617 2.4075468932305379
39 1.4776342422803923 -2.6821582768304801 2.4339389229674278
40 1.640769255109769 -2.6620761269848949 2.3968885057237146
41 1.7771462759709178 -2.6164153864839719 2.2947128109286323
42 1.8610818538534695 -2.553638253646473 2.4414330728009972
43 1.6980067106712613 -2.4738551619065587 2.4881160947222964
44 0.71737608942076381 -2.0807595769074294 2.8443463163322544
45 0.6939550088091565 -2.1670005059334141 2.6806298496679677
46 0.76990245413535396 -2.2440687281445064 2.5205298230597974
47 0.92502503032055494 -2.3037067341837028 2.417222812034018
48 1.1116630194535804 -2.350710496707562 2.3915092604919326
49 1.2929341870027899 -2.3875318305949036 2.4203304172365239
50 1.4676278963302434 -2.4018642118179212 2.4502462605294717
51 1.636672132842661 -2.3848194201434825 2.4130898213587084
52 1.762430985956122 -2.34628341157805 2.2952777942305498
53 1.908191390563065 -2.3068793853383518 2.38780684488226
54 1.7813661646142054 -2.2453681711078204 2.4990709918332965
55 0.63268862132248482 -1.8613831497672528 2.7656904962138742
56 0.63213002523499318 -1.937178498658841 2.6001224698233676
57 0.73590813058981119 -2.0042867616061697 2.4575846603055145
58 0.9097926443040516 -2.0548580583934251 2.3894642258816803
59 1.0987129488923455 -2.0959176159702007 2.3967527165781326
60 1.2798820491164653 -2.1260026915784662 2.4403310710369106
61 1.4599097874772096 -2.1339626010043831 2.4687324715548931
62 1.6341231781452725 -2.1148651466913453 2.4328986492845508
63 1.760764014186295 -2.0752074393061415 2.3143402026956288
64 1.9305048614798166 -2.0432385100441994 2.3449059557618321
65 1.8605511347610988 -1.9959926791699192 2.4965755786555355
66 0.55126077279205565 -1.6201725173642405 2.6850195582660836
67 0.57866887127491229 -1.6889386392101442 2.5244929033356329
68 0.71107342042571797 -1.7527464215612594 2.4078104929237618
69 0.89668787937694994 -1.8040261218879912 2.3776749754027726
70 1.0851258195441167 -1.8465882838313408 2.4118430132073003
71 1.2678885148967045 -1.8743409349276532 2.4660922152652978
72 1.4540599722512135 -1.8768048398888 2.492093534299479
73 1.6334647622098486 -1.8512382630430053 2.456833155001958
74 1.7681994384791142 -1.8041337229451679 2.3453012672984976
75 1.936587241157115 -1.7659716564014682 2.3172592735074775
76 1.9375626314544041 -1.7272269227192174 2.4801468470839589
77 0.47434249486122942 -1.3512427528161179 2.5981398358987042
78 0.53560126925540008 -1.421328433909268 2.4534380524249237
79 0.69356480423995115 -1.4937985634602093 2.3735960746932467
80 0.88446939591130602 -1.5559917406144925 2.379477064118531
81 1.0718771067615664 -1.6056403738576595 2.4353000255273338
82 1.2564753175644277 -1.6340634621742853 2.5002391371565054
83 1.4491354158356387 -1.6314985449568302 2.5248121141060174
84 1.6343945065055927 -1.5954250088320134 2.4874530174931597
85 1.7806564047282167 -1.5335485305321643 2.3850971712842743
86 1.931487323166216 -1.4753315948338972 2.3094710128712403
87 2.0077332265114474 -1.4354217708506254 2.4443372586966929
88 0.40576135351872022 -1.0396102428139833 2.5002996148699697
89 0.5049246254715597 -1.1331424896877929 2.3908241986246899
90 0.68129417358457056 -1.233602114107281 2.3571979161438468
91 0.8741423868566166 -1.3164719159947407 2.3945484274112774
92 1.0607334846208993 -1.3766608625609844 2.4701196123030349
93 1.2443034587908135 -1.4075948992178386 2.5498653342863378
94 1.4425807602703122 -1.4011894250018062 2.5737475131450998
95 1.6343889523571644 -1.3535132348417416 2.5332222405606353
96 1.7928493497688951 -1.2683884387301607 2.4345107099895418
97 1.9254261371315333 -1.1710051771381367 2.3277837960095895
98 2.0549599807054699 -1.1079024355448914 2.3868129822849684
99 0.34949096698329657 -0.64372754574226609 2.3878331513869386
100 0.48242056124691629 -0.82953309146973908 2.3499850442619432
101 0.67361684905626196 -0.98464881713863961 2.3626983116567315
102 0.8695975485007198 -1.094214265529396 2.425928110371399
103 1.0539706054060549 -1.1653659794505509 2.5225880773177849
104 1.2293735030893453 -1.1982561605894344 2.6274281133371966
105 1.4308116188174596 -1.1891566335146886 2.6447085438518023
106 1.6326124740482295 -1.1406991646042737 2.6152360327649786
107 1.7912650206510881 -1.0277707584526814 2.4956972338216818
108 1.9474700798944915 -0.86786719909184773 2.3895458916017303
109 2.0733542957351734 -0.70657913388704741 2.3372481886901841
110 0.20000032236195339 -0.068750846359484682 2.3000000984455031
111 0.44456466678119111 -0.55837754467630829 2.3396171581546494
112 0.69089529320860787 -0.77567890375495507 2.3912848256747576
113 0.8928704298694714 -0.898606279755787 2.4718447261581744
114 1.065356763419532 -0.97392526567357052 2.5786769641599161
115 1.2015429228546994 -1.0145607542267499 2.7452645533002111
116 1.4129085863117521 -1.0036116222435554 2.7724377972565533
117 1.6316785691780535 -0.98573143613833625 2.7515241496423606
118 1.7908538501523468 -0.85495616446385136 2.5779557402549913
119 1.9733502762677462 -0.62477970974277641 2.4191450128944427
120 2.1999997444129789 -0.10000082478789529 2.3000001124119014
frame 62
0 1.0149379456997387 -2.7462938652520186 3.1448323969075838
1 0.97266437341633183 -2.8663585641158584 2.9925836924003546
2 0.94222429011961972 -2.9867038516567979 2.8306878311185177
3 1.0163018719244912 -3.1076475655068063 2.6673686137371884
4 1.1630856537522374 -3.2465829677064031 2.5254932747944032
5 1.3561850295041071 -3.4574172108554242 2.4341677142229097
6 1.5573351663343009 -3.6072926881224587 2.3939613986154651
7 1.7493559370819276 -3.4584462370911573 2.413575582646077
8 1.6833954356785674 -3.2089000970594661 2.3751362080248422
9 1.5421416512841455 -3.0724116825763277 2.4405705237422235
10 1.4092291868427524 -2.9609123999273619 2.5431997580996026
11 0.96308713795555034 -2.5881325060312701 3.0318218545489515
12 0.88798950200791815 -2.708295956681499 2.8909386597452631
13 0.90173557269785953 -2.8219512324972644 2.7209264784849783
14 1.0032054559153407 -2.932169192370603 2.5642685295254188
15 1.1616147421647012 -3.046004836045189 2.4513587965321646
16 1.3443218003247639 -3.173003596806832 2.402509726603153
17 1.5227074625370349 -3.244471949666341 2.3914261949153253
18 1.6827005302048337 -3.185070576719681 2.3698996792658864
19 1.8239881438278234 -3.0560734836410157 2.4167052153394586
20 1.6718924161238915 -2.9107100376217008 2.4255608587236619
21 1.5110490896673621 -2.7977933222543387 2.4757684153827837
22 0.86047131039169189 -2.4261553786737378 2.9595255048047315
23 0.804481586882419 -2.5346479684008791 2.804195771397481
24 0.85169681309825263 -2.6345485615438258 2.6305768647524279
25 0.97505956497004831 -2.7250753697142862 2.4842153481488998
26 1.1476671929284732 -2.8081386324312576 2.3985288613744009
27 1.3323296593551581 -2.8845781544267295 2.3827983685287544
28 1.5033800166376567 -2.9232594324601573 2.3990527724250943
29 1.6625315840041777 -2.8922555066844646 2.367115690148311
30 1.8196863589034391 -2.8247488510752334 2.3098240272793258
31 1.7807394144753106 -2.7196339478926408 2.4610076908868881
32 1.6156384954798186 -2.6197047540714977 2.4351005818414317
33 0.76908048268584095 -2.244208317157268 2.8864765889242254
34 0.73457924573829969 -2.3402121976419692 2.7241063789992541
35 0.8074065699020303 -2.4251207991774089 2.5529473987684539
36 0.95115198766757292 -2.4964967279002201 2.4264621643330835
37 1.135319201109773 -2.5558242984865429 2.3723521341897729
38 1.319476726919657 -2.6055268739138531 2.3845659625568407
39 1.4909857639971613 -2.6285619477793065 2.4141908839910258
40 1.6558906622532197 -2.6086274449037234 2.3796728851910518
41 1.7901982322037449 -2.5635785783990368 2.2728942843804769
42 1.8744100695628578 -2.5015513950416208 2.419533579526175
43 1.7090988995610521 -2.4196356807065786 2.4566413657485286
44 0.68266335350229668 -2.0442932068398156 2.8104324878144467
45 0.67366417047760296 -2.1281364347934049 2.6432779433984677
46 0.7700346688741837 -2.1999391519777109 2.4837495383573169
47 0.93357400152882597 -2.2557953816249769 2.3856030962099228
48 1.1235652784717967 -2.3008927853778323 2.3662074046991441
49 1.3056910054709963 -2.3369669754372877 2.3990179396169271
50 1.4808971372963473 -2.3511190893058393 2.4313719007440215
51 1.6515494101354233 -2.3342231655004091 2.3968607512244176
52 1.775352999167809 -2.2957596417584614 2.2755769327099578
53 1.9249563920228014 -2.2575128654016283 2.3633694270791432
54 1.7944750418484325 -2.1949045455317151 2.4724633150136337
55 0.59988180772237421 -1.8263463660200314 2.7325582475792447
56 0.61957486400058215 -1.8990538144354361 2.5637484493753031
57 0.74015100825954638 -1.9610943931975569 2.4246154349539366
58 0.91988257137316753 -2.008552287238047 2.3621170357934593
59 1.1109036085032307 -2.0483121247420195 2.3743415510057
60 1.2923523403343997 -2.0779282081909938 2.4207203442841196
61 1.4728492522651109 -2.0856774124379909 2.4508252378894753
62 1.648389404576782 -2.0668062609760609 2.4174364285652068
63 1.7742806569546881 -2.0272548180957637 2.2970023969491815
64 1.9468278947308972 -1.9960515602963425 2.3187041881547867
65 1.879254172023415 -1.9492960244441393 2.473060607233033
66 0.52122183536005806 -1.5868731581060587 2.6531933528318357
67 0.57258079956307639 -1.6518449257454415 2.4905410401771024
68 0.71746765137432633 -1.7108899806069948 2.3797971602031986
69 0.90698393249270159 -1.759651122540931 2.3544187698660055
70 1.0969530894839417 -1.801181373439414 2.3922154351562526
71 1.2799690719389514 -1.8285201978362764 2.448353758243488
72 1.4665090636438383 -1.83059896745422 2.4751937286675827
73 1.6466643324399943 -1.8054639819417275 2.4418157648310546
74 1.7822552014454067 -1.7589929005147256 2.329943442139685
75 1.9505021862795446 -1.721244787685615 2.2934477188961471
76 1.959677493103422 -1.6842937202630515 2.4578746409689693
77 0.44899539474930816 -1.3199821372182181 2.5684896569486688
78 0.53381568965131143 -1.3857263093967704 2.4254964754853865
79 0.70016364201335346 -1.4537901982211385 2.3515260188415383
80 0.8937282870672042 -1.5137007360388315 2.3602182632479058
81 1.0824696256275317 -1.5623204107065152 2.4185099875540796
82 1.2676155928842516 -1.5903075337248971 2.4846459070841878
83 1.459809413322029 -1.5868942003184889 2.5089234035932311
84 1.6445263726681307 -1.5516564676720883 2.4726437165447241
85 1.7928296745895564 -1.4913187927064073 2.3710119273686443
86 1.9429875778811478 -1.4338043730191667 2.2914201246501884
87 2.0287183639617772 -1.3963134198868881 2.4227341701701337
88 0.38999988377714606 -1.0113309772833816 2.4745219985500575
89 0.50583393684940836 -1.0998178615064651 2.3707643471070825
90 0.68711318862438686 -1.1958841374582208 2.3414713213375529
91 0.88162136013065151 -1.2762634649049969 2.3802956380368072
92 1.0687994458362757 -1.335319326447985 2.4565230555926845
93 1.2526558660800033 -1.3658560544560856 2.5367745693827728
94 1.4494274511167096 -1.3574499445939663 2.5586860491589669
95 1.6391772487519001 -1.3114078184354847 2.5189360700805636
96 1.7988674233634148 -1.2289227593838756 2.4208284316710036
97 1.9358335939832725 -1.133779803573798 2.3170722935068691
98 2.0713200146957913 -1.073238528836034 2.3688313155347021
99 0.34372299334854045 -0.622377605610272 2.3726223738824856
100 0.48423037086664589 -0.79973549869679605 2.3378677263492897
101 0.67832451675972516 -0.94928865606736612 2.3533661489208857
102 0.8751099446752032 -1.055773466697161 2.4182052921286403
103 1.0584756768551922 -1.1260104431152629 2.5143158673888761
104 1.2342999368773295 -1.1603539463261723 2.6171665980475085
105 1.4330283966627466 -1.1489067812836442 2.6376338839630109
106 1.6290935574023091 -1.0994308010600813 2.6007331317042648
107 1.7921912444649186 -0.99068629838159428 2.4826062549066377
108 1.9518927611978945 -0.83540810121774234 2.3777367952340898
109 2.0816623936252032 -0.68062040248524014 2.3287898051546301
110 0.20000031651265959 -0.068750802970241318 2.3000000823757776
111 0.44641838880347823 -0.53318723749914743 2.3343313237664964
112 0.69234447501435148 -0.74133170835770157 2.389362398830265
113 0.89327518143090412 -0.86099667164099936 2.4744318872649025
114 1.0642710814020613 -0.9376504051350939 2.5872926659886462
115 1.2081735340635389 -0.99072605766399036 2.738699717337493
116 1.4132550766290259 -0.98337086699564957 2.7729700429225166
117 1.616861939486492 -0.94387554260035056 2.7362106915050766
118 1.7849892134945016 -0.81770287483430593 2.5646917010236701
119 1.9735402036993772 -0.59754670232478169 2.4113918938447516
120 2.1999997539536622 -0.10000077592801036 2.3000000987752856
frame 63
0 0.99703273913008772 -2.7301796965706893 3.1277225010743375
1 0.952666635359527 -2.8494604917606132 2.9757142651130586
2 0.92925506547683367 -2.9674761930835492 2.8116125646488905
3 1.0180154032744813 -3.0862672824953608 2.648213842308782
4 1.1693673305672034 -3.2234193133205489 2.5088373428368209
5 1.3632409786932309 -3.4315938684570741 2.4212308304634922
6 1.563680884943063 -3.5817749138326955 2.3843730170039956
7 1.7535563097000382 -3.4326357290664316 2.412183917092483
8 1.6909341647413054 -3.1843971479204209 2.3678380339143876
9 1.5502770040469849 -3.0481864617812295 2.42160155869876
10 1.4133514501626088 -2.936431612168743 2.5223606513778365
11 0.94538757794938599 -2.5726204943772943 3.0148218585456452
12 0.86941660478845162 -2.6914131260421166 2.8725411141958586
13 0.90002467597373903 -2.80137355040014 2.7016384406465761
14 1.0097123027056409 -2.910300817880215 2.5487159598011151
15 1.1702366343181096 -3.0228078869587245 2.4389405096268288
16 1.3526100573920312 -3.1485365180085507 2.3907070627202405
17 1.5303751933596195 -3.2199627237561375 2.3803888345109319
18 1.6906389057403464 -3.1606121055236249 2.3616710530146801
19 1.8302734398714093 -3.0322162139021862 2.4138568122598887
20 1.6804634916810384 -2.8868977900502544 2.4151339922124118
21 1.5199698048883667 -2.7736416837852982 2.457363984501399
22 0.84200976047102905 -2.4121810030446653 2.9472645025023372
23 0.79634014844068157 -2.5156867234241309 2.7854366906691816
24 0.85675335014140486 -2.6138336591529994 2.6109214455458818
25 0.98496555344494174 -2.703236108245568 2.4700554918885973
26 1.1578390237978187 -2.7853100198366496 2.3870454189296231
27 1.3417833517526754 -2.8610802878136474 2.3702195991816737
28 1.5127168104978641 -2.899660309621646 2.3857177375510235
29 1.6722824921158737 -2.8687043933336209 2.3553475678039586
30 1.8313992694393293 -2.8015891131273092 2.3021657584804189
31 1.7903738131503466 -2.6963520777187271 2.4506388143458753
32 1.6267615523770882 -2.5960581958330207 2.4197240013997234
33 0.75055477597151454 -2.2303982344257491 2.8727905375580818
34 0.73307239262208346 -2.3208123609751898 2.7052305955827385
35 0.81597787330398996 -2.4044279863105102 2.5357941133553168
36 0.9624319741257138 -2.4748216958595264 2.4124422535375825
37 1.1464000111457711 -2.5334290246778992 2.3594765648044969
38 1.3304025235810859 -2.582789973891686 2.3702021323712681
39 1.5024721270796388 -2.6057608520026556 2.3994742076919504
40 1.6681754247413303 -2.5858616135388774 2.3668652899032345
41 1.8033155975291781 -2.540958888716446 2.261473071232996
42 1.8868567153700297 -2.4791108253727914 2.4082286829191548
43 1.7217481886189823 -2.3966857495424332 2.4391238542872404
44 0.66437246748192647 -2.031139210160942 2.7932671893584082
45 0.67575140809633072 -2.1088540323552531 2.6243567106118828
46 0.78006624730909513 -2.1793991217154125 2.469770446901991
47 0.94509278012864206 -2.2343521014007091 2.3725819049332837
48 1.1350451480878621 -2.278994185137531 2.3521409005595757
49 1.3179698551200993 -2.3148899252929773 2.3839276084534382
50 1.493882907115536 -2.328998983606628 2.4168638964060079
51 1.6651027402052254 -2.3121386158159076 2.3837593170723594
52 1.7884393285416844 -2.2736924045502334 2.2625165298677685
53 1.9383702652691033 -2.2357220289649837 2.3503421168443261
54 1.8076060023437071 -2.1728516733414067 2.456692880942803
55 0.58204613747447664 -1.8143013030841246 2.7146448495251292
56 0.62477835180561014 -1.8799480092190892 2.5450607775504155
57 0.75109544018963548 -1.9407782082355094 2.4123577454502216
58 0.93073259393520746 -1.9874924885291343 2.3492328945363692
59 1.1221525872099984 -2.0269418972862265 2.3595288555167375
60 1.3048561713914935 -2.0564459653471552 2.4060364640173582
61 1.4859257653994449 -2.0641448441848413 2.4365482246362338
62 1.661796789564171 -2.0453277435235067 2.404172473289699
63 1.7875090093010551 -2.0058016811522794 2.2840611949389986
64 1.9601142111079535 -1.9747812984485082 2.305696911729044
65 1.8935059964296008 -1.9281428660191806 2.4599532807670688
66 0.50795910924734533 -1.5749267170937413 2.6355918937579284
67 0.57918960905386296 -1.632985360444436 2.4767946240586545
68 0.72721150907952059 -1.6908928722632552 2.3695979115249579
69 0.91647980681193919 -1.739052474725592 2.3418318599857013
70 1.107157691762608 -1.7803362611281781 2.3775275300786793
71 1.2911910905289814 -1.8075762460084215 2.4341170560718974
72 1.4781235367388463 -1.8095630288328457 2.4611573323199063
73 1.6584878600789297 -1.7845311257913905 2.4282289698128432
74 1.7955812645771294 -1.738211341390189 2.3178832223712336
75 1.9634158238635211 -1.7005620984143457 2.2814593815312256
76 1.97495946789386 -1.6640394352158672 2.4458231976208116
77 0.44275744506412545 -1.3076410472831521 2.5514079260753242
78 0.5406353758996586 -1.3672229993379383 2.41561422535825
79 0.70798589417279345 -1.4342344894067385 2.3428460363249188
80 0.90165539880416101 -1.4935998353145226 2.3485077089038944
81 1.0908237393548259 -1.5419737506622855 2.4044998084184268
82 1.2762248004600394 -1.5698567465197124 2.4709215768668664
83 1.4693136044368238 -1.5663188897783313 2.4951285000080117
84 1.6542455419835194 -1.5312026680121384 2.4591066221335294
85 1.8033684769763221 -1.4712325251025651 2.3591552203556958
86 1.9541167645781881 -1.4138858962877823 2.2817060126528181
87 2.0437305122913809 -1.376972672978142 2.411179417012014
88 0.38872149043928322 -0.99955020128896133 2.4583652012756021
89 0.51236761707969192 -1.0824777268754091 2.3626725250507881
90 0.69385451828473321 -1.1768754714069083 2.3336787404226582
91 0.88847286674878512 -1.2566599670310963 2.3698899502687638
92 1.0756296101962517 -1.3154451994045897 2.4438735362894857
93 1.2597890853945952 -1.3480055322696787 2.5236479348867871
94 1.4578388470077801 -1.3408285920437129 2.5453387583888074
95 1.6470767467134164 -1.2913512441042736 2.5055239216013026
96 1.8060500142255893 -1.2094966671732139 2.4086694130486341
97 1.944667340024409 -1.1148887922094444 2.3088546646168324
98 2.0812813599883864 -1.0549593053195117 2.3599761380232525
99 0.34429384587774475 -0.61332406187891975 2.3652523062147486
100 0.48917633860701326 -0.78546734468109136 2.3327804184672587
101 0.68444075660744008 -0.93084313722790646 2.347632966296616
102 0.88116506673855688 -1.0365921597909169 2.4108328754310739
103 1.0646450551965099 -1.1071441729603757 2.5047761878723196
104 1.2417689661303477 -1.1478190987422248 2.6047157093760482
105 1.4413087139099134 -1.1408604702816991 2.6288498664557434
106 1.6341479428565129 -1.0795741507559593 2.5872692186920343
107 1.7958711007878776 -0.97182894318678359 2.4707382985219501
108 1.9560982592730707 -0.81869729621814069 2.3695188600443813
109 2.0875260085407268 -0.6683469741706104 2.3237967196267499
110 0.20000031846695826 -0.068750784579994201 2.3000000753653174
111 0.44976194038139505 -0.52208140322695173 2.3325856091885879
112 0.69691831309441998 -0.72478373016508502 2.3886497676251257
113 0.89694954758664325 -0.84516673464971659 2.4750956955943488
114 1.0664985076222837 -0.92465905436730955 2.5884814200579824
115 1.2190987438177885 -0.98237171061839867 2.7271317538089952
116 1.4205773419183179 -0.98231760736491891 2.7630971660535257
117 1.6175604091662792 -0.92387856500303334 2.722553182792649
118 1.7856805241482347 -0.79880519591951482 2.5537360719837845
119 1.9745137229024627 -0.58425842019633611 2.4055625339288822
120 2.1999997611944941 -0.10000075203727617 2.3000000895756263
frame 64
0 0.97473615403571912 -2.7240655277893597 3.1032934953044484
1 0.92266889740272218 -2.8398722060824708 2.9509854776723765
2 0.92532499708228488 -2.9513315692170838 2.7825372982792635
3 1.0237149810846233 -3.0623757365162714 2.6277220656227871
4 1.1765046129279855 -3.1937811249455961 2.4973915897258787
5 1.3704483602519051 -3.3957705261587243 2.4153468312768482
6 1.5704986975676862 -3.5462571396429325 2.3822443128965145
7 1.7609067176378861 -3.396825221141706 2.412167045603077
8 1.7036426683873043 -3.1529523331489941 2.3640710829095077
9 1.5675614317887476 -3.0139612410861316 2.4110356535149671
10 1.4274737133824651 -2.9019508245101244 2.4961850538431456
11 0.91868323429672838 -2.5631957163786843 2.999087911054366
12 0.85611952279617698 -2.6779451520369708 2.8480194996034633
13 0.90238528902538839 -2.7799860347610936 2.6777607584104208
14 1.0179107942479784 -2.8828371876111176 2.5327410159532495
15 1.1793517205544668 -2.9922999636392165 2.4286601748160845
16 1.3612024949297041 -3.1157788304520659 2.383998784660323
17 1.5385734672098932 -3.187208330761782 2.3768010215329851
18 1.69987009098668 -3.1290808335256637 2.3615921389724717
19 1.8444231847733472 -3.0013332258098018 2.4119810817471188
20 1.6988199928310401 -2.8549599280503402 2.4143299041932331
21 1.5388905200093714 -2.7394900454162578 2.4484155687109257
22 0.8135482106503662 -2.4036660966064152 2.9272877564207977
23 0.7919194385494992 -2.5004490462187245 2.7566776100408825
24 0.8630519148705118 -2.5894890736733989 2.5894499801076885
25 0.99492175186242715 -2.6752416606378344 2.4562209529403063
26 1.167733668526993 -2.7562223041792633 2.3777338321406574
27 1.3507595962555914 -2.8311601278654259 2.3629599117568572
28 1.5211174992085403 -2.8693807857435281 2.3806196197921747
29 1.6813292633118337 -2.8395319860072283 2.3516585396784659
30 1.8427330293437545 -2.775901443253221 2.3004636548788455
31 1.8100082117253826 -2.6667670750977148 2.4502699377048622
32 1.6476983159034539 -2.5640483495324697 2.4143474208580149
33 0.72608563176132479 -2.2214257027788191 2.8496710747862899
34 0.73448159717329842 -2.3036677177036333 2.6763548122662231
35 0.82502920640368405 -2.3796176896364742 2.5156565916834701
36 0.97370041897555171 -2.4479350897094165 2.3992704120707833
37 1.1566645174406207 -2.5064474498740021 2.3498313996691143
38 1.3396884831228189 -2.5552043917397631 2.3617780934144128
39 1.5114131819290328 -2.5777529450584353 2.3922565779183502
40 1.6778189886328305 -2.5586012864974119 2.3606329446042209
41 1.8172688476660448 -2.516172691585441 2.2588847231366844
42 1.907280190318374 -2.4521816572043917 2.4019395742099756
43 1.7436339161456513 -2.3655508516766282 2.431606342725952
44 0.6451870221551167 -2.0230587600640186 2.7685332171620312
45 0.68057349344304063 -2.0911368974486302 2.5963176271966835
46 0.79069838458808583 -2.1553483147973931 2.4510225719147956
47 0.95615016983609069 -2.2093360681320133 2.3599305346312476
48 1.144978631966199 -2.2541034288384401 2.3416945254648724
49 1.3273213058134743 -2.2896508972761977 2.3738947983807641
50 1.5034599003746936 -2.3034015070215785 2.4069534260861487
51 1.6757126001538176 -2.2867241054150536 2.3758037236074934
52 1.8038456089470625 -2.2494793931714825 2.25801618062739
53 1.9569437670825791 -2.2104050001107662 2.3407025598930051
54 1.8307369627389816 -2.1448628385978568 2.4509224467719721
55 0.57032092734453843 -1.8055572688782697 2.6891597699631813
56 0.63066541394528641 -1.8617556053892053 2.5245452712380705
57 0.76105855176637249 -1.9177707937794461 2.3977541354007545
58 0.94030910867383632 -1.9646971789319383 2.3375531147815316
59 1.1309366689160358 -2.0044664126504199 2.3481584579862487
60 1.3137250914121676 -2.0340953408739746 2.3940757072464178
61 1.4955982912239862 -2.0414647485621225 2.4246598875070782
62 1.672716210827204 -2.0219514142790365 2.3948652313193954
63 1.8023480594181163 -1.9825767202167814 2.2774829347761805
64 1.9751066439074745 -1.9502801575556614 2.2972072268369037
65 1.9152837153903541 -1.9035330821626495 2.45499036301625
66 0.50258040917785984 -1.5656243069581064 2.6108542861058353
67 0.58598149278888945 -1.6154698627026025 2.4603789096048101
68 0.73600826020735866 -1.6701799384662908 2.3582317724083732
69 0.9243305746734779 -1.718665178397625 2.3306646961877053
70 1.1145687924031544 -1.7607146366329318 2.3650905851581054
71 1.2993248404308093 -1.7890092056518576 2.4205200554510853
72 1.4875223363731491 -1.7907026867267164 2.4477508500157263
73 1.6690571097624249 -1.7635472725724686 2.4177843815248923
74 1.80777743324036 -1.7164577744123359 2.3096583387173593
75 1.9760973124387549 -1.6774194534124391 2.2744426415083203
76 1.9930164640112711 -1.6421007923175954 2.439484749255743
77 0.44171760144073319 -1.2984579552857791 2.5307850079384639
78 0.54786801858179812 -1.3516411254868035 2.4028136984015624
79 0.71567152403914169 -1.4160465474115909 2.3334698205567954
80 0.90828556347041545 -1.4754657174128354 2.3377632454998345
81 1.097382437027421 -1.5255679267277225 2.3912683186290988
82 1.2842792269346688 -1.5563082523332132 2.4554082004693929
83 1.4788286752711575 -1.5526436868433628 2.4804901054794168
84 1.6645696419946983 -1.5128368047354275 2.447497744200076
85 1.8140006777166748 -1.4512751654703289 2.3500069902781524
86 1.966075898028077 -1.3934427958975941 2.2748280941701542
87 2.0567212919852285 -1.3575150857484037 2.4054745750383608
88 0.38937950488829065 -0.99131823262430618 2.4464446939573485
89 0.51861386222600692 -1.0696360000525611 2.3548104361432651
90 0.70044371577043307 -1.1609177723300854 2.3262712606255271
91 0.89456519173778193 -1.2402257334081286 2.3598851335035724
92 1.0821380517536614 -1.3023956494048716 2.4300432241911221
93 1.2687201358600273 -1.3391945114669297 2.5052142531418493
94 1.4680440357968909 -1.3314975548405457 2.5311373347687227
95 1.6567387780945937 -1.2750479999305038 2.4927351812536775
96 1.8158577361881996 -1.1914512202629752 2.3990583287287239
97 1.9551893351668079 -1.0988801928746865 2.3004057061791197
98 2.0911637891290509 -1.0398148152324744 2.3563959096729992
99 0.34608848789781471 -0.60732418372039176 2.3600534168358984
100 0.49396235007163453 -0.77572451895126382 2.3287213767034771
101 0.69040555900188816 -0.91736205766978363 2.3423360165489635
102 0.88768736110988999 -1.0219174082793649 2.4025279597352123
103 1.0722623618755267 -1.0971810412185989 2.4908098122455553
104 1.2522569111013502 -1.1431444300991136 2.5826236683057147
105 1.4531004309444944 -1.1354441324964724 2.6149558602674468
106 1.6428823005405193 -1.0629102799914694 2.5722671467084846
107 1.8036525461991191 -0.95523677014880182 2.4598570521532386
108 1.9636109288687105 -0.80594227004952568 2.3614072005842299
109 2.0956820468525446 -0.65891391850626624 2.3194133503135319
110 0.20000032175462959 -0.068750772696293733 2.3000000700986951
111 0.45306242982512956 -0.51479937332243531 2.3309406413235214
112 0.70204263397080957 -0.71346394613145747 2.3866627228913373
113 0.90298845578496945 -0.83390924002641875 2.4720600191342856
114 1.0734819752991205 -0.91826225753377733 2.5804349908316548
115 1.2302040842690125 -0.98101364039097094 2.7055637903804977
116 1.4305116542512724 -0.97783207997574606 2.7432242892845351
117 1.6227381333274618 -0.8950836192526368 2.6988956741802217
118 1.7906073189518918 -0.77976405482075206 2.541052704820344
119 1.9785635670862818 -0.57284821894257154 2.3993304001141182
120 2.1999997725559108 -0.10000073202027947 2.3000000802315199
frame 65
0 0.96312984467428486 -2.7310465745358932 3.0943857585304726
1 0.9105077750663626 -2.8404471403412708 2.9392039455302132
2 0.92267071571024073 -2.9436629961499974 2.7704426334220256
3 1.0291771231947071 -3.0506696284361419 2.6173576516656891
4 1.1850800470494267 -3.1816459055846358 2.4916391976093237
5 1.3803766510367372 -3.3831897107019704 2.413938597978619
6 1.5809898720972928 -3.5336983381825759 2.3845017666210251
7 1.7714362618499857 -3.3842453303097635 2.4162507675307525
8 1.7145582250670013 -3.1406869592795452 2.3642917837789468
9 1.5781180754430089 -3.0014955588590166 2.4045225819667055
10 1.4335828136053983 -2.8894667305114399 2.484299289383205
11 0.90675937746127833 -2.5663216015029411 2.996799897902469
12 0.85282079971663438 -2.6729396648607895 2.8362528927830453
13 0.90747074429878416 -2.7691167844966773 2.6660405423100153
14 1.0269542642439558 -2.8708586296063738 2.523990278080221
15 1.1897461467037294 -2.9801020860969936 2.4230005865111712
16 1.3718215184898355 -3.1034188734898533 2.3821882058630068
17 1.5491640940959266 -3.1748486111492036 2.3783700681874089
18 1.7105351317500535 -3.1168092310314992 2.3657107437044682
19 1.8554425725758743 -2.9891083275336516 2.4153847962122112
20 1.7101424473289653 -2.8426590336550035 2.417755517759411
21 1.550253622087904 -2.7270296642693772 2.4505823551399666
22 0.80149775968036985 -2.4061863392929275 2.9192228313991384
23 0.79402029587075218 -2.4930321480408257 2.7446057241045296
24 0.87100409572594506 -2.5777352205342119 2.5779031147151366
25 1.0050995748998259 -2.6632248610409484 2.4470963726915702
26 1.1784465068001668 -2.7441267424398963 2.3714711818701639
27 1.3614062703620744 -2.8190045944696447 2.3604126928521612
28 1.5315094184890792 -2.857199362747243 2.3810564572974067
29 1.6919810183620505 -2.8274303228389357 2.3544524776526621
30 1.8535495455708535 -2.7640508304909237 2.3051561934329921
31 1.8214227295915719 -2.6546356873898711 2.4556611737715253
32 1.6592066598481527 -2.5517422691831988 2.4207614397026957
33 0.71432280505660695 -2.2213736416224292 2.8380054829745052
34 0.73895291510336003 -2.2943290786866206 2.6642745187359957
35 0.83389022986730432 -2.3678302853371092 2.5042150669667498
36 0.98413606508065254 -2.4359981021648074 2.3897274807904867
37 1.1674040015938631 -2.4945036205172286 2.3430555118487075
38 1.3500870534524512 -2.5432170479742222 2.3580936086157807
39 1.5212911081936948 -2.5657351758126343 2.3906543790516217
40 1.6878126372536848 -2.5466373750359259 2.3615388792274832
41 1.8282740794263383 -2.5043870234857599 2.2625380536811734
42 1.9186061638495859 -2.4402416033708243 2.4059781625079375
43 1.7552106261583285 -2.3533078051032943 2.4410647596931292
44 0.63380484815895577 -2.0202529471365445 2.7567513114953082
45 0.68650666507796732 -2.0802378888539259 2.5842976119091636
46 0.79951353665000302 -2.1436156263020756 2.4396968338623788
47 0.96610572826252994 -2.1975338419827031 2.3501756962481015
48 1.1550810388973198 -2.2423102279986433 2.3342860772961154
49 1.3370443960224807 -2.2778326059504406 2.368224274657277
50 1.5129556129670421 -2.2915573920405752 2.4021103679646583
51 1.6855468220469239 -2.2748931718388059 2.3743704189325125
52 1.8149555211442114 -2.2377350190050698 2.2588210438799328
53 1.9664952428751805 -2.1985810893826367 2.3451421243161228
54 1.8424033828722923 -2.1328464433676841 2.4605067281677275
55 0.56351395738043064 -1.8000101559249111 2.6773237523836806
56 0.63714528937901038 -1.8506100956525395 2.5143679388651416
57 0.76923866879648695 -1.9061132742472919 2.3874717713842322
58 0.94919901405111462 -1.9530549400376116 2.3281436907593598
59 1.1398783056181103 -1.9928472148567506 2.3398432722964198
60 1.3227690350440253 -2.0224851383618581 2.3858275105403157
61 1.5047493279648017 -2.0298308100104947 2.416579643006274
62 1.6824492579362307 -2.0102673170753436 2.3906585650535583
63 1.813417106730572 -1.9709035280169636 2.2750054025052369
64 1.985536249284455 -1.9385150257188406 2.3009571323202063
65 1.926852644158477 -1.8917601233774533 2.4600203480233156
66 0.49975664320119134 -1.558899690294647 2.5990721185305334
67 0.5921939595508583 -1.6049559045456254 2.4511684877893165
68 0.74342799051789588 -1.6586877198524694 2.3490207019973619
69 0.93211717063565758 -1.7071964196340559 2.3215318508893259
70 1.1226363057131792 -1.7493010390478143 2.3555657022770009
71 1.3079244632392764 -1.7776715833101542 2.4100528412870164
72 1.496409201232564 -1.7793439340920381 2.4373030078728322
73 1.6786524096927391 -1.7520355361522688 2.4113142536521401
74 1.8178072207821014 -1.7048905856218142 2.3039061536759595
75 1.9870109228758506 -1.6657521914868043 2.2755036295119875
76 2.0039087570175482 -1.6305202701309147 2.4408511000287274
77 0.4417453297619463 -1.2919006802860513 2.5192992743090428
78 0.55376312291783059 -1.342225716688439 2.3944019225883815
79 0.7225200259093586 -1.4051330810592331 2.3252877503311056
80 0.9155102844111811 -1.4642651715750872 2.3288465994279313
81 1.1054273452133581 -1.5146121943133599 2.3808484768961686
82 1.2931137995255746 -1.5454950290045606 2.4442905727721058
83 1.4877375743284937 -1.5419315946125509 2.4694355139667565
84 1.6739660144448518 -1.5015136757632432 2.4394552280050523
85 1.8233682835479943 -1.4398373805702123 2.3428122908452442
86 1.9769374679456293 -1.3820480636296537 2.2720417436166187
87 2.0647480895638597 -1.3461133058748551 2.4054066980936328
88 0.391229403750257 -0.98544013361765037 2.4379055393056541
89 0.52397544253052131 -1.0614380618295618 2.3486069067526087
90 0.70671591714078463 -1.1510567955014923 2.3196370712732342
91 0.90171665205665485 -1.2298419172822286 2.3513993369278019
92 1.0908249476963183 -1.2923112042876721 2.4191264792634626
93 1.278471083573733 -1.3287877715463092 2.4938862383341567
94 1.477393249037017 -1.3215640672851596 2.520114223884228
95 1.6657809136297801 -1.2639424493847111 2.4827933201666066
96 1.8257242669304481 -1.1802667170234427 2.3913555265459698
97 1.9658360999480571 -1.0883439375667434 2.2939403997199057
98 2.0993001919403871 -1.0298037375003639 2.3566514132800496
99 0.34829713088328784 -0.60296696908111413 2.3557403997009869
100 0.49826975506300258 -0.76914043042833402 2.3248299371571886
101 0.69610553188562796 -0.90879464307464908 2.3370356894824051
102 0.89507864644470925 -1.0124580328522135 2.394526266053977
103 1.081751535323902 -1.0878548877137697 2.4798036348876056
104 1.2629332092044365 -1.1328076537627796 2.5710320948780434
105 1.4625913077404049 -1.1258461560180089 2.6039548966098569
106 1.6507676159493667 -1.0517097674048932 2.5613712667825257
107 1.8117663033761322 -0.94445726034602084 2.4514699204672734
108 1.971155271699456 -0.79677940017211324 2.3547400342977873
109 2.1036379032206951 -0.65205904355440514 2.3167496420804583
110 0.20000032537251825 -0.068750764398910966 2.3000000648094994
111 0.45611482881370313 -0.5097180406018057 2.3284603762784633
112 0.70713156632270135 -0.70564636228720956 2.382115854008473
113 0.91031760279544349 -0.82510966426966137 2.4647924118741411
114 1.0834255641212445 -0.90921787583730329 2.5698553032645837
115 1.2391396951433213 -0.97221641989305552 2.6940099729980256
116 1.4382661831674741 -0.96750892991377035 2.7317925907703824
117 1.6272787933856512 -0.88300914949079101 2.6871913200144335
118 1.7956803200608167 -0.76839227691196765 2.5324187440078862
119 1.9829190054865746 -0.56485922413809597 2.3945857717646568
120 2.1999997831028377 -0.10000071755282662 2.3000000737966322
frame 66
0 0.95235188729074005 -2.734439514162061 3.0851787133835891
1 0.89929329589593099 -2.839541124026653 2.9280273744088383
2 0.92346769087236014 -2.9394098578646317 2.7592347910757726
3 1.0348462628263915 -3.0426933520511907 2.6093443373040435
4 1.1937413532941974 -3.1710100334195532 2.4875964956302932
5 1.3907272967256736 -3.3719333185747771 2.4147489597851703
6 1.5918751824456314 -3.5224441444990413 2.3895713901730118
7 1.7817336143293809 -3.3729890305208952 2.4231114432859346
8 1.7256483149230144 -3.1294620689544237 2.3700478211929501
9 1.5890455993376085 -2.9902506645950027 2.3946430224215662
10 1.4439414981033531 -2.8782199975425531 2.4731123090260914
11 0.89556859298155644 -2.5673447889022016 2.9917467418805082
12 0.85243596064272142 -2.6693516513422257 2.8251794467695914
13 0.91276832771722349 -2.7628327255409131 2.6567059982332375
14 1.0349709369476352 -2.8609813348426352 2.5172885575311024
15 1.1996126325941108 -2.968883936341367 2.4195832459930262
16 1.3827246135381526 -3.0921845375558221 2.3828607091782068
17 1.5600094166641421 -3.1636142989182652 2.3829153913996333
18 1.7214441329052002 -3.1055837186802693 2.3726970153640292
19 1.8662377316422767 -2.9780785271003256 2.4233056409591107
20 1.7212731723296431 -2.8314368726589101 2.4245858381003966
21 1.5613884063885934 -2.7157852994015719 2.4570192266482898
22 0.79029433278591743 -2.4050632067451967 2.9099430179144505
23 0.79776356059001285 -2.4879399563961373 2.7334001565916721
24 0.87807726928402863 -2.5700906436524846 2.568981541044197
25 1.0138844188946656 -2.6527965888874583 2.4402521064676246
26 1.1887185549764936 -2.7329188105258613 2.3676141131632891
27 1.3720937097544623 -2.8077906734428031 2.3606170024606472
28 1.5415396384437339 -2.8459828562367377 2.3849791736636465
29 1.7024389929795685 -2.8162217816012918 2.3617895420581818
30 1.8645861142786337 -2.7528673605834979 2.3138319676246164
31 1.8325626485670516 -2.6436351594058896 2.4648131293694853
32 1.6703559488327668 -2.5405133136760534 2.4314019802297504
33 0.70339461382631596 -2.2201056545354874 2.8268404903180087
34 0.74398787012617573 -2.2885917005283654 2.6530681115927002
35 0.84113962264248765 -2.3593351949698786 2.4953979888947662
36 0.99259290597739036 -2.4254766150366822 2.3827460168852186
37 1.1769023705086834 -2.4833108414672318 2.3388707886901887
38 1.3594139571578931 -2.5320199233263478 2.3575016531050403
39 1.5300673575714081 -2.5545350127021864 2.3930627474218751
40 1.6971784693604024 -2.5354425904720292 2.3678447333444708
41 1.8393731247490797 -2.4935550025099875 2.2708450774899656
42 1.9287197269748211 -2.4290492013661806 2.4150640957163829
43 1.7663667425697263 -2.3423053438287069 2.4520093312387403
44 0.62859496437674245 -2.0179597257249231 2.7455747030716333
45 0.69248976747513502 -2.074072490206877 2.575804401361554
46 0.8064469496890887 -2.1347997430228727 2.4316961219300217
47 0.97382226013053674 -2.1872739134246162 2.3433026579544989
48 1.1633459470435301 -2.2314942291268864 2.3296866261165476
49 1.3451784131288722 -2.2668179067210383 2.3660963710996525
50 1.5208380819957263 -2.2803745710387737 2.4020441224143676
51 1.6941606714835944 -2.2637116672075162 2.3781548895018516
52 1.8260650204544273 -2.2276568965012098 2.2644816033323516
53 1.9754086707569414 -2.1874002860931494 2.3545693066195628
54 1.8535684582497167 -2.1220373201179035 2.4714638692554551
55 0.56249369129033377 -1.7967362864884981 2.6661417400347318
56 0.64340758581519009 -1.8446193758398128 2.5067989000393784
57 0.77575856443202906 -1.8978708884806705 2.379978552599828
58 0.95628510179948079 -1.9435278163839544 2.3213558774381196
59 1.1472668538673667 -1.9829056431580527 2.3344543206347343
60 1.3302627911884111 -2.012122049910968 2.381502462212937
61 1.5122650664149189 -2.0190390741356872 2.4135974575066617
62 1.6907997429747343 -1.9996248006005199 2.3912625143588349
63 1.8242136698738893 -1.9614691578522581 2.277052106024815
64 1.9954047313938124 -1.92851698447811 2.3091492755661247
65 1.9377274731033234 -1.8806471984752184 2.468093120651778
66 0.5011895948902535 -1.555297844553325 2.587895483951169
67 0.59827345355555539 -1.5994293783323685 2.4436295021264223
68 0.74972446287349281 -1.6515050518603112 2.3418094783641741
69 0.93882444895438388 -1.6987882400346885 2.3148077172222803
70 1.1296634688821177 -1.7404622117527182 2.3490598718551263
71 1.3153479029127058 -1.768264905471161 2.4032964447831886
72 1.5038874938649505 -1.7696035024333978 2.431594282457509
73 1.6870166284273294 -1.7425588930691445 2.4094590763810286
74 1.8271276541311718 -1.6960623235960417 2.3022226178155552
75 1.9981008183689399 -1.6572911761724003 2.2811288214516505
76 2.0115295914835558 -1.6196488390785158 2.4468914186390749
77 0.44413649978332165 -1.2883288005075182 2.5104964595684467
78 0.55930811770396938 -1.3370117254984253 2.387893293753899
79 0.72848952208540918 -1.3987934967407782 2.3189179043279138
80 0.92187084115038609 -1.4570242488783591 2.3221861132172883
81 1.1123882699804246 -1.5066097804485854 2.3730136012587097
82 1.3005759234638639 -1.5368002307224637 2.4348336758903319
83 1.4951595420803618 -1.5330705762448626 2.461268928774925
84 1.682255545270636 -1.4933285702262564 2.4356188339699298
85 1.8317643382555919 -1.431863844174649 2.3385985896635986
86 1.9880221663746271 -1.3751317700960801 2.2730801959054108
87 2.0706081986036753 -1.3367844911694851 2.4099990280271832
88 0.39402065828670119 -0.98214239603381992 2.4316988435134359
89 0.52877241606522229 -1.0567767168668361 2.3437128095723017
90 0.71207934906154835 -1.1453896808582609 2.3142166218131361
91 0.90775049958746201 -1.2232234674025688 2.3445308139614518
92 1.0979173989283086 -1.284477273826844 2.4100003302551971
93 1.2859139300482207 -1.3203179521594215 2.4827549580491262
94 1.4846042385014018 -1.3130417058631005 2.510951830074085
95 1.6735663320557872 -1.2564785424451406 2.4762678934366216
96 1.8343512879490387 -1.1734520625531411 2.3861449954175278
97 1.9758546435000299 -1.0821672997205714 2.2903803472002235
98 2.1058988944445796 -1.0228400009743399 2.3598743921578915
99 0.35062684186772364 -0.60041542008779913 2.3523963892914859
100 0.50190541640015407 -0.76528013918547722 2.321302386864156
101 0.70074766688301404 -0.90364340045817015 2.3319336244952096
102 0.90109619671934238 -1.0058761281269326 2.3869943834224268
103 1.0890966895218095 -1.0797035718475241 2.4692370657246441
104 1.2702805530980514 -1.1241614137483535 2.5598744941209661
105 1.4694381267893923 -1.117033918426251 2.5940419250732245
106 1.6578642132138055 -1.044465543414856 2.553157855221611
107 1.8191759718035947 -0.93805342421412274 2.4452617860744637
108 1.9776825687086999 -0.7911169758265737 2.3496616761872415
109 2.1104678066898477 -0.64764794909496726 2.315983016570629
110 0.20000032891966826 -0.068750759545453954 2.3000000598761212
111 0.45863655824659033 -0.50662526435521471 2.3255341861389973
112 0.71151460934290667 -0.70044404378613423 2.3759955844967524
113 0.91706658295694243 -0.81801032269149065 2.4554505034771816
114 1.0926840012855843 -0.89996214454543888 2.5587987552202209
115 1.246036695463596 -0.96405678181297338 2.682856142775687
116 1.4450416543933085 -0.95770780386245491 2.7206509560370784
117 1.6339839591074365 -0.8739654506331529 2.6760224563274426
118 1.8014485068942936 -0.76088967130232199 2.5255226424594928
119 1.9870146054568627 -0.55977725171964565 2.3909633577448304
120 2.1999997922107495 -0.10000070800322881 2.3000000696714062
frame 67
0 0.93957206173274543 -2.73534321054415 3.0692192091909396
1 0.88080194206546791 -2.8376616970426887 2.9097300164807405
2 0.92442939729503426 -2.9351053964967151 2.7407484625008047
3 1.039939456323379 -3.0360624847848028 2.5976024969012363
4 1.2025884319753315 -3.1596625363847988 2.4821596044722121
5 1.4021656613061215 -3.3534102291866725 2.4159943958051593
6 1.6041550018599384 -3.5039227197235254 2.3970052103050232
7 1.7943063177988847 -3.3544660110493143 2.4334071888554329
8 1.7415773773604264 -3.1144007903195647 2.3814358563236699
9 1.60731967702245 -2.9717362811328902 2.3785190567630083
10 1.4614157899580273 -2.8640036522504166 2.4631914580911101
11 0.87709518024332167 -2.5665935559324744 2.9796375153790144
12 0.84831196160876365 -2.6651242339881986 2.8090762995874856
13 0.91589013680139919 -2.7573917885251227 2.6432013542337627
14 1.0421668586390913 -2.8527262172217274 2.5072956279190959
15 1.2099136937408652 -2.9568715275315776 2.4152668160120334
16 1.3947019709061081 -3.0759677804717476 2.3842273607587248
17 1.5723485402327337 -3.1467495881832361 2.3895108524563184
18 1.7345492876123574 -3.0886008720813978 2.3840189599685102
19 1.8823460079598977 -2.9641352323922492 2.4339502993978712
20 1.7390017007881671 -2.8171216855800543 2.4322407637909116
21 1.5798194170381439 -2.7012797973444269 2.4650556614515491
22 0.77604400644051019 -2.4029344200332456 2.8941571815650931
23 0.79807390261054978 -2.4833540763279118 2.7171330907525015
24 0.88269669642404902 -2.564699089908193 2.5559231200858421
25 1.022071537299643 -2.6444762936751793 2.4311786324956168
26 1.1993246544236522 -2.7212988169274381 2.3639630672924437
27 1.3832841655115109 -2.7933765481294288 2.3623700050123424
28 1.5525938779677333 -2.830693628884402 2.39102284196658
29 1.7145634663438336 -2.8011251770065209 2.3719106614500589
30 1.8784313430635791 -2.7388016674209057 2.3260934632712362
31 1.8509376907378445 -2.63094320071973 2.4785244909037432
32 1.6887979421060291 -2.5259946308096772 2.4471945007390494
33 0.69513513081685918 -2.2196346550117521 2.8090881187421943
34 0.74636387635589208 -2.2851112350011613 2.6353251883123332
35 0.84660429798921355 -2.354326939981175 2.4818027412215571
36 1.0011196370659527 -2.4174917052149079 2.3742366200812444
37 1.18673464465142 -2.4726935862089094 2.3358706420083259
38 1.3691401617290717 -2.5194372651694805 2.3591320914926581
39 1.5396874284349946 -2.5408334583630596 2.3980668810012116
40 1.7079846863864752 -2.5220290244057013 2.3757825096029803
41 1.8546405181895582 -2.4815208318440853 2.2831791462522459
42 1.9447831471360497 -2.4165545429460673 2.4275111846020923
43 1.7841889313711508 -2.3296136678870876 2.4702963170253511
44 0.62663470421423362 -2.0167946314977319 2.728952434014845
45 0.69600482015580589 -2.0708725811695365 2.5619431296337267
46 0.8123397906293407 -2.1293877414561186 2.4199497788325037
47 0.98190986229114929 -2.1795979973127864 2.3362356330230671
48 1.1718344611966762 -2.2221234620378536 2.3271497428338446
49 1.3534549170686159 -2.2560911214238861 2.3668268223136377
50 1.5292701203347163 -2.2685193224265117 2.4053051931206282
51 1.7037197998037152 -2.2522031876573214 2.3835512854208347
52 1.8409771861391109 -2.2176929657255733 2.2742886935060205
53 1.9889436584390809 -2.1759416957764794 2.3670096798010829
54 1.8713601520619705 -2.1106377090666348 2.4890090500373292
55 0.56348829830292324 -1.7953656482397711 2.6527385842935542
56 0.64747317276377536 -1.8414328068466266 2.4953685484275621
57 0.78159090212225635 -1.8927653470837231 2.3705267981869502
58 0.96341455185300773 -1.9367004288170864 2.3155744605272885
59 1.154458754180079 -1.9749227542445713 2.3316441862809416
60 1.3375523628376735 -2.0030338064273758 2.3804344970961866
61 1.5198943082101595 -2.0091765038568181 2.414395412351658
62 1.6995243722495097 -1.9900413965670698 2.3941643584665395
63 1.8370310957151814 -1.9532847739595374 2.2831726876051528
64 2.0077223502824473 -1.9192794970732114 2.320845463567335
65 1.9506544862757746 -1.8703950102345623 2.4807023516469857
66 0.50321198652989019 -1.5539122109255912 2.578291325761545
67 0.60231422879752594 -1.5963689329647308 2.4348727104814922
68 0.75499327194672083 -1.6470150281333209 2.334414642304421
69 0.94470550755734239 -1.6931416492283464 2.3097156927050881
70 1.1357720596713756 -1.7338760009113656 2.3451203035162167
71 1.3220492943213811 -1.7606228792759462 2.3995262705160041
72 1.5110451098663924 -1.7614453326303767 2.4293300104081186
73 1.695371523054481 -1.7348138376165518 2.4095932102305366
74 1.8384937175025922 -1.6893825929456769 2.3043073406011589
75 2.0111846191783553 -1.6505575780507726 2.2906991022247984
76 2.0198853773236451 -1.6107240397325637 2.4572408277049829
77 0.44651775919346742 -1.2869104810546799 2.5037638286953885
78 0.56294543643847128 -1.3342788799840219 2.3816230446077715
79 0.73273238701519816 -1.3950727741861726 2.313131162386191
80 0.92638773383177508 -1.452513991519178 2.3168793254161284
81 1.1175509094197702 -1.5011739382901963 2.3669003219385454
82 1.3068499995229439 -1.5302880892846908 2.42727996038959
83 1.5018745705071597 -1.5263136977627274 2.4552546912244515
84 1.6904059418820372 -1.4874056620031229 2.4327123167846914
85 1.8421462125624652 -1.4266563107324175 2.3367243154776425
86 2.0027694885452236 -1.3705134607375358 2.2782588512966075
87 2.0772025792756823 -1.3295963232109171 2.4196410792230307
88 0.39621286875450279 -0.98072474965585232 2.4271790325729179
89 0.5315916088197471 -1.0544041463420024 2.3392392481907209
90 0.71506150337352015 -1.1422670326740201 2.3090357515620976
91 0.91106791384290164 -1.2193276094525078 2.3378479516007014
92 1.1022988920335395 -1.2796029761094956 2.4006074575935239
93 1.2916724659142214 -1.3145145060801333 2.47072219277567
94 1.4905198396915158 -1.307282520699635 2.5013380828255052
95 1.6808900686621298 -1.2520766387623457 2.469570474926956
96 1.8435030519485374 -1.1695487383719574 2.3815981559360968
97 1.9879063880831098 -1.0788520922829683 2.2893796936876161
98 2.112891398347891 -1.0176351943431912 2.3668315280752852
99 0.35203467031100477 -0.59919211340479583 2.3498546074622997
100 0.50369361106062283 -0.76322174682649635 2.317737033588477
101 0.70285033871022706 -0.90061063387342077 2.3261605361417752
102 0.90395010654134456 -1.0016938734624665 2.3778161765885226
103 1.0934824395463643 -1.074310429266166 2.4556834487418002
104 1.2755025220706802 -1.1184431964188626 2.542806883459118
105 1.4744344244651548 -1.1115565502319431 2.5806563052184046
106 1.663885380034926 -1.0407155235919519 2.5418731587173755
107 1.8266514425191387 -0.93447953195335631 2.4379197968565594
108 1.9846898623921159 -0.78772506659869679 2.3445795610830178
109 2.1177373289781656 -0.64482571116969067 2.3171314289742915
110 0.2000003308461871 -0.068750756854787001 2.3000000550913375
111 0.45980229535227851 -0.50477247893487487 2.3220959781987873
112 0.71387290831829364 -0.69683321429477474 2.3682361674277805
113 0.92125002305679116 -0.81248702874415579 2.4429349115733241
114 1.0987537220563093 -0.89306667666698913 2.5404269833219821
115 1.2511744065580797 -0.957949331448957 2.6644107109783333
116 1.4497900586014378 -0.950592812062524 2.7022147583924818
117 1.6385576956976282 -0.86813727107459349 2.6575656415253839
118 1.8063283312091485 -0.75545626376382524 2.515439079779366
119 1.9910113231463211 -0.55630914087583572 2.3864044206083732
120 2.199999801640256 -0.10000070136707855 2.3000000661996607
frame 68
0 0.93030254592876938 -2.7376115002915662 3.0561740552362613
1 0.86727369840465851 -2.8370459217574404 2.8962387882185019
2 0.92284735937280338 -2.9312847184721376 2.72722117768414
3 1.0433178328500174 -3.0298934821762922 2.5860839586855384
4 1.2112065207137372 -3.1498625599028078 2.4763894258885815
5 1.4137198129261039 -3.339875930221083 2.4173783646999207
6 1.6163294123838818 -3.4903887383744303 2.4042944421324175
7 1.8063989926488218 -3.3409317254241508 2.4415355299222559
8 1.750046741684808 -3.1017246177636069 2.3936087508784487
9 1.6208064632966241 -2.9582036433019772 2.3654425227294942
10 1.4747499730539191 -2.8544053964970484 2.4569260187255586
11 0.86357035983357844 -2.5691560300623126 2.96929637355939
12 0.84186211893389573 -2.6633855095065586 2.7960037378244889
13 0.91640661258262679 -2.753164746003288 2.6308809809114839
14 1.047581416530615 -2.8459091107726668 2.4975826623277251
15 1.2199621450855123 -2.9465727680387608 2.4114421660798366
16 1.4067160924615214 -3.0628735413653039 2.3865999330507348
17 1.5843797425414947 -3.1335317162456198 2.3965888072693695
18 1.746512491929598 -3.0753604592239356 2.3938996338300069
19 1.8942418064850493 -2.9523837504775758 2.4441903933133062
20 1.7523779436854514 -2.8052815476303454 2.4361230304305157
21 1.5933361469150782 -2.691867544122152 2.4721837121869146
22 0.76460982838921088 -2.4039058570831711 2.8811451643125818
23 0.79548227629334212 -2.4808649283169695 2.7040292524813396
24 0.88467976916582192 -2.5606569514644941 2.5436487783444992
25 1.0289113130282612 -2.6377864826153345 2.4224666053074957
26 1.2097455084604658 -2.7114371157829615 2.3616494815724303
27 1.3945664764095853 -2.781269746108471 2.365672598311177
28 1.5638517900156321 -2.8178645308389472 2.3978268855693279
29 1.726486471061019 -2.7882446686559632 2.3823680303347223
30 1.8910730825855309 -2.7266543349237784 2.3378521638903815
31 1.8644437415461834 -2.6204489576552037 2.491038024917438
32 1.7023167675230706 -2.5151948904632997 2.4602077933630571
33 0.68837426677201408 -2.2196060077958739 2.7957008766301747
34 0.74526220948304223 -2.2830683075240623 2.6219397489828338
35 0.84948438182555319 -2.350820247595943 2.4694661283593353
36 1.0086145557496986 -2.4112749020057334 2.3666845010666582
37 1.1963897236058803 -2.4638663869136237 2.3348143915323325
38 1.3789826725076191 -2.508763559985371 2.362541393283601
39 1.5495997830775519 -2.5291490033920976 2.4041456403201313
40 1.718707605833288 -2.5102107931582003 2.3849599339820275
41 1.8675536139149946 -2.4703806766848198 2.2953088454371149
42 1.9578481287826943 -2.4062847113579902 2.4398861519654744
43 1.797589494962653 -2.319939269122139 2.4837855662305763
44 0.62401626198129467 -2.0162754597059553 2.715780821174667
45 0.69608821270086407 -2.0693889337327063 2.5492983290371969
46 0.81610968783588234 -2.1261650065616369 2.4087318223717529
47 0.98926144731085441 -2.1739906698935751 2.3304348026310788
48 1.1800762387837067 -2.2145890543622295 2.3268373547298991
49 1.3617752200471409 -2.2469709682067087 2.3695014565615611
50 1.537837437862452 -2.258308179031439 2.4100519864491776
51 1.7130948331972884 -2.2418273935663735 2.3907767247199962
52 1.8538225026135233 -2.2081613550232269 2.2853151458062668
53 2.0015262023907483 -2.1665162680174226 2.3793833657741668
54 1.8847548970554262 -2.1018827624984144 2.5023567590987827
55 0.56330073137875591 -1.795106050787334 2.6408001552434439
56 0.64854530987103409 -1.8402201444172215 2.4834653432859359
57 0.78584435021294519 -1.8898227854760001 2.361107724784
58 0.9698248212147379 -1.9319234212779688 2.3113559116985303
59 1.1611293302047703 -1.9686967392248946 2.3311667799735964
60 1.3445711757549788 -1.9953465724476023 2.3814370610284779
61 1.5273396809903663 -2.0005159236390124 2.4169358804841892
62 1.7078348912550663 -1.9812680306207318 2.3987280090634537
63 1.8494767252412652 -1.9455711573611862 2.29187713561647
64 2.0200726141160841 -1.9112638282267718 2.333022363445834
65 1.9631210256184661 -1.8621621860912383 2.4931082565442799
66 0.50412461938214148 -1.5537899931298931 2.5690952092215915
67 0.60391416009938115 -1.5951153129917282 2.4253971361664717
68 0.7589003713682968 -1.6442940487101032 2.3273403131431354
69 0.94956738701792087 -1.689256223824626 2.3063837190238479
70 1.1409450743437448 -1.7287806131441572 2.3433826641844702
71 1.3279979129886788 -1.7541093680572679 2.3977739448604085
72 1.5175626484524058 -1.7541894370936604 2.4286824488732228
73 1.7028550619171974 -1.7276203285863632 2.4107280891368537
74 1.8500868605977083 -1.6833277271661542 2.3094538449150455
75 2.0236810743945388 -1.6443582657683036 2.3017990900764547
76 2.0295329067074981 -1.6032534030655667 2.4688137058354456
77 0.44771447084207067 -1.2867035193804046 2.4972292704625856
78 0.56459258289726122 -1.333016031928226 2.3748494602604122
79 0.73557006391106672 -1.3927572698591444 2.3079599425585013
80 0.92959638041326831 -1.4493809078036162 2.3131982731689598
81 1.1214976754331707 -1.4968301211166304 2.3626377107940488
82 1.3119329450555335 -1.5244982427413825 2.4216546251849067
83 1.5074950863550514 -1.5201270771639848 2.4504923428912546
84 1.6970924895000841 -1.4816328876460683 2.4301877666979221
85 1.8521224790751782 -1.4218992517842421 2.3376019235119694
86 2.0155833520440765 -1.3661112855627395 2.2857919737028394
87 2.0844913023522542 -1.3232527039129258 2.4301395622208486
88 0.39719722410511549 -0.98030937022151565 2.4229009923079108
89 0.53279254114751606 -1.0531852553636034 2.3345978938985055
90 0.71662046683170899 -1.1403026019792906 2.3045265778221409
91 0.91306102547741552 -1.2164851311976732 2.3324090327985392
92 1.1055833769033561 -1.2752817806456391 2.3926801434217757
93 1.2961656962779602 -1.3085976437660096 2.460517572732364
94 1.4951031337481975 -1.3014880804058646 2.4920473462056574
95 1.6865125402555121 -1.2473070550443872 2.4630191215695931
96 1.8516912235416485 -1.1656429796661743 2.3784448004326091
97 1.9997756428716118 -1.0757327480924368 2.2909700493608112
98 2.1197220753238453 -1.0129028864614225 2.3753431139524812
99 0.3525265155799589 -0.59865567048201029 2.347476347741221
100 0.50421604797508357 -0.76209928062462329 2.3141914050057104
101 0.70363100187647798 -0.89868089512207627 2.320857169890977
102 0.90585163487299558 -0.99837570515145035 2.3696536990262307
103 1.0971056577381078 -1.0690575684350736 2.4438983545016377
104 1.2800691428466886 -1.1112702218932577 2.5295502971900667
105 1.477987697575103 -1.1053954510354898 2.5684149115449331
106 1.66768863333891 -1.0359183991768506 2.531489088951842
107 1.8323736289247852 -0.93075544086446105 2.4311254937703488
108 1.9912269579741664 -0.78462257437586291 2.3406959071609568
109 2.1244860700821357 -0.64223701788373144 2.3199853364696663
110 0.20000033139399187 -0.068750755377829736 2.3000000504592113
111 0.46003785741235403 -0.50367888154222806 2.31869707888485
112 0.7149666480746939 -0.69441714282590139 2.3608086444672671
113 0.92438254689986643 -0.8082290069870891 2.4314880752321844
114 1.104797664662984 -0.88619453264257952 2.526921556498174
115 1.2550813969086205 -0.95087707703943436 2.6508912294735181
116 1.452558840320703 -0.9431512362071266 2.6886970388106795
117 1.6401615138640895 -0.86181614848077037 2.6440439880857443
118 1.8088640017658746 -0.75054257257906332 2.5062693689347069
119 1.9940581315948509 -0.55326799703342 2.3821272735133858
120 2.1999998099849156 -0.1000006956792989 2.3000000643826106
frame 69
0 0.9217623660493498 -2.7388079094448852 3.043168669708983
1 0.85472814886493143 -2.837266192407577 2.8831306346198544
2 0.9203765110690898 -2.9289418984351023 2.7147442401106572
3 1.0453021405465455 -3.025164020505303 2.5760837121928861
4 1.2178499502105873 -3.1415837410937066 2.4717947035568528
5 1.4230226506415518 -3.3267578538516305 2.4185972855997333
6 1.6258676690652549 -3.4772707351785139 2.4092949845194425
7 1.8163750112743451 -3.3278136521281096 2.4447951270667669
8 1.7557735692148344 -3.0902362952041962 2.4064131824060406
9 1.6339135935353997 -2.9450859496302142 2.3578786332862696
10 1.4878219460687723 -2.845716896485567 2.4546325667086619
11 0.8504544671651082 -2.5707118283910404 2.9572254552668844
12 0.83351241978743407 -2.6633469009436439 2.782992037995863
13 0.9151208565212513 -2.7506290759272232 2.6196775779165229
14 1.051435745728778 -2.8405561996226609 2.4894631051458034
15 1.2280810017361354 -2.9379845873722474 2.4090426731616752
16 1.4164085641190729 -3.0514770529031705 2.3891939976685168
17 1.5941418798210785 -3.1212458584836438 2.4020804467323371
18 1.7562986246720804 -3.0632367030339402 2.3995564081794889
19 1.9037804582386308 -2.9426406656687361 2.4522824321962924
20 1.7648068385369824 -2.7944479567502487 2.4369386859694804
21 1.6064501756598948 -2.6834450905691054 2.4771376969935206
22 0.75508685792441077 -2.4048869152613452 2.8681474129281259
23 0.79048420002329156 -2.4803450833983911 2.6910103470675257
24 0.88513646441165139 -2.5581135988597237 2.5326353138675266
25 1.0344779001827631 -2.6324687634184341 2.4157143922041056
26 1.2185897748710903 -2.7033679531348658 2.3612774204731237
27 1.4040715476012124 -2.7713885971936567 2.3697111435603011
28 1.5736091240421182 -2.8071575989614002 2.4036888916633821
29 1.7369158244291916 -2.7773763914492107 2.3903341687477666
30 1.9025884090691727 -2.7168392746627874 2.3473787061381626
31 1.8767682490170947 -2.6121419835059281 2.5014289427788801
32 1.7154312790453341 -2.5060728760006179 2.4732058385718081
33 0.68286240522021202 -2.219891954745512 2.7826166797040504
34 0.74221136496821238 -2.2826097054248007 2.6088559673876968
35 0.85123612293872242 -2.3484768315257956 2.458773292736284
36 1.0150626359644259 -2.4063013388135945 2.3614897306311189
37 1.2047629575707761 -2.4567688703939776 2.3360110521478155
38 1.3876292600102007 -2.5002697487634462 2.366902249869991
39 1.5587009169391237 -2.5197486452051372 2.4094622330802236
40 1.7286441366842527 -2.5005608229603196 2.3928485928273471
41 1.8804014658739325 -2.4611846112983318 2.3068374892459871
42 1.9708580822790946 -2.3981628173568628 2.4521803099634982
43 1.8106767609351924 -2.3115150404709075 2.4968932638875367
44 0.62082885948678057 -2.0167095547035934 2.7027463016319344
45 0.6941259731489885 -2.0692612332630289 2.536385178238048
46 0.8187956093499541 -2.1240190251782414 2.3989240781497698
47 0.99561075263907672 -2.1695904121078584 2.3269624502772914
48 1.1872210299854764 -2.2086179563552735 2.3287090931107253
49 1.3692735893238057 -2.2396731696014247 2.3731054762162578
50 1.545862933151624 -2.250008506654348 2.4141991564207195
51 1.7218826106930878 -2.2332223554771118 2.3975196506720109
52 1.8667818489224783 -2.2001796692571935 2.2969093426744887
53 2.0144250102985581 -2.1589094453055786 2.3920391575365785
54 1.8978408225201417 -2.0941731990297554 2.5154318482702278
55 0.56142123555867973 -1.7957516762084922 2.6294015912323014
56 0.64744265276120294 -1.8400840799161911 2.4718742301508265
57 0.78892633435494186 -1.8877597981706475 2.3531160930384729
58 0.97515873050164648 -1.9282391792635529 2.3093667569655691
59 1.1667668786004302 -1.9637830552229878 2.3326703229305226
60 1.3508641325986162 -1.9890546951942334 2.3833513998160316
61 1.5342252091027375 -1.9931961394507409 2.4191181253110798
62 1.7154604333610335 -1.9736405717804788 2.4029985576077486
63 1.8623439903517849 -1.9388585910383156 2.302216034323795
64 2.0328841404501508 -1.9045352274060463 2.3457610636418056
65 1.9750324008867868 -1.8551021858648036 2.5059663697636965
66 0.50309391072976284 -1.5544718676430613 2.559664392559136
67 0.60361605172097854 -1.594817950620337 2.4158904140478681
68 0.76167908409499885 -1.6424191372232304 2.3215465193315081
69 0.95334841413858029 -1.6863343768316463 2.3050495682519512
70 1.1451161289283762 -1.7247274331807423 2.3434057604140852
71 1.3331350577963919 -1.7486243558956676 2.3970612093325925
72 1.5233377136478063 -1.7477516952535592 2.4279658776403146
73 1.7093774441897787 -1.7209553469700545 2.4114924260702901
74 1.8621157057764672 -1.6778063977328586 2.3169436492873512
75 2.0365102643022555 -1.6388044446639494 2.31349353801911
76 2.0395555100326024 -1.5967108791112978 2.4807036111053771
77 0.44711560291937658 -1.2871838245652902 2.4900570459416578
78 0.56474678354280627 -1.3324834801196825 2.367835109842467
79 0.73738514527159471 -1.3911691867701013 2.3039293853039839
80 0.93174991356913472 -1.4470685173233142 2.3112855410628801
81 1.124431169899252 -1.4933291529004631 2.360028088606605
82 1.3160605825019782 -1.5195367159854265 2.4173854738973994
83 1.5122122723451601 -1.5143743671756007 2.4460269094897331
84 1.7025600796613922 -1.4758602913980197 2.427104964601122
85 1.8621997356816042 -1.4172517966833065 2.3405393827038479
86 2.0282625949325732 -1.3618350920879463 2.2947681255825358
87 2.092549224892295 -1.3172828323593064 2.4410329355156479
88 0.39681458109604878 -0.98039518969981121 2.4180567199288014
89 0.53292962627408136 -1.0524754245721801 2.3299067441412107
90 0.71723437044143745 -1.1389558950277221 2.3011212463789303
91 0.91399491762418827 -1.2143781358276184 2.3285518973037047
92 1.1077075979597253 -1.2718266394428002 2.3863328025420669
93 1.2995532961488936 -1.3036436920223531 2.4518883589771945
94 1.4987432995656518 -1.2959454394166521 2.4832301939132835
95 1.6908301900387168 -1.2422092536862988 2.4563032450033635
96 1.8589184986267022 -1.1613853444411217 2.376388028939203
97 2.0109452845925406 -1.0724875587869216 2.2947546799788876
98 2.1265533031253212 -1.0080153149507152 2.3841388756205619
99 0.35228123936378947 -0.59840630051894517 2.3449250943966429
100 0.50399942555467747 -0.76134762029039849 2.3109236675917919
101 0.70348199368733733 -0.89729333560970903 2.3166410601038327
102 0.90646918128927723 -0.99581752787151123 2.3628496932785477
103 1.0992469795840634 -1.0648211443651321 2.4334533324488681
104 1.2830877957416011 -1.1056679110609828 2.5164962011883114
105 1.4806057250855451 -1.0997655178819505 2.5567574036296898
106 1.6704640100856016 -1.0309204628024962 2.5215059098693331
107 1.8368529923265686 -0.92646436649037511 2.4247990127161891
108 1.9973546234504853 -0.78127380859615858 2.3381991723334736
109 2.1305365905070408 -0.63937462413863888 2.3238191230792338
110 0.20000033094325143 -0.068750754349556284 2.3000000461340027
111 0.45971753500307072 -0.50287085760990302 2.3158109121761949
112 0.71499928427827397 -0.69253865272690374 2.3547878537170988
113 0.92578730054927583 -0.80472674704354219 2.421826550953504
114 1.1078702950131742 -0.88099153380512629 2.5138101317880457
115 1.2576744704509106 -0.94545967818582377 2.6377765667995878
116 1.4546850176543877 -0.93761313993141249 2.6755827820543887
117 1.6414279556125604 -0.85600855000302123 2.6309288250343004
118 1.8106588704547768 -0.74531421061637482 2.4978598699579146
119 1.9965142575704975 -0.54995887109585395 2.3783990024248007
120 2.1999998174069293 -0.10000068967046204 2.300000063808779
frame 70
0 0.91443504800316255 -2.7394840049947904 3.0323313846128057
1 0.84611445942420882 -2.8381433514862335 2.8722867333272855
2 0.91661358961690009 -2.9281075668133978 2.7044073668686797
3 1.0460594360799083 -3.0218563770989539 2.5682401465069393
4 1.2226544411619713 -3.1349659455358898 2.4685355761841685
5 1.4299911910355689 -3.3159133137322399 2.4192495739129023
6 1.6332786896335056 -3.466426199770027 2.4113375214445121
7 1.8249098201470757 -3.3169691122065847 2.4434271352392996
8 1.7605724376976382 -3.0802455597696143 2.4172375301072675
9 1.6447574289441802 -2.9342414341488561 2.3574245195143728
10 1.4986635180595966 -2.8375850441198609 2.4572029025271576
11 0.83961006763213075 -2.5724256073696403 2.9466372819801787
12 0.82460858232144374 -2.6644460843214226 2.772154346385705
13 0.91232855510922128 -2.7493818630151594 2.610420929483189
14 1.0538032664633548 -2.8365178317127095 2.4837084882981126
15 1.2340000053333615 -2.9310550568378209 2.4082109325356629
16 1.4236233469281181 -3.0422176149190139 2.3914863216725588
17 1.6018230883126954 -3.1115811101572897 2.4049135568809414
18 1.7644064964197759 -3.0535002878932231 2.4013646046344665
19 1.911972550632999 -2.9345452777515617 2.4569165054226363
20 1.7756070092310128 -2.7847462812276533 2.4380989462382106
21 1.6172944551936859 -2.6754008681033681 2.4817505332518301
22 0.74694775843678463 -2.4057648622572283 2.8573106193171687
23 0.78366863242510598 -2.4810153127382306 2.6801721915626375
24 0.88420648076005259 -2.5565511900246705 2.5240762646713448
25 1.0385031328972059 -2.6282153976130407 2.4117385849233468
26 1.2251044738397179 -2.6968569398471578 2.3626969861815295
27 1.4111034263354973 -2.7635238023275868 2.3735725292577428
28 1.5813309519151897 -2.7987359443867588 2.4070521910105862
29 1.7452193632552295 -2.7687457411995484 2.3944553296714566
30 1.9121024374582485 -2.7086119066788097 2.3541248358344298
31 1.8875547338442247 -2.6053151893137652 2.509411419184715
32 1.7262755896602806 -2.498454746020268 2.4840426510991387
33 0.6770397177434232 -2.2204171280141463 2.7717743207392509
34 0.7372581723822621 -2.2830820312203288 2.5980136351618577
35 0.85186403251044596 -2.3467951097033257 2.4509179218726809
36 1.0199454572608395 -2.4022184809015941 2.3592708534928306
37 1.210950125557728 -2.4510648275556521 2.3389685500632336
38 1.394153398044027 -2.4935569267957072 2.3711229716378259
39 1.5660330496531323 -2.5123289698086073 2.4124944294213524
40 1.7365639235645296 -2.4928740387032864 2.3978587727146192
41 1.8909666622932488 -2.4534323340237836 2.3159250516506349
42 1.981695661460589 -2.3915517341722388 2.4618871584518089
43 1.8215193174848405 -2.3049399192645335 2.5077371358266332
44 0.61598659098815811 -2.0175785169895484 2.691907140891256
45 0.69038945066728163 -2.0697619891860626 2.5255538312028589
46 0.8204268561571656 -2.122347012690974 2.3920169874154396
47 1.0003974594347953 -2.1659583936992663 2.3262843752462747
48 1.1924950292339698 -2.2038132856145838 2.332126839053466
49 1.3750900452011501 -2.2338379348791397 2.3765721257049326
50 1.5524231069623018 -2.2433322291967239 2.4163284659910484
51 1.7289521996545627 -2.226228637782234 2.4022977990910088
52 1.8776161700191754 -2.1933216834986577 2.3069449440173546
53 2.0252554339400834 -2.1525475792430377 2.4027214189893771
54 1.9086832927680533 -2.0880690656642567 2.5262736208788481
55 0.55739294595133804 -1.7968649215243695 2.6189929256741413
56 0.64485220134669885 -1.8404503002034072 2.4618393081221908
57 0.79099428542707251 -1.88611897608375 2.3477301069304066
58 0.97906409171973552 -1.9252205184826829 2.309765566641766
59 1.1709112035277722 -1.9597915920679714 2.3354778475558646
60 1.3558382104036 -1.9838963612040887 2.3852142036225783
61 1.5398554949672676 -1.9871048708527639 2.4197163402808144
62 1.7215651228363371 -1.9671898792277887 2.4060736410666927
63 1.8731723832717175 -1.93290161065738 2.3120207779722595
64 2.043708944914187 -1.8986479625148236 2.3565811795676055
65 1.9856212307957832 -1.8491782580757434 2.5167941734859522
66 0.4998197865490156 -1.5555766591448406 2.5504446269660019
67 0.60204905042568324 -1.59488059644985 2.4074198531632702
68 0.76350332428124512 -1.6409324504308274 2.3178702314558617
69 0.95594827008447647 -1.683969321008431 2.3056724225331182
70 1.148141254424867 -1.7213916529487334 2.3446260748479748
71 1.3372075521922688 -1.7440031216748697 2.3966144362470132
72 1.5280246978826155 -1.7421692696090079 2.4263033775265175
73 1.7145565861565715 -1.7150325234102488 2.4115072098271653
74 1.8726078576096794 -1.6726849138234701 2.3249522125985096
75 2.0473362059450935 -1.6335916646458417 2.3239667566911382
76 2.0489836765299265 -1.5909285698072577 2.4912459309535429
77 0.44462224781484716 -1.2879886730193493 2.4826081327121599
78 0.56391811993079932 -1.3322028936661379 2.361505488203794
79 0.73839363525881785 -1.3899248355062603 2.3015845480180475
80 0.93299340707755629 -1.4452260708681692 2.3110914424720126
81 1.1264526317499433 -1.4904356280220292 2.3587744273873956
82 1.3192585488287776 -1.5152777827053592 2.4139680915146724
83 1.5159556512752537 -1.5091944795168801 2.4414631895744212
84 1.706767140733535 -1.4704462421964191 2.4235933082661045
85 1.8710417379403439 -1.4127325886104183 2.3445401127844931
86 2.0387371255894124 -1.357493401280782 2.3034631993475125
87 2.1004024728302264 -1.3117586240440806 2.4507208348109248
88 0.39516790828516213 -0.98067561500767642 2.4128674917097888
89 0.53240441303466046 -1.0519291839363984 2.3258252302006461
90 0.71721124687862059 -1.1379033899462436 2.2991943858951398
91 0.9141794243223873 -1.2127230942346094 2.3264379181798618
92 1.1089961788916838 -1.2689994882096973 2.3817369156503099
93 1.302035335607137 -1.2993652948681111 2.4448488166781908
94 1.5015260110605508 -1.2908578823862402 2.4752667963960011
95 1.6939977149449605 -1.2371996094817632 2.4497817940746307
96 1.864946135349657 -1.1570529163563126 2.3752267287090474
97 2.0204415931855659 -1.0690262662820187 2.2994849579348768
98 2.1329546079681845 -1.0032672310333126 2.3920578310826954
99 0.35148974411722439 -0.59823387286842933 2.3423660402146735
100 0.50337473251708886 -0.760704843194563 2.3083783477418147
101 0.70279095665689229 -0.89616831630565552 2.3139131620626174
102 0.90630685028186264 -0.99376791188556535 2.3579332085400035
103 1.1004637844513068 -1.0613490460916644 2.4250235135264817
104 1.2853144940457748 -1.1006037517414409 2.5056557801174955
105 1.4824955212789692 -1.0944813658177694 2.5464334619085527
106 1.6724266701115849 -1.0259806074149607 2.5126925387657018
107 1.8402590433101416 -0.92201386535299035 2.4192501997807621
108 2.0028489366985998 -0.77784275875343489 2.3369922124342204
109 2.1357095200575529 -0.63642071081417007 2.3277648679084817
110 0.20000032983858229 -0.068750753462738873 2.300000042494688
111 0.4591047409415443 -0.50216694759969671 2.3137386482623636
112 0.71442771969045815 -0.6909805218543007 2.3505611089979652
113 0.92621050067323929 -0.8018691825455162 2.4144528114346975
114 1.1099219804774456 -0.87664181856084666 2.5029660199017028
115 1.2594902701716035 -0.94055078740097131 2.626932246453515
116 1.4560657414052884 -0.93256765557261445 2.6647384878412459
117 1.6420245859997544 -0.8505138572056139 2.620084472473982
118 1.8119142449691894 -0.74024905307584377 2.4908341480982181
119 1.9984651214714775 -0.5466097435695294 2.3754064611279855
120 2.199999823760467 -0.10000068369806064 2.300000064017786
frame 71
0 0.89929062711029972 -2.7373682828750954 3.0131976902423325
1 0.83448317100644664 -2.838479152074437 2.8537896646647223
2 0.91003835920438658 -2.9277239566479483 2.6904025937250258
3 1.0451253936015479 -3.0178784872054143 2.5592593401711996
4 1.2252305198077265 -3.1252835286164831 2.4647236928084064
5 1.4349057319017637 -3.2950687737128495 2.4180383569550883
6 1.6396332038537154 -3.4455816644615402 2.409380473648759
7 1.8348579699061058 -3.2961245723850601 2.4320591435118324
8 1.7677799225159223 -3.0638636838338034 2.4369731176880038
9 1.6656012642529607 -2.9133969187674982 2.3596250686581577
10 1.5185317276841253 -2.8249111229057537 2.4628578078327776
11 0.81876566819915331 -2.5723082946253575 2.9288925560956702
12 0.81159992373922552 -2.6651673001761464 2.7536828577772487
13 0.90703609057154477 -2.7482428359565056 2.5971224833935809
14 1.0545604876773071 -2.8316657212061731 2.4768006261855313
15 1.2379294595423092 -2.9216758215265735 2.4067590998080823
16 1.4293021811130675 -3.0276197214499567 2.3918548270299849
17 1.6091194520940226 -3.0964413464032363 2.4040872354932996
18 1.7734369063553848 -3.0378604009887735 2.3985876599705489
19 1.9249252464654423 -2.9223780241277573 2.4559253907208363
20 1.79131012524957 -2.7694410932595259 2.4447003920782073
21 1.631938938200183 -2.6603378662932871 2.488326233466049
22 0.73460934784009213 -2.4056732409397625 2.8403061428284273
23 0.77308753983323542 -2.4817526082589376 2.6632329401917065
24 0.88133610490314862 -2.554723165048149 2.5122028383225357
25 1.0411818335830745 -2.6230436197093803 2.4070499645331753
26 1.2297170343259602 -2.6886934098497748 2.3637442377154732
27 1.4163973850194223 -2.7529107219507027 2.3757997389446768
28 1.5882230916669275 -2.7873971185105906 2.4070217832196983
29 1.7531804607420396 -2.7569884649646004 2.3938056395558744
30 1.9224060056242278 -2.696867457879248 2.3587823799415641
31 1.904448127545177 -2.5951960354806469 2.5176624935373675
32 1.7425208255449667 -2.4863466830205181 2.4970005852289474
33 0.66853589147196057 -2.2208147128037163 2.7559101375963624
34 0.7293076084044755 -2.2836010900805959 2.5830195625771468
35 0.85110676969367016 -2.3444492558741503 2.4412454175392786
36 1.0235411188504258 -2.3971996827204243 2.357169233648956
37 1.2152927714929433 -2.4442949642791598 2.3418711772621754
38 1.3989736784505902 -2.4854558169289698 2.3740092696028778
39 1.5722878450885243 -2.5034571803285344 2.4124255670789583
40 1.7435932896080779 -2.4835549495229308 2.398371131849943
41 1.9020918156405044 -2.4437270026714231 2.3229883095245114
42 1.9955803543818706 -2.3825519588966322 2.4690286150108784
43 1.8386128155130079 -2.2957026548725086 2.5285810076657294
44 0.6087145935353957 -2.0185616250002067 2.6789798565365577
45 0.68449239369340431 -2.0697884067696894 2.5126264160657836
46 0.82098364475704644 -2.1197707843594338 2.3849783445269495
47 1.0038262812485821 -2.161538963577033 2.3264626361899512
48 1.1960950428538544 -2.1983863410143925 2.3357329143240952
49 1.3794580031035384 -2.2274149815578936 2.3789679926351499
50 1.5580561044279877 -2.2361427471010686 2.4156470216525836
51 1.7353187759470285 -2.2186485390749535 2.4027024521013529
52 1.8897264070610555 -2.1855655695935621 2.3150958875140319
53 2.0374727641827062 -2.1445812185841509 2.411954806728795
54 1.9251486803412288 -2.0804817220131233 2.5415397331117018
55 0.55086189411779685 -1.7979981977441781 2.6083000649955177
56 0.64060362022515338 -1.840179860397146 2.4517654005466776
57 0.79197714794558394 -1.8836708009232732 2.3434301470440309
58 0.9815766304202248 -1.9216967421763196 2.3113467741021418
59 1.173633476297065 -1.9555510137559442 2.3385914189386239
60 1.3596514544301133 -1.97870172386079 2.3862430913173296
61 1.5447230898660202 -1.9811650484497532 2.4179636303120646
62 1.7271075458768854 -1.9609401553541708 2.4056130998438898
63 1.8844853490614653 -1.9268203872984115 2.3198680160471672
64 2.0547640588470317 -1.8919407525756908 2.3666130970361459
65 1.9977838475442007 -1.8424429772121576 2.5280437386766521
66 0.4942212251152483 -1.5565845377527709 2.5414293397373608
67 0.5991575260186025 -1.5944324828753265 2.3997974141767169
68 0.76417153131454552 -1.6389883577605535 2.3157079992280254
69 0.95724949114819269 -1.6814277796016897 2.3074784043645606
70 1.1499853636983319 -1.7181651612222788 2.3462427643532022
71 1.3403441767490518 -1.7398015856865006 2.3956230123823179
72 1.5320673639377047 -1.7372382148595189 2.4229021620482647
73 1.7192340139493794 -1.7098456043946721 2.4092748152710568
74 1.8823202329452506 -1.6678907937466301 2.33108983316595
75 2.0574014166393289 -1.628171865485847 2.3330121996223223
76 2.0584976380444955 -1.5848111902648749 2.5005243070130883
77 0.44022896772065961 -1.2886204833942134 2.4754403019536237
78 0.56197895838705225 -1.3315987705845893 2.3562573722816298
79 0.73826364166060743 -1.3885439747915687 2.300681369165142
80 0.93306747112528099 -1.443527278724613 2.3120157110364694
81 1.1274362197410657 -1.4880427439164643 2.3580347618010737
82 1.3216853365006409 -1.5119203345854209 2.4102677032171584
83 1.5192408567937725 -1.5051629318848547 2.4356101181989351
84 1.7107235716386919 -1.4662264230514741 2.4185145919520439
85 1.8791891856741001 -1.4088874236438815 2.3470342971998885
86 2.0482908807926106 -1.353332937442641 2.3106045332418406
87 2.1079718975046386 -1.3063408735582986 2.4586906430473623
88 0.3922133665616771 -0.98075535339654707 2.4079648238854445
89 0.53097665678054373 -1.0512103218380255 2.3227736050906276
90 0.71616092607952531 -1.1369147949319056 2.2985211699301233
91 0.91323483141049788 -1.2115090850055086 2.3253917973959695
92 1.1092585992134201 -1.2671156045273952 2.3775550317370668
93 1.3039030814208636 -1.2965745794708055 2.4373294959692422
94 1.5041349183538115 -1.2875563980283911 2.465884675142032
95 1.6972226381996733 -1.2338928393921145 2.4408388686101836
96 1.8712432344412204 -1.1537761428580502 2.3727040850526842
97 2.0297019174014657 -1.06592561243615 2.3028091868066838
98 2.1390983042232121 -0.99886756686473643 2.3985175125066815
99 0.3500690382954203 -0.59791519564720974 2.3401331281157902
100 0.50211309973565954 -0.75997304029221402 2.3066981726509779
101 0.70125659393482254 -0.89515603975052349 2.3122138268301189
102 0.90502189057002824 -0.99229860315501361 2.3536253457128051
103 1.1007228571680865 -1.0590898051005591 2.4156019633650638
104 1.2874537122319123 -1.0973849075587137 2.4922540620380635
105 1.4847125853760419 -1.091490769142321 2.5331878200115483
106 1.6747003665337341 -1.0231887822732375 2.4991048239525857
107 1.8444733381138554 -0.91869664499487036 2.4111088434363901
108 2.008959690668541 -0.77484757575968222 2.3343879239767293
109 2.141066262015713 -0.63373084829432669 2.3308572533624634
110 0.20000032790718589 -0.068750752356465397 2.300000039591183
111 0.45809607043246592 -0.50139324700805066 2.3122541326673884
112 0.7132490969410159 -0.68946748911055855 2.3470210353732792
113 0.92580649424003458 -0.79931154159147855 2.4069605574202031
114 1.1113320768323465 -0.87289060642062988 2.4885363985806972
115 1.2626134268630851 -0.93601500262841053 2.6085601715198172
116 1.4591632288543983 -0.92943722454613964 2.648085458021185
117 1.6429866990953863 -0.84642424671830818 2.5992401200136639
118 1.813450960196511 -0.7355506517849153 2.4792552808140806
119 2.0007184470066357 -0.5434450488068826 2.3707335693695191
120 2.1999998308725623 -0.10000067802496264 2.3000000624117871
frame 72
0 0.87933191120283705 -2.7370244847368137 2.9918634178979073
1 0.81714989848647579 -2.8390397446717848 2.8322402467631242
2 0.89947412105460911 -2.9256202543525425 2.6714426194304615
3 1.042200732015933 -3.0101713039052429 2.5463427889906107
4 1.2265599080517102 -3.1093501267122394 2.4575931217041211
5 1.4388938893304037 -3.2642242337934593 2.4127961682675525
6 1.644990952512666 -3.4147371292530537 2.4016934185279415
7 1.8432586192248215 -3.2652800326635356 2.4106911518843654
8 1.7803320340450242 -3.0397396129486629 2.4584730856630697
9 1.6936793584723993 -2.8830364537038888 2.3655002572412434
10 1.5448095337677936 -2.8052400619462183 2.4734130962902303
11 0.79188262700334044 -2.5755903860132507 2.9086622799811526
12 0.79313141609384485 -2.6660471382500872 2.7319717162807513
13 0.89781529134340132 -2.7451168614791244 2.5799236564158048
14 1.052952814887 -2.8228291265823797 2.4670292475729663
15 1.2400947724680405 -2.9062271647441387 2.4028329985168777
16 1.4339005108801499 -3.004635568779459 2.3887911906039858
17 1.6160518587990933 -3.0724374581098512 2.3983138181728387
18 1.7825359284603248 -3.0129321783073064 2.3896824774369589
19 1.9402325794329542 -2.9030156265427172 2.4479603451238701
20 1.8105503122362414 -2.7470688011512827 2.4606447186533198
21 1.6502700328758071 -2.6357876172705277 2.4978681605882334
22 0.71623720497668575 -2.4067921772356278 2.8204811670064389
23 0.75785225779800991 -2.4817707441361283 2.6432431360718618
24 0.87517345971733174 -2.5506269133138022 2.4973930929935686
25 1.0415487049764498 -2.6141204673514977 2.4005048683483934
26 1.2323160752598861 -2.6754087491856948 2.3629589535940045
27 1.4203509254683899 -2.7358129603744259 2.3750864478462597
28 1.594700902894133 -2.7690376705361888 2.4026369771830756
29 1.7611963852185486 -2.7378489693091894 2.3873170845583744
30 1.9337147282262181 -2.6777013030897008 2.3611244307382524
31 1.9302148453477288 -2.5797158959449531 2.526054586637823
32 1.7665402520452589 -2.4683073432811558 2.5172511966798976
33 0.65449253710690769 -2.2214611407488838 2.7382992462379421
34 0.71735345703556042 -2.282913351653356 2.5653173157625746
35 0.8476731189405674 -2.3397641926514736 2.4296267599675279
36 1.024897391220541 -2.3889274141430703 2.3540487428055101
37 1.2175605221532677 -2.4334835995291613 2.3433770425718703
38 1.4023668559367821 -2.4725290520463261 2.3743645933628756
39 1.5779011869440325 -2.4893699814091934 2.4085127166144531
40 1.7503546748453072 -2.4687262819340647 2.3932619867137288
41 1.9143060208981839 -2.42829668306294 2.3274395959771037
42 2.0116770133804107 -2.3680550360506261 2.4734469326536175
43 1.8634005989189362 -2.2831678475458528 2.5581035914002999
44 0.59706702953235335 -2.0191165523241885 2.6642181272841872
45 0.67555141139069574 -2.068424333686981 2.4981106807660916
46 0.81939637882398442 -2.1149509650268419 2.3771654172035945
47 1.0051508574455441 -2.1544437618088068 2.3263082797605716
48 1.1977811124939988 -2.1898836837109448 2.3383041024106044
49 1.3824735731690301 -2.2175146545152744 2.3792232653108081
50 1.5629296205310503 -2.2252541539296602 2.4115522641033458
51 1.7411740196449339 -2.2071492542554862 2.3980478473103268
52 1.9017505542173894 -2.1735775736498621 2.3199070976987546
53 2.0499136870290675 -2.1322685354723365 2.4182321126692852
54 1.9477207810037389 -2.0696835357879517 2.5583108266290226
55 0.54097049481451942 -1.7983583256862405 2.5963106868775907
56 0.63418543452237053 -1.8383890332590436 2.4408759993780866
57 0.79119366814174241 -1.8792717086572823 2.3392598882333502
58 0.98223518493563022 -1.9160641983199129 2.3130479143913636
59 1.1747503459465973 -1.9490427851304737 2.3409886893831922
60 1.3623305498783764 -1.9711058880537575 2.3854731815032406
61 1.5489424637872629 -1.9727640636388859 2.4131537594191848
62 1.7322532026689057 -1.9521040762896489 2.4006839754770746
63 1.8953753357224405 -1.9177896964474157 2.3240564923691207
64 2.0656417270626823 -1.8820685064904903 2.3739422804864243
65 2.0142692499513153 -1.8328839968983635 2.5384325983994693
66 0.48601257528484226 -1.5566216379498787 2.5318796703326747
67 0.59465682399484221 -1.5925067819821854 2.3922741688619817
68 0.76335991880880916 -1.6354128187065238 2.314263361936491
69 0.95703312199024926 -1.6772585127004922 2.3097111979092864
70 1.1505752378366252 -1.7133194210209226 2.3474223468888291
71 1.3426367610380314 -1.7340356158048185 2.3930835556179302
72 1.5357128431784561 -1.730842699646385 2.4166891268614017
73 1.7238446777625074 -1.7032030154069651 2.403219178877849
74 1.8917707179193941 -1.6613064429013771 2.3333266460670976
75 2.0674775777230274 -1.6207527285267522 2.3397661452173768
76 2.0701967600721556 -1.5766606949754742 2.5079417726457245
77 0.43389413953105777 -1.2882226985914405 2.4682333922676105
78 0.55885009177366463 -1.3297184687187835 2.351690280336566
79 0.7369764746109253 -1.3858666397589994 2.3007949074293634
80 0.93203405352563362 -1.44057280848142 2.3135895877383823
81 1.1275336788030079 -1.4844873942765495 2.357067342105295
82 1.3235630554245668 -1.5075691855340039 2.4051155162792699
83 1.5223902580578823 -1.5004102984548415 2.4268292686979822
84 1.7149328201960499 -1.461457361001461 2.4099632885175786
85 1.8874293619630818 -1.4042582684814231 2.3457032686108068
86 2.0583712103892458 -1.3481376193573584 2.3153490992431909
87 2.1163369231901203 -1.299750812948854 2.4644890972588001
88 0.38801097418331687 -0.97990704500699721 2.4032704805535627
89 0.52875191995502135 -1.0494977769304601 2.3206286998829007
90 0.71435510084596521 -1.1349318832558724 2.2989486093111542
91 0.91166585149510371 -1.2092964202489991 2.3251242127179252
92 1.1091009881136933 -1.264256787268081 2.3732548725509264
93 1.3055547743405711 -1.2929482136706856 2.4283162744698816
94 1.5068196437985284 -1.2839355889436763 2.4529763674606566
95 1.7007678655527494 -1.2306155076219945 2.4270598891353332
96 1.8784366823147967 -1.1505083331184494 2.3665543671943019
97 2.0401241677496231 -1.062446822015273 2.3034227391140285
98 2.1455716286345519 -0.99393987997774769 2.4032084128900255
99 0.34811091322408827 -0.59698448543014448 2.3382197711090518
100 0.50040057216398148 -0.7585647555466013 2.3058456390588264
101 0.69935104121914149 -0.89343249722946805 2.3114349109730186
102 0.90367015786455718 -0.99004327165969064 2.3499662721083512
103 1.1012919698507833 -1.0558373246596979 2.4061764822211913
104 1.290111922152412 -1.092899829002101 2.4779476758842907
105 1.487458509763566 -1.0883110275945851 2.5171120347579947
106 1.6765655796701944 -1.0202810333558123 2.4777755209184642
107 1.8498518155633472 -0.91574855745838601 2.3981629484247442
108 2.0163259928485648 -0.77181587024506548 2.3282942636064385
109 2.147092943759302 -0.63082728504033647 2.332760927360213
110 0.20000032530497791 -0.068750750282437337 2.3000000372526639
111 0.45687132887685655 -0.5001473207427708 2.311159141163476
112 0.71199843236575167 -0.68734044918988491 2.343601296843898
113 0.9258749897223717 -0.7960131952093239 2.3989228575921939
114 1.114539084221595 -0.86763773661587162 2.4731825740925384
115 1.2686728693925684 -0.92806582454551645 2.5896726242058876
116 1.4645944655856882 -0.92494233180355023 2.6297929462464174
117 1.6431035024568157 -0.8414691661314091 2.568395767653346
118 1.8146014192089737 -0.73065749049460083 2.4603493809029313
119 2.0034853021989609 -0.54028615840030048 2.3626254547881631
120 2.1999998394617353 -0.10000067200691638 2.3000000576356596
frame 73
0 0.85432439866182919 -2.7390224869779005 2.966788518151815
1 0.79439110424175852 -2.8397212516003636 2.805472376740866
2 0.88559383742923981 -2.9205674534678852 2.6465778909654452
3 1.0372599230117332 -2.9968512747100098 2.5282020995742762
4 1.2261443883997725 -3.0856319917645956 2.44563838734142
5 1.4407208956222302 -3.2233796939740693 2.4022254089132331
6 1.6475510375417681 -3.3738925941445674 2.3878541317270869
7 1.8473607302177975 -3.2244354930420114 2.382664701233312
8 1.7996478417908424 -3.0132851443417499 2.472798154786799
9 1.7211979128281745 -2.8531169810655674 2.3769996311783301
10 1.5737436448462814 -2.7792092781844224 2.4896825157907698
11 0.76005236257546349 -2.5805080032374685 2.8855707667860093
12 0.76990797986012705 -2.6659254205591112 2.7066833099656171
13 0.88529175730310394 -2.738087605224151 2.5592384394790386
14 1.0487779050861499 -2.8077567729222253 2.4541699781640105
15 1.2399125443066121 -2.8827883073948497 2.3955565672468131
16 1.4363033466106037 -2.9722425571349964 2.3812105103363028
17 1.6207447362491529 -3.0387816791363917 2.3868881322521203
18 1.7890926779380791 -2.9785882293957884 2.3741249123910633
19 1.9530744284089476 -2.8760545014197598 2.433207539816324
20 1.8302205993362803 -2.7236574386365611 2.486589045128432
21 1.6726993001480945 -2.6048951348221245 2.5073316958086682
22 0.69135228713724994 -2.4084976304517243 2.7985694541909889
23 0.73868373642531537 -2.4796516789357468 2.6210724739057389
24 0.86595761128656856 -2.542187720553239 2.4808828454914114
25 1.0390684593932125 -2.5991274070398958 2.3924521782456498
26 1.2322689307778318 -2.6547631044974618 2.3598009632838877
27 1.4222479841371425 -2.710331083079526 2.3704308012632231
28 1.5996320063610343 -2.7419028737201403 2.3930773649494839
29 1.7678714613913951 -2.7099693717761375 2.3744767737765624
30 1.9438838297558618 -2.6508377910121559 2.3591959714344903
31 1.9597756444811705 -2.559713394162622 2.5295221232142859
32 1.7965155682360483 -2.4460244337956363 2.5423152554085608
33 0.63402207003346156 -2.221477657128899 2.71872182995941
34 0.70194683271735581 -2.2794688399504044 2.546178221377104
35 0.84135618506913146 -2.3307993825908286 2.4173337377724256
36 1.02329094127026 -2.3752174738691525 2.3502092657011686
37 1.2171917215940915 -2.4162696578244169 2.3429333888364239
38 1.4039252593896738 -2.4523933160649567 2.3711328936718692
39 1.5823097844581737 -2.4676922054999015 2.3998443675849366
40 1.7562439993643588 -2.446271466025475 2.3818888955799191
41 1.9262517809319033 -2.405780720689378 2.3282460810351706
42 2.0288685494906256 -2.3478790128458948 2.473789391037021
43 1.8981883822248644 -2.2673840011211288 2.5887647077107716
44 0.58000418455870473 -2.0180790702437772 2.6473909125818182
45 0.66370703872094317 -2.0640861705032116 2.4825642618959542
46 0.81520103815138467 -2.1061683320451245 2.3692230513984529
47 1.0037103398105265 -2.1426255678759754 2.3257545239426642
48 1.1971368767373529 -2.1759216629423563 2.3391486147651483
49 1.383921810163798 -2.2015429313873955 2.3762177005424951
50 1.5668079531214143 -2.207982838958277 2.4030736463060984
51 1.7464037625611672 -2.1892164500913314 2.3875819151669342
52 1.9134893554676529 -2.1554574497918018 2.3205251124502779
53 2.0622624964348342 -2.1144473940010742 2.4207226429232067
54 1.9762266149057737 -2.0543870922741601 2.573773197459805
55 0.52684956561867269 -1.7965870361264977 2.5824014156263928
56 0.6254403604185963 -1.833586987595563 2.4292023257764859
57 0.78822927024962419 -1.8712598353619168 2.3352556500861597
58 0.98060880205045364 -1.9063106805856112 2.3145375763921887
59 1.17401950018505 -1.9378785335373336 2.3419071396715743
60 1.3637894428679005 -1.9584385287070731 2.3817620896962133
61 1.5524521625363965 -1.9590825386586574 2.4041803150347345
62 1.7370821910888512 -1.9379584208327627 2.3902992991008434
63 1.9060437233923819 -1.9035805876868479 2.3235480009417806
64 2.0762854428948545 -1.8673754529148991 2.3778210485568558
65 2.0355420038258654 -1.8190667103030247 2.5468389751880447
66 0.47466267863218436 -1.5542905507228333 2.5208592927062914
67 0.58844675414807901 -1.587637775026711 2.3844154846211265
68 0.76092360491548683 -1.6285192305187928 2.3133005055692002
69 0.95516484966105808 -1.6694208492372749 2.3119779350122562
70 1.1498696410213594 -1.7044428439807866 2.3474230343718427
71 1.3441307913625273 -1.724000906763751 2.3878457463530589
72 1.5390133941773594 -1.7201012028226899 2.4063027215088049
73 1.7285020003882918 -1.6922672013088864 2.3919070680476127
74 1.9013216969212288 -1.6505009402943318 2.3305437173276942
75 2.0778129645138086 -1.6093287917637533 2.3436157320112785
76 2.0852846014133082 -1.5648604484339996 2.5127802688015191
77 0.42538749479451554 -1.285471607281288 2.4600525355622329
78 0.55463779941949454 -1.3251098595335233 2.3472899371335978
79 0.73468528462716776 -1.3801708959763481 2.3017040350947711
80 0.93005157951011042 -1.4342780973010618 2.31545091989409
81 1.1269192467320377 -1.4773175106717713 2.3552208487853488
82 1.3250876867854211 -1.4995112661962688 2.3974222438410329
83 1.5255597213797185 -1.4920195929144542 2.4135011924324656
84 1.7195220975725032 -1.4532498058807548 2.3962396053816959
85 1.8961492417919037 -1.3963477651180816 2.3392363729440855
86 2.0694056622640686 -1.3397879909514836 2.3174282539737638
87 2.1265830518387387 -1.2902099451786058 2.4676981623479715
88 0.38254360250280184 -0.9769947959091464 2.3980776521396967
89 0.52599586688021149 -1.0454465824673891 2.3190345715916649
90 0.7121394956117888 -1.1302776514160373 2.3003245443412981
91 0.90986199089166642 -1.2039957342414891 2.3253078176976807
92 1.1088425201864238 -1.2579902959196145 2.3684598259803744
93 1.3073117456058134 -1.2858916438406107 2.4170760434276155
94 1.5098357796882687 -1.277090611027953 2.4345947365656277
95 1.7049155665199036 -1.2245373556782952 2.4073307048565451
96 1.8865136028376286 -1.1447947912827132 2.3552689145158907
97 2.0521407721325935 -1.0566244585092819 2.3012748577959088
98 2.1529063164578486 -0.98674849575486823 2.4059885558729648
99 0.34565221866523266 -0.5946647502044905 2.3363153396460441
100 0.49850726048235267 -0.75534883376993667 2.3056557742846118
101 0.69746539198888646 -0.88943433647722137 2.3115441750619978
102 0.90263957379542248 -0.98503876470128948 2.3469923818237599
103 1.1023005883088233 -1.0495134167947211 2.397364483938996
104 1.293597622310348 -1.0854083880192036 2.4631789217240021
105 1.491656083905252 -1.082720381831348 2.4979221356920824
106 1.6779744116277877 -1.0145030427439015 2.4464462179843429
107 1.8568343581926483 -0.91102286636909724 2.3800917031202364
108 2.0252644709637981 -0.76710799441110067 2.3177561460758902
109 2.1537471457841506 -0.62643021662972331 2.3336580765407398
110 0.20000032210289065 -0.068750745669810834 2.3000000352152141
111 0.45562824708092725 -0.49748797179685122 2.310415139801961
112 0.71088318905044923 -0.68310452619804729 2.340431332307161
113 0.92645795222535543 -0.79014134620745935 2.3908217397074223
114 1.1185269888012768 -0.85955282698754543 2.4580663862931442
115 1.2774853405717741 -0.91664559065313056 2.5697003679169947
116 1.4738499976310306 -0.91723571154301464 2.6075961432818682
117 1.6441429377427084 -0.83399842609782737 2.5275514153930283
118 1.8156099036053395 -0.7236316506714715 2.4326147320040752
119 2.0070847164423467 -0.53591832529112537 2.3506083564262319
120 2.1999998499323841 -0.10000066334117655 2.3000000495414517
frame 74
0 0.84293798831085198 -2.7481864582965732 2.9553983718704755
1 0.78312936228961416 -2.8463327179497875 2.7939883725966057
2 0.87482431795990301 -2.9208571523980753 2.6351993965291305
3 1.032701512199369 -2.9888239862771284 2.5171963842376255
4 1.2263322241983616 -3.0743170641957529 2.4358458322978946
5 1.443159116653941 -3.211115282658576 2.3923905345236673
6 1.6507559180113276 -3.3616281830902452 2.3770868851117926
7 1.8510914040184356 -3.2121710817374876 2.3711109216831892
8 1.8107187054036549 -3.0042892707284086 2.4760444942872657
9 1.7325401983692776 -2.8414582528340122 2.3849822375056133
10 1.5853477448711206 -2.7707925949758185 2.5005844883755737
11 0.74828770050893201 -2.5907806346477948 2.8745016580563112
12 0.75862047826841617 -2.6721410824166663 2.6952813269316942
13 0.87547271400269344 -2.7364574295304434 2.5480916561516653
14 1.045214816627448 -2.7984908932845585 2.4465989571962536
15 1.2399631462119003 -2.8714888629085586 2.3900209355404964
16 1.4383840689761018 -2.9604466964987934 2.3735322445884872
17 1.6243835494472509 -3.0269158109846788 2.3762546950862551
18 1.7938632249234168 -2.9666842092690398 2.3632624048451705
19 1.9584700771297354 -2.8645597832594261 2.4248544632117284
20 1.8410275489573351 -2.7164749044888623 2.4980273922174887
21 1.6839427732045338 -2.5945994941762267 2.5167439601947792
22 0.67997267340689682 -2.4185921802658177 2.7873546742285447
23 0.72762103833342984 -2.4838256354022081 2.609843337853881
24 0.85881216842196939 -2.5379521193732555 2.4708666541931947
25 1.036836752963662 -2.5888950252330831 2.3886431344362591
26 1.2320749503708188 -2.6436185150459823 2.3575900249405248
27 1.4238490760440476 -2.6989183740612468 2.3640819031191787
28 1.6031869254005253 -2.7303985272431182 2.3825473824578047
29 1.7725142091966781 -2.6984237337273824 2.3637649101503122
30 1.9499079437308817 -2.6393484844954669 2.356852360164861
31 1.9714144879403064 -2.5502454858195787 2.5289842447189286
32 1.8081773924206552 -2.4396998503866074 2.5537048006665142
33 0.62288719238660561 -2.2281450964567164 2.7076364628327747
34 0.69109269328892364 -2.2805144778509647 2.535117154710278
35 0.83589420456568397 -2.3245544747937092 2.4104895630248442
36 1.0213444995960788 -2.3645992419223729 2.3495995640170024
37 1.2164583205013735 -2.4053153211569023 2.342314954078577
38 1.4051954303621661 -2.4412769958289413 2.3649199013077102
39 1.5853684318640004 -2.4564903949429922 2.3893637965098735
40 1.7599674122995641 -2.4350265765588146 2.3712583742563282
41 1.9338609050952791 -2.3945324412774784 2.3284635288423097
42 2.0356506634302565 -2.3367604590959536 2.4757764051667777
43 1.9101170084231651 -2.261257759167616 2.6004645524882561
44 0.56905822465744194 -2.021093597394493 2.6364580159658439
45 0.65380759014023204 -2.0624045054388742 2.4719471543919806
46 0.81093871034464349 -2.0988111982275632 2.3653695256742382
47 1.0014938459798037 -2.1323454466398997 2.3272415154144279
48 1.1960579494862789 -2.1651476119855557 2.3388306351140069
49 1.385002917230665 -2.1906574630175393 2.369669639699302
50 1.5693510617938959 -2.1970253215307269 2.3926035938846946
51 1.7494642443545174 -2.1782222598628156 2.3770016865185122
52 1.9212289227159218 -2.1444528746047311 2.320342789235375
53 2.0668144836477289 -2.1034593943252635 2.4257715294290301
54 1.9878069713474646 -2.0459797748285653 2.5846304274614202
55 0.51606670481707251 -1.7966928436636078 2.5716302890900864
56 0.61731255972257604 -1.8298745707667095 2.4203270815565685
57 0.78474006948019237 -1.8635117950905558 2.3340381723816885
58 0.97808559832346709 -1.8967416617485058 2.3169803833439531
59 1.1728085214552388 -1.9275041717064454 2.3410971687281288
60 1.3646938370126978 -1.9477362534665839 2.3746527369663752
61 1.5544841125184525 -1.9483240383205676 2.3936828295469352
62 1.7395856689429363 -1.9271741892132268 2.3797235752525134
63 1.9126883446085743 -1.8927928382314925 2.3217091208967311
64 2.0807919599117937 -1.856560873675968 2.3831710970918629
65 2.0467213600590624 -1.8091802097031113 2.5543685911707801
66 0.46403344320502216 -1.5522321253145608 2.5108528970758681
67 0.58220641596864475 -1.5825347440173707 2.378133446249564
68 0.75779801054378937 -1.6209410371347335 2.3141726312856172
69 0.95248439469150159 -1.6607149784833599 2.3144492670963741
70 1.1485948737501004 -1.6947491480291186 2.3455760366462277
71 1.3447409265491475 -1.7136025691724348 2.3798700652258442
72 1.5403729576487402 -1.7095056969349955 2.3957269018064431
73 1.7301509789773868 -1.6816609225184667 2.3812799274573129
74 1.9061458021527538 -1.6399018859414787 2.32638728194167
75 2.0823324149190205 -1.5986954515707692 2.3474355688888253
76 2.0961210675905422 -1.5543867403421368 2.5164095608771446
77 0.41666946786353498 -1.2819940054745631 2.4520941095273012
78 0.5502125274751033 -1.3194350382044402 2.3439133863014301
79 0.731787113410027 -1.3731654246242475 2.3037712198822118
80 0.92746940266333278 -1.4264457377866078 2.317092759152549
81 1.1256228514232234 -1.468250957178862 2.3517957346381095
82 1.3251927025078796 -1.4895512891573799 2.3881639116825775
83 1.5258202308926749 -1.481591836449448 2.4027622872056913
84 1.7195790130387327 -1.4427947811086226 2.3854787678056462
85 1.8986143492647405 -1.3861599718871345 2.3325589129441933
86 2.0734764572689808 -1.3299151189523781 2.319586608255984
87 2.1345686200062381 -1.2801062106282943 2.4687455468326949
88 0.37673942179964898 -0.97297135613676433 2.392922755498438
89 0.52304701494817152 -1.0400370605663345 2.3181873509941844
90 0.70963574189469225 -1.1240377359284404 2.302390461377994
91 0.90772450606376553 -1.1969791986893725 2.3252223253843769
92 1.1077612128949421 -1.249080888035476 2.3629981416943973
93 1.3067920800045463 -1.276018002602044 2.4064528878353877
94 1.5083881541752515 -1.2668373562384838 2.4235756634916332
95 1.7022601034501144 -1.2142003845036211 2.3962369237486576
96 1.8856945551102375 -1.1352153273114058 2.3456769776738589
97 2.0553221722816901 -1.0482107702464596 2.3014161726125826
98 2.1570937591338257 -0.97809076234805614 2.4060559654591183
99 0.34291894078664348 -0.59144877941208174 2.3345497721925752
100 0.49648564451991273 -0.75084403743815853 2.3059848508501348
101 0.69546496492831189 -0.88390644002115482 2.3121669107098208
102 0.90138236317604581 -0.97774421025435232 2.34444817202237
103 1.1021798430905734 -1.0402863973042453 2.3900392140669089
104 1.2941808748760344 -1.0750310202260547 2.4523601456629525
105 1.4895126129518832 -1.0745307190061506 2.4883884133400858
106 1.6703871670356352 -1.0041827124409128 2.4347093291019437
107 1.8530775291878441 -0.90232409594442586 2.3690898377483607
108 2.0262214530586125 -0.76041078536137174 2.3128912102112511
109 2.1548346999412233 -0.62067779437604109 2.3338205924802287
110 0.20000031850575736 -0.06875073917740171 2.3000000335751518
111 0.45432069439007899 -0.49370651358380574 2.3100311621323213
112 0.70958516880250588 -0.67726991020843164 2.3378607031937477
113 0.92662946379801991 -0.78221762109825577 2.3839965448981491
114 1.1213420430565373 -0.84963194561982081 2.4472283485951167
115 1.2823318209073138 -0.90601245574639833 2.5585931109556177
116 1.4747481293600133 -0.91209688374080011 2.6029423931992213
117 1.6342005638837276 -0.82358425017603765 2.5152870144757644
118 1.8091142088338477 -0.71528994124986833 2.421077129872566
119 2.0052530712937955 -0.5307135564355433 2.3438087131211383
120 2.1999998506679743 -0.10000065363531063 2.300000045406374
frame 75
0 0.82856584433022673 -2.749262753959163 2.9347498491640831
1 0.76814656648480684 -2.8455316985879824 2.7725043685523456
2 0.86904056492072301 -2.9154769620984711 2.613820902192816
3 1.0312928555900671 -2.9793501639482747 2.5012114164188501
4 1.2257279110089843 -3.0588209182011235 2.4242739717694017
5 1.4419834092801338 -3.188850871443083 2.3809789214535084
6 1.6486079909147231 -3.3393637721359233 2.3630191166441601
7 1.8480559520455218 -3.189906670532964 2.3532543102919421
8 1.8260183094229947 -2.994723516604048 2.4790410855986673
9 1.7473959679826767 -2.8283395258953097 2.3966300527496553
10 1.602619340164684 -2.7575902492750868 2.5146142043609561
11 0.7307032762708443 -2.5910882684134116 2.8562512579529082
12 0.74329281249010071 -2.669551030675779 2.675155225196225
13 0.86973926871138707 -2.72963023876942 2.5325780141288199
14 1.0433929402975233 -2.7870876123297332 2.4371164756779748
15 1.2388056198343147 -2.8547153781884109 2.3826036792568228
16 1.436952799652089 -2.9400593302981237 2.3638024961440505
17 1.6228155407850071 -3.0059507346423224 2.3625798144441279
18 1.7921481908355987 -2.9454247017759001 2.3496709602983521
19 1.9582226216709357 -2.8470201411588167 2.4126487966688797
20 1.8542829747572604 -2.7069538788565142 2.5176900345407129
21 1.6995356900925676 -2.5821986891794744 2.5291314356385484
22 0.66068649197869267 -2.4186867301799113 2.7705263401790976
23 0.7140874981341937 -2.4800060754135389 2.5926163716500001
24 0.85359415028866181 -2.5300744715378554 2.4609473248148293
25 1.0348294973362311 -2.5766790927419709 2.3844635097817184
26 1.230147029134542 -2.6273938434978437 2.3536051335360662
27 1.4220710768296898 -2.680589711127106 2.3552359316609932
28 1.6021093903339994 -2.7111219551007126 2.3677708335038652
29 1.77174718816168 -2.6787512407869061 2.3495495613306461
30 1.9497489851178342 -2.6202560817626739 2.3505111196322508
31 1.9833316335396398 -2.5372393710924883 2.5234139193282292
32 1.8245338081840092 -2.4262189475427154 2.5677647857666477
33 0.60478341300218463 -2.2255535326456575 2.6932053831009006
34 0.6799822034441444 -2.2754042725914325 2.5224834365462092
35 0.8315598440749421 -2.3156872529506041 2.405076196323082
36 1.0188194251136091 -2.3525382924761211 2.3493107920652356
37 1.2138772087806016 -2.390428328164627 2.3399475182601193
38 1.4034617696839351 -2.4246631133483998 2.3558567854074912
39 1.5846281461749436 -2.4388612711177013 2.3739363555614643
40 1.7596572735586531 -2.4169641434068505 2.3558005479186019
41 1.9359676600769467 -2.3765133567233145 2.3240258509394032
42 2.0417689594620074 -2.3222000238143106 2.4698294783998405
43 1.9320456345214658 -2.2484298008333425 2.6081915199327099
44 0.55228290103977618 -2.0174845345833505 2.6236067487185357
45 0.64465731353141387 -2.056494836018512 2.4627416498211132
46 0.80711396573510763 -2.0895701939813374 2.3635148505348607
47 0.99843223536500025 -2.1208841108142225 2.3289821393353329
48 1.193259818306931 -2.1517274741486316 2.3365199896967876
49 1.3835153011283923 -2.1755130448469044 2.3600451096467387
50 1.5687786787456082 -2.1809499968281076 2.3773487296205813
51 1.7493376890508898 -2.1617363706567407 2.3612316937513005
52 1.9244071588545655 -2.1281045399512468 2.3157289240802399
53 2.0700392771338207 -2.0880236201858513 2.4220976853491094
54 2.0049823995599025 -2.0326483941910811 2.5868181034498265
55 0.50122973293135631 -1.7924219791501679 2.5604976400815138
56 0.60983653933767945 -1.8232367267401199 2.4136491567512963
57 0.78118009214495077 -1.8542836368338751 2.3347000155878845
58 0.97471359159243287 -1.8859525020015622 2.3192838948369587
59 1.1701353537272876 -1.9152437538049862 2.3380570484761831
60 1.3634003037825184 -1.9339828020224088 2.3645714971738045
61 1.5539954500539428 -1.9337353699629116 2.3788617269421506
62 1.7395775450773741 -1.9122175760926938 2.3640683054915281
63 1.9157330994509609 -1.8780707786883255 2.3159099086294561
64 2.0825496129078243 -1.8418075592801069 2.3819232715135672
65 2.0599127457879707 -1.7959820203546772 2.5552987486632306
66 0.45222426276196764 -1.5473936726011221 2.5016469347848935
67 0.57642677557379229 -1.575449615455498 2.373860748905293
68 0.75442154592993516 -1.6119490249119157 2.3163478195976368
69 0.94909851854501315 -1.6504556261456129 2.3163074150915266
70 1.1461627651652961 -1.6832224485093525 2.3415165468308787
71 1.3435413179916738 -1.7010001121025713 2.3694390881995702
72 1.5399152102333655 -1.6963471600893398 2.3811036428116177
73 1.7302235262391334 -1.6681706806519712 2.3657974226107634
74 1.9085154633265933 -1.6267545434971875 2.3189320670793756
75 2.0838607270082155 -1.585470088646211 2.347778759451804
76 2.1052019075787767 -1.5419594201326965 2.5166800271682503
77 0.40771111179692426 -1.2766389689250193 2.4449420917935289
78 0.54588527351746741 -1.3122348234730667 2.3420025923226482
79 0.72853353664410359 -1.3645180643080919 2.3064676585409014
80 0.92427978750119844 -1.4164694365208221 2.317805734380022
81 1.1234343689276987 -1.4571583447946601 2.3465773386437903
82 1.3240764692400142 -1.477678940742349 2.3773381851569448
83 1.5254714138210712 -1.4697446461512018 2.3877070228988644
84 1.7198115732360451 -1.4306647333618434 2.3698634641062375
85 1.900243880255257 -1.3744298063774611 2.3233328578375105
86 2.0755822474289292 -1.3183547291960904 2.3198346937146885
87 2.1403413509420433 -1.2688547589961894 2.4682307972237796
88 0.37065726675341931 -0.96758008166528597 2.3884635121858659
89 0.51971956192170765 -1.0331997639747139 2.3181580463540881
90 0.70646713626434698 -1.1157558189880217 2.3044479553699775
91 0.90488654828385462 -1.186907545038143 2.3241968003211166
92 1.1059210046958705 -1.2381739680086181 2.3564788231111296
93 1.3060487334008708 -1.2644888705625053 2.395025901128832
94 1.5084456942631725 -1.2561024650735864 2.4067360049314228
95 1.7031272318805402 -1.203205262448269 2.3801936602431026
96 1.8867414406182743 -1.1246837064166624 2.33457296611958
97 2.0582823102517045 -1.0383925183999607 2.3000546229639713
98 2.1601056751848651 -0.96855519745346463 2.4056958809950837
99 0.33960754186104353 -0.58733548363079036 2.3331760080917756
100 0.49382104443644914 -0.74489765275712883 2.3065534256202112
101 0.69270489025101978 -0.8758360695753391 2.3125723022351607
102 0.89914382863970732 -0.96809093226035281 2.3413787022829404
103 1.1011202746319244 -1.0295315084019581 2.3824606574634308
104 1.2944236467063781 -1.0639129625121002 2.4415144038616834
105 1.4915238725989042 -1.0655779315848271 2.4773094386521959
106 1.6717598488345466 -0.99353789266720505 2.4132487457968645
107 1.8545637608221239 -0.89251337335473546 2.3561449586306336
108 2.0289090980087336 -0.75199888268705883 2.3071559071175387
109 2.156850895092048 -0.61414212622991382 2.3338494191874122
110 0.20000031391225309 -0.068750730382075284 2.3000000322779646
111 0.45249476754858864 -0.48846477431237573 2.3097420960115396
112 0.70727972726288302 -0.66898891614159961 2.3354266246861246
113 0.92501642574272647 -0.7718940027816189 2.3774991397176097
114 1.1208590020418865 -0.83769235068812398 2.4358548919449672
115 1.2840580936759376 -0.89146752047257238 2.5430142682006234
116 1.4776824191319706 -0.90281840443197647 2.5908575843665296
117 1.6342581899247468 -0.81371519885773502 2.4930226136585008
118 1.8091238809697825 -0.70520746434094805 2.4053055754633497
119 2.0053699689808568 -0.52327062691166515 2.3369244742706101
120 2.1999998541118098 -0.10000064064139087 2.3000000405373431
frame 76
0 0.80488096910410212 -2.7450157908789059 2.9074258646521063
1 0.74798901322879063 -2.8385274635255158 2.7410203646080857
2 0.85906211493206608 -2.9035710244987829 2.5873885843539255
3 1.0258186387902584 -2.9630616140026746 2.4822608799773027
4 1.2210912913419176 -3.0363570322566567 2.4101602383244867
5 1.4363728305076646 -3.1565864603275902 2.3673264258862861
6 1.6416401919147259 -3.3070993612816015 2.3473691390325158
7 1.8404770738976091 -3.1576422594284406 2.3380860457820214
8 1.8478113096368336 -2.9796951193999401 2.484855401629154
9 1.7678539589776459 -2.8106319532397457 2.4107429455907479
10 1.6242905382848212 -2.742291889773123 2.531519295734332
11 0.70577219973888594 -2.5856235735635376 2.8320401485864912
12 0.72403039521301515 -2.6602695069061912 2.649304061559683
13 0.86122049786476218 -2.7151616316473177 2.513902414436223
14 1.0386149061324115 -2.7687295557280569 2.4245158908977635
15 1.2343058999306951 -2.8316251283204963 2.3724854773253603
16 1.4319912256642997 -2.9117097478008152 2.3515821295532939
17 1.6174973853614119 -2.9767918257159365 2.3467371484067798
18 1.786901605315893 -2.9163671023743936 2.333816113423743
19 1.9539385973354733 -2.8219451698332989 2.3993806954841856
20 1.8748958149664134 -2.6928789358121676 2.5358966747207123
21 1.7206324931767285 -2.5669302181809934 2.5468823351659489
22 0.6346659688873133 -2.4104026320645824 2.7495591888163284
23 0.69760007964380377 -2.4685671473525637 2.5727476098787796
24 0.84654676525457029 -2.5144368795428944 2.4491745892389929
25 1.0303929371590956 -2.5579596187886779 2.3775706305055926
26 1.225555806556311 -2.6054126627643313 2.3467084521666668
27 1.4173328175359126 -2.6555549908833362 2.3438648662789494
28 1.5978854937218909 -2.6849441356356669 2.3508846465903219
29 1.7678582205901805 -2.6526472951120392 2.3320264286328225
30 1.9465201358240429 -2.5961220866358792 2.3409416485997632
31 1.9949175599158115 -2.5181963425290927 2.5128712378985618
32 1.8450316312001387 -2.4100421975527118 2.5844889363017916
33 0.5808305533392667 -2.217640626570248 2.6750070297442687
34 0.66698983689059554 -2.2632670761179119 2.5076266697824163
35 0.82584533149187178 -2.3001152940343852 2.3985433033756749
36 1.0143978160263818 -2.3347274971687972 2.3465592987389976
37 1.2091826196807056 -2.3703266496668056 2.3347125499509951
38 1.399187252769901 -2.4023811424570263 2.3443400128534702
39 1.58116359603592 -2.4154398253774056 2.3560378189800022
40 1.756558485120189 -2.3934772365986223 2.3368545875648294
41 1.9350337866873031 -2.3542251557291984 2.3150098660591132
42 2.0471811409801828 -2.3028413708755102 2.4575659670382897
43 1.9579530746339469 -2.2325055059791175 2.6115817316370955
44 0.5313222899888338 -2.009287095479074 2.6084056524668169
45 0.63459291604801993 -2.0441542857258082 2.452781107747577
46 0.80219871189288727 -2.0746170678151321 2.3611469091224726
47 0.9939050629325471 -2.1044120387739556 2.328599484671309
48 1.1887481179083155 -2.1335375024217895 2.3315469486702782
49 1.3798339251982079 -2.155558194705316 2.3480124871686519
50 1.5658952421655574 -2.1600107824200805 2.3591221301281617
51 1.7468680123142464 -2.1406895906955108 2.3418176318023547
52 1.9248906113570543 -2.107821219642418 2.306347947233689
53 2.0723167535363336 -2.0692073484507509 2.4118062967948677
54 2.0251508373839799 -2.0167279411347434 2.5838794333888591
55 0.48391748646070842 -1.7838098006700589 2.5481975355849475
56 0.60199069855717813 -1.811191923343265 2.4076024544127512
57 0.77670129718306224 -1.8403210401874615 2.3351649083859609
58 0.97024422166768409 -1.8708337494894074 2.3196924870859394
59 1.1660893972673143 -1.8986914139759481 2.3325657293985982
60 1.3603160313137095 -1.9160155887966843 2.3521384419644935
61 1.5516295303573713 -1.915002835144032 2.3607975750358583
62 1.7377172456289911 -1.8934648721263776 2.3447941058787705
63 1.9168316849194222 -1.859887599299666 2.305744111155271
64 2.083340466508135 -1.8242677257325337 2.3747810064345933
65 2.074412922018559 -1.7807842666399922 2.5506882488204199
66 0.43888540235506535 -1.5385064810260072 2.4922039603129509
67 0.57035832565930522 -1.5640417244492089 2.3707991137085216
68 0.75026609927494292 -1.5991014704264672 2.3182797956791656
69 0.94495693270094472 -1.6364927771782145 2.3163721887729394
70 1.1427332206400065 -1.667958656724891 2.3352609226116576
71 1.3410722715589982 -1.6846555154110865 2.3568175371229065
72 1.5381171337039286 -1.6795081913599763 2.3631594264852236
73 1.7290367803477997 -1.6515360299230757 2.3468224313677655
74 1.9099697466468017 -1.6107190830448359 2.3077175203186711
75 2.0848705517764063 -1.5698061787246917 2.3434234056477625
76 2.1142932004005734 -1.527840606771617 2.5123508066549682
77 0.39791768472721289 -1.267928306376092 2.4381696397467048
78 0.54115141185685423 -1.3017444659735407 2.3411296048766927
79 0.72466851621391182 -1.352765586359862 2.308621031252589
80 0.92065525076997223 -1.4034158148350497 2.3168217051108995
81 1.1206775526598345 -1.4428591989093804 2.3395786335690056
82 1.3223297693563885 -1.4625607759976684 2.3645913254489157
83 1.5244122206961861 -1.4543905341989842 2.369236283726972
84 1.7195006627485663 -1.4158950685192047 2.3509566193885165
85 1.9022519403467864 -1.3604681285070062 2.3108477397800109
86 2.0782438863492114 -1.3048708830611917 2.3165415133716625
87 2.1455609205998205 -1.2562347397403086 2.4650720872171599
88 0.36400286258142189 -0.95973357436263151 2.3844889696779883
89 0.51586007995076544 -1.02395327439134 2.3185953099497638
90 0.70290657016812719 -1.1050144251335916 2.3056941463749685
91 0.90185287328113695 -1.1745458858811466 2.3217365426848886
92 1.1038770643123841 -1.2245427552161934 2.3487702758645708
93 1.3052567304091724 -1.2501402239226289 2.3819246428081633
94 1.5082637606791762 -1.2415725305064336 2.3857158443606741
95 1.7040743494988635 -1.1898713758418971 2.3610365177973978
96 1.8895323085480271 -1.1124906121434976 2.3206082113367401
97 2.0631602282868213 -1.0271078172292389 2.2955932681113587
98 2.1633104719791429 -0.95791739297649192 2.40425395246656
99 0.3357330447382183 -0.58181460078735425 2.3320066436370586
100 0.49067901742298847 -0.73719926404364522 2.3070377737373371
101 0.68964772736645752 -0.86586692482338579 2.3121516622763707
102 0.89674221774880569 -0.95627690348890637 2.3373642723707038
103 1.1000209567212158 -1.0164313831499205 2.3742874088922781
104 1.2955430842927236 -1.0502611049150774 2.4287561424142736
105 1.4947058202060166 -1.0526364169267977 2.4599375999167261
106 1.6721616365466239 -0.98030548506128778 2.3862764679915265
107 1.8588131602266109 -0.88139350891364299 2.3419793245970792
108 2.0341020952593012 -0.74238680330068862 2.2977205456768854
109 2.1601907018504187 -0.60674110630032008 2.3331461520024259
110 0.20000030843089206 -0.06875071890616237 2.300000030954501
111 0.45043782610013056 -0.48178954872052021 2.3092527650239854
112 0.70459915899607894 -0.65887047871960147 2.3324901206786794
113 0.92290726763562025 -0.75963986094217417 2.3706951855264946
114 1.120213324679431 -0.82383555978639378 2.4244229161853048
115 1.2889209371987036 -0.87457536070138087 2.5243092870200274
116 1.4833425324616749 -0.88805072717758626 2.5707442073126447
117 1.6395197040351486 -0.80140932079308624 2.4694825955058595
118 1.8104412149004909 -0.69284419265855379 2.3845374591562223
119 2.007591776748765 -0.51492311586244122 2.3280969337427053
120 2.1999998608608284 -0.10000062582324606 2.3000000336014579
frame 77
0 0.77170320417669891 -2.7378969156162021 2.8771443728174479
1 0.72042017762970967 -2.8262112542226374 2.7058808444722753
2 0.84231543153622901 -2.8845166107407825 2.558456996507311
3 1.0145282187998654 -2.9382682984890089 2.4612079708555181
4 1.2110466844804979 -3.0052323047462028 2.3942600111098917
5 1.4258395616452075 -3.1143220493120976 2.3528236162424681
6 1.6301808492692587 -3.26483495052728 2.3325981513036984
7 1.8292575643403612 -3.1153778484239174 2.3329177811721005
8 1.8770793253569817 -2.957162604592849 2.4885299468666315
9 1.7915833709449749 -2.7873267940762827 2.4243373293720327
10 1.6512660797996048 -2.7241492772868297 2.5514792279942422
11 0.67343339516830714 -2.5770316443326937 2.8040930793097787
12 0.70007199007082632 -2.645131791707815 2.6196786104219849
13 0.84753805763602452 -2.6934047426347525 2.4928828485535335
14 1.0285670724901927 -2.7423579334151209 2.4097698626671247
15 1.2249104423227068 -2.8005790660980874 2.3602864376552617
16 1.42280706762802 -2.8748878399198556 2.3379380299789561
17 1.6085560154495535 -2.9393817419197519 2.330556593060177
18 1.779007137335084 -2.8795716125229349 2.3199063090650509
19 1.9474508591237167 -2.7895928355706303 2.388060012331334
20 1.9030840608169322 -2.6722733212004206 2.5479971614921149
21 1.7476225344567655 -2.5491793422300639 2.570570941376666
22 0.60422367691980805 -2.399621062804997 2.7247254412388595
23 0.67817830681784141 -2.4510017868698966 2.5499062326575106
24 0.83580025658672419 -2.4913279777959882 2.435232104866361
25 1.0218377560296543 -2.5316428157633051 2.3681286030222521
26 1.2171274633286553 -2.5762096580865697 2.3372649566528212
27 1.4092369991181115 -2.6232801026251402 2.3307244465438535
28 1.5907986408989365 -2.6518644495018227 2.3332336365251876
29 1.7618109511442619 -2.620263761979027 2.3133050674257989
30 1.9414031705649883 -2.5664431264549399 2.3304939304838626
31 2.005667910265247 -2.4927762745382731 2.4995500520337957
32 1.8712547230303589 -2.390667424101188 2.6030364428351422
33 0.55282424822442211 -2.2055294532563749 2.6532467848569885
34 0.65162779981099817 -2.2445372630683869 2.4908977803607408
35 0.81718464483571018 -2.277164838829302 2.3902633619633051
36 1.0068424371194149 -2.3097111381607172 2.3409141432766125
37 1.2016637760110838 -2.34352711240486 2.3266780771393094
38 1.3923197199377741 -2.3737285430890465 2.3309535121769316
39 1.5754269776619279 -2.3860886229245684 2.3370660358615796
40 1.7516773649090043 -2.3646638921179872 2.3158669333515909
41 1.9322671964156088 -2.3273484661622947 2.303324031828005
42 2.0508129338160961 -2.2782858919098321 2.4424511635492658
43 1.9845595408172811 -2.2118805636961794 2.6099243478108582
44 0.50744589785764938 -1.9959255211446443 2.5904073959465452
45 0.62271908455365299 -2.0252125322889074 2.4416977898109198
46 0.79496872584992462 -2.0527582092718846 2.3572766254103192
47 0.98711466833858941 -2.0812489087888344 2.3252808858120106
48 1.1822244613841928 -2.1091144500200296 2.323878342312204
49 1.374198880711673 -2.1298612660329552 2.334094452962824
50 1.5612743574673822 -2.1337992823826903 2.3392968897893969
51 1.7430330564378533 -2.1149315369327524 2.3200952739067553
52 1.9236943562711666 -2.0834640585930435 2.2935163042987927
53 2.073176994788116 -2.0463923441524585 2.3980572854847484
54 2.0460230705464513 -1.9969463149790603 2.5761588637590935
55 0.464571534887191 -1.7697104951957632 2.5340193727817915
56 0.59284015645038735 -1.792896907040413 2.4011649589929895
57 0.77045868325615796 -1.8201076456571206 2.3342287694357191
58 0.96422310599467254 -1.8496478169183683 2.3173276652075208
59 1.1606440514722545 -1.876421423397594 2.3246421531042043
60 1.355854340691 -1.892775995540162 2.3377496234499313
61 1.54802385304512 -1.8914268387257853 2.3406567707480161
62 1.7349063079352618 -1.8703776373124104 2.3231720256279207
63 1.9166634562965825 -1.8379179149120155 2.2921144791465333
64 2.0833741754160555 -1.8034350358763247 2.363493621508435
65 2.0894270583823804 -1.7624057048872153 2.5410487549012122
66 0.42390618348226095 -1.5243706760270903 2.4815646303271865
67 0.56325791263585889 -1.5470423295937006 2.3677718509640751
68 0.74480472950280119 -1.5807752144081089 2.3187961205261165
69 0.9397993307310194 -1.6171850186848711 2.3139156012795175
70 1.1383705034048957 -1.6475684093172651 2.3268528150981957
71 1.3377247610444289 -1.6634464276802239 2.342113904558865
72 1.5354938855337834 -1.6580903844772885 2.3429205390080186
73 1.7272297876255416 -1.6307758205157408 2.3255864950850267
74 1.910647956975029 -1.5910776166293663 2.2934266827478673
75 2.0854707382215323 -1.5511456477136563 2.3346566786650609
76 2.1240421528563056 -1.5110881032676171 2.5032080401293637
77 0.38694002645269782 -1.2545803338951895 2.4307748352227683
78 0.53556731044569972 -1.2865410449925789 2.3403026656646344
79 0.71993066940546913 -1.3363634824754109 2.3092836106376757
80 0.91641895323481615 -1.3857821329897242 2.3136132579074689
81 1.1173270156863595 -1.4240379479828054 2.3306914090013962
82 1.3200506099137974 -1.442975161079787 2.3495998131627003
83 1.5227509972185429 -1.4346147645510492 2.3485092233364857
84 1.7186851396024676 -1.3970872069120071 2.3300471388930046
85 1.9037728431330845 -1.3430685246274017 2.2957194515301715
86 2.0804443790327505 -1.2885650044803763 2.3093856075245496
87 2.1512305181668312 -1.2413301926551765 2.4579095155265716
88 0.35652634188368026 -0.94823626079974066 2.3801908882053397
89 0.51136603273954373 -1.0109709675967429 2.3188014613335128
90 0.69890193192219641 -1.0904106888391334 2.3054708802911987
91 0.89850913217686934 -1.1582789844925192 2.3174209334600748
92 1.1014310446376827 -1.2068728679370144 2.3393941304160295
93 1.3040271357026978 -1.2316744123039323 2.3661973771572336
94 1.5073086863951923 -1.2226781918023031 2.3612540608164978
95 1.7044159191593222 -1.1725184900707264 2.3413626540704628
96 1.8916123126951143 -1.0970652225994937 2.3039960936885593
97 2.0672937210882312 -1.0133023426097003 2.2883823798626426
98 2.1665784156136771 -0.94531593169535422 2.3998457639601707
99 0.33125426841531841 -0.5740446454203153 2.3306026880136854
100 0.4871863823797476 -0.72668566305888138 2.3070280677384214
101 0.6864520623165713 -0.85264569732175677 2.310455637525402
102 0.89421476902139085 -0.94091119540585233 2.3319303332942263
103 1.0985762645141879 -0.99948305957332695 2.3647086131346189
104 1.2962107980001543 -1.0324648744974017 2.4128266057943173
105 1.4966871318395161 -1.0347372942293147 2.4366889548886572
106 1.6715198732315957 -0.96289482115077996 2.356705661107195
107 1.8627590220006609 -0.8676119114733839 2.329118949808088
108 2.0388380059538105 -0.73085265252788423 2.2857900643499653
109 2.1628869568865623 -0.59792230244005529 2.330834522379245
110 0.20000030207681865 -0.06875070328944316 2.3000000290504894
111 0.44839267156230783 -0.472877933783383 2.3082772920915025
112 0.70186545509628573 -0.64577137671213714 2.328556041405208
113 0.92066362982653493 -0.74408309111938131 2.3629176688844558
114 1.1194076514161022 -0.80643642117878778 2.4122156238124104
115 1.2942111765494531 -0.85405199114715902 2.502864254237875
116 1.4883644018366242 -0.87096362368426505 2.5490347143761478
117 1.6446702648029621 -0.78678803029522693 2.4483732033285395
118 1.8102392259666598 -0.67770934309253761 2.3603406012878314
119 2.009731552663836 -0.50534048275727728 2.3187156938221083
120 2.1999998672433607 -0.10000060855481818 2.3000000250500658
frame 78
0 0.72887494907268513 -2.7271125169297483 2.8439431355870859
1 0.68664795486639274 -2.8079813756687457 2.6666290025601067
2 0.82044956704343319 -2.858185879297495 2.5269654876358789
3 0.99827318976413348 -2.9052997097798454 2.4386127911974929
4 1.1961275766619333 -2.9652866493652832 2.3777866569767188
5 1.4106435762800085 -3.0620576383966052 2.3391810370789106
6 1.614406358110491 -3.2125705398729587 2.320368629324328
7 1.8133262099549814 -3.0631134375193945 2.3377495164621793
8 1.9097087801999519 -2.9261081326325717 2.4841639103585407
9 1.8157545391286516 -2.7562519543118773 2.435905678578008
10 1.6841889163669985 -2.7016988722533415 2.5756637900222197
11 0.63367589187452444 -2.5637193626413333 2.7723989882263331
12 0.67157533743612741 -2.6234642801080863 2.5870176313688504
13 0.82883793418708018 -2.6645074610381827 2.4701597769792238
14 1.0134662011548874 -2.7080748770623693 2.3938528719774217
15 1.2107386018076709 -2.7610811009556797 2.3473150464482808
16 1.4093709708458373 -2.8291184027840486 2.3244933070868168
17 1.5958898810132531 -2.8933238719372905 2.3156620011647142
18 1.7681435553550686 -2.8346901030910381 2.3104697207809357
19 1.9387778377023617 -2.7496971653630609 2.3802899945782956
20 1.9370258910579212 -2.644692254535546 2.5532417067834419
21 1.7819735030471842 -2.5280330936973257 2.5995655026518225
22 0.56883166068847724 -2.3833614735917572 2.6960087065767513
23 0.6553457792484414 -2.4267591677711025 2.5247567266643087
24 0.8207843100499318 -2.4611795857482215 2.4197518307698909
25 1.0088729813052097 -2.4977844048867017 2.357241225207594
26 1.2045980507060303 -2.5391474828470924 2.3265295284422396
27 1.3975307128691301 -2.5830570610105066 2.3170775989102239
28 1.5806191160632654 -2.6112285242680175 2.3159203950679239
29 1.7534971465171068 -2.5809684092976193 2.2960758464805129
30 1.9340779693597534 -2.5302339883076348 2.3218715969214458
31 2.0151633582987891 -2.460529924491706 2.4859005415105861
32 1.9041512173020414 -2.3664033404216682 2.6201550403590348
33 0.52159148750295337 -2.1870823721645802 2.6281040500032882
34 0.63355985257442182 -2.2189625652960694 2.4726417986354301
35 0.8050172277568326 -2.2471992263887985 2.3805665278968369
36 0.99568986878298371 -2.2774532139227661 2.3333105251212913
37 1.1908749234889244 -2.3093922601832384 2.3168229892613752
38 1.3825520676280594 -2.3379130653535078 2.3165321910056211
39 1.5672144894212026 -2.3500232319540646 2.3178911776788209
40 1.7449391141707082 -2.3297063794904873 2.2948510264587627
41 1.927602423128304 -2.2947663261363749 2.2916494373831138
42 2.0525370613578215 -2.2476035732112241 2.4270756885020317
43 2.0103668116836939 -2.1846918669494029 2.6042425456045297
44 0.48123897946732719 -1.9758673058412439 2.5695248193529578
45 0.60859070504064572 -1.9994833272585535 2.4293989957528637
46 0.78490987639231047 -2.0240627093291224 2.351851009910515
47 0.97755095819810345 -2.0511558996282475 2.3195396840754441
48 1.1732102848880601 -2.0778252451476145 2.3140996711167467
49 1.3663186941193386 -2.0976033444700466 2.3187974045120572
50 1.554723389008078 -2.1014888245212577 2.3188433282560599
51 1.7377151347821864 -2.0835662169246647 2.2976796922907581
52 1.9208369328966877 -2.0539395977415205 2.2793733851731766
53 2.0724489880433064 -2.0182229345025395 2.3830837573245609
54 2.0660284004471285 -1.9712280809340366 2.5647935799748227
55 0.44336034141030362 -1.7489984875062312 2.5174065413552835
56 0.58184174622700957 -1.7680353336530266 2.3936445884317661
57 0.76201668267426981 -1.7933497616749299 2.3315133266687211
58 0.95615715514856103 -1.8218918458052278 2.3123313687549629
59 1.1533381371085742 -1.847731949980409 2.3145591130439112
60 1.3496816143433255 -1.8634449295212911 2.3217155407691639
61 1.5429165775468985 -1.8621898958119505 2.3195373957907481
62 1.7309029626608097 -1.8420489494144179 2.3006415558229119
63 1.9150033061236196 -1.8111012485593445 2.2765447209273479
64 2.0822383878165334 -1.7778521621737586 2.3497631235522176
65 2.1042236945039687 -1.7388367733850414 2.5275969486287013
66 0.40734996673750246 -1.5040396334514659 2.4689034730566286
67 0.55466309874640651 -1.5238871983135323 2.3637356478204214
68 0.73769883985143359 -1.5563005752865446 2.3173683220474608
69 0.93315915192563303 -1.5917219217054777 2.3088726696789625
70 1.1326022121597561 -1.6211780591488931 2.316341449870734
71 1.3330298887623215 -1.6365111269520816 2.3255006797177411
72 1.5316124505023316 -1.631329160419327 2.3215621890979476
73 1.7243337693181273 -1.6050218423905021 2.303484578872744
74 1.909863037183317 -1.5667840801750652 2.2771730906130698
75 2.0848667927571163 -1.5281178634206174 2.3226482186412176
76 2.1342690884918349 -1.4899053979533918 2.4899548868165406
77 0.37465194582781342 -1.2357126638353946 2.4218199181775408
78 0.52879647534305041 -1.2657839688643568 2.3384927822746033
79 0.71402058420827708 -1.3142932252735864 2.3079787328081953
80 0.91109607919009972 -1.3624195629220974 2.3080266438153698
81 1.112855339705237 -1.3995796564458669 2.3197418146271569
82 1.3166010234908652 -1.4179188239437055 2.3323774614767636
83 1.519853751171429 -1.409731866598422 2.3268473132702878
84 1.7166458915027138 -1.3734737812505806 2.3086069938963933
85 1.9036008336350481 -1.3211649010620246 2.2789990772780961
86 2.0808476325668832 -1.2681678341321112 2.2991088933418675
87 2.1574916731402154 -1.2226784306968255 2.4466172337056182
88 0.34795114961958329 -0.93222222596463888 2.3747996352903833
89 0.50597779881842275 -0.99320722804270101 2.3180225251935584
90 0.69411769386455546 -1.0706473668948044 2.303400972651243
91 0.89436232598680199 -1.1366363201380261 2.3109351496464745
92 1.098025211380812 -1.1838190804463014 2.3277689984019134
93 1.3016818283069755 -1.2078843450938557 2.3474215422927212
94 1.5049567660010621 -1.1988369428845103 2.3344504836632378
95 1.7034682202069689 -1.1506511319180504 2.3233275052651767
96 1.8915312863819549 -1.0773041340132978 2.2861139509295501
97 2.0688356028836443 -0.99579084841913967 2.2792209337417262
98 2.169823102997356 -0.92965946120754817 2.3919035640733295
99 0.32585012038106165 -0.56332837967355542 2.3285690288455831
100 0.48312495855248144 -0.71226937499030929 2.3060851010974823
101 0.68279340160612811 -0.83469381975977253 2.3071397275298473
102 0.8910878296133411 -0.92037463029088595 2.3245551097647512
103 1.0962510408755322 -0.97719203891897155 2.3528813987789867
104 1.2956082496049355 -1.0093314933616904 2.3936154373396139
105 1.4967325919202219 -1.0116675637010908 2.4099863161105577
106 1.6705671793128212 -0.94136181044724865 2.327217362587696
107 1.864989013289553 -0.85013857901689782 2.3187593346596347
108 2.0414606084523381 -0.71624527017815209 2.2735648726474347
109 2.1645797493462546 -0.58699861683021093 2.3267407808894549
110 0.20000029436019456 -0.068750681913813755 2.3000000260499505
111 0.4462338077217084 -0.46071601819743918 2.3065372003999767
112 0.698775080442254 -0.6281419099472435 2.3232418769910499
113 0.91790120695282518 -0.72350142101225468 2.3535451281573749
114 1.1179325045093562 -0.78394738457773405 2.3984485346832454
115 1.298541525834326 -0.82894734273388804 2.4789365765255695
116 1.4919755177025262 -0.85123360483057253 2.5270421885011034
117 1.6506717217245357 -0.76968999229079837 2.4290851936806566
118 1.8090364116873385 -0.65913783360568678 2.3348942782120417
119 2.0105882453309283 -0.49331735716064035 2.3103622551266829
120 2.1999998720283491 -0.10000058715980889 2.3000000157291907
frame 79
0 0.67604669406867135 -2.7108749809492219 2.8066988528562051
1 0.64862716997058578 -2.7823501464412219 2.622534927760805
2 0.79498872335574566 -2.8240898416648168 2.4931643330638806
3 0.97827809904021046 -2.8643348990699731 2.415240953864001
4 1.1774889096852168 -2.9167080775738148 2.3620135175153036
5 1.3917595184659697 -2.999793227581113 2.3277627460438439
6 1.5952605437121261 -3.1503061293186376 2.3117395848543847
7 1.7919622165444371 -3.0008490267148717 2.352581251652258
8 1.936700004971728 -2.8860111063861642 2.46979787395045
9 1.8373029542406438 -2.7151771146474721 2.4449870574299495
10 1.7247671338236412 -2.6739937489775056 2.6045431472066789
11 0.58701816088583592 -2.5434884120561216 2.7361617683084791
12 0.63950364694685624 -2.5939893910904521 2.5515368561890432
13 0.80608986432612861 -2.628069278817641 2.4461673030088367
14 0.99429235954776207 -2.6659814977497511 2.3776198981779033
15 1.1926840017393721 -2.7131875543885364 2.3349216337257244
16 1.3924053476215903 -2.7742511943288353 2.3126580561005587
17 1.580120009300775 -2.8384416349844437 2.3031647620336493
18 1.7544585135989268 -2.7816683512242495 2.3062918713990901
19 1.9273307356829104 -2.7019593063153238 2.3778865585916789
20 1.9738353696099824 -2.6098752728002577 2.5508883719408151
21 1.8261852258499207 -2.5028027107742776 2.6316118680359315
22 0.52883483360885075 -2.3592987213237873 2.6633388216696297
23 0.62917530006914735 -2.3948091725118013 2.4978145965374545
24 0.80178240245479648 -2.4237661887649309 2.4033856669906668
25 0.99197561902128439 -2.4564197867202848 2.3459928796297969
26 1.1883928607268224 -2.4941174493175207 2.3158825809715919
27 1.3824888270535947 -2.5345343973744963 2.3041855356709631
28 1.5674659467705938 -2.5625823158674779 2.2998932645334969
29 1.7428641195989136 -2.5343000225228458 2.2823826489400614
30 1.9240538397638796 -2.4867133448364247 2.3173365787198881
31 2.0235125781404144 -2.4211976221536635 2.4734024624252871
32 1.9430166338132149 -2.3358704871337284 2.6328718276078318
33 0.48752464820555114 -2.1604599123837738 2.5997948662509387
34 0.61255403859182289 -2.1858886692081931 2.4530479847126969
35 0.78930212026253144 -2.210193338693113 2.3699216398544785
36 0.98103689114183112 -2.2379862581371972 2.3248872260527871
37 1.176796065359206 -2.2677357221366634 2.3063763165190796
38 1.3697459731392148 -2.2944549732340422 2.3020306984844408
39 1.5562657651862661 -2.3065846566868622 2.2992956704654843
40 1.7360460583772557 -2.287858725282891 2.2759217806872223
41 1.9204958187075916 -2.2554572821344334 2.2825344457994032
42 2.0524844887573077 -2.2100142943843983 2.4132192909850292
43 2.0351008148729077 -2.1501633149299844 2.5963140090862882
44 0.45286005784424127 -1.9478737842809886 2.5458199429389854
45 0.59185314894660324 -1.9665528940819326 2.4157451717510989
46 0.7718307903127074 -1.9885139978438995 2.3450944955827078
47 0.96501151782395234 -2.0140986845049778 2.3123497212397548
48 1.161341882648669 -2.0394059059604679 2.303096965374916
49 1.3557290401741402 -2.0582325161920481 2.3027758585050999
50 1.5457013903970127 -2.062332492983193 2.2986060465599101
51 1.7303534695561329 -2.0457072330313939 2.2763827201758433
52 1.9157661528593457 -2.0181462737611122 2.2663281760817378
53 2.069938200392281 -1.9835634320023665 2.3686798688218946
54 2.0845850440844274 -1.9384062880787774 2.5514655727378428
55 0.4202866865958288 -1.7208452405250374 2.4981289750864324
56 0.56856626824151524 -1.7363069776415798 2.3845764837547594
57 0.75109324630391949 -1.7599159115362497 2.3270502411804888
58 0.94563167445878549 -1.7873766653622121 2.305398339338891
59 1.1435838677557666 -1.8122304461008898 2.3028274626062126
60 1.3410846552124371 -1.8274132540899055 2.3045306211336833
61 1.5355457992747212 -1.8265384426455786 2.2984553128170733
62 1.7249242195463284 -1.8075916458833885 2.2787440625377862
63 1.9111950007231888 -1.7783622732487649 2.2609933343203603
64 2.0793316674620961 -1.7462427547112924 2.3354329959694082
65 2.1182729368772923 -1.7087556022142409 2.5119160367058941
66 0.38915752343964288 -1.4768972412409864 2.453819152122652
67 0.54414235855942872 -1.4942517538197084 2.358016451618155
68 0.72861449428571967 -1.5253543764927358 2.3139365097332929
69 0.92451254768280811 -1.5596841919800246 2.3016697032959668
70 1.1247334086754865 -1.5882060722234961 2.303946393322521
71 1.3261206919730812 -1.6031613476269686 2.3074426315287062
72 1.5255753813094066 -1.5984988741544721 2.3002329136003095
73 1.7194345491268059 -1.5734790016819886 2.2819258664531361
74 1.9068248326992603 -1.5368656947034467 2.2604682181813915
75 2.0822952559936971 -1.4995251120356721 2.3092068289706593
76 2.1444341646487062 -1.4629669059869244 2.473996587994379
77 0.36085929642632636 -1.2108218094883978 2.4108394662645716
78 0.52043396451644153 -1.2390389180708101 2.3350220723653243
79 0.70656267692722319 -1.286015146059645 2.3046486784092028
80 0.90414185509611178 -1.3326558928647561 2.3002738431486556
81 1.1065872536303467 -1.3686802243944207 2.3067451444997094
82 1.3111135404094769 -1.386580137471874 2.3133957113240582
83 1.5148431999163525 -1.3790420633323242 2.3054997944758746
84 1.7125007714304956 -1.3443967967715171 2.2880665847280803
85 1.9009563880870679 -1.2939263025438561 2.2620276234825196
86 2.0788571526195354 -1.2426950150077576 2.2872658110050619
87 2.1639991318139944 -1.1991453340573341 2.4323491281787306
88 0.33792515865039391 -0.91124205450669804 2.3679292961580161
89 0.49930238145746658 -0.97011454761133964 2.315760522940538
90 0.68813543376595687 -1.045010960422132 2.2994216246393591
91 0.88890197832476259 -1.1087617845405764 2.3022400592029402
92 1.0931333757630821 -1.1544209595143251 2.3136430473200895
93 1.2975983895043441 -1.1778466156214655 2.3259126742491061
94 1.5008196171857926 -1.1694252455810734 2.306842624749756
95 1.7004963905092978 -1.1238434729348277 2.3080495066651325
96 1.8888275106292436 -1.052514409774596 2.2688287565648553
97 2.0675539629144981 -0.97380063550412066 2.2692664557189377
98 2.1730948863968775 -0.91012445463481428 2.3813580902530904
99 0.31910385682241271 -0.54932365946126638 2.3257061713557716
100 0.47812236067668168 -0.69335260827051493 2.3039221404523285
101 0.67822718475989885 -0.8111994705030966 2.3020602348217518
102 0.88689614628240343 -0.89371666678275419 2.3149462912930745
103 1.0926807375120338 -0.94857425493426983 2.3383674806390755
104 1.2933758443055818 -0.97996901144112625 2.3715586248339178
105 1.4947267352165785 -0.98291496443711757 2.3820474007778931
106 1.6694780327919294 -0.91557292139681667 2.2995772485754862
107 1.8649445323913096 -0.82834455532472351 2.3104648772364538
108 2.0417673209636757 -0.69785578300312745 2.2626060146423095
109 2.1658505323663482 -0.57348918314160147 2.3215362337823913
110 0.20000028463435859 -0.068750653830972036 2.3000000216829526
111 0.44370690097609111 -0.44469353477965273 2.3038535309202617
112 0.69486292030504238 -0.60509913857966713 2.3163403059559777
113 0.91412445144804133 -0.69687710814604487 2.3421791000610743
114 1.115351591491903 -0.75534470536255338 2.3826093462314422
115 1.3009861348498453 -0.79836457354933621 2.4531216017892929
116 1.4935372145876205 -0.82641873407450095 2.5040843735040048
117 1.6575106880019423 -0.74943372439680811 2.4114688837352936
118 1.8077956055795401 -0.63683026591158953 2.3106544252457817
119 2.0098945686114846 -0.4780867307854238 2.3037772017835039
120 2.1999998756394552 -0.10000056057113478 2.3000000066247841
frame 80
0 0.6135351243162831 -2.6877780842820185 2.764023013120771
1 0.60837163356707691 -2.7480590830665976 2.5738911007484462
2 0.76741534912211673 -2.7816453365410156 2.4577385288438358
3 0.95605501026278961 -2.8152279068434241 2.3920749417075569
4 1.1569090077988755 -2.8595473323726743 2.3481431366606325
5 1.3713957288912124 -2.9275288168656211 2.3197073754905793
6 1.5757081377385966 -3.0780417188643168 2.307789497532001
7 1.7714041927757469 -2.9285846160103493 2.3655987645706289
8 1.9536912298435041 -2.8366852795013768 2.4460575014921293
9 1.8530903016805311 -2.6644224802057823 2.4543343448271799
10 1.7745005101470934 -2.6419007207416052 2.636502314395377
11 0.53455095269126063 -2.5149241160254188 2.6946178021422358
12 0.6052995794121474 -2.5558496355100613 2.5136385195389361
13 0.78055880817525947 -2.5836918574419032 2.421346774852033
14 0.97235338499385593 -2.6160488648571749 2.3618480008837257
15 1.1721923169560338 -2.657031230104669 2.3242201495959511
16 1.3735698766129771 -2.7103700400320734 2.3035539927094115
17 1.5632994439154309 -2.7747389164153908 2.294224081172346
18 1.739940093683894 -2.7200318507594656 2.3064869624041036
19 1.9158839154616254 -2.6463938223317447 2.3798030640125298
20 2.0081540412417342 -2.567458652079798 2.5400000286048647
21 1.8803969485526573 -2.4730837196520374 2.6612503503072653
22 0.48520476853131161 -2.3263889076017907 2.6265829427664213
23 0.60040623016120476 -2.3545909572452888 2.469349520364831
24 0.77962046727985812 -2.3787803916230841 2.3865347851046295
25 0.97207338190979853 -2.4074917260691158 2.3351704638545092
26 1.1694915084673405 -2.441178352425506 2.3064247838166216
27 1.3651261293270482 -2.4777194279901704 2.2931031409970135
28 1.5524048977404679 -2.5058392288851805 2.2861836769599551
29 1.7307765700881654 -2.4798326967340096 2.2735281975432726
30 1.9120995739080864 -2.4352546061493081 2.3179466707869536
31 2.0312465853601598 -2.374835390449161 2.4624492095530983
32 1.9844654768784979 -2.2986052850086107 2.6389108743779923
33 0.45100736966844202 -2.1250195151274469 2.5683922320269015
34 0.58877315639764638 -2.1449720154755147 2.4321619199299866
35 0.77040055954002884 -2.1659287243056879 2.3586384453239182
36 0.96338218683383259 -2.1912077282386617 2.3164966248426642
37 1.159896905285231 -2.218511055475811 2.2963931107492659
38 1.35430095819423 -2.2432307238566853 2.2883930353351523
39 1.5429015432365185 -2.2555258302155519 2.2821823461240505
40 1.7252417855519939 -2.2386655251787944 2.2608786436647064
41 1.9109553281553893 -2.2086823091905941 2.2778693961019041
42 2.0510455278247379 -2.1652038698728964 2.402146394220384
43 2.0586971559241189 -2.1085390590607505 2.5876231972219754
44 0.42239646358912858 -1.911522115593022 2.5193792867966631
45 0.57235250806273374 -1.9261934614248171 2.4006306399355841
46 0.75576744809711105 -1.9459366888075682 2.3372725983909475
47 0.94960825666381699 -1.9699368860754967 2.3046023686483159
48 1.146640319786786 -1.9937076443836135 2.2917827109945166
49 1.3423422381587875 -2.0114934744197512 2.2868523944163757
50 1.5340327498928898 -2.0159353286409338 2.27946187693458
51 1.7207284403653345 -2.0008181663948159 2.2579230846522513
52 1.9081622413523209 -1.9753603239917958 2.2566019271091911
53 2.0655878569286696 -1.9418800891462817 2.356595900038144
54 2.1016901850189038 -1.8983763488175518 2.537938039309561
55 0.39528251364558553 -1.6849503207531551 2.4762640589982405
56 0.55268564487823701 -1.6975482241582331 2.3737740998028198
57 0.73750929849914548 -1.7196378617153418 2.3210990315670967
58 0.93246266756115848 -1.74591563394964 2.2973514015286156
59 1.1310848960376414 -1.7696634654470802 2.29014624521202
60 1.3296544215057409 -1.7843086478628063 2.2869482170850226
61 1.525442534463322 -1.783972869065144 2.2783365444517685
62 1.7164623468099618 -1.7664085459611307 2.2589523510574661
63 1.9048036826158208 -1.7390323320721131 2.2476121873877455
64 2.0742822391013642 -1.7079994120295714 2.3225850768012695
65 2.1312810873846346 -1.6718239799952432 2.4957909800040006
66 0.36913407010127275 -1.4427241281508147 2.4363748990310081
67 0.53128397112919834 -1.4580019647811795 2.3504021868872305
68 0.71724611962320606 -1.4877548709969293 2.3087737043084364
69 0.91350776221225249 -1.520824844749552 2.2929791239317603
70 1.1143118479889405 -1.5482951202690722 2.2901705717946221
71 1.3164452999897982 -1.5629274587334465 2.2886966061019627
72 1.5168082371795486 -1.5590359155949189 2.2798979644280424
73 1.71194195915754 -1.5355279493507457 2.2621668914311659
74 1.9011338272294056 -1.5007299397728864 2.2451814992978187
75 2.0773851471159412 -1.4648098294747367 2.2965384538777043
76 2.153984778601195 -1.4298124477412655 2.4571705786753832
77 0.3452658369515067 -1.1797486092981695 2.3978828382467259
78 0.5100546995857721 -1.2061803915451264 2.3297182087672792
79 0.6971969193790224 -1.2513322339222182 2.2995688157634944
80 0.89516008380918832 -1.2961924875608322 2.2908461868170003
81 1.0980707092526929 -1.3308947861453764 2.2920654792264337
82 1.3030619845167155 -1.3484107809768291 2.2934546910956239
83 1.5072072057552421 -1.3419485005093981 2.2854305063778662
84 1.7057449284231043 -1.3092337893248325 2.2695016453002737
85 1.8956275729511509 -1.2608634324836869 2.246384740164229
86 2.074436880714591 -1.2117213047832434 2.2758686799113961
87 2.1702138748283835 -1.1702635440372233 2.4169546218946567
88 0.32608590939732779 -0.88519165859806981 2.3596204627022876
89 0.49094213526164382 -0.94157000343744457 2.3119315026891178
90 0.68058088994712318 -1.0133054710078901 2.2937652309884835
91 0.8817441800802075 -1.0743534813181665 2.2916353467908914
92 1.0863870019362114 -1.118214419166307 2.29727824503858
93 1.2913990839378453 -1.1409853624410513 2.3025867339085382
94 1.4948102448309948 -1.1339044772762434 2.2801586862161707
95 1.6949740052367563 -1.0914711151654242 2.295501730900174
96 1.8835787890795039 -1.0223380923729202 2.2536670945308517
97 2.0638891347975314 -0.94705399834993065 2.2599704397104881
98 2.1762318696754996 -0.88633888281103956 2.3698849522125802
99 0.31065511401582341 -0.53199436583487159 2.3220532100117071
100 0.47183289805130307 -0.6698030957222515 2.3005342062356333
101 0.67235970959387015 -0.78196856182367047 2.2953407385740956
102 0.8812297899594449 -0.86064418623245431 2.3031796602972001
103 1.0874936299470179 -0.91318194134487007 2.3212101059468395
104 1.2891703368450769 -0.94371981923540826 2.3473762976692161
105 1.4905659847361348 -0.94772657886702916 2.3542318020943416
106 1.6678742513731835 -0.88496710929882838 2.2745106465691087
107 1.8624695068533246 -0.80172629488175862 2.303351689821115
108 2.0401994378747608 -0.67547858834664565 2.2536044506358124
109 2.1670935928306143 -0.55719836438861836 2.3162779303393908
110 0.20000027233643744 -0.068750618754202436 2.3000000160274157
111 0.44059714577414683 -0.42462438777161265 2.3002238900898564
112 0.68971017282164426 -0.57640255192645951 2.3078706355385199
113 0.90882110030037566 -0.66384616759130155 2.328707219569218
114 1.1111066557306737 -0.72005403138894108 2.3644523527228372
115 1.3004984740145542 -0.76156748087149895 2.4264868398932697
116 1.4922787543982237 -0.79429544896337823 2.4798137621344472
117 1.6641261049751028 -0.72516016550338391 2.3956313431593514
118 1.8065849901740185 -0.6102393620359271 2.2894625869544738
119 2.0078109312349222 -0.45934346862118874 2.2990029151784546
120 2.1999998786896837 -0.10000052842391638 2.2999999986237953
frame 81
0 0.54306802502318285 -2.6575154690726839 2.713866598106383
1 0.56894043739821698 -2.7051650298901708 2.5216334764225783
2 0.74049169342669574 -2.7316300106761804 2.4219542525202216
3 0.93459608695862018 -2.7598911738349519 2.3703959287758991
4 1.1382315337727973 -2.7983211366134508 2.3370664811056003
5 1.3538051541562042 -2.8582799842795774 2.3155096535641633
6 1.5614723200394389 -2.9957773085099961 2.3077302566400419
7 1.7603465010563473 -2.846320205405827 2.3686162775890001
8 1.9606824548152801 -2.7773594527165897 2.4162239352000223
9 1.8635405876173974 -2.6106044099938246 2.4714325857392536
10 1.8342338863705456 -2.6047149817501603 2.6691624756142183
11 0.47826272245499002 -2.4781077338854258 2.6467105674589657
12 0.57155408582204581 -2.5095851815824544 2.4740058779771843
13 0.75477275762034168 -2.5323714012291383 2.3962590622801963
14 0.95040114629884609 -2.5602109638026964 2.347279557885058
15 1.1522582327207505 -2.5963291471911947 2.3160551519541936
16 1.3553748098550213 -2.6440190008853328 2.2981192648666435
17 1.5479638696779885 -2.7031198478255285 2.2894400153574788
18 1.7272222292239165 -2.6487650024315275 2.3082467548129237
19 1.9087769739377407 -2.5826649781029771 2.37910785066651
20 2.0348024371953599 -2.5168273092461892 2.5209353366026033
21 1.9446086711553938 -2.4367788592033612 2.6808888326785993
22 0.43959656862847296 -2.285185934914018 2.5851488595993568
23 0.57092799197269517 -2.3068319193936704 2.4395921288171927
24 0.75624031940492464 -2.3271615690511283 2.3694427892125169
25 0.95121958568045606 -2.3525532940070892 2.3253135694071481
26 1.1499469807870664 -2.3828550560817168 2.2989538959506923
27 1.3471069856004594 -2.4159558790575693 2.2847874648007327
28 1.5366603904416936 -2.4419309654803203 2.2758707624626249
29 1.7182128414253486 -2.4168209699546397 2.2695542123583921
30 1.9000075186842735 -2.3747814674060783 2.3217128735125505
31 2.0388370309869739 -2.3210629707151726 2.4514015098655295
32 2.0266530272162573 -2.2542829713025427 2.6372012536692737
33 0.41305382541474117 -2.0815976073044169 2.5335139167416472
34 0.56337931089847182 -2.0969539442187255 2.4099453094005368
35 0.74959225326923307 -2.1151700898280326 2.3468759884253156
36 0.94408754728813726 -2.1382092487686357 2.3086734513330049
37 1.1414649253422755 -2.1632863315233357 2.2876711757321995
38 1.3371953942696384 -2.1859879978820382 2.2765720138599073
39 1.5277333258267645 -2.1974706892914755 2.2676342094033903
40 1.7129546854233102 -2.1817372940724682 2.2508394954993953
41 1.8995620154283916 -2.1534927855549619 2.2779091019033433
42 2.0490488129794526 -2.1127769732842321 2.3937155338233649
43 2.0821365211367948 -2.0601637000947481 2.5783121924042054
44 0.39047626019279441 -1.8676202428478736 2.4900977604849701
45 0.55070907876889386 -1.8790540217234162 2.3840124750963798
46 0.73745124716835952 -1.8969148308298494 2.3286363296751365
47 0.93213768418995935 -1.9193902901669633 2.2969448928470495
48 1.1298118023203665 -1.9416508419041674 2.2809813920724378
49 1.3266410540350524 -1.9582804564207608 2.2719810732498842
50 1.5199562574690446 -1.9626079583955525 2.2623880461015435
51 1.7089709973989318 -1.9486584729877656 2.2436715169990085
52 1.8981215762880965 -1.9249264290513126 2.2515843806462708
53 2.0597779379088985 -1.8927899259994521 2.3478813378640622
54 2.1179476107760391 -1.8513629766832551 2.5251907655865451
55 0.36867415560215111 -1.6419907260910944 2.4519685938862814
56 0.53443987063793863 -1.6522979276385095 2.3613055435754915
57 0.7215933077072425 -1.6729645726239755 2.3140501013697685
58 0.91702803983082948 -1.6979811892788883 2.2889270668487032
59 1.1161466349044187 -1.7205452647343247 2.2773274586833292
60 1.3155658399811974 -1.734539934307737 2.2699077878475098
61 1.5126333626950179 -1.7345567434183711 2.260047182660514
62 1.7054706646420184 -1.7182732755613022 2.2425225586774169
63 1.8958011208617918 -1.6926991173620309 2.23826655955635
64 2.067192591040925 -1.6628350442134052 2.3129956130946829
65 2.1433213429907321 -1.6281477074232014 2.4806767351108681
66 0.34735284936991401 -1.4020618050084503 2.4168908597372956
67 0.51607843458816938 -1.4155904211790684 2.341084289040491
68 0.70365308575821606 -1.443871343815718 2.302369996486354
69 0.90024545211054341 -1.4754743320263637 2.2835383925287358
70 1.1014013799794138 -1.5017234715971903 2.275771990048554
71 1.3040246069032433 -1.5159410578164603 2.2701866960411459
72 1.5052540913076533 -1.5128266817040317 2.2613102801219958
73 1.701757767960278 -1.4909006808934058 2.2452008461353978
74 1.8928186915137881 -1.4581205595944218 2.2331823239338617
75 2.0702052240972333 -1.4237990341902123 2.2867137855499893
76 2.1625975180447772 -1.3904540598467743 2.441243669780027
77 0.32777617399328285 -1.1429248440293733 2.3833312486088305
78 0.49750731926290875 -1.1676025811586794 2.3228555650552396
79 0.68582090343760493 -1.2105777065088239 2.2932477538650708
80 0.88408553118425015 -1.2532952049162556 2.2804018698062518
81 1.0872379761997111 -1.2863828291998902 2.2763933272402941
82 1.2924013120628428 -1.3034044930018138 2.2735085658298866
83 1.4968813419818447 -1.2982245617381871 2.2672927097568634
84 1.6963044627374049 -1.2676508891955245 2.2534763644010476
85 1.8877873818570983 -1.2218186186959368 2.2335895914800727
86 2.0678159520892629 -1.1751769306387967 2.2668716691099733
87 2.1756578529539805 -1.1359770481534119 2.4023310847283637
88 0.31224886488108672 -0.85442341523057053 2.3502217732490647
89 0.48068381532373133 -0.9079153298917525 2.3068365407614686
90 0.67125523237198581 -0.97584528407971949 2.2869044346167331
91 0.87269743860441928 -1.033661848360558 2.2797137098324711
92 1.0775911820119115 -1.0753172217526454 2.2794235974139556
93 1.2829280110123396 -1.097244300890714 2.2787695725430379
94 1.4868660340475406 -1.0919962873741973 2.2558735635903764
95 1.6866930497116819 -1.0530034744919818 2.2849066234140736
96 1.876109185302935 -0.98668090447822032 2.2414208259626114
97 2.0583159481236906 -0.91555790674498372 2.2527433568627462
98 2.178917854329034 -0.85823026831719795 2.3591955660481507
99 0.30028467940158177 -0.51161185312997826 2.3178515843384595
100 0.46403554401263714 -0.64187951706861923 2.296201379462488
101 0.66490925496557973 -0.74728205284090954 2.2873686107736049
102 0.87374337829727677 -0.82138621943377765 2.2897030084587731
103 1.0802905199383337 -0.87108608066047599 2.3019472626820305
104 1.2826172195331633 -0.90036834941246013 2.3220375041555386
105 1.4840058859514353 -0.90542928417022583 2.3269608145546168
106 1.6651679102706787 -0.84894123476120142 2.2521865042500187
107 1.8575897329514641 -0.76989695522115509 2.2969469800661888
108 2.0372354108193709 -0.64916389263924001 2.2468451944032046
109 2.1683671648096463 -0.53811392514986034 2.3119530001191042
110 0.20000025708023794 -0.068750576943876401 2.3000000094860393
111 0.4367648388770321 -0.40065044233177682 2.295831754928662
112 0.68298756200820687 -0.5422744806531683 2.2980938582906667
113 0.90151433284630933 -0.62454999584226378 2.3133449269293487
114 1.1046025786377516 -0.67798813522331414 2.3441439574161222
115 1.2963362839336934 -0.71821432799847018 2.4002098774760978
116 1.487841554542588 -0.75377568912968806 2.4543956231104267
117 1.6688710725799376 -0.69593983080555166 2.381506444435856
118 1.8048102488003324 -0.57866546416423281 2.2721339689903388
119 2.0045482450894276 -0.43694664643344899 2.2957759789782841
120 2.1999998815892203 -0.10000049068105619 2.2999999923750343
frame 82
0 0.46836476360639312 -2.6204847640362194 2.6537101831919951
1 0.53340470390302008 -2.6549261422323327 2.4676836603278178
2 0.71624434868465325 -2.6755670900816826 2.3875422217442819
3 0.91495490514523414 -2.6996220033112617 2.3513344971447756
4 1.1210309229742117 -2.7330304533678378 2.3289660109306367
5 1.3373561740169329 -2.7850896715861224 2.3141801578721064
6 1.548354859005556 -2.9035128982556757 2.309869661303285
7 1.7525279636437963 -2.7697706361908292 2.3616337907073714
8 1.9576736798870562 -2.7080336260318028 2.3887952273776132
9 1.8778634045924898 -2.558185744610014 2.4985308265513271
10 1.9032737134668563 -2.5627479726426001 2.6974497239313195
11 0.42108839039555795 -2.4341762438246208 2.591503490313583
12 0.54060549274870418 -2.456816603965581 2.433888917121505
13 0.73060722026206137 -2.4756033471688581 2.3717644250936809
14 0.92969452190820889 -2.4997199342491059 2.3345051573185747
15 1.1334360071035137 -2.5315128309485773 2.3105419073111233
16 1.3381032351347739 -2.5733230475926367 2.2958855640566647
17 1.5338416964168926 -2.6242059081175526 2.2882785088393085
18 1.7162780253631404 -2.5729589339722132 2.3112123127004178
19 1.9029224082598526 -2.51305219142013 2.3765727136616781
20 2.0514508332489858 -2.4578945772815208 2.5029327944235176
21 2.0102841950197257 -2.3921790288893634 2.6905273151499336
22 0.39412890643876874 -2.2373263934895813 2.5384317498853948
23 0.54273377288456903 -2.2531924019876137 2.4091109677315594
24 0.73335933280703869 -2.270381136124207 2.3524499417219902
25 0.93080634046894617 -2.2928934114351596 2.3167213452443298
26 1.1308691865816392 -2.3200304326972798 2.2937130849676932
27 1.3294618481894371 -2.3493795133237629 2.2794808571601601
28 1.5213923136855672 -2.3717070721894462 2.2695259209145715
29 1.7061390985342877 -2.3473963787802936 2.2706135380291279
30 1.8889009204605962 -2.3073829517874427 2.3272900140130819
31 2.0439018993380813 -2.2608150896904382 2.4422423566897655
32 2.064209082049655 -2.2026997714781085 2.6307067246469042
33 0.37522960963071877 -2.032023268674013 2.4946928699148017
34 0.53798062714390416 -2.0434384498409712 2.3865834043417227
35 0.72834167548088447 -2.0593086097439119 2.3348059375759886
36 0.92446931662045329 -2.0802461750479417 2.3016929165012034
37 1.1227137052409624 -2.1031244434554148 2.2806682507879712
38 1.31961093481505 -2.1235218044489383 2.2672636839467981
39 1.5120308208997026 -2.1333462913543948 2.2566384150062335
40 1.7001937719707976 -2.1182237790247251 2.2465213734821736
41 1.8873699495588916 -2.0909516071496679 2.2823676918679179
42 2.046464474186712 -2.0538292953581738 2.3883843190592611
43 2.104962363138732 -2.0058540841352257 2.5686907242414936
44 0.3583070177434019 -1.8179461176880198 2.4578235682191525
45 0.52814776630711702 -1.8266248918392376 2.366049337034561
46 0.71803434222733797 -1.8427318097388632 2.3194490003186101
47 0.91370751146463203 -1.8636225720158535 2.289792723439374
48 1.111927155020793 -1.8842874654581554 2.2713659626952016
49 1.3096687156700482 -1.8995004640506741 2.2590780669306207
50 1.5045082760920343 -1.9031829980902433 2.24836027346592
51 1.695930768420681 -1.8899994928274684 2.2346013821126003
52 1.8863439578852841 -1.8674181492712416 2.2519247321280642
53 2.0529733034511031 -1.8370461073450894 2.3432422427689028
54 2.1336983766729674 -1.7982925102417007 2.5135312161004855
55 0.34133722241630421 -1.5935804022807407 2.4254215330455144
56 0.51469624972395689 -1.6019086702362355 2.3474747563385998
57 0.70417669157883933 -1.6210701881543743 2.3063414730788385
58 0.90017351189044259 -1.6446321898240324 2.2807121633900618
59 1.0996085068589017 -1.6658368988813403 2.2651959234633701
60 1.2996511135750366 -1.6789285368274898 2.2543835402251102
61 1.4978944036576485 -1.6789556598790512 2.2443877661148015
62 1.6926028566920437 -1.6637434340471999 2.2303986402344087
63 1.8846859734698806 -1.6397621453385796 2.2342108453052267
64 2.0585306276168844 -1.6112452791975789 2.3078674088577507
65 2.1545385022603831 -1.5784473788291769 2.4673376774098466
66 0.32438648815495918 -1.3563129366494335 2.3957813659158558
67 0.49908020035541328 -1.3682291249472738 2.3305264793261493
68 0.68837304107876707 -1.3947796703307023 2.2952957954216764
69 0.88530256909625149 -1.424602569294648 2.2740421766145325
70 1.0865956405039621 -1.4493565637516261 2.2616373542002792
71 1.2894883132802126 -1.4629005663681038 2.2528668848435993
72 1.4914781013124374 -1.4603591623630152 2.2450444310951365
73 1.6893695487661304 -1.4399905586384583 2.2317042211147262
74 1.8823105488453282 -1.4093826696748639 2.2259022907156596
75 2.0611561235606057 -1.3768603143186811 2.2812256266710573
76 2.1701473063062466 -1.3453947293642441 2.4274120773998686
77 0.30872083320895866 -1.101528596849044 2.3677036434337349
78 0.48309077610178769 -1.1243737683457631 2.3149791220729199
79 0.67272222555778038 -1.1647345693511519 2.2862961466453342
80 0.87123890791419123 -1.204863241279051 2.2696575411667292
81 1.074431855986467 -1.2359428658470988 2.2606222693870635
82 1.2795576459807663 -1.2521820634115477 2.2545462425136433
83 1.4842529044044113 -1.248202263647199 2.2514903702283631
84 1.6845395798818568 -1.2198919904235077 2.24009162273514
85 1.8778674906448944 -1.1771051044270162 2.2247576976328589
86 2.0593532118412434 -1.1333700082083535 2.2617348089717844
87 2.1800574950042106 -1.0966153779679948 2.3898812760725598
88 0.29656739535307725 -0.81987974722962009 2.340226091908653
89 0.4686380051336887 -0.87005087433807182 2.3010124209353098
90 0.66024390547631551 -0.93350732748083531 2.2794565158421074
91 0.86183592179752588 -0.98751233130627669 2.2672613350920505
92 1.0667950196057294 -1.0264651195803771 2.261178570561007
93 1.2722983174461606 -1.0471974015383261 2.2559705189016763
94 1.4769545692381667 -1.0438507381214361 2.2349864616170838
95 1.675892300437331 -1.0083997623749432 2.2755186627332895
96 1.8668751476079857 -0.94578360160103503 2.2322402998358624
97 2.0512047182975008 -0.87957825140395984 2.2486523951853958
98 2.180927223333998 -0.82601792197309176 2.3505481761992133
99 0.28800343700020836 -0.48881927472084397 2.313452256158016
100 0.45471617312525531 -0.61027301621240815 2.2913963707787084
101 0.65579247545131292 -0.70790492526116011 2.2787337197800031
102 0.86427285049054559 -0.77669074105324598 2.275266473605694
103 1.0708109220134692 -0.82293264299054025 2.2815364778014584
104 1.2734642150542423 -0.85034781203233278 2.2965924814681933
105 1.4748062347779602 -0.85565372286735653 2.2996636741961298
106 1.6609342715087203 -0.80725613998108792 2.2326154943663483
107 1.850488800941992 -0.73279759515383336 2.2911057569464961
108 2.0332066960894504 -0.61915974950586394 2.2425176760359471
109 2.1696428232369871 -0.51639965101634555 2.3092333252452661
110 0.20000023874719675 -0.068750529269831689 2.3000000026783147
111 0.43216547158414426 -0.37327430187732985 2.2910084009395817
112 0.67452309466578164 -0.50341421724754642 2.2875009344408284
113 0.89190989009754307 -0.57966813449399535 2.2966528803629451
114 1.0954621144919923 -0.6296786746667965 2.3223292574469077
115 1.2883440604851513 -0.66859880261842841 2.3752048952291718
116 1.4802851308197533 -0.70521276165534086 2.4283108003618428
117 1.6698846412437549 -0.66076287414031554 2.3687056027937818
118 1.8018955786773816 -0.54174500758748956 2.2587260097343735
119 2.0002748153820122 -0.41086196575844752 2.2937440356856489
120 2.1999998846651478 -0.10000044758700948 2.2999999882512068
frame 83
0 0.39489074568247839 -2.5765327370027666 2.5835537683776075
1 0.50353775728518213 -2.5989388291975466 2.416099229023124
2 0.69499963713869894 -2.6147835041209579 2.3560898256185747
3 0.89668498381279693 -2.634767805021434 2.3350129619558246
4 1.1038731100838344 -2.6625380801867955 2.3227377917868397
5 1.3194210006972336 -2.7050906764656042 2.3135577202186397
6 1.5318478025572826 -2.8012484881013555 2.310897523326608
7 1.739967698887469 -2.6890295099889951 2.3468561164449366
8 1.9446649050588323 -2.63156761439252 2.3713665194552038
9 1.9021862214675822 -2.5123399565957283 2.5314892010539087
10 1.9775507967088246 -2.5166505953073481 2.7178376996923905
11 0.36616417799134171 -2.3841866932533744 2.5292674834593099
12 0.51312274697799765 -2.3993822412062138 2.3953455040329659
13 0.7081966806586919 -2.4145312424542893 2.3487322947473195
14 0.9096794342842548 -2.4347549497985157 2.3235271413694685
15 1.1144885582250006 -2.461455809426484 2.306832352260717
16 1.3199669987176064 -2.4959826815512827 2.2952309266753677
17 1.5182084230682791 -2.5371287705794985 2.2883695027573197
18 1.7040818862990861 -2.4909249471929482 2.3141352555835066
19 1.8941067745463824 -2.4381004123522603 2.3779237568284657
20 2.0580992294026119 -2.3926372079100671 2.4928742829227897
21 2.0673598090558003 -2.3381610215243893 2.6901657977212681
22 0.35069908472366834 -2.1843451865496619 2.4865987282931616
23 0.51652737284084438 -2.1953693881090528 2.3788649963767652
24 0.71129433321643876 -2.209557947814182 2.3359816188034599
25 0.9107026546915884 -2.2288298974331169 2.3093546867386983
26 1.1118097974993821 -2.2520644497277593 2.2902708336170949
27 1.3116187945609534 -2.2766721067628239 2.2764889268616155
28 1.5059313481573779 -2.2945514257070667 2.2663768111585196
29 1.6938800852696254 -2.2714807856282597 2.275375876015413
30 1.8786385507644978 -2.2349164675478295 2.3345334566168043
31 2.0446556099392419 -2.1953412103293943 2.4384423000395117
32 2.0967676128215325 -2.1440895667619047 2.623398690308719
33 0.33890686848758017 -1.978004307808602 2.4520161124312065
34 0.51347215556172732 -1.9860271683175705 2.362641774538988
35 0.70725052617390882 -1.999507979415349 2.3227158688043801
36 0.90487425628055285 -2.0178967414298392 2.2956215080599121
37 1.1039230625099814 -2.0379618902261933 2.275414539462167
38 1.3019257474739518 -2.0553993672324529 2.260578790208013
39 1.4963429467756186 -2.0630873525188034 2.2495038613265357
40 1.6874106967026681 -2.0485330170630052 2.2477207712611369
41 1.8753477924522792 -2.0227025620097137 2.2906934966217589
42 2.042871190549624 -1.9898261996487772 2.3872236252678833
43 2.1264976272779412 -1.9461920377388744 2.5594192403754006
44 0.32702324697169921 -1.7642645266228083 2.4227409467808516
45 0.50563426102406994 -1.7704798923391492 2.347225012049337
46 0.69828804776282449 -1.784631057009977 2.3100508210940851
47 0.89498600409028672 -1.8034621430578128 2.2833973671458274
48 1.0937102805094949 -1.8220307755783773 2.2633625008135754
49 1.2923041689690096 -1.8353519039111375 2.2487452601845224
50 1.4887285844890124 -1.8380341863789604 2.2380566769291983
51 1.6825577796052591 -1.8255119160188147 2.2311366743220624
52 1.8738757681359655 -1.8040697738341072 2.2575672978307089
53 2.045671397914437 -1.7760142759545368 2.3431032662260209
54 2.1488606346673329 -1.7402329331993927 2.5029803489233799
55 0.31422834671050076 -1.5414744179057762 2.3969744780663853
56 0.49436943114117932 -1.5479401372618744 2.3328241292881478
57 0.68605439714307481 -1.5652690147025488 2.2984325717443959
58 0.88268819194114867 -1.5868884647701604 2.2731561675903693
59 1.0823564507823729 -1.6062825727982397 2.254456104542522
60 1.2829414944039736 -1.6180573437737993 2.2411828056207463
61 1.4823420577847395 -1.6177862040576743 2.2319944937215568
62 1.6789131204357506 -1.6035967825499609 2.2231646161621024
63 1.8723721809437366 -1.5811941245425152 2.2359034992054991
64 2.049040411070659 -1.5543317241117132 2.3077024177020204
65 2.1649582697484413 -1.5237925623519859 2.4559583902990356
66 0.3010143223936021 -1.3071580868168757 2.3735382291303662
67 0.48106094816905198 -1.3174387210550014 2.3193475160602266
68 0.67210523342011197 -1.3418272491208298 2.2881074715545076
69 0.86941457822707258 -1.3693539984277492 2.2650912480259109
70 1.0707295976524447 -1.3921477809239762 2.2486242112017298
71 1.2738062404903787 -1.4045987916045628 2.237586712675288
72 1.4764754753241125 -1.4023307208785756 2.2315126332206114
73 1.6757291826259171 -1.3835702992007102 2.2220762912147372
74 1.8703819995066431 -1.3553473010833756 2.2240500358346291
75 2.0509244583611941 -1.3248596459023063 2.2807569906987171
76 2.1766355548179739 -1.2955349543094743 2.416180461793445
77 0.28870350616428009 -1.0570942492678514 2.3515462499200912
78 0.46738613910605148 -1.0779218806283635 2.3067263126513073
79 0.65843218166000317 -1.1151273390779171 2.2793143503382063
80 0.8571818838194446 -1.1520985723856947 2.2593099145786484
81 1.0602900482635838 -1.1806547373315144 2.2457071077996429
82 1.2653107266465555 -1.1956616755101268 2.2374916279372217
83 1.4701118671383377 -1.1925503306622069 2.2382332446822288
84 1.6712379649113518 -1.1666492761175089 2.2292030125402884
85 1.866533287263751 -1.1274555546082996 2.2204311096083416
86 2.0495771460584931 -1.0869928593800771 2.2611842548613668
87 2.1833942242027957 -1.0528906070384307 2.3802866142044903
88 0.27948323967497374 -0.78285781071027949 2.3301312183627552
89 0.45519541724816642 -0.82923497094160181 2.2950592827726313
90 0.64789190493188387 -0.88752730589995799 2.2720761148270525
91 0.8494975856854996 -0.93708401135295905 2.255146854876025
92 1.0543425896559846 -0.97277181807732926 2.2437925658907503
93 1.2599485733428863 -0.99180852296493149 2.2355869701615845
94 1.4652934152124282 -0.98991966179745394 2.2183788824756565
95 1.6633192921894828 -0.95817085278405845 2.2670789408623366
96 1.8564940195209838 -0.90024997704222021 2.2259273846561802
97 2.0429432780249721 -0.83967169565976918 2.2482443246121333
98 2.1822687978838906 -0.79024958563471603 2.3445418174914434
99 0.27407509460883556 -0.46451334635682295 2.309205676640782
100 0.44408910967694298 -0.57600026855823805 2.2866537407733785
101 0.64517638749288053 -0.66496255660395631 2.2701259156495843
102 0.85293672101880003 -0.72768669944276043 2.2607859606067144
103 1.0590973125677376 -0.76981251976505005 2.2610924143768338
104 1.2617778669362283 -0.79459047504919955 2.2716154961107562
105 1.4630206699748334 -0.79836352024785306 2.2707027312091346
106 1.6551236290045106 -0.76019796437809806 2.2157836524277901
107 1.8416236508907091 -0.69079300837005264 2.2857178119883117
108 2.0284037841553229 -0.58595069284392087 2.2406935424785468
109 2.1709783382256136 -0.49242793015900715 2.3083883172177169
110 0.20000021749564248 -0.068750477051134837 2.2999999962981916
111 0.42687041700259526 -0.34330934030789995 2.2861714593784659
112 0.66437549573869548 -0.46091529869668396 2.2767648384383605
113 0.88003166044558156 -0.53033162651152754 2.2794928844018667
114 1.0837211372254081 -0.57622902418215061 2.3000625890347148
115 1.2769503405223424 -0.61375282820847821 2.3521028191361921
116 1.469818320091504 -0.650574540298271 2.4024541697338884
117 1.6657033134883616 -0.61884344504483568 2.356750357082769
118 1.7976640201586103 -0.49966422461243276 2.2489227545126296
119 1.9952410688645514 -0.38123958078154058 2.2924870305939562
120 2.1999998883435201 -0.10000039976116734 2.2999999863096225
frame 84
0 0.32998700733857761 -2.5258213297648568 2.5033973536632201
1 0.47900584047301287 -2.5386000536563977 2.3686155739321588
2 0.6761527437983057 -2.5500612071732975 2.3281539022338515
3 0.87905946568473503 -2.5654340250692989 2.3207390925059181
4 1.0859464475898744 -2.5864807425476126 2.3172221724560247
5 1.2991837393622119 -2.6180625106113067 2.3129408934841749
6 1.5114166401142084 -2.6889840780470355 2.3120114181182956
7 1.7206472885791717 -2.6029364404717206 2.3375719090550278
8 1.9216561303306083 -2.5544180005212134 2.3639378114327942
9 1.9365090382426746 -2.4764941684814423 2.556403564826399
10 2.0488416760204204 -2.4659030752210329 2.7282256755534617
11 0.31695629273691228 -2.3290628042471511 2.4610374085582127
12 0.48839783427143535 -2.3383281155765125 2.3591072548386416
13 0.68681817811136303 -2.349703446727438 2.3274599669672313
14 0.88942131811525715 -2.3653139729103962 2.3137433802913812
15 1.0943442849791261 -2.3857539602251383 2.3037537776293644
16 1.2998139849472667 -2.4116793552860587 2.2949592375754322
17 1.4999923068993959 -2.4419426464676337 2.2892717846864641
18 1.6894313051273699 -2.4036720595237124 2.3188526349965239
19 1.8802508649126299 -2.3604551713962594 2.3853477478732041
20 2.0547476256562383 -2.3256116125505062 2.490710921884685
21 2.1144354231918752 -2.2793115346243429 2.6798042803926028
22 0.31091035681380452 -2.1272576472320481 2.4306599467275514
23 0.49184451748712354 -2.1342895054868678 2.3494588371878473
24 0.68947860347038403 -2.1452094014809777 2.3202330896343235
25 0.89012960420918052 -2.1604142685185947 2.3027692414234591
26 1.0918857339177594 -2.1786372006919943 2.2877753417667259
27 1.2926778236597822 -2.1974940206301801 2.2748717927262412
28 1.4894123643780175 -2.2104673698689954 2.2657684521328174
29 1.6806310275591549 -2.190086629200763 2.2830750595714782
30 1.8677924456784865 -2.1592646453936961 2.3437372536488885
31 2.0408568917252192 -2.127134462895774 2.4402049958281493
32 2.1267833708491932 -2.0817943576453608 2.613964895792793
33 0.30493971487268129 -1.9205379206506108 2.4062877054677836
34 0.48976171331435708 -1.9256340266716336 2.3387869354807536
35 0.68607831930696705 -1.936379585719086 2.3108631525102932
36 0.88491466080209968 -1.9513927924010321 2.2902667540442785
37 1.0847146556903764 -1.9677000362741439 2.2715422752296077
38 1.2838677518473673 -1.9814535321842248 2.2561697557572988
39 1.4805147539952079 -1.9867938063542792 2.2461074981984215
40 1.6743858801424012 -1.9734518570285853 2.2537301133316583
41 1.8634889132806354 -1.9504906333347765 2.3020699582662352
42 2.0377048583270283 -1.9226018470133006 2.3904159834784711
43 2.1465572478010002 -1.8833530335467279 2.5497956564930906
44 0.29724741829090018 -1.7076086928425618 2.3855198975836993
45 0.48340067955088839 -1.7116041266093784 2.328229292321915
46 0.6783155055115323 -1.7233858122100916 2.3007875027631455
47 0.87602347086057464 -1.7393840852090312 2.2778224223989683
48 1.075324010778399 -1.7550842028048168 2.2570737272046606
49 1.274887118260829 -1.7659651678486126 2.2411727545255902
50 1.4730990345415254 -1.7674935847606128 2.2317701056565324
51 1.6692556451679545 -1.7559631836192169 2.2331526818525025
52 1.8613174960590433 -1.7363250637442629 2.2677986487635868
53 2.0380295717180021 -1.7113563938291885 2.3472985961373576
54 2.1629208309647936 -1.6789595884425716 2.493135537314207
55 0.28793401285833709 -1.4867898044458121 2.3672409364260325
56 0.47391838886200788 -1.491481313627786 2.3180401660268308
57 0.6675953587622202 -1.5065074272284922 2.2907450369947044
58 0.86496550849224541 -1.5254728315380226 2.2665470737746425
59 1.0649459051200942 -1.5423977977427921 2.2455727320649892
60 1.2661773562784158 -1.552369891678373 2.230817222657429
61 1.4668336554142569 -1.5516141821223239 2.2232619121827297
62 1.665218470700127 -1.5386831415427693 2.2210363245061879
63 1.8596409998915204 -1.5182004624309817 2.2430263687969449
64 2.0393490315038978 -1.4935501071366852 2.312286777632556
65 2.1743159056376218 -1.4657187420051303 2.4463260675414324
66 0.27782870818183442 -1.2557942173675434 2.3507410475414541
67 0.46258899410071558 -1.264395743062489 2.3082028354277107
68 0.65536253265031874 -1.2861011829323887 2.2812775636593936
69 0.85315656468665091 -1.3106635534134743 2.2571517469825162
70 1.0545426966045028 -1.3308856479477289 2.2374367942249607
71 1.2578868696836805 -1.3417376015761511 2.224995885902735
72 1.4612357887092426 -1.3394589710693157 2.2209667345956596
73 1.6618166104681062 -1.3225522239754244 2.2165324678695608
74 1.8578227344273057 -1.297076648814341 2.2276022323982554
75 2.0402512875653316 -1.2690159341205929 2.285201343370022
76 2.1820435840486141 -1.2421776843505021 2.4075068371681523
77 0.26831204487843791 -1.0108376622233264 2.3353774502727354
78 0.45097280630664338 -1.0294516157640778 2.2986911460994941
79 0.64349381078929091 -1.0629209436980176 2.2728167900397449
80 0.84251675456791919 -1.0960846777785 2.2499861769170675
81 1.045549512438013 -1.1215172388622836 2.2325544703291738
82 1.2505471438451041 -1.1347362400980994 2.2231036928271988
83 1.4554157992269829 -1.1320192374887457 2.2274963495533067
84 1.6574036947102215 -1.1088376292431732 2.2206921092141374
85 1.8545297786790953 -1.073838274940512 2.2206380732079474
86 2.0391393306715062 -1.0370459154646916 2.2652087502704434
87 2.1858043074345153 -1.0058833031919883 2.3735885078434658
88 0.26155904826166809 -0.74447940770360077 2.3203494456635902
89 0.44088422349420819 -0.78661097390477386 2.2895082733270389
90 0.63470175969938591 -0.8390685834784839 2.2653700464515198
91 0.83622167572511064 -0.88351623356200071 2.2442353153698424
92 1.0408445733329585 -0.91533875633081274 2.2284777297276701
93 1.2465406171115219 -0.93203608524011794 2.218559234643446
94 1.4522903600538193 -0.93069549980845678 2.2070590575181774
95 1.6499925122912305 -0.90313533278376434 2.2595317479200117
96 1.8457258333326718 -0.85096721152570098 2.2222410587802299
97 2.0340281208422106 -0.79664781293118658 2.2515126125913478
98 2.1831402752459468 -0.75178330918974068 2.3411807423127824
99 0.25896198336792103 -0.43951977877013843 2.3053715982893483
100 0.43256863268883139 -0.5400620862311315 2.2824464565268676
101 0.63348829601441048 -0.6195917415911294 2.2622039952641937
102 0.84019619436756421 -0.67556050472432894 2.247124543983086
103 1.0456414881733533 -0.71295297310404349 2.2413903577558716
104 1.2482470918471924 -0.73411181871126008 2.2462187822305708
105 1.4494834720219103 -0.73471802114751783 2.2390946459478163
106 1.6477088848053707 -0.70834732765826991 2.2016960715528997
107 1.831630802046798 -0.64454648133385617 2.2803773733131352
108 2.0231471253912656 -0.55023752751135013 2.2412958787294084
109 2.1725331219929704 -0.46676703980461226 2.3093122825661889
110 0.20000019367661259 -0.06875042155297531 2.2999999909791002
111 0.42109026713998438 -0.31163089475509048 2.281752990215459
112 0.65289467357208275 -0.4159514002445992 2.266643929246611
113 0.86631800872809273 -0.47782439662083581 2.262909094858244
114 1.0699251779610433 -0.51907359073995263 2.2786861829914611
115 1.2631158076793949 -0.55538226155572035 2.3312190991144366
116 1.4567227138248497 -0.59304679389278903 2.3780288309016453
117 1.655915355823647 -0.57012272276726106 2.3453205929219645
118 1.7922299960798656 -0.45301376491533402 2.2423495825426074
119 1.9898469705603741 -0.34843100831993851 2.2913979158215727
120 2.1999998931735014 -0.10000034819789794 2.2999999862935483
frame 85
0 0.27508326889467682 -2.4677166946321814 2.4156748760785125
1 0.4571569683949574 -2.4743409783874313 2.3272336273827237
2 0.65781577818430881 -2.4817058815265045 2.3038491280754867
3 0.86085240951877873 -2.4918758896689717 2.3076343343734047
4 1.0664156153025202 -2.5052149305160425 2.3117104827564159
5 1.276026845933953 -2.524482347633989 2.3124747697819252
6 1.4860650374417015 -2.5667196680927158 2.3147256009242461
7 1.6939638581523166 -2.5131295169606749 2.3349528359838505
8 1.892155476593403 -2.482590045504252 2.3665091033103844
9 1.980831854917767 -2.4407141454013863 2.5713179286988894
10 2.1109987905597603 -2.4091059730791033 2.7286136515145332
11 0.27510784865470367 -2.2683323082221349 2.388873259113339
12 0.46469588454077843 -2.2739990863677564 2.3253822587015311
13 0.66512399586709747 -2.2814407958055449 2.3077894076908825
14 0.86785991837631871 -2.2917373078555419 2.304337738070088
15 1.0721484156034831 -2.3048930322920471 2.3004008848782957
16 1.2769468452540127 -2.3210868169973113 2.2947108778908567
17 1.4787318914778078 -2.3392506760241174 2.2920159062842451
18 1.6721419109526838 -2.3129970308559504 2.326698125656431
19 1.8634417586324548 -2.2846008223547694 2.3955378534174137
20 2.0413960220098648 -2.2608554908128577 2.4985475607465801
21 2.1515110374279502 -2.2202426133343836 2.6613644368096003
22 0.27558927784692722 -2.0658956685517369 2.3721489963411133
23 0.46767595552665198 -2.0701555513416059 2.3209631857508759
24 0.66698506907445032 -2.0776245485726355 2.3050833134930966
25 0.86820804253632056 -2.0880126442146865 2.2962758587693926
26 1.0702871242245822 -2.1002597035212887 2.2853584558762297
27 1.2719412553524638 -2.1125497618279474 2.2740564289407712
28 1.471305283111533 -2.1203347394374252 2.2680598504826244
29 1.6660140860626576 -2.1051990975453236 2.2938955504668779
30 1.8555617700126401 -2.0833751377811756 2.3556119130056965
31 2.0329423878504707 -2.0599020228800211 2.4467149561577348
32 2.1542012885144759 -2.0206933024661926 2.5990606562288625
33 0.27368215126579537 -1.8595951549645726 2.3587079832851452
34 0.46624985572556382 -1.8624582590049836 2.3154265030003169
35 0.66423102028471537 -1.8702184385347362 2.2993020059194835
36 0.8639620221042269 -1.8811261611221057 2.2851754113097225
37 1.0645093990805905 -1.892837982555599 2.268469523199856
38 1.2649704733948044 -1.9023413278749217 2.2536412217683668
39 1.4641761686520722 -1.9053748370623957 2.2465808833088285
40 1.6607537286271565 -1.8947126351550529 2.2640299507738892
41 1.851378538405666 -1.8768337432950017 2.3160967858410131
42 2.0305843378686963 -1.855012243083517 2.3974530377036096
43 2.1645644777305013 -1.8211425758125823 2.5379279245071737
44 0.26916943178337699 -1.6480595902696005 2.3471270055858735
45 0.4611785538078676 -1.6502751133294329 2.3096401731743899
46 0.65782954037740049 -1.6593717203895055 2.2918335771885996
47 0.8565178866750679 -1.6718419090730618 2.2728736416746602
48 1.0565629578999789 -1.6839654531600441 2.2523125425954218
49 1.257340299315679 -1.6919850938459269 2.2363121274150601
50 1.4576155526296621 -1.6924692848399596 2.229688001759643
51 1.655938348578377 -1.6827922608997246 2.2402815831179259
52 1.8487603893038624 -1.6662842505645696 2.2817455960243289
53 2.0298144748306033 -1.6454458200670476 2.3552674841560384
54 2.1749295055215123 -1.6173202714575139 2.4832166393661277
55 0.26267496218707653 -1.4297406323291846 2.3370062319736467
56 0.4533788876251153 -1.432925558113082 2.3037189874090536
57 0.6488126300886139 -1.4452788593631301 2.2835213093051103
58 0.84704935678622739 -1.4609369739017379 2.2609365990188035
59 1.0475619772116709 -1.4747745207299976 2.2387329471069819
60 1.2496718564897764 -1.4825630129834924 2.2235381068003468
61 1.4517529581225719 -1.4813777030672071 2.2184375065275961
62 1.6518293325851525 -1.4702903126066384 2.2239755294617445
63 1.8468706110781015 -1.4524995741626443 2.2547974531626482
64 2.0296658851410476 -1.4309312504693457 2.3209359348150862
65 2.1819588440160103 -1.4065129825823399 2.4380072105937769
66 0.25517012725670829 -1.2025846946865022 2.3280110331898434
67 0.44395683624247245 -1.2096136963432305 2.2976205378402796
68 0.63842117949372024 -1.2282128607485183 2.2750943530705174
69 0.83686898277285759 -1.249195646129877 2.2504985838549474
70 1.0385258233856749 -1.266273690636019 2.2285617206949966
71 1.2423316675792331 -1.2750958507363535 2.2155215467279032
72 1.4464380358167293 -1.2727218525114423 2.2135641842321352
73 1.6482790543041621 -1.2581691215420057 2.2152246543077649
74 1.845159543348885 -1.2360163412737746 2.2360225189611573
75 2.0296347956185312 -1.2110343524227709 2.2938868260247234
76 2.1861437437209292 -1.1872205968027272 2.4010172313621747
77 0.24803055370452587 -0.96325057773137035 2.3196512425824047
78 0.4343345269741451 -0.97957092349277108 2.2913086400471183
79 0.62838388278839796 -1.0088186763601033 2.267159626129847
80 0.82779827697727326 -1.0375828955194009 2.2421956212092113
81 1.0308873685469131 -1.0593419029929045 2.2219133318363333
82 1.2360023439556942 -1.0702522412729265 2.2118881184406063
83 1.4410111300926876 -1.0675850741336435 2.2189214806309048
84 1.6439473654519503 -1.0476809220915968 2.2147499813911393
85 1.8424636776167029 -1.0175245916541873 2.2250787826542759
86 2.0286303970814714 -0.98492593770875214 2.2732279587803452
87 2.1873654648079666 -0.95715724413781311 2.3694082463949249
88 0.2434027092864442 -0.70530060991075039 2.3111677217404201
89 0.42630405413520134 -0.74283329107030793 2.2847295845239093
90 0.62128579487643953 -0.78888820596781695 2.2598176712424025
91 0.82271126250603255 -0.82763548865814163 2.2352824032009533
92 1.0271062475415211 -0.85502601462519912 2.2161151882619574
93 1.2327792126639101 -0.86871780603885751 2.2050997425097902
94 1.4384764374553471 -0.86710812563972373 2.2009289588929977
95 1.6367830493927382 -0.84427728186189133 2.2523052039058458
96 1.8353060192899984 -0.79913807038268825 2.2211772730906518
97 2.0250081208394692 -0.7516223032866387 2.2579958716481694
98 2.1837581125580909 -0.7118416369635876 2.3400705859893121
99 0.24328059114294684 -0.4143171558209976 2.3020702146206338
100 0.42075456450497728 -0.50311565631247768 2.2790846501728805
101 0.62141088353485352 -0.57261299937419485 2.2554420857124562
102 0.82685125315654695 -0.62128200884765439 2.2348122128103425
103 1.0313763987551461 -0.6534667207244379 2.222288261327662
104 1.2340423070867335 -0.66996891621710741 2.2184756034202273
105 1.4358603034163377 -0.66840347044504134 2.2083692223119686
106 1.6383857047103441 -0.65221419640462719 2.1901970605831225
107 1.8211679384492128 -0.59489160541896879 2.2740592073472485
108 2.0177373157847422 -0.51293841686798736 2.2442002704034807
109 2.1744779506097669 -0.44020052471050092 2.3116147113190948
110 0.20000016775147322 -0.068750363523136515 2.299999987187527
111 0.41519475838357867 -0.27889731237372167 2.2781154262368255
112 0.64074146770777252 -0.36943601862924186 2.2578175634347546
113 0.85161752587483308 -0.42326265254189371 2.247887359741223
114 1.0550339203401708 -0.459665227620626 2.2594785582548784
115 1.2481594585858511 -0.49543346235205421 2.3120625723949066
116 1.4414208278738772 -0.5353812945897819 2.3564759343529182
117 1.6414405599136039 -0.51498320472510251 2.3341208681673042
118 1.7859102339961641 -0.402543279588018 2.2384963687366941
119 1.9846443347052378 -0.31298144290204616 2.2895181204087991
120 2.1999998997205958 -0.10000029429995065 2.2999999877152759
frame 86
0 0.23017953035077604 -2.4018952193529999 2.3250405960706599
1 0.43322064015658285 -2.406046421087646 2.2915134069957892
2 0.63700198756045512 -2.4099750425850321 2.2831613114791032
3 0.84034220191011033 -2.4146754512160498 2.2947203718003752
4 1.0444313880016285 -2.4196054026708804 2.3052203957867303
5 1.2498891909624557 -2.4251666880742566 2.311206336147924
6 1.4560033983013456 -2.4344552582383963 2.3180446164449822
7 1.6614050652783059 -2.4210025563486375 2.3361384489684416
8 1.8596515518468013 -2.4142547954699975 2.3790803950879744
9 2.0151546716928594 -2.3949341224213305 2.5762322926713801
10 2.1631559051991003 -2.3520329409562146 2.7190016275756048
11 0.24030767129059732 -2.2014134583060887 2.3154695547835491
12 0.43953852156615508 -2.206269550150691 2.2934502436355118
13 0.64122550172033643 -2.2101400689537658 2.2892465782349798
14 0.84369859578578354 -2.214807936040859 2.2944224497572625
15 1.0470272743331381 -2.2199575229975936 2.296001795548285
16 1.250823977341049 -2.2253286821634322 2.2941735126553455
17 1.4541288193908275 -2.2298264930704259 2.297705290908834
18 1.6525477938348998 -2.2210510220826012 2.3368270353938745
19 1.8442573514107052 -2.2122130503559188 2.4061890671882042
20 2.0180444184634916 -2.2015664755972693 2.5158910233029808
21 2.1785866517640256 -2.1656888930937734 2.6380236743016936
22 0.24448376892288956 -1.999587088844226 2.312931296166894
23 0.44271049037428045 -2.0027625990614042 2.2931940018652566
24 0.64266958955706555 -2.0071433056439969 2.2901499050523881
25 0.84398547746771491 -2.0124103648744707 2.289058661390639
26 1.0462048947541005 -2.018051294643505 2.2822384126172133
27 1.2487586362864858 -2.0230877483596577 2.2737880271742497
28 1.4510561712478716 -2.0253727867339402 2.2742480633306656
29 1.6496651780151654 -2.018935524090403 2.3079858022313364
30 1.8411577317205483 -2.0094383724959437 2.3704836851321835
31 2.0200341488667366 -1.9966437099923655 2.4589270447257117
32 2.1748595124032293 -1.9671377510050625 2.5778541511441779
33 0.2449664727923771 -1.7945401347904066 2.3106468961990059
34 0.4421335377958161 -1.796305918167135 2.2927017487719787
35 0.64099839423563387 -1.8012894512507427 2.2878125629562542
36 0.84132950228488723 -1.8078050384217115 2.2796829472649507
37 1.042656122558695 -1.8144178575010739 2.2655531896714729
38 1.2446758681628118 -1.8192977954393128 2.2527917932168839
39 1.4467855525284865 -1.8202380279443082 2.2514571265721104
40 1.6460999865731489 -1.8144169681431115 2.2782515869711766
41 1.8384338543577163 -1.8041712315319614 2.3327310019667951
42 2.0209435012085479 -1.7901122692689662 2.4087027816840889
43 2.1785839106657239 -1.7642737555164465 2.5231298755219433
44 0.24269762722543192 -1.58507137007487 2.3086376769398038
45 0.43851900166442159 -1.5863385624189685 2.2917555436496695
46 0.63642794946497427 -1.592821802322699 2.2830727850704169
47 0.83604350072015488 -1.6014603308239608 2.2680943634401478
48 1.0370332772073225 -1.609600449863317 2.2487113254713376
49 1.2393350692616143 -1.6145753037983086 2.2341069805848255
50 1.4419504510189136 -1.6144046987862701 2.2321194243199067
51 1.642285356865157 -1.6079461828843906 2.2520893944052953
52 1.8360606438562397 -1.5963949187612381 2.2986992382047005
53 2.0206449710448933 -1.5811547881323504 2.3668739021394303
54 2.1836719873747317 -1.5589260089487254 2.4730868632532212
55 0.23848930519609829 -1.3698945491135315 2.3071103885507007
56 0.43262209906916227 -1.3721755872556169 2.2901829123755024
57 0.62958844955248849 -1.3818173553807298 2.2767120048087204
58 0.82880807462881334 -1.3938441811157523 2.2561110239761848
59 1.0301306643574331 -1.4042434905332157 2.2338858144043141
60 1.2333984001837426 -1.4097368796264613 2.2194586527920199
61 1.4370925841220239 -1.4085129521595821 2.2177939098304185
62 1.6386794364100736 -1.4002111669270814 2.2318159369493262
63 1.834200441517456 -1.3863226418706973 2.270306082371635
64 2.0199403008842345 -1.3690800959215879 2.3330303221295283
65 2.1870934680607124 -1.3491284194186806 2.4308951442327134
66 0.23327202615782483 -1.1472283073389893 2.3059585999057548
67 0.42534542891786409 -1.1530651582533331 2.2878680199348405
68 0.62145331023433903 -1.1684151921117343 2.2695814156803222
69 0.82073737000702163 -1.1854780128000812 2.2451780440544584
70 1.0229275767831449 -1.1990887308419531 2.2222274204832906
71 1.2274170670567957 -1.2057391108599338 2.2093872056735129
72 1.4324147564371852 -1.2035648351274109 2.2095299655537373
73 1.6353875120076844 -1.1921245092521526 2.2183225356813394
74 1.8327096882307732 -1.1741218555676618 2.248526139845616
75 2.0193452861642887 -1.1531846410275834 2.3059492702214412
76 2.1885698538311855 -1.1331660999007749 2.3963965433601166
77 0.2283260988317084 -0.91417606455044009 2.3047496727825147
78 0.41793532554944707 -0.92833147636755886 2.2847763216051709
79 0.61355911764374105 -0.95310010015630453 2.2624795004057634
80 0.81352472658459729 -0.97710039139492533 2.2362510992761444
81 1.0168276313799727 -0.99487205874975282 2.214190936479894
82 1.2221763902125207 -1.0032573396715114 2.2040436150091467
83 1.4275233434627648 -1.0007172331822733 2.2120476710212738
84 1.631503634526877 -0.98487985456608496 2.2120567871909427
85 1.8307826077109697 -0.96023254465006869 2.2332915870241434
86 2.0185307835165038 -0.93253217896640639 2.2843567754288396
87 2.1880438346185791 -0.90880214331871867 2.3672671947805792
88 0.22569712773045975 -0.66531386410572957 2.3027595882080223
89 0.41213749612462131 -0.6980394192933822 2.2808731964602771
90 0.60834787871301066 -0.73730883388841195 2.2556671439510674
91 0.80975885673358305 -0.76995683088885503 2.2287106854047569
92 1.013920552129165 -0.79253982568156855 2.2068261431010412
93 1.2193613804770052 -0.80293486635444988 2.1950781514363178
94 1.4246865245756437 -0.80092592246514549 2.1985651961255432
95 1.6244253555197279 -0.78298728021276576 2.2444597865062925
96 1.8257677950929752 -0.74634931112630343 2.2231162202451857
97 2.0164319884550324 -0.70611857398678868 2.2669627013522655
98 2.1842641291746911 -0.67205372565878996 2.3406566250096636
99 0.22779160056153119 -0.3890016551671851 2.2992866413659376
100 0.40940904512503723 -0.4653879656174299 2.2766474085001409
101 0.60980479369612706 -0.52443482959880738 2.2499897936702729
102 0.81386770079260462 -0.5655251129766089 2.2238340448460567
103 1.0172954677091726 -0.59228587113004094 2.2027807472402339
104 1.2200527041849629 -0.60418599107743687 2.1893136241084559
105 1.4230810528941777 -0.60267024823015736 2.1829101712152035
106 1.6274554641752998 -0.59255636223056529 2.1810801212896922
107 1.8112586055541671 -0.54306215968101312 2.2655406389647177
108 2.0124412342206499 -0.47521893100547025 2.2493193672193259
109 2.176905506479303 -0.41375522479519783 2.3147412901390174
110 0.20000014021979845 -0.068750303112513109 2.2999999851694848
111 0.40967605665037493 -0.24543407428325209 2.2754665561725456
112 0.6288015407104014 -0.32187802806708371 2.2506931063732583
113 0.83703933729320412 -0.36744032522925651 2.2350622572392829
114 1.0402094683435874 -0.39925091800369095 2.2430989191505275
115 1.2336275846922313 -0.43528667612600869 2.2933185496861443
116 1.4246295083665936 -0.47983320542249575 2.3399109402859692
117 1.6239089246329468 -0.45376197765716764 2.3227435597339081
118 1.779542553933283 -0.34940512261764323 2.2370268645340756
119 1.9804770196101387 -0.27579732059347944 2.285743485511897
120 2.1999999084741733 -0.10000023997701656 2.299999990024248
frame 87
0 0.19527579170687526 -2.3283194471221549 2.2370031323479278
1 0.40499702835715767 -2.3334718676488908 2.2537526563980959
2 0.61172184397663565 -2.3355059170902241 2.2640498372403073
3 0.8161162575650297 -2.3355178517285156 2.2809441457115471
4 1.0191573511874092 -2.3330969434741635 2.2971108242886493
5 1.2209363336541001 -2.3280105909083786 2.2999379026139231
6 1.4159417592609898 -2.3121908482840765 2.331363631865718
7 1.6262944036719116 -2.3315917310670313 2.3473240618530324
8 1.835746989174398 -2.3416358863494375 2.4016516867655642
9 2.0394774885679521 -2.339154099541275 2.571146656743871
10 2.2053130199384405 -2.2956302582101396 2.6993896037366767
11 0.21171919266167649 -2.1281381574881242 2.2429582322792281
12 0.41190956316683236 -2.1348361673816796 2.2608857212419924
13 0.61428093989532107 -2.1364735703491564 2.2708107731066689
14 0.81669355240261388 -2.1363476405905124 2.2831515061079855
15 1.019462650239892 -2.1344565649752956 2.2900201521959427
16 1.2227113023009217 -2.1307569942421916 2.2945327919417724
17 1.4277124972919111 -2.1257634867591926 2.3022076572553778
18 1.6307585629765435 -2.1345909807476251 2.3500519648450582
19 1.8254896521382062 -2.1417715204553684 2.421403835770509
20 2.0046928148171181 -2.1421239343764102 2.5276256181581687
21 2.1956622662001011 -2.1089012182368876 2.6188312190429524
22 0.21700071609565871 -1.9279952366725726 2.2547943759224327
23 0.41632821154368532 -1.9320089791715587 2.2657495361666888
24 0.61625142973454927 -1.9344638157270748 2.2748317371465117
25 0.81760328468973509 -1.9354071399344719 2.2802949531344905
26 1.02018101254795 -1.935234024127479 2.2778858298003017
27 1.2239572143399946 -1.9341729372817127 2.2747304861483575
28 1.4288482110556642 -1.9325142333134488 2.287028974179484
29 1.6310838539230466 -1.9364085052328524 2.3266989483844509
30 1.8246849918990744 -1.9386060785211121 2.3893470965748045
31 2.0061792650981376 -1.9345267706109472 2.4740639399239446
32 2.1855177363919829 -1.9157964823955147 2.5548692741036088
33 0.21858512956388229 -1.7249650680748481 2.2634128921500136
34 0.41709932878060324 -1.7271807711964227 2.2705605480464373
35 0.61633826996698859 -1.7302925861171081 2.2759369087183772
36 0.81719237821668655 -1.7330756464641619 2.2730495987903647
37 1.0194800030036955 -1.7351837286861518 2.2623530184604186
38 1.2233293574201345 -1.7362212597445454 2.2540831160090056
39 1.4281581540801942 -1.7361711648299922 2.2615602196136799
40 1.6298064945829764 -1.7365429238182859 2.296278274021188
41 1.8237767202861253 -1.7344168601537115 2.3520413699956202
42 2.0088394282137898 -1.7274850740968719 2.4235958925598311
43 2.1863660623209342 -1.7112080578698121 2.505778859041996
44 0.21785637797856894 -1.518253800372428 2.2710836026481553
45 0.41536396556727107 -1.5198208364299117 2.274594099705054
46 0.61420478451897043 -1.5243674509343377 2.2741133100939681
47 0.81474714010690075 -1.529652378747401 2.2629001724201436
48 1.0168960545836174 -1.5342247683944947 2.2459708495731645
49 1.220931616971066 -1.5367480222420529 2.2348290075094872
50 1.4257431161010719 -1.5367867259694445 2.2395122824955567
51 1.6276133442058351 -1.5345805767194325 2.268015476972403
52 1.8224375651600442 -1.5288690819382804 2.3178682300699966
53 2.0098314331547917 -1.5194816339586945 2.3814847961037344
54 2.1880090457644767 -1.5043553850148654 2.4621977601926184
55 0.21558178028735242 -1.306895292258613 2.278350972989593
56 0.41181902317334967 -1.3092397496509847 2.2774453559866847
57 0.61014384510697639 -1.3166456789266097 2.2699913256608211
58 0.81043246166994098 -1.3253492275106156 2.2516861781734017
59 1.0128006723512575 -1.3325930119592173 2.2308890789022704
60 1.2173761040889262 -1.3362835340067611 2.2187443489662777
61 1.4225861224559722 -1.3357531636789846 2.2217138978706967
62 1.6252128126122318 -1.3310357652771658 2.2441312061221002
63 1.8211875375768078 -1.3218980550782506 2.2883398202906999
64 2.0095981449851785 -1.3096670063103599 2.3475858442094215
65 2.188945350359996 -1.2950852207234369 2.4244742015994447
66 0.21254501005382673 -1.0894051130218942 2.2851422851498944
67 0.40716034636142445 -1.0947313633597009 2.2789256642013229
68 0.60484743526072959 -1.107115080805156 2.2645121405808353
69 0.80509842554346556 -1.1204262940059242 2.241022825388344
70 1.008017881853053 -1.1307663722630787 2.218428061728094
71 1.2132969534831124 -1.1356651538545874 2.2066918137991505
72 1.4191491027162393 -1.1343124065232832 2.2093164595864434
73 1.6228576228876745 -1.1266608993206004 2.2258406615505693
74 1.8203173458198296 -1.1134697399779958 2.2639688519767329
75 2.0091613238209409 -1.0973517127363166 2.3201752009099792
76 2.1888254442752655 -1.0818955923948974 2.3930922972987809
77 0.20984782389315509 -0.86335134122266921 2.290993134325257
78 0.40241796381161071 -0.87570257437365817 2.279045970275587
79 0.59962179290276352 -0.89607104503650892 2.2586724850176587
80 0.80025217546774652 -0.9153570073080205 2.2321514041240498
81 1.0038292125604773 -0.92928020098036235 2.2093937743403527
82 1.2094472156346485 -0.93554456572609757 2.199461637736071
83 1.4152461267802736 -0.93356137296054953 2.2068343636994063
84 1.620064105572405 -0.9224953613671375 2.213526172557418
85 1.8195074106723388 -0.90382721977500802 2.2445614517341794
86 2.0089246996389098 -0.88167730866287675 2.2973834889804827
87 2.1875942722109407 -0.86269281646690388 2.366511052696548
88 0.20931200943475287 -0.62435502093959905 2.2952249778351672
89 0.3992252684632539 -0.6522176121788672 2.2778519688559724
90 0.59670207447957091 -0.68458105601029928 2.2528378235764985
91 0.79817173232159244 -0.71106705710900442 2.2243812741431674
92 1.0019619195757739 -0.7288721322006152 2.2002442001456566
93 1.2070343000414572 -0.73652103836614224 2.1884519471951229
94 1.4118862486426169 -0.73438693224556639 2.1983870880837633
95 1.6134648653761416 -0.72125983973758589 2.2353921542197317
96 1.8169828634050369 -0.69424563228930192 2.2285692690305332
97 2.008498652878822 -0.66170806854384312 2.2774623621042887
98 2.1845304426677128 -0.63401482655831465 2.3422057798490599
99 0.21345724356329013 -0.36351449908302724 2.2969139821572599
100 0.39944506681420677 -0.42691465495556502 2.274959464548084
101 0.59962478328896818 -0.47531332626230732 2.2455959308931397
102 0.80220670446176556 -0.50893518980140784 2.2136227719224997
103 1.0042437193891085 -0.5305481109738015 2.1824859691256351
104 1.2072258713363737 -0.53962073278026701 2.1627426683228905
105 1.4113303949015992 -0.53881820486820731 2.163313027060414
106 1.6158683172801427 -0.53088297819753361 2.1746417069514625
107 1.8032128937069714 -0.49098514100377999 2.2539347263209955
108 2.0072442993935935 -0.43826013997121049 2.2564790954969864
109 2.1796048131370025 -0.38849012922467208 2.31798579837209
110 0.20000011165790946 -0.068750240363397191 2.2999999849644079
111 0.40507964438072575 -0.2113882690539034 2.2738105108418658
112 0.61809480079143997 -0.27359993314094622 2.2453071023125877
113 0.82387427914813005 -0.31107604105881981 2.2246572865576537
114 1.0268168230334145 -0.33912243229948558 2.2294875493993103
115 1.2210811321069899 -0.37576512693274533 2.2747328490140202
116 1.4078897013531753 -0.42803752985633881 2.3287309553450299
117 1.6047361630367802 -0.38720151279064025 2.3105590230504229
118 1.7744027412219761 -0.29575781169345439 2.2386691246382942
119 1.9783459142944508 -0.23835331314714625 2.2795595896081151
120 2.1999999194970346 -0.10000018744562865 2.2999999926824453
frame 88
0 0.17037205296297447 -2.2497665028539098 2.1581963061036138
1 0.37848128057188674 -2.2580588061603297 2.2082610859353333
2 0.58625474381140896 -2.26000085004413 2.2417053732186525
3 0.79306554544084518 -2.2566943912552953 2.266549983931657
4 0.99748766919930421 -2.2466068695997694 2.296925319081172
5 1.2019834762457446 -2.2208544938425008 2.2786694691799223
6 1.3729767151071308 -2.1999264382297565 2.3546826471864537
7 1.5921460057753576 -2.2459579189146748 2.3685096746376231
8 1.8186067135406598 -2.2655843842444301 2.4342229783431537
9 2.0538003055430449 -2.2733740767612196 2.5560610209163621
10 2.237470134777781 -2.2365827582816307 2.6697775799977488
11 0.19085363123430349 -2.0504651685059612 2.172272223240852
12 0.38516570216220869 -2.0610651771935031 2.2256203343199061
13 0.58755278732069305 -2.0621390345569202 2.2508963107346176
14 0.79079207068846669 -2.0588484632808761 2.2698929966457366
15 0.99473585774995754 -2.0511931006708477 2.2806246113402091
16 1.1990629541298428 -2.0371198300066906 2.304892071128199
17 1.4110397883052745 -2.031700480347959 2.2967100237019218
18 1.6114196090360524 -2.0544908611852106 2.3634584432278234
19 1.8095448794665436 -2.0710453437366683 2.4391286520157411
20 2.0013412110707445 -2.0766984567764863 2.5293602131133568
21 2.2027378807361768 -2.0458149873184341 2.6074873809214276
22 0.19405488378619873 -1.8529851030710378 2.1995974780498133
23 0.39035103869603044 -1.8593999671609798 2.2383063707546298
24 0.58996063302981916 -1.8613452353349142 2.2583985413161747
25 0.79172032923924285 -1.8595260090777692 2.2694410885993839
26 0.995202169899155 -1.8549403922389489 2.2724347150290201
27 1.2007503598037996 -1.8492210834220615 2.2742181830422936
28 1.405506972384988 -1.8456021350111078 2.3098098849283022
29 1.6104319154941655 -1.8579729335530166 2.3545563222505068
30 1.8074753606191232 -1.8688063347686985 2.4123754287125001
31 1.9956634723144413 -1.8699625406022458 2.4858088688784137
32 2.1878315975491209 -1.8580532598134416 2.5367183201950936
33 0.19543410521337201 -1.6523467359351076 2.2182015981162988
34 0.39237760741517175 -1.6564885959488242 2.2489043473179331
35 0.59176711703285567 -1.6589613574161781 2.2631670857148425
36 0.79324545604815022 -1.6593521422674109 2.2647743619074197
37 0.99666107134537341 -1.6581945327710794 2.2588985385395706
38 1.2023397799431934 -1.656407942060238 2.2588635626352489
39 1.4092128285942618 -1.6570322619042483 2.2754991681890595
40 1.6122089475376995 -1.662937540862895 2.3172417736324435
41 1.8078602789176557 -1.6668934869752017 2.3729184891301487
42 1.9962177816360684 -1.664506664884148 2.4386121330126826
43 2.1870653529858233 -1.6561955644816748 2.4875328577665052
44 0.19543421644639083 -1.4487835992317009 2.2353692447437683
45 0.39267459605421212 -1.4519417868635802 2.2580136681476679
46 0.59224746252741622 -1.4555943896869918 2.2644833939351212
47 0.79370374765460405 -1.4586130163694044 2.2568559601562024
48 0.99706666336807792 -1.4606244850783032 2.2439907336585341
49 1.2026963077722386 -1.4616411248521799 2.2387484364527643
50 1.4089938633559569 -1.4627385756415676 2.2516563267660663
51 1.6116369982403451 -1.4646430047764067 2.2869979776229301
52 1.8074986969739812 -1.4639119582968059 2.3380803856206134
53 1.9975138082690085 -1.4589538238481297 2.3970792446488689
54 2.1871784359144804 -1.4505927418201767 2.4499141640365734
55 0.19469883316900249 -1.2416492884214492 2.251399105459055
56 0.39181680938981506 -1.2451221703864608 2.2653118771026355
57 0.59132661579301438 -1.2511310084565423 2.2629359926177401
58 0.79264886223555653 -1.2573534635279864 2.24730225717598
59 0.99607116075147273 -1.2622484047186824 2.2295751641507762
60 1.2017599111598438 -1.2649758915137372 2.2214521520388391
61 1.4079209061516627 -1.2657838971253368 2.2301723682345584
62 1.6108477933704617 -1.2646523112812917 2.2598347202811966
63 1.8072650161291828 -1.259999803162156 2.3073420453103179
64 1.9981131476102698 -1.2522582846213326 2.3629205314258326
65 2.1869762462612066 -1.243183806140576 2.4176391261784524
66 0.1937939119716344 -1.0297764492474411 2.2660146019644012
67 0.39024099743693358 -1.0353998067763881 2.2705771428845281
68 0.58936171043419594 -1.045435733186667 2.2595405947316265
69 0.79054680837384528 -1.0556238834164029 2.2377281822435107
70 0.99415447450691075 -1.0633593941304631 2.2169367425196991
71 1.2000213519806251 -1.0673130395649695 2.2073443457027353
72 1.4063128951146431 -1.0673673095790803 2.213221291766128
73 1.6100321904735357 -1.0635335716192107 2.2371228573831412
74 1.8074537051589195 -1.0550883077458917 2.2807606312306414
75 1.9984791570052081 -1.0438063354019176 2.3349164377310001
76 2.1863859058923443 -1.0332854645181904 2.3900645398436104
77 0.19353272883273009 -0.8112366535283777 2.2786308557194692
78 0.38868323235232155 -0.82227486704214137 2.2738964621016784
79 0.58735202914129803 -0.83862128409699521 2.255445661856756
80 0.78859339081898561 -0.85364621826927245 2.2295496292989383
81 0.99231763224132263 -0.86429331616279059 2.2072114277439465
82 1.1980268233315321 -0.86929935361002941 2.1978128557160099
83 1.4040421660930671 -0.86847009138480424 2.2040846510658949
84 1.6089093527556757 -0.8621233942512011 2.2192874010603303
85 1.8080785043158378 -0.84935114275704959 2.2577002892017219
86 1.9992786900108006 -0.83299500022141437 2.3107501179850036
87 2.1854519085549198 -0.8192662697029538 2.3661374874385004
88 0.19533122432859554 -0.58273600956978389 2.2886208547481779
89 0.38854097009893024 -0.6057916229439545 2.2753939742613776
90 0.58719105717365538 -0.6314003272045875 2.2509316780420456
91 0.78864034903745628 -0.65202897975246321 2.2216476146104602
92 0.99185497875506412 -0.66553893706427558 2.1961786777434633
93 1.1964896950948309 -0.67151640062073736 2.1854312596333454
94 1.4009141466689503 -0.66984104239093911 2.1988889714847137
95 1.6040357879594027 -0.66138247462708166 2.2257241003696366
96 1.8079353920679264 -0.64367051960343913 2.237293200091401
97 2.000617534975794 -0.61911500335502112 2.2882620595322636
98 2.1838560082413383 -0.59836130800070664 2.3437207308273247
99 0.20144645493960453 -0.33801209070967125 2.294810955322212
100 0.39182201608833761 -0.3879818093592482 2.2736273628542474
101 0.5917441258397137 -0.42581406009686978 2.2416171327052528
102 0.79261361715163192 -0.45250746274502185 2.2031782116631371
103 0.99313244948383494 -0.46995322361316155 2.1629650078068807
104 1.196666643925882 -0.47821086579554617 2.1416658855973214
105 1.4014141062192738 -0.47792079991874942 2.1481539376713719
106 1.6051478981273681 -0.46981740524321025 2.1710388795216273
107 1.7979417253037184 -0.44096834359947001 2.2391543645988681
108 2.0015933971863138 -0.40263499429719596 2.2648111016592263
109 2.1817480330440158 -0.36497399926389962 2.320534022570397
110 0.20000008279673392 -0.068750176106202668 2.2999999864701253
111 0.40185057354016013 -0.17704448891728955 2.2729587571561596
112 0.60956110502759098 -0.22514803309464584 2.2413843545781593
113 0.81334236844483387 -0.25519420341581489 2.2167233292650348
114 1.0161204820852927 -0.28078296245358875 2.2183222176123296
115 1.2112876766003535 -0.31809387342795309 2.2585188994828296
116 1.3940591617371183 -0.37806392116057519 2.3197484800264956
117 1.5864646187340479 -0.31826238968678749 2.2970192517311796
118 1.7717464096651951 -0.24510470817672089 2.245185141874098
119 1.9786703130319798 -0.20232674458981989 2.2721248134138459
120 2.1999999320025787 -0.10000013837422721 2.2999999950768966
frame 89
0 0.15546831411907369 -2.1707670944247197 2.0893894797592996
1 0.36055200526104558 -2.182706354226077 2.1573072331922285
2 0.56682589978906495 -2.1864400887450435 2.2125268359754529
3 0.77505233211289526 -2.1821497102963048 2.2532263400799071
4 0.9788790946700362 -2.1662788510941771 2.3067398137736945
5 1.1750964590350159 -2.1236983966766227 2.2474010358459218
6 1.3400116708532719 -2.0976620280754363 2.3680016626071896
7 1.5655097389107391 -2.1598195490228291 2.3996952873222135
8 1.8048687492275726 -2.1885165422387414 2.4674710972052001
9 2.058123122618138 -2.1975940540811645 2.5430926863413079
10 2.2596272497171217 -2.167535258453122 2.6301655563588211
11 0.17998806970693049 -1.9721039596979846 2.1035931858584265
12 0.36493704096925528 -1.9879891402115053 2.1862916534373609
13 0.56675248871671569 -1.990250392803494 2.2275913136298362
14 0.77188504725381601 -1.9860647126204225 2.2537981077326039
15 0.97906013354076171 -1.9761613777153046 2.2693556228386806
16 1.1816558853700607 -1.9534826656711897 2.3252513502146255
17 1.3947999596773804 -1.9466694954742112 2.282585532737142
18 1.5965018278991465 -1.9779006111172237 2.3668649217105888
19 1.7995204703393821 -1.9992557175769643 2.4507610527404315
20 2.0055981574523076 -2.0052880951099246 2.5235901482433856
21 2.1998134953722528 -1.9749688295015311 2.5941109612949549
22 0.17779055744304259 -1.7789506688903227 2.1499447760798081
23 0.36905360725176967 -1.7885918446514786 2.2104699767470306
24 0.56867426868961368 -1.7911911364859896 2.2402241181104223
25 0.77170361285456057 -1.7886625267690488 2.2568770101862281
26 0.97713129437309587 -1.7824014410437476 2.2673895929403614
27 1.1856502185466506 -1.7742692294624103 2.2714978695941075
28 1.3843676873246502 -1.7686900366087668 2.3425907955771201
29 1.5887182832180662 -1.7858890317339715 2.3919313489089258
30 1.791048772454471 -1.7994204584685765 2.4392273963969253
31 1.9882467665390957 -1.8022519706281113 2.4927934119493531
32 2.1861722374374439 -1.7903100373313685 2.5226303705262754
33 0.1780621295534584 -1.5806732883107464 2.1763262194037036
34 0.37134710086601086 -1.5877552057058697 2.2277118707268615
35 0.57099657309515806 -1.5907037729187734 2.2492271578007106
36 0.77341434555606359 -1.5904025387823149 2.2551638681688209
37 0.97806393402976732 -1.5879285020364353 2.2571674313627783
38 1.1845427101953547 -1.5844418978135018 2.2726916705688192
39 1.3926494319193758 -1.5869068083731777 2.2917735365304726
40 1.595096313240568 -1.5957628418296799 2.3391238554220255
41 1.7919700093702253 -1.601671007089978 2.3929183982812896
42 1.9844537714797794 -1.6002569157796129 2.4499057133766602
43 2.182317817797939 -1.5958320347542392 2.4679705275195793
44 0.17758205221943588 -1.3802845290452248 2.2023177806562457
45 0.37304782749283061 -1.3858985282943344 2.241922904927951
46 0.57325044706850303 -1.3896628136172595 2.2539190020086104
47 0.77557676991000302 -1.3917866766055234 2.2499955053258915
48 0.97994187692463586 -1.3927099548767177 2.2428427648937745
49 1.1864178959794409 -1.3933737993340694 2.2451055906333566
50 1.3926943872543815 -1.3952935040774304 2.2676980414613972
51 1.5950168210889744 -1.3995817353684656 2.3079038202652553
52 1.7916317483562794 -1.4013252897327799 2.3579986210080719
53 1.9843200979598568 -1.3982783359775346 2.4111942247062301
54 2.1812071446035266 -1.3946425809436642 2.4359032127926024
55 0.17755913716212232 -1.1772894548375525 2.2267014875643212
56 0.37455804899517481 -1.1826106181734455 2.2535557615359014
57 0.57502269867277733 -1.188067133808502 2.2552572235704158
58 0.77715853072437702 -1.1928727663723193 2.2428310499322501
59 0.98127231006765692 -1.196499771747519 2.2298572997308419
60 1.1873204940691002 -1.1990339498578826 2.2274878252789527
61 1.3932932191915341 -1.2010817688606779 2.2425108253078672
62 1.5956152930780483 -1.2023587947066161 2.2774495716951133
63 1.7922953824904648 -1.2005779416155156 2.3258407541087451
64 1.9853571544569077 -1.1957077020600912 2.3771860286759865
65 2.1809381878789962 -1.1912780639570051 2.409520331788527
66 0.17843226552269803 -0.97091912817381842 2.2487810558687888
67 0.37605368060788164 -0.97741809284308911 2.2625342053681994
68 0.57632070983105199 -0.98576635467511253 2.2543432573221747
69 0.77816192992495303 -0.99363706626273629 2.2349580641327296
70 0.98205502318496463 -0.99963357925300222 2.217312980647435
71 1.1878383381523436 -1.0033636996664097 2.2109286182094778
72 1.3936867254669278 -1.0049048464072765 2.2208293035518083
73 1.5965044111854643 -1.0039331658036379 2.2507654944076485
74 1.7936726374738823 -0.99909204001071206 2.2972893995035739
75 1.9867081575784979 -0.99174505496883569 2.3485538083865967
76 2.1808180464331284 -0.9859120789700716 2.3862692718594145
77 0.18062247055144504 -0.75984467446727633 2.2677266275681549
78 0.37788762412930266 -0.76995138145787057 2.269021706863998
79 0.57771818223416493 -0.78274769962918633 2.2523979062102155
80 0.77927612831969573 -0.79411780481176908 2.2279045969000264
81 0.9827848186631204 -0.80224567005163216 2.2070683246951832
82 1.1880454494652644 -0.80676743786041905 2.1985458468665429
83 1.3935930235311265 -0.8075705599222287 2.2045608983727498
84 1.5973572535742522 -0.80487510642469728 2.2280154294332921
85 1.7958057715425433 -0.79696096306230135 2.2711572009753733
86 1.9887388938214325 -0.78600530935520518 2.3229500671820027
87 2.1808889344443565 -0.77765458134647913 2.3651264704030512
88 0.1849217531911011 -0.54189600585719466 2.2829102052588817
89 0.38103149127582642 -0.56022404997927 2.2731361351992985
90 0.58054327103600933 -0.57940511667157779 2.2493666170935631
91 0.78168321845608557 -0.59463596706533917 2.2198060777272208
92 0.98415914973807594 -0.60461160894900356 2.1946261360332819
93 1.1881665193245956 -0.60969718652636262 2.1859964813610224
94 1.3921051012578143 -0.6093741504314496 2.1991878280127186
95 1.5957880640130426 -0.60541881442573064 2.2176383678432852
96 1.7976772611103995 -0.59465246758306411 2.247399397667424
97 1.9917506629781137 -0.57807499763655046 2.2979966102529867
98 2.181167418415761 -0.56466572010746496 2.3443133767501068
99 0.19294047128200859 -0.3132481375413288 2.2928315640108283
100 0.38726995363520783 -0.349622630758603 2.272127068084453
101 0.58664538995564752 -0.37731693631664326 2.2370779661379925
102 0.78536844417933593 -0.39789519366126136 2.1913043875548572
103 0.98495599276532708 -0.41251867505974182 2.1464889083603547
104 1.1892300008243142 -0.42080602882620005 2.1269998736778835
105 1.3944889510261842 -0.42115227337940842 2.1365308122527824
106 1.5972430596775804 -0.41287580247596495 2.1685758737524568
107 1.7950849746953641 -0.39482059286929039 2.2235038870840946
108 1.9950114260194274 -0.36826893536288885 2.2720137678314987
109 2.1821667402170077 -0.34314269410022397 2.3219017362295102
110 0.20000005458493689 -0.068750112980703285 2.299999989492612
111 0.40007095419590871 -0.1431913327652044 2.2725904174587779
112 0.60362068359321397 -0.17774050539761915 2.2385026133374719
113 0.80593429485830992 -0.20143251160402501 2.2112277201135582
114 1.0083901671179376 -0.22560131392040159 2.2093891664435561
115 1.2038039450403351 -0.26339851581338497 2.2470786954370903
116 1.385733825614863 -0.32584346330388397 2.3100816504137014
117 1.5742486532615936 -0.25311725941724156 2.2827789768317199
118 1.7722539547877789 -0.20115803719979095 2.2557153438888768
119 1.9806451394163718 -0.16865523233712082 2.2665006990968717
120 2.1999999447681682 -0.10000009341002231 2.2999999965292228
frame 90
0 0.15056457517517291 -2.0958215729841982 2.0305826533149851
1 0.35262272985020443 -2.1114754005543586 2.1066063668593622
2 0.55685781885039976 -2.1186114772633506 2.1782270506964863
3 0.76442688057105235 -2.1150910587677529 2.2399301467821404
4 0.96979439293469716 -2.0959508324885845 2.3065543085662172
5 1.1582094417242872 -2.0365422994107445 2.226132602411921
6 1.317046626499413 -2.0053976178211159 2.3713206781279257
7 1.5447512717864966 -2.0767218879450557 2.4302409394602078
8 1.7906861941323557 -2.1151090259396272 2.4907192161672467
9 2.0524459397932313 -2.1219134352030182 2.5305244617058058
10 2.2717843647564626 -2.0964664745301969 2.5805535328198936
11 0.17912250807955749 -1.8972472097543278 2.0392166350712784
12 0.35470837967630187 -1.9186480976934077 2.1415591190216006
13 0.55520997989248266 -1.9242316123114644 2.1986297137877591
14 0.7618896866699052 -1.9208823974611997 2.2338582769414064
15 0.97136838634491729 -1.9103729981731912 2.2597519089736511
16 1.1710593427323384 -1.8798455012356887 2.3356106294010521
17 1.3830006696527599 -1.8648711113623571 2.2784610416723621
18 1.5860176026100166 -1.9062302549408938 2.3661804911466122
19 1.791510401762195 -1.930333684773788 2.4523934535651222
20 2.0031175326782478 -1.9340635385367879 2.511216630943284
21 2.2018583213680394 -1.905627864402111 2.5707345417684824
22 0.16866440065261101 -1.7112150842189435 2.1081059397505051
23 0.35595067664579905 -1.7235005704284279 2.1812253595641491
24 0.55561370623051565 -1.7276319502330175 2.220030296965243
25 0.75987970919576175 -1.725665238838189 2.2437676459452782
26 0.96713029545399276 -1.7191096521038935 2.2612995336059662
27 1.1778523083743067 -1.7093173754027591 2.2731616466180182
28 1.3669591129811633 -1.7017779381064257 2.3750004938861276
29 1.5703218385744933 -1.7225637708460722 2.4272858741937866
30 1.7759720433720836 -1.7335936649086718 2.4664800482859355
31 1.9795883426998446 -1.7344442090002643 2.4987211455487817
32 2.1801771524135609 -1.7181960245183998 2.517641013756474
33 0.1684808912372823 -1.5147674357187444 2.1386974199307796
34 0.3571507651209983 -1.5251416556936859 2.2067373076551475
35 0.55704595229198839 -1.5291333230750572 2.234381148738052
36 0.76016001115408682 -1.5291529271421809 2.2460439286910638
37 0.96485512891920955 -1.5262743500469693 2.263301730644288
38 1.1697382938211733 -1.5218404215008265 2.2965197784023892
39 1.3783061175042044 -1.5250490763164122 2.3139499338769958
40 1.5798070929028909 -1.5360209490485579 2.3612693597049805
41 1.7770861902602235 -1.5405442974716539 2.4108586708311335
42 1.9732118857373484 -1.5374741149442521 2.4566025648598782
43 2.1729464141635768 -1.5364959932927587 2.441579826391878
44 0.16643737894348487 -1.3174608977365658 2.1725966444172182
45 0.35924172412600708 -1.3257694299291873 2.2263643254892589
46 0.5599075740858479 -1.3301130796493419 2.2425777217860525
47 0.76281354659850253 -1.3322162403829638 2.2425744736902877
48 0.96758878360372247 -1.3332955249002461 2.2409021875812019
49 1.1738329229362121 -1.3347505226784875 2.250987113709817
50 1.3782416263296355 -1.3357640277818832 2.2846459094148179
51 1.579289079947362 -1.3405764712570292 2.3291236218930287
52 1.7760720239609873 -1.342258347103283 2.3768609858771059
53 1.9712403084429106 -1.3391329953754429 2.422915760495441
54 2.1712749428376279 -1.3389637567404398 2.4207047559351644
55 0.16608618910143014 -1.1182137291552516 2.2043995606507192
56 0.36226084480200327 -1.1255190965536537 2.2421033741000604
57 0.56333627970059297 -1.1308217232634337 2.2469842324156115
58 0.76583225813091849 -1.1348970767698563 2.2384747134759548
59 0.96991518575551439 -1.1380277776566925 2.2320687798422529
60 1.1751281192231944 -1.1407158278806278 2.2370136811975749
61 1.3795579296583789 -1.1430040985146601 2.2578957416155965
62 1.580561647271352 -1.145244059499678 2.2959101745925521
63 1.777188012580482 -1.144434209668546 2.3431813885423116
64 1.9721262624684537 -1.1408448642133562 2.3896578740261822
65 2.1716290977580543 -1.1402168546429996 2.4003441131962338
66 0.16799709051296027 -0.91675533588715152 2.2332562795445083
67 0.36621564697342252 -0.92422276380332791 2.2545660964710317
68 0.56719804191819789 -0.9312087538430539 2.24869643217807
69 0.76918873423408041 -0.93728349437378 2.2323333859683694
70 0.97268015490853466 -0.94217437742025656 2.2187765451891366
71 1.1774276471976195 -0.94596898890134129 2.2164820939866772
72 1.3817487951262275 -0.94840894958154964 2.2309053885607093
73 1.5828816819608023 -0.94895303840192946 2.265267941796862
74 1.7794704810788391 -0.94611332667224135 2.3126867037846512
75 1.9741599341649423 -0.94152486495574017 2.3604301674026784
76 2.1725543168224646 -0.9399252630141397 2.3815044797889224
77 0.17224739322293386 -0.71246279263483558 2.25799371368544
78 0.37108203327823591 -0.72170195125387337 2.2641057574801846
79 0.57160433575595293 -0.73122954261672835 2.2490866058329941
80 0.77299540683137447 -0.73932732193671868 2.2266304732633073
81 0.97575869579775942 -0.74552478886379692 2.2081130628734389
82 1.1798314188918841 -0.74988961083089289 2.2007159329251138
83 1.3840321894586927 -0.75230879984535259 2.2077020934349521
84 1.5857083596698429 -0.75185639771541612 2.2379581495852325
85 1.7829555850428589 -0.74722644855066989 2.2837920598673143
86 1.9772891987932384 -0.74088502521651456 2.3333505049098315
87 2.1740037960341736 -0.73779516431013625 2.3631669183395085
88 0.17888805556573267 -0.50428466666266469 2.2778231672489944
89 0.37724862228971545 -0.51793707060296279 2.270705461614162
90 0.57710367047354871 -0.53102509383689844 2.2474938818594632
91 0.7775532486916843 -0.54112679807355235 2.2185313535777018
92 0.97914497446587689 -0.5482928696769076 2.1955112497448144
93 1.1821963755302343 -0.55271815580146766 2.189468114121909
94 1.3853228739015437 -0.55434406861407559 2.1995122001634595
95 1.5884677715914077 -0.55461230531990213 2.2125318821985398
96 1.7868177580178619 -0.54784871500761234 2.2565450457046259
97 1.9819258878061192 -0.53876175800700921 2.3059052995548734
98 2.1763592650756194 -0.53289527705903073 2.3438667047019357
99 0.18865611616332639 -0.29052365842037775 2.2908069053878228
100 0.38592153681233338 -0.31366315026690245 2.2698847877265069
101 0.58408308593579217 -0.33203120090179206 2.2305461142897305
102 0.78028904072762828 -0.34735432862341858 2.1774175374114231
103 0.98004529517270944 -0.36008479362241197 2.1341075514037113
104 1.1848764605295621 -0.368049119263197 2.1183961015837789
105 1.3904821202712481 -0.36920207287039764 2.1284447535838886
106 1.5928887308400015 -0.36232510267462992 2.164411863757532
107 1.7933692455568508 -0.35313820966307563 2.2106260316262718
108 1.9884446886428442 -0.33562630001337718 2.275546677552466
109 2.1807822799282639 -0.32303218555347996 2.3224061959653852
110 0.20000002828540492 -0.068750055521138831 2.2999999937261362
111 0.39935801138140936 -0.11124102263423755 2.2723148198845293
112 0.59999023275328356 -0.13342152758929185 2.236346307992259
113 0.8011579507151112 -0.15212494667355378 2.2076867507389539
114 1.0028647813284945 -0.17489865287677223 2.2027461067060834
115 1.1977582876524777 -0.21251903004939399 2.2410007559020402
116 1.3824671889146505 -0.27080060289694802 2.300016995549639
117 1.5707464040864081 -0.19701645955798461 2.2701453752943141
118 1.7749905799628447 -0.16410616123387514 2.2652834371050106
119 1.9833170544804943 -0.13751771552816827 2.2646081602609067
120 2.1999999572855296 -0.10000005298491604 2.2999999967416653
frame 91
0 0.15566083613127213 -2.0308760514436766 1.9784773992579181
1 0.35469345433936328 -2.0489933354703171 2.0600802219623278
2 0.55609225293070219 -2.0590970571189939 2.1428877022688337
3 0.76086297518160051 -2.0560434856411898 2.2216892760159341
4 0.96617750728804785 -2.0356228137829917 2.2963688034587402
5 1.1513224243135585 -1.9593862020448662 2.21486416887792
6 1.304081582045554 -1.9231332074667955 2.364639693748662
7 1.5278078982624355 -2.0026306858718943 2.4507865916982023
8 1.7747435847854669 -2.048529922214688 2.5039673352292935
9 2.0367687570683248 -2.0562328162248718 2.5093854542914542
10 2.2739414798958038 -2.0353976905072715 2.5209415093809664
11 0.18794670818777789 -1.8311968155931821 1.9846481563862948
12 0.35447971828334846 -1.8566186064462007 2.0945003962649387
13 0.55341362777714853 -1.8655977468339595 2.1628680860804073
14 0.75977422539496442 -1.8632713683672997 2.2085963921117804
15 0.96808113902488957 -1.8508220437715894 2.2495856447503333
16 1.1640044323477088 -1.8162083367001878 2.3362237391179397
17 1.3759284394833233 -1.7876803316717098 2.2774534647909386
18 1.5762196261019934 -1.8409147575572253 2.3666546145294087
19 1.782434063885493 -1.868077084264623 2.4442510009464331
20 1.9970125993502237 -1.8701785789781724 2.4921252419238651
21 2.2033109177438308 -1.8462868992026908 2.5373581223420101
22 0.16603908593911157 -1.6534794994475643 2.0730186285948569
23 0.35121368496644095 -1.6667672612768829 2.1512054371850153
24 0.5499270947634346 -1.6726955780740738 2.1984198310909311
25 0.75409673997185056 -1.6707130828055983 2.2309518021830659
26 0.96174765622197567 -1.6602459399132141 2.2513914318498816
27 1.1710921306095745 -1.6465830440481322 2.2800962255744546
28 1.3523052352322218 -1.6448658395040847 2.3982942656501489
29 1.5554786692179039 -1.6673094594519289 2.4526633508135971
30 1.762421169573372 -1.6761748870330251 2.4880527182264607
31 1.9685523074556861 -1.6743424954946702 2.5087386068236532
32 2.1697867316319139 -1.6523672427879068 2.521077221588012
33 0.1662427914541508 -1.4579995707577418 2.1045957165474691
34 0.34975632215240265 -1.4713508044453028 2.1860049190301627
35 0.54902600172632898 -1.4761222417061264 2.219674901184622
36 0.7511070151403616 -1.475935643736362 2.2391669180434808
37 0.95118496510470707 -1.4700140533862993 2.2794360298257974
38 1.1530192000945423 -1.4634655545280386 2.3295914294117126
39 1.3602255492838149 -1.4641817335854976 2.3461263311235188
40 1.5636499778349557 -1.4811027523023097 2.384623894954891
41 1.7624662167600635 -1.4859785282642635 2.4266591411624385
42 1.9612727339033995 -1.4825551551782366 2.4596709349784702
43 2.1565823139425593 -1.4871599517312781 2.4120065567265616
44 0.1618726770291162 -1.2636666450424914 2.1461700991587374
45 0.35156949776004304 -1.27436036586143 2.2114052006227856
46 0.55231261543028021 -1.2788982738971602 2.2307837207615693
47 0.75520322903399506 -1.2808193108729997 2.2327587315443469
48 0.9597471635804351 -1.2828350127555423 2.2302068506371411
49 1.1646035293719226 -1.2860538671472601 2.2512047263776371
50 1.3668695466907257 -1.2838981411917756 2.2915937774682389
51 1.5658426374214942 -1.2881974232513225 2.3450448409716067
52 1.7619681412071515 -1.289323588530817 2.3938041650081114
53 1.959196894887322 -1.2865763775375312 2.4325661340826854
54 2.1587105387485561 -1.2904952311665971 2.4060402293677088
55 0.16061554642966033 -1.0676776222788824 2.18414205863365
56 0.35545689132611896 -1.0766874877542534 2.2310316619136361
57 0.55670488758849201 -1.0815544680383049 2.2384027895975271
58 0.75896058240132358 -1.0848711473249633 2.2352296066846882
59 0.96203231223870322 -1.0877976787115402 2.2388241593507647
60 1.1650560619713626 -1.0905548172460431 2.2513277376187202
61 1.3667404804463754 -1.0911190540567215 2.2780651015652369
62 1.56660904996835 -1.0936842036630006 2.3161697279038171
63 1.7633702754285121 -1.0936370442608778 2.3601624481306662
64 1.9599098431961639 -1.0913620997034597 2.4009979799665615
65 2.1605872279322673 -1.0947258664673378 2.3905056586477769
66 0.16288822655408258 -0.87042785296643144 2.218828184128864
67 0.3612220818917608 -0.87859293713911757 2.2465366782189999
68 0.5624521330791088 -0.8840404713619654 2.2423711695831776
69 0.76404809110933702 -0.88838629113019008 2.2290290117562872
70 0.96648128420193591 -0.89256971023078657 2.2195285937212028
71 1.169389676174293 -0.89637111602082842 2.2221402622183977
72 1.3714139096579054 -0.89867502751809325 2.2413987184744881
73 1.5705634580634127 -0.89970748342758788 2.2793260097144925
74 1.766364914325796 -0.8980336843654908 2.3269537241068905
75 1.9622659860435689 -0.89583217621085132 2.3710308434033824
76 2.1630849503767591 -0.89844504137250791 2.3761381326368918
77 0.1685530197112316 -0.67195443429464119 2.2487671348909499
78 0.36843396793171107 -0.68013240701995825 2.2588526094211696
79 0.56915026469050956 -0.68633729691039236 2.2451249695055688
80 0.76993024989822423 -0.69127031910640013 2.2251957188439606
81 0.97150493392343873 -0.6958599311603284 2.2093499725393984
82 1.1738419220669396 -0.70007033382414818 2.2029133949352073
83 1.3761046627859899 -0.70362660196773907 2.2116265896103915
84 1.575079683657187 -0.70416892595622882 2.2482588476294501
85 1.7709005655187477 -0.70179229787203534 2.295540884369915
86 1.9661892863549211 -0.69959875665907212 2.3424666749136303
87 2.16611441710777 -0.70176052912971942 2.3605962677070815
88 0.17700220671535075 -0.4721182985135805 2.2725731578068435
89 0.37686015458170985 -0.48124236034594287 2.2676970276026815
90 0.57652596833298142 -0.48837577697870482 2.2450049082669077
91 0.77604285304654241 -0.49354420410888533 2.217947129054576
92 0.97666329212523151 -0.49835918361100806 2.1987177573251095
93 1.1785109404673384 -0.50215982693271777 2.1948324424709149
94 1.3805250074860609 -0.50567527149956037 2.2005365066440445
95 1.5825450990023517 -0.5097728980636087 2.2094151621195972
96 1.7769636665847099 -0.5049322460846456 2.2639758961267273
97 1.9724309359465209 -0.50266003665891024 2.3125232393582502
98 2.1706655665158827 -0.5043954423258814 2.342763811461352
99 0.18831239366112665 -0.27103867813438015 2.2886163277668579
100 0.38711226350357231 -0.28204896036184923 2.2663935216481765
101 0.58272215050289389 -0.29222616357552322 2.2190698450588986
102 0.77721724526354563 -0.3032752485462839 2.1625071127405362
103 0.97785700916084339 -0.31425520131240636 2.1253882345037902
104 1.1828070993457365 -0.32096018948611904 2.1146168037963227
105 1.3883505817625585 -0.32269766716958637 2.1239908589966059
106 1.5911494278895586 -0.31857177226322747 2.1582331215863606
107 1.7922446899078803 -0.31620675309792973 2.2011433731280055
108 1.9837965517275842 -0.30645131924091618 2.2738664799993478
109 2.1786788270878739 -0.30527393567448874 2.3228839942077641
110 0.20000000541640273 -0.068750008280542257 2.2999999987626327
111 0.39910736831276999 -0.082854927353396529 2.2716198359056947
112 0.59805745242123654 -0.094716741789869885 2.2352433660732065
113 0.79797495224359916 -0.10973508703930858 2.2049082495927284
114 0.99861872428726839 -0.13023541932624644 2.198229105239295
115 1.1924451821680062 -0.16692647650927211 2.2396039912650267
116 1.3818378388365948 -0.21600405469625913 2.2907113999197199
117 1.5730937661482465 -0.15091565959872766 2.2610566834972947
118 1.7786393975432406 -0.13162728008346006 2.2701444981944374
119 1.9867287032206631 -0.10985120236681352 2.2654258866921775
120 2.1999999696360266 -0.10000001820548365 2.2999999960709649
frame 92
0 0.17075709698737135 -1.9759305298031549 1.9302140090875577
1 0.36484275931694449 -1.9951742015437275 2.0185172838195706
2 0.56361439415390246 -2.0062049994312829 2.1089287074774234
3 0.76641683883234335 -2.0026291428000369 2.1974520463803642
4 0.97228560239126138 -1.9835332126790191 2.2761832984512633
5 1.1544354068028297 -1.892230104578988 2.1939228106839082
6 1.3011165374916951 -1.8508687970124751 2.3479587094693986
7 1.5130091784043862 -1.9385394836987329 2.4613322440361971
8 1.756277658361693 -1.9898880741988922 2.5072154543913405
9 2.0110915744434186 -2.0005521971467251 2.484960565853779
10 2.2660985951351451 -1.9843289063843461 2.4713294858420389
11 0.19553404192601756 -1.7750908329340493 1.9400796776013112
12 0.36425105679039504 -1.8014027904879815 2.0448279843878616
13 0.5616172755618144 -1.8125203358284583 2.120015224572402
14 0.76643825458918424 -1.8105901004722065 2.1776676508746129
15 0.96933224337079693 -1.7950268430713086 2.2403526983451592
16 1.1648845295819892 -1.7625711720646868 2.3268368489348275
17 1.3740103817643008 -1.7150661757599812 2.2699079983083541
18 1.5667802852121429 -1.7816817724496299 2.3649278899620905
19 1.7707226776903493 -1.8127701633791062 2.4333939060999539
20 1.9849129516740018 -1.8139351230708134 2.4683079818000611
21 2.1947635142196225 -1.7962372820475343 2.493981703015538
22 0.16737803387329819 -1.6057439145761851 2.0439609257206466
23 0.3528515059818787 -1.620033952025338 2.1217263038362808
24 0.55033958097453273 -1.6265807204725042 2.1773983330302622
25 0.75356717348607494 -1.6222885628892203 2.2203528961907488
26 0.96037157476996948 -1.6023547247470515 2.2422083440748457
27 1.1643842509665761 -1.5858133491162634 2.2920164280405673
28 1.3414962368927799 -1.5933784522473413 2.4120933643385363
29 1.5421692932779674 -1.6197144776263153 2.4701558297898716
30 1.7492699733259915 -1.6284148535277323 2.5035655996405284
31 1.9560643728701586 -1.6242407818890761 2.5195630574946448
32 2.1572536388857602 -1.5965384609574138 2.5145134295195501
33 0.17044733212634461 -1.4107133421876463 2.0721109560809561
34 0.34772960884658716 -1.4275599530969196 2.1661737067670197
35 0.54556377505265363 -1.4324035105522479 2.2063066056106191
36 0.74459921387696337 -1.4299561022479601 2.2422899072958975
37 0.93921614540849807 -1.418587305696549 2.3053687906188185
38 1.1384067634096988 -1.4070726081802998 2.3596430859778792
39 1.3429844918479006 -1.4043546927496386 2.3883027282700415
40 1.5476156124960863 -1.4292720833669206 2.4159423861470457
41 1.7482205761697158 -1.4390206224337176 2.4424729360255193
42 1.9479575079416893 -1.437636195312221 2.4611508456561939
43 2.1329227934176851 -1.4478239100697976 2.3838970047736221
44 0.1623964902931157 -1.2198723922484169 2.1230410257504895
45 0.34900434868685981 -1.2327579632791965 2.1973126292253946
46 0.54978304700209535 -1.2369072452432974 2.2181932221773297
47 0.7526498474254294 -1.2380800968844219 2.2129429894984063
48 0.9567980969710419 -1.2423745005108386 2.2178033833809936
49 1.1595189281294063 -1.2461947537467257 2.2480661090198732
50 1.361837611767829 -1.242032254501668 2.2885416456216601
51 1.5587430588774276 -1.2458183751456158 2.3509660601501849
52 1.7515725251597767 -1.2446663600384131 2.4072759336295024
53 1.9492238068927259 -1.2431845185051831 2.4421134501579775
54 2.1451683496333898 -1.2520124111582793 2.3939993981242202
55 0.16012586658517866 -1.0266914816552497 2.1654254315302364
56 0.35322062710187718 -1.0371720859741884 2.2206477617866005
57 0.55435271649727447 -1.0413135305409855 2.2297795538973459
58 0.7557777063401836 -1.0442415425301601 2.2384785467486559
59 0.95696541476567565 -1.0475675796663879 2.2507400776303488
60 1.156967699067379 -1.0499393996812643 2.2706057472502033
61 1.3551506687438197 -1.0484095639883901 2.3066526229679001
62 1.5541472574766428 -1.04980864626695 2.3427938480489945
63 1.7516388932253928 -1.0498273060135492 2.3802164684185803
64 1.9500958622465685 -1.0498749768261206 2.4124065383239124
65 2.1489686812783524 -1.0578226077879087 2.3793117532908008
66 0.16201317613788896 -0.83291890393905565 2.2049612063869604
67 0.36012065948438771 -0.84143775827561262 2.2382804517834569
68 0.56131667254306938 -0.84524628835476423 2.2353384441776809
69 0.76216795466607457 -0.84859316910770521 2.2220283185127645
70 0.96333008925671482 -0.85296504294131659 2.2175782256428405
71 1.1640836004475799 -0.85677324304031555 2.22678374706835
72 1.363636368307668 -0.85894110535463686 2.2511060111430039
73 1.560675571053965 -0.85922831205836825 2.2917028217482862
74 1.7556221812036292 -0.85744138564043848 2.3394634486790911
75 1.9523496251731969 -0.85743453632683397 2.3802142618803623
76 2.1536140636346146 -0.8641277397875724 2.3671739555080875
77 0.16770448371393654 -0.63887474457508486 2.2392380337849742
78 0.36832722776691229 -0.64594062325057444 2.2535457522081699
79 0.56898128650492941 -0.64880602253156239 2.2398421931823491
80 0.76928020474046366 -0.65153607879508935 2.2240300285405099
81 0.96964222860231453 -0.65521571444135163 2.2100980852876955
82 1.1702282629688288 -0.65955352801310352 2.2040176346204916
83 1.3705132169957002 -0.66417022865994002 2.2145736561651423
84 1.566034828724248 -0.66390719379054952 2.2595228623941392
85 1.7606114174413319 -0.66288874991399283 2.3071843226457283
86 1.9566068341240375 -0.66439125688021672 2.3518291329229815
87 2.1582479562599479 -0.67087068634626834 2.3652944542401495
88 0.17595887408017685 -0.44529216155226004 2.2712097666677984
89 0.37685040856454144 -0.45055481488669707 2.2630093070205208
90 0.57678902851495428 -0.45180611656127423 2.2439382501913205
91 0.77577893369833051 -0.45366583038690733 2.2187801135412144
92 0.97582578862837677 -0.45684289715854626 2.2040803095853652
93 1.1766866786116641 -0.46051197614183165 2.2008503376589879
94 1.3776784907854336 -0.46567036484403268 2.2023099849661816
95 1.5785869388412508 -0.47310784372628362 2.206278351256453
96 1.7689619935327932 -0.46803138658448751 2.2702871869009487
97 1.9640251919896836 -0.47158584947663917 2.3195793106683897
98 2.165696831251184 -0.4817894189353879 2.3316609183207686
99 0.18372154213609138 -0.25123975423433204 2.2764257502458931
100 0.38641224398387714 -0.25539099126707909 2.2623316317472533
101 0.57865552269312981 -0.25949627378182816 2.1995810006686098
102 0.77507815822828341 -0.26789953249798548 2.1490434293014404
103 0.97705247690155983 -0.27703611652678484 2.119899914388196
104 1.1819220961235726 -0.28158351005092608 2.1145753064532671
105 1.3871435286539613 -0.28352862834920484 2.1232740555643876
106 1.5906090166704385 -0.28255899346791324 2.1525058576534599
107 1.7916410183219844 -0.28542470500098138 2.193901428545725
108 1.9832131877431982 -0.28412796721826578 2.2641192919784365
109 2.1752846495734444 -0.29002582326132509 2.3297418595708241
110 0.19999998385418147 -0.068749966670535068 2.300000008337177
111 0.39662591205369524 -0.059292421815297237 2.2609248520268603
112 0.59672463663361019 -0.065390233595733302 2.237418826736596
113 0.79469924487265953 -0.076688157604259385 2.2023505574012865
114 0.99467163434123496 -0.093673779907421512 2.1952185190364988
115 1.1872263815744799 -0.12893131969893393 2.2417407222464778
116 1.3818720603208525 -0.16484474901287618 2.2820227853894579
117 1.5775202637317614 -0.1144509987369693 2.2557502438200472
118 1.7827674891748744 -0.10339722888128855 2.269856943730574
119 1.9909367139215546 -0.088581332838665289 2.2679406111490112
120 2.199999981691978 -0.099999991514523712 2.2999999950545984
frame 93
0 0.19585335774347057 -1.9309850080626332 1.8902020141910925
1 0.38381247903339727 -1.9463846866592618 1.9828730220128428
2 0.57926726259575112 -1.9550016272116786 2.076229555817767
3 0.78030846764908846 -1.9515957534192823 2.1668966125187552
4 0.98642687255264705 -1.9356016559539331 2.2459977935437867
5 1.1654175681789773 -1.8350740070131097 2.1629814525898965
6 1.3081514928378362 -1.7886043864581547 2.3212777252901353
7 1.5019224879666944 -1.8844482814255714 2.4618778964741921
8 1.7409769801422126 -1.9408722367655882 2.5004635736533878
9 1.989931014711235 -1.9548715779685784 2.46201964094345
10 2.2482557104744867 -1.9432601221614207 2.4317174622031112
11 0.20475521217955756 -1.7289848501749165 1.9055111987163276
12 0.38402239519744163 -1.7501069736519528 1.9954331186802496
13 0.57982092324648027 -1.7605853020166706 2.0729316029619906
14 0.78107896920623709 -1.7590771250470116 2.1448457868833049
15 0.97607948410936118 -1.7438270971677934 2.2288077222596119
16 1.1742066098817221 -1.7189340073291859 2.3074499588517154
17 1.3777033088982444 -1.6476683587303542 2.2580961115946061
18 1.5599153554446175 -1.7271507440105758 2.3610514441311126
19 1.7585029656023601 -1.7639316904537725 2.4229516920379286
20 1.9696959045116762 -1.7666552707905561 2.4457041198794269
21 2.177760733796771 -1.7528387155443483 2.4493695612450708
22 0.17265752670687032 -1.568008329604806 2.0210696785336237
23 0.35950095444168306 -1.583300642673793 2.0969852948094729
24 0.55574419512155004 -1.5885153768418043 2.160800587140681
25 0.75727729907591723 -1.5779282402015773 2.2115838169088953
26 0.96179803193698143 -1.5497249410914742 2.2407717949686652
27 1.159218069780025 -1.5346199404593837 2.3082195987035004
28 1.3365211402309398 -1.5480992125031932 2.4187430045803091
29 1.5318199425626906 -1.5772043853430875 2.4816658287125439
30 1.737830967828025 -1.5891731281838433 2.5158656125475818
31 1.9450907535716924 -1.5841390681834819 2.5240930048218386
32 2.1444094419511885 -1.5507096790269208 2.4979496375510886
33 0.18154667349793399 -1.3725818459025245 2.0400296553696986
34 0.34976702366127504 -1.3933857687292752 2.1486597179368614
35 0.54492751449537979 -1.3971711789219428 2.1984262076334544
36 0.738178998302365 -1.3884874826122062 2.255412896448314
37 0.93053277309748428 -1.3742332145041991 2.3255211288921052
38 1.128646037873007 -1.3588800484797861 2.3849092554797
39 1.3313915864418508 -1.3545276518137797 2.4310318066179422
40 1.5348074022779759 -1.3790504608312244 2.4549039823113614
41 1.735363506064463 -1.3971926525670459 2.4662231251703575
42 1.9341318021761134 -1.4025936645420776 2.4565557519089762
43 2.1061248813831055 -1.4184878683083171 2.3563805965289877
44 0.16621233512641856 -1.1860781393543425 2.1038457776476105
45 0.35002812372788455 -1.2002380361106852 2.1847084647289798
46 0.551547384976938 -1.2026772407845339 2.1966761188767072
47 0.75413526766745986 -1.2040267098556647 2.1879468959704824
48 0.95620978489530961 -1.2112487291659098 2.2135790875707588
49 1.1566905482318717 -1.214277391367325 2.2516309095881559
50 1.3564604236519173 -1.2101663677115604 2.295489513675081
51 1.5535502516577124 -1.2126471877311893 2.3492880064027712
52 1.7466738063132949 -1.2100091314460093 2.4107477023508936
53 1.942734625252666 -1.2086363798089748 2.4539354410396212
54 2.1312085407855896 -1.2226237153497952 2.3818879346341175
55 0.16200793935403204 -0.9941549343330397 2.1488551117237402
56 0.35314241183418543 -1.0060208937962256 2.2112396358502555
57 0.55391158710464183 -1.0100518033029555 2.2260316333576915
58 0.75394724711519134 -1.013611937635357 2.245417064865908
59 0.95286544352023594 -1.0173374805212356 2.2621330707140261
60 1.1501009170143759 -1.0186134387393917 2.2901125468178729
61 1.345381263032879 -1.0157000738200588 2.3334674907598623
62 1.5429585905661511 -1.0158024524682621 2.3717375628167265
63 1.7412144783607986 -1.0143478672889876 2.407396229820483
64 1.9430209346658129 -1.0158424047344068 2.4259063065522404
65 2.1358969361621765 -1.027589315859557 2.3662697432520026
66 0.16211985783594557 -0.80242430175417223 2.1940376046047683
67 0.36052152270741727 -0.81136356655178377 2.2263839467797837
68 0.56149600185254611 -0.81464104228303669 2.2289184901705328
69 0.76132380776016328 -0.81880004698522035 2.2095140612713995
70 0.96123981346280774 -0.8233603755518466 2.2136709492979798
71 1.1598814907454502 -0.82717536995980268 2.2312064469315711
72 1.3570117551677352 -0.82920718309118047 2.2608190202359495
73 1.5519297208373517 -0.82874914058914861 2.3027631530095993
74 1.7463324495083723 -0.82684908681538616 2.3469760212640813
75 1.9437561453612857 -0.8279375188710516 2.3793976804573425
76 2.1432783172473227 -0.83301829957516782 2.3542156791496121
77 0.16447209619353853 -0.60913539746470269 2.2397089325789983
78 0.36704570298832045 -0.61800918001196725 2.2531837569112749
79 0.56807509332422346 -0.61817237552116133 2.231739087987533
80 0.76879085785602796 -0.62111061861770445 2.224720781006055
81 0.96816746953882271 -0.62430203947508767 2.2097959618884002
82 1.1674380508498081 -0.62903672210205885 2.2038274157397337
83 1.3661370606124199 -0.63471385525214097 2.2148973294065044
84 1.5569365175113081 -0.6321513821243262 2.2712390722363969
85 1.749927085270891 -0.63195057166261581 2.3195820565715888
86 1.9442330134231631 -0.63451773935529199 2.3698235642203245
87 2.1461131623496987 -0.63956020966471994 2.3799926406732173
88 0.17260569786881327 -0.42151821785221644 2.2753450674372733
89 0.37253148141914411 -0.42557892292760502 2.2483215865383603
90 0.57496139299591353 -0.42130115155187342 2.2447037297819779
91 0.77468630151177997 -0.42260353760107189 2.2213916104748477
92 0.97481618018416616 -0.42499405662594136 2.21079106982886
93 1.1752030278132763 -0.42886412525094553 2.2062540674475977
94 1.3755058400616975 -0.43557631482298559 2.204625008383331
95 1.5754241960325124 -0.44644278928895853 2.2003014488670654
96 1.7599613816233657 -0.43818179220468101 2.2759279154169545
97 1.9515803365405604 -0.44515000023286566 2.3295048808957519
98 2.1507280960864854 -0.46223281278843159 2.3105580252801854
99 0.1891306905110561 -0.24144083023428392 2.2742351726249281
100 0.39280574079116071 -0.23742846548722388 2.2682697417463298
101 0.57404311477977155 -0.23470342266782049 2.1779060818862632
102 0.77333277668368117 -0.24207450484437887 2.1387955995703889
103 0.97632379361991661 -0.24953781186428742 2.1172841864295218
104 1.1809556970023902 -0.25124938798694424 2.1169190092713981
105 1.3857906400026259 -0.2531796860238128 2.1256818384256264
106 1.5896431498385926 -0.25512629292610145 2.1490167944137144
107 1.7907590827283946 -0.26257416569395914 2.1871008921004109
108 1.9850727761654345 -0.2715172057485416 2.2469188674467446
109 2.1633147355039704 -0.27603659504126488 2.3465997248338839
110 0.19999997971610414 -0.068749952055566499 2.3000000149880826
111 0.39174719708811945 -0.045729916177197946 2.2402298682480262
112 0.59458128183836256 -0.044710562819948937 2.2360298324393928
113 0.79085395576302819 -0.052820292621675584 2.199411392597463
114 0.99065160216924575 -0.066346364213749009 2.1934755416033371
115 1.1818406655728475 -0.10036838423744812 2.246348233855612
116 1.3813934715856402 -0.11971317704809811 2.2724763709758546
117 1.5816265395351419 -0.087462369025767123 2.2539025200930567
118 1.7868003501301928 -0.081807085942848148 2.2665952160198861
119 1.9946111521026795 -0.077311463210517059 2.2723870538053084
120 2.1999999910269854 -0.09999997752154316 2.2999999926762049
frame 94
0 0.23020983589909211 -1.8928833205885827 1.8601900191946272
1 0.41278219864985005 -1.9002954272271988 1.9530595007412099
2 0.60492013093759978 -1.9047597632147488 2.0439733193782033
3 0.80387749146231802 -1.9024330381195804 2.1304544316650391
4 1.0088626769214735 -1.8885650441216826 2.2058122887363103
5 1.182570244293532 -1.7758555476903812 2.1220400945958851
6 1.3169338694798778 -1.7363399758038343 2.2995734135807568
7 1.4944188158366807 -1.84035707905241 2.4524235490121873
8 1.7278102675999403 -1.9014255652934751 2.4837116930154353
9 1.9709007582863547 -1.9191909586904317 2.4406378482658986
10 2.2204128259138285 -1.9121913378384954 2.4021054384641833
11 0.22397638233309755 -1.6928788673157837 1.880942719731344
12 0.41379373350448823 -1.7023760970866135 1.9543905182591312
13 0.60802457083114614 -1.7090010580118704 2.0322609213309883
14 0.80247934002852583 -1.7078148961414163 2.1150342150537322
15 0.9901193650967578 -1.696238725307772 2.2095731532768297
16 1.1888099327099932 -1.6752817861377423 2.2780630688686037
17 1.3870836122756718 -1.5896529993607256 2.248424443030439
18 1.5566400720592926 -1.6778365816246112 2.3571861473018147
19 1.7483560877902544 -1.7211047744381742 2.4144520134224194
20 1.9561045377250976 -1.7293754184102987 2.4269513284190771
21 2.161613062958518 -1.7176717618084987 2.4147574193746033
22 0.18496922206056643 -1.5402727445334268 2.0029314671188811
23 0.37240564478888061 -1.5559525713141678 2.0797745396908662
24 0.5667498878455407 -1.5558241149296919 2.1485377122369078
25 0.76473510048032456 -1.5372642362376818 2.2049724005310445
26 0.96491008628787711 -1.5051087163534707 2.2459831904542882
27 1.1548303754967728 -1.4934265317025039 2.3269067626001116
28 1.3366314690656269 -1.5068344333876365 2.4199045469709803
29 1.526313002034438 -1.5377898155778178 2.4889941156316278
30 1.7305141976090463 -1.5557387557935578 2.5254426496733928
31 1.9376625117890312 -1.5525898659382951 2.5186229522490327
32 2.1332879791600812 -1.5148808969964278 2.4728928840142599
33 0.19804193393337297 -1.3444503495174027 2.0121002793950145
34 0.35488957592066578 -1.3681701889219848 2.1359337732421313
35 0.54481931913086223 -1.367357520160642 2.2005458095562895
36 0.73366707963657918 -1.3532762844407589 2.2703717026265209
37 0.92452279236486878 -1.3375942605488433 2.3426069329135606
38 1.1206659659827345 -1.3203261321233104 2.4087652699397468
39 1.3229992974768976 -1.3147006107779207 2.463760885065843
40 1.5268643486740017 -1.3358696733378281 2.4911533810352018
41 1.7270599542453531 -1.3580190181308147 2.4993353779533565
42 1.9165438773010812 -1.3734593529555368 2.4419606582617588
43 2.0799594455036381 -1.3907191144345974 2.3303041978281582
44 0.17231081342576993 -1.162283886360268 2.0873648239073637
45 0.35375416087201078 -1.1761632982561652 2.1730221387247024
46 0.55558412233663734 -1.1742775265898271 2.1651590156760849
47 0.75771496739853594 -1.1799733227269076 2.1729508023425583
48 0.9568813483087133 -1.1875470093008691 2.215235869414883
49 1.155027187662977 -1.1903866448268667 2.262445115308291
50 1.3520026014274196 -1.1883004808214528 2.3124373816285018
51 1.5491291127973923 -1.1880690607227846 2.3576099525553573
52 1.7446242608981808 -1.1845563805314949 2.4058008937524415
53 1.9382099985838488 -1.1808176150946643 2.4627501470052846
54 2.1162883623465754 -1.1966666929429675 2.368879944493941
55 0.16413100667739736 -0.97152650619407066 2.1369493965643169
56 0.35372579577785934 -0.98270952121369126 2.2045215723701159
57 0.55340648440289986 -0.98879007596492552 2.2308530822082298
58 0.7524962625802355 -0.9929823326405538 2.2474166347353131
59 0.94927025143983035 -0.99561690015551074 2.2711067171003707
60 1.1445247139501227 -0.99597965269226951 2.3076423540335642
61 1.3386820053876674 -0.99299058355172742 2.3538421884465857
62 1.5352659720575081 -0.9917962585695741 2.3959598614553781
63 1.7341642136917494 -0.98810580393046576 2.431244038858261
64 1.9377810854706987 -0.98653895847877293 2.4418155982498275
65 2.1185483877454234 -1.0002600016230514 2.3512445228976482
66 0.16248904692684957 -0.77820597634985522 2.1846871888258077
67 0.3611229340554683 -0.78680811521861738 2.2098386383770476
68 0.56106618261617558 -0.79231196171182294 2.2210792394630259
69 0.76000753777338048 -0.79865118698109727 2.1988360434768901
70 0.95916498956696727 -0.80375570806237662 2.2107393496700505
71 1.1561256937199496 -0.80744683060723366 2.2374048374309425
72 1.3512427078174083 -0.80941158295741122 2.2712243591936554
73 1.5439980256750747 -0.8081697743839501 2.3148983752476187
74 1.7388108531461102 -0.80625678789033384 2.3488570303737055
75 1.9362887556820199 -0.80618507850521948 2.3685810991343228
76 2.1354672443764309 -0.80392086420908582 2.3512574026911364
77 0.16406413743205228 -0.58939605025432051 2.2467156339383276
78 0.36646619399936864 -0.59803123371252587 2.2627990290889937
79 0.56578004525383729 -0.5948843405777402 2.2245743144726653
80 0.7668301306563009 -0.60014191899073421 2.2252788310021883
81 0.96572591405454011 -0.60327348632709188 2.2087448256082785
82 1.1643520126780769 -0.60851991609101419 2.2044913657444005
83 1.3621175664747369 -0.61525748174434192 2.2144212552803291
84 1.5487190947042431 -0.61039557035810288 2.279537233475621
85 1.7389610924338812 -0.60958659062042464 2.3351917820339545
86 1.9304479889740278 -0.61203845460390893 2.3972506030377159
87 2.1318854731032437 -0.61001809697379716 2.3987818475766991
88 0.1792525215574497 -0.40774427405217284 2.2894803681067479
89 0.3708676570116628 -0.40788595203727829 2.2236338661562001
90 0.57154357309457637 -0.39801560741034253 2.2451300665385987
91 0.77222325623880528 -0.40079500752944136 2.2255064926311574
92 0.97270584116576142 -0.40314521599333647 2.2171706982637627
93 1.1730475962514548 -0.40721627426005941 2.210112841247927
94 1.3732352804056118 -0.4154822647019385 2.2070063706862708
95 1.5725670397885363 -0.42977773475163344 2.1938063798495309
96 1.7513513989744947 -0.41791254759478874 2.2806462933751703
97 1.938537756245553 -0.42503375908910285 2.344155664554235
98 2.127737707437626 -0.45004584294684707 2.282622996498449
99 0.20136059798961872 -0.23193181131099314 2.2820445949039629
100 0.40373956362851221 -0.22678536100349234 2.2828877363818894
101 0.57063133723064929 -0.2154367894737137 2.1662311630039164
102 0.77134983500542742 -0.22458863689749525 2.1335239672961812
103 0.97492739655489202 -0.2312418644492181 2.1172235378379947
104 1.179539675797719 -0.23035412003622788 2.1199883714497836
105 1.3844224419304652 -0.23253390340856678 2.1297735449236104
106 1.5888310686423273 -0.2374003456371159 2.1484389054323714
107 1.7910309305598071 -0.2497236262869369 2.1821802421208005
108 1.9873231956321813 -0.2685500348619338 2.2381657567172626
109 2.1594087458019251 -0.27204736672120466 2.3534575901969439
110 0.19999999438962998 -0.068749945289131531 2.3000000085901866
111 0.39191112366648945 -0.042167410439098656 2.2097004200057837
112 0.59120731603255416 -0.02567531825548627 2.2250584521597432
113 0.78794331217279168 -0.035802074200354674 2.1958885984781098
114 0.98756345647943589 -0.048302327236522349 2.1938668192317352
115 1.1779193107828341 -0.081805448675962317 2.2517600858299214
116 1.3809985813227512 -0.083677762465984976 2.2607552319425532
117 1.5851113332101214 -0.070473739214564943 2.2548130249511074
118 1.7908274531964044 -0.069939432212023367 2.2641242670382145
119 1.9971867945792883 -0.07604159348236883 2.2783467065104945
120 2.19999999790226 -0.099999978007174403 2.2999999941022589
frame 95
0 0.26977169973672288 -1.8640959651208882 1.8374806824096042
1 0.45175191816630283 -1.8610961824799082 1.9272552936476564
2 0.64057299917944843 -1.8587057475110043 2.0116431036853779
3 0.83631221073746986 -1.8538667518198761 2.0894539080545687
4 1.0394468523286475 -1.8354096674583575 2.1556267840288341
5 1.2097229203080866 -1.7211050464228446 2.0886630226730607
6 1.3357162460219194 -1.6940755650495138 2.2678691019713786
7 1.4893312308545923 -1.8062658765792485 2.4329692016501827
8 1.7131998491846687 -1.8702117122555917 2.456959812477483
9 1.9466123410844516 -1.891894766033007 2.4197006603871514
10 2.1825699414531705 -1.8899395190339703 2.3824934146252552
11 0.25319755238663755 -1.6667728843566509 1.8556313724581035
12 0.4478843989232687 -1.6624749880800036 1.9233479177380128
13 0.63917762245217447 -1.6608178119140424 2.0015902395999858
14 0.82677776883923948 -1.6568120017204735 2.088841494556942
15 1.0088850679062797 -1.6466635131974889 2.1846585415953399
16 1.2026231882224183 -1.6226666715287974 2.2503843863455772
17 1.3983338081843089 -1.5356349214020539 2.243427291440093
18 1.5555854277694683 -1.6331796152879035 2.3564379944809288
19 1.7398055363257507 -1.6833399546668228 2.4108205390017239
20 1.9423817379030648 -1.699105134772166 2.4178854452057212
21 2.1444144788302553 -1.6920721655369548 2.3901452774041356
22 0.20444232897965273 -1.5225371593620476 1.9829926663369193
23 0.39040539054633955 -1.5358101830026989 2.0646778560375179
24 0.58155935699876293 -1.5266083186182844 2.1369719976715462
25 0.77420186751698772 -1.5019541197897797 2.2008878629940347
26 0.96879392537762921 -1.4670288425924363 2.2539749222926857
27 1.1503511790421377 -1.4622331228456242 2.3486262977643384
28 1.3390678659373805 -1.4705055146137933 2.4216561333700839
29 1.5244232336230934 -1.5030069760270595 2.4966704893058171
30 1.7273121251934318 -1.525763688908317 2.53440700809653
31 1.9317169349750238 -1.5191012845112979 2.5070449388145746
32 2.122867507668615 -1.4890521148659348 2.4441763345884144
33 0.21637476839007155 -1.3263188530322809 1.9906754350522966
34 0.36068385159660366 -1.3519212426470555 2.1288695202528194
35 0.54497915962358245 -1.3435712649608846 2.2059964192997779
36 0.73054229272284399 -1.3261975760300535 2.2825496131779373
37 0.91943345078469851 -1.308148218779102 2.359881474148136
38 1.1147056035428602 -1.2897323400175784 2.4308165688573165
39 1.31821689717594 -1.2848735696420617 2.4866103719954751
40 1.5237072684871449 -1.3026888857444319 2.5197313252410116
41 1.7256226016716056 -1.3263626808482174 2.526599070213178
42 1.8957075373613754 -1.3438633571467236 2.4219174577849003
43 2.0584699995277869 -1.3603337384166609 2.3084089973298951
44 0.18075501044045489 -1.1484896332661936 2.071753953497006
45 0.35963843489625663 -1.1600352420971645 2.1614779239090449
46 0.5603617757925089 -1.1552503516824764 2.142343225591147
47 0.76120877939943055 -1.1644870183865295 2.167954708614634
48 0.95832462640825933 -1.1720447038796373 2.2197524625310052
49 1.1542511510715741 -1.1748665239551139 2.274315747883402
50 1.3502422811239359 -1.1738662805399234 2.3267958356963696
51 1.5473798600563462 -1.1712450038644235 2.3717815271077343
52 1.7450059142168188 -1.1663697009120999 2.4098103052391284
53 1.9376237173365163 -1.1576211695305227 2.4683330926131015
54 2.1030966534131972 -1.1701285319964121 2.3552741375858166
55 0.16543369326129462 -0.95889807795510162 2.1317076877391816
56 0.35419158242377513 -0.96783126876038483 2.2007787840063604
57 0.55321931205694197 -0.97657998603093088 2.2321499116836896
58 0.75120506855003411 -0.98039065330567754 2.2476836581827553
59 0.94647239931445493 -0.98203346869468577 2.2794393699824598
60 1.1404239086813888 -0.98178419952680485 2.3230182013693041
61 1.3346703379732434 -0.97953565475164195 2.3694048890395756
62 1.5310428006944754 -0.97650416681766794 2.414357618525746
63 1.7311860875740523 -0.96969226600069158 2.4450918479960393
64 1.9334851675717535 -0.96095616836478914 2.452163651605626
65 2.0973771016769227 -0.97237982616313312 2.3346531078151611
66 0.16331304490305601 -0.7638969054078425 2.1782924899826379
67 0.36202515260312962 -0.77032779827916353 2.1933329669535797
68 0.56040860799597114 -0.77919447360361616 2.2124402819697204
69 0.75889283781019112 -0.78678603351960275 2.1938940461789116
70 0.95742906233037206 -0.79304422080784365 2.2107013622404179
71 1.1526423825928245 -0.79565859334394817 2.2460074926111919
72 1.3465647652954327 -0.79781287785284349 2.2811439394336834
73 1.5373293038847111 -0.79531894754088162 2.3274731889553113
74 1.732970068430814 -0.79566448886528152 2.3456173441550905
75 1.9302584334869082 -0.78828969632927737 2.3541485851863135
76 2.129518003850456 -0.77788821727618584 2.3582991261326605
77 0.16444405159062223 -0.57965670294393834 2.2560445352647864
78 0.366417800122319 -0.58558689028861088 2.2665850992287808
79 0.56418466595948891 -0.58112244769073718 2.2232099135776493
80 0.76478138687148756 -0.58784212072591091 2.224376034343249
81 0.96334445246908706 -0.59163975541762759 2.2078253951404299
82 1.1614894435758401 -0.59732930662201711 2.2075527444028054
83 1.3586532321141849 -0.60580110813654287 2.2147449874426135
84 1.5429357855522654 -0.59863975849187956 2.2842010763715885
85 1.7291239345106946 -0.59660861690220424 2.3504503596398694
86 1.917243743306895 -0.59942946908565475 2.41914510084922
87 2.1164233973666158 -0.58393870919586299 2.4088464293895617
88 0.19589934514608612 -0.40397033015212924 2.3136156686762224
89 0.36916384354116094 -0.39747075762668893 2.2048931806529435
90 0.5677623535542603 -0.3840068499415607 2.2426052222161346
91 0.76970357389358346 -0.38794658875556881 2.2295583872313642
92 0.97062463534912502 -0.39129637526073158 2.2217399621352349
93 1.1710259766769509 -0.39556842316917329 2.2127147761491806
94 1.3712939892998521 -0.40538821448089141 2.2083837253069256
95 1.5703778321876452 -0.42311268011430836 2.1904779534827092
96 1.7454232241718097 -0.40764330288489647 2.2854923514383279
97 1.9272046860823437 -0.41014876898069802 2.364432165830606
98 2.098097969194006 -0.44433014940952154 2.2646879676167124
99 0.21194006878788071 -0.2299196587249816 2.2998540170829975
100 0.41372175790126864 -0.22339128088822061 2.2875057311174491
101 0.56970779197286181 -0.20378990303932629 2.1595787027644509
102 0.77064381649804881 -0.21386669749261508 2.1333041779770281
103 0.97408439391256896 -0.22012577547176029 2.1205157540937312
104 1.1787728300033835 -0.21814465577861639 2.1243146168330123
105 1.3835375872531697 -0.22058117959309473 2.1366364692499782
106 1.5885331102540721 -0.22967439824813035 2.1515514977884753
107 1.7921215427771688 -0.24658847152228924 2.1806918981356378
108 1.9886504103259131 -0.27224085675463677 2.2394126458877803
109 2.1655027559998796 -0.27805813830114445 2.3503154556600041
110 0.20000000223928699 -0.068749946775595469 2.2999999964187534
111 0.38877164812999893 -0.048604904600999366 2.189170971663541
112 0.58501766590099991 -0.011596509961262377 2.2091380384511687
113 0.78498773774454189 -0.024003481189202473 2.193305185063799
114 0.98516871791035987 -0.037823024396182896 2.1989440202741082
115 1.1770037513670937 -0.069758343291191988 2.255744833264631
116 1.3817302870212709 -0.057642347783871839 2.2508563192362376
117 1.5879218685806054 -0.062508946693461812 2.2576469153047976
118 1.793910902874063 -0.068071778381198586 2.2658734711129682
119 1.9981304485268767 -0.08081853279957707 2.2859853597708937
120 2.2000000004452929 -0.099999985514860723 2.299999997511526
frame 96
0 0.31401528404401363 -1.8453086095531936 1.8176009136649742
1 0.49581019268223986 -1.8312600119104949 1.9026675342643364
2 0.68334107272683986 -1.8188912635979917 1.9784071219768113
3 0.87675329525643464 -1.8046050938701546 2.044275017758197
4 1.0768187358822383 -1.7730930980355133 2.0954412794213582
5 1.2462932523438415 -1.6563545452553079 2.0537210065283977
6 1.364498622463961 -1.6618111541951934 2.2261647904620006
7 1.4867046046037085 -1.7750893809974633 2.4035148543881784
8 1.6954096000760432 -1.8418054580485466 2.4202079320395309
9 1.9149864080454724 -1.8702170340963318 2.3973940052511402
10 2.1347270570925128 -1.8752544204196644 2.3728813906863269
11 0.29241872234017752 -1.6478802224697251 1.8259875843618172
12 0.48120734975467749 -1.6322913919198807 1.9000885570343931
13 0.66740539615256755 -1.6198059059378533 1.9809195577689833
14 0.85024447416636761 -1.6083840261616669 2.0672413315733307
15 1.0282758255228124 -1.5960456648037225 2.1602291822474595
16 1.215596061285156 -1.5636599897557664 2.2236820990315431
17 1.406371652862713 -1.4873236153804703 2.2484301397497468
18 1.5522761411435053 -1.5916269164415775 2.3629584092018825
19 1.7305104929547026 -1.6504832202302233 2.4147688684605249
20 1.9273391868742562 -1.6765708129267665 2.4188195618923651
21 2.1236234982432776 -1.675463751368957 2.3755331353336677
22 0.22847373171330893 -1.5148015740906684 1.9581257422876994
23 0.40971248246291242 -1.5211684973554305 2.0491973002969317
24 0.59662228649712379 -1.5019116835431057 2.1261980798224513
25 0.78384753420993192 -1.4736214510719594 2.1987406590550624
26 0.97302720623661609 -1.4364322103760558 2.2618014384497194
27 1.1478865704728773 -1.4410397138887445 2.3656382031064327
28 1.3384455864565539 -1.4441765957399502 2.4324001475056005
29 1.5224769803437517 -1.4751913477522032 2.5117289001774017
30 1.7268563425031067 -1.5001524274984654 2.5454701214923108
31 1.9269598587600536 -1.4899277748341886 2.4975748675817502
32 2.1119635116107851 -1.4732233326354418 2.4179833775153567
33 0.22987245733427966 -1.3181873564471591 1.976764020717467
34 0.36460028403911787 -1.344371152308963 2.1247865455437474
35 0.54499500467646145 -1.3284767318161355 2.210458273479738
36 0.72785493645966204 -1.3091188675193481 2.2952307877059699
37 0.91570324775783185 -1.2876420665817603 2.3772486486347089
38 1.1117084167128868 -1.268908445046578 2.4499857873426114
39 1.3160496811973041 -1.2650465284062027 2.5063408250928454
40 1.5235961537014233 -1.2784682055048189 2.5412733840201569
41 1.7278183587109128 -1.3027861434247763 2.5438627625729997
42 1.8793571733911094 -1.3174289934681853 2.4096261795197442
43 2.0414541519145568 -1.3336634713158286 2.2930234843881325
44 0.18900972106425279 -1.140743270053894 2.056903506099129
45 0.3650192702170228 -1.1517383656291607 2.1507499588496821
46 0.56533862541196545 -1.1462231766751256 2.1295274354062088
47 0.76428071668291486 -1.1572149527455011 2.1712023492355286
48 0.95997819574307852 -1.1652267170789725 2.2268989047184933
49 1.1544975147869283 -1.1681452206320064 2.2852052899288764
50 1.3501498525482285 -1.1668832431009788 2.3385845160442309
51 1.5474001302962206 -1.1615421618165964 2.3832115019941718
52 1.7461093456107419 -1.1526056707718741 2.4171794964250255
53 1.940106010084629 -1.139940785003795 2.4709475264644793
54 2.0904043314499305 -1.1452826941578973 2.3390336728573105
55 0.16514430887746387 -0.95626964961613259 2.1325785020034234
56 0.35435702309749978 -0.96159936369068988 2.1991871185657415
57 0.5535306771419386 -0.9710974858810284 2.2278803399062843
58 0.75009448194549122 -0.97487182395806848 2.2512862811528978
59 0.94444735497993415 -0.97650304626405315 2.289026704330424
60 1.1374867472058514 -0.97630446500349666 2.3372714345914547
61 1.3320090639249522 -0.97358187181495903 2.3830571382689394
62 1.5287423698991109 -0.96819828922049311 2.4282170533902074
63 1.7294888688971484 -0.95638700518095521 2.4514273520091505
64 1.9303340330633423 -0.94250139006265254 2.4591012682364077
65 2.0751064307188289 -0.94672232792305311 2.3196034418673346
66 0.1631481477372618 -0.75958783436582977 2.1785946623393442
67 0.36229570429711927 -0.7635805650007581 2.1804099918526338
68 0.56019993164571935 -0.77427196330756221 2.2019645583047605
69 0.7588483058726454 -0.78271630842745976 2.1936531615927888
70 0.95651639830187707 -0.78997931864155391 2.2141728984677314
71 1.1496549583870765 -0.79169500573304419 2.2572701709883471
72 1.343335115733834 -0.79520579719543893 2.2889177348756267
73 1.5328705367266053 -0.79094802944357334 2.3366091897771604
74 1.7292112969758497 -0.79141370080623286 2.3383575296731047
75 1.9266446357993057 -0.77677335492980415 2.3480323242684737
76 2.1249258336347827 -0.75922510008891475 2.3664691589394291
77 0.16592445717399926 -0.57991735553355617 2.27075826994521
78 0.36649756016489554 -0.58177496812852725 2.2637321289023546
79 0.56404771834421896 -0.57736055470373415 2.2272323922613628
80 0.76380528778458634 -0.58370290758389576 2.2230094546993109
81 0.96207345105968967 -0.58856252912803064 2.2075103317781282
82 1.1597365240404682 -0.59517080091028141 2.2132740362675247
83 1.3565088835378822 -0.60634473442874381 2.2152852008287907
84 1.5390855319513672 -0.59688394652565624 2.2884679350957051
85 1.7215236049844882 -0.59310269943126936 2.3639920583544551
86 1.9072874247412916 -0.59575874936440187 2.4342237461910692
87 2.103164451796744 -0.56530649606702421 2.4125166382014083
88 0.22254616863472254 -0.41019638615208565 2.3477509691456966
89 0.3647283385575229 -0.39408164426930858 2.1961524950496867
90 0.56441699301150106 -0.37971156341238355 2.2358923208047687
91 0.76782466155547535 -0.38375196726579608 2.2318345483040094
92 0.96941436127263914 -0.38860472718790395 2.2246200163674508
93 1.1699464178848158 -0.39392057197828717 2.215153563091238
94 1.3699890600458817 -0.40529416415984432 2.2080811369524063
95 1.5691030161316413 -0.42463864773941956 2.1926699963601339
96 1.7411724546732557 -0.40737405807500421 2.2943575827654508
97 1.9186537147763609 -0.40237740939520822 2.3850544241270435
98 2.0669366868089538 -0.44328324293801502 2.2567529386349756
99 0.22005309463557535 -0.23595426753112653 2.322201835840445
100 0.4198936722162796 -0.22456157369388832 2.2821237259530092
101 0.56937042979426444 -0.20192402273508489 2.1487722779727716
102 0.77117080901639501 -0.21005922625709286 2.1352276977465152
103 0.974477800244269 -0.21483285038013877 2.1279451845196062
104 1.1790547541830236 -0.21339737602102019 2.1327445659300062
105 1.3829811200013367 -0.21617440120751175 2.1482553614794497
106 1.5876718972723483 -0.22980656793424842 2.1601231834457777
107 1.7913579758360823 -0.24988813039047161 2.1859018848877789
108 1.9866310061032322 -0.27917721221577824 2.2455085870922904
109 2.1693854538740918 -0.29202361737155252 2.3371733212230645
110 0.20000000317612371 -0.068749960525612691 2.2999999894300207
111 0.3814514620973089 -0.05785435075563497 2.1786415232212981
112 0.57798750226754581 -0.0075177015670384838 2.1905581263926752
113 0.78066409879119636 -0.0191378470629682 2.19216037376549
114 0.98167597003021345 -0.033486226162290619 2.2092572887977409
115 1.1776562211261832 -0.059297283001927659 2.2573263314402237
116 1.3831928975575241 -0.041606933001758703 2.2467049180553205
117 1.5895353245287573 -0.059270187100866678 2.2616817940652201
118 1.7946576478893541 -0.072099941562198289 2.273358435143106
119 1.9971557868328722 -0.087876633238516105 2.295662186491676
120 2.1999999968352064 -0.10000000060364911 2.3000000000907193
frame 97
0 0.36067224138412546 -1.8360446667588257 1.799129681244144
1 0.54208954347789506 -1.8106378716756844 1.8785919832443445
2 0.72959172372104952 -1.7850447603399948 1.9425729974585306
3 0.92236062324547363 -1.7533285350986263 1.9905482078854455
4 1.1171440001688049 -1.700776528712669 2.0257983757522684
5 1.2870135576542006 -1.5827696118711168 2.0287789902837345
6 1.3832809990060027 -1.639546743240873 2.1944604788526223
7 1.4790346582007328 -1.7399558696458473 2.3640605072261742
8 1.6710954126641393 -1.8119955743278962 2.3747412237058039
9 1.874753025680006 -1.846840313537726 2.3668197124886072
10 2.0768841728318552 -1.8603422538409575 2.3634087486416302
11 0.33506826367973064 -1.6380191657959604 1.7954672571731247
12 0.51414285062356824 -1.6121077956597578 1.8811988606755827
13 0.69334227719824837 -1.5887939998616643 1.9665882479360743
14 0.87198407034320091 -1.5682698579371375 2.0513301054242117
15 1.047368948179215 -1.5529940697911111 2.1402878412028286
16 1.2275897379009357 -1.5098646509491922 2.2053197205303303
17 1.4095296259041141 -1.4490123092588867 2.2634329879594004
18 1.5454441090806075 -1.5546327343679209 2.3700897693382172
19 1.7129918901356946 -1.6276264856936238 2.4287171978193256
20 1.9063348305947132 -1.6611364544246849 2.4297536784790088
21 2.0928325177563001 -1.6598661170303977 2.3619757238391172
22 0.25553197199704814 -1.5148210229994181 1.9288700112645198
23 0.4292398979233577 -1.5125149717798931 2.0322926667102927
24 0.61083521495806281 -1.483444368738728 2.1159981657879836
25 0.7931857616490251 -1.4532619580436617 2.1964907978070194
26 0.97754461650423163 -1.4158355780596754 2.2679856690243732
27 1.1490789807791051 -1.42875401451439 2.3726501085485272
28 1.3340940017752494 -1.427847676766107 2.4496380337275245
29 1.5174429514441912 -1.4545483746409582 2.53173004496281
30 1.7226739064547119 -1.479635839714823 2.5597828439620387
31 1.917821559581629 -1.4691528484016898 2.4953844623202825
32 2.094799245346314 -1.4595761798418814 2.3998808261134474
33 0.2335965877118768 -1.3200558597620373 1.9705802006089537
34 0.36729414734343968 -1.3458427635463139 2.1198512874331774
35 0.5439874429559739 -1.3233821985713863 2.2155351452846452
36 0.72545536042293002 -1.3020401589086428 2.3068152065396084
37 0.9131171001087911 -1.2771359142844185 2.3917729150593678
38 1.1100088475214205 -1.2580845499755775 2.4640378352918764
39 1.3135381007280444 -1.2485837818959322 2.5210483274656235
40 1.522388227950745 -1.2585676902580729 2.5558036865172298
41 1.7275930295087369 -1.283844180724917 2.5566549040006286
42 1.8651898475806321 -1.2982668979889251 2.4069756267936766
43 2.0212854725210621 -1.3158858800093127 2.2820309669140766
44 0.19529134180990207 -1.1388307338724248 2.0445694025546968
45 0.36861979496894576 -1.1521583931916066 2.1420869220552765
46 0.56929319279163304 -1.1471960015677749 2.1267116451212704
47 0.76648627967145277 -1.1579253455292424 2.1762372598873529
48 0.96098393780107116 -1.1661501460601202 2.2343339934725996
49 1.1548564211644843 -1.1689601949634862 2.2933119253792258
50 1.3504921688489284 -1.1662621120928118 2.3455203837374703
51 1.5482942336062975 -1.158153484598665 2.3880754302466802
52 1.7477076282396053 -1.1444195013664815 2.4207986813280988
53 1.9430130491021602 -1.1291616813205445 2.4723366727884426
54 2.0729371052550603 -1.1267757064819339 2.3202856583597202
55 0.16443686207272473 -0.9624060009517551 2.1372618144537072
56 0.35477533905877506 -0.96411204193605804 2.1992454522896492
57 0.55387998766425339 -0.97244826071371548 2.2244188696763052
58 0.74869373539067374 -0.97747388712820726 2.2589282552944949
59 0.9424279602268425 -0.97938964272063389 2.3010561791135653
60 1.1350485354245858 -0.97942748375251021 2.3522655420041034
61 1.3301462965242778 -0.97493815895978742 2.3965429595709993
62 1.5278912687557311 -0.96663027279641278 2.4384065872093643
63 1.7285189458223242 -0.94960489210393462 2.4566160479308672
64 1.9285594496300873 -0.93201898358083224 2.4676237165736143
65 2.0530478828121446 -0.9275601074107076 2.3100865511961959
66 0.16378676993846344 -0.76527876322381705 2.1881973234828562
67 0.36258861628669448 -0.7663250050210213 2.1723143654062285
68 0.56128167969397136 -0.77734555327815569 2.1882259922968825
69 0.75981997232543286 -0.78731195798268527 2.1962444934077872
70 0.9563991601371461 -0.79536813267843376 2.2208767210049913
71 1.1472227880937234 -0.79554351452751182 2.2719031942456707
72 1.3416762873930523 -0.80259871643803438 2.2926556225204706
73 1.5316282699407466 -0.79657711124626507 2.3362811277131277
74 1.7279867734169136 -0.79229073957086549 2.3335683259942348
75 1.9253281568477871 -0.77313641341175932 2.3474409492538939
76 2.1224938022330524 -0.75042784961984288 2.3718468512945923
77 0.17216509119241669 -0.5882048718784737 2.288102783981838
78 0.36931768725777292 -0.58760547935117902 2.262450652828258
79 0.56624052714736761 -0.58359866161673113 2.2343270491654574
80 0.76464880524390899 -0.58843095386207667 2.2223317029442708
81 0.96241428406621699 -0.59442154188291452 2.2077849918233241
82 1.1594705641381198 -0.60224336816716506 2.2206315550756006
83 1.3562231234551121 -0.6166324914815049 2.2145936493631342
84 1.5355059309177783 -0.60251246892086285 2.2960791762421722
85 1.7160859686559531 -0.59670207083974991 2.3772198066470493
86 1.9024248455041588 -0.59816437880877615 2.4441557695728284
87 2.0948322311577039 -0.55624792114096311 2.4128184576663485
88 0.25919299202335894 -0.42642244205204205 2.371886269715171
89 0.36440387941074631 -0.39883125651233231 2.1974118093464297
90 0.5648423354884814 -0.38541627678320639 2.2290438495479963
91 0.76797377935012212 -0.3885662157222225 2.2318738921714951
92 0.96959345705621036 -0.39475933386637968 2.2263795963331301
93 1.1699515512644545 -0.40227272068740105 2.2183191050816693
94 1.3692535846962892 -0.41520011373879723 2.2061543462496398
95 1.5683885330218466 -0.43178967297933457 2.1993993342388927
96 1.7377506953698152 -0.41230452885004953 2.305636696018841
97 1.9153349263077351 -0.40254018409461489 2.3975647687296378
98 2.0448834319899611 -0.44637898861754982 2.2525382355327292
99 0.23816612038326998 -0.23950593700850156 2.3545496544978923
100 0.42505225267015484 -0.22725064154903221 2.2751639994612343
101 0.57003847602516267 -0.21000150441803625 2.1366551692625868
102 0.77254194927707043 -0.21410618990273689 2.1367223475644579
103 0.97573061078578782 -0.21619218847915411 2.1386299659342574
104 1.1795398241332367 -0.21622286048816661 2.1470608576106853
105 1.3816142425052438 -0.21976332780563454 2.165811665698949
106 1.5846130780194116 -0.23479517523028628 2.174756616547342
107 1.786939682519924 -0.25430192388917516 2.1962259015434733
108 1.9810806205525529 -0.28348810737712071 2.250007008919138
109 2.1681872002607609 -0.30131403162022108 2.3186047386965596
110 0.20000000146619651 -0.068749979707654493 2.2999999891306038
111 0.37457179916466044 -0.061840254801999353 2.178112074679055
112 0.57335588350686206 -0.013438893072814592 2.1674714487089921
113 0.77578458359118752 -0.022816344141308651 2.1916610665814176
114 0.97673383294204363 -0.035517529029616822 2.2217359995822434
115 1.1773440502760526 -0.050368101921894941 2.2560382003203698
116 1.3834099570482268 -0.035571518119645568 2.2481778757357826
117 1.58880811668099 -0.058177730472547984 2.2668107988169393
118 1.7921411755141252 -0.077067549553520229 2.285562009573594
119 1.9945593225728917 -0.093056659169912098 2.3051519460118604
120 2.1999999886851382 -0.10000001027579435 2.2999999991836626
frame 98
0 0.40484927514197278 -1.834355771568714 1.7799271069476885
1 0.58647177140907614 -1.7975912643615708 1.8535360033174371
2 0.77453059955098835 -1.7536052299847891 1.9011933968081853
3 0.96350438381331405 -1.6945042207802232 1.9303773592787792
4 1.1494183610955486 -1.6226591542628863 1.9661554719831786
5 1.3184026977534271 -1.5182923355747364 2.0138369739390711
6 1.3920633756480443 -1.6072823323865526 2.1727561671432438
7 1.4613647118977571 -1.700511945642688 2.323850286777891
8 1.64444308447778 -1.7726584527439402 2.3374220996622266
9 1.8351451666112191 -1.8206691800213388 2.3451166042034619
10 2.0290412884711975 -1.8454787973709728 2.3639361064969333
11 0.36915118540873354 -1.6371260387269659 1.7724851393556595
12 0.54209537731118207 -1.6019241992996349 1.8650347634717366
13 0.71564105910404829 -1.5677820936854752 1.9538979228310245
14 0.89112142183301712 -1.5381556896126081 2.0364949115567228
15 1.0653651472915282 -1.5199424746784997 2.1219655397489663
16 1.237968785861558 -1.466069312042618 2.1931620834617527
17 1.4111156488983645 -1.4207010030373031 2.2714617735100204
18 1.5451754041402812 -1.5218604453436031 2.3676867912609665
19 1.6854732874166867 -1.6147697510570242 2.4526655270781261
20 1.878916935527154 -1.6481355224576726 2.4410811913709596
21 2.0573957684320092 -1.6459010656131963 2.3527324519964909
22 0.28086327856903032 -1.5133351724461881 1.9015808072313218
23 0.44746607851643844 -1.5088834761911494 2.0151732087614933
24 0.62396446065960631 -1.472529209839869 2.1050832151009913
25 0.80259033601783991 -1.4416492320192746 2.1910857098969245
26 0.98323241775762915 -1.405238945643295 2.2669506299702396
27 1.1515095414883862 -1.420251412306172 2.3712039894702381
28 1.3300006828902688 -1.4215187576922639 2.458129663888954
29 1.5104519098638567 -1.4418677718307158 2.5438140680713057
30 1.7123617227142653 -1.4639425880568864 2.5774364002732981
31 1.9013484192692696 -1.4556636718485929 2.4990894245084561
32 2.0715888337721089 -1.4494536594015297 2.3917782746115379
33 0.23042301594260645 -1.3319243629769155 1.9721313838725179
34 0.37112317343713036 -1.3552441695809103 2.115336286553998
35 0.54414708331477335 -1.3282876652266371 2.219468856971881
36 0.72492974341440564 -1.3049614501979374 2.3141033650096072
37 0.9122714331117685 -1.2766297618870768 2.3998137382269786
38 1.1083379384285179 -1.2547648117120123 2.4716489959076435
39 1.3107639689179544 -1.2394511221071172 2.5274283965974136
40 1.5181826239311369 -1.2448884398412967 2.5631800567883469
41 1.7226262126819569 -1.268429437819476 2.5706086557989432
42 1.8462557991989339 -1.2863800680888555 2.4097414248997753
43 1.9936268776133748 -1.3081082886027968 2.2752892567104523
44 0.19877885071486803 -1.1450229330017143 2.0377614974000129
45 0.37097199302842843 -1.1605761584692571 2.1362590221745075
46 0.57170100100125576 -1.1544493279318853 2.1301880413695775
47 0.76795165576479074 -1.1645528246611077 2.1808092467975424
48 0.96179365032064934 -1.1725313215567881 2.2387192735655992
49 1.1553450608008244 -1.1751075578758419 2.2966448603030996
50 1.3509856103752149 -1.170890656927422 2.3466733225119967
51 1.5491400469184833 -1.1605624344849728 2.3875082368451879
52 1.7488412145855379 -1.1443174891359131 2.4213807216224161
53 1.9445543201297035 -1.1277699865115243 2.4736360119739889
54 2.0467691600371749 -1.1172725927922222 2.3018199124070127
55 0.16423021595204648 -0.975019468589717 2.142435801191763
56 0.35514311598061904 -0.97468218426976794 2.2012997255612601
57 0.55345518722705322 -0.98090376685828506 2.2278113760225775
58 0.74696220118275691 -0.987657491517557 2.2702618319209784
59 0.94034218891138599 -0.99007913970530514 2.3157196441742252
60 1.1330725019951464 -0.99019466465810968 2.3683112505433188
61 1.3292969986024281 -0.98270375570563784 2.4086469617733477
62 1.5279051603417491 -0.97109788308572464 2.4451825391317534
63 1.7281225252685402 -0.9512487914942056 2.4635636915627694
64 1.9277073294507097 -0.93080942936962385 2.4787081538255258
65 2.0328990988496241 -0.91728290079794206 2.3081981217159151
66 0.16707768927450284 -0.78096969198180433 2.2043351501573891
67 0.36383409961463115 -0.77756881361097541 2.1695384813491896
68 0.56365535173185155 -0.78911210883455452 2.1758178318903489
69 0.76157544350169282 -0.80110577309801267 2.1991509031151977
70 0.95737052668656142 -0.80914648906939046 2.2301318451489323
71 1.1458482813460724 -0.80557807209214194 2.2909658619115181
72 1.3414603987572127 -0.81999163558062982 2.290742795528014
73 1.5335991490383634 -0.8122061929489568 2.3259530657490952
74 1.7294278526083338 -0.7997321503104341 2.3335702543735488
75 1.9264138945216649 -0.7789772233229898 2.3496613764366612
76 2.122493448247357 -0.75163059905077101 2.3774651817596921
77 0.18044526126855531 -0.6027750655091898 2.3037916420971061
78 0.37453332968285546 -0.60243717927828411 2.2662348095326652
79 0.57050568847690486 -0.59983676842972811 2.2413983173341228
80 0.7672804867127927 -0.60270131595834708 2.222638211102181
81 0.96434938321287855 -0.60927411360714856 2.2079123207023019
82 1.1604527457572646 -0.61700634908671215 2.2282530786513042
83 1.3570602810130554 -0.63348398914158222 2.2144001713797867
84 1.5310499469737537 -0.6139121143899019 2.3076031770552272
85 1.7123015956667718 -0.60713032785812293 2.3895126833317661
86 1.9017889443070823 -0.60615102729806081 2.4489914070738328
87 2.0913360637933676 -0.55690932087203526 2.4108626188332494
88 0.28583981551199533 -0.4476616163827779 2.3860215703846457
89 0.36809686235289946 -0.41180940649826647 2.2067610553216519
90 0.56858370096771882 -0.40112099005402924 2.2247596825866167
91 0.7700058913554032 -0.40282002573575593 2.2305341072744969
92 0.97074048361611087 -0.40966365726716231 2.2272035708798312
93 1.1704467606428171 -0.4180317583906733 2.2216838834954658
94 1.3687392085406498 -0.43184725125027035 2.2032241022909735
95 1.5676037330840005 -0.4441954970004236 2.2090265173747512
96 1.7356383030328268 -0.4227078053979984 2.3162358037636808
97 1.9148660817929308 -0.40962722902952448 2.4044110635147002
98 2.0328301770709682 -0.45119270667294714 2.2507704233240773
99 0.25468444835564669 -0.24803977269922614 2.3768974732553398
100 0.4273397928605675 -0.23394868364713417 2.2725798879456547
101 0.57130638886761032 -0.22602681692285445 2.1313457858750615
102 0.77413403602898434 -0.22629519452771849 2.1385250511706526
103 0.97680890313641844 -0.22573199439491806 2.1505064181221929
104 1.1792547457159066 -0.22643932007554368 2.1653413499578091
105 1.3792336888420891 -0.23124296009195655 2.1879171476443044
106 1.5801715101700857 -0.24478003851084446 2.1948033928049644
107 1.7812392571038596 -0.26020080867226625 2.210136314151748
108 1.9759474164194155 -0.28647713031994487 2.2561298258592495
109 2.1654507383851622 -0.30670336031238271 2.3100361560700544
110 0.2000000103914274 -0.068750006124084759 2.2999999968809792
111 0.37303994468832513 -0.062291098871879634 2.1875826260368116
112 0.57169279597935296 -0.027860259238230177 2.1473613304719832
113 0.7719160985531488 -0.034397104470055354 2.1903983213242983
114 0.97188853241873807 -0.044375417304566921 2.2316776718128573
115 1.1754606597114536 -0.047685516799142617 2.2522746190271348
116 1.3816289027833215 -0.039536103137532433 2.253258834203812
117 1.58605545847545 -0.060997238978557272 2.2730061848969672
118 1.787901030640253 -0.082390280961217546 2.298937577192822
119 1.9917478470987131 -0.095879430772240606 2.3112531234325391
120 2.1999999814222626 -0.10000001796304613 2.2999999989950113
frame 99
0 0.446715243162432 -1.8404828614897153 1.7576701729339688
1 0.62904546519823956 -1.7898993620156638 1.8223367813498936
2 0.81502083739025755 -1.7203167022474131 1.8508270376285314
3 0.99464814448115457 -1.6293358997862819 1.8717025899411608
4 1.1741007961637444 -1.5451135481377853 1.9165125681140889
5 1.3397918379526537 -1.4478399309464065 1.9976401592198521
6 1.3911673437861789 -1.5650179216322322 2.14165225202676
7 1.4359287622249426 -1.6570276243938258 2.2936400662296075
8 1.6135379091173538 -1.7323900243019599 2.3101029755186491
9 1.7932760485591788 -1.8002357995651288 2.3334134958183164
10 1.9820152700419416 -1.820615341000988 2.3744634642522362
11 0.39323410723773644 -1.6462329115579715 1.7595030214381944
12 0.56401950852260163 -1.601740602839512 1.8509880139199657
13 0.73508295198104467 -1.5567701874092861 1.9379684266102308
14 0.90897483238679055 -1.5162016675242325 2.016464084555889
15 1.0837918888294664 -1.4933783046294595 2.0973339309909673
16 1.248558621562821 -1.4322739730360439 2.178754360971614
17 1.4153753431155496 -1.4023896967157194 2.271400555664004
18 1.5549066990999549 -1.4990881562192853 2.3567666825310569
19 1.6519400674298239 -1.6119130163204247 2.4775182144301349
20 1.8460037901047499 -1.6384520930940407 2.4440403308722085
21 2.0152863253910436 -1.6284791508889411 2.3368631965616369
22 0.30385917436426657 -1.511796513155315 1.8787481155867061
23 0.46436216762199839 -1.5110593921172637 1.9997227140929263
24 0.63789725482357418 -1.4708437956473301 2.0918364269147043
25 0.81438324348038738 -1.4387324493691156 2.1794518982175819
26 0.99263185870115511 -1.4003581336299709 2.2559155910161062
27 1.1567152291499421 -1.4185499543152429 2.3610270773697914
28 1.329156077062855 -1.4251898385184207 2.4566212941503838
29 1.5056275869963789 -1.4391871689204734 2.5458980912798017
30 1.6986736719478372 -1.457084042564134 2.5953525363187526
31 1.8783664323747113 -1.4495902410097419 2.5049693506183615
32 2.0449549920850374 -1.4414846926301563 2.3936757230096282
33 0.2274982887371324 -1.3537928660917937 1.9785173647107512
34 0.37743176482702478 -1.3718505700466701 2.1124223006049898
35 0.54887899982225308 -1.3431931317818879 2.2191742163210959
36 0.72882404687466429 -1.317882741387232 2.3144506539146734
37 0.91480844112161708 -1.286123609389735 2.3996804185545204
38 1.1083571001860886 -1.2595614651205924 2.4712848767536246
39 1.3084306937478902 -1.2403184622183021 2.5260145659902382
40 1.51217126926361 -1.2409761332183493 2.5653608255795213
41 1.71433015587708 -1.259613768896128 2.5859191909061545
42 1.8211527971726427 -1.2806547126545098 2.4153910155130354
43 1.9593259860998884 -1.308045302116071 2.2729184185385787
44 0.19872558068086738 -1.1612151320310038 2.0390908874309219
45 0.3735011362055255 -1.1760370477668602 2.1320104423572048
46 0.57358389658211828 -1.1669259503703009 2.1343590916503881
47 0.76960711694518402 -1.174893940857177 2.1833295502250549
48 0.96350303201338738 -1.1820065836456288 2.2384188439600585
49 1.1569403005883134 -1.1848732901454397 2.2940606224204521
50 1.3522029154426067 -1.1802219289947355 2.3426809617519355
51 1.5496775651829766 -1.1691013212782304 2.3846668523310273
52 1.7483233348509239 -1.1532207000259529 2.423021403701469
53 1.9436489853029821 -1.136378291602504 2.4751622682666552
54 2.0139637554473198 -1.1160523458319747 2.2887381436850691
55 0.16416106075041825 -0.99357121512109325 2.1473421768845671
56 0.35502535267994401 -0.99339421813806095 2.2060266699064424
57 0.55218751545758271 -0.99766467602283326 2.2386301484990807
58 0.74536110140956258 -1.0048212286596132 2.2845291660034532
59 0.93889800605621099 -1.0076581365996204 2.3320050464502313
60 1.1324442229311087 -1.0075971509858981 2.3829313206989973
61 1.3297424330835197 -0.99579172935782456 2.4162998108375997
62 1.5280396343656029 -0.9808148717893802 2.4470979755769329
63 1.7272128074905111 -0.9610281656665729 2.4702396711726502
64 1.926218629668726 -0.93955719303393181 2.490581606537825
65 2.017238723723545 -0.91692014027366542 2.3132346298663808
66 0.17302765201097867 -0.80551657996201786 2.2231067548572314
67 0.3661314671355273 -0.79718477478950678 2.1714089872527942
68 0.56669014377780835 -0.81087866429095334 2.1700202008103786
69 0.76461261277669634 -0.82469595668268114 2.2000918106646523
70 0.95952300377205235 -0.8301641224496954 2.2413620658315718
71 1.1463669257619835 -0.82123760127582979 2.3109846253992825
72 1.3412905216736675 -0.84387104556649217 2.2849736596227261
73 1.5362841496193849 -0.8322970023428784 2.3131521036873313
74 1.7319063069289597 -0.81428684617312963 2.334784644459956
75 1.9291268605981982 -0.79434146061169086 2.3536242527175624
76 2.1240359388953505 -0.76283334838169914 2.3870358878167552
77 0.19056133395620664 -0.62199635725013713 2.3174400282389849
78 0.3811673057849656 -0.62398084834696288 2.2713401890564691
79 0.57610016614906967 -0.62594347924286986 2.2466866962472984
80 0.77144864953446035 -0.62677954959441162 2.2232417294009394
81 0.96764435251494363 -0.63244330364981771 2.206081691406971
82 1.1621728451181741 -0.63769802854672486 2.2362552944313783
83 1.3581486068082278 -0.65423483392583248 2.216881260540795
84 1.527353245429897 -0.63191968273734622 2.3192374988125866
85 1.7109398288786228 -0.62448782845512574 2.3984319364097124
86 1.9037742210548732 -0.6202063825862435 2.4494212280990819
87 2.0920431244262634 -0.56757072050310742 2.4084163503412386
88 0.30248663910063173 -0.46066128203242562 2.3901568711541206
89 0.37445429737082397 -0.43218693653831314 2.2108014922426551
90 0.57374648917079318 -0.42682570322485208 2.2199665401766926
91 0.77299328243010734 -0.42652220199212793 2.227918248137525
92 0.97227173219031504 -0.43259104162905737 2.2264909653829053
93 1.1708710321487767 -0.43941218238200663 2.2237458577845177
94 1.3683996676474981 -0.45187668122420127 2.2021499684369523
95 1.5663602373936225 -0.46139438534062877 2.2202335597424203
96 1.7356179965176335 -0.4396825894940814 2.3242419467579887
97 1.9156333970418524 -0.42273711122183005 2.4097149207085664
98 2.0307769220519751 -0.45758837631207011 2.2526585426521728
99 0.26120277642802336 -0.25831793941318781 2.3892452921127876
100 0.42308591028256692 -0.24658890733275768 2.2679827453433608
101 0.5739426443169674 -0.24683322918078004 2.1346573322260762
102 0.7760621295370973 -0.24549068831981902 2.1433747224467892
103 0.97748356826341276 -0.24305636347138262 2.1630342429079605
104 1.1777742952037982 -0.24299724010416057 2.1861360710137232
105 1.3762837612756067 -0.24967484843612806 2.210952206461926
106 1.5756969125403031 -0.26055514710632721 2.2183545395683923
107 1.7761280984183596 -0.27015654415652612 2.225570954936523
108 1.9720448899879826 -0.2907226472169292 2.2658515654985623
109 2.1627266028140402 -0.30973175460247787 2.311467573343549
110 0.20000001985376609 -0.068750027036133574 2.3000000066268349
111 0.37667891748998028 -0.064281930115425892 2.206866664419973
112 0.57184256752341001 -0.047826626522792959 2.137251212134974
113 0.77079128188362622 -0.051328222358583184 2.1871632076624881
114 0.96885770787782288 -0.058473284920217979 2.2364823782972687
115 1.1732823459831005 -0.053283500774698844 2.2486794323446491
116 1.3786954443078048 -0.053500688055419299 2.2604592435773792
117 1.582141817463161 -0.070536095699085907 2.2805444157587789
118 1.7834577633263067 -0.089776552240120058 2.3096479169564632
119 1.9887870040299338 -0.097734683072080955 2.3118675785252871
120 2.1999999745832874 -0.10000002353185124 2.2999999992788163
frame 100
0 0.48721837640597826 -1.8508207694530534 1.7290332066187521
1 0.66898021463737245 -1.7813048337186252 1.7811375594823502
2 0.84647151141034904 -1.6831593619003191 1.7956534731785365
3 1.0157919052489952 -1.5687631970751961 1.8230278205035424
4 1.1923827729562142 -1.4751118657657951 1.8768696641449991
5 1.3511809782518802 -1.3744223626698142 1.982251371379943
6 1.4002713118243135 -1.5127535109779118 2.1089333531996779
7 1.4146918582966135 -1.606048688727219 2.2734298455813238
8 1.5783601900166608 -1.7021215957599796 2.2927838512750713
9 1.7488390230122286 -1.7898024190089188 2.3317103873331706
10 1.9395818216844734 -1.8057518845310032 2.3860915376611245
11 0.40951404542803049 -1.665339784288977 1.7540858996452209
12 0.58152152342117203 -1.6098389728310127 1.8366839040459628
13 0.75299842788558924 -1.5521000203726805 1.9156873040735722
14 0.92626207599189414 -1.4996858939504996 1.9906188490206198
15 1.1022136592742644 -1.4612233939197612 2.0657819408565281
16 1.2647857455270246 -1.4084786339294697 2.1608949324488771
17 1.4257451389704352 -1.3793319080693223 2.2665756132946044
18 1.5676501833744112 -1.4863158669949674 2.3469143361768467
19 1.6174907168619992 -1.615391124987509 2.4923709018821438
20 1.8103810084132284 -1.6355069134600009 2.4445197175447273
21 1.9710786428469058 -1.6201803170997362 2.3233285658399803
22 0.32336632862457454 -1.5175004917508923 1.8623787834568626
23 0.48080021250859878 -1.5203004987589526 1.9855723911073326
24 0.65401245620098936 -1.4784402117537423 2.0752391565195558
25 0.82959875589147425 -1.4433434622865209 2.1613214119992876
26 1.0053634057304572 -1.3936268606871867 2.234880552161973
27 1.1660830689006441 -1.4213512208960333 2.340850165369345
28 1.3327443253128721 -1.4339362299245662 2.4451129245118137
29 1.5024563904553536 -1.4457075616454733 2.5379821145882979
30 1.6829490329710244 -1.4602254969713817 2.610342671917667
31 1.8530867659270429 -1.4518136769897496 2.51136688407956
32 2.016798950079393 -1.4431193730051202 2.3980399633320841
33 0.2308725801213756 -1.3817516269998773 1.9830100853716552
34 0.3870724514479536 -1.3945424205339547 2.1092152037162806
35 0.55916753929548368 -1.3680985982371388 2.2141036569883403
36 0.73797427802527538 -1.3408040324765267 2.3079881938159379
37 0.92103369857211148 -1.3056174567923933 2.3929983153158259
38 1.1109187860241851 -1.2738958605575013 2.4647995275626648
39 1.3069717091059971 -1.2511858022294871 2.5206019633128087
40 1.5060287066261955 -1.2470638264954019 2.5657441179875362
41 1.7046806284987741 -1.2605606394325324 2.6005101663201398
42 1.7947662871323344 -1.2817834480607804 2.4228245633012842
43 1.9252759163136806 -1.3140103080150318 2.2749062204836266
44 0.19592834634470097 -1.1874073309602933 2.0504202773618307
45 0.37722515847535198 -1.197578739738105 2.1292311284458134
46 0.57618558853480095 -1.1852242866384688 2.1401437618416601
47 0.77237004180029101 -1.1889520811737286 2.1846432078628388
48 0.96664677767519069 -1.1943582945451461 2.2349763665036448
49 1.1601494759797844 -1.1985573441330939 2.2872297836660782
50 1.3545765461014885 -1.1952234684780279 2.3359861506393127
51 1.5503301794045599 -1.1853399855941877 2.3818343551496461
52 1.7462900492084832 -1.1712592551097043 2.4269856991656829
53 1.9403838112277463 -1.1549865965934838 2.4773860366959406
54 1.9824755890269377 -1.1219841234826013 2.284428786410142
55 0.1639849628776629 -1.0175748666244901 2.1563122856958246
56 0.35475337873964419 -1.0202958610759376 2.2152548773570673
57 0.55100856600290959 -1.0232633826938284 2.2550241198945922
58 0.74496964462940118 -1.0287960912349292 2.3005245228449871
59 0.93918951912720583 -1.0315423304897213 2.3474764515385802
60 1.1340009835765028 -1.0311886675309883 2.3936147076685472
61 1.3314718834320831 -1.0149574523107352 2.4201064216797201
62 1.5286433611338288 -0.99776344601048872 2.4472073418594147
63 1.7260037804934418 -0.9787137114222505 2.4752258857548353
64 1.9237027434163996 -0.95826219347362562 2.5024108119803286
65 2.0078238821312113 -0.92655737964938878 2.3234233027750291
66 0.17968654856089775 -0.83372429001478343 2.24236282500179
67 0.36909248934753086 -0.82484588726672869 2.1787355892529368
68 0.56960365390074486 -0.84220607501679412 2.1732381697060346
69 0.76842695890881652 -0.85696741336691973 2.2011044053522748
70 0.96187316365889164 -0.85665152837411096 2.2529691762831097
71 1.1487027458976373 -0.84374572567012363 2.3257926061651988
72 1.3417025130824263 -0.87035448532668269 2.2812498713682263
73 1.5391492333672943 -0.85533894220015327 2.3065074313493543
74 1.7354347052209045 -0.83603285757535206 2.335505670772577
75 1.9333864520348887 -0.81848862746368989 2.3593927366716398
76 2.1265655701348121 -0.78403609761262727 2.4024411683711309
77 0.20073127403984187 -0.6444212828528072 2.329307402957959
78 0.3876445752397214 -0.64966230051996154 2.2746633919657229
79 0.58154857962848983 -0.6567892025947013 2.2492034734831408
80 0.77612175810457673 -0.65872353889414648 2.2240186051071924
81 0.97166672191576609 -0.66261356464992704 2.201317148776885
82 1.1637166022805145 -0.66263786554123516 2.2460624996006464
83 1.3593946660149072 -0.67825222374820615 2.2218873333196769
84 1.5270372972580819 -0.65572368468982112 2.3278393652383942
85 1.713315768912214 -0.64775109150617105 2.4029072427935385
86 1.9084982983604666 -0.64001654722760237 2.4457875805389881
87 2.0974324611063508 -0.58823212003417957 2.4052121829548869
88 0.30913346278926812 -0.47096020646317993 2.3890417795894319
89 0.38068606443459996 -0.45756169132039304 2.2111905280235664
90 0.578842653760551 -0.4588981272152729 2.2105940917908953
91 0.77634210494805223 -0.45766225191260662 2.2224051572836956
92 0.97407551114430946 -0.46220815857272057 2.2229253466181165
93 1.1714367697099142 -0.46580862472807183 2.2217718594296922
94 1.3691649428784827 -0.47593586816646211 2.2054763801375743
95 1.566473385284566 -0.48362945324840101 2.2300909856253264
96 1.738881430394146 -0.46276860663941105 2.3283413677919493
97 1.9180603471746811 -0.44109746888023893 2.414686033670121
98 2.0387236669329818 -0.4655404740758502 2.2590687799316949
99 0.25772110460040004 -0.26734728287772191 2.3915931110702355
100 0.40883202780456634 -0.26225135648995396 2.253385602841067
101 0.57739014836531632 -0.26946738559027422 2.1453954364731653
102 0.77841510938214953 -0.26959246536891918 2.1524506007283231
103 0.97824491162776406 -0.26689936531643399 2.1766314366734325
104 1.1758669450148118 -0.26615513542220454 2.2082217707085667
105 1.3740958337755496 -0.27510173039651048 2.2318623987101529
106 1.5728367104209571 -0.28309515632692323 2.243898993034712
107 1.7732374107725688 -0.2857700966413671 2.2397718571260521
108 1.9703971526215438 -0.29810858898706677 2.2789370121877357
109 2.1617382389035056 -0.31148074388248659 2.3228989905170434
110 0.20000002888152627 -0.068750040237421567 2.300000010607103
111 0.38256157032917926 -0.069316101128094221 2.2199752228184924
112 0.57474454246074913 -0.069706970530402909 2.1371410936979647
113 0.77385730138051179 -0.072091273008676154 2.182044649006142
114 0.96924930258635089 -0.077143067647920852 2.2367841274233862
115 1.1731499012890831 -0.068826521193848439 2.2467410195327049
116 1.3765980599037955 -0.077465272873306165 2.2681192335476372
117 1.5785598186575731 -0.088493092200541537 2.2892307221923591
118 1.7799879786576982 -0.10172054688586529 2.3160957072449677
119 1.9857144993465432 -0.10159246777776977 2.3066617239942935
120 2.1999999682188842 -0.10000002915473333 2.3000000002604604
