# involute spur gear  z=18 module=1.0 pressure_angle=20.0 thickness=4.0 bore_r=2.7 h=0.5 backlash=0.0
# pitch_r=9 base_r=8.45723 tip_r=10 root_r=7.75
# 5868 verts, 11736 tris, volume=901.614
o gear
v 7.66603835 -1.13769766 -2
v 7.78750826 -0.885659018 -2
v 8.06135723 -0.826513654 -2
v 8.46689419 -0.864029362 -2
v 8.86975627 -0.80842306 -2
v 9.25959319 -0.690904792 -2
v 9.63460324 -0.532062714 -2
v 9.99419224 -0.340765907 -2
v 9.99999758 8.9338259e-17 -2
v 9.99419224 0.340765907 -2
v 9.63460324 0.532062714 -2
v 9.25959319 0.690904792 -2
v 8.86975627 0.80842306 -2
v 8.46689419 0.864029362 -2
v 8.06135723 0.826513654 -2
v 7.78750826 0.885659018 -2
v 7.66603835 1.13769766 -2
v 7.59283519 1.55285344 -2
v 7.62077727 1.83123745 -2
v 7.85788222 1.98047777 -2
v 8.25179344 2.08392635 -2
v 8.61134148 2.27396612 -2
v 8.93747475 2.51772926 -2
v 9.23554173 2.79525298 -2
v 9.50801751 3.09799986 -2
v 9.39692393 3.42020061 -2
v 9.2749199 3.73843027 -2
v 8.8715894 3.79520379 -2
v 8.46486804 3.81620553 -2
v 8.05834754 3.79330449 -2
v 7.66076255 3.70777038 -2
v 7.29251358 3.53381534 -2
v 7.01495082 3.49573193 -2
v 6.81460416 3.69102563 -2
v 6.60382404 4.0561075 -2
v 6.53486807 4.32725965 -2
v 6.70663064 4.54859435 -2
v 7.04140462 4.78052979 -2
v 7.31427183 5.08208144 -2
v 7.53736495 5.422688 -2
v 7.72253759 5.7854199 -2
v 7.87503553 6.16310111 -2
v 7.66044258 6.42787454 -2
v 7.43695533 6.68518477 -2
v 7.03853095 6.60058727 -2
v 6.64915487 6.48121555 -2
v 6.27498317 6.32065742 -2
v 5.93062988 6.10429957 -2
v 5.64408517 5.81488673 -2
v 5.39628678 5.68416799 -2
v 5.14122812 5.79916144 -2
v 4.81829425 6.07013513 -2
v 4.66075734 6.30135047 -2
v 4.74646043 6.56808332 -2
v 4.98171847 6.90053078 -2
v 5.13499304 7.27722272 -2
v 5.2281377 7.67359054 -2
v 5.27808145 8.0777798 -2
v 5.29220805 8.48484142 -2
v 4.99999879 8.66025194 -2
v 4.70198419 8.82560733 -2
v 4.35652179 8.60984252 -2
v 4.03145549 8.36449533 -2
v 3.73476323 8.08564578 -2
v 3.48517572 7.76456014 -2
v 3.31489679 7.39459697 -2
v 3.12675092 7.18700949 -2
v 2.8477441 7.20783279 -2
v 2.45160706 7.35201488 -2
v 2.22449048 7.51540543 -2
v 2.21379705 7.79536451 -2
v 2.32116356 8.18822592 -2
v 2.33635831 8.59462355 -2
v 2.28831988 8.99894481 -2
v 2.19701078 9.39584025 -2
v 2.07106218 9.78318463 -2
v 1.73648136 9.84807515 -2
v 1.39988436 9.90153139 -2
v 1.14905181 9.58062369 -2
v 0.927503087 9.23889352 -2
v 0.744075714 8.87538593 -2
v 0.619357932 8.48830017 -2
v 0.585882937 8.08240969 -2
v 0.48008275 7.82299158 -2
v 0.210780116 7.74713313 -2
v -0.210780116 7.74713313 -2
v -0.48008275 7.82299158 -2
v -0.585882937 8.08240969 -2
v -0.619357932 8.48830017 -2
v -0.744075714 8.87538593 -2
v -0.927503087 9.23889352 -2
v -1.14905181 9.58062369 -2
v -1.39988436 9.90153139 -2
v -1.73648136 9.84807515 -2
v -2.07106218 9.78318463 -2
v -2.19701078 9.39584025 -2
v -2.28831988 8.99894481 -2
v -2.33635831 8.59462355 -2
v -2.32116356 8.18822592 -2
v -2.21379705 7.79536451 -2
v -2.22449048 7.51540543 -2
v -2.45160706 7.35201488 -2
v -2.8477441 7.20783279 -2
v -3.12675092 7.18700949 -2
v -3.31489679 7.39459697 -2
v -3.48517572 7.76456014 -2
v -3.73476323 8.08564578 -2
v -4.03145549 8.36449533 -2
v -4.35652179 8.60984252 -2
v -4.70198419 8.82560733 -2
v -4.99999879 8.66025194 -2
v -5.29220805 8.48484142 -2
v -5.27808145 8.0777798 -2
v -5.2281377 7.67359054 -2
v -5.13499304 7.27722272 -2
v -4.98171847 6.90053078 -2
v -4.74646043 6.56808332 -2
v -4.66075734 6.30135047 -2
v -4.81829425 6.07013513 -2
v -5.14122812 5.79916144 -2
v -5.39628678 5.68416799 -2
v -5.64408517 5.81488673 -2
v -5.93062988 6.10429957 -2
v -6.27498317 6.32065742 -2
v -6.64915487 6.48121555 -2
v -7.03853095 6.60058727 -2
v -7.43695533 6.68518477 -2
v -7.66044258 6.42787454 -2
v -7.87503553 6.16310111 -2
v -7.72253759 5.7854199 -2
v -7.53736495 5.422688 -2
v -7.31427183 5.08208144 -2
v -7.04140462 4.78052979 -2
v -6.70663064 4.54859435 -2
v -6.53486807 4.32725965 -2
v -6.60382404 4.0561075 -2
v -6.81460416 3.69102563 -2
v -7.01495082 3.49573193 -2
v -7.29251358 3.53381534 -2
v -7.66076255 3.70777038 -2
v -8.05834754 3.79330449 -2
v -8.46486804 3.81620553 -2
v -8.8715894 3.79520379 -2
v -9.2749199 3.73843027 -2
v -9.39692393 3.42020061 -2
v -9.50801751 3.09799986 -2
v -9.23554173 2.79525298 -2
v -8.93747475 2.51772926 -2
v -8.61134148 2.27396612 -2
v -8.25179344 2.08392635 -2
v -7.85788222 1.98047777 -2
v -7.62077727 1.83123745 -2
v -7.59283519 1.55285344 -2
v -7.66603835 1.13769766 -2
v -7.78750826 0.885659018 -2
v -8.06135723 0.826513654 -2
v -8.46689419 0.864029362 -2
v -8.86975627 0.80842306 -2
v -9.25959319 0.690904792 -2
v -9.63460324 0.532062714 -2
v -9.99419224 0.340765907 -2
v -9.99999758 1.13530824e-15 -2
v -9.99419224 -0.340765907 -2
v -9.63460324 -0.532062714 -2
v -9.25959319 -0.690904792 -2
v -8.86975627 -0.80842306 -2
v -8.46689419 -0.864029362 -2
v -8.06135723 -0.826513654 -2
v -7.78750826 -0.885659018 -2
v -7.66603835 -1.13769766 -2
v -7.59283519 -1.55285344 -2
v -7.62077727 -1.83123745 -2
v -7.85788222 -1.98047777 -2
v -8.25179344 -2.08392635 -2
v -8.61134148 -2.27396612 -2
v -8.93747475 -2.51772926 -2
v -9.23554173 -2.79525298 -2
v -9.50801751 -3.09799986 -2
v -9.39692393 -3.42020061 -2
v -9.2749199 -3.73843027 -2
v -8.8715894 -3.79520379 -2
v -8.46486804 -3.81620553 -2
v -8.05834754 -3.79330449 -2
v -7.66076255 -3.70777038 -2
v -7.29251358 -3.53381534 -2
v -7.01495082 -3.49573193 -2
v -6.81460416 -3.69102563 -2
v -6.60382404 -4.0561075 -2
v -6.53486807 -4.32725965 -2
v -6.70663064 -4.54859435 -2
v -7.04140462 -4.78052979 -2
v -7.31427183 -5.08208144 -2
v -7.53736495 -5.422688 -2
v -7.72253759 -5.7854199 -2
v -7.87503553 -6.16310111 -2
v -7.66044258 -6.42787454 -2
v -7.43695533 -6.68518477 -2
v -7.03853095 -6.60058727 -2
v -6.64915487 -6.48121555 -2
v -6.27498317 -6.32065742 -2
v -5.93062988 -6.10429957 -2
v -5.64408517 -5.81488673 -2
v -5.39628678 -5.68416799 -2
v -5.14122812 -5.79916144 -2
v -4.81829425 -6.07013513 -2
v -4.66075734 -6.30135047 -2
v -4.74646043 -6.56808332 -2
v -4.98171847 -6.90053078 -2
v -5.13499304 -7.27722272 -2
v -5.2281377 -7.67359054 -2
v -5.27808145 -8.0777798 -2
v -5.29220805 -8.48484142 -2
v -4.99999879 -8.66025194 -2
v -4.70198419 -8.82560733 -2
v -4.35652179 -8.60984252 -2
v -4.03145549 -8.36449533 -2
v -3.73476323 -8.08564578 -2
v -3.48517572 -7.76456014 -2
v -3.31489679 -7.39459697 -2
v -3.12675092 -7.18700949 -2
v -2.8477441 -7.20783279 -2
v -2.45160706 -7.35201488 -2
v -2.22449048 -7.51540543 -2
v -2.21379705 -7.79536451 -2
v -2.32116356 -8.18822592 -2
v -2.33635831 -8.59462355 -2
v -2.28831988 -8.99894481 -2
v -2.19701078 -9.39584025 -2
v -2.07106218 -9.78318463 -2
v -1.73648136 -9.84807515 -2
v -1.39988436 -9.90153139 -2
v -1.14905181 -9.58062369 -2
v -0.927503087 -9.23889352 -2
v -0.744075714 -8.87538593 -2
v -0.619357932 -8.48830017 -2
v -0.585882937 -8.08240969 -2
v -0.48008275 -7.82299158 -2
v -0.210780116 -7.74713313 -2
v 0.210780116 -7.74713313 -2
v 0.48008275 -7.82299158 -2
v 0.585882937 -8.08240969 -2
v 0.619357932 -8.48830017 -2
v 0.744075714 -8.87538593 -2
v 0.927503087 -9.23889352 -2
v 1.14905181 -9.58062369 -2
v 1.39988436 -9.90153139 -2
v 1.73648136 -9.84807515 -2
v 2.07106218 -9.78318463 -2
v 2.19701078 -9.39584025 -2
v 2.28831988 -8.99894481 -2
v 2.33635831 -8.59462355 -2
v 2.32116356 -8.18822592 -2
v 2.21379705 -7.79536451 -2
v 2.22449048 -7.51540543 -2
v 2.45160706 -7.35201488 -2
v 2.8477441 -7.20783279 -2
v 3.12675092 -7.18700949 -2
v 3.31489679 -7.39459697 -2
v 3.48517572 -7.76456014 -2
v 3.73476323 -8.08564578 -2
v 4.03145549 -8.36449533 -2
v 4.35652179 -8.60984252 -2
v 4.70198419 -8.82560733 -2
v 4.99999879 -8.66025194 -2
v 5.29220805 -8.48484142 -2
v 5.27808145 -8.0777798 -2
v 5.2281377 -7.67359054 -2
v 5.13499304 -7.27722272 -2
v 4.98171847 -6.90053078 -2
v 4.74646043 -6.56808332 -2
v 4.66075734 -6.30135047 -2
v 4.81829425 -6.07013513 -2
v 5.14122812 -5.79916144 -2
v 5.39628678 -5.68416799 -2
v 5.64408517 -5.81488673 -2
v 5.93062988 -6.10429957 -2
v 6.27498317 -6.32065742 -2
v 6.64915487 -6.48121555 -2
v 7.03853095 -6.60058727 -2
v 7.43695533 -6.68518477 -2
v 7.66044258 -6.42787454 -2
v 7.87503553 -6.16310111 -2
v 7.72253759 -5.7854199 -2
v 7.53736495 -5.422688 -2
v 7.31427183 -5.08208144 -2
v 7.04140462 -4.78052979 -2
v 6.70663064 -4.54859435 -2
v 6.53486807 -4.32725965 -2
v 6.60382404 -4.0561075 -2
v 6.81460416 -3.69102563 -2
v 7.01495082 -3.49573193 -2
v 7.29251358 -3.53381534 -2
v 7.66076255 -3.70777038 -2
v 8.05834754 -3.79330449 -2
v 8.46486804 -3.81620553 -2
v 8.8715894 -3.79520379 -2
v 9.2749199 -3.73843027 -2
v 9.39692393 -3.42020061 -2
v 9.50801751 -3.09799986 -2
v 9.23554173 -2.79525298 -2
v 8.93747475 -2.51772926 -2
v 8.61134148 -2.27396612 -2
v 8.25179344 -2.08392635 -2
v 7.85788222 -1.98047777 -2
v 7.62077727 -1.83123745 -2
v 7.59283519 -1.55285344 -2
v 2.65402737 -0.496123698 -2
v 2.51767502 -0.975352499 -2
v 2.29558627 -1.42136684 -2
v 1.99532408 -1.81897824 -2
v 1.62711352 -2.15464651 -2
v 1.20349356 -2.41694089 -2
v 0.738890073 -2.59692924 -2
v 0.249124571 -2.68848228 -2
v -0.249124571 -2.68848228 -2
v -0.738890073 -2.59692924 -2
v -1.20349356 -2.41694089 -2
v -1.62711352 -2.15464651 -2
v -1.99532408 -1.81897824 -2
v -2.29558627 -1.42136684 -2
v -2.51767502 -0.975352499 -2
v -2.65402737 -0.496123698 -2
v -2.7 3.30654636e-16 -2
v -2.65402737 0.496123698 -2
v -2.51767502 0.975352499 -2
v -2.29558627 1.42136684 -2
v -1.99532408 1.81897824 -2
v -1.62711352 2.15464651 -2
v -1.20349356 2.41694089 -2
v -0.738890073 2.59692924 -2
v -0.249124571 2.68848228 -2
v 0.249124571 2.68848228 -2
v 0.738890073 2.59692924 -2
v 1.20349356 2.41694089 -2
v 1.62711352 2.15464651 -2
v 1.99532408 1.81897824 -2
v 2.29558627 1.42136684 -2
v 2.51767502 0.975352499 -2
v 2.65402737 0.496123698 -2
v 2.7 0 -2
v -5.75191425 -5.31024918 -2
v -7.22124357 -3.02273143 -2
v -7.27997832 -0.796345711 -2
v -7.81958433 -0.370627658 -2
v -0.992859577 -7.76514609 -2
v -2.95033355 -6.70281902 -2
v -3.5888192 -6.9572725 -2
v -7.47476782 2.32617928 -2
v -6.0886681 4.06944366 -2
v -6.22838399 4.74241466 -2
v -4.32964478 5.90647331 -2
v -4.23076513 6.58664485 -2
v -2.0484024 7.03109511 -2
v -1.72285356 7.63642845 -2
v 0.479907539 -7.30766308 -2
v 0.992859577 -7.76514609 -2
v 2.95033355 -6.70281902 -2
v 3.5888192 -6.9572725 -2
v 5.75191425 -5.31024918 -2
v 6.56857564 -3.23821942 -2
v 7.22124357 -3.02273143 -2
v 7.81958433 -0.370627658 -2
v 0.479907539 7.30766308 -2
v 4.32964478 5.90647331 -2
v 4.23076513 6.58664485 -2
v 0.992859577 7.76514609 -2
v 7.11330818 1.74157904 -2
v 7.22124357 3.02273143 -2
v 5.75191425 5.31024918 -2
v -6.22838399 -4.74241466 -2
v -5.06490579 -5.28951607 -2
v -6.56857564 -3.23821942 -2
v -7.47476782 -2.32617928 -2
v -7.27997832 0.796345711 -2
v -7.81958433 0.370627658 -2
v -0.479907539 -7.30766308 -2
v -1.72285356 -7.63642845 -2
v -4.32964478 -5.90647331 -2
v -4.23076513 -6.58664485 -2
v -7.11330818 1.74157904 -2
v -7.22124357 3.02273143 -2
v -5.06490579 5.28951607 -2
v -5.75191425 5.31024918 -2
v -2.95033355 6.70281902 -2
v -3.5888192 6.9572725 -2
v -0.479907539 7.30766308 -2
v -0.992859577 7.76514609 -2
v 2.0484024 -7.03109511 -2
v 1.72285356 -7.63642845 -2
v 4.32964478 -5.90647331 -2
v 4.23076513 -6.58664485 -2
v 6.22838399 -4.74241466 -2
v 5.06490579 -5.28951607 -2
v 7.11330818 -1.74157904 -2
v 7.47476782 -2.32617928 -2
v 7.81958433 0.370627658 -2
v 7.27997832 -0.796345711 -2
v 2.0484024 7.03109511 -2
v 2.95033355 6.70281902 -2
v 3.5888192 6.9572725 -2
v 1.72285356 7.63642845 -2
v 6.56857564 3.23821942 -2
v 7.47476782 2.32617928 -2
v 6.22838399 4.74241466 -2
v 5.06490579 5.28951607 -2
v -6.0886681 -4.06944366 -2
v -7.11330818 -1.74157904 -2
v -2.0484024 -7.03109511 -2
v -6.56857564 3.23821942 -2
v 6.0886681 -4.06944366 -2
v 7.27997832 0.796345711 -2
v 6.0886681 4.06944366 -2
v -7.51351575 -6.08944551 -2
v -9.03037238 -3.46217276 -2
v -9.66990711 -0.164808935 -2
v -4.69222483 -8.45678968 -2
v -1.84146687 -9.49438073 -2
v -9.14310833 3.15243328 -2
v -7.51351575 6.08944551 -2
v -4.69222483 8.45678968 -2
v -1.84146687 9.49438073 -2
v 1.51685663 -9.55161827 -2
v 4.69222483 -8.45678968 -2
v 7.30164147 -6.34194745 -2
v 9.14310833 -3.15243328 -2
v 9.66990711 -0.164808935 -2
v 1.51685663 9.55161827 -2
v 4.69222483 8.45678968 -2
v 9.14310833 3.15243328 -2
v 7.51351575 6.08944551 -2
v -6.82201692 -5.64786728 -2
v -8.302205 -3.08410632 -2
v -8.85634726 -0.0585906023 -2
v -4.37743268 -7.69911701 -2
v -1.59558904 -8.71162529 -2
v -8.34228333 2.973992 -2
v -6.74669429 5.73763329 -2
v -4.47891458 7.64052641 -2
v -1.59558904 8.71162529 -2
v 1.48018808 -8.73197359 -2
v 4.37743268 -7.69911701 -2
v 6.74669429 -5.73763329 -2
v 8.302205 -3.08410632 -2
v 8.85634726 -0.0585906023 -2
v 4.47891458 7.64052641 -2
v 1.48018808 8.73197359 -2
v 8.34228333 2.973992 -2
v 6.74669429 5.73763329 -2
v -6.10131515 -5.6487469 -2
v -7.66534605 -3.2213131 -2
v -8.30482308 -0.405341398 -2
v -1.04293404 -8.24904095 -2
v -3.80137559 -7.39485846 -2
v -7.94261589 2.45952046 -2
v -6.622412 5.02772785 -2
v -4.50344749 6.98951706 -2
v -1.84130075 8.10826736 -2
v 1.04293404 -8.24904095 -2
v 3.80137559 -7.39485846 -2
v 6.10131515 -5.6487469 -2
v 7.66534605 -3.2213131 -2
v 8.30482308 -0.405341398 -2
v 4.50344749 6.98951706 -2
v 1.04293404 8.24904095 -2
v 7.66534605 3.2213131 -2
v 6.10131515 5.6487469 -2
v -6.622412 -5.02772785 -2
v -7.94261589 -2.45952046 -2
v -8.30482308 0.405341398 -2
v -1.84130075 -8.10826736 -2
v -4.50344749 -6.98951706 -2
v -7.66534605 3.2213131 -2
v -6.10131515 5.6487469 -2
v -3.80137559 7.39485846 -2
v -1.04293404 8.24904095 -2
v 1.84130075 -8.10826736 -2
v 4.50344749 -6.98951706 -2
v 6.622412 -5.02772785 -2
v 7.94261589 -2.45952046 -2
v 8.30482308 0.405341398 -2
v 3.80137559 7.39485846 -2
v 1.84130075 8.10826736 -2
v 7.94261589 2.45952046 -2
v 6.622412 5.02772785 -2
v -7.29687549 -6.3643935 -2
v -6.93858024 -6.23187974 -2
v -7.3448305 -5.74960653 -2
v -8.65172057 -3.48600654 -2
v -9.1601642 -3.1370828 -2
v -8.86625629 -2.89304688 -2
v -9.32224243 -0.316711908 -2
v -9.68068421 0.185067119 -2
v -9.32103592 0.313863441 -2
v -4.38684066 -8.23165472 -2
v -5.00061493 -8.29118489 -2
v -4.93233167 -7.91532217 -2
v -1.49877764 -9.56574943 -2
v -1.30948575 -9.23393025 -2
v -1.93069075 -9.12562018 -2
v -8.86836428 2.89078285 -2
v -9.03357084 3.48489521 -2
v -8.65156105 3.4829172 -2
v -7.3448305 5.74960653 -2
v -7.29687549 6.3643935 -2
v -6.93858024 6.23187974 -2
v -5.00061493 8.29118489 -2
v -4.93233167 7.91532217 -2
v -4.38684066 8.23165472 -2
v -1.93069075 9.12562018 -2
v -1.49877764 9.56574943 -2
v -1.30948575 9.23393025 -2
v 1.86328871 -9.5014763 -2
v 1.92767605 -9.12492662 -2
v 1.30689007 -9.23561307 -2
v 5.00061493 -8.29118489 -2
v 4.93233167 -7.91532217 -2
v 4.38684066 -8.23165472 -2
v 7.5347932 -6.08085423 -2
v 7.3420753 -5.75101305 -2
v 6.93767352 -6.23483733 -2
v 8.86836428 -2.89078285 -2
v 9.03357084 -3.48489521 -2
v 8.65156105 -3.4829172 -2
v 9.68068421 0.185067119 -2
v 9.32103592 0.313863441 -2
v 9.32224243 -0.316711908 -2
v 1.30689007 9.23561307 -2
v 1.86328871 9.5014763 -2
v 1.92767605 9.12492662 -2
v 4.38684066 8.23165472 -2
v 5.00061493 8.29118489 -2
v 4.93233167 7.91532217 -2
v 9.03357084 3.48489521 -2
v 8.65156105 3.4829172 -2
v 8.86836428 2.89078285 -2
v 7.29687549 6.3643935 -2
v 6.93858024 6.23187974 -2
v 7.3448305 5.74960653 -2
v -7.20476756 -1.27039491 -2
v -3.55650414 -0.329558641 -2
v -2.50218952 -6.87470919 -2
v -2.85031049 2.15245457 -2
v -0.656305604 3.51092488 -2
v 1.29026151 -3.33054888 -2
v 2.50218952 -6.87470919 -2
v 3.19729103 -1.59206176 -2
v 1.8802791 3.03675502 -2
v 4.70257805 5.60431428 -2
v 3.43539165 0.977453199 -2
v -2.40626605 -2.63954812 -2
v -6.33576626 -3.65795636 -2
v -7.20476756 1.27039491 -2
v -1.41553436e-15 -7.31591272 -2
v -4.70257805 -5.60431428 -2
v -4.70257805 5.60431428 -2
v -2.50218952 6.87470919 -2
v 4.71844785e-16 7.31591272 -2
v 4.70257805 -5.60431428 -2
v 7.20476756 -1.27039491 -2
v 2.50218952 6.87470919 -2
v 6.33576626 3.65795636 -2
v -0.656305604 -3.51092488 -2
v -6.33576626 3.65795636 -2
v 6.33576626 -3.65795636 -2
v 7.20476756 1.27039491 -2
v -6.19726885 -5.200126 -2
v -1.4048068 -7.96705526 -2
v 1.4048068 -7.96705526 -2
v 4.04497996 -7.00611081 -2
v 6.19726885 -5.200126 -2
v 8.08995993 -2.77555756e-16 -2
v 1.4048068 7.96705526 -2
v 6.19726885 5.200126 -2
v -7.60207564 -2.76692925 -2
v -8.08995993 5.55111512e-16 -2
v -4.04497996 -7.00611081 -2
v -7.60207564 2.76692925 -2
v -6.19726885 5.200126 -2
v -4.04497996 7.00611081 -2
v -1.4048068 7.96705526 -2
v 7.60207564 -2.76692925 -2
v 4.04497996 7.00611081 -2
v 7.60207564 2.76692925 -2
v -6.40201449 -0.90004238 -2
v -3.1969518 -0.909611213 -2
v -3.08177577 -0.28556858 -2
v -3.43539165 0.977453199 -2
v -2.46984608 1.86514118 -2
v -1.8802791 3.03675502 -2
v -1.20070847 3.09938584 -2
v -0.568700789 3.04228051 -2
v 1.74977478 -2.8259833 -2
v 1.11803515 -2.88598141 -2
v 2.42154768 -5.99432837 -2
v 3.1969518 -0.909611213 -2
v 2.77051105 -1.37955058 -2
v 1.62929617 2.63140367 -2
v 2.85031049 2.15245457 -2
v 0.656305604 3.51092488 -2
v 3.98046681 5.09428599 -2
v 2.975377 1.48156171 -2
v 2.97682959 0.846981043 -2
v -1.74977478 -2.8259833 -2
v -2.08507347 -2.28721664 -2
v -5.48276371 -3.42566312 -2
v -3.98046681 -5.09428599 -2
v -1.99806686 6.14846278 -2
v -0.225329435 6.46104422 -2
v 2.42154768 5.99432837 -2
v -0.568700789 -3.04228051 -2
v -1.99806686 -6.14846278 -2
v -0.225329435 -6.46104422 -2
v -5.70809315 3.03538109 -2
v 5.70809315 -3.03538109 -2
v 6.32375839 1.34385473 -2
v -6.52620467 -5.40088744 -2
v -1.52773929 -8.33228331 -2
v 1.41420339 -8.35230275 -2
v 4.18557228 -7.36491121 -2
v 6.45209937 -5.48920269 -2
v 8.47098635 -0.0576436869 -2
v 1.52478835 8.34140481 -2
v 1.91021837 8.53325214 -2
v 6.5298073 5.40977174 -2
v 6.94838091 5.30898568 -2
v -7.98626264 -2.85019695 -2
v -8.34512231 -2.61232843 -2
v -8.47945685 0.0531536495 -2
v -8.7353188 0.39941418 -2
v -4.28576083 -7.31684821 -2
v -4.71356223 -7.3653009 -2
v -7.94990341 2.95009314 -2
v -8.07190692 3.36298155 -2
v -6.45209937 5.48920269 -2
v -4.19369601 7.37000186 -2
v -4.02175657 7.76471508 -2
v -1.4200961 8.35986488 -2
v -1.12352601 8.67196723 -2
v 7.94040806 -2.95141531 -2
v 4.28541407 7.30726753 -2
v 7.97983866 2.84308062 -2
v -6.85562032 -0.972009678 -2
v -2.84442473 -0.809308613 -2
v -2.8927849 -1.30899364 -2
v -3.22094214 0.298464243 -2
v -3.29492554 -0.568878739 -2
v -3.84996335 -0.912925383 -2
v -2.97682959 0.846981043 -2
v -6.32375839 1.34385473 -2
v -2.1792309 2.39050242 -2
v -3.03558769 1.51154307 -2
v -1.62929617 2.63140367 -2
v -3.98046681 5.09428599 -2
v -1.06830665 2.75761734 -2
v 6.66133815e-16 3.23474097 -2
v -0.870469377 3.22838046 -2
v -1.26426081 3.74930596 -2
v 1.55682755 -2.51436283 -2
v 2.05067181 -2.42413158 -2
v 4.32569153 -4.80460805 -2
v 0.594382094 -3.17966336 -2
v 1.44886133 -3.01346282 -2
v 1.93166753 -3.45315959 -2
v 2.10782477 -6.46694878 -2
v 2.58602509 -6.42314619 -2
v 2.84442473 -0.809308613 -2
v 3.14859164 -0.409926188 -2
v 6.40201449 -0.90004238 -2
v 2.58137902 -1.94936695 -2
v 3.10087822 -1.25088433 -2
v 3.7538981 -1.25055973 -2
v 2.1792309 2.39050242 -2
v 1.16852322 3.01630613 -2
v 2.46984608 1.86514118 -2
v 5.70809315 3.03538109 -2
v 0.568700789 3.04228051 -2
v 4.54662954 5.05890419 -2
v 4.26959523 5.45113652 -2
v 2.64728293 1.31819027 -2
v 3.22094214 0.298464243 -2
v 3.13429198 1.16463348 -2
v 3.61666081 1.60481 -2
v -1.55682755 -2.51436283 -2
v -1.25593052 -2.91621455 -2
v -2.58137902 -1.94936695 -2
v -2.05172823 -2.64018344 -2
v -2.23012339 -3.26836354 -2
v -5.87650563 -3.66210519 -2
v -4.54662954 -5.05890419 -2
v -4.26959523 -5.45113652 -2
v -2.14770864 6.58268033 -2
v 0.231119363 6.79786257 -2
v -0.233223309 6.92025575 -2
v 2.58602509 6.42314619 -2
v -2.14770864 -6.58268033 -2
v -0.233223309 -6.92025575 -2
v -6.10972894 3.25815057 -2
v 5.771562 -3.59908653 -2
v 6.10972894 -3.25815057 -2
v 6.73472122 0.952828308 -2
v 6.77462272 1.43136992 -2
v 1.78778543 8.83295938 -2
v 1.60313622 9.10092718 -2
v 7.04828174 5.61776331 -2
v 7.08229151 5.94069495 -2
v -8.54345993 -2.86821209 -2
v -8.68320225 -3.1621069 -2
v -9.00921256 0.226797652 -2
v -9.24104533 -0.0015784384 -2
v -4.70101881 -7.68880812 -2
v -4.6191557 -8.00376923 -2
v -8.3883212 3.29445225 -2
v -8.68428196 3.1591404 -2
v -4.30849558 7.91671687 -2
v -4.62061544 8.00628644 -2
v -1.34108126 8.91172538 -2
v -1.60624514 9.100379 -2
v -6.76647304 -1.42978803 -2
v -6.75639557 -0.131908019 -2
v -2.57894016 -1.28415961 -2
v -2.71056451 -1.61628517 -2
v -3.34641782 -1.78566589 -2
v -2.97290948 -1.90962857 -2
v -3.07430026 -1.59044129 -2
v -3.25877377 -1.27221132 -2
v -3.37941529 -2.50977449 -2
v -2.82265368 -2.37788867 -2
v -3.52280106 -1.04062539 -2
v -3.89968523 -1.52324915 -2
v -3.2607985 -2.15237369 -2
v -3.83061024 -2.0920648 -2
v -3.02503016 0.0365501121 -2
v -3.37646633 -0.022096197 -2
v -3.86696946 0.413885502 -2
v -3.78588343 0.0111994947 -2
v -3.56003383 0.266184095 -2
v -3.42153569 0.608469446 -2
v -4.54027765 0.0687993288 -2
v -4.07774436 -0.432846647 -2
v -3.76187807 0.780441046 -2
v -4.15495747 0.146388529 -2
v -3.94788306 1.45771747 -2
v -4.46422562 0.78346132 -2
v -4.29238597 -0.166694855 -2
v -4.83379803 -0.48839133 -2
v -4.45178549 -0.514870864 -2
v -3.75936705 1.14531078 -2
v -4.40977741 0.416289515 -2
v -4.11347778 0.682901993 -2
v -4.68973267 -1.17883394 -2
v -3.42788382 1.38851874 -2
v -4.1828718 1.1028363 -2
v -5.08789583 0.503353746 -2
v -4.66439507 -0.813295689 -2
v -3.39225372 1.96188555 -2
v -4.76285478 0.350638197 -2
v -5.32506234 -0.951148231 -2
v -4.27683724 -1.02380687 -2
v -5.14459732 -0.0395979976 -2
v -4.97528793 -0.975393151 -2
v -5.19315469 -1.58332424 -2
v -2.98023934 0.519920056 -2
v -6.77462272 1.43136992 -2
v -2.21090061 2.0649605 -2
v -2.51012484 2.25838137 -2
v -2.57889205 2.91102556 -2
v -2.79025656 2.5588097 -2
v -2.45156968 2.5950917 -2
v -2.11862217 2.75473803 -2
v -3.30895586 3.10960859 -2
v -3.2484861 2.41891483 -2
v -2.25428171 3.11111376 -2
v -2.97192931 2.90735917 -2
v -1.94053867 3.7114081 -2
v -2.77128807 3.58651426 -2
v -2.00936277 3.36524307 -2
v -1.5664481 3.3496856 -2
v -2.35050596 3.61299301 -2
v -2.97841239 3.27848949 -2
v -2.57982866 3.27590273 -2
v -3.42089317 3.79967617 -2
v -3.28356873 3.46783927 -2
v -3.93130647 3.33372831 -2
v -3.58852448 3.309436 -2
v -3.73775771 3.63424415 -2
v -3.80272826 2.71746295 -2
v -3.87259077 4.27867358 -2
v -3.714293 3.97547381 -2
v -3.25595235 4.40769196 -2
v -4.33093142 3.84645543 -2
v -2.82035399 1.79655855 -2
v -2.66676395 1.45679652 -2
v -2.89497512 1.18909691 -2
v -1.53166122 2.97223338 -2
v -1.85215557 2.39199982 -2
v -4.26959523 5.45113652 -2
v -0.242720374 3.01549833 -2
v -0.333542947 3.36002414 -2
v 0.0553210112 3.88866219 -2
v -0.338165533 3.77076687 -2
v -0.0634298811 3.56940773 -2
v 0.290174338 3.4630825 -2
v -0.350418127 4.52725762 -2
v -0.807246982 4.02041137 -2
v 0.430009504 3.81784058 -2
v -0.237607048 4.15074018 -2
v 1.08723441 4.06554329 -2
v 0.368212437 4.51747072 -2
v -0.562035175 4.25869474 -2
v -0.932314553 4.76811483 -2
v -0.92343346 4.38528867 -2
v 0.793554453 3.8490062 -2
v 0.00763077061 4.42937642 -2
v 0.300445007 4.15894066 -2
v -1.60651918 4.56095802 -2
v 1.14843771 3.50803667 -2
v 0.712185077 4.2667853 -2
v 0.00212268913 5.11303895 -2
v -1.24020239 4.56945612 -2
v -0.0915373863 4.7704309 -2
v -1.43842557 5.21458568 -2
v -1.41405625 4.16412803 -2
v 0.256827183 4.85930327 -2
v -0.512753513 5.0696865 -2
v -1.43029395 4.8640663 -2
v -2.05573392 5.02491088 -2
v 0.894259941 4.87794551 -2
v 0.559481893 5.41781993 -2
v 1.94089812 -2.12906381 -2
v 2.29636571 -2.16477302 -2
v 2.63328995 -2.72999981 -2
v 2.65030503 -2.3368259 -2
v 2.37104942 -2.5216959 -2
v 2.11545124 -2.78621502 -2
v 3.33878636 -2.5635759 -2
v 3.05957014 -2.06416056 -2
v 1.96496046 -3.10353974 -2
v 2.53229961 -3.33396034 -2
v 2.96256808 -2.54729459 -2
v 3.06049782 -3.11185846 -2
v 4.19253413 -5.35602551 -2
v 4.62691407 -5.15131041 -2
v 0.953070556 -3.20553319 -2
v 0.727866254 -3.82845397 -2
v 1.00703836 -3.57721355 -2
v 1.31283226 -4.19772889 -2
v 1.4162592 -3.76115318 -2
v 1.07242658 -3.93059608 -2
v 0.719076639 -4.49033543 -2
v 0.974689352 -4.26029724 -2
v 1.25467724 -4.82844716 -2
v 0.792683964 -2.91955399 -2
v -5.27355937e-16 -3.23052868 -2
v 2.20981467 -6.76289422 -2
v 1.84189647 -6.72414085 -2
v 1.51893003 -6.1241273 -2
v 1.54190222 -7.14890575 -2
v 1.7650307 -6.37858744 -2
v 2.02667713 -6.0726494 -2
v 1.23693589 -6.64309539 -2
v 2.08527082 -5.33349233 -2
v 2.16021426 -5.71133409 -2
v 2.79255175 -5.38955917 -2
v 1.64597805 -5.61697759 -2
v 2.43100441 -5.46127067 -2
v 2.48465336 -4.78449122 -2
v 2.36238546 -5.11531506 -2
v 1.86744663 -4.74438635 -2
v 2.86868203 -0.265822537 -2
v 3.15543289 -0.0527349842 -2
v 3.78521373 -0.243458235 -2
v 3.53290848 0.058563772 -2
v 3.45108221 -0.266190093 -2
v 3.44039825 -0.633867458 -2
v 4.19446281 0.35482038 -2
v 3.6516656 0.535786014 -2
v 3.54296451 -0.969758243 -2
v 4.11746655 -0.7578272 -2
v 3.9054655 0.113395788 -2
v 4.35818067 -0.237847098 -2
v 6.65445431 -1.40804459 -2
v 6.85562032 -0.972009678 -2
v 2.55269132 -1.6235487 -2
v 2.8799753 -1.75890402 -2
v 1.85215557 2.39199982 -2
v 2.01714241 2.70779423 -2
v 2.6606575 2.83648651 -2
v 2.29044187 3.01445099 -2
v 2.35781919 2.68055657 -2
v 2.54750502 2.36375966 -2
v 2.79103162 3.58175892 -2
v 2.88984342 2.5317227 -2
v 2.12035027 3.66905193 -2
v 2.62074185 3.22750884 -2
v 3.51652557 2.27470621 -2
v 2.10107818 3.31464549 -2
v 3.31551262 3.09038803 -2
v 2.44338037 3.53082199 -2
v 2.52690887 4.17258022 -2
v 3.16548693 2.31129664 -2
v 3.19086283 1.8688359 -2
v 3.38070329 2.67384405 -2
v 1.64622894 3.51710672 -2
v 2.98969081 3.26820786 -2
v 3.02389174 2.87108574 -2
v 3.44620075 3.77715133 -2
v 3.14617157 3.58705931 -2
v 3.46348902 3.41804509 -2
v 3.03675602 4.0915734 -2
v 3.97034641 2.99189521 -2
v 3.65681955 3.13349014 -2
v 4.06459173 3.61848931 -2
v 1.04933633 2.70864929 -2
v 1.5258579 2.97582664 -2
v 2.81823048 1.79937052 -2
v 2.21090061 2.0649605 -2
v 6.10972894 3.25815057 -2
v 0.877178853 3.22712624 -2
v 0.242720374 3.01549833 -2
v 4.75193086 5.29520275 -2
v 4.90232855 4.95719956 -2
v 4.5441848 4.37749564 -2
v 5.42018288 4.90977937 -2
v 4.64150341 4.71785514 -2
v 4.24573009 4.79147858 -2
v 5.13462142 4.3927656 -2
v 3.60743866 4.49991766 -2
v 3.88293506 4.74125613 -2
v 3.3421744 5.08063986 -2
v 4.05357441 4.2685516 -2
v 2.98023934 0.519920056 -2
v 3.31329341 0.640381057 -2
v -0.955114235 -3.21255759 -2
v -1.04072704 -2.68642615 -2
v -2.26014791 -2.01093878 -2
v -2.47990164 -2.28868716 -2
v -5.26048812 -4.24187995 -2
v -5.97682265 -3.04898336 -2
v -4.75193086 -5.29520275 -2
v -4.90232855 -4.95719956 -2
v -4.5441848 -4.37749564 -2
v -5.42018288 -4.90977937 -2
v -4.64150341 -4.71785514 -2
v -4.24573009 -4.79147858 -2
v -4.92918639 -4.45150542 -2
v -3.57630444 -4.47264367 -2
v -4.83013915 -3.92835162 -2
v -5.25302815 -4.59670485 -2
v -3.86605329 -4.72646747 -2
v -5.73154733 -4.42927455 -2
v -3.27121928 -5.11320034 -2
v -4.04145626 -4.2339476 -2
v -3.51409694 -4.83594691 -2
v -2.90116426 -4.54401854 -2
v -3.24880006 -4.60354335 -2
v -3.18050322 -3.95751858 -2
v -2.58305205 6.41539502 -2
v -1.30313982 6.63084515 -2
v 0.236499514 7.11084292 -2
v 0.568975092 6.94859123 -2
v 0.667247551 6.2743019 -2
v 0.996155626 7.2451356 -2
v 0.523019068 6.5975876 -2
v 0.172514879 6.39958823 -2
v 1.10973291 6.66552471 -2
v -0.126154764 5.78458629 -2
v -0.0715480216 6.13809102 -2
v -0.672614995 6.04996933 -2
v 0.355946512 5.89108491 -2
v 2.14500377 6.57483156 -2
v -1.30313982 -6.63084515 -2
v -2.61866306 -6.1774843 -2
v 0.233080622 -6.9119552 -2
v -6.30381986 2.43477637 -2
v -5.62890837 3.65158857 -2
v 6.03992085 -3.76023605 -2
v 5.73316898 -3.9670425 -2
v 5.10008106 -3.71500428 -2
v 5.77639367 -4.48526388 -2
v 5.45216893 -3.7517416 -2
v 5.45594854 -3.34919638 -2
v 5.21764727 -4.29381925 -2
v 5.02571291 -2.74530592 -2
v 5.32599492 -2.98657679 -2
v 5.60356061 -2.33362419 -2
v 4.87141594 -3.24484017 -2
v 5.37269454 -2.62095654 -2
v 4.97876658 -2.06802852 -2
v 5.09775339 -2.40004657 -2
v 4.44968357 -2.44496834 -2
v 7.04388095 1.00187836 -2
v 6.941828 0.646279123 -2
v 6.29484747 0.43241053 -2
v 7.30804632 0.27708281 -2
v 6.58817673 0.630585831 -2
v 6.332321 0.941382844 -2
v 6.75696351 0.0645826477 -2
v 5.61456808 1.12743964 -2
v 5.99968336 1.13563299 -2
v 5.79260118 1.81423949 -2
v 5.81746417 0.645594024 -2
v 5.80044119 1.44573229 -2
v 5.14325958 1.61608772 -2
v 5.44782586 1.43823038 -2
v 4.98025073 0.987247057 -2
v -6.92448403 -0.537965589 -2
v -2.95666713 -3.05328451 -2
v -4.69448384 1.6968471 -2
v -4.34564997 -1.46789418 -2
v -4.00120914 -1.20779094 -2
v -4.12080831 -0.747355557 -2
v -6.84742109 0.970708821 -2
v -3.66988318 2.30034651 -2
v -2.60121791 4.24050555 -2
v -4.62146927 5.14504353 -2
v -3.49243348 5.78525619 -2
v -1.88590734 4.18036714 -2
v -1.60961178 3.85905424 -2
v -1.12438769 4.0342724 -2
v 0.695042797 4.60459396 -2
v 1.05386721 4.45346342 -2
v 1.75822619 4.31865419 -2
v 1.38703511 4.28672595 -2
v 1.45480542 3.88109425 -2
v 1.52128748 4.89959506 -2
v 1.34414752 4.61725963 -2
v 3.74585771 -2.00822729 -2
v 4.38959258 -5.59924066 -2
v 4.03060814 -5.68865984 -2
v 3.52190224 -5.23529256 -2
v 3.89398391 -6.19041236 -2
v 3.84019171 -5.3902355 -2
v 3.98142196 -5.01325943 -2
v 3.43441197 -5.81941073 -2
v 3.78367541 -4.29863876 -2
v 3.9833287 -4.62806171 -2
v 4.46747807 -4.10942003 -2
v 3.46783291 -4.71527474 -2
v 4.15226148 -4.30046328 -2
v 3.97120281 -3.6461496 -2
v 3.96945697 -3.9988404 -2
v 3.3451064 -3.81940012 -2
v 1.59505104 -3.47510146 -2
v 1.78476898 -3.79258276 -2
v 2.31688673 -3.82137775 -2
v -4.99600361e-16 -2.90225664 -2
v 0.285321258 -3.06639266 -2
v 0.318502639 -3.45413071 -2
v -0.151297475 -3.78468082 -2
v -0.347175741 -3.32620099 -2
v 4.12115623 1.03947014 -2
v 6.96174553 -1.46769147 -2
v 6.74422503 -1.76694129 -2
v 6.06311483 -1.74663165 -2
v 6.9620851 -2.23912638 -2
v 6.40653411 -1.6607323 -2
v 6.27240721 -1.28117082 -2
v 6.37155732 -2.25032979 -2
v 5.66157526 -0.860848664 -2
v 6.02626754 -0.984866624 -2
v 6.06377103 -0.276358828 -2
v 5.68743431 -1.38302999 -2
v 5.94510134 -0.625323763 -2
v 5.38581763 -0.240472678 -2
v 5.61118552 -0.511771705 -2
v 5.01756324 -0.775637293 -2
v 3.80376179 2.59512792 -2
v 1.40143389 3.28752055 -2
v 5.86938848 3.65783134 -2
v 3.64911644 5.65830809 -2
v -1.57927665 -3.54529158 -2
v -5.48673362 -3.86511815 -2
v -6.21703451 -3.31766818 -2
v -5.80471457 -3.33559127 -2
v -5.53052632 -2.97596179 -2
v -6.38717116 -2.20052657 -2
v -3.64081173 -5.66503675 -2
v -1.73221672 6.72586881 -2
v -0.742828176 6.681822 -2
v 0.382128255 6.18786558 -2
v 0.181634761 5.53571992 -2
v 0.837632868 5.81784268 -2
v 1.63481399 6.70517091 -2
v -1.71863174 -6.48765667 -2
v -0.785790236 -6.84064762 -2
v -2.62996874 -6.53771403 -2
v -2.3025926 -6.28640976 -2
v -2.32371759 -5.83467279 -2
v 0.757080879 -6.85993894 -2
v -6.09065732 2.81909162 -2
v -6.60027177 1.96171831 -2
v -5.98170218 3.72527573 -2
v -5.79106406 3.35923464 -2
v -5.34252167 3.3015954 -2
v 4.8374901 -4.66415186 -2
v 6.70379144 -0.463468913 -2
v 6.43043903 1.99940125 -2
v -6.49592018 -0.477551488 -2
v -7.31313882 -0.139261961 -2
v -2.76055465 -2.74120402 -2
v -3.11205236 -2.73798075 -2
v -3.59330633 -3.17108779 -2
v -3.44264139 -2.85457148 -2
v -3.87859585 -2.59643422 -2
v -2.56920485 -3.07910804 -2
v -2.79669379 -3.57270614 -2
v -4.35490692 1.47199224 -2
v -4.13311774 1.98600336 -2
v -4.78737966 1.18771257 -2
v -4.75798962 -1.60940301 -2
v -4.16593879 -1.84418399 -2
v -4.24860322 -2.30676441 -2
v -6.87420508 0.413432009 -2
v -2.57888389 3.88558862 -2
v -2.21637091 3.95733425 -2
v -3.00186186 4.03713286 -2
v -5.09929749 4.4311892 -2
v -3.92813388 5.72779628 -2
v -3.07905992 6.15995224 -2
v -2.04256562 4.58821204 -2
v 3.39202196 -1.90500616 -2
v 3.48511365 -2.24396777 -2
v 3.90773985 -2.63076101 -2
v 3.66466135 -1.62848919 -2
v 4.37843043 -1.67441951 -2
v 4.01506853 -1.75211427 -2
v 4.14208922 -2.15517663 -2
v 4.12468925 -1.37625651 -2
v 4.64703102 -1.18878612 -2
v 4.02242029 -1.06819409 -2
v 4.35922411 -1.0015995 -2
v 4.67080682 -0.837379238 -2
v 4.77236419 -0.403146569 -2
v 2.95051987 -6.03738814 -2
v 1.68340943 -3.19315383 -2
v 3.79012883 0.877373877 -2
v 4.08728138 0.689593696 -2
v 4.59111934 0.66635874 -2
v 3.80532349 1.26539836 -2
v 4.36374826 1.71231856 -2
v 3.99929977 1.59536058 -2
v 4.03169925 2.12070305 -2
v 6.14098764 -2.72835002 -2
v 5.56234095 4.08562075 -2
v 3.92052046 5.43841037 -2
v 3.98474208 5.79511065 -2
v 4.04065192 6.21173416 -2
v 3.79447585 6.57222495 -2
v 3.68628517 6.04722606 -2
v 3.05850839 5.91098734 -2
v 3.39414101 5.87891107 -2
v 3.3089345 6.36449857 -2
v 3.18776901 5.49151858 -2
v -1.11254396 -3.66902914 -2
v -1.31922843 -3.28131798 -2
v -1.6772862 -3.18866207 -2
v -5.16125264 -3.92597791 -2
v -4.99237549 -3.46399277 -2
v -6.68551619 -1.86864868 -2
v -5.84386832 -2.46122211 -2
v -3.91579447 -5.44223947 -2
v -3.97953353 -5.80200243 -2
v -3.5785258 -5.30706728 -2
v -4.04761267 -6.21274608 -2
v -3.20655856 -5.55619234 -2
v -3.79282252 -6.56936131 -2
v -3.67687046 -6.06318139 -2
v -1.59830111 6.31430661 -2
v -1.40705949 7.17785323 -2
v -0.43472463 6.68711832 -2
v -0.550259629 6.99062332 -2
v -0.583537306 6.37969536 -2
v -0.943692791 7.24425289 -2
v -0.99561346 6.35549053 -2
v 1.0691599 5.36013734 -2
v 1.13648257 6.18942613 -2
v -1.63237407 -6.91177511 -2
v -1.25705211 -5.82269835 -2
v -0.527469839 -7.00513487 -2
v -0.459965394 -6.68668443 -2
v -0.838872364 -7.20909524 -2
v -0.742645257 -6.1579195 -2
v -1.14242888 -6.97731438 -2
v -1.22587414 -7.40127007 -2
v -6.52331093 2.80779179 -2
v -5.51595367 2.24905562 -2
v -6.80711696 1.73588529 -2
v -6.50522651 1.61410805 -2
v -6.95390423 2.07797426 -2
v -5.93540787 1.80067431 -2
v -6.6729326 2.33667075 -2
v -7.07595734 2.49246742 -2
v 4.919085 -4.98851194 -2
v 5.41951521 -4.93190297 -2
v 6.97479139 -0.659494965 -2
v 7.32175563 -0.294459635 -2
v 6.4978767 1.65197314 -2
v 6.77795482 1.88659687 -2
v 6.15262689 1.76521735 -2
v 7.0941274 2.15748433 -2
v 6.02781796 2.19515416 -2
v 7.12817467 2.59444341 -2
v 6.71398406 2.28121964 -2
v -5.84594094 -0.554764189 -2
v -7.24887302 -0.465397329 -2
v -7.5648857 -0.602631769 -2
v -3.76378336 1.94022691 -2
v -4.07621743 2.40064815 -2
v -4.36062062 2.92260977 -2
v -4.63236252 2.26573955 -2
v -4.12025564 2.71511561 -2
v -3.9636295 3.00543838 -2
v -4.45073847 2.57524697 -2
v -4.9384022 2.88713494 -2
v -4.57423063 -2.00989748 -2
v -6.98900738 0.698231724 -2
v -7.24112133 0.431066839 -2
v -6.62209113 0.680596894 -2
v -6.48661534 1.01838382 -2
v -6.41034719 0.228243803 -2
v -5.82821673 0.892418842 -2
v -6.20452237 0.709184113 -2
v -6.13783311 1.05024886 -2
v -5.78599184 1.35785518 -2
v -5.74257516 0.238515202 -2
v -5.8948009 0.551138286 -2
v -5.48970365 0.555019305 -2
v -5.38951947 0.215708857 -2
v -5.23152893 0.974586883 -2
v -5.59262957 -0.184397059 -2
v -4.96105532 4.85550251 -2
v -5.05341503 3.83032736 -2
v -3.66153181 5.38685616 -2
v -3.77717381 6.26373302 -2
v -2.88981728 6.4017738 -2
v -3.24724583 6.48652844 -2
v -2.72163137 6.07519759 -2
v -2.36136141 6.12676558 -2
v -3.00750866 5.66564542 -2
v -2.14717955 5.59286024 -2
v -2.49325357 5.76394227 -2
v -2.53760224 5.23866169 -2
v -2.25535423 4.30745442 -2
v -2.51575007 4.72582664 -2
v 5.11213813 -0.446432775 -2
v 4.9955199 -0.00665811446 -2
v 2.9162563 -6.37009401 -2
v 3.40586829 -6.4880562 -2
v 4.38725644 2.58349925 -2
v 6.32859944 -3.0052417 -2
v 6.77948861 -2.78088946 -2
v 2.76064337 6.11021719 -2
v 2.70822064 5.70955962 -2
v 2.07663806 5.36043305 -2
v 2.34152248 5.62708872 -2
v 1.75699007 5.94680316 -2
v 2.66627085 5.03960718 -2
v 2.09625522 5.87287388 -2
v 2.15132611 6.22172095 -2
v 1.82668434 6.39252023 -2
v 2.58955858 5.38070019 -2
v 1.45542222 6.3798804 -2
v 3.60789282 6.3370283 -2
v 3.48380314 6.62707653 -2
v -0.684770147 -4.16611646 -2
v -5.25211373 -3.63090512 -2
v -4.26112527 -3.46903096 -2
v -7.01805096 -2.20452256 -2
v -5.99250151 -1.54569513 -2
v -5.79138155 -2.78201293 -2
v -5.42139472 -2.5567876 -2
v -6.21385515 -2.68644743 -2
v -2.77946394 -5.74084853 -2
v -3.36455114 -6.59173097 -2
v -1.59957541 5.75263968 -2
v -1.71708049 7.05793096 -2
v -1.90710505 7.34531217 -2
v -1.13735381 6.94571618 -2
v -0.745943676 7.52568532 -2
v -1.2141298 7.48149352 -2
v -1.75640266 -7.26426428 -2
v -1.58161827 -6.09008283 -2
v -1.4103609 -7.65411194 -2
v -6.84890767 2.99114521 -2
v -5.72291566 2.61512172 -2
v -7.29292218 2.71805694 -2
v 6.14519553 2.72076353 -2
v 5.28232146 2.39242098 -2
v 6.8144787 2.88686709 -2
v -6.1844547 -0.630004559 -2
v -5.93299417 -1.05525626 -2
v -6.11300359 -0.152346668 -2
v -5.33394693 2.90570772 -2
v -5.15467263 2.50246779 -2
v -6.70462319 0.164671517 -2
v -7.05610241 0.107248368 -2
v -6.05907897 1.51232766 -2
v -5.41140599 1.73086548 -2
v -4.88538249 0.822586787 -2
v -5.55308878 1.10209245 -2
v -5.26204334 1.36685991 -2
v -5.05529439 1.66434216 -2
v -4.90434874 2.00760166 -2
v -5.43941982 -0.560993656 -2
v -5.41819802 4.97554914 -2
v -4.47266858 4.46170864 -2
v -5.30498465 3.62447708 -2
v -4.92494038 3.41667175 -2
v -5.43345929 4.0381327 -2
v -3.49304643 4.88306486 -2
v -4.02748242 6.04500952 -2
v -4.30433727 6.2500673 -2
v -3.20970188 5.88870976 -2
v -3.43517139 6.16438812 -2
v -2.87378849 4.53869304 -2
v -2.87004613 4.96761299 -2
v 5.43474597 0.283863373 -2
v 4.09781512 2.70502256 -2
v 4.39573954 3.00915798 -2
v 2.97391851 6.36860898 -2
v 2.99662724 5.18523722 -2
v 3.02813387 4.6662499 -2
v -0.800247587 -3.83288549 -2
v -1.16331416 -4.14532631 -2
v -4.62765001 -3.5970863 -2
v -4.39492066 -3.96686376 -2
v -4.6236733 -3.01990058 -2
v -7.15604609 -2.60458777 -2
v -6.39451202 -1.58806959 -2
v -6.15928761 -1.89152269 -2
v -6.46810457 -1.24481756 -2
v -6.05578534 -2.20638481 -2
v -5.54848485 -2.00005639 -2
v -5.83422842 -1.83515992 -2
v -5.53694842 -1.65003933 -2
v -5.4261017 -1.30208045 -2
v -2.40972366 -5.09864871 -2
v -3.17119232 -6.06063864 -2
v -1.13182429 5.88798943 -2
v -1.19247278 -6.2317688 -2
v -0.954040874 -6.51277046 -2
v -1.7940575 -5.50153181 -2
v -5.93002351 2.25649173 -2
v -6.24815939 2.07047757 -2
v 6.3284901 3.00272453 -2
v 6.50943983 2.68453671 -2
v 5.62515123 2.18072182 -2
v 5.65306442 2.6093672 -2
v 5.27276971 1.99351049 -2
v 4.77438562 2.2050137 -2
v -6.43323702 -0.0960872446 -2
v -6.07569015 0.183253101 -2
v -4.81236972 2.56314587 -2
v -5.19272265 2.17247532 -2
v -5.83366222 4.89502382 -2
v -4.79179004 4.56567908 -2
v -4.7941633 4.15230684 -2
v -4.53714627 4.80553681 -2
v -4.13110775 4.70372094 -2
v -4.69141019 3.80420999 -2
v -4.46150517 3.40153777 -2
v -2.8863125 5.32696104 -2
v -3.27214422 5.37992033 -2
v -3.15851808 4.75565363 -2
v 4.17162031 3.28200654 -2
v 4.76736516 3.54288384 -2
v 4.41200267 3.5437307 -2
v 4.59063588 3.94277114 -2
v 4.8984625 2.78622515 -2
v -1.41754736 -3.87737222 -2
v -2.08709936 -3.99803332 -2
v -1.7693397 -3.8432786 -2
v -1.95172324 -3.51734331 -2
v -1.68180161 -4.42662873 -2
v -2.33717058 -3.66819818 -2
v -2.59377228 -4.12246183 -2
v -0.9606328 -4.99795815 -2
v -4.28966894 -2.74036723 -2
v -5.07098893 -2.87180867 -2
v -6.80981044 -2.87272793 -2
v -6.15554372 -1.27708283 -2
v -5.75135018 -1.3261256 -2
v -2.83759664 -5.27612226 -2
v -2.48841359 -5.48088084 -2
v -2.14254104 -5.53510179 -2
v -2.00376619 -5.15014139 -2
v -1.48178424 -5.07689615 -2
v -2.14695554 -4.65302808 -2
v -3.08881337 -6.39137594 -2
v -1.2868335 6.18674652 -2
v -1.28826747 5.55271836 -2
v -0.986806639 5.21643804 -2
v -0.916021677 5.5831572 -2
v -1.82809082 -5.84643203 -2
v 6.35456462 2.35527249 -2
v -5.89276058 4.46110488 -2
v -4.47091845 4.13815907 -2
v -3.76724354 4.63388621 -2
v -4.70181279 3.14605991 -2
v -4.21748049 3.20285124 -2
v -4.17203298 3.55820304 -2
v 5.0708809 3.91601813 -2
v 4.84445643 4.18973626 -2
v 5.2977008 2.79139647 -2
v 5.09263179 3.20955276 -2
v -2.60739412 -3.81516157 -2
v -2.87049132 -3.98077605 -2
v -3.04683942 -4.25362896 -2
v -3.37021161 -4.22137569 -2
v -3.71433384 -3.77383119 -2
v -3.70719232 -4.15513413 -2
v -0.940860902 -4.54285224 -2
v -4.70661936 -2.48213259 -2
v -4.26894075 -3.10444618 -2
v -3.94514106 -3.27988116 -2
v -3.85640007 -2.94355848 -2
v -5.21785622 -3.19261563 -2
v -6.93161043 -3.17789801 -2
v -6.47067906 -2.91124821 -2
v -6.56937816 -2.53938453 -2
v -2.74322851 -4.89911679 -2
v -2.52258372 -4.58831004 -2
v -6.21794563 4.41400172 -2
v -5.75655444 4.14814834 -2
v -5.48386059 4.41955611 -2
v 4.72497663 3.17615665 -2
v -4.0518231 -3.88023424 -2
v -1.31209131 -4.48958591 -2
v -1.54502657 -4.74045339 -2
v -0.14976111 -4.80520371 -2
v -5.06259699 -2.12766125 -2
v -5.06473792 -2.51246242 -2
v -4.7891591 -2.77014448 -2
v -6.87311944 -2.47834606 -2
v -6.702546 -2.21279655 -2
v -5.58287037 4.71312301 -2
v -5.26761103 4.69817683 -2
v -0.508045141 -4.56165575 -2
v -4.98910674 -1.82220937 -2
v -0.534986843 -4.98660002 -2
v -0.0647362183 -4.29481311 -2
v -0.73305032 -5.54539144 -2
v -0.741522648 -5.22789094 -2
v -1.14829229 -5.39614961 -2
v -0.32470545 -5.37563169 -2
v -1.47803694 -5.40679119 -2
v -0.363833398 -5.85751421 -2
v -1.54772863 -5.71048237 -2
v -0.676233702 -5.85262062 -2
v -0.411727903 -6.18616314 -2
v 0.0355130686 -6.08352591 -2
v 0.206479754 -6.48052605 -2
v 0.474688851 -6.68052358 -2
v 0.843541665 -6.4119093 -2
v 0.514373935 -6.34746213 -2
v 0.793204866 -5.79616214 -2
v 1.1860669 -6.27935618 -2
v 1.19729105 -5.86892464 -2
v 1.08378684 -5.34084319 -2
v 0.710658371 -7.5652489 -2
v 1.10297511 -7.3105477 -2
v 1.34899226 -7.59507831 -2
v 1.23403886 -6.98968337 -2
v 3.25526794 -6.86594909 -2
v 6.90702692 -3.16717625 -2
v 0.710658371 7.5652489 -2
v -5.40724416 -5.33851449 -2
v -7.57372031 0.613829812 -2
v -0.710658371 -7.5652489 -2
v -7.32691124 2.01355356 -2
v -5.40724416 5.33851449 -2
v -3.25526794 6.86594909 -2
v 1.91966709 -7.35206805 -2
v 4.31845236 -6.25211928 -2
v 5.40724416 -5.33851449 -2
v 7.32691124 -2.01355356 -2
v 7.57372031 -0.613829812 -2
v 1.91966709 7.35206805 -2
v 1.463897 7.24690743 -2
v 1.3300317 7.59842157 -2
v 1.2309953 6.99022003 -2
v 5.40724416 5.33851449 -2
v -6.19636855 -4.39807266 -2
v -7.32691124 -2.01355356 -2
v 6.19636855 -4.39807266 -2
v 7.57372031 0.613829812 -2
v 6.19636855 4.39807266 -2
v 5.77963246 4.61047831 -2
v 5.90303464 4.96580072 -2
v 5.43622394 4.56355068 -2
v -7.04281065 -5.90743765 -2
v -6.69921215 -5.97601664 -2
v -6.43959449 -5.7405273 -2
v -6.23829938 -5.99682923 -2
v -7.136757 -5.42466992 -2
v -6.83657788 -5.28192551 -2
v -8.26628046 -3.46827791 -2
v -8.00474812 -3.25005609 -2
v -8.95398366 -0.431880726 -2
v -8.63358739 -0.316268631 -2
v -4.10297215 -7.97031768 -2
v -4.04289703 -7.63504032 -2
v -1.59787824 -9.05239121 -2
v -1.29058479 -8.8840649 -2
v -1.24307576 -8.53679059 -2
v -0.924127052 -8.60373926 -2
v -1.98016243 -8.74295723 -2
v -1.84196622 -8.44065724 -2
v -8.56170428 2.65660764 -2
v -8.2210886 2.6556655 -2
v -7.04248859 5.90716636 -2
v -7.04959919 5.55194869 -2
v -6.7693783 5.34413281 -2
v -6.98863645 5.10250998 -2
v -6.58135348 6.08619718 -2
v -6.3887867 5.81539991 -2
v -4.85089413 7.53822498 -2
v -4.59048095 7.3187638 -2
v -1.98016243 8.74295723 -2
v -1.81067052 8.44750432 -2
v 1.59458575 -9.05297176 -2
v 1.82577615 -8.78969622 -2
v 1.75164523 -8.44711607 -2
v 2.07425676 -8.40094036 -2
v 1.12952346 -8.89294783 -2
v 1.15599273 -8.56161288 -2
v 4.59471916 -7.96163032 -2
v 4.72192153 -7.63516046 -2
v 4.53509194 -7.33859468 -2
v 4.8224546 -7.18486407 -2
v 4.10297215 -7.97031768 -2
v 4.0145219 -7.64991164 -2
v 7.04066163 -5.90999875 -2
v 7.0485335 -5.55971166 -2
v 6.77153964 -5.34493048 -2
v 6.98899324 -5.10218713 -2
v 6.58154185 -6.08634958 -2
v 6.38884048 -5.81551816 -2
v 8.63814445 -3.14224768 -2
v 8.52333463 -2.80602029 -2
v 8.1889359 -2.70657843 -2
v 8.31233129 -2.40453654 -2
v 8.26605133 -3.46819912 -2
v 7.99247963 -3.27959464 -2
v 9.19233369 -0.00167164133 -2
v 8.97320369 0.271723774 -2
v 8.62295539 0.258207487 -2
v 8.6335021 0.583936157 -2
v 8.95398366 -0.431880726 -2
v 8.63227877 -0.348277868 -2
v 1.12952346 8.89294783 -2
v 1.18774292 8.55734327 -2
v 4.59450791 7.96126604 -2
v 4.24345206 7.90658571 -2
v 4.08745322 7.59453516 -2
v 3.81142741 7.76850492 -2
v 4.85089413 7.53822498 -2
v 4.61764975 7.30156027 -2
v 8.63853987 3.14239246 -2
v 8.33911828 3.32435324 -2
v 8.01461539 3.19186011 -2
v 7.91312029 3.50155212 -2
v 8.56170428 2.65660764 -2
v 8.23080671 2.62513908 -2
v 6.58135348 6.08619718 -2
v 6.41044668 5.79163122 -2
v -3.54397509 -1.4877364 -2
v -3.7769019 -0.58418368 -2
v -4.81420312 -0.142807076 -2
v -0.930180197 3.70688863 -2
v -1.13399293 3.43847618 -2
v -0.59978971 4.74813285 -2
v 2.40079784 -3.00154773 -2
v 1.52164388 -6.81627876 -2
v 1.75406304 -5.91354287 -2
v 1.65964455 -5.15604561 -2
v 1.57013916 -4.85258607 -2
v 1.59707159 -4.46402457 -2
v 2.07441447 -4.27423797 -2
v 1.65432183 -4.1180728 -2
v 1.41374797 -5.37942344 -2
v 3.79634064 -0.600763494 -2
v 3.52581701 1.93366293 -2
v 2.7476289 3.91680384 -2
v 5.14224862 4.72592164 -2
v 3.41706854 4.16301827 -2
v 3.77180073 3.99576668 -2
v 3.28277312 4.4611394 -2
v 4.26209015 4.48869846 -2
v -5.83958641 -4.8999948 -2
v -4.24424683 -4.47583458 -2
v 0.90142711 6.92563971 -2
v -0.281876446 5.40681538 -2
v -0.496920012 5.71643953 -2
v -0.626664805 5.39531733 -2
v 5.83958641 -4.8999948 -2
v 5.54706637 -4.24347863 -2
v 5.42959119 -4.57774135 -2
v 5.14484233 -3.40254667 -2
v 4.58734795 -2.8834999 -2
v 4.25084173 -2.74826269 -2
v 3.92523699 -3.13934496 -2
v 4.29757422 -3.118257 -2
v 7.62303866 3.33066907e-16 -2
v 6.97695485 0.314892307 -2
v 7.10182357 -0.0166793791 -2
v 6.12829271 0.700538936 -2
v 5.36759042 0.73980135 -2
v 1.83957073 3.93826504 -2
v 2.19323669 4.02609784 -2
v 2.18887635 4.48930734 -2
v 2.44500072 3.84244698 -2
v 2.60495358 4.59462389 -2
v 1.85712781 4.69778012 -2
v 2.23525061 4.93130074 -2
v 1.85078331 5.06756572 -2
v 1.61031228 5.48653476 -2
v 2.85955505 4.37631769 -2
v 1.89766547 5.62388035 -2
v 1.35079436 5.82274338 -2
v 3.81151933 -6.60174514 -2
v 3.76118216 -5.88477399 -2
v 3.53646702 -6.15869932 -2
v 3.19367382 -5.48474122 -2
v 3.09684811 -5.01666809 -2
v 2.93098386 -5.6989777 -2
v 2.95614939 -4.46446307 -2
v 2.7395158 -5.0356739 -2
v 3.15405504 -4.70806496 -2
v 3.31874696 -4.37207525 -2
v 3.05186561 -4.08238038 -2
v 2.90839785 -3.62742233 -2
v 2.60563113 -4.17362374 -2
v 3.51473998 -4.10445683 -2
v 3.68033043 -3.81291434 -2
v 3.64827597 -3.41995139 -2
v 3.49705955 -2.99371475 -2
v 3.24807995 -3.44741628 -2
v 2.84020391 -3.32708602 -2
v 2.75696674 -3.02153595 -2
v 2.58824484 -3.64999448 -2
v 2.63358652 -4.49657321 -2
v 2.30485476 -4.50900687 -2
v 3.61018732 -2.70790004 -2
v 4.8769637 -4.06167008 -2
v 4.62588685 -3.65494155 -2
v 4.70338908 -4.35283177 -2
v 4.55135777 -3.3317705 -2
v 4.23821418 -3.44639388 -2
v 4.29338145 -3.79846889 -2
v 3.67083087 -4.9569877 -2
v 2.25351652 -3.50206215 -2
v 0.2834603 -3.90345703 -2
v 0.554809443 -4.15715491 -2
v 0.303307147 -4.48823688 -2
v 0.508189041 -5.08421755 -2
v 0.509873789 -4.75043164 -2
v 0.19150707 -4.91572192 -2
v 0.868689844 -4.91913993 -2
v 0.145597844 -5.38385128 -2
v -0.0853115457 -5.13701052 -2
v -0.0940480468 -5.63689045 -2
v 0.295644951 -5.76595678 -2
v 0.530557864 -6.00948533 -2
v 0.562986436 -5.47530337 -2
v 7.16331318 -2.60723278 -2
v 6.6638925 -2.09035712 -2
v 6.66782652 -2.44464021 -2
v 5.97201978 -2.14870158 -2
v 5.59697538 -1.85237512 -2
v 5.90849616 -2.48167009 -2
v 5.13424335 -1.51980092 -2
v 5.33545964 -2.09662319 -2
v 5.44243216 -1.5791995 -2
v 5.35262347 -1.21595453 -2
v 5.33074103 -0.884965036 -2
v 6.34676214 0.023432043 -2
v 5.89658636 0.174072098 -2
v 6.4009514 -0.311182368 -2
v 5.61191923 0.00287957807 -2
v 5.99830987 -1.43770828 -2
v -5.74692486 -4.0874053 -2
v -7.68283113 8.8817842e-16 -2
v -3.66208383 -2.36256575 -2
v -3.21835729 -3.41822619 -2
v -3.26333856 -3.10967486 -2
v -3.53831313 -3.49565264 -2
v -3.07145471 3.71722377 -2
v 4.4247898 -0.584389308 -2
v 4.55627435 1.10500217 -2
v 4.85418143 1.3554749 -2
v 5.17035614 1.25802795 -2
v 4.76366483 1.74651086 -2
v 4.53518019 1.43248974 -2
v 4.96918095 1.9710822 -2
v 0.791575965 5.18800655 -2
v 0.476253023 5.1016597 -2
v 1.2025893 5.03892436 -2
v -3.66106351 1.62465853 -2
v -4.47526259 1.96074676 -2
v -3.84141557 6.65352693 -2
v -1.81916008 5.35433819 -2
v -2.22708142 5.28865871 -2
v -2.35984985 4.98935272 -2
v 4.61765027 0.224294583 -2
v 4.34023143 0.0761409907 -2
v 4.65339736 -0.0996861215 -2
v 5.01225583 0.445323199 -2
v 3.2460819 6.86929608 -2
v -1.91910204 5.82945948 -2
v -5.65601484 -0.845615884 -2
v -5.64850756 1.95267055 -2
v -5.11924769 -0.669513526 -2
v -3.42298649 -6.269711 -2
v 5.93852948 2.4910047 -2
v 5.48096897 1.75391291 -2
v 4.39800168 2.20726201 -2
v 4.70694483 2.52326061 -2
v -2.01410348 -4.33493632 -2
v -2.33804378 -4.32174614 -2
v 5.43157786 3.66767803 -2
v 5.10958376 3.5514588 -2
v 5.64421505 3.38405713 -2
v -3.06364434 -4.86700973 -2
v -1.8670272 -4.84157596 -2
v -5.3540425 -2.24854088 -2
v -0.3434594 -4.07969779 -2
v 0.791987166 -7.19120559 -2
v 1.71531267 7.02839839 -2
v 5.83177314 4.2814838 -2
v 2.04224061 -3.96566846 -2
v 3.8372336 1.86902602 -2
v 1.09573495 5.66099097 -2
v 2.60924111 -5.73104542 -2
v 4.41201759 -4.49300807 -2
v 5.68263964 -2.71304764 -2
v 4.74923899 -1.56241396 -2
v 5.00242921 -1.13479453 -2
v 6.26785148 -0.605853623 -2
v 5.76496895 -0.254664781 -2
v 4.21802786 1.35200659 -2
v -3.42698249 2.75128152 -2
v 4.56412712 -2.04581684 -2
v 4.22546125 3.94634025 -2
v 7.66603835 -1.13769766 2
v 7.78750826 -0.885659018 2
v 8.06135723 -0.826513654 2
v 8.46689419 -0.864029362 2
v 8.86975627 -0.80842306 2
v 9.25959319 -0.690904792 2
v 9.63460324 -0.532062714 2
v 9.99419224 -0.340765907 2
v 9.99999758 8.9338259e-17 2
v 9.99419224 0.340765907 2
v 9.63460324 0.532062714 2
v 9.25959319 0.690904792 2
v 8.86975627 0.80842306 2
v 8.46689419 0.864029362 2
v 8.06135723 0.826513654 2
v 7.78750826 0.885659018 2
v 7.66603835 1.13769766 2
v 7.59283519 1.55285344 2
v 7.62077727 1.83123745 2
v 7.85788222 1.98047777 2
v 8.25179344 2.08392635 2
v 8.61134148 2.27396612 2
v 8.93747475 2.51772926 2
v 9.23554173 2.79525298 2
v 9.50801751 3.09799986 2
v 9.39692393 3.42020061 2
v 9.2749199 3.73843027 2
v 8.8715894 3.79520379 2
v 8.46486804 3.81620553 2
v 8.05834754 3.79330449 2
v 7.66076255 3.70777038 2
v 7.29251358 3.53381534 2
v 7.01495082 3.49573193 2
v 6.81460416 3.69102563 2
v 6.60382404 4.0561075 2
v 6.53486807 4.32725965 2
v 6.70663064 4.54859435 2
v 7.04140462 4.78052979 2
v 7.31427183 5.08208144 2
v 7.53736495 5.422688 2
v 7.72253759 5.7854199 2
v 7.87503553 6.16310111 2
v 7.66044258 6.42787454 2
v 7.43695533 6.68518477 2
v 7.03853095 6.60058727 2
v 6.64915487 6.48121555 2
v 6.27498317 6.32065742 2
v 5.93062988 6.10429957 2
v 5.64408517 5.81488673 2
v 5.39628678 5.68416799 2
v 5.14122812 5.79916144 2
v 4.81829425 6.07013513 2
v 4.66075734 6.30135047 2
v 4.74646043 6.56808332 2
v 4.98171847 6.90053078 2
v 5.13499304 7.27722272 2
v 5.2281377 7.67359054 2
v 5.27808145 8.0777798 2
v 5.29220805 8.48484142 2
v 4.99999879 8.66025194 2
v 4.70198419 8.82560733 2
v 4.35652179 8.60984252 2
v 4.03145549 8.36449533 2
v 3.73476323 8.08564578 2
v 3.48517572 7.76456014 2
v 3.31489679 7.39459697 2
v 3.12675092 7.18700949 2
v 2.8477441 7.20783279 2
v 2.45160706 7.35201488 2
v 2.22449048 7.51540543 2
v 2.21379705 7.79536451 2
v 2.32116356 8.18822592 2
v 2.33635831 8.59462355 2
v 2.28831988 8.99894481 2
v 2.19701078 9.39584025 2
v 2.07106218 9.78318463 2
v 1.73648136 9.84807515 2
v 1.39988436 9.90153139 2
v 1.14905181 9.58062369 2
v 0.927503087 9.23889352 2
v 0.744075714 8.87538593 2
v 0.619357932 8.48830017 2
v 0.585882937 8.08240969 2
v 0.48008275 7.82299158 2
v 0.210780116 7.74713313 2
v -0.210780116 7.74713313 2
v -0.48008275 7.82299158 2
v -0.585882937 8.08240969 2
v -0.619357932 8.48830017 2
v -0.744075714 8.87538593 2
v -0.927503087 9.23889352 2
v -1.14905181 9.58062369 2
v -1.39988436 9.90153139 2
v -1.73648136 9.84807515 2
v -2.07106218 9.78318463 2
v -2.19701078 9.39584025 2
v -2.28831988 8.99894481 2
v -2.33635831 8.59462355 2
v -2.32116356 8.18822592 2
v -2.21379705 7.79536451 2
v -2.22449048 7.51540543 2
v -2.45160706 7.35201488 2
v -2.8477441 7.20783279 2
v -3.12675092 7.18700949 2
v -3.31489679 7.39459697 2
v -3.48517572 7.76456014 2
v -3.73476323 8.08564578 2
v -4.03145549 8.36449533 2
v -4.35652179 8.60984252 2
v -4.70198419 8.82560733 2
v -4.99999879 8.66025194 2
v -5.29220805 8.48484142 2
v -5.27808145 8.0777798 2
v -5.2281377 7.67359054 2
v -5.13499304 7.27722272 2
v -4.98171847 6.90053078 2
v -4.74646043 6.56808332 2
v -4.66075734 6.30135047 2
v -4.81829425 6.07013513 2
v -5.14122812 5.79916144 2
v -5.39628678 5.68416799 2
v -5.64408517 5.81488673 2
v -5.93062988 6.10429957 2
v -6.27498317 6.32065742 2
v -6.64915487 6.48121555 2
v -7.03853095 6.60058727 2
v -7.43695533 6.68518477 2
v -7.66044258 6.42787454 2
v -7.87503553 6.16310111 2
v -7.72253759 5.7854199 2
v -7.53736495 5.422688 2
v -7.31427183 5.08208144 2
v -7.04140462 4.78052979 2
v -6.70663064 4.54859435 2
v -6.53486807 4.32725965 2
v -6.60382404 4.0561075 2
v -6.81460416 3.69102563 2
v -7.01495082 3.49573193 2
v -7.29251358 3.53381534 2
v -7.66076255 3.70777038 2
v -8.05834754 3.79330449 2
v -8.46486804 3.81620553 2
v -8.8715894 3.79520379 2
v -9.2749199 3.73843027 2
v -9.39692393 3.42020061 2
v -9.50801751 3.09799986 2
v -9.23554173 2.79525298 2
v -8.93747475 2.51772926 2
v -8.61134148 2.27396612 2
v -8.25179344 2.08392635 2
v -7.85788222 1.98047777 2
v -7.62077727 1.83123745 2
v -7.59283519 1.55285344 2
v -7.66603835 1.13769766 2
v -7.78750826 0.885659018 2
v -8.06135723 0.826513654 2
v -8.46689419 0.864029362 2
v -8.86975627 0.80842306 2
v -9.25959319 0.690904792 2
v -9.63460324 0.532062714 2
v -9.99419224 0.340765907 2
v -9.99999758 1.13530824e-15 2
v -9.99419224 -0.340765907 2
v -9.63460324 -0.532062714 2
v -9.25959319 -0.690904792 2
v -8.86975627 -0.80842306 2
v -8.46689419 -0.864029362 2
v -8.06135723 -0.826513654 2
v -7.78750826 -0.885659018 2
v -7.66603835 -1.13769766 2
v -7.59283519 -1.55285344 2
v -7.62077727 -1.83123745 2
v -7.85788222 -1.98047777 2
v -8.25179344 -2.08392635 2
v -8.61134148 -2.27396612 2
v -8.93747475 -2.51772926 2
v -9.23554173 -2.79525298 2
v -9.50801751 -3.09799986 2
v -9.39692393 -3.42020061 2
v -9.2749199 -3.73843027 2
v -8.8715894 -3.79520379 2
v -8.46486804 -3.81620553 2
v -8.05834754 -3.79330449 2
v -7.66076255 -3.70777038 2
v -7.29251358 -3.53381534 2
v -7.01495082 -3.49573193 2
v -6.81460416 -3.69102563 2
v -6.60382404 -4.0561075 2
v -6.53486807 -4.32725965 2
v -6.70663064 -4.54859435 2
v -7.04140462 -4.78052979 2
v -7.31427183 -5.08208144 2
v -7.53736495 -5.422688 2
v -7.72253759 -5.7854199 2
v -7.87503553 -6.16310111 2
v -7.66044258 -6.42787454 2
v -7.43695533 -6.68518477 2
v -7.03853095 -6.60058727 2
v -6.64915487 -6.48121555 2
v -6.27498317 -6.32065742 2
v -5.93062988 -6.10429957 2
v -5.64408517 -5.81488673 2
v -5.39628678 -5.68416799 2
v -5.14122812 -5.79916144 2
v -4.81829425 -6.07013513 2
v -4.66075734 -6.30135047 2
v -4.74646043 -6.56808332 2
v -4.98171847 -6.90053078 2
v -5.13499304 -7.27722272 2
v -5.2281377 -7.67359054 2
v -5.27808145 -8.0777798 2
v -5.29220805 -8.48484142 2
v -4.99999879 -8.66025194 2
v -4.70198419 -8.82560733 2
v -4.35652179 -8.60984252 2
v -4.03145549 -8.36449533 2
v -3.73476323 -8.08564578 2
v -3.48517572 -7.76456014 2
v -3.31489679 -7.39459697 2
v -3.12675092 -7.18700949 2
v -2.8477441 -7.20783279 2
v -2.45160706 -7.35201488 2
v -2.22449048 -7.51540543 2
v -2.21379705 -7.79536451 2
v -2.32116356 -8.18822592 2
v -2.33635831 -8.59462355 2
v -2.28831988 -8.99894481 2
v -2.19701078 -9.39584025 2
v -2.07106218 -9.78318463 2
v -1.73648136 -9.84807515 2
v -1.39988436 -9.90153139 2
v -1.14905181 -9.58062369 2
v -0.927503087 -9.23889352 2
v -0.744075714 -8.87538593 2
v -0.619357932 -8.48830017 2
v -0.585882937 -8.08240969 2
v -0.48008275 -7.82299158 2
v -0.210780116 -7.74713313 2
v 0.210780116 -7.74713313 2
v 0.48008275 -7.82299158 2
v 0.585882937 -8.08240969 2
v 0.619357932 -8.48830017 2
v 0.744075714 -8.87538593 2
v 0.927503087 -9.23889352 2
v 1.14905181 -9.58062369 2
v 1.39988436 -9.90153139 2
v 1.73648136 -9.84807515 2
v 2.07106218 -9.78318463 2
v 2.19701078 -9.39584025 2
v 2.28831988 -8.99894481 2
v 2.33635831 -8.59462355 2
v 2.32116356 -8.18822592 2
v 2.21379705 -7.79536451 2
v 2.22449048 -7.51540543 2
v 2.45160706 -7.35201488 2
v 2.8477441 -7.20783279 2
v 3.12675092 -7.18700949 2
v 3.31489679 -7.39459697 2
v 3.48517572 -7.76456014 2
v 3.73476323 -8.08564578 2
v 4.03145549 -8.36449533 2
v 4.35652179 -8.60984252 2
v 4.70198419 -8.82560733 2
v 4.99999879 -8.66025194 2
v 5.29220805 -8.48484142 2
v 5.27808145 -8.0777798 2
v 5.2281377 -7.67359054 2
v 5.13499304 -7.27722272 2
v 4.98171847 -6.90053078 2
v 4.74646043 -6.56808332 2
v 4.66075734 -6.30135047 2
v 4.81829425 -6.07013513 2
v 5.14122812 -5.79916144 2
v 5.39628678 -5.68416799 2
v 5.64408517 -5.81488673 2
v 5.93062988 -6.10429957 2
v 6.27498317 -6.32065742 2
v 6.64915487 -6.48121555 2
v 7.03853095 -6.60058727 2
v 7.43695533 -6.68518477 2
v 7.66044258 -6.42787454 2
v 7.87503553 -6.16310111 2
v 7.72253759 -5.7854199 2
v 7.53736495 -5.422688 2
v 7.31427183 -5.08208144 2
v 7.04140462 -4.78052979 2
v 6.70663064 -4.54859435 2
v 6.53486807 -4.32725965 2
v 6.60382404 -4.0561075 2
v 6.81460416 -3.69102563 2
v 7.01495082 -3.49573193 2
v 7.29251358 -3.53381534 2
v 7.66076255 -3.70777038 2
v 8.05834754 -3.79330449 2
v 8.46486804 -3.81620553 2
v 8.8715894 -3.79520379 2
v 9.2749199 -3.73843027 2
v 9.39692393 -3.42020061 2
v 9.50801751 -3.09799986 2
v 9.23554173 -2.79525298 2
v 8.93747475 -2.51772926 2
v 8.61134148 -2.27396612 2
v 8.25179344 -2.08392635 2
v 7.85788222 -1.98047777 2
v 7.62077727 -1.83123745 2
v 7.59283519 -1.55285344 2
v 2.65402737 -0.496123698 2
v 2.51767502 -0.975352499 2
v 2.29558627 -1.42136684 2
v 1.99532408 -1.81897824 2
v 1.62711352 -2.15464651 2
v 1.20349356 -2.41694089 2
v 0.738890073 -2.59692924 2
v 0.249124571 -2.68848228 2
v -0.249124571 -2.68848228 2
v -0.738890073 -2.59692924 2
v -1.20349356 -2.41694089 2
v -1.62711352 -2.15464651 2
v -1.99532408 -1.81897824 2
v -2.29558627 -1.42136684 2
v -2.51767502 -0.975352499 2
v -2.65402737 -0.496123698 2
v -2.7 3.30654636e-16 2
v -2.65402737 0.496123698 2
v -2.51767502 0.975352499 2
v -2.29558627 1.42136684 2
v -1.99532408 1.81897824 2
v -1.62711352 2.15464651 2
v -1.20349356 2.41694089 2
v -0.738890073 2.59692924 2
v -0.249124571 2.68848228 2
v 0.249124571 2.68848228 2
v 0.738890073 2.59692924 2
v 1.20349356 2.41694089 2
v 1.62711352 2.15464651 2
v 1.99532408 1.81897824 2
v 2.29558627 1.42136684 2
v 2.51767502 0.975352499 2
v 2.65402737 0.496123698 2
v 2.7 0 2
v -5.75191425 -5.31024918 2
v -7.22124357 -3.02273143 2
v -7.27997832 -0.796345711 2
v -7.81958433 -0.370627658 2
v -0.992859577 -7.76514609 2
v -2.95033355 -6.70281902 2
v -3.5888192 -6.9572725 2
v -7.47476782 2.32617928 2
v -6.0886681 4.06944366 2
v -6.22838399 4.74241466 2
v -4.32964478 5.90647331 2
v -4.23076513 6.58664485 2
v -2.0484024 7.03109511 2
v -1.72285356 7.63642845 2
v 0.479907539 -7.30766308 2
v 0.992859577 -7.76514609 2
v 2.95033355 -6.70281902 2
v 3.5888192 -6.9572725 2
v 5.75191425 -5.31024918 2
v 6.56857564 -3.23821942 2
v 7.22124357 -3.02273143 2
v 7.81958433 -0.370627658 2
v 0.479907539 7.30766308 2
v 4.32964478 5.90647331 2
v 4.23076513 6.58664485 2
v 0.992859577 7.76514609 2
v 7.11330818 1.74157904 2
v 7.22124357 3.02273143 2
v 5.75191425 5.31024918 2
v -6.22838399 -4.74241466 2
v -5.06490579 -5.28951607 2
v -6.56857564 -3.23821942 2
v -7.47476782 -2.32617928 2
v -7.27997832 0.796345711 2
v -7.81958433 0.370627658 2
v -0.479907539 -7.30766308 2
v -1.72285356 -7.63642845 2
v -4.32964478 -5.90647331 2
v -4.23076513 -6.58664485 2
v -7.11330818 1.74157904 2
v -7.22124357 3.02273143 2
v -5.06490579 5.28951607 2
v -5.75191425 5.31024918 2
v -2.95033355 6.70281902 2
v -3.5888192 6.9572725 2
v -0.479907539 7.30766308 2
v -0.992859577 7.76514609 2
v 2.0484024 -7.03109511 2
v 1.72285356 -7.63642845 2
v 4.32964478 -5.90647331 2
v 4.23076513 -6.58664485 2
v 6.22838399 -4.74241466 2
v 5.06490579 -5.28951607 2
v 7.11330818 -1.74157904 2
v 7.47476782 -2.32617928 2
v 7.81958433 0.370627658 2
v 7.27997832 -0.796345711 2
v 2.0484024 7.03109511 2
v 2.95033355 6.70281902 2
v 3.5888192 6.9572725 2
v 1.72285356 7.63642845 2
v 6.56857564 3.23821942 2
v 7.47476782 2.32617928 2
v 6.22838399 4.74241466 2
v 5.06490579 5.28951607 2
v -6.0886681 -4.06944366 2
v -7.11330818 -1.74157904 2
v -2.0484024 -7.03109511 2
v -6.56857564 3.23821942 2
v 6.0886681 -4.06944366 2
v 7.27997832 0.796345711 2
v 6.0886681 4.06944366 2
v -7.51351575 -6.08944551 2
v -9.03037238 -3.46217276 2
v -9.66990711 -0.164808935 2
v -4.69222483 -8.45678968 2
v -1.84146687 -9.49438073 2
v -9.14310833 3.15243328 2
v -7.51351575 6.08944551 2
v -4.69222483 8.45678968 2
v -1.84146687 9.49438073 2
v 1.51685663 -9.55161827 2
v 4.69222483 -8.45678968 2
v 7.30164147 -6.34194745 2
v 9.14310833 -3.15243328 2
v 9.66990711 -0.164808935 2
v 1.51685663 9.55161827 2
v 4.69222483 8.45678968 2
v 9.14310833 3.15243328 2
v 7.51351575 6.08944551 2
v -6.82201692 -5.64786728 2
v -8.302205 -3.08410632 2
v -8.85634726 -0.0585906023 2
v -4.37743268 -7.69911701 2
v -1.59558904 -8.71162529 2
v -8.34228333 2.973992 2
v -6.74669429 5.73763329 2
v -4.47891458 7.64052641 2
v -1.59558904 8.71162529 2
v 1.48018808 -8.73197359 2
v 4.37743268 -7.69911701 2
v 6.74669429 -5.73763329 2
v 8.302205 -3.08410632 2
v 8.85634726 -0.0585906023 2
v 4.47891458 7.64052641 2
v 1.48018808 8.73197359 2
v 8.34228333 2.973992 2
v 6.74669429 5.73763329 2
v -6.10131515 -5.6487469 2
v -7.66534605 -3.2213131 2
v -8.30482308 -0.405341398 2
v -1.04293404 -8.24904095 2
v -3.80137559 -7.39485846 2
v -7.94261589 2.45952046 2
v -6.622412 5.02772785 2
v -4.50344749 6.98951706 2
v -1.84130075 8.10826736 2
v 1.04293404 -8.24904095 2
v 3.80137559 -7.39485846 2
v 6.10131515 -5.6487469 2
v 7.66534605 -3.2213131 2
v 8.30482308 -0.405341398 2
v 4.50344749 6.98951706 2
v 1.04293404 8.24904095 2
v 7.66534605 3.2213131 2
v 6.10131515 5.6487469 2
v -6.622412 -5.02772785 2
v -7.94261589 -2.45952046 2
v -8.30482308 0.405341398 2
v -1.84130075 -8.10826736 2
v -4.50344749 -6.98951706 2
v -7.66534605 3.2213131 2
v -6.10131515 5.6487469 2
v -3.80137559 7.39485846 2
v -1.04293404 8.24904095 2
v 1.84130075 -8.10826736 2
v 4.50344749 -6.98951706 2
v 6.622412 -5.02772785 2
v 7.94261589 -2.45952046 2
v 8.30482308 0.405341398 2
v 3.80137559 7.39485846 2
v 1.84130075 8.10826736 2
v 7.94261589 2.45952046 2
v 6.622412 5.02772785 2
v -7.29687549 -6.3643935 2
v -6.93858024 -6.23187974 2
v -7.3448305 -5.74960653 2
v -8.65172057 -3.48600654 2
v -9.1601642 -3.1370828 2
v -8.86625629 -2.89304688 2
v -9.32224243 -0.316711908 2
v -9.68068421 0.185067119 2
v -9.32103592 0.313863441 2
v -4.38684066 -8.23165472 2
v -5.00061493 -8.29118489 2
v -4.93233167 -7.91532217 2
v -1.49877764 -9.56574943 2
v -1.30948575 -9.23393025 2
v -1.93069075 -9.12562018 2
v -8.86836428 2.89078285 2
v -9.03357084 3.48489521 2
v -8.65156105 3.4829172 2
v -7.3448305 5.74960653 2
v -7.29687549 6.3643935 2
v -6.93858024 6.23187974 2
v -5.00061493 8.29118489 2
v -4.93233167 7.91532217 2
v -4.38684066 8.23165472 2
v -1.93069075 9.12562018 2
v -1.49877764 9.56574943 2
v -1.30948575 9.23393025 2
v 1.86328871 -9.5014763 2
v 1.92767605 -9.12492662 2
v 1.30689007 -9.23561307 2
v 5.00061493 -8.29118489 2
v 4.93233167 -7.91532217 2
v 4.38684066 -8.23165472 2
v 7.5347932 -6.08085423 2
v 7.3420753 -5.75101305 2
v 6.93767352 -6.23483733 2
v 8.86836428 -2.89078285 2
v 9.03357084 -3.48489521 2
v 8.65156105 -3.4829172 2
v 9.68068421 0.185067119 2
v 9.32103592 0.313863441 2
v 9.32224243 -0.316711908 2
v 1.30689007 9.23561307 2
v 1.86328871 9.5014763 2
v 1.92767605 9.12492662 2
v 4.38684066 8.23165472 2
v 5.00061493 8.29118489 2
v 4.93233167 7.91532217 2
v 9.03357084 3.48489521 2
v 8.65156105 3.4829172 2
v 8.86836428 2.89078285 2
v 7.29687549 6.3643935 2
v 6.93858024 6.23187974 2
v 7.3448305 5.74960653 2
v -7.20476756 -1.27039491 2
v -3.55650414 -0.329558641 2
v -2.50218952 -6.87470919 2
v -2.85031049 2.15245457 2
v -0.656305604 3.51092488 2
v 1.29026151 -3.33054888 2
v 2.50218952 -6.87470919 2
v 3.19729103 -1.59206176 2
v 1.8802791 3.03675502 2
v 4.70257805 5.60431428 2
v 3.43539165 0.977453199 2
v -2.40626605 -2.63954812 2
v -6.33576626 -3.65795636 2
v -7.20476756 1.27039491 2
v -1.41553436e-15 -7.31591272 2
v -4.70257805 -5.60431428 2
v -4.70257805 5.60431428 2
v -2.50218952 6.87470919 2
v 4.71844785e-16 7.31591272 2
v 4.70257805 -5.60431428 2
v 7.20476756 -1.27039491 2
v 2.50218952 6.87470919 2
v 6.33576626 3.65795636 2
v -0.656305604 -3.51092488 2
v -6.33576626 3.65795636 2
v 6.33576626 -3.65795636 2
v 7.20476756 1.27039491 2
v -6.19726885 -5.200126 2
v -1.4048068 -7.96705526 2
v 1.4048068 -7.96705526 2
v 4.04497996 -7.00611081 2
v 6.19726885 -5.200126 2
v 8.08995993 -2.77555756e-16 2
v 1.4048068 7.96705526 2
v 6.19726885 5.200126 2
v -7.60207564 -2.76692925 2
v -8.08995993 5.55111512e-16 2
v -4.04497996 -7.00611081 2
v -7.60207564 2.76692925 2
v -6.19726885 5.200126 2
v -4.04497996 7.00611081 2
v -1.4048068 7.96705526 2
v 7.60207564 -2.76692925 2
v 4.04497996 7.00611081 2
v 7.60207564 2.76692925 2
v -6.40201449 -0.90004238 2
v -3.1969518 -0.909611213 2
v -3.08177577 -0.28556858 2
v -3.43539165 0.977453199 2
v -2.46984608 1.86514118 2
v -1.8802791 3.03675502 2
v -1.20070847 3.09938584 2
v -0.568700789 3.04228051 2
v 1.74977478 -2.8259833 2
v 1.11803515 -2.88598141 2
v 2.42154768 -5.99432837 2
v 3.1969518 -0.909611213 2
v 2.77051105 -1.37955058 2
v 1.62929617 2.63140367 2
v 2.85031049 2.15245457 2
v 0.656305604 3.51092488 2
v 3.98046681 5.09428599 2
v 2.975377 1.48156171 2
v 2.97682959 0.846981043 2
v -1.74977478 -2.8259833 2
v -2.08507347 -2.28721664 2
v -5.48276371 -3.42566312 2
v -3.98046681 -5.09428599 2
v -1.99806686 6.14846278 2
v -0.225329435 6.46104422 2
v 2.42154768 5.99432837 2
v -0.568700789 -3.04228051 2
v -1.99806686 -6.14846278 2
v -0.225329435 -6.46104422 2
v -5.70809315 3.03538109 2
v 5.70809315 -3.03538109 2
v 6.32375839 1.34385473 2
v -6.52620467 -5.40088744 2
v -1.52773929 -8.33228331 2
v 1.41420339 -8.35230275 2
v 4.18557228 -7.36491121 2
v 6.45209937 -5.48920269 2
v 8.47098635 -0.0576436869 2
v 1.52478835 8.34140481 2
v 1.91021837 8.53325214 2
v 6.5298073 5.40977174 2
v 6.94838091 5.30898568 2
v -7.98626264 -2.85019695 2
v -8.34512231 -2.61232843 2
v -8.47945685 0.0531536495 2
v -8.7353188 0.39941418 2
v -4.28576083 -7.31684821 2
v -4.71356223 -7.3653009 2
v -7.94990341 2.95009314 2
v -8.07190692 3.36298155 2
v -6.45209937 5.48920269 2
v -4.19369601 7.37000186 2
v -4.02175657 7.76471508 2
v -1.4200961 8.35986488 2
v -1.12352601 8.67196723 2
v 7.94040806 -2.95141531 2
v 4.28541407 7.30726753 2
v 7.97983866 2.84308062 2
v -6.85562032 -0.972009678 2
v -2.84442473 -0.809308613 2
v -2.8927849 -1.30899364 2
v -3.22094214 0.298464243 2
v -3.29492554 -0.568878739 2
v -3.84996335 -0.912925383 2
v -2.97682959 0.846981043 2
v -6.32375839 1.34385473 2
v -2.1792309 2.39050242 2
v -3.03558769 1.51154307 2
v -1.62929617 2.63140367 2
v -3.98046681 5.09428599 2
v -1.06830665 2.75761734 2
v 6.66133815e-16 3.23474097 2
v -0.870469377 3.22838046 2
v -1.26426081 3.74930596 2
v 1.55682755 -2.51436283 2
v 2.05067181 -2.42413158 2
v 4.32569153 -4.80460805 2
v 0.594382094 -3.17966336 2
v 1.44886133 -3.01346282 2
v 1.93166753 -3.45315959 2
v 2.10782477 -6.46694878 2
v 2.58602509 -6.42314619 2
v 2.84442473 -0.809308613 2
v 3.14859164 -0.409926188 2
v 6.40201449 -0.90004238 2
v 2.58137902 -1.94936695 2
v 3.10087822 -1.25088433 2
v 3.7538981 -1.25055973 2
v 2.1792309 2.39050242 2
v 1.16852322 3.01630613 2
v 2.46984608 1.86514118 2
v 5.70809315 3.03538109 2
v 0.568700789 3.04228051 2
v 4.54662954 5.05890419 2
v 4.26959523 5.45113652 2
v 2.64728293 1.31819027 2
v 3.22094214 0.298464243 2
v 3.13429198 1.16463348 2
v 3.61666081 1.60481 2
v -1.55682755 -2.51436283 2
v -1.25593052 -2.91621455 2
v -2.58137902 -1.94936695 2
v -2.05172823 -2.64018344 2
v -2.23012339 -3.26836354 2
v -5.87650563 -3.66210519 2
v -4.54662954 -5.05890419 2
v -4.26959523 -5.45113652 2
v -2.14770864 6.58268033 2
v 0.231119363 6.79786257 2
v -0.233223309 6.92025575 2
v 2.58602509 6.42314619 2
v -2.14770864 -6.58268033 2
v -0.233223309 -6.92025575 2
v -6.10972894 3.25815057 2
v 5.771562 -3.59908653 2
v 6.10972894 -3.25815057 2
v 6.73472122 0.952828308 2
v 6.77462272 1.43136992 2
v 1.78778543 8.83295938 2
v 1.60313622 9.10092718 2
v 7.04828174 5.61776331 2
v 7.08229151 5.94069495 2
v -8.54345993 -2.86821209 2
v -8.68320225 -3.1621069 2
v -9.00921256 0.226797652 2
v -9.24104533 -0.0015784384 2
v -4.70101881 -7.68880812 2
v -4.6191557 -8.00376923 2
v -8.3883212 3.29445225 2
v -8.68428196 3.1591404 2
v -4.30849558 7.91671687 2
v -4.62061544 8.00628644 2
v -1.34108126 8.91172538 2
v -1.60624514 9.100379 2
v -6.76647304 -1.42978803 2
v -6.75639557 -0.131908019 2
v -2.57894016 -1.28415961 2
v -2.71056451 -1.61628517 2
v -3.34641782 -1.78566589 2
v -2.97290948 -1.90962857 2
v -3.07430026 -1.59044129 2
v -3.25877377 -1.27221132 2
v -3.37941529 -2.50977449 2
v -2.82265368 -2.37788867 2
v -3.52280106 -1.04062539 2
v -3.89968523 -1.52324915 2
v -3.2607985 -2.15237369 2
v -3.83061024 -2.0920648 2
v -3.02503016 0.0365501121 2
v -3.37646633 -0.022096197 2
v -3.86696946 0.413885502 2
v -3.78588343 0.0111994947 2
v -3.56003383 0.266184095 2
v -3.42153569 0.608469446 2
v -4.54027765 0.0687993288 2
v -4.07774436 -0.432846647 2
v -3.76187807 0.780441046 2
v -4.15495747 0.146388529 2
v -3.94788306 1.45771747 2
v -4.46422562 0.78346132 2
v -4.29238597 -0.166694855 2
v -4.83379803 -0.48839133 2
v -4.45178549 -0.514870864 2
v -3.75936705 1.14531078 2
v -4.40977741 0.416289515 2
v -4.11347778 0.682901993 2
v -4.68973267 -1.17883394 2
v -3.42788382 1.38851874 2
v -4.1828718 1.1028363 2
v -5.08789583 0.503353746 2
v -4.66439507 -0.813295689 2
v -3.39225372 1.96188555 2
v -4.76285478 0.350638197 2
v -5.32506234 -0.951148231 2
v -4.27683724 -1.02380687 2
v -5.14459732 -0.0395979976 2
v -4.97528793 -0.975393151 2
v -5.19315469 -1.58332424 2
v -2.98023934 0.519920056 2
v -6.77462272 1.43136992 2
v -2.21090061 2.0649605 2
v -2.51012484 2.25838137 2
v -2.57889205 2.91102556 2
v -2.79025656 2.5588097 2
v -2.45156968 2.5950917 2
v -2.11862217 2.75473803 2
v -3.30895586 3.10960859 2
v -3.2484861 2.41891483 2
v -2.25428171 3.11111376 2
v -2.97192931 2.90735917 2
v -1.94053867 3.7114081 2
v -2.77128807 3.58651426 2
v -2.00936277 3.36524307 2
v -1.5664481 3.3496856 2
v -2.35050596 3.61299301 2
v -2.97841239 3.27848949 2
v -2.57982866 3.27590273 2
v -3.42089317 3.79967617 2
v -3.28356873 3.46783927 2
v -3.93130647 3.33372831 2
v -3.58852448 3.309436 2
v -3.73775771 3.63424415 2
v -3.80272826 2.71746295 2
v -3.87259077 4.27867358 2
v -3.714293 3.97547381 2
v -3.25595235 4.40769196 2
v -4.33093142 3.84645543 2
v -2.82035399 1.79655855 2
v -2.66676395 1.45679652 2
v -2.89497512 1.18909691 2
v -1.53166122 2.97223338 2
v -1.85215557 2.39199982 2
v -4.26959523 5.45113652 2
v -0.242720374 3.01549833 2
v -0.333542947 3.36002414 2
v 0.0553210112 3.88866219 2
v -0.338165533 3.77076687 2
v -0.0634298811 3.56940773 2
v 0.290174338 3.4630825 2
v -0.350418127 4.52725762 2
v -0.807246982 4.02041137 2
v 0.430009504 3.81784058 2
v -0.237607048 4.15074018 2
v 1.08723441 4.06554329 2
v 0.368212437 4.51747072 2
v -0.562035175 4.25869474 2
v -0.932314553 4.76811483 2
v -0.92343346 4.38528867 2
v 0.793554453 3.8490062 2
v 0.00763077061 4.42937642 2
v 0.300445007 4.15894066 2
v -1.60651918 4.56095802 2
v 1.14843771 3.50803667 2
v 0.712185077 4.2667853 2
v 0.00212268913 5.11303895 2
v -1.24020239 4.56945612 2
v -0.0915373863 4.7704309 2
v -1.43842557 5.21458568 2
v -1.41405625 4.16412803 2
v 0.256827183 4.85930327 2
v -0.512753513 5.0696865 2
v -1.43029395 4.8640663 2
v -2.05573392 5.02491088 2
v 0.894259941 4.87794551 2
v 0.559481893 5.41781993 2
v 1.94089812 -2.12906381 2
v 2.29636571 -2.16477302 2
v 2.63328995 -2.72999981 2
v 2.65030503 -2.3368259 2
v 2.37104942 -2.5216959 2
v 2.11545124 -2.78621502 2
v 3.33878636 -2.5635759 2
v 3.05957014 -2.06416056 2
v 1.96496046 -3.10353974 2
v 2.53229961 -3.33396034 2
v 2.96256808 -2.54729459 2
v 3.06049782 -3.11185846 2
v 4.19253413 -5.35602551 2
v 4.62691407 -5.15131041 2
v 0.953070556 -3.20553319 2
v 0.727866254 -3.82845397 2
v 1.00703836 -3.57721355 2
v 1.31283226 -4.19772889 2
v 1.4162592 -3.76115318 2
v 1.07242658 -3.93059608 2
v 0.719076639 -4.49033543 2
v 0.974689352 -4.26029724 2
v 1.25467724 -4.82844716 2
v 0.792683964 -2.91955399 2
v -5.27355937e-16 -3.23052868 2
v 2.20981467 -6.76289422 2
v 1.84189647 -6.72414085 2
v 1.51893003 -6.1241273 2
v 1.54190222 -7.14890575 2
v 1.7650307 -6.37858744 2
v 2.02667713 -6.0726494 2
v 1.23693589 -6.64309539 2
v 2.08527082 -5.33349233 2
v 2.16021426 -5.71133409 2
v 2.79255175 -5.38955917 2
v 1.64597805 -5.61697759 2
v 2.43100441 -5.46127067 2
v 2.48465336 -4.78449122 2
v 2.36238546 -5.11531506 2
v 1.86744663 -4.74438635 2
v 2.86868203 -0.265822537 2
v 3.15543289 -0.0527349842 2
v 3.78521373 -0.243458235 2
v 3.53290848 0.058563772 2
v 3.45108221 -0.266190093 2
v 3.44039825 -0.633867458 2
v 4.19446281 0.35482038 2
v 3.6516656 0.535786014 2
v 3.54296451 -0.969758243 2
v 4.11746655 -0.7578272 2
v 3.9054655 0.113395788 2
v 4.35818067 -0.237847098 2
v 6.65445431 -1.40804459 2
v 6.85562032 -0.972009678 2
v 2.55269132 -1.6235487 2
v 2.8799753 -1.75890402 2
v 1.85215557 2.39199982 2
v 2.01714241 2.70779423 2
v 2.6606575 2.83648651 2
v 2.29044187 3.01445099 2
v 2.35781919 2.68055657 2
v 2.54750502 2.36375966 2
v 2.79103162 3.58175892 2
v 2.88984342 2.5317227 2
v 2.12035027 3.66905193 2
v 2.62074185 3.22750884 2
v 3.51652557 2.27470621 2
v 2.10107818 3.31464549 2
v 3.31551262 3.09038803 2
v 2.44338037 3.53082199 2
v 2.52690887 4.17258022 2
v 3.16548693 2.31129664 2
v 3.19086283 1.8688359 2
v 3.38070329 2.67384405 2
v 1.64622894 3.51710672 2
v 2.98969081 3.26820786 2
v 3.02389174 2.87108574 2
v 3.44620075 3.77715133 2
v 3.14617157 3.58705931 2
v 3.46348902 3.41804509 2
v 3.03675602 4.0915734 2
v 3.97034641 2.99189521 2
v 3.65681955 3.13349014 2
v 4.06459173 3.61848931 2
v 1.04933633 2.70864929 2
v 1.5258579 2.97582664 2
v 2.81823048 1.79937052 2
v 2.21090061 2.0649605 2
v 6.10972894 3.25815057 2
v 0.877178853 3.22712624 2
v 0.242720374 3.01549833 2
v 4.75193086 5.29520275 2
v 4.90232855 4.95719956 2
v 4.5441848 4.37749564 2
v 5.42018288 4.90977937 2
v 4.64150341 4.71785514 2
v 4.24573009 4.79147858 2
v 5.13462142 4.3927656 2
v 3.60743866 4.49991766 2
v 3.88293506 4.74125613 2
v 3.3421744 5.08063986 2
v 4.05357441 4.2685516 2
v 2.98023934 0.519920056 2
v 3.31329341 0.640381057 2
v -0.955114235 -3.21255759 2
v -1.04072704 -2.68642615 2
v -2.26014791 -2.01093878 2
v -2.47990164 -2.28868716 2
v -5.26048812 -4.24187995 2
v -5.97682265 -3.04898336 2
v -4.75193086 -5.29520275 2
v -4.90232855 -4.95719956 2
v -4.5441848 -4.37749564 2
v -5.42018288 -4.90977937 2
v -4.64150341 -4.71785514 2
v -4.24573009 -4.79147858 2
v -4.92918639 -4.45150542 2
v -3.57630444 -4.47264367 2
v -4.83013915 -3.92835162 2
v -5.25302815 -4.59670485 2
v -3.86605329 -4.72646747 2
v -5.73154733 -4.42927455 2
v -3.27121928 -5.11320034 2
v -4.04145626 -4.2339476 2
v -3.51409694 -4.83594691 2
v -2.90116426 -4.54401854 2
v -3.24880006 -4.60354335 2
v -3.18050322 -3.95751858 2
v -2.58305205 6.41539502 2
v -1.30313982 6.63084515 2
v 0.236499514 7.11084292 2
v 0.568975092 6.94859123 2
v 0.667247551 6.2743019 2
v 0.996155626 7.2451356 2
v 0.523019068 6.5975876 2
v 0.172514879 6.39958823 2
v 1.10973291 6.66552471 2
v -0.126154764 5.78458629 2
v -0.0715480216 6.13809102 2
v -0.672614995 6.04996933 2
v 0.355946512 5.89108491 2
v 2.14500377 6.57483156 2
v -1.30313982 -6.63084515 2
v -2.61866306 -6.1774843 2
v 0.233080622 -6.9119552 2
v -6.30381986 2.43477637 2
v -5.62890837 3.65158857 2
v 6.03992085 -3.76023605 2
v 5.73316898 -3.9670425 2
v 5.10008106 -3.71500428 2
v 5.77639367 -4.48526388 2
v 5.45216893 -3.7517416 2
v 5.45594854 -3.34919638 2
v 5.21764727 -4.29381925 2
v 5.02571291 -2.74530592 2
v 5.32599492 -2.98657679 2
v 5.60356061 -2.33362419 2
v 4.87141594 -3.24484017 2
v 5.37269454 -2.62095654 2
v 4.97876658 -2.06802852 2
v 5.09775339 -2.40004657 2
v 4.44968357 -2.44496834 2
v 7.04388095 1.00187836 2
v 6.941828 0.646279123 2
v 6.29484747 0.43241053 2
v 7.30804632 0.27708281 2
v 6.58817673 0.630585831 2
v 6.332321 0.941382844 2
v 6.75696351 0.0645826477 2
v 5.61456808 1.12743964 2
v 5.99968336 1.13563299 2
v 5.79260118 1.81423949 2
v 5.81746417 0.645594024 2
v 5.80044119 1.44573229 2
v 5.14325958 1.61608772 2
v 5.44782586 1.43823038 2
v 4.98025073 0.987247057 2
v -6.92448403 -0.537965589 2
v -2.95666713 -3.05328451 2
v -4.69448384 1.6968471 2
v -4.34564997 -1.46789418 2
v -4.00120914 -1.20779094 2
v -4.12080831 -0.747355557 2
v -6.84742109 0.970708821 2
v -3.66988318 2.30034651 2
v -2.60121791 4.24050555 2
v -4.62146927 5.14504353 2
v -3.49243348 5.78525619 2
v -1.88590734 4.18036714 2
v -1.60961178 3.85905424 2
v -1.12438769 4.0342724 2
v 0.695042797 4.60459396 2
v 1.05386721 4.45346342 2
v 1.75822619 4.31865419 2
v 1.38703511 4.28672595 2
v 1.45480542 3.88109425 2
v 1.52128748 4.89959506 2
v 1.34414752 4.61725963 2
v 3.74585771 -2.00822729 2
v 4.38959258 -5.59924066 2
v 4.03060814 -5.68865984 2
v 3.52190224 -5.23529256 2
v 3.89398391 -6.19041236 2
v 3.84019171 -5.3902355 2
v 3.98142196 -5.01325943 2
v 3.43441197 -5.81941073 2
v 3.78367541 -4.29863876 2
v 3.9833287 -4.62806171 2
v 4.46747807 -4.10942003 2
v 3.46783291 -4.71527474 2
v 4.15226148 -4.30046328 2
v 3.97120281 -3.6461496 2
v 3.96945697 -3.9988404 2
v 3.3451064 -3.81940012 2
v 1.59505104 -3.47510146 2
v 1.78476898 -3.79258276 2
v 2.31688673 -3.82137775 2
v -4.99600361e-16 -2.90225664 2
v 0.285321258 -3.06639266 2
v 0.318502639 -3.45413071 2
v -0.151297475 -3.78468082 2
v -0.347175741 -3.32620099 2
v 4.12115623 1.03947014 2
v 6.96174553 -1.46769147 2
v 6.74422503 -1.76694129 2
v 6.06311483 -1.74663165 2
v 6.9620851 -2.23912638 2
v 6.40653411 -1.6607323 2
v 6.27240721 -1.28117082 2
v 6.37155732 -2.25032979 2
v 5.66157526 -0.860848664 2
v 6.02626754 -0.984866624 2
v 6.06377103 -0.276358828 2
v 5.68743431 -1.38302999 2
v 5.94510134 -0.625323763 2
v 5.38581763 -0.240472678 2
v 5.61118552 -0.511771705 2
v 5.01756324 -0.775637293 2
v 3.80376179 2.59512792 2
v 1.40143389 3.28752055 2
v 5.86938848 3.65783134 2
v 3.64911644 5.65830809 2
v -1.57927665 -3.54529158 2
v -5.48673362 -3.86511815 2
v -6.21703451 -3.31766818 2
v -5.80471457 -3.33559127 2
v -5.53052632 -2.97596179 2
v -6.38717116 -2.20052657 2
v -3.64081173 -5.66503675 2
v -1.73221672 6.72586881 2
v -0.742828176 6.681822 2
v 0.382128255 6.18786558 2
v 0.181634761 5.53571992 2
v 0.837632868 5.81784268 2
v 1.63481399 6.70517091 2
v -1.71863174 -6.48765667 2
v -0.785790236 -6.84064762 2
v -2.62996874 -6.53771403 2
v -2.3025926 -6.28640976 2
v -2.32371759 -5.83467279 2
v 0.757080879 -6.85993894 2
v -6.09065732 2.81909162 2
v -6.60027177 1.96171831 2
v -5.98170218 3.72527573 2
v -5.79106406 3.35923464 2
v -5.34252167 3.3015954 2
v 4.8374901 -4.66415186 2
v 6.70379144 -0.463468913 2
v 6.43043903 1.99940125 2
v -6.49592018 -0.477551488 2
v -7.31313882 -0.139261961 2
v -2.76055465 -2.74120402 2
v -3.11205236 -2.73798075 2
v -3.59330633 -3.17108779 2
v -3.44264139 -2.85457148 2
v -3.87859585 -2.59643422 2
v -2.56920485 -3.07910804 2
v -2.79669379 -3.57270614 2
v -4.35490692 1.47199224 2
v -4.13311774 1.98600336 2
v -4.78737966 1.18771257 2
v -4.75798962 -1.60940301 2
v -4.16593879 -1.84418399 2
v -4.24860322 -2.30676441 2
v -6.87420508 0.413432009 2
v -2.57888389 3.88558862 2
v -2.21637091 3.95733425 2
v -3.00186186 4.03713286 2
v -5.09929749 4.4311892 2
v -3.92813388 5.72779628 2
v -3.07905992 6.15995224 2
v -2.04256562 4.58821204 2
v 3.39202196 -1.90500616 2
v 3.48511365 -2.24396777 2
v 3.90773985 -2.63076101 2
v 3.66466135 -1.62848919 2
v 4.37843043 -1.67441951 2
v 4.01506853 -1.75211427 2
v 4.14208922 -2.15517663 2
v 4.12468925 -1.37625651 2
v 4.64703102 -1.18878612 2
v 4.02242029 -1.06819409 2
v 4.35922411 -1.0015995 2
v 4.67080682 -0.837379238 2
v 4.77236419 -0.403146569 2
v 2.95051987 -6.03738814 2
v 1.68340943 -3.19315383 2
v 3.79012883 0.877373877 2
v 4.08728138 0.689593696 2
v 4.59111934 0.66635874 2
v 3.80532349 1.26539836 2
v 4.36374826 1.71231856 2
v 3.99929977 1.59536058 2
v 4.03169925 2.12070305 2
v 6.14098764 -2.72835002 2
v 5.56234095 4.08562075 2
v 3.92052046 5.43841037 2
v 3.98474208 5.79511065 2
v 4.04065192 6.21173416 2
v 3.79447585 6.57222495 2
v 3.68628517 6.04722606 2
v 3.05850839 5.91098734 2
v 3.39414101 5.87891107 2
v 3.3089345 6.36449857 2
v 3.18776901 5.49151858 2
v -1.11254396 -3.66902914 2
v -1.31922843 -3.28131798 2
v -1.6772862 -3.18866207 2
v -5.16125264 -3.92597791 2
v -4.99237549 -3.46399277 2
v -6.68551619 -1.86864868 2
v -5.84386832 -2.46122211 2
v -3.91579447 -5.44223947 2
v -3.97953353 -5.80200243 2
v -3.5785258 -5.30706728 2
v -4.04761267 -6.21274608 2
v -3.20655856 -5.55619234 2
v -3.79282252 -6.56936131 2
v -3.67687046 -6.06318139 2
v -1.59830111 6.31430661 2
v -1.40705949 7.17785323 2
v -0.43472463 6.68711832 2
v -0.550259629 6.99062332 2
v -0.583537306 6.37969536 2
v -0.943692791 7.24425289 2
v -0.99561346 6.35549053 2
v 1.0691599 5.36013734 2
v 1.13648257 6.18942613 2
v -1.63237407 -6.91177511 2
v -1.25705211 -5.82269835 2
v -0.527469839 -7.00513487 2
v -0.459965394 -6.68668443 2
v -0.838872364 -7.20909524 2
v -0.742645257 -6.1579195 2
v -1.14242888 -6.97731438 2
v -1.22587414 -7.40127007 2
v -6.52331093 2.80779179 2
v -5.51595367 2.24905562 2
v -6.80711696 1.73588529 2
v -6.50522651 1.61410805 2
v -6.95390423 2.07797426 2
v -5.93540787 1.80067431 2
v -6.6729326 2.33667075 2
v -7.07595734 2.49246742 2
v 4.919085 -4.98851194 2
v 5.41951521 -4.93190297 2
v 6.97479139 -0.659494965 2
v 7.32175563 -0.294459635 2
v 6.4978767 1.65197314 2
v 6.77795482 1.88659687 2
v 6.15262689 1.76521735 2
v 7.0941274 2.15748433 2
v 6.02781796 2.19515416 2
v 7.12817467 2.59444341 2
v 6.71398406 2.28121964 2
v -5.84594094 -0.554764189 2
v -7.24887302 -0.465397329 2
v -7.5648857 -0.602631769 2
v -3.76378336 1.94022691 2
v -4.07621743 2.40064815 2
v -4.36062062 2.92260977 2
v -4.63236252 2.26573955 2
v -4.12025564 2.71511561 2
v -3.9636295 3.00543838 2
v -4.45073847 2.57524697 2
v -4.9384022 2.88713494 2
v -4.57423063 -2.00989748 2
v -6.98900738 0.698231724 2
v -7.24112133 0.431066839 2
v -6.62209113 0.680596894 2
v -6.48661534 1.01838382 2
v -6.41034719 0.228243803 2
v -5.82821673 0.892418842 2
v -6.20452237 0.709184113 2
v -6.13783311 1.05024886 2
v -5.78599184 1.35785518 2
v -5.74257516 0.238515202 2
v -5.8948009 0.551138286 2
v -5.48970365 0.555019305 2
v -5.38951947 0.215708857 2
v -5.23152893 0.974586883 2
v -5.59262957 -0.184397059 2
v -4.96105532 4.85550251 2
v -5.05341503 3.83032736 2
v -3.66153181 5.38685616 2
v -3.77717381 6.26373302 2
v -2.88981728 6.4017738 2
v -3.24724583 6.48652844 2
v -2.72163137 6.07519759 2
v -2.36136141 6.12676558 2
v -3.00750866 5.66564542 2
v -2.14717955 5.59286024 2
v -2.49325357 5.76394227 2
v -2.53760224 5.23866169 2
v -2.25535423 4.30745442 2
v -2.51575007 4.72582664 2
v 5.11213813 -0.446432775 2
v 4.9955199 -0.00665811446 2
v 2.9162563 -6.37009401 2
v 3.40586829 -6.4880562 2
v 4.38725644 2.58349925 2
v 6.32859944 -3.0052417 2
v 6.77948861 -2.78088946 2
v 2.76064337 6.11021719 2
v 2.70822064 5.70955962 2
v 2.07663806 5.36043305 2
v 2.34152248 5.62708872 2
v 1.75699007 5.94680316 2
v 2.66627085 5.03960718 2
v 2.09625522 5.87287388 2
v 2.15132611 6.22172095 2
v 1.82668434 6.39252023 2
v 2.58955858 5.38070019 2
v 1.45542222 6.3798804 2
v 3.60789282 6.3370283 2
v 3.48380314 6.62707653 2
v -0.684770147 -4.16611646 2
v -5.25211373 -3.63090512 2
v -4.26112527 -3.46903096 2
v -7.01805096 -2.20452256 2
v -5.99250151 -1.54569513 2
v -5.79138155 -2.78201293 2
v -5.42139472 -2.5567876 2
v -6.21385515 -2.68644743 2
v -2.77946394 -5.74084853 2
v -3.36455114 -6.59173097 2
v -1.59957541 5.75263968 2
v -1.71708049 7.05793096 2
v -1.90710505 7.34531217 2
v -1.13735381 6.94571618 2
v -0.745943676 7.52568532 2
v -1.2141298 7.48149352 2
v -1.75640266 -7.26426428 2
v -1.58161827 -6.09008283 2
v -1.4103609 -7.65411194 2
v -6.84890767 2.99114521 2
v -5.72291566 2.61512172 2
v -7.29292218 2.71805694 2
v 6.14519553 2.72076353 2
v 5.28232146 2.39242098 2
v 6.8144787 2.88686709 2
v -6.1844547 -0.630004559 2
v -5.93299417 -1.05525626 2
v -6.11300359 -0.152346668 2
v -5.33394693 2.90570772 2
v -5.15467263 2.50246779 2
v -6.70462319 0.164671517 2
v -7.05610241 0.107248368 2
v -6.05907897 1.51232766 2
v -5.41140599 1.73086548 2
v -4.88538249 0.822586787 2
v -5.55308878 1.10209245 2
v -5.26204334 1.36685991 2
v -5.05529439 1.66434216 2
v -4.90434874 2.00760166 2
v -5.43941982 -0.560993656 2
v -5.41819802 4.97554914 2
v -4.47266858 4.46170864 2
v -5.30498465 3.62447708 2
v -4.92494038 3.41667175 2
v -5.43345929 4.0381327 2
v -3.49304643 4.88306486 2
v -4.02748242 6.04500952 2
v -4.30433727 6.2500673 2
v -3.20970188 5.88870976 2
v -3.43517139 6.16438812 2
v -2.87378849 4.53869304 2
v -2.87004613 4.96761299 2
v 5.43474597 0.283863373 2
v 4.09781512 2.70502256 2
v 4.39573954 3.00915798 2
v 2.97391851 6.36860898 2
v 2.99662724 5.18523722 2
v 3.02813387 4.6662499 2
v -0.800247587 -3.83288549 2
v -1.16331416 -4.14532631 2
v -4.62765001 -3.5970863 2
v -4.39492066 -3.96686376 2
v -4.6236733 -3.01990058 2
v -7.15604609 -2.60458777 2
v -6.39451202 -1.58806959 2
v -6.15928761 -1.89152269 2
v -6.46810457 -1.24481756 2
v -6.05578534 -2.20638481 2
v -5.54848485 -2.00005639 2
v -5.83422842 -1.83515992 2
v -5.53694842 -1.65003933 2
v -5.4261017 -1.30208045 2
v -2.40972366 -5.09864871 2
v -3.17119232 -6.06063864 2
v -1.13182429 5.88798943 2
v -1.19247278 -6.2317688 2
v -0.954040874 -6.51277046 2
v -1.7940575 -5.50153181 2
v -5.93002351 2.25649173 2
v -6.24815939 2.07047757 2
v 6.3284901 3.00272453 2
v 6.50943983 2.68453671 2
v 5.62515123 2.18072182 2
v 5.65306442 2.6093672 2
v 5.27276971 1.99351049 2
v 4.77438562 2.2050137 2
v -6.43323702 -0.0960872446 2
v -6.07569015 0.183253101 2
v -4.81236972 2.56314587 2
v -5.19272265 2.17247532 2
v -5.83366222 4.89502382 2
v -4.79179004 4.56567908 2
v -4.7941633 4.15230684 2
v -4.53714627 4.80553681 2
v -4.13110775 4.70372094 2
v -4.69141019 3.80420999 2
v -4.46150517 3.40153777 2
v -2.8863125 5.32696104 2
v -3.27214422 5.37992033 2
v -3.15851808 4.75565363 2
v 4.17162031 3.28200654 2
v 4.76736516 3.54288384 2
v 4.41200267 3.5437307 2
v 4.59063588 3.94277114 2
v 4.8984625 2.78622515 2
v -1.41754736 -3.87737222 2
v -2.08709936 -3.99803332 2
v -1.7693397 -3.8432786 2
v -1.95172324 -3.51734331 2
v -1.68180161 -4.42662873 2
v -2.33717058 -3.66819818 2
v -2.59377228 -4.12246183 2
v -0.9606328 -4.99795815 2
v -4.28966894 -2.74036723 2
v -5.07098893 -2.87180867 2
v -6.80981044 -2.87272793 2
v -6.15554372 -1.27708283 2
v -5.75135018 -1.3261256 2
v -2.83759664 -5.27612226 2
v -2.48841359 -5.48088084 2
v -2.14254104 -5.53510179 2
v -2.00376619 -5.15014139 2
v -1.48178424 -5.07689615 2
v -2.14695554 -4.65302808 2
v -3.08881337 -6.39137594 2
v -1.2868335 6.18674652 2
v -1.28826747 5.55271836 2
v -0.986806639 5.21643804 2
v -0.916021677 5.5831572 2
v -1.82809082 -5.84643203 2
v 6.35456462 2.35527249 2
v -5.89276058 4.46110488 2
v -4.47091845 4.13815907 2
v -3.76724354 4.63388621 2
v -4.70181279 3.14605991 2
v -4.21748049 3.20285124 2
v -4.17203298 3.55820304 2
v 5.0708809 3.91601813 2
v 4.84445643 4.18973626 2
v 5.2977008 2.79139647 2
v 5.09263179 3.20955276 2
v -2.60739412 -3.81516157 2
v -2.87049132 -3.98077605 2
v -3.04683942 -4.25362896 2
v -3.37021161 -4.22137569 2
v -3.71433384 -3.77383119 2
v -3.70719232 -4.15513413 2
v -0.940860902 -4.54285224 2
v -4.70661936 -2.48213259 2
v -4.26894075 -3.10444618 2
v -3.94514106 -3.27988116 2
v -3.85640007 -2.94355848 2
v -5.21785622 -3.19261563 2
v -6.93161043 -3.17789801 2
v -6.47067906 -2.91124821 2
v -6.56937816 -2.53938453 2
v -2.74322851 -4.89911679 2
v -2.52258372 -4.58831004 2
v -6.21794563 4.41400172 2
v -5.75655444 4.14814834 2
v -5.48386059 4.41955611 2
v 4.72497663 3.17615665 2
v -4.0518231 -3.88023424 2
v -1.31209131 -4.48958591 2
v -1.54502657 -4.74045339 2
v -0.14976111 -4.80520371 2
v -5.06259699 -2.12766125 2
v -5.06473792 -2.51246242 2
v -4.7891591 -2.77014448 2
v -6.87311944 -2.47834606 2
v -6.702546 -2.21279655 2
v -5.58287037 4.71312301 2
v -5.26761103 4.69817683 2
v -0.508045141 -4.56165575 2
v -4.98910674 -1.82220937 2
v -0.534986843 -4.98660002 2
v -0.0647362183 -4.29481311 2
v -0.73305032 -5.54539144 2
v -0.741522648 -5.22789094 2
v -1.14829229 -5.39614961 2
v -0.32470545 -5.37563169 2
v -1.47803694 -5.40679119 2
v -0.363833398 -5.85751421 2
v -1.54772863 -5.71048237 2
v -0.676233702 -5.85262062 2
v -0.411727903 -6.18616314 2
v 0.0355130686 -6.08352591 2
v 0.206479754 -6.48052605 2
v 0.474688851 -6.68052358 2
v 0.843541665 -6.4119093 2
v 0.514373935 -6.34746213 2
v 0.793204866 -5.79616214 2
v 1.1860669 -6.27935618 2
v 1.19729105 -5.86892464 2
v 1.08378684 -5.34084319 2
v 0.710658371 -7.5652489 2
v 1.10297511 -7.3105477 2
v 1.34899226 -7.59507831 2
v 1.23403886 -6.98968337 2
v 3.25526794 -6.86594909 2
v 6.90702692 -3.16717625 2
v 0.710658371 7.5652489 2
v -5.40724416 -5.33851449 2
v -7.57372031 0.613829812 2
v -0.710658371 -7.5652489 2
v -7.32691124 2.01355356 2
v -5.40724416 5.33851449 2
v -3.25526794 6.86594909 2
v 1.91966709 -7.35206805 2
v 4.31845236 -6.25211928 2
v 5.40724416 -5.33851449 2
v 7.32691124 -2.01355356 2
v 7.57372031 -0.613829812 2
v 1.91966709 7.35206805 2
v 1.463897 7.24690743 2
v 1.3300317 7.59842157 2
v 1.2309953 6.99022003 2
v 5.40724416 5.33851449 2
v -6.19636855 -4.39807266 2
v -7.32691124 -2.01355356 2
v 6.19636855 -4.39807266 2
v 7.57372031 0.613829812 2
v 6.19636855 4.39807266 2
v 5.77963246 4.61047831 2
v 5.90303464 4.96580072 2
v 5.43622394 4.56355068 2
v -7.04281065 -5.90743765 2
v -6.69921215 -5.97601664 2
v -6.43959449 -5.7405273 2
v -6.23829938 -5.99682923 2
v -7.136757 -5.42466992 2
v -6.83657788 -5.28192551 2
v -8.26628046 -3.46827791 2
v -8.00474812 -3.25005609 2
v -8.95398366 -0.431880726 2
v -8.63358739 -0.316268631 2
v -4.10297215 -7.97031768 2
v -4.04289703 -7.63504032 2
v -1.59787824 -9.05239121 2
v -1.29058479 -8.8840649 2
v -1.24307576 -8.53679059 2
v -0.924127052 -8.60373926 2
v -1.98016243 -8.74295723 2
v -1.84196622 -8.44065724 2
v -8.56170428 2.65660764 2
v -8.2210886 2.6556655 2
v -7.04248859 5.90716636 2
v -7.04959919 5.55194869 2
v -6.7693783 5.34413281 2
v -6.98863645 5.10250998 2
v -6.58135348 6.08619718 2
v -6.3887867 5.81539991 2
v -4.85089413 7.53822498 2
v -4.59048095 7.3187638 2
v -1.98016243 8.74295723 2
v -1.81067052 8.44750432 2
v 1.59458575 -9.05297176 2
v 1.82577615 -8.78969622 2
v 1.75164523 -8.44711607 2
v 2.07425676 -8.40094036 2
v 1.12952346 -8.89294783 2
v 1.15599273 -8.56161288 2
v 4.59471916 -7.96163032 2
v 4.72192153 -7.63516046 2
v 4.53509194 -7.33859468 2
v 4.8224546 -7.18486407 2
v 4.10297215 -7.97031768 2
v 4.0145219 -7.64991164 2
v 7.04066163 -5.90999875 2
v 7.0485335 -5.55971166 2
v 6.77153964 -5.34493048 2
v 6.98899324 -5.10218713 2
v 6.58154185 -6.08634958 2
v 6.38884048 -5.81551816 2
v 8.63814445 -3.14224768 2
v 8.52333463 -2.80602029 2
v 8.1889359 -2.70657843 2
v 8.31233129 -2.40453654 2
v 8.26605133 -3.46819912 2
v 7.99247963 -3.27959464 2
v 9.19233369 -0.00167164133 2
v 8.97320369 0.271723774 2
v 8.62295539 0.258207487 2
v 8.6335021 0.583936157 2
v 8.95398366 -0.431880726 2
v 8.63227877 -0.348277868 2
v 1.12952346 8.89294783 2
v 1.18774292 8.55734327 2
v 4.59450791 7.96126604 2
v 4.24345206 7.90658571 2
v 4.08745322 7.59453516 2
v 3.81142741 7.76850492 2
v 4.85089413 7.53822498 2
v 4.61764975 7.30156027 2
v 8.63853987 3.14239246 2
v 8.33911828 3.32435324 2
v 8.01461539 3.19186011 2
v 7.91312029 3.50155212 2
v 8.56170428 2.65660764 2
v 8.23080671 2.62513908 2
v 6.58135348 6.08619718 2
v 6.41044668 5.79163122 2
v -3.54397509 -1.4877364 2
v -3.7769019 -0.58418368 2
v -4.81420312 -0.142807076 2
v -0.930180197 3.70688863 2
v -1.13399293 3.43847618 2
v -0.59978971 4.74813285 2
v 2.40079784 -3.00154773 2
v 1.52164388 -6.81627876 2
v 1.75406304 -5.91354287 2
v 1.65964455 -5.15604561 2
v 1.57013916 -4.85258607 2
v 1.59707159 -4.46402457 2
v 2.07441447 -4.27423797 2
v 1.65432183 -4.1180728 2
v 1.41374797 -5.37942344 2
v 3.79634064 -0.600763494 2
v 3.52581701 1.93366293 2
v 2.7476289 3.91680384 2
v 5.14224862 4.72592164 2
v 3.41706854 4.16301827 2
v 3.77180073 3.99576668 2
v 3.28277312 4.4611394 2
v 4.26209015 4.48869846 2
v -5.83958641 -4.8999948 2
v -4.24424683 -4.47583458 2
v 0.90142711 6.92563971 2
v -0.281876446 5.40681538 2
v -0.496920012 5.71643953 2
v -0.626664805 5.39531733 2
v 5.83958641 -4.8999948 2
v 5.54706637 -4.24347863 2
v 5.42959119 -4.57774135 2
v 5.14484233 -3.40254667 2
v 4.58734795 -2.8834999 2
v 4.25084173 -2.74826269 2
v 3.92523699 -3.13934496 2
v 4.29757422 -3.118257 2
v 7.62303866 3.33066907e-16 2
v 6.97695485 0.314892307 2
v 7.10182357 -0.0166793791 2
v 6.12829271 0.700538936 2
v 5.36759042 0.73980135 2
v 1.83957073 3.93826504 2
v 2.19323669 4.02609784 2
v 2.18887635 4.48930734 2
v 2.44500072 3.84244698 2
v 2.60495358 4.59462389 2
v 1.85712781 4.69778012 2
v 2.23525061 4.93130074 2
v 1.85078331 5.06756572 2
v 1.61031228 5.48653476 2
v 2.85955505 4.37631769 2
v 1.89766547 5.62388035 2
v 1.35079436 5.82274338 2
v 3.81151933 -6.60174514 2
v 3.76118216 -5.88477399 2
v 3.53646702 -6.15869932 2
v 3.19367382 -5.48474122 2
v 3.09684811 -5.01666809 2
v 2.93098386 -5.6989777 2
v 2.95614939 -4.46446307 2
v 2.7395158 -5.0356739 2
v 3.15405504 -4.70806496 2
v 3.31874696 -4.37207525 2
v 3.05186561 -4.08238038 2
v 2.90839785 -3.62742233 2
v 2.60563113 -4.17362374 2
v 3.51473998 -4.10445683 2
v 3.68033043 -3.81291434 2
v 3.64827597 -3.41995139 2
v 3.49705955 -2.99371475 2
v 3.24807995 -3.44741628 2
v 2.84020391 -3.32708602 2
v 2.75696674 -3.02153595 2
v 2.58824484 -3.64999448 2
v 2.63358652 -4.49657321 2
v 2.30485476 -4.50900687 2
v 3.61018732 -2.70790004 2
v 4.8769637 -4.06167008 2
v 4.62588685 -3.65494155 2
v 4.70338908 -4.35283177 2
v 4.55135777 -3.3317705 2
v 4.23821418 -3.44639388 2
v 4.29338145 -3.79846889 2
v 3.67083087 -4.9569877 2
v 2.25351652 -3.50206215 2
v 0.2834603 -3.90345703 2
v 0.554809443 -4.15715491 2
v 0.303307147 -4.48823688 2
v 0.508189041 -5.08421755 2
v 0.509873789 -4.75043164 2
v 0.19150707 -4.91572192 2
v 0.868689844 -4.91913993 2
v 0.145597844 -5.38385128 2
v -0.0853115457 -5.13701052 2
v -0.0940480468 -5.63689045 2
v 0.295644951 -5.76595678 2
v 0.530557864 -6.00948533 2
v 0.562986436 -5.47530337 2
v 7.16331318 -2.60723278 2
v 6.6638925 -2.09035712 2
v 6.66782652 -2.44464021 2
v 5.97201978 -2.14870158 2
v 5.59697538 -1.85237512 2
v 5.90849616 -2.48167009 2
v 5.13424335 -1.51980092 2
v 5.33545964 -2.09662319 2
v 5.44243216 -1.5791995 2
v 5.35262347 -1.21595453 2
v 5.33074103 -0.884965036 2
v 6.34676214 0.023432043 2
v 5.89658636 0.174072098 2
v 6.4009514 -0.311182368 2
v 5.61191923 0.00287957807 2
v 5.99830987 -1.43770828 2
v -5.74692486 -4.0874053 2
v -7.68283113 8.8817842e-16 2
v -3.66208383 -2.36256575 2
v -3.21835729 -3.41822619 2
v -3.26333856 -3.10967486 2
v -3.53831313 -3.49565264 2
v -3.07145471 3.71722377 2
v 4.4247898 -0.584389308 2
v 4.55627435 1.10500217 2
v 4.85418143 1.3554749 2
v 5.17035614 1.25802795 2
v 4.76366483 1.74651086 2
v 4.53518019 1.43248974 2
v 4.96918095 1.9710822 2
v 0.791575965 5.18800655 2
v 0.476253023 5.1016597 2
v 1.2025893 5.03892436 2
v -3.66106351 1.62465853 2
v -4.47526259 1.96074676 2
v -3.84141557 6.65352693 2
v -1.81916008 5.35433819 2
v -2.22708142 5.28865871 2
v -2.35984985 4.98935272 2
v 4.61765027 0.224294583 2
v 4.34023143 0.0761409907 2
v 4.65339736 -0.0996861215 2
v 5.01225583 0.445323199 2
v 3.2460819 6.86929608 2
v -1.91910204 5.82945948 2
v -5.65601484 -0.845615884 2
v -5.64850756 1.95267055 2
v -5.11924769 -0.669513526 2
v -3.42298649 -6.269711 2
v 5.93852948 2.4910047 2
v 5.48096897 1.75391291 2
v 4.39800168 2.20726201 2
v 4.70694483 2.52326061 2
v -2.01410348 -4.33493632 2
v -2.33804378 -4.32174614 2
v 5.43157786 3.66767803 2
v 5.10958376 3.5514588 2
v 5.64421505 3.38405713 2
v -3.06364434 -4.86700973 2
v -1.8670272 -4.84157596 2
v -5.3540425 -2.24854088 2
v -0.3434594 -4.07969779 2
v 0.791987166 -7.19120559 2
v 1.71531267 7.02839839 2
v 5.83177314 4.2814838 2
v 2.04224061 -3.96566846 2
v 3.8372336 1.86902602 2
v 1.09573495 5.66099097 2
v 2.60924111 -5.73104542 2
v 4.41201759 -4.49300807 2
v 5.68263964 -2.71304764 2
v 4.74923899 -1.56241396 2
v 5.00242921 -1.13479453 2
v 6.26785148 -0.605853623 2
v 5.76496895 -0.254664781 2
v 4.21802786 1.35200659 2
v -3.42698249 2.75128152 2
v 4.56412712 -2.04581684 2
v 4.22546125 3.94634025 2
v 7.66603835 -1.13769766 -1.5
v 7.78750826 -0.885659018 -1.5
v 8.06135723 -0.826513654 -1.5
v 8.46689419 -0.864029362 -1.5
v 8.86975627 -0.80842306 -1.5
v 9.25959319 -0.690904792 -1.5
v 9.63460324 -0.532062714 -1.5
v 9.99419224 -0.340765907 -1.5
v 9.99999758 8.9338259e-17 -1.5
v 9.99419224 0.340765907 -1.5
v 9.63460324 0.532062714 -1.5
v 9.25959319 0.690904792 -1.5
v 8.86975627 0.80842306 -1.5
v 8.46689419 0.864029362 -1.5
v 8.06135723 0.826513654 -1.5
v 7.78750826 0.885659018 -1.5
v 7.66603835 1.13769766 -1.5
v 7.59283519 1.55285344 -1.5
v 7.62077727 1.83123745 -1.5
v 7.85788222 1.98047777 -1.5
v 8.25179344 2.08392635 -1.5
v 8.61134148 2.27396612 -1.5
v 8.93747475 2.51772926 -1.5
v 9.23554173 2.79525298 -1.5
v 9.50801751 3.09799986 -1.5
v 9.39692393 3.42020061 -1.5
v 9.2749199 3.73843027 -1.5
v 8.8715894 3.79520379 -1.5
v 8.46486804 3.81620553 -1.5
v 8.05834754 3.79330449 -1.5
v 7.66076255 3.70777038 -1.5
v 7.29251358 3.53381534 -1.5
v 7.01495082 3.49573193 -1.5
v 6.81460416 3.69102563 -1.5
v 6.60382404 4.0561075 -1.5
v 6.53486807 4.32725965 -1.5
v 6.70663064 4.54859435 -1.5
v 7.04140462 4.78052979 -1.5
v 7.31427183 5.08208144 -1.5
v 7.53736495 5.422688 -1.5
v 7.72253759 5.7854199 -1.5
v 7.87503553 6.16310111 -1.5
v 7.66044258 6.42787454 -1.5
v 7.43695533 6.68518477 -1.5
v 7.03853095 6.60058727 -1.5
v 6.64915487 6.48121555 -1.5
v 6.27498317 6.32065742 -1.5
v 5.93062988 6.10429957 -1.5
v 5.64408517 5.81488673 -1.5
v 5.39628678 5.68416799 -1.5
v 5.14122812 5.79916144 -1.5
v 4.81829425 6.07013513 -1.5
v 4.66075734 6.30135047 -1.5
v 4.74646043 6.56808332 -1.5
v 4.98171847 6.90053078 -1.5
v 5.13499304 7.27722272 -1.5
v 5.2281377 7.67359054 -1.5
v 5.27808145 8.0777798 -1.5
v 5.29220805 8.48484142 -1.5
v 4.99999879 8.66025194 -1.5
v 4.70198419 8.82560733 -1.5
v 4.35652179 8.60984252 -1.5
v 4.03145549 8.36449533 -1.5
v 3.73476323 8.08564578 -1.5
v 3.48517572 7.76456014 -1.5
v 3.31489679 7.39459697 -1.5
v 3.12675092 7.18700949 -1.5
v 2.8477441 7.20783279 -1.5
v 2.45160706 7.35201488 -1.5
v 2.22449048 7.51540543 -1.5
v 2.21379705 7.79536451 -1.5
v 2.32116356 8.18822592 -1.5
v 2.33635831 8.59462355 -1.5
v 2.28831988 8.99894481 -1.5
v 2.19701078 9.39584025 -1.5
v 2.07106218 9.78318463 -1.5
v 1.73648136 9.84807515 -1.5
v 1.39988436 9.90153139 -1.5
v 1.14905181 9.58062369 -1.5
v 0.927503087 9.23889352 -1.5
v 0.744075714 8.87538593 -1.5
v 0.619357932 8.48830017 -1.5
v 0.585882937 8.08240969 -1.5
v 0.48008275 7.82299158 -1.5
v 0.210780116 7.74713313 -1.5
v -0.210780116 7.74713313 -1.5
v -0.48008275 7.82299158 -1.5
v -0.585882937 8.08240969 -1.5
v -0.619357932 8.48830017 -1.5
v -0.744075714 8.87538593 -1.5
v -0.927503087 9.23889352 -1.5
v -1.14905181 9.58062369 -1.5
v -1.39988436 9.90153139 -1.5
v -1.73648136 9.84807515 -1.5
v -2.07106218 9.78318463 -1.5
v -2.19701078 9.39584025 -1.5
v -2.28831988 8.99894481 -1.5
v -2.33635831 8.59462355 -1.5
v -2.32116356 8.18822592 -1.5
v -2.21379705 7.79536451 -1.5
v -2.22449048 7.51540543 -1.5
v -2.45160706 7.35201488 -1.5
v -2.8477441 7.20783279 -1.5
v -3.12675092 7.18700949 -1.5
v -3.31489679 7.39459697 -1.5
v -3.48517572 7.76456014 -1.5
v -3.73476323 8.08564578 -1.5
v -4.03145549 8.36449533 -1.5
v -4.35652179 8.60984252 -1.5
v -4.70198419 8.82560733 -1.5
v -4.99999879 8.66025194 -1.5
v -5.29220805 8.48484142 -1.5
v -5.27808145 8.0777798 -1.5
v -5.2281377 7.67359054 -1.5
v -5.13499304 7.27722272 -1.5
v -4.98171847 6.90053078 -1.5
v -4.74646043 6.56808332 -1.5
v -4.66075734 6.30135047 -1.5
v -4.81829425 6.07013513 -1.5
v -5.14122812 5.79916144 -1.5
v -5.39628678 5.68416799 -1.5
v -5.64408517 5.81488673 -1.5
v -5.93062988 6.10429957 -1.5
v -6.27498317 6.32065742 -1.5
v -6.64915487 6.48121555 -1.5
v -7.03853095 6.60058727 -1.5
v -7.43695533 6.68518477 -1.5
v -7.66044258 6.42787454 -1.5
v -7.87503553 6.16310111 -1.5
v -7.72253759 5.7854199 -1.5
v -7.53736495 5.422688 -1.5
v -7.31427183 5.08208144 -1.5
v -7.04140462 4.78052979 -1.5
v -6.70663064 4.54859435 -1.5
v -6.53486807 4.32725965 -1.5
v -6.60382404 4.0561075 -1.5
v -6.81460416 3.69102563 -1.5
v -7.01495082 3.49573193 -1.5
v -7.29251358 3.53381534 -1.5
v -7.66076255 3.70777038 -1.5
v -8.05834754 3.79330449 -1.5
v -8.46486804 3.81620553 -1.5
v -8.8715894 3.79520379 -1.5
v -9.2749199 3.73843027 -1.5
v -9.39692393 3.42020061 -1.5
v -9.50801751 3.09799986 -1.5
v -9.23554173 2.79525298 -1.5
v -8.93747475 2.51772926 -1.5
v -8.61134148 2.27396612 -1.5
v -8.25179344 2.08392635 -1.5
v -7.85788222 1.98047777 -1.5
v -7.62077727 1.83123745 -1.5
v -7.59283519 1.55285344 -1.5
v -7.66603835 1.13769766 -1.5
v -7.78750826 0.885659018 -1.5
v -8.06135723 0.826513654 -1.5
v -8.46689419 0.864029362 -1.5
v -8.86975627 0.80842306 -1.5
v -9.25959319 0.690904792 -1.5
v -9.63460324 0.532062714 -1.5
v -9.99419224 0.340765907 -1.5
v -9.99999758 1.13530824e-15 -1.5
v -9.99419224 -0.340765907 -1.5
v -9.63460324 -0.532062714 -1.5
v -9.25959319 -0.690904792 -1.5
v -8.86975627 -0.80842306 -1.5
v -8.46689419 -0.864029362 -1.5
v -8.06135723 -0.826513654 -1.5
v -7.78750826 -0.885659018 -1.5
v -7.66603835 -1.13769766 -1.5
v -7.59283519 -1.55285344 -1.5
v -7.62077727 -1.83123745 -1.5
v -7.85788222 -1.98047777 -1.5
v -8.25179344 -2.08392635 -1.5
v -8.61134148 -2.27396612 -1.5
v -8.93747475 -2.51772926 -1.5
v -9.23554173 -2.79525298 -1.5
v -9.50801751 -3.09799986 -1.5
v -9.39692393 -3.42020061 -1.5
v -9.2749199 -3.73843027 -1.5
v -8.8715894 -3.79520379 -1.5
v -8.46486804 -3.81620553 -1.5
v -8.05834754 -3.79330449 -1.5
v -7.66076255 -3.70777038 -1.5
v -7.29251358 -3.53381534 -1.5
v -7.01495082 -3.49573193 -1.5
v -6.81460416 -3.69102563 -1.5
v -6.60382404 -4.0561075 -1.5
v -6.53486807 -4.32725965 -1.5
v -6.70663064 -4.54859435 -1.5
v -7.04140462 -4.78052979 -1.5
v -7.31427183 -5.08208144 -1.5
v -7.53736495 -5.422688 -1.5
v -7.72253759 -5.7854199 -1.5
v -7.87503553 -6.16310111 -1.5
v -7.66044258 -6.42787454 -1.5
v -7.43695533 -6.68518477 -1.5
v -7.03853095 -6.60058727 -1.5
v -6.64915487 -6.48121555 -1.5
v -6.27498317 -6.32065742 -1.5
v -5.93062988 -6.10429957 -1.5
v -5.64408517 -5.81488673 -1.5
v -5.39628678 -5.68416799 -1.5
v -5.14122812 -5.79916144 -1.5
v -4.81829425 -6.07013513 -1.5
v -4.66075734 -6.30135047 -1.5
v -4.74646043 -6.56808332 -1.5
v -4.98171847 -6.90053078 -1.5
v -5.13499304 -7.27722272 -1.5
v -5.2281377 -7.67359054 -1.5
v -5.27808145 -8.0777798 -1.5
v -5.29220805 -8.48484142 -1.5
v -4.99999879 -8.66025194 -1.5
v -4.70198419 -8.82560733 -1.5
v -4.35652179 -8.60984252 -1.5
v -4.03145549 -8.36449533 -1.5
v -3.73476323 -8.08564578 -1.5
v -3.48517572 -7.76456014 -1.5
v -3.31489679 -7.39459697 -1.5
v -3.12675092 -7.18700949 -1.5
v -2.8477441 -7.20783279 -1.5
v -2.45160706 -7.35201488 -1.5
v -2.22449048 -7.51540543 -1.5
v -2.21379705 -7.79536451 -1.5
v -2.32116356 -8.18822592 -1.5
v -2.33635831 -8.59462355 -1.5
v -2.28831988 -8.99894481 -1.5
v -2.19701078 -9.39584025 -1.5
v -2.07106218 -9.78318463 -1.5
v -1.73648136 -9.84807515 -1.5
v -1.39988436 -9.90153139 -1.5
v -1.14905181 -9.58062369 -1.5
v -0.927503087 -9.23889352 -1.5
v -0.744075714 -8.87538593 -1.5
v -0.619357932 -8.48830017 -1.5
v -0.585882937 -8.08240969 -1.5
v -0.48008275 -7.82299158 -1.5
v -0.210780116 -7.74713313 -1.5
v 0.210780116 -7.74713313 -1.5
v 0.48008275 -7.82299158 -1.5
v 0.585882937 -8.08240969 -1.5
v 0.619357932 -8.48830017 -1.5
v 0.744075714 -8.87538593 -1.5
v 0.927503087 -9.23889352 -1.5
v 1.14905181 -9.58062369 -1.5
v 1.39988436 -9.90153139 -1.5
v 1.73648136 -9.84807515 -1.5
v 2.07106218 -9.78318463 -1.5
v 2.19701078 -9.39584025 -1.5
v 2.28831988 -8.99894481 -1.5
v 2.33635831 -8.59462355 -1.5
v 2.32116356 -8.18822592 -1.5
v 2.21379705 -7.79536451 -1.5
v 2.22449048 -7.51540543 -1.5
v 2.45160706 -7.35201488 -1.5
v 2.8477441 -7.20783279 -1.5
v 3.12675092 -7.18700949 -1.5
v 3.31489679 -7.39459697 -1.5
v 3.48517572 -7.76456014 -1.5
v 3.73476323 -8.08564578 -1.5
v 4.03145549 -8.36449533 -1.5
v 4.35652179 -8.60984252 -1.5
v 4.70198419 -8.82560733 -1.5
v 4.99999879 -8.66025194 -1.5
v 5.29220805 -8.48484142 -1.5
v 5.27808145 -8.0777798 -1.5
v 5.2281377 -7.67359054 -1.5
v 5.13499304 -7.27722272 -1.5
v 4.98171847 -6.90053078 -1.5
v 4.74646043 -6.56808332 -1.5
v 4.66075734 -6.30135047 -1.5
v 4.81829425 -6.07013513 -1.5
v 5.14122812 -5.79916144 -1.5
v 5.39628678 -5.68416799 -1.5
v 5.64408517 -5.81488673 -1.5
v 5.93062988 -6.10429957 -1.5
v 6.27498317 -6.32065742 -1.5
v 6.64915487 -6.48121555 -1.5
v 7.03853095 -6.60058727 -1.5
v 7.43695533 -6.68518477 -1.5
v 7.66044258 -6.42787454 -1.5
v 7.87503553 -6.16310111 -1.5
v 7.72253759 -5.7854199 -1.5
v 7.53736495 -5.422688 -1.5
v 7.31427183 -5.08208144 -1.5
v 7.04140462 -4.78052979 -1.5
v 6.70663064 -4.54859435 -1.5
v 6.53486807 -4.32725965 -1.5
v 6.60382404 -4.0561075 -1.5
v 6.81460416 -3.69102563 -1.5
v 7.01495082 -3.49573193 -1.5
v 7.29251358 -3.53381534 -1.5
v 7.66076255 -3.70777038 -1.5
v 8.05834754 -3.79330449 -1.5
v 8.46486804 -3.81620553 -1.5
v 8.8715894 -3.79520379 -1.5
v 9.2749199 -3.73843027 -1.5
v 9.39692393 -3.42020061 -1.5
v 9.50801751 -3.09799986 -1.5
v 9.23554173 -2.79525298 -1.5
v 8.93747475 -2.51772926 -1.5
v 8.61134148 -2.27396612 -1.5
v 8.25179344 -2.08392635 -1.5
v 7.85788222 -1.98047777 -1.5
v 7.62077727 -1.83123745 -1.5
v 7.59283519 -1.55285344 -1.5
v 2.65402737 -0.496123698 -1.5
v 2.51767502 -0.975352499 -1.5
v 2.29558627 -1.42136684 -1.5
v 1.99532408 -1.81897824 -1.5
v 1.62711352 -2.15464651 -1.5
v 1.20349356 -2.41694089 -1.5
v 0.738890073 -2.59692924 -1.5
v 0.249124571 -2.68848228 -1.5
v -0.249124571 -2.68848228 -1.5
v -0.738890073 -2.59692924 -1.5
v -1.20349356 -2.41694089 -1.5
v -1.62711352 -2.15464651 -1.5
v -1.99532408 -1.81897824 -1.5
v -2.29558627 -1.42136684 -1.5
v -2.51767502 -0.975352499 -1.5
v -2.65402737 -0.496123698 -1.5
v -2.7 3.30654636e-16 -1.5
v -2.65402737 0.496123698 -1.5
v -2.51767502 0.975352499 -1.5
v -2.29558627 1.42136684 -1.5
v -1.99532408 1.81897824 -1.5
v -1.62711352 2.15464651 -1.5
v -1.20349356 2.41694089 -1.5
v -0.738890073 2.59692924 -1.5
v -0.249124571 2.68848228 -1.5
v 0.249124571 2.68848228 -1.5
v 0.738890073 2.59692924 -1.5
v 1.20349356 2.41694089 -1.5
v 1.62711352 2.15464651 -1.5
v 1.99532408 1.81897824 -1.5
v 2.29558627 1.42136684 -1.5
v 2.51767502 0.975352499 -1.5
v 2.65402737 0.496123698 -1.5
v 2.7 0 -1.5
v 7.66603835 -1.13769766 -1
v 7.78750826 -0.885659018 -1
v 8.06135723 -0.826513654 -1
v 8.46689419 -0.864029362 -1
v 8.86975627 -0.80842306 -1
v 9.25959319 -0.690904792 -1
v 9.63460324 -0.532062714 -1
v 9.99419224 -0.340765907 -1
v 9.99999758 8.9338259e-17 -1
v 9.99419224 0.340765907 -1
v 9.63460324 0.532062714 -1
v 9.25959319 0.690904792 -1
v 8.86975627 0.80842306 -1
v 8.46689419 0.864029362 -1
v 8.06135723 0.826513654 -1
v 7.78750826 0.885659018 -1
v 7.66603835 1.13769766 -1
v 7.59283519 1.55285344 -1
v 7.62077727 1.83123745 -1
v 7.85788222 1.98047777 -1
v 8.25179344 2.08392635 -1
v 8.61134148 2.27396612 -1
v 8.93747475 2.51772926 -1
v 9.23554173 2.79525298 -1
v 9.50801751 3.09799986 -1
v 9.39692393 3.42020061 -1
v 9.2749199 3.73843027 -1
v 8.8715894 3.79520379 -1
v 8.46486804 3.81620553 -1
v 8.05834754 3.79330449 -1
v 7.66076255 3.70777038 -1
v 7.29251358 3.53381534 -1
v 7.01495082 3.49573193 -1
v 6.81460416 3.69102563 -1
v 6.60382404 4.0561075 -1
v 6.53486807 4.32725965 -1
v 6.70663064 4.54859435 -1
v 7.04140462 4.78052979 -1
v 7.31427183 5.08208144 -1
v 7.53736495 5.422688 -1
v 7.72253759 5.7854199 -1
v 7.87503553 6.16310111 -1
v 7.66044258 6.42787454 -1
v 7.43695533 6.68518477 -1
v 7.03853095 6.60058727 -1
v 6.64915487 6.48121555 -1
v 6.27498317 6.32065742 -1
v 5.93062988 6.10429957 -1
v 5.64408517 5.81488673 -1
v 5.39628678 5.68416799 -1
v 5.14122812 5.79916144 -1
v 4.81829425 6.07013513 -1
v 4.66075734 6.30135047 -1
v 4.74646043 6.56808332 -1
v 4.98171847 6.90053078 -1
v 5.13499304 7.27722272 -1
v 5.2281377 7.67359054 -1
v 5.27808145 8.0777798 -1
v 5.29220805 8.48484142 -1
v 4.99999879 8.66025194 -1
v 4.70198419 8.82560733 -1
v 4.35652179 8.60984252 -1
v 4.03145549 8.36449533 -1
v 3.73476323 8.08564578 -1
v 3.48517572 7.76456014 -1
v 3.31489679 7.39459697 -1
v 3.12675092 7.18700949 -1
v 2.8477441 7.20783279 -1
v 2.45160706 7.35201488 -1
v 2.22449048 7.51540543 -1
v 2.21379705 7.79536451 -1
v 2.32116356 8.18822592 -1
v 2.33635831 8.59462355 -1
v 2.28831988 8.99894481 -1
v 2.19701078 9.39584025 -1
v 2.07106218 9.78318463 -1
v 1.73648136 9.84807515 -1
v 1.39988436 9.90153139 -1
v 1.14905181 9.58062369 -1
v 0.927503087 9.23889352 -1
v 0.744075714 8.87538593 -1
v 0.619357932 8.48830017 -1
v 0.585882937 8.08240969 -1
v 0.48008275 7.82299158 -1
v 0.210780116 7.74713313 -1
v -0.210780116 7.74713313 -1
v -0.48008275 7.82299158 -1
v -0.585882937 8.08240969 -1
v -0.619357932 8.48830017 -1
v -0.744075714 8.87538593 -1
v -0.927503087 9.23889352 -1
v -1.14905181 9.58062369 -1
v -1.39988436 9.90153139 -1
v -1.73648136 9.84807515 -1
v -2.07106218 9.78318463 -1
v -2.19701078 9.39584025 -1
v -2.28831988 8.99894481 -1
v -2.33635831 8.59462355 -1
v -2.32116356 8.18822592 -1
v -2.21379705 7.79536451 -1
v -2.22449048 7.51540543 -1
v -2.45160706 7.35201488 -1
v -2.8477441 7.20783279 -1
v -3.12675092 7.18700949 -1
v -3.31489679 7.39459697 -1
v -3.48517572 7.76456014 -1
v -3.73476323 8.08564578 -1
v -4.03145549 8.36449533 -1
v -4.35652179 8.60984252 -1
v -4.70198419 8.82560733 -1
v -4.99999879 8.66025194 -1
v -5.29220805 8.48484142 -1
v -5.27808145 8.0777798 -1
v -5.2281377 7.67359054 -1
v -5.13499304 7.27722272 -1
v -4.98171847 6.90053078 -1
v -4.74646043 6.56808332 -1
v -4.66075734 6.30135047 -1
v -4.81829425 6.07013513 -1
v -5.14122812 5.79916144 -1
v -5.39628678 5.68416799 -1
v -5.64408517 5.81488673 -1
v -5.93062988 6.10429957 -1
v -6.27498317 6.32065742 -1
v -6.64915487 6.48121555 -1
v -7.03853095 6.60058727 -1
v -7.43695533 6.68518477 -1
v -7.66044258 6.42787454 -1
v -7.87503553 6.16310111 -1
v -7.72253759 5.7854199 -1
v -7.53736495 5.422688 -1
v -7.31427183 5.08208144 -1
v -7.04140462 4.78052979 -1
v -6.70663064 4.54859435 -1
v -6.53486807 4.32725965 -1
v -6.60382404 4.0561075 -1
v -6.81460416 3.69102563 -1
v -7.01495082 3.49573193 -1
v -7.29251358 3.53381534 -1
v -7.66076255 3.70777038 -1
v -8.05834754 3.79330449 -1
v -8.46486804 3.81620553 -1
v -8.8715894 3.79520379 -1
v -9.2749199 3.73843027 -1
v -9.39692393 3.42020061 -1
v -9.50801751 3.09799986 -1
v -9.23554173 2.79525298 -1
v -8.93747475 2.51772926 -1
v -8.61134148 2.27396612 -1
v -8.25179344 2.08392635 -1
v -7.85788222 1.98047777 -1
v -7.62077727 1.83123745 -1
v -7.59283519 1.55285344 -1
v -7.66603835 1.13769766 -1
v -7.78750826 0.885659018 -1
v -8.06135723 0.826513654 -1
v -8.46689419 0.864029362 -1
v -8.86975627 0.80842306 -1
v -9.25959319 0.690904792 -1
v -9.63460324 0.532062714 -1
v -9.99419224 0.340765907 -1
v -9.99999758 1.13530824e-15 -1
v -9.99419224 -0.340765907 -1
v -9.63460324 -0.532062714 -1
v -9.25959319 -0.690904792 -1
v -8.86975627 -0.80842306 -1
v -8.46689419 -0.864029362 -1
v -8.06135723 -0.826513654 -1
v -7.78750826 -0.885659018 -1
v -7.66603835 -1.13769766 -1
v -7.59283519 -1.55285344 -1
v -7.62077727 -1.83123745 -1
v -7.85788222 -1.98047777 -1
v -8.25179344 -2.08392635 -1
v -8.61134148 -2.27396612 -1
v -8.93747475 -2.51772926 -1
v -9.23554173 -2.79525298 -1
v -9.50801751 -3.09799986 -1
v -9.39692393 -3.42020061 -1
v -9.2749199 -3.73843027 -1
v -8.8715894 -3.79520379 -1
v -8.46486804 -3.81620553 -1
v -8.05834754 -3.79330449 -1
v -7.66076255 -3.70777038 -1
v -7.29251358 -3.53381534 -1
v -7.01495082 -3.49573193 -1
v -6.81460416 -3.69102563 -1
v -6.60382404 -4.0561075 -1
v -6.53486807 -4.32725965 -1
v -6.70663064 -4.54859435 -1
v -7.04140462 -4.78052979 -1
v -7.31427183 -5.08208144 -1
v -7.53736495 -5.422688 -1
v -7.72253759 -5.7854199 -1
v -7.87503553 -6.16310111 -1
v -7.66044258 -6.42787454 -1
v -7.43695533 -6.68518477 -1
v -7.03853095 -6.60058727 -1
v -6.64915487 -6.48121555 -1
v -6.27498317 -6.32065742 -1
v -5.93062988 -6.10429957 -1
v -5.64408517 -5.81488673 -1
v -5.39628678 -5.68416799 -1
v -5.14122812 -5.79916144 -1
v -4.81829425 -6.07013513 -1
v -4.66075734 -6.30135047 -1
v -4.74646043 -6.56808332 -1
v -4.98171847 -6.90053078 -1
v -5.13499304 -7.27722272 -1
v -5.2281377 -7.67359054 -1
v -5.27808145 -8.0777798 -1
v -5.29220805 -8.48484142 -1
v -4.99999879 -8.66025194 -1
v -4.70198419 -8.82560733 -1
v -4.35652179 -8.60984252 -1
v -4.03145549 -8.36449533 -1
v -3.73476323 -8.08564578 -1
v -3.48517572 -7.76456014 -1
v -3.31489679 -7.39459697 -1
v -3.12675092 -7.18700949 -1
v -2.8477441 -7.20783279 -1
v -2.45160706 -7.35201488 -1
v -2.22449048 -7.51540543 -1
v -2.21379705 -7.79536451 -1
v -2.32116356 -8.18822592 -1
v -2.33635831 -8.59462355 -1
v -2.28831988 -8.99894481 -1
v -2.19701078 -9.39584025 -1
v -2.07106218 -9.78318463 -1
v -1.73648136 -9.84807515 -1
v -1.39988436 -9.90153139 -1
v -1.14905181 -9.58062369 -1
v -0.927503087 -9.23889352 -1
v -0.744075714 -8.87538593 -1
v -0.619357932 -8.48830017 -1
v -0.585882937 -8.08240969 -1
v -0.48008275 -7.82299158 -1
v -0.210780116 -7.74713313 -1
v 0.210780116 -7.74713313 -1
v 0.48008275 -7.82299158 -1
v 0.585882937 -8.08240969 -1
v 0.619357932 -8.48830017 -1
v 0.744075714 -8.87538593 -1
v 0.927503087 -9.23889352 -1
v 1.14905181 -9.58062369 -1
v 1.39988436 -9.90153139 -1
v 1.73648136 -9.84807515 -1
v 2.07106218 -9.78318463 -1
v 2.19701078 -9.39584025 -1
v 2.28831988 -8.99894481 -1
v 2.33635831 -8.59462355 -1
v 2.32116356 -8.18822592 -1
v 2.21379705 -7.79536451 -1
v 2.22449048 -7.51540543 -1
v 2.45160706 -7.35201488 -1
v 2.8477441 -7.20783279 -1
v 3.12675092 -7.18700949 -1
v 3.31489679 -7.39459697 -1
v 3.48517572 -7.76456014 -1
v 3.73476323 -8.08564578 -1
v 4.03145549 -8.36449533 -1
v 4.35652179 -8.60984252 -1
v 4.70198419 -8.82560733 -1
v 4.99999879 -8.66025194 -1
v 5.29220805 -8.48484142 -1
v 5.27808145 -8.0777798 -1
v 5.2281377 -7.67359054 -1
v 5.13499304 -7.27722272 -1
v 4.98171847 -6.90053078 -1
v 4.74646043 -6.56808332 -1
v 4.66075734 -6.30135047 -1
v 4.81829425 -6.07013513 -1
v 5.14122812 -5.79916144 -1
v 5.39628678 -5.68416799 -1
v 5.64408517 -5.81488673 -1
v 5.93062988 -6.10429957 -1
v 6.27498317 -6.32065742 -1
v 6.64915487 -6.48121555 -1
v 7.03853095 -6.60058727 -1
v 7.43695533 -6.68518477 -1
v 7.66044258 -6.42787454 -1
v 7.87503553 -6.16310111 -1
v 7.72253759 -5.7854199 -1
v 7.53736495 -5.422688 -1
v 7.31427183 -5.08208144 -1
v 7.04140462 -4.78052979 -1
v 6.70663064 -4.54859435 -1
v 6.53486807 -4.32725965 -1
v 6.60382404 -4.0561075 -1
v 6.81460416 -3.69102563 -1
v 7.01495082 -3.49573193 -1
v 7.29251358 -3.53381534 -1
v 7.66076255 -3.70777038 -1
v 8.05834754 -3.79330449 -1
v 8.46486804 -3.81620553 -1
v 8.8715894 -3.79520379 -1
v 9.2749199 -3.73843027 -1
v 9.39692393 -3.42020061 -1
v 9.50801751 -3.09799986 -1
v 9.23554173 -2.79525298 -1
v 8.93747475 -2.51772926 -1
v 8.61134148 -2.27396612 -1
v 8.25179344 -2.08392635 -1
v 7.85788222 -1.98047777 -1
v 7.62077727 -1.83123745 -1
v 7.59283519 -1.55285344 -1
v 2.65402737 -0.496123698 -1
v 2.51767502 -0.975352499 -1
v 2.29558627 -1.42136684 -1
v 1.99532408 -1.81897824 -1
v 1.62711352 -2.15464651 -1
v 1.20349356 -2.41694089 -1
v 0.738890073 -2.59692924 -1
v 0.249124571 -2.68848228 -1
v -0.249124571 -2.68848228 -1
v -0.738890073 -2.59692924 -1
v -1.20349356 -2.41694089 -1
v -1.62711352 -2.15464651 -1
v -1.99532408 -1.81897824 -1
v -2.29558627 -1.42136684 -1
v -2.51767502 -0.975352499 -1
v -2.65402737 -0.496123698 -1
v -2.7 3.30654636e-16 -1
v -2.65402737 0.496123698 -1
v -2.51767502 0.975352499 -1
v -2.29558627 1.42136684 -1
v -1.99532408 1.81897824 -1
v -1.62711352 2.15464651 -1
v -1.20349356 2.41694089 -1
v -0.738890073 2.59692924 -1
v -0.249124571 2.68848228 -1
v 0.249124571 2.68848228 -1
v 0.738890073 2.59692924 -1
v 1.20349356 2.41694089 -1
v 1.62711352 2.15464651 -1
v 1.99532408 1.81897824 -1
v 2.29558627 1.42136684 -1
v 2.51767502 0.975352499 -1
v 2.65402737 0.496123698 -1
v 2.7 0 -1
v 7.66603835 -1.13769766 -0.5
v 7.78750826 -0.885659018 -0.5
v 8.06135723 -0.826513654 -0.5
v 8.46689419 -0.864029362 -0.5
v 8.86975627 -0.80842306 -0.5
v 9.25959319 -0.690904792 -0.5
v 9.63460324 -0.532062714 -0.5
v 9.99419224 -0.340765907 -0.5
v 9.99999758 8.9338259e-17 -0.5
v 9.99419224 0.340765907 -0.5
v 9.63460324 0.532062714 -0.5
v 9.25959319 0.690904792 -0.5
v 8.86975627 0.80842306 -0.5
v 8.46689419 0.864029362 -0.5
v 8.06135723 0.826513654 -0.5
v 7.78750826 0.885659018 -0.5
v 7.66603835 1.13769766 -0.5
v 7.59283519 1.55285344 -0.5
v 7.62077727 1.83123745 -0.5
v 7.85788222 1.98047777 -0.5
v 8.25179344 2.08392635 -0.5
v 8.61134148 2.27396612 -0.5
v 8.93747475 2.51772926 -0.5
v 9.23554173 2.79525298 -0.5
v 9.50801751 3.09799986 -0.5
v 9.39692393 3.42020061 -0.5
v 9.2749199 3.73843027 -0.5
v 8.8715894 3.79520379 -0.5
v 8.46486804 3.81620553 -0.5
v 8.05834754 3.79330449 -0.5
v 7.66076255 3.70777038 -0.5
v 7.29251358 3.53381534 -0.5
v 7.01495082 3.49573193 -0.5
v 6.81460416 3.69102563 -0.5
v 6.60382404 4.0561075 -0.5
v 6.53486807 4.32725965 -0.5
v 6.70663064 4.54859435 -0.5
v 7.04140462 4.78052979 -0.5
v 7.31427183 5.08208144 -0.5
v 7.53736495 5.422688 -0.5
v 7.72253759 5.7854199 -0.5
v 7.87503553 6.16310111 -0.5
v 7.66044258 6.42787454 -0.5
v 7.43695533 6.68518477 -0.5
v 7.03853095 6.60058727 -0.5
v 6.64915487 6.48121555 -0.5
v 6.27498317 6.32065742 -0.5
v 5.93062988 6.10429957 -0.5
v 5.64408517 5.81488673 -0.5
v 5.39628678 5.68416799 -0.5
v 5.14122812 5.79916144 -0.5
v 4.81829425 6.07013513 -0.5
v 4.66075734 6.30135047 -0.5
v 4.74646043 6.56808332 -0.5
v 4.98171847 6.90053078 -0.5
v 5.13499304 7.27722272 -0.5
v 5.2281377 7.67359054 -0.5
v 5.27808145 8.0777798 -0.5
v 5.29220805 8.48484142 -0.5
v 4.99999879 8.66025194 -0.5
v 4.70198419 8.82560733 -0.5
v 4.35652179 8.60984252 -0.5
v 4.03145549 8.36449533 -0.5
v 3.73476323 8.08564578 -0.5
v 3.48517572 7.76456014 -0.5
v 3.31489679 7.39459697 -0.5
v 3.12675092 7.18700949 -0.5
v 2.8477441 7.20783279 -0.5
v 2.45160706 7.35201488 -0.5
v 2.22449048 7.51540543 -0.5
v 2.21379705 7.79536451 -0.5
v 2.32116356 8.18822592 -0.5
v 2.33635831 8.59462355 -0.5
v 2.28831988 8.99894481 -0.5
v 2.19701078 9.39584025 -0.5
v 2.07106218 9.78318463 -0.5
v 1.73648136 9.84807515 -0.5
v 1.39988436 9.90153139 -0.5
v 1.14905181 9.58062369 -0.5
v 0.927503087 9.23889352 -0.5
v 0.744075714 8.87538593 -0.5
v 0.619357932 8.48830017 -0.5
v 0.585882937 8.08240969 -0.5
v 0.48008275 7.82299158 -0.5
v 0.210780116 7.74713313 -0.5
v -0.210780116 7.74713313 -0.5
v -0.48008275 7.82299158 -0.5
v -0.585882937 8.08240969 -0.5
v -0.619357932 8.48830017 -0.5
v -0.744075714 8.87538593 -0.5
v -0.927503087 9.23889352 -0.5
v -1.14905181 9.58062369 -0.5
v -1.39988436 9.90153139 -0.5
v -1.73648136 9.84807515 -0.5
v -2.07106218 9.78318463 -0.5
v -2.19701078 9.39584025 -0.5
v -2.28831988 8.99894481 -0.5
v -2.33635831 8.59462355 -0.5
v -2.32116356 8.18822592 -0.5
v -2.21379705 7.79536451 -0.5
v -2.22449048 7.51540543 -0.5
v -2.45160706 7.35201488 -0.5
v -2.8477441 7.20783279 -0.5
v -3.12675092 7.18700949 -0.5
v -3.31489679 7.39459697 -0.5
v -3.48517572 7.76456014 -0.5
v -3.73476323 8.08564578 -0.5
v -4.03145549 8.36449533 -0.5
v -4.35652179 8.60984252 -0.5
v -4.70198419 8.82560733 -0.5
v -4.99999879 8.66025194 -0.5
v -5.29220805 8.48484142 -0.5
v -5.27808145 8.0777798 -0.5
v -5.2281377 7.67359054 -0.5
v -5.13499304 7.27722272 -0.5
v -4.98171847 6.90053078 -0.5
v -4.74646043 6.56808332 -0.5
v -4.66075734 6.30135047 -0.5
v -4.81829425 6.07013513 -0.5
v -5.14122812 5.79916144 -0.5
v -5.39628678 5.68416799 -0.5
v -5.64408517 5.81488673 -0.5
v -5.93062988 6.10429957 -0.5
v -6.27498317 6.32065742 -0.5
v -6.64915487 6.48121555 -0.5
v -7.03853095 6.60058727 -0.5
v -7.43695533 6.68518477 -0.5
v -7.66044258 6.42787454 -0.5
v -7.87503553 6.16310111 -0.5
v -7.72253759 5.7854199 -0.5
v -7.53736495 5.422688 -0.5
v -7.31427183 5.08208144 -0.5
v -7.04140462 4.78052979 -0.5
v -6.70663064 4.54859435 -0.5
v -6.53486807 4.32725965 -0.5
v -6.60382404 4.0561075 -0.5
v -6.81460416 3.69102563 -0.5
v -7.01495082 3.49573193 -0.5
v -7.29251358 3.53381534 -0.5
v -7.66076255 3.70777038 -0.5
v -8.05834754 3.79330449 -0.5
v -8.46486804 3.81620553 -0.5
v -8.8715894 3.79520379 -0.5
v -9.2749199 3.73843027 -0.5
v -9.39692393 3.42020061 -0.5
v -9.50801751 3.09799986 -0.5
v -9.23554173 2.79525298 -0.5
v -8.93747475 2.51772926 -0.5
v -8.61134148 2.27396612 -0.5
v -8.25179344 2.08392635 -0.5
v -7.85788222 1.98047777 -0.5
v -7.62077727 1.83123745 -0.5
v -7.59283519 1.55285344 -0.5
v -7.66603835 1.13769766 -0.5
v -7.78750826 0.885659018 -0.5
v -8.06135723 0.826513654 -0.5
v -8.46689419 0.864029362 -0.5
v -8.86975627 0.80842306 -0.5
v -9.25959319 0.690904792 -0.5
v -9.63460324 0.532062714 -0.5
v -9.99419224 0.340765907 -0.5
v -9.99999758 1.13530824e-15 -0.5
v -9.99419224 -0.340765907 -0.5
v -9.63460324 -0.532062714 -0.5
v -9.25959319 -0.690904792 -0.5
v -8.86975627 -0.80842306 -0.5
v -8.46689419 -0.864029362 -0.5
v -8.06135723 -0.826513654 -0.5
v -7.78750826 -0.885659018 -0.5
v -7.66603835 -1.13769766 -0.5
v -7.59283519 -1.55285344 -0.5
v -7.62077727 -1.83123745 -0.5
v -7.85788222 -1.98047777 -0.5
v -8.25179344 -2.08392635 -0.5
v -8.61134148 -2.27396612 -0.5
v -8.93747475 -2.51772926 -0.5
v -9.23554173 -2.79525298 -0.5
v -9.50801751 -3.09799986 -0.5
v -9.39692393 -3.42020061 -0.5
v -9.2749199 -3.73843027 -0.5
v -8.8715894 -3.79520379 -0.5
v -8.46486804 -3.81620553 -0.5
v -8.05834754 -3.79330449 -0.5
v -7.66076255 -3.70777038 -0.5
v -7.29251358 -3.53381534 -0.5
v -7.01495082 -3.49573193 -0.5
v -6.81460416 -3.69102563 -0.5
v -6.60382404 -4.0561075 -0.5
v -6.53486807 -4.32725965 -0.5
v -6.70663064 -4.54859435 -0.5
v -7.04140462 -4.78052979 -0.5
v -7.31427183 -5.08208144 -0.5
v -7.53736495 -5.422688 -0.5
v -7.72253759 -5.7854199 -0.5
v -7.87503553 -6.16310111 -0.5
v -7.66044258 -6.42787454 -0.5
v -7.43695533 -6.68518477 -0.5
v -7.03853095 -6.60058727 -0.5
v -6.64915487 -6.48121555 -0.5
v -6.27498317 -6.32065742 -0.5
v -5.93062988 -6.10429957 -0.5
v -5.64408517 -5.81488673 -0.5
v -5.39628678 -5.68416799 -0.5
v -5.14122812 -5.79916144 -0.5
v -4.81829425 -6.07013513 -0.5
v -4.66075734 -6.30135047 -0.5
v -4.74646043 -6.56808332 -0.5
v -4.98171847 -6.90053078 -0.5
v -5.13499304 -7.27722272 -0.5
v -5.2281377 -7.67359054 -0.5
v -5.27808145 -8.0777798 -0.5
v -5.29220805 -8.48484142 -0.5
v -4.99999879 -8.66025194 -0.5
v -4.70198419 -8.82560733 -0.5
v -4.35652179 -8.60984252 -0.5
v -4.03145549 -8.36449533 -0.5
v -3.73476323 -8.08564578 -0.5
v -3.48517572 -7.76456014 -0.5
v -3.31489679 -7.39459697 -0.5
v -3.12675092 -7.18700949 -0.5
v -2.8477441 -7.20783279 -0.5
v -2.45160706 -7.35201488 -0.5
v -2.22449048 -7.51540543 -0.5
v -2.21379705 -7.79536451 -0.5
v -2.32116356 -8.18822592 -0.5
v -2.33635831 -8.59462355 -0.5
v -2.28831988 -8.99894481 -0.5
v -2.19701078 -9.39584025 -0.5
v -2.07106218 -9.78318463 -0.5
v -1.73648136 -9.84807515 -0.5
v -1.39988436 -9.90153139 -0.5
v -1.14905181 -9.58062369 -0.5
v -0.927503087 -9.23889352 -0.5
v -0.744075714 -8.87538593 -0.5
v -0.619357932 -8.48830017 -0.5
v -0.585882937 -8.08240969 -0.5
v -0.48008275 -7.82299158 -0.5
v -0.210780116 -7.74713313 -0.5
v 0.210780116 -7.74713313 -0.5
v 0.48008275 -7.82299158 -0.5
v 0.585882937 -8.08240969 -0.5
v 0.619357932 -8.48830017 -0.5
v 0.744075714 -8.87538593 -0.5
v 0.927503087 -9.23889352 -0.5
v 1.14905181 -9.58062369 -0.5
v 1.39988436 -9.90153139 -0.5
v 1.73648136 -9.84807515 -0.5
v 2.07106218 -9.78318463 -0.5
v 2.19701078 -9.39584025 -0.5
v 2.28831988 -8.99894481 -0.5
v 2.33635831 -8.59462355 -0.5
v 2.32116356 -8.18822592 -0.5
v 2.21379705 -7.79536451 -0.5
v 2.22449048 -7.51540543 -0.5
v 2.45160706 -7.35201488 -0.5
v 2.8477441 -7.20783279 -0.5
v 3.12675092 -7.18700949 -0.5
v 3.31489679 -7.39459697 -0.5
v 3.48517572 -7.76456014 -0.5
v 3.73476323 -8.08564578 -0.5
v 4.03145549 -8.36449533 -0.5
v 4.35652179 -8.60984252 -0.5
v 4.70198419 -8.82560733 -0.5
v 4.99999879 -8.66025194 -0.5
v 5.29220805 -8.48484142 -0.5
v 5.27808145 -8.0777798 -0.5
v 5.2281377 -7.67359054 -0.5
v 5.13499304 -7.27722272 -0.5
v 4.98171847 -6.90053078 -0.5
v 4.74646043 -6.56808332 -0.5
v 4.66075734 -6.30135047 -0.5
v 4.81829425 -6.07013513 -0.5
v 5.14122812 -5.79916144 -0.5
v 5.39628678 -5.68416799 -0.5
v 5.64408517 -5.81488673 -0.5
v 5.93062988 -6.10429957 -0.5
v 6.27498317 -6.32065742 -0.5
v 6.64915487 -6.48121555 -0.5
v 7.03853095 -6.60058727 -0.5
v 7.43695533 -6.68518477 -0.5
v 7.66044258 -6.42787454 -0.5
v 7.87503553 -6.16310111 -0.5
v 7.72253759 -5.7854199 -0.5
v 7.53736495 -5.422688 -0.5
v 7.31427183 -5.08208144 -0.5
v 7.04140462 -4.78052979 -0.5
v 6.70663064 -4.54859435 -0.5
v 6.53486807 -4.32725965 -0.5
v 6.60382404 -4.0561075 -0.5
v 6.81460416 -3.69102563 -0.5
v 7.01495082 -3.49573193 -0.5
v 7.29251358 -3.53381534 -0.5
v 7.66076255 -3.70777038 -0.5
v 8.05834754 -3.79330449 -0.5
v 8.46486804 -3.81620553 -0.5
v 8.8715894 -3.79520379 -0.5
v 9.2749199 -3.73843027 -0.5
v 9.39692393 -3.42020061 -0.5
v 9.50801751 -3.09799986 -0.5
v 9.23554173 -2.79525298 -0.5
v 8.93747475 -2.51772926 -0.5
v 8.61134148 -2.27396612 -0.5
v 8.25179344 -2.08392635 -0.5
v 7.85788222 -1.98047777 -0.5
v 7.62077727 -1.83123745 -0.5
v 7.59283519 -1.55285344 -0.5
v 2.65402737 -0.496123698 -0.5
v 2.51767502 -0.975352499 -0.5
v 2.29558627 -1.42136684 -0.5
v 1.99532408 -1.81897824 -0.5
v 1.62711352 -2.15464651 -0.5
v 1.20349356 -2.41694089 -0.5
v 0.738890073 -2.59692924 -0.5
v 0.249124571 -2.68848228 -0.5
v -0.249124571 -2.68848228 -0.5
v -0.738890073 -2.59692924 -0.5
v -1.20349356 -2.41694089 -0.5
v -1.62711352 -2.15464651 -0.5
v -1.99532408 -1.81897824 -0.5
v -2.29558627 -1.42136684 -0.5
v -2.51767502 -0.975352499 -0.5
v -2.65402737 -0.496123698 -0.5
v -2.7 3.30654636e-16 -0.5
v -2.65402737 0.496123698 -0.5
v -2.51767502 0.975352499 -0.5
v -2.29558627 1.42136684 -0.5
v -1.99532408 1.81897824 -0.5
v -1.62711352 2.15464651 -0.5
v -1.20349356 2.41694089 -0.5
v -0.738890073 2.59692924 -0.5
v -0.249124571 2.68848228 -0.5
v 0.249124571 2.68848228 -0.5
v 0.738890073 2.59692924 -0.5
v 1.20349356 2.41694089 -0.5
v 1.62711352 2.15464651 -0.5
v 1.99532408 1.81897824 -0.5
v 2.29558627 1.42136684 -0.5
v 2.51767502 0.975352499 -0.5
v 2.65402737 0.496123698 -0.5
v 2.7 0 -0.5
v 7.66603835 -1.13769766 0
v 7.78750826 -0.885659018 0
v 8.06135723 -0.826513654 0
v 8.46689419 -0.864029362 0
v 8.86975627 -0.80842306 0
v 9.25959319 -0.690904792 0
v 9.63460324 -0.532062714 0
v 9.99419224 -0.340765907 0
v 9.99999758 8.9338259e-17 0
v 9.99419224 0.340765907 0
v 9.63460324 0.532062714 0
v 9.25959319 0.690904792 0
v 8.86975627 0.80842306 0
v 8.46689419 0.864029362 0
v 8.06135723 0.826513654 0
v 7.78750826 0.885659018 0
v 7.66603835 1.13769766 0
v 7.59283519 1.55285344 0
v 7.62077727 1.83123745 0
v 7.85788222 1.98047777 0
v 8.25179344 2.08392635 0
v 8.61134148 2.27396612 0
v 8.93747475 2.51772926 0
v 9.23554173 2.79525298 0
v 9.50801751 3.09799986 0
v 9.39692393 3.42020061 0
v 9.2749199 3.73843027 0
v 8.8715894 3.79520379 0
v 8.46486804 3.81620553 0
v 8.05834754 3.79330449 0
v 7.66076255 3.70777038 0
v 7.29251358 3.53381534 0
v 7.01495082 3.49573193 0
v 6.81460416 3.69102563 0
v 6.60382404 4.0561075 0
v 6.53486807 4.32725965 0
v 6.70663064 4.54859435 0
v 7.04140462 4.78052979 0
v 7.31427183 5.08208144 0
v 7.53736495 5.422688 0
v 7.72253759 5.7854199 0
v 7.87503553 6.16310111 0
v 7.66044258 6.42787454 0
v 7.43695533 6.68518477 0
v 7.03853095 6.60058727 0
v 6.64915487 6.48121555 0
v 6.27498317 6.32065742 0
v 5.93062988 6.10429957 0
v 5.64408517 5.81488673 0
v 5.39628678 5.68416799 0
v 5.14122812 5.79916144 0
v 4.81829425 6.07013513 0
v 4.66075734 6.30135047 0
v 4.74646043 6.56808332 0
v 4.98171847 6.90053078 0
v 5.13499304 7.27722272 0
v 5.2281377 7.67359054 0
v 5.27808145 8.0777798 0
v 5.29220805 8.48484142 0
v 4.99999879 8.66025194 0
v 4.70198419 8.82560733 0
v 4.35652179 8.60984252 0
v 4.03145549 8.36449533 0
v 3.73476323 8.08564578 0
v 3.48517572 7.76456014 0
v 3.31489679 7.39459697 0
v 3.12675092 7.18700949 0
v 2.8477441 7.20783279 0
v 2.45160706 7.35201488 0
v 2.22449048 7.51540543 0
v 2.21379705 7.79536451 0
v 2.32116356 8.18822592 0
v 2.33635831 8.59462355 0
v 2.28831988 8.99894481 0
v 2.19701078 9.39584025 0
v 2.07106218 9.78318463 0
v 1.73648136 9.84807515 0
v 1.39988436 9.90153139 0
v 1.14905181 9.58062369 0
v 0.927503087 9.23889352 0
v 0.744075714 8.87538593 0
v 0.619357932 8.48830017 0
v 0.585882937 8.08240969 0
v 0.48008275 7.82299158 0
v 0.210780116 7.74713313 0
v -0.210780116 7.74713313 0
v -0.48008275 7.82299158 0
v -0.585882937 8.08240969 0
v -0.619357932 8.48830017 0
v -0.744075714 8.87538593 0
v -0.927503087 9.23889352 0
v -1.14905181 9.58062369 0
v -1.39988436 9.90153139 0
v -1.73648136 9.84807515 0
v -2.07106218 9.78318463 0
v -2.19701078 9.39584025 0
v -2.28831988 8.99894481 0
v -2.33635831 8.59462355 0
v -2.32116356 8.18822592 0
v -2.21379705 7.79536451 0
v -2.22449048 7.51540543 0
v -2.45160706 7.35201488 0
v -2.8477441 7.20783279 0
v -3.12675092 7.18700949 0
v -3.31489679 7.39459697 0
v -3.48517572 7.76456014 0
v -3.73476323 8.08564578 0
v -4.03145549 8.36449533 0
v -4.35652179 8.60984252 0
v -4.70198419 8.82560733 0
v -4.99999879 8.66025194 0
v -5.29220805 8.48484142 0
v -5.27808145 8.0777798 0
v -5.2281377 7.67359054 0
v -5.13499304 7.27722272 0
v -4.98171847 6.90053078 0
v -4.74646043 6.56808332 0
v -4.66075734 6.30135047 0
v -4.81829425 6.07013513 0
v -5.14122812 5.79916144 0
v -5.39628678 5.68416799 0
v -5.64408517 5.81488673 0
v -5.93062988 6.10429957 0
v -6.27498317 6.32065742 0
v -6.64915487 6.48121555 0
v -7.03853095 6.60058727 0
v -7.43695533 6.68518477 0
v -7.66044258 6.42787454 0
v -7.87503553 6.16310111 0
v -7.72253759 5.7854199 0
v -7.53736495 5.422688 0
v -7.31427183 5.08208144 0
v -7.04140462 4.78052979 0
v -6.70663064 4.54859435 0
v -6.53486807 4.32725965 0
v -6.60382404 4.0561075 0
v -6.81460416 3.69102563 0
v -7.01495082 3.49573193 0
v -7.29251358 3.53381534 0
v -7.66076255 3.70777038 0
v -8.05834754 3.79330449 0
v -8.46486804 3.81620553 0
v -8.8715894 3.79520379 0
v -9.2749199 3.73843027 0
v -9.39692393 3.42020061 0
v -9.50801751 3.09799986 0
v -9.23554173 2.79525298 0
v -8.93747475 2.51772926 0
v -8.61134148 2.27396612 0
v -8.25179344 2.08392635 0
v -7.85788222 1.98047777 0
v -7.62077727 1.83123745 0
v -7.59283519 1.55285344 0
v -7.66603835 1.13769766 0
v -7.78750826 0.885659018 0
v -8.06135723 0.826513654 0
v -8.46689419 0.864029362 0
v -8.86975627 0.80842306 0
v -9.25959319 0.690904792 0
v -9.63460324 0.532062714 0
v -9.99419224 0.340765907 0
v -9.99999758 1.13530824e-15 0
v -9.99419224 -0.340765907 0
v -9.63460324 -0.532062714 0
v -9.25959319 -0.690904792 0
v -8.86975627 -0.80842306 0
v -8.46689419 -0.864029362 0
v -8.06135723 -0.826513654 0
v -7.78750826 -0.885659018 0
v -7.66603835 -1.13769766 0
v -7.59283519 -1.55285344 0
v -7.62077727 -1.83123745 0
v -7.85788222 -1.98047777 0
v -8.25179344 -2.08392635 0
v -8.61134148 -2.27396612 0
v -8.93747475 -2.51772926 0
v -9.23554173 -2.79525298 0
v -9.50801751 -3.09799986 0
v -9.39692393 -3.42020061 0
v -9.2749199 -3.73843027 0
v -8.8715894 -3.79520379 0
v -8.46486804 -3.81620553 0
v -8.05834754 -3.79330449 0
v -7.66076255 -3.70777038 0
v -7.29251358 -3.53381534 0
v -7.01495082 -3.49573193 0
v -6.81460416 -3.69102563 0
v -6.60382404 -4.0561075 0
v -6.53486807 -4.32725965 0
v -6.70663064 -4.54859435 0
v -7.04140462 -4.78052979 0
v -7.31427183 -5.08208144 0
v -7.53736495 -5.422688 0
v -7.72253759 -5.7854199 0
v -7.87503553 -6.16310111 0
v -7.66044258 -6.42787454 0
v -7.43695533 -6.68518477 0
v -7.03853095 -6.60058727 0
v -6.64915487 -6.48121555 0
v -6.27498317 -6.32065742 0
v -5.93062988 -6.10429957 0
v -5.64408517 -5.81488673 0
v -5.39628678 -5.68416799 0
v -5.14122812 -5.79916144 0
v -4.81829425 -6.07013513 0
v -4.66075734 -6.30135047 0
v -4.74646043 -6.56808332 0
v -4.98171847 -6.90053078 0
v -5.13499304 -7.27722272 0
v -5.2281377 -7.67359054 0
v -5.27808145 -8.0777798 0
v -5.29220805 -8.48484142 0
v -4.99999879 -8.66025194 0
v -4.70198419 -8.82560733 0
v -4.35652179 -8.60984252 0
v -4.03145549 -8.36449533 0
v -3.73476323 -8.08564578 0
v -3.48517572 -7.76456014 0
v -3.31489679 -7.39459697 0
v -3.12675092 -7.18700949 0
v -2.8477441 -7.20783279 0
v -2.45160706 -7.35201488 0
v -2.22449048 -7.51540543 0
v -2.21379705 -7.79536451 0
v -2.32116356 -8.18822592 0
v -2.33635831 -8.59462355 0
v -2.28831988 -8.99894481 0
v -2.19701078 -9.39584025 0
v -2.07106218 -9.78318463 0
v -1.73648136 -9.84807515 0
v -1.39988436 -9.90153139 0
v -1.14905181 -9.58062369 0
v -0.927503087 -9.23889352 0
v -0.744075714 -8.87538593 0
v -0.619357932 -8.48830017 0
v -0.585882937 -8.08240969 0
v -0.48008275 -7.82299158 0
v -0.210780116 -7.74713313 0
v 0.210780116 -7.74713313 0
v 0.48008275 -7.82299158 0
v 0.585882937 -8.08240969 0
v 0.619357932 -8.48830017 0
v 0.744075714 -8.87538593 0
v 0.927503087 -9.23889352 0
v 1.14905181 -9.58062369 0
v 1.39988436 -9.90153139 0
v 1.73648136 -9.84807515 0
v 2.07106218 -9.78318463 0
v 2.19701078 -9.39584025 0
v 2.28831988 -8.99894481 0
v 2.33635831 -8.59462355 0
v 2.32116356 -8.18822592 0
v 2.21379705 -7.79536451 0
v 2.22449048 -7.51540543 0
v 2.45160706 -7.35201488 0
v 2.8477441 -7.20783279 0
v 3.12675092 -7.18700949 0
v 3.31489679 -7.39459697 0
v 3.48517572 -7.76456014 0
v 3.73476323 -8.08564578 0
v 4.03145549 -8.36449533 0
v 4.35652179 -8.60984252 0
v 4.70198419 -8.82560733 0
v 4.99999879 -8.66025194 0
v 5.29220805 -8.48484142 0
v 5.27808145 -8.0777798 0
v 5.2281377 -7.67359054 0
v 5.13499304 -7.27722272 0
v 4.98171847 -6.90053078 0
v 4.74646043 -6.56808332 0
v 4.66075734 -6.30135047 0
v 4.81829425 -6.07013513 0
v 5.14122812 -5.79916144 0
v 5.39628678 -5.68416799 0
v 5.64408517 -5.81488673 0
v 5.93062988 -6.10429957 0
v 6.27498317 -6.32065742 0
v 6.64915487 -6.48121555 0
v 7.03853095 -6.60058727 0
v 7.43695533 -6.68518477 0
v 7.66044258 -6.42787454 0
v 7.87503553 -6.16310111 0
v 7.72253759 -5.7854199 0
v 7.53736495 -5.422688 0
v 7.31427183 -5.08208144 0
v 7.04140462 -4.78052979 0
v 6.70663064 -4.54859435 0
v 6.53486807 -4.32725965 0
v 6.60382404 -4.0561075 0
v 6.81460416 -3.69102563 0
v 7.01495082 -3.49573193 0
v 7.29251358 -3.53381534 0
v 7.66076255 -3.70777038 0
v 8.05834754 -3.79330449 0
v 8.46486804 -3.81620553 0
v 8.8715894 -3.79520379 0
v 9.2749199 -3.73843027 0
v 9.39692393 -3.42020061 0
v 9.50801751 -3.09799986 0
v 9.23554173 -2.79525298 0
v 8.93747475 -2.51772926 0
v 8.61134148 -2.27396612 0
v 8.25179344 -2.08392635 0
v 7.85788222 -1.98047777 0
v 7.62077727 -1.83123745 0
v 7.59283519 -1.55285344 0
v 2.65402737 -0.496123698 0
v 2.51767502 -0.975352499 0
v 2.29558627 -1.42136684 0
v 1.99532408 -1.81897824 0
v 1.62711352 -2.15464651 0
v 1.20349356 -2.41694089 0
v 0.738890073 -2.59692924 0
v 0.249124571 -2.68848228 0
v -0.249124571 -2.68848228 0
v -0.738890073 -2.59692924 0
v -1.20349356 -2.41694089 0
v -1.62711352 -2.15464651 0
v -1.99532408 -1.81897824 0
v -2.29558627 -1.42136684 0
v -2.51767502 -0.975352499 0
v -2.65402737 -0.496123698 0
v -2.7 3.30654636e-16 0
v -2.65402737 0.496123698 0
v -2.51767502 0.975352499 0
v -2.29558627 1.42136684 0
v -1.99532408 1.81897824 0
v -1.62711352 2.15464651 0
v -1.20349356 2.41694089 0
v -0.738890073 2.59692924 0
v -0.249124571 2.68848228 0
v 0.249124571 2.68848228 0
v 0.738890073 2.59692924 0
v 1.20349356 2.41694089 0
v 1.62711352 2.15464651 0
v 1.99532408 1.81897824 0
v 2.29558627 1.42136684 0
v 2.51767502 0.975352499 0
v 2.65402737 0.496123698 0
v 2.7 0 0
v 7.66603835 -1.13769766 0.5
v 7.78750826 -0.885659018 0.5
v 8.06135723 -0.826513654 0.5
v 8.46689419 -0.864029362 0.5
v 8.86975627 -0.80842306 0.5
v 9.25959319 -0.690904792 0.5
v 9.63460324 -0.532062714 0.5
v 9.99419224 -0.340765907 0.5
v 9.99999758 8.9338259e-17 0.5
v 9.99419224 0.340765907 0.5
v 9.63460324 0.532062714 0.5
v 9.25959319 0.690904792 0.5
v 8.86975627 0.80842306 0.5
v 8.46689419 0.864029362 0.5
v 8.06135723 0.826513654 0.5
v 7.78750826 0.885659018 0.5
v 7.66603835 1.13769766 0.5
v 7.59283519 1.55285344 0.5
v 7.62077727 1.83123745 0.5
v 7.85788222 1.98047777 0.5
v 8.25179344 2.08392635 0.5
v 8.61134148 2.27396612 0.5
v 8.93747475 2.51772926 0.5
v 9.23554173 2.79525298 0.5
v 9.50801751 3.09799986 0.5
v 9.39692393 3.42020061 0.5
v 9.2749199 3.73843027 0.5
v 8.8715894 3.79520379 0.5
v 8.46486804 3.81620553 0.5
v 8.05834754 3.79330449 0.5
v 7.66076255 3.70777038 0.5
v 7.29251358 3.53381534 0.5
v 7.01495082 3.49573193 0.5
v 6.81460416 3.69102563 0.5
v 6.60382404 4.0561075 0.5
v 6.53486807 4.32725965 0.5
v 6.70663064 4.54859435 0.5
v 7.04140462 4.78052979 0.5
v 7.31427183 5.08208144 0.5
v 7.53736495 5.422688 0.5
v 7.72253759 5.7854199 0.5
v 7.87503553 6.16310111 0.5
v 7.66044258 6.42787454 0.5
v 7.43695533 6.68518477 0.5
v 7.03853095 6.60058727 0.5
v 6.64915487 6.48121555 0.5
v 6.27498317 6.32065742 0.5
v 5.93062988 6.10429957 0.5
v 5.64408517 5.81488673 0.5
v 5.39628678 5.68416799 0.5
v 5.14122812 5.79916144 0.5
v 4.81829425 6.07013513 0.5
v 4.66075734 6.30135047 0.5
v 4.74646043 6.56808332 0.5
v 4.98171847 6.90053078 0.5
v 5.13499304 7.27722272 0.5
v 5.2281377 7.67359054 0.5
v 5.27808145 8.0777798 0.5
v 5.29220805 8.48484142 0.5
v 4.99999879 8.66025194 0.5
v 4.70198419 8.82560733 0.5
v 4.35652179 8.60984252 0.5
v 4.03145549 8.36449533 0.5
v 3.73476323 8.08564578 0.5
v 3.48517572 7.76456014 0.5
v 3.31489679 7.39459697 0.5
v 3.12675092 7.18700949 0.5
v 2.8477441 7.20783279 0.5
v 2.45160706 7.35201488 0.5
v 2.22449048 7.51540543 0.5
v 2.21379705 7.79536451 0.5
v 2.32116356 8.18822592 0.5
v 2.33635831 8.59462355 0.5
v 2.28831988 8.99894481 0.5
v 2.19701078 9.39584025 0.5
v 2.07106218 9.78318463 0.5
v 1.73648136 9.84807515 0.5
v 1.39988436 9.90153139 0.5
v 1.14905181 9.58062369 0.5
v 0.927503087 9.23889352 0.5
v 0.744075714 8.87538593 0.5
v 0.619357932 8.48830017 0.5
v 0.585882937 8.08240969 0.5
v 0.48008275 7.82299158 0.5
v 0.210780116 7.74713313 0.5
v -0.210780116 7.74713313 0.5
v -0.48008275 7.82299158 0.5
v -0.585882937 8.08240969 0.5
v -0.619357932 8.48830017 0.5
v -0.744075714 8.87538593 0.5
v -0.927503087 9.23889352 0.5
v -1.14905181 9.58062369 0.5
v -1.39988436 9.90153139 0.5
v -1.73648136 9.84807515 0.5
v -2.07106218 9.78318463 0.5
v -2.19701078 9.39584025 0.5
v -2.28831988 8.99894481 0.5
v -2.33635831 8.59462355 0.5
v -2.32116356 8.18822592 0.5
v -2.21379705 7.79536451 0.5
v -2.22449048 7.51540543 0.5
v -2.45160706 7.35201488 0.5
v -2.8477441 7.20783279 0.5
v -3.12675092 7.18700949 0.5
v -3.31489679 7.39459697 0.5
v -3.48517572 7.76456014 0.5
v -3.73476323 8.08564578 0.5
v -4.03145549 8.36449533 0.5
v -4.35652179 8.60984252 0.5
v -4.70198419 8.82560733 0.5
v -4.99999879 8.66025194 0.5
v -5.29220805 8.48484142 0.5
v -5.27808145 8.0777798 0.5
v -5.2281377 7.67359054 0.5
v -5.13499304 7.27722272 0.5
v -4.98171847 6.90053078 0.5
v -4.74646043 6.56808332 0.5
v -4.66075734 6.30135047 0.5
v -4.81829425 6.07013513 0.5
v -5.14122812 5.79916144 0.5
v -5.39628678 5.68416799 0.5
v -5.64408517 5.81488673 0.5
v -5.93062988 6.10429957 0.5
v -6.27498317 6.32065742 0.5
v -6.64915487 6.48121555 0.5
v -7.03853095 6.60058727 0.5
v -7.43695533 6.68518477 0.5
v -7.66044258 6.42787454 0.5
v -7.87503553 6.16310111 0.5
v -7.72253759 5.7854199 0.5
v -7.53736495 5.422688 0.5
v -7.31427183 5.08208144 0.5
v -7.04140462 4.78052979 0.5
v -6.70663064 4.54859435 0.5
v -6.53486807 4.32725965 0.5
v -6.60382404 4.0561075 0.5
v -6.81460416 3.69102563 0.5
v -7.01495082 3.49573193 0.5
v -7.29251358 3.53381534 0.5
v -7.66076255 3.70777038 0.5
v -8.05834754 3.79330449 0.5
v -8.46486804 3.81620553 0.5
v -8.8715894 3.79520379 0.5
v -9.2749199 3.73843027 0.5
v -9.39692393 3.42020061 0.5
v -9.50801751 3.09799986 0.5
v -9.23554173 2.79525298 0.5
v -8.93747475 2.51772926 0.5
v -8.61134148 2.27396612 0.5
v -8.25179344 2.08392635 0.5
v -7.85788222 1.98047777 0.5
v -7.62077727 1.83123745 0.5
v -7.59283519 1.55285344 0.5
v -7.66603835 1.13769766 0.5
v -7.78750826 0.885659018 0.5
v -8.06135723 0.826513654 0.5
v -8.46689419 0.864029362 0.5
v -8.86975627 0.80842306 0.5
v -9.25959319 0.690904792 0.5
v -9.63460324 0.532062714 0.5
v -9.99419224 0.340765907 0.5
v -9.99999758 1.13530824e-15 0.5
v -9.99419224 -0.340765907 0.5
v -9.63460324 -0.532062714 0.5
v -9.25959319 -0.690904792 0.5
v -8.86975627 -0.80842306 0.5
v -8.46689419 -0.864029362 0.5
v -8.06135723 -0.826513654 0.5
v -7.78750826 -0.885659018 0.5
v -7.66603835 -1.13769766 0.5
v -7.59283519 -1.55285344 0.5
v -7.62077727 -1.83123745 0.5
v -7.85788222 -1.98047777 0.5
v -8.25179344 -2.08392635 0.5
v -8.61134148 -2.27396612 0.5
v -8.93747475 -2.51772926 0.5
v -9.23554173 -2.79525298 0.5
v -9.50801751 -3.09799986 0.5
v -9.39692393 -3.42020061 0.5
v -9.2749199 -3.73843027 0.5
v -8.8715894 -3.79520379 0.5
v -8.46486804 -3.81620553 0.5
v -8.05834754 -3.79330449 0.5
v -7.66076255 -3.70777038 0.5
v -7.29251358 -3.53381534 0.5
v -7.01495082 -3.49573193 0.5
v -6.81460416 -3.69102563 0.5
v -6.60382404 -4.0561075 0.5
v -6.53486807 -4.32725965 0.5
v -6.70663064 -4.54859435 0.5
v -7.04140462 -4.78052979 0.5
v -7.31427183 -5.08208144 0.5
v -7.53736495 -5.422688 0.5
v -7.72253759 -5.7854199 0.5
v -7.87503553 -6.16310111 0.5
v -7.66044258 -6.42787454 0.5
v -7.43695533 -6.68518477 0.5
v -7.03853095 -6.60058727 0.5
v -6.64915487 -6.48121555 0.5
v -6.27498317 -6.32065742 0.5
v -5.93062988 -6.10429957 0.5
v -5.64408517 -5.81488673 0.5
v -5.39628678 -5.68416799 0.5
v -5.14122812 -5.79916144 0.5
v -4.81829425 -6.07013513 0.5
v -4.66075734 -6.30135047 0.5
v -4.74646043 -6.56808332 0.5
v -4.98171847 -6.90053078 0.5
v -5.13499304 -7.27722272 0.5
v -5.2281377 -7.67359054 0.5
v -5.27808145 -8.0777798 0.5
v -5.29220805 -8.48484142 0.5
v -4.99999879 -8.66025194 0.5
v -4.70198419 -8.82560733 0.5
v -4.35652179 -8.60984252 0.5
v -4.03145549 -8.36449533 0.5
v -3.73476323 -8.08564578 0.5
v -3.48517572 -7.76456014 0.5
v -3.31489679 -7.39459697 0.5
v -3.12675092 -7.18700949 0.5
v -2.8477441 -7.20783279 0.5
v -2.45160706 -7.35201488 0.5
v -2.22449048 -7.51540543 0.5
v -2.21379705 -7.79536451 0.5
v -2.32116356 -8.18822592 0.5
v -2.33635831 -8.59462355 0.5
v -2.28831988 -8.99894481 0.5
v -2.19701078 -9.39584025 0.5
v -2.07106218 -9.78318463 0.5
v -1.73648136 -9.84807515 0.5
v -1.39988436 -9.90153139 0.5
v -1.14905181 -9.58062369 0.5
v -0.927503087 -9.23889352 0.5
v -0.744075714 -8.87538593 0.5
v -0.619357932 -8.48830017 0.5
v -0.585882937 -8.08240969 0.5
v -0.48008275 -7.82299158 0.5
v -0.210780116 -7.74713313 0.5
v 0.210780116 -7.74713313 0.5
v 0.48008275 -7.82299158 0.5
v 0.585882937 -8.08240969 0.5
v 0.619357932 -8.48830017 0.5
v 0.744075714 -8.87538593 0.5
v 0.927503087 -9.23889352 0.5
v 1.14905181 -9.58062369 0.5
v 1.39988436 -9.90153139 0.5
v 1.73648136 -9.84807515 0.5
v 2.07106218 -9.78318463 0.5
v 2.19701078 -9.39584025 0.5
v 2.28831988 -8.99894481 0.5
v 2.33635831 -8.59462355 0.5
v 2.32116356 -8.18822592 0.5
v 2.21379705 -7.79536451 0.5
v 2.22449048 -7.51540543 0.5
v 2.45160706 -7.35201488 0.5
v 2.8477441 -7.20783279 0.5
v 3.12675092 -7.18700949 0.5
v 3.31489679 -7.39459697 0.5
v 3.48517572 -7.76456014 0.5
v 3.73476323 -8.08564578 0.5
v 4.03145549 -8.36449533 0.5
v 4.35652179 -8.60984252 0.5
v 4.70198419 -8.82560733 0.5
v 4.99999879 -8.66025194 0.5
v 5.29220805 -8.48484142 0.5
v 5.27808145 -8.0777798 0.5
v 5.2281377 -7.67359054 0.5
v 5.13499304 -7.27722272 0.5
v 4.98171847 -6.90053078 0.5
v 4.74646043 -6.56808332 0.5
v 4.66075734 -6.30135047 0.5
v 4.81829425 -6.07013513 0.5
v 5.14122812 -5.79916144 0.5
v 5.39628678 -5.68416799 0.5
v 5.64408517 -5.81488673 0.5
v 5.93062988 -6.10429957 0.5
v 6.27498317 -6.32065742 0.5
v 6.64915487 -6.48121555 0.5
v 7.03853095 -6.60058727 0.5
v 7.43695533 -6.68518477 0.5
v 7.66044258 -6.42787454 0.5
v 7.87503553 -6.16310111 0.5
v 7.72253759 -5.7854199 0.5
v 7.53736495 -5.422688 0.5
v 7.31427183 -5.08208144 0.5
v 7.04140462 -4.78052979 0.5
v 6.70663064 -4.54859435 0.5
v 6.53486807 -4.32725965 0.5
v 6.60382404 -4.0561075 0.5
v 6.81460416 -3.69102563 0.5
v 7.01495082 -3.49573193 0.5
v 7.29251358 -3.53381534 0.5
v 7.66076255 -3.70777038 0.5
v 8.05834754 -3.79330449 0.5
v 8.46486804 -3.81620553 0.5
v 8.8715894 -3.79520379 0.5
v 9.2749199 -3.73843027 0.5
v 9.39692393 -3.42020061 0.5
v 9.50801751 -3.09799986 0.5
v 9.23554173 -2.79525298 0.5
v 8.93747475 -2.51772926 0.5
v 8.61134148 -2.27396612 0.5
v 8.25179344 -2.08392635 0.5
v 7.85788222 -1.98047777 0.5
v 7.62077727 -1.83123745 0.5
v 7.59283519 -1.55285344 0.5
v 2.65402737 -0.496123698 0.5
v 2.51767502 -0.975352499 0.5
v 2.29558627 -1.42136684 0.5
v 1.99532408 -1.81897824 0.5
v 1.62711352 -2.15464651 0.5
v 1.20349356 -2.41694089 0.5
v 0.738890073 -2.59692924 0.5
v 0.249124571 -2.68848228 0.5
v -0.249124571 -2.68848228 0.5
v -0.738890073 -2.59692924 0.5
v -1.20349356 -2.41694089 0.5
v -1.62711352 -2.15464651 0.5
v -1.99532408 -1.81897824 0.5
v -2.29558627 -1.42136684 0.5
v -2.51767502 -0.975352499 0.5
v -2.65402737 -0.496123698 0.5
v -2.7 3.30654636e-16 0.5
v -2.65402737 0.496123698 0.5
v -2.51767502 0.975352499 0.5
v -2.29558627 1.42136684 0.5
v -1.99532408 1.81897824 0.5
v -1.62711352 2.15464651 0.5
v -1.20349356 2.41694089 0.5
v -0.738890073 2.59692924 0.5
v -0.249124571 2.68848228 0.5
v 0.249124571 2.68848228 0.5
v 0.738890073 2.59692924 0.5
v 1.20349356 2.41694089 0.5
v 1.62711352 2.15464651 0.5
v 1.99532408 1.81897824 0.5
v 2.29558627 1.42136684 0.5
v 2.51767502 0.975352499 0.5
v 2.65402737 0.496123698 0.5
v 2.7 0 0.5
v 7.66603835 -1.13769766 1
v 7.78750826 -0.885659018 1
v 8.06135723 -0.826513654 1
v 8.46689419 -0.864029362 1
v 8.86975627 -0.80842306 1
v 9.25959319 -0.690904792 1
v 9.63460324 -0.532062714 1
v 9.99419224 -0.340765907 1
v 9.99999758 8.9338259e-17 1
v 9.99419224 0.340765907 1
v 9.63460324 0.532062714 1
v 9.25959319 0.690904792 1
v 8.86975627 0.80842306 1
v 8.46689419 0.864029362 1
v 8.06135723 0.826513654 1
v 7.78750826 0.885659018 1
v 7.66603835 1.13769766 1
v 7.59283519 1.55285344 1
v 7.62077727 1.83123745 1
v 7.85788222 1.98047777 1
v 8.25179344 2.08392635 1
v 8.61134148 2.27396612 1
v 8.93747475 2.51772926 1
v 9.23554173 2.79525298 1
v 9.50801751 3.09799986 1
v 9.39692393 3.42020061 1
v 9.2749199 3.73843027 1
v 8.8715894 3.79520379 1
v 8.46486804 3.81620553 1
v 8.05834754 3.79330449 1
v 7.66076255 3.70777038 1
v 7.29251358 3.53381534 1
v 7.01495082 3.49573193 1
v 6.81460416 3.69102563 1
v 6.60382404 4.0561075 1
v 6.53486807 4.32725965 1
v 6.70663064 4.54859435 1
v 7.04140462 4.78052979 1
v 7.31427183 5.08208144 1
v 7.53736495 5.422688 1
v 7.72253759 5.7854199 1
v 7.87503553 6.16310111 1
v 7.66044258 6.42787454 1
v 7.43695533 6.68518477 1
v 7.03853095 6.60058727 1
v 6.64915487 6.48121555 1
v 6.27498317 6.32065742 1
v 5.93062988 6.10429957 1
v 5.64408517 5.81488673 1
v 5.39628678 5.68416799 1
v 5.14122812 5.79916144 1
v 4.81829425 6.07013513 1
v 4.66075734 6.30135047 1
v 4.74646043 6.56808332 1
v 4.98171847 6.90053078 1
v 5.13499304 7.27722272 1
v 5.2281377 7.67359054 1
v 5.27808145 8.0777798 1
v 5.29220805 8.48484142 1
v 4.99999879 8.66025194 1
v 4.70198419 8.82560733 1
v 4.35652179 8.60984252 1
v 4.03145549 8.36449533 1
v 3.73476323 8.08564578 1
v 3.48517572 7.76456014 1
v 3.31489679 7.39459697 1
v 3.12675092 7.18700949 1
v 2.8477441 7.20783279 1
v 2.45160706 7.35201488 1
v 2.22449048 7.51540543 1
v 2.21379705 7.79536451 1
v 2.32116356 8.18822592 1
v 2.33635831 8.59462355 1
v 2.28831988 8.99894481 1
v 2.19701078 9.39584025 1
v 2.07106218 9.78318463 1
v 1.73648136 9.84807515 1
v 1.39988436 9.90153139 1
v 1.14905181 9.58062369 1
v 0.927503087 9.23889352 1
v 0.744075714 8.87538593 1
v 0.619357932 8.48830017 1
v 0.585882937 8.08240969 1
v 0.48008275 7.82299158 1
v 0.210780116 7.74713313 1
v -0.210780116 7.74713313 1
v -0.48008275 7.82299158 1
v -0.585882937 8.08240969 1
v -0.619357932 8.48830017 1
v -0.744075714 8.87538593 1
v -0.927503087 9.23889352 1
v -1.14905181 9.58062369 1
v -1.39988436 9.90153139 1
v -1.73648136 9.84807515 1
v -2.07106218 9.78318463 1
v -2.19701078 9.39584025 1
v -2.28831988 8.99894481 1
v -2.33635831 8.59462355 1
v -2.32116356 8.18822592 1
v -2.21379705 7.79536451 1
v -2.22449048 7.51540543 1
v -2.45160706 7.35201488 1
v -2.8477441 7.20783279 1
v -3.12675092 7.18700949 1
v -3.31489679 7.39459697 1
v -3.48517572 7.76456014 1
v -3.73476323 8.08564578 1
v -4.03145549 8.36449533 1
v -4.35652179 8.60984252 1
v -4.70198419 8.82560733 1
v -4.99999879 8.66025194 1
v -5.29220805 8.48484142 1
v -5.27808145 8.0777798 1
v -5.2281377 7.67359054 1
v -5.13499304 7.27722272 1
v -4.98171847 6.90053078 1
v -4.74646043 6.56808332 1
v -4.66075734 6.30135047 1
v -4.81829425 6.07013513 1
v -5.14122812 5.79916144 1
v -5.39628678 5.68416799 1
v -5.64408517 5.81488673 1
v -5.93062988 6.10429957 1
v -6.27498317 6.32065742 1
v -6.64915487 6.48121555 1
v -7.03853095 6.60058727 1
v -7.43695533 6.68518477 1
v -7.66044258 6.42787454 1
v -7.87503553 6.16310111 1
v -7.72253759 5.7854199 1
v -7.53736495 5.422688 1
v -7.31427183 5.08208144 1
v -7.04140462 4.78052979 1
v -6.70663064 4.54859435 1
v -6.53486807 4.32725965 1
v -6.60382404 4.0561075 1
v -6.81460416 3.69102563 1
v -7.01495082 3.49573193 1
v -7.29251358 3.53381534 1
v -7.66076255 3.70777038 1
v -8.05834754 3.79330449 1
v -8.46486804 3.81620553 1
v -8.8715894 3.79520379 1
v -9.2749199 3.73843027 1
v -9.39692393 3.42020061 1
v -9.50801751 3.09799986 1
v -9.23554173 2.79525298 1
v -8.93747475 2.51772926 1
v -8.61134148 2.27396612 1
v -8.25179344 2.08392635 1
v -7.85788222 1.98047777 1
v -7.62077727 1.83123745 1
v -7.59283519 1.55285344 1
v -7.66603835 1.13769766 1
v -7.78750826 0.885659018 1
v -8.06135723 0.826513654 1
v -8.46689419 0.864029362 1
v -8.86975627 0.80842306 1
v -9.25959319 0.690904792 1
v -9.63460324 0.532062714 1
v -9.99419224 0.340765907 1
v -9.99999758 1.13530824e-15 1
v -9.99419224 -0.340765907 1
v -9.63460324 -0.532062714 1
v -9.25959319 -0.690904792 1
v -8.86975627 -0.80842306 1
v -8.46689419 -0.864029362 1
v -8.06135723 -0.826513654 1
v -7.78750826 -0.885659018 1
v -7.66603835 -1.13769766 1
v -7.59283519 -1.55285344 1
v -7.62077727 -1.83123745 1
v -7.85788222 -1.98047777 1
v -8.25179344 -2.08392635 1
v -8.61134148 -2.27396612 1
v -8.93747475 -2.51772926 1
v -9.23554173 -2.79525298 1
v -9.50801751 -3.09799986 1
v -9.39692393 -3.42020061 1
v -9.2749199 -3.73843027 1
v -8.8715894 -3.79520379 1
v -8.46486804 -3.81620553 1
v -8.05834754 -3.79330449 1
v -7.66076255 -3.70777038 1
v -7.29251358 -3.53381534 1
v -7.01495082 -3.49573193 1
v -6.81460416 -3.69102563 1
v -6.60382404 -4.0561075 1
v -6.53486807 -4.32725965 1
v -6.70663064 -4.54859435 1
v -7.04140462 -4.78052979 1
v -7.31427183 -5.08208144 1
v -7.53736495 -5.422688 1
v -7.72253759 -5.7854199 1
v -7.87503553 -6.16310111 1
v -7.66044258 -6.42787454 1
v -7.43695533 -6.68518477 1
v -7.03853095 -6.60058727 1
v -6.64915487 -6.48121555 1
v -6.27498317 -6.32065742 1
v -5.93062988 -6.10429957 1
v -5.64408517 -5.81488673 1
v -5.39628678 -5.68416799 1
v -5.14122812 -5.79916144 1
v -4.81829425 -6.07013513 1
v -4.66075734 -6.30135047 1
v -4.74646043 -6.56808332 1
v -4.98171847 -6.90053078 1
v -5.13499304 -7.27722272 1
v -5.2281377 -7.67359054 1
v -5.27808145 -8.0777798 1
v -5.29220805 -8.48484142 1
v -4.99999879 -8.66025194 1
v -4.70198419 -8.82560733 1
v -4.35652179 -8.60984252 1
v -4.03145549 -8.36449533 1
v -3.73476323 -8.08564578 1
v -3.48517572 -7.76456014 1
v -3.31489679 -7.39459697 1
v -3.12675092 -7.18700949 1
v -2.8477441 -7.20783279 1
v -2.45160706 -7.35201488 1
v -2.22449048 -7.51540543 1
v -2.21379705 -7.79536451 1
v -2.32116356 -8.18822592 1
v -2.33635831 -8.59462355 1
v -2.28831988 -8.99894481 1
v -2.19701078 -9.39584025 1
v -2.07106218 -9.78318463 1
v -1.73648136 -9.84807515 1
v -1.39988436 -9.90153139 1
v -1.14905181 -9.58062369 1
v -0.927503087 -9.23889352 1
v -0.744075714 -8.87538593 1
v -0.619357932 -8.48830017 1
v -0.585882937 -8.08240969 1
v -0.48008275 -7.82299158 1
v -0.210780116 -7.74713313 1
v 0.210780116 -7.74713313 1
v 0.48008275 -7.82299158 1
v 0.585882937 -8.08240969 1
v 0.619357932 -8.48830017 1
v 0.744075714 -8.87538593 1
v 0.927503087 -9.23889352 1
v 1.14905181 -9.58062369 1
v 1.39988436 -9.90153139 1
v 1.73648136 -9.84807515 1
v 2.07106218 -9.78318463 1
v 2.19701078 -9.39584025 1
v 2.28831988 -8.99894481 1
v 2.33635831 -8.59462355 1
v 2.32116356 -8.18822592 1
v 2.21379705 -7.79536451 1
v 2.22449048 -7.51540543 1
v 2.45160706 -7.35201488 1
v 2.8477441 -7.20783279 1
v 3.12675092 -7.18700949 1
v 3.31489679 -7.39459697 1
v 3.48517572 -7.76456014 1
v 3.73476323 -8.08564578 1
v 4.03145549 -8.36449533 1
v 4.35652179 -8.60984252 1
v 4.70198419 -8.82560733 1
v 4.99999879 -8.66025194 1
v 5.29220805 -8.48484142 1
v 5.27808145 -8.0777798 1
v 5.2281377 -7.67359054 1
v 5.13499304 -7.27722272 1
v 4.98171847 -6.90053078 1
v 4.74646043 -6.56808332 1
v 4.66075734 -6.30135047 1
v 4.81829425 -6.07013513 1
v 5.14122812 -5.79916144 1
v 5.39628678 -5.68416799 1
v 5.64408517 -5.81488673 1
v 5.93062988 -6.10429957 1
v 6.27498317 -6.32065742 1
v 6.64915487 -6.48121555 1
v 7.03853095 -6.60058727 1
v 7.43695533 -6.68518477 1
v 7.66044258 -6.42787454 1
v 7.87503553 -6.16310111 1
v 7.72253759 -5.7854199 1
v 7.53736495 -5.422688 1
v 7.31427183 -5.08208144 1
v 7.04140462 -4.78052979 1
v 6.70663064 -4.54859435 1
v 6.53486807 -4.32725965 1
v 6.60382404 -4.0561075 1
v 6.81460416 -3.69102563 1
v 7.01495082 -3.49573193 1
v 7.29251358 -3.53381534 1
v 7.66076255 -3.70777038 1
v 8.05834754 -3.79330449 1
v 8.46486804 -3.81620553 1
v 8.8715894 -3.79520379 1
v 9.2749199 -3.73843027 1
v 9.39692393 -3.42020061 1
v 9.50801751 -3.09799986 1
v 9.23554173 -2.79525298 1
v 8.93747475 -2.51772926 1
v 8.61134148 -2.27396612 1
v 8.25179344 -2.08392635 1
v 7.85788222 -1.98047777 1
v 7.62077727 -1.83123745 1
v 7.59283519 -1.55285344 1
v 2.65402737 -0.496123698 1
v 2.51767502 -0.975352499 1
v 2.29558627 -1.42136684 1
v 1.99532408 -1.81897824 1
v 1.62711352 -2.15464651 1
v 1.20349356 -2.41694089 1
v 0.738890073 -2.59692924 1
v 0.249124571 -2.68848228 1
v -0.249124571 -2.68848228 1
v -0.738890073 -2.59692924 1
v -1.20349356 -2.41694089 1
v -1.62711352 -2.15464651 1
v -1.99532408 -1.81897824 1
v -2.29558627 -1.42136684 1
v -2.51767502 -0.975352499 1
v -2.65402737 -0.496123698 1
v -2.7 3.30654636e-16 1
v -2.65402737 0.496123698 1
v -2.51767502 0.975352499 1
v -2.29558627 1.42136684 1
v -1.99532408 1.81897824 1
v -1.62711352 2.15464651 1
v -1.20349356 2.41694089 1
v -0.738890073 2.59692924 1
v -0.249124571 2.68848228 1
v 0.249124571 2.68848228 1
v 0.738890073 2.59692924 1
v 1.20349356 2.41694089 1
v 1.62711352 2.15464651 1
v 1.99532408 1.81897824 1
v 2.29558627 1.42136684 1
v 2.51767502 0.975352499 1
v 2.65402737 0.496123698 1
v 2.7 0 1
v 7.66603835 -1.13769766 1.5
v 7.78750826 -0.885659018 1.5
v 8.06135723 -0.826513654 1.5
v 8.46689419 -0.864029362 1.5
v 8.86975627 -0.80842306 1.5
v 9.25959319 -0.690904792 1.5
v 9.63460324 -0.532062714 1.5
v 9.99419224 -0.340765907 1.5
v 9.99999758 8.9338259e-17 1.5
v 9.99419224 0.340765907 1.5
v 9.63460324 0.532062714 1.5
v 9.25959319 0.690904792 1.5
v 8.86975627 0.80842306 1.5
v 8.46689419 0.864029362 1.5
v 8.06135723 0.826513654 1.5
v 7.78750826 0.885659018 1.5
v 7.66603835 1.13769766 1.5
v 7.59283519 1.55285344 1.5
v 7.62077727 1.83123745 1.5
v 7.85788222 1.98047777 1.5
v 8.25179344 2.08392635 1.5
v 8.61134148 2.27396612 1.5
v 8.93747475 2.51772926 1.5
v 9.23554173 2.79525298 1.5
v 9.50801751 3.09799986 1.5
v 9.39692393 3.42020061 1.5
v 9.2749199 3.73843027 1.5
v 8.8715894 3.79520379 1.5
v 8.46486804 3.81620553 1.5
v 8.05834754 3.79330449 1.5
v 7.66076255 3.70777038 1.5
v 7.29251358 3.53381534 1.5
v 7.01495082 3.49573193 1.5
v 6.81460416 3.69102563 1.5
v 6.60382404 4.0561075 1.5
v 6.53486807 4.32725965 1.5
v 6.70663064 4.54859435 1.5
v 7.04140462 4.78052979 1.5
v 7.31427183 5.08208144 1.5
v 7.53736495 5.422688 1.5
v 7.72253759 5.7854199 1.5
v 7.87503553 6.16310111 1.5
v 7.66044258 6.42787454 1.5
v 7.43695533 6.68518477 1.5
v 7.03853095 6.60058727 1.5
v 6.64915487 6.48121555 1.5
v 6.27498317 6.32065742 1.5
v 5.93062988 6.10429957 1.5
v 5.64408517 5.81488673 1.5
v 5.39628678 5.68416799 1.5
v 5.14122812 5.79916144 1.5
v 4.81829425 6.07013513 1.5
v 4.66075734 6.30135047 1.5
v 4.74646043 6.56808332 1.5
v 4.98171847 6.90053078 1.5
v 5.13499304 7.27722272 1.5
v 5.2281377 7.67359054 1.5
v 5.27808145 8.0777798 1.5
v 5.29220805 8.48484142 1.5
v 4.99999879 8.66025194 1.5
v 4.70198419 8.82560733 1.5
v 4.35652179 8.60984252 1.5
v 4.03145549 8.36449533 1.5
v 3.73476323 8.08564578 1.5
v 3.48517572 7.76456014 1.5
v 3.31489679 7.39459697 1.5
v 3.12675092 7.18700949 1.5
v 2.8477441 7.20783279 1.5
v 2.45160706 7.35201488 1.5
v 2.22449048 7.51540543 1.5
v 2.21379705 7.79536451 1.5
v 2.32116356 8.18822592 1.5
v 2.33635831 8.59462355 1.5
v 2.28831988 8.99894481 1.5
v 2.19701078 9.39584025 1.5
v 2.07106218 9.78318463 1.5
v 1.73648136 9.84807515 1.5
v 1.39988436 9.90153139 1.5
v 1.14905181 9.58062369 1.5
v 0.927503087 9.23889352 1.5
v 0.744075714 8.87538593 1.5
v 0.619357932 8.48830017 1.5
v 0.585882937 8.08240969 1.5
v 0.48008275 7.82299158 1.5
v 0.210780116 7.74713313 1.5
v -0.210780116 7.74713313 1.5
v -0.48008275 7.82299158 1.5
v -0.585882937 8.08240969 1.5
v -0.619357932 8.48830017 1.5
v -0.744075714 8.87538593 1.5
v -0.927503087 9.23889352 1.5
v -1.14905181 9.58062369 1.5
v -1.39988436 9.90153139 1.5
v -1.73648136 9.84807515 1.5
v -2.07106218 9.78318463 1.5
v -2.19701078 9.39584025 1.5
v -2.28831988 8.99894481 1.5
v -2.33635831 8.59462355 1.5
v -2.32116356 8.18822592 1.5
v -2.21379705 7.79536451 1.5
v -2.22449048 7.51540543 1.5
v -2.45160706 7.35201488 1.5
v -2.8477441 7.20783279 1.5
v -3.12675092 7.18700949 1.5
v -3.31489679 7.39459697 1.5
v -3.48517572 7.76456014 1.5
v -3.73476323 8.08564578 1.5
v -4.03145549 8.36449533 1.5
v -4.35652179 8.60984252 1.5
v -4.70198419 8.82560733 1.5
v -4.99999879 8.66025194 1.5
v -5.29220805 8.48484142 1.5
v -5.27808145 8.0777798 1.5
v -5.2281377 7.67359054 1.5
v -5.13499304 7.27722272 1.5
v -4.98171847 6.90053078 1.5
v -4.74646043 6.56808332 1.5
v -4.66075734 6.30135047 1.5
v -4.81829425 6.07013513 1.5
v -5.14122812 5.79916144 1.5
v -5.39628678 5.68416799 1.5
v -5.64408517 5.81488673 1.5
v -5.93062988 6.10429957 1.5
v -6.27498317 6.32065742 1.5
v -6.64915487 6.48121555 1.5
v -7.03853095 6.60058727 1.5
v -7.43695533 6.68518477 1.5
v -7.66044258 6.42787454 1.5
v -7.87503553 6.16310111 1.5
v -7.72253759 5.7854199 1.5
v -7.53736495 5.422688 1.5
v -7.31427183 5.08208144 1.5
v -7.04140462 4.78052979 1.5
v -6.70663064 4.54859435 1.5
v -6.53486807 4.32725965 1.5
v -6.60382404 4.0561075 1.5
v -6.81460416 3.69102563 1.5
v -7.01495082 3.49573193 1.5
v -7.29251358 3.53381534 1.5
v -7.66076255 3.70777038 1.5
v -8.05834754 3.79330449 1.5
v -8.46486804 3.81620553 1.5
v -8.8715894 3.79520379 1.5
v -9.2749199 3.73843027 1.5
v -9.39692393 3.42020061 1.5
v -9.50801751 3.09799986 1.5
v -9.23554173 2.79525298 1.5
v -8.93747475 2.51772926 1.5
v -8.61134148 2.27396612 1.5
v -8.25179344 2.08392635 1.5
v -7.85788222 1.98047777 1.5
v -7.62077727 1.83123745 1.5
v -7.59283519 1.55285344 1.5
v -7.66603835 1.13769766 1.5
v -7.78750826 0.885659018 1.5
v -8.06135723 0.826513654 1.5
v -8.46689419 0.864029362 1.5
v -8.86975627 0.80842306 1.5
v -9.25959319 0.690904792 1.5
v -9.63460324 0.532062714 1.5
v -9.99419224 0.340765907 1.5
v -9.99999758 1.13530824e-15 1.5
v -9.99419224 -0.340765907 1.5
v -9.63460324 -0.532062714 1.5
v -9.25959319 -0.690904792 1.5
v -8.86975627 -0.80842306 1.5
v -8.46689419 -0.864029362 1.5
v -8.06135723 -0.826513654 1.5
v -7.78750826 -0.885659018 1.5
v -7.66603835 -1.13769766 1.5
v -7.59283519 -1.55285344 1.5
v -7.62077727 -1.83123745 1.5
v -7.85788222 -1.98047777 1.5
v -8.25179344 -2.08392635 1.5
v -8.61134148 -2.27396612 1.5
v -8.93747475 -2.51772926 1.5
v -9.23554173 -2.79525298 1.5
v -9.50801751 -3.09799986 1.5
v -9.39692393 -3.42020061 1.5
v -9.2749199 -3.73843027 1.5
v -8.8715894 -3.79520379 1.5
v -8.46486804 -3.81620553 1.5
v -8.05834754 -3.79330449 1.5
v -7.66076255 -3.70777038 1.5
v -7.29251358 -3.53381534 1.5
v -7.01495082 -3.49573193 1.5
v -6.81460416 -3.69102563 1.5
v -6.60382404 -4.0561075 1.5
v -6.53486807 -4.32725965 1.5
v -6.70663064 -4.54859435 1.5
v -7.04140462 -4.78052979 1.5
v -7.31427183 -5.08208144 1.5
v -7.53736495 -5.422688 1.5
v -7.72253759 -5.7854199 1.5
v -7.87503553 -6.16310111 1.5
v -7.66044258 -6.42787454 1.5
v -7.43695533 -6.68518477 1.5
v -7.03853095 -6.60058727 1.5
v -6.64915487 -6.48121555 1.5
v -6.27498317 -6.32065742 1.5
v -5.93062988 -6.10429957 1.5
v -5.64408517 -5.81488673 1.5
v -5.39628678 -5.68416799 1.5
v -5.14122812 -5.79916144 1.5
v -4.81829425 -6.07013513 1.5
v -4.66075734 -6.30135047 1.5
v -4.74646043 -6.56808332 1.5
v -4.98171847 -6.90053078 1.5
v -5.13499304 -7.27722272 1.5
v -5.2281377 -7.67359054 1.5
v -5.27808145 -8.0777798 1.5
v -5.29220805 -8.48484142 1.5
v -4.99999879 -8.66025194 1.5
v -4.70198419 -8.82560733 1.5
v -4.35652179 -8.60984252 1.5
v -4.03145549 -8.36449533 1.5
v -3.73476323 -8.08564578 1.5
v -3.48517572 -7.76456014 1.5
v -3.31489679 -7.39459697 1.5
v -3.12675092 -7.18700949 1.5
v -2.8477441 -7.20783279 1.5
v -2.45160706 -7.35201488 1.5
v -2.22449048 -7.51540543 1.5
v -2.21379705 -7.79536451 1.5
v -2.32116356 -8.18822592 1.5
v -2.33635831 -8.59462355 1.5
v -2.28831988 -8.99894481 1.5
v -2.19701078 -9.39584025 1.5
v -2.07106218 -9.78318463 1.5
v -1.73648136 -9.84807515 1.5
v -1.39988436 -9.90153139 1.5
v -1.14905181 -9.58062369 1.5
v -0.927503087 -9.23889352 1.5
v -0.744075714 -8.87538593 1.5
v -0.619357932 -8.48830017 1.5
v -0.585882937 -8.08240969 1.5
v -0.48008275 -7.82299158 1.5
v -0.210780116 -7.74713313 1.5
v 0.210780116 -7.74713313 1.5
v 0.48008275 -7.82299158 1.5
v 0.585882937 -8.08240969 1.5
v 0.619357932 -8.48830017 1.5
v 0.744075714 -8.87538593 1.5
v 0.927503087 -9.23889352 1.5
v 1.14905181 -9.58062369 1.5
v 1.39988436 -9.90153139 1.5
v 1.73648136 -9.84807515 1.5
v 2.07106218 -9.78318463 1.5
v 2.19701078 -9.39584025 1.5
v 2.28831988 -8.99894481 1.5
v 2.33635831 -8.59462355 1.5
v 2.32116356 -8.18822592 1.5
v 2.21379705 -7.79536451 1.5
v 2.22449048 -7.51540543 1.5
v 2.45160706 -7.35201488 1.5
v 2.8477441 -7.20783279 1.5
v 3.12675092 -7.18700949 1.5
v 3.31489679 -7.39459697 1.5
v 3.48517572 -7.76456014 1.5
v 3.73476323 -8.08564578 1.5
v 4.03145549 -8.36449533 1.5
v 4.35652179 -8.60984252 1.5
v 4.70198419 -8.82560733 1.5
v 4.99999879 -8.66025194 1.5
v 5.29220805 -8.48484142 1.5
v 5.27808145 -8.0777798 1.5
v 5.2281377 -7.67359054 1.5
v 5.13499304 -7.27722272 1.5
v 4.98171847 -6.90053078 1.5
v 4.74646043 -6.56808332 1.5
v 4.66075734 -6.30135047 1.5
v 4.81829425 -6.07013513 1.5
v 5.14122812 -5.79916144 1.5
v 5.39628678 -5.68416799 1.5
v 5.64408517 -5.81488673 1.5
v 5.93062988 -6.10429957 1.5
v 6.27498317 -6.32065742 1.5
v 6.64915487 -6.48121555 1.5
v 7.03853095 -6.60058727 1.5
v 7.43695533 -6.68518477 1.5
v 7.66044258 -6.42787454 1.5
v 7.87503553 -6.16310111 1.5
v 7.72253759 -5.7854199 1.5
v 7.53736495 -5.422688 1.5
v 7.31427183 -5.08208144 1.5
v 7.04140462 -4.78052979 1.5
v 6.70663064 -4.54859435 1.5
v 6.53486807 -4.32725965 1.5
v 6.60382404 -4.0561075 1.5
v 6.81460416 -3.69102563 1.5
v 7.01495082 -3.49573193 1.5
v 7.29251358 -3.53381534 1.5
v 7.66076255 -3.70777038 1.5
v 8.05834754 -3.79330449 1.5
v 8.46486804 -3.81620553 1.5
v 8.8715894 -3.79520379 1.5
v 9.2749199 -3.73843027 1.5
v 9.39692393 -3.42020061 1.5
v 9.50801751 -3.09799986 1.5
v 9.23554173 -2.79525298 1.5
v 8.93747475 -2.51772926 1.5
v 8.61134148 -2.27396612 1.5
v 8.25179344 -2.08392635 1.5
v 7.85788222 -1.98047777 1.5
v 7.62077727 -1.83123745 1.5
v 7.59283519 -1.55285344 1.5
v 2.65402737 -0.496123698 1.5
v 2.51767502 -0.975352499 1.5
v 2.29558627 -1.42136684 1.5
v 1.99532408 -1.81897824 1.5
v 1.62711352 -2.15464651 1.5
v 1.20349356 -2.41694089 1.5
v 0.738890073 -2.59692924 1.5
v 0.249124571 -2.68848228 1.5
v -0.249124571 -2.68848228 1.5
v -0.738890073 -2.59692924 1.5
v -1.20349356 -2.41694089 1.5
v -1.62711352 -2.15464651 1.5
v -1.99532408 -1.81897824 1.5
v -2.29558627 -1.42136684 1.5
v -2.51767502 -0.975352499 1.5
v -2.65402737 -0.496123698 1.5
v -2.7 3.30654636e-16 1.5
v -2.65402737 0.496123698 1.5
v -2.51767502 0.975352499 1.5
v -2.29558627 1.42136684 1.5
v -1.99532408 1.81897824 1.5
v -1.62711352 2.15464651 1.5
v -1.20349356 2.41694089 1.5
v -0.738890073 2.59692924 1.5
v -0.249124571 2.68848228 1.5
v 0.249124571 2.68848228 1.5
v 0.738890073 2.59692924 1.5
v 1.20349356 2.41694089 1.5
v 1.62711352 2.15464651 1.5
v 1.99532408 1.81897824 1.5
v 2.29558627 1.42136684 1.5
v 2.51767502 0.975352499 1.5
v 2.65402737 0.496123698 1.5
v 2.7 0 1.5
f 577 454 632
f 413 196 195
f 413 194 487
f 420 506 111
f 487 194 193
f 195 194 413
f 115 114 1517
f 468 373 574
f 414 181 180
f 73 72 623
f 1513 455 1514
f 1549 5 1550
f 923 1482 369
f 414 488 181
f 265 264 515
f 488 1497 182
f 197 485 198
f 438 715 714
f 431 1492 1491
f 449 1493 616
f 994 1486 396
f 249 512 513
f 400 481 582
f 341 449 566
f 141 140 633
f 449 202 201
f 70 401 71
f 1495 487 193
f 563 409 137
f 21 20 483
f 189 370 190
f 1496 192 191
f 381 139 138
f 1483 189 406
f 449 341 202
f 189 188 406
f 481 1555 640
f 1491 486 485
f 507 114 113
f 102 556 103
f 179 489 414
f 108 636 714
f 707 706 432
f 177 490 489
f 455 578 350
f 1498 183 1497
f 414 180 179
f 572 464 622
f 164 163 415
f 1515 124 1516
f 491 1499 165
f 266 515 516
f 1203 1202 1200
f 164 415 491
f 621 571 480
f 167 451 168
f 928 1589 930
f 98 97 1519
f 173 373 468
f 176 706 490
f 84 1466 363
f 765 764 588
f 342 186 185
f 450 342 185
f 1 306 559
f 1380 372 1418
f 1404 1288 1369
f 1200 1198 1203
f 351 1311 1118
f 344 168 451
f 106 105 474
f 329 654 330
f 539 170 343
f 172 171 407
f 468 626 627
f 170 169 343
f 407 1484 172
f 596 666 670
f 184 450 185
f 169 168 344
f 341 1467 203
f 715 506 420
f 416 215 214
f 1511 419 504
f 566 1590 341
f 1543 294 1544
f 567 345 452
f 248 247 512
f 400 582 1148
f 213 416 214
f 434 711 710
f 215 416 494
f 35 34 561
f 1510 454 150
f 977 410 979
f 216 494 1501
f 701 991 700
f 218 453 219
f 228 227 499
f 416 213 495
f 417 230 229
f 576 453 630
f 497 232 231
f 503 1511 1512
f 480 1547 621
f 229 228 417
f 127 504 128
f 498 497 1503
f 452 236 235
f 1504 1503 435
f 92 510 93
f 227 1507 499
f 379 207 206
f 557 386 86
f 236 345 237
f 236 452 345
f 140 139 472
f 1147 1146 1149
f 37 404 484
f 228 499 417
f 419 1511 503
f 226 225 1508
f 602 679 681
f 211 496 495
f 334 597 335
f 119 555 120
f 220 346 221
f 210 710 496
f 219 453 347
f 347 220 219
f 123 122 473
f 658 311 659
f 1355 1305 1436
f 733 736 645
f 1162 1167 1164
f 630 631 471
f 205 378 206
f 1263 1148 1147
f 379 471 207
f 187 372 551
f 206 1164 379
f 454 577 348
f 346 541 221
f 785 1401 788
f 237 345 1469
f 318 317 683
f 182 181 488
f 452 1505 617
f 153 152 380
f 695 408 541
f 198 485 486
f 642 1331 718
f 322 321 643
f 10 9 524
f 11 524 525
f 690 939 689
f 695 1086 1087
f 457 580 354
f 1074 688 1073
f 572 1480 366
f 75 528 76
f 1281 377 223
f 553 239 238
f 1523 476 1524
f 366 962 1466
f 639 581 479
f 1515 1511 505
f 1468 155 374
f 1563 22 1564
f 162 492 415
f 163 162 415
f 709 708 433
f 491 165 164
f 472 381 577
f 160 493 492
f 107 106 636
f 39 38 625
f 418 147 146
f 418 500 147
f 1535 478 1536
f 27 26 533
f 146 145 418
f 1552 81 1551
f 500 1509 148
f 38 37 484
f 583 465 641
f 403 20 19
f 708 493 159
f 691 353 1078
f 374 154 552
f 1284 381 138
f 383 122 121
f 375 469 156
f 402 34 33
f 1396 349 1423
f 341 203 202
f 151 348 152
f 151 454 348
f 555 382 120
f 632 633 472
f 153 552 154
f 381 472 139
f 137 136 563
f 151 150 454
f 1470 152 348
f 395 305 304
f 629 469 628
f 369 50 49
f 579 456 635
f 145 501 418
f 501 143 502
f 436 713 712
f 160 492 161
f 533 534 28
f 712 502 142
f 460 359 570
f 129 419 130
f 483 403 583
f 419 128 504
f 129 128 419
f 419 503 130
f 200 199 1492
f 1510 149 1509
f 413 485 196
f 921 405 923
f 486 199 198
f 133 455 134
f 305 1476 394
f 204 203 371
f 654 656 591
f 135 349 136
f 134 350 135
f 85 557 86
f 455 350 134
f 505 504 126
f 126 125 505
f 44 43 536
f 1542 1541 479
f 191 190 467
f 1515 505 125
f 124 123 1516
f 351 1312 1311
f 473 122 383
f 396 16 15
f 1355 1396 350
f 1512 1511 437
f 405 51 50
f 465 1561 641
f 1205 1206 1099
f 573 466 624
f 678 920 677
f 942 940 371
f 372 187 186
f 118 351 119
f 117 352 118
f 385 105 104
f 104 384 1472
f 456 352 117
f 114 507 1517
f 216 215 494
f 969 1080 961
f 456 117 116
f 1311 1312 1234
f 643 321 644
f 474 635 636
f 105 385 474
f 382 121 120
f 473 383 578
f 1092 1093 697
f 1529 477 1530
f 530 63 62
f 58 531 59
f 328 652 329
f 349 1092 563
f 458 356 568
f 382 1471 121
f 353 102 101
f 1238 691 607
f 384 104 103
f 554 378 205
f 1279 387 87
f 177 489 178
f 87 86 386
f 811 809 804
f 471 379 576
f 373 173 172
f 459 358 569
f 1090 697 613
f 793 792 325
f 1276 1277 1169
f 508 420 109
f 507 506 715
f 561 34 402
f 108 508 109
f 353 1276 1078
f 45 536 537
f 508 108 714
f 17 16 411
f 111 110 420
f 506 113 112
f 1495 1491 487
f 1491 485 413
f 292 361 461
f 110 109 420
f 97 509 1519
f 573 1489 369
f 211 495 212
f 455 1513 634
f 100 99 457
f 90 89 638
f 510 92 511
f 716 511 91
f 539 171 170
f 475 88 387
f 354 101 100
f 387 88 87
f 556 384 103
f 370 1590 566
f 96 95 421
f 94 421 95
f 490 177 176
f 580 457 637
f 421 94 510
f 716 439 717
f 1547 480 1548
f 1566 47 1565
f 421 509 96
f 178 489 179
f 231 230 497
f 100 457 354
f 638 475 637
f 183 182 1497
f 643 646 586
f 89 88 475
f 154 374 155
f 486 1491 1492
f 376 553 238
f 511 92 91
f 514 422 245
f 620 570 478
f 245 422 246
f 142 633 712
f 713 418 501
f 247 246 422
f 209 208 631
f 514 245 244
f 355 1460 240
f 676 333 332
f 514 244 1525
f 1189 1187 380
f 289 288 410
f 242 1526 243
f 979 1485 392
f 241 458 242
f 248 512 249
f 224 377 470
f 1521 440 1522
f 1537 277 1538
f 423 264 263
f 567 452 617
f 144 501 145
f 1527 516 515
f 571 1604 396
f 48 1566 466
f 253 476 389
f 253 252 476
f 72 71 482
f 565 18 17
f 262 261 517
f 976 698 699
f 509 97 96
f 261 1531 517
f 1506 1505 452
f 241 356 458
f 262 517 423
f 1521 513 512
f 713 500 418
f 392 288 287
f 640 582 481
f 854 545 388
f 1050 610 1046
f 239 355 240
f 346 220 1274
f 390 1028 558
f 254 388 255
f 456 579 352
f 345 1283 1184
f 669 883 884
f 296 522 297
f 976 564 410
f 559 394 1052
f 1520 457 99
f 312 311 658
f 521 301 300
f 256 545 357
f 578 455 634
f 257 357 1464
f 362 3 2
f 477 270 269
f 409 138 137
f 399 67 1709
f 358 258 257
f 1217 1683 375
f 1532 260 259
f 273 393 274
f 390 272 271
f 258 358 459
f 395 479 581
f 1167 1166 1164
f 208 207 471
f 271 1474 390
f 931 932 680
f 477 391 270
f 558 272 390
f 113 506 507
f 357 257 256
f 441 1528 1527
f 1500 166 1499
f 262 423 263
f 80 79 527
f 465 583 368
f 265 515 266
f 276 1538 277
f 733 732 586
f 453 576 347
f 520 278 1537
f 479 1541 639
f 1053 394 1055
f 359 275 274
f 686 604 683
f 882 1052 881
f 275 359 460
f 204 554 205
f 392 1485 288
f 478 392 287
f 410 564 289
f 520 279 278
f 619 569 477
f 424 281 280
f 1507 226 1508
f 518 283 282
f 1503 497 417
f 575 451 628
f 280 279 424
f 1507 1503 499
f 519 518 1533
f 478 287 286
f 1534 1533 442
f 112 111 506
f 1470 348 1192
f 522 296 523
f 1502 453 218
f 1561 465 1562
f 523 296 295
f 1531 260 1532
f 391 271 270
f 395 581 1666
f 424 279 520
f 149 148 1509
f 400 67 66
f 360 1465 291
f 541 222 221
f 293 1544 294
f 1055 1476 395
f 303 479 304
f 461 293 292
f 346 1086 541
f 395 304 479
f 376 1181 1179
f 306 305 394
f 275 460 276
f 2 1 397
f 377 224 223
f 225 224 470
f 564 290 289
f 3 462 4
f 361 292 291
f 306 394 559
f 593 658 662
f 290 360 291
f 71 401 482
f 425 521 300
f 425 300 299
f 234 233 1504
f 417 497 230
f 299 298 425
f 1543 523 295
f 158 157 629
f 1727 1323 562
f 591 798 797
f 126 504 127
f 526 6 1549
f 7 526 426
f 451 575 344
f 618 568 476
f 6 526 7
f 478 1535 620
f 5 4 1550
f 498 233 232
f 1540 1539 443
f 425 298 522
f 2 397 1477
f 498 1503 1504
f 1475 274 393
f 502 143 142
f 8 426 9
f 896 888 547
f 1518 456 116
f 197 196 485
f 283 518 519
f 36 412 1487
f 1482 50 369
f 282 281 518
f 337 336 674
f 1478 70 398
f 334 333 913
f 85 84 363
f 560 68 399
f 792 791 588
f 70 69 398
f 469 375 575
f 962 960 363
f 885 597 886
f 1502 217 1501
f 1147 365 53
f 364 53 52
f 324 648 325
f 356 241 240
f 364 52 548
f 389 254 253
f 666 307 667
f 54 463 55
f 389 857 1473
f 399 68 67
f 365 54 53
f 1268 1434 1328
f 57 1557 532
f 1380 342 1328
f 1498 450 184
f 66 481 400
f 1558 56 55
f 174 173 468
f 1556 1555 481
f 917 561 402
f 1557 56 1558
f 58 532 531
f 551 188 187
f 464 366 83
f 1551 80 527
f 702 446 703
f 1494 1493 449
f 992 411 994
f 464 83 82
f 353 1277 1276
f 568 1462 389
f 78 427 79
f 427 77 528
f 427 78 77
f 1495 192 1496
f 176 627 706
f 427 527 79
f 707 414 489
f 83 366 84
f 474 385 579
f 464 572 366
f 843 593 544
f 66 65 481
f 58 57 532
f 939 554 371
f 991 565 411
f 622 623 482
f 1553 445 1554
f 190 370 467
f 75 529 528
f 497 498 232
f 462 362 571
f 62 61 428
f 428 530 62
f 493 160 159
f 476 1523 618
f 428 61 60
f 1518 115 1517
f 531 428 60
f 529 74 702
f 854 664 665
f 166 165 1499
f 642 343 1006
f 255 545 256
f 1200 403 19
f 376 238 237
f 390 1031 1029
f 17 411 565
f 462 3 362
f 388 855 854
f 367 19 18
f 273 272 558
f 842 1028 841
f 402 33 1289
f 32 465 368
f 368 33 32
f 258 459 259
f 483 20 403
f 22 21 1564
f 343 1205 1006
f 408 223 222
f 35 412 36
f 503 131 130
f 1545 444 1546
f 11 10 524
f 525 524 1545
f 711 416 495
f 574 450 626
f 480 396 15
f 1525 243 1526
f 1469 345 1184
f 1500 451 167
f 23 535 24
f 69 68 560
f 429 26 25
f 82 1552 464
f 212 495 213
f 24 535 429
f 570 1596 392
f 23 1563 535
f 711 494 416
f 15 14 480
f 16 396 1486
f 24 429 25
f 37 36 404
f 548 52 51
f 1031 1474 391
f 157 156 469
f 484 624 625
f 375 156 155
f 338 337 679
f 704 538 40
f 959 692 693
f 855 388 857
f 369 49 466
f 500 148 147
f 49 48 466
f 537 1565 46
f 566 449 616
f 475 387 580
f 705 537 536
f 569 1621 391
f 466 573 369
f 343 1206 1205
f 551 688 406
f 465 32 31
f 447 1560 1559
f 534 533 1559
f 175 174 627
f 1520 98 1519
f 533 28 27
f 450 574 342
f 430 41 538
f 143 501 144
f 41 430 42
f 40 538 41
f 43 42 430
f 536 45 44
f 477 1529 619
f 159 629 708
f 54 365 463
f 709 415 492
f 217 216 1501
f 913 914 597
f 254 1473 388
f 709 491 415
f 496 211 210
f 666 308 307
f 8 7 426
f 161 492 162
f 210 631 710
f 610 316 315
f 132 131 1512
f 707 488 414
f 93 510 94
f 717 509 421
f 717 421 510
f 91 638 716
f 513 250 249
f 422 512 247
f 251 250 1522
f 513 1521 1522
f 1521 512 422
f 1525 1521 514
f 516 267 266
f 423 515 264
f 268 267 1528
f 516 1527 1528
f 1527 515 423
f 1531 1527 517
f 519 284 283
f 424 518 281
f 285 284 1534
f 519 1533 1534
f 1533 518 424
f 1537 1533 520
f 302 301 1540
f 521 1539 1540
f 297 522 298
f 425 1539 521
f 1539 425 522
f 1543 1539 523
f 525 12 11
f 426 524 9
f 13 12 1546
f 525 1545 1546
f 1545 524 426
f 1549 1545 526
f 81 80 1551
f 529 75 74
f 76 528 77
f 703 527 427
f 703 427 528
f 74 623 702
f 64 63 1554
f 530 1553 1554
f 59 531 60
f 428 1553 530
f 1553 428 531
f 1557 1553 532
f 534 29 28
f 429 533 26
f 30 29 1560
f 534 1559 1560
f 1559 533 429
f 1563 1559 535
f 537 46 45
f 430 536 43
f 47 46 1565
f 448 705 704
f 705 536 430
f 40 625 704
f 539 407 171
f 760 750 761
f 586 323 322
f 323 586 732
f 541 408 222
f 1155 933 1154
f 588 327 326
f 327 588 764
f 591 331 330
f 797 331 591
f 593 313 312
f 313 593 852
f 390 1029 1028
f 545 255 388
f 596 309 308
f 830 829 310
f 335 597 885
f 1151 1150 1152
f 929 1145 600
f 548 51 405
f 602 339 338
f 870 869 340
f 604 319 318
f 721 720 320
f 551 406 188
f 939 371 940
f 746 758 754
f 552 153 380
f 553 355 239
f 544 845 843
f 1273 1338 1165
f 554 204 371
f 650 765 768
f 555 119 351
f 1118 796 351
f 556 102 353
f 1171 1278 1173
f 557 85 363
f 558 393 273
f 837 1135 592
f 559 397 1
f 670 877 671
f 560 398 69
f 960 959 363
f 561 412 35
f 921 920 405
f 317 684 683
f 695 611 1084
f 409 563 697
f 563 136 349
f 564 360 290
f 394 1053 1052
f 565 367 18
f 615 1199 1197
f 566 467 370
f 467 566 616
f 567 470 377
f 470 567 617
f 458 568 618
f 568 389 476
f 459 569 619
f 569 391 477
f 460 570 620
f 570 392 478
f 462 571 621
f 571 396 480
f 572 482 401
f 482 572 622
f 573 484 404
f 484 573 624
f 1328 342 574
f 468 574 626
f 1683 344 575
f 469 575 628
f 1166 347 576
f 471 576 630
f 1286 1192 348
f 472 577 632
f 1355 350 578
f 473 578 634
f 1701 352 579
f 474 579 635
f 1280 354 580
f 475 580 637
f 581 461 361
f 461 581 639
f 582 463 365
f 463 582 640
f 1202 368 583
f 483 583 641
f 642 539 343
f 642 718 539
f 733 540 735
f 320 720 321
f 323 732 762
f 540 586 646
f 747 587 740
f 741 738 748
f 327 764 795
f 542 588 791
f 776 777 589
f 772 778 776
f 1571 1570 656
f 652 794 654
f 331 797 919
f 543 591 656
f 867 865 861
f 310 829 311
f 852 1047 314
f 544 593 662
f 544 847 845
f 665 357 545
f 671 1128 1124
f 340 869 307
f 669 310 883
f 546 596 670
f 335 885 916
f 807 816 812
f 910 1067 911
f 920 548 405
f 599 805 812
f 959 557 363
f 672 886 889
f 678 364 548
f 682 681 601
f 674 915 679
f 680 340 931
f 549 602 681
f 603 687 686
f 933 610 562
f 685 320 935
f 550 604 686
f 724 644 721
f 1568 646 728
f 947 1325 1326
f 690 378 554
f 691 556 353
f 556 691 957
f 798 801 655
f 693 386 557
f 694 560 399
f 560 694 970
f 934 317 316
f 314 1047 1046
f 1179 696 376
f 1155 684 933
f 696 553 376
f 696 973 553
f 1185 1090 974
f 542 755 771
f 830 833 659
f 699 360 564
f 870 873 667
f 701 367 565
f 467 616 1496
f 1493 1492 431
f 470 617 1508
f 1505 1504 435
f 458 618 1526
f 1523 1522 440
f 459 619 1532
f 1529 1528 441
f 460 620 1538
f 1535 1534 442
f 462 621 1550
f 1547 1546 444
f 623 72 482
f 1552 446 622
f 74 73 623
f 623 622 446
f 625 38 484
f 1566 448 624
f 40 39 625
f 625 624 448
f 627 174 468
f 1498 432 626
f 176 175 627
f 627 626 432
f 629 157 469
f 1500 433 628
f 159 158 629
f 629 628 433
f 631 208 471
f 1502 434 630
f 210 209 631
f 631 630 434
f 633 140 472
f 1510 436 632
f 142 141 633
f 633 632 436
f 473 634 1516
f 1513 1512 437
f 636 106 474
f 1518 438 635
f 108 107 636
f 636 635 438
f 638 89 475
f 1520 439 637
f 91 90 638
f 638 637 439
f 461 639 1544
f 1541 1540 443
f 463 640 1558
f 1555 1554 445
f 483 641 1564
f 1561 1560 447
f 407 539 718
f 642 1006 1098
f 322 643 586
f 585 643 644
f 728 1567 1010
f 319 604 935
f 648 762 737
f 735 736 733
f 1568 540 646
f 585 646 643
f 1110 750 1009
f 723 721 685
f 326 792 588
f 737 587 648
f 763 552 380
f 763 1012 552
f 652 795 769
f 767 768 765
f 755 1699 1207
f 648 587 793
f 654 329 652
f 769 589 652
f 796 555 351
f 796 1015 555
f 330 654 591
f 794 590 654
f 676 919 802
f 800 801 798
f 1570 543 656
f 590 656 654
f 800 798 543
f 1310 789 1398
f 312 658 593
f 592 658 659
f 1573 1652 837
f 309 596 883
f 842 393 558
f 410 977 976
f 1046 315 314
f 1441 1438 1727
f 1135 1043 544
f 592 662 658
f 848 845 847
f 832 830 669
f 851 850 846
f 857 1574 855
f 1248 1247 1134
f 594 665 664
f 308 666 596
f 595 666 667
f 1582 1130 877
f 339 602 931
f 882 397 559
f 411 992 991
f 833 830 832
f 596 884 883
f 546 670 671
f 595 670 666
f 546 1121 836
f 872 870 680
f 916 885 672
f 888 889 886
f 597 914 547
f 676 918 913
f 679 337 674
f 890 598 674
f 917 1069 561
f 598 900 901
f 913 333 676
f 802 599 676
f 904 891 907
f 677 921 924
f 1146 678 1145
f 600 678 677
f 338 679 602
f 915 601 679
f 873 870 872
f 602 932 931
f 549 681 682
f 601 681 679
f 549 1136 876
f 900 892 902
f 318 683 604
f 603 683 684
f 1155 1071 1156
f 933 934 610
f 724 721 723
f 604 936 935
f 550 686 687
f 603 686 683
f 550 1100 727
f 953 946 955
f 1682 950 406
f 1074 605 688
f 945 943 940
f 688 605 1072
f 1162 690 1161
f 606 690 689
f 384 556 957
f 691 1078 1168
f 813 806 803
f 963 692 960
f 1278 1169 1173
f 608 693 692
f 398 560 970
f 1153 1151 1070
f 695 1084 1177
f 1087 611 695
f 355 553 973
f 1340 1341 971
f 697 1090 1185
f 1093 613 697
f 980 981 698
f 1193 1095 1194
f 1251 1250 1143
f 614 699 698
f 999 1607 1001
f 1195 1096 1196
f 1198 701 1197
f 615 701 700
f 529 702 703
f 702 623 446
f 528 529 703
f 1551 527 703
f 538 704 705
f 704 625 448
f 538 705 430
f 1565 537 705
f 490 706 707
f 706 627 432
f 489 490 707
f 1497 488 707
f 493 708 709
f 708 629 433
f 492 493 709
f 1499 491 709
f 496 710 711
f 710 631 434
f 495 496 711
f 1501 494 711
f 502 712 713
f 712 633 436
f 501 502 713
f 1509 500 713
f 508 714 715
f 714 636 438
f 508 715 420
f 1517 507 715
f 511 716 717
f 716 638 439
f 510 511 717
f 1519 509 717
f 1270 938 1272
f 372 1073 551
f 739 1568 1011
f 763 1219 1012
f 720 644 321
f 644 720 721
f 644 724 725
f 685 721 320
f 722 1567 724
f 936 685 935
f 722 723 730
f 727 723 685
f 585 644 725
f 724 723 722
f 585 725 728
f 1567 725 724
f 730 731 722
f 945 937 947
f 723 727 730
f 1100 1101 727
f 585 728 646
f 728 1010 647
f 746 744 739
f 730 1684 731
f 731 1567 722
f 726 730 727
f 1009 1010 729
f 1112 1104 1378
f 324 323 762
f 645 732 733
f 736 734 737
f 540 733 586
f 737 734 740
f 1098 1290 584
f 741 734 735
f 739 735 540
f 645 736 737
f 736 735 734
f 762 645 737
f 740 587 737
f 741 748 749
f 1098 1006 719
f 741 735 744
f 1569 744 746
f 587 747 751
f 740 749 752
f 740 734 749
f 738 741 744
f 751 755 651
f 742 752 1107
f 752 1109 1107
f 756 748 738
f 1569 759 756
f 739 744 735
f 1567 729 1010
f 738 744 1569
f 754 745 746
f 1011 758 746
f 751 793 587
f 742 747 752
f 734 741 749
f 756 1299 743
f 747 740 752
f 743 749 748
f 754 750 760
f 407 1159 1268
f 755 791 651
f 1699 751 747
f 1107 1108 742
f 743 752 749
f 1109 752 743
f 649 1219 763
f 754 760 1713
f 750 754 758
f 767 765 542
f 786 1742 1013
f 748 756 743
f 759 753 756
f 759 1569 745
f 718 1329 1159
f 1009 750 758
f 1011 647 758
f 1225 1226 1227
f 1304 1230 759
f 745 754 1713
f 1336 757 760
f 1291 1711 1382
f 731 1104 1112
f 645 762 732
f 762 648 324
f 374 552 1012
f 1343 1344 974
f 328 327 795
f 650 764 765
f 768 766 769
f 542 765 588
f 772 769 766
f 766 767 773
f 773 779 780
f 771 767 542
f 650 768 769
f 768 767 766
f 795 650 769
f 772 589 769
f 784 782 770
f 1742 771 1013
f 767 771 773
f 784 1742 786
f 774 777 776
f 772 776 589
f 772 766 780
f 1742 770 773
f 819 811 822
f 773 770 779
f 1313 1119 1237
f 782 779 770
f 589 777 794
f 774 776 778
f 590 777 1571
f 1018 657 777
f 774 1018 777
f 780 775 778
f 766 773 780
f 779 782 1688
f 772 780 778
f 775 780 779
f 775 1116 1114
f 790 788 1401
f 775 779 1688
f 782 784 785
f 784 783 785
f 1208 1213 1211
f 781 782 785
f 784 1212 783
f 787 789 788
f 788 781 785
f 786 1208 1211
f 1013 771 755
f 796 653 1015
f 1307 975 1309
f 781 788 789
f 787 788 790
f 775 1114 778
f 815 1017 1120
f 1231 1015 1358
f 1308 1307 1232
f 542 791 755
f 792 651 791
f 651 792 793
f 792 326 325
f 751 651 793
f 648 793 325
f 590 794 777
f 794 652 589
f 650 795 764
f 795 652 328
f 382 555 1015
f 796 1118 1233
f 332 331 919
f 655 797 798
f 801 799 802
f 543 798 591
f 805 802 799
f 800 806 799
f 813 814 806
f 804 800 543
f 655 801 802
f 801 800 799
f 919 655 802
f 805 599 802
f 967 1594 968
f 1570 1019 804
f 806 800 809
f 1572 803 809
f 816 599 812
f 805 814 817
f 805 799 814
f 803 806 809
f 898 894 896
f 1696 827 1697
f 823 1020 808
f 820 813 803
f 824 820 1572
f 804 809 800
f 826 825 815
f 1572 809 811
f 819 810 811
f 1019 822 811
f 816 918 599
f 807 812 817
f 799 806 814
f 813 820 823
f 812 805 817
f 808 814 813
f 825 819 815
f 1018 774 1017
f 903 1068 816
f 903 896 547
f 1023 807 1021
f 808 817 814
f 818 823 820
f 966 1593 1594
f 825 1392 810
f 815 819 822
f 808 813 823
f 824 818 820
f 810 824 1572
f 1114 1116 1014
f 1017 815 822
f 1019 657 822
f 817 808 1020
f 1697 823 818
f 1081 969 828
f 821 1391 1392
f 819 825 810
f 821 825 826
f 1702 1710 1275
f 1238 957 691
f 1020 1021 817
f 1592 960 962
f 828 1082 1175
f 969 967 1080
f 829 659 311
f 659 829 830
f 659 833 834
f 669 830 310
f 831 1573 833
f 1194 1095 1598
f 831 832 839
f 836 832 669
f 592 659 834
f 833 832 831
f 592 834 837
f 1573 834 833
f 1640 831 839
f 1650 1649 1646
f 832 836 839
f 1121 1122 836
f 662 592 1135
f 837 1652 663
f 1576 861 864
f 835 840 839
f 838 1573 1640
f 835 839 836
f 1642 1627 1628
f 1636 1040 1635
f 1651 1038 1036
f 1247 1248 357
f 1597 977 979
f 660 842 841
f 593 843 852
f 844 661 845
f 1048 1047 661
f 1575 864 862
f 843 845 661
f 848 844 845
f 846 850 848
f 867 861 868
f 846 1578 851
f 1044 847 1043
f 850 1654 844
f 846 848 847
f 1653 1049 1048
f 858 664 855
f 848 850 844
f 849 850 851
f 1656 1660 1658
f 1575 858 856
f 313 852 314
f 661 852 843
f 1050 562 610
f 853 1048 1049
f 545 854 665
f 664 854 855
f 859 664 858
f 356 1460 1461
f 1459 1665 1656
f 1452 973 696
f 858 1574 860
f 1462 1461 857
f 594 664 859
f 860 856 858
f 862 594 859
f 1575 859 858
f 1447 1451 1450
f 1089 1463 1728
f 861 865 862
f 1044 1043 663
f 862 865 1734
f 864 861 862
f 1134 665 594
f 1134 1623 1248
f 868 861 1576
f 1663 1660 1665
f 594 862 1734
f 867 1628 863
f 1625 1030 1624
f 1731 1044 663
f 865 867 863
f 868 866 867
f 1641 1045 1652
f 851 1578 1577
f 869 667 307
f 667 869 870
f 667 873 874
f 680 870 340
f 871 1582 873
f 995 993 1607
f 871 872 879
f 876 872 680
f 595 667 874
f 873 872 871
f 595 874 877
f 1582 874 873
f 871 879 880
f 1005 1138 1690
f 872 876 879
f 1136 1137 876
f 595 877 670
f 877 1130 671
f 989 987 983
f 879 1706 880
f 880 1582 871
f 875 879 876
f 1056 1054 1681
f 1606 1196 1096
f 1681 1062 1060
f 360 1250 1251
f 1605 992 994
f 668 882 881
f 309 883 310
f 884 836 669
f 884 546 836
f 546 884 596
f 336 335 916
f 672 885 886
f 889 887 890
f 547 886 597
f 887 892 890
f 888 886 547
f 905 894 904
f 827 1021 1020
f 672 889 890
f 889 888 887
f 916 672 890
f 892 598 890
f 1322 929 1588
f 894 887 888
f 900 1583 901
f 892 900 598
f 891 898 1612
f 903 816 1024
f 892 887 905
f 891 894 898
f 1004 1002 998
f 894 891 904
f 888 896 894
f 893 896 903
f 908 911 897
f 908 906 912
f 1612 1584 891
f 893 898 896
f 907 1584 909
f 827 1026 1021
f 598 901 915
f 895 900 902
f 901 682 601
f 682 901 1583
f 1139 682 1141
f 905 897 902
f 903 1024 1609
f 1068 914 673
f 887 894 905
f 904 907 908
f 892 905 902
f 897 905 904
f 906 908 907
f 909 1584 1618
f 897 904 908
f 909 906 907
f 911 1067 902
f 908 912 911
f 930 1587 927
f 1322 1321 929
f 895 902 1067
f 917 1723 1069
f 897 911 902
f 1365 910 911
f 910 1319 1318
f 1589 922 930
f 334 913 597
f 918 673 913
f 903 547 1068
f 673 914 913
f 601 915 901
f 915 674 598
f 916 674 336
f 674 916 890
f 412 561 1069
f 1199 1000 1201
f 673 918 816
f 918 676 599
f 655 919 797
f 919 676 332
f 548 920 678
f 677 920 921
f 677 924 925
f 404 1487 1488
f 1403 924 926
f 921 923 1585
f 924 1585 926
f 1489 1488 923
f 600 677 925
f 924 1403 922
f 928 600 925
f 1589 925 924
f 912 1367 1365
f 1144 1490 1730
f 929 928 927
f 909 1586 906
f 600 928 929
f 930 927 928
f 600 1145 678
f 1261 1253 1321
f 1587 1586 927
f 1368 1367 1744
f 339 931 340
f 932 876 680
f 932 549 876
f 549 932 602
f 316 610 934
f 1156 684 1155
f 934 684 317
f 684 934 933
f 319 935 320
f 936 727 685
f 936 550 727
f 550 936 604
f 942 950 948
f 943 944 689
f 1074 938 1075
f 718 1159 407
f 554 939 690
f 689 939 940
f 689 940 943
f 1467 341 942
f 952 949 1591
f 1266 1157 1072
f 945 940 948
f 937 948 950
f 606 689 944
f 941 943 945
f 946 953 949
f 1591 944 943
f 941 945 947
f 948 937 945
f 1409 1408 955
f 949 606 944
f 943 941 1591
f 1103 1416 1104
f 1072 937 1682
f 942 948 940
f 953 1163 606
f 952 946 949
f 406 950 1483
f 1590 370 950
f 606 1161 690
f 1370 1372 1071
f 1411 1409 946
f 1267 1427 1326
f 949 953 606
f 953 955 1724
f 1384 1273 1383
f 1323 1154 562
f 951 953 1724
f 1408 1376 954
f 1100 550 1105
f 1106 1685 1007
f 1119 1236 1235
f 957 1237 1235
f 1174 1339 1390
f 693 608 1170
f 557 959 693
f 692 959 960
f 692 963 964
f 401 1478 1479
f 1082 969 961
f 1259 970 694
f 963 1592 965
f 1480 1479 962
f 608 692 964
f 965 961 963
f 964 967 608
f 1080 964 963
f 961 1176 1082
f 1083 1481 1729
f 1172 1170 608
f 1593 818 824
f 1172 608 967
f 969 966 967
f 1078 958 1168
f 1339 1393 1391
f 966 969 1081
f 828 969 1082
f 970 1083 398
f 1616 1617 1254
f 1084 971 1177
f 1180 1341 1182
f 1088 1087 972
f 606 1163 1161
f 973 1089 355
f 612 1451 1452
f 380 1187 763
f 1224 1297 1190
f 1093 975 1094
f 382 1015 1231
f 564 976 699
f 698 976 977
f 980 698 977
f 1193 1194 393
f 984 1599 986
f 1599 980 978
f 980 1597 982
f 359 1596 570
f 614 698 981
f 982 978 980
f 984 614 981
f 1599 981 980
f 978 982 1645
f 660 1095 842
f 984 983 987
f 990 989 983
f 984 987 1736
f 986 983 984
f 1143 699 614
f 1143 1668 1251
f 1600 990 983
f 1035 1041 1039
f 614 984 1736
f 989 1673 985
f 1670 1054 1669
f 546 1124 1121
f 987 989 985
f 988 989 990
f 1027 1124 1126
f 1123 1127 990
f 565 991 701
f 700 991 992
f 995 700 992
f 1195 1196 397
f 996 700 995
f 1131 1689 1132
f 995 1605 997
f 362 1604 571
f 615 700 996
f 997 993 995
f 999 615 996
f 1607 996 995
f 993 997 1677
f 668 1096 882
f 1002 999 998
f 998 1692 1004
f 1002 1199 615
f 1001 998 999
f 615 1197 701
f 910 1318 1067
f 998 1608 1692
f 1059 1065 1063
f 999 1002 615
f 1002 1004 1716
f 1000 1347 1201
f 549 1139 1136
f 1000 1002 1716
f 1692 1691 1003
f 1694 1741 1140
f 1705 1246 1707
f 584 642 1098
f 1205 1099 719
f 1101 1686 1103
f 1106 1007 1105
f 613 1285 1090
f 1712 1354 1298
f 761 750 1110
f 1111 1009 729
f 1010 758 647
f 758 1010 1009
f 647 1011 1568
f 739 1011 746
f 1012 1216 374
f 1012 1218 1216
f 1208 1207 1108
f 1013 1207 1208
f 1114 1115 778
f 1014 1244 1243
f 1305 382 1231
f 1358 1356 1231
f 1016 1233 1118
f 1235 384 957
f 826 815 1120
f 1115 1114 1014
f 1018 822 657
f 822 1018 1017
f 657 1019 1570
f 804 1019 811
f 807 817 1021
f 1697 827 1020
f 1024 1023 1022
f 1021 1026 1023
f 1610 1609 1022
f 1253 1261 1255
f 807 1023 1024
f 1022 1026 1614
f 807 1024 816
f 1609 893 903
f 1022 1611 1610
f 1262 1260 1256
f 1023 1026 1022
f 1698 1025 1026
f 1123 1122 1027
f 988 990 1743
f 558 1028 842
f 841 1028 1029
f 841 1029 1032
f 1031 1622 1029
f 841 1032 1033
f 1651 1032 1030
f 1032 1622 1034
f 358 1621 569
f 660 841 1033
f 1034 1030 1032
f 660 1033 1036
f 1651 1033 1032
f 1034 1624 1030
f 1734 1626 1134
f 1035 1039 1036
f 1041 1635 1040
f 1036 1039 1735
f 1038 1035 1036
f 1735 1647 1095
f 1645 1646 978
f 1630 1629 1627
f 863 1625 1624
f 660 1036 1735
f 1041 1650 1037
f 1645 1037 1646
f 986 1600 983
f 1039 1041 1037
f 1634 1635 1041
f 1639 1638 1632
f 1632 1633 1641
f 1135 837 663
f 1043 847 544
f 846 847 1580
f 1628 866 1642
f 1580 1731 1579
f 1633 1631 1627
f 315 1046 610
f 853 1046 1047
f 853 1047 1048
f 852 661 1047
f 1049 1050 853
f 1048 661 844
f 933 562 1154
f 1048 844 1653
f 562 1050 1049
f 853 1050 1046
f 1138 1137 1051
f 1691 1694 1693
f 559 1052 882
f 881 1052 1053
f 881 1053 1056
f 1055 1667 1053
f 881 1056 1057
f 1738 1675 1672
f 1056 1667 1058
f 361 1666 581
f 668 881 1057
f 1058 1054 1056
f 1060 1059 1063
f 1681 1057 1056
f 1058 1669 1054
f 1736 1671 1143
f 1245 1065 1676
f 1060 668 1057
f 1060 1063 1739
f 1062 1059 1060
f 1739 1679 1096
f 1317 1001 1678
f 1675 1674 1672
f 985 1670 1669
f 668 1060 1739
f 1063 1065 1740
f 1061 1678 1677
f 1708 1705 1138
f 1061 1063 1740
f 1245 1064 1065
f 1689 880 1133
f 1131 1128 1130
f 1141 1732 1140
f 1142 1318 1249
f 816 1068 673
f 914 1068 547
f 1069 1144 412
f 1144 1721 1402
f 1070 1146 1145
f 1252 609 694
f 1373 1371 1375
f 1444 1442 1178
f 1682 406 688
f 937 1072 1157
f 551 1073 688
f 1272 938 1419
f 605 1074 1075
f 938 1074 1073
f 1266 1417 1158
f 1160 1272 1332
f 1075 938 1270
f 584 1331 642
f 1077 1162 1161
f 1165 1163 951
f 607 691 1168
f 1276 1169 958
f 1171 693 1170
f 1172 1174 1079
f 961 1080 963
f 964 1080 967
f 966 1081 1593
f 818 1081 1697
f 1696 828 1175
f 970 1259 1260
f 1478 1729 1479
f 961 965 1176
f 408 695 1177
f 1084 1282 1340
f 1180 696 1179
f 1085 1181 1183
f 541 1086 695
f 972 1086 1389
f 611 1087 1088
f 972 1087 1086
f 1282 611 1394
f 1383 1165 951
f 1460 1728 1461
f 1455 1454 1453
f 409 697 1185
f 1090 1285 1343
f 1188 763 1187
f 1091 1189 1191
f 563 1092 697
f 1309 975 1424
f 613 1093 1094
f 975 1093 1092
f 1094 1214 1293
f 1309 1117 1232
f 842 1193 393
f 1647 1645 982
f 882 1195 397
f 1679 1677 997
f 1198 1197 1097
f 1287 675 917
f 584 1290 1291
f 1290 1098 1292
f 719 1296 1295
f 1217 1099 1683
f 726 727 1101
f 1007 1100 1105
f 726 1101 1103
f 1101 1100 1007
f 726 1103 1104
f 946 952 1411
f 1684 726 1104
f 1686 1685 1102
f 731 1112 1111
f 1158 1327 1325
f 1686 1007 1685
f 687 1105 550
f 1407 1376 1408
f 1106 1105 687
f 1207 1013 755
f 1109 1008 1107
f 786 1013 1208
f 1700 1108 1107
f 1298 1224 1190
f 1229 1109 1299
f 1433 1379 1432
f 731 1111 729
f 1009 1215 1110
f 1215 1111 1112
f 1215 1009 1111
f 1417 1266 605
f 1217 1216 1113
f 1218 1295 1113
f 1115 774 778
f 1014 1116 1315
f 1115 1017 774
f 1243 1120 1017
f 1116 781 789
f 1688 782 781
f 1094 975 1307
f 1306 787 1397
f 653 796 1233
f 1311 1234 1016
f 1236 1701 385
f 1233 1016 1363
f 1704 1703 826
f 1014 1243 1115
f 835 836 1122
f 1027 1121 1124
f 1122 1644 835
f 1122 1121 1027
f 1637 1638 840
f 1601 1600 1603
f 1127 1126 1125
f 671 1124 546
f 1672 1673 988
f 1124 1128 1126
f 1027 1126 1127
f 1128 1125 1126
f 1027 1127 1123
f 1743 990 1127
f 1125 1128 1129
f 1582 878 1130
f 1672 988 1737
f 1129 1131 1132
f 1130 1128 671
f 1129 1128 1131
f 1132 1738 1129
f 1131 1130 878
f 1066 1132 1133
f 880 1689 878
f 1133 1245 1066
f 1246 1705 1708
f 665 1247 357
f 1626 1624 1034
f 662 1135 544
f 1043 1135 663
f 875 876 1137
f 1051 1136 1139
f 1138 875 1137
f 1137 1136 1051
f 1707 1133 880
f 1245 1133 1246
f 1051 1690 1138
f 682 1139 549
f 1716 1349 1347
f 1583 895 1732
f 1051 1139 1741
f 1732 1142 1140
f 1349 1695 1288
f 1067 1142 895
f 699 1250 360
f 1671 1669 1058
f 1487 1730 1488
f 922 1368 1744
f 364 678 1146
f 1070 1145 929
f 53 364 1147
f 1147 364 1146
f 582 365 1148
f 1147 1148 365
f 1152 1709 1264
f 1146 1070 1149
f 1152 1264 1263
f 399 1152 1320
f 1070 929 1153
f 1151 1149 1070
f 1263 1149 1151
f 1153 1150 1151
f 1263 1151 1152
f 1320 1252 694
f 1252 1150 1253
f 1153 1253 1150
f 1428 1324 1412
f 1282 1084 611
f 603 684 1156
f 1071 1155 1154
f 1156 687 603
f 687 1156 1373
f 1157 947 937
f 1158 947 1157
f 1325 947 1158
f 1075 1271 1379
f 1268 1484 407
f 1330 1159 1329
f 1271 1270 1160
f 1333 1332 1334
f 378 690 1162
f 1077 1161 1163
f 206 378 1164
f 1164 378 1162
f 1077 1163 1165
f 953 951 1163
f 576 379 1166
f 1164 1166 379
f 1338 1167 1077
f 972 1273 1088
f 220 347 1274
f 1162 1077 1167
f 1166 1274 347
f 972 1338 1273
f 1710 607 1168
f 1339 1275 1390
f 1278 1171 1079
f 1173 1169 1280
f 386 693 1171
f 1079 1170 1172
f 1173 386 1171
f 1171 1170 1079
f 958 1079 1174
f 967 968 1172
f 1173 1279 386
f 1280 1279 1173
f 1168 958 1390
f 1174 1172 968
f 1696 1175 1698
f 1025 1617 1616
f 1620 1617 1733
f 1262 1176 965
f 1177 1281 408
f 1183 1181 1184
f 1412 1265 1438
f 1324 1323 1265
f 612 696 1180
f 1085 1179 1181
f 1450 612 1180
f 1180 1179 1085
f 1085 1183 1341
f 1469 1184 1181
f 1049 1441 1727
f 1282 1178 1340
f 1183 1177 971
f 1184 1281 1177
f 1183 1184 1177
f 377 1283 567
f 1185 1284 409
f 1191 1189 1192
f 1344 1190 1188
f 1700 1210 1208
f 649 763 1188
f 1091 1187 1189
f 1297 649 1188
f 1188 1187 1091
f 1091 1191 1344
f 1470 1192 1189
f 1224 1223 1297
f 1285 1186 1343
f 1191 1185 974
f 1192 1284 1185
f 1191 1192 1185
f 381 1286 577
f 393 1194 1475
f 1193 842 1095
f 359 1194 1596
f 1598 1597 979
f 397 1196 1477
f 1195 882 1096
f 362 1196 1604
f 1606 1605 994
f 367 701 1198
f 1097 1197 1199
f 19 367 1200
f 1200 367 1198
f 1097 1199 1201
f 1002 1000 1199
f 583 403 1202
f 1200 1202 403
f 1203 1395 1346
f 675 1287 1348
f 33 368 1289
f 1198 1097 1203
f 1202 1289 368
f 1345 917 402
f 1230 1304 1204
f 1221 1226 1222
f 1006 1205 719
f 344 1099 1206
f 1206 169 344
f 1206 343 169
f 1207 742 1108
f 742 1207 1699
f 1211 1209 1212
f 1303 1210 1700
f 1361 1401 1400
f 1214 1294 1293
f 1353 1214 1209
f 1354 1302 1298
f 786 1211 1212
f 1209 1211 1213
f 786 1212 784
f 1400 783 1212
f 790 1361 1360
f 1210 1213 1208
f 1293 613 1094
f 1213 1353 1209
f 1110 1439 761
f 1432 1379 1271
f 374 1216 1217
f 1113 1216 1218
f 1468 374 1217
f 1099 1217 1296
f 1218 1220 1295
f 1218 1219 1222
f 1219 1218 1012
f 1222 1223 1221
f 1292 1098 1351
f 1225 1228 1230
f 1227 1229 753
f 1219 1223 1222
f 1222 1220 1218
f 1228 1227 753
f 1224 1221 1223
f 649 1223 1219
f 1221 1224 1300
f 1298 1301 1224
f 1352 1222 1226
f 1292 1351 1352
f 1220 1222 1352
f 1227 1228 1225
f 1229 1299 753
f 1227 1226 1221
f 1225 1292 1352
f 759 1228 753
f 1109 1301 1302
f 1300 1229 1227
f 1304 1711 1204
f 1230 1228 759
f 1305 1471 382
f 1117 1231 1356
f 1214 1094 1308
f 1357 1397 1360
f 1233 1310 653
f 1704 1242 1703
f 1314 1313 1016
f 1236 1234 1701
f 384 1235 1236
f 1119 1235 1237
f 1472 384 1236
f 1234 1236 1314
f 1239 1313 1237
f 1240 1702 1703
f 1238 1237 957
f 1238 1240 1241
f 1363 1364 1310
f 1703 1242 1241
f 1710 1240 1238
f 1241 1237 1238
f 1241 1239 1237
f 1241 1362 1239
f 1362 1316 1363
f 1315 1116 789
f 1115 1243 1017
f 1120 1243 1244
f 826 1120 1704
f 1244 1315 1316
f 1676 1066 1245
f 1064 1245 1246
f 1317 1064 1246
f 875 1138 1705
f 357 1248 1464
f 1247 665 1134
f 358 1248 1621
f 1623 1622 1031
f 1140 1717 1693
f 911 912 1365
f 360 1251 1465
f 1250 699 1143
f 361 1251 1666
f 1668 1667 1055
f 609 1252 1253
f 1152 1150 1320
f 1253 1255 609
f 1321 1153 929
f 1619 1258 1255
f 1614 1611 1022
f 609 1255 1258
f 1261 1615 1254
f 1256 1259 1258
f 1620 1256 1617
f 1025 1614 1026
f 1618 1588 909
f 609 1258 1259
f 1619 1617 1256
f 609 1259 694
f 1260 1083 970
f 1083 1260 1262
f 1260 1259 1256
f 1255 1261 1254
f 1321 1257 1261
f 1083 1262 965
f 1620 1176 1262
f 1149 1263 1147
f 1148 1263 1264
f 1264 400 1148
f 1709 67 400
f 1370 1071 1154
f 1265 1412 1324
f 605 1266 1072
f 1266 1158 1157
f 1267 1326 1325
f 1414 1378 1416
f 373 1268 1328
f 1435 1268 1159
f 1330 1329 1269
f 1291 1382 1381
f 1075 1270 1271
f 1160 1270 1272
f 1417 1379 1327
f 1431 1333 1439
f 1420 1380 1434
f 938 1073 1419
f 1273 1384 1088
f 1338 1077 1165
f 1338 972 1389
f 1714 1274 1166
f 1710 1168 1275
f 1174 968 1339
f 1078 1276 958
f 354 1169 1277
f 1277 101 354
f 1277 353 101
f 1278 958 1169
f 958 1278 1079
f 386 1279 87
f 387 1279 1280
f 387 1280 580
f 1280 1169 354
f 408 1281 223
f 1283 377 1281
f 971 1084 1340
f 1446 1448 1342
f 567 1283 345
f 1184 1283 1281
f 409 1284 138
f 1286 381 1284
f 974 1090 1343
f 1285 1293 1294
f 577 1286 348
f 1192 1286 1284
f 1097 1201 1395
f 1345 1289 1346
f 1405 1404 1369
f 1288 1695 1350
f 1345 402 1289
f 1289 1202 1203
f 1331 584 1381
f 1292 1204 1290
f 1335 1382 1336
f 1291 1290 1204
f 1292 1230 1204
f 1230 1292 1225
f 1293 1285 613
f 1186 1285 1294
f 1354 1303 1302
f 1353 1354 1294
f 1113 1295 1296
f 719 1295 1351
f 1113 1296 1217
f 1099 1296 719
f 1190 1297 1188
f 649 1297 1223
f 1301 1300 1224
f 1008 1302 1303
f 753 1299 756
f 1299 1109 743
f 1221 1300 1227
f 1301 1229 1300
f 1301 1109 1229
f 1008 1109 1302
f 1303 1700 1008
f 1302 1301 1298
f 1210 1303 1353
f 1294 1354 1186
f 760 757 1713
f 759 1713 1304
f 383 1305 1355
f 1437 1305 1231
f 1356 1357 1117
f 1358 653 1359
f 1094 1307 1308
f 1232 1307 1309
f 1399 1400 1209
f 1397 790 1360
f 1425 1396 1436
f 975 1092 1424
f 1398 1359 653
f 789 1364 1315
f 1118 1311 1016
f 352 1234 1312
f 1312 118 352
f 1312 351 118
f 1119 1313 1314
f 1016 1313 1363
f 1119 1314 1236
f 1234 1314 1016
f 1315 1244 1014
f 1244 1316 1704
f 1242 1316 1362
f 1363 1316 1364
f 1680 1678 1740
f 998 1001 1608
f 1067 1318 1142
f 1249 1318 1319
f 1249 1718 1717
f 1144 1069 1721
f 399 1320 694
f 1252 1320 1150
f 1253 1153 1321
f 1257 1321 1322
f 899 1611 1613
f 1588 1586 909
f 1154 1323 1324
f 1727 1265 1323
f 1374 1370 1324
f 1421 1383 1724
f 1326 941 947
f 1267 1325 1327
f 941 1326 1591
f 1427 952 1326
f 1327 1378 1414
f 1112 1378 1413
f 373 1328 574
f 342 1380 1418
f 1076 1159 1330
f 1269 1381 1382
f 1330 1332 1076
f 1334 1330 1269
f 1331 1329 718
f 1381 1269 1329
f 1076 1332 1272
f 1160 1332 1333
f 1271 1160 1726
f 1334 1335 1333
f 1330 1334 1332
f 761 1333 1335
f 1336 761 1335
f 1335 1334 1269
f 761 1336 760
f 1336 1382 1711
f 1394 1088 1385
f 1154 1324 1370
f 1338 1714 1167
f 346 1274 1389
f 1339 1391 1275
f 1391 1393 1392
f 1341 1183 971
f 1340 1178 1182
f 1085 1341 1180
f 1341 1340 1182
f 1725 1386 1388
f 1384 1337 1385
f 1344 1191 974
f 1190 1343 1712
f 1091 1344 1188
f 1344 1343 1190
f 1345 1287 917
f 1346 1287 1345
f 1395 1715 1287
f 1346 1289 1203
f 1715 1395 1201
f 1288 1347 1349
f 1348 1347 1288
f 1715 1201 1347
f 1369 1288 1718
f 1716 1004 1003
f 1717 1718 1350
f 1693 1694 1140
f 1220 1351 1295
f 719 1351 1098
f 1225 1352 1226
f 1220 1352 1351
f 1210 1353 1213
f 1353 1294 1214
f 1712 1186 1354
f 1303 1354 1353
f 383 1355 578
f 350 1396 1423
f 1232 1117 1357
f 1358 1306 1356
f 1360 1232 1357
f 1357 1356 1306
f 1306 1358 1359
f 1358 1015 653
f 1359 787 1306
f 787 1359 1398
f 1360 1308 1232
f 1308 1360 1361
f 1308 1361 1399
f 1400 1399 1361
f 1242 1362 1241
f 1239 1362 1363
f 1313 1239 1363
f 1233 1363 1310
f 1310 1364 789
f 1364 1316 1315
f 1365 1319 910
f 1426 1319 1367
f 1319 1718 1249
f 926 1402 1403
f 1365 1367 1319
f 1366 1367 1368
f 1402 1366 1368
f 930 922 1744
f 1404 1348 1288
f 1426 1405 1369
f 1371 1373 1372
f 1370 1374 1372
f 1421 1422 1337
f 1388 1386 1337
f 1071 1372 1373
f 1372 1719 1371
f 1071 1373 1156
f 1375 687 1373
f 1720 1422 1376
f 1385 1337 1386
f 1375 1106 687
f 1106 1406 1407
f 1371 1406 1375
f 1375 1406 1106
f 1443 1377 1440
f 1440 1445 1443
f 1215 1112 1413
f 1267 1327 1414
f 1417 605 1075
f 1433 1413 1378
f 1380 1419 372
f 1420 1272 1419
f 1291 1381 584
f 1331 1381 1329
f 1269 1382 1335
f 757 1336 1711
f 1165 1383 1273
f 1337 1383 1421
f 1088 1384 1385
f 1337 1384 1383
f 611 1088 1394
f 1386 1342 1385
f 1342 1386 1387
f 1387 1725 1429
f 1444 1178 1446
f 1428 1412 1377
f 1374 1388 1719
f 954 1422 1421
f 1086 346 1389
f 1338 1389 1714
f 1174 1390 958
f 1168 1390 1275
f 1275 1391 1702
f 821 1392 825
f 1392 824 810
f 1393 1595 1392
f 824 1392 1595
f 1393 1339 968
f 1178 1282 1448
f 1342 1394 1385
f 1097 1395 1203
f 1346 1395 1287
f 1396 1424 349
f 1425 1309 1424
f 790 1397 787
f 1397 1357 1306
f 787 1398 789
f 1310 1398 653
f 1399 1214 1308
f 1214 1399 1209
f 1209 1400 1212
f 783 1400 1401
f 783 1401 785
f 1401 1361 790
f 1366 1722 1405
f 1402 926 1144
f 1403 1368 922
f 1368 1403 1402
f 1404 675 1348
f 1426 1366 1405
f 1405 675 1404
f 675 1723 917
f 956 1106 1407
f 1376 1406 1371
f 1408 956 1407
f 1407 1406 1376
f 956 1408 1409
f 1408 954 955
f 1410 956 1409
f 946 1409 955
f 1685 956 1687
f 1410 1415 1687
f 1411 1410 1409
f 1410 1411 1427
f 1374 1324 1428
f 1412 1438 1440
f 1431 1215 1413
f 1379 1433 1327
f 1414 1415 1267
f 1414 1416 1415
f 1427 1267 1415
f 1102 1415 1416
f 1102 1416 1103
f 1378 1104 1416
f 1158 1417 1327
f 1379 1417 1075
f 1418 186 342
f 186 1418 372
f 372 1419 1073
f 1076 1272 1420
f 1434 1435 1420
f 1420 1419 1380
f 1388 1337 1422
f 1724 955 954
f 1719 1388 1720
f 1422 954 1376
f 1423 135 350
f 135 1423 349
f 349 1424 1092
f 1117 1309 1425
f 1436 1437 1425
f 1425 1424 1396
f 1366 1426 1367
f 1319 1426 1369
f 952 1427 1411
f 1415 1410 1427
f 1428 1429 1374
f 1377 1429 1428
f 1388 1374 1725
f 1387 1429 1377
f 1440 1438 1430
f 1455 1664 1454
f 1439 1110 1215
f 1333 1431 1726
f 1432 1431 1413
f 1431 1432 1726
f 1327 1433 1378
f 1413 1433 1432
f 1328 1434 1380
f 1076 1420 1435
f 1076 1435 1159
f 1435 1434 1268
f 1355 1436 1396
f 1117 1425 1437
f 1117 1437 1231
f 1437 1436 1305
f 1377 1412 1440
f 1441 1430 1438
f 761 1439 1333
f 1431 1439 1215
f 1443 1442 1444
f 1445 1440 1661
f 1655 1654 849
f 1654 850 849
f 1178 1449 1182
f 1445 1447 1442
f 1444 1377 1443
f 1442 1443 1445
f 1444 1387 1377
f 1387 1444 1446
f 1449 1442 1447
f 1662 1445 1660
f 1446 1342 1387
f 1448 1394 1342
f 1449 1447 1450
f 1452 696 612
f 1394 1448 1282
f 1448 1446 1178
f 1442 1449 1178
f 1182 1449 1450
f 1182 1450 1180
f 612 1450 1451
f 1454 1089 1453
f 1664 1456 1454
f 1452 1453 973
f 1454 1457 860
f 1453 1089 973
f 860 1089 1454
f 1456 1458 1457
f 1452 1455 1453
f 1457 1454 1456
f 1455 1452 1451
f 1581 864 1458
f 1657 1655 849
f 1457 856 860
f 1458 856 1457
f 1458 864 856
f 1581 851 1576
f 1659 1657 849
f 1459 1458 1456
f 1460 356 240
f 1462 568 356
f 857 1461 1463
f 1089 1728 355
f 389 1462 857
f 1461 1462 356
f 857 1463 1574
f 860 1463 1089
f 1464 358 257
f 358 1464 1248
f 1465 361 291
f 361 1465 1251
f 363 1466 962
f 1466 84 366
f 1467 371 203
f 371 1467 942
f 1468 375 155
f 375 1468 1217
f 1469 376 237
f 376 1469 1181
f 1470 380 152
f 380 1470 1189
f 1471 383 121
f 383 1471 1305
f 1472 385 104
f 385 1472 1236
f 388 1473 857
f 1473 254 389
f 390 1474 1031
f 1474 271 391
f 1475 359 274
f 359 1475 1194
f 394 1476 1055
f 1476 305 395
f 1477 362 2
f 362 1477 1196
f 1478 401 70
f 1480 572 401
f 962 1479 1481
f 1083 1729 398
f 366 1480 962
f 1479 1480 401
f 962 1481 1592
f 965 1481 1083
f 1482 405 50
f 405 1482 923
f 1483 370 189
f 370 1483 950
f 1484 373 172
f 373 1484 1268
f 1485 410 288
f 410 1485 979
f 1486 411 16
f 411 1486 994
f 1487 404 36
f 1489 573 404
f 923 1488 1490
f 1144 1730 412
f 369 1489 923
f 1488 1489 404
f 923 1490 1585
f 926 1490 1144
f 431 1491 1495
f 487 1491 413
f 486 1492 199
f 1494 201 200
f 616 1493 431
f 200 1492 1494
f 201 1494 449
f 1493 1494 1492
f 1496 616 431
f 192 1495 193
f 467 1496 191
f 1495 1496 431
f 1498 184 183
f 432 1497 707
f 450 1498 626
f 1498 1497 432
f 1500 167 166
f 433 1499 709
f 451 1500 628
f 1500 1499 433
f 1502 218 217
f 434 1501 711
f 453 1502 630
f 1502 1501 434
f 435 1503 1507
f 499 1503 417
f 498 1504 233
f 1506 235 234
f 617 1505 435
f 234 1504 1506
f 235 1506 452
f 1505 1506 1504
f 1508 617 435
f 226 1507 227
f 470 1508 225
f 1507 1508 435
f 1510 150 149
f 436 1509 713
f 454 1510 632
f 1510 1509 436
f 437 1511 1515
f 504 505 1511
f 503 1512 131
f 1514 133 132
f 634 1513 437
f 132 1512 1514
f 133 1514 455
f 1513 1514 1512
f 1516 634 437
f 124 1515 125
f 473 1516 123
f 1515 1516 437
f 1518 116 115
f 438 1517 715
f 456 1518 635
f 1518 1517 438
f 1520 99 98
f 439 1519 717
f 457 1520 637
f 1520 1519 439
f 440 1521 1525
f 514 1521 422
f 513 1522 250
f 1524 252 251
f 618 1523 440
f 251 1522 1524
f 252 1524 476
f 1523 1524 1522
f 1526 618 440
f 243 1525 244
f 458 1526 242
f 1525 1526 440
f 441 1527 1531
f 517 1527 423
f 516 1528 267
f 1530 269 268
f 619 1529 441
f 268 1528 1530
f 269 1530 477
f 1529 1530 1528
f 1532 619 441
f 260 1531 261
f 459 1532 259
f 1531 1532 441
f 442 1533 1537
f 520 1533 424
f 519 1534 284
f 1536 286 285
f 620 1535 442
f 285 1534 1536
f 286 1536 478
f 1535 1536 1534
f 1538 620 442
f 277 1537 278
f 460 1538 276
f 1537 1538 442
f 443 1539 1543
f 522 523 1539
f 521 1540 301
f 1542 303 302
f 639 1541 443
f 302 1540 1542
f 303 1542 479
f 1541 1542 1540
f 1544 639 443
f 294 1543 295
f 461 1544 293
f 1543 1544 443
f 444 1545 1549
f 526 1545 426
f 525 1546 12
f 1548 14 13
f 621 1547 444
f 13 1546 1548
f 14 1548 480
f 1547 1548 1546
f 1550 621 444
f 5 1549 6
f 462 1550 4
f 1549 1550 444
f 1552 82 81
f 446 1551 703
f 464 1552 622
f 1552 1551 446
f 445 1553 1557
f 531 532 1553
f 530 1554 63
f 1556 65 64
f 640 1555 445
f 64 1554 1556
f 65 1556 481
f 1555 1556 1554
f 1558 640 445
f 56 1557 57
f 463 1558 55
f 1557 1558 445
f 447 1559 1563
f 535 1559 429
f 534 1560 29
f 1562 31 30
f 641 1561 447
f 30 1560 1562
f 31 1562 465
f 1561 1562 1560
f 1564 641 447
f 22 1563 23
f 483 1564 21
f 1563 1564 447
f 1566 48 47
f 448 1565 705
f 466 1566 624
f 1566 1565 448
f 725 1567 728
f 729 1567 731
f 728 647 1568
f 1568 739 540
f 745 1569 746
f 738 1569 756
f 1571 657 1570
f 1570 804 543
f 657 1571 777
f 1571 656 590
f 810 1572 811
f 803 1572 820
f 834 1573 837
f 1640 1639 838
f 855 1574 858
f 860 1574 1463
f 859 1575 862
f 1575 856 864
f 1576 1577 868
f 1459 851 1581
f 1578 868 1577
f 1577 1576 851
f 868 1578 1579
f 1044 1580 847
f 866 868 1643
f 1045 1579 1731
f 1580 1578 846
f 1578 1580 1579
f 1459 1581 1458
f 1581 1576 864
f 874 1582 877
f 878 1582 880
f 1732 1141 682
f 895 1583 900
f 1612 1610 899
f 891 1584 907
f 921 1585 924
f 926 1585 1490
f 1587 906 1586
f 927 1586 1588
f 1587 912 906
f 912 1587 1744
f 927 1588 929
f 1618 1322 1588
f 922 1589 924
f 925 1589 928
f 1590 942 341
f 942 1590 950
f 944 1591 949
f 952 1591 1326
f 960 1592 963
f 965 1592 1481
f 818 1593 1081
f 966 1594 967
f 1594 1393 968
f 1393 1594 1595
f 1595 1593 824
f 1593 1595 1594
f 1596 979 392
f 1598 979 1596
f 977 1597 980
f 982 1597 1598
f 982 1598 1095
f 1596 1194 1598
f 981 1599 984
f 1599 978 986
f 1600 1601 990
f 1601 1603 1602
f 1601 1123 990
f 1602 1123 1601
f 1637 1644 1602
f 1042 1636 1635
f 1040 1602 1649
f 1648 1603 1600
f 1604 994 396
f 1606 994 1604
f 992 1605 995
f 997 1605 1606
f 997 1606 1096
f 1604 1196 1606
f 996 1607 999
f 1607 993 1001
f 1138 1005 1708
f 1608 1001 1317
f 893 1609 1610
f 1609 1024 1022
f 898 893 1612
f 1611 899 1610
f 1584 899 1618
f 1614 1615 1611
f 1584 1612 899
f 1610 1612 893
f 1613 1257 1322
f 1257 1613 1615
f 1615 1613 1611
f 1615 1614 1616
f 1257 1615 1261
f 1254 1615 1616
f 1254 1617 1619
f 1616 1614 1025
f 1620 1262 1256
f 1698 1175 1617
f 1618 1613 1322
f 1613 1618 899
f 1254 1619 1255
f 1258 1619 1256
f 1176 1733 1082
f 1082 1733 1175
f 1621 1031 391
f 1623 1031 1621
f 1029 1622 1032
f 1034 1622 1623
f 1034 1623 1134
f 1621 1248 1623
f 1038 1030 1625
f 863 1624 1626
f 1038 1625 1629
f 1628 1629 1625
f 1734 865 863
f 1134 1626 1034
f 1035 1038 1630
f 1631 1630 1627
f 866 1628 867
f 1628 1625 863
f 1038 1629 1630
f 1627 1629 1628
f 1630 1634 1035
f 1631 1634 1630
f 1042 1631 1632
f 1633 1632 1631
f 1638 1042 1632
f 1641 1639 1632
f 1633 1579 1045
f 1642 1643 1633
f 1035 1634 1041
f 1042 1634 1631
f 1602 1040 1636
f 1635 1634 1042
f 1602 1636 1637
f 1639 840 1638
f 1123 1602 1644
f 1637 840 835
f 1638 1636 1042
f 1636 1638 1637
f 1640 840 1639
f 838 1639 1641
f 840 1640 839
f 831 1640 1573
f 838 1641 1652
f 1045 1641 1633
f 1642 1633 1627
f 1579 1633 1643
f 1579 1643 868
f 1643 1642 866
f 1123 1644 1122
f 1644 1637 835
f 986 978 1646
f 1037 1645 1647
f 1646 1648 986
f 1646 1649 1648
f 1735 1039 1037
f 1095 1647 982
f 986 1648 1600
f 1603 1648 1649
f 1603 1649 1602
f 1650 1040 1649
f 1040 1650 1041
f 1037 1650 1646
f 1033 1651 1036
f 1651 1030 1038
f 1573 838 1652
f 663 1652 1731
f 1653 1441 1049
f 1653 1654 1655
f 1654 1653 844
f 1441 1653 1655
f 1655 1430 1441
f 1659 851 1459
f 1655 1657 1658
f 1661 1430 1658
f 1430 1655 1658
f 1656 1657 1659
f 1661 1440 1430
f 1658 1657 1656
f 1656 1659 1459
f 851 1659 849
f 1447 1445 1662
f 1663 1662 1660
f 1661 1660 1445
f 1660 1661 1658
f 1662 1451 1447
f 1451 1662 1663
f 1455 1451 1664
f 1456 1663 1665
f 1664 1663 1456
f 1663 1664 1451
f 1456 1665 1459
f 1656 1665 1660
f 1666 1055 395
f 1668 1055 1666
f 1053 1667 1056
f 1058 1667 1668
f 1058 1668 1143
f 1666 1251 1668
f 1062 1054 1670
f 985 1669 1671
f 1062 1670 1674
f 1673 1674 1670
f 1736 987 985
f 1143 1671 1058
f 1675 1059 1062
f 1129 1737 1125
f 988 1673 989
f 1673 1670 985
f 1062 1674 1675
f 1672 1674 1673
f 1675 1676 1059
f 1738 1676 1675
f 1059 1676 1065
f 1066 1676 1738
f 993 1677 1678
f 1061 1677 1679
f 993 1678 1001
f 1680 1317 1678
f 1739 1063 1061
f 1096 1679 997
f 1680 1064 1317
f 1740 1065 1064
f 1057 1681 1060
f 1681 1054 1062
f 950 1682 937
f 1072 1682 688
f 375 1683 575
f 1683 1099 344
f 726 1684 730
f 1684 1104 731
f 1102 1685 1687
f 1685 1106 956
f 1007 1686 1101
f 1103 1686 1102
f 1102 1687 1415
f 1410 1687 956
f 1688 1116 775
f 1116 1688 781
f 878 1689 1131
f 1132 1689 1133
f 1005 1690 1691
f 1741 1694 1690
f 1005 1691 1692
f 1693 1003 1691
f 1608 1005 1692
f 1004 1692 1003
f 1349 1003 1695
f 1350 1693 1717
f 1741 1141 1140
f 1694 1691 1690
f 1695 1693 1350
f 1693 1695 1003
f 828 1696 1697
f 827 1696 1698
f 1081 828 1697
f 1020 823 1697
f 827 1698 1026
f 1025 1698 1617
f 742 1699 747
f 751 1699 755
f 1008 1700 1107
f 1108 1700 1208
f 385 1701 579
f 1701 1234 352
f 1702 821 826
f 1391 821 1702
f 826 1703 1702
f 1240 1703 1241
f 1242 1704 1316
f 1244 1704 1120
f 875 1705 1706
f 1708 1317 1246
f 875 1706 879
f 880 1706 1707
f 1133 1707 1246
f 1705 1707 1706
f 1708 1608 1317
f 1005 1608 1708
f 399 1709 1152
f 1264 1709 400
f 607 1710 1238
f 1240 1710 1702
f 757 1711 1304
f 1711 1291 1204
f 1186 1712 1343
f 1712 1298 1190
f 745 1713 759
f 1304 1713 757
f 1167 1714 1166
f 1274 1714 1389
f 1715 1348 1287
f 1348 1715 1347
f 1000 1716 1347
f 1349 1716 1003
f 1717 1142 1249
f 1142 1717 1140
f 1350 1718 1288
f 1369 1718 1319
f 1374 1719 1372
f 1376 1371 1720
f 1422 1720 1388
f 1719 1720 1371
f 1366 1402 1722
f 675 1405 1723
f 1405 1722 1723
f 1721 1722 1402
f 1723 1721 1069
f 1722 1721 1723
f 951 1724 1383
f 1421 1724 954
f 1386 1725 1387
f 1429 1725 1374
f 1333 1726 1160
f 1271 1726 1432
f 562 1049 1727
f 1265 1727 1438
f 355 1728 1460
f 1461 1728 1463
f 398 1729 1478
f 1479 1729 1481
f 412 1730 1487
f 1488 1730 1490
f 1652 1045 1731
f 1044 1731 1580
f 1142 1732 895
f 1583 1732 682
f 1175 1733 1617
f 1620 1733 1176
f 594 1734 1134
f 1626 1734 863
f 660 1735 1095
f 1647 1735 1037
f 614 1736 1143
f 1671 1736 985
f 1743 1125 1737
f 1672 1737 1738
f 1066 1738 1132
f 1737 1129 1738
f 668 1739 1096
f 1679 1739 1061
f 1061 1740 1678
f 1680 1740 1064
f 1141 1741 1139
f 1051 1741 1690
f 771 1742 773
f 770 1742 784
f 988 1743 1737
f 1125 1743 1127
f 930 1744 1587
f 912 1744 1367
f 2376 2198 2321
f 1939 1940 2157
f 2231 1938 2157
f 1855 2250 2164
f 1937 1938 2231
f 2157 1938 1939
f 3261 1858 1859
f 2318 2117 2212
f 1924 1925 2158
f 2367 1816 1817
f 3258 2199 3257
f 3294 1749 3293
f 2113 3226 2667
f 1925 2232 2158
f 2259 2008 2009
f 1926 3241 2232
f 1942 2229 1941
f 2458 2459 2182
f 3235 3236 2175
f 2360 3237 2193
f 2140 3230 2738
f 2257 2256 1993
f 2326 2225 2144
f 2310 2193 2085
f 2377 1884 1885
f 1945 1946 2193
f 1815 2145 1814
f 1937 2231 3239
f 1881 2153 2307
f 2227 1764 1765
f 1934 2114 1933
f 1935 1936 3240
f 1882 1883 2125
f 2150 1933 3227
f 1946 2085 2193
f 2150 1932 1933
f 2384 3299 2225
f 2229 2230 3235
f 1857 1858 2251
f 1847 2300 1846
f 2158 2233 1923
f 2458 2380 1852
f 2176 2450 2451
f 2233 2234 1921
f 2094 2322 2199
f 3241 1927 3242
f 1923 1924 2158
f 2366 2208 2316
f 2159 1907 1908
f 3260 1868 3259
f 1909 3243 2235
f 2260 2259 2010
f 2944 2946 2947
f 2235 2159 1908
f 2224 2315 2365
f 1912 2195 1911
f 2674 3333 2672
f 3263 1841 1842
f 2212 2117 1917
f 2234 2450 1920
f 2107 3210 1828
f 2332 2508 2509
f 1929 1930 2086
f 1929 2086 2194
f 2303 2050 1745
f 3162 2116 3124
f 3113 3032 3148
f 2947 2942 2944
f 2862 3055 2095
f 2195 1912 2088
f 2218 1849 1850
f 2074 2398 2073
f 2087 1914 2283
f 2151 1915 1916
f 2371 2370 2212
f 2087 1913 1914
f 1916 3228 2151
f 2414 2410 2340
f 1929 2194 1928
f 2088 1912 1913
f 1947 3211 2085
f 2164 2250 2459
f 1958 1959 2160
f 2248 2163 3255
f 2085 3334 2310
f 3288 2038 3287
f 2196 2089 2311
f 2256 1991 1992
f 2892 2326 2144
f 1958 2160 1957
f 2454 2455 2178
f 2238 2160 1959
f 2305 1778 1779
f 1894 2198 3254
f 2723 2154 2721
f 3245 2238 1960
f 2444 2735 2445
f 1963 2197 1962
f 2243 1971 1972
f 2239 1957 2160
f 1973 1974 2161
f 2374 2197 2320
f 1975 1976 2241
f 3256 3255 2247
f 2365 3291 2224
f 2161 1972 1973
f 1872 2248 1871
f 3247 2241 2242
f 1979 1980 2196
f 2179 3247 3248
f 1837 2254 1836
f 2243 3251 1971
f 1950 1951 2123
f 1830 2130 2301
f 1981 2089 1980
f 2089 2196 1980
f 2216 1883 1884
f 2893 2890 2891
f 2228 2148 1781
f 2161 2243 1972
f 2247 3255 2163
f 3252 1969 1970
f 2425 2423 2346
f 2239 2240 1955
f 2079 2341 2078
f 1864 2299 1863
f 1965 2090 1964
f 2240 2454 1954
f 2091 2197 1963
f 1963 1964 2091
f 2217 1866 1867
f 2403 2055 2402
f 3180 3049 3099
f 2389 2480 2477
f 2908 2911 2906
f 2215 2375 2374
f 1950 2122 1949
f 2891 2892 3007
f 1951 2215 2123
f 2295 2116 1931
f 2123 2908 1950
f 2092 2321 2198
f 1965 2285 2090
f 2532 3145 2529
f 3213 2089 1981
f 2427 2061 2062
f 2232 1925 1926
f 2361 3249 2196
f 2124 1896 1897
f 2285 2152 2439
f 2230 2229 1942
f 2462 3075 2386
f 2387 2065 2066
f 2268 1753 1754
f 2269 2268 1755
f 2433 2683 2434
f 2831 2830 2439
f 2098 2324 2201
f 2817 2432 2818
f 2110 3224 2316
f 1820 2272 1819
f 1967 2121 3025
f 1982 1983 2297
f 3268 2220 3267
f 3210 2706 2110
f 2223 2325 2383
f 2249 3255 3259
f 2118 1899 3212
f 3308 1766 3307
f 2159 2236 1906
f 2159 1906 1907
f 2177 2452 2453
f 1908 1909 2235
f 2321 2125 2216
f 2236 2237 1904
f 2380 1850 1851
f 2369 1782 1783
f 1890 1891 2162
f 1891 2244 2162
f 3280 2222 3279
f 2277 1770 1771
f 2162 1889 1890
f 3295 1825 3296
f 1892 3253 2244
f 2228 1781 1782
f 2385 2209 2327
f 1763 1764 2147
f 1903 2237 2452
f 2822 2097 2435
f 2296 1898 2118
f 1882 2125 3028
f 1865 1866 2127
f 1900 2213 2119
f 1777 1778 2146
f 3167 2093 3140
f 1946 1947 2085
f 1896 2092 1895
f 2092 2198 1895
f 1864 2126 2299
f 2216 2377 2376
f 1898 2296 1897
f 1883 2216 2125
f 2307 1880 1881
f 2198 1894 1895
f 2092 1896 3214
f 2048 2049 2139
f 2372 2213 2373
f 1793 1794 2113
f 2379 2200 2323
f 2162 2245 1889
f 2246 1887 2245
f 2456 2457 2180
f 1905 2236 1904
f 1772 2278 2277
f 1886 2246 2456
f 2314 2103 2204
f 1874 2163 1873
f 2327 2147 2227
f 2248 1872 2163
f 2163 1872 1873
f 1874 2247 2163
f 3236 1943 1944
f 3253 1893 3254
f 1940 2229 2157
f 2667 2149 2665
f 1942 1943 2230
f 1878 2199 1877
f 2138 3220 2049
f 2115 1947 1948
f 2335 2400 2398
f 1880 2093 1879
f 1879 2094 1878
f 1830 2301 1829
f 1878 2094 2199
f 1870 2248 2249
f 2249 1869 1870
f 2280 1787 1788
f 2223 3285 3286
f 2211 1934 1935
f 1869 2249 3259
f 3260 1867 1868
f 3055 3056 2095
f 2127 1866 2217
f 1759 1760 2140
f 2094 3140 3099
f 2181 3255 3256
f 1794 1795 2149
f 2385 3305 2209
f 2843 2950 2949
f 2368 2210 2317
f 2421 2664 2422
f 2115 2684 2686
f 1930 1931 2116
f 1863 2095 1862
f 1862 2096 1861
f 1848 1849 2129
f 3216 2128 1848
f 1861 2096 2200
f 3261 2251 1858
f 2238 1959 1960
f 2705 2824 2713
f 1860 1861 2200
f 2978 3056 3055
f 2388 2065 2387
f 2380 2379 2218
f 2218 2129 1849
f 1864 1865 2126
f 2322 2127 2217
f 2441 2837 2836
f 3274 2221 3273
f 1806 1807 2274
f 1803 2275 1802
f 2073 2396 2072
f 2307 2836 2093
f 2312 2100 2202
f 1865 3215 2126
f 1845 1846 2097
f 2351 2435 2982
f 1847 1848 2128
f 1949 2122 2298
f 1831 2131 3023
f 1922 2233 1921
f 2130 1830 1831
f 2548 2553 2555
f 2320 2123 2215
f 1916 1917 2117
f 2313 2102 2203
f 2357 2441 2834
f 2069 2536 2537
f 2913 3021 3020
f 1853 2164 2252
f 2459 2250 2251
f 2146 1778 2305
f 1853 2252 1852
f 2822 3020 2097
f 2281 2280 1789
f 2458 1852 2252
f 2155 1760 1761
f 2164 1854 1855
f 1856 1857 2250
f 2231 3235 3239
f 2157 2229 3235
f 2205 2105 2036
f 2164 1853 1854
f 3263 2253 1841
f 2113 3233 2317
f 1956 2239 1955
f 2378 3257 2199
f 2201 1843 1844
f 2382 1833 1834
f 2255 1836 2254
f 1835 2255 2460
f 1914 1915 2283
f 2131 1832 2219
f 1844 1845 2098
f 1831 1832 2131
f 1847 2128 2300
f 2310 3334 2114
f 2165 1839 1840
f 1839 2165 1838
f 1920 1921 2234
f 2381 2201 2324
f 2254 1838 2165
f 2461 2183 2460
f 3292 2224 3291
f 3309 1791 3310
f 1840 2253 2165
f 1923 2233 1922
f 2241 1974 1975
f 2098 2201 1844
f 2381 2219 2382
f 3241 1926 1927
f 2330 2390 2387
f 2219 1832 1833
f 1899 2118 1898
f 3236 3235 2230
f 1982 2297 2120
f 1835 1836 2255
f 1989 2166 2258
f 2222 2314 2364
f 1990 2166 1989
f 2456 2377 1886
f 2245 2162 2457
f 2166 1990 1991
f 2375 1952 1953
f 1988 1989 2258
f 1984 3204 2099
f 2076 2077 2420
f 3269 1988 2258
f 2124 2931 2933
f 2154 2032 2033
f 1987 3270 1986
f 2136 3229 2723
f 1986 2202 1985
f 1993 2256 1992
f 2214 2121 1968
f 3266 2184 3265
f 3282 2021 3281
f 2007 2008 2167
f 2361 2196 2311
f 1889 2245 1888
f 2259 2260 3271
f 2140 3348 2315
f 2210 3310 1792
f 2133 2220 1997
f 2220 1996 1997
f 2226 1815 1816
f 1761 1762 2309
f 2261 2005 2006
f 2443 2442 2720
f 1840 1841 2253
f 2261 3275 2005
f 2196 3249 3250
f 2202 2100 1985
f 2167 2261 2006
f 2256 2257 3265
f 2162 2244 2457
f 2031 2032 2136
f 2225 2326 2384
f 2132 2289 2598
f 2790 2354 2794
f 1984 2099 1983
f 3018 1964 2090
f 2302 2772 2134
f 1999 2132 1998
f 2096 2323 2200
f 2928 3027 2089
f 2628 2627 2413
f 2041 2266 2040
f 2154 2308 2720
f 2796 2138 2303
f 1843 2201 3264
f 2402 2055 2056
f 2044 2045 2265
f 2101 2289 2000
f 2378 2199 2322
f 3208 2101 2001
f 1746 1747 2106
f 2013 2014 2221
f 1881 1882 2153
f 3453 1811 2143
f 2001 2002 2102
f 2119 3427 2961
f 2003 2004 3276
f 2018 2137 2017
f 2015 2016 2134
f 2203 2102 2002
f 2325 2223 2139
f 2908 2910 2911
f 2215 1951 1952
f 2134 3218 2015
f 2424 2676 2675
f 2014 2135 2221
f 2134 2016 2302
f 2251 2250 1857
f 2000 2001 2101
f 3271 3272 2185
f 3243 1910 3244
f 2007 2167 2006
f 2271 1823 1824
f 2112 2327 2209
f 2010 2259 2009
f 2021 3282 2020
f 2330 2476 2477
f 2091 2320 2197
f 3281 2022 2264
f 2383 3285 2223
f 2799 2138 2797
f 2018 2019 2103
f 2427 2348 2430
f 2625 2796 2626
f 2204 2103 2019
f 1949 2298 1948
f 2032 3229 2136
f 2031 2136 2222
f 2033 2308 2154
f 2022 2023 2264
f 2221 2313 2363
f 2024 2025 2168
f 3252 1970 3251
f 2026 2027 2262
f 2161 2241 3247
f 2372 2195 2319
f 2168 2023 2024
f 2243 3247 3251
f 3277 2262 2263
f 2030 2031 2222
f 2186 3277 3278
f 2250 1855 1856
f 2936 2092 3214
f 2267 2040 2266
f 1962 2197 3246
f 3306 2209 3305
f 2039 2040 2267
f 3276 2004 3275
f 2014 2015 2135
f 3410 2325 2139
f 2264 2023 2168
f 3253 1892 1893
f 1810 1811 2144
f 2035 3209 2104
f 1965 1966 2285
f 2038 3288 2037
f 2139 3220 2799
f 2048 2223 2047
f 2036 2037 2205
f 2285 2830 2090
f 2223 2048 2139
f 2923 2925 2120
f 2138 2049 2050
f 2020 2204 2019
f 2141 1745 1746
f 1967 1968 2121
f 2214 1968 1969
f 2033 2034 2308
f 1748 2206 1747
f 2035 2036 2105
f 2303 2138 2050
f 2406 2402 2337
f 2035 2104 2034
f 2226 2145 1815
f 2044 2265 2169
f 2043 2044 2169
f 3248 1977 1978
f 1974 2241 2161
f 2169 2042 2043
f 2039 2267 3287
f 2373 1901 1902
f 2306 3067 3471
f 2541 2542 2335
f 1871 2248 1870
f 3293 1750 2270
f 2170 2270 1751
f 2088 2319 2195
f 2220 2312 2362
f 1751 2270 1750
f 2364 3279 2222
f 3294 1748 1749
f 1976 1977 2242
f 2187 3283 3284
f 2266 2042 2169
f 3221 2141 1746
f 3248 3247 2242
f 2137 2018 3219
f 1886 1887 2246
f 1753 2170 1752
f 2291 2632 2640
f 1860 2200 3262
f 2229 1940 1941
f 2263 2262 2027
f 3231 2156 1780
f 2113 1794 3226
f 2262 2025 2026
f 2418 2080 2081
f 2142 1814 3222
f 2657 2077 2078
f 2107 1828 1829
f 2143 1812 2304
f 2332 2535 2536
f 2142 1813 1814
f 2319 2119 2213
f 2107 2704 2706
f 2630 2341 2629
f 3245 1961 3246
f 1797 2109 2891
f 1796 1797 2108
f 2069 2392 2068
f 1984 1985 2100
f 2292 1796 2108
f 1997 1998 2133
f 2411 2051 2410
f 1799 2207 1798
f 3217 2601 2133
f 1811 1812 2143
f 1797 1798 2109
f 3072 3178 3012
f 2276 3301 1801
f 3072 2086 3124
f 1928 2194 3242
f 2144 2225 1810
f 1799 1800 3302
f 2212 1917 1918
f 2225 3299 3300
f 2146 2305 2661
f 3302 1800 3301
f 2275 2276 1802
f 1931 1932 2295
f 1827 2110 2208
f 2271 1824 3295
f 2447 2190 2446
f 2193 3237 3238
f 2738 2155 2736
f 1826 1827 2208
f 3020 3021 2097
f 2133 3206 2312
f 1823 2171 1822
f 2272 1821 2171
f 1821 1822 2171
f 3240 1936 3239
f 2450 2371 1920
f 1823 2271 2171
f 2233 2158 2451
f 1828 2110 1827
f 2323 2129 2218
f 2110 2316 2208
f 2288 2337 2587
f 2225 1809 1810
f 2276 1801 1802
f 2115 2298 2683
f 2155 2309 2735
f 2226 2367 2366
f 3298 2189 3297
f 2211 2114 1934
f 2272 2273 1819
f 1976 2242 2241
f 2315 2106 2206
f 2172 1805 1806
f 1806 2274 2172
f 1903 1904 2237
f 2362 3267 2220
f 1804 1805 2172
f 3261 1859 3262
f 1804 2172 2275
f 2446 1818 2273
f 2409 2408 2598
f 3243 1909 1910
f 2750 2087 2386
f 2000 2289 1999
f 1763 2147 2944
f 1981 1982 2120
f 2773 2775 2134
f 2309 2155 1761
f 2106 1747 2206
f 2598 2599 2132
f 1762 1763 2111
f 2302 2016 2017
f 2585 2772 2586
f 3033 1777 2146
f 2112 2209 1776
f 1776 1777 2112
f 2003 2203 2002
f 2147 1764 2227
f 3308 1765 1766
f 2750 2949 2087
f 1966 1967 2152
f 1780 2156 1779
f 1874 1875 2247
f 3290 2188 3289
f 2268 1754 1755
f 3289 2268 2269
f 2239 2160 2455
f 2370 2194 2318
f 1759 2140 2224
f 3270 1987 3269
f 2928 2089 3213
f 1911 2195 3244
f 1768 2279 1767
f 2304 1812 1813
f 1769 1770 2173
f 2208 3296 1826
f 1957 2239 1956
f 2173 2279 1768
f 2136 3340 2314
f 2279 3307 1767
f 2160 2238 2455
f 2224 1758 1759
f 3230 2140 1760
f 1769 2173 1768
f 2148 1780 1781
f 1795 1796 2292
f 2135 3218 2775
f 2213 1900 1901
f 2369 2368 2228
f 1899 1900 2119
f 2423 2081 2082
f 1784 2282 2448
f 2437 2436 2703
f 2601 2132 2599
f 2210 1793 2113
f 1891 1892 2244
f 2210 1792 1793
f 1790 3309 2281
f 2360 2193 2310
f 2324 2131 2219
f 2280 2281 2449
f 2135 3365 2313
f 2113 2317 2210
f 2949 2950 2087
f 2150 2432 2295
f 1775 1776 2209
f 3303 3304 2191
f 3303 2277 2278
f 2371 1918 1919
f 3263 1842 3264
f 1771 1772 2277
f 2086 2318 2194
f 2282 1785 2174
f 1888 2245 1887
f 1786 2174 1785
f 1785 2282 1784
f 2174 1786 1787
f 1788 1789 2280
f 2363 3273 2221
f 2452 2373 1903
f 2207 2109 1798
f 2236 2159 2453
f 3245 1960 1961
f 2341 2658 2657
f 2132 3217 1998
f 2159 2235 2453
f 1954 1955 2240
f 2051 2052 2410
f 2170 1751 1752
f 1906 2236 1905
f 2454 2375 1954
f 2059 2060 2354
f 3256 1875 1876
f 2158 2232 2451
f 1838 2254 1837
f 2165 2253 2461
f 2254 2165 2461
f 2460 2382 1835
f 1993 1994 2257
f 1991 2256 2166
f 3266 1994 1995
f 3266 3265 2257
f 2166 2256 3265
f 2258 3265 3269
f 2010 2011 2260
f 2008 2259 2167
f 3272 2011 2012
f 3272 3271 2260
f 2167 2259 3271
f 2261 3271 3275
f 2027 2028 2263
f 2025 2262 2168
f 3278 2028 2029
f 3278 3277 2263
f 2168 2262 3277
f 2264 3277 3281
f 3284 2045 2046
f 3284 3283 2265
f 2042 2266 2041
f 2265 3283 2169
f 2266 2169 3283
f 2267 3283 3287
f 1755 1756 2269
f 1753 2268 2170
f 3290 1756 1757
f 3290 3289 2269
f 2170 2268 3289
f 2270 3289 3293
f 3295 1824 1825
f 1818 1819 2273
f 1821 2272 1820
f 2171 2271 2447
f 2272 2171 2447
f 2446 2367 1818
f 3298 1807 1808
f 3298 3297 2274
f 1804 2275 1803
f 2274 3297 2172
f 2275 2172 3297
f 2276 3297 3301
f 1772 1773 2278
f 1770 2277 2173
f 3304 1773 1774
f 3304 3303 2278
f 2173 2277 3303
f 2279 3303 3307
f 1789 1790 2281
f 1787 2280 2174
f 3309 1790 1791
f 2448 2449 2192
f 2174 2280 2449
f 2448 2369 1784
f 1915 2151 2283
f 2505 2494 2504
f 2066 2067 2330
f 2476 2330 2067
f 1966 2152 2285
f 2898 2677 2899
f 2070 2071 2332
f 2508 2332 2071
f 2074 2075 2335
f 2335 2075 2541
f 2056 2057 2337
f 2596 2337 2057
f 2772 2773 2134
f 2132 1999 2289
f 2052 2053 2340
f 2054 2573 2574
f 2629 2341 2079
f 2896 2894 2895
f 2344 2889 2673
f 2149 1795 2292
f 2082 2083 2346
f 2084 2613 2614
f 2062 2063 2348
f 2064 2464 2465
f 1932 2150 2295
f 2684 2115 2683
f 2498 2502 2490
f 2124 1897 2296
f 1983 2099 2297
f 2587 2589 2288
f 2909 3082 3017
f 2115 1948 2298
f 2512 2509 2394
f 2095 1863 2299
f 2095 2540 2862
f 2097 1846 2300
f 2917 3022 2915
f 2107 1829 2301
f 2017 2137 2302
f 2336 2879 2581
f 1745 2141 2303
f 2415 2621 2414
f 1813 2142 2304
f 2107 2703 2704
f 1779 2156 2305
f 2149 2664 2665
f 2427 2428 2061
f 2828 2355 2439
f 2441 2307 2153
f 2093 1880 2307
f 2034 2104 2308
f 2796 2797 2138
f 1762 2111 2309
f 2941 2943 2359
f 2114 2211 2310
f 2360 2310 2211
f 2121 2214 2311
f 2361 2311 2214
f 2362 2312 2202
f 2220 2133 2312
f 2363 2313 2203
f 2221 2135 2313
f 2364 2314 2204
f 2222 2136 2314
f 2365 2315 2206
f 2224 2140 2315
f 2145 2226 2316
f 2366 2316 2226
f 2148 2228 2317
f 2368 2317 2228
f 2318 2086 3072
f 2370 2318 2212
f 2319 2088 3427
f 2372 2319 2213
f 2320 2091 2910
f 2374 2320 2215
f 2092 2936 3030
f 2376 2321 2216
f 2322 2094 3099
f 2378 2322 2217
f 2323 2096 3445
f 2379 2323 2218
f 2324 2098 3024
f 2381 2324 2219
f 2105 2205 2325
f 2383 2325 2205
f 2109 2207 2326
f 2384 2326 2207
f 2327 2112 2946
f 2385 2327 2227
f 2087 2283 2386
f 2283 2462 2386
f 2479 2284 2477
f 2065 2464 2064
f 2506 2476 2067
f 2390 2330 2284
f 2484 2331 2491
f 2492 2482 2485
f 2539 2508 2071
f 2535 2332 2286
f 2333 2521 2520
f 2520 2522 2516
f 2400 3314 3315
f 2398 2538 2396
f 2663 2541 2075
f 2400 2335 2287
f 2605 2609 2611
f 2055 2573 2054
f 2058 2791 2596
f 2406 2337 2288
f 2589 2591 2288
f 2289 2101 2409
f 2868 2872 2415
f 2051 2613 2084
f 2627 2054 2413
f 2414 2340 2290
f 2660 2629 2079
f 2556 2560 2551
f 2655 2811 2654
f 2149 2292 2664
f 2556 2549 2343
f 2107 2301 2703
f 2633 2630 2416
f 2292 2108 2422
f 2345 2425 2426
f 2423 2659 2418
f 2675 2084 2424
f 2425 2346 2293
f 2430 2431 2347
f 2306 2354 2677
f 2679 2064 2429
f 2430 2348 2294
f 2465 2388 2468
f 2472 2390 3312
f 3070 3069 2691
f 2298 2122 2434
f 2097 2300 2435
f 2701 2435 2300
f 2399 2545 2542
f 2301 2130 2437
f 2143 2304 2438
f 2714 2438 2304
f 2060 2061 2678
f 2790 2791 2058
f 2120 2440 2923
f 2677 2428 2899
f 2120 2297 2440
f 2297 2717 2440
f 2718 2834 2929
f 2515 2499 2286
f 2403 2577 2574
f 2308 2104 2443
f 2411 2617 2614
f 2309 2111 2445
f 3240 2360 2211
f 2175 3236 3237
f 3252 2361 2214
f 2179 3248 3249
f 3270 2362 2202
f 2184 3266 3267
f 3276 2363 2203
f 2185 3272 3273
f 3282 2364 2204
f 2186 3278 3279
f 3294 2365 2206
f 2188 3290 3291
f 2226 1816 2367
f 2366 2190 3296
f 2367 1817 1818
f 2190 2366 2367
f 2228 1782 2369
f 2368 2192 3310
f 2369 1783 1784
f 2192 2368 2369
f 2212 1918 2371
f 2370 2176 3242
f 2371 1919 1920
f 2176 2370 2371
f 2213 1901 2373
f 2372 2177 3244
f 2373 1902 1903
f 2177 2372 2373
f 2215 1952 2375
f 2374 2178 3246
f 2375 1953 1954
f 2178 2374 2375
f 2216 1884 2377
f 2376 2180 3254
f 2377 1885 1886
f 2180 2376 2377
f 3260 2378 2217
f 2181 3256 3257
f 2218 1850 2380
f 2379 2182 3262
f 2380 1851 1852
f 2182 2379 2380
f 2219 1833 2382
f 2381 2183 3264
f 2382 1834 1835
f 2183 2381 2382
f 3288 2383 2205
f 2187 3284 3285
f 3302 2384 2207
f 2189 3298 3299
f 3308 2385 2227
f 2191 3304 3305
f 2462 2283 2151
f 2842 2750 2386
f 2330 2387 2066
f 2388 2387 2329
f 2754 3311 2472
f 2679 2348 2063
f 2481 2506 2392
f 2477 2480 2479
f 2390 2284 3312
f 2387 2390 2329
f 2753 2494 2854
f 2429 2465 2467
f 2332 2536 2070
f 2392 2331 2481
f 2124 2296 2507
f 2296 2756 2507
f 2513 2539 2396
f 2509 2512 2511
f 2951 3443 2499
f 2537 2331 2392
f 2396 2073 2398
f 2396 2333 2513
f 2095 2299 2540
f 2299 2759 2540
f 2335 2398 2074
f 2398 2334 2538
f 2546 2663 2420
f 2542 2545 2544
f 2400 2287 3314
f 2398 2400 2334
f 2287 2542 2544
f 3142 2533 3054
f 2337 2402 2056
f 2403 2402 2336
f 2581 3396 3317
f 2627 2340 2053
f 2302 2137 2586
f 2720 2721 2154
f 2058 2059 2790
f 3471 3182 3185
f 2288 2787 2879
f 2402 2406 2336
f 2591 2589 2592
f 2413 2574 2576
f 2590 2594 2595
f 2599 3318 2601
f 2878 2991 2992
f 2408 2409 2338
f 2340 2410 2052
f 2411 2410 2339
f 2621 2874 3326
f 2675 2346 2083
f 2303 2141 2626
f 2735 2736 2155
f 2576 2574 2577
f 2627 2628 2340
f 2415 2414 2290
f 2410 2414 2339
f 2580 2865 2290
f 2424 2614 2616
f 2416 2629 2660
f 2630 2633 2632
f 2291 2658 2341
f 2657 2662 2420
f 2418 2081 2423
f 2418 2342 2634
f 2305 2813 2661
f 2645 2644 2342
f 2420 2077 2657
f 2420 2343 2546
f 2651 2635 2648
f 2668 2665 2421
f 2889 2422 2890
f 2421 2422 2344
f 2346 2423 2082
f 2423 2345 2659
f 2616 2614 2617
f 2675 2676 2346
f 2426 2425 2293
f 2423 2425 2345
f 2620 2880 2293
f 2646 2636 2644
f 2348 2427 2062
f 2428 2427 2347
f 2900 2815 2899
f 2354 2678 2677
f 2467 2465 2468
f 2679 2680 2348
f 2431 2430 2294
f 2427 2430 2347
f 2471 2844 2294
f 2699 2690 2697
f 2150 2694 3426
f 2432 2349 2818
f 2684 2687 2689
f 2816 2349 2432
f 2905 2434 2906
f 2433 2434 2350
f 2701 2300 2128
f 2912 2822 2435
f 2547 2550 2557
f 2704 2436 2707
f 2917 2913 3022
f 2436 2437 2352
f 2714 2304 2142
f 2814 2895 2897
f 2921 2828 2439
f 2439 2355 2831
f 2717 2297 2099
f 2715 3085 3084
f 2929 2834 2441
f 2441 2357 2837
f 2442 2725 2724
f 2938 2839 2937
f 2887 2994 2995
f 2442 2443 2358
f 2745 3351 2743
f 2940 2840 2939
f 2941 2445 2942
f 2444 2445 2359
f 2447 2446 2273
f 2190 2367 2446
f 2447 2273 2272
f 2447 2271 3295
f 2449 2448 2282
f 2192 2369 2448
f 2174 2449 2282
f 2449 2281 3309
f 2451 2450 2234
f 2176 2371 2450
f 2451 2234 2233
f 2451 2232 3241
f 2453 2452 2237
f 2177 2373 2452
f 2453 2237 2236
f 2453 2235 3243
f 2455 2454 2240
f 2178 2375 2454
f 2455 2240 2239
f 2455 2238 3245
f 2457 2456 2246
f 2180 2377 2456
f 2457 2246 2245
f 2457 2244 3253
f 2459 2458 2252
f 2182 2380 2458
f 2164 2459 2252
f 2459 2251 3261
f 2461 2460 2255
f 2183 2382 2460
f 2461 2255 2254
f 2461 2253 3263
f 3016 2682 3014
f 2295 2817 2116
f 2755 3312 2483
f 2756 2963 2507
f 2065 2388 2464
f 2465 2464 2388
f 2469 2468 2388
f 2064 2465 2429
f 2468 3311 2466
f 2679 2429 2680
f 2474 2467 2466
f 2429 2467 2471
f 2469 2388 2329
f 2466 2467 2468
f 2472 2469 2329
f 2468 2469 3311
f 2466 2475 2474
f 2691 2681 2689
f 2474 2471 2467
f 2471 2845 2844
f 2390 2472 2329
f 2391 2754 2472
f 2483 2488 2490
f 2475 3428 2474
f 2466 3311 2475
f 2471 2474 2470
f 2473 2754 2753
f 3122 2848 2856
f 2506 2067 2068
f 2477 2476 2389
f 2481 2478 2480
f 2330 2477 2284
f 2484 2478 2481
f 2328 3034 2842
f 2479 2478 2485
f 2284 2479 2483
f 2481 2480 2389
f 2478 2479 2480
f 2481 2389 2506
f 2481 2331 2484
f 2493 2492 2485
f 2463 2750 2842
f 2488 2479 2485
f 2490 2488 3313
f 2495 2491 2331
f 2496 2493 2484
f 2493 2478 2484
f 2488 2485 2482
f 2395 2499 2495
f 2851 2496 2486
f 2851 2853 2496
f 2482 2492 2500
f 2500 2503 3313
f 2479 2488 2483
f 2754 2473 3311
f 3313 2488 2482
f 2490 2489 2498
f 2490 2502 2755
f 2331 2537 2495
f 2496 2491 2486
f 2493 2485 2478
f 2487 3043 2500
f 2496 2484 2491
f 2492 2493 2487
f 2504 2494 2498
f 3012 2903 2151
f 2395 2535 2499
f 2491 2495 3443
f 2486 2852 2851
f 2493 2496 2487
f 2487 2496 2853
f 2507 2963 2393
f 3457 2504 2498
f 2502 2498 2494
f 2286 2509 2511
f 2757 3486 2530
f 2487 2500 2492
f 2500 2497 2503
f 2489 3313 2503
f 2903 3073 2462
f 2502 2494 2753
f 2502 2391 2755
f 2971 2970 2969
f 2503 2974 3048
f 3457 2498 2489
f 2504 2501 3080
f 3126 3455 3035
f 2856 2848 2475
f 2476 2506 2389
f 2068 2392 2506
f 2756 2296 2118
f 2718 3088 3087
f 2539 2071 2072
f 2509 2508 2394
f 2513 2510 2512
f 2332 2509 2286
f 2510 2513 2516
f 2517 2511 2510
f 2524 2523 2517
f 2286 2511 2515
f 2513 2512 2394
f 2510 2511 2512
f 2513 2394 2539
f 2513 2333 2516
f 2514 2526 2528
f 2757 2515 3486
f 2517 2515 2511
f 2530 3486 2528
f 2520 2521 2518
f 2333 2520 2516
f 2524 2510 2516
f 2517 2514 3486
f 2566 2555 2563
f 2523 2514 2517
f 2981 2863 3057
f 2514 2523 2526
f 2538 2521 2333
f 2522 2520 2518
f 3315 2521 2334
f 2521 2401 2762
f 2521 2762 2518
f 2522 2519 2524
f 2524 2517 2510
f 3432 2526 2523
f 2522 2524 2516
f 2523 2524 2519
f 2858 2860 2519
f 3145 2532 2534
f 3432 2523 2519
f 2529 2528 2526
f 2529 2527 2528
f 2955 2957 2952
f 2529 2526 2525
f 2527 2956 2528
f 2532 2533 2531
f 2529 2525 2532
f 2955 2952 2530
f 2499 2515 2757
f 2759 2397 2540
f 3053 2719 3051
f 2533 2532 2525
f 2534 2532 2531
f 2522 2858 2519
f 2864 2761 2559
f 3102 2759 2975
f 2976 3051 3052
f 2499 2535 2286
f 2535 2395 2536
f 2537 2536 2395
f 2069 2070 2536
f 2537 2395 2495
f 2069 2537 2392
f 2521 2538 2334
f 2333 2396 2538
f 2508 2539 2394
f 2072 2396 2539
f 2759 2299 2126
f 2977 2862 2540
f 2663 2075 2076
f 2542 2541 2399
f 2546 2543 2545
f 2335 2542 2287
f 2543 2546 2549
f 2543 2550 2544
f 2550 2558 2557
f 2287 2544 2548
f 2546 2545 2399
f 2543 2544 2545
f 2546 2399 2663
f 2546 2343 2549
f 2712 3338 2711
f 2548 2763 3314
f 2553 2544 2550
f 2553 2547 3316
f 2556 2343 2560
f 2561 2558 2549
f 2558 2543 2549
f 2553 2550 2547
f 2640 2638 2642
f 3441 2571 3440
f 2552 2764 2567
f 2547 2557 2564
f 3316 2564 2568
f 2544 2553 2548
f 2559 2569 2570
f 2555 2553 3316
f 2555 2554 2563
f 2555 2566 2763
f 2343 2662 2560
f 2561 2556 2551
f 2558 2550 2543
f 2567 2564 2557
f 2561 2549 2556
f 2557 2558 2552
f 2559 2563 2569
f 2761 2518 2762
f 2560 2812 2647
f 2291 2640 2647
f 2765 2551 2767
f 2558 2561 2552
f 2564 2567 2562
f 3338 3337 2710
f 2554 3136 2569
f 2566 2563 2559
f 2567 2557 2552
f 2564 2562 2568
f 3316 2568 2554
f 2758 2860 2858
f 2566 2559 2761
f 2566 2401 2763
f 2764 2552 2561
f 2562 2567 3441
f 2572 2713 2825
f 3136 3135 2565
f 2554 2569 2563
f 2570 2569 2565
f 3019 3454 3446
f 2435 2701 2982
f 2561 2765 2764
f 2706 2704 3336
f 2919 2826 2572
f 2824 2711 2713
f 2055 2403 2573
f 2574 2573 2403
f 2578 2577 2403
f 2054 2574 2413
f 2577 3317 2575
f 3342 2839 2938
f 2583 2576 2575
f 2413 2576 2580
f 2578 2403 2336
f 2575 2576 2577
f 2581 2578 2336
f 2577 2578 3317
f 2583 2575 3384
f 3390 3393 3394
f 2583 2580 2576
f 2580 2866 2865
f 2879 2336 2406
f 2407 3396 2581
f 2608 2605 3320
f 2583 2584 2579
f 3384 3317 2582
f 2580 2583 2579
f 3372 3371 3386
f 3379 2784 3380
f 2780 2782 3395
f 2101 2992 2991
f 2723 2721 3341
f 2585 2586 2404
f 2596 2587 2337
f 2589 2405 2588
f 2405 2791 2792
f 2606 2608 3319
f 2405 2589 2587
f 2589 2588 2592
f 2592 2594 2590
f 2612 2605 2611
f 2595 3322 2590
f 2787 2591 2788
f 2588 3398 2594
f 2591 2592 2590
f 2792 2793 3397
f 2599 2408 2602
f 2588 2594 2592
f 2595 2594 2593
f 3402 3404 3400
f 2600 2602 3319
f 2058 2596 2057
f 2587 2596 2405
f 2354 2306 2794
f 2793 2792 2597
f 2409 2598 2289
f 2599 2598 2408
f 2602 2408 2603
f 3205 3204 2100
f 3400 3409 3203
f 2440 2717 3196
f 2604 3318 2602
f 2601 3205 3206
f 2603 2408 2338
f 2602 2600 2604
f 2603 2338 2606
f 2602 2603 3319
f 3194 3195 3191
f 3472 3207 2833
f 2606 2609 2605
f 2407 2787 2788
f 3478 2609 2606
f 2606 2605 2608
f 2338 2409 2878
f 2992 3367 2878
f 3320 2605 2612
f 3409 3404 3407
f 3478 2606 2338
f 2607 3372 2611
f 3368 2774 3369
f 2407 2788 3475
f 2607 2611 2609
f 2611 2610 2612
f 3396 2789 3385
f 3321 3322 2595
f 2051 2411 2613
f 2614 2613 2411
f 2618 2617 2411
f 2084 2614 2424
f 2617 3326 2615
f 3351 2737 2739
f 2623 2616 2615
f 2424 2616 2620
f 2618 2411 2339
f 2615 2616 2617
f 2621 2618 2339
f 2617 2618 3326
f 2624 2623 2615
f 3434 2882 2749
f 2623 2620 2616
f 2620 2881 2880
f 2414 2621 2339
f 2415 2874 2621
f 2727 2731 2733
f 2624 3450 2623
f 2615 3326 2624
f 2620 2623 2619
f 3425 2798 2800
f 2840 2940 3350
f 2804 2806 3425
f 2995 2994 2104
f 2738 2736 3349
f 2625 2626 2412
f 2054 2627 2053
f 2413 2580 2628
f 2580 2290 2628
f 2340 2628 2290
f 2660 2079 2080
f 2630 2629 2416
f 2634 2631 2633
f 2341 2630 2291
f 2634 2636 2631
f 2291 2630 2632
f 2648 2638 2649
f 2764 2765 2571
f 2634 2633 2416
f 2631 2632 2633
f 2634 2416 2660
f 2634 2342 2636
f 3332 2673 3066
f 2632 2631 2638
f 2645 3327 2644
f 2342 2644 2636
f 3356 2642 2635
f 2768 2560 2647
f 2649 2631 2636
f 2642 2638 2635
f 2742 2746 2748
f 2648 2635 2638
f 2638 2640 2632
f 2647 2640 2637
f 2641 2655 2652
f 2656 2650 2652
f 2635 3328 3356
f 2640 2642 2637
f 2653 3328 2651
f 2765 2770 2571
f 2659 2645 2342
f 2646 2644 2639
f 2345 2426 2645
f 3327 2645 2426
f 2885 2426 2883
f 2646 2641 2649
f 3353 2768 2647
f 2417 2658 2812
f 2649 2638 2631
f 2652 2651 2648
f 2646 2649 2636
f 2648 2649 2641
f 2651 2652 2650
f 3362 3328 2653
f 2652 2648 2641
f 2651 2650 2653
f 2646 2811 2655
f 2655 2656 2652
f 2671 3331 2674
f 2673 3065 3066
f 2811 2646 2639
f 2813 3467 2661
f 2646 2655 2641
f 2655 2654 3109
f 3062 3063 2654
f 2674 2666 3333
f 2341 2657 2078
f 2657 2417 2662
f 2812 2291 2647
f 2657 2658 2417
f 2645 2659 2345
f 2342 2418 2659
f 2080 2418 2660
f 2634 2660 2418
f 2813 2305 2156
f 2945 2744 2943
f 2560 2662 2417
f 2343 2420 2662
f 2541 2663 2399
f 2076 2420 2663
f 2422 2664 2292
f 2665 2664 2421
f 2669 2668 2421
f 3232 3231 2148
f 2670 2668 3147
f 3329 2667 2665
f 2670 3329 2668
f 2667 3232 3233
f 2669 2421 2344
f 2666 3147 2668
f 2669 2344 2672
f 2668 2669 3333
f 3109 3111 2656
f 3474 3234 2888
f 2671 2672 2673
f 2650 3330 2653
f 2673 2672 2344
f 2672 2671 2674
f 2422 2889 2344
f 3065 2997 3005
f 2671 3330 3331
f 3488 3111 3112
f 2084 2675 2083
f 2424 2620 2676
f 2620 2293 2676
f 2346 2676 2293
f 2678 2354 2060
f 2899 2428 2900
f 2061 2428 2678
f 2677 2678 2428
f 2064 2679 2063
f 2429 2471 2680
f 2471 2294 2680
f 2348 2680 2294
f 2692 2694 2686
f 2433 2688 2687
f 2819 2682 2818
f 2151 2903 2462
f 2434 2683 2298
f 2684 2683 2433
f 2687 2684 2433
f 2686 2085 3211
f 3335 2693 2696
f 2816 2901 3010
f 2692 2684 2689
f 2694 2692 2681
f 2688 2433 2350
f 2689 2687 2685
f 2693 2697 2690
f 2687 2688 3335
f 2691 2689 2685
f 2689 2681 2692
f 2699 3152 3153
f 2688 2350 2693
f 3335 2685 2687
f 2848 3160 2847
f 3426 2681 2816
f 2684 2692 2686
f 2350 2907 2697
f 2693 2690 2696
f 3227 2694 2150
f 2694 2114 3334
f 2434 2905 2350
f 2815 3116 3114
f 2690 3153 3155
f 3070 3171 3011
f 2350 2697 2693
f 3468 2699 2697
f 3127 3017 3128
f 2306 2898 3067
f 3468 2697 2695
f 2698 3120 3152
f 2849 2294 2844
f 2751 3429 2850
f 2979 2980 2863
f 2979 2981 2701
f 3134 3083 2918
f 2914 2352 2437
f 2437 2703 2301
f 2704 2703 2436
f 2708 2707 2436
f 3223 3222 2145
f 2705 2713 2826
f 2438 2714 3003
f 2709 3336 2707
f 2706 3223 3224
f 2708 2436 2352
f 2707 2705 2709
f 2352 2711 2708
f 2707 2708 2824
f 2826 2920 2705
f 3473 3225 2827
f 2352 2914 2916
f 2568 2562 3337
f 2711 2352 2916
f 2711 2710 2713
f 2912 2702 2822
f 3135 3137 3083
f 2825 2713 2710
f 2826 2713 2572
f 2142 2827 2714
f 2998 3361 3360
f 2921 2715 2828
f 2926 3085 2924
f 2716 2831 2832
f 2905 2907 2350
f 2099 2833 2717
f 3196 3195 2356
f 2507 2931 2124
f 2934 3041 2968
f 2838 2719 2837
f 2975 2759 2126
f 2443 2720 2308
f 2721 2720 2442
f 2721 2442 2724
f 2137 2938 2937
f 2730 3343 2728
f 2722 2724 3343
f 2726 3341 2724
f 2314 3340 2103
f 2725 2442 2358
f 2724 2722 2726
f 2725 2358 2728
f 2724 2725 3343
f 3389 2726 2722
f 2586 2839 2404
f 2731 2727 2728
f 2727 2733 2734
f 3480 2731 2728
f 2728 2727 2730
f 2358 2443 2887
f 2995 3412 2887
f 2727 2734 3344
f 2783 2785 2779
f 3480 2728 2358
f 2729 3417 2733
f 3413 2798 3414
f 2865 2868 2290
f 2729 2733 2731
f 2734 2733 2732
f 2870 2868 2771
f 2734 2871 2867
f 2445 2735 2309
f 2736 2735 2444
f 2736 2444 2739
f 2141 2940 2939
f 2739 2444 2740
f 2876 3433 2875
f 2741 3349 2739
f 2315 3348 2106
f 2740 2444 2359
f 2739 2737 2741
f 2740 2359 2743
f 2739 2740 3351
f 3421 2741 2737
f 2626 2840 2412
f 2742 2743 2746
f 2748 3436 2742
f 2359 2943 2746
f 2743 2742 2745
f 2445 2941 2359
f 2811 3062 2654
f 3436 3352 2742
f 2807 2809 2803
f 2359 2746 2743
f 3460 2748 2746
f 2945 3091 2744
f 2880 2883 2293
f 3460 2746 2744
f 2747 3435 3436
f 2884 3485 3438
f 3451 2990 3449
f 2842 2386 2328
f 2463 2843 2949
f 2847 3430 2845
f 2849 2751 2850
f 2834 3029 2357
f 3042 3098 3456
f 2854 2494 2505
f 2473 2753 2855
f 2391 2502 2754
f 2753 2754 2502
f 3312 2755 2391
f 2490 2755 2483
f 2118 2960 2756
f 2960 2962 2756
f 2852 2951 2952
f 2952 2951 2757
f 2522 2859 2858
f 2987 2988 2758
f 2975 2126 3049
f 2975 3100 3102
f 2862 2977 2760
f 2701 2128 2979
f 2864 2559 2570
f 2758 2858 2859
f 2401 2566 2762
f 2761 2762 2566
f 3314 2763 2401
f 2555 2763 2548
f 2765 2561 2551
f 2764 2571 3441
f 2766 2767 2768
f 2767 2770 2765
f 2766 3353 3354
f 2999 3005 2997
f 2768 2767 2551
f 3358 2770 2766
f 2560 2768 2551
f 2647 2637 3353
f 3354 3355 2766
f 3000 3004 3006
f 2766 2770 2767
f 2770 2769 3442
f 2771 2866 2867
f 3487 2734 2732
f 2586 2772 2302
f 2773 2772 2585
f 2776 2773 2585
f 2773 3366 2775
f 2777 2776 2585
f 2774 2776 3395
f 2778 3366 2776
f 2313 3365 2102
f 2777 2585 2404
f 2776 2774 2778
f 2780 2777 2404
f 2776 2777 3395
f 2774 3368 2778
f 2878 3370 3478
f 2780 2783 2779
f 2784 3379 2785
f 3479 2783 2780
f 2780 2779 2782
f 2839 3391 3479
f 2722 3390 3389
f 3371 3373 3374
f 3368 3369 2607
f 3479 2780 2404
f 2781 3394 2785
f 3390 2781 3389
f 2727 3344 2730
f 2781 2785 2783
f 2785 3379 3378
f 3376 3382 3383
f 3385 3377 3376
f 2407 2581 2879
f 2288 2591 2787
f 3324 2591 2590
f 3386 2610 3372
f 3323 3475 3324
f 3371 3375 3377
f 2354 2790 2059
f 2791 2790 2597
f 2792 2791 2597
f 2791 2405 2596
f 2597 2794 2793
f 2588 2405 2792
f 2898 2306 2677
f 3397 2588 2792
f 2793 2794 2306
f 2790 2794 2597
f 2795 2881 2882
f 3437 3438 3435
f 2626 2796 2303
f 2797 2796 2625
f 2800 2797 2625
f 2797 3411 2799
f 2801 2800 2625
f 3416 3419 3482
f 2802 3411 2800
f 2325 3410 2105
f 2801 2625 2412
f 2800 2798 2802
f 2807 2803 2804
f 2800 2801 3425
f 2798 3413 2802
f 2887 3415 3480
f 3420 2809 2989
f 2801 2412 2804
f 3483 2807 2804
f 2804 2803 2806
f 2840 3423 3483
f 3422 2745 3061
f 3416 3418 3419
f 3413 3414 2729
f 3483 2804 2412
f 3484 2809 2807
f 3421 3422 2805
f 2882 3449 3452
f 3484 2807 2805
f 2809 2808 2989
f 2877 2624 3433
f 2874 2872 2875
f 2884 3476 2885
f 2993 3062 2886
f 2417 2812 2560
f 2291 2812 2658
f 2156 2888 2813
f 3146 3465 2888
f 2889 2890 2814
f 2438 2353 2996
f 3119 3115 3117
f 2922 3186 3188
f 2432 2150 3426
f 2901 2816 2681
f 2432 2817 2295
f 3163 2682 3016
f 2819 2818 2349
f 2817 2818 2682
f 2902 3161 3010
f 3076 3016 2904
f 3014 2682 2819
f 2386 3075 2328
f 2905 2906 2821
f 2695 2907 2909
f 2912 2435 2351
f 2702 2913 3020
f 2914 2437 2915
f 2823 2918 2916
f 2707 2824 2705
f 2711 2824 2708
f 3337 2825 2710
f 3441 2825 2562
f 2919 2572 3440
f 3004 3003 2714
f 3223 3473 3222
f 2920 2709 2705
f 2921 2439 2152
f 3084 3026 2828
f 2923 2440 2924
f 2927 2925 2829
f 2439 2830 2285
f 3133 2830 2716
f 2832 2831 2355
f 2830 2831 2716
f 3138 2355 3026
f 2695 2909 3127
f 3205 3472 3204
f 3197 3198 3199
f 2929 2441 2153
f 3087 3029 2834
f 2931 2507 2932
f 2935 2933 2835
f 2441 2836 2307
f 3168 2719 3053
f 2838 2837 2357
f 2836 2837 2719
f 3037 2958 2838
f 2976 2861 3053
f 2137 2937 2586
f 2726 3389 3391
f 2141 2939 2626
f 2741 3421 3423
f 2841 2941 2942
f 2661 2419 3031
f 3035 3034 2328
f 3036 2842 3034
f 3039 3040 2463
f 3427 2843 2961
f 2845 2471 2470
f 2849 2844 2751
f 2847 2845 2470
f 2751 2844 2845
f 2848 2847 2470
f 3155 2696 2690
f 2848 2470 3428
f 2846 3429 3430
f 2855 2856 2475
f 3069 3071 2902
f 3429 2751 3430
f 2294 2849 2431
f 3152 3120 3151
f 2431 2849 2850
f 2499 2757 2951
f 2851 2752 2853
f 2952 2757 2530
f 2851 2852 3444
f 2934 2968 3042
f 3043 2853 2973
f 3176 3123 3177
f 2473 2855 2475
f 2854 2959 2753
f 2856 2855 2959
f 2855 2753 2959
f 2349 3010 3161
f 2857 2960 2961
f 2857 3039 2962
f 2522 2518 2859
f 3059 2860 2758
f 2518 2761 2859
f 2761 2864 2987
f 2533 2525 2860
f 2525 2526 3432
f 3051 2719 2838
f 3141 2531 3050
f 2977 2540 2397
f 2760 2978 3055
f 2129 3445 2980
f 3107 2760 2977
f 2570 3447 3448
f 2859 2987 2758
f 2866 2580 2579
f 2868 2865 2771
f 2579 3388 2866
f 2771 2865 2866
f 2584 3382 3381
f 3347 3344 3345
f 2869 2870 2871
f 2290 2868 2415
f 2732 3417 3416
f 2870 2872 2868
f 2871 2870 2771
f 2870 2869 2872
f 2867 2871 2771
f 2871 2734 3487
f 2873 2872 2869
f 2874 2622 3326
f 3481 2732 3416
f 2876 2875 2873
f 2415 2872 2874
f 2875 2872 2873
f 2873 3482 2876
f 2622 2874 2875
f 2877 2876 2810
f 2622 3433 2624
f 2810 2989 2877
f 3452 3449 2990
f 2101 2991 2409
f 2778 3368 3370
f 2288 2879 2406
f 2407 2879 2787
f 2881 2620 2619
f 2883 2880 2795
f 2881 2619 2882
f 2795 2880 2881
f 2624 2877 3451
f 2990 2877 2989
f 2882 3434 2795
f 2293 2883 2426
f 3091 3093 3460
f 3476 2639 3327
f 3485 2883 2795
f 2884 2886 3476
f 3032 3439 3093
f 2639 2886 2811
f 2104 2994 2443
f 2802 3413 3415
f 3232 3474 3231
f 3488 3112 2666
f 2890 2422 2108
f 2673 2889 2814
f 2891 2108 1797
f 2890 2108 2891
f 2892 2109 2326
f 2109 2892 2891
f 3008 3453 2896
f 2893 2814 2890
f 3007 3008 2896
f 3064 2896 2143
f 2897 2673 2814
f 2814 2893 2895
f 2895 2893 3007
f 2895 2894 2897
f 2896 2895 3007
f 2438 2996 3064
f 2997 2894 2996
f 2894 2997 2897
f 3156 3068 3172
f 2355 2828 3026
f 2900 2428 2347
f 2898 2899 2815
f 2347 2431 2900
f 3117 2900 2431
f 2681 2691 2901
f 2901 2691 2902
f 2902 2691 3069
f 3123 3015 2819
f 2151 3228 3012
f 3073 2903 3074
f 2904 3014 3015
f 3078 3076 3077
f 2906 2434 2122
f 2907 2905 2821
f 2908 2122 1950
f 2906 2122 2908
f 2909 2907 2821
f 2907 2695 2697
f 2910 2123 2320
f 2123 2910 2908
f 2821 2911 3082
f 2832 3017 2716
f 3018 2091 1964
f 2911 2821 2906
f 2091 3018 2910
f 3017 3082 2716
f 2912 2351 3454
f 3134 3019 3083
f 2823 2915 3022
f 3024 2913 2917
f 2915 2437 2130
f 2916 2914 2823
f 2915 2130 2917
f 2823 2914 2915
f 2918 2823 2702
f 2916 2712 2711
f 2130 3023 2917
f 2917 3023 3024
f 3134 2702 2912
f 2712 2916 2918
f 3442 2919 3440
f 3360 3361 2769
f 3477 3361 3364
f 2709 2920 3006
f 2152 3025 2921
f 2928 2925 2927
f 3182 3009 3156
f 3009 3067 3068
f 2924 2440 2356
f 2925 2923 2829
f 2924 2356 3194
f 2829 2923 2924
f 3085 2927 2829
f 2925 2928 3213
f 3471 3185 2793
f 3084 2922 3026
f 2715 2921 2927
f 2921 3025 2928
f 2921 2928 2927
f 2311 3027 2121
f 2153 3028 2929
f 2936 2933 2935
f 2932 2934 3088
f 2952 2954 3444
f 2932 2507 2393
f 2933 2931 2835
f 2932 2393 3041
f 2835 2931 2932
f 3088 2935 2835
f 2933 2936 3214
f 3041 2967 2968
f 3087 2930 3029
f 2718 2929 2935
f 2929 3028 2936
f 2929 2936 2935
f 2321 3030 2125
f 3219 2938 2137
f 2839 2586 2937
f 3340 2938 2103
f 2723 3341 3342
f 3221 2940 2141
f 2840 2626 2939
f 3348 2940 2106
f 2738 3349 3350
f 2942 2445 2111
f 2943 2941 2841
f 2944 2111 1763
f 2942 2111 2944
f 2945 2943 2841
f 2943 2744 2746
f 2946 2147 2327
f 2147 2946 2944
f 3090 3139 2947
f 3092 3031 2419
f 3033 2112 1777
f 2947 2841 2942
f 2112 3033 2946
f 2146 2661 3089
f 2948 3048 2974
f 2966 2970 2965
f 2463 2949 2750
f 2950 2843 2088
f 2088 1913 2950
f 1913 2087 2950
f 2852 2486 2951
f 3443 2951 2486
f 2956 2953 2955
f 3444 2954 3047
f 3144 3145 3105
f 3037 3038 2958
f 2953 2958 3097
f 3042 3046 3098
f 2956 2955 2530
f 2957 2955 2953
f 2528 2956 2530
f 2956 2527 3144
f 3104 3105 2534
f 2952 2957 2954
f 2838 2357 3037
f 2953 3097 2957
f 2505 3183 2854
f 3015 3123 3176
f 2961 2960 2118
f 2962 2960 2857
f 2961 2118 3212
f 3040 2961 2843
f 3039 2964 2962
f 2966 2963 2962
f 2756 2962 2963
f 2965 2967 2966
f 3095 2842 3036
f 2974 2972 2969
f 2497 2973 2971
f 2966 2967 2963
f 2962 2964 2966
f 2497 2971 2972
f 2967 2965 2968
f 2963 2967 2393
f 3044 2968 2965
f 2968 3045 3042
f 2970 2966 3096
f 3096 3095 3036
f 3096 2966 2964
f 2969 2972 2971
f 2497 3043 2973
f 2965 2970 2971
f 3096 3036 2969
f 2497 2972 2503
f 3046 3045 2853
f 2971 2973 3044
f 2948 3455 3048
f 2503 2972 2974
f 2126 3215 3049
f 3100 2975 2861
f 3052 2838 2958
f 3104 3141 3101
f 2397 3054 2977
f 3447 2986 3448
f 2760 3057 3058
f 3445 2978 2980
f 2980 2979 2128
f 2981 2979 2863
f 2980 2128 3216
f 3058 2980 2978
f 2981 3057 2983
f 3447 3446 2984
f 2701 2981 2982
f 2985 2984 2982
f 3054 3108 3107
f 2985 2986 3447
f 2982 2984 3454
f 2982 2981 2985
f 2981 2983 2985
f 2983 3106 2985
f 3107 3060 3106
f 2533 2860 3059
f 2761 2987 2859
f 2988 2987 2864
f 3448 2864 2570
f 3060 3059 2988
f 2989 2810 3420
f 2990 2989 2808
f 2990 2808 3061
f 3449 2882 2619
f 3208 2992 2101
f 2878 2409 2991
f 3365 2992 2102
f 2775 3366 3367
f 3437 3461 2884
f 3109 2656 2655
f 3209 2995 2104
f 2887 2443 2994
f 3410 2995 2105
f 2799 3411 3412
f 2997 2996 2353
f 3064 2894 2896
f 2353 2999 2997
f 2673 2897 3065
f 2999 3002 3363
f 2766 3355 3358
f 3002 2999 2353
f 2998 3359 3005
f 3002 3003 3000
f 3361 3000 3364
f 2770 3358 2769
f 2653 3332 3362
f 3003 3002 2353
f 3000 3361 3363
f 2438 3003 2353
f 2714 2827 3004
f 3006 3004 2827
f 3000 3003 3004
f 2998 3005 2999
f 3005 3001 3065
f 2709 3006 2827
f 3006 2920 3364
f 2891 3007 2893
f 3008 3007 2892
f 2892 2144 3008
f 2144 1811 3453
f 2898 2815 3114
f 3068 3156 3009
f 2816 3010 2349
f 2901 2902 3010
f 3069 3070 3011
f 3160 3122 3158
f 3072 3012 2117
f 2903 3012 3179
f 3013 3073 3074
f 3125 3126 3035
f 3015 3014 2819
f 3016 3014 2904
f 3071 3123 3161
f 3183 3077 3175
f 3178 3124 3164
f 3163 2817 2682
f 2832 3128 3017
f 2909 2821 3082
f 3133 2716 3082
f 2910 3018 3458
f 3019 2912 3454
f 3083 2712 2918
f 2702 3020 2822
f 3021 2913 2098
f 2098 1845 3021
f 1845 2097 3021
f 2913 2702 3022
f 2823 3022 2702
f 1831 3023 2130
f 3024 3023 2131
f 2324 3024 2131
f 2098 2913 3024
f 1967 3025 2152
f 3025 2121 3027
f 3084 2828 2715
f 3086 3192 3190
f 2089 3027 2311
f 3025 3027 2928
f 1882 3028 2153
f 3028 2125 3030
f 3087 2834 2718
f 3038 3037 3029
f 2092 3030 2321
f 3028 3030 2936
f 3139 2945 2841
f 3090 3033 3089
f 3113 3148 3149
f 3094 3439 3032
f 3033 2146 3089
f 2947 2946 3033
f 3125 2328 3075
f 3034 2948 3036
f 3080 3126 3079
f 2948 3034 3035
f 2948 2974 3036
f 2969 3036 2974
f 2357 3029 3037
f 3038 3029 2930
f 3046 3047 3098
f 3038 3098 3097
f 3040 3039 2857
f 3095 3039 2463
f 2961 3040 2857
f 2463 3040 2843
f 2932 3041 2934
f 2967 3041 2393
f 2968 3044 3045
f 3047 3046 2752
f 2500 3043 2497
f 2487 2853 3043
f 2971 3044 2965
f 3044 2973 3045
f 2973 2853 3045
f 3046 2853 2752
f 2752 3444 3047
f 3042 3045 3046
f 3097 3047 2954
f 2930 3098 3038
f 3457 2501 2504
f 3048 3457 2503
f 3099 3049 2127
f 2975 3049 3181
f 2861 3101 3100
f 3103 2397 3102
f 3052 3051 2838
f 3053 3051 2976
f 2953 3144 3143
f 3104 2534 3141
f 3180 3140 3169
f 3168 2836 2719
f 2397 3103 3142
f 3059 3108 2533
f 2760 3055 2862
f 3056 2978 2096
f 2096 1862 3056
f 1862 2095 3056
f 3058 3057 2863
f 3107 3057 2760
f 2980 3058 2863
f 2760 3058 2978
f 2758 2988 3059
f 3448 3060 2988
f 3106 3060 2986
f 3108 3060 3107
f 3484 3422 3424
f 3352 2745 2742
f 2886 3062 2811
f 3063 3062 2993
f 3461 3462 2993
f 3465 2813 2888
f 2438 3064 2143
f 2894 3064 2996
f 3065 2897 2997
f 3066 3065 3001
f 3357 3355 2643
f 2653 3330 3332
f 3068 3067 2898
f 3067 3009 3471
f 3068 3114 3118
f 3468 3127 3165
f 2691 2685 3070
f 3071 3069 3011
f 3335 3070 2685
f 3070 2696 3171
f 3158 3122 3071
f 3157 3122 2856
f 2318 3072 2117
f 3162 3124 2086
f 3074 2903 2820
f 3126 3125 3013
f 2820 3076 3074
f 3013 3074 3078
f 2462 3073 3075
f 3073 3013 3125
f 3016 3076 2820
f 3077 3076 2904
f 3470 2904 3015
f 3077 3079 3078
f 3076 3078 3074
f 3079 3077 2505
f 3079 2505 3080
f 3013 3078 3079
f 2504 3080 2505
f 3455 3126 3080
f 3129 2832 3138
f 3114 3068 2898
f 2911 3458 3082
f 3133 3018 2090
f 3019 3135 3083
f 3136 3137 3135
f 2715 2927 3085
f 2926 2922 3084
f 2924 3085 2829
f 2926 3084 3085
f 3132 3130 3469
f 3129 3081 3128
f 2718 2935 3088
f 3456 3087 2934
f 2932 3088 2835
f 2934 3087 3088
f 2661 3031 3089
f 3089 3031 3090
f 3031 3459 3139
f 2947 3033 3090
f 2945 3139 3459
f 3093 3091 3032
f 3032 3091 3092
f 3091 2945 3459
f 3462 3032 3113
f 2747 2748 3460
f 3094 3462 3461
f 2884 3438 3437
f 3039 3095 2964
f 2842 3095 2463
f 2970 3096 2969
f 3095 3096 2964
f 2957 3097 2954
f 2958 3038 3097
f 3098 2930 3456
f 3097 3098 3047
f 2322 3099 2127
f 3167 3140 2094
f 3101 2861 2976
f 3100 3050 3102
f 3101 2976 3104
f 3050 3100 3101
f 3103 3102 3050
f 2397 2759 3102
f 3050 2531 3103
f 3142 3103 2531
f 2976 3052 3104
f 3105 3104 3052
f 3143 3105 3052
f 3105 3143 3144
f 2985 3106 2986
f 3107 3106 2983
f 3107 2983 3057
f 3054 3107 2977
f 2533 3108 3054
f 3059 3060 3108
f 2654 3063 3109
f 3111 3063 3170
f 2993 3462 3063
f 3147 3146 2670
f 3063 3111 3109
f 3112 3111 3110
f 3112 3110 3146
f 3488 2666 2674
f 3032 3092 3148
f 3113 3149 3170
f 3116 3117 3115
f 3116 3118 3114
f 3081 3166 3165
f 3081 3130 3132
f 3117 3116 2815
f 3115 3463 3116
f 2900 3117 2815
f 3117 2431 3119
f 3120 3166 3464
f 3130 3081 3129
f 2431 2850 3119
f 3151 3150 2850
f 3119 3150 3115
f 2850 3150 3119
f 3184 3121 3187
f 3187 3189 3184
f 3157 2856 2959
f 3158 3071 3011
f 2819 2349 3161
f 3122 3157 3177
f 2116 3163 3124
f 3163 3016 3164
f 2328 3125 3035
f 3073 3125 3075
f 3079 3126 3013
f 3455 3080 2501
f 3017 3127 2909
f 3165 3127 3081
f 3129 3128 2832
f 3127 3128 3081
f 3138 2832 2355
f 3129 3086 3130
f 3131 3130 3086
f 3173 3469 3131
f 3190 2922 3188
f 3121 3156 3172
f 3463 3132 3118
f 3165 3166 2698
f 3133 2090 2830
f 3458 3133 3082
f 2702 3134 2918
f 3019 3134 2912
f 3446 3135 3019
f 2569 3136 2565
f 2554 2568 3136
f 3136 3339 3137
f 3339 3136 2568
f 2712 3083 3137
f 3192 3026 2922
f 3129 3138 3086
f 2947 3139 2841
f 3031 3139 3090
f 2093 3168 3140
f 3168 3053 3169
f 2531 3141 2534
f 3050 3101 3141
f 2533 3142 2531
f 2397 3142 3054
f 3052 2958 3143
f 2953 3143 2958
f 2956 3144 2953
f 3145 3144 2527
f 2529 3145 2527
f 2534 3105 3145
f 3149 3466 3110
f 2888 2670 3146
f 2666 3112 3147
f 3146 3147 3112
f 3092 2419 3148
f 3149 3110 3170
f 3148 2419 3149
f 2661 3467 2419
f 3151 2850 2700
f 3115 3150 3120
f 3151 2700 3152
f 3120 3150 3151
f 3153 3152 2700
f 2699 2698 3152
f 3153 2700 3154
f 2699 3153 2690
f 3431 2700 3429
f 3431 3159 3154
f 3153 3154 3155
f 3171 3155 3154
f 3172 3068 3118
f 3184 3182 3156
f 3157 2959 3175
f 3071 3177 3123
f 3011 3159 3158
f 3159 3160 3158
f 3159 3011 3171
f 3160 3159 2846
f 2847 3160 2846
f 3160 2848 3122
f 3071 3161 2902
f 2819 3161 3123
f 2086 1930 3162
f 2116 3162 1930
f 2817 3163 2116
f 3164 3016 2820
f 3164 3179 3178
f 3124 3163 3164
f 3166 3081 3132
f 2698 2699 3468
f 3464 3132 3463
f 3120 2698 3166
f 2094 1879 3167
f 2093 3167 1879
f 2836 3168 2093
f 3169 3053 2861
f 3169 3181 3180
f 3140 3168 3169
f 3111 3170 3110
f 3113 3170 3063
f 3155 3171 2696
f 3171 3154 3159
f 3118 3173 3172
f 3172 3173 3121
f 3469 3118 3132
f 3121 3173 3131
f 3174 3182 3184
f 3198 3408 3199
f 2959 2854 3183
f 3470 3175 3077
f 3157 3175 3176
f 3470 3176 3175
f 3122 3177 3071
f 3176 3177 3157
f 3124 3178 3072
f 3179 3164 2820
f 2903 3179 2820
f 3012 3178 3179
f 3140 3180 3099
f 3181 3169 2861
f 2975 3181 2861
f 3049 3180 3181
f 3184 3156 3121
f 3182 3174 3185
f 3077 3183 2505
f 2959 3183 3175
f 3188 3186 3187
f 3405 3184 3189
f 2593 3398 3399
f 2593 2594 3398
f 2926 3193 2922
f 3186 3191 3189
f 3187 3121 3188
f 3189 3187 3186
f 3121 3131 3188
f 3190 3188 3131
f 3191 3186 3193
f 3404 3189 3406
f 3131 3086 3190
f 3086 3138 3192
f 3194 3191 3193
f 2356 2440 3196
f 3026 3192 3138
f 2922 3190 3192
f 2922 3193 3186
f 3194 3193 2926
f 2924 3194 2926
f 3195 3194 2356
f 3197 2833 3198
f 3198 3200 3408
f 2717 3197 3196
f 2604 3201 3198
f 2717 2833 3197
f 3198 2833 2604
f 3201 3202 3200
f 3197 3199 3196
f 3200 3198 3201
f 3195 3196 3199
f 3202 2608 3325
f 2593 3399 3401
f 2604 2600 3201
f 3201 2600 3202
f 2600 2608 3202
f 3320 2595 3325
f 2593 3401 3403
f 3200 3202 3203
f 1984 2100 3204
f 2100 2312 3206
f 3207 3205 2601
f 2099 3472 2833
f 2601 3206 2133
f 2100 3206 3205
f 3318 3207 2601
f 2833 3207 2604
f 2001 2102 3208
f 2992 3208 2102
f 2035 2105 3209
f 2995 3209 2105
f 2706 3210 2107
f 2110 1828 3210
f 1947 2115 3211
f 2686 3211 2115
f 1899 2119 3212
f 2961 3212 2119
f 1981 2120 3213
f 2925 3213 2120
f 1896 2124 3214
f 2933 3214 2124
f 1865 2127 3215
f 3049 3215 2127
f 1848 2129 3216
f 2980 3216 2129
f 2601 3217 2132
f 2133 1998 3217
f 2775 3218 2134
f 2135 2015 3218
f 2018 2103 3219
f 2938 3219 2103
f 2799 3220 2138
f 2139 2049 3220
f 1746 2106 3221
f 2940 3221 2106
f 1814 2145 3222
f 2145 2316 3224
f 3225 3223 2706
f 2142 3473 2827
f 2706 3224 2110
f 2145 3224 3223
f 3336 3225 2706
f 2827 3225 2709
f 1794 2149 3226
f 2667 3226 2149
f 1933 2114 3227
f 2694 3227 2114
f 1916 2117 3228
f 3012 3228 2117
f 2032 2154 3229
f 2723 3229 2154
f 1760 2155 3230
f 2738 3230 2155
f 1780 2148 3231
f 2148 2317 3233
f 3234 3232 2667
f 2156 3474 2888
f 2667 3233 2113
f 2148 3233 3232
f 3329 3234 2667
f 2888 3234 2670
f 3239 3235 2175
f 2157 3235 2231
f 1943 3236 2230
f 1944 1945 3238
f 2175 3237 2360
f 3238 3236 1944
f 2193 3238 1945
f 3236 3238 3237
f 2175 2360 3240
f 1937 3239 1936
f 1935 3240 2211
f 2175 3240 3239
f 1927 1928 3242
f 2451 3241 2176
f 2370 3242 2194
f 2176 3241 3242
f 1910 1911 3244
f 2453 3243 2177
f 2372 3244 2195
f 2177 3243 3244
f 1961 1962 3246
f 2455 3245 2178
f 2374 3246 2197
f 2178 3245 3246
f 3251 3247 2179
f 2161 3247 2243
f 1977 3248 2242
f 1978 1979 3250
f 2179 3249 2361
f 3250 3248 1978
f 2196 3250 1979
f 3248 3250 3249
f 2179 2361 3252
f 1971 3251 1970
f 1969 3252 2214
f 2179 3252 3251
f 1893 1894 3254
f 2457 3253 2180
f 2376 3254 2198
f 2180 3253 3254
f 3259 3255 2181
f 3255 2249 2248
f 1875 3256 2247
f 1876 1877 3258
f 2181 3257 2378
f 3258 3256 1876
f 2199 3258 1877
f 3256 3258 3257
f 2181 2378 3260
f 1869 3259 1868
f 1867 3260 2217
f 2181 3260 3259
f 1859 1860 3262
f 2459 3261 2182
f 2379 3262 2200
f 2182 3261 3262
f 1842 1843 3264
f 2461 3263 2183
f 2381 3264 2201
f 2183 3263 3264
f 3269 3265 2184
f 2166 3265 2258
f 1994 3266 2257
f 1995 1996 3268
f 2184 3267 2362
f 3268 3266 1995
f 2220 3268 1996
f 3266 3268 3267
f 2184 2362 3270
f 1988 3269 1987
f 1986 3270 2202
f 2184 3270 3269
f 3275 3271 2185
f 2167 3271 2261
f 2011 3272 2260
f 2012 2013 3274
f 2185 3273 2363
f 3274 3272 2012
f 2221 3274 2013
f 3272 3274 3273
f 2185 2363 3276
f 2005 3275 2004
f 2003 3276 2203
f 2185 3276 3275
f 3281 3277 2186
f 2168 3277 2264
f 2028 3278 2263
f 2029 2030 3280
f 2186 3279 2364
f 3280 3278 2029
f 2222 3280 2030
f 3278 3280 3279
f 2186 2364 3282
f 2022 3281 2021
f 2020 3282 2204
f 2186 3282 3281
f 3287 3283 2187
f 3283 2267 2266
f 2045 3284 2265
f 2046 2047 3286
f 2187 3285 2383
f 3286 3284 2046
f 2223 3286 2047
f 3284 3286 3285
f 2187 2383 3288
f 2039 3287 2038
f 2037 3288 2205
f 2187 3288 3287
f 3293 3289 2188
f 2170 3289 2270
f 1756 3290 2269
f 1757 1758 3292
f 2188 3291 2365
f 3292 3290 1757
f 2224 3292 1758
f 3290 3292 3291
f 2188 2365 3294
f 1750 3293 1749
f 1748 3294 2206
f 2188 3294 3293
f 1825 1826 3296
f 2447 3295 2190
f 2366 3296 2208
f 2190 3295 3296
f 3301 3297 2189
f 3297 2276 2275
f 1807 3298 2274
f 1808 1809 3300
f 2189 3299 2384
f 3300 3298 1808
f 2225 3300 1809
f 3298 3300 3299
f 2189 2384 3302
f 1801 3301 1800
f 1799 3302 2207
f 2189 3302 3301
f 3307 3303 2191
f 2173 3303 2279
f 1773 3304 2278
f 1774 1775 3306
f 2191 3305 2385
f 3306 3304 1774
f 2209 3306 1775
f 3304 3306 3305
f 2191 2385 3308
f 1767 3307 1766
f 1765 3308 2227
f 2191 3308 3307
f 1791 1792 3310
f 2449 3309 2192
f 2368 3310 2210
f 2192 3309 3310
f 2472 3311 2469
f 2475 3311 2473
f 3312 2391 2472
f 2284 2483 3312
f 2490 3313 2489
f 2500 3313 2482
f 3314 2401 3315
f 2287 2548 3314
f 2521 3315 2401
f 2334 2400 3315
f 2555 3316 2554
f 2564 3316 2547
f 2581 3317 2578
f 2582 3383 3384
f 2602 3318 2599
f 3207 3318 2604
f 2606 3319 2603
f 2608 2600 3319
f 2612 3321 3320
f 3325 2595 3203
f 3321 2612 3322
f 2595 3320 3321
f 3323 3322 2612
f 2591 3324 2788
f 3387 2612 2610
f 3475 3323 2789
f 2590 3322 3324
f 3323 3324 3322
f 3202 3325 3203
f 2608 3320 3325
f 2621 3326 2618
f 2624 3326 2622
f 2426 2885 3476
f 2644 3327 2639
f 2643 3354 3356
f 2651 3328 2635
f 2668 3329 2665
f 3234 3329 2670
f 3330 2650 3331
f 3332 3330 2671
f 2650 2656 3331
f 3488 3331 2656
f 2673 3332 2671
f 3332 3066 3362
f 2668 3333 2666
f 2672 3333 2669
f 2085 2686 3334
f 2694 3334 2686
f 2693 3335 2688
f 3070 3335 2696
f 2707 3336 2704
f 3225 3336 2709
f 2825 3337 2562
f 2711 3338 2710
f 2712 3137 3338
f 3339 3338 3137
f 2568 3337 3339
f 3338 3339 3337
f 2136 2723 3340
f 3340 2723 3342
f 2724 3341 2721
f 3342 3341 2726
f 2839 3342 2726
f 3342 2938 3340
f 2728 3343 2725
f 2730 2722 3343
f 2734 3345 3344
f 3346 3347 3345
f 2734 2867 3345
f 3345 2867 3346
f 3346 3388 3381
f 3379 3380 2786
f 3393 3346 2784
f 3344 3347 3392
f 2140 2738 3348
f 3348 2738 3350
f 2739 3349 2736
f 3350 3349 2741
f 2840 3350 2741
f 3350 2940 3348
f 2743 3351 2740
f 2745 2737 3351
f 3452 2749 2882
f 3061 2745 3352
f 3354 3353 2637
f 2766 2768 3353
f 3356 2637 2642
f 3354 2643 3355
f 3362 2643 3328
f 3355 3359 3358
f 2643 3356 3328
f 2637 3356 3354
f 3066 3001 3357
f 3359 3357 3001
f 3355 3357 3359
f 3360 3358 3359
f 3005 3359 3001
f 3360 3359 2998
f 3363 3361 2998
f 2769 3358 3360
f 3000 3006 3364
f 3361 2919 3442
f 3066 3357 3362
f 2643 3362 3357
f 2999 3363 2998
f 3000 3363 3002
f 2826 3477 2920
f 2919 3477 2826
f 2135 2775 3365
f 3365 2775 3367
f 2776 3366 2773
f 3367 3366 2778
f 2878 3367 2778
f 3367 2992 3365
f 3369 2774 2782
f 3370 3368 2607
f 3373 3369 2782
f 3369 3373 3372
f 2607 2609 3478
f 2778 3370 2878
f 3374 2782 2779
f 3371 3374 3375
f 2611 3372 2610
f 2607 3369 3372
f 3374 3373 2782
f 3372 3373 3371
f 2779 3378 3374
f 3374 3378 3375
f 3376 3375 2786
f 3375 3376 3377
f 3376 2786 3382
f 3376 3383 3385
f 2789 3323 3377
f 3377 3387 3386
f 2785 3378 2779
f 3375 3378 2786
f 3380 2784 3346
f 2786 3378 3379
f 3381 3380 3346
f 3382 2584 3383
f 3388 3346 2867
f 2579 2584 3381
f 2786 3380 3382
f 3381 3382 3380
f 3383 2584 3384
f 3385 3383 2582
f 2583 3384 2584
f 3317 3384 2575
f 3396 3385 2582
f 3377 3385 2789
f 3371 3377 3386
f 3387 3377 3323
f 2612 3387 3323
f 2610 3386 3387
f 2866 3388 2867
f 2579 3381 3388
f 3390 2722 2730
f 3391 3389 2781
f 2730 3392 3390
f 3392 3393 3390
f 2781 2783 3479
f 2726 3391 2839
f 3344 3392 2730
f 3393 3392 3347
f 3346 3393 3347
f 3393 2784 3394
f 2785 3394 2784
f 3390 3394 2781
f 2780 3395 2777
f 2782 2774 3395
f 3396 2582 3317
f 3475 3396 2407
f 2793 3185 3397
f 3399 3398 3397
f 2588 3397 3398
f 3399 3397 3185
f 3185 3174 3399
f 3203 2595 3403
f 3402 3401 3399
f 3402 3174 3405
f 3402 3399 3174
f 3403 3401 3400
f 3174 3184 3405
f 3400 3401 3402
f 3203 3403 3400
f 2593 3403 2595
f 3406 3189 3191
f 3404 3406 3407
f 3189 3404 3405
f 3402 3405 3404
f 3191 3195 3406
f 3407 3406 3195
f 3408 3195 3199
f 3409 3407 3200
f 3200 3407 3408
f 3195 3408 3407
f 3203 3409 3200
f 3404 3409 3400
f 2139 2799 3410
f 3410 2799 3412
f 2800 3411 2797
f 3412 3411 2802
f 2887 3412 2802
f 3412 2995 3410
f 3414 2798 2806
f 3415 3413 2729
f 3418 3414 2806
f 3414 3418 3417
f 2729 2731 3480
f 2802 3415 2887
f 2806 2803 3419
f 2869 3481 2873
f 2733 3417 2732
f 2729 3414 3417
f 3419 3418 2806
f 3417 3418 3416
f 2803 3420 3419
f 3419 3420 3482
f 2809 3420 2803
f 3482 3420 2810
f 3422 3421 2737
f 3423 3421 2805
f 2745 3422 2737
f 3422 3061 3424
f 2805 2807 3483
f 2741 3423 2840
f 3061 2808 3424
f 2808 2809 3484
f 2804 3425 2801
f 2806 2798 3425
f 2681 3426 2694
f 2432 3426 2816
f 2319 3427 2119
f 2088 2843 3427
f 2474 3428 2470
f 2475 2848 3428
f 3431 3429 2846
f 2700 2850 3429
f 2845 3430 2751
f 2846 3430 2847
f 3159 3431 2846
f 2700 3431 3154
f 2519 2860 3432
f 2525 3432 2860
f 2875 3433 2622
f 2877 3433 2876
f 3435 3434 2749
f 3434 3438 3485
f 3436 3435 2749
f 3435 2747 3437
f 3436 2749 3352
f 2747 3436 2748
f 3439 2747 3093
f 3461 3437 3094
f 2884 2885 3485
f 3434 3435 3438
f 3094 3437 3439
f 2747 3439 3437
f 3441 3440 2572
f 3442 3440 2571
f 3441 2572 2825
f 3441 2567 2764
f 2770 3442 2571
f 3361 3442 2769
f 2491 3443 2486
f 2499 3443 2495
f 2851 3444 2752
f 2952 3444 2852
f 2323 3445 2129
f 2096 2978 3445
f 2570 2565 3446
f 3446 2565 3135
f 3446 3447 2570
f 2985 3447 2984
f 3060 3448 2986
f 2864 3448 2988
f 3450 3449 2619
f 2990 3061 3452
f 2623 3450 2619
f 3451 3450 2624
f 2990 3451 2877
f 3450 3451 3449
f 3061 3352 3452
f 3452 3352 2749
f 2896 3453 2143
f 2144 3453 3008
f 2982 3454 2351
f 3446 3454 2984
f 3048 3455 2501
f 2948 3035 3455
f 3087 3456 2930
f 2934 3042 3456
f 2503 3457 2489
f 2501 3457 3048
f 2910 3458 2911
f 3133 3458 3018
f 3031 3092 3459
f 3091 3459 3092
f 3091 3460 2744
f 2747 3460 3093
f 2993 2886 3461
f 2884 3461 2886
f 3032 3462 3094
f 3063 3462 3113
f 3116 3463 3118
f 3464 3115 3120
f 3132 3464 3166
f 3115 3464 3463
f 3466 3146 3110
f 3467 3149 2419
f 3467 3466 3149
f 3146 3466 3465
f 2813 3465 3467
f 3467 3465 3466
f 3127 3468 2695
f 2698 3468 3165
f 3131 3469 3130
f 3118 3469 3173
f 2904 3470 3077
f 3176 3470 3015
f 3471 2793 2306
f 3182 3471 3009
f 3204 3472 2099
f 3207 3472 3205
f 3222 3473 2142
f 3225 3473 3223
f 3231 3474 2156
f 3234 3474 3232
f 3475 2789 3396
f 3324 3475 2788
f 2639 3476 2886
f 2426 3476 3327
f 3361 3477 2919
f 2920 3477 3364
f 2878 3478 2338
f 2607 3478 3370
f 2839 3479 2404
f 2781 3479 3391
f 2887 3480 2358
f 2729 3480 3415
f 3481 2869 3487
f 3482 3481 3416
f 2876 3482 2810
f 3482 2873 3481
f 2840 3483 2412
f 2805 3483 3423
f 3422 3484 2805
f 2808 3484 3424
f 2883 3485 2885
f 3434 3485 2795
f 2517 3486 2515
f 2528 3486 2514
f 3481 3487 2732
f 2871 3487 2869
f 3331 3488 2674
f 3111 3488 2656
f 1 2 3490
f 2 3 3491
f 3 4 3492
f 4 5 3493
f 5 6 3494
f 6 7 3495
f 7 8 3496
f 8 9 3497
f 9 10 3498
f 10 11 3499
f 11 12 3500
f 12 13 3501
f 13 14 3502
f 14 15 3503
f 15 16 3504
f 16 17 3505
f 17 18 3506
f 18 19 3507
f 19 20 3508
f 20 21 3509
f 21 22 3510
f 22 23 3511
f 23 24 3512
f 24 25 3513
f 25 26 3514
f 26 27 3515
f 27 28 3516
f 28 29 3517
f 29 30 3518
f 30 31 3519
f 31 32 3520
f 32 33 3521
f 33 34 3522
f 34 35 3523
f 35 36 3524
f 36 37 3525
f 37 38 3526
f 38 39 3527
f 39 40 3528
f 40 41 3529
f 41 42 3530
f 42 43 3531
f 43 44 3532
f 44 45 3533
f 45 46 3534
f 46 47 3535
f 47 48 3536
f 48 49 3537
f 49 50 3538
f 50 51 3539
f 51 52 3540
f 52 53 3541
f 53 54 3542
f 54 55 3543
f 55 56 3544
f 56 57 3545
f 57 58 3546
f 58 59 3547
f 59 60 3548
f 60 61 3549
f 61 62 3550
f 62 63 3551
f 63 64 3552
f 64 65 3553
f 65 66 3554
f 66 67 3555
f 67 68 3556
f 68 69 3557
f 69 70 3558
f 70 71 3559
f 71 72 3560
f 72 73 3561
f 73 74 3562
f 74 75 3563
f 75 76 3564
f 76 77 3565
f 77 78 3566
f 78 79 3567
f 79 80 3568
f 80 81 3569
f 81 82 3570
f 82 83 3571
f 83 84 3572
f 84 85 3573
f 85 86 3574
f 86 87 3575
f 87 88 3576
f 88 89 3577
f 89 90 3578
f 90 91 3579
f 91 92 3580
f 92 93 3581
f 93 94 3582
f 94 95 3583
f 95 96 3584
f 96 97 3585
f 97 98 3586
f 98 99 3587
f 99 100 3588
f 100 101 3589
f 101 102 3590
f 102 103 3591
f 103 104 3592
f 104 105 3593
f 105 106 3594
f 106 107 3595
f 107 108 3596
f 108 109 3597
f 109 110 3598
f 110 111 3599
f 111 112 3600
f 112 113 3601
f 113 114 3602
f 114 115 3603
f 115 116 3604
f 116 117 3605
f 117 118 3606
f 118 119 3607
f 119 120 3608
f 120 121 3609
f 121 122 3610
f 122 123 3611
f 123 124 3612
f 124 125 3613
f 125 126 3614
f 126 127 3615
f 127 128 3616
f 128 129 3617
f 129 130 3618
f 130 131 3619
f 131 132 3620
f 132 133 3621
f 133 134 3622
f 134 135 3623
f 135 136 3624
f 136 137 3625
f 137 138 3626
f 138 139 3627
f 139 140 3628
f 140 141 3629
f 141 142 3630
f 142 143 3631
f 143 144 3632
f 144 145 3633
f 145 146 3634
f 146 147 3635
f 147 148 3636
f 148 149 3637
f 149 150 3638
f 150 151 3639
f 151 152 3640
f 152 153 3641
f 153 154 3642
f 154 155 3643
f 155 156 3644
f 156 157 3645
f 157 158 3646
f 158 159 3647
f 159 160 3648
f 160 161 3649
f 161 162 3650
f 162 163 3651
f 163 164 3652
f 164 165 3653
f 165 166 3654
f 166 167 3655
f 167 168 3656
f 168 169 3657
f 169 170 3658
f 170 171 3659
f 171 172 3660
f 172 173 3661
f 173 174 3662
f 174 175 3663
f 175 176 3664
f 176 177 3665
f 177 178 3666
f 178 179 3667
f 179 180 3668
f 180 181 3669
f 181 182 3670
f 182 183 3671
f 183 184 3672
f 184 185 3673
f 185 186 3674
f 186 187 3675
f 187 188 3676
f 188 189 3677
f 189 190 3678
f 190 191 3679
f 191 192 3680
f 192 193 3681
f 193 194 3682
f 194 195 3683
f 195 196 3684
f 196 197 3685
f 197 198 3686
f 198 199 3687
f 199 200 3688
f 200 201 3689
f 201 202 3690
f 202 203 3691
f 203 204 3692
f 204 205 3693
f 205 206 3694
f 206 207 3695
f 207 208 3696
f 208 209 3697
f 209 210 3698
f 210 211 3699
f 211 212 3700
f 212 213 3701
f 213 214 3702
f 214 215 3703
f 215 216 3704
f 216 217 3705
f 217 218 3706
f 218 219 3707
f 219 220 3708
f 220 221 3709
f 221 222 3710
f 222 223 3711
f 223 224 3712
f 224 225 3713
f 225 226 3714
f 226 227 3715
f 227 228 3716
f 228 229 3717
f 229 230 3718
f 230 231 3719
f 231 232 3720
f 232 233 3721
f 233 234 3722
f 234 235 3723
f 235 236 3724
f 236 237 3725
f 237 238 3726
f 238 239 3727
f 239 240 3728
f 240 241 3729
f 241 242 3730
f 242 243 3731
f 243 244 3732
f 244 245 3733
f 245 246 3734
f 246 247 3735
f 247 248 3736
f 248 249 3737
f 249 250 3738
f 250 251 3739
f 251 252 3740
f 252 253 3741
f 253 254 3742
f 254 255 3743
f 255 256 3744
f 256 257 3745
f 257 258 3746
f 258 259 3747
f 259 260 3748
f 260 261 3749
f 261 262 3750
f 262 263 3751
f 263 264 3752
f 264 265 3753
f 265 266 3754
f 266 267 3755
f 267 268 3756
f 268 269 3757
f 269 270 3758
f 270 271 3759
f 271 272 3760
f 272 273 3761
f 273 274 3762
f 274 275 3763
f 275 276 3764
f 276 277 3765
f 277 278 3766
f 278 279 3767
f 279 280 3768
f 280 281 3769
f 281 282 3770
f 282 283 3771
f 283 284 3772
f 284 285 3773
f 285 286 3774
f 286 287 3775
f 287 288 3776
f 288 289 3777
f 289 290 3778
f 290 291 3779
f 291 292 3780
f 292 293 3781
f 293 294 3782
f 294 295 3783
f 295 296 3784
f 296 297 3785
f 297 298 3786
f 298 299 3787
f 299 300 3788
f 300 301 3789
f 301 302 3790
f 302 303 3791
f 303 304 3792
f 304 305 3793
f 305 306 3794
f 306 1 3489
f 1 3490 3489
f 2 3491 3490
f 3 3492 3491
f 4 3493 3492
f 5 3494 3493
f 6 3495 3494
f 7 3496 3495
f 8 3497 3496
f 9 3498 3497
f 10 3499 3498
f 11 3500 3499
f 12 3501 3500
f 13 3502 3501
f 14 3503 3502
f 15 3504 3503
f 16 3505 3504
f 17 3506 3505
f 18 3507 3506
f 19 3508 3507
f 20 3509 3508
f 21 3510 3509
f 22 3511 3510
f 23 3512 3511
f 24 3513 3512
f 25 3514 3513
f 26 3515 3514
f 27 3516 3515
f 28 3517 3516
f 29 3518 3517
f 30 3519 3518
f 31 3520 3519
f 32 3521 3520
f 33 3522 3521
f 34 3523 3522
f 35 3524 3523
f 36 3525 3524
f 37 3526 3525
f 38 3527 3526
f 39 3528 3527
f 40 3529 3528
f 41 3530 3529
f 42 3531 3530
f 43 3532 3531
f 44 3533 3532
f 45 3534 3533
f 46 3535 3534
f 47 3536 3535
f 48 3537 3536
f 49 3538 3537
f 50 3539 3538
f 51 3540 3539
f 52 3541 3540
f 53 3542 3541
f 54 3543 3542
f 55 3544 3543
f 56 3545 3544
f 57 3546 3545
f 58 3547 3546
f 59 3548 3547
f 60 3549 3548
f 61 3550 3549
f 62 3551 3550
f 63 3552 3551
f 64 3553 3552
f 65 3554 3553
f 66 3555 3554
f 67 3556 3555
f 68 3557 3556
f 69 3558 3557
f 70 3559 3558
f 71 3560 3559
f 72 3561 3560
f 73 3562 3561
f 74 3563 3562
f 75 3564 3563
f 76 3565 3564
f 77 3566 3565
f 78 3567 3566
f 79 3568 3567
f 80 3569 3568
f 81 3570 3569
f 82 3571 3570
f 83 3572 3571
f 84 3573 3572
f 85 3574 3573
f 86 3575 3574
f 87 3576 3575
f 88 3577 3576
f 89 3578 3577
f 90 3579 3578
f 91 3580 3579
f 92 3581 3580
f 93 3582 3581
f 94 3583 3582
f 95 3584 3583
f 96 3585 3584
f 97 3586 3585
f 98 3587 3586
f 99 3588 3587
f 100 3589 3588
f 101 3590 3589
f 102 3591 3590
f 103 3592 3591
f 104 3593 3592
f 105 3594 3593
f 106 3595 3594
f 107 3596 3595
f 108 3597 3596
f 109 3598 3597
f 110 3599 3598
f 111 3600 3599
f 112 3601 3600
f 113 3602 3601
f 114 3603 3602
f 115 3604 3603
f 116 3605 3604
f 117 3606 3605
f 118 3607 3606
f 119 3608 3607
f 120 3609 3608
f 121 3610 3609
f 122 3611 3610
f 123 3612 3611
f 124 3613 3612
f 125 3614 3613
f 126 3615 3614
f 127 3616 3615
f 128 3617 3616
f 129 3618 3617
f 130 3619 3618
f 131 3620 3619
f 132 3621 3620
f 133 3622 3621
f 134 3623 3622
f 135 3624 3623
f 136 3625 3624
f 137 3626 3625
f 138 3627 3626
f 139 3628 3627
f 140 3629 3628
f 141 3630 3629
f 142 3631 3630
f 143 3632 3631
f 144 3633 3632
f 145 3634 3633
f 146 3635 3634
f 147 3636 3635
f 148 3637 3636
f 149 3638 3637
f 150 3639 3638
f 151 3640 3639
f 152 3641 3640
f 153 3642 3641
f 154 3643 3642
f 155 3644 3643
f 156 3645 3644
f 157 3646 3645
f 158 3647 3646
f 159 3648 3647
f 160 3649 3648
f 161 3650 3649
f 162 3651 3650
f 163 3652 3651
f 164 3653 3652
f 165 3654 3653
f 166 3655 3654
f 167 3656 3655
f 168 3657 3656
f 169 3658 3657
f 170 3659 3658
f 171 3660 3659
f 172 3661 3660
f 173 3662 3661
f 174 3663 3662
f 175 3664 3663
f 176 3665 3664
f 177 3666 3665
f 178 3667 3666
f 179 3668 3667
f 180 3669 3668
f 181 3670 3669
f 182 3671 3670
f 183 3672 3671
f 184 3673 3672
f 185 3674 3673
f 186 3675 3674
f 187 3676 3675
f 188 3677 3676
f 189 3678 3677
f 190 3679 3678
f 191 3680 3679
f 192 3681 3680
f 193 3682 3681
f 194 3683 3682
f 195 3684 3683
f 196 3685 3684
f 197 3686 3685
f 198 3687 3686
f 199 3688 3687
f 200 3689 3688
f 201 3690 3689
f 202 3691 3690
f 203 3692 3691
f 204 3693 3692
f 205 3694 3693
f 206 3695 3694
f 207 3696 3695
f 208 3697 3696
f 209 3698 3697
f 210 3699 3698
f 211 3700 3699
f 212 3701 3700
f 213 3702 3701
f 214 3703 3702
f 215 3704 3703
f 216 3705 3704
f 217 3706 3705
f 218 3707 3706
f 219 3708 3707
f 220 3709 3708
f 221 3710 3709
f 222 3711 3710
f 223 3712 3711
f 224 3713 3712
f 225 3714 3713
f 226 3715 3714
f 227 3716 3715
f 228 3717 3716
f 229 3718 3717
f 230 3719 3718
f 231 3720 3719
f 232 3721 3720
f 233 3722 3721
f 234 3723 3722
f 235 3724 3723
f 236 3725 3724
f 237 3726 3725
f 238 3727 3726
f 239 3728 3727
f 240 3729 3728
f 241 3730 3729
f 242 3731 3730
f 243 3732 3731
f 244 3733 3732
f 245 3734 3733
f 246 3735 3734
f 247 3736 3735
f 248 3737 3736
f 249 3738 3737
f 250 3739 3738
f 251 3740 3739
f 252 3741 3740
f 253 3742 3741
f 254 3743 3742
f 255 3744 3743
f 256 3745 3744
f 257 3746 3745
f 258 3747 3746
f 259 3748 3747
f 260 3749 3748
f 261 3750 3749
f 262 3751 3750
f 263 3752 3751
f 264 3753 3752
f 265 3754 3753
f 266 3755 3754
f 267 3756 3755
f 268 3757 3756
f 269 3758 3757
f 270 3759 3758
f 271 3760 3759
f 272 3761 3760
f 273 3762 3761
f 274 3763 3762
f 275 3764 3763
f 276 3765 3764
f 277 3766 3765
f 278 3767 3766
f 279 3768 3767
f 280 3769 3768
f 281 3770 3769
f 282 3771 3770
f 283 3772 3771
f 284 3773 3772
f 285 3774 3773
f 286 3775 3774
f 287 3776 3775
f 288 3777 3776
f 289 3778 3777
f 290 3779 3778
f 291 3780 3779
f 292 3781 3780
f 293 3782 3781
f 294 3783 3782
f 295 3784 3783
f 296 3785 3784
f 297 3786 3785
f 298 3787 3786
f 299 3788 3787
f 300 3789 3788
f 301 3790 3789
f 302 3791 3790
f 303 3792 3791
f 304 3793 3792
f 305 3794 3793
f 306 3489 3794
f 3489 3490 3830
f 3490 3491 3831
f 3491 3492 3832
f 3492 3493 3833
f 3493 3494 3834
f 3494 3495 3835
f 3495 3496 3836
f 3496 3497 3837
f 3497 3498 3838
f 3498 3499 3839
f 3499 3500 3840
f 3500 3501 3841
f 3501 3502 3842
f 3502 3503 3843
f 3503 3504 3844
f 3504 3505 3845
f 3505 3506 3846
f 3506 3507 3847
f 3507 3508 3848
f 3508 3509 3849
f 3509 3510 3850
f 3510 3511 3851
f 3511 3512 3852
f 3512 3513 3853
f 3513 3514 3854
f 3514 3515 3855
f 3515 3516 3856
f 3516 3517 3857
f 3517 3518 3858
f 3518 3519 3859
f 3519 3520 3860
f 3520 3521 3861
f 3521 3522 3862
f 3522 3523 3863
f 3523 3524 3864
f 3524 3525 3865
f 3525 3526 3866
f 3526 3527 3867
f 3527 3528 3868
f 3528 3529 3869
f 3529 3530 3870
f 3530 3531 3871
f 3531 3532 3872
f 3532 3533 3873
f 3533 3534 3874
f 3534 3535 3875
f 3535 3536 3876
f 3536 3537 3877
f 3537 3538 3878
f 3538 3539 3879
f 3539 3540 3880
f 3540 3541 3881
f 3541 3542 3882
f 3542 3543 3883
f 3543 3544 3884
f 3544 3545 3885
f 3545 3546 3886
f 3546 3547 3887
f 3547 3548 3888
f 3548 3549 3889
f 3549 3550 3890
f 3550 3551 3891
f 3551 3552 3892
f 3552 3553 3893
f 3553 3554 3894
f 3554 3555 3895
f 3555 3556 3896
f 3556 3557 3897
f 3557 3558 3898
f 3558 3559 3899
f 3559 3560 3900
f 3560 3561 3901
f 3561 3562 3902
f 3562 3563 3903
f 3563 3564 3904
f 3564 3565 3905
f 3565 3566 3906
f 3566 3567 3907
f 3567 3568 3908
f 3568 3569 3909
f 3569 3570 3910
f 3570 3571 3911
f 3571 3572 3912
f 3572 3573 3913
f 3573 3574 3914
f 3574 3575 3915
f 3575 3576 3916
f 3576 3577 3917
f 3577 3578 3918
f 3578 3579 3919
f 3579 3580 3920
f 3580 3581 3921
f 3581 3582 3922
f 3582 3583 3923
f 3583 3584 3924
f 3584 3585 3925
f 3585 3586 3926
f 3586 3587 3927
f 3587 3588 3928
f 3588 3589 3929
f 3589 3590 3930
f 3590 3591 3931
f 3591 3592 3932
f 3592 3593 3933
f 3593 3594 3934
f 3594 3595 3935
f 3595 3596 3936
f 3596 3597 3937
f 3597 3598 3938
f 3598 3599 3939
f 3599 3600 3940
f 3600 3601 3941
f 3601 3602 3942
f 3602 3603 3943
f 3603 3604 3944
f 3604 3605 3945
f 3605 3606 3946
f 3606 3607 3947
f 3607 3608 3948
f 3608 3609 3949
f 3609 3610 3950
f 3610 3611 3951
f 3611 3612 3952
f 3612 3613 3953
f 3613 3614 3954
f 3614 3615 3955
f 3615 3616 3956
f 3616 3617 3957
f 3617 3618 3958
f 3618 3619 3959
f 3619 3620 3960
f 3620 3621 3961
f 3621 3622 3962
f 3622 3623 3963
f 3623 3624 3964
f 3624 3625 3965
f 3625 3626 3966
f 3626 3627 3967
f 3627 3628 3968
f 3628 3629 3969
f 3629 3630 3970
f 3630 3631 3971
f 3631 3632 3972
f 3632 3633 3973
f 3633 3634 3974
f 3634 3635 3975
f 3635 3636 3976
f 3636 3637 3977
f 3637 3638 3978
f 3638 3639 3979
f 3639 3640 3980
f 3640 3641 3981
f 3641 3642 3982
f 3642 3643 3983
f 3643 3644 3984
f 3644 3645 3985
f 3645 3646 3986
f 3646 3647 3987
f 3647 3648 3988
f 3648 3649 3989
f 3649 3650 3990
f 3650 3651 3991
f 3651 3652 3992
f 3652 3653 3993
f 3653 3654 3994
f 3654 3655 3995
f 3655 3656 3996
f 3656 3657 3997
f 3657 3658 3998
f 3658 3659 3999
f 3659 3660 4000
f 3660 3661 4001
f 3661 3662 4002
f 3662 3663 4003
f 3663 3664 4004
f 3664 3665 4005
f 3665 3666 4006
f 3666 3667 4007
f 3667 3668 4008
f 3668 3669 4009
f 3669 3670 4010
f 3670 3671 4011
f 3671 3672 4012
f 3672 3673 4013
f 3673 3674 4014
f 3674 3675 4015
f 3675 3676 4016
f 3676 3677 4017
f 3677 3678 4018
f 3678 3679 4019
f 3679 3680 4020
f 3680 3681 4021
f 3681 3682 4022
f 3682 3683 4023
f 3683 3684 4024
f 3684 3685 4025
f 3685 3686 4026
f 3686 3687 4027
f 3687 3688 4028
f 3688 3689 4029
f 3689 3690 4030
f 3690 3691 4031
f 3691 3692 4032
f 3692 3693 4033
f 3693 3694 4034
f 3694 3695 4035
f 3695 3696 4036
f 3696 3697 4037
f 3697 3698 4038
f 3698 3699 4039
f 3699 3700 4040
f 3700 3701 4041
f 3701 3702 4042
f 3702 3703 4043
f 3703 3704 4044
f 3704 3705 4045
f 3705 3706 4046
f 3706 3707 4047
f 3707 3708 4048
f 3708 3709 4049
f 3709 3710 4050
f 3710 3711 4051
f 3711 3712 4052
f 3712 3713 4053
f 3713 3714 4054
f 3714 3715 4055
f 3715 3716 4056
f 3716 3717 4057
f 3717 3718 4058
f 3718 3719 4059
f 3719 3720 4060
f 3720 3721 4061
f 3721 3722 4062
f 3722 3723 4063
f 3723 3724 4064
f 3724 3725 4065
f 3725 3726 4066
f 3726 3727 4067
f 3727 3728 4068
f 3728 3729 4069
f 3729 3730 4070
f 3730 3731 4071
f 3731 3732 4072
f 3732 3733 4073
f 3733 3734 4074
f 3734 3735 4075
f 3735 3736 4076
f 3736 3737 4077
f 3737 3738 4078
f 3738 3739 4079
f 3739 3740 4080
f 3740 3741 4081
f 3741 3742 4082
f 3742 3743 4083
f 3743 3744 4084
f 3744 3745 4085
f 3745 3746 4086
f 3746 3747 4087
f 3747 3748 4088
f 3748 3749 4089
f 3749 3750 4090
f 3750 3751 4091
f 3751 3752 4092
f 3752 3753 4093
f 3753 3754 4094
f 3754 3755 4095
f 3755 3756 4096
f 3756 3757 4097
f 3757 3758 4098
f 3758 3759 4099
f 3759 3760 4100
f 3760 3761 4101
f 3761 3762 4102
f 3762 3763 4103
f 3763 3764 4104
f 3764 3765 4105
f 3765 3766 4106
f 3766 3767 4107
f 3767 3768 4108
f 3768 3769 4109
f 3769 3770 4110
f 3770 3771 4111
f 3771 3772 4112
f 3772 3773 4113
f 3773 3774 4114
f 3774 3775 4115
f 3775 3776 4116
f 3776 3777 4117
f 3777 3778 4118
f 3778 3779 4119
f 3779 3780 4120
f 3780 3781 4121
f 3781 3782 4122
f 3782 3783 4123
f 3783 3784 4124
f 3784 3785 4125
f 3785 3786 4126
f 3786 3787 4127
f 3787 3788 4128
f 3788 3789 4129
f 3789 3790 4130
f 3790 3791 4131
f 3791 3792 4132
f 3792 3793 4133
f 3793 3794 4134
f 3794 3489 3829
f 3489 3830 3829
f 3490 3831 3830
f 3491 3832 3831
f 3492 3833 3832
f 3493 3834 3833
f 3494 3835 3834
f 3495 3836 3835
f 3496 3837 3836
f 3497 3838 3837
f 3498 3839 3838
f 3499 3840 3839
f 3500 3841 3840
f 3501 3842 3841
f 3502 3843 3842
f 3503 3844 3843
f 3504 3845 3844
f 3505 3846 3845
f 3506 3847 3846
f 3507 3848 3847
f 3508 3849 3848
f 3509 3850 3849
f 3510 3851 3850
f 3511 3852 3851
f 3512 3853 3852
f 3513 3854 3853
f 3514 3855 3854
f 3515 3856 3855
f 3516 3857 3856
f 3517 3858 3857
f 3518 3859 3858
f 3519 3860 3859
f 3520 3861 3860
f 3521 3862 3861
f 3522 3863 3862
f 3523 3864 3863
f 3524 3865 3864
f 3525 3866 3865
f 3526 3867 3866
f 3527 3868 3867
f 3528 3869 3868
f 3529 3870 3869
f 3530 3871 3870
f 3531 3872 3871
f 3532 3873 3872
f 3533 3874 3873
f 3534 3875 3874
f 3535 3876 3875
f 3536 3877 3876
f 3537 3878 3877
f 3538 3879 3878
f 3539 3880 3879
f 3540 3881 3880
f 3541 3882 3881
f 3542 3883 3882
f 3543 3884 3883
f 3544 3885 3884
f 3545 3886 3885
f 3546 3887 3886
f 3547 3888 3887
f 3548 3889 3888
f 3549 3890 3889
f 3550 3891 3890
f 3551 3892 3891
f 3552 3893 3892
f 3553 3894 3893
f 3554 3895 3894
f 3555 3896 3895
f 3556 3897 3896
f 3557 3898 3897
f 3558 3899 3898
f 3559 3900 3899
f 3560 3901 3900
f 3561 3902 3901
f 3562 3903 3902
f 3563 3904 3903
f 3564 3905 3904
f 3565 3906 3905
f 3566 3907 3906
f 3567 3908 3907
f 3568 3909 3908
f 3569 3910 3909
f 3570 3911 3910
f 3571 3912 3911
f 3572 3913 3912
f 3573 3914 3913
f 3574 3915 3914
f 3575 3916 3915
f 3576 3917 3916
f 3577 3918 3917
f 3578 3919 3918
f 3579 3920 3919
f 3580 3921 3920
f 3581 3922 3921
f 3582 3923 3922
f 3583 3924 3923
f 3584 3925 3924
f 3585 3926 3925
f 3586 3927 3926
f 3587 3928 3927
f 3588 3929 3928
f 3589 3930 3929
f 3590 3931 3930
f 3591 3932 3931
f 3592 3933 3932
f 3593 3934 3933
f 3594 3935 3934
f 3595 3936 3935
f 3596 3937 3936
f 3597 3938 3937
f 3598 3939 3938
f 3599 3940 3939
f 3600 3941 3940
f 3601 3942 3941
f 3602 3943 3942
f 3603 3944 3943
f 3604 3945 3944
f 3605 3946 3945
f 3606 3947 3946
f 3607 3948 3947
f 3608 3949 3948
f 3609 3950 3949
f 3610 3951 3950
f 3611 3952 3951
f 3612 3953 3952
f 3613 3954 3953
f 3614 3955 3954
f 3615 3956 3955
f 3616 3957 3956
f 3617 3958 3957
f 3618 3959 3958
f 3619 3960 3959
f 3620 3961 3960
f 3621 3962 3961
f 3622 3963 3962
f 3623 3964 3963
f 3624 3965 3964
f 3625 3966 3965
f 3626 3967 3966
f 3627 3968 3967
f 3628 3969 3968
f 3629 3970 3969
f 3630 3971 3970
f 3631 3972 3971
f 3632 3973 3972
f 3633 3974 3973
f 3634 3975 3974
f 3635 3976 3975
f 3636 3977 3976
f 3637 3978 3977
f 3638 3979 3978
f 3639 3980 3979
f 3640 3981 3980
f 3641 3982 3981
f 3642 3983 3982
f 3643 3984 3983
f 3644 3985 3984
f 3645 3986 3985
f 3646 3987 3986
f 3647 3988 3987
f 3648 3989 3988
f 3649 3990 3989
f 3650 3991 3990
f 3651 3992 3991
f 3652 3993 3992
f 3653 3994 3993
f 3654 3995 3994
f 3655 3996 3995
f 3656 3997 3996
f 3657 3998 3997
f 3658 3999 3998
f 3659 4000 3999
f 3660 4001 4000
f 3661 4002 4001
f 3662 4003 4002
f 3663 4004 4003
f 3664 4005 4004
f 3665 4006 4005
f 3666 4007 4006
f 3667 4008 4007
f 3668 4009 4008
f 3669 4010 4009
f 3670 4011 4010
f 3671 4012 4011
f 3672 4013 4012
f 3673 4014 4013
f 3674 4015 4014
f 3675 4016 4015
f 3676 4017 4016
f 3677 4018 4017
f 3678 4019 4018
f 3679 4020 4019
f 3680 4021 4020
f 3681 4022 4021
f 3682 4023 4022
f 3683 4024 4023
f 3684 4025 4024
f 3685 4026 4025
f 3686 4027 4026
f 3687 4028 4027
f 3688 4029 4028
f 3689 4030 4029
f 3690 4031 4030
f 3691 4032 4031
f 3692 4033 4032
f 3693 4034 4033
f 3694 4035 4034
f 3695 4036 4035
f 3696 4037 4036
f 3697 4038 4037
f 3698 4039 4038
f 3699 4040 4039
f 3700 4041 4040
f 3701 4042 4041
f 3702 4043 4042
f 3703 4044 4043
f 3704 4045 4044
f 3705 4046 4045
f 3706 4047 4046
f 3707 4048 4047
f 3708 4049 4048
f 3709 4050 4049
f 3710 4051 4050
f 3711 4052 4051
f 3712 4053 4052
f 3713 4054 4053
f 3714 4055 4054
f 3715 4056 4055
f 3716 4057 4056
f 3717 4058 4057
f 3718 4059 4058
f 3719 4060 4059
f 3720 4061 4060
f 3721 4062 4061
f 3722 4063 4062
f 3723 4064 4063
f 3724 4065 4064
f 3725 4066 4065
f 3726 4067 4066
f 3727 4068 4067
f 3728 4069 4068
f 3729 4070 4069
f 3730 4071 4070
f 3731 4072 4071
f 3732 4073 4072
f 3733 4074 4073
f 3734 4075 4074
f 3735 4076 4075
f 3736 4077 4076
f 3737 4078 4077
f 3738 4079 4078
f 3739 4080 4079
f 3740 4081 4080
f 3741 4082 4081
f 3742 4083 4082
f 3743 4084 4083
f 3744 4085 4084
f 3745 4086 4085
f 3746 4087 4086
f 3747 4088 4087
f 3748 4089 4088
f 3749 4090 4089
f 3750 4091 4090
f 3751 4092 4091
f 3752 4093 4092
f 3753 4094 4093
f 3754 4095 4094
f 3755 4096 4095
f 3756 4097 4096
f 3757 4098 4097
f 3758 4099 4098
f 3759 4100 4099
f 3760 4101 4100
f 3761 4102 4101
f 3762 4103 4102
f 3763 4104 4103
f 3764 4105 4104
f 3765 4106 4105
f 3766 4107 4106
f 3767 4108 4107
f 3768 4109 4108
f 3769 4110 4109
f 3770 4111 4110
f 3771 4112 4111
f 3772 4113 4112
f 3773 4114 4113
f 3774 4115 4114
f 3775 4116 4115
f 3776 4117 4116
f 3777 4118 4117
f 3778 4119 4118
f 3779 4120 4119
f 3780 4121 4120
f 3781 4122 4121
f 3782 4123 4122
f 3783 4124 4123
f 3784 4125 4124
f 3785 4126 4125
f 3786 4127 4126
f 3787 4128 4127
f 3788 4129 4128
f 3789 4130 4129
f 3790 4131 4130
f 3791 4132 4131
f 3792 4133 4132
f 3793 4134 4133
f 3794 3829 4134
f 3829 3830 4170
f 3830 3831 4171
f 3831 3832 4172
f 3832 3833 4173
f 3833 3834 4174
f 3834 3835 4175
f 3835 3836 4176
f 3836 3837 4177
f 3837 3838 4178
f 3838 3839 4179
f 3839 3840 4180
f 3840 3841 4181
f 3841 3842 4182
f 3842 3843 4183
f 3843 3844 4184
f 3844 3845 4185
f 3845 3846 4186
f 3846 3847 4187
f 3847 3848 4188
f 3848 3849 4189
f 3849 3850 4190
f 3850 3851 4191
f 3851 3852 4192
f 3852 3853 4193
f 3853 3854 4194
f 3854 3855 4195
f 3855 3856 4196
f 3856 3857 4197
f 3857 3858 4198
f 3858 3859 4199
f 3859 3860 4200
f 3860 3861 4201
f 3861 3862 4202
f 3862 3863 4203
f 3863 3864 4204
f 3864 3865 4205
f 3865 3866 4206
f 3866 3867 4207
f 3867 3868 4208
f 3868 3869 4209
f 3869 3870 4210
f 3870 3871 4211
f 3871 3872 4212
f 3872 3873 4213
f 3873 3874 4214
f 3874 3875 4215
f 3875 3876 4216
f 3876 3877 4217
f 3877 3878 4218
f 3878 3879 4219
f 3879 3880 4220
f 3880 3881 4221
f 3881 3882 4222
f 3882 3883 4223
f 3883 3884 4224
f 3884 3885 4225
f 3885 3886 4226
f 3886 3887 4227
f 3887 3888 4228
f 3888 3889 4229
f 3889 3890 4230
f 3890 3891 4231
f 3891 3892 4232
f 3892 3893 4233
f 3893 3894 4234
f 3894 3895 4235
f 3895 3896 4236
f 3896 3897 4237
f 3897 3898 4238
f 3898 3899 4239
f 3899 3900 4240
f 3900 3901 4241
f 3901 3902 4242
f 3902 3903 4243
f 3903 3904 4244
f 3904 3905 4245
f 3905 3906 4246
f 3906 3907 4247
f 3907 3908 4248
f 3908 3909 4249
f 3909 3910 4250
f 3910 3911 4251
f 3911 3912 4252
f 3912 3913 4253
f 3913 3914 4254
f 3914 3915 4255
f 3915 3916 4256
f 3916 3917 4257
f 3917 3918 4258
f 3918 3919 4259
f 3919 3920 4260
f 3920 3921 4261
f 3921 3922 4262
f 3922 3923 4263
f 3923 3924 4264
f 3924 3925 4265
f 3925 3926 4266
f 3926 3927 4267
f 3927 3928 4268
f 3928 3929 4269
f 3929 3930 4270
f 3930 3931 4271
f 3931 3932 4272
f 3932 3933 4273
f 3933 3934 4274
f 3934 3935 4275
f 3935 3936 4276
f 3936 3937 4277
f 3937 3938 4278
f 3938 3939 4279
f 3939 3940 4280
f 3940 3941 4281
f 3941 3942 4282
f 3942 3943 4283
f 3943 3944 4284
f 3944 3945 4285
f 3945 3946 4286
f 3946 3947 4287
f 3947 3948 4288
f 3948 3949 4289
f 3949 3950 4290
f 3950 3951 4291
f 3951 3952 4292
f 3952 3953 4293
f 3953 3954 4294
f 3954 3955 4295
f 3955 3956 4296
f 3956 3957 4297
f 3957 3958 4298
f 3958 3959 4299
f 3959 3960 4300
f 3960 3961 4301
f 3961 3962 4302
f 3962 3963 4303
f 3963 3964 4304
f 3964 3965 4305
f 3965 3966 4306
f 3966 3967 4307
f 3967 3968 4308
f 3968 3969 4309
f 3969 3970 4310
f 3970 3971 4311
f 3971 3972 4312
f 3972 3973 4313
f 3973 3974 4314
f 3974 3975 4315
f 3975 3976 4316
f 3976 3977 4317
f 3977 3978 4318
f 3978 3979 4319
f 3979 3980 4320
f 3980 3981 4321
f 3981 3982 4322
f 3982 3983 4323
f 3983 3984 4324
f 3984 3985 4325
f 3985 3986 4326
f 3986 3987 4327
f 3987 3988 4328
f 3988 3989 4329
f 3989 3990 4330
f 3990 3991 4331
f 3991 3992 4332
f 3992 3993 4333
f 3993 3994 4334
f 3994 3995 4335
f 3995 3996 4336
f 3996 3997 4337
f 3997 3998 4338
f 3998 3999 4339
f 3999 4000 4340
f 4000 4001 4341
f 4001 4002 4342
f 4002 4003 4343
f 4003 4004 4344
f 4004 4005 4345
f 4005 4006 4346
f 4006 4007 4347
f 4007 4008 4348
f 4008 4009 4349
f 4009 4010 4350
f 4010 4011 4351
f 4011 4012 4352
f 4012 4013 4353
f 4013 4014 4354
f 4014 4015 4355
f 4015 4016 4356
f 4016 4017 4357
f 4017 4018 4358
f 4018 4019 4359
f 4019 4020 4360
f 4020 4021 4361
f 4021 4022 4362
f 4022 4023 4363
f 4023 4024 4364
f 4024 4025 4365
f 4025 4026 4366
f 4026 4027 4367
f 4027 4028 4368
f 4028 4029 4369
f 4029 4030 4370
f 4030 4031 4371
f 4031 4032 4372
f 4032 4033 4373
f 4033 4034 4374
f 4034 4035 4375
f 4035 4036 4376
f 4036 4037 4377
f 4037 4038 4378
f 4038 4039 4379
f 4039 4040 4380
f 4040 4041 4381
f 4041 4042 4382
f 4042 4043 4383
f 4043 4044 4384
f 4044 4045 4385
f 4045 4046 4386
f 4046 4047 4387
f 4047 4048 4388
f 4048 4049 4389
f 4049 4050 4390
f 4050 4051 4391
f 4051 4052 4392
f 4052 4053 4393
f 4053 4054 4394
f 4054 4055 4395
f 4055 4056 4396
f 4056 4057 4397
f 4057 4058 4398
f 4058 4059 4399
f 4059 4060 4400
f 4060 4061 4401
f 4061 4062 4402
f 4062 4063 4403
f 4063 4064 4404
f 4064 4065 4405
f 4065 4066 4406
f 4066 4067 4407
f 4067 4068 4408
f 4068 4069 4409
f 4069 4070 4410
f 4070 4071 4411
f 4071 4072 4412
f 4072 4073 4413
f 4073 4074 4414
f 4074 4075 4415
f 4075 4076 4416
f 4076 4077 4417
f 4077 4078 4418
f 4078 4079 4419
f 4079 4080 4420
f 4080 4081 4421
f 4081 4082 4422
f 4082 4083 4423
f 4083 4084 4424
f 4084 4085 4425
f 4085 4086 4426
f 4086 4087 4427
f 4087 4088 4428
f 4088 4089 4429
f 4089 4090 4430
f 4090 4091 4431
f 4091 4092 4432
f 4092 4093 4433
f 4093 4094 4434
f 4094 4095 4435
f 4095 4096 4436
f 4096 4097 4437
f 4097 4098 4438
f 4098 4099 4439
f 4099 4100 4440
f 4100 4101 4441
f 4101 4102 4442
f 4102 4103 4443
f 4103 4104 4444
f 4104 4105 4445
f 4105 4106 4446
f 4106 4107 4447
f 4107 4108 4448
f 4108 4109 4449
f 4109 4110 4450
f 4110 4111 4451
f 4111 4112 4452
f 4112 4113 4453
f 4113 4114 4454
f 4114 4115 4455
f 4115 4116 4456
f 4116 4117 4457
f 4117 4118 4458
f 4118 4119 4459
f 4119 4120 4460
f 4120 4121 4461
f 4121 4122 4462
f 4122 4123 4463
f 4123 4124 4464
f 4124 4125 4465
f 4125 4126 4466
f 4126 4127 4467
f 4127 4128 4468
f 4128 4129 4469
f 4129 4130 4470
f 4130 4131 4471
f 4131 4132 4472
f 4132 4133 4473
f 4133 4134 4474
f 4134 3829 4169
f 3829 4170 4169
f 3830 4171 4170
f 3831 4172 4171
f 3832 4173 4172
f 3833 4174 4173
f 3834 4175 4174
f 3835 4176 4175
f 3836 4177 4176
f 3837 4178 4177
f 3838 4179 4178
f 3839 4180 4179
f 3840 4181 4180
f 3841 4182 4181
f 3842 4183 4182
f 3843 4184 4183
f 3844 4185 4184
f 3845 4186 4185
f 3846 4187 4186
f 3847 4188 4187
f 3848 4189 4188
f 3849 4190 4189
f 3850 4191 4190
f 3851 4192 4191
f 3852 4193 4192
f 3853 4194 4193
f 3854 4195 4194
f 3855 4196 4195
f 3856 4197 4196
f 3857 4198 4197
f 3858 4199 4198
f 3859 4200 4199
f 3860 4201 4200
f 3861 4202 4201
f 3862 4203 4202
f 3863 4204 4203
f 3864 4205 4204
f 3865 4206 4205
f 3866 4207 4206
f 3867 4208 4207
f 3868 4209 4208
f 3869 4210 4209
f 3870 4211 4210
f 3871 4212 4211
f 3872 4213 4212
f 3873 4214 4213
f 3874 4215 4214
f 3875 4216 4215
f 3876 4217 4216
f 3877 4218 4217
f 3878 4219 4218
f 3879 4220 4219
f 3880 4221 4220
f 3881 4222 4221
f 3882 4223 4222
f 3883 4224 4223
f 3884 4225 4224
f 3885 4226 4225
f 3886 4227 4226
f 3887 4228 4227
f 3888 4229 4228
f 3889 4230 4229
f 3890 4231 4230
f 3891 4232 4231
f 3892 4233 4232
f 3893 4234 4233
f 3894 4235 4234
f 3895 4236 4235
f 3896 4237 4236
f 3897 4238 4237
f 3898 4239 4238
f 3899 4240 4239
f 3900 4241 4240
f 3901 4242 4241
f 3902 4243 4242
f 3903 4244 4243
f 3904 4245 4244
f 3905 4246 4245
f 3906 4247 4246
f 3907 4248 4247
f 3908 4249 4248
f 3909 4250 4249
f 3910 4251 4250
f 3911 4252 4251
f 3912 4253 4252
f 3913 4254 4253
f 3914 4255 4254
f 3915 4256 4255
f 3916 4257 4256
f 3917 4258 4257
f 3918 4259 4258
f 3919 4260 4259
f 3920 4261 4260
f 3921 4262 4261
f 3922 4263 4262
f 3923 4264 4263
f 3924 4265 4264
f 3925 4266 4265
f 3926 4267 4266
f 3927 4268 4267
f 3928 4269 4268
f 3929 4270 4269
f 3930 4271 4270
f 3931 4272 4271
f 3932 4273 4272
f 3933 4274 4273
f 3934 4275 4274
f 3935 4276 4275
f 3936 4277 4276
f 3937 4278 4277
f 3938 4279 4278
f 3939 4280 4279
f 3940 4281 4280
f 3941 4282 4281
f 3942 4283 4282
f 3943 4284 4283
f 3944 4285 4284
f 3945 4286 4285
f 3946 4287 4286
f 3947 4288 4287
f 3948 4289 4288
f 3949 4290 4289
f 3950 4291 4290
f 3951 4292 4291
f 3952 4293 4292
f 3953 4294 4293
f 3954 4295 4294
f 3955 4296 4295
f 3956 4297 4296
f 3957 4298 4297
f 3958 4299 4298
f 3959 4300 4299
f 3960 4301 4300
f 3961 4302 4301
f 3962 4303 4302
f 3963 4304 4303
f 3964 4305 4304
f 3965 4306 4305
f 3966 4307 4306
f 3967 4308 4307
f 3968 4309 4308
f 3969 4310 4309
f 3970 4311 4310
f 3971 4312 4311
f 3972 4313 4312
f 3973 4314 4313
f 3974 4315 4314
f 3975 4316 4315
f 3976 4317 4316
f 3977 4318 4317
f 3978 4319 4318
f 3979 4320 4319
f 3980 4321 4320
f 3981 4322 4321
f 3982 4323 4322
f 3983 4324 4323
f 3984 4325 4324
f 3985 4326 4325
f 3986 4327 4326
f 3987 4328 4327
f 3988 4329 4328
f 3989 4330 4329
f 3990 4331 4330
f 3991 4332 4331
f 3992 4333 4332
f 3993 4334 4333
f 3994 4335 4334
f 3995 4336 4335
f 3996 4337 4336
f 3997 4338 4337
f 3998 4339 4338
f 3999 4340 4339
f 4000 4341 4340
f 4001 4342 4341
f 4002 4343 4342
f 4003 4344 4343
f 4004 4345 4344
f 4005 4346 4345
f 4006 4347 4346
f 4007 4348 4347
f 4008 4349 4348
f 4009 4350 4349
f 4010 4351 4350
f 4011 4352 4351
f 4012 4353 4352
f 4013 4354 4353
f 4014 4355 4354
f 4015 4356 4355
f 4016 4357 4356
f 4017 4358 4357
f 4018 4359 4358
f 4019 4360 4359
f 4020 4361 4360
f 4021 4362 4361
f 4022 4363 4362
f 4023 4364 4363
f 4024 4365 4364
f 4025 4366 4365
f 4026 4367 4366
f 4027 4368 4367
f 4028 4369 4368
f 4029 4370 4369
f 4030 4371 4370
f 4031 4372 4371
f 4032 4373 4372
f 4033 4374 4373
f 4034 4375 4374
f 4035 4376 4375
f 4036 4377 4376
f 4037 4378 4377
f 4038 4379 4378
f 4039 4380 4379
f 4040 4381 4380
f 4041 4382 4381
f 4042 4383 4382
f 4043 4384 4383
f 4044 4385 4384
f 4045 4386 4385
f 4046 4387 4386
f 4047 4388 4387
f 4048 4389 4388
f 4049 4390 4389
f 4050 4391 4390
f 4051 4392 4391
f 4052 4393 4392
f 4053 4394 4393
f 4054 4395 4394
f 4055 4396 4395
f 4056 4397 4396
f 4057 4398 4397
f 4058 4399 4398
f 4059 4400 4399
f 4060 4401 4400
f 4061 4402 4401
f 4062 4403 4402
f 4063 4404 4403
f 4064 4405 4404
f 4065 4406 4405
f 4066 4407 4406
f 4067 4408 4407
f 4068 4409 4408
f 4069 4410 4409
f 4070 4411 4410
f 4071 4412 4411
f 4072 4413 4412
f 4073 4414 4413
f 4074 4415 4414
f 4075 4416 4415
f 4076 4417 4416
f 4077 4418 4417
f 4078 4419 4418
f 4079 4420 4419
f 4080 4421 4420
f 4081 4422 4421
f 4082 4423 4422
f 4083 4424 4423
f 4084 4425 4424
f 4085 4426 4425
f 4086 4427 4426
f 4087 4428 4427
f 4088 4429 4428
f 4089 4430 4429
f 4090 4431 4430
f 4091 4432 4431
f 4092 4433 4432
f 4093 4434 4433
f 4094 4435 4434
f 4095 4436 4435
f 4096 4437 4436
f 4097 4438 4437
f 4098 4439 4438
f 4099 4440 4439
f 4100 4441 4440
f 4101 4442 4441
f 4102 4443 4442
f 4103 4444 4443
f 4104 4445 4444
f 4105 4446 4445
f 4106 4447 4446
f 4107 4448 4447
f 4108 4449 4448
f 4109 4450 4449
f 4110 4451 4450
f 4111 4452 4451
f 4112 4453 4452
f 4113 4454 4453
f 4114 4455 4454
f 4115 4456 4455
f 4116 4457 4456
f 4117 4458 4457
f 4118 4459 4458
f 4119 4460 4459
f 4120 4461 4460
f 4121 4462 4461
f 4122 4463 4462
f 4123 4464 4463
f 4124 4465 4464
f 4125 4466 4465
f 4126 4467 4466
f 4127 4468 4467
f 4128 4469 4468
f 4129 4470 4469
f 4130 4471 4470
f 4131 4472 4471
f 4132 4473 4472
f 4133 4474 4473
f 4134 4169 4474
f 4169 4170 4510
f 4170 4171 4511
f 4171 4172 4512
f 4172 4173 4513
f 4173 4174 4514
f 4174 4175 4515
f 4175 4176 4516
f 4176 4177 4517
f 4177 4178 4518
f 4178 4179 4519
f 4179 4180 4520
f 4180 4181 4521
f 4181 4182 4522
f 4182 4183 4523
f 4183 4184 4524
f 4184 4185 4525
f 4185 4186 4526
f 4186 4187 4527
f 4187 4188 4528
f 4188 4189 4529
f 4189 4190 4530
f 4190 4191 4531
f 4191 4192 4532
f 4192 4193 4533
f 4193 4194 4534
f 4194 4195 4535
f 4195 4196 4536
f 4196 4197 4537
f 4197 4198 4538
f 4198 4199 4539
f 4199 4200 4540
f 4200 4201 4541
f 4201 4202 4542
f 4202 4203 4543
f 4203 4204 4544
f 4204 4205 4545
f 4205 4206 4546
f 4206 4207 4547
f 4207 4208 4548
f 4208 4209 4549
f 4209 4210 4550
f 4210 4211 4551
f 4211 4212 4552
f 4212 4213 4553
f 4213 4214 4554
f 4214 4215 4555
f 4215 4216 4556
f 4216 4217 4557
f 4217 4218 4558
f 4218 4219 4559
f 4219 4220 4560
f 4220 4221 4561
f 4221 4222 4562
f 4222 4223 4563
f 4223 4224 4564
f 4224 4225 4565
f 4225 4226 4566
f 4226 4227 4567
f 4227 4228 4568
f 4228 4229 4569
f 4229 4230 4570
f 4230 4231 4571
f 4231 4232 4572
f 4232 4233 4573
f 4233 4234 4574
f 4234 4235 4575
f 4235 4236 4576
f 4236 4237 4577
f 4237 4238 4578
f 4238 4239 4579
f 4239 4240 4580
f 4240 4241 4581
f 4241 4242 4582
f 4242 4243 4583
f 4243 4244 4584
f 4244 4245 4585
f 4245 4246 4586
f 4246 4247 4587
f 4247 4248 4588
f 4248 4249 4589
f 4249 4250 4590
f 4250 4251 4591
f 4251 4252 4592
f 4252 4253 4593
f 4253 4254 4594
f 4254 4255 4595
f 4255 4256 4596
f 4256 4257 4597
f 4257 4258 4598
f 4258 4259 4599
f 4259 4260 4600
f 4260 4261 4601
f 4261 4262 4602
f 4262 4263 4603
f 4263 4264 4604
f 4264 4265 4605
f 4265 4266 4606
f 4266 4267 4607
f 4267 4268 4608
f 4268 4269 4609
f 4269 4270 4610
f 4270 4271 4611
f 4271 4272 4612
f 4272 4273 4613
f 4273 4274 4614
f 4274 4275 4615
f 4275 4276 4616
f 4276 4277 4617
f 4277 4278 4618
f 4278 4279 4619
f 4279 4280 4620
f 4280 4281 4621
f 4281 4282 4622
f 4282 4283 4623
f 4283 4284 4624
f 4284 4285 4625
f 4285 4286 4626
f 4286 4287 4627
f 4287 4288 4628
f 4288 4289 4629
f 4289 4290 4630
f 4290 4291 4631
f 4291 4292 4632
f 4292 4293 4633
f 4293 4294 4634
f 4294 4295 4635
f 4295 4296 4636
f 4296 4297 4637
f 4297 4298 4638
f 4298 4299 4639
f 4299 4300 4640
f 4300 4301 4641
f 4301 4302 4642
f 4302 4303 4643
f 4303 4304 4644
f 4304 4305 4645
f 4305 4306 4646
f 4306 4307 4647
f 4307 4308 4648
f 4308 4309 4649
f 4309 4310 4650
f 4310 4311 4651
f 4311 4312 4652
f 4312 4313 4653
f 4313 4314 4654
f 4314 4315 4655
f 4315 4316 4656
f 4316 4317 4657
f 4317 4318 4658
f 4318 4319 4659
f 4319 4320 4660
f 4320 4321 4661
f 4321 4322 4662
f 4322 4323 4663
f 4323 4324 4664
f 4324 4325 4665
f 4325 4326 4666
f 4326 4327 4667
f 4327 4328 4668
f 4328 4329 4669
f 4329 4330 4670
f 4330 4331 4671
f 4331 4332 4672
f 4332 4333 4673
f 4333 4334 4674
f 4334 4335 4675
f 4335 4336 4676
f 4336 4337 4677
f 4337 4338 4678
f 4338 4339 4679
f 4339 4340 4680
f 4340 4341 4681
f 4341 4342 4682
f 4342 4343 4683
f 4343 4344 4684
f 4344 4345 4685
f 4345 4346 4686
f 4346 4347 4687
f 4347 4348 4688
f 4348 4349 4689
f 4349 4350 4690
f 4350 4351 4691
f 4351 4352 4692
f 4352 4353 4693
f 4353 4354 4694
f 4354 4355 4695
f 4355 4356 4696
f 4356 4357 4697
f 4357 4358 4698
f 4358 4359 4699
f 4359 4360 4700
f 4360 4361 4701
f 4361 4362 4702
f 4362 4363 4703
f 4363 4364 4704
f 4364 4365 4705
f 4365 4366 4706
f 4366 4367 4707
f 4367 4368 4708
f 4368 4369 4709
f 4369 4370 4710
f 4370 4371 4711
f 4371 4372 4712
f 4372 4373 4713
f 4373 4374 4714
f 4374 4375 4715
f 4375 4376 4716
f 4376 4377 4717
f 4377 4378 4718
f 4378 4379 4719
f 4379 4380 4720
f 4380 4381 4721
f 4381 4382 4722
f 4382 4383 4723
f 4383 4384 4724
f 4384 4385 4725
f 4385 4386 4726
f 4386 4387 4727
f 4387 4388 4728
f 4388 4389 4729
f 4389 4390 4730
f 4390 4391 4731
f 4391 4392 4732
f 4392 4393 4733
f 4393 4394 4734
f 4394 4395 4735
f 4395 4396 4736
f 4396 4397 4737
f 4397 4398 4738
f 4398 4399 4739
f 4399 4400 4740
f 4400 4401 4741
f 4401 4402 4742
f 4402 4403 4743
f 4403 4404 4744
f 4404 4405 4745
f 4405 4406 4746
f 4406 4407 4747
f 4407 4408 4748
f 4408 4409 4749
f 4409 4410 4750
f 4410 4411 4751
f 4411 4412 4752
f 4412 4413 4753
f 4413 4414 4754
f 4414 4415 4755
f 4415 4416 4756
f 4416 4417 4757
f 4417 4418 4758
f 4418 4419 4759
f 4419 4420 4760
f 4420 4421 4761
f 4421 4422 4762
f 4422 4423 4763
f 4423 4424 4764
f 4424 4425 4765
f 4425 4426 4766
f 4426 4427 4767
f 4427 4428 4768
f 4428 4429 4769
f 4429 4430 4770
f 4430 4431 4771
f 4431 4432 4772
f 4432 4433 4773
f 4433 4434 4774
f 4434 4435 4775
f 4435 4436 4776
f 4436 4437 4777
f 4437 4438 4778
f 4438 4439 4779
f 4439 4440 4780
f 4440 4441 4781
f 4441 4442 4782
f 4442 4443 4783
f 4443 4444 4784
f 4444 4445 4785
f 4445 4446 4786
f 4446 4447 4787
f 4447 4448 4788
f 4448 4449 4789
f 4449 4450 4790
f 4450 4451 4791
f 4451 4452 4792
f 4452 4453 4793
f 4453 4454 4794
f 4454 4455 4795
f 4455 4456 4796
f 4456 4457 4797
f 4457 4458 4798
f 4458 4459 4799
f 4459 4460 4800
f 4460 4461 4801
f 4461 4462 4802
f 4462 4463 4803
f 4463 4464 4804
f 4464 4465 4805
f 4465 4466 4806
f 4466 4467 4807
f 4467 4468 4808
f 4468 4469 4809
f 4469 4470 4810
f 4470 4471 4811
f 4471 4472 4812
f 4472 4473 4813
f 4473 4474 4814
f 4474 4169 4509
f 4169 4510 4509
f 4170 4511 4510
f 4171 4512 4511
f 4172 4513 4512
f 4173 4514 4513
f 4174 4515 4514
f 4175 4516 4515
f 4176 4517 4516
f 4177 4518 4517
f 4178 4519 4518
f 4179 4520 4519
f 4180 4521 4520
f 4181 4522 4521
f 4182 4523 4522
f 4183 4524 4523
f 4184 4525 4524
f 4185 4526 4525
f 4186 4527 4526
f 4187 4528 4527
f 4188 4529 4528
f 4189 4530 4529
f 4190 4531 4530
f 4191 4532 4531
f 4192 4533 4532
f 4193 4534 4533
f 4194 4535 4534
f 4195 4536 4535
f 4196 4537 4536
f 4197 4538 4537
f 4198 4539 4538
f 4199 4540 4539
f 4200 4541 4540
f 4201 4542 4541
f 4202 4543 4542
f 4203 4544 4543
f 4204 4545 4544
f 4205 4546 4545
f 4206 4547 4546
f 4207 4548 4547
f 4208 4549 4548
f 4209 4550 4549
f 4210 4551 4550
f 4211 4552 4551
f 4212 4553 4552
f 4213 4554 4553
f 4214 4555 4554
f 4215 4556 4555
f 4216 4557 4556
f 4217 4558 4557
f 4218 4559 4558
f 4219 4560 4559
f 4220 4561 4560
f 4221 4562 4561
f 4222 4563 4562
f 4223 4564 4563
f 4224 4565 4564
f 4225 4566 4565
f 4226 4567 4566
f 4227 4568 4567
f 4228 4569 4568
f 4229 4570 4569
f 4230 4571 4570
f 4231 4572 4571
f 4232 4573 4572
f 4233 4574 4573
f 4234 4575 4574
f 4235 4576 4575
f 4236 4577 4576
f 4237 4578 4577
f 4238 4579 4578
f 4239 4580 4579
f 4240 4581 4580
f 4241 4582 4581
f 4242 4583 4582
f 4243 4584 4583
f 4244 4585 4584
f 4245 4586 4585
f 4246 4587 4586
f 4247 4588 4587
f 4248 4589 4588
f 4249 4590 4589
f 4250 4591 4590
f 4251 4592 4591
f 4252 4593 4592
f 4253 4594 4593
f 4254 4595 4594
f 4255 4596 4595
f 4256 4597 4596
f 4257 4598 4597
f 4258 4599 4598
f 4259 4600 4599
f 4260 4601 4600
f 4261 4602 4601
f 4262 4603 4602
f 4263 4604 4603
f 4264 4605 4604
f 4265 4606 4605
f 4266 4607 4606
f 4267 4608 4607
f 4268 4609 4608
f 4269 4610 4609
f 4270 4611 4610
f 4271 4612 4611
f 4272 4613 4612
f 4273 4614 4613
f 4274 4615 4614
f 4275 4616 4615
f 4276 4617 4616
f 4277 4618 4617
f 4278 4619 4618
f 4279 4620 4619
f 4280 4621 4620
f 4281 4622 4621
f 4282 4623 4622
f 4283 4624 4623
f 4284 4625 4624
f 4285 4626 4625
f 4286 4627 4626
f 4287 4628 4627
f 4288 4629 4628
f 4289 4630 4629
f 4290 4631 4630
f 4291 4632 4631
f 4292 4633 4632
f 4293 4634 4633
f 4294 4635 4634
f 4295 4636 4635
f 4296 4637 4636
f 4297 4638 4637
f 4298 4639 4638
f 4299 4640 4639
f 4300 4641 4640
f 4301 4642 4641
f 4302 4643 4642
f 4303 4644 4643
f 4304 4645 4644
f 4305 4646 4645
f 4306 4647 4646
f 4307 4648 4647
f 4308 4649 4648
f 4309 4650 4649
f 4310 4651 4650
f 4311 4652 4651
f 4312 4653 4652
f 4313 4654 4653
f 4314 4655 4654
f 4315 4656 4655
f 4316 4657 4656
f 4317 4658 4657
f 4318 4659 4658
f 4319 4660 4659
f 4320 4661 4660
f 4321 4662 4661
f 4322 4663 4662
f 4323 4664 4663
f 4324 4665 4664
f 4325 4666 4665
f 4326 4667 4666
f 4327 4668 4667
f 4328 4669 4668
f 4329 4670 4669
f 4330 4671 4670
f 4331 4672 4671
f 4332 4673 4672
f 4333 4674 4673
f 4334 4675 4674
f 4335 4676 4675
f 4336 4677 4676
f 4337 4678 4677
f 4338 4679 4678
f 4339 4680 4679
f 4340 4681 4680
f 4341 4682 4681
f 4342 4683 4682
f 4343 4684 4683
f 4344 4685 4684
f 4345 4686 4685
f 4346 4687 4686
f 4347 4688 4687
f 4348 4689 4688
f 4349 4690 4689
f 4350 4691 4690
f 4351 4692 4691
f 4352 4693 4692
f 4353 4694 4693
f 4354 4695 4694
f 4355 4696 4695
f 4356 4697 4696
f 4357 4698 4697
f 4358 4699 4698
f 4359 4700 4699
f 4360 4701 4700
f 4361 4702 4701
f 4362 4703 4702
f 4363 4704 4703
f 4364 4705 4704
f 4365 4706 4705
f 4366 4707 4706
f 4367 4708 4707
f 4368 4709 4708
f 4369 4710 4709
f 4370 4711 4710
f 4371 4712 4711
f 4372 4713 4712
f 4373 4714 4713
f 4374 4715 4714
f 4375 4716 4715
f 4376 4717 4716
f 4377 4718 4717
f 4378 4719 4718
f 4379 4720 4719
f 4380 4721 4720
f 4381 4722 4721
f 4382 4723 4722
f 4383 4724 4723
f 4384 4725 4724
f 4385 4726 4725
f 4386 4727 4726
f 4387 4728 4727
f 4388 4729 4728
f 4389 4730 4729
f 4390 4731 4730
f 4391 4732 4731
f 4392 4733 4732
f 4393 4734 4733
f 4394 4735 4734
f 4395 4736 4735
f 4396 4737 4736
f 4397 4738 4737
f 4398 4739 4738
f 4399 4740 4739
f 4400 4741 4740
f 4401 4742 4741
f 4402 4743 4742
f 4403 4744 4743
f 4404 4745 4744
f 4405 4746 4745
f 4406 4747 4746
f 4407 4748 4747
f 4408 4749 4748
f 4409 4750 4749
f 4410 4751 4750
f 4411 4752 4751
f 4412 4753 4752
f 4413 4754 4753
f 4414 4755 4754
f 4415 4756 4755
f 4416 4757 4756
f 4417 4758 4757
f 4418 4759 4758
f 4419 4760 4759
f 4420 4761 4760
f 4421 4762 4761
f 4422 4763 4762
f 4423 4764 4763
f 4424 4765 4764
f 4425 4766 4765
f 4426 4767 4766
f 4427 4768 4767
f 4428 4769 4768
f 4429 4770 4769
f 4430 4771 4770
f 4431 4772 4771
f 4432 4773 4772
f 4433 4774 4773
f 4434 4775 4774
f 4435 4776 4775
f 4436 4777 4776
f 4437 4778 4777
f 4438 4779 4778
f 4439 4780 4779
f 4440 4781 4780
f 4441 4782 4781
f 4442 4783 4782
f 4443 4784 4783
f 4444 4785 4784
f 4445 4786 4785
f 4446 4787 4786
f 4447 4788 4787
f 4448 4789 4788
f 4449 4790 4789
f 4450 4791 4790
f 4451 4792 4791
f 4452 4793 4792
f 4453 4794 4793
f 4454 4795 4794
f 4455 4796 4795
f 4456 4797 4796
f 4457 4798 4797
f 4458 4799 4798
f 4459 4800 4799
f 4460 4801 4800
f 4461 4802 4801
f 4462 4803 4802
f 4463 4804 4803
f 4464 4805 4804
f 4465 4806 4805
f 4466 4807 4806
f 4467 4808 4807
f 4468 4809 4808
f 4469 4810 4809
f 4470 4811 4810
f 4471 4812 4811
f 4472 4813 4812
f 4473 4814 4813
f 4474 4509 4814
f 4509 4510 4850
f 4510 4511 4851
f 4511 4512 4852
f 4512 4513 4853
f 4513 4514 4854
f 4514 4515 4855
f 4515 4516 4856
f 4516 4517 4857
f 4517 4518 4858
f 4518 4519 4859
f 4519 4520 4860
f 4520 4521 4861
f 4521 4522 4862
f 4522 4523 4863
f 4523 4524 4864
f 4524 4525 4865
f 4525 4526 4866
f 4526 4527 4867
f 4527 4528 4868
f 4528 4529 4869
f 4529 4530 4870
f 4530 4531 4871
f 4531 4532 4872
f 4532 4533 4873
f 4533 4534 4874
f 4534 4535 4875
f 4535 4536 4876
f 4536 4537 4877
f 4537 4538 4878
f 4538 4539 4879
f 4539 4540 4880
f 4540 4541 4881
f 4541 4542 4882
f 4542 4543 4883
f 4543 4544 4884
f 4544 4545 4885
f 4545 4546 4886
f 4546 4547 4887
f 4547 4548 4888
f 4548 4549 4889
f 4549 4550 4890
f 4550 4551 4891
f 4551 4552 4892
f 4552 4553 4893
f 4553 4554 4894
f 4554 4555 4895
f 4555 4556 4896
f 4556 4557 4897
f 4557 4558 4898
f 4558 4559 4899
f 4559 4560 4900
f 4560 4561 4901
f 4561 4562 4902
f 4562 4563 4903
f 4563 4564 4904
f 4564 4565 4905
f 4565 4566 4906
f 4566 4567 4907
f 4567 4568 4908
f 4568 4569 4909
f 4569 4570 4910
f 4570 4571 4911
f 4571 4572 4912
f 4572 4573 4913
f 4573 4574 4914
f 4574 4575 4915
f 4575 4576 4916
f 4576 4577 4917
f 4577 4578 4918
f 4578 4579 4919
f 4579 4580 4920
f 4580 4581 4921
f 4581 4582 4922
f 4582 4583 4923
f 4583 4584 4924
f 4584 4585 4925
f 4585 4586 4926
f 4586 4587 4927
f 4587 4588 4928
f 4588 4589 4929
f 4589 4590 4930
f 4590 4591 4931
f 4591 4592 4932
f 4592 4593 4933
f 4593 4594 4934
f 4594 4595 4935
f 4595 4596 4936
f 4596 4597 4937
f 4597 4598 4938
f 4598 4599 4939
f 4599 4600 4940
f 4600 4601 4941
f 4601 4602 4942
f 4602 4603 4943
f 4603 4604 4944
f 4604 4605 4945
f 4605 4606 4946
f 4606 4607 4947
f 4607 4608 4948
f 4608 4609 4949
f 4609 4610 4950
f 4610 4611 4951
f 4611 4612 4952
f 4612 4613 4953
f 4613 4614 4954
f 4614 4615 4955
f 4615 4616 4956
f 4616 4617 4957
f 4617 4618 4958
f 4618 4619 4959
f 4619 4620 4960
f 4620 4621 4961
f 4621 4622 4962
f 4622 4623 4963
f 4623 4624 4964
f 4624 4625 4965
f 4625 4626 4966
f 4626 4627 4967
f 4627 4628 4968
f 4628 4629 4969
f 4629 4630 4970
f 4630 4631 4971
f 4631 4632 4972
f 4632 4633 4973
f 4633 4634 4974
f 4634 4635 4975
f 4635 4636 4976
f 4636 4637 4977
f 4637 4638 4978
f 4638 4639 4979
f 4639 4640 4980
f 4640 4641 4981
f 4641 4642 4982
f 4642 4643 4983
f 4643 4644 4984
f 4644 4645 4985
f 4645 4646 4986
f 4646 4647 4987
f 4647 4648 4988
f 4648 4649 4989
f 4649 4650 4990
f 4650 4651 4991
f 4651 4652 4992
f 4652 4653 4993
f 4653 4654 4994
f 4654 4655 4995
f 4655 4656 4996
f 4656 4657 4997
f 4657 4658 4998
f 4658 4659 4999
f 4659 4660 5000
f 4660 4661 5001
f 4661 4662 5002
f 4662 4663 5003
f 4663 4664 5004
f 4664 4665 5005
f 4665 4666 5006
f 4666 4667 5007
f 4667 4668 5008
f 4668 4669 5009
f 4669 4670 5010
f 4670 4671 5011
f 4671 4672 5012
f 4672 4673 5013
f 4673 4674 5014
f 4674 4675 5015
f 4675 4676 5016
f 4676 4677 5017
f 4677 4678 5018
f 4678 4679 5019
f 4679 4680 5020
f 4680 4681 5021
f 4681 4682 5022
f 4682 4683 5023
f 4683 4684 5024
f 4684 4685 5025
f 4685 4686 5026
f 4686 4687 5027
f 4687 4688 5028
f 4688 4689 5029
f 4689 4690 5030
f 4690 4691 5031
f 4691 4692 5032
f 4692 4693 5033
f 4693 4694 5034
f 4694 4695 5035
f 4695 4696 5036
f 4696 4697 5037
f 4697 4698 5038
f 4698 4699 5039
f 4699 4700 5040
f 4700 4701 5041
f 4701 4702 5042
f 4702 4703 5043
f 4703 4704 5044
f 4704 4705 5045
f 4705 4706 5046
f 4706 4707 5047
f 4707 4708 5048
f 4708 4709 5049
f 4709 4710 5050
f 4710 4711 5051
f 4711 4712 5052
f 4712 4713 5053
f 4713 4714 5054
f 4714 4715 5055
f 4715 4716 5056
f 4716 4717 5057
f 4717 4718 5058
f 4718 4719 5059
f 4719 4720 5060
f 4720 4721 5061
f 4721 4722 5062
f 4722 4723 5063
f 4723 4724 5064
f 4724 4725 5065
f 4725 4726 5066
f 4726 4727 5067
f 4727 4728 5068
f 4728 4729 5069
f 4729 4730 5070
f 4730 4731 5071
f 4731 4732 5072
f 4732 4733 5073
f 4733 4734 5074
f 4734 4735 5075
f 4735 4736 5076
f 4736 4737 5077
f 4737 4738 5078
f 4738 4739 5079
f 4739 4740 5080
f 4740 4741 5081
f 4741 4742 5082
f 4742 4743 5083
f 4743 4744 5084
f 4744 4745 5085
f 4745 4746 5086
f 4746 4747 5087
f 4747 4748 5088
f 4748 4749 5089
f 4749 4750 5090
f 4750 4751 5091
f 4751 4752 5092
f 4752 4753 5093
f 4753 4754 5094
f 4754 4755 5095
f 4755 4756 5096
f 4756 4757 5097
f 4757 4758 5098
f 4758 4759 5099
f 4759 4760 5100
f 4760 4761 5101
f 4761 4762 5102
f 4762 4763 5103
f 4763 4764 5104
f 4764 4765 5105
f 4765 4766 5106
f 4766 4767 5107
f 4767 4768 5108
f 4768 4769 5109
f 4769 4770 5110
f 4770 4771 5111
f 4771 4772 5112
f 4772 4773 5113
f 4773 4774 5114
f 4774 4775 5115
f 4775 4776 5116
f 4776 4777 5117
f 4777 4778 5118
f 4778 4779 5119
f 4779 4780 5120
f 4780 4781 5121
f 4781 4782 5122
f 4782 4783 5123
f 4783 4784 5124
f 4784 4785 5125
f 4785 4786 5126
f 4786 4787 5127
f 4787 4788 5128
f 4788 4789 5129
f 4789 4790 5130
f 4790 4791 5131
f 4791 4792 5132
f 4792 4793 5133
f 4793 4794 5134
f 4794 4795 5135
f 4795 4796 5136
f 4796 4797 5137
f 4797 4798 5138
f 4798 4799 5139
f 4799 4800 5140
f 4800 4801 5141
f 4801 4802 5142
f 4802 4803 5143
f 4803 4804 5144
f 4804 4805 5145
f 4805 4806 5146
f 4806 4807 5147
f 4807 4808 5148
f 4808 4809 5149
f 4809 4810 5150
f 4810 4811 5151
f 4811 4812 5152
f 4812 4813 5153
f 4813 4814 5154
f 4814 4509 4849
f 4509 4850 4849
f 4510 4851 4850
f 4511 4852 4851
f 4512 4853 4852
f 4513 4854 4853
f 4514 4855 4854
f 4515 4856 4855
f 4516 4857 4856
f 4517 4858 4857
f 4518 4859 4858
f 4519 4860 4859
f 4520 4861 4860
f 4521 4862 4861
f 4522 4863 4862
f 4523 4864 4863
f 4524 4865 4864
f 4525 4866 4865
f 4526 4867 4866
f 4527 4868 4867
f 4528 4869 4868
f 4529 4870 4869
f 4530 4871 4870
f 4531 4872 4871
f 4532 4873 4872
f 4533 4874 4873
f 4534 4875 4874
f 4535 4876 4875
f 4536 4877 4876
f 4537 4878 4877
f 4538 4879 4878
f 4539 4880 4879
f 4540 4881 4880
f 4541 4882 4881
f 4542 4883 4882
f 4543 4884 4883
f 4544 4885 4884
f 4545 4886 4885
f 4546 4887 4886
f 4547 4888 4887
f 4548 4889 4888
f 4549 4890 4889
f 4550 4891 4890
f 4551 4892 4891
f 4552 4893 4892
f 4553 4894 4893
f 4554 4895 4894
f 4555 4896 4895
f 4556 4897 4896
f 4557 4898 4897
f 4558 4899 4898
f 4559 4900 4899
f 4560 4901 4900
f 4561 4902 4901
f 4562 4903 4902
f 4563 4904 4903
f 4564 4905 4904
f 4565 4906 4905
f 4566 4907 4906
f 4567 4908 4907
f 4568 4909 4908
f 4569 4910 4909
f 4570 4911 4910
f 4571 4912 4911
f 4572 4913 4912
f 4573 4914 4913
f 4574 4915 4914
f 4575 4916 4915
f 4576 4917 4916
f 4577 4918 4917
f 4578 4919 4918
f 4579 4920 4919
f 4580 4921 4920
f 4581 4922 4921
f 4582 4923 4922
f 4583 4924 4923
f 4584 4925 4924
f 4585 4926 4925
f 4586 4927 4926
f 4587 4928 4927
f 4588 4929 4928
f 4589 4930 4929
f 4590 4931 4930
f 4591 4932 4931
f 4592 4933 4932
f 4593 4934 4933
f 4594 4935 4934
f 4595 4936 4935
f 4596 4937 4936
f 4597 4938 4937
f 4598 4939 4938
f 4599 4940 4939
f 4600 4941 4940
f 4601 4942 4941
f 4602 4943 4942
f 4603 4944 4943
f 4604 4945 4944
f 4605 4946 4945
f 4606 4947 4946
f 4607 4948 4947
f 4608 4949 4948
f 4609 4950 4949
f 4610 4951 4950
f 4611 4952 4951
f 4612 4953 4952
f 4613 4954 4953
f 4614 4955 4954
f 4615 4956 4955
f 4616 4957 4956
f 4617 4958 4957
f 4618 4959 4958
f 4619 4960 4959
f 4620 4961 4960
f 4621 4962 4961
f 4622 4963 4962
f 4623 4964 4963
f 4624 4965 4964
f 4625 4966 4965
f 4626 4967 4966
f 4627 4968 4967
f 4628 4969 4968
f 4629 4970 4969
f 4630 4971 4970
f 4631 4972 4971
f 4632 4973 4972
f 4633 4974 4973
f 4634 4975 4974
f 4635 4976 4975
f 4636 4977 4976
f 4637 4978 4977
f 4638 4979 4978
f 4639 4980 4979
f 4640 4981 4980
f 4641 4982 4981
f 4642 4983 4982
f 4643 4984 4983
f 4644 4985 4984
f 4645 4986 4985
f 4646 4987 4986
f 4647 4988 4987
f 4648 4989 4988
f 4649 4990 4989
f 4650 4991 4990
f 4651 4992 4991
f 4652 4993 4992
f 4653 4994 4993
f 4654 4995 4994
f 4655 4996 4995
f 4656 4997 4996
f 4657 4998 4997
f 4658 4999 4998
f 4659 5000 4999
f 4660 5001 5000
f 4661 5002 5001
f 4662 5003 5002
f 4663 5004 5003
f 4664 5005 5004
f 4665 5006 5005
f 4666 5007 5006
f 4667 5008 5007
f 4668 5009 5008
f 4669 5010 5009
f 4670 5011 5010
f 4671 5012 5011
f 4672 5013 5012
f 4673 5014 5013
f 4674 5015 5014
f 4675 5016 5015
f 4676 5017 5016
f 4677 5018 5017
f 4678 5019 5018
f 4679 5020 5019
f 4680 5021 5020
f 4681 5022 5021
f 4682 5023 5022
f 4683 5024 5023
f 4684 5025 5024
f 4685 5026 5025
f 4686 5027 5026
f 4687 5028 5027
f 4688 5029 5028
f 4689 5030 5029
f 4690 5031 5030
f 4691 5032 5031
f 4692 5033 5032
f 4693 5034 5033
f 4694 5035 5034
f 4695 5036 5035
f 4696 5037 5036
f 4697 5038 5037
f 4698 5039 5038
f 4699 5040 5039
f 4700 5041 5040
f 4701 5042 5041
f 4702 5043 5042
f 4703 5044 5043
f 4704 5045 5044
f 4705 5046 5045
f 4706 5047 5046
f 4707 5048 5047
f 4708 5049 5048
f 4709 5050 5049
f 4710 5051 5050
f 4711 5052 5051
f 4712 5053 5052
f 4713 5054 5053
f 4714 5055 5054
f 4715 5056 5055
f 4716 5057 5056
f 4717 5058 5057
f 4718 5059 5058
f 4719 5060 5059
f 4720 5061 5060
f 4721 5062 5061
f 4722 5063 5062
f 4723 5064 5063
f 4724 5065 5064
f 4725 5066 5065
f 4726 5067 5066
f 4727 5068 5067
f 4728 5069 5068
f 4729 5070 5069
f 4730 5071 5070
f 4731 5072 5071
f 4732 5073 5072
f 4733 5074 5073
f 4734 5075 5074
f 4735 5076 5075
f 4736 5077 5076
f 4737 5078 5077
f 4738 5079 5078
f 4739 5080 5079
f 4740 5081 5080
f 4741 5082 5081
f 4742 5083 5082
f 4743 5084 5083
f 4744 5085 5084
f 4745 5086 5085
f 4746 5087 5086
f 4747 5088 5087
f 4748 5089 5088
f 4749 5090 5089
f 4750 5091 5090
f 4751 5092 5091
f 4752 5093 5092
f 4753 5094 5093
f 4754 5095 5094
f 4755 5096 5095
f 4756 5097 5096
f 4757 5098 5097
f 4758 5099 5098
f 4759 5100 5099
f 4760 5101 5100
f 4761 5102 5101
f 4762 5103 5102
f 4763 5104 5103
f 4764 5105 5104
f 4765 5106 5105
f 4766 5107 5106
f 4767 5108 5107
f 4768 5109 5108
f 4769 5110 5109
f 4770 5111 5110
f 4771 5112 5111
f 4772 5113 5112
f 4773 5114 5113
f 4774 5115 5114
f 4775 5116 5115
f 4776 5117 5116
f 4777 5118 5117
f 4778 5119 5118
f 4779 5120 5119
f 4780 5121 5120
f 4781 5122 5121
f 4782 5123 5122
f 4783 5124 5123
f 4784 5125 5124
f 4785 5126 5125
f 4786 5127 5126
f 4787 5128 5127
f 4788 5129 5128
f 4789 5130 5129
f 4790 5131 5130
f 4791 5132 5131
f 4792 5133 5132
f 4793 5134 5133
f 4794 5135 5134
f 4795 5136 5135
f 4796 5137 5136
f 4797 5138 5137
f 4798 5139 5138
f 4799 5140 5139
f 4800 5141 5140
f 4801 5142 5141
f 4802 5143 5142
f 4803 5144 5143
f 4804 5145 5144
f 4805 5146 5145
f 4806 5147 5146
f 4807 5148 5147
f 4808 5149 5148
f 4809 5150 5149
f 4810 5151 5150
f 4811 5152 5151
f 4812 5153 5152
f 4813 5154 5153
f 4814 4849 5154
f 4849 4850 5190
f 4850 4851 5191
f 4851 4852 5192
f 4852 4853 5193
f 4853 4854 5194
f 4854 4855 5195
f 4855 4856 5196
f 4856 4857 5197
f 4857 4858 5198
f 4858 4859 5199
f 4859 4860 5200
f 4860 4861 5201
f 4861 4862 5202
f 4862 4863 5203
f 4863 4864 5204
f 4864 4865 5205
f 4865 4866 5206
f 4866 4867 5207
f 4867 4868 5208
f 4868 4869 5209
f 4869 4870 5210
f 4870 4871 5211
f 4871 4872 5212
f 4872 4873 5213
f 4873 4874 5214
f 4874 4875 5215
f 4875 4876 5216
f 4876 4877 5217
f 4877 4878 5218
f 4878 4879 5219
f 4879 4880 5220
f 4880 4881 5221
f 4881 4882 5222
f 4882 4883 5223
f 4883 4884 5224
f 4884 4885 5225
f 4885 4886 5226
f 4886 4887 5227
f 4887 4888 5228
f 4888 4889 5229
f 4889 4890 5230
f 4890 4891 5231
f 4891 4892 5232
f 4892 4893 5233
f 4893 4894 5234
f 4894 4895 5235
f 4895 4896 5236
f 4896 4897 5237
f 4897 4898 5238
f 4898 4899 5239
f 4899 4900 5240
f 4900 4901 5241
f 4901 4902 5242
f 4902 4903 5243
f 4903 4904 5244
f 4904 4905 5245
f 4905 4906 5246
f 4906 4907 5247
f 4907 4908 5248
f 4908 4909 5249
f 4909 4910 5250
f 4910 4911 5251
f 4911 4912 5252
f 4912 4913 5253
f 4913 4914 5254
f 4914 4915 5255
f 4915 4916 5256
f 4916 4917 5257
f 4917 4918 5258
f 4918 4919 5259
f 4919 4920 5260
f 4920 4921 5261
f 4921 4922 5262
f 4922 4923 5263
f 4923 4924 5264
f 4924 4925 5265
f 4925 4926 5266
f 4926 4927 5267
f 4927 4928 5268
f 4928 4929 5269
f 4929 4930 5270
f 4930 4931 5271
f 4931 4932 5272
f 4932 4933 5273
f 4933 4934 5274
f 4934 4935 5275
f 4935 4936 5276
f 4936 4937 5277
f 4937 4938 5278
f 4938 4939 5279
f 4939 4940 5280
f 4940 4941 5281
f 4941 4942 5282
f 4942 4943 5283
f 4943 4944 5284
f 4944 4945 5285
f 4945 4946 5286
f 4946 4947 5287
f 4947 4948 5288
f 4948 4949 5289
f 4949 4950 5290
f 4950 4951 5291
f 4951 4952 5292
f 4952 4953 5293
f 4953 4954 5294
f 4954 4955 5295
f 4955 4956 5296
f 4956 4957 5297
f 4957 4958 5298
f 4958 4959 5299
f 4959 4960 5300
f 4960 4961 5301
f 4961 4962 5302
f 4962 4963 5303
f 4963 4964 5304
f 4964 4965 5305
f 4965 4966 5306
f 4966 4967 5307
f 4967 4968 5308
f 4968 4969 5309
f 4969 4970 5310
f 4970 4971 5311
f 4971 4972 5312
f 4972 4973 5313
f 4973 4974 5314
f 4974 4975 5315
f 4975 4976 5316
f 4976 4977 5317
f 4977 4978 5318
f 4978 4979 5319
f 4979 4980 5320
f 4980 4981 5321
f 4981 4982 5322
f 4982 4983 5323
f 4983 4984 5324
f 4984 4985 5325
f 4985 4986 5326
f 4986 4987 5327
f 4987 4988 5328
f 4988 4989 5329
f 4989 4990 5330
f 4990 4991 5331
f 4991 4992 5332
f 4992 4993 5333
f 4993 4994 5334
f 4994 4995 5335
f 4995 4996 5336
f 4996 4997 5337
f 4997 4998 5338
f 4998 4999 5339
f 4999 5000 5340
f 5000 5001 5341
f 5001 5002 5342
f 5002 5003 5343
f 5003 5004 5344
f 5004 5005 5345
f 5005 5006 5346
f 5006 5007 5347
f 5007 5008 5348
f 5008 5009 5349
f 5009 5010 5350
f 5010 5011 5351
f 5011 5012 5352
f 5012 5013 5353
f 5013 5014 5354
f 5014 5015 5355
f 5015 5016 5356
f 5016 5017 5357
f 5017 5018 5358
f 5018 5019 5359
f 5019 5020 5360
f 5020 5021 5361
f 5021 5022 5362
f 5022 5023 5363
f 5023 5024 5364
f 5024 5025 5365
f 5025 5026 5366
f 5026 5027 5367
f 5027 5028 5368
f 5028 5029 5369
f 5029 5030 5370
f 5030 5031 5371
f 5031 5032 5372
f 5032 5033 5373
f 5033 5034 5374
f 5034 5035 5375
f 5035 5036 5376
f 5036 5037 5377
f 5037 5038 5378
f 5038 5039 5379
f 5039 5040 5380
f 5040 5041 5381
f 5041 5042 5382
f 5042 5043 5383
f 5043 5044 5384
f 5044 5045 5385
f 5045 5046 5386
f 5046 5047 5387
f 5047 5048 5388
f 5048 5049 5389
f 5049 5050 5390
f 5050 5051 5391
f 5051 5052 5392
f 5052 5053 5393
f 5053 5054 5394
f 5054 5055 5395
f 5055 5056 5396
f 5056 5057 5397
f 5057 5058 5398
f 5058 5059 5399
f 5059 5060 5400
f 5060 5061 5401
f 5061 5062 5402
f 5062 5063 5403
f 5063 5064 5404
f 5064 5065 5405
f 5065 5066 5406
f 5066 5067 5407
f 5067 5068 5408
f 5068 5069 5409
f 5069 5070 5410
f 5070 5071 5411
f 5071 5072 5412
f 5072 5073 5413
f 5073 5074 5414
f 5074 5075 5415
f 5075 5076 5416
f 5076 5077 5417
f 5077 5078 5418
f 5078 5079 5419
f 5079 5080 5420
f 5080 5081 5421
f 5081 5082 5422
f 5082 5083 5423
f 5083 5084 5424
f 5084 5085 5425
f 5085 5086 5426
f 5086 5087 5427
f 5087 5088 5428
f 5088 5089 5429
f 5089 5090 5430
f 5090 5091 5431
f 5091 5092 5432
f 5092 5093 5433
f 5093 5094 5434
f 5094 5095 5435
f 5095 5096 5436
f 5096 5097 5437
f 5097 5098 5438
f 5098 5099 5439
f 5099 5100 5440
f 5100 5101 5441
f 5101 5102 5442
f 5102 5103 5443
f 5103 5104 5444
f 5104 5105 5445
f 5105 5106 5446
f 5106 5107 5447
f 5107 5108 5448
f 5108 5109 5449
f 5109 5110 5450
f 5110 5111 5451
f 5111 5112 5452
f 5112 5113 5453
f 5113 5114 5454
f 5114 5115 5455
f 5115 5116 5456
f 5116 5117 5457
f 5117 5118 5458
f 5118 5119 5459
f 5119 5120 5460
f 5120 5121 5461
f 5121 5122 5462
f 5122 5123 5463
f 5123 5124 5464
f 5124 5125 5465
f 5125 5126 5466
f 5126 5127 5467
f 5127 5128 5468
f 5128 5129 5469
f 5129 5130 5470
f 5130 5131 5471
f 5131 5132 5472
f 5132 5133 5473
f 5133 5134 5474
f 5134 5135 5475
f 5135 5136 5476
f 5136 5137 5477
f 5137 5138 5478
f 5138 5139 5479
f 5139 5140 5480
f 5140 5141 5481
f 5141 5142 5482
f 5142 5143 5483
f 5143 5144 5484
f 5144 5145 5485
f 5145 5146 5486
f 5146 5147 5487
f 5147 5148 5488
f 5148 5149 5489
f 5149 5150 5490
f 5150 5151 5491
f 5151 5152 5492
f 5152 5153 5493
f 5153 5154 5494
f 5154 4849 5189
f 4849 5190 5189
f 4850 5191 5190
f 4851 5192 5191
f 4852 5193 5192
f 4853 5194 5193
f 4854 5195 5194
f 4855 5196 5195
f 4856 5197 5196
f 4857 5198 5197
f 4858 5199 5198
f 4859 5200 5199
f 4860 5201 5200
f 4861 5202 5201
f 4862 5203 5202
f 4863 5204 5203
f 4864 5205 5204
f 4865 5206 5205
f 4866 5207 5206
f 4867 5208 5207
f 4868 5209 5208
f 4869 5210 5209
f 4870 5211 5210
f 4871 5212 5211
f 4872 5213 5212
f 4873 5214 5213
f 4874 5215 5214
f 4875 5216 5215
f 4876 5217 5216
f 4877 5218 5217
f 4878 5219 5218
f 4879 5220 5219
f 4880 5221 5220
f 4881 5222 5221
f 4882 5223 5222
f 4883 5224 5223
f 4884 5225 5224
f 4885 5226 5225
f 4886 5227 5226
f 4887 5228 5227
f 4888 5229 5228
f 4889 5230 5229
f 4890 5231 5230
f 4891 5232 5231
f 4892 5233 5232
f 4893 5234 5233
f 4894 5235 5234
f 4895 5236 5235
f 4896 5237 5236
f 4897 5238 5237
f 4898 5239 5238
f 4899 5240 5239
f 4900 5241 5240
f 4901 5242 5241
f 4902 5243 5242
f 4903 5244 5243
f 4904 5245 5244
f 4905 5246 5245
f 4906 5247 5246
f 4907 5248 5247
f 4908 5249 5248
f 4909 5250 5249
f 4910 5251 5250
f 4911 5252 5251
f 4912 5253 5252
f 4913 5254 5253
f 4914 5255 5254
f 4915 5256 5255
f 4916 5257 5256
f 4917 5258 5257
f 4918 5259 5258
f 4919 5260 5259
f 4920 5261 5260
f 4921 5262 5261
f 4922 5263 5262
f 4923 5264 5263
f 4924 5265 5264
f 4925 5266 5265
f 4926 5267 5266
f 4927 5268 5267
f 4928 5269 5268
f 4929 5270 5269
f 4930 5271 5270
f 4931 5272 5271
f 4932 5273 5272
f 4933 5274 5273
f 4934 5275 5274
f 4935 5276 5275
f 4936 5277 5276
f 4937 5278 5277
f 4938 5279 5278
f 4939 5280 5279
f 4940 5281 5280
f 4941 5282 5281
f 4942 5283 5282
f 4943 5284 5283
f 4944 5285 5284
f 4945 5286 5285
f 4946 5287 5286
f 4947 5288 5287
f 4948 5289 5288
f 4949 5290 5289
f 4950 5291 5290
f 4951 5292 5291
f 4952 5293 5292
f 4953 5294 5293
f 4954 5295 5294
f 4955 5296 5295
f 4956 5297 5296
f 4957 5298 5297
f 4958 5299 5298
f 4959 5300 5299
f 4960 5301 5300
f 4961 5302 5301
f 4962 5303 5302
f 4963 5304 5303
f 4964 5305 5304
f 4965 5306 5305
f 4966 5307 5306
f 4967 5308 5307
f 4968 5309 5308
f 4969 5310 5309
f 4970 5311 5310
f 4971 5312 5311
f 4972 5313 5312
f 4973 5314 5313
f 4974 5315 5314
f 4975 5316 5315
f 4976 5317 5316
f 4977 5318 5317
f 4978 5319 5318
f 4979 5320 5319
f 4980 5321 5320
f 4981 5322 5321
f 4982 5323 5322
f 4983 5324 5323
f 4984 5325 5324
f 4985 5326 5325
f 4986 5327 5326
f 4987 5328 5327
f 4988 5329 5328
f 4989 5330 5329
f 4990 5331 5330
f 4991 5332 5331
f 4992 5333 5332
f 4993 5334 5333
f 4994 5335 5334
f 4995 5336 5335
f 4996 5337 5336
f 4997 5338 5337
f 4998 5339 5338
f 4999 5340 5339
f 5000 5341 5340
f 5001 5342 5341
f 5002 5343 5342
f 5003 5344 5343
f 5004 5345 5344
f 5005 5346 5345
f 5006 5347 5346
f 5007 5348 5347
f 5008 5349 5348
f 5009 5350 5349
f 5010 5351 5350
f 5011 5352 5351
f 5012 5353 5352
f 5013 5354 5353
f 5014 5355 5354
f 5015 5356 5355
f 5016 5357 5356
f 5017 5358 5357
f 5018 5359 5358
f 5019 5360 5359
f 5020 5361 5360
f 5021 5362 5361
f 5022 5363 5362
f 5023 5364 5363
f 5024 5365 5364
f 5025 5366 5365
f 5026 5367 5366
f 5027 5368 5367
f 5028 5369 5368
f 5029 5370 5369
f 5030 5371 5370
f 5031 5372 5371
f 5032 5373 5372
f 5033 5374 5373
f 5034 5375 5374
f 5035 5376 5375
f 5036 5377 5376
f 5037 5378 5377
f 5038 5379 5378
f 5039 5380 5379
f 5040 5381 5380
f 5041 5382 5381
f 5042 5383 5382
f 5043 5384 5383
f 5044 5385 5384
f 5045 5386 5385
f 5046 5387 5386
f 5047 5388 5387
f 5048 5389 5388
f 5049 5390 5389
f 5050 5391 5390
f 5051 5392 5391
f 5052 5393 5392
f 5053 5394 5393
f 5054 5395 5394
f 5055 5396 5395
f 5056 5397 5396
f 5057 5398 5397
f 5058 5399 5398
f 5059 5400 5399
f 5060 5401 5400
f 5061 5402 5401
f 5062 5403 5402
f 5063 5404 5403
f 5064 5405 5404
f 5065 5406 5405
f 5066 5407 5406
f 5067 5408 5407
f 5068 5409 5408
f 5069 5410 5409
f 5070 5411 5410
f 5071 5412 5411
f 5072 5413 5412
f 5073 5414 5413
f 5074 5415 5414
f 5075 5416 5415
f 5076 5417 5416
f 5077 5418 5417
f 5078 5419 5418
f 5079 5420 5419
f 5080 5421 5420
f 5081 5422 5421
f 5082 5423 5422
f 5083 5424 5423
f 5084 5425 5424
f 5085 5426 5425
f 5086 5427 5426
f 5087 5428 5427
f 5088 5429 5428
f 5089 5430 5429
f 5090 5431 5430
f 5091 5432 5431
f 5092 5433 5432
f 5093 5434 5433
f 5094 5435 5434
f 5095 5436 5435
f 5096 5437 5436
f 5097 5438 5437
f 5098 5439 5438
f 5099 5440 5439
f 5100 5441 5440
f 5101 5442 5441
f 5102 5443 5442
f 5103 5444 5443
f 5104 5445 5444
f 5105 5446 5445
f 5106 5447 5446
f 5107 5448 5447
f 5108 5449 5448
f 5109 5450 5449
f 5110 5451 5450
f 5111 5452 5451
f 5112 5453 5452
f 5113 5454 5453
f 5114 5455 5454
f 5115 5456 5455
f 5116 5457 5456
f 5117 5458 5457
f 5118 5459 5458
f 5119 5460 5459
f 5120 5461 5460
f 5121 5462 5461
f 5122 5463 5462
f 5123 5464 5463
f 5124 5465 5464
f 5125 5466 5465
f 5126 5467 5466
f 5127 5468 5467
f 5128 5469 5468
f 5129 5470 5469
f 5130 5471 5470
f 5131 5472 5471
f 5132 5473 5472
f 5133 5474 5473
f 5134 5475 5474
f 5135 5476 5475
f 5136 5477 5476
f 5137 5478 5477
f 5138 5479 5478
f 5139 5480 5479
f 5140 5481 5480
f 5141 5482 5481
f 5142 5483 5482
f 5143 5484 5483
f 5144 5485 5484
f 5145 5486 5485
f 5146 5487 5486
f 5147 5488 5487
f 5148 5489 5488
f 5149 5490 5489
f 5150 5491 5490
f 5151 5492 5491
f 5152 5493 5492
f 5153 5494 5493
f 5154 5189 5494
f 5189 5190 5530
f 5190 5191 5531
f 5191 5192 5532
f 5192 5193 5533
f 5193 5194 5534
f 5194 5195 5535
f 5195 5196 5536
f 5196 5197 5537
f 5197 5198 5538
f 5198 5199 5539
f 5199 5200 5540
f 5200 5201 5541
f 5201 5202 5542
f 5202 5203 5543
f 5203 5204 5544
f 5204 5205 5545
f 5205 5206 5546
f 5206 5207 5547
f 5207 5208 5548
f 5208 5209 5549
f 5209 5210 5550
f 5210 5211 5551
f 5211 5212 5552
f 5212 5213 5553
f 5213 5214 5554
f 5214 5215 5555
f 5215 5216 5556
f 5216 5217 5557
f 5217 5218 5558
f 5218 5219 5559
f 5219 5220 5560
f 5220 5221 5561
f 5221 5222 5562
f 5222 5223 5563
f 5223 5224 5564
f 5224 5225 5565
f 5225 5226 5566
f 5226 5227 5567
f 5227 5228 5568
f 5228 5229 5569
f 5229 5230 5570
f 5230 5231 5571
f 5231 5232 5572
f 5232 5233 5573
f 5233 5234 5574
f 5234 5235 5575
f 5235 5236 5576
f 5236 5237 5577
f 5237 5238 5578
f 5238 5239 5579
f 5239 5240 5580
f 5240 5241 5581
f 5241 5242 5582
f 5242 5243 5583
f 5243 5244 5584
f 5244 5245 5585
f 5245 5246 5586
f 5246 5247 5587
f 5247 5248 5588
f 5248 5249 5589
f 5249 5250 5590
f 5250 5251 5591
f 5251 5252 5592
f 5252 5253 5593
f 5253 5254 5594
f 5254 5255 5595
f 5255 5256 5596
f 5256 5257 5597
f 5257 5258 5598
f 5258 5259 5599
f 5259 5260 5600
f 5260 5261 5601
f 5261 5262 5602
f 5262 5263 5603
f 5263 5264 5604
f 5264 5265 5605
f 5265 5266 5606
f 5266 5267 5607
f 5267 5268 5608
f 5268 5269 5609
f 5269 5270 5610
f 5270 5271 5611
f 5271 5272 5612
f 5272 5273 5613
f 5273 5274 5614
f 5274 5275 5615
f 5275 5276 5616
f 5276 5277 5617
f 5277 5278 5618
f 5278 5279 5619
f 5279 5280 5620
f 5280 5281 5621
f 5281 5282 5622
f 5282 5283 5623
f 5283 5284 5624
f 5284 5285 5625
f 5285 5286 5626
f 5286 5287 5627
f 5287 5288 5628
f 5288 5289 5629
f 5289 5290 5630
f 5290 5291 5631
f 5291 5292 5632
f 5292 5293 5633
f 5293 5294 5634
f 5294 5295 5635
f 5295 5296 5636
f 5296 5297 5637
f 5297 5298 5638
f 5298 5299 5639
f 5299 5300 5640
f 5300 5301 5641
f 5301 5302 5642
f 5302 5303 5643
f 5303 5304 5644
f 5304 5305 5645
f 5305 5306 5646
f 5306 5307 5647
f 5307 5308 5648
f 5308 5309 5649
f 5309 5310 5650
f 5310 5311 5651
f 5311 5312 5652
f 5312 5313 5653
f 5313 5314 5654
f 5314 5315 5655
f 5315 5316 5656
f 5316 5317 5657
f 5317 5318 5658
f 5318 5319 5659
f 5319 5320 5660
f 5320 5321 5661
f 5321 5322 5662
f 5322 5323 5663
f 5323 5324 5664
f 5324 5325 5665
f 5325 5326 5666
f 5326 5327 5667
f 5327 5328 5668
f 5328 5329 5669
f 5329 5330 5670
f 5330 5331 5671
f 5331 5332 5672
f 5332 5333 5673
f 5333 5334 5674
f 5334 5335 5675
f 5335 5336 5676
f 5336 5337 5677
f 5337 5338 5678
f 5338 5339 5679
f 5339 5340 5680
f 5340 5341 5681
f 5341 5342 5682
f 5342 5343 5683
f 5343 5344 5684
f 5344 5345 5685
f 5345 5346 5686
f 5346 5347 5687
f 5347 5348 5688
f 5348 5349 5689
f 5349 5350 5690
f 5350 5351 5691
f 5351 5352 5692
f 5352 5353 5693
f 5353 5354 5694
f 5354 5355 5695
f 5355 5356 5696
f 5356 5357 5697
f 5357 5358 5698
f 5358 5359 5699
f 5359 5360 5700
f 5360 5361 5701
f 5361 5362 5702
f 5362 5363 5703
f 5363 5364 5704
f 5364 5365 5705
f 5365 5366 5706
f 5366 5367 5707
f 5367 5368 5708
f 5368 5369 5709
f 5369 5370 5710
f 5370 5371 5711
f 5371 5372 5712
f 5372 5373 5713
f 5373 5374 5714
f 5374 5375 5715
f 5375 5376 5716
f 5376 5377 5717
f 5377 5378 5718
f 5378 5379 5719
f 5379 5380 5720
f 5380 5381 5721
f 5381 5382 5722
f 5382 5383 5723
f 5383 5384 5724
f 5384 5385 5725
f 5385 5386 5726
f 5386 5387 5727
f 5387 5388 5728
f 5388 5389 5729
f 5389 5390 5730
f 5390 5391 5731
f 5391 5392 5732
f 5392 5393 5733
f 5393 5394 5734
f 5394 5395 5735
f 5395 5396 5736
f 5396 5397 5737
f 5397 5398 5738
f 5398 5399 5739
f 5399 5400 5740
f 5400 5401 5741
f 5401 5402 5742
f 5402 5403 5743
f 5403 5404 5744
f 5404 5405 5745
f 5405 5406 5746
f 5406 5407 5747
f 5407 5408 5748
f 5408 5409 5749
f 5409 5410 5750
f 5410 5411 5751
f 5411 5412 5752
f 5412 5413 5753
f 5413 5414 5754
f 5414 5415 5755
f 5415 5416 5756
f 5416 5417 5757
f 5417 5418 5758
f 5418 5419 5759
f 5419 5420 5760
f 5420 5421 5761
f 5421 5422 5762
f 5422 5423 5763
f 5423 5424 5764
f 5424 5425 5765
f 5425 5426 5766
f 5426 5427 5767
f 5427 5428 5768
f 5428 5429 5769
f 5429 5430 5770
f 5430 5431 5771
f 5431 5432 5772
f 5432 5433 5773
f 5433 5434 5774
f 5434 5435 5775
f 5435 5436 5776
f 5436 5437 5777
f 5437 5438 5778
f 5438 5439 5779
f 5439 5440 5780
f 5440 5441 5781
f 5441 5442 5782
f 5442 5443 5783
f 5443 5444 5784
f 5444 5445 5785
f 5445 5446 5786
f 5446 5447 5787
f 5447 5448 5788
f 5448 5449 5789
f 5449 5450 5790
f 5450 5451 5791
f 5451 5452 5792
f 5452 5453 5793
f 5453 5454 5794
f 5454 5455 5795
f 5455 5456 5796
f 5456 5457 5797
f 5457 5458 5798
f 5458 5459 5799
f 5459 5460 5800
f 5460 5461 5801
f 5461 5462 5802
f 5462 5463 5803
f 5463 5464 5804
f 5464 5465 5805
f 5465 5466 5806
f 5466 5467 5807
f 5467 5468 5808
f 5468 5469 5809
f 5469 5470 5810
f 5470 5471 5811
f 5471 5472 5812
f 5472 5473 5813
f 5473 5474 5814
f 5474 5475 5815
f 5475 5476 5816
f 5476 5477 5817
f 5477 5478 5818
f 5478 5479 5819
f 5479 5480 5820
f 5480 5481 5821
f 5481 5482 5822
f 5482 5483 5823
f 5483 5484 5824
f 5484 5485 5825
f 5485 5486 5826
f 5486 5487 5827
f 5487 5488 5828
f 5488 5489 5829
f 5489 5490 5830
f 5490 5491 5831
f 5491 5492 5832
f 5492 5493 5833
f 5493 5494 5834
f 5494 5189 5529
f 5189 5530 5529
f 5190 5531 5530
f 5191 5532 5531
f 5192 5533 5532
f 5193 5534 5533
f 5194 5535 5534
f 5195 5536 5535
f 5196 5537 5536
f 5197 5538 5537
f 5198 5539 5538
f 5199 5540 5539
f 5200 5541 5540
f 5201 5542 5541
f 5202 5543 5542
f 5203 5544 5543
f 5204 5545 5544
f 5205 5546 5545
f 5206 5547 5546
f 5207 5548 5547
f 5208 5549 5548
f 5209 5550 5549
f 5210 5551 5550
f 5211 5552 5551
f 5212 5553 5552
f 5213 5554 5553
f 5214 5555 5554
f 5215 5556 5555
f 5216 5557 5556
f 5217 5558 5557
f 5218 5559 5558
f 5219 5560 5559
f 5220 5561 5560
f 5221 5562 5561
f 5222 5563 5562
f 5223 5564 5563
f 5224 5565 5564
f 5225 5566 5565
f 5226 5567 5566
f 5227 5568 5567
f 5228 5569 5568
f 5229 5570 5569
f 5230 5571 5570
f 5231 5572 5571
f 5232 5573 5572
f 5233 5574 5573
f 5234 5575 5574
f 5235 5576 5575
f 5236 5577 5576
f 5237 5578 5577
f 5238 5579 5578
f 5239 5580 5579
f 5240 5581 5580
f 5241 5582 5581
f 5242 5583 5582
f 5243 5584 5583
f 5244 5585 5584
f 5245 5586 5585
f 5246 5587 5586
f 5247 5588 5587
f 5248 5589 5588
f 5249 5590 5589
f 5250 5591 5590
f 5251 5592 5591
f 5252 5593 5592
f 5253 5594 5593
f 5254 5595 5594
f 5255 5596 5595
f 5256 5597 5596
f 5257 5598 5597
f 5258 5599 5598
f 5259 5600 5599
f 5260 5601 5600
f 5261 5602 5601
f 5262 5603 5602
f 5263 5604 5603
f 5264 5605 5604
f 5265 5606 5605
f 5266 5607 5606
f 5267 5608 5607
f 5268 5609 5608
f 5269 5610 5609
f 5270 5611 5610
f 5271 5612 5611
f 5272 5613 5612
f 5273 5614 5613
f 5274 5615 5614
f 5275 5616 5615
f 5276 5617 5616
f 5277 5618 5617
f 5278 5619 5618
f 5279 5620 5619
f 5280 5621 5620
f 5281 5622 5621
f 5282 5623 5622
f 5283 5624 5623
f 5284 5625 5624
f 5285 5626 5625
f 5286 5627 5626
f 5287 5628 5627
f 5288 5629 5628
f 5289 5630 5629
f 5290 5631 5630
f 5291 5632 5631
f 5292 5633 5632
f 5293 5634 5633
f 5294 5635 5634
f 5295 5636 5635
f 5296 5637 5636
f 5297 5638 5637
f 5298 5639 5638
f 5299 5640 5639
f 5300 5641 5640
f 5301 5642 5641
f 5302 5643 5642
f 5303 5644 5643
f 5304 5645 5644
f 5305 5646 5645
f 5306 5647 5646
f 5307 5648 5647
f 5308 5649 5648
f 5309 5650 5649
f 5310 5651 5650
f 5311 5652 5651
f 5312 5653 5652
f 5313 5654 5653
f 5314 5655 5654
f 5315 5656 5655
f 5316 5657 5656
f 5317 5658 5657
f 5318 5659 5658
f 5319 5660 5659
f 5320 5661 5660
f 5321 5662 5661
f 5322 5663 5662
f 5323 5664 5663
f 5324 5665 5664
f 5325 5666 5665
f 5326 5667 5666
f 5327 5668 5667
f 5328 5669 5668
f 5329 5670 5669
f 5330 5671 5670
f 5331 5672 5671
f 5332 5673 5672
f 5333 5674 5673
f 5334 5675 5674
f 5335 5676 5675
f 5336 5677 5676
f 5337 5678 5677
f 5338 5679 5678
f 5339 5680 5679
f 5340 5681 5680
f 5341 5682 5681
f 5342 5683 5682
f 5343 5684 5683
f 5344 5685 5684
f 5345 5686 5685
f 5346 5687 5686
f 5347 5688 5687
f 5348 5689 5688
f 5349 5690 5689
f 5350 5691 5690
f 5351 5692 5691
f 5352 5693 5692
f 5353 5694 5693
f 5354 5695 5694
f 5355 5696 5695
f 5356 5697 5696
f 5357 5698 5697
f 5358 5699 5698
f 5359 5700 5699
f 5360 5701 5700
f 5361 5702 5701
f 5362 5703 5702
f 5363 5704 5703
f 5364 5705 5704
f 5365 5706 5705
f 5366 5707 5706
f 5367 5708 5707
f 5368 5709 5708
f 5369 5710 5709
f 5370 5711 5710
f 5371 5712 5711
f 5372 5713 5712
f 5373 5714 5713
f 5374 5715 5714
f 5375 5716 5715
f 5376 5717 5716
f 5377 5718 5717
f 5378 5719 5718
f 5379 5720 5719
f 5380 5721 5720
f 5381 5722 5721
f 5382 5723 5722
f 5383 5724 5723
f 5384 5725 5724
f 5385 5726 5725
f 5386 5727 5726
f 5387 5728 5727
f 5388 5729 5728
f 5389 5730 5729
f 5390 5731 5730
f 5391 5732 5731
f 5392 5733 5732
f 5393 5734 5733
f 5394 5735 5734
f 5395 5736 5735
f 5396 5737 5736
f 5397 5738 5737
f 5398 5739 5738
f 5399 5740 5739
f 5400 5741 5740
f 5401 5742 5741
f 5402 5743 5742
f 5403 5744 5743
f 5404 5745 5744
f 5405 5746 5745
f 5406 5747 5746
f 5407 5748 5747
f 5408 5749 5748
f 5409 5750 5749
f 5410 5751 5750
f 5411 5752 5751
f 5412 5753 5752
f 5413 5754 5753
f 5414 5755 5754
f 5415 5756 5755
f 5416 5757 5756
f 5417 5758 5757
f 5418 5759 5758
f 5419 5760 5759
f 5420 5761 5760
f 5421 5762 5761
f 5422 5763 5762
f 5423 5764 5763
f 5424 5765 5764
f 5425 5766 5765
f 5426 5767 5766
f 5427 5768 5767
f 5428 5769 5768
f 5429 5770 5769
f 5430 5771 5770
f 5431 5772 5771
f 5432 5773 5772
f 5433 5774 5773
f 5434 5775 5774
f 5435 5776 5775
f 5436 5777 5776
f 5437 5778 5777
f 5438 5779 5778
f 5439 5780 5779
f 5440 5781 5780
f 5441 5782 5781
f 5442 5783 5782
f 5443 5784 5783
f 5444 5785 5784
f 5445 5786 5785
f 5446 5787 5786
f 5447 5788 5787
f 5448 5789 5788
f 5449 5790 5789
f 5450 5791 5790
f 5451 5792 5791
f 5452 5793 5792
f 5453 5794 5793
f 5454 5795 5794
f 5455 5796 5795
f 5456 5797 5796
f 5457 5798 5797
f 5458 5799 5798
f 5459 5800 5799
f 5460 5801 5800
f 5461 5802 5801
f 5462 5803 5802
f 5463 5804 5803
f 5464 5805 5804
f 5465 5806 5805
f 5466 5807 5806
f 5467 5808 5807
f 5468 5809 5808
f 5469 5810 5809
f 5470 5811 5810
f 5471 5812 5811
f 5472 5813 5812
f 5473 5814 5813
f 5474 5815 5814
f 5475 5816 5815
f 5476 5817 5816
f 5477 5818 5817
f 5478 5819 5818
f 5479 5820 5819
f 5480 5821 5820
f 5481 5822 5821
f 5482 5823 5822
f 5483 5824 5823
f 5484 5825 5824
f 5485 5826 5825
f 5486 5827 5826
f 5487 5828 5827
f 5488 5829 5828
f 5489 5830 5829
f 5490 5831 5830
f 5491 5832 5831
f 5492 5833 5832
f 5493 5834 5833
f 5494 5529 5834
f 5529 5530 1746
f 5530 5531 1747
f 5531 5532 1748
f 5532 5533 1749
f 5533 5534 1750
f 5534 5535 1751
f 5535 5536 1752
f 5536 5537 1753
f 5537 5538 1754
f 5538 5539 1755
f 5539 5540 1756
f 5540 5541 1757
f 5541 5542 1758
f 5542 5543 1759
f 5543 5544 1760
f 5544 5545 1761
f 5545 5546 1762
f 5546 5547 1763
f 5547 5548 1764
f 5548 5549 1765
f 5549 5550 1766
f 5550 5551 1767
f 5551 5552 1768
f 5552 5553 1769
f 5553 5554 1770
f 5554 5555 1771
f 5555 5556 1772
f 5556 5557 1773
f 5557 5558 1774
f 5558 5559 1775
f 5559 5560 1776
f 5560 5561 1777
f 5561 5562 1778
f 5562 5563 1779
f 5563 5564 1780
f 5564 5565 1781
f 5565 5566 1782
f 5566 5567 1783
f 5567 5568 1784
f 5568 5569 1785
f 5569 5570 1786
f 5570 5571 1787
f 5571 5572 1788
f 5572 5573 1789
f 5573 5574 1790
f 5574 5575 1791
f 5575 5576 1792
f 5576 5577 1793
f 5577 5578 1794
f 5578 5579 1795
f 5579 5580 1796
f 5580 5581 1797
f 5581 5582 1798
f 5582 5583 1799
f 5583 5584 1800
f 5584 5585 1801
f 5585 5586 1802
f 5586 5587 1803
f 5587 5588 1804
f 5588 5589 1805
f 5589 5590 1806
f 5590 5591 1807
f 5591 5592 1808
f 5592 5593 1809
f 5593 5594 1810
f 5594 5595 1811
f 5595 5596 1812
f 5596 5597 1813
f 5597 5598 1814
f 5598 5599 1815
f 5599 5600 1816
f 5600 5601 1817
f 5601 5602 1818
f 5602 5603 1819
f 5603 5604 1820
f 5604 5605 1821
f 5605 5606 1822
f 5606 5607 1823
f 5607 5608 1824
f 5608 5609 1825
f 5609 5610 1826
f 5610 5611 1827
f 5611 5612 1828
f 5612 5613 1829
f 5613 5614 1830
f 5614 5615 1831
f 5615 5616 1832
f 5616 5617 1833
f 5617 5618 1834
f 5618 5619 1835
f 5619 5620 1836
f 5620 5621 1837
f 5621 5622 1838
f 5622 5623 1839
f 5623 5624 1840
f 5624 5625 1841
f 5625 5626 1842
f 5626 5627 1843
f 5627 5628 1844
f 5628 5629 1845
f 5629 5630 1846
f 5630 5631 1847
f 5631 5632 1848
f 5632 5633 1849
f 5633 5634 1850
f 5634 5635 1851
f 5635 5636 1852
f 5636 5637 1853
f 5637 5638 1854
f 5638 5639 1855
f 5639 5640 1856
f 5640 5641 1857
f 5641 5642 1858
f 5642 5643 1859
f 5643 5644 1860
f 5644 5645 1861
f 5645 5646 1862
f 5646 5647 1863
f 5647 5648 1864
f 5648 5649 1865
f 5649 5650 1866
f 5650 5651 1867
f 5651 5652 1868
f 5652 5653 1869
f 5653 5654 1870
f 5654 5655 1871
f 5655 5656 1872
f 5656 5657 1873
f 5657 5658 1874
f 5658 5659 1875
f 5659 5660 1876
f 5660 5661 1877
f 5661 5662 1878
f 5662 5663 1879
f 5663 5664 1880
f 5664 5665 1881
f 5665 5666 1882
f 5666 5667 1883
f 5667 5668 1884
f 5668 5669 1885
f 5669 5670 1886
f 5670 5671 1887
f 5671 5672 1888
f 5672 5673 1889
f 5673 5674 1890
f 5674 5675 1891
f 5675 5676 1892
f 5676 5677 1893
f 5677 5678 1894
f 5678 5679 1895
f 5679 5680 1896
f 5680 5681 1897
f 5681 5682 1898
f 5682 5683 1899
f 5683 5684 1900
f 5684 5685 1901
f 5685 5686 1902
f 5686 5687 1903
f 5687 5688 1904
f 5688 5689 1905
f 5689 5690 1906
f 5690 5691 1907
f 5691 5692 1908
f 5692 5693 1909
f 5693 5694 1910
f 5694 5695 1911
f 5695 5696 1912
f 5696 5697 1913
f 5697 5698 1914
f 5698 5699 1915
f 5699 5700 1916
f 5700 5701 1917
f 5701 5702 1918
f 5702 5703 1919
f 5703 5704 1920
f 5704 5705 1921
f 5705 5706 1922
f 5706 5707 1923
f 5707 5708 1924
f 5708 5709 1925
f 5709 5710 1926
f 5710 5711 1927
f 5711 5712 1928
f 5712 5713 1929
f 5713 5714 1930
f 5714 5715 1931
f 5715 5716 1932
f 5716 5717 1933
f 5717 5718 1934
f 5718 5719 1935
f 5719 5720 1936
f 5720 5721 1937
f 5721 5722 1938
f 5722 5723 1939
f 5723 5724 1940
f 5724 5725 1941
f 5725 5726 1942
f 5726 5727 1943
f 5727 5728 1944
f 5728 5729 1945
f 5729 5730 1946
f 5730 5731 1947
f 5731 5732 1948
f 5732 5733 1949
f 5733 5734 1950
f 5734 5735 1951
f 5735 5736 1952
f 5736 5737 1953
f 5737 5738 1954
f 5738 5739 1955
f 5739 5740 1956
f 5740 5741 1957
f 5741 5742 1958
f 5742 5743 1959
f 5743 5744 1960
f 5744 5745 1961
f 5745 5746 1962
f 5746 5747 1963
f 5747 5748 1964
f 5748 5749 1965
f 5749 5750 1966
f 5750 5751 1967
f 5751 5752 1968
f 5752 5753 1969
f 5753 5754 1970
f 5754 5755 1971
f 5755 5756 1972
f 5756 5757 1973
f 5757 5758 1974
f 5758 5759 1975
f 5759 5760 1976
f 5760 5761 1977
f 5761 5762 1978
f 5762 5763 1979
f 5763 5764 1980
f 5764 5765 1981
f 5765 5766 1982
f 5766 5767 1983
f 5767 5768 1984
f 5768 5769 1985
f 5769 5770 1986
f 5770 5771 1987
f 5771 5772 1988
f 5772 5773 1989
f 5773 5774 1990
f 5774 5775 1991
f 5775 5776 1992
f 5776 5777 1993
f 5777 5778 1994
f 5778 5779 1995
f 5779 5780 1996
f 5780 5781 1997
f 5781 5782 1998
f 5782 5783 1999
f 5783 5784 2000
f 5784 5785 2001
f 5785 5786 2002
f 5786 5787 2003
f 5787 5788 2004
f 5788 5789 2005
f 5789 5790 2006
f 5790 5791 2007
f 5791 5792 2008
f 5792 5793 2009
f 5793 5794 2010
f 5794 5795 2011
f 5795 5796 2012
f 5796 5797 2013
f 5797 5798 2014
f 5798 5799 2015
f 5799 5800 2016
f 5800 5801 2017
f 5801 5802 2018
f 5802 5803 2019
f 5803 5804 2020
f 5804 5805 2021
f 5805 5806 2022
f 5806 5807 2023
f 5807 5808 2024
f 5808 5809 2025
f 5809 5810 2026
f 5810 5811 2027
f 5811 5812 2028
f 5812 5813 2029
f 5813 5814 2030
f 5814 5815 2031
f 5815 5816 2032
f 5816 5817 2033
f 5817 5818 2034
f 5818 5819 2035
f 5819 5820 2036
f 5820 5821 2037
f 5821 5822 2038
f 5822 5823 2039
f 5823 5824 2040
f 5824 5825 2041
f 5825 5826 2042
f 5826 5827 2043
f 5827 5828 2044
f 5828 5829 2045
f 5829 5830 2046
f 5830 5831 2047
f 5831 5832 2048
f 5832 5833 2049
f 5833 5834 2050
f 5834 5529 1745
f 5529 1746 1745
f 5530 1747 1746
f 5531 1748 1747
f 5532 1749 1748
f 5533 1750 1749
f 5534 1751 1750
f 5535 1752 1751
f 5536 1753 1752
f 5537 1754 1753
f 5538 1755 1754
f 5539 1756 1755
f 5540 1757 1756
f 5541 1758 1757
f 5542 1759 1758
f 5543 1760 1759
f 5544 1761 1760
f 5545 1762 1761
f 5546 1763 1762
f 5547 1764 1763
f 5548 1765 1764
f 5549 1766 1765
f 5550 1767 1766
f 5551 1768 1767
f 5552 1769 1768
f 5553 1770 1769
f 5554 1771 1770
f 5555 1772 1771
f 5556 1773 1772
f 5557 1774 1773
f 5558 1775 1774
f 5559 1776 1775
f 5560 1777 1776
f 5561 1778 1777
f 5562 1779 1778
f 5563 1780 1779
f 5564 1781 1780
f 5565 1782 1781
f 5566 1783 1782
f 5567 1784 1783
f 5568 1785 1784
f 5569 1786 1785
f 5570 1787 1786
f 5571 1788 1787
f 5572 1789 1788
f 5573 1790 1789
f 5574 1791 1790
f 5575 1792 1791
f 5576 1793 1792
f 5577 1794 1793
f 5578 1795 1794
f 5579 1796 1795
f 5580 1797 1796
f 5581 1798 1797
f 5582 1799 1798
f 5583 1800 1799
f 5584 1801 1800
f 5585 1802 1801
f 5586 1803 1802
f 5587 1804 1803
f 5588 1805 1804
f 5589 1806 1805
f 5590 1807 1806
f 5591 1808 1807
f 5592 1809 1808
f 5593 1810 1809
f 5594 1811 1810
f 5595 1812 1811
f 5596 1813 1812
f 5597 1814 1813
f 5598 1815 1814
f 5599 1816 1815
f 5600 1817 1816
f 5601 1818 1817
f 5602 1819 1818
f 5603 1820 1819
f 5604 1821 1820
f 5605 1822 1821
f 5606 1823 1822
f 5607 1824 1823
f 5608 1825 1824
f 5609 1826 1825
f 5610 1827 1826
f 5611 1828 1827
f 5612 1829 1828
f 5613 1830 1829
f 5614 1831 1830
f 5615 1832 1831
f 5616 1833 1832
f 5617 1834 1833
f 5618 1835 1834
f 5619 1836 1835
f 5620 1837 1836
f 5621 1838 1837
f 5622 1839 1838
f 5623 1840 1839
f 5624 1841 1840
f 5625 1842 1841
f 5626 1843 1842
f 5627 1844 1843
f 5628 1845 1844
f 5629 1846 1845
f 5630 1847 1846
f 5631 1848 1847
f 5632 1849 1848
f 5633 1850 1849
f 5634 1851 1850
f 5635 1852 1851
f 5636 1853 1852
f 5637 1854 1853
f 5638 1855 1854
f 5639 1856 1855
f 5640 1857 1856
f 5641 1858 1857
f 5642 1859 1858
f 5643 1860 1859
f 5644 1861 1860
f 5645 1862 1861
f 5646 1863 1862
f 5647 1864 1863
f 5648 1865 1864
f 5649 1866 1865
f 5650 1867 1866
f 5651 1868 1867
f 5652 1869 1868
f 5653 1870 1869
f 5654 1871 1870
f 5655 1872 1871
f 5656 1873 1872
f 5657 1874 1873
f 5658 1875 1874
f 5659 1876 1875
f 5660 1877 1876
f 5661 1878 1877
f 5662 1879 1878
f 5663 1880 1879
f 5664 1881 1880
f 5665 1882 1881
f 5666 1883 1882
f 5667 1884 1883
f 5668 1885 1884
f 5669 1886 1885
f 5670 1887 1886
f 5671 1888 1887
f 5672 1889 1888
f 5673 1890 1889
f 5674 1891 1890
f 5675 1892 1891
f 5676 1893 1892
f 5677 1894 1893
f 5678 1895 1894
f 5679 1896 1895
f 5680 1897 1896
f 5681 1898 1897
f 5682 1899 1898
f 5683 1900 1899
f 5684 1901 1900
f 5685 1902 1901
f 5686 1903 1902
f 5687 1904 1903
f 5688 1905 1904
f 5689 1906 1905
f 5690 1907 1906
f 5691 1908 1907
f 5692 1909 1908
f 5693 1910 1909
f 5694 1911 1910
f 5695 1912 1911
f 5696 1913 1912
f 5697 1914 1913
f 5698 1915 1914
f 5699 1916 1915
f 5700 1917 1916
f 5701 1918 1917
f 5702 1919 1918
f 5703 1920 1919
f 5704 1921 1920
f 5705 1922 1921
f 5706 1923 1922
f 5707 1924 1923
f 5708 1925 1924
f 5709 1926 1925
f 5710 1927 1926
f 5711 1928 1927
f 5712 1929 1928
f 5713 1930 1929
f 5714 1931 1930
f 5715 1932 1931
f 5716 1933 1932
f 5717 1934 1933
f 5718 1935 1934
f 5719 1936 1935
f 5720 1937 1936
f 5721 1938 1937
f 5722 1939 1938
f 5723 1940 1939
f 5724 1941 1940
f 5725 1942 1941
f 5726 1943 1942
f 5727 1944 1943
f 5728 1945 1944
f 5729 1946 1945
f 5730 1947 1946
f 5731 1948 1947
f 5732 1949 1948
f 5733 1950 1949
f 5734 1951 1950
f 5735 1952 1951
f 5736 1953 1952
f 5737 1954 1953
f 5738 1955 1954
f 5739 1956 1955
f 5740 1957 1956
f 5741 1958 1957
f 5742 1959 1958
f 5743 1960 1959
f 5744 1961 1960
f 5745 1962 1961
f 5746 1963 1962
f 5747 1964 1963
f 5748 1965 1964
f 5749 1966 1965
f 5750 1967 1966
f 5751 1968 1967
f 5752 1969 1968
f 5753 1970 1969
f 5754 1971 1970
f 5755 1972 1971
f 5756 1973 1972
f 5757 1974 1973
f 5758 1975 1974
f 5759 1976 1975
f 5760 1977 1976
f 5761 1978 1977
f 5762 1979 1978
f 5763 1980 1979
f 5764 1981 1980
f 5765 1982 1981
f 5766 1983 1982
f 5767 1984 1983
f 5768 1985 1984
f 5769 1986 1985
f 5770 1987 1986
f 5771 1988 1987
f 5772 1989 1988
f 5773 1990 1989
f 5774 1991 1990
f 5775 1992 1991
f 5776 1993 1992
f 5777 1994 1993
f 5778 1995 1994
f 5779 1996 1995
f 5780 1997 1996
f 5781 1998 1997
f 5782 1999 1998
f 5783 2000 1999
f 5784 2001 2000
f 5785 2002 2001
f 5786 2003 2002
f 5787 2004 2003
f 5788 2005 2004
f 5789 2006 2005
f 5790 2007 2006
f 5791 2008 2007
f 5792 2009 2008
f 5793 2010 2009
f 5794 2011 2010
f 5795 2012 2011
f 5796 2013 2012
f 5797 2014 2013
f 5798 2015 2014
f 5799 2016 2015
f 5800 2017 2016
f 5801 2018 2017
f 5802 2019 2018
f 5803 2020 2019
f 5804 2021 2020
f 5805 2022 2021
f 5806 2023 2022
f 5807 2024 2023
f 5808 2025 2024
f 5809 2026 2025
f 5810 2027 2026
f 5811 2028 2027
f 5812 2029 2028
f 5813 2030 2029
f 5814 2031 2030
f 5815 2032 2031
f 5816 2033 2032
f 5817 2034 2033
f 5818 2035 2034
f 5819 2036 2035
f 5820 2037 2036
f 5821 2038 2037
f 5822 2039 2038
f 5823 2040 2039
f 5824 2041 2040
f 5825 2042 2041
f 5826 2043 2042
f 5827 2044 2043
f 5828 2045 2044
f 5829 2046 2045
f 5830 2047 2046
f 5831 2048 2047
f 5832 2049 2048
f 5833 2050 2049
f 5834 1745 2050
f 307 308 3796
f 308 309 3797
f 309 310 3798
f 310 311 3799
f 311 312 3800
f 312 313 3801
f 313 314 3802
f 314 315 3803
f 315 316 3804
f 316 317 3805
f 317 318 3806
f 318 319 3807
f 319 320 3808
f 320 321 3809
f 321 322 3810
f 322 323 3811
f 323 324 3812
f 324 325 3813
f 325 326 3814
f 326 327 3815
f 327 328 3816
f 328 329 3817
f 329 330 3818
f 330 331 3819
f 331 332 3820
f 332 333 3821
f 333 334 3822
f 334 335 3823
f 335 336 3824
f 336 337 3825
f 337 338 3826
f 338 339 3827
f 339 340 3828
f 340 307 3795
f 307 3796 3795
f 308 3797 3796
f 309 3798 3797
f 310 3799 3798
f 311 3800 3799
f 312 3801 3800
f 313 3802 3801
f 314 3803 3802
f 315 3804 3803
f 316 3805 3804
f 317 3806 3805
f 318 3807 3806
f 319 3808 3807
f 320 3809 3808
f 321 3810 3809
f 322 3811 3810
f 323 3812 3811
f 324 3813 3812
f 325 3814 3813
f 326 3815 3814
f 327 3816 3815
f 328 3817 3816
f 329 3818 3817
f 330 3819 3818
f 331 3820 3819
f 332 3821 3820
f 333 3822 3821
f 334 3823 3822
f 335 3824 3823
f 336 3825 3824
f 337 3826 3825
f 338 3827 3826
f 339 3828 3827
f 340 3795 3828
f 3795 3796 4136
f 3796 3797 4137
f 3797 3798 4138
f 3798 3799 4139
f 3799 3800 4140
f 3800 3801 4141
f 3801 3802 4142
f 3802 3803 4143
f 3803 3804 4144
f 3804 3805 4145
f 3805 3806 4146
f 3806 3807 4147
f 3807 3808 4148
f 3808 3809 4149
f 3809 3810 4150
f 3810 3811 4151
f 3811 3812 4152
f 3812 3813 4153
f 3813 3814 4154
f 3814 3815 4155
f 3815 3816 4156
f 3816 3817 4157
f 3817 3818 4158
f 3818 3819 4159
f 3819 3820 4160
f 3820 3821 4161
f 3821 3822 4162
f 3822 3823 4163
f 3823 3824 4164
f 3824 3825 4165
f 3825 3826 4166
f 3826 3827 4167
f 3827 3828 4168
f 3828 3795 4135
f 3795 4136 4135
f 3796 4137 4136
f 3797 4138 4137
f 3798 4139 4138
f 3799 4140 4139
f 3800 4141 4140
f 3801 4142 4141
f 3802 4143 4142
f 3803 4144 4143
f 3804 4145 4144
f 3805 4146 4145
f 3806 4147 4146
f 3807 4148 4147
f 3808 4149 4148
f 3809 4150 4149
f 3810 4151 4150
f 3811 4152 4151
f 3812 4153 4152
f 3813 4154 4153
f 3814 4155 4154
f 3815 4156 4155
f 3816 4157 4156
f 3817 4158 4157
f 3818 4159 4158
f 3819 4160 4159
f 3820 4161 4160
f 3821 4162 4161
f 3822 4163 4162
f 3823 4164 4163
f 3824 4165 4164
f 3825 4166 4165
f 3826 4167 4166
f 3827 4168 4167
f 3828 4135 4168
f 4135 4136 4476
f 4136 4137 4477
f 4137 4138 4478
f 4138 4139 4479
f 4139 4140 4480
f 4140 4141 4481
f 4141 4142 4482
f 4142 4143 4483
f 4143 4144 4484
f 4144 4145 4485
f 4145 4146 4486
f 4146 4147 4487
f 4147 4148 4488
f 4148 4149 4489
f 4149 4150 4490
f 4150 4151 4491
f 4151 4152 4492
f 4152 4153 4493
f 4153 4154 4494
f 4154 4155 4495
f 4155 4156 4496
f 4156 4157 4497
f 4157 4158 4498
f 4158 4159 4499
f 4159 4160 4500
f 4160 4161 4501
f 4161 4162 4502
f 4162 4163 4503
f 4163 4164 4504
f 4164 4165 4505
f 4165 4166 4506
f 4166 4167 4507
f 4167 4168 4508
f 4168 4135 4475
f 4135 4476 4475
f 4136 4477 4476
f 4137 4478 4477
f 4138 4479 4478
f 4139 4480 4479
f 4140 4481 4480
f 4141 4482 4481
f 4142 4483 4482
f 4143 4484 4483
f 4144 4485 4484
f 4145 4486 4485
f 4146 4487 4486
f 4147 4488 4487
f 4148 4489 4488
f 4149 4490 4489
f 4150 4491 4490
f 4151 4492 4491
f 4152 4493 4492
f 4153 4494 4493
f 4154 4495 4494
f 4155 4496 4495
f 4156 4497 4496
f 4157 4498 4497
f 4158 4499 4498
f 4159 4500 4499
f 4160 4501 4500
f 4161 4502 4501
f 4162 4503 4502
f 4163 4504 4503
f 4164 4505 4504
f 4165 4506 4505
f 4166 4507 4506
f 4167 4508 4507
f 4168 4475 4508
f 4475 4476 4816
f 4476 4477 4817
f 4477 4478 4818
f 4478 4479 4819
f 4479 4480 4820
f 4480 4481 4821
f 4481 4482 4822
f 4482 4483 4823
f 4483 4484 4824
f 4484 4485 4825
f 4485 4486 4826
f 4486 4487 4827
f 4487 4488 4828
f 4488 4489 4829
f 4489 4490 4830
f 4490 4491 4831
f 4491 4492 4832
f 4492 4493 4833
f 4493 4494 4834
f 4494 4495 4835
f 4495 4496 4836
f 4496 4497 4837
f 4497 4498 4838
f 4498 4499 4839
f 4499 4500 4840
f 4500 4501 4841
f 4501 4502 4842
f 4502 4503 4843
f 4503 4504 4844
f 4504 4505 4845
f 4505 4506 4846
f 4506 4507 4847
f 4507 4508 4848
f 4508 4475 4815
f 4475 4816 4815
f 4476 4817 4816
f 4477 4818 4817
f 4478 4819 4818
f 4479 4820 4819
f 4480 4821 4820
f 4481 4822 4821
f 4482 4823 4822
f 4483 4824 4823
f 4484 4825 4824
f 4485 4826 4825
f 4486 4827 4826
f 4487 4828 4827
f 4488 4829 4828
f 4489 4830 4829
f 4490 4831 4830
f 4491 4832 4831
f 4492 4833 4832
f 4493 4834 4833
f 4494 4835 4834
f 4495 4836 4835
f 4496 4837 4836
f 4497 4838 4837
f 4498 4839 4838
f 4499 4840 4839
f 4500 4841 4840
f 4501 4842 4841
f 4502 4843 4842
f 4503 4844 4843
f 4504 4845 4844
f 4505 4846 4845
f 4506 4847 4846
f 4507 4848 4847
f 4508 4815 4848
f 4815 4816 5156
f 4816 4817 5157
f 4817 4818 5158
f 4818 4819 5159
f 4819 4820 5160
f 4820 4821 5161
f 4821 4822 5162
f 4822 4823 5163
f 4823 4824 5164
f 4824 4825 5165
f 4825 4826 5166
f 4826 4827 5167
f 4827 4828 5168
f 4828 4829 5169
f 4829 4830 5170
f 4830 4831 5171
f 4831 4832 5172
f 4832 4833 5173
f 4833 4834 5174
f 4834 4835 5175
f 4835 4836 5176
f 4836 4837 5177
f 4837 4838 5178
f 4838 4839 5179
f 4839 4840 5180
f 4840 4841 5181
f 4841 4842 5182
f 4842 4843 5183
f 4843 4844 5184
f 4844 4845 5185
f 4845 4846 5186
f 4846 4847 5187
f 4847 4848 5188
f 4848 4815 5155
f 4815 5156 5155
f 4816 5157 5156
f 4817 5158 5157
f 4818 5159 5158
f 4819 5160 5159
f 4820 5161 5160
f 4821 5162 5161
f 4822 5163 5162
f 4823 5164 5163
f 4824 5165 5164
f 4825 5166 5165
f 4826 5167 5166
f 4827 5168 5167
f 4828 5169 5168
f 4829 5170 5169
f 4830 5171 5170
f 4831 5172 5171
f 4832 5173 5172
f 4833 5174 5173
f 4834 5175 5174
f 4835 5176 5175
f 4836 5177 5176
f 4837 5178 5177
f 4838 5179 5178
f 4839 5180 5179
f 4840 5181 5180
f 4841 5182 5181
f 4842 5183 5182
f 4843 5184 5183
f 4844 5185 5184
f 4845 5186 5185
f 4846 5187 5186
f 4847 5188 5187
f 4848 5155 5188
f 5155 5156 5496
f 5156 5157 5497
f 5157 5158 5498
f 5158 5159 5499
f 5159 5160 5500
f 5160 5161 5501
f 5161 5162 5502
f 5162 5163 5503
f 5163 5164 5504
f 5164 5165 5505
f 5165 5166 5506
f 5166 5167 5507
f 5167 5168 5508
f 5168 5169 5509
f 5169 5170 5510
f 5170 5171 5511
f 5171 5172 5512
f 5172 5173 5513
f 5173 5174 5514
f 5174 5175 5515
f 5175 5176 5516
f 5176 5177 5517
f 5177 5178 5518
f 5178 5179 5519
f 5179 5180 5520
f 5180 5181 5521
f 5181 5182 5522
f 5182 5183 5523
f 5183 5184 5524
f 5184 5185 5525
f 5185 5186 5526
f 5186 5187 5527
f 5187 5188 5528
f 5188 5155 5495
f 5155 5496 5495
f 5156 5497 5496
f 5157 5498 5497
f 5158 5499 5498
f 5159 5500 5499
f 5160 5501 5500
f 5161 5502 5501
f 5162 5503 5502
f 5163 5504 5503
f 5164 5505 5504
f 5165 5506 5505
f 5166 5507 5506
f 5167 5508 5507
f 5168 5509 5508
f 5169 5510 5509
f 5170 5511 5510
f 5171 5512 5511
f 5172 5513 5512
f 5173 5514 5513
f 5174 5515 5514
f 5175 5516 5515
f 5176 5517 5516
f 5177 5518 5517
f 5178 5519 5518
f 5179 5520 5519
f 5180 5521 5520
f 5181 5522 5521
f 5182 5523 5522
f 5183 5524 5523
f 5184 5525 5524
f 5185 5526 5525
f 5186 5527 5526
f 5187 5528 5527
f 5188 5495 5528
f 5495 5496 5836
f 5496 5497 5837
f 5497 5498 5838
f 5498 5499 5839
f 5499 5500 5840
f 5500 5501 5841
f 5501 5502 5842
f 5502 5503 5843
f 5503 5504 5844
f 5504 5505 5845
f 5505 5506 5846
f 5506 5507 5847
f 5507 5508 5848
f 5508 5509 5849
f 5509 5510 5850
f 5510 5511 5851
f 5511 5512 5852
f 5512 5513 5853
f 5513 5514 5854
f 5514 5515 5855
f 5515 5516 5856
f 5516 5517 5857
f 5517 5518 5858
f 5518 5519 5859
f 5519 5520 5860
f 5520 5521 5861
f 5521 5522 5862
f 5522 5523 5863
f 5523 5524 5864
f 5524 5525 5865
f 5525 5526 5866
f 5526 5527 5867
f 5527 5528 5868
f 5528 5495 5835
f 5495 5836 5835
f 5496 5837 5836
f 5497 5838 5837
f 5498 5839 5838
f 5499 5840 5839
f 5500 5841 5840
f 5501 5842 5841
f 5502 5843 5842
f 5503 5844 5843
f 5504 5845 5844
f 5505 5846 5845
f 5506 5847 5846
f 5507 5848 5847
f 5508 5849 5848
f 5509 5850 5849
f 5510 5851 5850
f 5511 5852 5851
f 5512 5853 5852
f 5513 5854 5853
f 5514 5855 5854
f 5515 5856 5855
f 5516 5857 5856
f 5517 5858 5857
f 5518 5859 5858
f 5519 5860 5859
f 5520 5861 5860
f 5521 5862 5861
f 5522 5863 5862
f 5523 5864 5863
f 5524 5865 5864
f 5525 5866 5865
f 5526 5867 5866
f 5527 5868 5867
f 5528 5835 5868
f 5835 5836 2052
f 5836 5837 2053
f 5837 5838 2054
f 5838 5839 2055
f 5839 5840 2056
f 5840 5841 2057
f 5841 5842 2058
f 5842 5843 2059
f 5843 5844 2060
f 5844 5845 2061
f 5845 5846 2062
f 5846 5847 2063
f 5847 5848 2064
f 5848 5849 2065
f 5849 5850 2066
f 5850 5851 2067
f 5851 5852 2068
f 5852 5853 2069
f 5853 5854 2070
f 5854 5855 2071
f 5855 5856 2072
f 5856 5857 2073
f 5857 5858 2074
f 5858 5859 2075
f 5859 5860 2076
f 5860 5861 2077
f 5861 5862 2078
f 5862 5863 2079
f 5863 5864 2080
f 5864 5865 2081
f 5865 5866 2082
f 5866 5867 2083
f 5867 5868 2084
f 5868 5835 2051
f 5835 2052 2051
f 5836 2053 2052
f 5837 2054 2053
f 5838 2055 2054
f 5839 2056 2055
f 5840 2057 2056
f 5841 2058 2057
f 5842 2059 2058
f 5843 2060 2059
f 5844 2061 2060
f 5845 2062 2061
f 5846 2063 2062
f 5847 2064 2063
f 5848 2065 2064
f 5849 2066 2065
f 5850 2067 2066
f 5851 2068 2067
f 5852 2069 2068
f 5853 2070 2069
f 5854 2071 2070
f 5855 2072 2071
f 5856 2073 2072
f 5857 2074 2073
f 5858 2075 2074
f 5859 2076 2075
f 5860 2077 2076
f 5861 2078 2077
f 5862 2079 2078
f 5863 2080 2079
f 5864 2081 2080
f 5865 2082 2081
f 5866 2083 2082
f 5867 2084 2083
f 5868 2051 2084
