# nut: M20 x 3 right-hand thread, depth 1.84, radial clearance 0.25
# axis +z; helical phase u = z - P*theta/(2*pi) in world coords
v 15 0 10
v 14.95806 1.120951 10
v 14.83246 2.235634 10
v 14.62392 3.337814 10
v 14.33359 4.421328 10
v 13.96311 5.480115 10
v 13.51453 6.508256 10
v 12.99038 7.5 10
v 12.39358 8.449801 10
v 11.72747 9.352347 10
v 10.99578 10.20259 10
v 10.20259 10.99578 10
v 9.352347 11.72747 10
v 8.449801 12.39358 10
v 7.5 12.99038 10
v 6.508256 13.51453 10
v 5.480115 13.96311 10
v 4.421328 14.33359 10
v 3.337814 14.62392 10
v 2.235634 14.83246 10
v 1.120951 14.95806 10
v 9.184851e-16 15 10
v -1.120951 14.95806 10
v -2.235634 14.83246 10
v -3.337814 14.62392 10
v -4.421328 14.33359 10
v -5.480115 13.96311 10
v -6.508256 13.51453 10
v -7.5 12.99038 10
v -8.449801 12.39358 10
v -9.352347 11.72747 10
v -10.20259 10.99578 10
v -10.99578 10.20259 10
v -11.72747 9.352347 10
v -12.39358 8.449801 10
v -12.99038 7.5 10
v -13.51453 6.508256 10
v -13.96311 5.480115 10
v -14.33359 4.421328 10
v -14.62392 3.337814 10
v -14.83246 2.235634 10
v -14.95806 1.120951 10
v -15 1.83697e-15 10
v -14.95806 -1.120951 10
v -14.83246 -2.235634 10
v -14.62392 -3.337814 10
v -14.33359 -4.421328 10
v -13.96311 -5.480115 10
v -13.51453 -6.508256 10
v -12.99038 -7.5 10
v -12.39358 -8.449801 10
v -11.72747 -9.352347 10
v -10.99578 -10.20259 10
v -10.20259 -10.99578 10
v -9.352347 -11.72747 10
v -8.449801 -12.39358 10
v -7.5 -12.99038 10
v -6.508256 -13.51453 10
v -5.480115 -13.96311 10
v -4.421328 -14.33359 10
v -3.337814 -14.62392 10
v -2.235634 -14.83246 10
v -1.120951 -14.95806 10
v -2.755455e-15 -15 10
v 1.120951 -14.95806 10
v 2.235634 -14.83246 10
v 3.337814 -14.62392 10
v 4.421328 -14.33359 10
v 5.480115 -13.96311 10
v 6.508256 -13.51453 10
v 7.5 -12.99038 10
v 8.449801 -12.39358 10
v 9.352347 -11.72747 10
v 10.20259 -10.99578 10
v 10.99578 -10.20259 10
v 11.72747 -9.352347 10
v 12.39358 -8.449801 10
v 12.99038 -7.5 10
v 13.51453 -6.508256 10
v 13.96311 -5.480115 10
v 14.33359 -4.421328 10
v 14.62392 -3.337814 10
v 14.83246 -2.235634 10
v 14.95806 -1.120951 10
v 15 0 10.25
v 15 1.124095 10.25
v 15 2.260886 10.25
v 15 3.423652 10.25
v 14.74737 4.54896 10.25
v 14.36619 5.638313 10.25
v 13.90466 6.696133 10.25
v 13.36538 7.716506 10.25
v 12.75135 8.693726 10.25
v 12.06602 9.622326 10.25
v 11.3132 10.49711 10.25
v 10.46497 11.27855 10.25
v 9.457985 11.85994 10.25
v 8.473494 12.42833 10.25
v 7.5 12.99038 10.25
v 6.526506 13.55243 10.25
v 5.542015 14.12082 10.25
v 4.53503 14.70221 10.25
v 3.434168 15.04607 10.25
v 2.300171 15.26064 10.25
v 1.15331 15.38986 10.25
v 9.449995e-16 15.43301 10.25
v -1.15331 15.38986 10.25
v -2.300171 15.26064 10.25
v -3.434168 15.04607 10.25
v -4.53503 14.70221 10.25
v -5.542015 14.12082 10.25
v -6.526506 13.55243 10.25
v -7.5 12.99038 10.25
v -8.473494 12.42833 10.25
v -9.457985 11.85994 10.25
v -10.46497 11.27855 10.25
v -11.3132 10.49711 10.25
v -12.06602 9.622326 10.25
v -12.75135 8.693726 10.25
v -13.36538 7.716506 10.25
v -13.90466 6.696133 10.25
v -14.36619 5.638313 10.25
v -14.74737 4.54896 10.25
v -15 3.423652 10.25
v -15 2.260886 10.25
v -15 1.124095 10.25
v -15 1.83697e-15 10.25
v -15 -1.124095 10.25
v -15 -2.260886 10.25
v -15 -3.423652 10.25
v -14.74737 -4.54896 10.25
v -14.36619 -5.638313 10.25
v -13.90466 -6.696133 10.25
v -13.36538 -7.716506 10.25
v -12.75135 -8.693726 10.25
v -12.06602 -9.622326 10.25
v -11.3132 -10.49711 10.25
v -10.46497 -11.27855 10.25
v -9.457985 -11.85994 10.25
v -8.473494 -12.42833 10.25
v -7.5 -12.99038 10.25
v -6.526506 -13.55243 10.25
v -5.542015 -14.12082 10.25
v -4.53503 -14.70221 10.25
v -3.434168 -15.04607 10.25
v -2.300171 -15.26064 10.25
v -1.15331 -15.38986 10.25
v -2.834998e-15 -15.43301 10.25
v 1.15331 -15.38986 10.25
v 2.300171 -15.26064 10.25
v 3.434168 -15.04607 10.25
v 4.53503 -14.70221 10.25
v 5.542015 -14.12082 10.25
v 6.526506 -13.55243 10.25
v 7.5 -12.99038 10.25
v 8.473494 -12.42833 10.25
v 9.457985 -11.85994 10.25
v 10.46497 -11.27855 10.25
v 11.3132 -10.49711 10.25
v 12.06602 -9.622326 10.25
v 12.75135 -8.693726 10.25
v 13.36538 -7.716506 10.25
v 13.90466 -6.696133 10.25
v 14.36619 -5.638313 10.25
v 14.74737 -4.54896 10.25
v 15 -3.423652 10.25
v 15 -2.260886 10.25
v 15 -1.124095 10.25
v 15 0 10.5
v 15 1.124095 10.5
v 15 2.260886 10.5
v 15 3.423652 10.5
v 15 4.626887 10.5
v 14.76927 5.79651 10.5
v 14.29479 6.88401 10.5
v 13.74038 7.933013 10.5
v 13.10913 8.93765 10.5
v 12.40456 9.892305 10.5
v 11.507 10.67694 10.5
v 10.46497 11.27855 10.5
v 9.457985 11.85994 10.5
v 8.473494 12.42833 10.5
v 7.5 12.99038 10.5
v 6.526506 13.55243 10.5
v 5.542015 14.12082 10.5
v 4.53503 14.70221 10.5
v 3.492998 15.30382 10.5
v 2.364708 15.68882 10.5
v 1.18567 15.82166 10.5
v 9.715139e-16 15.86603 10.5
v -1.18567 15.82166 10.5
v -2.364708 15.68882 10.5
v -3.492998 15.30382 10.5
v -4.53503 14.70221 10.5
v -5.542015 14.12082 10.5
v -6.526506 13.55243 10.5
v -7.5 12.99038 10.5
v -8.473494 12.42833 10.5
v -9.457985 11.85994 10.5
v -10.46497 11.27855 10.5
v -11.507 10.67694 10.5
v -12.40456 9.892305 10.5
v -13.10913 8.93765 10.5
v -13.74038 7.933013 10.5
v -14.29479 6.88401 10.5
v -14.76927 5.79651 10.5
v -15 4.626887 10.5
v -15 3.423652 10.5
v -15 2.260886 10.5
v -15 1.124095 10.5
v -15 1.83697e-15 10.5
v -15 -1.124095 10.5
v -15 -2.260886 10.5
v -15 -3.423652 10.5
v -15 -4.626887 10.5
v -14.76927 -5.79651 10.5
v -14.29479 -6.88401 10.5
v -13.74038 -7.933013 10.5
v -13.10913 -8.93765 10.5
v -12.40456 -9.892305 10.5
v -11.507 -10.67694 10.5
v -10.46497 -11.27855 10.5
v -9.457985 -11.85994 10.5
v -8.473494 -12.42833 10.5
v -7.5 -12.99038 10.5
v -6.526506 -13.55243 10.5
v -5.542015 -14.12082 10.5
v -4.53503 -14.70221 10.5
v -3.492998 -15.30382 10.5
v -2.364708 -15.68882 10.5
v -1.18567 -15.82166 10.5
v -2.914542e-15 -15.86603 10.5
v 1.18567 -15.82166 10.5
v 2.364708 -15.68882 10.5
v 3.492998 -15.30382 10.5
v 4.53503 -14.70221 10.5
v 5.542015 -14.12082 10.5
v 6.526506 -13.55243 10.5
v 7.5 -12.99038 10.5
v 8.473494 -12.42833 10.5
v 9.457985 -11.85994 10.5
v 10.46497 -11.27855 10.5
v 11.507 -10.67694 10.5
v 12.40456 -9.892305 10.5
v 13.10913 -8.93765 10.5
v 13.74038 -7.933013 10.5
v 14.29479 -6.88401 10.5
v 14.76927 -5.79651 10.5
v 15 -4.626887 10.5
v 15 -3.423652 10.5
v 15 -2.260886 10.5
v 15 -1.124095 10.5
v 15 0 10.75
v 15 1.124095 10.75
v 15 2.260886 10.75
v 15 3.423652 10.75
v 15 4.626887 10.75
v 15 5.887066 10.75
v 14.68493 7.071888 10.75
v 14.11538 8.149519 10.75
v 13.4669 9.181575 10.75
v 12.59835 10.04685 10.75
v 11.507 10.67694 10.75
v 10.46497 11.27855 10.75
v 9.457985 11.85994 10.75
v 8.473494 12.42833 10.75
v 7.5 12.99038 10.75
v 6.526506 13.55243 10.75
v 5.542015 14.12082 10.75
v 4.53503 14.70221 10.75
v 3.492998 15.30382 10.75
v 2.401651 15.93391 10.75
v 1.218029 16.25346 10.75
v 9.980282e-16 16.29904 10.75
v -1.218029 16.25346 10.75
v -2.401651 15.93391 10.75
v -3.492998 15.30382 10.75
v -4.53503 14.70221 10.75
v -5.542015 14.12082 10.75
v -6.526506 13.55243 10.75
v -7.5 12.99038 10.75
v -8.473494 12.42833 10.75
v -9.457985 11.85994 10.75
v -10.46497 11.27855 10.75
v -11.507 10.67694 10.75
v -12.59835 10.04685 10.75
v -13.4669 9.181575 10.75
v -14.11538 8.149519 10.75
v -14.68493 7.071888 10.75
v -15 5.887066 10.75
v -15 4.626887 10.75
v -15 3.423652 10.75
v -15 2.260886 10.75
v -15 1.124095 10.75
v -15 1.83697e-15 10.75
v -15 -1.124095 10.75
v -15 -2.260886 10.75
v -15 -3.423652 10.75
v -15 -4.626887 10.75
v -15 -5.887066 10.75
v -14.68493 -7.071888 10.75
v -14.11538 -8.149519 10.75
v -13.4669 -9.181575 10.75
v -12.59835 -10.04685 10.75
v -11.507 -10.67694 10.75
v -10.46497 -11.27855 10.75
v -9.457985 -11.85994 10.75
v -8.473494 -12.42833 10.75
v -7.5 -12.99038 10.75
v -6.526506 -13.55243 10.75
v -5.542015 -14.12082 10.75
v -4.53503 -14.70221 10.75
v -3.492998 -15.30382 10.75
v -2.401651 -15.93391 10.75
v -1.218029 -16.25346 10.75
v -2.994085e-15 -16.29904 10.75
v 1.218029 -16.25346 10.75
v 2.401651 -15.93391 10.75
v 3.492998 -15.30382 10.75
v 4.53503 -14.70221 10.75
v 5.542015 -14.12082 10.75
v 6.526506 -13.55243 10.75
v 7.5 -12.99038 10.75
v 8.473494 -12.42833 10.75
v 9.457985 -11.85994 10.75
v 10.46497 -11.27855 10.75
v 11.507 -10.67694 10.75
v 12.59835 -10.04685 10.75
v 13.4669 -9.181575 10.75
v 14.11538 -8.149519 10.75
v 14.68493 -7.071888 10.75
v 15 -5.887066 10.75
v 15 -4.626887 10.75
v 15 -3.423652 10.75
v 15 -2.260886 10.75
v 15 -1.124095 10.75
v 15 0 11
v 15 1.124095 11
v 15 2.260886 11
v 15 3.423652 11
v 15 4.626887 11
v 15 5.887066 11
v 15 7.223619 11
v 14.49038 8.366025 11
v 13.75584 9.378571 11
v 12.59835 10.04685 11
v 11.507 10.67694 11
v 10.46497 11.27855 11
v 9.457985 11.85994 11
v 8.473494 12.42833 11
v 7.5 12.99038 11
v 6.526506 13.55243 11
v 5.542015 14.12082 11
v 4.53503 14.70221 11
v 3.492998 15.30382 11
v 2.401651 15.93391 11
v 1.244162 16.60219 11
v 1.024543e-15 16.73205 11
v -1.244162 16.60219 11
v -2.401651 15.93391 11
v -3.492998 15.30382 11
v -4.53503 14.70221 11
v -5.542015 14.12082 11
v -6.526506 13.55243 11
v -7.5 12.99038 11
v -8.473494 12.42833 11
v -9.457985 11.85994 11
v -10.46497 11.27855 11
v -11.507 10.67694 11
v -12.59835 10.04685 11
v -13.75584 9.378571 11
v -14.49038 8.366025 11
v -15 7.223619 11
v -15 5.887066 11
v -15 4.626887 11
v -15 3.423652 11
v -15 2.260886 11
v -15 1.124095 11
v -15 1.83697e-15 11
v -15 -1.124095 11
v -15 -2.260886 11
v -15 -3.423652 11
v -15 -4.626887 11
v -15 -5.887066 11
v -15 -7.223619 11
v -14.49038 -8.366025 11
v -13.75584 -9.378571 11
v -12.59835 -10.04685 11
v -11.507 -10.67694 11
v -10.46497 -11.27855 11
v -9.457985 -11.85994 11
v -8.473494 -12.42833 11
v -7.5 -12.99038 11
v -6.526506 -13.55243 11
v -5.542015 -14.12082 11
v -4.53503 -14.70221 11
v -3.492998 -15.30382 11
v -2.401651 -15.93391 11
v -1.244162 -16.60219 11
v -3.073628e-15 -16.73205 11
v 1.244162 -16.60219 11
v 2.401651 -15.93391 11
v 3.492998 -15.30382 11
v 4.53503 -14.70221 11
v 5.542015 -14.12082 11
v 6.526506 -13.55243 11
v 7.5 -12.99038 11
v 8.473494 -12.42833 11
v 9.457985 -11.85994 11
v 10.46497 -11.27855 11
v 11.507 -10.67694 11
v 12.59835 -10.04685 11
v 13.75584 -9.378571 11
v 14.49038 -8.366025 11
v 15 -7.223619 11
v 15 -5.887066 11
v 15 -4.626887 11
v 15 -3.423652 11
v 15 -2.260886 11
v 15 -1.124095 11
v 15 0 11.25
v 15 1.124095 11.25
v 15 2.260886 11.25
v 15 3.423652 11.25
v 15 4.626887 11.25
v 15 5.887066 11.25
v 15 7.223619 11.25
v 14.86538 8.582532 11.25
v 13.75584 9.378571 11.25
v 12.59835 10.04685 11.25
v 11.507 10.67694 11.25
v 10.46497 11.27855 11.25
v 9.457985 11.85994 11.25
v 8.473494 12.42833 11.25
v 7.5 12.99038 11.25
v 6.526506 13.55243 11.25
v 5.542015 14.12082 11.25
v 4.53503 14.70221 11.25
v 3.492998 15.30382 11.25
v 2.401651 15.93391 11.25
v 1.244162 16.60219 11.25
v 1.051057e-15 17.16506 11.25
v -1.244162 16.60219 11.25
v -2.401651 15.93391 11.25
v -3.492998 15.30382 11.25
v -4.53503 14.70221 11.25
v -5.542015 14.12082 11.25
v -6.526506 13.55243 11.25
v -7.5 12.99038 11.25
v -8.473494 12.42833 11.25
v -9.457985 11.85994 11.25
v -10.46497 11.27855 11.25
v -11.507 10.67694 11.25
v -12.59835 10.04685 11.25
v -13.75584 9.378571 11.25
v -14.86538 8.582532 11.25
v -15 7.223619 11.25
v -15 5.887066 11.25
v -15 4.626887 11.25
v -15 3.423652 11.25
v -15 2.260886 11.25
v -15 1.124095 11.25
v -15 1.83697e-15 11.25
v -15 -1.124095 11.25
v -15 -2.260886 11.25
v -15 -3.423652 11.25
v -15 -4.626887 11.25
v -15 -5.887066 11.25
v -15 -7.223619 11.25
v -14.86538 -8.582532 11.25
v -13.75584 -9.378571 11.25
v -12.59835 -10.04685 11.25
v -11.507 -10.67694 11.25
v -10.46497 -11.27855 11.25
v -9.457985 -11.85994 11.25
v -8.473494 -12.42833 11.25
v -7.5 -12.99038 11.25
v -6.526506 -13.55243 11.25
v -5.542015 -14.12082 11.25
v -4.53503 -14.70221 11.25
v -3.492998 -15.30382 11.25
v -2.401651 -15.93391 11.25
v -1.244162 -16.60219 11.25
v -3.153171e-15 -17.16506 11.25
v 1.244162 -16.60219 11.25
v 2.401651 -15.93391 11.25
v 3.492998 -15.30382 11.25
v 4.53503 -14.70221 11.25
v 5.542015 -14.12082 11.25
v 6.526506 -13.55243 11.25
v 7.5 -12.99038 11.25
v 8.473494 -12.42833 11.25
v 9.457985 -11.85994 11.25
v 10.46497 -11.27855 11.25
v 11.507 -10.67694 11.25
v 12.59835 -10.04685 11.25
v 13.75584 -9.378571 11.25
v 14.86538 -8.582532 11.25
v 15 -7.223619 11.25
v 15 -5.887066 11.25
v 15 -4.626887 11.25
v 15 -3.423652 11.25
v 15 -2.260886 11.25
v 15 -1.124095 11.25
v 15 0 11.5
v 15 1.124095 11.5
v 15 2.260886 11.5
v 15 3.423652 11.5
v 15 4.626887 11.5
v 15 5.887066 11.5
v 15 7.223619 11.5
v 15 8.660254 11.5
v 13.75584 9.378571 11.5
v 12.59835 10.04685 11.5
v 11.507 10.67694 11.5
v 10.46497 11.27855 11.5
v 9.457985 11.85994 11.5
v 8.473494 12.42833 11.5
v 7.5 12.99038 11.5
v 6.526506 13.55243 11.5
v 5.542015 14.12082 11.5
v 4.53503 14.70221 11.5
v 3.492998 15.30382 11.5
v 2.401651 15.93391 11.5
v 1.244162 16.60219 11.5
v 1.060575e-15 17.32051 11.5
v -1.244162 16.60219 11.5
v -2.401651 15.93391 11.5
v -3.492998 15.30382 11.5
v -4.53503 14.70221 11.5
v -5.542015 14.12082 11.5
v -6.526506 13.55243 11.5
v -7.5 12.99038 11.5
v -8.473494 12.42833 11.5
v -9.457985 11.85994 11.5
v -10.46497 11.27855 11.5
v -11.507 10.67694 11.5
v -12.59835 10.04685 11.5
v -13.75584 9.378571 11.5
v -15 8.660254 11.5
v -15 7.223619 11.5
v -15 5.887066 11.5
v -15 4.626887 11.5
v -15 3.423652 11.5
v -15 2.260886 11.5
v -15 1.124095 11.5
v -15 1.83697e-15 11.5
v -15 -1.124095 11.5
v -15 -2.260886 11.5
v -15 -3.423652 11.5
v -15 -4.626887 11.5
v -15 -5.887066 11.5
v -15 -7.223619 11.5
v -15 -8.660254 11.5
v -13.75584 -9.378571 11.5
v -12.59835 -10.04685 11.5
v -11.507 -10.67694 11.5
v -10.46497 -11.27855 11.5
v -9.457985 -11.85994 11.5
v -8.473494 -12.42833 11.5
v -7.5 -12.99038 11.5
v -6.526506 -13.55243 11.5
v -5.542015 -14.12082 11.5
v -4.53503 -14.70221 11.5
v -3.492998 -15.30382 11.5
v -2.401651 -15.93391 11.5
v -1.244162 -16.60219 11.5
v -3.181726e-15 -17.32051 11.5
v 1.244162 -16.60219 11.5
v 2.401651 -15.93391 11.5
v 3.492998 -15.30382 11.5
v 4.53503 -14.70221 11.5
v 5.542015 -14.12082 11.5
v 6.526506 -13.55243 11.5
v 7.5 -12.99038 11.5
v 8.473494 -12.42833 11.5
v 9.457985 -11.85994 11.5
v 10.46497 -11.27855 11.5
v 11.507 -10.67694 11.5
v 12.59835 -10.04685 11.5
v 13.75584 -9.378571 11.5
v 15 -8.660254 11.5
v 15 -7.223619 11.5
v 15 -5.887066 11.5
v 15 -4.626887 11.5
v 15 -3.423652 11.5
v 15 -2.260886 11.5
v 15 -1.124095 11.5
v 15 0 11.75
v 15 1.124095 11.75
v 15 2.260886 11.75
v 15 3.423652 11.75
v 15 4.626887 11.75
v 15 5.887066 11.75
v 15 7.223619 11.75
v 15 8.660254 11.75
v 13.75584 9.378571 11.75
v 12.59835 10.04685 11.75
v 11.507 10.67694 11.75
v 10.46497 11.27855 11.75
v 9.457985 11.85994 11.75
v 8.473494 12.42833 11.75
v 7.5 12.99038 11.75
v 6.526506 13.55243 11.75
v 5.542015 14.12082 11.75
v 4.53503 14.70221 11.75
v 3.492998 15.30382 11.75
v 2.401651 15.93391 11.75
v 1.244162 16.60219 11.75
v 1.060575e-15 17.32051 11.75
v -1.244162 16.60219 11.75
v -2.401651 15.93391 11.75
v -3.492998 15.30382 11.75
v -4.53503 14.70221 11.75
v -5.542015 14.12082 11.75
v -6.526506 13.55243 11.75
v -7.5 12.99038 11.75
v -8.473494 12.42833 11.75
v -9.457985 11.85994 11.75
v -10.46497 11.27855 11.75
v -11.507 10.67694 11.75
v -12.59835 10.04685 11.75
v -13.75584 9.378571 11.75
v -15 8.660254 11.75
v -15 7.223619 11.75
v -15 5.887066 11.75
v -15 4.626887 11.75
v -15 3.423652 11.75
v -15 2.260886 11.75
v -15 1.124095 11.75
v -15 1.83697e-15 11.75
v -15 -1.124095 11.75
v -15 -2.260886 11.75
v -15 -3.423652 11.75
v -15 -4.626887 11.75
v -15 -5.887066 11.75
v -15 -7.223619 11.75
v -15 -8.660254 11.75
v -13.75584 -9.378571 11.75
v -12.59835 -10.04685 11.75
v -11.507 -10.67694 11.75
v -10.46497 -11.27855 11.75
v -9.457985 -11.85994 11.75
v -8.473494 -12.42833 11.75
v -7.5 -12.99038 11.75
v -6.526506 -13.55243 11.75
v -5.542015 -14.12082 11.75
v -4.53503 -14.70221 11.75
v -3.492998 -15.30382 11.75
v -2.401651 -15.93391 11.75
v -1.244162 -16.60219 11.75
v -3.181726e-15 -17.32051 11.75
v 1.244162 -16.60219 11.75
v 2.401651 -15.93391 11.75
v 3.492998 -15.30382 11.75
v 4.53503 -14.70221 11.75
v 5.542015 -14.12082 11.75
v 6.526506 -13.55243 11.75
v 7.5 -12.99038 11.75
v 8.473494 -12.42833 11.75
v 9.457985 -11.85994 11.75
v 10.46497 -11.27855 11.75
v 11.507 -10.67694 11.75
v 12.59835 -10.04685 11.75
v 13.75584 -9.378571 11.75
v 15 -8.660254 11.75
v 15 -7.223619 11.75
v 15 -5.887066 11.75
v 15 -4.626887 11.75
v 15 -3.423652 11.75
v 15 -2.260886 11.75
v 15 -1.124095 11.75
v 15 0 12
v 15 1.124095 12
v 15 2.260886 12
v 15 3.423652 12
v 15 4.626887 12
v 15 5.887066 12
v 15 7.223619 12
v 15 8.660254 12
v 13.75584 9.378571 12
v 12.59835 10.04685 12
v 11.507 10.67694 12
v 10.46497 11.27855 12
v 9.457985 11.85994 12
v 8.473494 12.42833 12
v 7.5 12.99038 12
v 6.526506 13.55243 12
v 5.542015 14.12082 12
v 4.53503 14.70221 12
v 3.492998 15.30382 12
v 2.401651 15.93391 12
v 1.244162 16.60219 12
v 1.060575e-15 17.32051 12
v -1.244162 16.60219 12
v -2.401651 15.93391 12
v -3.492998 15.30382 12
v -4.53503 14.70221 12
v -5.542015 14.12082 12
v -6.526506 13.55243 12
v -7.5 12.99038 12
v -8.473494 12.42833 12
v -9.457985 11.85994 12
v -10.46497 11.27855 12
v -11.507 10.67694 12
v -12.59835 10.04685 12
v -13.75584 9.378571 12
v -15 8.660254 12
v -15 7.223619 12
v -15 5.887066 12
v -15 4.626887 12
v -15 3.423652 12
v -15 2.260886 12
v -15 1.124095 12
v -15 1.83697e-15 12
v -15 -1.124095 12
v -15 -2.260886 12
v -15 -3.423652 12
v -15 -4.626887 12
v -15 -5.887066 12
v -15 -7.223619 12
v -15 -8.660254 12
v -13.75584 -9.378571 12
v -12.59835 -10.04685 12
v -11.507 -10.67694 12
v -10.46497 -11.27855 12
v -9.457985 -11.85994 12
v -8.473494 -12.42833 12
v -7.5 -12.99038 12
v -6.526506 -13.55243 12
v -5.542015 -14.12082 12
v -4.53503 -14.70221 12
v -3.492998 -15.30382 12
v -2.401651 -15.93391 12
v -1.244162 -16.60219 12
v -3.181726e-15 -17.32051 12
v 1.244162 -16.60219 12
v 2.401651 -15.93391 12
v 3.492998 -15.30382 12
v 4.53503 -14.70221 12
v 5.542015 -14.12082 12
v 6.526506 -13.55243 12
v 7.5 -12.99038 12
v 8.473494 -12.42833 12
v 9.457985 -11.85994 12
v 10.46497 -11.27855 12
v 11.507 -10.67694 12
v 12.59835 -10.04685 12
v 13.75584 -9.378571 12
v 15 -8.660254 12
v 15 -7.223619 12
v 15 -5.887066 12
v 15 -4.626887 12
v 15 -3.423652 12
v 15 -2.260886 12
v 15 -1.124095 12
v 15 0 12.25
v 15 1.124095 12.25
v 15 2.260886 12.25
v 15 3.423652 12.25
v 15 4.626887 12.25
v 15 5.887066 12.25
v 15 7.223619 12.25
v 15 8.660254 12.25
v 13.75584 9.378571 12.25
v 12.59835 10.04685 12.25
v 11.507 10.67694 12.25
v 10.46497 11.27855 12.25
v 9.457985 11.85994 12.25
v 8.473494 12.42833 12.25
v 7.5 12.99038 12.25
v 6.526506 13.55243 12.25
v 5.542015 14.12082 12.25
v 4.53503 14.70221 12.25
v 3.492998 15.30382 12.25
v 2.401651 15.93391 12.25
v 1.244162 16.60219 12.25
v 1.060575e-15 17.32051 12.25
v -1.244162 16.60219 12.25
v -2.401651 15.93391 12.25
v -3.492998 15.30382 12.25
v -4.53503 14.70221 12.25
v -5.542015 14.12082 12.25
v -6.526506 13.55243 12.25
v -7.5 12.99038 12.25
v -8.473494 12.42833 12.25
v -9.457985 11.85994 12.25
v -10.46497 11.27855 12.25
v -11.507 10.67694 12.25
v -12.59835 10.04685 12.25
v -13.75584 9.378571 12.25
v -15 8.660254 12.25
v -15 7.223619 12.25
v -15 5.887066 12.25
v -15 4.626887 12.25
v -15 3.423652 12.25
v -15 2.260886 12.25
v -15 1.124095 12.25
v -15 1.83697e-15 12.25
v -15 -1.124095 12.25
v -15 -2.260886 12.25
v -15 -3.423652 12.25
v -15 -4.626887 12.25
v -15 -5.887066 12.25
v -15 -7.223619 12.25
v -15 -8.660254 12.25
v -13.75584 -9.378571 12.25
v -12.59835 -10.04685 12.25
v -11.507 -10.67694 12.25
v -10.46497 -11.27855 12.25
v -9.457985 -11.85994 12.25
v -8.473494 -12.42833 12.25
v -7.5 -12.99038 12.25
v -6.526506 -13.55243 12.25
v -5.542015 -14.12082 12.25
v -4.53503 -14.70221 12.25
v -3.492998 -15.30382 12.25
v -2.401651 -15.93391 12.25
v -1.244162 -16.60219 12.25
v -3.181726e-15 -17.32051 12.25
v 1.244162 -16.60219 12.25
v 2.401651 -15.93391 12.25
v 3.492998 -15.30382 12.25
v 4.53503 -14.70221 12.25
v 5.542015 -14.12082 12.25
v 6.526506 -13.55243 12.25
v 7.5 -12.99038 12.25
v 8.473494 -12.42833 12.25
v 9.457985 -11.85994 12.25
v 10.46497 -11.27855 12.25
v 11.507 -10.67694 12.25
v 12.59835 -10.04685 12.25
v 13.75584 -9.378571 12.25
v 15 -8.660254 12.25
v 15 -7.223619 12.25
v 15 -5.887066 12.25
v 15 -4.626887 12.25
v 15 -3.423652 12.25
v 15 -2.260886 12.25
v 15 -1.124095 12.25
v 15 0 12.5
v 15 1.124095 12.5
v 15 2.260886 12.5
v 15 3.423652 12.5
v 15 4.626887 12.5
v 15 5.887066 12.5
v 15 7.223619 12.5
v 15 8.660254 12.5
v 13.75584 9.378571 12.5
v 12.59835 10.04685 12.5
v 11.507 10.67694 12.5
v 10.46497 11.27855 12.5
v 9.457985 11.85994 12.5
v 8.473494 12.42833 12.5
v 7.5 12.99038 12.5
v 6.526506 13.55243 12.5
v 5.542015 14.12082 12.5
v 4.53503 14.70221 12.5
v 3.492998 15.30382 12.5
v 2.401651 15.93391 12.5
v 1.244162 16.60219 12.5
v 1.060575e-15 17.32051 12.5
v -1.244162 16.60219 12.5
v -2.401651 15.93391 12.5
v -3.492998 15.30382 12.5
v -4.53503 14.70221 12.5
v -5.542015 14.12082 12.5
v -6.526506 13.55243 12.5
v -7.5 12.99038 12.5
v -8.473494 12.42833 12.5
v -9.457985 11.85994 12.5
v -10.46497 11.27855 12.5
v -11.507 10.67694 12.5
v -12.59835 10.04685 12.5
v -13.75584 9.378571 12.5
v -15 8.660254 12.5
v -15 7.223619 12.5
v -15 5.887066 12.5
v -15 4.626887 12.5
v -15 3.423652 12.5
v -15 2.260886 12.5
v -15 1.124095 12.5
v -15 1.83697e-15 12.5
v -15 -1.124095 12.5
v -15 -2.260886 12.5
v -15 -3.423652 12.5
v -15 -4.626887 12.5
v -15 -5.887066 12.5
v -15 -7.223619 12.5
v -15 -8.660254 12.5
v -13.75584 -9.378571 12.5
v -12.59835 -10.04685 12.5
v -11.507 -10.67694 12.5
v -10.46497 -11.27855 12.5
v -9.457985 -11.85994 12.5
v -8.473494 -12.42833 12.5
v -7.5 -12.99038 12.5
v -6.526506 -13.55243 12.5
v -5.542015 -14.12082 12.5
v -4.53503 -14.70221 12.5
v -3.492998 -15.30382 12.5
v -2.401651 -15.93391 12.5
v -1.244162 -16.60219 12.5
v -3.181726e-15 -17.32051 12.5
v 1.244162 -16.60219 12.5
v 2.401651 -15.93391 12.5
v 3.492998 -15.30382 12.5
v 4.53503 -14.70221 12.5
v 5.542015 -14.12082 12.5
v 6.526506 -13.55243 12.5
v 7.5 -12.99038 12.5
v 8.473494 -12.42833 12.5
v 9.457985 -11.85994 12.5
v 10.46497 -11.27855 12.5
v 11.507 -10.67694 12.5
v 12.59835 -10.04685 12.5
v 13.75584 -9.378571 12.5
v 15 -8.660254 12.5
v 15 -7.223619 12.5
v 15 -5.887066 12.5
v 15 -4.626887 12.5
v 15 -3.423652 12.5
v 15 -2.260886 12.5
v 15 -1.124095 12.5
v 15 0 12.75
v 15 1.124095 12.75
v 15 2.260886 12.75
v 15 3.423652 12.75
v 15 4.626887 12.75
v 15 5.887066 12.75
v 15 7.223619 12.75
v 15 8.660254 12.75
v 13.75584 9.378571 12.75
v 12.59835 10.04685 12.75
v 11.507 10.67694 12.75
v 10.46497 11.27855 12.75
v 9.457985 11.85994 12.75
v 8.473494 12.42833 12.75
v 7.5 12.99038 12.75
v 6.526506 13.55243 12.75
v 5.542015 14.12082 12.75
v 4.53503 14.70221 12.75
v 3.492998 15.30382 12.75
v 2.401651 15.93391 12.75
v 1.244162 16.60219 12.75
v 1.060575e-15 17.32051 12.75
v -1.244162 16.60219 12.75
v -2.401651 15.93391 12.75
v -3.492998 15.30382 12.75
v -4.53503 14.70221 12.75
v -5.542015 14.12082 12.75
v -6.526506 13.55243 12.75
v -7.5 12.99038 12.75
v -8.473494 12.42833 12.75
v -9.457985 11.85994 12.75
v -10.46497 11.27855 12.75
v -11.507 10.67694 12.75
v -12.59835 10.04685 12.75
v -13.75584 9.378571 12.75
v -15 8.660254 12.75
v -15 7.223619 12.75
v -15 5.887066 12.75
v -15 4.626887 12.75
v -15 3.423652 12.75
v -15 2.260886 12.75
v -15 1.124095 12.75
v -15 1.83697e-15 12.75
v -15 -1.124095 12.75
v -15 -2.260886 12.75
v -15 -3.423652 12.75
v -15 -4.626887 12.75
v -15 -5.887066 12.75
v -15 -7.223619 12.75
v -15 -8.660254 12.75
v -13.75584 -9.378571 12.75
v -12.59835 -10.04685 12.75
v -11.507 -10.67694 12.75
v -10.46497 -11.27855 12.75
v -9.457985 -11.85994 12.75
v -8.473494 -12.42833 12.75
v -7.5 -12.99038 12.75
v -6.526506 -13.55243 12.75
v -5.542015 -14.12082 12.75
v -4.53503 -14.70221 12.75
v -3.492998 -15.30382 12.75
v -2.401651 -15.93391 12.75
v -1.244162 -16.60219 12.75
v -3.181726e-15 -17.32051 12.75
v 1.244162 -16.60219 12.75
v 2.401651 -15.93391 12.75
v 3.492998 -15.30382 12.75
v 4.53503 -14.70221 12.75
v 5.542015 -14.12082 12.75
v 6.526506 -13.55243 12.75
v 7.5 -12.99038 12.75
v 8.473494 -12.42833 12.75
v 9.457985 -11.85994 12.75
v 10.46497 -11.27855 12.75
v 11.507 -10.67694 12.75
v 12.59835 -10.04685 12.75
v 13.75584 -9.378571 12.75
v 15 -8.660254 12.75
v 15 -7.223619 12.75
v 15 -5.887066 12.75
v 15 -4.626887 12.75
v 15 -3.423652 12.75
v 15 -2.260886 12.75
v 15 -1.124095 12.75
v 15 0 13
v 15 1.124095 13
v 15 2.260886 13
v 15 3.423652 13
v 15 4.626887 13
v 15 5.887066 13
v 15 7.223619 13
v 15 8.660254 13
v 13.75584 9.378571 13
v 12.59835 10.04685 13
v 11.507 10.67694 13
v 10.46497 11.27855 13
v 9.457985 11.85994 13
v 8.473494 12.42833 13
v 7.5 12.99038 13
v 6.526506 13.55243 13
v 5.542015 14.12082 13
v 4.53503 14.70221 13
v 3.492998 15.30382 13
v 2.401651 15.93391 13
v 1.244162 16.60219 13
v 1.060575e-15 17.32051 13
v -1.244162 16.60219 13
v -2.401651 15.93391 13
v -3.492998 15.30382 13
v -4.53503 14.70221 13
v -5.542015 14.12082 13
v -6.526506 13.55243 13
v -7.5 12.99038 13
v -8.473494 12.42833 13
v -9.457985 11.85994 13
v -10.46497 11.27855 13
v -11.507 10.67694 13
v -12.59835 10.04685 13
v -13.75584 9.378571 13
v -15 8.660254 13
v -15 7.223619 13
v -15 5.887066 13
v -15 4.626887 13
v -15 3.423652 13
v -15 2.260886 13
v -15 1.124095 13
v -15 1.83697e-15 13
v -15 -1.124095 13
v -15 -2.260886 13
v -15 -3.423652 13
v -15 -4.626887 13
v -15 -5.887066 13
v -15 -7.223619 13
v -15 -8.660254 13
v -13.75584 -9.378571 13
v -12.59835 -10.04685 13
v -11.507 -10.67694 13
v -10.46497 -11.27855 13
v -9.457985 -11.85994 13
v -8.473494 -12.42833 13
v -7.5 -12.99038 13
v -6.526506 -13.55243 13
v -5.542015 -14.12082 13
v -4.53503 -14.70221 13
v -3.492998 -15.30382 13
v -2.401651 -15.93391 13
v -1.244162 -16.60219 13
v -3.181726e-15 -17.32051 13
v 1.244162 -16.60219 13
v 2.401651 -15.93391 13
v 3.492998 -15.30382 13
v 4.53503 -14.70221 13
v 5.542015 -14.12082 13
v 6.526506 -13.55243 13
v 7.5 -12.99038 13
v 8.473494 -12.42833 13
v 9.457985 -11.85994 13
v 10.46497 -11.27855 13
v 11.507 -10.67694 13
v 12.59835 -10.04685 13
v 13.75584 -9.378571 13
v 15 -8.660254 13
v 15 -7.223619 13
v 15 -5.887066 13
v 15 -4.626887 13
v 15 -3.423652 13
v 15 -2.260886 13
v 15 -1.124095 13
v 15 0 13.25
v 15 1.124095 13.25
v 15 2.260886 13.25
v 15 3.423652 13.25
v 15 4.626887 13.25
v 15 5.887066 13.25
v 15 7.223619 13.25
v 15 8.660254 13.25
v 13.75584 9.378571 13.25
v 12.59835 10.04685 13.25
v 11.507 10.67694 13.25
v 10.46497 11.27855 13.25
v 9.457985 11.85994 13.25
v 8.473494 12.42833 13.25
v 7.5 12.99038 13.25
v 6.526506 13.55243 13.25
v 5.542015 14.12082 13.25
v 4.53503 14.70221 13.25
v 3.492998 15.30382 13.25
v 2.401651 15.93391 13.25
v 1.244162 16.60219 13.25
v 1.060575e-15 17.32051 13.25
v -1.244162 16.60219 13.25
v -2.401651 15.93391 13.25
v -3.492998 15.30382 13.25
v -4.53503 14.70221 13.25
v -5.542015 14.12082 13.25
v -6.526506 13.55243 13.25
v -7.5 12.99038 13.25
v -8.473494 12.42833 13.25
v -9.457985 11.85994 13.25
v -10.46497 11.27855 13.25
v -11.507 10.67694 13.25
v -12.59835 10.04685 13.25
v -13.75584 9.378571 13.25
v -15 8.660254 13.25
v -15 7.223619 13.25
v -15 5.887066 13.25
v -15 4.626887 13.25
v -15 3.423652 13.25
v -15 2.260886 13.25
v -15 1.124095 13.25
v -15 1.83697e-15 13.25
v -15 -1.124095 13.25
v -15 -2.260886 13.25
v -15 -3.423652 13.25
v -15 -4.626887 13.25
v -15 -5.887066 13.25
v -15 -7.223619 13.25
v -15 -8.660254 13.25
v -13.75584 -9.378571 13.25
v -12.59835 -10.04685 13.25
v -11.507 -10.67694 13.25
v -10.46497 -11.27855 13.25
v -9.457985 -11.85994 13.25
v -8.473494 -12.42833 13.25
v -7.5 -12.99038 13.25
v -6.526506 -13.55243 13.25
v -5.542015 -14.12082 13.25
v -4.53503 -14.70221 13.25
v -3.492998 -15.30382 13.25
v -2.401651 -15.93391 13.25
v -1.244162 -16.60219 13.25
v -3.181726e-15 -17.32051 13.25
v 1.244162 -16.60219 13.25
v 2.401651 -15.93391 13.25
v 3.492998 -15.30382 13.25
v 4.53503 -14.70221 13.25
v 5.542015 -14.12082 13.25
v 6.526506 -13.55243 13.25
v 7.5 -12.99038 13.25
v 8.473494 -12.42833 13.25
v 9.457985 -11.85994 13.25
v 10.46497 -11.27855 13.25
v 11.507 -10.67694 13.25
v 12.59835 -10.04685 13.25
v 13.75584 -9.378571 13.25
v 15 -8.660254 13.25
v 15 -7.223619 13.25
v 15 -5.887066 13.25
v 15 -4.626887 13.25
v 15 -3.423652 13.25
v 15 -2.260886 13.25
v 15 -1.124095 13.25
v 15 0 13.5
v 15 1.124095 13.5
v 15 2.260886 13.5
v 15 3.423652 13.5
v 15 4.626887 13.5
v 15 5.887066 13.5
v 15 7.223619 13.5
v 15 8.660254 13.5
v 13.75584 9.378571 13.5
v 12.59835 10.04685 13.5
v 11.507 10.67694 13.5
v 10.46497 11.27855 13.5
v 9.457985 11.85994 13.5
v 8.473494 12.42833 13.5
v 7.5 12.99038 13.5
v 6.526506 13.55243 13.5
v 5.542015 14.12082 13.5
v 4.53503 14.70221 13.5
v 3.492998 15.30382 13.5
v 2.401651 15.93391 13.5
v 1.244162 16.60219 13.5
v 1.060575e-15 17.32051 13.5
v -1.244162 16.60219 13.5
v -2.401651 15.93391 13.5
v -3.492998 15.30382 13.5
v -4.53503 14.70221 13.5
v -5.542015 14.12082 13.5
v -6.526506 13.55243 13.5
v -7.5 12.99038 13.5
v -8.473494 12.42833 13.5
v -9.457985 11.85994 13.5
v -10.46497 11.27855 13.5
v -11.507 10.67694 13.5
v -12.59835 10.04685 13.5
v -13.75584 9.378571 13.5
v -15 8.660254 13.5
v -15 7.223619 13.5
v -15 5.887066 13.5
v -15 4.626887 13.5
v -15 3.423652 13.5
v -15 2.260886 13.5
v -15 1.124095 13.5
v -15 1.83697e-15 13.5
v -15 -1.124095 13.5
v -15 -2.260886 13.5
v -15 -3.423652 13.5
v -15 -4.626887 13.5
v -15 -5.887066 13.5
v -15 -7.223619 13.5
v -15 -8.660254 13.5
v -13.75584 -9.378571 13.5
v -12.59835 -10.04685 13.5
v -11.507 -10.67694 13.5
v -10.46497 -11.27855 13.5
v -9.457985 -11.85994 13.5
v -8.473494 -12.42833 13.5
v -7.5 -12.99038 13.5
v -6.526506 -13.55243 13.5
v -5.542015 -14.12082 13.5
v -4.53503 -14.70221 13.5
v -3.492998 -15.30382 13.5
v -2.401651 -15.93391 13.5
v -1.244162 -16.60219 13.5
v -3.181726e-15 -17.32051 13.5
v 1.244162 -16.60219 13.5
v 2.401651 -15.93391 13.5
v 3.492998 -15.30382 13.5
v 4.53503 -14.70221 13.5
v 5.542015 -14.12082 13.5
v 6.526506 -13.55243 13.5
v 7.5 -12.99038 13.5
v 8.473494 -12.42833 13.5
v 9.457985 -11.85994 13.5
v 10.46497 -11.27855 13.5
v 11.507 -10.67694 13.5
v 12.59835 -10.04685 13.5
v 13.75584 -9.378571 13.5
v 15 -8.660254 13.5
v 15 -7.223619 13.5
v 15 -5.887066 13.5
v 15 -4.626887 13.5
v 15 -3.423652 13.5
v 15 -2.260886 13.5
v 15 -1.124095 13.5
v 15 0 13.75
v 15 1.124095 13.75
v 15 2.260886 13.75
v 15 3.423652 13.75
v 15 4.626887 13.75
v 15 5.887066 13.75
v 15 7.223619 13.75
v 15 8.660254 13.75
v 13.75584 9.378571 13.75
v 12.59835 10.04685 13.75
v 11.507 10.67694 13.75
v 10.46497 11.27855 13.75
v 9.457985 11.85994 13.75
v 8.473494 12.42833 13.75
v 7.5 12.99038 13.75
v 6.526506 13.55243 13.75
v 5.542015 14.12082 13.75
v 4.53503 14.70221 13.75
v 3.492998 15.30382 13.75
v 2.401651 15.93391 13.75
v 1.244162 16.60219 13.75
v 1.060575e-15 17.32051 13.75
v -1.244162 16.60219 13.75
v -2.401651 15.93391 13.75
v -3.492998 15.30382 13.75
v -4.53503 14.70221 13.75
v -5.542015 14.12082 13.75
v -6.526506 13.55243 13.75
v -7.5 12.99038 13.75
v -8.473494 12.42833 13.75
v -9.457985 11.85994 13.75
v -10.46497 11.27855 13.75
v -11.507 10.67694 13.75
v -12.59835 10.04685 13.75
v -13.75584 9.378571 13.75
v -15 8.660254 13.75
v -15 7.223619 13.75
v -15 5.887066 13.75
v -15 4.626887 13.75
v -15 3.423652 13.75
v -15 2.260886 13.75
v -15 1.124095 13.75
v -15 1.83697e-15 13.75
v -15 -1.124095 13.75
v -15 -2.260886 13.75
v -15 -3.423652 13.75
v -15 -4.626887 13.75
v -15 -5.887066 13.75
v -15 -7.223619 13.75
v -15 -8.660254 13.75
v -13.75584 -9.378571 13.75
v -12.59835 -10.04685 13.75
v -11.507 -10.67694 13.75
v -10.46497 -11.27855 13.75
v -9.457985 -11.85994 13.75
v -8.473494 -12.42833 13.75
v -7.5 -12.99038 13.75
v -6.526506 -13.55243 13.75
v -5.542015 -14.12082 13.75
v -4.53503 -14.70221 13.75
v -3.492998 -15.30382 13.75
v -2.401651 -15.93391 13.75
v -1.244162 -16.60219 13.75
v -3.181726e-15 -17.32051 13.75
v 1.244162 -16.60219 13.75
v 2.401651 -15.93391 13.75
v 3.492998 -15.30382 13.75
v 4.53503 -14.70221 13.75
v 5.542015 -14.12082 13.75
v 6.526506 -13.55243 13.75
v 7.5 -12.99038 13.75
v 8.473494 -12.42833 13.75
v 9.457985 -11.85994 13.75
v 10.46497 -11.27855 13.75
v 11.507 -10.67694 13.75
v 12.59835 -10.04685 13.75
v 13.75584 -9.378571 13.75
v 15 -8.660254 13.75
v 15 -7.223619 13.75
v 15 -5.887066 13.75
v 15 -4.626887 13.75
v 15 -3.423652 13.75
v 15 -2.260886 13.75
v 15 -1.124095 13.75
v 15 0 14
v 15 1.124095 14
v 15 2.260886 14
v 15 3.423652 14
v 15 4.626887 14
v 15 5.887066 14
v 15 7.223619 14
v 15 8.660254 14
v 13.75584 9.378571 14
v 12.59835 10.04685 14
v 11.507 10.67694 14
v 10.46497 11.27855 14
v 9.457985 11.85994 14
v 8.473494 12.42833 14
v 7.5 12.99038 14
v 6.526506 13.55243 14
v 5.542015 14.12082 14
v 4.53503 14.70221 14
v 3.492998 15.30382 14
v 2.401651 15.93391 14
v 1.244162 16.60219 14
v 1.060575e-15 17.32051 14
v -1.244162 16.60219 14
v -2.401651 15.93391 14
v -3.492998 15.30382 14
v -4.53503 14.70221 14
v -5.542015 14.12082 14
v -6.526506 13.55243 14
v -7.5 12.99038 14
v -8.473494 12.42833 14
v -9.457985 11.85994 14
v -10.46497 11.27855 14
v -11.507 10.67694 14
v -12.59835 10.04685 14
v -13.75584 9.378571 14
v -15 8.660254 14
v -15 7.223619 14
v -15 5.887066 14
v -15 4.626887 14
v -15 3.423652 14
v -15 2.260886 14
v -15 1.124095 14
v -15 1.83697e-15 14
v -15 -1.124095 14
v -15 -2.260886 14
v -15 -3.423652 14
v -15 -4.626887 14
v -15 -5.887066 14
v -15 -7.223619 14
v -15 -8.660254 14
v -13.75584 -9.378571 14
v -12.59835 -10.04685 14
v -11.507 -10.67694 14
v -10.46497 -11.27855 14
v -9.457985 -11.85994 14
v -8.473494 -12.42833 14
v -7.5 -12.99038 14
v -6.526506 -13.55243 14
v -5.542015 -14.12082 14
v -4.53503 -14.70221 14
v -3.492998 -15.30382 14
v -2.401651 -15.93391 14
v -1.244162 -16.60219 14
v -3.181726e-15 -17.32051 14
v 1.244162 -16.60219 14
v 2.401651 -15.93391 14
v 3.492998 -15.30382 14
v 4.53503 -14.70221 14
v 5.542015 -14.12082 14
v 6.526506 -13.55243 14
v 7.5 -12.99038 14
v 8.473494 -12.42833 14
v 9.457985 -11.85994 14
v 10.46497 -11.27855 14
v 11.507 -10.67694 14
v 12.59835 -10.04685 14
v 13.75584 -9.378571 14
v 15 -8.660254 14
v 15 -7.223619 14
v 15 -5.887066 14
v 15 -4.626887 14
v 15 -3.423652 14
v 15 -2.260886 14
v 15 -1.124095 14
v 15 0 14.25
v 15 1.124095 14.25
v 15 2.260886 14.25
v 15 3.423652 14.25
v 15 4.626887 14.25
v 15 5.887066 14.25
v 15 7.223619 14.25
v 15 8.660254 14.25
v 13.75584 9.378571 14.25
v 12.59835 10.04685 14.25
v 11.507 10.67694 14.25
v 10.46497 11.27855 14.25
v 9.457985 11.85994 14.25
v 8.473494 12.42833 14.25
v 7.5 12.99038 14.25
v 6.526506 13.55243 14.25
v 5.542015 14.12082 14.25
v 4.53503 14.70221 14.25
v 3.492998 15.30382 14.25
v 2.401651 15.93391 14.25
v 1.244162 16.60219 14.25
v 1.060575e-15 17.32051 14.25
v -1.244162 16.60219 14.25
v -2.401651 15.93391 14.25
v -3.492998 15.30382 14.25
v -4.53503 14.70221 14.25
v -5.542015 14.12082 14.25
v -6.526506 13.55243 14.25
v -7.5 12.99038 14.25
v -8.473494 12.42833 14.25
v -9.457985 11.85994 14.25
v -10.46497 11.27855 14.25
v -11.507 10.67694 14.25
v -12.59835 10.04685 14.25
v -13.75584 9.378571 14.25
v -15 8.660254 14.25
v -15 7.223619 14.25
v -15 5.887066 14.25
v -15 4.626887 14.25
v -15 3.423652 14.25
v -15 2.260886 14.25
v -15 1.124095 14.25
v -15 1.83697e-15 14.25
v -15 -1.124095 14.25
v -15 -2.260886 14.25
v -15 -3.423652 14.25
v -15 -4.626887 14.25
v -15 -5.887066 14.25
v -15 -7.223619 14.25
v -15 -8.660254 14.25
v -13.75584 -9.378571 14.25
v -12.59835 -10.04685 14.25
v -11.507 -10.67694 14.25
v -10.46497 -11.27855 14.25
v -9.457985 -11.85994 14.25
v -8.473494 -12.42833 14.25
v -7.5 -12.99038 14.25
v -6.526506 -13.55243 14.25
v -5.542015 -14.12082 14.25
v -4.53503 -14.70221 14.25
v -3.492998 -15.30382 14.25
v -2.401651 -15.93391 14.25
v -1.244162 -16.60219 14.25
v -3.181726e-15 -17.32051 14.25
v 1.244162 -16.60219 14.25
v 2.401651 -15.93391 14.25
v 3.492998 -15.30382 14.25
v 4.53503 -14.70221 14.25
v 5.542015 -14.12082 14.25
v 6.526506 -13.55243 14.25
v 7.5 -12.99038 14.25
v 8.473494 -12.42833 14.25
v 9.457985 -11.85994 14.25
v 10.46497 -11.27855 14.25
v 11.507 -10.67694 14.25
v 12.59835 -10.04685 14.25
v 13.75584 -9.378571 14.25
v 15 -8.660254 14.25
v 15 -7.223619 14.25
v 15 -5.887066 14.25
v 15 -4.626887 14.25
v 15 -3.423652 14.25
v 15 -2.260886 14.25
v 15 -1.124095 14.25
v 15 0 14.5
v 15 1.124095 14.5
v 15 2.260886 14.5
v 15 3.423652 14.5
v 15 4.626887 14.5
v 15 5.887066 14.5
v 15 7.223619 14.5
v 15 8.660254 14.5
v 13.75584 9.378571 14.5
v 12.59835 10.04685 14.5
v 11.507 10.67694 14.5
v 10.46497 11.27855 14.5
v 9.457985 11.85994 14.5
v 8.473494 12.42833 14.5
v 7.5 12.99038 14.5
v 6.526506 13.55243 14.5
v 5.542015 14.12082 14.5
v 4.53503 14.70221 14.5
v 3.492998 15.30382 14.5
v 2.401651 15.93391 14.5
v 1.244162 16.60219 14.5
v 1.060575e-15 17.32051 14.5
v -1.244162 16.60219 14.5
v -2.401651 15.93391 14.5
v -3.492998 15.30382 14.5
v -4.53503 14.70221 14.5
v -5.542015 14.12082 14.5
v -6.526506 13.55243 14.5
v -7.5 12.99038 14.5
v -8.473494 12.42833 14.5
v -9.457985 11.85994 14.5
v -10.46497 11.27855 14.5
v -11.507 10.67694 14.5
v -12.59835 10.04685 14.5
v -13.75584 9.378571 14.5
v -15 8.660254 14.5
v -15 7.223619 14.5
v -15 5.887066 14.5
v -15 4.626887 14.5
v -15 3.423652 14.5
v -15 2.260886 14.5
v -15 1.124095 14.5
v -15 1.83697e-15 14.5
v -15 -1.124095 14.5
v -15 -2.260886 14.5
v -15 -3.423652 14.5
v -15 -4.626887 14.5
v -15 -5.887066 14.5
v -15 -7.223619 14.5
v -15 -8.660254 14.5
v -13.75584 -9.378571 14.5
v -12.59835 -10.04685 14.5
v -11.507 -10.67694 14.5
v -10.46497 -11.27855 14.5
v -9.457985 -11.85994 14.5
v -8.473494 -12.42833 14.5
v -7.5 -12.99038 14.5
v -6.526506 -13.55243 14.5
v -5.542015 -14.12082 14.5
v -4.53503 -14.70221 14.5
v -3.492998 -15.30382 14.5
v -2.401651 -15.93391 14.5
v -1.244162 -16.60219 14.5
v -3.181726e-15 -17.32051 14.5
v 1.244162 -16.60219 14.5
v 2.401651 -15.93391 14.5
v 3.492998 -15.30382 14.5
v 4.53503 -14.70221 14.5
v 5.542015 -14.12082 14.5
v 6.526506 -13.55243 14.5
v 7.5 -12.99038 14.5
v 8.473494 -12.42833 14.5
v 9.457985 -11.85994 14.5
v 10.46497 -11.27855 14.5
v 11.507 -10.67694 14.5
v 12.59835 -10.04685 14.5
v 13.75584 -9.378571 14.5
v 15 -8.660254 14.5
v 15 -7.223619 14.5
v 15 -5.887066 14.5
v 15 -4.626887 14.5
v 15 -3.423652 14.5
v 15 -2.260886 14.5
v 15 -1.124095 14.5
v 15 0 14.75
v 15 1.124095 14.75
v 15 2.260886 14.75
v 15 3.423652 14.75
v 15 4.626887 14.75
v 15 5.887066 14.75
v 15 7.223619 14.75
v 15 8.660254 14.75
v 13.75584 9.378571 14.75
v 12.59835 10.04685 14.75
v 11.507 10.67694 14.75
v 10.46497 11.27855 14.75
v 9.457985 11.85994 14.75
v 8.473494 12.42833 14.75
v 7.5 12.99038 14.75
v 6.526506 13.55243 14.75
v 5.542015 14.12082 14.75
v 4.53503 14.70221 14.75
v 3.492998 15.30382 14.75
v 2.401651 15.93391 14.75
v 1.244162 16.60219 14.75
v 1.060575e-15 17.32051 14.75
v -1.244162 16.60219 14.75
v -2.401651 15.93391 14.75
v -3.492998 15.30382 14.75
v -4.53503 14.70221 14.75
v -5.542015 14.12082 14.75
v -6.526506 13.55243 14.75
v -7.5 12.99038 14.75
v -8.473494 12.42833 14.75
v -9.457985 11.85994 14.75
v -10.46497 11.27855 14.75
v -11.507 10.67694 14.75
v -12.59835 10.04685 14.75
v -13.75584 9.378571 14.75
v -15 8.660254 14.75
v -15 7.223619 14.75
v -15 5.887066 14.75
v -15 4.626887 14.75
v -15 3.423652 14.75
v -15 2.260886 14.75
v -15 1.124095 14.75
v -15 1.83697e-15 14.75
v -15 -1.124095 14.75
v -15 -2.260886 14.75
v -15 -3.423652 14.75
v -15 -4.626887 14.75
v -15 -5.887066 14.75
v -15 -7.223619 14.75
v -15 -8.660254 14.75
v -13.75584 -9.378571 14.75
v -12.59835 -10.04685 14.75
v -11.507 -10.67694 14.75
v -10.46497 -11.27855 14.75
v -9.457985 -11.85994 14.75
v -8.473494 -12.42833 14.75
v -7.5 -12.99038 14.75
v -6.526506 -13.55243 14.75
v -5.542015 -14.12082 14.75
v -4.53503 -14.70221 14.75
v -3.492998 -15.30382 14.75
v -2.401651 -15.93391 14.75
v -1.244162 -16.60219 14.75
v -3.181726e-15 -17.32051 14.75
v 1.244162 -16.60219 14.75
v 2.401651 -15.93391 14.75
v 3.492998 -15.30382 14.75
v 4.53503 -14.70221 14.75
v 5.542015 -14.12082 14.75
v 6.526506 -13.55243 14.75
v 7.5 -12.99038 14.75
v 8.473494 -12.42833 14.75
v 9.457985 -11.85994 14.75
v 10.46497 -11.27855 14.75
v 11.507 -10.67694 14.75
v 12.59835 -10.04685 14.75
v 13.75584 -9.378571 14.75
v 15 -8.660254 14.75
v 15 -7.223619 14.75
v 15 -5.887066 14.75
v 15 -4.626887 14.75
v 15 -3.423652 14.75
v 15 -2.260886 14.75
v 15 -1.124095 14.75
v 15 0 15
v 15 1.124095 15
v 15 2.260886 15
v 15 3.423652 15
v 15 4.626887 15
v 15 5.887066 15
v 15 7.223619 15
v 15 8.660254 15
v 13.75584 9.378571 15
v 12.59835 10.04685 15
v 11.507 10.67694 15
v 10.46497 11.27855 15
v 9.457985 11.85994 15
v 8.473494 12.42833 15
v 7.5 12.99038 15
v 6.526506 13.55243 15
v 5.542015 14.12082 15
v 4.53503 14.70221 15
v 3.492998 15.30382 15
v 2.401651 15.93391 15
v 1.244162 16.60219 15
v 1.060575e-15 17.32051 15
v -1.244162 16.60219 15
v -2.401651 15.93391 15
v -3.492998 15.30382 15
v -4.53503 14.70221 15
v -5.542015 14.12082 15
v -6.526506 13.55243 15
v -7.5 12.99038 15
v -8.473494 12.42833 15
v -9.457985 11.85994 15
v -10.46497 11.27855 15
v -11.507 10.67694 15
v -12.59835 10.04685 15
v -13.75584 9.378571 15
v -15 8.660254 15
v -15 7.223619 15
v -15 5.887066 15
v -15 4.626887 15
v -15 3.423652 15
v -15 2.260886 15
v -15 1.124095 15
v -15 1.83697e-15 15
v -15 -1.124095 15
v -15 -2.260886 15
v -15 -3.423652 15
v -15 -4.626887 15
v -15 -5.887066 15
v -15 -7.223619 15
v -15 -8.660254 15
v -13.75584 -9.378571 15
v -12.59835 -10.04685 15
v -11.507 -10.67694 15
v -10.46497 -11.27855 15
v -9.457985 -11.85994 15
v -8.473494 -12.42833 15
v -7.5 -12.99038 15
v -6.526506 -13.55243 15
v -5.542015 -14.12082 15
v -4.53503 -14.70221 15
v -3.492998 -15.30382 15
v -2.401651 -15.93391 15
v -1.244162 -16.60219 15
v -3.181726e-15 -17.32051 15
v 1.244162 -16.60219 15
v 2.401651 -15.93391 15
v 3.492998 -15.30382 15
v 4.53503 -14.70221 15
v 5.542015 -14.12082 15
v 6.526506 -13.55243 15
v 7.5 -12.99038 15
v 8.473494 -12.42833 15
v 9.457985 -11.85994 15
v 10.46497 -11.27855 15
v 11.507 -10.67694 15
v 12.59835 -10.04685 15
v 13.75584 -9.378571 15
v 15 -8.660254 15
v 15 -7.223619 15
v 15 -5.887066 15
v 15 -4.626887 15
v 15 -3.423652 15
v 15 -2.260886 15
v 15 -1.124095 15
v 15 0 15.25
v 15 1.124095 15.25
v 15 2.260886 15.25
v 15 3.423652 15.25
v 15 4.626887 15.25
v 15 5.887066 15.25
v 15 7.223619 15.25
v 15 8.660254 15.25
v 13.75584 9.378571 15.25
v 12.59835 10.04685 15.25
v 11.507 10.67694 15.25
v 10.46497 11.27855 15.25
v 9.457985 11.85994 15.25
v 8.473494 12.42833 15.25
v 7.5 12.99038 15.25
v 6.526506 13.55243 15.25
v 5.542015 14.12082 15.25
v 4.53503 14.70221 15.25
v 3.492998 15.30382 15.25
v 2.401651 15.93391 15.25
v 1.244162 16.60219 15.25
v 1.060575e-15 17.32051 15.25
v -1.244162 16.60219 15.25
v -2.401651 15.93391 15.25
v -3.492998 15.30382 15.25
v -4.53503 14.70221 15.25
v -5.542015 14.12082 15.25
v -6.526506 13.55243 15.25
v -7.5 12.99038 15.25
v -8.473494 12.42833 15.25
v -9.457985 11.85994 15.25
v -10.46497 11.27855 15.25
v -11.507 10.67694 15.25
v -12.59835 10.04685 15.25
v -13.75584 9.378571 15.25
v -15 8.660254 15.25
v -15 7.223619 15.25
v -15 5.887066 15.25
v -15 4.626887 15.25
v -15 3.423652 15.25
v -15 2.260886 15.25
v -15 1.124095 15.25
v -15 1.83697e-15 15.25
v -15 -1.124095 15.25
v -15 -2.260886 15.25
v -15 -3.423652 15.25
v -15 -4.626887 15.25
v -15 -5.887066 15.25
v -15 -7.223619 15.25
v -15 -8.660254 15.25
v -13.75584 -9.378571 15.25
v -12.59835 -10.04685 15.25
v -11.507 -10.67694 15.25
v -10.46497 -11.27855 15.25
v -9.457985 -11.85994 15.25
v -8.473494 -12.42833 15.25
v -7.5 -12.99038 15.25
v -6.526506 -13.55243 15.25
v -5.542015 -14.12082 15.25
v -4.53503 -14.70221 15.25
v -3.492998 -15.30382 15.25
v -2.401651 -15.93391 15.25
v -1.244162 -16.60219 15.25
v -3.181726e-15 -17.32051 15.25
v 1.244162 -16.60219 15.25
v 2.401651 -15.93391 15.25
v 3.492998 -15.30382 15.25
v 4.53503 -14.70221 15.25
v 5.542015 -14.12082 15.25
v 6.526506 -13.55243 15.25
v 7.5 -12.99038 15.25
v 8.473494 -12.42833 15.25
v 9.457985 -11.85994 15.25
v 10.46497 -11.27855 15.25
v 11.507 -10.67694 15.25
v 12.59835 -10.04685 15.25
v 13.75584 -9.378571 15.25
v 15 -8.660254 15.25
v 15 -7.223619 15.25
v 15 -5.887066 15.25
v 15 -4.626887 15.25
v 15 -3.423652 15.25
v 15 -2.260886 15.25
v 15 -1.124095 15.25
v 15 0 15.5
v 15 1.124095 15.5
v 15 2.260886 15.5
v 15 3.423652 15.5
v 15 4.626887 15.5
v 15 5.887066 15.5
v 15 7.223619 15.5
v 15 8.660254 15.5
v 13.75584 9.378571 15.5
v 12.59835 10.04685 15.5
v 11.507 10.67694 15.5
v 10.46497 11.27855 15.5
v 9.457985 11.85994 15.5
v 8.473494 12.42833 15.5
v 7.5 12.99038 15.5
v 6.526506 13.55243 15.5
v 5.542015 14.12082 15.5
v 4.53503 14.70221 15.5
v 3.492998 15.30382 15.5
v 2.401651 15.93391 15.5
v 1.244162 16.60219 15.5
v 1.060575e-15 17.32051 15.5
v -1.244162 16.60219 15.5
v -2.401651 15.93391 15.5
v -3.492998 15.30382 15.5
v -4.53503 14.70221 15.5
v -5.542015 14.12082 15.5
v -6.526506 13.55243 15.5
v -7.5 12.99038 15.5
v -8.473494 12.42833 15.5
v -9.457985 11.85994 15.5
v -10.46497 11.27855 15.5
v -11.507 10.67694 15.5
v -12.59835 10.04685 15.5
v -13.75584 9.378571 15.5
v -15 8.660254 15.5
v -15 7.223619 15.5
v -15 5.887066 15.5
v -15 4.626887 15.5
v -15 3.423652 15.5
v -15 2.260886 15.5
v -15 1.124095 15.5
v -15 1.83697e-15 15.5
v -15 -1.124095 15.5
v -15 -2.260886 15.5
v -15 -3.423652 15.5
v -15 -4.626887 15.5
v -15 -5.887066 15.5
v -15 -7.223619 15.5
v -15 -8.660254 15.5
v -13.75584 -9.378571 15.5
v -12.59835 -10.04685 15.5
v -11.507 -10.67694 15.5
v -10.46497 -11.27855 15.5
v -9.457985 -11.85994 15.5
v -8.473494 -12.42833 15.5
v -7.5 -12.99038 15.5
v -6.526506 -13.55243 15.5
v -5.542015 -14.12082 15.5
v -4.53503 -14.70221 15.5
v -3.492998 -15.30382 15.5
v -2.401651 -15.93391 15.5
v -1.244162 -16.60219 15.5
v -3.181726e-15 -17.32051 15.5
v 1.244162 -16.60219 15.5
v 2.401651 -15.93391 15.5
v 3.492998 -15.30382 15.5
v 4.53503 -14.70221 15.5
v 5.542015 -14.12082 15.5
v 6.526506 -13.55243 15.5
v 7.5 -12.99038 15.5
v 8.473494 -12.42833 15.5
v 9.457985 -11.85994 15.5
v 10.46497 -11.27855 15.5
v 11.507 -10.67694 15.5
v 12.59835 -10.04685 15.5
v 13.75584 -9.378571 15.5
v 15 -8.660254 15.5
v 15 -7.223619 15.5
v 15 -5.887066 15.5
v 15 -4.626887 15.5
v 15 -3.423652 15.5
v 15 -2.260886 15.5
v 15 -1.124095 15.5
v 15 0 15.75
v 15 1.124095 15.75
v 15 2.260886 15.75
v 15 3.423652 15.75
v 15 4.626887 15.75
v 15 5.887066 15.75
v 15 7.223619 15.75
v 15 8.660254 15.75
v 13.75584 9.378571 15.75
v 12.59835 10.04685 15.75
v 11.507 10.67694 15.75
v 10.46497 11.27855 15.75
v 9.457985 11.85994 15.75
v 8.473494 12.42833 15.75
v 7.5 12.99038 15.75
v 6.526506 13.55243 15.75
v 5.542015 14.12082 15.75
v 4.53503 14.70221 15.75
v 3.492998 15.30382 15.75
v 2.401651 15.93391 15.75
v 1.244162 16.60219 15.75
v 1.060575e-15 17.32051 15.75
v -1.244162 16.60219 15.75
v -2.401651 15.93391 15.75
v -3.492998 15.30382 15.75
v -4.53503 14.70221 15.75
v -5.542015 14.12082 15.75
v -6.526506 13.55243 15.75
v -7.5 12.99038 15.75
v -8.473494 12.42833 15.75
v -9.457985 11.85994 15.75
v -10.46497 11.27855 15.75
v -11.507 10.67694 15.75
v -12.59835 10.04685 15.75
v -13.75584 9.378571 15.75
v -15 8.660254 15.75
v -15 7.223619 15.75
v -15 5.887066 15.75
v -15 4.626887 15.75
v -15 3.423652 15.75
v -15 2.260886 15.75
v -15 1.124095 15.75
v -15 1.83697e-15 15.75
v -15 -1.124095 15.75
v -15 -2.260886 15.75
v -15 -3.423652 15.75
v -15 -4.626887 15.75
v -15 -5.887066 15.75
v -15 -7.223619 15.75
v -15 -8.660254 15.75
v -13.75584 -9.378571 15.75
v -12.59835 -10.04685 15.75
v -11.507 -10.67694 15.75
v -10.46497 -11.27855 15.75
v -9.457985 -11.85994 15.75
v -8.473494 -12.42833 15.75
v -7.5 -12.99038 15.75
v -6.526506 -13.55243 15.75
v -5.542015 -14.12082 15.75
v -4.53503 -14.70221 15.75
v -3.492998 -15.30382 15.75
v -2.401651 -15.93391 15.75
v -1.244162 -16.60219 15.75
v -3.181726e-15 -17.32051 15.75
v 1.244162 -16.60219 15.75
v 2.401651 -15.93391 15.75
v 3.492998 -15.30382 15.75
v 4.53503 -14.70221 15.75
v 5.542015 -14.12082 15.75
v 6.526506 -13.55243 15.75
v 7.5 -12.99038 15.75
v 8.473494 -12.42833 15.75
v 9.457985 -11.85994 15.75
v 10.46497 -11.27855 15.75
v 11.507 -10.67694 15.75
v 12.59835 -10.04685 15.75
v 13.75584 -9.378571 15.75
v 15 -8.660254 15.75
v 15 -7.223619 15.75
v 15 -5.887066 15.75
v 15 -4.626887 15.75
v 15 -3.423652 15.75
v 15 -2.260886 15.75
v 15 -1.124095 15.75
v 15 0 16
v 15 1.124095 16
v 15 2.260886 16
v 15 3.423652 16
v 15 4.626887 16
v 15 5.887066 16
v 15 7.223619 16
v 15 8.660254 16
v 13.75584 9.378571 16
v 12.59835 10.04685 16
v 11.507 10.67694 16
v 10.46497 11.27855 16
v 9.457985 11.85994 16
v 8.473494 12.42833 16
v 7.5 12.99038 16
v 6.526506 13.55243 16
v 5.542015 14.12082 16
v 4.53503 14.70221 16
v 3.492998 15.30382 16
v 2.401651 15.93391 16
v 1.244162 16.60219 16
v 1.060575e-15 17.32051 16
v -1.244162 16.60219 16
v -2.401651 15.93391 16
v -3.492998 15.30382 16
v -4.53503 14.70221 16
v -5.542015 14.12082 16
v -6.526506 13.55243 16
v -7.5 12.99038 16
v -8.473494 12.42833 16
v -9.457985 11.85994 16
v -10.46497 11.27855 16
v -11.507 10.67694 16
v -12.59835 10.04685 16
v -13.75584 9.378571 16
v -15 8.660254 16
v -15 7.223619 16
v -15 5.887066 16
v -15 4.626887 16
v -15 3.423652 16
v -15 2.260886 16
v -15 1.124095 16
v -15 1.83697e-15 16
v -15 -1.124095 16
v -15 -2.260886 16
v -15 -3.423652 16
v -15 -4.626887 16
v -15 -5.887066 16
v -15 -7.223619 16
v -15 -8.660254 16
v -13.75584 -9.378571 16
v -12.59835 -10.04685 16
v -11.507 -10.67694 16
v -10.46497 -11.27855 16
v -9.457985 -11.85994 16
v -8.473494 -12.42833 16
v -7.5 -12.99038 16
v -6.526506 -13.55243 16
v -5.542015 -14.12082 16
v -4.53503 -14.70221 16
v -3.492998 -15.30382 16
v -2.401651 -15.93391 16
v -1.244162 -16.60219 16
v -3.181726e-15 -17.32051 16
v 1.244162 -16.60219 16
v 2.401651 -15.93391 16
v 3.492998 -15.30382 16
v 4.53503 -14.70221 16
v 5.542015 -14.12082 16
v 6.526506 -13.55243 16
v 7.5 -12.99038 16
v 8.473494 -12.42833 16
v 9.457985 -11.85994 16
v 10.46497 -11.27855 16
v 11.507 -10.67694 16
v 12.59835 -10.04685 16
v 13.75584 -9.378571 16
v 15 -8.660254 16
v 15 -7.223619 16
v 15 -5.887066 16
v 15 -4.626887 16
v 15 -3.423652 16
v 15 -2.260886 16
v 15 -1.124095 16
v 15 0 16.25
v 15 1.124095 16.25
v 15 2.260886 16.25
v 15 3.423652 16.25
v 15 4.626887 16.25
v 15 5.887066 16.25
v 15 7.223619 16.25
v 15 8.660254 16.25
v 13.75584 9.378571 16.25
v 12.59835 10.04685 16.25
v 11.507 10.67694 16.25
v 10.46497 11.27855 16.25
v 9.457985 11.85994 16.25
v 8.473494 12.42833 16.25
v 7.5 12.99038 16.25
v 6.526506 13.55243 16.25
v 5.542015 14.12082 16.25
v 4.53503 14.70221 16.25
v 3.492998 15.30382 16.25
v 2.401651 15.93391 16.25
v 1.244162 16.60219 16.25
v 1.060575e-15 17.32051 16.25
v -1.244162 16.60219 16.25
v -2.401651 15.93391 16.25
v -3.492998 15.30382 16.25
v -4.53503 14.70221 16.25
v -5.542015 14.12082 16.25
v -6.526506 13.55243 16.25
v -7.5 12.99038 16.25
v -8.473494 12.42833 16.25
v -9.457985 11.85994 16.25
v -10.46497 11.27855 16.25
v -11.507 10.67694 16.25
v -12.59835 10.04685 16.25
v -13.75584 9.378571 16.25
v -15 8.660254 16.25
v -15 7.223619 16.25
v -15 5.887066 16.25
v -15 4.626887 16.25
v -15 3.423652 16.25
v -15 2.260886 16.25
v -15 1.124095 16.25
v -15 1.83697e-15 16.25
v -15 -1.124095 16.25
v -15 -2.260886 16.25
v -15 -3.423652 16.25
v -15 -4.626887 16.25
v -15 -5.887066 16.25
v -15 -7.223619 16.25
v -15 -8.660254 16.25
v -13.75584 -9.378571 16.25
v -12.59835 -10.04685 16.25
v -11.507 -10.67694 16.25
v -10.46497 -11.27855 16.25
v -9.457985 -11.85994 16.25
v -8.473494 -12.42833 16.25
v -7.5 -12.99038 16.25
v -6.526506 -13.55243 16.25
v -5.542015 -14.12082 16.25
v -4.53503 -14.70221 16.25
v -3.492998 -15.30382 16.25
v -2.401651 -15.93391 16.25
v -1.244162 -16.60219 16.25
v -3.181726e-15 -17.32051 16.25
v 1.244162 -16.60219 16.25
v 2.401651 -15.93391 16.25
v 3.492998 -15.30382 16.25
v 4.53503 -14.70221 16.25
v 5.542015 -14.12082 16.25
v 6.526506 -13.55243 16.25
v 7.5 -12.99038 16.25
v 8.473494 -12.42833 16.25
v 9.457985 -11.85994 16.25
v 10.46497 -11.27855 16.25
v 11.507 -10.67694 16.25
v 12.59835 -10.04685 16.25
v 13.75584 -9.378571 16.25
v 15 -8.660254 16.25
v 15 -7.223619 16.25
v 15 -5.887066 16.25
v 15 -4.626887 16.25
v 15 -3.423652 16.25
v 15 -2.260886 16.25
v 15 -1.124095 16.25
v 15 0 16.5
v 15 1.124095 16.5
v 15 2.260886 16.5
v 15 3.423652 16.5
v 15 4.626887 16.5
v 15 5.887066 16.5
v 15 7.223619 16.5
v 15 8.660254 16.5
v 13.75584 9.378571 16.5
v 12.59835 10.04685 16.5
v 11.507 10.67694 16.5
v 10.46497 11.27855 16.5
v 9.457985 11.85994 16.5
v 8.473494 12.42833 16.5
v 7.5 12.99038 16.5
v 6.526506 13.55243 16.5
v 5.542015 14.12082 16.5
v 4.53503 14.70221 16.5
v 3.492998 15.30382 16.5
v 2.401651 15.93391 16.5
v 1.244162 16.60219 16.5
v 1.060575e-15 17.32051 16.5
v -1.244162 16.60219 16.5
v -2.401651 15.93391 16.5
v -3.492998 15.30382 16.5
v -4.53503 14.70221 16.5
v -5.542015 14.12082 16.5
v -6.526506 13.55243 16.5
v -7.5 12.99038 16.5
v -8.473494 12.42833 16.5
v -9.457985 11.85994 16.5
v -10.46497 11.27855 16.5
v -11.507 10.67694 16.5
v -12.59835 10.04685 16.5
v -13.75584 9.378571 16.5
v -15 8.660254 16.5
v -15 7.223619 16.5
v -15 5.887066 16.5
v -15 4.626887 16.5
v -15 3.423652 16.5
v -15 2.260886 16.5
v -15 1.124095 16.5
v -15 1.83697e-15 16.5
v -15 -1.124095 16.5
v -15 -2.260886 16.5
v -15 -3.423652 16.5
v -15 -4.626887 16.5
v -15 -5.887066 16.5
v -15 -7.223619 16.5
v -15 -8.660254 16.5
v -13.75584 -9.378571 16.5
v -12.59835 -10.04685 16.5
v -11.507 -10.67694 16.5
v -10.46497 -11.27855 16.5
v -9.457985 -11.85994 16.5
v -8.473494 -12.42833 16.5
v -7.5 -12.99038 16.5
v -6.526506 -13.55243 16.5
v -5.542015 -14.12082 16.5
v -4.53503 -14.70221 16.5
v -3.492998 -15.30382 16.5
v -2.401651 -15.93391 16.5
v -1.244162 -16.60219 16.5
v -3.181726e-15 -17.32051 16.5
v 1.244162 -16.60219 16.5
v 2.401651 -15.93391 16.5
v 3.492998 -15.30382 16.5
v 4.53503 -14.70221 16.5
v 5.542015 -14.12082 16.5
v 6.526506 -13.55243 16.5
v 7.5 -12.99038 16.5
v 8.473494 -12.42833 16.5
v 9.457985 -11.85994 16.5
v 10.46497 -11.27855 16.5
v 11.507 -10.67694 16.5
v 12.59835 -10.04685 16.5
v 13.75584 -9.378571 16.5
v 15 -8.660254 16.5
v 15 -7.223619 16.5
v 15 -5.887066 16.5
v 15 -4.626887 16.5
v 15 -3.423652 16.5
v 15 -2.260886 16.5
v 15 -1.124095 16.5
v 15 0 16.75
v 15 1.124095 16.75
v 15 2.260886 16.75
v 15 3.423652 16.75
v 15 4.626887 16.75
v 15 5.887066 16.75
v 15 7.223619 16.75
v 15 8.660254 16.75
v 13.75584 9.378571 16.75
v 12.59835 10.04685 16.75
v 11.507 10.67694 16.75
v 10.46497 11.27855 16.75
v 9.457985 11.85994 16.75
v 8.473494 12.42833 16.75
v 7.5 12.99038 16.75
v 6.526506 13.55243 16.75
v 5.542015 14.12082 16.75
v 4.53503 14.70221 16.75
v 3.492998 15.30382 16.75
v 2.401651 15.93391 16.75
v 1.244162 16.60219 16.75
v 1.060575e-15 17.32051 16.75
v -1.244162 16.60219 16.75
v -2.401651 15.93391 16.75
v -3.492998 15.30382 16.75
v -4.53503 14.70221 16.75
v -5.542015 14.12082 16.75
v -6.526506 13.55243 16.75
v -7.5 12.99038 16.75
v -8.473494 12.42833 16.75
v -9.457985 11.85994 16.75
v -10.46497 11.27855 16.75
v -11.507 10.67694 16.75
v -12.59835 10.04685 16.75
v -13.75584 9.378571 16.75
v -15 8.660254 16.75
v -15 7.223619 16.75
v -15 5.887066 16.75
v -15 4.626887 16.75
v -15 3.423652 16.75
v -15 2.260886 16.75
v -15 1.124095 16.75
v -15 1.83697e-15 16.75
v -15 -1.124095 16.75
v -15 -2.260886 16.75
v -15 -3.423652 16.75
v -15 -4.626887 16.75
v -15 -5.887066 16.75
v -15 -7.223619 16.75
v -15 -8.660254 16.75
v -13.75584 -9.378571 16.75
v -12.59835 -10.04685 16.75
v -11.507 -10.67694 16.75
v -10.46497 -11.27855 16.75
v -9.457985 -11.85994 16.75
v -8.473494 -12.42833 16.75
v -7.5 -12.99038 16.75
v -6.526506 -13.55243 16.75
v -5.542015 -14.12082 16.75
v -4.53503 -14.70221 16.75
v -3.492998 -15.30382 16.75
v -2.401651 -15.93391 16.75
v -1.244162 -16.60219 16.75
v -3.181726e-15 -17.32051 16.75
v 1.244162 -16.60219 16.75
v 2.401651 -15.93391 16.75
v 3.492998 -15.30382 16.75
v 4.53503 -14.70221 16.75
v 5.542015 -14.12082 16.75
v 6.526506 -13.55243 16.75
v 7.5 -12.99038 16.75
v 8.473494 -12.42833 16.75
v 9.457985 -11.85994 16.75
v 10.46497 -11.27855 16.75
v 11.507 -10.67694 16.75
v 12.59835 -10.04685 16.75
v 13.75584 -9.378571 16.75
v 15 -8.660254 16.75
v 15 -7.223619 16.75
v 15 -5.887066 16.75
v 15 -4.626887 16.75
v 15 -3.423652 16.75
v 15 -2.260886 16.75
v 15 -1.124095 16.75
v 15 0 17
v 15 1.124095 17
v 15 2.260886 17
v 15 3.423652 17
v 15 4.626887 17
v 15 5.887066 17
v 15 7.223619 17
v 15 8.660254 17
v 13.75584 9.378571 17
v 12.59835 10.04685 17
v 11.507 10.67694 17
v 10.46497 11.27855 17
v 9.457985 11.85994 17
v 8.473494 12.42833 17
v 7.5 12.99038 17
v 6.526506 13.55243 17
v 5.542015 14.12082 17
v 4.53503 14.70221 17
v 3.492998 15.30382 17
v 2.401651 15.93391 17
v 1.244162 16.60219 17
v 1.060575e-15 17.32051 17
v -1.244162 16.60219 17
v -2.401651 15.93391 17
v -3.492998 15.30382 17
v -4.53503 14.70221 17
v -5.542015 14.12082 17
v -6.526506 13.55243 17
v -7.5 12.99038 17
v -8.473494 12.42833 17
v -9.457985 11.85994 17
v -10.46497 11.27855 17
v -11.507 10.67694 17
v -12.59835 10.04685 17
v -13.75584 9.378571 17
v -15 8.660254 17
v -15 7.223619 17
v -15 5.887066 17
v -15 4.626887 17
v -15 3.423652 17
v -15 2.260886 17
v -15 1.124095 17
v -15 1.83697e-15 17
v -15 -1.124095 17
v -15 -2.260886 17
v -15 -3.423652 17
v -15 -4.626887 17
v -15 -5.887066 17
v -15 -7.223619 17
v -15 -8.660254 17
v -13.75584 -9.378571 17
v -12.59835 -10.04685 17
v -11.507 -10.67694 17
v -10.46497 -11.27855 17
v -9.457985 -11.85994 17
v -8.473494 -12.42833 17
v -7.5 -12.99038 17
v -6.526506 -13.55243 17
v -5.542015 -14.12082 17
v -4.53503 -14.70221 17
v -3.492998 -15.30382 17
v -2.401651 -15.93391 17
v -1.244162 -16.60219 17
v -3.181726e-15 -17.32051 17
v 1.244162 -16.60219 17
v 2.401651 -15.93391 17
v 3.492998 -15.30382 17
v 4.53503 -14.70221 17
v 5.542015 -14.12082 17
v 6.526506 -13.55243 17
v 7.5 -12.99038 17
v 8.473494 -12.42833 17
v 9.457985 -11.85994 17
v 10.46497 -11.27855 17
v 11.507 -10.67694 17
v 12.59835 -10.04685 17
v 13.75584 -9.378571 17
v 15 -8.660254 17
v 15 -7.223619 17
v 15 -5.887066 17
v 15 -4.626887 17
v 15 -3.423652 17
v 15 -2.260886 17
v 15 -1.124095 17
v 15 0 17.25
v 15 1.124095 17.25
v 15 2.260886 17.25
v 15 3.423652 17.25
v 15 4.626887 17.25
v 15 5.887066 17.25
v 15 7.223619 17.25
v 15 8.660254 17.25
v 13.75584 9.378571 17.25
v 12.59835 10.04685 17.25
v 11.507 10.67694 17.25
v 10.46497 11.27855 17.25
v 9.457985 11.85994 17.25
v 8.473494 12.42833 17.25
v 7.5 12.99038 17.25
v 6.526506 13.55243 17.25
v 5.542015 14.12082 17.25
v 4.53503 14.70221 17.25
v 3.492998 15.30382 17.25
v 2.401651 15.93391 17.25
v 1.244162 16.60219 17.25
v 1.060575e-15 17.32051 17.25
v -1.244162 16.60219 17.25
v -2.401651 15.93391 17.25
v -3.492998 15.30382 17.25
v -4.53503 14.70221 17.25
v -5.542015 14.12082 17.25
v -6.526506 13.55243 17.25
v -7.5 12.99038 17.25
v -8.473494 12.42833 17.25
v -9.457985 11.85994 17.25
v -10.46497 11.27855 17.25
v -11.507 10.67694 17.25
v -12.59835 10.04685 17.25
v -13.75584 9.378571 17.25
v -15 8.660254 17.25
v -15 7.223619 17.25
v -15 5.887066 17.25
v -15 4.626887 17.25
v -15 3.423652 17.25
v -15 2.260886 17.25
v -15 1.124095 17.25
v -15 1.83697e-15 17.25
v -15 -1.124095 17.25
v -15 -2.260886 17.25
v -15 -3.423652 17.25
v -15 -4.626887 17.25
v -15 -5.887066 17.25
v -15 -7.223619 17.25
v -15 -8.660254 17.25
v -13.75584 -9.378571 17.25
v -12.59835 -10.04685 17.25
v -11.507 -10.67694 17.25
v -10.46497 -11.27855 17.25
v -9.457985 -11.85994 17.25
v -8.473494 -12.42833 17.25
v -7.5 -12.99038 17.25
v -6.526506 -13.55243 17.25
v -5.542015 -14.12082 17.25
v -4.53503 -14.70221 17.25
v -3.492998 -15.30382 17.25
v -2.401651 -15.93391 17.25
v -1.244162 -16.60219 17.25
v -3.181726e-15 -17.32051 17.25
v 1.244162 -16.60219 17.25
v 2.401651 -15.93391 17.25
v 3.492998 -15.30382 17.25
v 4.53503 -14.70221 17.25
v 5.542015 -14.12082 17.25
v 6.526506 -13.55243 17.25
v 7.5 -12.99038 17.25
v 8.473494 -12.42833 17.25
v 9.457985 -11.85994 17.25
v 10.46497 -11.27855 17.25
v 11.507 -10.67694 17.25
v 12.59835 -10.04685 17.25
v 13.75584 -9.378571 17.25
v 15 -8.660254 17.25
v 15 -7.223619 17.25
v 15 -5.887066 17.25
v 15 -4.626887 17.25
v 15 -3.423652 17.25
v 15 -2.260886 17.25
v 15 -1.124095 17.25
v 15 0 17.5
v 15 1.124095 17.5
v 15 2.260886 17.5
v 15 3.423652 17.5
v 15 4.626887 17.5
v 15 5.887066 17.5
v 15 7.223619 17.5
v 15 8.660254 17.5
v 13.75584 9.378571 17.5
v 12.59835 10.04685 17.5
v 11.507 10.67694 17.5
v 10.46497 11.27855 17.5
v 9.457985 11.85994 17.5
v 8.473494 12.42833 17.5
v 7.5 12.99038 17.5
v 6.526506 13.55243 17.5
v 5.542015 14.12082 17.5
v 4.53503 14.70221 17.5
v 3.492998 15.30382 17.5
v 2.401651 15.93391 17.5
v 1.244162 16.60219 17.5
v 1.060575e-15 17.32051 17.5
v -1.244162 16.60219 17.5
v -2.401651 15.93391 17.5
v -3.492998 15.30382 17.5
v -4.53503 14.70221 17.5
v -5.542015 14.12082 17.5
v -6.526506 13.55243 17.5
v -7.5 12.99038 17.5
v -8.473494 12.42833 17.5
v -9.457985 11.85994 17.5
v -10.46497 11.27855 17.5
v -11.507 10.67694 17.5
v -12.59835 10.04685 17.5
v -13.75584 9.378571 17.5
v -15 8.660254 17.5
v -15 7.223619 17.5
v -15 5.887066 17.5
v -15 4.626887 17.5
v -15 3.423652 17.5
v -15 2.260886 17.5
v -15 1.124095 17.5
v -15 1.83697e-15 17.5
v -15 -1.124095 17.5
v -15 -2.260886 17.5
v -15 -3.423652 17.5
v -15 -4.626887 17.5
v -15 -5.887066 17.5
v -15 -7.223619 17.5
v -15 -8.660254 17.5
v -13.75584 -9.378571 17.5
v -12.59835 -10.04685 17.5
v -11.507 -10.67694 17.5
v -10.46497 -11.27855 17.5
v -9.457985 -11.85994 17.5
v -8.473494 -12.42833 17.5
v -7.5 -12.99038 17.5
v -6.526506 -13.55243 17.5
v -5.542015 -14.12082 17.5
v -4.53503 -14.70221 17.5
v -3.492998 -15.30382 17.5
v -2.401651 -15.93391 17.5
v -1.244162 -16.60219 17.5
v -3.181726e-15 -17.32051 17.5
v 1.244162 -16.60219 17.5
v 2.401651 -15.93391 17.5
v 3.492998 -15.30382 17.5
v 4.53503 -14.70221 17.5
v 5.542015 -14.12082 17.5
v 6.526506 -13.55243 17.5
v 7.5 -12.99038 17.5
v 8.473494 -12.42833 17.5
v 9.457985 -11.85994 17.5
v 10.46497 -11.27855 17.5
v 11.507 -10.67694 17.5
v 12.59835 -10.04685 17.5
v 13.75584 -9.378571 17.5
v 15 -8.660254 17.5
v 15 -7.223619 17.5
v 15 -5.887066 17.5
v 15 -4.626887 17.5
v 15 -3.423652 17.5
v 15 -2.260886 17.5
v 15 -1.124095 17.5
v 15 0 17.75
v 15 1.124095 17.75
v 15 2.260886 17.75
v 15 3.423652 17.75
v 15 4.626887 17.75
v 15 5.887066 17.75
v 15 7.223619 17.75
v 15 8.660254 17.75
v 13.75584 9.378571 17.75
v 12.59835 10.04685 17.75
v 11.507 10.67694 17.75
v 10.46497 11.27855 17.75
v 9.457985 11.85994 17.75
v 8.473494 12.42833 17.75
v 7.5 12.99038 17.75
v 6.526506 13.55243 17.75
v 5.542015 14.12082 17.75
v 4.53503 14.70221 17.75
v 3.492998 15.30382 17.75
v 2.401651 15.93391 17.75
v 1.244162 16.60219 17.75
v 1.060575e-15 17.32051 17.75
v -1.244162 16.60219 17.75
v -2.401651 15.93391 17.75
v -3.492998 15.30382 17.75
v -4.53503 14.70221 17.75
v -5.542015 14.12082 17.75
v -6.526506 13.55243 17.75
v -7.5 12.99038 17.75
v -8.473494 12.42833 17.75
v -9.457985 11.85994 17.75
v -10.46497 11.27855 17.75
v -11.507 10.67694 17.75
v -12.59835 10.04685 17.75
v -13.75584 9.378571 17.75
v -15 8.660254 17.75
v -15 7.223619 17.75
v -15 5.887066 17.75
v -15 4.626887 17.75
v -15 3.423652 17.75
v -15 2.260886 17.75
v -15 1.124095 17.75
v -15 1.83697e-15 17.75
v -15 -1.124095 17.75
v -15 -2.260886 17.75
v -15 -3.423652 17.75
v -15 -4.626887 17.75
v -15 -5.887066 17.75
v -15 -7.223619 17.75
v -15 -8.660254 17.75
v -13.75584 -9.378571 17.75
v -12.59835 -10.04685 17.75
v -11.507 -10.67694 17.75
v -10.46497 -11.27855 17.75
v -9.457985 -11.85994 17.75
v -8.473494 -12.42833 17.75
v -7.5 -12.99038 17.75
v -6.526506 -13.55243 17.75
v -5.542015 -14.12082 17.75
v -4.53503 -14.70221 17.75
v -3.492998 -15.30382 17.75
v -2.401651 -15.93391 17.75
v -1.244162 -16.60219 17.75
v -3.181726e-15 -17.32051 17.75
v 1.244162 -16.60219 17.75
v 2.401651 -15.93391 17.75
v 3.492998 -15.30382 17.75
v 4.53503 -14.70221 17.75
v 5.542015 -14.12082 17.75
v 6.526506 -13.55243 17.75
v 7.5 -12.99038 17.75
v 8.473494 -12.42833 17.75
v 9.457985 -11.85994 17.75
v 10.46497 -11.27855 17.75
v 11.507 -10.67694 17.75
v 12.59835 -10.04685 17.75
v 13.75584 -9.378571 17.75
v 15 -8.660254 17.75
v 15 -7.223619 17.75
v 15 -5.887066 17.75
v 15 -4.626887 17.75
v 15 -3.423652 17.75
v 15 -2.260886 17.75
v 15 -1.124095 17.75
v 15 0 18
v 15 1.124095 18
v 15 2.260886 18
v 15 3.423652 18
v 15 4.626887 18
v 15 5.887066 18
v 15 7.223619 18
v 15 8.660254 18
v 13.75584 9.378571 18
v 12.59835 10.04685 18
v 11.507 10.67694 18
v 10.46497 11.27855 18
v 9.457985 11.85994 18
v 8.473494 12.42833 18
v 7.5 12.99038 18
v 6.526506 13.55243 18
v 5.542015 14.12082 18
v 4.53503 14.70221 18
v 3.492998 15.30382 18
v 2.401651 15.93391 18
v 1.244162 16.60219 18
v 1.060575e-15 17.32051 18
v -1.244162 16.60219 18
v -2.401651 15.93391 18
v -3.492998 15.30382 18
v -4.53503 14.70221 18
v -5.542015 14.12082 18
v -6.526506 13.55243 18
v -7.5 12.99038 18
v -8.473494 12.42833 18
v -9.457985 11.85994 18
v -10.46497 11.27855 18
v -11.507 10.67694 18
v -12.59835 10.04685 18
v -13.75584 9.378571 18
v -15 8.660254 18
v -15 7.223619 18
v -15 5.887066 18
v -15 4.626887 18
v -15 3.423652 18
v -15 2.260886 18
v -15 1.124095 18
v -15 1.83697e-15 18
v -15 -1.124095 18
v -15 -2.260886 18
v -15 -3.423652 18
v -15 -4.626887 18
v -15 -5.887066 18
v -15 -7.223619 18
v -15 -8.660254 18
v -13.75584 -9.378571 18
v -12.59835 -10.04685 18
v -11.507 -10.67694 18
v -10.46497 -11.27855 18
v -9.457985 -11.85994 18
v -8.473494 -12.42833 18
v -7.5 -12.99038 18
v -6.526506 -13.55243 18
v -5.542015 -14.12082 18
v -4.53503 -14.70221 18
v -3.492998 -15.30382 18
v -2.401651 -15.93391 18
v -1.244162 -16.60219 18
v -3.181726e-15 -17.32051 18
v 1.244162 -16.60219 18
v 2.401651 -15.93391 18
v 3.492998 -15.30382 18
v 4.53503 -14.70221 18
v 5.542015 -14.12082 18
v 6.526506 -13.55243 18
v 7.5 -12.99038 18
v 8.473494 -12.42833 18
v 9.457985 -11.85994 18
v 10.46497 -11.27855 18
v 11.507 -10.67694 18
v 12.59835 -10.04685 18
v 13.75584 -9.378571 18
v 15 -8.660254 18
v 15 -7.223619 18
v 15 -5.887066 18
v 15 -4.626887 18
v 15 -3.423652 18
v 15 -2.260886 18
v 15 -1.124095 18
v 15 0 18.25
v 15 1.124095 18.25
v 15 2.260886 18.25
v 15 3.423652 18.25
v 15 4.626887 18.25
v 15 5.887066 18.25
v 15 7.223619 18.25
v 15 8.660254 18.25
v 13.75584 9.378571 18.25
v 12.59835 10.04685 18.25
v 11.507 10.67694 18.25
v 10.46497 11.27855 18.25
v 9.457985 11.85994 18.25
v 8.473494 12.42833 18.25
v 7.5 12.99038 18.25
v 6.526506 13.55243 18.25
v 5.542015 14.12082 18.25
v 4.53503 14.70221 18.25
v 3.492998 15.30382 18.25
v 2.401651 15.93391 18.25
v 1.244162 16.60219 18.25
v 1.060575e-15 17.32051 18.25
v -1.244162 16.60219 18.25
v -2.401651 15.93391 18.25
v -3.492998 15.30382 18.25
v -4.53503 14.70221 18.25
v -5.542015 14.12082 18.25
v -6.526506 13.55243 18.25
v -7.5 12.99038 18.25
v -8.473494 12.42833 18.25
v -9.457985 11.85994 18.25
v -10.46497 11.27855 18.25
v -11.507 10.67694 18.25
v -12.59835 10.04685 18.25
v -13.75584 9.378571 18.25
v -15 8.660254 18.25
v -15 7.223619 18.25
v -15 5.887066 18.25
v -15 4.626887 18.25
v -15 3.423652 18.25
v -15 2.260886 18.25
v -15 1.124095 18.25
v -15 1.83697e-15 18.25
v -15 -1.124095 18.25
v -15 -2.260886 18.25
v -15 -3.423652 18.25
v -15 -4.626887 18.25
v -15 -5.887066 18.25
v -15 -7.223619 18.25
v -15 -8.660254 18.25
v -13.75584 -9.378571 18.25
v -12.59835 -10.04685 18.25
v -11.507 -10.67694 18.25
v -10.46497 -11.27855 18.25
v -9.457985 -11.85994 18.25
v -8.473494 -12.42833 18.25
v -7.5 -12.99038 18.25
v -6.526506 -13.55243 18.25
v -5.542015 -14.12082 18.25
v -4.53503 -14.70221 18.25
v -3.492998 -15.30382 18.25
v -2.401651 -15.93391 18.25
v -1.244162 -16.60219 18.25
v -3.181726e-15 -17.32051 18.25
v 1.244162 -16.60219 18.25
v 2.401651 -15.93391 18.25
v 3.492998 -15.30382 18.25
v 4.53503 -14.70221 18.25
v 5.542015 -14.12082 18.25
v 6.526506 -13.55243 18.25
v 7.5 -12.99038 18.25
v 8.473494 -12.42833 18.25
v 9.457985 -11.85994 18.25
v 10.46497 -11.27855 18.25
v 11.507 -10.67694 18.25
v 12.59835 -10.04685 18.25
v 13.75584 -9.378571 18.25
v 15 -8.660254 18.25
v 15 -7.223619 18.25
v 15 -5.887066 18.25
v 15 -4.626887 18.25
v 15 -3.423652 18.25
v 15 -2.260886 18.25
v 15 -1.124095 18.25
v 15 0 18.5
v 15 1.124095 18.5
v 15 2.260886 18.5
v 15 3.423652 18.5
v 15 4.626887 18.5
v 15 5.887066 18.5
v 15 7.223619 18.5
v 15 8.660254 18.5
v 13.75584 9.378571 18.5
v 12.59835 10.04685 18.5
v 11.507 10.67694 18.5
v 10.46497 11.27855 18.5
v 9.457985 11.85994 18.5
v 8.473494 12.42833 18.5
v 7.5 12.99038 18.5
v 6.526506 13.55243 18.5
v 5.542015 14.12082 18.5
v 4.53503 14.70221 18.5
v 3.492998 15.30382 18.5
v 2.401651 15.93391 18.5
v 1.244162 16.60219 18.5
v 1.060575e-15 17.32051 18.5
v -1.244162 16.60219 18.5
v -2.401651 15.93391 18.5
v -3.492998 15.30382 18.5
v -4.53503 14.70221 18.5
v -5.542015 14.12082 18.5
v -6.526506 13.55243 18.5
v -7.5 12.99038 18.5
v -8.473494 12.42833 18.5
v -9.457985 11.85994 18.5
v -10.46497 11.27855 18.5
v -11.507 10.67694 18.5
v -12.59835 10.04685 18.5
v -13.75584 9.378571 18.5
v -15 8.660254 18.5
v -15 7.223619 18.5
v -15 5.887066 18.5
v -15 4.626887 18.5
v -15 3.423652 18.5
v -15 2.260886 18.5
v -15 1.124095 18.5
v -15 1.83697e-15 18.5
v -15 -1.124095 18.5
v -15 -2.260886 18.5
v -15 -3.423652 18.5
v -15 -4.626887 18.5
v -15 -5.887066 18.5
v -15 -7.223619 18.5
v -15 -8.660254 18.5
v -13.75584 -9.378571 18.5
v -12.59835 -10.04685 18.5
v -11.507 -10.67694 18.5
v -10.46497 -11.27855 18.5
v -9.457985 -11.85994 18.5
v -8.473494 -12.42833 18.5
v -7.5 -12.99038 18.5
v -6.526506 -13.55243 18.5
v -5.542015 -14.12082 18.5
v -4.53503 -14.70221 18.5
v -3.492998 -15.30382 18.5
v -2.401651 -15.93391 18.5
v -1.244162 -16.60219 18.5
v -3.181726e-15 -17.32051 18.5
v 1.244162 -16.60219 18.5
v 2.401651 -15.93391 18.5
v 3.492998 -15.30382 18.5
v 4.53503 -14.70221 18.5
v 5.542015 -14.12082 18.5
v 6.526506 -13.55243 18.5
v 7.5 -12.99038 18.5
v 8.473494 -12.42833 18.5
v 9.457985 -11.85994 18.5
v 10.46497 -11.27855 18.5
v 11.507 -10.67694 18.5
v 12.59835 -10.04685 18.5
v 13.75584 -9.378571 18.5
v 15 -8.660254 18.5
v 15 -7.223619 18.5
v 15 -5.887066 18.5
v 15 -4.626887 18.5
v 15 -3.423652 18.5
v 15 -2.260886 18.5
v 15 -1.124095 18.5
v 15 0 18.75
v 15 1.124095 18.75
v 15 2.260886 18.75
v 15 3.423652 18.75
v 15 4.626887 18.75
v 15 5.887066 18.75
v 15 7.223619 18.75
v 15 8.660254 18.75
v 13.75584 9.378571 18.75
v 12.59835 10.04685 18.75
v 11.507 10.67694 18.75
v 10.46497 11.27855 18.75
v 9.457985 11.85994 18.75
v 8.473494 12.42833 18.75
v 7.5 12.99038 18.75
v 6.526506 13.55243 18.75
v 5.542015 14.12082 18.75
v 4.53503 14.70221 18.75
v 3.492998 15.30382 18.75
v 2.401651 15.93391 18.75
v 1.244162 16.60219 18.75
v 1.060575e-15 17.32051 18.75
v -1.244162 16.60219 18.75
v -2.401651 15.93391 18.75
v -3.492998 15.30382 18.75
v -4.53503 14.70221 18.75
v -5.542015 14.12082 18.75
v -6.526506 13.55243 18.75
v -7.5 12.99038 18.75
v -8.473494 12.42833 18.75
v -9.457985 11.85994 18.75
v -10.46497 11.27855 18.75
v -11.507 10.67694 18.75
v -12.59835 10.04685 18.75
v -13.75584 9.378571 18.75
v -15 8.660254 18.75
v -15 7.223619 18.75
v -15 5.887066 18.75
v -15 4.626887 18.75
v -15 3.423652 18.75
v -15 2.260886 18.75
v -15 1.124095 18.75
v -15 1.83697e-15 18.75
v -15 -1.124095 18.75
v -15 -2.260886 18.75
v -15 -3.423652 18.75
v -15 -4.626887 18.75
v -15 -5.887066 18.75
v -15 -7.223619 18.75
v -15 -8.660254 18.75
v -13.75584 -9.378571 18.75
v -12.59835 -10.04685 18.75
v -11.507 -10.67694 18.75
v -10.46497 -11.27855 18.75
v -9.457985 -11.85994 18.75
v -8.473494 -12.42833 18.75
v -7.5 -12.99038 18.75
v -6.526506 -13.55243 18.75
v -5.542015 -14.12082 18.75
v -4.53503 -14.70221 18.75
v -3.492998 -15.30382 18.75
v -2.401651 -15.93391 18.75
v -1.244162 -16.60219 18.75
v -3.181726e-15 -17.32051 18.75
v 1.244162 -16.60219 18.75
v 2.401651 -15.93391 18.75
v 3.492998 -15.30382 18.75
v 4.53503 -14.70221 18.75
v 5.542015 -14.12082 18.75
v 6.526506 -13.55243 18.75
v 7.5 -12.99038 18.75
v 8.473494 -12.42833 18.75
v 9.457985 -11.85994 18.75
v 10.46497 -11.27855 18.75
v 11.507 -10.67694 18.75
v 12.59835 -10.04685 18.75
v 13.75584 -9.378571 18.75
v 15 -8.660254 18.75
v 15 -7.223619 18.75
v 15 -5.887066 18.75
v 15 -4.626887 18.75
v 15 -3.423652 18.75
v 15 -2.260886 18.75
v 15 -1.124095 18.75
v 15 0 19
v 15 1.124095 19
v 15 2.260886 19
v 15 3.423652 19
v 15 4.626887 19
v 15 5.887066 19
v 15 7.223619 19
v 15 8.660254 19
v 13.75584 9.378571 19
v 12.59835 10.04685 19
v 11.507 10.67694 19
v 10.46497 11.27855 19
v 9.457985 11.85994 19
v 8.473494 12.42833 19
v 7.5 12.99038 19
v 6.526506 13.55243 19
v 5.542015 14.12082 19
v 4.53503 14.70221 19
v 3.492998 15.30382 19
v 2.401651 15.93391 19
v 1.244162 16.60219 19
v 1.060575e-15 17.32051 19
v -1.244162 16.60219 19
v -2.401651 15.93391 19
v -3.492998 15.30382 19
v -4.53503 14.70221 19
v -5.542015 14.12082 19
v -6.526506 13.55243 19
v -7.5 12.99038 19
v -8.473494 12.42833 19
v -9.457985 11.85994 19
v -10.46497 11.27855 19
v -11.507 10.67694 19
v -12.59835 10.04685 19
v -13.75584 9.378571 19
v -15 8.660254 19
v -15 7.223619 19
v -15 5.887066 19
v -15 4.626887 19
v -15 3.423652 19
v -15 2.260886 19
v -15 1.124095 19
v -15 1.83697e-15 19
v -15 -1.124095 19
v -15 -2.260886 19
v -15 -3.423652 19
v -15 -4.626887 19
v -15 -5.887066 19
v -15 -7.223619 19
v -15 -8.660254 19
v -13.75584 -9.378571 19
v -12.59835 -10.04685 19
v -11.507 -10.67694 19
v -10.46497 -11.27855 19
v -9.457985 -11.85994 19
v -8.473494 -12.42833 19
v -7.5 -12.99038 19
v -6.526506 -13.55243 19
v -5.542015 -14.12082 19
v -4.53503 -14.70221 19
v -3.492998 -15.30382 19
v -2.401651 -15.93391 19
v -1.244162 -16.60219 19
v -3.181726e-15 -17.32051 19
v 1.244162 -16.60219 19
v 2.401651 -15.93391 19
v 3.492998 -15.30382 19
v 4.53503 -14.70221 19
v 5.542015 -14.12082 19
v 6.526506 -13.55243 19
v 7.5 -12.99038 19
v 8.473494 -12.42833 19
v 9.457985 -11.85994 19
v 10.46497 -11.27855 19
v 11.507 -10.67694 19
v 12.59835 -10.04685 19
v 13.75584 -9.378571 19
v 15 -8.660254 19
v 15 -7.223619 19
v 15 -5.887066 19
v 15 -4.626887 19
v 15 -3.423652 19
v 15 -2.260886 19
v 15 -1.124095 19
v 15 0 19.25
v 15 1.124095 19.25
v 15 2.260886 19.25
v 15 3.423652 19.25
v 15 4.626887 19.25
v 15 5.887066 19.25
v 15 7.223619 19.25
v 15 8.660254 19.25
v 13.75584 9.378571 19.25
v 12.59835 10.04685 19.25
v 11.507 10.67694 19.25
v 10.46497 11.27855 19.25
v 9.457985 11.85994 19.25
v 8.473494 12.42833 19.25
v 7.5 12.99038 19.25
v 6.526506 13.55243 19.25
v 5.542015 14.12082 19.25
v 4.53503 14.70221 19.25
v 3.492998 15.30382 19.25
v 2.401651 15.93391 19.25
v 1.244162 16.60219 19.25
v 1.060575e-15 17.32051 19.25
v -1.244162 16.60219 19.25
v -2.401651 15.93391 19.25
v -3.492998 15.30382 19.25
v -4.53503 14.70221 19.25
v -5.542015 14.12082 19.25
v -6.526506 13.55243 19.25
v -7.5 12.99038 19.25
v -8.473494 12.42833 19.25
v -9.457985 11.85994 19.25
v -10.46497 11.27855 19.25
v -11.507 10.67694 19.25
v -12.59835 10.04685 19.25
v -13.75584 9.378571 19.25
v -15 8.660254 19.25
v -15 7.223619 19.25
v -15 5.887066 19.25
v -15 4.626887 19.25
v -15 3.423652 19.25
v -15 2.260886 19.25
v -15 1.124095 19.25
v -15 1.83697e-15 19.25
v -15 -1.124095 19.25
v -15 -2.260886 19.25
v -15 -3.423652 19.25
v -15 -4.626887 19.25
v -15 -5.887066 19.25
v -15 -7.223619 19.25
v -15 -8.660254 19.25
v -13.75584 -9.378571 19.25
v -12.59835 -10.04685 19.25
v -11.507 -10.67694 19.25
v -10.46497 -11.27855 19.25
v -9.457985 -11.85994 19.25
v -8.473494 -12.42833 19.25
v -7.5 -12.99038 19.25
v -6.526506 -13.55243 19.25
v -5.542015 -14.12082 19.25
v -4.53503 -14.70221 19.25
v -3.492998 -15.30382 19.25
v -2.401651 -15.93391 19.25
v -1.244162 -16.60219 19.25
v -3.181726e-15 -17.32051 19.25
v 1.244162 -16.60219 19.25
v 2.401651 -15.93391 19.25
v 3.492998 -15.30382 19.25
v 4.53503 -14.70221 19.25
v 5.542015 -14.12082 19.25
v 6.526506 -13.55243 19.25
v 7.5 -12.99038 19.25
v 8.473494 -12.42833 19.25
v 9.457985 -11.85994 19.25
v 10.46497 -11.27855 19.25
v 11.507 -10.67694 19.25
v 12.59835 -10.04685 19.25
v 13.75584 -9.378571 19.25
v 15 -8.660254 19.25
v 15 -7.223619 19.25
v 15 -5.887066 19.25
v 15 -4.626887 19.25
v 15 -3.423652 19.25
v 15 -2.260886 19.25
v 15 -1.124095 19.25
v 15 0 19.5
v 15 1.124095 19.5
v 15 2.260886 19.5
v 15 3.423652 19.5
v 15 4.626887 19.5
v 15 5.887066 19.5
v 15 7.223619 19.5
v 15 8.660254 19.5
v 13.75584 9.378571 19.5
v 12.59835 10.04685 19.5
v 11.507 10.67694 19.5
v 10.46497 11.27855 19.5
v 9.457985 11.85994 19.5
v 8.473494 12.42833 19.5
v 7.5 12.99038 19.5
v 6.526506 13.55243 19.5
v 5.542015 14.12082 19.5
v 4.53503 14.70221 19.5
v 3.492998 15.30382 19.5
v 2.401651 15.93391 19.5
v 1.244162 16.60219 19.5
v 1.060575e-15 17.32051 19.5
v -1.244162 16.60219 19.5
v -2.401651 15.93391 19.5
v -3.492998 15.30382 19.5
v -4.53503 14.70221 19.5
v -5.542015 14.12082 19.5
v -6.526506 13.55243 19.5
v -7.5 12.99038 19.5
v -8.473494 12.42833 19.5
v -9.457985 11.85994 19.5
v -10.46497 11.27855 19.5
v -11.507 10.67694 19.5
v -12.59835 10.04685 19.5
v -13.75584 9.378571 19.5
v -15 8.660254 19.5
v -15 7.223619 19.5
v -15 5.887066 19.5
v -15 4.626887 19.5
v -15 3.423652 19.5
v -15 2.260886 19.5
v -15 1.124095 19.5
v -15 1.83697e-15 19.5
v -15 -1.124095 19.5
v -15 -2.260886 19.5
v -15 -3.423652 19.5
v -15 -4.626887 19.5
v -15 -5.887066 19.5
v -15 -7.223619 19.5
v -15 -8.660254 19.5
v -13.75584 -9.378571 19.5
v -12.59835 -10.04685 19.5
v -11.507 -10.67694 19.5
v -10.46497 -11.27855 19.5
v -9.457985 -11.85994 19.5
v -8.473494 -12.42833 19.5
v -7.5 -12.99038 19.5
v -6.526506 -13.55243 19.5
v -5.542015 -14.12082 19.5
v -4.53503 -14.70221 19.5
v -3.492998 -15.30382 19.5
v -2.401651 -15.93391 19.5
v -1.244162 -16.60219 19.5
v -3.181726e-15 -17.32051 19.5
v 1.244162 -16.60219 19.5
v 2.401651 -15.93391 19.5
v 3.492998 -15.30382 19.5
v 4.53503 -14.70221 19.5
v 5.542015 -14.12082 19.5
v 6.526506 -13.55243 19.5
v 7.5 -12.99038 19.5
v 8.473494 -12.42833 19.5
v 9.457985 -11.85994 19.5
v 10.46497 -11.27855 19.5
v 11.507 -10.67694 19.5
v 12.59835 -10.04685 19.5
v 13.75584 -9.378571 19.5
v 15 -8.660254 19.5
v 15 -7.223619 19.5
v 15 -5.887066 19.5
v 15 -4.626887 19.5
v 15 -3.423652 19.5
v 15 -2.260886 19.5
v 15 -1.124095 19.5
v 15 0 19.75
v 15 1.124095 19.75
v 15 2.260886 19.75
v 15 3.423652 19.75
v 15 4.626887 19.75
v 15 5.887066 19.75
v 15 7.223619 19.75
v 15 8.660254 19.75
v 13.75584 9.378571 19.75
v 12.59835 10.04685 19.75
v 11.507 10.67694 19.75
v 10.46497 11.27855 19.75
v 9.457985 11.85994 19.75
v 8.473494 12.42833 19.75
v 7.5 12.99038 19.75
v 6.526506 13.55243 19.75
v 5.542015 14.12082 19.75
v 4.53503 14.70221 19.75
v 3.492998 15.30382 19.75
v 2.401651 15.93391 19.75
v 1.244162 16.60219 19.75
v 1.060575e-15 17.32051 19.75
v -1.244162 16.60219 19.75
v -2.401651 15.93391 19.75
v -3.492998 15.30382 19.75
v -4.53503 14.70221 19.75
v -5.542015 14.12082 19.75
v -6.526506 13.55243 19.75
v -7.5 12.99038 19.75
v -8.473494 12.42833 19.75
v -9.457985 11.85994 19.75
v -10.46497 11.27855 19.75
v -11.507 10.67694 19.75
v -12.59835 10.04685 19.75
v -13.75584 9.378571 19.75
v -15 8.660254 19.75
v -15 7.223619 19.75
v -15 5.887066 19.75
v -15 4.626887 19.75
v -15 3.423652 19.75
v -15 2.260886 19.75
v -15 1.124095 19.75
v -15 1.83697e-15 19.75
v -15 -1.124095 19.75
v -15 -2.260886 19.75
v -15 -3.423652 19.75
v -15 -4.626887 19.75
v -15 -5.887066 19.75
v -15 -7.223619 19.75
v -15 -8.660254 19.75
v -13.75584 -9.378571 19.75
v -12.59835 -10.04685 19.75
v -11.507 -10.67694 19.75
v -10.46497 -11.27855 19.75
v -9.457985 -11.85994 19.75
v -8.473494 -12.42833 19.75
v -7.5 -12.99038 19.75
v -6.526506 -13.55243 19.75
v -5.542015 -14.12082 19.75
v -4.53503 -14.70221 19.75
v -3.492998 -15.30382 19.75
v -2.401651 -15.93391 19.75
v -1.244162 -16.60219 19.75
v -3.181726e-15 -17.32051 19.75
v 1.244162 -16.60219 19.75
v 2.401651 -15.93391 19.75
v 3.492998 -15.30382 19.75
v 4.53503 -14.70221 19.75
v 5.542015 -14.12082 19.75
v 6.526506 -13.55243 19.75
v 7.5 -12.99038 19.75
v 8.473494 -12.42833 19.75
v 9.457985 -11.85994 19.75
v 10.46497 -11.27855 19.75
v 11.507 -10.67694 19.75
v 12.59835 -10.04685 19.75
v 13.75584 -9.378571 19.75
v 15 -8.660254 19.75
v 15 -7.223619 19.75
v 15 -5.887066 19.75
v 15 -4.626887 19.75
v 15 -3.423652 19.75
v 15 -2.260886 19.75
v 15 -1.124095 19.75
v 15 0 20
v 15 1.124095 20
v 15 2.260886 20
v 15 3.423652 20
v 15 4.626887 20
v 15 5.887066 20
v 15 7.223619 20
v 15 8.660254 20
v 13.75584 9.378571 20
v 12.59835 10.04685 20
v 11.507 10.67694 20
v 10.46497 11.27855 20
v 9.457985 11.85994 20
v 8.473494 12.42833 20
v 7.5 12.99038 20
v 6.526506 13.55243 20
v 5.542015 14.12082 20
v 4.53503 14.70221 20
v 3.492998 15.30382 20
v 2.401651 15.93391 20
v 1.244162 16.60219 20
v 1.060575e-15 17.32051 20
v -1.244162 16.60219 20
v -2.401651 15.93391 20
v -3.492998 15.30382 20
v -4.53503 14.70221 20
v -5.542015 14.12082 20
v -6.526506 13.55243 20
v -7.5 12.99038 20
v -8.473494 12.42833 20
v -9.457985 11.85994 20
v -10.46497 11.27855 20
v -11.507 10.67694 20
v -12.59835 10.04685 20
v -13.75584 9.378571 20
v -15 8.660254 20
v -15 7.223619 20
v -15 5.887066 20
v -15 4.626887 20
v -15 3.423652 20
v -15 2.260886 20
v -15 1.124095 20
v -15 1.83697e-15 20
v -15 -1.124095 20
v -15 -2.260886 20
v -15 -3.423652 20
v -15 -4.626887 20
v -15 -5.887066 20
v -15 -7.223619 20
v -15 -8.660254 20
v -13.75584 -9.378571 20
v -12.59835 -10.04685 20
v -11.507 -10.67694 20
v -10.46497 -11.27855 20
v -9.457985 -11.85994 20
v -8.473494 -12.42833 20
v -7.5 -12.99038 20
v -6.526506 -13.55243 20
v -5.542015 -14.12082 20
v -4.53503 -14.70221 20
v -3.492998 -15.30382 20
v -2.401651 -15.93391 20
v -1.244162 -16.60219 20
v -3.181726e-15 -17.32051 20
v 1.244162 -16.60219 20
v 2.401651 -15.93391 20
v 3.492998 -15.30382 20
v 4.53503 -14.70221 20
v 5.542015 -14.12082 20
v 6.526506 -13.55243 20
v 7.5 -12.99038 20
v 8.473494 -12.42833 20
v 9.457985 -11.85994 20
v 10.46497 -11.27855 20
v 11.507 -10.67694 20
v 12.59835 -10.04685 20
v 13.75584 -9.378571 20
v 15 -8.660254 20
v 15 -7.223619 20
v 15 -5.887066 20
v 15 -4.626887 20
v 15 -3.423652 20
v 15 -2.260886 20
v 15 -1.124095 20
v 15 0 20.25
v 15 1.124095 20.25
v 15 2.260886 20.25
v 15 3.423652 20.25
v 15 4.626887 20.25
v 15 5.887066 20.25
v 15 7.223619 20.25
v 15 8.660254 20.25
v 13.75584 9.378571 20.25
v 12.59835 10.04685 20.25
v 11.507 10.67694 20.25
v 10.46497 11.27855 20.25
v 9.457985 11.85994 20.25
v 8.473494 12.42833 20.25
v 7.5 12.99038 20.25
v 6.526506 13.55243 20.25
v 5.542015 14.12082 20.25
v 4.53503 14.70221 20.25
v 3.492998 15.30382 20.25
v 2.401651 15.93391 20.25
v 1.244162 16.60219 20.25
v 1.060575e-15 17.32051 20.25
v -1.244162 16.60219 20.25
v -2.401651 15.93391 20.25
v -3.492998 15.30382 20.25
v -4.53503 14.70221 20.25
v -5.542015 14.12082 20.25
v -6.526506 13.55243 20.25
v -7.5 12.99038 20.25
v -8.473494 12.42833 20.25
v -9.457985 11.85994 20.25
v -10.46497 11.27855 20.25
v -11.507 10.67694 20.25
v -12.59835 10.04685 20.25
v -13.75584 9.378571 20.25
v -15 8.660254 20.25
v -15 7.223619 20.25
v -15 5.887066 20.25
v -15 4.626887 20.25
v -15 3.423652 20.25
v -15 2.260886 20.25
v -15 1.124095 20.25
v -15 1.83697e-15 20.25
v -15 -1.124095 20.25
v -15 -2.260886 20.25
v -15 -3.423652 20.25
v -15 -4.626887 20.25
v -15 -5.887066 20.25
v -15 -7.223619 20.25
v -15 -8.660254 20.25
v -13.75584 -9.378571 20.25
v -12.59835 -10.04685 20.25
v -11.507 -10.67694 20.25
v -10.46497 -11.27855 20.25
v -9.457985 -11.85994 20.25
v -8.473494 -12.42833 20.25
v -7.5 -12.99038 20.25
v -6.526506 -13.55243 20.25
v -5.542015 -14.12082 20.25
v -4.53503 -14.70221 20.25
v -3.492998 -15.30382 20.25
v -2.401651 -15.93391 20.25
v -1.244162 -16.60219 20.25
v -3.181726e-15 -17.32051 20.25
v 1.244162 -16.60219 20.25
v 2.401651 -15.93391 20.25
v 3.492998 -15.30382 20.25
v 4.53503 -14.70221 20.25
v 5.542015 -14.12082 20.25
v 6.526506 -13.55243 20.25
v 7.5 -12.99038 20.25
v 8.473494 -12.42833 20.25
v 9.457985 -11.85994 20.25
v 10.46497 -11.27855 20.25
v 11.507 -10.67694 20.25
v 12.59835 -10.04685 20.25
v 13.75584 -9.378571 20.25
v 15 -8.660254 20.25
v 15 -7.223619 20.25
v 15 -5.887066 20.25
v 15 -4.626887 20.25
v 15 -3.423652 20.25
v 15 -2.260886 20.25
v 15 -1.124095 20.25
v 15 0 20.5
v 15 1.124095 20.5
v 15 2.260886 20.5
v 15 3.423652 20.5
v 15 4.626887 20.5
v 15 5.887066 20.5
v 15 7.223619 20.5
v 15 8.660254 20.5
v 13.75584 9.378571 20.5
v 12.59835 10.04685 20.5
v 11.507 10.67694 20.5
v 10.46497 11.27855 20.5
v 9.457985 11.85994 20.5
v 8.473494 12.42833 20.5
v 7.5 12.99038 20.5
v 6.526506 13.55243 20.5
v 5.542015 14.12082 20.5
v 4.53503 14.70221 20.5
v 3.492998 15.30382 20.5
v 2.401651 15.93391 20.5
v 1.244162 16.60219 20.5
v 1.060575e-15 17.32051 20.5
v -1.244162 16.60219 20.5
v -2.401651 15.93391 20.5
v -3.492998 15.30382 20.5
v -4.53503 14.70221 20.5
v -5.542015 14.12082 20.5
v -6.526506 13.55243 20.5
v -7.5 12.99038 20.5
v -8.473494 12.42833 20.5
v -9.457985 11.85994 20.5
v -10.46497 11.27855 20.5
v -11.507 10.67694 20.5
v -12.59835 10.04685 20.5
v -13.75584 9.378571 20.5
v -15 8.660254 20.5
v -15 7.223619 20.5
v -15 5.887066 20.5
v -15 4.626887 20.5
v -15 3.423652 20.5
v -15 2.260886 20.5
v -15 1.124095 20.5
v -15 1.83697e-15 20.5
v -15 -1.124095 20.5
v -15 -2.260886 20.5
v -15 -3.423652 20.5
v -15 -4.626887 20.5
v -15 -5.887066 20.5
v -15 -7.223619 20.5
v -15 -8.660254 20.5
v -13.75584 -9.378571 20.5
v -12.59835 -10.04685 20.5
v -11.507 -10.67694 20.5
v -10.46497 -11.27855 20.5
v -9.457985 -11.85994 20.5
v -8.473494 -12.42833 20.5
v -7.5 -12.99038 20.5
v -6.526506 -13.55243 20.5
v -5.542015 -14.12082 20.5
v -4.53503 -14.70221 20.5
v -3.492998 -15.30382 20.5
v -2.401651 -15.93391 20.5
v -1.244162 -16.60219 20.5
v -3.181726e-15 -17.32051 20.5
v 1.244162 -16.60219 20.5
v 2.401651 -15.93391 20.5
v 3.492998 -15.30382 20.5
v 4.53503 -14.70221 20.5
v 5.542015 -14.12082 20.5
v 6.526506 -13.55243 20.5
v 7.5 -12.99038 20.5
v 8.473494 -12.42833 20.5
v 9.457985 -11.85994 20.5
v 10.46497 -11.27855 20.5
v 11.507 -10.67694 20.5
v 12.59835 -10.04685 20.5
v 13.75584 -9.378571 20.5
v 15 -8.660254 20.5
v 15 -7.223619 20.5
v 15 -5.887066 20.5
v 15 -4.626887 20.5
v 15 -3.423652 20.5
v 15 -2.260886 20.5
v 15 -1.124095 20.5
v 15 0 20.75
v 15 1.124095 20.75
v 15 2.260886 20.75
v 15 3.423652 20.75
v 15 4.626887 20.75
v 15 5.887066 20.75
v 15 7.223619 20.75
v 15 8.660254 20.75
v 13.75584 9.378571 20.75
v 12.59835 10.04685 20.75
v 11.507 10.67694 20.75
v 10.46497 11.27855 20.75
v 9.457985 11.85994 20.75
v 8.473494 12.42833 20.75
v 7.5 12.99038 20.75
v 6.526506 13.55243 20.75
v 5.542015 14.12082 20.75
v 4.53503 14.70221 20.75
v 3.492998 15.30382 20.75
v 2.401651 15.93391 20.75
v 1.244162 16.60219 20.75
v 1.060575e-15 17.32051 20.75
v -1.244162 16.60219 20.75
v -2.401651 15.93391 20.75
v -3.492998 15.30382 20.75
v -4.53503 14.70221 20.75
v -5.542015 14.12082 20.75
v -6.526506 13.55243 20.75
v -7.5 12.99038 20.75
v -8.473494 12.42833 20.75
v -9.457985 11.85994 20.75
v -10.46497 11.27855 20.75
v -11.507 10.67694 20.75
v -12.59835 10.04685 20.75
v -13.75584 9.378571 20.75
v -15 8.660254 20.75
v -15 7.223619 20.75
v -15 5.887066 20.75
v -15 4.626887 20.75
v -15 3.423652 20.75
v -15 2.260886 20.75
v -15 1.124095 20.75
v -15 1.83697e-15 20.75
v -15 -1.124095 20.75
v -15 -2.260886 20.75
v -15 -3.423652 20.75
v -15 -4.626887 20.75
v -15 -5.887066 20.75
v -15 -7.223619 20.75
v -15 -8.660254 20.75
v -13.75584 -9.378571 20.75
v -12.59835 -10.04685 20.75
v -11.507 -10.67694 20.75
v -10.46497 -11.27855 20.75
v -9.457985 -11.85994 20.75
v -8.473494 -12.42833 20.75
v -7.5 -12.99038 20.75
v -6.526506 -13.55243 20.75
v -5.542015 -14.12082 20.75
v -4.53503 -14.70221 20.75
v -3.492998 -15.30382 20.75
v -2.401651 -15.93391 20.75
v -1.244162 -16.60219 20.75
v -3.181726e-15 -17.32051 20.75
v 1.244162 -16.60219 20.75
v 2.401651 -15.93391 20.75
v 3.492998 -15.30382 20.75
v 4.53503 -14.70221 20.75
v 5.542015 -14.12082 20.75
v 6.526506 -13.55243 20.75
v 7.5 -12.99038 20.75
v 8.473494 -12.42833 20.75
v 9.457985 -11.85994 20.75
v 10.46497 -11.27855 20.75
v 11.507 -10.67694 20.75
v 12.59835 -10.04685 20.75
v 13.75584 -9.378571 20.75
v 15 -8.660254 20.75
v 15 -7.223619 20.75
v 15 -5.887066 20.75
v 15 -4.626887 20.75
v 15 -3.423652 20.75
v 15 -2.260886 20.75
v 15 -1.124095 20.75
v 15 0 21
v 15 1.124095 21
v 15 2.260886 21
v 15 3.423652 21
v 15 4.626887 21
v 15 5.887066 21
v 15 7.223619 21
v 15 8.660254 21
v 13.75584 9.378571 21
v 12.59835 10.04685 21
v 11.507 10.67694 21
v 10.46497 11.27855 21
v 9.457985 11.85994 21
v 8.473494 12.42833 21
v 7.5 12.99038 21
v 6.526506 13.55243 21
v 5.542015 14.12082 21
v 4.53503 14.70221 21
v 3.492998 15.30382 21
v 2.401651 15.93391 21
v 1.244162 16.60219 21
v 1.060575e-15 17.32051 21
v -1.244162 16.60219 21
v -2.401651 15.93391 21
v -3.492998 15.30382 21
v -4.53503 14.70221 21
v -5.542015 14.12082 21
v -6.526506 13.55243 21
v -7.5 12.99038 21
v -8.473494 12.42833 21
v -9.457985 11.85994 21
v -10.46497 11.27855 21
v -11.507 10.67694 21
v -12.59835 10.04685 21
v -13.75584 9.378571 21
v -15 8.660254 21
v -15 7.223619 21
v -15 5.887066 21
v -15 4.626887 21
v -15 3.423652 21
v -15 2.260886 21
v -15 1.124095 21
v -15 1.83697e-15 21
v -15 -1.124095 21
v -15 -2.260886 21
v -15 -3.423652 21
v -15 -4.626887 21
v -15 -5.887066 21
v -15 -7.223619 21
v -15 -8.660254 21
v -13.75584 -9.378571 21
v -12.59835 -10.04685 21
v -11.507 -10.67694 21
v -10.46497 -11.27855 21
v -9.457985 -11.85994 21
v -8.473494 -12.42833 21
v -7.5 -12.99038 21
v -6.526506 -13.55243 21
v -5.542015 -14.12082 21
v -4.53503 -14.70221 21
v -3.492998 -15.30382 21
v -2.401651 -15.93391 21
v -1.244162 -16.60219 21
v -3.181726e-15 -17.32051 21
v 1.244162 -16.60219 21
v 2.401651 -15.93391 21
v 3.492998 -15.30382 21
v 4.53503 -14.70221 21
v 5.542015 -14.12082 21
v 6.526506 -13.55243 21
v 7.5 -12.99038 21
v 8.473494 -12.42833 21
v 9.457985 -11.85994 21
v 10.46497 -11.27855 21
v 11.507 -10.67694 21
v 12.59835 -10.04685 21
v 13.75584 -9.378571 21
v 15 -8.660254 21
v 15 -7.223619 21
v 15 -5.887066 21
v 15 -4.626887 21
v 15 -3.423652 21
v 15 -2.260886 21
v 15 -1.124095 21
v 15 0 21.25
v 15 1.124095 21.25
v 15 2.260886 21.25
v 15 3.423652 21.25
v 15 4.626887 21.25
v 15 5.887066 21.25
v 15 7.223619 21.25
v 15 8.660254 21.25
v 13.75584 9.378571 21.25
v 12.59835 10.04685 21.25
v 11.507 10.67694 21.25
v 10.46497 11.27855 21.25
v 9.457985 11.85994 21.25
v 8.473494 12.42833 21.25
v 7.5 12.99038 21.25
v 6.526506 13.55243 21.25
v 5.542015 14.12082 21.25
v 4.53503 14.70221 21.25
v 3.492998 15.30382 21.25
v 2.401651 15.93391 21.25
v 1.244162 16.60219 21.25
v 1.060575e-15 17.32051 21.25
v -1.244162 16.60219 21.25
v -2.401651 15.93391 21.25
v -3.492998 15.30382 21.25
v -4.53503 14.70221 21.25
v -5.542015 14.12082 21.25
v -6.526506 13.55243 21.25
v -7.5 12.99038 21.25
v -8.473494 12.42833 21.25
v -9.457985 11.85994 21.25
v -10.46497 11.27855 21.25
v -11.507 10.67694 21.25
v -12.59835 10.04685 21.25
v -13.75584 9.378571 21.25
v -15 8.660254 21.25
v -15 7.223619 21.25
v -15 5.887066 21.25
v -15 4.626887 21.25
v -15 3.423652 21.25
v -15 2.260886 21.25
v -15 1.124095 21.25
v -15 1.83697e-15 21.25
v -15 -1.124095 21.25
v -15 -2.260886 21.25
v -15 -3.423652 21.25
v -15 -4.626887 21.25
v -15 -5.887066 21.25
v -15 -7.223619 21.25
v -15 -8.660254 21.25
v -13.75584 -9.378571 21.25
v -12.59835 -10.04685 21.25
v -11.507 -10.67694 21.25
v -10.46497 -11.27855 21.25
v -9.457985 -11.85994 21.25
v -8.473494 -12.42833 21.25
v -7.5 -12.99038 21.25
v -6.526506 -13.55243 21.25
v -5.542015 -14.12082 21.25
v -4.53503 -14.70221 21.25
v -3.492998 -15.30382 21.25
v -2.401651 -15.93391 21.25
v -1.244162 -16.60219 21.25
v -3.181726e-15 -17.32051 21.25
v 1.244162 -16.60219 21.25
v 2.401651 -15.93391 21.25
v 3.492998 -15.30382 21.25
v 4.53503 -14.70221 21.25
v 5.542015 -14.12082 21.25
v 6.526506 -13.55243 21.25
v 7.5 -12.99038 21.25
v 8.473494 -12.42833 21.25
v 9.457985 -11.85994 21.25
v 10.46497 -11.27855 21.25
v 11.507 -10.67694 21.25
v 12.59835 -10.04685 21.25
v 13.75584 -9.378571 21.25
v 15 -8.660254 21.25
v 15 -7.223619 21.25
v 15 -5.887066 21.25
v 15 -4.626887 21.25
v 15 -3.423652 21.25
v 15 -2.260886 21.25
v 15 -1.124095 21.25
v 15 0 21.5
v 15 1.124095 21.5
v 15 2.260886 21.5
v 15 3.423652 21.5
v 15 4.626887 21.5
v 15 5.887066 21.5
v 15 7.223619 21.5
v 15 8.660254 21.5
v 13.75584 9.378571 21.5
v 12.59835 10.04685 21.5
v 11.507 10.67694 21.5
v 10.46497 11.27855 21.5
v 9.457985 11.85994 21.5
v 8.473494 12.42833 21.5
v 7.5 12.99038 21.5
v 6.526506 13.55243 21.5
v 5.542015 14.12082 21.5
v 4.53503 14.70221 21.5
v 3.492998 15.30382 21.5
v 2.401651 15.93391 21.5
v 1.244162 16.60219 21.5
v 1.060575e-15 17.32051 21.5
v -1.244162 16.60219 21.5
v -2.401651 15.93391 21.5
v -3.492998 15.30382 21.5
v -4.53503 14.70221 21.5
v -5.542015 14.12082 21.5
v -6.526506 13.55243 21.5
v -7.5 12.99038 21.5
v -8.473494 12.42833 21.5
v -9.457985 11.85994 21.5
v -10.46497 11.27855 21.5
v -11.507 10.67694 21.5
v -12.59835 10.04685 21.5
v -13.75584 9.378571 21.5
v -15 8.660254 21.5
v -15 7.223619 21.5
v -15 5.887066 21.5
v -15 4.626887 21.5
v -15 3.423652 21.5
v -15 2.260886 21.5
v -15 1.124095 21.5
v -15 1.83697e-15 21.5
v -15 -1.124095 21.5
v -15 -2.260886 21.5
v -15 -3.423652 21.5
v -15 -4.626887 21.5
v -15 -5.887066 21.5
v -15 -7.223619 21.5
v -15 -8.660254 21.5
v -13.75584 -9.378571 21.5
v -12.59835 -10.04685 21.5
v -11.507 -10.67694 21.5
v -10.46497 -11.27855 21.5
v -9.457985 -11.85994 21.5
v -8.473494 -12.42833 21.5
v -7.5 -12.99038 21.5
v -6.526506 -13.55243 21.5
v -5.542015 -14.12082 21.5
v -4.53503 -14.70221 21.5
v -3.492998 -15.30382 21.5
v -2.401651 -15.93391 21.5
v -1.244162 -16.60219 21.5
v -3.181726e-15 -17.32051 21.5
v 1.244162 -16.60219 21.5
v 2.401651 -15.93391 21.5
v 3.492998 -15.30382 21.5
v 4.53503 -14.70221 21.5
v 5.542015 -14.12082 21.5
v 6.526506 -13.55243 21.5
v 7.5 -12.99038 21.5
v 8.473494 -12.42833 21.5
v 9.457985 -11.85994 21.5
v 10.46497 -11.27855 21.5
v 11.507 -10.67694 21.5
v 12.59835 -10.04685 21.5
v 13.75584 -9.378571 21.5
v 15 -8.660254 21.5
v 15 -7.223619 21.5
v 15 -5.887066 21.5
v 15 -4.626887 21.5
v 15 -3.423652 21.5
v 15 -2.260886 21.5
v 15 -1.124095 21.5
v 15 0 21.75
v 15 1.124095 21.75
v 15 2.260886 21.75
v 15 3.423652 21.75
v 15 4.626887 21.75
v 15 5.887066 21.75
v 15 7.223619 21.75
v 15 8.660254 21.75
v 13.75584 9.378571 21.75
v 12.59835 10.04685 21.75
v 11.507 10.67694 21.75
v 10.46497 11.27855 21.75
v 9.457985 11.85994 21.75
v 8.473494 12.42833 21.75
v 7.5 12.99038 21.75
v 6.526506 13.55243 21.75
v 5.542015 14.12082 21.75
v 4.53503 14.70221 21.75
v 3.492998 15.30382 21.75
v 2.401651 15.93391 21.75
v 1.244162 16.60219 21.75
v 1.060575e-15 17.32051 21.75
v -1.244162 16.60219 21.75
v -2.401651 15.93391 21.75
v -3.492998 15.30382 21.75
v -4.53503 14.70221 21.75
v -5.542015 14.12082 21.75
v -6.526506 13.55243 21.75
v -7.5 12.99038 21.75
v -8.473494 12.42833 21.75
v -9.457985 11.85994 21.75
v -10.46497 11.27855 21.75
v -11.507 10.67694 21.75
v -12.59835 10.04685 21.75
v -13.75584 9.378571 21.75
v -15 8.660254 21.75
v -15 7.223619 21.75
v -15 5.887066 21.75
v -15 4.626887 21.75
v -15 3.423652 21.75
v -15 2.260886 21.75
v -15 1.124095 21.75
v -15 1.83697e-15 21.75
v -15 -1.124095 21.75
v -15 -2.260886 21.75
v -15 -3.423652 21.75
v -15 -4.626887 21.75
v -15 -5.887066 21.75
v -15 -7.223619 21.75
v -15 -8.660254 21.75
v -13.75584 -9.378571 21.75
v -12.59835 -10.04685 21.75
v -11.507 -10.67694 21.75
v -10.46497 -11.27855 21.75
v -9.457985 -11.85994 21.75
v -8.473494 -12.42833 21.75
v -7.5 -12.99038 21.75
v -6.526506 -13.55243 21.75
v -5.542015 -14.12082 21.75
v -4.53503 -14.70221 21.75
v -3.492998 -15.30382 21.75
v -2.401651 -15.93391 21.75
v -1.244162 -16.60219 21.75
v -3.181726e-15 -17.32051 21.75
v 1.244162 -16.60219 21.75
v 2.401651 -15.93391 21.75
v 3.492998 -15.30382 21.75
v 4.53503 -14.70221 21.75
v 5.542015 -14.12082 21.75
v 6.526506 -13.55243 21.75
v 7.5 -12.99038 21.75
v 8.473494 -12.42833 21.75
v 9.457985 -11.85994 21.75
v 10.46497 -11.27855 21.75
v 11.507 -10.67694 21.75
v 12.59835 -10.04685 21.75
v 13.75584 -9.378571 21.75
v 15 -8.660254 21.75
v 15 -7.223619 21.75
v 15 -5.887066 21.75
v 15 -4.626887 21.75
v 15 -3.423652 21.75
v 15 -2.260886 21.75
v 15 -1.124095 21.75
v 15 0 22
v 15 1.124095 22
v 15 2.260886 22
v 15 3.423652 22
v 15 4.626887 22
v 15 5.887066 22
v 15 7.223619 22
v 15 8.660254 22
v 13.75584 9.378571 22
v 12.59835 10.04685 22
v 11.507 10.67694 22
v 10.46497 11.27855 22
v 9.457985 11.85994 22
v 8.473494 12.42833 22
v 7.5 12.99038 22
v 6.526506 13.55243 22
v 5.542015 14.12082 22
v 4.53503 14.70221 22
v 3.492998 15.30382 22
v 2.401651 15.93391 22
v 1.244162 16.60219 22
v 1.060575e-15 17.32051 22
v -1.244162 16.60219 22
v -2.401651 15.93391 22
v -3.492998 15.30382 22
v -4.53503 14.70221 22
v -5.542015 14.12082 22
v -6.526506 13.55243 22
v -7.5 12.99038 22
v -8.473494 12.42833 22
v -9.457985 11.85994 22
v -10.46497 11.27855 22
v -11.507 10.67694 22
v -12.59835 10.04685 22
v -13.75584 9.378571 22
v -15 8.660254 22
v -15 7.223619 22
v -15 5.887066 22
v -15 4.626887 22
v -15 3.423652 22
v -15 2.260886 22
v -15 1.124095 22
v -15 1.83697e-15 22
v -15 -1.124095 22
v -15 -2.260886 22
v -15 -3.423652 22
v -15 -4.626887 22
v -15 -5.887066 22
v -15 -7.223619 22
v -15 -8.660254 22
v -13.75584 -9.378571 22
v -12.59835 -10.04685 22
v -11.507 -10.67694 22
v -10.46497 -11.27855 22
v -9.457985 -11.85994 22
v -8.473494 -12.42833 22
v -7.5 -12.99038 22
v -6.526506 -13.55243 22
v -5.542015 -14.12082 22
v -4.53503 -14.70221 22
v -3.492998 -15.30382 22
v -2.401651 -15.93391 22
v -1.244162 -16.60219 22
v -3.181726e-15 -17.32051 22
v 1.244162 -16.60219 22
v 2.401651 -15.93391 22
v 3.492998 -15.30382 22
v 4.53503 -14.70221 22
v 5.542015 -14.12082 22
v 6.526506 -13.55243 22
v 7.5 -12.99038 22
v 8.473494 -12.42833 22
v 9.457985 -11.85994 22
v 10.46497 -11.27855 22
v 11.507 -10.67694 22
v 12.59835 -10.04685 22
v 13.75584 -9.378571 22
v 15 -8.660254 22
v 15 -7.223619 22
v 15 -5.887066 22
v 15 -4.626887 22
v 15 -3.423652 22
v 15 -2.260886 22
v 15 -1.124095 22
v 15 0 22.25
v 15 1.124095 22.25
v 15 2.260886 22.25
v 15 3.423652 22.25
v 15 4.626887 22.25
v 15 5.887066 22.25
v 15 7.223619 22.25
v 15 8.660254 22.25
v 13.75584 9.378571 22.25
v 12.59835 10.04685 22.25
v 11.507 10.67694 22.25
v 10.46497 11.27855 22.25
v 9.457985 11.85994 22.25
v 8.473494 12.42833 22.25
v 7.5 12.99038 22.25
v 6.526506 13.55243 22.25
v 5.542015 14.12082 22.25
v 4.53503 14.70221 22.25
v 3.492998 15.30382 22.25
v 2.401651 15.93391 22.25
v 1.244162 16.60219 22.25
v 1.060575e-15 17.32051 22.25
v -1.244162 16.60219 22.25
v -2.401651 15.93391 22.25
v -3.492998 15.30382 22.25
v -4.53503 14.70221 22.25
v -5.542015 14.12082 22.25
v -6.526506 13.55243 22.25
v -7.5 12.99038 22.25
v -8.473494 12.42833 22.25
v -9.457985 11.85994 22.25
v -10.46497 11.27855 22.25
v -11.507 10.67694 22.25
v -12.59835 10.04685 22.25
v -13.75584 9.378571 22.25
v -15 8.660254 22.25
v -15 7.223619 22.25
v -15 5.887066 22.25
v -15 4.626887 22.25
v -15 3.423652 22.25
v -15 2.260886 22.25
v -15 1.124095 22.25
v -15 1.83697e-15 22.25
v -15 -1.124095 22.25
v -15 -2.260886 22.25
v -15 -3.423652 22.25
v -15 -4.626887 22.25
v -15 -5.887066 22.25
v -15 -7.223619 22.25
v -15 -8.660254 22.25
v -13.75584 -9.378571 22.25
v -12.59835 -10.04685 22.25
v -11.507 -10.67694 22.25
v -10.46497 -11.27855 22.25
v -9.457985 -11.85994 22.25
v -8.473494 -12.42833 22.25
v -7.5 -12.99038 22.25
v -6.526506 -13.55243 22.25
v -5.542015 -14.12082 22.25
v -4.53503 -14.70221 22.25
v -3.492998 -15.30382 22.25
v -2.401651 -15.93391 22.25
v -1.244162 -16.60219 22.25
v -3.181726e-15 -17.32051 22.25
v 1.244162 -16.60219 22.25
v 2.401651 -15.93391 22.25
v 3.492998 -15.30382 22.25
v 4.53503 -14.70221 22.25
v 5.542015 -14.12082 22.25
v 6.526506 -13.55243 22.25
v 7.5 -12.99038 22.25
v 8.473494 -12.42833 22.25
v 9.457985 -11.85994 22.25
v 10.46497 -11.27855 22.25
v 11.507 -10.67694 22.25
v 12.59835 -10.04685 22.25
v 13.75584 -9.378571 22.25
v 15 -8.660254 22.25
v 15 -7.223619 22.25
v 15 -5.887066 22.25
v 15 -4.626887 22.25
v 15 -3.423652 22.25
v 15 -2.260886 22.25
v 15 -1.124095 22.25
v 15 0 22.5
v 15 1.124095 22.5
v 15 2.260886 22.5
v 15 3.423652 22.5
v 15 4.626887 22.5
v 15 5.887066 22.5
v 15 7.223619 22.5
v 15 8.660254 22.5
v 13.75584 9.378571 22.5
v 12.59835 10.04685 22.5
v 11.507 10.67694 22.5
v 10.46497 11.27855 22.5
v 9.457985 11.85994 22.5
v 8.473494 12.42833 22.5
v 7.5 12.99038 22.5
v 6.526506 13.55243 22.5
v 5.542015 14.12082 22.5
v 4.53503 14.70221 22.5
v 3.492998 15.30382 22.5
v 2.401651 15.93391 22.5
v 1.244162 16.60219 22.5
v 1.060575e-15 17.32051 22.5
v -1.244162 16.60219 22.5
v -2.401651 15.93391 22.5
v -3.492998 15.30382 22.5
v -4.53503 14.70221 22.5
v -5.542015 14.12082 22.5
v -6.526506 13.55243 22.5
v -7.5 12.99038 22.5
v -8.473494 12.42833 22.5
v -9.457985 11.85994 22.5
v -10.46497 11.27855 22.5
v -11.507 10.67694 22.5
v -12.59835 10.04685 22.5
v -13.75584 9.378571 22.5
v -15 8.660254 22.5
v -15 7.223619 22.5
v -15 5.887066 22.5
v -15 4.626887 22.5
v -15 3.423652 22.5
v -15 2.260886 22.5
v -15 1.124095 22.5
v -15 1.83697e-15 22.5
v -15 -1.124095 22.5
v -15 -2.260886 22.5
v -15 -3.423652 22.5
v -15 -4.626887 22.5
v -15 -5.887066 22.5
v -15 -7.223619 22.5
v -15 -8.660254 22.5
v -13.75584 -9.378571 22.5
v -12.59835 -10.04685 22.5
v -11.507 -10.67694 22.5
v -10.46497 -11.27855 22.5
v -9.457985 -11.85994 22.5
v -8.473494 -12.42833 22.5
v -7.5 -12.99038 22.5
v -6.526506 -13.55243 22.5
v -5.542015 -14.12082 22.5
v -4.53503 -14.70221 22.5
v -3.492998 -15.30382 22.5
v -2.401651 -15.93391 22.5
v -1.244162 -16.60219 22.5
v -3.181726e-15 -17.32051 22.5
v 1.244162 -16.60219 22.5
v 2.401651 -15.93391 22.5
v 3.492998 -15.30382 22.5
v 4.53503 -14.70221 22.5
v 5.542015 -14.12082 22.5
v 6.526506 -13.55243 22.5
v 7.5 -12.99038 22.5
v 8.473494 -12.42833 22.5
v 9.457985 -11.85994 22.5
v 10.46497 -11.27855 22.5
v 11.507 -10.67694 22.5
v 12.59835 -10.04685 22.5
v 13.75584 -9.378571 22.5
v 15 -8.660254 22.5
v 15 -7.223619 22.5
v 15 -5.887066 22.5
v 15 -4.626887 22.5
v 15 -3.423652 22.5
v 15 -2.260886 22.5
v 15 -1.124095 22.5
v 15 0 22.75
v 15 1.124095 22.75
v 15 2.260886 22.75
v 15 3.423652 22.75
v 15 4.626887 22.75
v 15 5.887066 22.75
v 15 7.223619 22.75
v 15 8.660254 22.75
v 13.75584 9.378571 22.75
v 12.59835 10.04685 22.75
v 11.507 10.67694 22.75
v 10.46497 11.27855 22.75
v 9.457985 11.85994 22.75
v 8.473494 12.42833 22.75
v 7.5 12.99038 22.75
v 6.526506 13.55243 22.75
v 5.542015 14.12082 22.75
v 4.53503 14.70221 22.75
v 3.492998 15.30382 22.75
v 2.401651 15.93391 22.75
v 1.244162 16.60219 22.75
v 1.060575e-15 17.32051 22.75
v -1.244162 16.60219 22.75
v -2.401651 15.93391 22.75
v -3.492998 15.30382 22.75
v -4.53503 14.70221 22.75
v -5.542015 14.12082 22.75
v -6.526506 13.55243 22.75
v -7.5 12.99038 22.75
v -8.473494 12.42833 22.75
v -9.457985 11.85994 22.75
v -10.46497 11.27855 22.75
v -11.507 10.67694 22.75
v -12.59835 10.04685 22.75
v -13.75584 9.378571 22.75
v -15 8.660254 22.75
v -15 7.223619 22.75
v -15 5.887066 22.75
v -15 4.626887 22.75
v -15 3.423652 22.75
v -15 2.260886 22.75
v -15 1.124095 22.75
v -15 1.83697e-15 22.75
v -15 -1.124095 22.75
v -15 -2.260886 22.75
v -15 -3.423652 22.75
v -15 -4.626887 22.75
v -15 -5.887066 22.75
v -15 -7.223619 22.75
v -15 -8.660254 22.75
v -13.75584 -9.378571 22.75
v -12.59835 -10.04685 22.75
v -11.507 -10.67694 22.75
v -10.46497 -11.27855 22.75
v -9.457985 -11.85994 22.75
v -8.473494 -12.42833 22.75
v -7.5 -12.99038 22.75
v -6.526506 -13.55243 22.75
v -5.542015 -14.12082 22.75
v -4.53503 -14.70221 22.75
v -3.492998 -15.30382 22.75
v -2.401651 -15.93391 22.75
v -1.244162 -16.60219 22.75
v -3.181726e-15 -17.32051 22.75
v 1.244162 -16.60219 22.75
v 2.401651 -15.93391 22.75
v 3.492998 -15.30382 22.75
v 4.53503 -14.70221 22.75
v 5.542015 -14.12082 22.75
v 6.526506 -13.55243 22.75
v 7.5 -12.99038 22.75
v 8.473494 -12.42833 22.75
v 9.457985 -11.85994 22.75
v 10.46497 -11.27855 22.75
v 11.507 -10.67694 22.75
v 12.59835 -10.04685 22.75
v 13.75584 -9.378571 22.75
v 15 -8.660254 22.75
v 15 -7.223619 22.75
v 15 -5.887066 22.75
v 15 -4.626887 22.75
v 15 -3.423652 22.75
v 15 -2.260886 22.75
v 15 -1.124095 22.75
v 15 0 23
v 15 1.124095 23
v 15 2.260886 23
v 15 3.423652 23
v 15 4.626887 23
v 15 5.887066 23
v 15 7.223619 23
v 15 8.660254 23
v 13.75584 9.378571 23
v 12.59835 10.04685 23
v 11.507 10.67694 23
v 10.46497 11.27855 23
v 9.457985 11.85994 23
v 8.473494 12.42833 23
v 7.5 12.99038 23
v 6.526506 13.55243 23
v 5.542015 14.12082 23
v 4.53503 14.70221 23
v 3.492998 15.30382 23
v 2.401651 15.93391 23
v 1.244162 16.60219 23
v 1.060575e-15 17.32051 23
v -1.244162 16.60219 23
v -2.401651 15.93391 23
v -3.492998 15.30382 23
v -4.53503 14.70221 23
v -5.542015 14.12082 23
v -6.526506 13.55243 23
v -7.5 12.99038 23
v -8.473494 12.42833 23
v -9.457985 11.85994 23
v -10.46497 11.27855 23
v -11.507 10.67694 23
v -12.59835 10.04685 23
v -13.75584 9.378571 23
v -15 8.660254 23
v -15 7.223619 23
v -15 5.887066 23
v -15 4.626887 23
v -15 3.423652 23
v -15 2.260886 23
v -15 1.124095 23
v -15 1.83697e-15 23
v -15 -1.124095 23
v -15 -2.260886 23
v -15 -3.423652 23
v -15 -4.626887 23
v -15 -5.887066 23
v -15 -7.223619 23
v -15 -8.660254 23
v -13.75584 -9.378571 23
v -12.59835 -10.04685 23
v -11.507 -10.67694 23
v -10.46497 -11.27855 23
v -9.457985 -11.85994 23
v -8.473494 -12.42833 23
v -7.5 -12.99038 23
v -6.526506 -13.55243 23
v -5.542015 -14.12082 23
v -4.53503 -14.70221 23
v -3.492998 -15.30382 23
v -2.401651 -15.93391 23
v -1.244162 -16.60219 23
v -3.181726e-15 -17.32051 23
v 1.244162 -16.60219 23
v 2.401651 -15.93391 23
v 3.492998 -15.30382 23
v 4.53503 -14.70221 23
v 5.542015 -14.12082 23
v 6.526506 -13.55243 23
v 7.5 -12.99038 23
v 8.473494 -12.42833 23
v 9.457985 -11.85994 23
v 10.46497 -11.27855 23
v 11.507 -10.67694 23
v 12.59835 -10.04685 23
v 13.75584 -9.378571 23
v 15 -8.660254 23
v 15 -7.223619 23
v 15 -5.887066 23
v 15 -4.626887 23
v 15 -3.423652 23
v 15 -2.260886 23
v 15 -1.124095 23
v 15 0 23.25
v 15 1.124095 23.25
v 15 2.260886 23.25
v 15 3.423652 23.25
v 15 4.626887 23.25
v 15 5.887066 23.25
v 15 7.223619 23.25
v 15 8.660254 23.25
v 13.75584 9.378571 23.25
v 12.59835 10.04685 23.25
v 11.507 10.67694 23.25
v 10.46497 11.27855 23.25
v 9.457985 11.85994 23.25
v 8.473494 12.42833 23.25
v 7.5 12.99038 23.25
v 6.526506 13.55243 23.25
v 5.542015 14.12082 23.25
v 4.53503 14.70221 23.25
v 3.492998 15.30382 23.25
v 2.401651 15.93391 23.25
v 1.244162 16.60219 23.25
v 1.060575e-15 17.32051 23.25
v -1.244162 16.60219 23.25
v -2.401651 15.93391 23.25
v -3.492998 15.30382 23.25
v -4.53503 14.70221 23.25
v -5.542015 14.12082 23.25
v -6.526506 13.55243 23.25
v -7.5 12.99038 23.25
v -8.473494 12.42833 23.25
v -9.457985 11.85994 23.25
v -10.46497 11.27855 23.25
v -11.507 10.67694 23.25
v -12.59835 10.04685 23.25
v -13.75584 9.378571 23.25
v -15 8.660254 23.25
v -15 7.223619 23.25
v -15 5.887066 23.25
v -15 4.626887 23.25
v -15 3.423652 23.25
v -15 2.260886 23.25
v -15 1.124095 23.25
v -15 1.83697e-15 23.25
v -15 -1.124095 23.25
v -15 -2.260886 23.25
v -15 -3.423652 23.25
v -15 -4.626887 23.25
v -15 -5.887066 23.25
v -15 -7.223619 23.25
v -15 -8.660254 23.25
v -13.75584 -9.378571 23.25
v -12.59835 -10.04685 23.25
v -11.507 -10.67694 23.25
v -10.46497 -11.27855 23.25
v -9.457985 -11.85994 23.25
v -8.473494 -12.42833 23.25
v -7.5 -12.99038 23.25
v -6.526506 -13.55243 23.25
v -5.542015 -14.12082 23.25
v -4.53503 -14.70221 23.25
v -3.492998 -15.30382 23.25
v -2.401651 -15.93391 23.25
v -1.244162 -16.60219 23.25
v -3.181726e-15 -17.32051 23.25
v 1.244162 -16.60219 23.25
v 2.401651 -15.93391 23.25
v 3.492998 -15.30382 23.25
v 4.53503 -14.70221 23.25
v 5.542015 -14.12082 23.25
v 6.526506 -13.55243 23.25
v 7.5 -12.99038 23.25
v 8.473494 -12.42833 23.25
v 9.457985 -11.85994 23.25
v 10.46497 -11.27855 23.25
v 11.507 -10.67694 23.25
v 12.59835 -10.04685 23.25
v 13.75584 -9.378571 23.25
v 15 -8.660254 23.25
v 15 -7.223619 23.25
v 15 -5.887066 23.25
v 15 -4.626887 23.25
v 15 -3.423652 23.25
v 15 -2.260886 23.25
v 15 -1.124095 23.25
v 15 0 23.5
v 15 1.124095 23.5
v 15 2.260886 23.5
v 15 3.423652 23.5
v 15 4.626887 23.5
v 15 5.887066 23.5
v 15 7.223619 23.5
v 15 8.660254 23.5
v 13.75584 9.378571 23.5
v 12.59835 10.04685 23.5
v 11.507 10.67694 23.5
v 10.46497 11.27855 23.5
v 9.457985 11.85994 23.5
v 8.473494 12.42833 23.5
v 7.5 12.99038 23.5
v 6.526506 13.55243 23.5
v 5.542015 14.12082 23.5
v 4.53503 14.70221 23.5
v 3.492998 15.30382 23.5
v 2.401651 15.93391 23.5
v 1.244162 16.60219 23.5
v 1.060575e-15 17.32051 23.5
v -1.244162 16.60219 23.5
v -2.401651 15.93391 23.5
v -3.492998 15.30382 23.5
v -4.53503 14.70221 23.5
v -5.542015 14.12082 23.5
v -6.526506 13.55243 23.5
v -7.5 12.99038 23.5
v -8.473494 12.42833 23.5
v -9.457985 11.85994 23.5
v -10.46497 11.27855 23.5
v -11.507 10.67694 23.5
v -12.59835 10.04685 23.5
v -13.75584 9.378571 23.5
v -15 8.660254 23.5
v -15 7.223619 23.5
v -15 5.887066 23.5
v -15 4.626887 23.5
v -15 3.423652 23.5
v -15 2.260886 23.5
v -15 1.124095 23.5
v -15 1.83697e-15 23.5
v -15 -1.124095 23.5
v -15 -2.260886 23.5
v -15 -3.423652 23.5
v -15 -4.626887 23.5
v -15 -5.887066 23.5
v -15 -7.223619 23.5
v -15 -8.660254 23.5
v -13.75584 -9.378571 23.5
v -12.59835 -10.04685 23.5
v -11.507 -10.67694 23.5
v -10.46497 -11.27855 23.5
v -9.457985 -11.85994 23.5
v -8.473494 -12.42833 23.5
v -7.5 -12.99038 23.5
v -6.526506 -13.55243 23.5
v -5.542015 -14.12082 23.5
v -4.53503 -14.70221 23.5
v -3.492998 -15.30382 23.5
v -2.401651 -15.93391 23.5
v -1.244162 -16.60219 23.5
v -3.181726e-15 -17.32051 23.5
v 1.244162 -16.60219 23.5
v 2.401651 -15.93391 23.5
v 3.492998 -15.30382 23.5
v 4.53503 -14.70221 23.5
v 5.542015 -14.12082 23.5
v 6.526506 -13.55243 23.5
v 7.5 -12.99038 23.5
v 8.473494 -12.42833 23.5
v 9.457985 -11.85994 23.5
v 10.46497 -11.27855 23.5
v 11.507 -10.67694 23.5
v 12.59835 -10.04685 23.5
v 13.75584 -9.378571 23.5
v 15 -8.660254 23.5
v 15 -7.223619 23.5
v 15 -5.887066 23.5
v 15 -4.626887 23.5
v 15 -3.423652 23.5
v 15 -2.260886 23.5
v 15 -1.124095 23.5
v 15 0 23.75
v 15 1.124095 23.75
v 15 2.260886 23.75
v 15 3.423652 23.75
v 15 4.626887 23.75
v 15 5.887066 23.75
v 15 7.223619 23.75
v 15 8.660254 23.75
v 13.75584 9.378571 23.75
v 12.59835 10.04685 23.75
v 11.507 10.67694 23.75
v 10.46497 11.27855 23.75
v 9.457985 11.85994 23.75
v 8.473494 12.42833 23.75
v 7.5 12.99038 23.75
v 6.526506 13.55243 23.75
v 5.542015 14.12082 23.75
v 4.53503 14.70221 23.75
v 3.492998 15.30382 23.75
v 2.401651 15.93391 23.75
v 1.244162 16.60219 23.75
v 1.060575e-15 17.32051 23.75
v -1.244162 16.60219 23.75
v -2.401651 15.93391 23.75
v -3.492998 15.30382 23.75
v -4.53503 14.70221 23.75
v -5.542015 14.12082 23.75
v -6.526506 13.55243 23.75
v -7.5 12.99038 23.75
v -8.473494 12.42833 23.75
v -9.457985 11.85994 23.75
v -10.46497 11.27855 23.75
v -11.507 10.67694 23.75
v -12.59835 10.04685 23.75
v -13.75584 9.378571 23.75
v -15 8.660254 23.75
v -15 7.223619 23.75
v -15 5.887066 23.75
v -15 4.626887 23.75
v -15 3.423652 23.75
v -15 2.260886 23.75
v -15 1.124095 23.75
v -15 1.83697e-15 23.75
v -15 -1.124095 23.75
v -15 -2.260886 23.75
v -15 -3.423652 23.75
v -15 -4.626887 23.75
v -15 -5.887066 23.75
v -15 -7.223619 23.75
v -15 -8.660254 23.75
v -13.75584 -9.378571 23.75
v -12.59835 -10.04685 23.75
v -11.507 -10.67694 23.75
v -10.46497 -11.27855 23.75
v -9.457985 -11.85994 23.75
v -8.473494 -12.42833 23.75
v -7.5 -12.99038 23.75
v -6.526506 -13.55243 23.75
v -5.542015 -14.12082 23.75
v -4.53503 -14.70221 23.75
v -3.492998 -15.30382 23.75
v -2.401651 -15.93391 23.75
v -1.244162 -16.60219 23.75
v -3.181726e-15 -17.32051 23.75
v 1.244162 -16.60219 23.75
v 2.401651 -15.93391 23.75
v 3.492998 -15.30382 23.75
v 4.53503 -14.70221 23.75
v 5.542015 -14.12082 23.75
v 6.526506 -13.55243 23.75
v 7.5 -12.99038 23.75
v 8.473494 -12.42833 23.75
v 9.457985 -11.85994 23.75
v 10.46497 -11.27855 23.75
v 11.507 -10.67694 23.75
v 12.59835 -10.04685 23.75
v 13.75584 -9.378571 23.75
v 15 -8.660254 23.75
v 15 -7.223619 23.75
v 15 -5.887066 23.75
v 15 -4.626887 23.75
v 15 -3.423652 23.75
v 15 -2.260886 23.75
v 15 -1.124095 23.75
v 15 0 24
v 15 1.124095 24
v 15 2.260886 24
v 15 3.423652 24
v 15 4.626887 24
v 15 5.887066 24
v 15 7.223619 24
v 15 8.660254 24
v 13.75584 9.378571 24
v 12.59835 10.04685 24
v 11.507 10.67694 24
v 10.46497 11.27855 24
v 9.457985 11.85994 24
v 8.473494 12.42833 24
v 7.5 12.99038 24
v 6.526506 13.55243 24
v 5.542015 14.12082 24
v 4.53503 14.70221 24
v 3.492998 15.30382 24
v 2.401651 15.93391 24
v 1.244162 16.60219 24
v 1.060575e-15 17.32051 24
v -1.244162 16.60219 24
v -2.401651 15.93391 24
v -3.492998 15.30382 24
v -4.53503 14.70221 24
v -5.542015 14.12082 24
v -6.526506 13.55243 24
v -7.5 12.99038 24
v -8.473494 12.42833 24
v -9.457985 11.85994 24
v -10.46497 11.27855 24
v -11.507 10.67694 24
v -12.59835 10.04685 24
v -13.75584 9.378571 24
v -15 8.660254 24
v -15 7.223619 24
v -15 5.887066 24
v -15 4.626887 24
v -15 3.423652 24
v -15 2.260886 24
v -15 1.124095 24
v -15 1.83697e-15 24
v -15 -1.124095 24
v -15 -2.260886 24
v -15 -3.423652 24
v -15 -4.626887 24
v -15 -5.887066 24
v -15 -7.223619 24
v -15 -8.660254 24
v -13.75584 -9.378571 24
v -12.59835 -10.04685 24
v -11.507 -10.67694 24
v -10.46497 -11.27855 24
v -9.457985 -11.85994 24
v -8.473494 -12.42833 24
v -7.5 -12.99038 24
v -6.526506 -13.55243 24
v -5.542015 -14.12082 24
v -4.53503 -14.70221 24
v -3.492998 -15.30382 24
v -2.401651 -15.93391 24
v -1.244162 -16.60219 24
v -3.181726e-15 -17.32051 24
v 1.244162 -16.60219 24
v 2.401651 -15.93391 24
v 3.492998 -15.30382 24
v 4.53503 -14.70221 24
v 5.542015 -14.12082 24
v 6.526506 -13.55243 24
v 7.5 -12.99038 24
v 8.473494 -12.42833 24
v 9.457985 -11.85994 24
v 10.46497 -11.27855 24
v 11.507 -10.67694 24
v 12.59835 -10.04685 24
v 13.75584 -9.378571 24
v 15 -8.660254 24
v 15 -7.223619 24
v 15 -5.887066 24
v 15 -4.626887 24
v 15 -3.423652 24
v 15 -2.260886 24
v 15 -1.124095 24
v 15 0 24.25
v 15 1.124095 24.25
v 15 2.260886 24.25
v 15 3.423652 24.25
v 15 4.626887 24.25
v 15 5.887066 24.25
v 15 7.223619 24.25
v 15 8.660254 24.25
v 13.75584 9.378571 24.25
v 12.59835 10.04685 24.25
v 11.507 10.67694 24.25
v 10.46497 11.27855 24.25
v 9.457985 11.85994 24.25
v 8.473494 12.42833 24.25
v 7.5 12.99038 24.25
v 6.526506 13.55243 24.25
v 5.542015 14.12082 24.25
v 4.53503 14.70221 24.25
v 3.492998 15.30382 24.25
v 2.401651 15.93391 24.25
v 1.244162 16.60219 24.25
v 1.060575e-15 17.32051 24.25
v -1.244162 16.60219 24.25
v -2.401651 15.93391 24.25
v -3.492998 15.30382 24.25
v -4.53503 14.70221 24.25
v -5.542015 14.12082 24.25
v -6.526506 13.55243 24.25
v -7.5 12.99038 24.25
v -8.473494 12.42833 24.25
v -9.457985 11.85994 24.25
v -10.46497 11.27855 24.25
v -11.507 10.67694 24.25
v -12.59835 10.04685 24.25
v -13.75584 9.378571 24.25
v -15 8.660254 24.25
v -15 7.223619 24.25
v -15 5.887066 24.25
v -15 4.626887 24.25
v -15 3.423652 24.25
v -15 2.260886 24.25
v -15 1.124095 24.25
v -15 1.83697e-15 24.25
v -15 -1.124095 24.25
v -15 -2.260886 24.25
v -15 -3.423652 24.25
v -15 -4.626887 24.25
v -15 -5.887066 24.25
v -15 -7.223619 24.25
v -15 -8.660254 24.25
v -13.75584 -9.378571 24.25
v -12.59835 -10.04685 24.25
v -11.507 -10.67694 24.25
v -10.46497 -11.27855 24.25
v -9.457985 -11.85994 24.25
v -8.473494 -12.42833 24.25
v -7.5 -12.99038 24.25
v -6.526506 -13.55243 24.25
v -5.542015 -14.12082 24.25
v -4.53503 -14.70221 24.25
v -3.492998 -15.30382 24.25
v -2.401651 -15.93391 24.25
v -1.244162 -16.60219 24.25
v -3.181726e-15 -17.32051 24.25
v 1.244162 -16.60219 24.25
v 2.401651 -15.93391 24.25
v 3.492998 -15.30382 24.25
v 4.53503 -14.70221 24.25
v 5.542015 -14.12082 24.25
v 6.526506 -13.55243 24.25
v 7.5 -12.99038 24.25
v 8.473494 -12.42833 24.25
v 9.457985 -11.85994 24.25
v 10.46497 -11.27855 24.25
v 11.507 -10.67694 24.25
v 12.59835 -10.04685 24.25
v 13.75584 -9.378571 24.25
v 15 -8.660254 24.25
v 15 -7.223619 24.25
v 15 -5.887066 24.25
v 15 -4.626887 24.25
v 15 -3.423652 24.25
v 15 -2.260886 24.25
v 15 -1.124095 24.25
v 15 0 24.5
v 15 1.124095 24.5
v 15 2.260886 24.5
v 15 3.423652 24.5
v 15 4.626887 24.5
v 15 5.887066 24.5
v 15 7.223619 24.5
v 15 8.660254 24.5
v 13.75584 9.378571 24.5
v 12.59835 10.04685 24.5
v 11.507 10.67694 24.5
v 10.46497 11.27855 24.5
v 9.457985 11.85994 24.5
v 8.473494 12.42833 24.5
v 7.5 12.99038 24.5
v 6.526506 13.55243 24.5
v 5.542015 14.12082 24.5
v 4.53503 14.70221 24.5
v 3.492998 15.30382 24.5
v 2.401651 15.93391 24.5
v 1.244162 16.60219 24.5
v 1.060575e-15 17.32051 24.5
v -1.244162 16.60219 24.5
v -2.401651 15.93391 24.5
v -3.492998 15.30382 24.5
v -4.53503 14.70221 24.5
v -5.542015 14.12082 24.5
v -6.526506 13.55243 24.5
v -7.5 12.99038 24.5
v -8.473494 12.42833 24.5
v -9.457985 11.85994 24.5
v -10.46497 11.27855 24.5
v -11.507 10.67694 24.5
v -12.59835 10.04685 24.5
v -13.75584 9.378571 24.5
v -15 8.660254 24.5
v -15 7.223619 24.5
v -15 5.887066 24.5
v -15 4.626887 24.5
v -15 3.423652 24.5
v -15 2.260886 24.5
v -15 1.124095 24.5
v -15 1.83697e-15 24.5
v -15 -1.124095 24.5
v -15 -2.260886 24.5
v -15 -3.423652 24.5
v -15 -4.626887 24.5
v -15 -5.887066 24.5
v -15 -7.223619 24.5
v -15 -8.660254 24.5
v -13.75584 -9.378571 24.5
v -12.59835 -10.04685 24.5
v -11.507 -10.67694 24.5
v -10.46497 -11.27855 24.5
v -9.457985 -11.85994 24.5
v -8.473494 -12.42833 24.5
v -7.5 -12.99038 24.5
v -6.526506 -13.55243 24.5
v -5.542015 -14.12082 24.5
v -4.53503 -14.70221 24.5
v -3.492998 -15.30382 24.5
v -2.401651 -15.93391 24.5
v -1.244162 -16.60219 24.5
v -3.181726e-15 -17.32051 24.5
v 1.244162 -16.60219 24.5
v 2.401651 -15.93391 24.5
v 3.492998 -15.30382 24.5
v 4.53503 -14.70221 24.5
v 5.542015 -14.12082 24.5
v 6.526506 -13.55243 24.5
v 7.5 -12.99038 24.5
v 8.473494 -12.42833 24.5
v 9.457985 -11.85994 24.5
v 10.46497 -11.27855 24.5
v 11.507 -10.67694 24.5
v 12.59835 -10.04685 24.5
v 13.75584 -9.378571 24.5
v 15 -8.660254 24.5
v 15 -7.223619 24.5
v 15 -5.887066 24.5
v 15 -4.626887 24.5
v 15 -3.423652 24.5
v 15 -2.260886 24.5
v 15 -1.124095 24.5
v 15 0 24.75
v 15 1.124095 24.75
v 15 2.260886 24.75
v 15 3.423652 24.75
v 15 4.626887 24.75
v 15 5.887066 24.75
v 15 7.223619 24.75
v 14.86538 8.582532 24.75
v 13.75584 9.378571 24.75
v 12.59835 10.04685 24.75
v 11.507 10.67694 24.75
v 10.46497 11.27855 24.75
v 9.457985 11.85994 24.75
v 8.473494 12.42833 24.75
v 7.5 12.99038 24.75
v 6.526506 13.55243 24.75
v 5.542015 14.12082 24.75
v 4.53503 14.70221 24.75
v 3.492998 15.30382 24.75
v 2.401651 15.93391 24.75
v 1.244162 16.60219 24.75
v 1.051057e-15 17.16506 24.75
v -1.244162 16.60219 24.75
v -2.401651 15.93391 24.75
v -3.492998 15.30382 24.75
v -4.53503 14.70221 24.75
v -5.542015 14.12082 24.75
v -6.526506 13.55243 24.75
v -7.5 12.99038 24.75
v -8.473494 12.42833 24.75
v -9.457985 11.85994 24.75
v -10.46497 11.27855 24.75
v -11.507 10.67694 24.75
v -12.59835 10.04685 24.75
v -13.75584 9.378571 24.75
v -14.86538 8.582532 24.75
v -15 7.223619 24.75
v -15 5.887066 24.75
v -15 4.626887 24.75
v -15 3.423652 24.75
v -15 2.260886 24.75
v -15 1.124095 24.75
v -15 1.83697e-15 24.75
v -15 -1.124095 24.75
v -15 -2.260886 24.75
v -15 -3.423652 24.75
v -15 -4.626887 24.75
v -15 -5.887066 24.75
v -15 -7.223619 24.75
v -14.86538 -8.582532 24.75
v -13.75584 -9.378571 24.75
v -12.59835 -10.04685 24.75
v -11.507 -10.67694 24.75
v -10.46497 -11.27855 24.75
v -9.457985 -11.85994 24.75
v -8.473494 -12.42833 24.75
v -7.5 -12.99038 24.75
v -6.526506 -13.55243 24.75
v -5.542015 -14.12082 24.75
v -4.53503 -14.70221 24.75
v -3.492998 -15.30382 24.75
v -2.401651 -15.93391 24.75
v -1.244162 -16.60219 24.75
v -3.153171e-15 -17.16506 24.75
v 1.244162 -16.60219 24.75
v 2.401651 -15.93391 24.75
v 3.492998 -15.30382 24.75
v 4.53503 -14.70221 24.75
v 5.542015 -14.12082 24.75
v 6.526506 -13.55243 24.75
v 7.5 -12.99038 24.75
v 8.473494 -12.42833 24.75
v 9.457985 -11.85994 24.75
v 10.46497 -11.27855 24.75
v 11.507 -10.67694 24.75
v 12.59835 -10.04685 24.75
v 13.75584 -9.378571 24.75
v 14.86538 -8.582532 24.75
v 15 -7.223619 24.75
v 15 -5.887066 24.75
v 15 -4.626887 24.75
v 15 -3.423652 24.75
v 15 -2.260886 24.75
v 15 -1.124095 24.75
v 15 0 25
v 15 1.124095 25
v 15 2.260886 25
v 15 3.423652 25
v 15 4.626887 25
v 15 5.887066 25
v 15 7.223619 25
v 14.49038 8.366025 25
v 13.75584 9.378571 25
v 12.59835 10.04685 25
v 11.507 10.67694 25
v 10.46497 11.27855 25
v 9.457985 11.85994 25
v 8.473494 12.42833 25
v 7.5 12.99038 25
v 6.526506 13.55243 25
v 5.542015 14.12082 25
v 4.53503 14.70221 25
v 3.492998 15.30382 25
v 2.401651 15.93391 25
v 1.244162 16.60219 25
v 1.024543e-15 16.73205 25
v -1.244162 16.60219 25
v -2.401651 15.93391 25
v -3.492998 15.30382 25
v -4.53503 14.70221 25
v -5.542015 14.12082 25
v -6.526506 13.55243 25
v -7.5 12.99038 25
v -8.473494 12.42833 25
v -9.457985 11.85994 25
v -10.46497 11.27855 25
v -11.507 10.67694 25
v -12.59835 10.04685 25
v -13.75584 9.378571 25
v -14.49038 8.366025 25
v -15 7.223619 25
v -15 5.887066 25
v -15 4.626887 25
v -15 3.423652 25
v -15 2.260886 25
v -15 1.124095 25
v -15 1.83697e-15 25
v -15 -1.124095 25
v -15 -2.260886 25
v -15 -3.423652 25
v -15 -4.626887 25
v -15 -5.887066 25
v -15 -7.223619 25
v -14.49038 -8.366025 25
v -13.75584 -9.378571 25
v -12.59835 -10.04685 25
v -11.507 -10.67694 25
v -10.46497 -11.27855 25
v -9.457985 -11.85994 25
v -8.473494 -12.42833 25
v -7.5 -12.99038 25
v -6.526506 -13.55243 25
v -5.542015 -14.12082 25
v -4.53503 -14.70221 25
v -3.492998 -15.30382 25
v -2.401651 -15.93391 25
v -1.244162 -16.60219 25
v -3.073628e-15 -16.73205 25
v 1.244162 -16.60219 25
v 2.401651 -15.93391 25
v 3.492998 -15.30382 25
v 4.53503 -14.70221 25
v 5.542015 -14.12082 25
v 6.526506 -13.55243 25
v 7.5 -12.99038 25
v 8.473494 -12.42833 25
v 9.457985 -11.85994 25
v 10.46497 -11.27855 25
v 11.507 -10.67694 25
v 12.59835 -10.04685 25
v 13.75584 -9.378571 25
v 14.49038 -8.366025 25
v 15 -7.223619 25
v 15 -5.887066 25
v 15 -4.626887 25
v 15 -3.423652 25
v 15 -2.260886 25
v 15 -1.124095 25
v 15 0 25.25
v 15 1.124095 25.25
v 15 2.260886 25.25
v 15 3.423652 25.25
v 15 4.626887 25.25
v 15 5.887066 25.25
v 14.68493 7.071888 25.25
v 14.11538 8.149519 25.25
v 13.4669 9.181575 25.25
v 12.59835 10.04685 25.25
v 11.507 10.67694 25.25
v 10.46497 11.27855 25.25
v 9.457985 11.85994 25.25
v 8.473494 12.42833 25.25
v 7.5 12.99038 25.25
v 6.526506 13.55243 25.25
v 5.542015 14.12082 25.25
v 4.53503 14.70221 25.25
v 3.492998 15.30382 25.25
v 2.401651 15.93391 25.25
v 1.218029 16.25346 25.25
v 9.980282e-16 16.29904 25.25
v -1.218029 16.25346 25.25
v -2.401651 15.93391 25.25
v -3.492998 15.30382 25.25
v -4.53503 14.70221 25.25
v -5.542015 14.12082 25.25
v -6.526506 13.55243 25.25
v -7.5 12.99038 25.25
v -8.473494 12.42833 25.25
v -9.457985 11.85994 25.25
v -10.46497 11.27855 25.25
v -11.507 10.67694 25.25
v -12.59835 10.04685 25.25
v -13.4669 9.181575 25.25
v -14.11538 8.149519 25.25
v -14.68493 7.071888 25.25
v -15 5.887066 25.25
v -15 4.626887 25.25
v -15 3.423652 25.25
v -15 2.260886 25.25
v -15 1.124095 25.25
v -15 1.83697e-15 25.25
v -15 -1.124095 25.25
v -15 -2.260886 25.25
v -15 -3.423652 25.25
v -15 -4.626887 25.25
v -15 -5.887066 25.25
v -14.68493 -7.071888 25.25
v -14.11538 -8.149519 25.25
v -13.4669 -9.181575 25.25
v -12.59835 -10.04685 25.25
v -11.507 -10.67694 25.25
v -10.46497 -11.27855 25.25
v -9.457985 -11.85994 25.25
v -8.473494 -12.42833 25.25
v -7.5 -12.99038 25.25
v -6.526506 -13.55243 25.25
v -5.542015 -14.12082 25.25
v -4.53503 -14.70221 25.25
v -3.492998 -15.30382 25.25
v -2.401651 -15.93391 25.25
v -1.218029 -16.25346 25.25
v -2.994085e-15 -16.29904 25.25
v 1.218029 -16.25346 25.25
v 2.401651 -15.93391 25.25
v 3.492998 -15.30382 25.25
v 4.53503 -14.70221 25.25
v 5.542015 -14.12082 25.25
v 6.526506 -13.55243 25.25
v 7.5 -12.99038 25.25
v 8.473494 -12.42833 25.25
v 9.457985 -11.85994 25.25
v 10.46497 -11.27855 25.25
v 11.507 -10.67694 25.25
v 12.59835 -10.04685 25.25
v 13.4669 -9.181575 25.25
v 14.11538 -8.149519 25.25
v 14.68493 -7.071888 25.25
v 15 -5.887066 25.25
v 15 -4.626887 25.25
v 15 -3.423652 25.25
v 15 -2.260886 25.25
v 15 -1.124095 25.25
v 15 0 25.5
v 15 1.124095 25.5
v 15 2.260886 25.5
v 15 3.423652 25.5
v 15 4.626887 25.5
v 14.76927 5.79651 25.5
v 14.29479 6.88401 25.5
v 13.74038 7.933013 25.5
v 13.10913 8.93765 25.5
v 12.40456 9.892305 25.5
v 11.507 10.67694 25.5
v 10.46497 11.27855 25.5
v 9.457985 11.85994 25.5
v 8.473494 12.42833 25.5
v 7.5 12.99038 25.5
v 6.526506 13.55243 25.5
v 5.542015 14.12082 25.5
v 4.53503 14.70221 25.5
v 3.492998 15.30382 25.5
v 2.364708 15.68882 25.5
v 1.18567 15.82166 25.5
v 9.715139e-16 15.86603 25.5
v -1.18567 15.82166 25.5
v -2.364708 15.68882 25.5
v -3.492998 15.30382 25.5
v -4.53503 14.70221 25.5
v -5.542015 14.12082 25.5
v -6.526506 13.55243 25.5
v -7.5 12.99038 25.5
v -8.473494 12.42833 25.5
v -9.457985 11.85994 25.5
v -10.46497 11.27855 25.5
v -11.507 10.67694 25.5
v -12.40456 9.892305 25.5
v -13.10913 8.93765 25.5
v -13.74038 7.933013 25.5
v -14.29479 6.88401 25.5
v -14.76927 5.79651 25.5
v -15 4.626887 25.5
v -15 3.423652 25.5
v -15 2.260886 25.5
v -15 1.124095 25.5
v -15 1.83697e-15 25.5
v -15 -1.124095 25.5
v -15 -2.260886 25.5
v -15 -3.423652 25.5
v -15 -4.626887 25.5
v -14.76927 -5.79651 25.5
v -14.29479 -6.88401 25.5
v -13.74038 -7.933013 25.5
v -13.10913 -8.93765 25.5
v -12.40456 -9.892305 25.5
v -11.507 -10.67694 25.5
v -10.46497 -11.27855 25.5
v -9.457985 -11.85994 25.5
v -8.473494 -12.42833 25.5
v -7.5 -12.99038 25.5
v -6.526506 -13.55243 25.5
v -5.542015 -14.12082 25.5
v -4.53503 -14.70221 25.5
v -3.492998 -15.30382 25.5
v -2.364708 -15.68882 25.5
v -1.18567 -15.82166 25.5
v -2.914542e-15 -15.86603 25.5
v 1.18567 -15.82166 25.5
v 2.364708 -15.68882 25.5
v 3.492998 -15.30382 25.5
v 4.53503 -14.70221 25.5
v 5.542015 -14.12082 25.5
v 6.526506 -13.55243 25.5
v 7.5 -12.99038 25.5
v 8.473494 -12.42833 25.5
v 9.457985 -11.85994 25.5
v 10.46497 -11.27855 25.5
v 11.507 -10.67694 25.5
v 12.40456 -9.892305 25.5
v 13.10913 -8.93765 25.5
v 13.74038 -7.933013 25.5
v 14.29479 -6.88401 25.5
v 14.76927 -5.79651 25.5
v 15 -4.626887 25.5
v 15 -3.423652 25.5
v 15 -2.260886 25.5
v 15 -1.124095 25.5
v 15 0 25.75
v 15 1.124095 25.75
v 15 2.260886 25.75
v 15 3.423652 25.75
v 14.74737 4.54896 25.75
v 14.36619 5.638313 25.75
v 13.90466 6.696133 25.75
v 13.36538 7.716506 25.75
v 12.75135 8.693726 25.75
v 12.06602 9.622326 25.75
v 11.3132 10.49711 25.75
v 10.46497 11.27855 25.75
v 9.457985 11.85994 25.75
v 8.473494 12.42833 25.75
v 7.5 12.99038 25.75
v 6.526506 13.55243 25.75
v 5.542015 14.12082 25.75
v 4.53503 14.70221 25.75
v 3.434168 15.04607 25.75
v 2.300171 15.26064 25.75
v 1.15331 15.38986 25.75
v 9.449995e-16 15.43301 25.75
v -1.15331 15.38986 25.75
v -2.300171 15.26064 25.75
v -3.434168 15.04607 25.75
v -4.53503 14.70221 25.75
v -5.542015 14.12082 25.75
v -6.526506 13.55243 25.75
v -7.5 12.99038 25.75
v -8.473494 12.42833 25.75
v -9.457985 11.85994 25.75
v -10.46497 11.27855 25.75
v -11.3132 10.49711 25.75
v -12.06602 9.622326 25.75
v -12.75135 8.693726 25.75
v -13.36538 7.716506 25.75
v -13.90466 6.696133 25.75
v -14.36619 5.638313 25.75
v -14.74737 4.54896 25.75
v -15 3.423652 25.75
v -15 2.260886 25.75
v -15 1.124095 25.75
v -15 1.83697e-15 25.75
v -15 -1.124095 25.75
v -15 -2.260886 25.75
v -15 -3.423652 25.75
v -14.74737 -4.54896 25.75
v -14.36619 -5.638313 25.75
v -13.90466 -6.696133 25.75
v -13.36538 -7.716506 25.75
v -12.75135 -8.693726 25.75
v -12.06602 -9.622326 25.75
v -11.3132 -10.49711 25.75
v -10.46497 -11.27855 25.75
v -9.457985 -11.85994 25.75
v -8.473494 -12.42833 25.75
v -7.5 -12.99038 25.75
v -6.526506 -13.55243 25.75
v -5.542015 -14.12082 25.75
v -4.53503 -14.70221 25.75
v -3.434168 -15.04607 25.75
v -2.300171 -15.26064 25.75
v -1.15331 -15.38986 25.75
v -2.834998e-15 -15.43301 25.75
v 1.15331 -15.38986 25.75
v 2.300171 -15.26064 25.75
v 3.434168 -15.04607 25.75
v 4.53503 -14.70221 25.75
v 5.542015 -14.12082 25.75
v 6.526506 -13.55243 25.75
v 7.5 -12.99038 25.75
v 8.473494 -12.42833 25.75
v 9.457985 -11.85994 25.75
v 10.46497 -11.27855 25.75
v 11.3132 -10.49711 25.75
v 12.06602 -9.622326 25.75
v 12.75135 -8.693726 25.75
v 13.36538 -7.716506 25.75
v 13.90466 -6.696133 25.75
v 14.36619 -5.638313 25.75
v 14.74737 -4.54896 25.75
v 15 -3.423652 25.75
v 15 -2.260886 25.75
v 15 -1.124095 25.75
v 15 0 26
v 14.95806 1.120951 26
v 14.83246 2.235634 26
v 14.62392 3.337814 26
v 14.33359 4.421328 26
v 13.96311 5.480115 26
v 13.51453 6.508256 26
v 12.99038 7.5 26
v 12.39358 8.449801 26
v 11.72747 9.352347 26
v 10.99578 10.20259 26
v 10.20259 10.99578 26
v 9.352347 11.72747 26
v 8.449801 12.39358 26
v 7.5 12.99038 26
v 6.508256 13.51453 26
v 5.480115 13.96311 26
v 4.421328 14.33359 26
v 3.337814 14.62392 26
v 2.235634 14.83246 26
v 1.120951 14.95806 26
v 9.184851e-16 15 26
v -1.120951 14.95806 26
v -2.235634 14.83246 26
v -3.337814 14.62392 26
v -4.421328 14.33359 26
v -5.480115 13.96311 26
v -6.508256 13.51453 26
v -7.5 12.99038 26
v -8.449801 12.39358 26
v -9.352347 11.72747 26
v -10.20259 10.99578 26
v -10.99578 10.20259 26
v -11.72747 9.352347 26
v -12.39358 8.449801 26
v -12.99038 7.5 26
v -13.51453 6.508256 26
v -13.96311 5.480115 26
v -14.33359 4.421328 26
v -14.62392 3.337814 26
v -14.83246 2.235634 26
v -14.95806 1.120951 26
v -15 1.83697e-15 26
v -14.95806 -1.120951 26
v -14.83246 -2.235634 26
v -14.62392 -3.337814 26
v -14.33359 -4.421328 26
v -13.96311 -5.480115 26
v -13.51453 -6.508256 26
v -12.99038 -7.5 26
v -12.39358 -8.449801 26
v -11.72747 -9.352347 26
v -10.99578 -10.20259 26
v -10.20259 -10.99578 26
v -9.352347 -11.72747 26
v -8.449801 -12.39358 26
v -7.5 -12.99038 26
v -6.508256 -13.51453 26
v -5.480115 -13.96311 26
v -4.421328 -14.33359 26
v -3.337814 -14.62392 26
v -2.235634 -14.83246 26
v -1.120951 -14.95806 26
v -2.755455e-15 -15 26
v 1.120951 -14.95806 26
v 2.235634 -14.83246 26
v 3.337814 -14.62392 26
v 4.421328 -14.33359 26
v 5.480115 -13.96311 26
v 6.508256 -13.51453 26
v 7.5 -12.99038 26
v 8.449801 -12.39358 26
v 9.352347 -11.72747 26
v 10.20259 -10.99578 26
v 10.99578 -10.20259 26
v 11.72747 -9.352347 26
v 12.39358 -8.449801 26
v 12.99038 -7.5 26
v 13.51453 -6.508256 26
v 13.96311 -5.480115 26
v 14.33359 -4.421328 26
v 14.62392 -3.337814 26
v 14.83246 -2.235634 26
v 14.95806 -1.120951 26
v 12.25 0 10
v 12.21575 0.9154436 10
v 12.11318 1.825768 10
v 11.94287 2.725881 10
v 11.70577 3.610751 10
v 11.4032 4.475428 10
v 11.03687 5.315076 10
v 10.60881 6.125 10
v 10.12142 6.900671 10
v 9.577436 7.63775 10
v 8.979885 8.332116 10
v 8.332116 8.979885 10
v 7.63775 9.577436 10
v 6.900671 10.12142 10
v 6.125 10.60881 10
v 5.315076 11.03687 10
v 4.475428 11.4032 10
v 3.610751 11.70577 10
v 2.725881 11.94287 10
v 1.825768 12.11318 10
v 0.9154436 12.21575 10
v 7.500962e-16 12.25 10
v -0.9154436 12.21575 10
v -1.825768 12.11318 10
v -2.725881 11.94287 10
v -3.610751 11.70577 10
v -4.475428 11.4032 10
v -5.315076 11.03687 10
v -6.125 10.60881 10
v -6.900671 10.12142 10
v -7.63775 9.577436 10
v -8.332116 8.979885 10
v -8.979885 8.332116 10
v -9.577436 7.63775 10
v -10.12142 6.900671 10
v -10.60881 6.125 10
v -11.03687 5.315076 10
v -11.4032 4.475428 10
v -11.70577 3.610751 10
v -11.94287 2.725881 10
v -12.11318 1.825768 10
v -12.21575 0.9154436 10
v -12.25 1.500192e-15 10
v -12.21575 -0.9154436 10
v -12.11318 -1.825768 10
v -11.94287 -2.725881 10
v -11.70577 -3.610751 10
v -11.4032 -4.475428 10
v -11.03687 -5.315076 10
v -10.60881 -6.125 10
v -10.12142 -6.900671 10
v -9.577436 -7.63775 10
v -8.979885 -8.332116 10
v -8.332116 -8.979885 10
v -7.63775 -9.577436 10
v -6.900671 -10.12142 10
v -6.125 -10.60881 10
v -5.315076 -11.03687 10
v -4.475428 -11.4032 10
v -3.610751 -11.70577 10
v -2.725881 -11.94287 10
v -1.825768 -12.11318 10
v -0.9154436 -12.21575 10
v -2.250288e-15 -12.25 10
v 0.9154436 -12.21575 10
v 1.825768 -12.11318 10
v 2.725881 -11.94287 10
v 3.610751 -11.70577 10
v 4.475428 -11.4032 10
v 5.315076 -11.03687 10
v 6.125 -10.60881 10
v 6.900671 -10.12142 10
v 7.63775 -9.577436 10
v 8.332116 -8.979885 10
v 8.979885 -8.332116 10
v 9.577436 -7.63775 10
v 10.12142 -6.900671 10
v 10.60881 -6.125 10
v 11.03687 -5.315076 10
v 11.4032 -4.475428 10
v 11.70577 -3.610751 10
v 11.94287 -2.725881 10
v 12.11318 -1.825768 10
v 12.21575 -0.9154436 10
v 12 0 10.25
v 11.96645 0.8967611 10.25
v 11.86597 1.788507 10.25
v 11.69913 2.670251 10.25
v 11.46687 3.537062 10.25
v 11.17048 4.384092 10.25
v 10.81163 5.206605 10.25
v 10.3923 6 10.25
v 9.914865 6.759841 10.25
v 9.381978 7.481878 10.25
v 8.796622 8.162073 10.25
v 8.162073 8.796622 10.25
v 7.481878 9.381978 10.25
v 6.759841 9.914865 10.25
v 6 10.3923 10.25
v 5.206605 10.81163 10.25
v 4.384092 11.17048 10.25
v 3.537062 11.46687 10.25
v 2.670251 11.69913 10.25
v 1.788507 11.86597 10.25
v 0.8967611 11.96645 10.25
v 7.347881e-16 12 10.25
v -0.8967611 11.96645 10.25
v -1.788507 11.86597 10.25
v -2.670251 11.69913 10.25
v -3.537062 11.46687 10.25
v -4.384092 11.17048 10.25
v -5.206605 10.81163 10.25
v -6 10.3923 10.25
v -6.759841 9.914865 10.25
v -7.481878 9.381978 10.25
v -8.162073 8.796622 10.25
v -8.796622 8.162073 10.25
v -9.381978 7.481878 10.25
v -9.914865 6.759841 10.25
v -10.3923 6 10.25
v -10.81163 5.206605 10.25
v -11.17048 4.384092 10.25
v -11.46687 3.537062 10.25
v -11.69913 2.670251 10.25
v -11.86597 1.788507 10.25
v -11.96645 0.8967611 10.25
v -12 1.469576e-15 10.25
v -11.96645 -0.8967611 10.25
v -11.86597 -1.788507 10.25
v -11.69913 -2.670251 10.25
v -11.46687 -3.537062 10.25
v -11.17048 -4.384092 10.25
v -10.81163 -5.206605 10.25
v -10.3923 -6 10.25
v -9.914865 -6.759841 10.25
v -9.381978 -7.481878 10.25
v -8.796622 -8.162073 10.25
v -8.162073 -8.796622 10.25
v -7.481878 -9.381978 10.25
v -6.759841 -9.914865 10.25
v -6 -10.3923 10.25
v -5.206605 -10.81163 10.25
v -4.384092 -11.17048 10.25
v -3.537062 -11.46687 10.25
v -2.670251 -11.69913 10.25
v -1.788507 -11.86597 10.25
v -0.8967611 -11.96645 10.25
v -2.204364e-15 -12 10.25
v 0.8967611 -11.96645 10.25
v 1.788507 -11.86597 10.25
v 2.670251 -11.69913 10.25
v 3.537062 -11.46687 10.25
v 4.384092 -11.17048 10.25
v 5.206605 -10.81163 10.25
v 6 -10.3923 10.25
v 6.759841 -9.914865 10.25
v 7.481878 -9.381978 10.25
v 8.162073 -8.796622 10.25
v 8.796622 -8.162073 10.25
v 9.381978 -7.481878 10.25
v 9.914865 -6.759841 10.25
v 10.3923 -6 10.25
v 10.81163 -5.206605 10.25
v 11.17048 -4.384092 10.25
v 11.46687 -3.537062 10.25
v 11.69913 -2.670251 10.25
v 11.86597 -1.788507 10.25
v 11.96645 -0.8967611 10.25
v 11.75 0 10.5
v 11.71714 0.8780786 10.5
v 11.61876 1.751247 10.5
v 11.4554 2.614621 10.5
v 11.22798 3.463373 10.5
v 10.93777 4.292757 10.5
v 10.58638 5.098134 10.5
v 10.1758 5.875 10.5
v 9.708306 6.619011 10.5
v 9.18652 7.326005 10.5
v 8.613359 7.99203 10.5
v 7.99203 8.613359 10.5
v 7.326005 9.18652 10.5
v 6.619011 9.708306 10.5
v 5.875 10.1758 10.5
v 5.098134 10.58638 10.5
v 4.292757 10.93777 10.5
v 3.463373 11.22798 10.5
v 2.614621 11.4554 10.5
v 1.751247 11.61876 10.5
v 0.8780786 11.71714 10.5
v 7.1948e-16 11.75 10.5
v -0.8780786 11.71714 10.5
v -1.751247 11.61876 10.5
v -2.614621 11.4554 10.5
v -3.463373 11.22798 10.5
v -4.292757 10.93777 10.5
v -5.098134 10.58638 10.5
v -5.875 10.1758 10.5
v -6.619011 9.708306 10.5
v -7.326005 9.18652 10.5
v -7.99203 8.613359 10.5
v -8.613359 7.99203 10.5
v -9.18652 7.326005 10.5
v -9.708306 6.619011 10.5
v -10.1758 5.875 10.5
v -10.58638 5.098134 10.5
v -10.93777 4.292757 10.5
v -11.22798 3.463373 10.5
v -11.4554 2.614621 10.5
v -11.61876 1.751247 10.5
v -11.71714 0.8780786 10.5
v -11.75 1.43896e-15 10.5
v -11.71714 -0.8780786 10.5
v -11.61876 -1.751247 10.5
v -11.4554 -2.614621 10.5
v -11.22798 -3.463373 10.5
v -10.93777 -4.292757 10.5
v -10.58638 -5.098134 10.5
v -10.1758 -5.875 10.5
v -9.708306 -6.619011 10.5
v -9.18652 -7.326005 10.5
v -8.613359 -7.99203 10.5
v -7.99203 -8.613359 10.5
v -7.326005 -9.18652 10.5
v -6.619011 -9.708306 10.5
v -5.875 -10.1758 10.5
v -5.098134 -10.58638 10.5
v -4.292757 -10.93777 10.5
v -3.463373 -11.22798 10.5
v -2.614621 -11.4554 10.5
v -1.751247 -11.61876 10.5
v -0.8780786 -11.71714 10.5
v -2.15844e-15 -11.75 10.5
v 0.8780786 -11.71714 10.5
v 1.751247 -11.61876 10.5
v 2.614621 -11.4554 10.5
v 3.463373 -11.22798 10.5
v 4.292757 -10.93777 10.5
v 5.098134 -10.58638 10.5
v 5.875 -10.1758 10.5
v 6.619011 -9.708306 10.5
v 7.326005 -9.18652 10.5
v 7.99203 -8.613359 10.5
v 8.613359 -7.99203 10.5
v 9.18652 -7.326005 10.5
v 9.708306 -6.619011 10.5
v 10.1758 -5.875 10.5
v 10.58638 -5.098134 10.5
v 10.93777 -4.292757 10.5
v 11.22798 -3.463373 10.5
v 11.4554 -2.614621 10.5
v 11.61876 -1.751247 10.5
v 11.71714 -0.8780786 10.5
v 11.5 0 10.75
v 11.46784 0.8593961 10.75
v 11.37155 1.713986 10.75
v 11.21167 2.558991 10.75
v 10.98909 3.389685 10.75
v 10.70505 4.201422 10.75
v 10.36114 4.989663 10.75
v 9.959292 5.75 10.75
v 9.501746 6.478181 10.75
v 8.991062 7.170133 10.75
v 8.430097 7.821986 10.75
v 7.821986 8.430097 10.75
v 7.170133 8.991062 10.75
v 6.478181 9.501746 10.75
v 5.75 9.959292 10.75
v 4.989663 10.36114 10.75
v 4.201422 10.70505 10.75
v 3.389685 10.98909 10.75
v 2.558991 11.21167 10.75
v 1.713986 11.37155 10.75
v 0.8593961 11.46784 10.75
v 7.041719e-16 11.5 10.75
v -0.8593961 11.46784 10.75
v -1.713986 11.37155 10.75
v -2.558991 11.21167 10.75
v -3.389685 10.98909 10.75
v -4.201422 10.70505 10.75
v -4.989663 10.36114 10.75
v -5.75 9.959292 10.75
v -6.478181 9.501746 10.75
v -7.170133 8.991062 10.75
v -7.821986 8.430097 10.75
v -8.430097 7.821986 10.75
v -8.991062 7.170133 10.75
v -9.501746 6.478181 10.75
v -9.959292 5.75 10.75
v -10.36114 4.989663 10.75
v -10.70505 4.201422 10.75
v -10.98909 3.389685 10.75
v -11.21167 2.558991 10.75
v -11.37155 1.713986 10.75
v -11.46784 0.8593961 10.75
v -11.5 1.408344e-15 10.75
v -11.46784 -0.8593961 10.75
v -11.37155 -1.713986 10.75
v -11.21167 -2.558991 10.75
v -10.98909 -3.389685 10.75
v -10.70505 -4.201422 10.75
v -10.36114 -4.989663 10.75
v -9.959292 -5.75 10.75
v -9.501746 -6.478181 10.75
v -8.991062 -7.170133 10.75
v -8.430097 -7.821986 10.75
v -7.821986 -8.430097 10.75
v -7.170133 -8.991062 10.75
v -6.478181 -9.501746 10.75
v -5.75 -9.959292 10.75
v -4.989663 -10.36114 10.75
v -4.201422 -10.70505 10.75
v -3.389685 -10.98909 10.75
v -2.558991 -11.21167 10.75
v -1.713986 -11.37155 10.75
v -0.8593961 -11.46784 10.75
v -2.112516e-15 -11.5 10.75
v 0.8593961 -11.46784 10.75
v 1.713986 -11.37155 10.75
v 2.558991 -11.21167 10.75
v 3.389685 -10.98909 10.75
v 4.201422 -10.70505 10.75
v 4.989663 -10.36114 10.75
v 5.75 -9.959292 10.75
v 6.478181 -9.501746 10.75
v 7.170133 -8.991062 10.75
v 7.821986 -8.430097 10.75
v 8.430097 -7.821986 10.75
v 8.991062 -7.170133 10.75
v 9.501746 -6.478181 10.75
v 9.959292 -5.75 10.75
v 10.36114 -4.989663 10.75
v 10.70505 -4.201422 10.75
v 10.98909 -3.389685 10.75
v 11.21167 -2.558991 10.75
v 11.37155 -1.713986 10.75
v 11.46784 -0.8593961 10.75
v 11.25 0 11
v 11.21854 0.8407136 11
v 11.12435 1.676725 11
v 10.96794 2.503361 11
v 10.75019 3.315996 11
v 10.47233 4.110087 11
v 10.1359 4.881192 11
v 9.742786 5.625 11
v 9.295186 6.337351 11
v 8.795604 7.01426 11
v 8.246834 7.651943 11
v 7.651943 8.246834 11
v 7.01426 8.795604 11
v 6.337351 9.295186 11
v 5.625 9.742786 11
v 4.881192 10.1359 11
v 4.110087 10.47233 11
v 3.315996 10.75019 11
v 2.503361 10.96794 11
v 1.676725 11.12435 11
v 0.8407136 11.21854 11
v 6.888638e-16 11.25 11
v -0.8407136 11.21854 11
v -1.676725 11.12435 11
v -2.503361 10.96794 11
v -3.315996 10.75019 11
v -4.110087 10.47233 11
v -4.881192 10.1359 11
v -5.625 9.742786 11
v -6.337351 9.295186 11
v -7.01426 8.795604 11
v -7.651943 8.246834 11
v -8.246834 7.651943 11
v -8.795604 7.01426 11
v -9.295186 6.337351 11
v -9.742786 5.625 11
v -10.1359 4.881192 11
v -10.47233 4.110087 11
v -10.75019 3.315996 11
v -10.96794 2.503361 11
v -11.12435 1.676725 11
v -11.21854 0.8407136 11
v -11.25 1.377728e-15 11
v -11.21854 -0.8407136 11
v -11.12435 -1.676725 11
v -10.96794 -2.503361 11
v -10.75019 -3.315996 11
v -10.47233 -4.110087 11
v -10.1359 -4.881192 11
v -9.742786 -5.625 11
v -9.295186 -6.337351 11
v -8.795604 -7.01426 11
v -8.246834 -7.651943 11
v -7.651943 -8.246834 11
v -7.01426 -8.795604 11
v -6.337351 -9.295186 11
v -5.625 -9.742786 11
v -4.881192 -10.1359 11
v -4.110087 -10.47233 11
v -3.315996 -10.75019 11
v -2.503361 -10.96794 11
v -1.676725 -11.12435 11
v -0.8407136 -11.21854 11
v -2.066591e-15 -11.25 11
v 0.8407136 -11.21854 11
v 1.676725 -11.12435 11
v 2.503361 -10.96794 11
v 3.315996 -10.75019 11
v 4.110087 -10.47233 11
v 4.881192 -10.1359 11
v 5.625 -9.742786 11
v 6.337351 -9.295186 11
v 7.01426 -8.795604 11
v 7.651943 -8.246834 11
v 8.246834 -7.651943 11
v 8.795604 -7.01426 11
v 9.295186 -6.337351 11
v 9.742786 -5.625 11
v 10.1359 -4.881192 11
v 10.47233 -4.110087 11
v 10.75019 -3.315996 11
v 10.96794 -2.503361 11
v 11.12435 -1.676725 11
v 11.21854 -0.8407136 11
v 11 0 11.25
v 10.96924 0.822031 11.25
v 10.87714 1.639465 11.25
v 10.72421 2.44773 11.25
v 10.5113 3.242307 11.25
v 10.23961 4.018751 11.25
v 9.910658 4.772721 11.25
v 9.526279 5.5 11.25
v 9.088627 6.196521 11.25
v 8.600146 6.858388 11.25
v 8.063571 7.4819 11.25
v 7.4819 8.063571 11.25
v 6.858388 8.600146 11.25
v 6.196521 9.088627 11.25
v 5.5 9.526279 11.25
v 4.772721 9.910658 11.25
v 4.018751 10.23961 11.25
v 3.242307 10.5113 11.25
v 2.44773 10.72421 11.25
v 1.639465 10.87714 11.25
v 0.822031 10.96924 11.25
v 6.735557e-16 11 11.25
v -0.822031 10.96924 11.25
v -1.639465 10.87714 11.25
v -2.44773 10.72421 11.25
v -3.242307 10.5113 11.25
v -4.018751 10.23961 11.25
v -4.772721 9.910658 11.25
v -5.5 9.526279 11.25
v -6.196521 9.088627 11.25
v -6.858388 8.600146 11.25
v -7.4819 8.063571 11.25
v -8.063571 7.4819 11.25
v -8.600146 6.858388 11.25
v -9.088627 6.196521 11.25
v -9.526279 5.5 11.25
v -9.910658 4.772721 11.25
v -10.23961 4.018751 11.25
v -10.5113 3.242307 11.25
v -10.72421 2.44773 11.25
v -10.87714 1.639465 11.25
v -10.96924 0.822031 11.25
v -11 1.347111e-15 11.25
v -10.96924 -0.822031 11.25
v -10.87714 -1.639465 11.25
v -10.72421 -2.44773 11.25
v -10.5113 -3.242307 11.25
v -10.23961 -4.018751 11.25
v -9.910658 -4.772721 11.25
v -9.526279 -5.5 11.25
v -9.088627 -6.196521 11.25
v -8.600146 -6.858388 11.25
v -8.063571 -7.4819 11.25
v -7.4819 -8.063571 11.25
v -6.858388 -8.600146 11.25
v -6.196521 -9.088627 11.25
v -5.5 -9.526279 11.25
v -4.772721 -9.910658 11.25
v -4.018751 -10.23961 11.25
v -3.242307 -10.5113 11.25
v -2.44773 -10.72421 11.25
v -1.639465 -10.87714 11.25
v -0.822031 -10.96924 11.25
v -2.020667e-15 -11 11.25
v 0.822031 -10.96924 11.25
v 1.639465 -10.87714 11.25
v 2.44773 -10.72421 11.25
v 3.242307 -10.5113 11.25
v 4.018751 -10.23961 11.25
v 4.772721 -9.910658 11.25
v 5.5 -9.526279 11.25
v 6.196521 -9.088627 11.25
v 6.858388 -8.600146 11.25
v 7.4819 -8.063571 11.25
v 8.063571 -7.4819 11.25
v 8.600146 -6.858388 11.25
v 9.088627 -6.196521 11.25
v 9.526279 -5.5 11.25
v 9.910658 -4.772721 11.25
v 10.23961 -4.018751 11.25
v 10.5113 -3.242307 11.25
v 10.72421 -2.44773 11.25
v 10.87714 -1.639465 11.25
v 10.96924 -0.822031 11.25
v 10.75 0 11.5
v 10.71994 0.8033485 11.5
v 10.62993 1.602204 11.5
v 10.48048 2.3921 11.5
v 10.27241 3.168618 11.5
v 10.00689 3.927416 11.5
v 9.685415 4.66425 11.5
v 9.309773 5.375 11.5
v 8.882067 6.055691 11.5
v 8.404688 6.702515 11.5
v 7.880308 7.311857 11.5
v 7.311857 7.880308 11.5
v 6.702515 8.404688 11.5
v 6.055691 8.882067 11.5
v 5.375 9.309773 11.5
v 4.66425 9.685415 11.5
v 3.927416 10.00689 11.5
v 3.168618 10.27241 11.5
v 2.3921 10.48048 11.5
v 1.602204 10.62993 11.5
v 0.8033485 10.71994 11.5
v 6.582477e-16 10.75 11.5
v -0.8033485 10.71994 11.5
v -1.602204 10.62993 11.5
v -2.3921 10.48048 11.5
v -3.168618 10.27241 11.5
v -3.927416 10.00689 11.5
v -4.66425 9.685415 11.5
v -5.375 9.309773 11.5
v -6.055691 8.882067 11.5
v -6.702515 8.404688 11.5
v -7.311857 7.880308 11.5
v -7.880308 7.311857 11.5
v -8.404688 6.702515 11.5
v -8.882067 6.055691 11.5
v -9.309773 5.375 11.5
v -9.685415 4.66425 11.5
v -10.00689 3.927416 11.5
v -10.27241 3.168618 11.5
v -10.48048 2.3921 11.5
v -10.62993 1.602204 11.5
v -10.71994 0.8033485 11.5
v -10.75 1.316495e-15 11.5
v -10.71994 -0.8033485 11.5
v -10.62993 -1.602204 11.5
v -10.48048 -2.3921 11.5
v -10.27241 -3.168618 11.5
v -10.00689 -3.927416 11.5
v -9.685415 -4.66425 11.5
v -9.309773 -5.375 11.5
v -8.882067 -6.055691 11.5
v -8.404688 -6.702515 11.5
v -7.880308 -7.311857 11.5
v -7.311857 -7.880308 11.5
v -6.702515 -8.404688 11.5
v -6.055691 -8.882067 11.5
v -5.375 -9.309773 11.5
v -4.66425 -9.685415 11.5
v -3.927416 -10.00689 11.5
v -3.168618 -10.27241 11.5
v -2.3921 -10.48048 11.5
v -1.602204 -10.62993 11.5
v -0.8033485 -10.71994 11.5
v -1.974743e-15 -10.75 11.5
v 0.8033485 -10.71994 11.5
v 1.602204 -10.62993 11.5
v 2.3921 -10.48048 11.5
v 3.168618 -10.27241 11.5
v 3.927416 -10.00689 11.5
v 4.66425 -9.685415 11.5
v 5.375 -9.309773 11.5
v 6.055691 -8.882067 11.5
v 6.702515 -8.404688 11.5
v 7.311857 -7.880308 11.5
v 7.880308 -7.311857 11.5
v 8.404688 -6.702515 11.5
v 8.882067 -6.055691 11.5
v 9.309773 -5.375 11.5
v 9.685415 -4.66425 11.5
v 10.00689 -3.927416 11.5
v 10.27241 -3.168618 11.5
v 10.48048 -2.3921 11.5
v 10.62993 -1.602204 11.5
v 10.71994 -0.8033485 11.5
v 10.5 0 11.75
v 10.47064 0.784666 11.75
v 10.38272 1.564944 11.75
v 10.23674 2.33647 11.75
v 10.03351 3.094929 11.75
v 9.774174 3.836081 11.75
v 9.460173 4.555779 11.75
v 9.093267 5.25 11.75
v 8.675507 5.914861 11.75
v 8.209231 6.546643 11.75
v 7.697045 7.141814 11.75
v 7.141814 7.697045 11.75
v 6.546643 8.209231 11.75
v 5.914861 8.675507 11.75
v 5.25 9.093267 11.75
v 4.555779 9.460173 11.75
v 3.836081 9.774174 11.75
v 3.094929 10.03351 11.75
v 2.33647 10.23674 11.75
v 1.564944 10.38272 11.75
v 0.784666 10.47064 11.75
v 6.429396e-16 10.5 11.75
v -0.784666 10.47064 11.75
v -1.564944 10.38272 11.75
v -2.33647 10.23674 11.75
v -3.094929 10.03351 11.75
v -3.836081 9.774174 11.75
v -4.555779 9.460173 11.75
v -5.25 9.093267 11.75
v -5.914861 8.675507 11.75
v -6.546643 8.209231 11.75
v -7.141814 7.697045 11.75
v -7.697045 7.141814 11.75
v -8.209231 6.546643 11.75
v -8.675507 5.914861 11.75
v -9.093267 5.25 11.75
v -9.460173 4.555779 11.75
v -9.774174 3.836081 11.75
v -10.03351 3.094929 11.75
v -10.23674 2.33647 11.75
v -10.38272 1.564944 11.75
v -10.47064 0.784666 11.75
v -10.5 1.285879e-15 11.75
v -10.47064 -0.784666 11.75
v -10.38272 -1.564944 11.75
v -10.23674 -2.33647 11.75
v -10.03351 -3.094929 11.75
v -9.774174 -3.836081 11.75
v -9.460173 -4.555779 11.75
v -9.093267 -5.25 11.75
v -8.675507 -5.914861 11.75
v -8.209231 -6.546643 11.75
v -7.697045 -7.141814 11.75
v -7.141814 -7.697045 11.75
v -6.546643 -8.209231 11.75
v -5.914861 -8.675507 11.75
v -5.25 -9.093267 11.75
v -4.555779 -9.460173 11.75
v -3.836081 -9.774174 11.75
v -3.094929 -10.03351 11.75
v -2.33647 -10.23674 11.75
v -1.564944 -10.38272 11.75
v -0.784666 -10.47064 11.75
v -1.928819e-15 -10.5 11.75
v 0.784666 -10.47064 11.75
v 1.564944 -10.38272 11.75
v 2.33647 -10.23674 11.75
v 3.094929 -10.03351 11.75
v 3.836081 -9.774174 11.75
v 4.555779 -9.460173 11.75
v 5.25 -9.093267 11.75
v 5.914861 -8.675507 11.75
v 6.546643 -8.209231 11.75
v 7.141814 -7.697045 11.75
v 7.697045 -7.141814 11.75
v 8.209231 -6.546643 11.75
v 8.675507 -5.914861 11.75
v 9.093267 -5.25 11.75
v 9.460173 -4.555779 11.75
v 9.774174 -3.836081 11.75
v 10.03351 -3.094929 11.75
v 10.23674 -2.33647 11.75
v 10.38272 -1.564944 11.75
v 10.47064 -0.784666 11.75
v 10.19519 0 12
v 10.12448 0.7587249 12
v 9.985433 1.505062 12
v 9.783363 2.232989 12
v 9.52427 2.937848 12
v 9.213192 3.615911 12
v 8.854066 4.263894 12
v 8.449963 4.878589 12
v 8.003843 5.456928 12
v 7.518863 5.996093 12
v 6.998367 6.493535 12
v 6.445858 6.946983 12
v 5.864982 7.354455 12
v 5.259497 7.714266 12
v 4.633255 8.025033 12
v 3.990175 8.285684 12
v 3.334219 8.495452 12
v 2.669369 8.653882 12
v 1.999602 8.760828 12
v 1.328866 8.816449 12
v 0.6610578 8.821204 12
v 5.373656e-16 8.775846 12
v -0.6505989 8.681639 12
v -1.287365 8.541108 12
v -1.907712 8.35823 12
v -2.510304 8.138205 12
v -3.095076 7.886124 12
v -3.662225 7.604689 12
v -4.211156 7.293936 12
v -4.739626 6.951755 12
v -5.243972 6.575733 12
v -5.720275 6.16499 12
v -6.164966 5.720253 12
v -6.575203 5.243549 12
v -6.948668 4.737522 12
v -7.283274 4.205 12
v -7.577148 3.648962 12
v -7.828648 3.072518 12
v -8.036367 2.478891 12
v -8.199144 1.871401 12
v -8.316067 1.253445 12
v -8.386484 0.6284801 12
v -8.410002 1.029928e-15 12
v -8.386718 -0.6284976 12
v -8.317975 -1.253733 12
v -8.206572 -1.873097 12
v -8.056539 -2.485113 12
v -7.871819 -3.089461 12
v -7.653997 -3.685971 12
v -7.402035 -4.273567 12
v -7.112804 -4.849428 12
v -6.782929 -5.409205 12
v -6.410642 -5.948207 12
v -5.995861 -6.462002 12
v -5.539893 -6.946807 12
v -5.044753 -7.399294 12
v -4.512745 -7.816303 12
v -3.946426 -8.194839 12
v -3.348599 -8.532091 12
v -2.722293 -8.825456 12
v -2.070751 -9.072553 12
v -1.397415 -9.271244 12
v -0.705905 -9.419648 12
v -1.74809e-15 -9.516156 12
v 0.7163815 -9.559446 12
v 1.439204 -9.548493 12
v 2.164337 -9.48258 12
v 2.88758 -9.361305 12
v 3.604686 -9.184589 12
v 4.311337 -8.952584 12
v 5.002785 -8.665078 12
v 5.673356 -8.321285 12
v 6.316108 -7.920149 12
v 6.923002 -7.461222 12
v 7.486602 -6.946551 12
v 8.001418 -6.380918 12
v 8.46464 -5.771094 12
v 8.875793 -5.124441 12
v 9.234851 -4.44727 12
v 9.541444 -3.744741 12
v 9.794197 -3.02111 12
v 9.990233 -2.280205 12
v 10.12554 -1.52618 12
v 10.19521 -0.7640252 12
v 10.24888 0 12.25
v 10.22125 0.7659769 12.25
v 10.1355 1.527681 12.25
v 9.992578 2.280741 12.25
v 9.791898 3.020401 12.25
v 9.532066 3.74106 12.25
v 9.211321 4.435939 12.25
v 8.829293 5.097595 12.25
v 8.388695 5.719315 12.25
v 7.895108 6.296138 12.25
v 7.356146 6.825506 12.25
v 6.779336 7.306386 12.25
v 6.170902 7.738067 12.25
v 5.5359 8.119673 12.25
v 4.878589 8.449963 12.25
v 4.203067 8.727759 12.25
v 3.51348 8.9522 12.25
v 2.813996 9.12275 12.25
v 2.108786 9.239193 12.25
v 1.401996 9.301636 12.25
v 0.6977254 9.310499 12.25
v 5.674101e-16 9.26651 12.25
v -0.687249 9.1707 12.25
v -1.360207 9.024386 12.25
v -2.0152 8.829166 12.25
v -2.648708 8.586901 12.25
v -3.257393 8.299702 12.25
v -3.838109 7.969916 12.25
v -4.387923 7.600105 12.25
v -4.904255 7.193221 12.25
v -5.385445 6.753134 12.25
v -5.831242 6.284584 12.25
v -6.243089 5.79274 12.25
v -6.623476 5.282046 12.25
v -6.973925 4.754741 12.25
v -7.293936 4.211156 12.25
v -7.580514 3.650583 12.25
v -7.829279 3.072766 12.25
v -8.036398 2.478901 12.25
v -8.199144 1.871401 12.25
v -8.316067 1.253445 12.25
v -8.386484 0.6284801 12.25
v -8.41 1.029928e-15 12.25
v -8.386484 -0.6284801 12.25
v -8.316067 -1.253445 12.25
v -8.199144 -1.871401 12.25
v -8.036367 -2.478891 12.25
v -7.828648 -3.072518 12.25
v -7.577148 -3.648962 12.25
v -7.283275 -4.205001 12.25
v -6.948862 -4.737654 12.25
v -6.576711 -5.244752 12.25
v -6.170552 -5.725436 12.25
v -5.734611 -6.18044 12.25
v -5.272465 -6.611461 12.25
v -4.785571 -7.019143 12.25
v -4.273567 -7.402035 12.25
v -3.735155 -7.75613 12.25
v -3.169586 -8.075973 12.25
v -2.577676 -8.356619 12.25
v -1.961567 -8.594188 12.25
v -1.324285 -8.786058 12.25
v -0.6692375 -8.930353 12.25
v -1.657956e-15 -9.02549 12.25
v 0.6797139 -9.070152 12.25
v 1.366074 -9.063307 12.25
v 2.055153 -9.004215 12.25
v 2.742953 -8.892437 12.25
v 3.425425 -8.72784 12.25
v 4.098492 -8.510607 12.25
v 4.758078 -8.241233 12.25
v 5.400128 -7.920533 12.25
v 6.020634 -7.549636 12.25
v 6.615661 -7.129986 12.25
v 7.18137 -6.663338 12.25
v 7.714044 -6.151745 12.25
v 8.210019 -5.597496 12.25
v 8.665078 -5.002785 12.25
v 9.073913 -4.369766 12.25
v 9.429984 -3.700996 12.25
v 9.726106 -3.000107 12.25
v 9.956863 -2.272589 12.25
v 10.11989 -1.525328 12.25
v 10.21614 -0.7655939 12.25
v 10.00557 0 12.5
v 10.04312 0.7526279 12.5
v 10.0171 1.509835 12.5
v 9.923109 2.264885 12.5
v 9.759191 3.010312 12.5
v 9.526746 3.738972 12.5
v 9.230234 4.445047 12.5
v 8.875793 5.124441 12.5
v 8.468874 5.773981 12.5
v 8.013763 6.390763 12.5
v 7.513456 6.971468 12.5
v 6.969832 7.511693 12.5
v 6.384481 8.005886 12.5
v 5.759269 8.447296 12.5
v 5.097595 8.829293 12.5
v 4.405165 9.14742 12.5
v 3.689295 9.400169 12.5
v 2.957856 9.589135 12.5
v 2.217884 9.717184 12.5
v 1.475125 9.786814 12.5
v 0.734393 9.799793 12.5
v 5.974548e-16 9.757177 12.5
v -0.7239165 9.659995 12.5
v -1.433337 9.509573 12.5
v -2.124383 9.307531 12.5
v -2.793335 9.055769 12.5
v -3.436654 8.756451 12.5
v -4.051001 8.411991 12.5
v -4.633255 8.025033 12.5
v -5.180525 7.598435 12.5
v -5.690167 7.135244 12.5
v -6.159797 6.638682 12.5
v -6.587299 6.11212 12.5
v -6.970836 5.559056 12.5
v -7.308858 4.983095 12.5
v -7.600105 4.387923 12.5
v -7.843819 3.777384 12.5
v -8.040499 3.155663 12.5
v -8.192296 2.526989 12.5
v -8.303044 1.895116 12.5
v -8.377122 1.262648 12.5
v -8.416967 0.6307645 12.5
v -8.422311 1.031436e-15 12.5
v -8.39021 -0.6287593 12.5
v -8.316738 -1.253547 12.5
v -8.199175 -1.871408 12.5
v -8.036367 -2.478891 12.5
v -7.828648 -3.072518 12.5
v -7.577148 -3.648962 12.5
v -7.283274 -4.205 12.5
v -6.948668 -4.737522 12.5
v -6.575203 -5.243549 12.5
v -6.164966 -5.720253 12.5
v -5.720253 -6.164966 12.5
v -5.243549 -6.575203 12.5
v -4.737522 -6.948668 12.5
v -4.205001 -7.283275 12.5
v -3.649064 -7.577359 12.5
v -3.073223 -7.830444 12.5
v -2.481137 -8.043649 12.5
v -1.876098 -8.219724 12.5
v -1.260358 -8.361926 12.5
v -0.6348543 -8.471541 12.5
v -1.570083e-15 -8.547134 12.5
v 0.6433255 -8.584583 12.5
v 1.293045 -8.578791 12.5
v 1.945977 -8.525882 12.5
v 2.598327 -8.423569 12.5
v 3.246164 -8.271092 12.5
v 3.8856 -8.068532 12.5
v 4.512745 -7.816303 12.5
v 5.123725 -7.515125 12.5
v 5.714708 -7.166017 12.5
v 6.281923 -6.770302 12.5
v 6.821686 -6.329599 12.5
v 7.330425 -5.845819 12.5
v 7.804702 -5.321156 12.5
v 8.241233 -4.758078 12.5
v 8.636914 -4.159319 12.5
v 8.98884 -3.52786 12.5
v 9.294323 -2.866919 12.5
v 9.550918 -2.179935 12.5
v 9.75643 -1.470545 12.5
v 9.908834 -0.7425644 12.5
v 9.516156 0 12.75
v 9.559446 0.7163815 12.75
v 9.548493 1.439204 12.75
v 9.48258 2.164337 12.75
v 9.361305 2.88758 12.75
v 9.184589 3.604686 12.75
v 8.952584 4.311337 12.75
v 8.665078 5.002785 12.75
v 8.321285 5.673356 12.75
v 7.920149 6.316108 12.75
v 7.461222 6.923002 12.75
v 6.946551 7.486602 12.75
v 6.380918 8.001418 12.75
v 5.771094 8.46464 12.75
v 5.124441 8.875793 12.75
v 4.44727 9.234851 12.75
v 3.744741 9.541444 12.75
v 3.02111 9.794197 12.75
v 2.280205 9.990233 12.75
v 1.52618 10.12554 12.75
v 0.7640252 10.19521 12.75
v 6.242753e-16 10.19519 12.75
v -0.7587249 10.12448 12.75
v -1.505062 9.985433 12.75
v -2.232989 9.783363 12.75
v -2.937848 9.52427 12.75
v -3.615911 9.213192 12.75
v -4.263894 8.854066 12.75
v -4.878589 8.449963 12.75
v -5.456928 8.003843 12.75
v -5.996093 7.518863 12.75
v -6.493535 6.998367 12.75
v -6.946983 6.445858 12.75
v -7.354455 5.864982 12.75
v -7.714266 5.259497 12.75
v -8.025033 4.633255 12.75
v -8.285684 3.990175 12.75
v -8.495452 3.334219 12.75
v -8.653882 2.669369 12.75
v -8.760828 1.999602 12.75
v -8.816449 1.328866 12.75
v -8.821204 0.6610578 12.75
v -8.775846 1.074731e-15 12.75
v -8.681639 -0.6505989 12.75
v -8.541108 -1.287365 12.75
v -8.35823 -1.907712 12.75
v -8.138205 -2.510304 12.75
v -7.886124 -3.095076 12.75
v -7.604689 -3.662225 12.75
v -7.293936 -4.211156 12.75
v -6.951755 -4.739626 12.75
v -6.575733 -5.243972 12.75
v -6.16499 -5.720275 12.75
v -5.720253 -6.164966 12.75
v -5.243549 -6.575203 12.75
v -4.737522 -6.948668 12.75
v -4.205 -7.283274 12.75
v -3.648962 -7.577148 12.75
v -3.072518 -7.828648 12.75
v -2.478891 -8.036367 12.75
v -1.871401 -8.199144 12.75
v -1.253445 -8.316067 12.75
v -0.6284801 -8.386484 12.75
v -1.544892e-15 -8.410002 12.75
v 0.6284976 -8.386718 12.75
v 1.253733 -8.317975 12.75
v 1.873097 -8.206572 12.75
v 2.485113 -8.056539 12.75
v 3.089461 -7.871819 12.75
v 3.685971 -7.653997 12.75
v 4.273567 -7.402035 12.75
v 4.849428 -7.112804 12.75
v 5.409205 -6.782929 12.75
v 5.948207 -6.410642 12.75
v 6.462002 -5.995861 12.75
v 6.946807 -5.539893 12.75
v 7.399294 -5.044753 12.75
v 7.816303 -4.512745 12.75
v 8.194839 -3.946426 12.75
v 8.532091 -3.348599 12.75
v 8.825456 -2.722293 12.75
v 9.072553 -2.070751 12.75
v 9.271244 -1.397415 12.75
v 9.419648 -0.705905 12.75
v 9.02549 0 13
v 9.070152 0.6797139 13
v 9.063307 1.366074 13
v 9.004215 2.055153 13
v 8.892437 2.742953 13
v 8.72784 3.425425 13
v 8.510607 4.098492 13
v 8.241233 4.758078 13
v 7.920533 5.400128 13
v 7.549636 6.020634 13
v 7.129986 6.615661 13
v 6.663338 7.18137 13
v 6.151745 7.714044 13
v 5.597496 8.210019 13
v 5.002785 8.665078 13
v 4.369766 9.073913 13
v 3.700996 9.429984 13
v 3.000107 9.726106 13
v 2.272589 9.956863 13
v 1.525328 10.11989 13
v 0.7655939 10.21614 13
v 6.275631e-16 10.24888 13
v -0.7659769 10.22125 13
v -1.527681 10.1355 13
v -2.280741 9.992578 13
v -3.020401 9.791898 13
v -3.74106 9.532066 13
v -4.435939 9.211321 13
v -5.097595 8.829293 13
v -5.719315 8.388695 13
v -6.296138 7.895108 13
v -6.825506 7.356146 13
v -7.306386 6.779336 13
v -7.738067 6.170902 13
v -8.119673 5.5359 13
v -8.449963 4.878589 13
v -8.727759 4.203067 13
v -8.9522 3.51348 13
v -9.12275 2.813996 13
v -9.239193 2.108786 13
v -9.301636 1.401996 13
v -9.310499 0.6977254 13
v -9.26651 1.13482e-15 13
v -9.1707 -0.687249 13
v -9.024386 -1.360207 13
v -8.829166 -2.0152 13
v -8.586901 -2.648708 13
v -8.299702 -3.257393 13
v -7.969916 -3.838109 13
v -7.600105 -4.387923 13
v -7.193221 -4.904255 13
v -6.753134 -5.385445 13
v -6.284584 -5.831242 13
v -5.79274 -6.243089 13
v -5.282046 -6.623476 13
v -4.754741 -6.973925 13
v -4.211156 -7.293936 13
v -3.650583 -7.580514 13
v -3.072766 -7.829279 13
v -2.478901 -8.036398 13
v -1.871401 -8.199144 13
v -1.253445 -8.316067 13
v -0.6284801 -8.386484 13
v -1.544892e-15 -8.41 13
v 0.6284801 -8.386484 13
v 1.253445 -8.316067 13
v 1.871401 -8.199144 13
v 2.478891 -8.036367 13
v 3.072518 -7.828648 13
v 3.648962 -7.577148 13
v 4.205001 -7.283275 13
v 4.737654 -6.948862 13
v 5.244752 -6.576711 13
v 5.725436 -6.170552 13
v 6.18044 -5.734611 13
v 6.611461 -5.272465 13
v 7.019143 -4.785571 13
v 7.402035 -4.273567 13
v 7.75613 -3.735155 13
v 8.075973 -3.169586 13
v 8.356619 -2.577676 13
v 8.594188 -1.961567 13
v 8.786058 -1.324285 13
v 8.930353 -0.6692375 13
v 8.547134 0 13.25
v 8.584583 0.6433255 13.25
v 8.578791 1.293045 13.25
v 8.525882 1.945977 13.25
v 8.423569 2.598327 13.25
v 8.271092 3.246164 13.25
v 8.068532 3.8856 13.25
v 7.816303 4.512745 13.25
v 7.515125 5.123725 13.25
v 7.166017 5.714708 13.25
v 6.770302 6.281923 13.25
v 6.329599 6.821686 13.25
v 5.845819 7.330425 13.25
v 5.321156 7.804702 13.25
v 4.758078 8.241233 13.25
v 4.159319 8.636914 13.25
v 3.52786 8.98884 13.25
v 2.866919 9.294323 13.25
v 2.179935 9.550918 13.25
v 1.470545 9.75643 13.25
v 0.7425644 9.908834 13.25
v 6.126645e-16 10.00557 13.25
v -0.7526279 10.04312 13.25
v -1.509835 10.0171 13.25
v -2.264885 9.923109 13.25
v -3.010312 9.759191 13.25
v -3.738972 9.526746 13.25
v -4.445047 9.230234 13.25
v -5.124441 8.875793 13.25
v -5.773981 8.468874 13.25
v -6.390763 8.013763 13.25
v -6.971468 7.513456 13.25
v -7.511693 6.969832 13.25
v -8.005886 6.384481 13.25
v -8.447296 5.759269 13.25
v -8.829293 5.097595 13.25
v -9.14742 4.405165 13.25
v -9.400169 3.689295 13.25
v -9.589135 2.957856 13.25
v -9.717184 2.217884 13.25
v -9.786814 1.475125 13.25
v -9.799793 0.734393 13.25
v -9.757177 1.19491e-15 13.25
v -9.659995 -0.7239165 13.25
v -9.509573 -1.433337 13.25
v -9.307531 -2.124383 13.25
v -9.055769 -2.793335 13.25
v -8.756451 -3.436654 13.25
v -8.411991 -4.051001 13.25
v -8.025033 -4.633255 13.25
v -7.598435 -5.180525 13.25
v -7.135244 -5.690167 13.25
v -6.638682 -6.159797 13.25
v -6.11212 -6.587299 13.25
v -5.559056 -6.970836 13.25
v -4.983095 -7.308858 13.25
v -4.387923 -7.600105 13.25
v -3.777384 -7.843819 13.25
v -3.155663 -8.040499 13.25
v -2.526989 -8.192296 13.25
v -1.895116 -8.303044 13.25
v -1.262648 -8.377122 13.25
v -0.6307645 -8.416967 13.25
v -1.547154e-15 -8.422311 13.25
v 0.6287593 -8.39021 13.25
v 1.253547 -8.316738 13.25
v 1.871408 -8.199175 13.25
v 2.478891 -8.036367 13.25
v 3.072518 -7.828648 13.25
v 3.648962 -7.577148 13.25
v 4.205 -7.283274 13.25
v 4.737522 -6.948668 13.25
v 5.243549 -6.575203 13.25
v 5.720253 -6.164966 13.25
v 6.164966 -5.720253 13.25
v 6.575203 -5.243549 13.25
v 6.948668 -4.737522 13.25
v 7.283275 -4.205001 13.25
v 7.577359 -3.649064 13.25
v 7.830444 -3.073223 13.25
v 8.043649 -2.481137 13.25
v 8.219724 -1.876098 13.25
v 8.361926 -1.260358 13.25
v 8.471541 -0.6348543 13.25
v 8.410002 0 13.5
v 8.386718 0.6284976 13.5
v 8.317975 1.253733 13.5
v 8.206572 1.873097 13.5
v 8.056539 2.485113 13.5
v 7.871819 3.089461 13.5
v 7.653997 3.685971 13.5
v 7.402035 4.273567 13.5
v 7.112804 4.849428 13.5
v 6.782929 5.409205 13.5
v 6.410642 5.948207 13.5
v 5.995861 6.462002 13.5
v 5.539893 6.946807 13.5
v 5.044753 7.399294 13.5
v 4.512745 7.816303 13.5
v 3.946426 8.194839 13.5
v 3.348599 8.532091 13.5
v 2.722293 8.825456 13.5
v 2.070751 9.072553 13.5
v 1.397415 9.271244 13.5
v 0.705905 9.419648 13.5
v 5.826965e-16 9.516156 13.5
v -0.7163815 9.559446 13.5
v -1.439204 9.548493 13.5
v -2.164337 9.48258 13.5
v -2.88758 9.361305 13.5
v -3.604686 9.184589 13.5
v -4.311337 8.952584 13.5
v -5.002785 8.665078 13.5
v -5.673356 8.321285 13.5
v -6.316108 7.920149 13.5
v -6.923002 7.461222 13.5
v -7.486602 6.946551 13.5
v -8.001418 6.380918 13.5
v -8.46464 5.771094 13.5
v -8.875793 5.124441 13.5
v -9.234851 4.44727 13.5
v -9.541444 3.744741 13.5
v -9.794197 3.02111 13.5
v -9.990233 2.280205 13.5
v -10.12554 1.52618 13.5
v -10.19521 0.7640252 13.5
v -10.19519 1.248551e-15 13.5
v -10.12448 -0.7587249 13.5
v -9.985433 -1.505062 13.5
v -9.783363 -2.232989 13.5
v -9.52427 -2.937848 13.5
v -9.213192 -3.615911 13.5
v -8.854066 -4.263894 13.5
v -8.449963 -4.878589 13.5
v -8.003843 -5.456928 13.5
v -7.518863 -5.996093 13.5
v -6.998367 -6.493535 13.5
v -6.445858 -6.946983 13.5
v -5.864982 -7.354455 13.5
v -5.259497 -7.714266 13.5
v -4.633255 -8.025033 13.5
v -3.990175 -8.285684 13.5
v -3.334219 -8.495452 13.5
v -2.669369 -8.653882 13.5
v -1.999602 -8.760828 13.5
v -1.328866 -8.816449 13.5
v -0.6610578 -8.821204 13.5
v -1.612097e-15 -8.775846 13.5
v 0.6505989 -8.681639 13.5
v 1.287365 -8.541108 13.5
v 1.907712 -8.35823 13.5
v 2.510304 -8.138205 13.5
v 3.095076 -7.886124 13.5
v 3.662225 -7.604689 13.5
v 4.211156 -7.293936 13.5
v 4.739626 -6.951755 13.5
v 5.243972 -6.575733 13.5
v 5.720275 -6.16499 13.5
v 6.164966 -5.720253 13.5
v 6.575203 -5.243549 13.5
v 6.948668 -4.737522 13.5
v 7.283274 -4.205 13.5
v 7.577148 -3.648962 13.5
v 7.828648 -3.072518 13.5
v 8.036367 -2.478891 13.5
v 8.199144 -1.871401 13.5
v 8.316067 -1.253445 13.5
v 8.386484 -0.6284801 13.5
v 8.41 0 13.75
v 8.386484 0.6284801 13.75
v 8.316067 1.253445 13.75
v 8.199144 1.871401 13.75
v 8.036367 2.478891 13.75
v 7.828648 3.072518 13.75
v 7.577148 3.648962 13.75
v 7.283275 4.205001 13.75
v 6.948862 4.737654 13.75
v 6.576711 5.244752 13.75
v 6.170552 5.725436 13.75
v 5.734611 6.18044 13.75
v 5.272465 6.611461 13.75
v 4.785571 7.019143 13.75
v 4.273567 7.402035 13.75
v 3.735155 7.75613 13.75
v 3.169586 8.075973 13.75
v 2.577676 8.356619 13.75
v 1.961567 8.594188 13.75
v 1.324285 8.786058 13.75
v 0.6692375 8.930353 13.75
v 5.526518e-16 9.02549 13.75
v -0.6797139 9.070152 13.75
v -1.366074 9.063307 13.75
v -2.055153 9.004215 13.75
v -2.742953 8.892437 13.75
v -3.425425 8.72784 13.75
v -4.098492 8.510607 13.75
v -4.758078 8.241233 13.75
v -5.400128 7.920533 13.75
v -6.020634 7.549636 13.75
v -6.615661 7.129986 13.75
v -7.18137 6.663338 13.75
v -7.714044 6.151745 13.75
v -8.210019 5.597496 13.75
v -8.665078 5.002785 13.75
v -9.073913 4.369766 13.75
v -9.429984 3.700996 13.75
v -9.726106 3.000107 13.75
v -9.956863 2.272589 13.75
v -10.11989 1.525328 13.75
v -10.21614 0.7655939 13.75
v -10.24888 1.255126e-15 13.75
v -10.22125 -0.7659769 13.75
v -10.1355 -1.527681 13.75
v -9.992578 -2.280741 13.75
v -9.791898 -3.020401 13.75
v -9.532066 -3.74106 13.75
v -9.211321 -4.435939 13.75
v -8.829293 -5.097595 13.75
v -8.388695 -5.719315 13.75
v -7.895108 -6.296138 13.75
v -7.356146 -6.825506 13.75
v -6.779336 -7.306386 13.75
v -6.170902 -7.738067 13.75
v -5.5359 -8.119673 13.75
v -4.878589 -8.449963 13.75
v -4.203067 -8.727759 13.75
v -3.51348 -8.9522 13.75
v -2.813996 -9.12275 13.75
v -2.108786 -9.239193 13.75
v -1.401996 -9.301636 13.75
v -0.6977254 -9.310499 13.75
v -1.70223e-15 -9.26651 13.75
v 0.687249 -9.1707 13.75
v 1.360207 -9.024386 13.75
v 2.0152 -8.829166 13.75
v 2.648708 -8.586901 13.75
v 3.257393 -8.299702 13.75
v 3.838109 -7.969916 13.75
v 4.387923 -7.600105 13.75
v 4.904255 -7.193221 13.75
v 5.385445 -6.753134 13.75
v 5.831242 -6.284584 13.75
v 6.243089 -5.79274 13.75
v 6.623476 -5.282046 13.75
v 6.973925 -4.754741 13.75
v 7.293936 -4.211156 13.75
v 7.580514 -3.650583 13.75
v 7.829279 -3.072766 13.75
v 8.036398 -2.478901 13.75
v 8.199144 -1.871401 13.75
v 8.316067 -1.253445 13.75
v 8.386484 -0.6284801 13.75
v 8.422311 0 14
v 8.39021 0.6287593 14
v 8.316738 1.253547 14
v 8.199175 1.871408 14
v 8.036367 2.478891 14
v 7.828648 3.072518 14
v 7.577148 3.648962 14
v 7.283274 4.205 14
v 6.948668 4.737522 14
v 6.575203 5.243549 14
v 6.164966 5.720253 14
v 5.720253 6.164966 14
v 5.243549 6.575203 14
v 4.737522 6.948668 14
v 4.205001 7.283275 14
v 3.649064 7.577359 14
v 3.073223 7.830444 14
v 2.481137 8.043649 14
v 1.876098 8.219724 14
v 1.260358 8.361926 14
v 0.6348543 8.471541 14
v 5.23361e-16 8.547134 14
v -0.6433255 8.584583 14
v -1.293045 8.578791 14
v -1.945977 8.525882 14
v -2.598327 8.423569 14
v -3.246164 8.271092 14
v -3.8856 8.068532 14
v -4.512745 7.816303 14
v -5.123725 7.515125 14
v -5.714708 7.166017 14
v -6.281923 6.770302 14
v -6.821686 6.329599 14
v -7.330425 5.845819 14
v -7.804702 5.321156 14
v -8.241233 4.758078 14
v -8.636914 4.159319 14
v -8.98884 3.52786 14
v -9.294323 2.866919 14
v -9.550918 2.179935 14
v -9.75643 1.470545 14
v -9.908834 0.7425644 14
v -10.00557 1.225329e-15 14
v -10.04312 -0.7526279 14
v -10.0171 -1.509835 14
v -9.923109 -2.264885 14
v -9.759191 -3.010312 14
v -9.526746 -3.738972 14
v -9.230234 -4.445047 14
v -8.875793 -5.124441 14
v -8.468874 -5.773981 14
v -8.013763 -6.390763 14
v -7.513456 -6.971468 14
v -6.969832 -7.511693 14
v -6.384481 -8.005886 14
v -5.759269 -8.447296 14
v -5.097595 -8.829293 14
v -4.405165 -9.14742 14
v -3.689295 -9.400169 14
v -2.957856 -9.589135 14
v -2.217884 -9.717184 14
v -1.475125 -9.786814 14
v -0.734393 -9.799793 14
v -1.792364e-15 -9.757177 14
v 0.7239165 -9.659995 14
v 1.433337 -9.509573 14
v 2.124383 -9.307531 14
v 2.793335 -9.055769 14
v 3.436654 -8.756451 14
v 4.051001 -8.411991 14
v 4.633255 -8.025033 14
v 5.180525 -7.598435 14
v 5.690167 -7.135244 14
v 6.159797 -6.638682 14
v 6.587299 -6.11212 14
v 6.970836 -5.559056 14
v 7.308858 -4.983095 14
v 7.600105 -4.387923 14
v 7.843819 -3.777384 14
v 8.040499 -3.155663 14
v 8.192296 -2.526989 14
v 8.303044 -1.895116 14
v 8.377122 -1.262648 14
v 8.416967 -0.6307645 14
v 8.775846 0 14.25
v 8.681639 0.6505989 14.25
v 8.541108 1.287365 14.25
v 8.35823 1.907712 14.25
v 8.138205 2.510304 14.25
v 7.886124 3.095076 14.25
v 7.604689 3.662225 14.25
v 7.293936 4.211156 14.25
v 6.951755 4.739626 14.25
v 6.575733 5.243972 14.25
v 6.16499 5.720275 14.25
v 5.720253 6.164966 14.25
v 5.243549 6.575203 14.25
v 4.737522 6.948668 14.25
v 4.205 7.283274 14.25
v 3.648962 7.577148 14.25
v 3.072518 7.828648 14.25
v 2.478891 8.036367 14.25
v 1.871401 8.199144 14.25
v 1.253445 8.316067 14.25
v 0.6284801 8.386484 14.25
v 5.149641e-16 8.410002 14.25
v -0.6284976 8.386718 14.25
v -1.253733 8.317975 14.25
v -1.873097 8.206572 14.25
v -2.485113 8.056539 14.25
v -3.089461 7.871819 14.25
v -3.685971 7.653997 14.25
v -4.273567 7.402035 14.25
v -4.849428 7.112804 14.25
v -5.409205 6.782929 14.25
v -5.948207 6.410642 14.25
v -6.462002 5.995861 14.25
v -6.946807 5.539893 14.25
v -7.399294 5.044753 14.25
v -7.816303 4.512745 14.25
v -8.194839 3.946426 14.25
v -8.532091 3.348599 14.25
v -8.825456 2.722293 14.25
v -9.072553 2.070751 14.25
v -9.271244 1.397415 14.25
v -9.419648 0.705905 14.25
v -9.516156 1.165393e-15 14.25
v -9.559446 -0.7163815 14.25
v -9.548493 -1.439204 14.25
v -9.48258 -2.164337 14.25
v -9.361305 -2.88758 14.25
v -9.184589 -3.604686 14.25
v -8.952584 -4.311337 14.25
v -8.665078 -5.002785 14.25
v -8.321285 -5.673356 14.25
v -7.920149 -6.316108 14.25
v -7.461222 -6.923002 14.25
v -6.946551 -7.486602 14.25
v -6.380918 -8.001418 14.25
v -5.771094 -8.46464 14.25
v -5.124441 -8.875793 14.25
v -4.44727 -9.234851 14.25
v -3.744741 -9.541444 14.25
v -3.02111 -9.794197 14.25
v -2.280205 -9.990233 14.25
v -1.52618 -10.12554 14.25
v -0.7640252 -10.19521 14.25
v -1.872826e-15 -10.19519 14.25
v 0.7587249 -10.12448 14.25
v 1.505062 -9.985433 14.25
v 2.232989 -9.783363 14.25
v 2.937848 -9.52427 14.25
v 3.615911 -9.213192 14.25
v 4.263894 -8.854066 14.25
v 4.878589 -8.449963 14.25
v 5.456928 -8.003843 14.25
v 5.996093 -7.518863 14.25
v 6.493535 -6.998367 14.25
v 6.946983 -6.445858 14.25
v 7.354455 -5.864982 14.25
v 7.714266 -5.259497 14.25
v 8.025033 -4.633255 14.25
v 8.285684 -3.990175 14.25
v 8.495452 -3.334219 14.25
v 8.653882 -2.669369 14.25
v 8.760828 -1.999602 14.25
v 8.816449 -1.328866 14.25
v 8.821204 -0.6610578 14.25
v 9.26651 0 14.5
v 9.1707 0.687249 14.5
v 9.024386 1.360207 14.5
v 8.829166 2.0152 14.5
v 8.586901 2.648708 14.5
v 8.299702 3.257393 14.5
v 7.969916 3.838109 14.5
v 7.600105 4.387923 14.5
v 7.193221 4.904255 14.5
v 6.753134 5.385445 14.5
v 6.284584 5.831242 14.5
v 5.79274 6.243089 14.5
v 5.282046 6.623476 14.5
v 4.754741 6.973925 14.5
v 4.211156 7.293936 14.5
v 3.650583 7.580514 14.5
v 3.072766 7.829279 14.5
v 2.478901 8.036398 14.5
v 1.871401 8.199144 14.5
v 1.253445 8.316067 14.5
v 0.6284801 8.386484 14.5
v 5.14964e-16 8.41 14.5
v -0.6284801 8.386484 14.5
v -1.253445 8.316067 14.5
v -1.871401 8.199144 14.5
v -2.478891 8.036367 14.5
v -3.072518 7.828648 14.5
v -3.648962 7.577148 14.5
v -4.205001 7.283275 14.5
v -4.737654 6.948862 14.5
v -5.244752 6.576711 14.5
v -5.725436 6.170552 14.5
v -6.18044 5.734611 14.5
v -6.611461 5.272465 14.5
v -7.019143 4.785571 14.5
v -7.402035 4.273567 14.5
v -7.75613 3.735155 14.5
v -8.075973 3.169586 14.5
v -8.356619 2.577676 14.5
v -8.594188 1.961567 14.5
v -8.786058 1.324285 14.5
v -8.930353 0.6692375 14.5
v -9.02549 1.105304e-15 14.5
v -9.070152 -0.6797139 14.5
v -9.063307 -1.366074 14.5
v -9.004215 -2.055153 14.5
v -8.892437 -2.742953 14.5
v -8.72784 -3.425425 14.5
v -8.510607 -4.098492 14.5
v -8.241233 -4.758078 14.5
v -7.920533 -5.400128 14.5
v -7.549636 -6.020634 14.5
v -7.129986 -6.615661 14.5
v -6.663338 -7.18137 14.5
v -6.151745 -7.714044 14.5
v -5.597496 -8.210019 14.5
v -5.002785 -8.665078 14.5
v -4.369766 -9.073913 14.5
v -3.700996 -9.429984 14.5
v -3.000107 -9.726106 14.5
v -2.272589 -9.956863 14.5
v -1.525328 -10.11989 14.5
v -0.7655939 -10.21614 14.5
v -1.882689e-15 -10.24888 14.5
v 0.7659769 -10.22125 14.5
v 1.527681 -10.1355 14.5
v 2.280741 -9.992578 14.5
v 3.020401 -9.791898 14.5
v 3.74106 -9.532066 14.5
v 4.435939 -9.211321 14.5
v 5.097595 -8.829293 14.5
v 5.719315 -8.388695 14.5
v 6.296138 -7.895108 14.5
v 6.825506 -7.356146 14.5
v 7.306386 -6.779336 14.5
v 7.738067 -6.170902 14.5
v 8.119673 -5.5359 14.5
v 8.449963 -4.878589 14.5
v 8.727759 -4.203067 14.5
v 8.9522 -3.51348 14.5
v 9.12275 -2.813996 14.5
v 9.239193 -2.108786 14.5
v 9.301636 -1.401996 14.5
v 9.310499 -0.6977254 14.5
v 9.757177 0 14.75
v 9.659995 0.7239165 14.75
v 9.509573 1.433337 14.75
v 9.307531 2.124383 14.75
v 9.055769 2.793335 14.75
v 8.756451 3.436654 14.75
v 8.411991 4.051001 14.75
v 8.025033 4.633255 14.75
v 7.598435 5.180525 14.75
v 7.135244 5.690167 14.75
v 6.638682 6.159797 14.75
v 6.11212 6.587299 14.75
v 5.559056 6.970836 14.75
v 4.983095 7.308858 14.75
v 4.387923 7.600105 14.75
v 3.777384 7.843819 14.75
v 3.155663 8.040499 14.75
v 2.526989 8.192296 14.75
v 1.895116 8.303044 14.75
v 1.262648 8.377122 14.75
v 0.6307645 8.416967 14.75
v 5.157178e-16 8.422311 14.75
v -0.6287593 8.39021 14.75
v -1.253547 8.316738 14.75
v -1.871408 8.199175 14.75
v -2.478891 8.036367 14.75
v -3.072518 7.828648 14.75
v -3.648962 7.577148 14.75
v -4.205 7.283274 14.75
v -4.737522 6.948668 14.75
v -5.243549 6.575203 14.75
v -5.720253 6.164966 14.75
v -6.164966 5.720253 14.75
v -6.575203 5.243549 14.75
v -6.948668 4.737522 14.75
v -7.283275 4.205001 14.75
v -7.577359 3.649064 14.75
v -7.830444 3.073223 14.75
v -8.043649 2.481137 14.75
v -8.219724 1.876098 14.75
v -8.361926 1.260358 14.75
v -8.471541 0.6348543 14.75
v -8.547134 1.046722e-15 14.75
v -8.584583 -0.6433255 14.75
v -8.578791 -1.293045 14.75
v -8.525882 -1.945977 14.75
v -8.423569 -2.598327 14.75
v -8.271092 -3.246164 14.75
v -8.068532 -3.8856 14.75
v -7.816303 -4.512745 14.75
v -7.515125 -5.123725 14.75
v -7.166017 -5.714708 14.75
v -6.770302 -6.281923 14.75
v -6.329599 -6.821686 14.75
v -5.845819 -7.330425 14.75
v -5.321156 -7.804702 14.75
v -4.758078 -8.241233 14.75
v -4.159319 -8.636914 14.75
v -3.52786 -8.98884 14.75
v -2.866919 -9.294323 14.75
v -2.179935 -9.550918 14.75
v -1.470545 -9.75643 14.75
v -0.7425644 -9.908834 14.75
v -1.837993e-15 -10.00557 14.75
v 0.7526279 -10.04312 14.75
v 1.509835 -10.0171 14.75
v 2.264885 -9.923109 14.75
v 3.010312 -9.759191 14.75
v 3.738972 -9.526746 14.75
v 4.445047 -9.230234 14.75
v 5.124441 -8.875793 14.75
v 5.773981 -8.468874 14.75
v 6.390763 -8.013763 14.75
v 6.971468 -7.513456 14.75
v 7.511693 -6.969832 14.75
v 8.005886 -6.384481 14.75
v 8.447296 -5.759269 14.75
v 8.829293 -5.097595 14.75
v 9.14742 -4.405165 14.75
v 9.400169 -3.689295 14.75
v 9.589135 -2.957856 14.75
v 9.717184 -2.217884 14.75
v 9.786814 -1.475125 14.75
v 9.799793 -0.734393 14.75
v 10.19519 0 15
v 10.12448 0.7587249 15
v 9.985433 1.505062 15
v 9.783363 2.232989 15
v 9.52427 2.937848 15
v 9.213192 3.615911 15
v 8.854066 4.263894 15
v 8.449963 4.878589 15
v 8.003843 5.456928 15
v 7.518863 5.996093 15
v 6.998367 6.493535 15
v 6.445858 6.946983 15
v 5.864982 7.354455 15
v 5.259497 7.714266 15
v 4.633255 8.025033 15
v 3.990175 8.285684 15
v 3.334219 8.495452 15
v 2.669369 8.653882 15
v 1.999602 8.760828 15
v 1.328866 8.816449 15
v 0.6610578 8.821204 15
v 5.373656e-16 8.775846 15
v -0.6505989 8.681639 15
v -1.287365 8.541108 15
v -1.907712 8.35823 15
v -2.510304 8.138205 15
v -3.095076 7.886124 15
v -3.662225 7.604689 15
v -4.211156 7.293936 15
v -4.739626 6.951755 15
v -5.243972 6.575733 15
v -5.720275 6.16499 15
v -6.164966 5.720253 15
v -6.575203 5.243549 15
v -6.948668 4.737522 15
v -7.283274 4.205 15
v -7.577148 3.648962 15
v -7.828648 3.072518 15
v -8.036367 2.478891 15
v -8.199144 1.871401 15
v -8.316067 1.253445 15
v -8.386484 0.6284801 15
v -8.410002 1.029928e-15 15
v -8.386718 -0.6284976 15
v -8.317975 -1.253733 15
v -8.206572 -1.873097 15
v -8.056539 -2.485113 15
v -7.871819 -3.089461 15
v -7.653997 -3.685971 15
v -7.402035 -4.273567 15
v -7.112804 -4.849428 15
v -6.782929 -5.409205 15
v -6.410642 -5.948207 15
v -5.995861 -6.462002 15
v -5.539893 -6.946807 15
v -5.044753 -7.399294 15
v -4.512745 -7.816303 15
v -3.946426 -8.194839 15
v -3.348599 -8.532091 15
v -2.722293 -8.825456 15
v -2.070751 -9.072553 15
v -1.397415 -9.271244 15
v -0.705905 -9.419648 15
v -1.74809e-15 -9.516156 15
v 0.7163815 -9.559446 15
v 1.439204 -9.548493 15
v 2.164337 -9.48258 15
v 2.88758 -9.361305 15
v 3.604686 -9.184589 15
v 4.311337 -8.952584 15
v 5.002785 -8.665078 15
v 5.673356 -8.321285 15
v 6.316108 -7.920149 15
v 6.923002 -7.461222 15
v 7.486602 -6.946551 15
v 8.001418 -6.380918 15
v 8.46464 -5.771094 15
v 8.875793 -5.124441 15
v 9.234851 -4.44727 15
v 9.541444 -3.744741 15
v 9.794197 -3.02111 15
v 9.990233 -2.280205 15
v 10.12554 -1.52618 15
v 10.19521 -0.7640252 15
v 10.24888 0 15.25
v 10.22125 0.7659769 15.25
v 10.1355 1.527681 15.25
v 9.992578 2.280741 15.25
v 9.791898 3.020401 15.25
v 9.532066 3.74106 15.25
v 9.211321 4.435939 15.25
v 8.829293 5.097595 15.25
v 8.388695 5.719315 15.25
v 7.895108 6.296138 15.25
v 7.356146 6.825506 15.25
v 6.779336 7.306386 15.25
v 6.170902 7.738067 15.25
v 5.5359 8.119673 15.25
v 4.878589 8.449963 15.25
v 4.203067 8.727759 15.25
v 3.51348 8.9522 15.25
v 2.813996 9.12275 15.25
v 2.108786 9.239193 15.25
v 1.401996 9.301636 15.25
v 0.6977254 9.310499 15.25
v 5.674101e-16 9.26651 15.25
v -0.687249 9.1707 15.25
v -1.360207 9.024386 15.25
v -2.0152 8.829166 15.25
v -2.648708 8.586901 15.25
v -3.257393 8.299702 15.25
v -3.838109 7.969916 15.25
v -4.387923 7.600105 15.25
v -4.904255 7.193221 15.25
v -5.385445 6.753134 15.25
v -5.831242 6.284584 15.25
v -6.243089 5.79274 15.25
v -6.623476 5.282046 15.25
v -6.973925 4.754741 15.25
v -7.293936 4.211156 15.25
v -7.580514 3.650583 15.25
v -7.829279 3.072766 15.25
v -8.036398 2.478901 15.25
v -8.199144 1.871401 15.25
v -8.316067 1.253445 15.25
v -8.386484 0.6284801 15.25
v -8.41 1.029928e-15 15.25
v -8.386484 -0.6284801 15.25
v -8.316067 -1.253445 15.25
v -8.199144 -1.871401 15.25
v -8.036367 -2.478891 15.25
v -7.828648 -3.072518 15.25
v -7.577148 -3.648962 15.25
v -7.283275 -4.205001 15.25
v -6.948862 -4.737654 15.25
v -6.576711 -5.244752 15.25
v -6.170552 -5.725436 15.25
v -5.734611 -6.18044 15.25
v -5.272465 -6.611461 15.25
v -4.785571 -7.019143 15.25
v -4.273567 -7.402035 15.25
v -3.735155 -7.75613 15.25
v -3.169586 -8.075973 15.25
v -2.577676 -8.356619 15.25
v -1.961567 -8.594188 15.25
v -1.324285 -8.786058 15.25
v -0.6692375 -8.930353 15.25
v -1.657956e-15 -9.02549 15.25
v 0.6797139 -9.070152 15.25
v 1.366074 -9.063307 15.25
v 2.055153 -9.004215 15.25
v 2.742953 -8.892437 15.25
v 3.425425 -8.72784 15.25
v 4.098492 -8.510607 15.25
v 4.758078 -8.241233 15.25
v 5.400128 -7.920533 15.25
v 6.020634 -7.549636 15.25
v 6.615661 -7.129986 15.25
v 7.18137 -6.663338 15.25
v 7.714044 -6.151745 15.25
v 8.210019 -5.597496 15.25
v 8.665078 -5.002785 15.25
v 9.073913 -4.369766 15.25
v 9.429984 -3.700996 15.25
v 9.726106 -3.000107 15.25
v 9.956863 -2.272589 15.25
v 10.11989 -1.525328 15.25
v 10.21614 -0.7655939 15.25
v 10.00557 0 15.5
v 10.04312 0.7526279 15.5
v 10.0171 1.509835 15.5
v 9.923109 2.264885 15.5
v 9.759191 3.010312 15.5
v 9.526746 3.738972 15.5
v 9.230234 4.445047 15.5
v 8.875793 5.124441 15.5
v 8.468874 5.773981 15.5
v 8.013763 6.390763 15.5
v 7.513456 6.971468 15.5
v 6.969832 7.511693 15.5
v 6.384481 8.005886 15.5
v 5.759269 8.447296 15.5
v 5.097595 8.829293 15.5
v 4.405165 9.14742 15.5
v 3.689295 9.400169 15.5
v 2.957856 9.589135 15.5
v 2.217884 9.717184 15.5
v 1.475125 9.786814 15.5
v 0.734393 9.799793 15.5
v 5.974548e-16 9.757177 15.5
v -0.7239165 9.659995 15.5
v -1.433337 9.509573 15.5
v -2.124383 9.307531 15.5
v -2.793335 9.055769 15.5
v -3.436654 8.756451 15.5
v -4.051001 8.411991 15.5
v -4.633255 8.025033 15.5
v -5.180525 7.598435 15.5
v -5.690167 7.135244 15.5
v -6.159797 6.638682 15.5
v -6.587299 6.11212 15.5
v -6.970836 5.559056 15.5
v -7.308858 4.983095 15.5
v -7.600105 4.387923 15.5
v -7.843819 3.777384 15.5
v -8.040499 3.155663 15.5
v -8.192296 2.526989 15.5
v -8.303044 1.895116 15.5
v -8.377122 1.262648 15.5
v -8.416967 0.6307645 15.5
v -8.422311 1.031436e-15 15.5
v -8.39021 -0.6287593 15.5
v -8.316738 -1.253547 15.5
v -8.199175 -1.871408 15.5
v -8.036367 -2.478891 15.5
v -7.828648 -3.072518 15.5
v -7.577148 -3.648962 15.5
v -7.283274 -4.205 15.5
v -6.948668 -4.737522 15.5
v -6.575203 -5.243549 15.5
v -6.164966 -5.720253 15.5
v -5.720253 -6.164966 15.5
v -5.243549 -6.575203 15.5
v -4.737522 -6.948668 15.5
v -4.205001 -7.283275 15.5
v -3.649064 -7.577359 15.5
v -3.073223 -7.830444 15.5
v -2.481137 -8.043649 15.5
v -1.876098 -8.219724 15.5
v -1.260358 -8.361926 15.5
v -0.6348543 -8.471541 15.5
v -1.570083e-15 -8.547134 15.5
v 0.6433255 -8.584583 15.5
v 1.293045 -8.578791 15.5
v 1.945977 -8.525882 15.5
v 2.598327 -8.423569 15.5
v 3.246164 -8.271092 15.5
v 3.8856 -8.068532 15.5
v 4.512745 -7.816303 15.5
v 5.123725 -7.515125 15.5
v 5.714708 -7.166017 15.5
v 6.281923 -6.770302 15.5
v 6.821686 -6.329599 15.5
v 7.330425 -5.845819 15.5
v 7.804702 -5.321156 15.5
v 8.241233 -4.758078 15.5
v 8.636914 -4.159319 15.5
v 8.98884 -3.52786 15.5
v 9.294323 -2.866919 15.5
v 9.550918 -2.179935 15.5
v 9.75643 -1.470545 15.5
v 9.908834 -0.7425644 15.5
v 9.516156 0 15.75
v 9.559446 0.7163815 15.75
v 9.548493 1.439204 15.75
v 9.48258 2.164337 15.75
v 9.361305 2.88758 15.75
v 9.184589 3.604686 15.75
v 8.952584 4.311337 15.75
v 8.665078 5.002785 15.75
v 8.321285 5.673356 15.75
v 7.920149 6.316108 15.75
v 7.461222 6.923002 15.75
v 6.946551 7.486602 15.75
v 6.380918 8.001418 15.75
v 5.771094 8.46464 15.75
v 5.124441 8.875793 15.75
v 4.44727 9.234851 15.75
v 3.744741 9.541444 15.75
v 3.02111 9.794197 15.75
v 2.280205 9.990233 15.75
v 1.52618 10.12554 15.75
v 0.7640252 10.19521 15.75
v 6.242753e-16 10.19519 15.75
v -0.7587249 10.12448 15.75
v -1.505062 9.985433 15.75
v -2.232989 9.783363 15.75
v -2.937848 9.52427 15.75
v -3.615911 9.213192 15.75
v -4.263894 8.854066 15.75
v -4.878589 8.449963 15.75
v -5.456928 8.003843 15.75
v -5.996093 7.518863 15.75
v -6.493535 6.998367 15.75
v -6.946983 6.445858 15.75
v -7.354455 5.864982 15.75
v -7.714266 5.259497 15.75
v -8.025033 4.633255 15.75
v -8.285684 3.990175 15.75
v -8.495452 3.334219 15.75
v -8.653882 2.669369 15.75
v -8.760828 1.999602 15.75
v -8.816449 1.328866 15.75
v -8.821204 0.6610578 15.75
v -8.775846 1.074731e-15 15.75
v -8.681639 -0.6505989 15.75
v -8.541108 -1.287365 15.75
v -8.35823 -1.907712 15.75
v -8.138205 -2.510304 15.75
v -7.886124 -3.095076 15.75
v -7.604689 -3.662225 15.75
v -7.293936 -4.211156 15.75
v -6.951755 -4.739626 15.75
v -6.575733 -5.243972 15.75
v -6.16499 -5.720275 15.75
v -5.720253 -6.164966 15.75
v -5.243549 -6.575203 15.75
v -4.737522 -6.948668 15.75
v -4.205 -7.283274 15.75
v -3.648962 -7.577148 15.75
v -3.072518 -7.828648 15.75
v -2.478891 -8.036367 15.75
v -1.871401 -8.199144 15.75
v -1.253445 -8.316067 15.75
v -0.6284801 -8.386484 15.75
v -1.544892e-15 -8.410002 15.75
v 0.6284976 -8.386718 15.75
v 1.253733 -8.317975 15.75
v 1.873097 -8.206572 15.75
v 2.485113 -8.056539 15.75
v 3.089461 -7.871819 15.75
v 3.685971 -7.653997 15.75
v 4.273567 -7.402035 15.75
v 4.849428 -7.112804 15.75
v 5.409205 -6.782929 15.75
v 5.948207 -6.410642 15.75
v 6.462002 -5.995861 15.75
v 6.946807 -5.539893 15.75
v 7.399294 -5.044753 15.75
v 7.816303 -4.512745 15.75
v 8.194839 -3.946426 15.75
v 8.532091 -3.348599 15.75
v 8.825456 -2.722293 15.75
v 9.072553 -2.070751 15.75
v 9.271244 -1.397415 15.75
v 9.419648 -0.705905 15.75
v 9.02549 0 16
v 9.070152 0.6797139 16
v 9.063307 1.366074 16
v 9.004215 2.055153 16
v 8.892437 2.742953 16
v 8.72784 3.425425 16
v 8.510607 4.098492 16
v 8.241233 4.758078 16
v 7.920533 5.400128 16
v 7.549636 6.020634 16
v 7.129986 6.615661 16
v 6.663338 7.18137 16
v 6.151745 7.714044 16
v 5.597496 8.210019 16
v 5.002785 8.665078 16
v 4.369766 9.073913 16
v 3.700996 9.429984 16
v 3.000107 9.726106 16
v 2.272589 9.956863 16
v 1.525328 10.11989 16
v 0.7655939 10.21614 16
v 6.275631e-16 10.24888 16
v -0.7659769 10.22125 16
v -1.527681 10.1355 16
v -2.280741 9.992578 16
v -3.020401 9.791898 16
v -3.74106 9.532066 16
v -4.435939 9.211321 16
v -5.097595 8.829293 16
v -5.719315 8.388695 16
v -6.296138 7.895108 16
v -6.825506 7.356146 16
v -7.306386 6.779336 16
v -7.738067 6.170902 16
v -8.119673 5.5359 16
v -8.449963 4.878589 16
v -8.727759 4.203067 16
v -8.9522 3.51348 16
v -9.12275 2.813996 16
v -9.239193 2.108786 16
v -9.301636 1.401996 16
v -9.310499 0.6977254 16
v -9.26651 1.13482e-15 16
v -9.1707 -0.687249 16
v -9.024386 -1.360207 16
v -8.829166 -2.0152 16
v -8.586901 -2.648708 16
v -8.299702 -3.257393 16
v -7.969916 -3.838109 16
v -7.600105 -4.387923 16
v -7.193221 -4.904255 16
v -6.753134 -5.385445 16
v -6.284584 -5.831242 16
v -5.79274 -6.243089 16
v -5.282046 -6.623476 16
v -4.754741 -6.973925 16
v -4.211156 -7.293936 16
v -3.650583 -7.580514 16
v -3.072766 -7.829279 16
v -2.478901 -8.036398 16
v -1.871401 -8.199144 16
v -1.253445 -8.316067 16
v -0.6284801 -8.386484 16
v -1.544892e-15 -8.41 16
v 0.6284801 -8.386484 16
v 1.253445 -8.316067 16
v 1.871401 -8.199144 16
v 2.478891 -8.036367 16
v 3.072518 -7.828648 16
v 3.648962 -7.577148 16
v 4.205001 -7.283275 16
v 4.737654 -6.948862 16
v 5.244752 -6.576711 16
v 5.725436 -6.170552 16
v 6.18044 -5.734611 16
v 6.611461 -5.272465 16
v 7.019143 -4.785571 16
v 7.402035 -4.273567 16
v 7.75613 -3.735155 16
v 8.075973 -3.169586 16
v 8.356619 -2.577676 16
v 8.594188 -1.961567 16
v 8.786058 -1.324285 16
v 8.930353 -0.6692375 16
v 8.547134 0 16.25
v 8.584583 0.6433255 16.25
v 8.578791 1.293045 16.25
v 8.525882 1.945977 16.25
v 8.423569 2.598327 16.25
v 8.271092 3.246164 16.25
v 8.068532 3.8856 16.25
v 7.816303 4.512745 16.25
v 7.515125 5.123725 16.25
v 7.166017 5.714708 16.25
v 6.770302 6.281923 16.25
v 6.329599 6.821686 16.25
v 5.845819 7.330425 16.25
v 5.321156 7.804702 16.25
v 4.758078 8.241233 16.25
v 4.159319 8.636914 16.25
v 3.52786 8.98884 16.25
v 2.866919 9.294323 16.25
v 2.179935 9.550918 16.25
v 1.470545 9.75643 16.25
v 0.7425644 9.908834 16.25
v 6.126645e-16 10.00557 16.25
v -0.7526279 10.04312 16.25
v -1.509835 10.0171 16.25
v -2.264885 9.923109 16.25
v -3.010312 9.759191 16.25
v -3.738972 9.526746 16.25
v -4.445047 9.230234 16.25
v -5.124441 8.875793 16.25
v -5.773981 8.468874 16.25
v -6.390763 8.013763 16.25
v -6.971468 7.513456 16.25
v -7.511693 6.969832 16.25
v -8.005886 6.384481 16.25
v -8.447296 5.759269 16.25
v -8.829293 5.097595 16.25
v -9.14742 4.405165 16.25
v -9.400169 3.689295 16.25
v -9.589135 2.957856 16.25
v -9.717184 2.217884 16.25
v -9.786814 1.475125 16.25
v -9.799793 0.734393 16.25
v -9.757177 1.19491e-15 16.25
v -9.659995 -0.7239165 16.25
v -9.509573 -1.433337 16.25
v -9.307531 -2.124383 16.25
v -9.055769 -2.793335 16.25
v -8.756451 -3.436654 16.25
v -8.411991 -4.051001 16.25
v -8.025033 -4.633255 16.25
v -7.598435 -5.180525 16.25
v -7.135244 -5.690167 16.25
v -6.638682 -6.159797 16.25
v -6.11212 -6.587299 16.25
v -5.559056 -6.970836 16.25
v -4.983095 -7.308858 16.25
v -4.387923 -7.600105 16.25
v -3.777384 -7.843819 16.25
v -3.155663 -8.040499 16.25
v -2.526989 -8.192296 16.25
v -1.895116 -8.303044 16.25
v -1.262648 -8.377122 16.25
v -0.6307645 -8.416967 16.25
v -1.547154e-15 -8.422311 16.25
v 0.6287593 -8.39021 16.25
v 1.253547 -8.316738 16.25
v 1.871408 -8.199175 16.25
v 2.478891 -8.036367 16.25
v 3.072518 -7.828648 16.25
v 3.648962 -7.577148 16.25
v 4.205 -7.283274 16.25
v 4.737522 -6.948668 16.25
v 5.243549 -6.575203 16.25
v 5.720253 -6.164966 16.25
v 6.164966 -5.720253 16.25
v 6.575203 -5.243549 16.25
v 6.948668 -4.737522 16.25
v 7.283275 -4.205001 16.25
v 7.577359 -3.649064 16.25
v 7.830444 -3.073223 16.25
v 8.043649 -2.481137 16.25
v 8.219724 -1.876098 16.25
v 8.361926 -1.260358 16.25
v 8.471541 -0.6348543 16.25
v 8.410002 0 16.5
v 8.386718 0.6284976 16.5
v 8.317975 1.253733 16.5
v 8.206572 1.873097 16.5
v 8.056539 2.485113 16.5
v 7.871819 3.089461 16.5
v 7.653997 3.685971 16.5
v 7.402035 4.273567 16.5
v 7.112804 4.849428 16.5
v 6.782929 5.409205 16.5
v 6.410642 5.948207 16.5
v 5.995861 6.462002 16.5
v 5.539893 6.946807 16.5
v 5.044753 7.399294 16.5
v 4.512745 7.816303 16.5
v 3.946426 8.194839 16.5
v 3.348599 8.532091 16.5
v 2.722293 8.825456 16.5
v 2.070751 9.072553 16.5
v 1.397415 9.271244 16.5
v 0.705905 9.419648 16.5
v 5.826965e-16 9.516156 16.5
v -0.7163815 9.559446 16.5
v -1.439204 9.548493 16.5
v -2.164337 9.48258 16.5
v -2.88758 9.361305 16.5
v -3.604686 9.184589 16.5
v -4.311337 8.952584 16.5
v -5.002785 8.665078 16.5
v -5.673356 8.321285 16.5
v -6.316108 7.920149 16.5
v -6.923002 7.461222 16.5
v -7.486602 6.946551 16.5
v -8.001418 6.380918 16.5
v -8.46464 5.771094 16.5
v -8.875793 5.124441 16.5
v -9.234851 4.44727 16.5
v -9.541444 3.744741 16.5
v -9.794197 3.02111 16.5
v -9.990233 2.280205 16.5
v -10.12554 1.52618 16.5
v -10.19521 0.7640252 16.5
v -10.19519 1.248551e-15 16.5
v -10.12448 -0.7587249 16.5
v -9.985433 -1.505062 16.5
v -9.783363 -2.232989 16.5
v -9.52427 -2.937848 16.5
v -9.213192 -3.615911 16.5
v -8.854066 -4.263894 16.5
v -8.449963 -4.878589 16.5
v -8.003843 -5.456928 16.5
v -7.518863 -5.996093 16.5
v -6.998367 -6.493535 16.5
v -6.445858 -6.946983 16.5
v -5.864982 -7.354455 16.5
v -5.259497 -7.714266 16.5
v -4.633255 -8.025033 16.5
v -3.990175 -8.285684 16.5
v -3.334219 -8.495452 16.5
v -2.669369 -8.653882 16.5
v -1.999602 -8.760828 16.5
v -1.328866 -8.816449 16.5
v -0.6610578 -8.821204 16.5
v -1.612097e-15 -8.775846 16.5
v 0.6505989 -8.681639 16.5
v 1.287365 -8.541108 16.5
v 1.907712 -8.35823 16.5
v 2.510304 -8.138205 16.5
v 3.095076 -7.886124 16.5
v 3.662225 -7.604689 16.5
v 4.211156 -7.293936 16.5
v 4.739626 -6.951755 16.5
v 5.243972 -6.575733 16.5
v 5.720275 -6.16499 16.5
v 6.164966 -5.720253 16.5
v 6.575203 -5.243549 16.5
v 6.948668 -4.737522 16.5
v 7.283274 -4.205 16.5
v 7.577148 -3.648962 16.5
v 7.828648 -3.072518 16.5
v 8.036367 -2.478891 16.5
v 8.199144 -1.871401 16.5
v 8.316067 -1.253445 16.5
v 8.386484 -0.6284801 16.5
v 8.41 0 16.75
v 8.386484 0.6284801 16.75
v 8.316067 1.253445 16.75
v 8.199144 1.871401 16.75
v 8.036367 2.478891 16.75
v 7.828648 3.072518 16.75
v 7.577148 3.648962 16.75
v 7.283275 4.205001 16.75
v 6.948862 4.737654 16.75
v 6.576711 5.244752 16.75
v 6.170552 5.725436 16.75
v 5.734611 6.18044 16.75
v 5.272465 6.611461 16.75
v 4.785571 7.019143 16.75
v 4.273567 7.402035 16.75
v 3.735155 7.75613 16.75
v 3.169586 8.075973 16.75
v 2.577676 8.356619 16.75
v 1.961567 8.594188 16.75
v 1.324285 8.786058 16.75
v 0.6692375 8.930353 16.75
v 5.526518e-16 9.02549 16.75
v -0.6797139 9.070152 16.75
v -1.366074 9.063307 16.75
v -2.055153 9.004215 16.75
v -2.742953 8.892437 16.75
v -3.425425 8.72784 16.75
v -4.098492 8.510607 16.75
v -4.758078 8.241233 16.75
v -5.400128 7.920533 16.75
v -6.020634 7.549636 16.75
v -6.615661 7.129986 16.75
v -7.18137 6.663338 16.75
v -7.714044 6.151745 16.75
v -8.210019 5.597496 16.75
v -8.665078 5.002785 16.75
v -9.073913 4.369766 16.75
v -9.429984 3.700996 16.75
v -9.726106 3.000107 16.75
v -9.956863 2.272589 16.75
v -10.11989 1.525328 16.75
v -10.21614 0.7655939 16.75
v -10.24888 1.255126e-15 16.75
v -10.22125 -0.7659769 16.75
v -10.1355 -1.527681 16.75
v -9.992578 -2.280741 16.75
v -9.791898 -3.020401 16.75
v -9.532066 -3.74106 16.75
v -9.211321 -4.435939 16.75
v -8.829293 -5.097595 16.75
v -8.388695 -5.719315 16.75
v -7.895108 -6.296138 16.75
v -7.356146 -6.825506 16.75
v -6.779336 -7.306386 16.75
v -6.170902 -7.738067 16.75
v -5.5359 -8.119673 16.75
v -4.878589 -8.449963 16.75
v -4.203067 -8.727759 16.75
v -3.51348 -8.9522 16.75
v -2.813996 -9.12275 16.75
v -2.108786 -9.239193 16.75
v -1.401996 -9.301636 16.75
v -0.6977254 -9.310499 16.75
v -1.70223e-15 -9.26651 16.75
v 0.687249 -9.1707 16.75
v 1.360207 -9.024386 16.75
v 2.0152 -8.829166 16.75
v 2.648708 -8.586901 16.75
v 3.257393 -8.299702 16.75
v 3.838109 -7.969916 16.75
v 4.387923 -7.600105 16.75
v 4.904255 -7.193221 16.75
v 5.385445 -6.753134 16.75
v 5.831242 -6.284584 16.75
v 6.243089 -5.79274 16.75
v 6.623476 -5.282046 16.75
v 6.973925 -4.754741 16.75
v 7.293936 -4.211156 16.75
v 7.580514 -3.650583 16.75
v 7.829279 -3.072766 16.75
v 8.036398 -2.478901 16.75
v 8.199144 -1.871401 16.75
v 8.316067 -1.253445 16.75
v 8.386484 -0.6284801 16.75
v 8.422311 0 17
v 8.39021 0.6287593 17
v 8.316738 1.253547 17
v 8.199175 1.871408 17
v 8.036367 2.478891 17
v 7.828648 3.072518 17
v 7.577148 3.648962 17
v 7.283274 4.205 17
v 6.948668 4.737522 17
v 6.575203 5.243549 17
v 6.164966 5.720253 17
v 5.720253 6.164966 17
v 5.243549 6.575203 17
v 4.737522 6.948668 17
v 4.205001 7.283275 17
v 3.649064 7.577359 17
v 3.073223 7.830444 17
v 2.481137 8.043649 17
v 1.876098 8.219724 17
v 1.260358 8.361926 17
v 0.6348543 8.471541 17
v 5.23361e-16 8.547134 17
v -0.6433255 8.584583 17
v -1.293045 8.578791 17
v -1.945977 8.525882 17
v -2.598327 8.423569 17
v -3.246164 8.271092 17
v -3.8856 8.068532 17
v -4.512745 7.816303 17
v -5.123725 7.515125 17
v -5.714708 7.166017 17
v -6.281923 6.770302 17
v -6.821686 6.329599 17
v -7.330425 5.845819 17
v -7.804702 5.321156 17
v -8.241233 4.758078 17
v -8.636914 4.159319 17
v -8.98884 3.52786 17
v -9.294323 2.866919 17
v -9.550918 2.179935 17
v -9.75643 1.470545 17
v -9.908834 0.7425644 17
v -10.00557 1.225329e-15 17
v -10.04312 -0.7526279 17
v -10.0171 -1.509835 17
v -9.923109 -2.264885 17
v -9.759191 -3.010312 17
v -9.526746 -3.738972 17
v -9.230234 -4.445047 17
v -8.875793 -5.124441 17
v -8.468874 -5.773981 17
v -8.013763 -6.390763 17
v -7.513456 -6.971468 17
v -6.969832 -7.511693 17
v -6.384481 -8.005886 17
v -5.759269 -8.447296 17
v -5.097595 -8.829293 17
v -4.405165 -9.14742 17
v -3.689295 -9.400169 17
v -2.957856 -9.589135 17
v -2.217884 -9.717184 17
v -1.475125 -9.786814 17
v -0.734393 -9.799793 17
v -1.792364e-15 -9.757177 17
v 0.7239165 -9.659995 17
v 1.433337 -9.509573 17
v 2.124383 -9.307531 17
v 2.793335 -9.055769 17
v 3.436654 -8.756451 17
v 4.051001 -8.411991 17
v 4.633255 -8.025033 17
v 5.180525 -7.598435 17
v 5.690167 -7.135244 17
v 6.159797 -6.638682 17
v 6.587299 -6.11212 17
v 6.970836 -5.559056 17
v 7.308858 -4.983095 17
v 7.600105 -4.387923 17
v 7.843819 -3.777384 17
v 8.040499 -3.155663 17
v 8.192296 -2.526989 17
v 8.303044 -1.895116 17
v 8.377122 -1.262648 17
v 8.416967 -0.6307645 17
v 8.775846 0 17.25
v 8.681639 0.6505989 17.25
v 8.541108 1.287365 17.25
v 8.35823 1.907712 17.25
v 8.138205 2.510304 17.25
v 7.886124 3.095076 17.25
v 7.604689 3.662225 17.25
v 7.293936 4.211156 17.25
v 6.951755 4.739626 17.25
v 6.575733 5.243972 17.25
v 6.16499 5.720275 17.25
v 5.720253 6.164966 17.25
v 5.243549 6.575203 17.25
v 4.737522 6.948668 17.25
v 4.205 7.283274 17.25
v 3.648962 7.577148 17.25
v 3.072518 7.828648 17.25
v 2.478891 8.036367 17.25
v 1.871401 8.199144 17.25
v 1.253445 8.316067 17.25
v 0.6284801 8.386484 17.25
v 5.149641e-16 8.410002 17.25
v -0.6284976 8.386718 17.25
v -1.253733 8.317975 17.25
v -1.873097 8.206572 17.25
v -2.485113 8.056539 17.25
v -3.089461 7.871819 17.25
v -3.685971 7.653997 17.25
v -4.273567 7.402035 17.25
v -4.849428 7.112804 17.25
v -5.409205 6.782929 17.25
v -5.948207 6.410642 17.25
v -6.462002 5.995861 17.25
v -6.946807 5.539893 17.25
v -7.399294 5.044753 17.25
v -7.816303 4.512745 17.25
v -8.194839 3.946426 17.25
v -8.532091 3.348599 17.25
v -8.825456 2.722293 17.25
v -9.072553 2.070751 17.25
v -9.271244 1.397415 17.25
v -9.419648 0.705905 17.25
v -9.516156 1.165393e-15 17.25
v -9.559446 -0.7163815 17.25
v -9.548493 -1.439204 17.25
v -9.48258 -2.164337 17.25
v -9.361305 -2.88758 17.25
v -9.184589 -3.604686 17.25
v -8.952584 -4.311337 17.25
v -8.665078 -5.002785 17.25
v -8.321285 -5.673356 17.25
v -7.920149 -6.316108 17.25
v -7.461222 -6.923002 17.25
v -6.946551 -7.486602 17.25
v -6.380918 -8.001418 17.25
v -5.771094 -8.46464 17.25
v -5.124441 -8.875793 17.25
v -4.44727 -9.234851 17.25
v -3.744741 -9.541444 17.25
v -3.02111 -9.794197 17.25
v -2.280205 -9.990233 17.25
v -1.52618 -10.12554 17.25
v -0.7640252 -10.19521 17.25
v -1.872826e-15 -10.19519 17.25
v 0.7587249 -10.12448 17.25
v 1.505062 -9.985433 17.25
v 2.232989 -9.783363 17.25
v 2.937848 -9.52427 17.25
v 3.615911 -9.213192 17.25
v 4.263894 -8.854066 17.25
v 4.878589 -8.449963 17.25
v 5.456928 -8.003843 17.25
v 5.996093 -7.518863 17.25
v 6.493535 -6.998367 17.25
v 6.946983 -6.445858 17.25
v 7.354455 -5.864982 17.25
v 7.714266 -5.259497 17.25
v 8.025033 -4.633255 17.25
v 8.285684 -3.990175 17.25
v 8.495452 -3.334219 17.25
v 8.653882 -2.669369 17.25
v 8.760828 -1.999602 17.25
v 8.816449 -1.328866 17.25
v 8.821204 -0.6610578 17.25
v 9.26651 0 17.5
v 9.1707 0.687249 17.5
v 9.024386 1.360207 17.5
v 8.829166 2.0152 17.5
v 8.586901 2.648708 17.5
v 8.299702 3.257393 17.5
v 7.969916 3.838109 17.5
v 7.600105 4.387923 17.5
v 7.193221 4.904255 17.5
v 6.753134 5.385445 17.5
v 6.284584 5.831242 17.5
v 5.79274 6.243089 17.5
v 5.282046 6.623476 17.5
v 4.754741 6.973925 17.5
v 4.211156 7.293936 17.5
v 3.650583 7.580514 17.5
v 3.072766 7.829279 17.5
v 2.478901 8.036398 17.5
v 1.871401 8.199144 17.5
v 1.253445 8.316067 17.5
v 0.6284801 8.386484 17.5
v 5.14964e-16 8.41 17.5
v -0.6284801 8.386484 17.5
v -1.253445 8.316067 17.5
v -1.871401 8.199144 17.5
v -2.478891 8.036367 17.5
v -3.072518 7.828648 17.5
v -3.648962 7.577148 17.5
v -4.205001 7.283275 17.5
v -4.737654 6.948862 17.5
v -5.244752 6.576711 17.5
v -5.725436 6.170552 17.5
v -6.18044 5.734611 17.5
v -6.611461 5.272465 17.5
v -7.019143 4.785571 17.5
v -7.402035 4.273567 17.5
v -7.75613 3.735155 17.5
v -8.075973 3.169586 17.5
v -8.356619 2.577676 17.5
v -8.594188 1.961567 17.5
v -8.786058 1.324285 17.5
v -8.930353 0.6692375 17.5
v -9.02549 1.105304e-15 17.5
v -9.070152 -0.6797139 17.5
v -9.063307 -1.366074 17.5
v -9.004215 -2.055153 17.5
v -8.892437 -2.742953 17.5
v -8.72784 -3.425425 17.5
v -8.510607 -4.098492 17.5
v -8.241233 -4.758078 17.5
v -7.920533 -5.400128 17.5
v -7.549636 -6.020634 17.5
v -7.129986 -6.615661 17.5
v -6.663338 -7.18137 17.5
v -6.151745 -7.714044 17.5
v -5.597496 -8.210019 17.5
v -5.002785 -8.665078 17.5
v -4.369766 -9.073913 17.5
v -3.700996 -9.429984 17.5
v -3.000107 -9.726106 17.5
v -2.272589 -9.956863 17.5
v -1.525328 -10.11989 17.5
v -0.7655939 -10.21614 17.5
v -1.882689e-15 -10.24888 17.5
v 0.7659769 -10.22125 17.5
v 1.527681 -10.1355 17.5
v 2.280741 -9.992578 17.5
v 3.020401 -9.791898 17.5
v 3.74106 -9.532066 17.5
v 4.435939 -9.211321 17.5
v 5.097595 -8.829293 17.5
v 5.719315 -8.388695 17.5
v 6.296138 -7.895108 17.5
v 6.825506 -7.356146 17.5
v 7.306386 -6.779336 17.5
v 7.738067 -6.170902 17.5
v 8.119673 -5.5359 17.5
v 8.449963 -4.878589 17.5
v 8.727759 -4.203067 17.5
v 8.9522 -3.51348 17.5
v 9.12275 -2.813996 17.5
v 9.239193 -2.108786 17.5
v 9.301636 -1.401996 17.5
v 9.310499 -0.6977254 17.5
v 9.757177 0 17.75
v 9.659995 0.7239165 17.75
v 9.509573 1.433337 17.75
v 9.307531 2.124383 17.75
v 9.055769 2.793335 17.75
v 8.756451 3.436654 17.75
v 8.411991 4.051001 17.75
v 8.025033 4.633255 17.75
v 7.598435 5.180525 17.75
v 7.135244 5.690167 17.75
v 6.638682 6.159797 17.75
v 6.11212 6.587299 17.75
v 5.559056 6.970836 17.75
v 4.983095 7.308858 17.75
v 4.387923 7.600105 17.75
v 3.777384 7.843819 17.75
v 3.155663 8.040499 17.75
v 2.526989 8.192296 17.75
v 1.895116 8.303044 17.75
v 1.262648 8.377122 17.75
v 0.6307645 8.416967 17.75
v 5.157178e-16 8.422311 17.75
v -0.6287593 8.39021 17.75
v -1.253547 8.316738 17.75
v -1.871408 8.199175 17.75
v -2.478891 8.036367 17.75
v -3.072518 7.828648 17.75
v -3.648962 7.577148 17.75
v -4.205 7.283274 17.75
v -4.737522 6.948668 17.75
v -5.243549 6.575203 17.75
v -5.720253 6.164966 17.75
v -6.164966 5.720253 17.75
v -6.575203 5.243549 17.75
v -6.948668 4.737522 17.75
v -7.283275 4.205001 17.75
v -7.577359 3.649064 17.75
v -7.830444 3.073223 17.75
v -8.043649 2.481137 17.75
v -8.219724 1.876098 17.75
v -8.361926 1.260358 17.75
v -8.471541 0.6348543 17.75
v -8.547134 1.046722e-15 17.75
v -8.584583 -0.6433255 17.75
v -8.578791 -1.293045 17.75
v -8.525882 -1.945977 17.75
v -8.423569 -2.598327 17.75
v -8.271092 -3.246164 17.75
v -8.068532 -3.8856 17.75
v -7.816303 -4.512745 17.75
v -7.515125 -5.123725 17.75
v -7.166017 -5.714708 17.75
v -6.770302 -6.281923 17.75
v -6.329599 -6.821686 17.75
v -5.845819 -7.330425 17.75
v -5.321156 -7.804702 17.75
v -4.758078 -8.241233 17.75
v -4.159319 -8.636914 17.75
v -3.52786 -8.98884 17.75
v -2.866919 -9.294323 17.75
v -2.179935 -9.550918 17.75
v -1.470545 -9.75643 17.75
v -0.7425644 -9.908834 17.75
v -1.837993e-15 -10.00557 17.75
v 0.7526279 -10.04312 17.75
v 1.509835 -10.0171 17.75
v 2.264885 -9.923109 17.75
v 3.010312 -9.759191 17.75
v 3.738972 -9.526746 17.75
v 4.445047 -9.230234 17.75
v 5.124441 -8.875793 17.75
v 5.773981 -8.468874 17.75
v 6.390763 -8.013763 17.75
v 6.971468 -7.513456 17.75
v 7.511693 -6.969832 17.75
v 8.005886 -6.384481 17.75
v 8.447296 -5.759269 17.75
v 8.829293 -5.097595 17.75
v 9.14742 -4.405165 17.75
v 9.400169 -3.689295 17.75
v 9.589135 -2.957856 17.75
v 9.717184 -2.217884 17.75
v 9.786814 -1.475125 17.75
v 9.799793 -0.734393 17.75
v 10.19519 0 18
v 10.12448 0.7587249 18
v 9.985433 1.505062 18
v 9.783363 2.232989 18
v 9.52427 2.937848 18
v 9.213192 3.615911 18
v 8.854066 4.263894 18
v 8.449963 4.878589 18
v 8.003843 5.456928 18
v 7.518863 5.996093 18
v 6.998367 6.493535 18
v 6.445858 6.946983 18
v 5.864982 7.354455 18
v 5.259497 7.714266 18
v 4.633255 8.025033 18
v 3.990175 8.285684 18
v 3.334219 8.495452 18
v 2.669369 8.653882 18
v 1.999602 8.760828 18
v 1.328866 8.816449 18
v 0.6610578 8.821204 18
v 5.373656e-16 8.775846 18
v -0.6505989 8.681639 18
v -1.287365 8.541108 18
v -1.907712 8.35823 18
v -2.510304 8.138205 18
v -3.095076 7.886124 18
v -3.662225 7.604689 18
v -4.211156 7.293936 18
v -4.739626 6.951755 18
v -5.243972 6.575733 18
v -5.720275 6.16499 18
v -6.164966 5.720253 18
v -6.575203 5.243549 18
v -6.948668 4.737522 18
v -7.283274 4.205 18
v -7.577148 3.648962 18
v -7.828648 3.072518 18
v -8.036367 2.478891 18
v -8.199144 1.871401 18
v -8.316067 1.253445 18
v -8.386484 0.6284801 18
v -8.410002 1.029928e-15 18
v -8.386718 -0.6284976 18
v -8.317975 -1.253733 18
v -8.206572 -1.873097 18
v -8.056539 -2.485113 18
v -7.871819 -3.089461 18
v -7.653997 -3.685971 18
v -7.402035 -4.273567 18
v -7.112804 -4.849428 18
v -6.782929 -5.409205 18
v -6.410642 -5.948207 18
v -5.995861 -6.462002 18
v -5.539893 -6.946807 18
v -5.044753 -7.399294 18
v -4.512745 -7.816303 18
v -3.946426 -8.194839 18
v -3.348599 -8.532091 18
v -2.722293 -8.825456 18
v -2.070751 -9.072553 18
v -1.397415 -9.271244 18
v -0.705905 -9.419648 18
v -1.74809e-15 -9.516156 18
v 0.7163815 -9.559446 18
v 1.439204 -9.548493 18
v 2.164337 -9.48258 18
v 2.88758 -9.361305 18
v 3.604686 -9.184589 18
v 4.311337 -8.952584 18
v 5.002785 -8.665078 18
v 5.673356 -8.321285 18
v 6.316108 -7.920149 18
v 6.923002 -7.461222 18
v 7.486602 -6.946551 18
v 8.001418 -6.380918 18
v 8.46464 -5.771094 18
v 8.875793 -5.124441 18
v 9.234851 -4.44727 18
v 9.541444 -3.744741 18
v 9.794197 -3.02111 18
v 9.990233 -2.280205 18
v 10.12554 -1.52618 18
v 10.19521 -0.7640252 18
v 10.24888 0 18.25
v 10.22125 0.7659769 18.25
v 10.1355 1.527681 18.25
v 9.992578 2.280741 18.25
v 9.791898 3.020401 18.25
v 9.532066 3.74106 18.25
v 9.211321 4.435939 18.25
v 8.829293 5.097595 18.25
v 8.388695 5.719315 18.25
v 7.895108 6.296138 18.25
v 7.356146 6.825506 18.25
v 6.779336 7.306386 18.25
v 6.170902 7.738067 18.25
v 5.5359 8.119673 18.25
v 4.878589 8.449963 18.25
v 4.203067 8.727759 18.25
v 3.51348 8.9522 18.25
v 2.813996 9.12275 18.25
v 2.108786 9.239193 18.25
v 1.401996 9.301636 18.25
v 0.6977254 9.310499 18.25
v 5.674101e-16 9.26651 18.25
v -0.687249 9.1707 18.25
v -1.360207 9.024386 18.25
v -2.0152 8.829166 18.25
v -2.648708 8.586901 18.25
v -3.257393 8.299702 18.25
v -3.838109 7.969916 18.25
v -4.387923 7.600105 18.25
v -4.904255 7.193221 18.25
v -5.385445 6.753134 18.25
v -5.831242 6.284584 18.25
v -6.243089 5.79274 18.25
v -6.623476 5.282046 18.25
v -6.973925 4.754741 18.25
v -7.293936 4.211156 18.25
v -7.580514 3.650583 18.25
v -7.829279 3.072766 18.25
v -8.036398 2.478901 18.25
v -8.199144 1.871401 18.25
v -8.316067 1.253445 18.25
v -8.386484 0.6284801 18.25
v -8.41 1.029928e-15 18.25
v -8.386484 -0.6284801 18.25
v -8.316067 -1.253445 18.25
v -8.199144 -1.871401 18.25
v -8.036367 -2.478891 18.25
v -7.828648 -3.072518 18.25
v -7.577148 -3.648962 18.25
v -7.283275 -4.205001 18.25
v -6.948862 -4.737654 18.25
v -6.576711 -5.244752 18.25
v -6.170552 -5.725436 18.25
v -5.734611 -6.18044 18.25
v -5.272465 -6.611461 18.25
v -4.785571 -7.019143 18.25
v -4.273567 -7.402035 18.25
v -3.735155 -7.75613 18.25
v -3.169586 -8.075973 18.25
v -2.577676 -8.356619 18.25
v -1.961567 -8.594188 18.25
v -1.324285 -8.786058 18.25
v -0.6692375 -8.930353 18.25
v -1.657956e-15 -9.02549 18.25
v 0.6797139 -9.070152 18.25
v 1.366074 -9.063307 18.25
v 2.055153 -9.004215 18.25
v 2.742953 -8.892437 18.25
v 3.425425 -8.72784 18.25
v 4.098492 -8.510607 18.25
v 4.758078 -8.241233 18.25
v 5.400128 -7.920533 18.25
v 6.020634 -7.549636 18.25
v 6.615661 -7.129986 18.25
v 7.18137 -6.663338 18.25
v 7.714044 -6.151745 18.25
v 8.210019 -5.597496 18.25
v 8.665078 -5.002785 18.25
v 9.073913 -4.369766 18.25
v 9.429984 -3.700996 18.25
v 9.726106 -3.000107 18.25
v 9.956863 -2.272589 18.25
v 10.11989 -1.525328 18.25
v 10.21614 -0.7655939 18.25
v 10.00557 0 18.5
v 10.04312 0.7526279 18.5
v 10.0171 1.509835 18.5
v 9.923109 2.264885 18.5
v 9.759191 3.010312 18.5
v 9.526746 3.738972 18.5
v 9.230234 4.445047 18.5
v 8.875793 5.124441 18.5
v 8.468874 5.773981 18.5
v 8.013763 6.390763 18.5
v 7.513456 6.971468 18.5
v 6.969832 7.511693 18.5
v 6.384481 8.005886 18.5
v 5.759269 8.447296 18.5
v 5.097595 8.829293 18.5
v 4.405165 9.14742 18.5
v 3.689295 9.400169 18.5
v 2.957856 9.589135 18.5
v 2.217884 9.717184 18.5
v 1.475125 9.786814 18.5
v 0.734393 9.799793 18.5
v 5.974548e-16 9.757177 18.5
v -0.7239165 9.659995 18.5
v -1.433337 9.509573 18.5
v -2.124383 9.307531 18.5
v -2.793335 9.055769 18.5
v -3.436654 8.756451 18.5
v -4.051001 8.411991 18.5
v -4.633255 8.025033 18.5
v -5.180525 7.598435 18.5
v -5.690167 7.135244 18.5
v -6.159797 6.638682 18.5
v -6.587299 6.11212 18.5
v -6.970836 5.559056 18.5
v -7.308858 4.983095 18.5
v -7.600105 4.387923 18.5
v -7.843819 3.777384 18.5
v -8.040499 3.155663 18.5
v -8.192296 2.526989 18.5
v -8.303044 1.895116 18.5
v -8.377122 1.262648 18.5
v -8.416967 0.6307645 18.5
v -8.422311 1.031436e-15 18.5
v -8.39021 -0.6287593 18.5
v -8.316738 -1.253547 18.5
v -8.199175 -1.871408 18.5
v -8.036367 -2.478891 18.5
v -7.828648 -3.072518 18.5
v -7.577148 -3.648962 18.5
v -7.283274 -4.205 18.5
v -6.948668 -4.737522 18.5
v -6.575203 -5.243549 18.5
v -6.164966 -5.720253 18.5
v -5.720253 -6.164966 18.5
v -5.243549 -6.575203 18.5
v -4.737522 -6.948668 18.5
v -4.205001 -7.283275 18.5
v -3.649064 -7.577359 18.5
v -3.073223 -7.830444 18.5
v -2.481137 -8.043649 18.5
v -1.876098 -8.219724 18.5
v -1.260358 -8.361926 18.5
v -0.6348543 -8.471541 18.5
v -1.570083e-15 -8.547134 18.5
v 0.6433255 -8.584583 18.5
v 1.293045 -8.578791 18.5
v 1.945977 -8.525882 18.5
v 2.598327 -8.423569 18.5
v 3.246164 -8.271092 18.5
v 3.8856 -8.068532 18.5
v 4.512745 -7.816303 18.5
v 5.123725 -7.515125 18.5
v 5.714708 -7.166017 18.5
v 6.281923 -6.770302 18.5
v 6.821686 -6.329599 18.5
v 7.330425 -5.845819 18.5
v 7.804702 -5.321156 18.5
v 8.241233 -4.758078 18.5
v 8.636914 -4.159319 18.5
v 8.98884 -3.52786 18.5
v 9.294323 -2.866919 18.5
v 9.550918 -2.179935 18.5
v 9.75643 -1.470545 18.5
v 9.908834 -0.7425644 18.5
v 9.516156 0 18.75
v 9.559446 0.7163815 18.75
v 9.548493 1.439204 18.75
v 9.48258 2.164337 18.75
v 9.361305 2.88758 18.75
v 9.184589 3.604686 18.75
v 8.952584 4.311337 18.75
v 8.665078 5.002785 18.75
v 8.321285 5.673356 18.75
v 7.920149 6.316108 18.75
v 7.461222 6.923002 18.75
v 6.946551 7.486602 18.75
v 6.380918 8.001418 18.75
v 5.771094 8.46464 18.75
v 5.124441 8.875793 18.75
v 4.44727 9.234851 18.75
v 3.744741 9.541444 18.75
v 3.02111 9.794197 18.75
v 2.280205 9.990233 18.75
v 1.52618 10.12554 18.75
v 0.7640252 10.19521 18.75
v 6.242753e-16 10.19519 18.75
v -0.7587249 10.12448 18.75
v -1.505062 9.985433 18.75
v -2.232989 9.783363 18.75
v -2.937848 9.52427 18.75
v -3.615911 9.213192 18.75
v -4.263894 8.854066 18.75
v -4.878589 8.449963 18.75
v -5.456928 8.003843 18.75
v -5.996093 7.518863 18.75
v -6.493535 6.998367 18.75
v -6.946983 6.445858 18.75
v -7.354455 5.864982 18.75
v -7.714266 5.259497 18.75
v -8.025033 4.633255 18.75
v -8.285684 3.990175 18.75
v -8.495452 3.334219 18.75
v -8.653882 2.669369 18.75
v -8.760828 1.999602 18.75
v -8.816449 1.328866 18.75
v -8.821204 0.6610578 18.75
v -8.775846 1.074731e-15 18.75
v -8.681639 -0.6505989 18.75
v -8.541108 -1.287365 18.75
v -8.35823 -1.907712 18.75
v -8.138205 -2.510304 18.75
v -7.886124 -3.095076 18.75
v -7.604689 -3.662225 18.75
v -7.293936 -4.211156 18.75
v -6.951755 -4.739626 18.75
v -6.575733 -5.243972 18.75
v -6.16499 -5.720275 18.75
v -5.720253 -6.164966 18.75
v -5.243549 -6.575203 18.75
v -4.737522 -6.948668 18.75
v -4.205 -7.283274 18.75
v -3.648962 -7.577148 18.75
v -3.072518 -7.828648 18.75
v -2.478891 -8.036367 18.75
v -1.871401 -8.199144 18.75
v -1.253445 -8.316067 18.75
v -0.6284801 -8.386484 18.75
v -1.544892e-15 -8.410002 18.75
v 0.6284976 -8.386718 18.75
v 1.253733 -8.317975 18.75
v 1.873097 -8.206572 18.75
v 2.485113 -8.056539 18.75
v 3.089461 -7.871819 18.75
v 3.685971 -7.653997 18.75
v 4.273567 -7.402035 18.75
v 4.849428 -7.112804 18.75
v 5.409205 -6.782929 18.75
v 5.948207 -6.410642 18.75
v 6.462002 -5.995861 18.75
v 6.946807 -5.539893 18.75
v 7.399294 -5.044753 18.75
v 7.816303 -4.512745 18.75
v 8.194839 -3.946426 18.75
v 8.532091 -3.348599 18.75
v 8.825456 -2.722293 18.75
v 9.072553 -2.070751 18.75
v 9.271244 -1.397415 18.75
v 9.419648 -0.705905 18.75
v 9.02549 0 19
v 9.070152 0.6797139 19
v 9.063307 1.366074 19
v 9.004215 2.055153 19
v 8.892437 2.742953 19
v 8.72784 3.425425 19
v 8.510607 4.098492 19
v 8.241233 4.758078 19
v 7.920533 5.400128 19
v 7.549636 6.020634 19
v 7.129986 6.615661 19
v 6.663338 7.18137 19
v 6.151745 7.714044 19
v 5.597496 8.210019 19
v 5.002785 8.665078 19
v 4.369766 9.073913 19
v 3.700996 9.429984 19
v 3.000107 9.726106 19
v 2.272589 9.956863 19
v 1.525328 10.11989 19
v 0.7655939 10.21614 19
v 6.275631e-16 10.24888 19
v -0.7659769 10.22125 19
v -1.527681 10.1355 19
v -2.280741 9.992578 19
v -3.020401 9.791898 19
v -3.74106 9.532066 19
v -4.435939 9.211321 19
v -5.097595 8.829293 19
v -5.719315 8.388695 19
v -6.296138 7.895108 19
v -6.825506 7.356146 19
v -7.306386 6.779336 19
v -7.738067 6.170902 19
v -8.119673 5.5359 19
v -8.449963 4.878589 19
v -8.727759 4.203067 19
v -8.9522 3.51348 19
v -9.12275 2.813996 19
v -9.239193 2.108786 19
v -9.301636 1.401996 19
v -9.310499 0.6977254 19
v -9.26651 1.13482e-15 19
v -9.1707 -0.687249 19
v -9.024386 -1.360207 19
v -8.829166 -2.0152 19
v -8.586901 -2.648708 19
v -8.299702 -3.257393 19
v -7.969916 -3.838109 19
v -7.600105 -4.387923 19
v -7.193221 -4.904255 19
v -6.753134 -5.385445 19
v -6.284584 -5.831242 19
v -5.79274 -6.243089 19
v -5.282046 -6.623476 19
v -4.754741 -6.973925 19
v -4.211156 -7.293936 19
v -3.650583 -7.580514 19
v -3.072766 -7.829279 19
v -2.478901 -8.036398 19
v -1.871401 -8.199144 19
v -1.253445 -8.316067 19
v -0.6284801 -8.386484 19
v -1.544892e-15 -8.41 19
v 0.6284801 -8.386484 19
v 1.253445 -8.316067 19
v 1.871401 -8.199144 19
v 2.478891 -8.036367 19
v 3.072518 -7.828648 19
v 3.648962 -7.577148 19
v 4.205001 -7.283275 19
v 4.737654 -6.948862 19
v 5.244752 -6.576711 19
v 5.725436 -6.170552 19
v 6.18044 -5.734611 19
v 6.611461 -5.272465 19
v 7.019143 -4.785571 19
v 7.402035 -4.273567 19
v 7.75613 -3.735155 19
v 8.075973 -3.169586 19
v 8.356619 -2.577676 19
v 8.594188 -1.961567 19
v 8.786058 -1.324285 19
v 8.930353 -0.6692375 19
v 8.547134 0 19.25
v 8.584583 0.6433255 19.25
v 8.578791 1.293045 19.25
v 8.525882 1.945977 19.25
v 8.423569 2.598327 19.25
v 8.271092 3.246164 19.25
v 8.068532 3.8856 19.25
v 7.816303 4.512745 19.25
v 7.515125 5.123725 19.25
v 7.166017 5.714708 19.25
v 6.770302 6.281923 19.25
v 6.329599 6.821686 19.25
v 5.845819 7.330425 19.25
v 5.321156 7.804702 19.25
v 4.758078 8.241233 19.25
v 4.159319 8.636914 19.25
v 3.52786 8.98884 19.25
v 2.866919 9.294323 19.25
v 2.179935 9.550918 19.25
v 1.470545 9.75643 19.25
v 0.7425644 9.908834 19.25
v 6.126645e-16 10.00557 19.25
v -0.7526279 10.04312 19.25
v -1.509835 10.0171 19.25
v -2.264885 9.923109 19.25
v -3.010312 9.759191 19.25
v -3.738972 9.526746 19.25
v -4.445047 9.230234 19.25
v -5.124441 8.875793 19.25
v -5.773981 8.468874 19.25
v -6.390763 8.013763 19.25
v -6.971468 7.513456 19.25
v -7.511693 6.969832 19.25
v -8.005886 6.384481 19.25
v -8.447296 5.759269 19.25
v -8.829293 5.097595 19.25
v -9.14742 4.405165 19.25
v -9.400169 3.689295 19.25
v -9.589135 2.957856 19.25
v -9.717184 2.217884 19.25
v -9.786814 1.475125 19.25
v -9.799793 0.734393 19.25
v -9.757177 1.19491e-15 19.25
v -9.659995 -0.7239165 19.25
v -9.509573 -1.433337 19.25
v -9.307531 -2.124383 19.25
v -9.055769 -2.793335 19.25
v -8.756451 -3.436654 19.25
v -8.411991 -4.051001 19.25
v -8.025033 -4.633255 19.25
v -7.598435 -5.180525 19.25
v -7.135244 -5.690167 19.25
v -6.638682 -6.159797 19.25
v -6.11212 -6.587299 19.25
v -5.559056 -6.970836 19.25
v -4.983095 -7.308858 19.25
v -4.387923 -7.600105 19.25
v -3.777384 -7.843819 19.25
v -3.155663 -8.040499 19.25
v -2.526989 -8.192296 19.25
v -1.895116 -8.303044 19.25
v -1.262648 -8.377122 19.25
v -0.6307645 -8.416967 19.25
v -1.547154e-15 -8.422311 19.25
v 0.6287593 -8.39021 19.25
v 1.253547 -8.316738 19.25
v 1.871408 -8.199175 19.25
v 2.478891 -8.036367 19.25
v 3.072518 -7.828648 19.25
v 3.648962 -7.577148 19.25
v 4.205 -7.283274 19.25
v 4.737522 -6.948668 19.25
v 5.243549 -6.575203 19.25
v 5.720253 -6.164966 19.25
v 6.164966 -5.720253 19.25
v 6.575203 -5.243549 19.25
v 6.948668 -4.737522 19.25
v 7.283275 -4.205001 19.25
v 7.577359 -3.649064 19.25
v 7.830444 -3.073223 19.25
v 8.043649 -2.481137 19.25
v 8.219724 -1.876098 19.25
v 8.361926 -1.260358 19.25
v 8.471541 -0.6348543 19.25
v 8.410002 0 19.5
v 8.386718 0.6284976 19.5
v 8.317975 1.253733 19.5
v 8.206572 1.873097 19.5
v 8.056539 2.485113 19.5
v 7.871819 3.089461 19.5
v 7.653997 3.685971 19.5
v 7.402035 4.273567 19.5
v 7.112804 4.849428 19.5
v 6.782929 5.409205 19.5
v 6.410642 5.948207 19.5
v 5.995861 6.462002 19.5
v 5.539893 6.946807 19.5
v 5.044753 7.399294 19.5
v 4.512745 7.816303 19.5
v 3.946426 8.194839 19.5
v 3.348599 8.532091 19.5
v 2.722293 8.825456 19.5
v 2.070751 9.072553 19.5
v 1.397415 9.271244 19.5
v 0.705905 9.419648 19.5
v 5.826965e-16 9.516156 19.5
v -0.7163815 9.559446 19.5
v -1.439204 9.548493 19.5
v -2.164337 9.48258 19.5
v -2.88758 9.361305 19.5
v -3.604686 9.184589 19.5
v -4.311337 8.952584 19.5
v -5.002785 8.665078 19.5
v -5.673356 8.321285 19.5
v -6.316108 7.920149 19.5
v -6.923002 7.461222 19.5
v -7.486602 6.946551 19.5
v -8.001418 6.380918 19.5
v -8.46464 5.771094 19.5
v -8.875793 5.124441 19.5
v -9.234851 4.44727 19.5
v -9.541444 3.744741 19.5
v -9.794197 3.02111 19.5
v -9.990233 2.280205 19.5
v -10.12554 1.52618 19.5
v -10.19521 0.7640252 19.5
v -10.19519 1.248551e-15 19.5
v -10.12448 -0.7587249 19.5
v -9.985433 -1.505062 19.5
v -9.783363 -2.232989 19.5
v -9.52427 -2.937848 19.5
v -9.213192 -3.615911 19.5
v -8.854066 -4.263894 19.5
v -8.449963 -4.878589 19.5
v -8.003843 -5.456928 19.5
v -7.518863 -5.996093 19.5
v -6.998367 -6.493535 19.5
v -6.445858 -6.946983 19.5
v -5.864982 -7.354455 19.5
v -5.259497 -7.714266 19.5
v -4.633255 -8.025033 19.5
v -3.990175 -8.285684 19.5
v -3.334219 -8.495452 19.5
v -2.669369 -8.653882 19.5
v -1.999602 -8.760828 19.5
v -1.328866 -8.816449 19.5
v -0.6610578 -8.821204 19.5
v -1.612097e-15 -8.775846 19.5
v 0.6505989 -8.681639 19.5
v 1.287365 -8.541108 19.5
v 1.907712 -8.35823 19.5
v 2.510304 -8.138205 19.5
v 3.095076 -7.886124 19.5
v 3.662225 -7.604689 19.5
v 4.211156 -7.293936 19.5
v 4.739626 -6.951755 19.5
v 5.243972 -6.575733 19.5
v 5.720275 -6.16499 19.5
v 6.164966 -5.720253 19.5
v 6.575203 -5.243549 19.5
v 6.948668 -4.737522 19.5
v 7.283274 -4.205 19.5
v 7.577148 -3.648962 19.5
v 7.828648 -3.072518 19.5
v 8.036367 -2.478891 19.5
v 8.199144 -1.871401 19.5
v 8.316067 -1.253445 19.5
v 8.386484 -0.6284801 19.5
v 8.41 0 19.75
v 8.386484 0.6284801 19.75
v 8.316067 1.253445 19.75
v 8.199144 1.871401 19.75
v 8.036367 2.478891 19.75
v 7.828648 3.072518 19.75
v 7.577148 3.648962 19.75
v 7.283275 4.205001 19.75
v 6.948862 4.737654 19.75
v 6.576711 5.244752 19.75
v 6.170552 5.725436 19.75
v 5.734611 6.18044 19.75
v 5.272465 6.611461 19.75
v 4.785571 7.019143 19.75
v 4.273567 7.402035 19.75
v 3.735155 7.75613 19.75
v 3.169586 8.075973 19.75
v 2.577676 8.356619 19.75
v 1.961567 8.594188 19.75
v 1.324285 8.786058 19.75
v 0.6692375 8.930353 19.75
v 5.526518e-16 9.02549 19.75
v -0.6797139 9.070152 19.75
v -1.366074 9.063307 19.75
v -2.055153 9.004215 19.75
v -2.742953 8.892437 19.75
v -3.425425 8.72784 19.75
v -4.098492 8.510607 19.75
v -4.758078 8.241233 19.75
v -5.400128 7.920533 19.75
v -6.020634 7.549636 19.75
v -6.615661 7.129986 19.75
v -7.18137 6.663338 19.75
v -7.714044 6.151745 19.75
v -8.210019 5.597496 19.75
v -8.665078 5.002785 19.75
v -9.073913 4.369766 19.75
v -9.429984 3.700996 19.75
v -9.726106 3.000107 19.75
v -9.956863 2.272589 19.75
v -10.11989 1.525328 19.75
v -10.21614 0.7655939 19.75
v -10.24888 1.255126e-15 19.75
v -10.22125 -0.7659769 19.75
v -10.1355 -1.527681 19.75
v -9.992578 -2.280741 19.75
v -9.791898 -3.020401 19.75
v -9.532066 -3.74106 19.75
v -9.211321 -4.435939 19.75
v -8.829293 -5.097595 19.75
v -8.388695 -5.719315 19.75
v -7.895108 -6.296138 19.75
v -7.356146 -6.825506 19.75
v -6.779336 -7.306386 19.75
v -6.170902 -7.738067 19.75
v -5.5359 -8.119673 19.75
v -4.878589 -8.449963 19.75
v -4.203067 -8.727759 19.75
v -3.51348 -8.9522 19.75
v -2.813996 -9.12275 19.75
v -2.108786 -9.239193 19.75
v -1.401996 -9.301636 19.75
v -0.6977254 -9.310499 19.75
v -1.70223e-15 -9.26651 19.75
v 0.687249 -9.1707 19.75
v 1.360207 -9.024386 19.75
v 2.0152 -8.829166 19.75
v 2.648708 -8.586901 19.75
v 3.257393 -8.299702 19.75
v 3.838109 -7.969916 19.75
v 4.387923 -7.600105 19.75
v 4.904255 -7.193221 19.75
v 5.385445 -6.753134 19.75
v 5.831242 -6.284584 19.75
v 6.243089 -5.79274 19.75
v 6.623476 -5.282046 19.75
v 6.973925 -4.754741 19.75
v 7.293936 -4.211156 19.75
v 7.580514 -3.650583 19.75
v 7.829279 -3.072766 19.75
v 8.036398 -2.478901 19.75
v 8.199144 -1.871401 19.75
v 8.316067 -1.253445 19.75
v 8.386484 -0.6284801 19.75
v 8.422311 0 20
v 8.39021 0.6287593 20
v 8.316738 1.253547 20
v 8.199175 1.871408 20
v 8.036367 2.478891 20
v 7.828648 3.072518 20
v 7.577148 3.648962 20
v 7.283274 4.205 20
v 6.948668 4.737522 20
v 6.575203 5.243549 20
v 6.164966 5.720253 20
v 5.720253 6.164966 20
v 5.243549 6.575203 20
v 4.737522 6.948668 20
v 4.205001 7.283275 20
v 3.649064 7.577359 20
v 3.073223 7.830444 20
v 2.481137 8.043649 20
v 1.876098 8.219724 20
v 1.260358 8.361926 20
v 0.6348543 8.471541 20
v 5.23361e-16 8.547134 20
v -0.6433255 8.584583 20
v -1.293045 8.578791 20
v -1.945977 8.525882 20
v -2.598327 8.423569 20
v -3.246164 8.271092 20
v -3.8856 8.068532 20
v -4.512745 7.816303 20
v -5.123725 7.515125 20
v -5.714708 7.166017 20
v -6.281923 6.770302 20
v -6.821686 6.329599 20
v -7.330425 5.845819 20
v -7.804702 5.321156 20
v -8.241233 4.758078 20
v -8.636914 4.159319 20
v -8.98884 3.52786 20
v -9.294323 2.866919 20
v -9.550918 2.179935 20
v -9.75643 1.470545 20
v -9.908834 0.7425644 20
v -10.00557 1.225329e-15 20
v -10.04312 -0.7526279 20
v -10.0171 -1.509835 20
v -9.923109 -2.264885 20
v -9.759191 -3.010312 20
v -9.526746 -3.738972 20
v -9.230234 -4.445047 20
v -8.875793 -5.124441 20
v -8.468874 -5.773981 20
v -8.013763 -6.390763 20
v -7.513456 -6.971468 20
v -6.969832 -7.511693 20
v -6.384481 -8.005886 20
v -5.759269 -8.447296 20
v -5.097595 -8.829293 20
v -4.405165 -9.14742 20
v -3.689295 -9.400169 20
v -2.957856 -9.589135 20
v -2.217884 -9.717184 20
v -1.475125 -9.786814 20
v -0.734393 -9.799793 20
v -1.792364e-15 -9.757177 20
v 0.7239165 -9.659995 20
v 1.433337 -9.509573 20
v 2.124383 -9.307531 20
v 2.793335 -9.055769 20
v 3.436654 -8.756451 20
v 4.051001 -8.411991 20
v 4.633255 -8.025033 20
v 5.180525 -7.598435 20
v 5.690167 -7.135244 20
v 6.159797 -6.638682 20
v 6.587299 -6.11212 20
v 6.970836 -5.559056 20
v 7.308858 -4.983095 20
v 7.600105 -4.387923 20
v 7.843819 -3.777384 20
v 8.040499 -3.155663 20
v 8.192296 -2.526989 20
v 8.303044 -1.895116 20
v 8.377122 -1.262648 20
v 8.416967 -0.6307645 20
v 8.775846 0 20.25
v 8.681639 0.6505989 20.25
v 8.541108 1.287365 20.25
v 8.35823 1.907712 20.25
v 8.138205 2.510304 20.25
v 7.886124 3.095076 20.25
v 7.604689 3.662225 20.25
v 7.293936 4.211156 20.25
v 6.951755 4.739626 20.25
v 6.575733 5.243972 20.25
v 6.16499 5.720275 20.25
v 5.720253 6.164966 20.25
v 5.243549 6.575203 20.25
v 4.737522 6.948668 20.25
v 4.205 7.283274 20.25
v 3.648962 7.577148 20.25
v 3.072518 7.828648 20.25
v 2.478891 8.036367 20.25
v 1.871401 8.199144 20.25
v 1.253445 8.316067 20.25
v 0.6284801 8.386484 20.25
v 5.149641e-16 8.410002 20.25
v -0.6284976 8.386718 20.25
v -1.253733 8.317975 20.25
v -1.873097 8.206572 20.25
v -2.485113 8.056539 20.25
v -3.089461 7.871819 20.25
v -3.685971 7.653997 20.25
v -4.273567 7.402035 20.25
v -4.849428 7.112804 20.25
v -5.409205 6.782929 20.25
v -5.948207 6.410642 20.25
v -6.462002 5.995861 20.25
v -6.946807 5.539893 20.25
v -7.399294 5.044753 20.25
v -7.816303 4.512745 20.25
v -8.194839 3.946426 20.25
v -8.532091 3.348599 20.25
v -8.825456 2.722293 20.25
v -9.072553 2.070751 20.25
v -9.271244 1.397415 20.25
v -9.419648 0.705905 20.25
v -9.516156 1.165393e-15 20.25
v -9.559446 -0.7163815 20.25
v -9.548493 -1.439204 20.25
v -9.48258 -2.164337 20.25
v -9.361305 -2.88758 20.25
v -9.184589 -3.604686 20.25
v -8.952584 -4.311337 20.25
v -8.665078 -5.002785 20.25
v -8.321285 -5.673356 20.25
v -7.920149 -6.316108 20.25
v -7.461222 -6.923002 20.25
v -6.946551 -7.486602 20.25
v -6.380918 -8.001418 20.25
v -5.771094 -8.46464 20.25
v -5.124441 -8.875793 20.25
v -4.44727 -9.234851 20.25
v -3.744741 -9.541444 20.25
v -3.02111 -9.794197 20.25
v -2.280205 -9.990233 20.25
v -1.52618 -10.12554 20.25
v -0.7640252 -10.19521 20.25
v -1.872826e-15 -10.19519 20.25
v 0.7587249 -10.12448 20.25
v 1.505062 -9.985433 20.25
v 2.232989 -9.783363 20.25
v 2.937848 -9.52427 20.25
v 3.615911 -9.213192 20.25
v 4.263894 -8.854066 20.25
v 4.878589 -8.449963 20.25
v 5.456928 -8.003843 20.25
v 5.996093 -7.518863 20.25
v 6.493535 -6.998367 20.25
v 6.946983 -6.445858 20.25
v 7.354455 -5.864982 20.25
v 7.714266 -5.259497 20.25
v 8.025033 -4.633255 20.25
v 8.285684 -3.990175 20.25
v 8.495452 -3.334219 20.25
v 8.653882 -2.669369 20.25
v 8.760828 -1.999602 20.25
v 8.816449 -1.328866 20.25
v 8.821204 -0.6610578 20.25
v 9.26651 0 20.5
v 9.1707 0.687249 20.5
v 9.024386 1.360207 20.5
v 8.829166 2.0152 20.5
v 8.586901 2.648708 20.5
v 8.299702 3.257393 20.5
v 7.969916 3.838109 20.5
v 7.600105 4.387923 20.5
v 7.193221 4.904255 20.5
v 6.753134 5.385445 20.5
v 6.284584 5.831242 20.5
v 5.79274 6.243089 20.5
v 5.282046 6.623476 20.5
v 4.754741 6.973925 20.5
v 4.211156 7.293936 20.5
v 3.650583 7.580514 20.5
v 3.072766 7.829279 20.5
v 2.478901 8.036398 20.5
v 1.871401 8.199144 20.5
v 1.253445 8.316067 20.5
v 0.6284801 8.386484 20.5
v 5.14964e-16 8.41 20.5
v -0.6284801 8.386484 20.5
v -1.253445 8.316067 20.5
v -1.871401 8.199144 20.5
v -2.478891 8.036367 20.5
v -3.072518 7.828648 20.5
v -3.648962 7.577148 20.5
v -4.205001 7.283275 20.5
v -4.737654 6.948862 20.5
v -5.244752 6.576711 20.5
v -5.725436 6.170552 20.5
v -6.18044 5.734611 20.5
v -6.611461 5.272465 20.5
v -7.019143 4.785571 20.5
v -7.402035 4.273567 20.5
v -7.75613 3.735155 20.5
v -8.075973 3.169586 20.5
v -8.356619 2.577676 20.5
v -8.594188 1.961567 20.5
v -8.786058 1.324285 20.5
v -8.930353 0.6692375 20.5
v -9.02549 1.105304e-15 20.5
v -9.070152 -0.6797139 20.5
v -9.063307 -1.366074 20.5
v -9.004215 -2.055153 20.5
v -8.892437 -2.742953 20.5
v -8.72784 -3.425425 20.5
v -8.510607 -4.098492 20.5
v -8.241233 -4.758078 20.5
v -7.920533 -5.400128 20.5
v -7.549636 -6.020634 20.5
v -7.129986 -6.615661 20.5
v -6.663338 -7.18137 20.5
v -6.151745 -7.714044 20.5
v -5.597496 -8.210019 20.5
v -5.002785 -8.665078 20.5
v -4.369766 -9.073913 20.5
v -3.700996 -9.429984 20.5
v -3.000107 -9.726106 20.5
v -2.272589 -9.956863 20.5
v -1.525328 -10.11989 20.5
v -0.7655939 -10.21614 20.5
v -1.882689e-15 -10.24888 20.5
v 0.7659769 -10.22125 20.5
v 1.527681 -10.1355 20.5
v 2.280741 -9.992578 20.5
v 3.020401 -9.791898 20.5
v 3.74106 -9.532066 20.5
v 4.435939 -9.211321 20.5
v 5.097595 -8.829293 20.5
v 5.719315 -8.388695 20.5
v 6.296138 -7.895108 20.5
v 6.825506 -7.356146 20.5
v 7.306386 -6.779336 20.5
v 7.738067 -6.170902 20.5
v 8.119673 -5.5359 20.5
v 8.449963 -4.878589 20.5
v 8.727759 -4.203067 20.5
v 8.9522 -3.51348 20.5
v 9.12275 -2.813996 20.5
v 9.239193 -2.108786 20.5
v 9.301636 -1.401996 20.5
v 9.310499 -0.6977254 20.5
v 9.757177 0 20.75
v 9.659995 0.7239165 20.75
v 9.509573 1.433337 20.75
v 9.307531 2.124383 20.75
v 9.055769 2.793335 20.75
v 8.756451 3.436654 20.75
v 8.411991 4.051001 20.75
v 8.025033 4.633255 20.75
v 7.598435 5.180525 20.75
v 7.135244 5.690167 20.75
v 6.638682 6.159797 20.75
v 6.11212 6.587299 20.75
v 5.559056 6.970836 20.75
v 4.983095 7.308858 20.75
v 4.387923 7.600105 20.75
v 3.777384 7.843819 20.75
v 3.155663 8.040499 20.75
v 2.526989 8.192296 20.75
v 1.895116 8.303044 20.75
v 1.262648 8.377122 20.75
v 0.6307645 8.416967 20.75
v 5.157178e-16 8.422311 20.75
v -0.6287593 8.39021 20.75
v -1.253547 8.316738 20.75
v -1.871408 8.199175 20.75
v -2.478891 8.036367 20.75
v -3.072518 7.828648 20.75
v -3.648962 7.577148 20.75
v -4.205 7.283274 20.75
v -4.737522 6.948668 20.75
v -5.243549 6.575203 20.75
v -5.720253 6.164966 20.75
v -6.164966 5.720253 20.75
v -6.575203 5.243549 20.75
v -6.948668 4.737522 20.75
v -7.283275 4.205001 20.75
v -7.577359 3.649064 20.75
v -7.830444 3.073223 20.75
v -8.043649 2.481137 20.75
v -8.219724 1.876098 20.75
v -8.361926 1.260358 20.75
v -8.471541 0.6348543 20.75
v -8.547134 1.046722e-15 20.75
v -8.584583 -0.6433255 20.75
v -8.578791 -1.293045 20.75
v -8.525882 -1.945977 20.75
v -8.423569 -2.598327 20.75
v -8.271092 -3.246164 20.75
v -8.068532 -3.8856 20.75
v -7.816303 -4.512745 20.75
v -7.515125 -5.123725 20.75
v -7.166017 -5.714708 20.75
v -6.770302 -6.281923 20.75
v -6.329599 -6.821686 20.75
v -5.845819 -7.330425 20.75
v -5.321156 -7.804702 20.75
v -4.758078 -8.241233 20.75
v -4.159319 -8.636914 20.75
v -3.52786 -8.98884 20.75
v -2.866919 -9.294323 20.75
v -2.179935 -9.550918 20.75
v -1.470545 -9.75643 20.75
v -0.7425644 -9.908834 20.75
v -1.837993e-15 -10.00557 20.75
v 0.7526279 -10.04312 20.75
v 1.509835 -10.0171 20.75
v 2.264885 -9.923109 20.75
v 3.010312 -9.759191 20.75
v 3.738972 -9.526746 20.75
v 4.445047 -9.230234 20.75
v 5.124441 -8.875793 20.75
v 5.773981 -8.468874 20.75
v 6.390763 -8.013763 20.75
v 6.971468 -7.513456 20.75
v 7.511693 -6.969832 20.75
v 8.005886 -6.384481 20.75
v 8.447296 -5.759269 20.75
v 8.829293 -5.097595 20.75
v 9.14742 -4.405165 20.75
v 9.400169 -3.689295 20.75
v 9.589135 -2.957856 20.75
v 9.717184 -2.217884 20.75
v 9.786814 -1.475125 20.75
v 9.799793 -0.734393 20.75
v 10.19519 0 21
v 10.12448 0.7587249 21
v 9.985433 1.505062 21
v 9.783363 2.232989 21
v 9.52427 2.937848 21
v 9.213192 3.615911 21
v 8.854066 4.263894 21
v 8.449963 4.878589 21
v 8.003843 5.456928 21
v 7.518863 5.996093 21
v 6.998367 6.493535 21
v 6.445858 6.946983 21
v 5.864982 7.354455 21
v 5.259497 7.714266 21
v 4.633255 8.025033 21
v 3.990175 8.285684 21
v 3.334219 8.495452 21
v 2.669369 8.653882 21
v 1.999602 8.760828 21
v 1.328866 8.816449 21
v 0.6610578 8.821204 21
v 5.373656e-16 8.775846 21
v -0.6505989 8.681639 21
v -1.287365 8.541108 21
v -1.907712 8.35823 21
v -2.510304 8.138205 21
v -3.095076 7.886124 21
v -3.662225 7.604689 21
v -4.211156 7.293936 21
v -4.739626 6.951755 21
v -5.243972 6.575733 21
v -5.720275 6.16499 21
v -6.164966 5.720253 21
v -6.575203 5.243549 21
v -6.948668 4.737522 21
v -7.283274 4.205 21
v -7.577148 3.648962 21
v -7.828648 3.072518 21
v -8.036367 2.478891 21
v -8.199144 1.871401 21
v -8.316067 1.253445 21
v -8.386484 0.6284801 21
v -8.410002 1.029928e-15 21
v -8.386718 -0.6284976 21
v -8.317975 -1.253733 21
v -8.206572 -1.873097 21
v -8.056539 -2.485113 21
v -7.871819 -3.089461 21
v -7.653997 -3.685971 21
v -7.402035 -4.273567 21
v -7.112804 -4.849428 21
v -6.782929 -5.409205 21
v -6.410642 -5.948207 21
v -5.995861 -6.462002 21
v -5.539893 -6.946807 21
v -5.044753 -7.399294 21
v -4.512745 -7.816303 21
v -3.946426 -8.194839 21
v -3.348599 -8.532091 21
v -2.722293 -8.825456 21
v -2.070751 -9.072553 21
v -1.397415 -9.271244 21
v -0.705905 -9.419648 21
v -1.74809e-15 -9.516156 21
v 0.7163815 -9.559446 21
v 1.439204 -9.548493 21
v 2.164337 -9.48258 21
v 2.88758 -9.361305 21
v 3.604686 -9.184589 21
v 4.311337 -8.952584 21
v 5.002785 -8.665078 21
v 5.673356 -8.321285 21
v 6.316108 -7.920149 21
v 6.923002 -7.461222 21
v 7.486602 -6.946551 21
v 8.001418 -6.380918 21
v 8.46464 -5.771094 21
v 8.875793 -5.124441 21
v 9.234851 -4.44727 21
v 9.541444 -3.744741 21
v 9.794197 -3.02111 21
v 9.990233 -2.280205 21
v 10.12554 -1.52618 21
v 10.19521 -0.7640252 21
v 10.24888 0 21.25
v 10.22125 0.7659769 21.25
v 10.1355 1.527681 21.25
v 9.992578 2.280741 21.25
v 9.791898 3.020401 21.25
v 9.532066 3.74106 21.25
v 9.211321 4.435939 21.25
v 8.829293 5.097595 21.25
v 8.388695 5.719315 21.25
v 7.895108 6.296138 21.25
v 7.356146 6.825506 21.25
v 6.779336 7.306386 21.25
v 6.170902 7.738067 21.25
v 5.5359 8.119673 21.25
v 4.878589 8.449963 21.25
v 4.203067 8.727759 21.25
v 3.51348 8.9522 21.25
v 2.813996 9.12275 21.25
v 2.108786 9.239193 21.25
v 1.401996 9.301636 21.25
v 0.6977254 9.310499 21.25
v 5.674101e-16 9.26651 21.25
v -0.687249 9.1707 21.25
v -1.360207 9.024386 21.25
v -2.0152 8.829166 21.25
v -2.648708 8.586901 21.25
v -3.257393 8.299702 21.25
v -3.838109 7.969916 21.25
v -4.387923 7.600105 21.25
v -4.904255 7.193221 21.25
v -5.385445 6.753134 21.25
v -5.831242 6.284584 21.25
v -6.243089 5.79274 21.25
v -6.623476 5.282046 21.25
v -6.973925 4.754741 21.25
v -7.293936 4.211156 21.25
v -7.580514 3.650583 21.25
v -7.829279 3.072766 21.25
v -8.036398 2.478901 21.25
v -8.199144 1.871401 21.25
v -8.316067 1.253445 21.25
v -8.386484 0.6284801 21.25
v -8.41 1.029928e-15 21.25
v -8.386484 -0.6284801 21.25
v -8.316067 -1.253445 21.25
v -8.199144 -1.871401 21.25
v -8.036367 -2.478891 21.25
v -7.828648 -3.072518 21.25
v -7.577148 -3.648962 21.25
v -7.283275 -4.205001 21.25
v -6.948862 -4.737654 21.25
v -6.576711 -5.244752 21.25
v -6.170552 -5.725436 21.25
v -5.734611 -6.18044 21.25
v -5.272465 -6.611461 21.25
v -4.785571 -7.019143 21.25
v -4.273567 -7.402035 21.25
v -3.735155 -7.75613 21.25
v -3.169586 -8.075973 21.25
v -2.577676 -8.356619 21.25
v -1.961567 -8.594188 21.25
v -1.324285 -8.786058 21.25
v -0.6692375 -8.930353 21.25
v -1.657956e-15 -9.02549 21.25
v 0.6797139 -9.070152 21.25
v 1.366074 -9.063307 21.25
v 2.055153 -9.004215 21.25
v 2.742953 -8.892437 21.25
v 3.425425 -8.72784 21.25
v 4.098492 -8.510607 21.25
v 4.758078 -8.241233 21.25
v 5.400128 -7.920533 21.25
v 6.020634 -7.549636 21.25
v 6.615661 -7.129986 21.25
v 7.18137 -6.663338 21.25
v 7.714044 -6.151745 21.25
v 8.210019 -5.597496 21.25
v 8.665078 -5.002785 21.25
v 9.073913 -4.369766 21.25
v 9.429984 -3.700996 21.25
v 9.726106 -3.000107 21.25
v 9.956863 -2.272589 21.25
v 10.11989 -1.525328 21.25
v 10.21614 -0.7655939 21.25
v 10.00557 0 21.5
v 10.04312 0.7526279 21.5
v 10.0171 1.509835 21.5
v 9.923109 2.264885 21.5
v 9.759191 3.010312 21.5
v 9.526746 3.738972 21.5
v 9.230234 4.445047 21.5
v 8.875793 5.124441 21.5
v 8.468874 5.773981 21.5
v 8.013763 6.390763 21.5
v 7.513456 6.971468 21.5
v 6.969832 7.511693 21.5
v 6.384481 8.005886 21.5
v 5.759269 8.447296 21.5
v 5.097595 8.829293 21.5
v 4.405165 9.14742 21.5
v 3.689295 9.400169 21.5
v 2.957856 9.589135 21.5
v 2.217884 9.717184 21.5
v 1.475125 9.786814 21.5
v 0.734393 9.799793 21.5
v 5.974548e-16 9.757177 21.5
v -0.7239165 9.659995 21.5
v -1.433337 9.509573 21.5
v -2.124383 9.307531 21.5
v -2.793335 9.055769 21.5
v -3.436654 8.756451 21.5
v -4.051001 8.411991 21.5
v -4.633255 8.025033 21.5
v -5.180525 7.598435 21.5
v -5.690167 7.135244 21.5
v -6.159797 6.638682 21.5
v -6.587299 6.11212 21.5
v -6.970836 5.559056 21.5
v -7.308858 4.983095 21.5
v -7.600105 4.387923 21.5
v -7.843819 3.777384 21.5
v -8.040499 3.155663 21.5
v -8.192296 2.526989 21.5
v -8.303044 1.895116 21.5
v -8.377122 1.262648 21.5
v -8.416967 0.6307645 21.5
v -8.422311 1.031436e-15 21.5
v -8.39021 -0.6287593 21.5
v -8.316738 -1.253547 21.5
v -8.199175 -1.871408 21.5
v -8.036367 -2.478891 21.5
v -7.828648 -3.072518 21.5
v -7.577148 -3.648962 21.5
v -7.283274 -4.205 21.5
v -6.948668 -4.737522 21.5
v -6.575203 -5.243549 21.5
v -6.164966 -5.720253 21.5
v -5.720253 -6.164966 21.5
v -5.243549 -6.575203 21.5
v -4.737522 -6.948668 21.5
v -4.205001 -7.283275 21.5
v -3.649064 -7.577359 21.5
v -3.073223 -7.830444 21.5
v -2.481137 -8.043649 21.5
v -1.876098 -8.219724 21.5
v -1.260358 -8.361926 21.5
v -0.6348543 -8.471541 21.5
v -1.570083e-15 -8.547134 21.5
v 0.6433255 -8.584583 21.5
v 1.293045 -8.578791 21.5
v 1.945977 -8.525882 21.5
v 2.598327 -8.423569 21.5
v 3.246164 -8.271092 21.5
v 3.8856 -8.068532 21.5
v 4.512745 -7.816303 21.5
v 5.123725 -7.515125 21.5
v 5.714708 -7.166017 21.5
v 6.281923 -6.770302 21.5
v 6.821686 -6.329599 21.5
v 7.330425 -5.845819 21.5
v 7.804702 -5.321156 21.5
v 8.241233 -4.758078 21.5
v 8.636914 -4.159319 21.5
v 8.98884 -3.52786 21.5
v 9.294323 -2.866919 21.5
v 9.550918 -2.179935 21.5
v 9.75643 -1.470545 21.5
v 9.908834 -0.7425644 21.5
v 9.516156 0 21.75
v 9.559446 0.7163815 21.75
v 9.548493 1.439204 21.75
v 9.48258 2.164337 21.75
v 9.361305 2.88758 21.75
v 9.184589 3.604686 21.75
v 8.952584 4.311337 21.75
v 8.665078 5.002785 21.75
v 8.321285 5.673356 21.75
v 7.920149 6.316108 21.75
v 7.461222 6.923002 21.75
v 6.946551 7.486602 21.75
v 6.380918 8.001418 21.75
v 5.771094 8.46464 21.75
v 5.124441 8.875793 21.75
v 4.44727 9.234851 21.75
v 3.744741 9.541444 21.75
v 3.02111 9.794197 21.75
v 2.280205 9.990233 21.75
v 1.52618 10.12554 21.75
v 0.7640252 10.19521 21.75
v 6.242753e-16 10.19519 21.75
v -0.7587249 10.12448 21.75
v -1.505062 9.985433 21.75
v -2.232989 9.783363 21.75
v -2.937848 9.52427 21.75
v -3.615911 9.213192 21.75
v -4.263894 8.854066 21.75
v -4.878589 8.449963 21.75
v -5.456928 8.003843 21.75
v -5.996093 7.518863 21.75
v -6.493535 6.998367 21.75
v -6.946983 6.445858 21.75
v -7.354455 5.864982 21.75
v -7.714266 5.259497 21.75
v -8.025033 4.633255 21.75
v -8.285684 3.990175 21.75
v -8.495452 3.334219 21.75
v -8.653882 2.669369 21.75
v -8.760828 1.999602 21.75
v -8.816449 1.328866 21.75
v -8.821204 0.6610578 21.75
v -8.775846 1.074731e-15 21.75
v -8.681639 -0.6505989 21.75
v -8.541108 -1.287365 21.75
v -8.35823 -1.907712 21.75
v -8.138205 -2.510304 21.75
v -7.886124 -3.095076 21.75
v -7.604689 -3.662225 21.75
v -7.293936 -4.211156 21.75
v -6.951755 -4.739626 21.75
v -6.575733 -5.243972 21.75
v -6.16499 -5.720275 21.75
v -5.720253 -6.164966 21.75
v -5.243549 -6.575203 21.75
v -4.737522 -6.948668 21.75
v -4.205 -7.283274 21.75
v -3.648962 -7.577148 21.75
v -3.072518 -7.828648 21.75
v -2.478891 -8.036367 21.75
v -1.871401 -8.199144 21.75
v -1.253445 -8.316067 21.75
v -0.6284801 -8.386484 21.75
v -1.544892e-15 -8.410002 21.75
v 0.6284976 -8.386718 21.75
v 1.253733 -8.317975 21.75
v 1.873097 -8.206572 21.75
v 2.485113 -8.056539 21.75
v 3.089461 -7.871819 21.75
v 3.685971 -7.653997 21.75
v 4.273567 -7.402035 21.75
v 4.849428 -7.112804 21.75
v 5.409205 -6.782929 21.75
v 5.948207 -6.410642 21.75
v 6.462002 -5.995861 21.75
v 6.946807 -5.539893 21.75
v 7.399294 -5.044753 21.75
v 7.816303 -4.512745 21.75
v 8.194839 -3.946426 21.75
v 8.532091 -3.348599 21.75
v 8.825456 -2.722293 21.75
v 9.072553 -2.070751 21.75
v 9.271244 -1.397415 21.75
v 9.419648 -0.705905 21.75
v 9.02549 0 22
v 9.070152 0.6797139 22
v 9.063307 1.366074 22
v 9.004215 2.055153 22
v 8.892437 2.742953 22
v 8.72784 3.425425 22
v 8.510607 4.098492 22
v 8.241233 4.758078 22
v 7.920533 5.400128 22
v 7.549636 6.020634 22
v 7.129986 6.615661 22
v 6.663338 7.18137 22
v 6.151745 7.714044 22
v 5.597496 8.210019 22
v 5.002785 8.665078 22
v 4.369766 9.073913 22
v 3.700996 9.429984 22
v 3.000107 9.726106 22
v 2.272589 9.956863 22
v 1.525328 10.11989 22
v 0.7655939 10.21614 22
v 6.275631e-16 10.24888 22
v -0.7659769 10.22125 22
v -1.527681 10.1355 22
v -2.280741 9.992578 22
v -3.020401 9.791898 22
v -3.74106 9.532066 22
v -4.435939 9.211321 22
v -5.097595 8.829293 22
v -5.719315 8.388695 22
v -6.296138 7.895108 22
v -6.825506 7.356146 22
v -7.306386 6.779336 22
v -7.738067 6.170902 22
v -8.119673 5.5359 22
v -8.449963 4.878589 22
v -8.727759 4.203067 22
v -8.9522 3.51348 22
v -9.12275 2.813996 22
v -9.239193 2.108786 22
v -9.301636 1.401996 22
v -9.310499 0.6977254 22
v -9.26651 1.13482e-15 22
v -9.1707 -0.687249 22
v -9.024386 -1.360207 22
v -8.829166 -2.0152 22
v -8.586901 -2.648708 22
v -8.299702 -3.257393 22
v -7.969916 -3.838109 22
v -7.600105 -4.387923 22
v -7.193221 -4.904255 22
v -6.753134 -5.385445 22
v -6.284584 -5.831242 22
v -5.79274 -6.243089 22
v -5.282046 -6.623476 22
v -4.754741 -6.973925 22
v -4.211156 -7.293936 22
v -3.650583 -7.580514 22
v -3.072766 -7.829279 22
v -2.478901 -8.036398 22
v -1.871401 -8.199144 22
v -1.253445 -8.316067 22
v -0.6284801 -8.386484 22
v -1.544892e-15 -8.41 22
v 0.6284801 -8.386484 22
v 1.253445 -8.316067 22
v 1.871401 -8.199144 22
v 2.478891 -8.036367 22
v 3.072518 -7.828648 22
v 3.648962 -7.577148 22
v 4.205001 -7.283275 22
v 4.737654 -6.948862 22
v 5.244752 -6.576711 22
v 5.725436 -6.170552 22
v 6.18044 -5.734611 22
v 6.611461 -5.272465 22
v 7.019143 -4.785571 22
v 7.402035 -4.273567 22
v 7.75613 -3.735155 22
v 8.075973 -3.169586 22
v 8.356619 -2.577676 22
v 8.594188 -1.961567 22
v 8.786058 -1.324285 22
v 8.930353 -0.6692375 22
v 8.547134 0 22.25
v 8.584583 0.6433255 22.25
v 8.578791 1.293045 22.25
v 8.525882 1.945977 22.25
v 8.423569 2.598327 22.25
v 8.271092 3.246164 22.25
v 8.068532 3.8856 22.25
v 7.816303 4.512745 22.25
v 7.515125 5.123725 22.25
v 7.166017 5.714708 22.25
v 6.770302 6.281923 22.25
v 6.329599 6.821686 22.25
v 5.845819 7.330425 22.25
v 5.321156 7.804702 22.25
v 4.758078 8.241233 22.25
v 4.159319 8.636914 22.25
v 3.52786 8.98884 22.25
v 2.866919 9.294323 22.25
v 2.179935 9.550918 22.25
v 1.470545 9.75643 22.25
v 0.7425644 9.908834 22.25
v 6.126645e-16 10.00557 22.25
v -0.7526279 10.04312 22.25
v -1.509835 10.0171 22.25
v -2.264885 9.923109 22.25
v -3.010312 9.759191 22.25
v -3.738972 9.526746 22.25
v -4.445047 9.230234 22.25
v -5.124441 8.875793 22.25
v -5.773981 8.468874 22.25
v -6.390763 8.013763 22.25
v -6.971468 7.513456 22.25
v -7.511693 6.969832 22.25
v -8.005886 6.384481 22.25
v -8.447296 5.759269 22.25
v -8.829293 5.097595 22.25
v -9.14742 4.405165 22.25
v -9.400169 3.689295 22.25
v -9.589135 2.957856 22.25
v -9.717184 2.217884 22.25
v -9.786814 1.475125 22.25
v -9.799793 0.734393 22.25
v -9.757177 1.19491e-15 22.25
v -9.659995 -0.7239165 22.25
v -9.509573 -1.433337 22.25
v -9.307531 -2.124383 22.25
v -9.055769 -2.793335 22.25
v -8.756451 -3.436654 22.25
v -8.411991 -4.051001 22.25
v -8.025033 -4.633255 22.25
v -7.598435 -5.180525 22.25
v -7.135244 -5.690167 22.25
v -6.638682 -6.159797 22.25
v -6.11212 -6.587299 22.25
v -5.559056 -6.970836 22.25
v -4.983095 -7.308858 22.25
v -4.387923 -7.600105 22.25
v -3.777384 -7.843819 22.25
v -3.155663 -8.040499 22.25
v -2.526989 -8.192296 22.25
v -1.895116 -8.303044 22.25
v -1.262648 -8.377122 22.25
v -0.6307645 -8.416967 22.25
v -1.547154e-15 -8.422311 22.25
v 0.6287593 -8.39021 22.25
v 1.253547 -8.316738 22.25
v 1.871408 -8.199175 22.25
v 2.478891 -8.036367 22.25
v 3.072518 -7.828648 22.25
v 3.648962 -7.577148 22.25
v 4.205 -7.283274 22.25
v 4.737522 -6.948668 22.25
v 5.243549 -6.575203 22.25
v 5.720253 -6.164966 22.25
v 6.164966 -5.720253 22.25
v 6.575203 -5.243549 22.25
v 6.948668 -4.737522 22.25
v 7.283275 -4.205001 22.25
v 7.577359 -3.649064 22.25
v 7.830444 -3.073223 22.25
v 8.043649 -2.481137 22.25
v 8.219724 -1.876098 22.25
v 8.361926 -1.260358 22.25
v 8.471541 -0.6348543 22.25
v 8.410002 0 22.5
v 8.386718 0.6284976 22.5
v 8.317975 1.253733 22.5
v 8.206572 1.873097 22.5
v 8.056539 2.485113 22.5
v 7.871819 3.089461 22.5
v 7.653997 3.685971 22.5
v 7.402035 4.273567 22.5
v 7.112804 4.849428 22.5
v 6.782929 5.409205 22.5
v 6.410642 5.948207 22.5
v 5.995861 6.462002 22.5
v 5.539893 6.946807 22.5
v 5.044753 7.399294 22.5
v 4.512745 7.816303 22.5
v 3.946426 8.194839 22.5
v 3.348599 8.532091 22.5
v 2.722293 8.825456 22.5
v 2.070751 9.072553 22.5
v 1.397415 9.271244 22.5
v 0.705905 9.419648 22.5
v 5.826965e-16 9.516156 22.5
v -0.7163815 9.559446 22.5
v -1.439204 9.548493 22.5
v -2.164337 9.48258 22.5
v -2.88758 9.361305 22.5
v -3.604686 9.184589 22.5
v -4.311337 8.952584 22.5
v -5.002785 8.665078 22.5
v -5.673356 8.321285 22.5
v -6.316108 7.920149 22.5
v -6.923002 7.461222 22.5
v -7.486602 6.946551 22.5
v -8.001418 6.380918 22.5
v -8.46464 5.771094 22.5
v -8.875793 5.124441 22.5
v -9.234851 4.44727 22.5
v -9.541444 3.744741 22.5
v -9.794197 3.02111 22.5
v -9.990233 2.280205 22.5
v -10.12554 1.52618 22.5
v -10.19521 0.7640252 22.5
v -10.19519 1.248551e-15 22.5
v -10.12448 -0.7587249 22.5
v -9.985433 -1.505062 22.5
v -9.783363 -2.232989 22.5
v -9.52427 -2.937848 22.5
v -9.213192 -3.615911 22.5
v -8.854066 -4.263894 22.5
v -8.449963 -4.878589 22.5
v -8.003843 -5.456928 22.5
v -7.518863 -5.996093 22.5
v -6.998367 -6.493535 22.5
v -6.445858 -6.946983 22.5
v -5.864982 -7.354455 22.5
v -5.259497 -7.714266 22.5
v -4.633255 -8.025033 22.5
v -3.990175 -8.285684 22.5
v -3.334219 -8.495452 22.5
v -2.669369 -8.653882 22.5
v -1.999602 -8.760828 22.5
v -1.328866 -8.816449 22.5
v -0.6610578 -8.821204 22.5
v -1.612097e-15 -8.775846 22.5
v 0.6505989 -8.681639 22.5
v 1.287365 -8.541108 22.5
v 1.907712 -8.35823 22.5
v 2.510304 -8.138205 22.5
v 3.095076 -7.886124 22.5
v 3.662225 -7.604689 22.5
v 4.211156 -7.293936 22.5
v 4.739626 -6.951755 22.5
v 5.243972 -6.575733 22.5
v 5.720275 -6.16499 22.5
v 6.164966 -5.720253 22.5
v 6.575203 -5.243549 22.5
v 6.948668 -4.737522 22.5
v 7.283274 -4.205 22.5
v 7.577148 -3.648962 22.5
v 7.828648 -3.072518 22.5
v 8.036367 -2.478891 22.5
v 8.199144 -1.871401 22.5
v 8.316067 -1.253445 22.5
v 8.386484 -0.6284801 22.5
v 8.41 0 22.75
v 8.386484 0.6284801 22.75
v 8.316067 1.253445 22.75
v 8.199144 1.871401 22.75
v 8.036367 2.478891 22.75
v 7.828648 3.072518 22.75
v 7.577148 3.648962 22.75
v 7.283275 4.205001 22.75
v 6.948862 4.737654 22.75
v 6.576711 5.244752 22.75
v 6.170552 5.725436 22.75
v 5.734611 6.18044 22.75
v 5.272465 6.611461 22.75
v 4.785571 7.019143 22.75
v 4.273567 7.402035 22.75
v 3.735155 7.75613 22.75
v 3.169586 8.075973 22.75
v 2.577676 8.356619 22.75
v 1.961567 8.594188 22.75
v 1.324285 8.786058 22.75
v 0.6692375 8.930353 22.75
v 5.526518e-16 9.02549 22.75
v -0.6797139 9.070152 22.75
v -1.366074 9.063307 22.75
v -2.055153 9.004215 22.75
v -2.742953 8.892437 22.75
v -3.425425 8.72784 22.75
v -4.098492 8.510607 22.75
v -4.758078 8.241233 22.75
v -5.400128 7.920533 22.75
v -6.020634 7.549636 22.75
v -6.615661 7.129986 22.75
v -7.18137 6.663338 22.75
v -7.714044 6.151745 22.75
v -8.210019 5.597496 22.75
v -8.665078 5.002785 22.75
v -9.073913 4.369766 22.75
v -9.429984 3.700996 22.75
v -9.726106 3.000107 22.75
v -9.956863 2.272589 22.75
v -10.11989 1.525328 22.75
v -10.21614 0.7655939 22.75
v -10.24888 1.255126e-15 22.75
v -10.22125 -0.7659769 22.75
v -10.1355 -1.527681 22.75
v -9.992578 -2.280741 22.75
v -9.791898 -3.020401 22.75
v -9.532066 -3.74106 22.75
v -9.211321 -4.435939 22.75
v -8.829293 -5.097595 22.75
v -8.388695 -5.719315 22.75
v -7.895108 -6.296138 22.75
v -7.356146 -6.825506 22.75
v -6.779336 -7.306386 22.75
v -6.170902 -7.738067 22.75
v -5.5359 -8.119673 22.75
v -4.878589 -8.449963 22.75
v -4.203067 -8.727759 22.75
v -3.51348 -8.9522 22.75
v -2.813996 -9.12275 22.75
v -2.108786 -9.239193 22.75
v -1.401996 -9.301636 22.75
v -0.6977254 -9.310499 22.75
v -1.70223e-15 -9.26651 22.75
v 0.687249 -9.1707 22.75
v 1.360207 -9.024386 22.75
v 2.0152 -8.829166 22.75
v 2.648708 -8.586901 22.75
v 3.257393 -8.299702 22.75
v 3.838109 -7.969916 22.75
v 4.387923 -7.600105 22.75
v 4.904255 -7.193221 22.75
v 5.385445 -6.753134 22.75
v 5.831242 -6.284584 22.75
v 6.243089 -5.79274 22.75
v 6.623476 -5.282046 22.75
v 6.973925 -4.754741 22.75
v 7.293936 -4.211156 22.75
v 7.580514 -3.650583 22.75
v 7.829279 -3.072766 22.75
v 8.036398 -2.478901 22.75
v 8.199144 -1.871401 22.75
v 8.316067 -1.253445 22.75
v 8.386484 -0.6284801 22.75
v 8.422311 0 23
v 8.39021 0.6287593 23
v 8.316738 1.253547 23
v 8.199175 1.871408 23
v 8.036367 2.478891 23
v 7.828648 3.072518 23
v 7.577148 3.648962 23
v 7.283274 4.205 23
v 6.948668 4.737522 23
v 6.575203 5.243549 23
v 6.164966 5.720253 23
v 5.720253 6.164966 23
v 5.243549 6.575203 23
v 4.737522 6.948668 23
v 4.205001 7.283275 23
v 3.649064 7.577359 23
v 3.073223 7.830444 23
v 2.481137 8.043649 23
v 1.876098 8.219724 23
v 1.260358 8.361926 23
v 0.6348543 8.471541 23
v 5.23361e-16 8.547134 23
v -0.6433255 8.584583 23
v -1.293045 8.578791 23
v -1.945977 8.525882 23
v -2.598327 8.423569 23
v -3.246164 8.271092 23
v -3.8856 8.068532 23
v -4.512745 7.816303 23
v -5.123725 7.515125 23
v -5.714708 7.166017 23
v -6.281923 6.770302 23
v -6.821686 6.329599 23
v -7.330425 5.845819 23
v -7.804702 5.321156 23
v -8.241233 4.758078 23
v -8.636914 4.159319 23
v -8.98884 3.52786 23
v -9.294323 2.866919 23
v -9.550918 2.179935 23
v -9.75643 1.470545 23
v -9.908834 0.7425644 23
v -10.00557 1.225329e-15 23
v -10.04312 -0.7526279 23
v -10.0171 -1.509835 23
v -9.923109 -2.264885 23
v -9.759191 -3.010312 23
v -9.526746 -3.738972 23
v -9.230234 -4.445047 23
v -8.875793 -5.124441 23
v -8.468874 -5.773981 23
v -8.013763 -6.390763 23
v -7.513456 -6.971468 23
v -6.969832 -7.511693 23
v -6.384481 -8.005886 23
v -5.759269 -8.447296 23
v -5.097595 -8.829293 23
v -4.405165 -9.14742 23
v -3.689295 -9.400169 23
v -2.957856 -9.589135 23
v -2.217884 -9.717184 23
v -1.475125 -9.786814 23
v -0.734393 -9.799793 23
v -1.792364e-15 -9.757177 23
v 0.7239165 -9.659995 23
v 1.433337 -9.509573 23
v 2.124383 -9.307531 23
v 2.793335 -9.055769 23
v 3.436654 -8.756451 23
v 4.051001 -8.411991 23
v 4.633255 -8.025033 23
v 5.180525 -7.598435 23
v 5.690167 -7.135244 23
v 6.159797 -6.638682 23
v 6.587299 -6.11212 23
v 6.970836 -5.559056 23
v 7.308858 -4.983095 23
v 7.600105 -4.387923 23
v 7.843819 -3.777384 23
v 8.040499 -3.155663 23
v 8.192296 -2.526989 23
v 8.303044 -1.895116 23
v 8.377122 -1.262648 23
v 8.416967 -0.6307645 23
v 8.775846 0 23.25
v 8.681639 0.6505989 23.25
v 8.541108 1.287365 23.25
v 8.35823 1.907712 23.25
v 8.138205 2.510304 23.25
v 7.886124 3.095076 23.25
v 7.604689 3.662225 23.25
v 7.293936 4.211156 23.25
v 6.951755 4.739626 23.25
v 6.575733 5.243972 23.25
v 6.16499 5.720275 23.25
v 5.720253 6.164966 23.25
v 5.243549 6.575203 23.25
v 4.737522 6.948668 23.25
v 4.205 7.283274 23.25
v 3.648962 7.577148 23.25
v 3.072518 7.828648 23.25
v 2.478891 8.036367 23.25
v 1.871401 8.199144 23.25
v 1.253445 8.316067 23.25
v 0.6284801 8.386484 23.25
v 5.149641e-16 8.410002 23.25
v -0.6284976 8.386718 23.25
v -1.253733 8.317975 23.25
v -1.873097 8.206572 23.25
v -2.485113 8.056539 23.25
v -3.089461 7.871819 23.25
v -3.685971 7.653997 23.25
v -4.273567 7.402035 23.25
v -4.849428 7.112804 23.25
v -5.409205 6.782929 23.25
v -5.948207 6.410642 23.25
v -6.462002 5.995861 23.25
v -6.946807 5.539893 23.25
v -7.399294 5.044753 23.25
v -7.816303 4.512745 23.25
v -8.194839 3.946426 23.25
v -8.532091 3.348599 23.25
v -8.825456 2.722293 23.25
v -9.072553 2.070751 23.25
v -9.271244 1.397415 23.25
v -9.419648 0.705905 23.25
v -9.516156 1.165393e-15 23.25
v -9.559446 -0.7163815 23.25
v -9.548493 -1.439204 23.25
v -9.48258 -2.164337 23.25
v -9.361305 -2.88758 23.25
v -9.184589 -3.604686 23.25
v -8.952584 -4.311337 23.25
v -8.665078 -5.002785 23.25
v -8.321285 -5.673356 23.25
v -7.920149 -6.316108 23.25
v -7.461222 -6.923002 23.25
v -6.946551 -7.486602 23.25
v -6.380918 -8.001418 23.25
v -5.771094 -8.46464 23.25
v -5.124441 -8.875793 23.25
v -4.44727 -9.234851 23.25
v -3.744741 -9.541444 23.25
v -3.02111 -9.794197 23.25
v -2.280205 -9.990233 23.25
v -1.52618 -10.12554 23.25
v -0.7640252 -10.19521 23.25
v -1.872826e-15 -10.19519 23.25
v 0.7587249 -10.12448 23.25
v 1.505062 -9.985433 23.25
v 2.232989 -9.783363 23.25
v 2.937848 -9.52427 23.25
v 3.615911 -9.213192 23.25
v 4.263894 -8.854066 23.25
v 4.878589 -8.449963 23.25
v 5.456928 -8.003843 23.25
v 5.996093 -7.518863 23.25
v 6.493535 -6.998367 23.25
v 6.946983 -6.445858 23.25
v 7.354455 -5.864982 23.25
v 7.714266 -5.259497 23.25
v 8.025033 -4.633255 23.25
v 8.285684 -3.990175 23.25
v 8.495452 -3.334219 23.25
v 8.653882 -2.669369 23.25
v 8.760828 -1.999602 23.25
v 8.816449 -1.328866 23.25
v 8.821204 -0.6610578 23.25
v 9.26651 0 23.5
v 9.1707 0.687249 23.5
v 9.024386 1.360207 23.5
v 8.829166 2.0152 23.5
v 8.586901 2.648708 23.5
v 8.299702 3.257393 23.5
v 7.969916 3.838109 23.5
v 7.600105 4.387923 23.5
v 7.193221 4.904255 23.5
v 6.753134 5.385445 23.5
v 6.284584 5.831242 23.5
v 5.79274 6.243089 23.5
v 5.282046 6.623476 23.5
v 4.754741 6.973925 23.5
v 4.211156 7.293936 23.5
v 3.650583 7.580514 23.5
v 3.072766 7.829279 23.5
v 2.478901 8.036398 23.5
v 1.871401 8.199144 23.5
v 1.253445 8.316067 23.5
v 0.6284801 8.386484 23.5
v 5.14964e-16 8.41 23.5
v -0.6284801 8.386484 23.5
v -1.253445 8.316067 23.5
v -1.871401 8.199144 23.5
v -2.478891 8.036367 23.5
v -3.072518 7.828648 23.5
v -3.648962 7.577148 23.5
v -4.205001 7.283275 23.5
v -4.737654 6.948862 23.5
v -5.244752 6.576711 23.5
v -5.725436 6.170552 23.5
v -6.18044 5.734611 23.5
v -6.611461 5.272465 23.5
v -7.019143 4.785571 23.5
v -7.402035 4.273567 23.5
v -7.75613 3.735155 23.5
v -8.075973 3.169586 23.5
v -8.356619 2.577676 23.5
v -8.594188 1.961567 23.5
v -8.786058 1.324285 23.5
v -8.930353 0.6692375 23.5
v -9.02549 1.105304e-15 23.5
v -9.070152 -0.6797139 23.5
v -9.063307 -1.366074 23.5
v -9.004215 -2.055153 23.5
v -8.892437 -2.742953 23.5
v -8.72784 -3.425425 23.5
v -8.510607 -4.098492 23.5
v -8.241233 -4.758078 23.5
v -7.920533 -5.400128 23.5
v -7.549636 -6.020634 23.5
v -7.129986 -6.615661 23.5
v -6.663338 -7.18137 23.5
v -6.151745 -7.714044 23.5
v -5.597496 -8.210019 23.5
v -5.002785 -8.665078 23.5
v -4.369766 -9.073913 23.5
v -3.700996 -9.429984 23.5
v -3.000107 -9.726106 23.5
v -2.272589 -9.956863 23.5
v -1.525328 -10.11989 23.5
v -0.7655939 -10.21614 23.5
v -1.882689e-15 -10.24888 23.5
v 0.7659769 -10.22125 23.5
v 1.527681 -10.1355 23.5
v 2.280741 -9.992578 23.5
v 3.020401 -9.791898 23.5
v 3.74106 -9.532066 23.5
v 4.435939 -9.211321 23.5
v 5.097595 -8.829293 23.5
v 5.719315 -8.388695 23.5
v 6.296138 -7.895108 23.5
v 6.825506 -7.356146 23.5
v 7.306386 -6.779336 23.5
v 7.738067 -6.170902 23.5
v 8.119673 -5.5359 23.5
v 8.449963 -4.878589 23.5
v 8.727759 -4.203067 23.5
v 8.9522 -3.51348 23.5
v 9.12275 -2.813996 23.5
v 9.239193 -2.108786 23.5
v 9.301636 -1.401996 23.5
v 9.310499 -0.6977254 23.5
v 9.757177 0 23.75
v 9.659995 0.7239165 23.75
v 9.509573 1.433337 23.75
v 9.307531 2.124383 23.75
v 9.055769 2.793335 23.75
v 8.756451 3.436654 23.75
v 8.411991 4.051001 23.75
v 8.025033 4.633255 23.75
v 7.598435 5.180525 23.75
v 7.135244 5.690167 23.75
v 6.638682 6.159797 23.75
v 6.11212 6.587299 23.75
v 5.559056 6.970836 23.75
v 4.983095 7.308858 23.75
v 4.387923 7.600105 23.75
v 3.777384 7.843819 23.75
v 3.155663 8.040499 23.75
v 2.526989 8.192296 23.75
v 1.895116 8.303044 23.75
v 1.262648 8.377122 23.75
v 0.6307645 8.416967 23.75
v 5.157178e-16 8.422311 23.75
v -0.6287593 8.39021 23.75
v -1.253547 8.316738 23.75
v -1.871408 8.199175 23.75
v -2.478891 8.036367 23.75
v -3.072518 7.828648 23.75
v -3.648962 7.577148 23.75
v -4.205 7.283274 23.75
v -4.737522 6.948668 23.75
v -5.243549 6.575203 23.75
v -5.720253 6.164966 23.75
v -6.164966 5.720253 23.75
v -6.575203 5.243549 23.75
v -6.948668 4.737522 23.75
v -7.283275 4.205001 23.75
v -7.577359 3.649064 23.75
v -7.830444 3.073223 23.75
v -8.043649 2.481137 23.75
v -8.219724 1.876098 23.75
v -8.361926 1.260358 23.75
v -8.471541 0.6348543 23.75
v -8.547134 1.046722e-15 23.75
v -8.584583 -0.6433255 23.75
v -8.578791 -1.293045 23.75
v -8.525882 -1.945977 23.75
v -8.423569 -2.598327 23.75
v -8.271092 -3.246164 23.75
v -8.068532 -3.8856 23.75
v -7.816303 -4.512745 23.75
v -7.515125 -5.123725 23.75
v -7.166017 -5.714708 23.75
v -6.770302 -6.281923 23.75
v -6.329599 -6.821686 23.75
v -5.845819 -7.330425 23.75
v -5.321156 -7.804702 23.75
v -4.758078 -8.241233 23.75
v -4.159319 -8.636914 23.75
v -3.52786 -8.98884 23.75
v -2.866919 -9.294323 23.75
v -2.179935 -9.550918 23.75
v -1.470545 -9.75643 23.75
v -0.7425644 -9.908834 23.75
v -1.837993e-15 -10.00557 23.75
v 0.7526279 -10.04312 23.75
v 1.509835 -10.0171 23.75
v 2.264885 -9.923109 23.75
v 3.010312 -9.759191 23.75
v 3.738972 -9.526746 23.75
v 4.445047 -9.230234 23.75
v 5.124441 -8.875793 23.75
v 5.773981 -8.468874 23.75
v 6.390763 -8.013763 23.75
v 6.971468 -7.513456 23.75
v 7.511693 -6.969832 23.75
v 8.005886 -6.384481 23.75
v 8.447296 -5.759269 23.75
v 8.829293 -5.097595 23.75
v 9.14742 -4.405165 23.75
v 9.400169 -3.689295 23.75
v 9.589135 -2.957856 23.75
v 9.717184 -2.217884 23.75
v 9.786814 -1.475125 23.75
v 9.799793 -0.734393 23.75
v 10.19519 0 24
v 10.12448 0.7587249 24
v 9.985433 1.505062 24
v 9.783363 2.232989 24
v 9.52427 2.937848 24
v 9.213192 3.615911 24
v 8.854066 4.263894 24
v 8.449963 4.878589 24
v 8.003843 5.456928 24
v 7.518863 5.996093 24
v 6.998367 6.493535 24
v 6.445858 6.946983 24
v 5.864982 7.354455 24
v 5.259497 7.714266 24
v 4.633255 8.025033 24
v 3.990175 8.285684 24
v 3.334219 8.495452 24
v 2.669369 8.653882 24
v 1.999602 8.760828 24
v 1.328866 8.816449 24
v 0.6610578 8.821204 24
v 5.373656e-16 8.775846 24
v -0.6505989 8.681639 24
v -1.287365 8.541108 24
v -1.907712 8.35823 24
v -2.510304 8.138205 24
v -3.095076 7.886124 24
v -3.662225 7.604689 24
v -4.211156 7.293936 24
v -4.739626 6.951755 24
v -5.243972 6.575733 24
v -5.720275 6.16499 24
v -6.164966 5.720253 24
v -6.575203 5.243549 24
v -6.948668 4.737522 24
v -7.283274 4.205 24
v -7.577148 3.648962 24
v -7.828648 3.072518 24
v -8.036367 2.478891 24
v -8.199144 1.871401 24
v -8.316067 1.253445 24
v -8.386484 0.6284801 24
v -8.410002 1.029928e-15 24
v -8.386718 -0.6284976 24
v -8.317975 -1.253733 24
v -8.206572 -1.873097 24
v -8.056539 -2.485113 24
v -7.871819 -3.089461 24
v -7.653997 -3.685971 24
v -7.402035 -4.273567 24
v -7.112804 -4.849428 24
v -6.782929 -5.409205 24
v -6.410642 -5.948207 24
v -5.995861 -6.462002 24
v -5.539893 -6.946807 24
v -5.044753 -7.399294 24
v -4.512745 -7.816303 24
v -3.946426 -8.194839 24
v -3.348599 -8.532091 24
v -2.722293 -8.825456 24
v -2.070751 -9.072553 24
v -1.397415 -9.271244 24
v -0.705905 -9.419648 24
v -1.74809e-15 -9.516156 24
v 0.7163815 -9.559446 24
v 1.439204 -9.548493 24
v 2.164337 -9.48258 24
v 2.88758 -9.361305 24
v 3.604686 -9.184589 24
v 4.311337 -8.952584 24
v 5.002785 -8.665078 24
v 5.673356 -8.321285 24
v 6.316108 -7.920149 24
v 6.923002 -7.461222 24
v 7.486602 -6.946551 24
v 8.001418 -6.380918 24
v 8.46464 -5.771094 24
v 8.875793 -5.124441 24
v 9.234851 -4.44727 24
v 9.541444 -3.744741 24
v 9.794197 -3.02111 24
v 9.990233 -2.280205 24
v 10.12554 -1.52618 24
v 10.19521 -0.7640252 24
v 10.5 0 24.25
v 10.47064 0.784666 24.25
v 10.38272 1.564944 24.25
v 10.23674 2.33647 24.25
v 10.03351 3.094929 24.25
v 9.774174 3.836081 24.25
v 9.460173 4.555779 24.25
v 9.093267 5.25 24.25
v 8.675507 5.914861 24.25
v 8.209231 6.546643 24.25
v 7.697045 7.141814 24.25
v 7.141814 7.697045 24.25
v 6.546643 8.209231 24.25
v 5.914861 8.675507 24.25
v 5.25 9.093267 24.25
v 4.555779 9.460173 24.25
v 3.836081 9.774174 24.25
v 3.094929 10.03351 24.25
v 2.33647 10.23674 24.25
v 1.564944 10.38272 24.25
v 0.784666 10.47064 24.25
v 6.429396e-16 10.5 24.25
v -0.784666 10.47064 24.25
v -1.564944 10.38272 24.25
v -2.33647 10.23674 24.25
v -3.094929 10.03351 24.25
v -3.836081 9.774174 24.25
v -4.555779 9.460173 24.25
v -5.25 9.093267 24.25
v -5.914861 8.675507 24.25
v -6.546643 8.209231 24.25
v -7.141814 7.697045 24.25
v -7.697045 7.141814 24.25
v -8.209231 6.546643 24.25
v -8.675507 5.914861 24.25
v -9.093267 5.25 24.25
v -9.460173 4.555779 24.25
v -9.774174 3.836081 24.25
v -10.03351 3.094929 24.25
v -10.23674 2.33647 24.25
v -10.38272 1.564944 24.25
v -10.47064 0.784666 24.25
v -10.5 1.285879e-15 24.25
v -10.47064 -0.784666 24.25
v -10.38272 -1.564944 24.25
v -10.23674 -2.33647 24.25
v -10.03351 -3.094929 24.25
v -9.774174 -3.836081 24.25
v -9.460173 -4.555779 24.25
v -9.093267 -5.25 24.25
v -8.675507 -5.914861 24.25
v -8.209231 -6.546643 24.25
v -7.697045 -7.141814 24.25
v -7.141814 -7.697045 24.25
v -6.546643 -8.209231 24.25
v -5.914861 -8.675507 24.25
v -5.25 -9.093267 24.25
v -4.555779 -9.460173 24.25
v -3.836081 -9.774174 24.25
v -3.094929 -10.03351 24.25
v -2.33647 -10.23674 24.25
v -1.564944 -10.38272 24.25
v -0.784666 -10.47064 24.25
v -1.928819e-15 -10.5 24.25
v 0.784666 -10.47064 24.25
v 1.564944 -10.38272 24.25
v 2.33647 -10.23674 24.25
v 3.094929 -10.03351 24.25
v 3.836081 -9.774174 24.25
v 4.555779 -9.460173 24.25
v 5.25 -9.093267 24.25
v 5.914861 -8.675507 24.25
v 6.546643 -8.209231 24.25
v 7.141814 -7.697045 24.25
v 7.697045 -7.141814 24.25
v 8.209231 -6.546643 24.25
v 8.675507 -5.914861 24.25
v 9.093267 -5.25 24.25
v 9.460173 -4.555779 24.25
v 9.774174 -3.836081 24.25
v 10.03351 -3.094929 24.25
v 10.23674 -2.33647 24.25
v 10.38272 -1.564944 24.25
v 10.47064 -0.784666 24.25
v 10.75 0 24.5
v 10.71994 0.8033485 24.5
v 10.62993 1.602204 24.5
v 10.48048 2.3921 24.5
v 10.27241 3.168618 24.5
v 10.00689 3.927416 24.5
v 9.685415 4.66425 24.5
v 9.309773 5.375 24.5
v 8.882067 6.055691 24.5
v 8.404688 6.702515 24.5
v 7.880308 7.311857 24.5
v 7.311857 7.880308 24.5
v 6.702515 8.404688 24.5
v 6.055691 8.882067 24.5
v 5.375 9.309773 24.5
v 4.66425 9.685415 24.5
v 3.927416 10.00689 24.5
v 3.168618 10.27241 24.5
v 2.3921 10.48048 24.5
v 1.602204 10.62993 24.5
v 0.8033485 10.71994 24.5
v 6.582477e-16 10.75 24.5
v -0.8033485 10.71994 24.5
v -1.602204 10.62993 24.5
v -2.3921 10.48048 24.5
v -3.168618 10.27241 24.5
v -3.927416 10.00689 24.5
v -4.66425 9.685415 24.5
v -5.375 9.309773 24.5
v -6.055691 8.882067 24.5
v -6.702515 8.404688 24.5
v -7.311857 7.880308 24.5
v -7.880308 7.311857 24.5
v -8.404688 6.702515 24.5
v -8.882067 6.055691 24.5
v -9.309773 5.375 24.5
v -9.685415 4.66425 24.5
v -10.00689 3.927416 24.5
v -10.27241 3.168618 24.5
v -10.48048 2.3921 24.5
v -10.62993 1.602204 24.5
v -10.71994 0.8033485 24.5
v -10.75 1.316495e-15 24.5
v -10.71994 -0.8033485 24.5
v -10.62993 -1.602204 24.5
v -10.48048 -2.3921 24.5
v -10.27241 -3.168618 24.5
v -10.00689 -3.927416 24.5
v -9.685415 -4.66425 24.5
v -9.309773 -5.375 24.5
v -8.882067 -6.055691 24.5
v -8.404688 -6.702515 24.5
v -7.880308 -7.311857 24.5
v -7.311857 -7.880308 24.5
v -6.702515 -8.404688 24.5
v -6.055691 -8.882067 24.5
v -5.375 -9.309773 24.5
v -4.66425 -9.685415 24.5
v -3.927416 -10.00689 24.5
v -3.168618 -10.27241 24.5
v -2.3921 -10.48048 24.5
v -1.602204 -10.62993 24.5
v -0.8033485 -10.71994 24.5
v -1.974743e-15 -10.75 24.5
v 0.8033485 -10.71994 24.5
v 1.602204 -10.62993 24.5
v 2.3921 -10.48048 24.5
v 3.168618 -10.27241 24.5
v 3.927416 -10.00689 24.5
v 4.66425 -9.685415 24.5
v 5.375 -9.309773 24.5
v 6.055691 -8.882067 24.5
v 6.702515 -8.404688 24.5
v 7.311857 -7.880308 24.5
v 7.880308 -7.311857 24.5
v 8.404688 -6.702515 24.5
v 8.882067 -6.055691 24.5
v 9.309773 -5.375 24.5
v 9.685415 -4.66425 24.5
v 10.00689 -3.927416 24.5
v 10.27241 -3.168618 24.5
v 10.48048 -2.3921 24.5
v 10.62993 -1.602204 24.5
v 10.71994 -0.8033485 24.5
v 11 0 24.75
v 10.96924 0.822031 24.75
v 10.87714 1.639465 24.75
v 10.72421 2.44773 24.75
v 10.5113 3.242307 24.75
v 10.23961 4.018751 24.75
v 9.910658 4.772721 24.75
v 9.526279 5.5 24.75
v 9.088627 6.196521 24.75
v 8.600146 6.858388 24.75
v 8.063571 7.4819 24.75
v 7.4819 8.063571 24.75
v 6.858388 8.600146 24.75
v 6.196521 9.088627 24.75
v 5.5 9.526279 24.75
v 4.772721 9.910658 24.75
v 4.018751 10.23961 24.75
v 3.242307 10.5113 24.75
v 2.44773 10.72421 24.75
v 1.639465 10.87714 24.75
v 0.822031 10.96924 24.75
v 6.735557e-16 11 24.75
v -0.822031 10.96924 24.75
v -1.639465 10.87714 24.75
v -2.44773 10.72421 24.75
v -3.242307 10.5113 24.75
v -4.018751 10.23961 24.75
v -4.772721 9.910658 24.75
v -5.5 9.526279 24.75
v -6.196521 9.088627 24.75
v -6.858388 8.600146 24.75
v -7.4819 8.063571 24.75
v -8.063571 7.4819 24.75
v -8.600146 6.858388 24.75
v -9.088627 6.196521 24.75
v -9.526279 5.5 24.75
v -9.910658 4.772721 24.75
v -10.23961 4.018751 24.75
v -10.5113 3.242307 24.75
v -10.72421 2.44773 24.75
v -10.87714 1.639465 24.75
v -10.96924 0.822031 24.75
v -11 1.347111e-15 24.75
v -10.96924 -0.822031 24.75
v -10.87714 -1.639465 24.75
v -10.72421 -2.44773 24.75
v -10.5113 -3.242307 24.75
v -10.23961 -4.018751 24.75
v -9.910658 -4.772721 24.75
v -9.526279 -5.5 24.75
v -9.088627 -6.196521 24.75
v -8.600146 -6.858388 24.75
v -8.063571 -7.4819 24.75
v -7.4819 -8.063571 24.75
v -6.858388 -8.600146 24.75
v -6.196521 -9.088627 24.75
v -5.5 -9.526279 24.75
v -4.772721 -9.910658 24.75
v -4.018751 -10.23961 24.75
v -3.242307 -10.5113 24.75
v -2.44773 -10.72421 24.75
v -1.639465 -10.87714 24.75
v -0.822031 -10.96924 24.75
v -2.020667e-15 -11 24.75
v 0.822031 -10.96924 24.75
v 1.639465 -10.87714 24.75
v 2.44773 -10.72421 24.75
v 3.242307 -10.5113 24.75
v 4.018751 -10.23961 24.75
v 4.772721 -9.910658 24.75
v 5.5 -9.526279 24.75
v 6.196521 -9.088627 24.75
v 6.858388 -8.600146 24.75
v 7.4819 -8.063571 24.75
v 8.063571 -7.4819 24.75
v 8.600146 -6.858388 24.75
v 9.088627 -6.196521 24.75
v 9.526279 -5.5 24.75
v 9.910658 -4.772721 24.75
v 10.23961 -4.018751 24.75
v 10.5113 -3.242307 24.75
v 10.72421 -2.44773 24.75
v 10.87714 -1.639465 24.75
v 10.96924 -0.822031 24.75
v 11.25 0 25
v 11.21854 0.8407136 25
v 11.12435 1.676725 25
v 10.96794 2.503361 25
v 10.75019 3.315996 25
v 10.47233 4.110087 25
v 10.1359 4.881192 25
v 9.742786 5.625 25
v 9.295186 6.337351 25
v 8.795604 7.01426 25
v 8.246834 7.651943 25
v 7.651943 8.246834 25
v 7.01426 8.795604 25
v 6.337351 9.295186 25
v 5.625 9.742786 25
v 4.881192 10.1359 25
v 4.110087 10.47233 25
v 3.315996 10.75019 25
v 2.503361 10.96794 25
v 1.676725 11.12435 25
v 0.8407136 11.21854 25
v 6.888638e-16 11.25 25
v -0.8407136 11.21854 25
v -1.676725 11.12435 25
v -2.503361 10.96794 25
v -3.315996 10.75019 25
v -4.110087 10.47233 25
v -4.881192 10.1359 25
v -5.625 9.742786 25
v -6.337351 9.295186 25
v -7.01426 8.795604 25
v -7.651943 8.246834 25
v -8.246834 7.651943 25
v -8.795604 7.01426 25
v -9.295186 6.337351 25
v -9.742786 5.625 25
v -10.1359 4.881192 25
v -10.47233 4.110087 25
v -10.75019 3.315996 25
v -10.96794 2.503361 25
v -11.12435 1.676725 25
v -11.21854 0.8407136 25
v -11.25 1.377728e-15 25
v -11.21854 -0.8407136 25
v -11.12435 -1.676725 25
v -10.96794 -2.503361 25
v -10.75019 -3.315996 25
v -10.47233 -4.110087 25
v -10.1359 -4.881192 25
v -9.742786 -5.625 25
v -9.295186 -6.337351 25
v -8.795604 -7.01426 25
v -8.246834 -7.651943 25
v -7.651943 -8.246834 25
v -7.01426 -8.795604 25
v -6.337351 -9.295186 25
v -5.625 -9.742786 25
v -4.881192 -10.1359 25
v -4.110087 -10.47233 25
v -3.315996 -10.75019 25
v -2.503361 -10.96794 25
v -1.676725 -11.12435 25
v -0.8407136 -11.21854 25
v -2.066591e-15 -11.25 25
v 0.8407136 -11.21854 25
v 1.676725 -11.12435 25
v 2.503361 -10.96794 25
v 3.315996 -10.75019 25
v 4.110087 -10.47233 25
v 4.881192 -10.1359 25
v 5.625 -9.742786 25
v 6.337351 -9.295186 25
v 7.01426 -8.795604 25
v 7.651943 -8.246834 25
v 8.246834 -7.651943 25
v 8.795604 -7.01426 25
v 9.295186 -6.337351 25
v 9.742786 -5.625 25
v 10.1359 -4.881192 25
v 10.47233 -4.110087 25
v 10.75019 -3.315996 25
v 10.96794 -2.503361 25
v 11.12435 -1.676725 25
v 11.21854 -0.8407136 25
v 11.5 0 25.25
v 11.46784 0.8593961 25.25
v 11.37155 1.713986 25.25
v 11.21167 2.558991 25.25
v 10.98909 3.389685 25.25
v 10.70505 4.201422 25.25
v 10.36114 4.989663 25.25
v 9.959292 5.75 25.25
v 9.501746 6.478181 25.25
v 8.991062 7.170133 25.25
v 8.430097 7.821986 25.25
v 7.821986 8.430097 25.25
v 7.170133 8.991062 25.25
v 6.478181 9.501746 25.25
v 5.75 9.959292 25.25
v 4.989663 10.36114 25.25
v 4.201422 10.70505 25.25
v 3.389685 10.98909 25.25
v 2.558991 11.21167 25.25
v 1.713986 11.37155 25.25
v 0.8593961 11.46784 25.25
v 7.041719e-16 11.5 25.25
v -0.8593961 11.46784 25.25
v -1.713986 11.37155 25.25
v -2.558991 11.21167 25.25
v -3.389685 10.98909 25.25
v -4.201422 10.70505 25.25
v -4.989663 10.36114 25.25
v -5.75 9.959292 25.25
v -6.478181 9.501746 25.25
v -7.170133 8.991062 25.25
v -7.821986 8.430097 25.25
v -8.430097 7.821986 25.25
v -8.991062 7.170133 25.25
v -9.501746 6.478181 25.25
v -9.959292 5.75 25.25
v -10.36114 4.989663 25.25
v -10.70505 4.201422 25.25
v -10.98909 3.389685 25.25
v -11.21167 2.558991 25.25
v -11.37155 1.713986 25.25
v -11.46784 0.8593961 25.25
v -11.5 1.408344e-15 25.25
v -11.46784 -0.8593961 25.25
v -11.37155 -1.713986 25.25
v -11.21167 -2.558991 25.25
v -10.98909 -3.389685 25.25
v -10.70505 -4.201422 25.25
v -10.36114 -4.989663 25.25
v -9.959292 -5.75 25.25
v -9.501746 -6.478181 25.25
v -8.991062 -7.170133 25.25
v -8.430097 -7.821986 25.25
v -7.821986 -8.430097 25.25
v -7.170133 -8.991062 25.25
v -6.478181 -9.501746 25.25
v -5.75 -9.959292 25.25
v -4.989663 -10.36114 25.25
v -4.201422 -10.70505 25.25
v -3.389685 -10.98909 25.25
v -2.558991 -11.21167 25.25
v -1.713986 -11.37155 25.25
v -0.8593961 -11.46784 25.25
v -2.112516e-15 -11.5 25.25
v 0.8593961 -11.46784 25.25
v 1.713986 -11.37155 25.25
v 2.558991 -11.21167 25.25
v 3.389685 -10.98909 25.25
v 4.201422 -10.70505 25.25
v 4.989663 -10.36114 25.25
v 5.75 -9.959292 25.25
v 6.478181 -9.501746 25.25
v 7.170133 -8.991062 25.25
v 7.821986 -8.430097 25.25
v 8.430097 -7.821986 25.25
v 8.991062 -7.170133 25.25
v 9.501746 -6.478181 25.25
v 9.959292 -5.75 25.25
v 10.36114 -4.989663 25.25
v 10.70505 -4.201422 25.25
v 10.98909 -3.389685 25.25
v 11.21167 -2.558991 25.25
v 11.37155 -1.713986 25.25
v 11.46784 -0.8593961 25.25
v 11.75 0 25.5
v 11.71714 0.8780786 25.5
v 11.61876 1.751247 25.5
v 11.4554 2.614621 25.5
v 11.22798 3.463373 25.5
v 10.93777 4.292757 25.5
v 10.58638 5.098134 25.5
v 10.1758 5.875 25.5
v 9.708306 6.619011 25.5
v 9.18652 7.326005 25.5
v 8.613359 7.99203 25.5
v 7.99203 8.613359 25.5
v 7.326005 9.18652 25.5
v 6.619011 9.708306 25.5
v 5.875 10.1758 25.5
v 5.098134 10.58638 25.5
v 4.292757 10.93777 25.5
v 3.463373 11.22798 25.5
v 2.614621 11.4554 25.5
v 1.751247 11.61876 25.5
v 0.8780786 11.71714 25.5
v 7.1948e-16 11.75 25.5
v -0.8780786 11.71714 25.5
v -1.751247 11.61876 25.5
v -2.614621 11.4554 25.5
v -3.463373 11.22798 25.5
v -4.292757 10.93777 25.5
v -5.098134 10.58638 25.5
v -5.875 10.1758 25.5
v -6.619011 9.708306 25.5
v -7.326005 9.18652 25.5
v -7.99203 8.613359 25.5
v -8.613359 7.99203 25.5
v -9.18652 7.326005 25.5
v -9.708306 6.619011 25.5
v -10.1758 5.875 25.5
v -10.58638 5.098134 25.5
v -10.93777 4.292757 25.5
v -11.22798 3.463373 25.5
v -11.4554 2.614621 25.5
v -11.61876 1.751247 25.5
v -11.71714 0.8780786 25.5
v -11.75 1.43896e-15 25.5
v -11.71714 -0.8780786 25.5
v -11.61876 -1.751247 25.5
v -11.4554 -2.614621 25.5
v -11.22798 -3.463373 25.5
v -10.93777 -4.292757 25.5
v -10.58638 -5.098134 25.5
v -10.1758 -5.875 25.5
v -9.708306 -6.619011 25.5
v -9.18652 -7.326005 25.5
v -8.613359 -7.99203 25.5
v -7.99203 -8.613359 25.5
v -7.326005 -9.18652 25.5
v -6.619011 -9.708306 25.5
v -5.875 -10.1758 25.5
v -5.098134 -10.58638 25.5
v -4.292757 -10.93777 25.5
v -3.463373 -11.22798 25.5
v -2.614621 -11.4554 25.5
v -1.751247 -11.61876 25.5
v -0.8780786 -11.71714 25.5
v -2.15844e-15 -11.75 25.5
v 0.8780786 -11.71714 25.5
v 1.751247 -11.61876 25.5
v 2.614621 -11.4554 25.5
v 3.463373 -11.22798 25.5
v 4.292757 -10.93777 25.5
v 5.098134 -10.58638 25.5
v 5.875 -10.1758 25.5
v 6.619011 -9.708306 25.5
v 7.326005 -9.18652 25.5
v 7.99203 -8.613359 25.5
v 8.613359 -7.99203 25.5
v 9.18652 -7.326005 25.5
v 9.708306 -6.619011 25.5
v 10.1758 -5.875 25.5
v 10.58638 -5.098134 25.5
v 10.93777 -4.292757 25.5
v 11.22798 -3.463373 25.5
v 11.4554 -2.614621 25.5
v 11.61876 -1.751247 25.5
v 11.71714 -0.8780786 25.5
v 12 0 25.75
v 11.96645 0.8967611 25.75
v 11.86597 1.788507 25.75
v 11.69913 2.670251 25.75
v 11.46687 3.537062 25.75
v 11.17048 4.384092 25.75
v 10.81163 5.206605 25.75
v 10.3923 6 25.75
v 9.914865 6.759841 25.75
v 9.381978 7.481878 25.75
v 8.796622 8.162073 25.75
v 8.162073 8.796622 25.75
v 7.481878 9.381978 25.75
v 6.759841 9.914865 25.75
v 6 10.3923 25.75
v 5.206605 10.81163 25.75
v 4.384092 11.17048 25.75
v 3.537062 11.46687 25.75
v 2.670251 11.69913 25.75
v 1.788507 11.86597 25.75
v 0.8967611 11.96645 25.75
v 7.347881e-16 12 25.75
v -0.8967611 11.96645 25.75
v -1.788507 11.86597 25.75
v -2.670251 11.69913 25.75
v -3.537062 11.46687 25.75
v -4.384092 11.17048 25.75
v -5.206605 10.81163 25.75
v -6 10.3923 25.75
v -6.759841 9.914865 25.75
v -7.481878 9.381978 25.75
v -8.162073 8.796622 25.75
v -8.796622 8.162073 25.75
v -9.381978 7.481878 25.75
v -9.914865 6.759841 25.75
v -10.3923 6 25.75
v -10.81163 5.206605 25.75
v -11.17048 4.384092 25.75
v -11.46687 3.537062 25.75
v -11.69913 2.670251 25.75
v -11.86597 1.788507 25.75
v -11.96645 0.8967611 25.75
v -12 1.469576e-15 25.75
v -11.96645 -0.8967611 25.75
v -11.86597 -1.788507 25.75
v -11.69913 -2.670251 25.75
v -11.46687 -3.537062 25.75
v -11.17048 -4.384092 25.75
v -10.81163 -5.206605 25.75
v -10.3923 -6 25.75
v -9.914865 -6.759841 25.75
v -9.381978 -7.481878 25.75
v -8.796622 -8.162073 25.75
v -8.162073 -8.796622 25.75
v -7.481878 -9.381978 25.75
v -6.759841 -9.914865 25.75
v -6 -10.3923 25.75
v -5.206605 -10.81163 25.75
v -4.384092 -11.17048 25.75
v -3.537062 -11.46687 25.75
v -2.670251 -11.69913 25.75
v -1.788507 -11.86597 25.75
v -0.8967611 -11.96645 25.75
v -2.204364e-15 -12 25.75
v 0.8967611 -11.96645 25.75
v 1.788507 -11.86597 25.75
v 2.670251 -11.69913 25.75
v 3.537062 -11.46687 25.75
v 4.384092 -11.17048 25.75
v 5.206605 -10.81163 25.75
v 6 -10.3923 25.75
v 6.759841 -9.914865 25.75
v 7.481878 -9.381978 25.75
v 8.162073 -8.796622 25.75
v 8.796622 -8.162073 25.75
v 9.381978 -7.481878 25.75
v 9.914865 -6.759841 25.75
v 10.3923 -6 25.75
v 10.81163 -5.206605 25.75
v 11.17048 -4.384092 25.75
v 11.46687 -3.537062 25.75
v 11.69913 -2.670251 25.75
v 11.86597 -1.788507 25.75
v 11.96645 -0.8967611 25.75
v 12.25 0 26
v 12.21575 0.9154436 26
v 12.11318 1.825768 26
v 11.94287 2.725881 26
v 11.70577 3.610751 26
v 11.4032 4.475428 26
v 11.03687 5.315076 26
v 10.60881 6.125 26
v 10.12142 6.900671 26
v 9.577436 7.63775 26
v 8.979885 8.332116 26
v 8.332116 8.979885 26
v 7.63775 9.577436 26
v 6.900671 10.12142 26
v 6.125 10.60881 26
v 5.315076 11.03687 26
v 4.475428 11.4032 26
v 3.610751 11.70577 26
v 2.725881 11.94287 26
v 1.825768 12.11318 26
v 0.9154436 12.21575 26
v 7.500962e-16 12.25 26
v -0.9154436 12.21575 26
v -1.825768 12.11318 26
v -2.725881 11.94287 26
v -3.610751 11.70577 26
v -4.475428 11.4032 26
v -5.315076 11.03687 26
v -6.125 10.60881 26
v -6.900671 10.12142 26
v -7.63775 9.577436 26
v -8.332116 8.979885 26
v -8.979885 8.332116 26
v -9.577436 7.63775 26
v -10.12142 6.900671 26
v -10.60881 6.125 26
v -11.03687 5.315076 26
v -11.4032 4.475428 26
v -11.70577 3.610751 26
v -11.94287 2.725881 26
v -12.11318 1.825768 26
v -12.21575 0.9154436 26
v -12.25 1.500192e-15 26
v -12.21575 -0.9154436 26
v -12.11318 -1.825768 26
v -11.94287 -2.725881 26
v -11.70577 -3.610751 26
v -11.4032 -4.475428 26
v -11.03687 -5.315076 26
v -10.60881 -6.125 26
v -10.12142 -6.900671 26
v -9.577436 -7.63775 26
v -8.979885 -8.332116 26
v -8.332116 -8.979885 26
v -7.63775 -9.577436 26
v -6.900671 -10.12142 26
v -6.125 -10.60881 26
v -5.315076 -11.03687 26
v -4.475428 -11.4032 26
v -3.610751 -11.70577 26
v -2.725881 -11.94287 26
v -1.825768 -12.11318 26
v -0.9154436 -12.21575 26
v -2.250288e-15 -12.25 26
v 0.9154436 -12.21575 26
v 1.825768 -12.11318 26
v 2.725881 -11.94287 26
v 3.610751 -11.70577 26
v 4.475428 -11.4032 26
v 5.315076 -11.03687 26
v 6.125 -10.60881 26
v 6.900671 -10.12142 26
v 7.63775 -9.577436 26
v 8.332116 -8.979885 26
v 8.979885 -8.332116 26
v 9.577436 -7.63775 26
v 10.12142 -6.900671 26
v 10.60881 -6.125 26
v 11.03687 -5.315076 26
v 11.4032 -4.475428 26
v 11.70577 -3.610751 26
v 11.94287 -2.725881 26
v 12.11318 -1.825768 26
v 12.21575 -0.9154436 26
v -10.33459 -8.893635 10
v -11.54469 -7.25401 10
v -12.86941 -4.503201 10
v -13.5488 -1.526584 10
v -0.5098115 -13.625 10
v -7.25401 -11.54469 10
v -8.893635 -10.33459 10
v -2.534818 -13.39684 10
v -5.452342 -12.4969 10
v -13.625 0.5098115 10
v -13.16995 3.528877 10
v -11.54469 7.25401 10
v -12.4969 5.452342 10
v -9.641072 9.641072 10
v -8.096462 10.97032 10
v -5.452342 12.4969 10
v -1.526584 13.5488 10
v -3.528877 13.16995 10
v 1.526584 -13.5488 10
v 3.528877 -13.16995 10
v 5.452342 -12.4969 10
v 8.096462 -10.97032 10
v 9.641072 -9.641072 10
v 11.54469 -7.25401 10
v 12.4969 -5.452342 10
v 13.39684 -2.534818 10
v 13.625 -0.5098115 10
v 5.452342 12.4969 10
v 3.528877 13.16995 10
v 8.893635 10.33459 10
v 7.25401 11.54469 10
v 0.5098115 13.625 10
v 13.39684 2.534818 10
v 12.86941 4.503201 10
v 10.97032 8.096462 10
v 12.0545 6.37099 10
v -9.74955 -8.390167 10
v -10.57577 -7.805275 10
v -9.39445 -9.39445 10
v -10.89115 -6.84336 10
v -11.62097 -6.14186 10
v -12.14087 -4.248275 10
v -12.6963 -3.401962 10
v -12.18886 -5.279616 10
v -12.78181 -1.440164 10
v -13.13498 -0.4914763 10
v -13.05809 -2.434969 10
v -0.4809511 -12.85369 10
v -1.47168 -13.06152 10
v 0.4967704 -13.27647 10
v -6.179441 -11.69207 10
v -6.84336 -10.89115 10
v -7.805275 -10.57577 10
v -8.390167 -9.74955 10
v -2.391322 -12.63844 10
v -3.401962 -12.6963 10
v -5.143685 -11.78945 10
v -4.420298 -12.52612 10
v -12.85369 0.4809511 10
v -13.06152 1.47168 10
v -12.4244 3.329107 10
v -12.40657 4.341245 10
v -13.04502 2.504006 10
v -11.69207 6.179441 10
v -10.89115 6.84336 10
v -10.57577 7.805275 10
v -11.78945 5.143685 10
v -9.095291 9.095291 10
v -8.573778 9.962911 10
v -10.04532 8.691044 10
v -7.638121 10.34929 10
v -6.993122 11.12949 10
v -5.143685 11.78945 10
v -4.341245 12.40657 10
v -6.175728 11.76023 10
v -1.440164 12.78181 10
v -0.4914763 13.13498 10
v -2.469977 13.05414 10
v -3.329107 12.4244 10
v 1.440164 -12.78181 10
v 2.469977 -13.05414 10
v 3.329107 -12.4244 10
v 4.388008 -12.54021 10
v 5.143685 -11.78945 10
v 6.263396 -11.72198 10
v 8.62624 -10.02387 10
v 7.638121 -10.34929 10
v 7.005257 -11.09021 10
v 9.095291 -9.095291 10
v 10.11295 -8.623411 10
v 11.69207 -6.179441 10
v 10.89115 -6.84336 10
v 10.57272 -7.764281 10
v 12.48248 -4.367809 10
v 11.78945 -5.143685 10
v 12.63844 -2.391322 10
v 12.69046 -3.389823 10
v 13.20222 -1.487533 10
v 12.85369 -0.4809511 10
v 13.27873 0.5571466 10
v 4.367809 12.48248 10
v 5.143685 11.78945 10
v 6.14186 11.62097 10
v 2.458607 12.99405 10
v 3.329107 12.4244 10
v 8.390167 9.74955 10
v 9.294334 9.294334 10
v 7.889352 10.68969 10
v 6.84336 10.89115 10
v 0.4809511 12.85369 10
v 1.460547 13.05394 10
v 12.63844 2.391322 10
v 13.0314 1.499655 10
v 12.83306 3.438607 10
v 12.14087 4.248275 10
v 12.17722 5.312869 10
v 10.34929 7.638121 10
v 11.12949 6.993122 10
v 10.09115 8.637788 10
v 11.3721 6.010328 10
v 7.188606 -12.05697 10
v 11.09659 -8.597221 10
v 13.41784 -4.055614 10
v 2.010491 13.87243 10
v 13.98197 1.245388 10
v 6.466106 -12.60729 10
v 10.62509 -9.373463 10
v 14.16432 0.3556613 10
v -10.93609 -9.41127 10
v -10.1602 -9.867702 10
v -11.18685 -8.511592 10
v -12.21662 -7.676214 10
v -12.33049 -6.749212 10
v -13.61845 -4.7653 10
v -13.06553 -5.472399 10
v -13.52318 -3.836203 10
v -12.49172 -5.992051 10
v -14.33738 -1.615435 10
v -13.95567 -2.427842 10
v -14.03776 -0.7308318 10
v -13.51189 -3.062148 10
v -0.539484 -14.41801 10
v 0.3228457 -14.1597 10
v -1.36955 -13.98989 10
v -7.676214 -12.21662 10
v -6.765946 -12.41627 10
v -8.181012 -11.43083 10
v -9.41127 -10.93609 10
v -2.682352 -14.17657 10
v -3.439339 -13.62952 10
v -5.769683 -13.22425 10
v -4.875263 -13.29989 10
v -4.104045 -13.23271 10
v -14.41801 0.539484 10
v -13.98989 1.36955 10
v -13.93648 3.734268 10
v -13.87796 2.838565 10
v -13.33438 4.448257 10
v -13.69659 2.085973 10
v -12.21662 7.676214 10
v -12.41627 6.765946 10
v -11.43083 8.181012 10
v -13.22425 5.769683 10
v -10.20221 10.20221 10
v -10.59938 9.397248 10
v -9.323786 10.5195 10
v -10.81861 8.6548 10
v -8.567699 11.60882 10
v -7.651798 11.79164 10
v -5.769683 13.22425 10
v -6.433485 12.62004 10
v -4.836065 13.19868 10
v -6.908804 12.00901 10
v -1.615435 14.33738 10
v -2.429633 13.95343 10
v -0.7308318 14.03776 10
v -3.734268 13.93648 10
v 1.615435 -14.33738 10
v 2.429633 -13.95343 10
v 3.734268 -13.93648 10
v 4.482146 -13.43546 10
v 5.769683 -13.22425 10
v 8.567699 -11.60882 10
v 9.086098 -10.83441 10
v 10.20221 -10.20221 10
v 12.21662 -7.676214 10
v 12.41627 -6.765946 10
v 13.22425 -5.769683 10
v 13.31424 -4.911879 10
v 14.17657 -2.682352 10
v 14.04966 -1.791153 10
v 13.65744 -3.291762 10
v 14.41801 -0.539484 10
v 5.769683 13.22425 10
v 4.839828 13.286 10
v 6.38596 12.52247 10
v 3.734268 13.93648 10
v 2.872634 13.8976 10
v 9.41127 10.93609 10
v 8.576015 11.27179 10
v 9.793313 10.08384 10
v 7.676214 12.21662 10
v 0.539484 14.41801 10
v 1.21946 13.99551 10
v 14.17657 2.682352 10
v 13.73284 3.46558 10
v 13.61845 4.7653 10
v 13.06294 5.473646 10
v 11.60882 8.567699 10
v 10.87204 9.080407 10
v 11.79164 7.651798 10
v 10.17056 9.407841 10
v 12.75611 6.7418 10
v -10.33459 -8.893635 26
v -11.54469 -7.25401 26
v -12.86941 -4.503201 26
v -13.5488 -1.526584 26
v -0.5098115 -13.625 26
v -7.25401 -11.54469 26
v -8.893635 -10.33459 26
v -2.534818 -13.39684 26
v -5.452342 -12.4969 26
v -13.625 0.5098115 26
v -13.16995 3.528877 26
v -11.54469 7.25401 26
v -12.4969 5.452342 26
v -9.641072 9.641072 26
v -8.096462 10.97032 26
v -5.452342 12.4969 26
v -1.526584 13.5488 26
v -3.528877 13.16995 26
v 1.526584 -13.5488 26
v 3.528877 -13.16995 26
v 5.452342 -12.4969 26
v 8.096462 -10.97032 26
v 9.641072 -9.641072 26
v 11.54469 -7.25401 26
v 12.4969 -5.452342 26
v 13.39684 -2.534818 26
v 13.625 -0.5098115 26
v 5.452342 12.4969 26
v 3.528877 13.16995 26
v 8.893635 10.33459 26
v 7.25401 11.54469 26
v 0.5098115 13.625 26
v 13.39684 2.534818 26
v 12.86941 4.503201 26
v 10.97032 8.096462 26
v 12.0545 6.37099 26
v -9.74955 -8.390167 26
v -10.57577 -7.805275 26
v -9.39445 -9.39445 26
v -10.89115 -6.84336 26
v -11.62097 -6.14186 26
v -12.14087 -4.248275 26
v -12.6963 -3.401962 26
v -12.18886 -5.279616 26
v -12.78181 -1.440164 26
v -13.13498 -0.4914763 26
v -13.05809 -2.434969 26
v -0.4809511 -12.85369 26
v -1.47168 -13.06152 26
v 0.4967704 -13.27647 26
v -6.179441 -11.69207 26
v -6.84336 -10.89115 26
v -7.805275 -10.57577 26
v -8.390167 -9.74955 26
v -2.391322 -12.63844 26
v -3.401962 -12.6963 26
v -5.143685 -11.78945 26
v -4.420298 -12.52612 26
v -12.85369 0.4809511 26
v -13.06152 1.47168 26
v -12.4244 3.329107 26
v -12.40657 4.341245 26
v -13.04502 2.504006 26
v -11.69207 6.179441 26
v -10.89115 6.84336 26
v -10.57577 7.805275 26
v -11.78945 5.143685 26
v -9.095291 9.095291 26
v -8.573778 9.962911 26
v -10.04532 8.691044 26
v -7.638121 10.34929 26
v -6.993122 11.12949 26
v -5.143685 11.78945 26
v -4.341245 12.40657 26
v -6.175728 11.76023 26
v -1.440164 12.78181 26
v -0.4914763 13.13498 26
v -2.469977 13.05414 26
v -3.329107 12.4244 26
v 1.440164 -12.78181 26
v 2.469977 -13.05414 26
v 3.329107 -12.4244 26
v 4.388008 -12.54021 26
v 5.143685 -11.78945 26
v 6.263396 -11.72198 26
v 8.62624 -10.02387 26
v 7.638121 -10.34929 26
v 7.005257 -11.09021 26
v 9.095291 -9.095291 26
v 10.11295 -8.623411 26
v 11.69207 -6.179441 26
v 10.89115 -6.84336 26
v 10.57272 -7.764281 26
v 12.48248 -4.367809 26
v 11.78945 -5.143685 26
v 12.63844 -2.391322 26
v 12.69046 -3.389823 26
v 13.20222 -1.487533 26
v 12.85369 -0.4809511 26
v 13.27873 0.5571466 26
v 4.367809 12.48248 26
v 5.143685 11.78945 26
v 6.14186 11.62097 26
v 2.458607 12.99405 26
v 3.329107 12.4244 26
v 8.390167 9.74955 26
v 9.294334 9.294334 26
v 7.889352 10.68969 26
v 6.84336 10.89115 26
v 0.4809511 12.85369 26
v 1.460547 13.05394 26
v 12.63844 2.391322 26
v 13.0314 1.499655 26
v 12.83306 3.438607 26
v 12.14087 4.248275 26
v 12.17722 5.312869 26
v 10.34929 7.638121 26
v 11.12949 6.993122 26
v 10.09115 8.637788 26
v 11.3721 6.010328 26
v 7.188606 -12.05697 26
v 11.09659 -8.597221 26
v 13.41784 -4.055614 26
v 2.010491 13.87243 26
v 13.98197 1.245388 26
v 6.466106 -12.60729 26
v 10.62509 -9.373463 26
v 14.16432 0.3556613 26
v -10.93609 -9.41127 26
v -10.1602 -9.867702 26
v -11.18685 -8.511592 26
v -12.21662 -7.676214 26
v -12.33049 -6.749212 26
v -13.61845 -4.7653 26
v -13.06553 -5.472399 26
v -13.52318 -3.836203 26
v -12.49172 -5.992051 26
v -14.33738 -1.615435 26
v -13.95567 -2.427842 26
v -14.03776 -0.7308318 26
v -13.51189 -3.062148 26
v -0.539484 -14.41801 26
v 0.3228457 -14.1597 26
v -1.36955 -13.98989 26
v -7.676214 -12.21662 26
v -6.765946 -12.41627 26
v -8.181012 -11.43083 26
v -9.41127 -10.93609 26
v -2.682352 -14.17657 26
v -3.439339 -13.62952 26
v -5.769683 -13.22425 26
v -4.875263 -13.29989 26
v -4.104045 -13.23271 26
v -14.41801 0.539484 26
v -13.98989 1.36955 26
v -13.93648 3.734268 26
v -13.87796 2.838565 26
v -13.33438 4.448257 26
v -13.69659 2.085973 26
v -12.21662 7.676214 26
v -12.41627 6.765946 26
v -11.43083 8.181012 26
v -13.22425 5.769683 26
v -10.20221 10.20221 26
v -10.59938 9.397248 26
v -9.323786 10.5195 26
v -10.81861 8.6548 26
v -8.567699 11.60882 26
v -7.651798 11.79164 26
v -5.769683 13.22425 26
v -6.433485 12.62004 26
v -4.836065 13.19868 26
v -6.908804 12.00901 26
v -1.615435 14.33738 26
v -2.429633 13.95343 26
v -0.7308318 14.03776 26
v -3.734268 13.93648 26
v 1.615435 -14.33738 26
v 2.429633 -13.95343 26
v 3.734268 -13.93648 26
v 4.482146 -13.43546 26
v 5.769683 -13.22425 26
v 8.567699 -11.60882 26
v 9.086098 -10.83441 26
v 10.20221 -10.20221 26
v 12.21662 -7.676214 26
v 12.41627 -6.765946 26
v 13.22425 -5.769683 26
v 13.31424 -4.911879 26
v 14.17657 -2.682352 26
v 14.04966 -1.791153 26
v 13.65744 -3.291762 26
v 14.41801 -0.539484 26
v 5.769683 13.22425 26
v 4.839828 13.286 26
v 6.38596 12.52247 26
v 3.734268 13.93648 26
v 2.872634 13.8976 26
v 9.41127 10.93609 26
v 8.576015 11.27179 26
v 9.793313 10.08384 26
v 7.676214 12.21662 26
v 0.539484 14.41801 26
v 1.21946 13.99551 26
v 14.17657 2.682352 26
v 13.73284 3.46558 26
v 13.61845 4.7653 26
v 13.06294 5.473646 26
v 11.60882 8.567699 26
v 10.87204 9.080407 26
v 11.79164 7.651798 26
v 10.17056 9.407841 26
v 12.75611 6.7418 26
f 1 2 86
f 2 3 87
f 3 4 88
f 4 5 89
f 5 6 90
f 6 7 91
f 7 8 92
f 8 9 93
f 9 10 94
f 10 11 95
f 11 12 96
f 12 13 97
f 13 14 98
f 14 15 99
f 15 16 100
f 16 17 101
f 17 18 102
f 18 19 103
f 19 20 104
f 20 21 105
f 21 22 106
f 22 23 107
f 23 24 108
f 24 25 109
f 25 26 110
f 26 27 111
f 27 28 112
f 28 29 113
f 29 30 114
f 30 31 115
f 31 32 116
f 32 33 117
f 33 34 118
f 34 35 119
f 35 36 120
f 36 37 121
f 37 38 122
f 38 39 123
f 39 40 124
f 40 41 125
f 41 42 126
f 42 43 127
f 43 44 128
f 44 45 129
f 45 46 130
f 46 47 131
f 47 48 132
f 48 49 133
f 49 50 134
f 50 51 135
f 51 52 136
f 52 53 137
f 53 54 138
f 54 55 139
f 55 56 140
f 56 57 141
f 57 58 142
f 58 59 143
f 59 60 144
f 60 61 145
f 61 62 146
f 62 63 147
f 63 64 148
f 64 65 149
f 65 66 150
f 66 67 151
f 67 68 152
f 68 69 153
f 69 70 154
f 70 71 155
f 71 72 156
f 72 73 157
f 73 74 158
f 74 75 159
f 75 76 160
f 76 77 161
f 77 78 162
f 78 79 163
f 79 80 164
f 80 81 165
f 81 82 166
f 82 83 167
f 83 84 168
f 84 1 85
f 1 86 85
f 2 87 86
f 3 88 87
f 4 89 88
f 5 90 89
f 6 91 90
f 7 92 91
f 8 93 92
f 9 94 93
f 10 95 94
f 11 96 95
f 12 97 96
f 13 98 97
f 14 99 98
f 15 100 99
f 16 101 100
f 17 102 101
f 18 103 102
f 19 104 103
f 20 105 104
f 21 106 105
f 22 107 106
f 23 108 107
f 24 109 108
f 25 110 109
f 26 111 110
f 27 112 111
f 28 113 112
f 29 114 113
f 30 115 114
f 31 116 115
f 32 117 116
f 33 118 117
f 34 119 118
f 35 120 119
f 36 121 120
f 37 122 121
f 38 123 122
f 39 124 123
f 40 125 124
f 41 126 125
f 42 127 126
f 43 128 127
f 44 129 128
f 45 130 129
f 46 131 130
f 47 132 131
f 48 133 132
f 49 134 133
f 50 135 134
f 51 136 135
f 52 137 136
f 53 138 137
f 54 139 138
f 55 140 139
f 56 141 140
f 57 142 141
f 58 143 142
f 59 144 143
f 60 145 144
f 61 146 145
f 62 147 146
f 63 148 147
f 64 149 148
f 65 150 149
f 66 151 150
f 67 152 151
f 68 153 152
f 69 154 153
f 70 155 154
f 71 156 155
f 72 157 156
f 73 158 157
f 74 159 158
f 75 160 159
f 76 161 160
f 77 162 161
f 78 163 162
f 79 164 163
f 80 165 164
f 81 166 165
f 82 167 166
f 83 168 167
f 84 85 168
f 85 86 170
f 86 87 171
f 87 88 172
f 88 89 173
f 89 90 174
f 90 91 175
f 91 92 176
f 92 93 177
f 93 94 178
f 94 95 179
f 95 96 180
f 96 97 181
f 97 98 182
f 98 99 183
f 99 100 184
f 100 101 185
f 101 102 186
f 102 103 187
f 103 104 188
f 104 105 189
f 105 106 190
f 106 107 191
f 107 108 192
f 108 109 193
f 109 110 194
f 110 111 195
f 111 112 196
f 112 113 197
f 113 114 198
f 114 115 199
f 115 116 200
f 116 117 201
f 117 118 202
f 118 119 203
f 119 120 204
f 120 121 205
f 121 122 206
f 122 123 207
f 123 124 208
f 124 125 209
f 125 126 210
f 126 127 211
f 127 128 212
f 128 129 213
f 129 130 214
f 130 131 215
f 131 132 216
f 132 133 217
f 133 134 218
f 134 135 219
f 135 136 220
f 136 137 221
f 137 138 222
f 138 139 223
f 139 140 224
f 140 141 225
f 141 142 226
f 142 143 227
f 143 144 228
f 144 145 229
f 145 146 230
f 146 147 231
f 147 148 232
f 148 149 233
f 149 150 234
f 150 151 235
f 151 152 236
f 152 153 237
f 153 154 238
f 154 155 239
f 155 156 240
f 156 157 241
f 157 158 242
f 158 159 243
f 159 160 244
f 160 161 245
f 161 162 246
f 162 163 247
f 163 164 248
f 164 165 249
f 165 166 250
f 166 167 251
f 167 168 252
f 168 85 169
f 85 170 169
f 86 171 170
f 87 172 171
f 88 173 172
f 89 174 173
f 90 175 174
f 91 176 175
f 92 177 176
f 93 178 177
f 94 179 178
f 95 180 179
f 96 181 180
f 97 182 181
f 98 183 182
f 99 184 183
f 100 185 184
f 101 186 185
f 102 187 186
f 103 188 187
f 104 189 188
f 105 190 189
f 106 191 190
f 107 192 191
f 108 193 192
f 109 194 193
f 110 195 194
f 111 196 195
f 112 197 196
f 113 198 197
f 114 199 198
f 115 200 199
f 116 201 200
f 117 202 201
f 118 203 202
f 119 204 203
f 120 205 204
f 121 206 205
f 122 207 206
f 123 208 207
f 124 209 208
f 125 210 209
f 126 211 210
f 127 212 211
f 128 213 212
f 129 214 213
f 130 215 214
f 131 216 215
f 132 217 216
f 133 218 217
f 134 219 218
f 135 220 219
f 136 221 220
f 137 222 221
f 138 223 222
f 139 224 223
f 140 225 224
f 141 226 225
f 142 227 226
f 143 228 227
f 144 229 228
f 145 230 229
f 146 231 230
f 147 232 231
f 148 233 232
f 149 234 233
f 150 235 234
f 151 236 235
f 152 237 236
f 153 238 237
f 154 239 238
f 155 240 239
f 156 241 240
f 157 242 241
f 158 243 242
f 159 244 243
f 160 245 244
f 161 246 245
f 162 247 246
f 163 248 247
f 164 249 248
f 165 250 249
f 166 251 250
f 167 252 251
f 168 169 252
f 169 170 254
f 170 171 255
f 171 172 256
f 172 173 257
f 173 174 258
f 174 175 259
f 175 176 260
f 176 177 261
f 177 178 262
f 178 179 263
f 179 180 264
f 180 181 265
f 181 182 266
f 182 183 267
f 183 184 268
f 184 185 269
f 185 186 270
f 186 187 271
f 187 188 272
f 188 189 273
f 189 190 274
f 190 191 275
f 191 192 276
f 192 193 277
f 193 194 278
f 194 195 279
f 195 196 280
f 196 197 281
f 197 198 282
f 198 199 283
f 199 200 284
f 200 201 285
f 201 202 286
f 202 203 287
f 203 204 288
f 204 205 289
f 205 206 290
f 206 207 291
f 207 208 292
f 208 209 293
f 209 210 294
f 210 211 295
f 211 212 296
f 212 213 297
f 213 214 298
f 214 215 299
f 215 216 300
f 216 217 301
f 217 218 302
f 218 219 303
f 219 220 304
f 220 221 305
f 221 222 306
f 222 223 307
f 223 224 308
f 224 225 309
f 225 226 310
f 226 227 311
f 227 228 312
f 228 229 313
f 229 230 314
f 230 231 315
f 231 232 316
f 232 233 317
f 233 234 318
f 234 235 319
f 235 236 320
f 236 237 321
f 237 238 322
f 238 239 323
f 239 240 324
f 240 241 325
f 241 242 326
f 242 243 327
f 243 244 328
f 244 245 329
f 245 246 330
f 246 247 331
f 247 248 332
f 248 249 333
f 249 250 334
f 250 251 335
f 251 252 336
f 252 169 253
f 169 254 253
f 170 255 254
f 171 256 255
f 172 257 256
f 173 258 257
f 174 259 258
f 175 260 259
f 176 261 260
f 177 262 261
f 178 263 262
f 179 264 263
f 180 265 264
f 181 266 265
f 182 267 266
f 183 268 267
f 184 269 268
f 185 270 269
f 186 271 270
f 187 272 271
f 188 273 272
f 189 274 273
f 190 275 274
f 191 276 275
f 192 277 276
f 193 278 277
f 194 279 278
f 195 280 279
f 196 281 280
f 197 282 281
f 198 283 282
f 199 284 283
f 200 285 284
f 201 286 285
f 202 287 286
f 203 288 287
f 204 289 288
f 205 290 289
f 206 291 290
f 207 292 291
f 208 293 292
f 209 294 293
f 210 295 294
f 211 296 295
f 212 297 296
f 213 298 297
f 214 299 298
f 215 300 299
f 216 301 300
f 217 302 301
f 218 303 302
f 219 304 303
f 220 305 304
f 221 306 305
f 222 307 306
f 223 308 307
f 224 309 308
f 225 310 309
f 226 311 310
f 227 312 311
f 228 313 312
f 229 314 313
f 230 315 314
f 231 316 315
f 232 317 316
f 233 318 317
f 234 319 318
f 235 320 319
f 236 321 320
f 237 322 321
f 238 323 322
f 239 324 323
f 240 325 324
f 241 326 325
f 242 327 326
f 243 328 327
f 244 329 328
f 245 330 329
f 246 331 330
f 247 332 331
f 248 333 332
f 249 334 333
f 250 335 334
f 251 336 335
f 252 253 336
f 253 254 338
f 254 255 339
f 255 256 340
f 256 257 341
f 257 258 342
f 258 259 343
f 259 260 344
f 260 261 345
f 261 262 346
f 262 263 347
f 263 264 348
f 264 265 349
f 265 266 350
f 266 267 351
f 267 268 352
f 268 269 353
f 269 270 354
f 270 271 355
f 271 272 356
f 272 273 357
f 273 274 358
f 274 275 359
f 275 276 360
f 276 277 361
f 277 278 362
f 278 279 363
f 279 280 364
f 280 281 365
f 281 282 366
f 282 283 367
f 283 284 368
f 284 285 369
f 285 286 370
f 286 287 371
f 287 288 372
f 288 289 373
f 289 290 374
f 290 291 375
f 291 292 376
f 292 293 377
f 293 294 378
f 294 295 379
f 295 296 380
f 296 297 381
f 297 298 382
f 298 299 383
f 299 300 384
f 300 301 385
f 301 302 386
f 302 303 387
f 303 304 388
f 304 305 389
f 305 306 390
f 306 307 391
f 307 308 392
f 308 309 393
f 309 310 394
f 310 311 395
f 311 312 396
f 312 313 397
f 313 314 398
f 314 315 399
f 315 316 400
f 316 317 401
f 317 318 402
f 318 319 403
f 319 320 404
f 320 321 405
f 321 322 406
f 322 323 407
f 323 324 408
f 324 325 409
f 325 326 410
f 326 327 411
f 327 328 412
f 328 329 413
f 329 330 414
f 330 331 415
f 331 332 416
f 332 333 417
f 333 334 418
f 334 335 419
f 335 336 420
f 336 253 337
f 253 338 337
f 254 339 338
f 255 340 339
f 256 341 340
f 257 342 341
f 258 343 342
f 259 344 343
f 260 345 344
f 261 346 345
f 262 347 346
f 263 348 347
f 264 349 348
f 265 350 349
f 266 351 350
f 267 352 351
f 268 353 352
f 269 354 353
f 270 355 354
f 271 356 355
f 272 357 356
f 273 358 357
f 274 359 358
f 275 360 359
f 276 361 360
f 277 362 361
f 278 363 362
f 279 364 363
f 280 365 364
f 281 366 365
f 282 367 366
f 283 368 367
f 284 369 368
f 285 370 369
f 286 371 370
f 287 372 371
f 288 373 372
f 289 374 373
f 290 375 374
f 291 376 375
f 292 377 376
f 293 378 377
f 294 379 378
f 295 380 379
f 296 381 380
f 297 382 381
f 298 383 382
f 299 384 383
f 300 385 384
f 301 386 385
f 302 387 386
f 303 388 387
f 304 389 388
f 305 390 389
f 306 391 390
f 307 392 391
f 308 393 392
f 309 394 393
f 310 395 394
f 311 396 395
f 312 397 396
f 313 398 397
f 314 399 398
f 315 400 399
f 316 401 400
f 317 402 401
f 318 403 402
f 319 404 403
f 320 405 404
f 321 406 405
f 322 407 406
f 323 408 407
f 324 409 408
f 325 410 409
f 326 411 410
f 327 412 411
f 328 413 412
f 329 414 413
f 330 415 414
f 331 416 415
f 332 417 416
f 333 418 417
f 334 419 418
f 335 420 419
f 336 337 420
f 337 338 422
f 338 339 423
f 339 340 424
f 340 341 425
f 341 342 426
f 342 343 427
f 343 344 428
f 344 345 429
f 345 346 430
f 346 347 431
f 347 348 432
f 348 349 433
f 349 350 434
f 350 351 435
f 351 352 436
f 352 353 437
f 353 354 438
f 354 355 439
f 355 356 440
f 356 357 441
f 357 358 442
f 358 359 443
f 359 360 444
f 360 361 445
f 361 362 446
f 362 363 447
f 363 364 448
f 364 365 449
f 365 366 450
f 366 367 451
f 367 368 452
f 368 369 453
f 369 370 454
f 370 371 455
f 371 372 456
f 372 373 457
f 373 374 458
f 374 375 459
f 375 376 460
f 376 377 461
f 377 378 462
f 378 379 463
f 379 380 464
f 380 381 465
f 381 382 466
f 382 383 467
f 383 384 468
f 384 385 469
f 385 386 470
f 386 387 471
f 387 388 472
f 388 389 473
f 389 390 474
f 390 391 475
f 391 392 476
f 392 393 477
f 393 394 478
f 394 395 479
f 395 396 480
f 396 397 481
f 397 398 482
f 398 399 483
f 399 400 484
f 400 401 485
f 401 402 486
f 402 403 487
f 403 404 488
f 404 405 489
f 405 406 490
f 406 407 491
f 407 408 492
f 408 409 493
f 409 410 494
f 410 411 495
f 411 412 496
f 412 413 497
f 413 414 498
f 414 415 499
f 415 416 500
f 416 417 501
f 417 418 502
f 418 419 503
f 419 420 504
f 420 337 421
f 337 422 421
f 338 423 422
f 339 424 423
f 340 425 424
f 341 426 425
f 342 427 426
f 343 428 427
f 344 429 428
f 345 430 429
f 346 431 430
f 347 432 431
f 348 433 432
f 349 434 433
f 350 435 434
f 351 436 435
f 352 437 436
f 353 438 437
f 354 439 438
f 355 440 439
f 356 441 440
f 357 442 441
f 358 443 442
f 359 444 443
f 360 445 444
f 361 446 445
f 362 447 446
f 363 448 447
f 364 449 448
f 365 450 449
f 366 451 450
f 367 452 451
f 368 453 452
f 369 454 453
f 370 455 454
f 371 456 455
f 372 457 456
f 373 458 457
f 374 459 458
f 375 460 459
f 376 461 460
f 377 462 461
f 378 463 462
f 379 464 463
f 380 465 464
f 381 466 465
f 382 467 466
f 383 468 467
f 384 469 468
f 385 470 469
f 386 471 470
f 387 472 471
f 388 473 472
f 389 474 473
f 390 475 474
f 391 476 475
f 392 477 476
f 393 478 477
f 394 479 478
f 395 480 479
f 396 481 480
f 397 482 481
f 398 483 482
f 399 484 483
f 400 485 484
f 401 486 485
f 402 487 486
f 403 488 487
f 404 489 488
f 405 490 489
f 406 491 490
f 407 492 491
f 408 493 492
f 409 494 493
f 410 495 494
f 411 496 495
f 412 497 496
f 413 498 497
f 414 499 498
f 415 500 499
f 416 501 500
f 417 502 501
f 418 503 502
f 419 504 503
f 420 421 504
f 421 422 506
f 422 423 507
f 423 424 508
f 424 425 509
f 425 426 510
f 426 427 511
f 427 428 512
f 428 429 513
f 429 430 514
f 430 431 515
f 431 432 516
f 432 433 517
f 433 434 518
f 434 435 519
f 435 436 520
f 436 437 521
f 437 438 522
f 438 439 523
f 439 440 524
f 440 441 525
f 441 442 526
f 442 443 527
f 443 444 528
f 444 445 529
f 445 446 530
f 446 447 531
f 447 448 532
f 448 449 533
f 449 450 534
f 450 451 535
f 451 452 536
f 452 453 537
f 453 454 538
f 454 455 539
f 455 456 540
f 456 457 541
f 457 458 542
f 458 459 543
f 459 460 544
f 460 461 545
f 461 462 546
f 462 463 547
f 463 464 548
f 464 465 549
f 465 466 550
f 466 467 551
f 467 468 552
f 468 469 553
f 469 470 554
f 470 471 555
f 471 472 556
f 472 473 557
f 473 474 558
f 474 475 559
f 475 476 560
f 476 477 561
f 477 478 562
f 478 479 563
f 479 480 564
f 480 481 565
f 481 482 566
f 482 483 567
f 483 484 568
f 484 485 569
f 485 486 570
f 486 487 571
f 487 488 572
f 488 489 573
f 489 490 574
f 490 491 575
f 491 492 576
f 492 493 577
f 493 494 578
f 494 495 579
f 495 496 580
f 496 497 581
f 497 498 582
f 498 499 583
f 499 500 584
f 500 501 585
f 501 502 586
f 502 503 587
f 503 504 588
f 504 421 505
f 421 506 505
f 422 507 506
f 423 508 507
f 424 509 508
f 425 510 509
f 426 511 510
f 427 512 511
f 428 513 512
f 429 514 513
f 430 515 514
f 431 516 515
f 432 517 516
f 433 518 517
f 434 519 518
f 435 520 519
f 436 521 520
f 437 522 521
f 438 523 522
f 439 524 523
f 440 525 524
f 441 526 525
f 442 527 526
f 443 528 527
f 444 529 528
f 445 530 529
f 446 531 530
f 447 532 531
f 448 533 532
f 449 534 533
f 450 535 534
f 451 536 535
f 452 537 536
f 453 538 537
f 454 539 538
f 455 540 539
f 456 541 540
f 457 542 541
f 458 543 542
f 459 544 543
f 460 545 544
f 461 546 545
f 462 547 546
f 463 548 547
f 464 549 548
f 465 550 549
f 466 551 550
f 467 552 551
f 468 553 552
f 469 554 553
f 470 555 554
f 471 556 555
f 472 557 556
f 473 558 557
f 474 559 558
f 475 560 559
f 476 561 560
f 477 562 561
f 478 563 562
f 479 564 563
f 480 565 564
f 481 566 565
f 482 567 566
f 483 568 567
f 484 569 568
f 485 570 569
f 486 571 570
f 487 572 571
f 488 573 572
f 489 574 573
f 490 575 574
f 491 576 575
f 492 577 576
f 493 578 577
f 494 579 578
f 495 580 579
f 496 581 580
f 497 582 581
f 498 583 582
f 499 584 583
f 500 585 584
f 501 586 585
f 502 587 586
f 503 588 587
f 504 505 588
f 505 506 590
f 506 507 591
f 507 508 592
f 508 509 593
f 509 510 594
f 510 511 595
f 511 512 596
f 512 513 597
f 513 514 598
f 514 515 599
f 515 516 600
f 516 517 601
f 517 518 602
f 518 519 603
f 519 520 604
f 520 521 605
f 521 522 606
f 522 523 607
f 523 524 608
f 524 525 609
f 525 526 610
f 526 527 611
f 527 528 612
f 528 529 613
f 529 530 614
f 530 531 615
f 531 532 616
f 532 533 617
f 533 534 618
f 534 535 619
f 535 536 620
f 536 537 621
f 537 538 622
f 538 539 623
f 539 540 624
f 540 541 625
f 541 542 626
f 542 543 627
f 543 544 628
f 544 545 629
f 545 546 630
f 546 547 631
f 547 548 632
f 548 549 633
f 549 550 634
f 550 551 635
f 551 552 636
f 552 553 637
f 553 554 638
f 554 555 639
f 555 556 640
f 556 557 641
f 557 558 642
f 558 559 643
f 559 560 644
f 560 561 645
f 561 562 646
f 562 563 647
f 563 564 648
f 564 565 649
f 565 566 650
f 566 567 651
f 567 568 652
f 568 569 653
f 569 570 654
f 570 571 655
f 571 572 656
f 572 573 657
f 573 574 658
f 574 575 659
f 575 576 660
f 576 577 661
f 577 578 662
f 578 579 663
f 579 580 664
f 580 581 665
f 581 582 666
f 582 583 667
f 583 584 668
f 584 585 669
f 585 586 670
f 586 587 671
f 587 588 672
f 588 505 589
f 505 590 589
f 506 591 590
f 507 592 591
f 508 593 592
f 509 594 593
f 510 595 594
f 511 596 595
f 512 597 596
f 513 598 597
f 514 599 598
f 515 600 599
f 516 601 600
f 517 602 601
f 518 603 602
f 519 604 603
f 520 605 604
f 521 606 605
f 522 607 606
f 523 608 607
f 524 609 608
f 525 610 609
f 526 611 610
f 527 612 611
f 528 613 612
f 529 614 613
f 530 615 614
f 531 616 615
f 532 617 616
f 533 618 617
f 534 619 618
f 535 620 619
f 536 621 620
f 537 622 621
f 538 623 622
f 539 624 623
f 540 625 624
f 541 626 625
f 542 627 626
f 543 628 627
f 544 629 628
f 545 630 629
f 546 631 630
f 547 632 631
f 548 633 632
f 549 634 633
f 550 635 634
f 551 636 635
f 552 637 636
f 553 638 637
f 554 639 638
f 555 640 639
f 556 641 640
f 557 642 641
f 558 643 642
f 559 644 643
f 560 645 644
f 561 646 645
f 562 647 646
f 563 648 647
f 564 649 648
f 565 650 649
f 566 651 650
f 567 652 651
f 568 653 652
f 569 654 653
f 570 655 654
f 571 656 655
f 572 657 656
f 573 658 657
f 574 659 658
f 575 660 659
f 576 661 660
f 577 662 661
f 578 663 662
f 579 664 663
f 580 665 664
f 581 666 665
f 582 667 666
f 583 668 667
f 584 669 668
f 585 670 669
f 586 671 670
f 587 672 671
f 588 589 672
f 589 590 674
f 590 591 675
f 591 592 676
f 592 593 677
f 593 594 678
f 594 595 679
f 595 596 680
f 596 597 681
f 597 598 682
f 598 599 683
f 599 600 684
f 600 601 685
f 601 602 686
f 602 603 687
f 603 604 688
f 604 605 689
f 605 606 690
f 606 607 691
f 607 608 692
f 608 609 693
f 609 610 694
f 610 611 695
f 611 612 696
f 612 613 697
f 613 614 698
f 614 615 699
f 615 616 700
f 616 617 701
f 617 618 702
f 618 619 703
f 619 620 704
f 620 621 705
f 621 622 706
f 622 623 707
f 623 624 708
f 624 625 709
f 625 626 710
f 626 627 711
f 627 628 712
f 628 629 713
f 629 630 714
f 630 631 715
f 631 632 716
f 632 633 717
f 633 634 718
f 634 635 719
f 635 636 720
f 636 637 721
f 637 638 722
f 638 639 723
f 639 640 724
f 640 641 725
f 641 642 726
f 642 643 727
f 643 644 728
f 644 645 729
f 645 646 730
f 646 647 731
f 647 648 732
f 648 649 733
f 649 650 734
f 650 651 735
f 651 652 736
f 652 653 737
f 653 654 738
f 654 655 739
f 655 656 740
f 656 657 741
f 657 658 742
f 658 659 743
f 659 660 744
f 660 661 745
f 661 662 746
f 662 663 747
f 663 664 748
f 664 665 749
f 665 666 750
f 666 667 751
f 667 668 752
f 668 669 753
f 669 670 754
f 670 671 755
f 671 672 756
f 672 589 673
f 589 674 673
f 590 675 674
f 591 676 675
f 592 677 676
f 593 678 677
f 594 679 678
f 595 680 679
f 596 681 680
f 597 682 681
f 598 683 682
f 599 684 683
f 600 685 684
f 601 686 685
f 602 687 686
f 603 688 687
f 604 689 688
f 605 690 689
f 606 691 690
f 607 692 691
f 608 693 692
f 609 694 693
f 610 695 694
f 611 696 695
f 612 697 696
f 613 698 697
f 614 699 698
f 615 700 699
f 616 701 700
f 617 702 701
f 618 703 702
f 619 704 703
f 620 705 704
f 621 706 705
f 622 707 706
f 623 708 707
f 624 709 708
f 625 710 709
f 626 711 710
f 627 712 711
f 628 713 712
f 629 714 713
f 630 715 714
f 631 716 715
f 632 717 716
f 633 718 717
f 634 719 718
f 635 720 719
f 636 721 720
f 637 722 721
f 638 723 722
f 639 724 723
f 640 725 724
f 641 726 725
f 642 727 726
f 643 728 727
f 644 729 728
f 645 730 729
f 646 731 730
f 647 732 731
f 648 733 732
f 649 734 733
f 650 735 734
f 651 736 735
f 652 737 736
f 653 738 737
f 654 739 738
f 655 740 739
f 656 741 740
f 657 742 741
f 658 743 742
f 659 744 743
f 660 745 744
f 661 746 745
f 662 747 746
f 663 748 747
f 664 749 748
f 665 750 749
f 666 751 750
f 667 752 751
f 668 753 752
f 669 754 753
f 670 755 754
f 671 756 755
f 672 673 756
f 673 674 758
f 674 675 759
f 675 676 760
f 676 677 761
f 677 678 762
f 678 679 763
f 679 680 764
f 680 681 765
f 681 682 766
f 682 683 767
f 683 684 768
f 684 685 769
f 685 686 770
f 686 687 771
f 687 688 772
f 688 689 773
f 689 690 774
f 690 691 775
f 691 692 776
f 692 693 777
f 693 694 778
f 694 695 779
f 695 696 780
f 696 697 781
f 697 698 782
f 698 699 783
f 699 700 784
f 700 701 785
f 701 702 786
f 702 703 787
f 703 704 788
f 704 705 789
f 705 706 790
f 706 707 791
f 707 708 792
f 708 709 793
f 709 710 794
f 710 711 795
f 711 712 796
f 712 713 797
f 713 714 798
f 714 715 799
f 715 716 800
f 716 717 801
f 717 718 802
f 718 719 803
f 719 720 804
f 720 721 805
f 721 722 806
f 722 723 807
f 723 724 808
f 724 725 809
f 725 726 810
f 726 727 811
f 727 728 812
f 728 729 813
f 729 730 814
f 730 731 815
f 731 732 816
f 732 733 817
f 733 734 818
f 734 735 819
f 735 736 820
f 736 737 821
f 737 738 822
f 738 739 823
f 739 740 824
f 740 741 825
f 741 742 826
f 742 743 827
f 743 744 828
f 744 745 829
f 745 746 830
f 746 747 831
f 747 748 832
f 748 749 833
f 749 750 834
f 750 751 835
f 751 752 836
f 752 753 837
f 753 754 838
f 754 755 839
f 755 756 840
f 756 673 757
f 673 758 757
f 674 759 758
f 675 760 759
f 676 761 760
f 677 762 761
f 678 763 762
f 679 764 763
f 680 765 764
f 681 766 765
f 682 767 766
f 683 768 767
f 684 769 768
f 685 770 769
f 686 771 770
f 687 772 771
f 688 773 772
f 689 774 773
f 690 775 774
f 691 776 775
f 692 777 776
f 693 778 777
f 694 779 778
f 695 780 779
f 696 781 780
f 697 782 781
f 698 783 782
f 699 784 783
f 700 785 784
f 701 786 785
f 702 787 786
f 703 788 787
f 704 789 788
f 705 790 789
f 706 791 790
f 707 792 791
f 708 793 792
f 709 794 793
f 710 795 794
f 711 796 795
f 712 797 796
f 713 798 797
f 714 799 798
f 715 800 799
f 716 801 800
f 717 802 801
f 718 803 802
f 719 804 803
f 720 805 804
f 721 806 805
f 722 807 806
f 723 808 807
f 724 809 808
f 725 810 809
f 726 811 810
f 727 812 811
f 728 813 812
f 729 814 813
f 730 815 814
f 731 816 815
f 732 817 816
f 733 818 817
f 734 819 818
f 735 820 819
f 736 821 820
f 737 822 821
f 738 823 822
f 739 824 823
f 740 825 824
f 741 826 825
f 742 827 826
f 743 828 827
f 744 829 828
f 745 830 829
f 746 831 830
f 747 832 831
f 748 833 832
f 749 834 833
f 750 835 834
f 751 836 835
f 752 837 836
f 753 838 837
f 754 839 838
f 755 840 839
f 756 757 840
f 757 758 842
f 758 759 843
f 759 760 844
f 760 761 845
f 761 762 846
f 762 763 847
f 763 764 848
f 764 765 849
f 765 766 850
f 766 767 851
f 767 768 852
f 768 769 853
f 769 770 854
f 770 771 855
f 771 772 856
f 772 773 857
f 773 774 858
f 774 775 859
f 775 776 860
f 776 777 861
f 777 778 862
f 778 779 863
f 779 780 864
f 780 781 865
f 781 782 866
f 782 783 867
f 783 784 868
f 784 785 869
f 785 786 870
f 786 787 871
f 787 788 872
f 788 789 873
f 789 790 874
f 790 791 875
f 791 792 876
f 792 793 877
f 793 794 878
f 794 795 879
f 795 796 880
f 796 797 881
f 797 798 882
f 798 799 883
f 799 800 884
f 800 801 885
f 801 802 886
f 802 803 887
f 803 804 888
f 804 805 889
f 805 806 890
f 806 807 891
f 807 808 892
f 808 809 893
f 809 810 894
f 810 811 895
f 811 812 896
f 812 813 897
f 813 814 898
f 814 815 899
f 815 816 900
f 816 817 901
f 817 818 902
f 818 819 903
f 819 820 904
f 820 821 905
f 821 822 906
f 822 823 907
f 823 824 908
f 824 825 909
f 825 826 910
f 826 827 911
f 827 828 912
f 828 829 913
f 829 830 914
f 830 831 915
f 831 832 916
f 832 833 917
f 833 834 918
f 834 835 919
f 835 836 920
f 836 837 921
f 837 838 922
f 838 839 923
f 839 840 924
f 840 757 841
f 757 842 841
f 758 843 842
f 759 844 843
f 760 845 844
f 761 846 845
f 762 847 846
f 763 848 847
f 764 849 848
f 765 850 849
f 766 851 850
f 767 852 851
f 768 853 852
f 769 854 853
f 770 855 854
f 771 856 855
f 772 857 856
f 773 858 857
f 774 859 858
f 775 860 859
f 776 861 860
f 777 862 861
f 778 863 862
f 779 864 863
f 780 865 864
f 781 866 865
f 782 867 866
f 783 868 867
f 784 869 868
f 785 870 869
f 786 871 870
f 787 872 871
f 788 873 872
f 789 874 873
f 790 875 874
f 791 876 875
f 792 877 876
f 793 878 877
f 794 879 878
f 795 880 879
f 796 881 880
f 797 882 881
f 798 883 882
f 799 884 883
f 800 885 884
f 801 886 885
f 802 887 886
f 803 888 887
f 804 889 888
f 805 890 889
f 806 891 890
f 807 892 891
f 808 893 892
f 809 894 893
f 810 895 894
f 811 896 895
f 812 897 896
f 813 898 897
f 814 899 898
f 815 900 899
f 816 901 900
f 817 902 901
f 818 903 902
f 819 904 903
f 820 905 904
f 821 906 905
f 822 907 906
f 823 908 907
f 824 909 908
f 825 910 909
f 826 911 910
f 827 912 911
f 828 913 912
f 829 914 913
f 830 915 914
f 831 916 915
f 832 917 916
f 833 918 917
f 834 919 918
f 835 920 919
f 836 921 920
f 837 922 921
f 838 923 922
f 839 924 923
f 840 841 924
f 841 842 926
f 842 843 927
f 843 844 928
f 844 845 929
f 845 846 930
f 846 847 931
f 847 848 932
f 848 849 933
f 849 850 934
f 850 851 935
f 851 852 936
f 852 853 937
f 853 854 938
f 854 855 939
f 855 856 940
f 856 857 941
f 857 858 942
f 858 859 943
f 859 860 944
f 860 861 945
f 861 862 946
f 862 863 947
f 863 864 948
f 864 865 949
f 865 866 950
f 866 867 951
f 867 868 952
f 868 869 953
f 869 870 954
f 870 871 955
f 871 872 956
f 872 873 957
f 873 874 958
f 874 875 959
f 875 876 960
f 876 877 961
f 877 878 962
f 878 879 963
f 879 880 964
f 880 881 965
f 881 882 966
f 882 883 967
f 883 884 968
f 884 885 969
f 885 886 970
f 886 887 971
f 887 888 972
f 888 889 973
f 889 890 974
f 890 891 975
f 891 892 976
f 892 893 977
f 893 894 978
f 894 895 979
f 895 896 980
f 896 897 981
f 897 898 982
f 898 899 983
f 899 900 984
f 900 901 985
f 901 902 986
f 902 903 987
f 903 904 988
f 904 905 989
f 905 906 990
f 906 907 991
f 907 908 992
f 908 909 993
f 909 910 994
f 910 911 995
f 911 912 996
f 912 913 997
f 913 914 998
f 914 915 999
f 915 916 1000
f 916 917 1001
f 917 918 1002
f 918 919 1003
f 919 920 1004
f 920 921 1005
f 921 922 1006
f 922 923 1007
f 923 924 1008
f 924 841 925
f 841 926 925
f 842 927 926
f 843 928 927
f 844 929 928
f 845 930 929
f 846 931 930
f 847 932 931
f 848 933 932
f 849 934 933
f 850 935 934
f 851 936 935
f 852 937 936
f 853 938 937
f 854 939 938
f 855 940 939
f 856 941 940
f 857 942 941
f 858 943 942
f 859 944 943
f 860 945 944
f 861 946 945
f 862 947 946
f 863 948 947
f 864 949 948
f 865 950 949
f 866 951 950
f 867 952 951
f 868 953 952
f 869 954 953
f 870 955 954
f 871 956 955
f 872 957 956
f 873 958 957
f 874 959 958
f 875 960 959
f 876 961 960
f 877 962 961
f 878 963 962
f 879 964 963
f 880 965 964
f 881 966 965
f 882 967 966
f 883 968 967
f 884 969 968
f 885 970 969
f 886 971 970
f 887 972 971
f 888 973 972
f 889 974 973
f 890 975 974
f 891 976 975
f 892 977 976
f 893 978 977
f 894 979 978
f 895 980 979
f 896 981 980
f 897 982 981
f 898 983 982
f 899 984 983
f 900 985 984
f 901 986 985
f 902 987 986
f 903 988 987
f 904 989 988
f 905 990 989
f 906 991 990
f 907 992 991
f 908 993 992
f 909 994 993
f 910 995 994
f 911 996 995
f 912 997 996
f 913 998 997
f 914 999 998
f 915 1000 999
f 916 1001 1000
f 917 1002 1001
f 918 1003 1002
f 919 1004 1003
f 920 1005 1004
f 921 1006 1005
f 922 1007 1006
f 923 1008 1007
f 924 925 1008
f 925 926 1010
f 926 927 1011
f 927 928 1012
f 928 929 1013
f 929 930 1014
f 930 931 1015
f 931 932 1016
f 932 933 1017
f 933 934 1018
f 934 935 1019
f 935 936 1020
f 936 937 1021
f 937 938 1022
f 938 939 1023
f 939 940 1024
f 940 941 1025
f 941 942 1026
f 942 943 1027
f 943 944 1028
f 944 945 1029
f 945 946 1030
f 946 947 1031
f 947 948 1032
f 948 949 1033
f 949 950 1034
f 950 951 1035
f 951 952 1036
f 952 953 1037
f 953 954 1038
f 954 955 1039
f 955 956 1040
f 956 957 1041
f 957 958 1042
f 958 959 1043
f 959 960 1044
f 960 961 1045
f 961 962 1046
f 962 963 1047
f 963 964 1048
f 964 965 1049
f 965 966 1050
f 966 967 1051
f 967 968 1052
f 968 969 1053
f 969 970 1054
f 970 971 1055
f 971 972 1056
f 972 973 1057
f 973 974 1058
f 974 975 1059
f 975 976 1060
f 976 977 1061
f 977 978 1062
f 978 979 1063
f 979 980 1064
f 980 981 1065
f 981 982 1066
f 982 983 1067
f 983 984 1068
f 984 985 1069
f 985 986 1070
f 986 987 1071
f 987 988 1072
f 988 989 1073
f 989 990 1074
f 990 991 1075
f 991 992 1076
f 992 993 1077
f 993 994 1078
f 994 995 1079
f 995 996 1080
f 996 997 1081
f 997 998 1082
f 998 999 1083
f 999 1000 1084
f 1000 1001 1085
f 1001 1002 1086
f 1002 1003 1087
f 1003 1004 1088
f 1004 1005 1089
f 1005 1006 1090
f 1006 1007 1091
f 1007 1008 1092
f 1008 925 1009
f 925 1010 1009
f 926 1011 1010
f 927 1012 1011
f 928 1013 1012
f 929 1014 1013
f 930 1015 1014
f 931 1016 1015
f 932 1017 1016
f 933 1018 1017
f 934 1019 1018
f 935 1020 1019
f 936 1021 1020
f 937 1022 1021
f 938 1023 1022
f 939 1024 1023
f 940 1025 1024
f 941 1026 1025
f 942 1027 1026
f 943 1028 1027
f 944 1029 1028
f 945 1030 1029
f 946 1031 1030
f 947 1032 1031
f 948 1033 1032
f 949 1034 1033
f 950 1035 1034
f 951 1036 1035
f 952 1037 1036
f 953 1038 1037
f 954 1039 1038
f 955 1040 1039
f 956 1041 1040
f 957 1042 1041
f 958 1043 1042
f 959 1044 1043
f 960 1045 1044
f 961 1046 1045
f 962 1047 1046
f 963 1048 1047
f 964 1049 1048
f 965 1050 1049
f 966 1051 1050
f 967 1052 1051
f 968 1053 1052
f 969 1054 1053
f 970 1055 1054
f 971 1056 1055
f 972 1057 1056
f 973 1058 1057
f 974 1059 1058
f 975 1060 1059
f 976 1061 1060
f 977 1062 1061
f 978 1063 1062
f 979 1064 1063
f 980 1065 1064
f 981 1066 1065
f 982 1067 1066
f 983 1068 1067
f 984 1069 1068
f 985 1070 1069
f 986 1071 1070
f 987 1072 1071
f 988 1073 1072
f 989 1074 1073
f 990 1075 1074
f 991 1076 1075
f 992 1077 1076
f 993 1078 1077
f 994 1079 1078
f 995 1080 1079
f 996 1081 1080
f 997 1082 1081
f 998 1083 1082
f 999 1084 1083
f 1000 1085 1084
f 1001 1086 1085
f 1002 1087 1086
f 1003 1088 1087
f 1004 1089 1088
f 1005 1090 1089
f 1006 1091 1090
f 1007 1092 1091
f 1008 1009 1092
f 1009 1010 1094
f 1010 1011 1095
f 1011 1012 1096
f 1012 1013 1097
f 1013 1014 1098
f 1014 1015 1099
f 1015 1016 1100
f 1016 1017 1101
f 1017 1018 1102
f 1018 1019 1103
f 1019 1020 1104
f 1020 1021 1105
f 1021 1022 1106
f 1022 1023 1107
f 1023 1024 1108
f 1024 1025 1109
f 1025 1026 1110
f 1026 1027 1111
f 1027 1028 1112
f 1028 1029 1113
f 1029 1030 1114
f 1030 1031 1115
f 1031 1032 1116
f 1032 1033 1117
f 1033 1034 1118
f 1034 1035 1119
f 1035 1036 1120
f 1036 1037 1121
f 1037 1038 1122
f 1038 1039 1123
f 1039 1040 1124
f 1040 1041 1125
f 1041 1042 1126
f 1042 1043 1127
f 1043 1044 1128
f 1044 1045 1129
f 1045 1046 1130
f 1046 1047 1131
f 1047 1048 1132
f 1048 1049 1133
f 1049 1050 1134
f 1050 1051 1135
f 1051 1052 1136
f 1052 1053 1137
f 1053 1054 1138
f 1054 1055 1139
f 1055 1056 1140
f 1056 1057 1141
f 1057 1058 1142
f 1058 1059 1143
f 1059 1060 1144
f 1060 1061 1145
f 1061 1062 1146
f 1062 1063 1147
f 1063 1064 1148
f 1064 1065 1149
f 1065 1066 1150
f 1066 1067 1151
f 1067 1068 1152
f 1068 1069 1153
f 1069 1070 1154
f 1070 1071 1155
f 1071 1072 1156
f 1072 1073 1157
f 1073 1074 1158
f 1074 1075 1159
f 1075 1076 1160
f 1076 1077 1161
f 1077 1078 1162
f 1078 1079 1163
f 1079 1080 1164
f 1080 1081 1165
f 1081 1082 1166
f 1082 1083 1167
f 1083 1084 1168
f 1084 1085 1169
f 1085 1086 1170
f 1086 1087 1171
f 1087 1088 1172
f 1088 1089 1173
f 1089 1090 1174
f 1090 1091 1175
f 1091 1092 1176
f 1092 1009 1093
f 1009 1094 1093
f 1010 1095 1094
f 1011 1096 1095
f 1012 1097 1096
f 1013 1098 1097
f 1014 1099 1098
f 1015 1100 1099
f 1016 1101 1100
f 1017 1102 1101
f 1018 1103 1102
f 1019 1104 1103
f 1020 1105 1104
f 1021 1106 1105
f 1022 1107 1106
f 1023 1108 1107
f 1024 1109 1108
f 1025 1110 1109
f 1026 1111 1110
f 1027 1112 1111
f 1028 1113 1112
f 1029 1114 1113
f 1030 1115 1114
f 1031 1116 1115
f 1032 1117 1116
f 1033 1118 1117
f 1034 1119 1118
f 1035 1120 1119
f 1036 1121 1120
f 1037 1122 1121
f 1038 1123 1122
f 1039 1124 1123
f 1040 1125 1124
f 1041 1126 1125
f 1042 1127 1126
f 1043 1128 1127
f 1044 1129 1128
f 1045 1130 1129
f 1046 1131 1130
f 1047 1132 1131
f 1048 1133 1132
f 1049 1134 1133
f 1050 1135 1134
f 1051 1136 1135
f 1052 1137 1136
f 1053 1138 1137
f 1054 1139 1138
f 1055 1140 1139
f 1056 1141 1140
f 1057 1142 1141
f 1058 1143 1142
f 1059 1144 1143
f 1060 1145 1144
f 1061 1146 1145
f 1062 1147 1146
f 1063 1148 1147
f 1064 1149 1148
f 1065 1150 1149
f 1066 1151 1150
f 1067 1152 1151
f 1068 1153 1152
f 1069 1154 1153
f 1070 1155 1154
f 1071 1156 1155
f 1072 1157 1156
f 1073 1158 1157
f 1074 1159 1158
f 1075 1160 1159
f 1076 1161 1160
f 1077 1162 1161
f 1078 1163 1162
f 1079 1164 1163
f 1080 1165 1164
f 1081 1166 1165
f 1082 1167 1166
f 1083 1168 1167
f 1084 1169 1168
f 1085 1170 1169
f 1086 1171 1170
f 1087 1172 1171
f 1088 1173 1172
f 1089 1174 1173
f 1090 1175 1174
f 1091 1176 1175
f 1092 1093 1176
f 1093 1094 1178
f 1094 1095 1179
f 1095 1096 1180
f 1096 1097 1181
f 1097 1098 1182
f 1098 1099 1183
f 1099 1100 1184
f 1100 1101 1185
f 1101 1102 1186
f 1102 1103 1187
f 1103 1104 1188
f 1104 1105 1189
f 1105 1106 1190
f 1106 1107 1191
f 1107 1108 1192
f 1108 1109 1193
f 1109 1110 1194
f 1110 1111 1195
f 1111 1112 1196
f 1112 1113 1197
f 1113 1114 1198
f 1114 1115 1199
f 1115 1116 1200
f 1116 1117 1201
f 1117 1118 1202
f 1118 1119 1203
f 1119 1120 1204
f 1120 1121 1205
f 1121 1122 1206
f 1122 1123 1207
f 1123 1124 1208
f 1124 1125 1209
f 1125 1126 1210
f 1126 1127 1211
f 1127 1128 1212
f 1128 1129 1213
f 1129 1130 1214
f 1130 1131 1215
f 1131 1132 1216
f 1132 1133 1217
f 1133 1134 1218
f 1134 1135 1219
f 1135 1136 1220
f 1136 1137 1221
f 1137 1138 1222
f 1138 1139 1223
f 1139 1140 1224
f 1140 1141 1225
f 1141 1142 1226
f 1142 1143 1227
f 1143 1144 1228
f 1144 1145 1229
f 1145 1146 1230
f 1146 1147 1231
f 1147 1148 1232
f 1148 1149 1233
f 1149 1150 1234
f 1150 1151 1235
f 1151 1152 1236
f 1152 1153 1237
f 1153 1154 1238
f 1154 1155 1239
f 1155 1156 1240
f 1156 1157 1241
f 1157 1158 1242
f 1158 1159 1243
f 1159 1160 1244
f 1160 1161 1245
f 1161 1162 1246
f 1162 1163 1247
f 1163 1164 1248
f 1164 1165 1249
f 1165 1166 1250
f 1166 1167 1251
f 1167 1168 1252
f 1168 1169 1253
f 1169 1170 1254
f 1170 1171 1255
f 1171 1172 1256
f 1172 1173 1257
f 1173 1174 1258
f 1174 1175 1259
f 1175 1176 1260
f 1176 1093 1177
f 1093 1178 1177
f 1094 1179 1178
f 1095 1180 1179
f 1096 1181 1180
f 1097 1182 1181
f 1098 1183 1182
f 1099 1184 1183
f 1100 1185 1184
f 1101 1186 1185
f 1102 1187 1186
f 1103 1188 1187
f 1104 1189 1188
f 1105 1190 1189
f 1106 1191 1190
f 1107 1192 1191
f 1108 1193 1192
f 1109 1194 1193
f 1110 1195 1194
f 1111 1196 1195
f 1112 1197 1196
f 1113 1198 1197
f 1114 1199 1198
f 1115 1200 1199
f 1116 1201 1200
f 1117 1202 1201
f 1118 1203 1202
f 1119 1204 1203
f 1120 1205 1204
f 1121 1206 1205
f 1122 1207 1206
f 1123 1208 1207
f 1124 1209 1208
f 1125 1210 1209
f 1126 1211 1210
f 1127 1212 1211
f 1128 1213 1212
f 1129 1214 1213
f 1130 1215 1214
f 1131 1216 1215
f 1132 1217 1216
f 1133 1218 1217
f 1134 1219 1218
f 1135 1220 1219
f 1136 1221 1220
f 1137 1222 1221
f 1138 1223 1222
f 1139 1224 1223
f 1140 1225 1224
f 1141 1226 1225
f 1142 1227 1226
f 1143 1228 1227
f 1144 1229 1228
f 1145 1230 1229
f 1146 1231 1230
f 1147 1232 1231
f 1148 1233 1232
f 1149 1234 1233
f 1150 1235 1234
f 1151 1236 1235
f 1152 1237 1236
f 1153 1238 1237
f 1154 1239 1238
f 1155 1240 1239
f 1156 1241 1240
f 1157 1242 1241
f 1158 1243 1242
f 1159 1244 1243
f 1160 1245 1244
f 1161 1246 1245
f 1162 1247 1246
f 1163 1248 1247
f 1164 1249 1248
f 1165 1250 1249
f 1166 1251 1250
f 1167 1252 1251
f 1168 1253 1252
f 1169 1254 1253
f 1170 1255 1254
f 1171 1256 1255
f 1172 1257 1256
f 1173 1258 1257
f 1174 1259 1258
f 1175 1260 1259
f 1176 1177 1260
f 1177 1178 1262
f 1178 1179 1263
f 1179 1180 1264
f 1180 1181 1265
f 1181 1182 1266
f 1182 1183 1267
f 1183 1184 1268
f 1184 1185 1269
f 1185 1186 1270
f 1186 1187 1271
f 1187 1188 1272
f 1188 1189 1273
f 1189 1190 1274
f 1190 1191 1275
f 1191 1192 1276
f 1192 1193 1277
f 1193 1194 1278
f 1194 1195 1279
f 1195 1196 1280
f 1196 1197 1281
f 1197 1198 1282
f 1198 1199 1283
f 1199 1200 1284
f 1200 1201 1285
f 1201 1202 1286
f 1202 1203 1287
f 1203 1204 1288
f 1204 1205 1289
f 1205 1206 1290
f 1206 1207 1291
f 1207 1208 1292
f 1208 1209 1293
f 1209 1210 1294
f 1210 1211 1295
f 1211 1212 1296
f 1212 1213 1297
f 1213 1214 1298
f 1214 1215 1299
f 1215 1216 1300
f 1216 1217 1301
f 1217 1218 1302
f 1218 1219 1303
f 1219 1220 1304
f 1220 1221 1305
f 1221 1222 1306
f 1222 1223 1307
f 1223 1224 1308
f 1224 1225 1309
f 1225 1226 1310
f 1226 1227 1311
f 1227 1228 1312
f 1228 1229 1313
f 1229 1230 1314
f 1230 1231 1315
f 1231 1232 1316
f 1232 1233 1317
f 1233 1234 1318
f 1234 1235 1319
f 1235 1236 1320
f 1236 1237 1321
f 1237 1238 1322
f 1238 1239 1323
f 1239 1240 1324
f 1240 1241 1325
f 1241 1242 1326
f 1242 1243 1327
f 1243 1244 1328
f 1244 1245 1329
f 1245 1246 1330
f 1246 1247 1331
f 1247 1248 1332
f 1248 1249 1333
f 1249 1250 1334
f 1250 1251 1335
f 1251 1252 1336
f 1252 1253 1337
f 1253 1254 1338
f 1254 1255 1339
f 1255 1256 1340
f 1256 1257 1341
f 1257 1258 1342
f 1258 1259 1343
f 1259 1260 1344
f 1260 1177 1261
f 1177 1262 1261
f 1178 1263 1262
f 1179 1264 1263
f 1180 1265 1264
f 1181 1266 1265
f 1182 1267 1266
f 1183 1268 1267
f 1184 1269 1268
f 1185 1270 1269
f 1186 1271 1270
f 1187 1272 1271
f 1188 1273 1272
f 1189 1274 1273
f 1190 1275 1274
f 1191 1276 1275
f 1192 1277 1276
f 1193 1278 1277
f 1194 1279 1278
f 1195 1280 1279
f 1196 1281 1280
f 1197 1282 1281
f 1198 1283 1282
f 1199 1284 1283
f 1200 1285 1284
f 1201 1286 1285
f 1202 1287 1286
f 1203 1288 1287
f 1204 1289 1288
f 1205 1290 1289
f 1206 1291 1290
f 1207 1292 1291
f 1208 1293 1292
f 1209 1294 1293
f 1210 1295 1294
f 1211 1296 1295
f 1212 1297 1296
f 1213 1298 1297
f 1214 1299 1298
f 1215 1300 1299
f 1216 1301 1300
f 1217 1302 1301
f 1218 1303 1302
f 1219 1304 1303
f 1220 1305 1304
f 1221 1306 1305
f 1222 1307 1306
f 1223 1308 1307
f 1224 1309 1308
f 1225 1310 1309
f 1226 1311 1310
f 1227 1312 1311
f 1228 1313 1312
f 1229 1314 1313
f 1230 1315 1314
f 1231 1316 1315
f 1232 1317 1316
f 1233 1318 1317
f 1234 1319 1318
f 1235 1320 1319
f 1236 1321 1320
f 1237 1322 1321
f 1238 1323 1322
f 1239 1324 1323
f 1240 1325 1324
f 1241 1326 1325
f 1242 1327 1326
f 1243 1328 1327
f 1244 1329 1328
f 1245 1330 1329
f 1246 1331 1330
f 1247 1332 1331
f 1248 1333 1332
f 1249 1334 1333
f 1250 1335 1334
f 1251 1336 1335
f 1252 1337 1336
f 1253 1338 1337
f 1254 1339 1338
f 1255 1340 1339
f 1256 1341 1340
f 1257 1342 1341
f 1258 1343 1342
f 1259 1344 1343
f 1260 1261 1344
f 1261 1262 1346
f 1262 1263 1347
f 1263 1264 1348
f 1264 1265 1349
f 1265 1266 1350
f 1266 1267 1351
f 1267 1268 1352
f 1268 1269 1353
f 1269 1270 1354
f 1270 1271 1355
f 1271 1272 1356
f 1272 1273 1357
f 1273 1274 1358
f 1274 1275 1359
f 1275 1276 1360
f 1276 1277 1361
f 1277 1278 1362
f 1278 1279 1363
f 1279 1280 1364
f 1280 1281 1365
f 1281 1282 1366
f 1282 1283 1367
f 1283 1284 1368
f 1284 1285 1369
f 1285 1286 1370
f 1286 1287 1371
f 1287 1288 1372
f 1288 1289 1373
f 1289 1290 1374
f 1290 1291 1375
f 1291 1292 1376
f 1292 1293 1377
f 1293 1294 1378
f 1294 1295 1379
f 1295 1296 1380
f 1296 1297 1381
f 1297 1298 1382
f 1298 1299 1383
f 1299 1300 1384
f 1300 1301 1385
f 1301 1302 1386
f 1302 1303 1387
f 1303 1304 1388
f 1304 1305 1389
f 1305 1306 1390
f 1306 1307 1391
f 1307 1308 1392
f 1308 1309 1393
f 1309 1310 1394
f 1310 1311 1395
f 1311 1312 1396
f 1312 1313 1397
f 1313 1314 1398
f 1314 1315 1399
f 1315 1316 1400
f 1316 1317 1401
f 1317 1318 1402
f 1318 1319 1403
f 1319 1320 1404
f 1320 1321 1405
f 1321 1322 1406
f 1322 1323 1407
f 1323 1324 1408
f 1324 1325 1409
f 1325 1326 1410
f 1326 1327 1411
f 1327 1328 1412
f 1328 1329 1413
f 1329 1330 1414
f 1330 1331 1415
f 1331 1332 1416
f 1332 1333 1417
f 1333 1334 1418
f 1334 1335 1419
f 1335 1336 1420
f 1336 1337 1421
f 1337 1338 1422
f 1338 1339 1423
f 1339 1340 1424
f 1340 1341 1425
f 1341 1342 1426
f 1342 1343 1427
f 1343 1344 1428
f 1344 1261 1345
f 1261 1346 1345
f 1262 1347 1346
f 1263 1348 1347
f 1264 1349 1348
f 1265 1350 1349
f 1266 1351 1350
f 1267 1352 1351
f 1268 1353 1352
f 1269 1354 1353
f 1270 1355 1354
f 1271 1356 1355
f 1272 1357 1356
f 1273 1358 1357
f 1274 1359 1358
f 1275 1360 1359
f 1276 1361 1360
f 1277 1362 1361
f 1278 1363 1362
f 1279 1364 1363
f 1280 1365 1364
f 1281 1366 1365
f 1282 1367 1366
f 1283 1368 1367
f 1284 1369 1368
f 1285 1370 1369
f 1286 1371 1370
f 1287 1372 1371
f 1288 1373 1372
f 1289 1374 1373
f 1290 1375 1374
f 1291 1376 1375
f 1292 1377 1376
f 1293 1378 1377
f 1294 1379 1378
f 1295 1380 1379
f 1296 1381 1380
f 1297 1382 1381
f 1298 1383 1382
f 1299 1384 1383
f 1300 1385 1384
f 1301 1386 1385
f 1302 1387 1386
f 1303 1388 1387
f 1304 1389 1388
f 1305 1390 1389
f 1306 1391 1390
f 1307 1392 1391
f 1308 1393 1392
f 1309 1394 1393
f 1310 1395 1394
f 1311 1396 1395
f 1312 1397 1396
f 1313 1398 1397
f 1314 1399 1398
f 1315 1400 1399
f 1316 1401 1400
f 1317 1402 1401
f 1318 1403 1402
f 1319 1404 1403
f 1320 1405 1404
f 1321 1406 1405
f 1322 1407 1406
f 1323 1408 1407
f 1324 1409 1408
f 1325 1410 1409
f 1326 1411 1410
f 1327 1412 1411
f 1328 1413 1412
f 1329 1414 1413
f 1330 1415 1414
f 1331 1416 1415
f 1332 1417 1416
f 1333 1418 1417
f 1334 1419 1418
f 1335 1420 1419
f 1336 1421 1420
f 1337 1422 1421
f 1338 1423 1422
f 1339 1424 1423
f 1340 1425 1424
f 1341 1426 1425
f 1342 1427 1426
f 1343 1428 1427
f 1344 1345 1428
f 1345 1346 1430
f 1346 1347 1431
f 1347 1348 1432
f 1348 1349 1433
f 1349 1350 1434
f 1350 1351 1435
f 1351 1352 1436
f 1352 1353 1437
f 1353 1354 1438
f 1354 1355 1439
f 1355 1356 1440
f 1356 1357 1441
f 1357 1358 1442
f 1358 1359 1443
f 1359 1360 1444
f 1360 1361 1445
f 1361 1362 1446
f 1362 1363 1447
f 1363 1364 1448
f 1364 1365 1449
f 1365 1366 1450
f 1366 1367 1451
f 1367 1368 1452
f 1368 1369 1453
f 1369 1370 1454
f 1370 1371 1455
f 1371 1372 1456
f 1372 1373 1457
f 1373 1374 1458
f 1374 1375 1459
f 1375 1376 1460
f 1376 1377 1461
f 1377 1378 1462
f 1378 1379 1463
f 1379 1380 1464
f 1380 1381 1465
f 1381 1382 1466
f 1382 1383 1467
f 1383 1384 1468
f 1384 1385 1469
f 1385 1386 1470
f 1386 1387 1471
f 1387 1388 1472
f 1388 1389 1473
f 1389 1390 1474
f 1390 1391 1475
f 1391 1392 1476
f 1392 1393 1477
f 1393 1394 1478
f 1394 1395 1479
f 1395 1396 1480
f 1396 1397 1481
f 1397 1398 1482
f 1398 1399 1483
f 1399 1400 1484
f 1400 1401 1485
f 1401 1402 1486
f 1402 1403 1487
f 1403 1404 1488
f 1404 1405 1489
f 1405 1406 1490
f 1406 1407 1491
f 1407 1408 1492
f 1408 1409 1493
f 1409 1410 1494
f 1410 1411 1495
f 1411 1412 1496
f 1412 1413 1497
f 1413 1414 1498
f 1414 1415 1499
f 1415 1416 1500
f 1416 1417 1501
f 1417 1418 1502
f 1418 1419 1503
f 1419 1420 1504
f 1420 1421 1505
f 1421 1422 1506
f 1422 1423 1507
f 1423 1424 1508
f 1424 1425 1509
f 1425 1426 1510
f 1426 1427 1511
f 1427 1428 1512
f 1428 1345 1429
f 1345 1430 1429
f 1346 1431 1430
f 1347 1432 1431
f 1348 1433 1432
f 1349 1434 1433
f 1350 1435 1434
f 1351 1436 1435
f 1352 1437 1436
f 1353 1438 1437
f 1354 1439 1438
f 1355 1440 1439
f 1356 1441 1440
f 1357 1442 1441
f 1358 1443 1442
f 1359 1444 1443
f 1360 1445 1444
f 1361 1446 1445
f 1362 1447 1446
f 1363 1448 1447
f 1364 1449 1448
f 1365 1450 1449
f 1366 1451 1450
f 1367 1452 1451
f 1368 1453 1452
f 1369 1454 1453
f 1370 1455 1454
f 1371 1456 1455
f 1372 1457 1456
f 1373 1458 1457
f 1374 1459 1458
f 1375 1460 1459
f 1376 1461 1460
f 1377 1462 1461
f 1378 1463 1462
f 1379 1464 1463
f 1380 1465 1464
f 1381 1466 1465
f 1382 1467 1466
f 1383 1468 1467
f 1384 1469 1468
f 1385 1470 1469
f 1386 1471 1470
f 1387 1472 1471
f 1388 1473 1472
f 1389 1474 1473
f 1390 1475 1474
f 1391 1476 1475
f 1392 1477 1476
f 1393 1478 1477
f 1394 1479 1478
f 1395 1480 1479
f 1396 1481 1480
f 1397 1482 1481
f 1398 1483 1482
f 1399 1484 1483
f 1400 1485 1484
f 1401 1486 1485
f 1402 1487 1486
f 1403 1488 1487
f 1404 1489 1488
f 1405 1490 1489
f 1406 1491 1490
f 1407 1492 1491
f 1408 1493 1492
f 1409 1494 1493
f 1410 1495 1494
f 1411 1496 1495
f 1412 1497 1496
f 1413 1498 1497
f 1414 1499 1498
f 1415 1500 1499
f 1416 1501 1500
f 1417 1502 1501
f 1418 1503 1502
f 1419 1504 1503
f 1420 1505 1504
f 1421 1506 1505
f 1422 1507 1506
f 1423 1508 1507
f 1424 1509 1508
f 1425 1510 1509
f 1426 1511 1510
f 1427 1512 1511
f 1428 1429 1512
f 1429 1430 1514
f 1430 1431 1515
f 1431 1432 1516
f 1432 1433 1517
f 1433 1434 1518
f 1434 1435 1519
f 1435 1436 1520
f 1436 1437 1521
f 1437 1438 1522
f 1438 1439 1523
f 1439 1440 1524
f 1440 1441 1525
f 1441 1442 1526
f 1442 1443 1527
f 1443 1444 1528
f 1444 1445 1529
f 1445 1446 1530
f 1446 1447 1531
f 1447 1448 1532
f 1448 1449 1533
f 1449 1450 1534
f 1450 1451 1535
f 1451 1452 1536
f 1452 1453 1537
f 1453 1454 1538
f 1454 1455 1539
f 1455 1456 1540
f 1456 1457 1541
f 1457 1458 1542
f 1458 1459 1543
f 1459 1460 1544
f 1460 1461 1545
f 1461 1462 1546
f 1462 1463 1547
f 1463 1464 1548
f 1464 1465 1549
f 1465 1466 1550
f 1466 1467 1551
f 1467 1468 1552
f 1468 1469 1553
f 1469 1470 1554
f 1470 1471 1555
f 1471 1472 1556
f 1472 1473 1557
f 1473 1474 1558
f 1474 1475 1559
f 1475 1476 1560
f 1476 1477 1561
f 1477 1478 1562
f 1478 1479 1563
f 1479 1480 1564
f 1480 1481 1565
f 1481 1482 1566
f 1482 1483 1567
f 1483 1484 1568
f 1484 1485 1569
f 1485 1486 1570
f 1486 1487 1571
f 1487 1488 1572
f 1488 1489 1573
f 1489 1490 1574
f 1490 1491 1575
f 1491 1492 1576
f 1492 1493 1577
f 1493 1494 1578
f 1494 1495 1579
f 1495 1496 1580
f 1496 1497 1581
f 1497 1498 1582
f 1498 1499 1583
f 1499 1500 1584
f 1500 1501 1585
f 1501 1502 1586
f 1502 1503 1587
f 1503 1504 1588
f 1504 1505 1589
f 1505 1506 1590
f 1506 1507 1591
f 1507 1508 1592
f 1508 1509 1593
f 1509 1510 1594
f 1510 1511 1595
f 1511 1512 1596
f 1512 1429 1513
f 1429 1514 1513
f 1430 1515 1514
f 1431 1516 1515
f 1432 1517 1516
f 1433 1518 1517
f 1434 1519 1518
f 1435 1520 1519
f 1436 1521 1520
f 1437 1522 1521
f 1438 1523 1522
f 1439 1524 1523
f 1440 1525 1524
f 1441 1526 1525
f 1442 1527 1526
f 1443 1528 1527
f 1444 1529 1528
f 1445 1530 1529
f 1446 1531 1530
f 1447 1532 1531
f 1448 1533 1532
f 1449 1534 1533
f 1450 1535 1534
f 1451 1536 1535
f 1452 1537 1536
f 1453 1538 1537
f 1454 1539 1538
f 1455 1540 1539
f 1456 1541 1540
f 1457 1542 1541
f 1458 1543 1542
f 1459 1544 1543
f 1460 1545 1544
f 1461 1546 1545
f 1462 1547 1546
f 1463 1548 1547
f 1464 1549 1548
f 1465 1550 1549
f 1466 1551 1550
f 1467 1552 1551
f 1468 1553 1552
f 1469 1554 1553
f 1470 1555 1554
f 1471 1556 1555
f 1472 1557 1556
f 1473 1558 1557
f 1474 1559 1558
f 1475 1560 1559
f 1476 1561 1560
f 1477 1562 1561
f 1478 1563 1562
f 1479 1564 1563
f 1480 1565 1564
f 1481 1566 1565
f 1482 1567 1566
f 1483 1568 1567
f 1484 1569 1568
f 1485 1570 1569
f 1486 1571 1570
f 1487 1572 1571
f 1488 1573 1572
f 1489 1574 1573
f 1490 1575 1574
f 1491 1576 1575
f 1492 1577 1576
f 1493 1578 1577
f 1494 1579 1578
f 1495 1580 1579
f 1496 1581 1580
f 1497 1582 1581
f 1498 1583 1582
f 1499 1584 1583
f 1500 1585 1584
f 1501 1586 1585
f 1502 1587 1586
f 1503 1588 1587
f 1504 1589 1588
f 1505 1590 1589
f 1506 1591 1590
f 1507 1592 1591
f 1508 1593 1592
f 1509 1594 1593
f 1510 1595 1594
f 1511 1596 1595
f 1512 1513 1596
f 1513 1514 1598
f 1514 1515 1599
f 1515 1516 1600
f 1516 1517 1601
f 1517 1518 1602
f 1518 1519 1603
f 1519 1520 1604
f 1520 1521 1605
f 1521 1522 1606
f 1522 1523 1607
f 1523 1524 1608
f 1524 1525 1609
f 1525 1526 1610
f 1526 1527 1611
f 1527 1528 1612
f 1528 1529 1613
f 1529 1530 1614
f 1530 1531 1615
f 1531 1532 1616
f 1532 1533 1617
f 1533 1534 1618
f 1534 1535 1619
f 1535 1536 1620
f 1536 1537 1621
f 1537 1538 1622
f 1538 1539 1623
f 1539 1540 1624
f 1540 1541 1625
f 1541 1542 1626
f 1542 1543 1627
f 1543 1544 1628
f 1544 1545 1629
f 1545 1546 1630
f 1546 1547 1631
f 1547 1548 1632
f 1548 1549 1633
f 1549 1550 1634
f 1550 1551 1635
f 1551 1552 1636
f 1552 1553 1637
f 1553 1554 1638
f 1554 1555 1639
f 1555 1556 1640
f 1556 1557 1641
f 1557 1558 1642
f 1558 1559 1643
f 1559 1560 1644
f 1560 1561 1645
f 1561 1562 1646
f 1562 1563 1647
f 1563 1564 1648
f 1564 1565 1649
f 1565 1566 1650
f 1566 1567 1651
f 1567 1568 1652
f 1568 1569 1653
f 1569 1570 1654
f 1570 1571 1655
f 1571 1572 1656
f 1572 1573 1657
f 1573 1574 1658
f 1574 1575 1659
f 1575 1576 1660
f 1576 1577 1661
f 1577 1578 1662
f 1578 1579 1663
f 1579 1580 1664
f 1580 1581 1665
f 1581 1582 1666
f 1582 1583 1667
f 1583 1584 1668
f 1584 1585 1669
f 1585 1586 1670
f 1586 1587 1671
f 1587 1588 1672
f 1588 1589 1673
f 1589 1590 1674
f 1590 1591 1675
f 1591 1592 1676
f 1592 1593 1677
f 1593 1594 1678
f 1594 1595 1679
f 1595 1596 1680
f 1596 1513 1597
f 1513 1598 1597
f 1514 1599 1598
f 1515 1600 1599
f 1516 1601 1600
f 1517 1602 1601
f 1518 1603 1602
f 1519 1604 1603
f 1520 1605 1604
f 1521 1606 1605
f 1522 1607 1606
f 1523 1608 1607
f 1524 1609 1608
f 1525 1610 1609
f 1526 1611 1610
f 1527 1612 1611
f 1528 1613 1612
f 1529 1614 1613
f 1530 1615 1614
f 1531 1616 1615
f 1532 1617 1616
f 1533 1618 1617
f 1534 1619 1618
f 1535 1620 1619
f 1536 1621 1620
f 1537 1622 1621
f 1538 1623 1622
f 1539 1624 1623
f 1540 1625 1624
f 1541 1626 1625
f 1542 1627 1626
f 1543 1628 1627
f 1544 1629 1628
f 1545 1630 1629
f 1546 1631 1630
f 1547 1632 1631
f 1548 1633 1632
f 1549 1634 1633
f 1550 1635 1634
f 1551 1636 1635
f 1552 1637 1636
f 1553 1638 1637
f 1554 1639 1638
f 1555 1640 1639
f 1556 1641 1640
f 1557 1642 1641
f 1558 1643 1642
f 1559 1644 1643
f 1560 1645 1644
f 1561 1646 1645
f 1562 1647 1646
f 1563 1648 1647
f 1564 1649 1648
f 1565 1650 1649
f 1566 1651 1650
f 1567 1652 1651
f 1568 1653 1652
f 1569 1654 1653
f 1570 1655 1654
f 1571 1656 1655
f 1572 1657 1656
f 1573 1658 1657
f 1574 1659 1658
f 1575 1660 1659
f 1576 1661 1660
f 1577 1662 1661
f 1578 1663 1662
f 1579 1664 1663
f 1580 1665 1664
f 1581 1666 1665
f 1582 1667 1666
f 1583 1668 1667
f 1584 1669 1668
f 1585 1670 1669
f 1586 1671 1670
f 1587 1672 1671
f 1588 1673 1672
f 1589 1674 1673
f 1590 1675 1674
f 1591 1676 1675
f 1592 1677 1676
f 1593 1678 1677
f 1594 1679 1678
f 1595 1680 1679
f 1596 1597 1680
f 1597 1598 1682
f 1598 1599 1683
f 1599 1600 1684
f 1600 1601 1685
f 1601 1602 1686
f 1602 1603 1687
f 1603 1604 1688
f 1604 1605 1689
f 1605 1606 1690
f 1606 1607 1691
f 1607 1608 1692
f 1608 1609 1693
f 1609 1610 1694
f 1610 1611 1695
f 1611 1612 1696
f 1612 1613 1697
f 1613 1614 1698
f 1614 1615 1699
f 1615 1616 1700
f 1616 1617 1701
f 1617 1618 1702
f 1618 1619 1703
f 1619 1620 1704
f 1620 1621 1705
f 1621 1622 1706
f 1622 1623 1707
f 1623 1624 1708
f 1624 1625 1709
f 1625 1626 1710
f 1626 1627 1711
f 1627 1628 1712
f 1628 1629 1713
f 1629 1630 1714
f 1630 1631 1715
f 1631 1632 1716
f 1632 1633 1717
f 1633 1634 1718
f 1634 1635 1719
f 1635 1636 1720
f 1636 1637 1721
f 1637 1638 1722
f 1638 1639 1723
f 1639 1640 1724
f 1640 1641 1725
f 1641 1642 1726
f 1642 1643 1727
f 1643 1644 1728
f 1644 1645 1729
f 1645 1646 1730
f 1646 1647 1731
f 1647 1648 1732
f 1648 1649 1733
f 1649 1650 1734
f 1650 1651 1735
f 1651 1652 1736
f 1652 1653 1737
f 1653 1654 1738
f 1654 1655 1739
f 1655 1656 1740
f 1656 1657 1741
f 1657 1658 1742
f 1658 1659 1743
f 1659 1660 1744
f 1660 1661 1745
f 1661 1662 1746
f 1662 1663 1747
f 1663 1664 1748
f 1664 1665 1749
f 1665 1666 1750
f 1666 1667 1751
f 1667 1668 1752
f 1668 1669 1753
f 1669 1670 1754
f 1670 1671 1755
f 1671 1672 1756
f 1672 1673 1757
f 1673 1674 1758
f 1674 1675 1759
f 1675 1676 1760
f 1676 1677 1761
f 1677 1678 1762
f 1678 1679 1763
f 1679 1680 1764
f 1680 1597 1681
f 1597 1682 1681
f 1598 1683 1682
f 1599 1684 1683
f 1600 1685 1684
f 1601 1686 1685
f 1602 1687 1686
f 1603 1688 1687
f 1604 1689 1688
f 1605 1690 1689
f 1606 1691 1690
f 1607 1692 1691
f 1608 1693 1692
f 1609 1694 1693
f 1610 1695 1694
f 1611 1696 1695
f 1612 1697 1696
f 1613 1698 1697
f 1614 1699 1698
f 1615 1700 1699
f 1616 1701 1700
f 1617 1702 1701
f 1618 1703 1702
f 1619 1704 1703
f 1620 1705 1704
f 1621 1706 1705
f 1622 1707 1706
f 1623 1708 1707
f 1624 1709 1708
f 1625 1710 1709
f 1626 1711 1710
f 1627 1712 1711
f 1628 1713 1712
f 1629 1714 1713
f 1630 1715 1714
f 1631 1716 1715
f 1632 1717 1716
f 1633 1718 1717
f 1634 1719 1718
f 1635 1720 1719
f 1636 1721 1720
f 1637 1722 1721
f 1638 1723 1722
f 1639 1724 1723
f 1640 1725 1724
f 1641 1726 1725
f 1642 1727 1726
f 1643 1728 1727
f 1644 1729 1728
f 1645 1730 1729
f 1646 1731 1730
f 1647 1732 1731
f 1648 1733 1732
f 1649 1734 1733
f 1650 1735 1734
f 1651 1736 1735
f 1652 1737 1736
f 1653 1738 1737
f 1654 1739 1738
f 1655 1740 1739
f 1656 1741 1740
f 1657 1742 1741
f 1658 1743 1742
f 1659 1744 1743
f 1660 1745 1744
f 1661 1746 1745
f 1662 1747 1746
f 1663 1748 1747
f 1664 1749 1748
f 1665 1750 1749
f 1666 1751 1750
f 1667 1752 1751
f 1668 1753 1752
f 1669 1754 1753
f 1670 1755 1754
f 1671 1756 1755
f 1672 1757 1756
f 1673 1758 1757
f 1674 1759 1758
f 1675 1760 1759
f 1676 1761 1760
f 1677 1762 1761
f 1678 1763 1762
f 1679 1764 1763
f 1680 1681 1764
f 1681 1682 1766
f 1682 1683 1767
f 1683 1684 1768
f 1684 1685 1769
f 1685 1686 1770
f 1686 1687 1771
f 1687 1688 1772
f 1688 1689 1773
f 1689 1690 1774
f 1690 1691 1775
f 1691 1692 1776
f 1692 1693 1777
f 1693 1694 1778
f 1694 1695 1779
f 1695 1696 1780
f 1696 1697 1781
f 1697 1698 1782
f 1698 1699 1783
f 1699 1700 1784
f 1700 1701 1785
f 1701 1702 1786
f 1702 1703 1787
f 1703 1704 1788
f 1704 1705 1789
f 1705 1706 1790
f 1706 1707 1791
f 1707 1708 1792
f 1708 1709 1793
f 1709 1710 1794
f 1710 1711 1795
f 1711 1712 1796
f 1712 1713 1797
f 1713 1714 1798
f 1714 1715 1799
f 1715 1716 1800
f 1716 1717 1801
f 1717 1718 1802
f 1718 1719 1803
f 1719 1720 1804
f 1720 1721 1805
f 1721 1722 1806
f 1722 1723 1807
f 1723 1724 1808
f 1724 1725 1809
f 1725 1726 1810
f 1726 1727 1811
f 1727 1728 1812
f 1728 1729 1813
f 1729 1730 1814
f 1730 1731 1815
f 1731 1732 1816
f 1732 1733 1817
f 1733 1734 1818
f 1734 1735 1819
f 1735 1736 1820
f 1736 1737 1821
f 1737 1738 1822
f 1738 1739 1823
f 1739 1740 1824
f 1740 1741 1825
f 1741 1742 1826
f 1742 1743 1827
f 1743 1744 1828
f 1744 1745 1829
f 1745 1746 1830
f 1746 1747 1831
f 1747 1748 1832
f 1748 1749 1833
f 1749 1750 1834
f 1750 1751 1835
f 1751 1752 1836
f 1752 1753 1837
f 1753 1754 1838
f 1754 1755 1839
f 1755 1756 1840
f 1756 1757 1841
f 1757 1758 1842
f 1758 1759 1843
f 1759 1760 1844
f 1760 1761 1845
f 1761 1762 1846
f 1762 1763 1847
f 1763 1764 1848
f 1764 1681 1765
f 1681 1766 1765
f 1682 1767 1766
f 1683 1768 1767
f 1684 1769 1768
f 1685 1770 1769
f 1686 1771 1770
f 1687 1772 1771
f 1688 1773 1772
f 1689 1774 1773
f 1690 1775 1774
f 1691 1776 1775
f 1692 1777 1776
f 1693 1778 1777
f 1694 1779 1778
f 1695 1780 1779
f 1696 1781 1780
f 1697 1782 1781
f 1698 1783 1782
f 1699 1784 1783
f 1700 1785 1784
f 1701 1786 1785
f 1702 1787 1786
f 1703 1788 1787
f 1704 1789 1788
f 1705 1790 1789
f 1706 1791 1790
f 1707 1792 1791
f 1708 1793 1792
f 1709 1794 1793
f 1710 1795 1794
f 1711 1796 1795
f 1712 1797 1796
f 1713 1798 1797
f 1714 1799 1798
f 1715 1800 1799
f 1716 1801 1800
f 1717 1802 1801
f 1718 1803 1802
f 1719 1804 1803
f 1720 1805 1804
f 1721 1806 1805
f 1722 1807 1806
f 1723 1808 1807
f 1724 1809 1808
f 1725 1810 1809
f 1726 1811 1810
f 1727 1812 1811
f 1728 1813 1812
f 1729 1814 1813
f 1730 1815 1814
f 1731 1816 1815
f 1732 1817 1816
f 1733 1818 1817
f 1734 1819 1818
f 1735 1820 1819
f 1736 1821 1820
f 1737 1822 1821
f 1738 1823 1822
f 1739 1824 1823
f 1740 1825 1824
f 1741 1826 1825
f 1742 1827 1826
f 1743 1828 1827
f 1744 1829 1828
f 1745 1830 1829
f 1746 1831 1830
f 1747 1832 1831
f 1748 1833 1832
f 1749 1834 1833
f 1750 1835 1834
f 1751 1836 1835
f 1752 1837 1836
f 1753 1838 1837
f 1754 1839 1838
f 1755 1840 1839
f 1756 1841 1840
f 1757 1842 1841
f 1758 1843 1842
f 1759 1844 1843
f 1760 1845 1844
f 1761 1846 1845
f 1762 1847 1846
f 1763 1848 1847
f 1764 1765 1848
f 1765 1766 1850
f 1766 1767 1851
f 1767 1768 1852
f 1768 1769 1853
f 1769 1770 1854
f 1770 1771 1855
f 1771 1772 1856
f 1772 1773 1857
f 1773 1774 1858
f 1774 1775 1859
f 1775 1776 1860
f 1776 1777 1861
f 1777 1778 1862
f 1778 1779 1863
f 1779 1780 1864
f 1780 1781 1865
f 1781 1782 1866
f 1782 1783 1867
f 1783 1784 1868
f 1784 1785 1869
f 1785 1786 1870
f 1786 1787 1871
f 1787 1788 1872
f 1788 1789 1873
f 1789 1790 1874
f 1790 1791 1875
f 1791 1792 1876
f 1792 1793 1877
f 1793 1794 1878
f 1794 1795 1879
f 1795 1796 1880
f 1796 1797 1881
f 1797 1798 1882
f 1798 1799 1883
f 1799 1800 1884
f 1800 1801 1885
f 1801 1802 1886
f 1802 1803 1887
f 1803 1804 1888
f 1804 1805 1889
f 1805 1806 1890
f 1806 1807 1891
f 1807 1808 1892
f 1808 1809 1893
f 1809 1810 1894
f 1810 1811 1895
f 1811 1812 1896
f 1812 1813 1897
f 1813 1814 1898
f 1814 1815 1899
f 1815 1816 1900
f 1816 1817 1901
f 1817 1818 1902
f 1818 1819 1903
f 1819 1820 1904
f 1820 1821 1905
f 1821 1822 1906
f 1822 1823 1907
f 1823 1824 1908
f 1824 1825 1909
f 1825 1826 1910
f 1826 1827 1911
f 1827 1828 1912
f 1828 1829 1913
f 1829 1830 1914
f 1830 1831 1915
f 1831 1832 1916
f 1832 1833 1917
f 1833 1834 1918
f 1834 1835 1919
f 1835 1836 1920
f 1836 1837 1921
f 1837 1838 1922
f 1838 1839 1923
f 1839 1840 1924
f 1840 1841 1925
f 1841 1842 1926
f 1842 1843 1927
f 1843 1844 1928
f 1844 1845 1929
f 1845 1846 1930
f 1846 1847 1931
f 1847 1848 1932
f 1848 1765 1849
f 1765 1850 1849
f 1766 1851 1850
f 1767 1852 1851
f 1768 1853 1852
f 1769 1854 1853
f 1770 1855 1854
f 1771 1856 1855
f 1772 1857 1856
f 1773 1858 1857
f 1774 1859 1858
f 1775 1860 1859
f 1776 1861 1860
f 1777 1862 1861
f 1778 1863 1862
f 1779 1864 1863
f 1780 1865 1864
f 1781 1866 1865
f 1782 1867 1866
f 1783 1868 1867
f 1784 1869 1868
f 1785 1870 1869
f 1786 1871 1870
f 1787 1872 1871
f 1788 1873 1872
f 1789 1874 1873
f 1790 1875 1874
f 1791 1876 1875
f 1792 1877 1876
f 1793 1878 1877
f 1794 1879 1878
f 1795 1880 1879
f 1796 1881 1880
f 1797 1882 1881
f 1798 1883 1882
f 1799 1884 1883
f 1800 1885 1884
f 1801 1886 1885
f 1802 1887 1886
f 1803 1888 1887
f 1804 1889 1888
f 1805 1890 1889
f 1806 1891 1890
f 1807 1892 1891
f 1808 1893 1892
f 1809 1894 1893
f 1810 1895 1894
f 1811 1896 1895
f 1812 1897 1896
f 1813 1898 1897
f 1814 1899 1898
f 1815 1900 1899
f 1816 1901 1900
f 1817 1902 1901
f 1818 1903 1902
f 1819 1904 1903
f 1820 1905 1904
f 1821 1906 1905
f 1822 1907 1906
f 1823 1908 1907
f 1824 1909 1908
f 1825 1910 1909
f 1826 1911 1910
f 1827 1912 1911
f 1828 1913 1912
f 1829 1914 1913
f 1830 1915 1914
f 1831 1916 1915
f 1832 1917 1916
f 1833 1918 1917
f 1834 1919 1918
f 1835 1920 1919
f 1836 1921 1920
f 1837 1922 1921
f 1838 1923 1922
f 1839 1924 1923
f 1840 1925 1924
f 1841 1926 1925
f 1842 1927 1926
f 1843 1928 1927
f 1844 1929 1928
f 1845 1930 1929
f 1846 1931 1930
f 1847 1932 1931
f 1848 1849 1932
f 1849 1850 1934
f 1850 1851 1935
f 1851 1852 1936
f 1852 1853 1937
f 1853 1854 1938
f 1854 1855 1939
f 1855 1856 1940
f 1856 1857 1941
f 1857 1858 1942
f 1858 1859 1943
f 1859 1860 1944
f 1860 1861 1945
f 1861 1862 1946
f 1862 1863 1947
f 1863 1864 1948
f 1864 1865 1949
f 1865 1866 1950
f 1866 1867 1951
f 1867 1868 1952
f 1868 1869 1953
f 1869 1870 1954
f 1870 1871 1955
f 1871 1872 1956
f 1872 1873 1957
f 1873 1874 1958
f 1874 1875 1959
f 1875 1876 1960
f 1876 1877 1961
f 1877 1878 1962
f 1878 1879 1963
f 1879 1880 1964
f 1880 1881 1965
f 1881 1882 1966
f 1882 1883 1967
f 1883 1884 1968
f 1884 1885 1969
f 1885 1886 1970
f 1886 1887 1971
f 1887 1888 1972
f 1888 1889 1973
f 1889 1890 1974
f 1890 1891 1975
f 1891 1892 1976
f 1892 1893 1977
f 1893 1894 1978
f 1894 1895 1979
f 1895 1896 1980
f 1896 1897 1981
f 1897 1898 1982
f 1898 1899 1983
f 1899 1900 1984
f 1900 1901 1985
f 1901 1902 1986
f 1902 1903 1987
f 1903 1904 1988
f 1904 1905 1989
f 1905 1906 1990
f 1906 1907 1991
f 1907 1908 1992
f 1908 1909 1993
f 1909 1910 1994
f 1910 1911 1995
f 1911 1912 1996
f 1912 1913 1997
f 1913 1914 1998
f 1914 1915 1999
f 1915 1916 2000
f 1916 1917 2001
f 1917 1918 2002
f 1918 1919 2003
f 1919 1920 2004
f 1920 1921 2005
f 1921 1922 2006
f 1922 1923 2007
f 1923 1924 2008
f 1924 1925 2009
f 1925 1926 2010
f 1926 1927 2011
f 1927 1928 2012
f 1928 1929 2013
f 1929 1930 2014
f 1930 1931 2015
f 1931 1932 2016
f 1932 1849 1933
f 1849 1934 1933
f 1850 1935 1934
f 1851 1936 1935
f 1852 1937 1936
f 1853 1938 1937
f 1854 1939 1938
f 1855 1940 1939
f 1856 1941 1940
f 1857 1942 1941
f 1858 1943 1942
f 1859 1944 1943
f 1860 1945 1944
f 1861 1946 1945
f 1862 1947 1946
f 1863 1948 1947
f 1864 1949 1948
f 1865 1950 1949
f 1866 1951 1950
f 1867 1952 1951
f 1868 1953 1952
f 1869 1954 1953
f 1870 1955 1954
f 1871 1956 1955
f 1872 1957 1956
f 1873 1958 1957
f 1874 1959 1958
f 1875 1960 1959
f 1876 1961 1960
f 1877 1962 1961
f 1878 1963 1962
f 1879 1964 1963
f 1880 1965 1964
f 1881 1966 1965
f 1882 1967 1966
f 1883 1968 1967
f 1884 1969 1968
f 1885 1970 1969
f 1886 1971 1970
f 1887 1972 1971
f 1888 1973 1972
f 1889 1974 1973
f 1890 1975 1974
f 1891 1976 1975
f 1892 1977 1976
f 1893 1978 1977
f 1894 1979 1978
f 1895 1980 1979
f 1896 1981 1980
f 1897 1982 1981
f 1898 1983 1982
f 1899 1984 1983
f 1900 1985 1984
f 1901 1986 1985
f 1902 1987 1986
f 1903 1988 1987
f 1904 1989 1988
f 1905 1990 1989
f 1906 1991 1990
f 1907 1992 1991
f 1908 1993 1992
f 1909 1994 1993
f 1910 1995 1994
f 1911 1996 1995
f 1912 1997 1996
f 1913 1998 1997
f 1914 1999 1998
f 1915 2000 1999
f 1916 2001 2000
f 1917 2002 2001
f 1918 2003 2002
f 1919 2004 2003
f 1920 2005 2004
f 1921 2006 2005
f 1922 2007 2006
f 1923 2008 2007
f 1924 2009 2008
f 1925 2010 2009
f 1926 2011 2010
f 1927 2012 2011
f 1928 2013 2012
f 1929 2014 2013
f 1930 2015 2014
f 1931 2016 2015
f 1932 1933 2016
f 1933 1934 2018
f 1934 1935 2019
f 1935 1936 2020
f 1936 1937 2021
f 1937 1938 2022
f 1938 1939 2023
f 1939 1940 2024
f 1940 1941 2025
f 1941 1942 2026
f 1942 1943 2027
f 1943 1944 2028
f 1944 1945 2029
f 1945 1946 2030
f 1946 1947 2031
f 1947 1948 2032
f 1948 1949 2033
f 1949 1950 2034
f 1950 1951 2035
f 1951 1952 2036
f 1952 1953 2037
f 1953 1954 2038
f 1954 1955 2039
f 1955 1956 2040
f 1956 1957 2041
f 1957 1958 2042
f 1958 1959 2043
f 1959 1960 2044
f 1960 1961 2045
f 1961 1962 2046
f 1962 1963 2047
f 1963 1964 2048
f 1964 1965 2049
f 1965 1966 2050
f 1966 1967 2051
f 1967 1968 2052
f 1968 1969 2053
f 1969 1970 2054
f 1970 1971 2055
f 1971 1972 2056
f 1972 1973 2057
f 1973 1974 2058
f 1974 1975 2059
f 1975 1976 2060
f 1976 1977 2061
f 1977 1978 2062
f 1978 1979 2063
f 1979 1980 2064
f 1980 1981 2065
f 1981 1982 2066
f 1982 1983 2067
f 1983 1984 2068
f 1984 1985 2069
f 1985 1986 2070
f 1986 1987 2071
f 1987 1988 2072
f 1988 1989 2073
f 1989 1990 2074
f 1990 1991 2075
f 1991 1992 2076
f 1992 1993 2077
f 1993 1994 2078
f 1994 1995 2079
f 1995 1996 2080
f 1996 1997 2081
f 1997 1998 2082
f 1998 1999 2083
f 1999 2000 2084
f 2000 2001 2085
f 2001 2002 2086
f 2002 2003 2087
f 2003 2004 2088
f 2004 2005 2089
f 2005 2006 2090
f 2006 2007 2091
f 2007 2008 2092
f 2008 2009 2093
f 2009 2010 2094
f 2010 2011 2095
f 2011 2012 2096
f 2012 2013 2097
f 2013 2014 2098
f 2014 2015 2099
f 2015 2016 2100
f 2016 1933 2017
f 1933 2018 2017
f 1934 2019 2018
f 1935 2020 2019
f 1936 2021 2020
f 1937 2022 2021
f 1938 2023 2022
f 1939 2024 2023
f 1940 2025 2024
f 1941 2026 2025
f 1942 2027 2026
f 1943 2028 2027
f 1944 2029 2028
f 1945 2030 2029
f 1946 2031 2030
f 1947 2032 2031
f 1948 2033 2032
f 1949 2034 2033
f 1950 2035 2034
f 1951 2036 2035
f 1952 2037 2036
f 1953 2038 2037
f 1954 2039 2038
f 1955 2040 2039
f 1956 2041 2040
f 1957 2042 2041
f 1958 2043 2042
f 1959 2044 2043
f 1960 2045 2044
f 1961 2046 2045
f 1962 2047 2046
f 1963 2048 2047
f 1964 2049 2048
f 1965 2050 2049
f 1966 2051 2050
f 1967 2052 2051
f 1968 2053 2052
f 1969 2054 2053
f 1970 2055 2054
f 1971 2056 2055
f 1972 2057 2056
f 1973 2058 2057
f 1974 2059 2058
f 1975 2060 2059
f 1976 2061 2060
f 1977 2062 2061
f 1978 2063 2062
f 1979 2064 2063
f 1980 2065 2064
f 1981 2066 2065
f 1982 2067 2066
f 1983 2068 2067
f 1984 2069 2068
f 1985 2070 2069
f 1986 2071 2070
f 1987 2072 2071
f 1988 2073 2072
f 1989 2074 2073
f 1990 2075 2074
f 1991 2076 2075
f 1992 2077 2076
f 1993 2078 2077
f 1994 2079 2078
f 1995 2080 2079
f 1996 2081 2080
f 1997 2082 2081
f 1998 2083 2082
f 1999 2084 2083
f 2000 2085 2084
f 2001 2086 2085
f 2002 2087 2086
f 2003 2088 2087
f 2004 2089 2088
f 2005 2090 2089
f 2006 2091 2090
f 2007 2092 2091
f 2008 2093 2092
f 2009 2094 2093
f 2010 2095 2094
f 2011 2096 2095
f 2012 2097 2096
f 2013 2098 2097
f 2014 2099 2098
f 2015 2100 2099
f 2016 2017 2100
f 2017 2018 2102
f 2018 2019 2103
f 2019 2020 2104
f 2020 2021 2105
f 2021 2022 2106
f 2022 2023 2107
f 2023 2024 2108
f 2024 2025 2109
f 2025 2026 2110
f 2026 2027 2111
f 2027 2028 2112
f 2028 2029 2113
f 2029 2030 2114
f 2030 2031 2115
f 2031 2032 2116
f 2032 2033 2117
f 2033 2034 2118
f 2034 2035 2119
f 2035 2036 2120
f 2036 2037 2121
f 2037 2038 2122
f 2038 2039 2123
f 2039 2040 2124
f 2040 2041 2125
f 2041 2042 2126
f 2042 2043 2127
f 2043 2044 2128
f 2044 2045 2129
f 2045 2046 2130
f 2046 2047 2131
f 2047 2048 2132
f 2048 2049 2133
f 2049 2050 2134
f 2050 2051 2135
f 2051 2052 2136
f 2052 2053 2137
f 2053 2054 2138
f 2054 2055 2139
f 2055 2056 2140
f 2056 2057 2141
f 2057 2058 2142
f 2058 2059 2143
f 2059 2060 2144
f 2060 2061 2145
f 2061 2062 2146
f 2062 2063 2147
f 2063 2064 2148
f 2064 2065 2149
f 2065 2066 2150
f 2066 2067 2151
f 2067 2068 2152
f 2068 2069 2153
f 2069 2070 2154
f 2070 2071 2155
f 2071 2072 2156
f 2072 2073 2157
f 2073 2074 2158
f 2074 2075 2159
f 2075 2076 2160
f 2076 2077 2161
f 2077 2078 2162
f 2078 2079 2163
f 2079 2080 2164
f 2080 2081 2165
f 2081 2082 2166
f 2082 2083 2167
f 2083 2084 2168
f 2084 2085 2169
f 2085 2086 2170
f 2086 2087 2171
f 2087 2088 2172
f 2088 2089 2173
f 2089 2090 2174
f 2090 2091 2175
f 2091 2092 2176
f 2092 2093 2177
f 2093 2094 2178
f 2094 2095 2179
f 2095 2096 2180
f 2096 2097 2181
f 2097 2098 2182
f 2098 2099 2183
f 2099 2100 2184
f 2100 2017 2101
f 2017 2102 2101
f 2018 2103 2102
f 2019 2104 2103
f 2020 2105 2104
f 2021 2106 2105
f 2022 2107 2106
f 2023 2108 2107
f 2024 2109 2108
f 2025 2110 2109
f 2026 2111 2110
f 2027 2112 2111
f 2028 2113 2112
f 2029 2114 2113
f 2030 2115 2114
f 2031 2116 2115
f 2032 2117 2116
f 2033 2118 2117
f 2034 2119 2118
f 2035 2120 2119
f 2036 2121 2120
f 2037 2122 2121
f 2038 2123 2122
f 2039 2124 2123
f 2040 2125 2124
f 2041 2126 2125
f 2042 2127 2126
f 2043 2128 2127
f 2044 2129 2128
f 2045 2130 2129
f 2046 2131 2130
f 2047 2132 2131
f 2048 2133 2132
f 2049 2134 2133
f 2050 2135 2134
f 2051 2136 2135
f 2052 2137 2136
f 2053 2138 2137
f 2054 2139 2138
f 2055 2140 2139
f 2056 2141 2140
f 2057 2142 2141
f 2058 2143 2142
f 2059 2144 2143
f 2060 2145 2144
f 2061 2146 2145
f 2062 2147 2146
f 2063 2148 2147
f 2064 2149 2148
f 2065 2150 2149
f 2066 2151 2150
f 2067 2152 2151
f 2068 2153 2152
f 2069 2154 2153
f 2070 2155 2154
f 2071 2156 2155
f 2072 2157 2156
f 2073 2158 2157
f 2074 2159 2158
f 2075 2160 2159
f 2076 2161 2160
f 2077 2162 2161
f 2078 2163 2162
f 2079 2164 2163
f 2080 2165 2164
f 2081 2166 2165
f 2082 2167 2166
f 2083 2168 2167
f 2084 2169 2168
f 2085 2170 2169
f 2086 2171 2170
f 2087 2172 2171
f 2088 2173 2172
f 2089 2174 2173
f 2090 2175 2174
f 2091 2176 2175
f 2092 2177 2176
f 2093 2178 2177
f 2094 2179 2178
f 2095 2180 2179
f 2096 2181 2180
f 2097 2182 2181
f 2098 2183 2182
f 2099 2184 2183
f 2100 2101 2184
f 2101 2102 2186
f 2102 2103 2187
f 2103 2104 2188
f 2104 2105 2189
f 2105 2106 2190
f 2106 2107 2191
f 2107 2108 2192
f 2108 2109 2193
f 2109 2110 2194
f 2110 2111 2195
f 2111 2112 2196
f 2112 2113 2197
f 2113 2114 2198
f 2114 2115 2199
f 2115 2116 2200
f 2116 2117 2201
f 2117 2118 2202
f 2118 2119 2203
f 2119 2120 2204
f 2120 2121 2205
f 2121 2122 2206
f 2122 2123 2207
f 2123 2124 2208
f 2124 2125 2209
f 2125 2126 2210
f 2126 2127 2211
f 2127 2128 2212
f 2128 2129 2213
f 2129 2130 2214
f 2130 2131 2215
f 2131 2132 2216
f 2132 2133 2217
f 2133 2134 2218
f 2134 2135 2219
f 2135 2136 2220
f 2136 2137 2221
f 2137 2138 2222
f 2138 2139 2223
f 2139 2140 2224
f 2140 2141 2225
f 2141 2142 2226
f 2142 2143 2227
f 2143 2144 2228
f 2144 2145 2229
f 2145 2146 2230
f 2146 2147 2231
f 2147 2148 2232
f 2148 2149 2233
f 2149 2150 2234
f 2150 2151 2235
f 2151 2152 2236
f 2152 2153 2237
f 2153 2154 2238
f 2154 2155 2239
f 2155 2156 2240
f 2156 2157 2241
f 2157 2158 2242
f 2158 2159 2243
f 2159 2160 2244
f 2160 2161 2245
f 2161 2162 2246
f 2162 2163 2247
f 2163 2164 2248
f 2164 2165 2249
f 2165 2166 2250
f 2166 2167 2251
f 2167 2168 2252
f 2168 2169 2253
f 2169 2170 2254
f 2170 2171 2255
f 2171 2172 2256
f 2172 2173 2257
f 2173 2174 2258
f 2174 2175 2259
f 2175 2176 2260
f 2176 2177 2261
f 2177 2178 2262
f 2178 2179 2263
f 2179 2180 2264
f 2180 2181 2265
f 2181 2182 2266
f 2182 2183 2267
f 2183 2184 2268
f 2184 2101 2185
f 2101 2186 2185
f 2102 2187 2186
f 2103 2188 2187
f 2104 2189 2188
f 2105 2190 2189
f 2106 2191 2190
f 2107 2192 2191
f 2108 2193 2192
f 2109 2194 2193
f 2110 2195 2194
f 2111 2196 2195
f 2112 2197 2196
f 2113 2198 2197
f 2114 2199 2198
f 2115 2200 2199
f 2116 2201 2200
f 2117 2202 2201
f 2118 2203 2202
f 2119 2204 2203
f 2120 2205 2204
f 2121 2206 2205
f 2122 2207 2206
f 2123 2208 2207
f 2124 2209 2208
f 2125 2210 2209
f 2126 2211 2210
f 2127 2212 2211
f 2128 2213 2212
f 2129 2214 2213
f 2130 2215 2214
f 2131 2216 2215
f 2132 2217 2216
f 2133 2218 2217
f 2134 2219 2218
f 2135 2220 2219
f 2136 2221 2220
f 2137 2222 2221
f 2138 2223 2222
f 2139 2224 2223
f 2140 2225 2224
f 2141 2226 2225
f 2142 2227 2226
f 2143 2228 2227
f 2144 2229 2228
f 2145 2230 2229
f 2146 2231 2230
f 2147 2232 2231
f 2148 2233 2232
f 2149 2234 2233
f 2150 2235 2234
f 2151 2236 2235
f 2152 2237 2236
f 2153 2238 2237
f 2154 2239 2238
f 2155 2240 2239
f 2156 2241 2240
f 2157 2242 2241
f 2158 2243 2242
f 2159 2244 2243
f 2160 2245 2244
f 2161 2246 2245
f 2162 2247 2246
f 2163 2248 2247
f 2164 2249 2248
f 2165 2250 2249
f 2166 2251 2250
f 2167 2252 2251
f 2168 2253 2252
f 2169 2254 2253
f 2170 2255 2254
f 2171 2256 2255
f 2172 2257 2256
f 2173 2258 2257
f 2174 2259 2258
f 2175 2260 2259
f 2176 2261 2260
f 2177 2262 2261
f 2178 2263 2262
f 2179 2264 2263
f 2180 2265 2264
f 2181 2266 2265
f 2182 2267 2266
f 2183 2268 2267
f 2184 2185 2268
f 2185 2186 2270
f 2186 2187 2271
f 2187 2188 2272
f 2188 2189 2273
f 2189 2190 2274
f 2190 2191 2275
f 2191 2192 2276
f 2192 2193 2277
f 2193 2194 2278
f 2194 2195 2279
f 2195 2196 2280
f 2196 2197 2281
f 2197 2198 2282
f 2198 2199 2283
f 2199 2200 2284
f 2200 2201 2285
f 2201 2202 2286
f 2202 2203 2287
f 2203 2204 2288
f 2204 2205 2289
f 2205 2206 2290
f 2206 2207 2291
f 2207 2208 2292
f 2208 2209 2293
f 2209 2210 2294
f 2210 2211 2295
f 2211 2212 2296
f 2212 2213 2297
f 2213 2214 2298
f 2214 2215 2299
f 2215 2216 2300
f 2216 2217 2301
f 2217 2218 2302
f 2218 2219 2303
f 2219 2220 2304
f 2220 2221 2305
f 2221 2222 2306
f 2222 2223 2307
f 2223 2224 2308
f 2224 2225 2309
f 2225 2226 2310
f 2226 2227 2311
f 2227 2228 2312
f 2228 2229 2313
f 2229 2230 2314
f 2230 2231 2315
f 2231 2232 2316
f 2232 2233 2317
f 2233 2234 2318
f 2234 2235 2319
f 2235 2236 2320
f 2236 2237 2321
f 2237 2238 2322
f 2238 2239 2323
f 2239 2240 2324
f 2240 2241 2325
f 2241 2242 2326
f 2242 2243 2327
f 2243 2244 2328
f 2244 2245 2329
f 2245 2246 2330
f 2246 2247 2331
f 2247 2248 2332
f 2248 2249 2333
f 2249 2250 2334
f 2250 2251 2335
f 2251 2252 2336
f 2252 2253 2337
f 2253 2254 2338
f 2254 2255 2339
f 2255 2256 2340
f 2256 2257 2341
f 2257 2258 2342
f 2258 2259 2343
f 2259 2260 2344
f 2260 2261 2345
f 2261 2262 2346
f 2262 2263 2347
f 2263 2264 2348
f 2264 2265 2349
f 2265 2266 2350
f 2266 2267 2351
f 2267 2268 2352
f 2268 2185 2269
f 2185 2270 2269
f 2186 2271 2270
f 2187 2272 2271
f 2188 2273 2272
f 2189 2274 2273
f 2190 2275 2274
f 2191 2276 2275
f 2192 2277 2276
f 2193 2278 2277
f 2194 2279 2278
f 2195 2280 2279
f 2196 2281 2280
f 2197 2282 2281
f 2198 2283 2282
f 2199 2284 2283
f 2200 2285 2284
f 2201 2286 2285
f 2202 2287 2286
f 2203 2288 2287
f 2204 2289 2288
f 2205 2290 2289
f 2206 2291 2290
f 2207 2292 2291
f 2208 2293 2292
f 2209 2294 2293
f 2210 2295 2294
f 2211 2296 2295
f 2212 2297 2296
f 2213 2298 2297
f 2214 2299 2298
f 2215 2300 2299
f 2216 2301 2300
f 2217 2302 2301
f 2218 2303 2302
f 2219 2304 2303
f 2220 2305 2304
f 2221 2306 2305
f 2222 2307 2306
f 2223 2308 2307
f 2224 2309 2308
f 2225 2310 2309
f 2226 2311 2310
f 2227 2312 2311
f 2228 2313 2312
f 2229 2314 2313
f 2230 2315 2314
f 2231 2316 2315
f 2232 2317 2316
f 2233 2318 2317
f 2234 2319 2318
f 2235 2320 2319
f 2236 2321 2320
f 2237 2322 2321
f 2238 2323 2322
f 2239 2324 2323
f 2240 2325 2324
f 2241 2326 2325
f 2242 2327 2326
f 2243 2328 2327
f 2244 2329 2328
f 2245 2330 2329
f 2246 2331 2330
f 2247 2332 2331
f 2248 2333 2332
f 2249 2334 2333
f 2250 2335 2334
f 2251 2336 2335
f 2252 2337 2336
f 2253 2338 2337
f 2254 2339 2338
f 2255 2340 2339
f 2256 2341 2340
f 2257 2342 2341
f 2258 2343 2342
f 2259 2344 2343
f 2260 2345 2344
f 2261 2346 2345
f 2262 2347 2346
f 2263 2348 2347
f 2264 2349 2348
f 2265 2350 2349
f 2266 2351 2350
f 2267 2352 2351
f 2268 2269 2352
f 2269 2270 2354
f 2270 2271 2355
f 2271 2272 2356
f 2272 2273 2357
f 2273 2274 2358
f 2274 2275 2359
f 2275 2276 2360
f 2276 2277 2361
f 2277 2278 2362
f 2278 2279 2363
f 2279 2280 2364
f 2280 2281 2365
f 2281 2282 2366
f 2282 2283 2367
f 2283 2284 2368
f 2284 2285 2369
f 2285 2286 2370
f 2286 2287 2371
f 2287 2288 2372
f 2288 2289 2373
f 2289 2290 2374
f 2290 2291 2375
f 2291 2292 2376
f 2292 2293 2377
f 2293 2294 2378
f 2294 2295 2379
f 2295 2296 2380
f 2296 2297 2381
f 2297 2298 2382
f 2298 2299 2383
f 2299 2300 2384
f 2300 2301 2385
f 2301 2302 2386
f 2302 2303 2387
f 2303 2304 2388
f 2304 2305 2389
f 2305 2306 2390
f 2306 2307 2391
f 2307 2308 2392
f 2308 2309 2393
f 2309 2310 2394
f 2310 2311 2395
f 2311 2312 2396
f 2312 2313 2397
f 2313 2314 2398
f 2314 2315 2399
f 2315 2316 2400
f 2316 2317 2401
f 2317 2318 2402
f 2318 2319 2403
f 2319 2320 2404
f 2320 2321 2405
f 2321 2322 2406
f 2322 2323 2407
f 2323 2324 2408
f 2324 2325 2409
f 2325 2326 2410
f 2326 2327 2411
f 2327 2328 2412
f 2328 2329 2413
f 2329 2330 2414
f 2330 2331 2415
f 2331 2332 2416
f 2332 2333 2417
f 2333 2334 2418
f 2334 2335 2419
f 2335 2336 2420
f 2336 2337 2421
f 2337 2338 2422
f 2338 2339 2423
f 2339 2340 2424
f 2340 2341 2425
f 2341 2342 2426
f 2342 2343 2427
f 2343 2344 2428
f 2344 2345 2429
f 2345 2346 2430
f 2346 2347 2431
f 2347 2348 2432
f 2348 2349 2433
f 2349 2350 2434
f 2350 2351 2435
f 2351 2352 2436
f 2352 2269 2353
f 2269 2354 2353
f 2270 2355 2354
f 2271 2356 2355
f 2272 2357 2356
f 2273 2358 2357
f 2274 2359 2358
f 2275 2360 2359
f 2276 2361 2360
f 2277 2362 2361
f 2278 2363 2362
f 2279 2364 2363
f 2280 2365 2364
f 2281 2366 2365
f 2282 2367 2366
f 2283 2368 2367
f 2284 2369 2368
f 2285 2370 2369
f 2286 2371 2370
f 2287 2372 2371
f 2288 2373 2372
f 2289 2374 2373
f 2290 2375 2374
f 2291 2376 2375
f 2292 2377 2376
f 2293 2378 2377
f 2294 2379 2378
f 2295 2380 2379
f 2296 2381 2380
f 2297 2382 2381
f 2298 2383 2382
f 2299 2384 2383
f 2300 2385 2384
f 2301 2386 2385
f 2302 2387 2386
f 2303 2388 2387
f 2304 2389 2388
f 2305 2390 2389
f 2306 2391 2390
f 2307 2392 2391
f 2308 2393 2392
f 2309 2394 2393
f 2310 2395 2394
f 2311 2396 2395
f 2312 2397 2396
f 2313 2398 2397
f 2314 2399 2398
f 2315 2400 2399
f 2316 2401 2400
f 2317 2402 2401
f 2318 2403 2402
f 2319 2404 2403
f 2320 2405 2404
f 2321 2406 2405
f 2322 2407 2406
f 2323 2408 2407
f 2324 2409 2408
f 2325 2410 2409
f 2326 2411 2410
f 2327 2412 2411
f 2328 2413 2412
f 2329 2414 2413
f 2330 2415 2414
f 2331 2416 2415
f 2332 2417 2416
f 2333 2418 2417
f 2334 2419 2418
f 2335 2420 2419
f 2336 2421 2420
f 2337 2422 2421
f 2338 2423 2422
f 2339 2424 2423
f 2340 2425 2424
f 2341 2426 2425
f 2342 2427 2426
f 2343 2428 2427
f 2344 2429 2428
f 2345 2430 2429
f 2346 2431 2430
f 2347 2432 2431
f 2348 2433 2432
f 2349 2434 2433
f 2350 2435 2434
f 2351 2436 2435
f 2352 2353 2436
f 2353 2354 2438
f 2354 2355 2439
f 2355 2356 2440
f 2356 2357 2441
f 2357 2358 2442
f 2358 2359 2443
f 2359 2360 2444
f 2360 2361 2445
f 2361 2362 2446
f 2362 2363 2447
f 2363 2364 2448
f 2364 2365 2449
f 2365 2366 2450
f 2366 2367 2451
f 2367 2368 2452
f 2368 2369 2453
f 2369 2370 2454
f 2370 2371 2455
f 2371 2372 2456
f 2372 2373 2457
f 2373 2374 2458
f 2374 2375 2459
f 2375 2376 2460
f 2376 2377 2461
f 2377 2378 2462
f 2378 2379 2463
f 2379 2380 2464
f 2380 2381 2465
f 2381 2382 2466
f 2382 2383 2467
f 2383 2384 2468
f 2384 2385 2469
f 2385 2386 2470
f 2386 2387 2471
f 2387 2388 2472
f 2388 2389 2473
f 2389 2390 2474
f 2390 2391 2475
f 2391 2392 2476
f 2392 2393 2477
f 2393 2394 2478
f 2394 2395 2479
f 2395 2396 2480
f 2396 2397 2481
f 2397 2398 2482
f 2398 2399 2483
f 2399 2400 2484
f 2400 2401 2485
f 2401 2402 2486
f 2402 2403 2487
f 2403 2404 2488
f 2404 2405 2489
f 2405 2406 2490
f 2406 2407 2491
f 2407 2408 2492
f 2408 2409 2493
f 2409 2410 2494
f 2410 2411 2495
f 2411 2412 2496
f 2412 2413 2497
f 2413 2414 2498
f 2414 2415 2499
f 2415 2416 2500
f 2416 2417 2501
f 2417 2418 2502
f 2418 2419 2503
f 2419 2420 2504
f 2420 2421 2505
f 2421 2422 2506
f 2422 2423 2507
f 2423 2424 2508
f 2424 2425 2509
f 2425 2426 2510
f 2426 2427 2511
f 2427 2428 2512
f 2428 2429 2513
f 2429 2430 2514
f 2430 2431 2515
f 2431 2432 2516
f 2432 2433 2517
f 2433 2434 2518
f 2434 2435 2519
f 2435 2436 2520
f 2436 2353 2437
f 2353 2438 2437
f 2354 2439 2438
f 2355 2440 2439
f 2356 2441 2440
f 2357 2442 2441
f 2358 2443 2442
f 2359 2444 2443
f 2360 2445 2444
f 2361 2446 2445
f 2362 2447 2446
f 2363 2448 2447
f 2364 2449 2448
f 2365 2450 2449
f 2366 2451 2450
f 2367 2452 2451
f 2368 2453 2452
f 2369 2454 2453
f 2370 2455 2454
f 2371 2456 2455
f 2372 2457 2456
f 2373 2458 2457
f 2374 2459 2458
f 2375 2460 2459
f 2376 2461 2460
f 2377 2462 2461
f 2378 2463 2462
f 2379 2464 2463
f 2380 2465 2464
f 2381 2466 2465
f 2382 2467 2466
f 2383 2468 2467
f 2384 2469 2468
f 2385 2470 2469
f 2386 2471 2470
f 2387 2472 2471
f 2388 2473 2472
f 2389 2474 2473
f 2390 2475 2474
f 2391 2476 2475
f 2392 2477 2476
f 2393 2478 2477
f 2394 2479 2478
f 2395 2480 2479
f 2396 2481 2480
f 2397 2482 2481
f 2398 2483 2482
f 2399 2484 2483
f 2400 2485 2484
f 2401 2486 2485
f 2402 2487 2486
f 2403 2488 2487
f 2404 2489 2488
f 2405 2490 2489
f 2406 2491 2490
f 2407 2492 2491
f 2408 2493 2492
f 2409 2494 2493
f 2410 2495 2494
f 2411 2496 2495
f 2412 2497 2496
f 2413 2498 2497
f 2414 2499 2498
f 2415 2500 2499
f 2416 2501 2500
f 2417 2502 2501
f 2418 2503 2502
f 2419 2504 2503
f 2420 2505 2504
f 2421 2506 2505
f 2422 2507 2506
f 2423 2508 2507
f 2424 2509 2508
f 2425 2510 2509
f 2426 2511 2510
f 2427 2512 2511
f 2428 2513 2512
f 2429 2514 2513
f 2430 2515 2514
f 2431 2516 2515
f 2432 2517 2516
f 2433 2518 2517
f 2434 2519 2518
f 2435 2520 2519
f 2436 2437 2520
f 2437 2438 2522
f 2438 2439 2523
f 2439 2440 2524
f 2440 2441 2525
f 2441 2442 2526
f 2442 2443 2527
f 2443 2444 2528
f 2444 2445 2529
f 2445 2446 2530
f 2446 2447 2531
f 2447 2448 2532
f 2448 2449 2533
f 2449 2450 2534
f 2450 2451 2535
f 2451 2452 2536
f 2452 2453 2537
f 2453 2454 2538
f 2454 2455 2539
f 2455 2456 2540
f 2456 2457 2541
f 2457 2458 2542
f 2458 2459 2543
f 2459 2460 2544
f 2460 2461 2545
f 2461 2462 2546
f 2462 2463 2547
f 2463 2464 2548
f 2464 2465 2549
f 2465 2466 2550
f 2466 2467 2551
f 2467 2468 2552
f 2468 2469 2553
f 2469 2470 2554
f 2470 2471 2555
f 2471 2472 2556
f 2472 2473 2557
f 2473 2474 2558
f 2474 2475 2559
f 2475 2476 2560
f 2476 2477 2561
f 2477 2478 2562
f 2478 2479 2563
f 2479 2480 2564
f 2480 2481 2565
f 2481 2482 2566
f 2482 2483 2567
f 2483 2484 2568
f 2484 2485 2569
f 2485 2486 2570
f 2486 2487 2571
f 2487 2488 2572
f 2488 2489 2573
f 2489 2490 2574
f 2490 2491 2575
f 2491 2492 2576
f 2492 2493 2577
f 2493 2494 2578
f 2494 2495 2579
f 2495 2496 2580
f 2496 2497 2581
f 2497 2498 2582
f 2498 2499 2583
f 2499 2500 2584
f 2500 2501 2585
f 2501 2502 2586
f 2502 2503 2587
f 2503 2504 2588
f 2504 2505 2589
f 2505 2506 2590
f 2506 2507 2591
f 2507 2508 2592
f 2508 2509 2593
f 2509 2510 2594
f 2510 2511 2595
f 2511 2512 2596
f 2512 2513 2597
f 2513 2514 2598
f 2514 2515 2599
f 2515 2516 2600
f 2516 2517 2601
f 2517 2518 2602
f 2518 2519 2603
f 2519 2520 2604
f 2520 2437 2521
f 2437 2522 2521
f 2438 2523 2522
f 2439 2524 2523
f 2440 2525 2524
f 2441 2526 2525
f 2442 2527 2526
f 2443 2528 2527
f 2444 2529 2528
f 2445 2530 2529
f 2446 2531 2530
f 2447 2532 2531
f 2448 2533 2532
f 2449 2534 2533
f 2450 2535 2534
f 2451 2536 2535
f 2452 2537 2536
f 2453 2538 2537
f 2454 2539 2538
f 2455 2540 2539
f 2456 2541 2540
f 2457 2542 2541
f 2458 2543 2542
f 2459 2544 2543
f 2460 2545 2544
f 2461 2546 2545
f 2462 2547 2546
f 2463 2548 2547
f 2464 2549 2548
f 2465 2550 2549
f 2466 2551 2550
f 2467 2552 2551
f 2468 2553 2552
f 2469 2554 2553
f 2470 2555 2554
f 2471 2556 2555
f 2472 2557 2556
f 2473 2558 2557
f 2474 2559 2558
f 2475 2560 2559
f 2476 2561 2560
f 2477 2562 2561
f 2478 2563 2562
f 2479 2564 2563
f 2480 2565 2564
f 2481 2566 2565
f 2482 2567 2566
f 2483 2568 2567
f 2484 2569 2568
f 2485 2570 2569
f 2486 2571 2570
f 2487 2572 2571
f 2488 2573 2572
f 2489 2574 2573
f 2490 2575 2574
f 2491 2576 2575
f 2492 2577 2576
f 2493 2578 2577
f 2494 2579 2578
f 2495 2580 2579
f 2496 2581 2580
f 2497 2582 2581
f 2498 2583 2582
f 2499 2584 2583
f 2500 2585 2584
f 2501 2586 2585
f 2502 2587 2586
f 2503 2588 2587
f 2504 2589 2588
f 2505 2590 2589
f 2506 2591 2590
f 2507 2592 2591
f 2508 2593 2592
f 2509 2594 2593
f 2510 2595 2594
f 2511 2596 2595
f 2512 2597 2596
f 2513 2598 2597
f 2514 2599 2598
f 2515 2600 2599
f 2516 2601 2600
f 2517 2602 2601
f 2518 2603 2602
f 2519 2604 2603
f 2520 2521 2604
f 2521 2522 2606
f 2522 2523 2607
f 2523 2524 2608
f 2524 2525 2609
f 2525 2526 2610
f 2526 2527 2611
f 2527 2528 2612
f 2528 2529 2613
f 2529 2530 2614
f 2530 2531 2615
f 2531 2532 2616
f 2532 2533 2617
f 2533 2534 2618
f 2534 2535 2619
f 2535 2536 2620
f 2536 2537 2621
f 2537 2538 2622
f 2538 2539 2623
f 2539 2540 2624
f 2540 2541 2625
f 2541 2542 2626
f 2542 2543 2627
f 2543 2544 2628
f 2544 2545 2629
f 2545 2546 2630
f 2546 2547 2631
f 2547 2548 2632
f 2548 2549 2633
f 2549 2550 2634
f 2550 2551 2635
f 2551 2552 2636
f 2552 2553 2637
f 2553 2554 2638
f 2554 2555 2639
f 2555 2556 2640
f 2556 2557 2641
f 2557 2558 2642
f 2558 2559 2643
f 2559 2560 2644
f 2560 2561 2645
f 2561 2562 2646
f 2562 2563 2647
f 2563 2564 2648
f 2564 2565 2649
f 2565 2566 2650
f 2566 2567 2651
f 2567 2568 2652
f 2568 2569 2653
f 2569 2570 2654
f 2570 2571 2655
f 2571 2572 2656
f 2572 2573 2657
f 2573 2574 2658
f 2574 2575 2659
f 2575 2576 2660
f 2576 2577 2661
f 2577 2578 2662
f 2578 2579 2663
f 2579 2580 2664
f 2580 2581 2665
f 2581 2582 2666
f 2582 2583 2667
f 2583 2584 2668
f 2584 2585 2669
f 2585 2586 2670
f 2586 2587 2671
f 2587 2588 2672
f 2588 2589 2673
f 2589 2590 2674
f 2590 2591 2675
f 2591 2592 2676
f 2592 2593 2677
f 2593 2594 2678
f 2594 2595 2679
f 2595 2596 2680
f 2596 2597 2681
f 2597 2598 2682
f 2598 2599 2683
f 2599 2600 2684
f 2600 2601 2685
f 2601 2602 2686
f 2602 2603 2687
f 2603 2604 2688
f 2604 2521 2605
f 2521 2606 2605
f 2522 2607 2606
f 2523 2608 2607
f 2524 2609 2608
f 2525 2610 2609
f 2526 2611 2610
f 2527 2612 2611
f 2528 2613 2612
f 2529 2614 2613
f 2530 2615 2614
f 2531 2616 2615
f 2532 2617 2616
f 2533 2618 2617
f 2534 2619 2618
f 2535 2620 2619
f 2536 2621 2620
f 2537 2622 2621
f 2538 2623 2622
f 2539 2624 2623
f 2540 2625 2624
f 2541 2626 2625
f 2542 2627 2626
f 2543 2628 2627
f 2544 2629 2628
f 2545 2630 2629
f 2546 2631 2630
f 2547 2632 2631
f 2548 2633 2632
f 2549 2634 2633
f 2550 2635 2634
f 2551 2636 2635
f 2552 2637 2636
f 2553 2638 2637
f 2554 2639 2638
f 2555 2640 2639
f 2556 2641 2640
f 2557 2642 2641
f 2558 2643 2642
f 2559 2644 2643
f 2560 2645 2644
f 2561 2646 2645
f 2562 2647 2646
f 2563 2648 2647
f 2564 2649 2648
f 2565 2650 2649
f 2566 2651 2650
f 2567 2652 2651
f 2568 2653 2652
f 2569 2654 2653
f 2570 2655 2654
f 2571 2656 2655
f 2572 2657 2656
f 2573 2658 2657
f 2574 2659 2658
f 2575 2660 2659
f 2576 2661 2660
f 2577 2662 2661
f 2578 2663 2662
f 2579 2664 2663
f 2580 2665 2664
f 2581 2666 2665
f 2582 2667 2666
f 2583 2668 2667
f 2584 2669 2668
f 2585 2670 2669
f 2586 2671 2670
f 2587 2672 2671
f 2588 2673 2672
f 2589 2674 2673
f 2590 2675 2674
f 2591 2676 2675
f 2592 2677 2676
f 2593 2678 2677
f 2594 2679 2678
f 2595 2680 2679
f 2596 2681 2680
f 2597 2682 2681
f 2598 2683 2682
f 2599 2684 2683
f 2600 2685 2684
f 2601 2686 2685
f 2602 2687 2686
f 2603 2688 2687
f 2604 2605 2688
f 2605 2606 2690
f 2606 2607 2691
f 2607 2608 2692
f 2608 2609 2693
f 2609 2610 2694
f 2610 2611 2695
f 2611 2612 2696
f 2612 2613 2697
f 2613 2614 2698
f 2614 2615 2699
f 2615 2616 2700
f 2616 2617 2701
f 2617 2618 2702
f 2618 2619 2703
f 2619 2620 2704
f 2620 2621 2705
f 2621 2622 2706
f 2622 2623 2707
f 2623 2624 2708
f 2624 2625 2709
f 2625 2626 2710
f 2626 2627 2711
f 2627 2628 2712
f 2628 2629 2713
f 2629 2630 2714
f 2630 2631 2715
f 2631 2632 2716
f 2632 2633 2717
f 2633 2634 2718
f 2634 2635 2719
f 2635 2636 2720
f 2636 2637 2721
f 2637 2638 2722
f 2638 2639 2723
f 2639 2640 2724
f 2640 2641 2725
f 2641 2642 2726
f 2642 2643 2727
f 2643 2644 2728
f 2644 2645 2729
f 2645 2646 2730
f 2646 2647 2731
f 2647 2648 2732
f 2648 2649 2733
f 2649 2650 2734
f 2650 2651 2735
f 2651 2652 2736
f 2652 2653 2737
f 2653 2654 2738
f 2654 2655 2739
f 2655 2656 2740
f 2656 2657 2741
f 2657 2658 2742
f 2658 2659 2743
f 2659 2660 2744
f 2660 2661 2745
f 2661 2662 2746
f 2662 2663 2747
f 2663 2664 2748
f 2664 2665 2749
f 2665 2666 2750
f 2666 2667 2751
f 2667 2668 2752
f 2668 2669 2753
f 2669 2670 2754
f 2670 2671 2755
f 2671 2672 2756
f 2672 2673 2757
f 2673 2674 2758
f 2674 2675 2759
f 2675 2676 2760
f 2676 2677 2761
f 2677 2678 2762
f 2678 2679 2763
f 2679 2680 2764
f 2680 2681 2765
f 2681 2682 2766
f 2682 2683 2767
f 2683 2684 2768
f 2684 2685 2769
f 2685 2686 2770
f 2686 2687 2771
f 2687 2688 2772
f 2688 2605 2689
f 2605 2690 2689
f 2606 2691 2690
f 2607 2692 2691
f 2608 2693 2692
f 2609 2694 2693
f 2610 2695 2694
f 2611 2696 2695
f 2612 2697 2696
f 2613 2698 2697
f 2614 2699 2698
f 2615 2700 2699
f 2616 2701 2700
f 2617 2702 2701
f 2618 2703 2702
f 2619 2704 2703
f 2620 2705 2704
f 2621 2706 2705
f 2622 2707 2706
f 2623 2708 2707
f 2624 2709 2708
f 2625 2710 2709
f 2626 2711 2710
f 2627 2712 2711
f 2628 2713 2712
f 2629 2714 2713
f 2630 2715 2714
f 2631 2716 2715
f 2632 2717 2716
f 2633 2718 2717
f 2634 2719 2718
f 2635 2720 2719
f 2636 2721 2720
f 2637 2722 2721
f 2638 2723 2722
f 2639 2724 2723
f 2640 2725 2724
f 2641 2726 2725
f 2642 2727 2726
f 2643 2728 2727
f 2644 2729 2728
f 2645 2730 2729
f 2646 2731 2730
f 2647 2732 2731
f 2648 2733 2732
f 2649 2734 2733
f 2650 2735 2734
f 2651 2736 2735
f 2652 2737 2736
f 2653 2738 2737
f 2654 2739 2738
f 2655 2740 2739
f 2656 2741 2740
f 2657 2742 2741
f 2658 2743 2742
f 2659 2744 2743
f 2660 2745 2744
f 2661 2746 2745
f 2662 2747 2746
f 2663 2748 2747
f 2664 2749 2748
f 2665 2750 2749
f 2666 2751 2750
f 2667 2752 2751
f 2668 2753 2752
f 2669 2754 2753
f 2670 2755 2754
f 2671 2756 2755
f 2672 2757 2756
f 2673 2758 2757
f 2674 2759 2758
f 2675 2760 2759
f 2676 2761 2760
f 2677 2762 2761
f 2678 2763 2762
f 2679 2764 2763
f 2680 2765 2764
f 2681 2766 2765
f 2682 2767 2766
f 2683 2768 2767
f 2684 2769 2768
f 2685 2770 2769
f 2686 2771 2770
f 2687 2772 2771
f 2688 2689 2772
f 2689 2690 2774
f 2690 2691 2775
f 2691 2692 2776
f 2692 2693 2777
f 2693 2694 2778
f 2694 2695 2779
f 2695 2696 2780
f 2696 2697 2781
f 2697 2698 2782
f 2698 2699 2783
f 2699 2700 2784
f 2700 2701 2785
f 2701 2702 2786
f 2702 2703 2787
f 2703 2704 2788
f 2704 2705 2789
f 2705 2706 2790
f 2706 2707 2791
f 2707 2708 2792
f 2708 2709 2793
f 2709 2710 2794
f 2710 2711 2795
f 2711 2712 2796
f 2712 2713 2797
f 2713 2714 2798
f 2714 2715 2799
f 2715 2716 2800
f 2716 2717 2801
f 2717 2718 2802
f 2718 2719 2803
f 2719 2720 2804
f 2720 2721 2805
f 2721 2722 2806
f 2722 2723 2807
f 2723 2724 2808
f 2724 2725 2809
f 2725 2726 2810
f 2726 2727 2811
f 2727 2728 2812
f 2728 2729 2813
f 2729 2730 2814
f 2730 2731 2815
f 2731 2732 2816
f 2732 2733 2817
f 2733 2734 2818
f 2734 2735 2819
f 2735 2736 2820
f 2736 2737 2821
f 2737 2738 2822
f 2738 2739 2823
f 2739 2740 2824
f 2740 2741 2825
f 2741 2742 2826
f 2742 2743 2827
f 2743 2744 2828
f 2744 2745 2829
f 2745 2746 2830
f 2746 2747 2831
f 2747 2748 2832
f 2748 2749 2833
f 2749 2750 2834
f 2750 2751 2835
f 2751 2752 2836
f 2752 2753 2837
f 2753 2754 2838
f 2754 2755 2839
f 2755 2756 2840
f 2756 2757 2841
f 2757 2758 2842
f 2758 2759 2843
f 2759 2760 2844
f 2760 2761 2845
f 2761 2762 2846
f 2762 2763 2847
f 2763 2764 2848
f 2764 2765 2849
f 2765 2766 2850
f 2766 2767 2851
f 2767 2768 2852
f 2768 2769 2853
f 2769 2770 2854
f 2770 2771 2855
f 2771 2772 2856
f 2772 2689 2773
f 2689 2774 2773
f 2690 2775 2774
f 2691 2776 2775
f 2692 2777 2776
f 2693 2778 2777
f 2694 2779 2778
f 2695 2780 2779
f 2696 2781 2780
f 2697 2782 2781
f 2698 2783 2782
f 2699 2784 2783
f 2700 2785 2784
f 2701 2786 2785
f 2702 2787 2786
f 2703 2788 2787
f 2704 2789 2788
f 2705 2790 2789
f 2706 2791 2790
f 2707 2792 2791
f 2708 2793 2792
f 2709 2794 2793
f 2710 2795 2794
f 2711 2796 2795
f 2712 2797 2796
f 2713 2798 2797
f 2714 2799 2798
f 2715 2800 2799
f 2716 2801 2800
f 2717 2802 2801
f 2718 2803 2802
f 2719 2804 2803
f 2720 2805 2804
f 2721 2806 2805
f 2722 2807 2806
f 2723 2808 2807
f 2724 2809 2808
f 2725 2810 2809
f 2726 2811 2810
f 2727 2812 2811
f 2728 2813 2812
f 2729 2814 2813
f 2730 2815 2814
f 2731 2816 2815
f 2732 2817 2816
f 2733 2818 2817
f 2734 2819 2818
f 2735 2820 2819
f 2736 2821 2820
f 2737 2822 2821
f 2738 2823 2822
f 2739 2824 2823
f 2740 2825 2824
f 2741 2826 2825
f 2742 2827 2826
f 2743 2828 2827
f 2744 2829 2828
f 2745 2830 2829
f 2746 2831 2830
f 2747 2832 2831
f 2748 2833 2832
f 2749 2834 2833
f 2750 2835 2834
f 2751 2836 2835
f 2752 2837 2836
f 2753 2838 2837
f 2754 2839 2838
f 2755 2840 2839
f 2756 2841 2840
f 2757 2842 2841
f 2758 2843 2842
f 2759 2844 2843
f 2760 2845 2844
f 2761 2846 2845
f 2762 2847 2846
f 2763 2848 2847
f 2764 2849 2848
f 2765 2850 2849
f 2766 2851 2850
f 2767 2852 2851
f 2768 2853 2852
f 2769 2854 2853
f 2770 2855 2854
f 2771 2856 2855
f 2772 2773 2856
f 2773 2774 2858
f 2774 2775 2859
f 2775 2776 2860
f 2776 2777 2861
f 2777 2778 2862
f 2778 2779 2863
f 2779 2780 2864
f 2780 2781 2865
f 2781 2782 2866
f 2782 2783 2867
f 2783 2784 2868
f 2784 2785 2869
f 2785 2786 2870
f 2786 2787 2871
f 2787 2788 2872
f 2788 2789 2873
f 2789 2790 2874
f 2790 2791 2875
f 2791 2792 2876
f 2792 2793 2877
f 2793 2794 2878
f 2794 2795 2879
f 2795 2796 2880
f 2796 2797 2881
f 2797 2798 2882
f 2798 2799 2883
f 2799 2800 2884
f 2800 2801 2885
f 2801 2802 2886
f 2802 2803 2887
f 2803 2804 2888
f 2804 2805 2889
f 2805 2806 2890
f 2806 2807 2891
f 2807 2808 2892
f 2808 2809 2893
f 2809 2810 2894
f 2810 2811 2895
f 2811 2812 2896
f 2812 2813 2897
f 2813 2814 2898
f 2814 2815 2899
f 2815 2816 2900
f 2816 2817 2901
f 2817 2818 2902
f 2818 2819 2903
f 2819 2820 2904
f 2820 2821 2905
f 2821 2822 2906
f 2822 2823 2907
f 2823 2824 2908
f 2824 2825 2909
f 2825 2826 2910
f 2826 2827 2911
f 2827 2828 2912
f 2828 2829 2913
f 2829 2830 2914
f 2830 2831 2915
f 2831 2832 2916
f 2832 2833 2917
f 2833 2834 2918
f 2834 2835 2919
f 2835 2836 2920
f 2836 2837 2921
f 2837 2838 2922
f 2838 2839 2923
f 2839 2840 2924
f 2840 2841 2925
f 2841 2842 2926
f 2842 2843 2927
f 2843 2844 2928
f 2844 2845 2929
f 2845 2846 2930
f 2846 2847 2931
f 2847 2848 2932
f 2848 2849 2933
f 2849 2850 2934
f 2850 2851 2935
f 2851 2852 2936
f 2852 2853 2937
f 2853 2854 2938
f 2854 2855 2939
f 2855 2856 2940
f 2856 2773 2857
f 2773 2858 2857
f 2774 2859 2858
f 2775 2860 2859
f 2776 2861 2860
f 2777 2862 2861
f 2778 2863 2862
f 2779 2864 2863
f 2780 2865 2864
f 2781 2866 2865
f 2782 2867 2866
f 2783 2868 2867
f 2784 2869 2868
f 2785 2870 2869
f 2786 2871 2870
f 2787 2872 2871
f 2788 2873 2872
f 2789 2874 2873
f 2790 2875 2874
f 2791 2876 2875
f 2792 2877 2876
f 2793 2878 2877
f 2794 2879 2878
f 2795 2880 2879
f 2796 2881 2880
f 2797 2882 2881
f 2798 2883 2882
f 2799 2884 2883
f 2800 2885 2884
f 2801 2886 2885
f 2802 2887 2886
f 2803 2888 2887
f 2804 2889 2888
f 2805 2890 2889
f 2806 2891 2890
f 2807 2892 2891
f 2808 2893 2892
f 2809 2894 2893
f 2810 2895 2894
f 2811 2896 2895
f 2812 2897 2896
f 2813 2898 2897
f 2814 2899 2898
f 2815 2900 2899
f 2816 2901 2900
f 2817 2902 2901
f 2818 2903 2902
f 2819 2904 2903
f 2820 2905 2904
f 2821 2906 2905
f 2822 2907 2906
f 2823 2908 2907
f 2824 2909 2908
f 2825 2910 2909
f 2826 2911 2910
f 2827 2912 2911
f 2828 2913 2912
f 2829 2914 2913
f 2830 2915 2914
f 2831 2916 2915
f 2832 2917 2916
f 2833 2918 2917
f 2834 2919 2918
f 2835 2920 2919
f 2836 2921 2920
f 2837 2922 2921
f 2838 2923 2922
f 2839 2924 2923
f 2840 2925 2924
f 2841 2926 2925
f 2842 2927 2926
f 2843 2928 2927
f 2844 2929 2928
f 2845 2930 2929
f 2846 2931 2930
f 2847 2932 2931
f 2848 2933 2932
f 2849 2934 2933
f 2850 2935 2934
f 2851 2936 2935
f 2852 2937 2936
f 2853 2938 2937
f 2854 2939 2938
f 2855 2940 2939
f 2856 2857 2940
f 2857 2858 2942
f 2858 2859 2943
f 2859 2860 2944
f 2860 2861 2945
f 2861 2862 2946
f 2862 2863 2947
f 2863 2864 2948
f 2864 2865 2949
f 2865 2866 2950
f 2866 2867 2951
f 2867 2868 2952
f 2868 2869 2953
f 2869 2870 2954
f 2870 2871 2955
f 2871 2872 2956
f 2872 2873 2957
f 2873 2874 2958
f 2874 2875 2959
f 2875 2876 2960
f 2876 2877 2961
f 2877 2878 2962
f 2878 2879 2963
f 2879 2880 2964
f 2880 2881 2965
f 2881 2882 2966
f 2882 2883 2967
f 2883 2884 2968
f 2884 2885 2969
f 2885 2886 2970
f 2886 2887 2971
f 2887 2888 2972
f 2888 2889 2973
f 2889 2890 2974
f 2890 2891 2975
f 2891 2892 2976
f 2892 2893 2977
f 2893 2894 2978
f 2894 2895 2979
f 2895 2896 2980
f 2896 2897 2981
f 2897 2898 2982
f 2898 2899 2983
f 2899 2900 2984
f 2900 2901 2985
f 2901 2902 2986
f 2902 2903 2987
f 2903 2904 2988
f 2904 2905 2989
f 2905 2906 2990
f 2906 2907 2991
f 2907 2908 2992
f 2908 2909 2993
f 2909 2910 2994
f 2910 2911 2995
f 2911 2912 2996
f 2912 2913 2997
f 2913 2914 2998
f 2914 2915 2999
f 2915 2916 3000
f 2916 2917 3001
f 2917 2918 3002
f 2918 2919 3003
f 2919 2920 3004
f 2920 2921 3005
f 2921 2922 3006
f 2922 2923 3007
f 2923 2924 3008
f 2924 2925 3009
f 2925 2926 3010
f 2926 2927 3011
f 2927 2928 3012
f 2928 2929 3013
f 2929 2930 3014
f 2930 2931 3015
f 2931 2932 3016
f 2932 2933 3017
f 2933 2934 3018
f 2934 2935 3019
f 2935 2936 3020
f 2936 2937 3021
f 2937 2938 3022
f 2938 2939 3023
f 2939 2940 3024
f 2940 2857 2941
f 2857 2942 2941
f 2858 2943 2942
f 2859 2944 2943
f 2860 2945 2944
f 2861 2946 2945
f 2862 2947 2946
f 2863 2948 2947
f 2864 2949 2948
f 2865 2950 2949
f 2866 2951 2950
f 2867 2952 2951
f 2868 2953 2952
f 2869 2954 2953
f 2870 2955 2954
f 2871 2956 2955
f 2872 2957 2956
f 2873 2958 2957
f 2874 2959 2958
f 2875 2960 2959
f 2876 2961 2960
f 2877 2962 2961
f 2878 2963 2962
f 2879 2964 2963
f 2880 2965 2964
f 2881 2966 2965
f 2882 2967 2966
f 2883 2968 2967
f 2884 2969 2968
f 2885 2970 2969
f 2886 2971 2970
f 2887 2972 2971
f 2888 2973 2972
f 2889 2974 2973
f 2890 2975 2974
f 2891 2976 2975
f 2892 2977 2976
f 2893 2978 2977
f 2894 2979 2978
f 2895 2980 2979
f 2896 2981 2980
f 2897 2982 2981
f 2898 2983 2982
f 2899 2984 2983
f 2900 2985 2984
f 2901 2986 2985
f 2902 2987 2986
f 2903 2988 2987
f 2904 2989 2988
f 2905 2990 2989
f 2906 2991 2990
f 2907 2992 2991
f 2908 2993 2992
f 2909 2994 2993
f 2910 2995 2994
f 2911 2996 2995
f 2912 2997 2996
f 2913 2998 2997
f 2914 2999 2998
f 2915 3000 2999
f 2916 3001 3000
f 2917 3002 3001
f 2918 3003 3002
f 2919 3004 3003
f 2920 3005 3004
f 2921 3006 3005
f 2922 3007 3006
f 2923 3008 3007
f 2924 3009 3008
f 2925 3010 3009
f 2926 3011 3010
f 2927 3012 3011
f 2928 3013 3012
f 2929 3014 3013
f 2930 3015 3014
f 2931 3016 3015
f 2932 3017 3016
f 2933 3018 3017
f 2934 3019 3018
f 2935 3020 3019
f 2936 3021 3020
f 2937 3022 3021
f 2938 3023 3022
f 2939 3024 3023
f 2940 2941 3024
f 2941 2942 3026
f 2942 2943 3027
f 2943 2944 3028
f 2944 2945 3029
f 2945 2946 3030
f 2946 2947 3031
f 2947 2948 3032
f 2948 2949 3033
f 2949 2950 3034
f 2950 2951 3035
f 2951 2952 3036
f 2952 2953 3037
f 2953 2954 3038
f 2954 2955 3039
f 2955 2956 3040
f 2956 2957 3041
f 2957 2958 3042
f 2958 2959 3043
f 2959 2960 3044
f 2960 2961 3045
f 2961 2962 3046
f 2962 2963 3047
f 2963 2964 3048
f 2964 2965 3049
f 2965 2966 3050
f 2966 2967 3051
f 2967 2968 3052
f 2968 2969 3053
f 2969 2970 3054
f 2970 2971 3055
f 2971 2972 3056
f 2972 2973 3057
f 2973 2974 3058
f 2974 2975 3059
f 2975 2976 3060
f 2976 2977 3061
f 2977 2978 3062
f 2978 2979 3063
f 2979 2980 3064
f 2980 2981 3065
f 2981 2982 3066
f 2982 2983 3067
f 2983 2984 3068
f 2984 2985 3069
f 2985 2986 3070
f 2986 2987 3071
f 2987 2988 3072
f 2988 2989 3073
f 2989 2990 3074
f 2990 2991 3075
f 2991 2992 3076
f 2992 2993 3077
f 2993 2994 3078
f 2994 2995 3079
f 2995 2996 3080
f 2996 2997 3081
f 2997 2998 3082
f 2998 2999 3083
f 2999 3000 3084
f 3000 3001 3085
f 3001 3002 3086
f 3002 3003 3087
f 3003 3004 3088
f 3004 3005 3089
f 3005 3006 3090
f 3006 3007 3091
f 3007 3008 3092
f 3008 3009 3093
f 3009 3010 3094
f 3010 3011 3095
f 3011 3012 3096
f 3012 3013 3097
f 3013 3014 3098
f 3014 3015 3099
f 3015 3016 3100
f 3016 3017 3101
f 3017 3018 3102
f 3018 3019 3103
f 3019 3020 3104
f 3020 3021 3105
f 3021 3022 3106
f 3022 3023 3107
f 3023 3024 3108
f 3024 2941 3025
f 2941 3026 3025
f 2942 3027 3026
f 2943 3028 3027
f 2944 3029 3028
f 2945 3030 3029
f 2946 3031 3030
f 2947 3032 3031
f 2948 3033 3032
f 2949 3034 3033
f 2950 3035 3034
f 2951 3036 3035
f 2952 3037 3036
f 2953 3038 3037
f 2954 3039 3038
f 2955 3040 3039
f 2956 3041 3040
f 2957 3042 3041
f 2958 3043 3042
f 2959 3044 3043
f 2960 3045 3044
f 2961 3046 3045
f 2962 3047 3046
f 2963 3048 3047
f 2964 3049 3048
f 2965 3050 3049
f 2966 3051 3050
f 2967 3052 3051
f 2968 3053 3052
f 2969 3054 3053
f 2970 3055 3054
f 2971 3056 3055
f 2972 3057 3056
f 2973 3058 3057
f 2974 3059 3058
f 2975 3060 3059
f 2976 3061 3060
f 2977 3062 3061
f 2978 3063 3062
f 2979 3064 3063
f 2980 3065 3064
f 2981 3066 3065
f 2982 3067 3066
f 2983 3068 3067
f 2984 3069 3068
f 2985 3070 3069
f 2986 3071 3070
f 2987 3072 3071
f 2988 3073 3072
f 2989 3074 3073
f 2990 3075 3074
f 2991 3076 3075
f 2992 3077 3076
f 2993 3078 3077
f 2994 3079 3078
f 2995 3080 3079
f 2996 3081 3080
f 2997 3082 3081
f 2998 3083 3082
f 2999 3084 3083
f 3000 3085 3084
f 3001 3086 3085
f 3002 3087 3086
f 3003 3088 3087
f 3004 3089 3088
f 3005 3090 3089
f 3006 3091 3090
f 3007 3092 3091
f 3008 3093 3092
f 3009 3094 3093
f 3010 3095 3094
f 3011 3096 3095
f 3012 3097 3096
f 3013 3098 3097
f 3014 3099 3098
f 3015 3100 3099
f 3016 3101 3100
f 3017 3102 3101
f 3018 3103 3102
f 3019 3104 3103
f 3020 3105 3104
f 3021 3106 3105
f 3022 3107 3106
f 3023 3108 3107
f 3024 3025 3108
f 3025 3026 3110
f 3026 3027 3111
f 3027 3028 3112
f 3028 3029 3113
f 3029 3030 3114
f 3030 3031 3115
f 3031 3032 3116
f 3032 3033 3117
f 3033 3034 3118
f 3034 3035 3119
f 3035 3036 3120
f 3036 3037 3121
f 3037 3038 3122
f 3038 3039 3123
f 3039 3040 3124
f 3040 3041 3125
f 3041 3042 3126
f 3042 3043 3127
f 3043 3044 3128
f 3044 3045 3129
f 3045 3046 3130
f 3046 3047 3131
f 3047 3048 3132
f 3048 3049 3133
f 3049 3050 3134
f 3050 3051 3135
f 3051 3052 3136
f 3052 3053 3137
f 3053 3054 3138
f 3054 3055 3139
f 3055 3056 3140
f 3056 3057 3141
f 3057 3058 3142
f 3058 3059 3143
f 3059 3060 3144
f 3060 3061 3145
f 3061 3062 3146
f 3062 3063 3147
f 3063 3064 3148
f 3064 3065 3149
f 3065 3066 3150
f 3066 3067 3151
f 3067 3068 3152
f 3068 3069 3153
f 3069 3070 3154
f 3070 3071 3155
f 3071 3072 3156
f 3072 3073 3157
f 3073 3074 3158
f 3074 3075 3159
f 3075 3076 3160
f 3076 3077 3161
f 3077 3078 3162
f 3078 3079 3163
f 3079 3080 3164
f 3080 3081 3165
f 3081 3082 3166
f 3082 3083 3167
f 3083 3084 3168
f 3084 3085 3169
f 3085 3086 3170
f 3086 3087 3171
f 3087 3088 3172
f 3088 3089 3173
f 3089 3090 3174
f 3090 3091 3175
f 3091 3092 3176
f 3092 3093 3177
f 3093 3094 3178
f 3094 3095 3179
f 3095 3096 3180
f 3096 3097 3181
f 3097 3098 3182
f 3098 3099 3183
f 3099 3100 3184
f 3100 3101 3185
f 3101 3102 3186
f 3102 3103 3187
f 3103 3104 3188
f 3104 3105 3189
f 3105 3106 3190
f 3106 3107 3191
f 3107 3108 3192
f 3108 3025 3109
f 3025 3110 3109
f 3026 3111 3110
f 3027 3112 3111
f 3028 3113 3112
f 3029 3114 3113
f 3030 3115 3114
f 3031 3116 3115
f 3032 3117 3116
f 3033 3118 3117
f 3034 3119 3118
f 3035 3120 3119
f 3036 3121 3120
f 3037 3122 3121
f 3038 3123 3122
f 3039 3124 3123
f 3040 3125 3124
f 3041 3126 3125
f 3042 3127 3126
f 3043 3128 3127
f 3044 3129 3128
f 3045 3130 3129
f 3046 3131 3130
f 3047 3132 3131
f 3048 3133 3132
f 3049 3134 3133
f 3050 3135 3134
f 3051 3136 3135
f 3052 3137 3136
f 3053 3138 3137
f 3054 3139 3138
f 3055 3140 3139
f 3056 3141 3140
f 3057 3142 3141
f 3058 3143 3142
f 3059 3144 3143
f 3060 3145 3144
f 3061 3146 3145
f 3062 3147 3146
f 3063 3148 3147
f 3064 3149 3148
f 3065 3150 3149
f 3066 3151 3150
f 3067 3152 3151
f 3068 3153 3152
f 3069 3154 3153
f 3070 3155 3154
f 3071 3156 3155
f 3072 3157 3156
f 3073 3158 3157
f 3074 3159 3158
f 3075 3160 3159
f 3076 3161 3160
f 3077 3162 3161
f 3078 3163 3162
f 3079 3164 3163
f 3080 3165 3164
f 3081 3166 3165
f 3082 3167 3166
f 3083 3168 3167
f 3084 3169 3168
f 3085 3170 3169
f 3086 3171 3170
f 3087 3172 3171
f 3088 3173 3172
f 3089 3174 3173
f 3090 3175 3174
f 3091 3176 3175
f 3092 3177 3176
f 3093 3178 3177
f 3094 3179 3178
f 3095 3180 3179
f 3096 3181 3180
f 3097 3182 3181
f 3098 3183 3182
f 3099 3184 3183
f 3100 3185 3184
f 3101 3186 3185
f 3102 3187 3186
f 3103 3188 3187
f 3104 3189 3188
f 3105 3190 3189
f 3106 3191 3190
f 3107 3192 3191
f 3108 3109 3192
f 3109 3110 3194
f 3110 3111 3195
f 3111 3112 3196
f 3112 3113 3197
f 3113 3114 3198
f 3114 3115 3199
f 3115 3116 3200
f 3116 3117 3201
f 3117 3118 3202
f 3118 3119 3203
f 3119 3120 3204
f 3120 3121 3205
f 3121 3122 3206
f 3122 3123 3207
f 3123 3124 3208
f 3124 3125 3209
f 3125 3126 3210
f 3126 3127 3211
f 3127 3128 3212
f 3128 3129 3213
f 3129 3130 3214
f 3130 3131 3215
f 3131 3132 3216
f 3132 3133 3217
f 3133 3134 3218
f 3134 3135 3219
f 3135 3136 3220
f 3136 3137 3221
f 3137 3138 3222
f 3138 3139 3223
f 3139 3140 3224
f 3140 3141 3225
f 3141 3142 3226
f 3142 3143 3227
f 3143 3144 3228
f 3144 3145 3229
f 3145 3146 3230
f 3146 3147 3231
f 3147 3148 3232
f 3148 3149 3233
f 3149 3150 3234
f 3150 3151 3235
f 3151 3152 3236
f 3152 3153 3237
f 3153 3154 3238
f 3154 3155 3239
f 3155 3156 3240
f 3156 3157 3241
f 3157 3158 3242
f 3158 3159 3243
f 3159 3160 3244
f 3160 3161 3245
f 3161 3162 3246
f 3162 3163 3247
f 3163 3164 3248
f 3164 3165 3249
f 3165 3166 3250
f 3166 3167 3251
f 3167 3168 3252
f 3168 3169 3253
f 3169 3170 3254
f 3170 3171 3255
f 3171 3172 3256
f 3172 3173 3257
f 3173 3174 3258
f 3174 3175 3259
f 3175 3176 3260
f 3176 3177 3261
f 3177 3178 3262
f 3178 3179 3263
f 3179 3180 3264
f 3180 3181 3265
f 3181 3182 3266
f 3182 3183 3267
f 3183 3184 3268
f 3184 3185 3269
f 3185 3186 3270
f 3186 3187 3271
f 3187 3188 3272
f 3188 3189 3273
f 3189 3190 3274
f 3190 3191 3275
f 3191 3192 3276
f 3192 3109 3193
f 3109 3194 3193
f 3110 3195 3194
f 3111 3196 3195
f 3112 3197 3196
f 3113 3198 3197
f 3114 3199 3198
f 3115 3200 3199
f 3116 3201 3200
f 3117 3202 3201
f 3118 3203 3202
f 3119 3204 3203
f 3120 3205 3204
f 3121 3206 3205
f 3122 3207 3206
f 3123 3208 3207
f 3124 3209 3208
f 3125 3210 3209
f 3126 3211 3210
f 3127 3212 3211
f 3128 3213 3212
f 3129 3214 3213
f 3130 3215 3214
f 3131 3216 3215
f 3132 3217 3216
f 3133 3218 3217
f 3134 3219 3218
f 3135 3220 3219
f 3136 3221 3220
f 3137 3222 3221
f 3138 3223 3222
f 3139 3224 3223
f 3140 3225 3224
f 3141 3226 3225
f 3142 3227 3226
f 3143 3228 3227
f 3144 3229 3228
f 3145 3230 3229
f 3146 3231 3230
f 3147 3232 3231
f 3148 3233 3232
f 3149 3234 3233
f 3150 3235 3234
f 3151 3236 3235
f 3152 3237 3236
f 3153 3238 3237
f 3154 3239 3238
f 3155 3240 3239
f 3156 3241 3240
f 3157 3242 3241
f 3158 3243 3242
f 3159 3244 3243
f 3160 3245 3244
f 3161 3246 3245
f 3162 3247 3246
f 3163 3248 3247
f 3164 3249 3248
f 3165 3250 3249
f 3166 3251 3250
f 3167 3252 3251
f 3168 3253 3252
f 3169 3254 3253
f 3170 3255 3254
f 3171 3256 3255
f 3172 3257 3256
f 3173 3258 3257
f 3174 3259 3258
f 3175 3260 3259
f 3176 3261 3260
f 3177 3262 3261
f 3178 3263 3262
f 3179 3264 3263
f 3180 3265 3264
f 3181 3266 3265
f 3182 3267 3266
f 3183 3268 3267
f 3184 3269 3268
f 3185 3270 3269
f 3186 3271 3270
f 3187 3272 3271
f 3188 3273 3272
f 3189 3274 3273
f 3190 3275 3274
f 3191 3276 3275
f 3192 3193 3276
f 3193 3194 3278
f 3194 3195 3279
f 3195 3196 3280
f 3196 3197 3281
f 3197 3198 3282
f 3198 3199 3283
f 3199 3200 3284
f 3200 3201 3285
f 3201 3202 3286
f 3202 3203 3287
f 3203 3204 3288
f 3204 3205 3289
f 3205 3206 3290
f 3206 3207 3291
f 3207 3208 3292
f 3208 3209 3293
f 3209 3210 3294
f 3210 3211 3295
f 3211 3212 3296
f 3212 3213 3297
f 3213 3214 3298
f 3214 3215 3299
f 3215 3216 3300
f 3216 3217 3301
f 3217 3218 3302
f 3218 3219 3303
f 3219 3220 3304
f 3220 3221 3305
f 3221 3222 3306
f 3222 3223 3307
f 3223 3224 3308
f 3224 3225 3309
f 3225 3226 3310
f 3226 3227 3311
f 3227 3228 3312
f 3228 3229 3313
f 3229 3230 3314
f 3230 3231 3315
f 3231 3232 3316
f 3232 3233 3317
f 3233 3234 3318
f 3234 3235 3319
f 3235 3236 3320
f 3236 3237 3321
f 3237 3238 3322
f 3238 3239 3323
f 3239 3240 3324
f 3240 3241 3325
f 3241 3242 3326
f 3242 3243 3327
f 3243 3244 3328
f 3244 3245 3329
f 3245 3246 3330
f 3246 3247 3331
f 3247 3248 3332
f 3248 3249 3333
f 3249 3250 3334
f 3250 3251 3335
f 3251 3252 3336
f 3252 3253 3337
f 3253 3254 3338
f 3254 3255 3339
f 3255 3256 3340
f 3256 3257 3341
f 3257 3258 3342
f 3258 3259 3343
f 3259 3260 3344
f 3260 3261 3345
f 3261 3262 3346
f 3262 3263 3347
f 3263 3264 3348
f 3264 3265 3349
f 3265 3266 3350
f 3266 3267 3351
f 3267 3268 3352
f 3268 3269 3353
f 3269 3270 3354
f 3270 3271 3355
f 3271 3272 3356
f 3272 3273 3357
f 3273 3274 3358
f 3274 3275 3359
f 3275 3276 3360
f 3276 3193 3277
f 3193 3278 3277
f 3194 3279 3278
f 3195 3280 3279
f 3196 3281 3280
f 3197 3282 3281
f 3198 3283 3282
f 3199 3284 3283
f 3200 3285 3284
f 3201 3286 3285
f 3202 3287 3286
f 3203 3288 3287
f 3204 3289 3288
f 3205 3290 3289
f 3206 3291 3290
f 3207 3292 3291
f 3208 3293 3292
f 3209 3294 3293
f 3210 3295 3294
f 3211 3296 3295
f 3212 3297 3296
f 3213 3298 3297
f 3214 3299 3298
f 3215 3300 3299
f 3216 3301 3300
f 3217 3302 3301
f 3218 3303 3302
f 3219 3304 3303
f 3220 3305 3304
f 3221 3306 3305
f 3222 3307 3306
f 3223 3308 3307
f 3224 3309 3308
f 3225 3310 3309
f 3226 3311 3310
f 3227 3312 3311
f 3228 3313 3312
f 3229 3314 3313
f 3230 3315 3314
f 3231 3316 3315
f 3232 3317 3316
f 3233 3318 3317
f 3234 3319 3318
f 3235 3320 3319
f 3236 3321 3320
f 3237 3322 3321
f 3238 3323 3322
f 3239 3324 3323
f 3240 3325 3324
f 3241 3326 3325
f 3242 3327 3326
f 3243 3328 3327
f 3244 3329 3328
f 3245 3330 3329
f 3246 3331 3330
f 3247 3332 3331
f 3248 3333 3332
f 3249 3334 3333
f 3250 3335 3334
f 3251 3336 3335
f 3252 3337 3336
f 3253 3338 3337
f 3254 3339 3338
f 3255 3340 3339
f 3256 3341 3340
f 3257 3342 3341
f 3258 3343 3342
f 3259 3344 3343
f 3260 3345 3344
f 3261 3346 3345
f 3262 3347 3346
f 3263 3348 3347
f 3264 3349 3348
f 3265 3350 3349
f 3266 3351 3350
f 3267 3352 3351
f 3268 3353 3352
f 3269 3354 3353
f 3270 3355 3354
f 3271 3356 3355
f 3272 3357 3356
f 3273 3358 3357
f 3274 3359 3358
f 3275 3360 3359
f 3276 3277 3360
f 3277 3278 3362
f 3278 3279 3363
f 3279 3280 3364
f 3280 3281 3365
f 3281 3282 3366
f 3282 3283 3367
f 3283 3284 3368
f 3284 3285 3369
f 3285 3286 3370
f 3286 3287 3371
f 3287 3288 3372
f 3288 3289 3373
f 3289 3290 3374
f 3290 3291 3375
f 3291 3292 3376
f 3292 3293 3377
f 3293 3294 3378
f 3294 3295 3379
f 3295 3296 3380
f 3296 3297 3381
f 3297 3298 3382
f 3298 3299 3383
f 3299 3300 3384
f 3300 3301 3385
f 3301 3302 3386
f 3302 3303 3387
f 3303 3304 3388
f 3304 3305 3389
f 3305 3306 3390
f 3306 3307 3391
f 3307 3308 3392
f 3308 3309 3393
f 3309 3310 3394
f 3310 3311 3395
f 3311 3312 3396
f 3312 3313 3397
f 3313 3314 3398
f 3314 3315 3399
f 3315 3316 3400
f 3316 3317 3401
f 3317 3318 3402
f 3318 3319 3403
f 3319 3320 3404
f 3320 3321 3405
f 3321 3322 3406
f 3322 3323 3407
f 3323 3324 3408
f 3324 3325 3409
f 3325 3326 3410
f 3326 3327 3411
f 3327 3328 3412
f 3328 3329 3413
f 3329 3330 3414
f 3330 3331 3415
f 3331 3332 3416
f 3332 3333 3417
f 3333 3334 3418
f 3334 3335 3419
f 3335 3336 3420
f 3336 3337 3421
f 3337 3338 3422
f 3338 3339 3423
f 3339 3340 3424
f 3340 3341 3425
f 3341 3342 3426
f 3342 3343 3427
f 3343 3344 3428
f 3344 3345 3429
f 3345 3346 3430
f 3346 3347 3431
f 3347 3348 3432
f 3348 3349 3433
f 3349 3350 3434
f 3350 3351 3435
f 3351 3352 3436
f 3352 3353 3437
f 3353 3354 3438
f 3354 3355 3439
f 3355 3356 3440
f 3356 3357 3441
f 3357 3358 3442
f 3358 3359 3443
f 3359 3360 3444
f 3360 3277 3361
f 3277 3362 3361
f 3278 3363 3362
f 3279 3364 3363
f 3280 3365 3364
f 3281 3366 3365
f 3282 3367 3366
f 3283 3368 3367
f 3284 3369 3368
f 3285 3370 3369
f 3286 3371 3370
f 3287 3372 3371
f 3288 3373 3372
f 3289 3374 3373
f 3290 3375 3374
f 3291 3376 3375
f 3292 3377 3376
f 3293 3378 3377
f 3294 3379 3378
f 3295 3380 3379
f 3296 3381 3380
f 3297 3382 3381
f 3298 3383 3382
f 3299 3384 3383
f 3300 3385 3384
f 3301 3386 3385
f 3302 3387 3386
f 3303 3388 3387
f 3304 3389 3388
f 3305 3390 3389
f 3306 3391 3390
f 3307 3392 3391
f 3308 3393 3392
f 3309 3394 3393
f 3310 3395 3394
f 3311 3396 3395
f 3312 3397 3396
f 3313 3398 3397
f 3314 3399 3398
f 3315 3400 3399
f 3316 3401 3400
f 3317 3402 3401
f 3318 3403 3402
f 3319 3404 3403
f 3320 3405 3404
f 3321 3406 3405
f 3322 3407 3406
f 3323 3408 3407
f 3324 3409 3408
f 3325 3410 3409
f 3326 3411 3410
f 3327 3412 3411
f 3328 3413 3412
f 3329 3414 3413
f 3330 3415 3414
f 3331 3416 3415
f 3332 3417 3416
f 3333 3418 3417
f 3334 3419 3418
f 3335 3420 3419
f 3336 3421 3420
f 3337 3422 3421
f 3338 3423 3422
f 3339 3424 3423
f 3340 3425 3424
f 3341 3426 3425
f 3342 3427 3426
f 3343 3428 3427
f 3344 3429 3428
f 3345 3430 3429
f 3346 3431 3430
f 3347 3432 3431
f 3348 3433 3432
f 3349 3434 3433
f 3350 3435 3434
f 3351 3436 3435
f 3352 3437 3436
f 3353 3438 3437
f 3354 3439 3438
f 3355 3440 3439
f 3356 3441 3440
f 3357 3442 3441
f 3358 3443 3442
f 3359 3444 3443
f 3360 3361 3444
f 3361 3362 3446
f 3362 3363 3447
f 3363 3364 3448
f 3364 3365 3449
f 3365 3366 3450
f 3366 3367 3451
f 3367 3368 3452
f 3368 3369 3453
f 3369 3370 3454
f 3370 3371 3455
f 3371 3372 3456
f 3372 3373 3457
f 3373 3374 3458
f 3374 3375 3459
f 3375 3376 3460
f 3376 3377 3461
f 3377 3378 3462
f 3378 3379 3463
f 3379 3380 3464
f 3380 3381 3465
f 3381 3382 3466
f 3382 3383 3467
f 3383 3384 3468
f 3384 3385 3469
f 3385 3386 3470
f 3386 3387 3471
f 3387 3388 3472
f 3388 3389 3473
f 3389 3390 3474
f 3390 3391 3475
f 3391 3392 3476
f 3392 3393 3477
f 3393 3394 3478
f 3394 3395 3479
f 3395 3396 3480
f 3396 3397 3481
f 3397 3398 3482
f 3398 3399 3483
f 3399 3400 3484
f 3400 3401 3485
f 3401 3402 3486
f 3402 3403 3487
f 3403 3404 3488
f 3404 3405 3489
f 3405 3406 3490
f 3406 3407 3491
f 3407 3408 3492
f 3408 3409 3493
f 3409 3410 3494
f 3410 3411 3495
f 3411 3412 3496
f 3412 3413 3497
f 3413 3414 3498
f 3414 3415 3499
f 3415 3416 3500
f 3416 3417 3501
f 3417 3418 3502
f 3418 3419 3503
f 3419 3420 3504
f 3420 3421 3505
f 3421 3422 3506
f 3422 3423 3507
f 3423 3424 3508
f 3424 3425 3509
f 3425 3426 3510
f 3426 3427 3511
f 3427 3428 3512
f 3428 3429 3513
f 3429 3430 3514
f 3430 3431 3515
f 3431 3432 3516
f 3432 3433 3517
f 3433 3434 3518
f 3434 3435 3519
f 3435 3436 3520
f 3436 3437 3521
f 3437 3438 3522
f 3438 3439 3523
f 3439 3440 3524
f 3440 3441 3525
f 3441 3442 3526
f 3442 3443 3527
f 3443 3444 3528
f 3444 3361 3445
f 3361 3446 3445
f 3362 3447 3446
f 3363 3448 3447
f 3364 3449 3448
f 3365 3450 3449
f 3366 3451 3450
f 3367 3452 3451
f 3368 3453 3452
f 3369 3454 3453
f 3370 3455 3454
f 3371 3456 3455
f 3372 3457 3456
f 3373 3458 3457
f 3374 3459 3458
f 3375 3460 3459
f 3376 3461 3460
f 3377 3462 3461
f 3378 3463 3462
f 3379 3464 3463
f 3380 3465 3464
f 3381 3466 3465
f 3382 3467 3466
f 3383 3468 3467
f 3384 3469 3468
f 3385 3470 3469
f 3386 3471 3470
f 3387 3472 3471
f 3388 3473 3472
f 3389 3474 3473
f 3390 3475 3474
f 3391 3476 3475
f 3392 3477 3476
f 3393 3478 3477
f 3394 3479 3478
f 3395 3480 3479
f 3396 3481 3480
f 3397 3482 3481
f 3398 3483 3482
f 3399 3484 3483
f 3400 3485 3484
f 3401 3486 3485
f 3402 3487 3486
f 3403 3488 3487
f 3404 3489 3488
f 3405 3490 3489
f 3406 3491 3490
f 3407 3492 3491
f 3408 3493 3492
f 3409 3494 3493
f 3410 3495 3494
f 3411 3496 3495
f 3412 3497 3496
f 3413 3498 3497
f 3414 3499 3498
f 3415 3500 3499
f 3416 3501 3500
f 3417 3502 3501
f 3418 3503 3502
f 3419 3504 3503
f 3420 3505 3504
f 3421 3506 3505
f 3422 3507 3506
f 3423 3508 3507
f 3424 3509 3508
f 3425 3510 3509
f 3426 3511 3510
f 3427 3512 3511
f 3428 3513 3512
f 3429 3514 3513
f 3430 3515 3514
f 3431 3516 3515
f 3432 3517 3516
f 3433 3518 3517
f 3434 3519 3518
f 3435 3520 3519
f 3436 3521 3520
f 3437 3522 3521
f 3438 3523 3522
f 3439 3524 3523
f 3440 3525 3524
f 3441 3526 3525
f 3442 3527 3526
f 3443 3528 3527
f 3444 3445 3528
f 3445 3446 3530
f 3446 3447 3531
f 3447 3448 3532
f 3448 3449 3533
f 3449 3450 3534
f 3450 3451 3535
f 3451 3452 3536
f 3452 3453 3537
f 3453 3454 3538
f 3454 3455 3539
f 3455 3456 3540
f 3456 3457 3541
f 3457 3458 3542
f 3458 3459 3543
f 3459 3460 3544
f 3460 3461 3545
f 3461 3462 3546
f 3462 3463 3547
f 3463 3464 3548
f 3464 3465 3549
f 3465 3466 3550
f 3466 3467 3551
f 3467 3468 3552
f 3468 3469 3553
f 3469 3470 3554
f 3470 3471 3555
f 3471 3472 3556
f 3472 3473 3557
f 3473 3474 3558
f 3474 3475 3559
f 3475 3476 3560
f 3476 3477 3561
f 3477 3478 3562
f 3478 3479 3563
f 3479 3480 3564
f 3480 3481 3565
f 3481 3482 3566
f 3482 3483 3567
f 3483 3484 3568
f 3484 3485 3569
f 3485 3486 3570
f 3486 3487 3571
f 3487 3488 3572
f 3488 3489 3573
f 3489 3490 3574
f 3490 3491 3575
f 3491 3492 3576
f 3492 3493 3577
f 3493 3494 3578
f 3494 3495 3579
f 3495 3496 3580
f 3496 3497 3581
f 3497 3498 3582
f 3498 3499 3583
f 3499 3500 3584
f 3500 3501 3585
f 3501 3502 3586
f 3502 3503 3587
f 3503 3504 3588
f 3504 3505 3589
f 3505 3506 3590
f 3506 3507 3591
f 3507 3508 3592
f 3508 3509 3593
f 3509 3510 3594
f 3510 3511 3595
f 3511 3512 3596
f 3512 3513 3597
f 3513 3514 3598
f 3514 3515 3599
f 3515 3516 3600
f 3516 3517 3601
f 3517 3518 3602
f 3518 3519 3603
f 3519 3520 3604
f 3520 3521 3605
f 3521 3522 3606
f 3522 3523 3607
f 3523 3524 3608
f 3524 3525 3609
f 3525 3526 3610
f 3526 3527 3611
f 3527 3528 3612
f 3528 3445 3529
f 3445 3530 3529
f 3446 3531 3530
f 3447 3532 3531
f 3448 3533 3532
f 3449 3534 3533
f 3450 3535 3534
f 3451 3536 3535
f 3452 3537 3536
f 3453 3538 3537
f 3454 3539 3538
f 3455 3540 3539
f 3456 3541 3540
f 3457 3542 3541
f 3458 3543 3542
f 3459 3544 3543
f 3460 3545 3544
f 3461 3546 3545
f 3462 3547 3546
f 3463 3548 3547
f 3464 3549 3548
f 3465 3550 3549
f 3466 3551 3550
f 3467 3552 3551
f 3468 3553 3552
f 3469 3554 3553
f 3470 3555 3554
f 3471 3556 3555
f 3472 3557 3556
f 3473 3558 3557
f 3474 3559 3558
f 3475 3560 3559
f 3476 3561 3560
f 3477 3562 3561
f 3478 3563 3562
f 3479 3564 3563
f 3480 3565 3564
f 3481 3566 3565
f 3482 3567 3566
f 3483 3568 3567
f 3484 3569 3568
f 3485 3570 3569
f 3486 3571 3570
f 3487 3572 3571
f 3488 3573 3572
f 3489 3574 3573
f 3490 3575 3574
f 3491 3576 3575
f 3492 3577 3576
f 3493 3578 3577
f 3494 3579 3578
f 3495 3580 3579
f 3496 3581 3580
f 3497 3582 3581
f 3498 3583 3582
f 3499 3584 3583
f 3500 3585 3584
f 3501 3586 3585
f 3502 3587 3586
f 3503 3588 3587
f 3504 3589 3588
f 3505 3590 3589
f 3506 3591 3590
f 3507 3592 3591
f 3508 3593 3592
f 3509 3594 3593
f 3510 3595 3594
f 3511 3596 3595
f 3512 3597 3596
f 3513 3598 3597
f 3514 3599 3598
f 3515 3600 3599
f 3516 3601 3600
f 3517 3602 3601
f 3518 3603 3602
f 3519 3604 3603
f 3520 3605 3604
f 3521 3606 3605
f 3522 3607 3606
f 3523 3608 3607
f 3524 3609 3608
f 3525 3610 3609
f 3526 3611 3610
f 3527 3612 3611
f 3528 3529 3612
f 3529 3530 3614
f 3530 3531 3615
f 3531 3532 3616
f 3532 3533 3617
f 3533 3534 3618
f 3534 3535 3619
f 3535 3536 3620
f 3536 3537 3621
f 3537 3538 3622
f 3538 3539 3623
f 3539 3540 3624
f 3540 3541 3625
f 3541 3542 3626
f 3542 3543 3627
f 3543 3544 3628
f 3544 3545 3629
f 3545 3546 3630
f 3546 3547 3631
f 3547 3548 3632
f 3548 3549 3633
f 3549 3550 3634
f 3550 3551 3635
f 3551 3552 3636
f 3552 3553 3637
f 3553 3554 3638
f 3554 3555 3639
f 3555 3556 3640
f 3556 3557 3641
f 3557 3558 3642
f 3558 3559 3643
f 3559 3560 3644
f 3560 3561 3645
f 3561 3562 3646
f 3562 3563 3647
f 3563 3564 3648
f 3564 3565 3649
f 3565 3566 3650
f 3566 3567 3651
f 3567 3568 3652
f 3568 3569 3653
f 3569 3570 3654
f 3570 3571 3655
f 3571 3572 3656
f 3572 3573 3657
f 3573 3574 3658
f 3574 3575 3659
f 3575 3576 3660
f 3576 3577 3661
f 3577 3578 3662
f 3578 3579 3663
f 3579 3580 3664
f 3580 3581 3665
f 3581 3582 3666
f 3582 3583 3667
f 3583 3584 3668
f 3584 3585 3669
f 3585 3586 3670
f 3586 3587 3671
f 3587 3588 3672
f 3588 3589 3673
f 3589 3590 3674
f 3590 3591 3675
f 3591 3592 3676
f 3592 3593 3677
f 3593 3594 3678
f 3594 3595 3679
f 3595 3596 3680
f 3596 3597 3681
f 3597 3598 3682
f 3598 3599 3683
f 3599 3600 3684
f 3600 3601 3685
f 3601 3602 3686
f 3602 3603 3687
f 3603 3604 3688
f 3604 3605 3689
f 3605 3606 3690
f 3606 3607 3691
f 3607 3608 3692
f 3608 3609 3693
f 3609 3610 3694
f 3610 3611 3695
f 3611 3612 3696
f 3612 3529 3613
f 3529 3614 3613
f 3530 3615 3614
f 3531 3616 3615
f 3532 3617 3616
f 3533 3618 3617
f 3534 3619 3618
f 3535 3620 3619
f 3536 3621 3620
f 3537 3622 3621
f 3538 3623 3622
f 3539 3624 3623
f 3540 3625 3624
f 3541 3626 3625
f 3542 3627 3626
f 3543 3628 3627
f 3544 3629 3628
f 3545 3630 3629
f 3546 3631 3630
f 3547 3632 3631
f 3548 3633 3632
f 3549 3634 3633
f 3550 3635 3634
f 3551 3636 3635
f 3552 3637 3636
f 3553 3638 3637
f 3554 3639 3638
f 3555 3640 3639
f 3556 3641 3640
f 3557 3642 3641
f 3558 3643 3642
f 3559 3644 3643
f 3560 3645 3644
f 3561 3646 3645
f 3562 3647 3646
f 3563 3648 3647
f 3564 3649 3648
f 3565 3650 3649
f 3566 3651 3650
f 3567 3652 3651
f 3568 3653 3652
f 3569 3654 3653
f 3570 3655 3654
f 3571 3656 3655
f 3572 3657 3656
f 3573 3658 3657
f 3574 3659 3658
f 3575 3660 3659
f 3576 3661 3660
f 3577 3662 3661
f 3578 3663 3662
f 3579 3664 3663
f 3580 3665 3664
f 3581 3666 3665
f 3582 3667 3666
f 3583 3668 3667
f 3584 3669 3668
f 3585 3670 3669
f 3586 3671 3670
f 3587 3672 3671
f 3588 3673 3672
f 3589 3674 3673
f 3590 3675 3674
f 3591 3676 3675
f 3592 3677 3676
f 3593 3678 3677
f 3594 3679 3678
f 3595 3680 3679
f 3596 3681 3680
f 3597 3682 3681
f 3598 3683 3682
f 3599 3684 3683
f 3600 3685 3684
f 3601 3686 3685
f 3602 3687 3686
f 3603 3688 3687
f 3604 3689 3688
f 3605 3690 3689
f 3606 3691 3690
f 3607 3692 3691
f 3608 3693 3692
f 3609 3694 3693
f 3610 3695 3694
f 3611 3696 3695
f 3612 3613 3696
f 3613 3614 3698
f 3614 3615 3699
f 3615 3616 3700
f 3616 3617 3701
f 3617 3618 3702
f 3618 3619 3703
f 3619 3620 3704
f 3620 3621 3705
f 3621 3622 3706
f 3622 3623 3707
f 3623 3624 3708
f 3624 3625 3709
f 3625 3626 3710
f 3626 3627 3711
f 3627 3628 3712
f 3628 3629 3713
f 3629 3630 3714
f 3630 3631 3715
f 3631 3632 3716
f 3632 3633 3717
f 3633 3634 3718
f 3634 3635 3719
f 3635 3636 3720
f 3636 3637 3721
f 3637 3638 3722
f 3638 3639 3723
f 3639 3640 3724
f 3640 3641 3725
f 3641 3642 3726
f 3642 3643 3727
f 3643 3644 3728
f 3644 3645 3729
f 3645 3646 3730
f 3646 3647 3731
f 3647 3648 3732
f 3648 3649 3733
f 3649 3650 3734
f 3650 3651 3735
f 3651 3652 3736
f 3652 3653 3737
f 3653 3654 3738
f 3654 3655 3739
f 3655 3656 3740
f 3656 3657 3741
f 3657 3658 3742
f 3658 3659 3743
f 3659 3660 3744
f 3660 3661 3745
f 3661 3662 3746
f 3662 3663 3747
f 3663 3664 3748
f 3664 3665 3749
f 3665 3666 3750
f 3666 3667 3751
f 3667 3668 3752
f 3668 3669 3753
f 3669 3670 3754
f 3670 3671 3755
f 3671 3672 3756
f 3672 3673 3757
f 3673 3674 3758
f 3674 3675 3759
f 3675 3676 3760
f 3676 3677 3761
f 3677 3678 3762
f 3678 3679 3763
f 3679 3680 3764
f 3680 3681 3765
f 3681 3682 3766
f 3682 3683 3767
f 3683 3684 3768
f 3684 3685 3769
f 3685 3686 3770
f 3686 3687 3771
f 3687 3688 3772
f 3688 3689 3773
f 3689 3690 3774
f 3690 3691 3775
f 3691 3692 3776
f 3692 3693 3777
f 3693 3694 3778
f 3694 3695 3779
f 3695 3696 3780
f 3696 3613 3697
f 3613 3698 3697
f 3614 3699 3698
f 3615 3700 3699
f 3616 3701 3700
f 3617 3702 3701
f 3618 3703 3702
f 3619 3704 3703
f 3620 3705 3704
f 3621 3706 3705
f 3622 3707 3706
f 3623 3708 3707
f 3624 3709 3708
f 3625 3710 3709
f 3626 3711 3710
f 3627 3712 3711
f 3628 3713 3712
f 3629 3714 3713
f 3630 3715 3714
f 3631 3716 3715
f 3632 3717 3716
f 3633 3718 3717
f 3634 3719 3718
f 3635 3720 3719
f 3636 3721 3720
f 3637 3722 3721
f 3638 3723 3722
f 3639 3724 3723
f 3640 3725 3724
f 3641 3726 3725
f 3642 3727 3726
f 3643 3728 3727
f 3644 3729 3728
f 3645 3730 3729
f 3646 3731 3730
f 3647 3732 3731
f 3648 3733 3732
f 3649 3734 3733
f 3650 3735 3734
f 3651 3736 3735
f 3652 3737 3736
f 3653 3738 3737
f 3654 3739 3738
f 3655 3740 3739
f 3656 3741 3740
f 3657 3742 3741
f 3658 3743 3742
f 3659 3744 3743
f 3660 3745 3744
f 3661 3746 3745
f 3662 3747 3746
f 3663 3748 3747
f 3664 3749 3748
f 3665 3750 3749
f 3666 3751 3750
f 3667 3752 3751
f 3668 3753 3752
f 3669 3754 3753
f 3670 3755 3754
f 3671 3756 3755
f 3672 3757 3756
f 3673 3758 3757
f 3674 3759 3758
f 3675 3760 3759
f 3676 3761 3760
f 3677 3762 3761
f 3678 3763 3762
f 3679 3764 3763
f 3680 3765 3764
f 3681 3766 3765
f 3682 3767 3766
f 3683 3768 3767
f 3684 3769 3768
f 3685 3770 3769
f 3686 3771 3770
f 3687 3772 3771
f 3688 3773 3772
f 3689 3774 3773
f 3690 3775 3774
f 3691 3776 3775
f 3692 3777 3776
f 3693 3778 3777
f 3694 3779 3778
f 3695 3780 3779
f 3696 3697 3780
f 3697 3698 3782
f 3698 3699 3783
f 3699 3700 3784
f 3700 3701 3785
f 3701 3702 3786
f 3702 3703 3787
f 3703 3704 3788
f 3704 3705 3789
f 3705 3706 3790
f 3706 3707 3791
f 3707 3708 3792
f 3708 3709 3793
f 3709 3710 3794
f 3710 3711 3795
f 3711 3712 3796
f 3712 3713 3797
f 3713 3714 3798
f 3714 3715 3799
f 3715 3716 3800
f 3716 3717 3801
f 3717 3718 3802
f 3718 3719 3803
f 3719 3720 3804
f 3720 3721 3805
f 3721 3722 3806
f 3722 3723 3807
f 3723 3724 3808
f 3724 3725 3809
f 3725 3726 3810
f 3726 3727 3811
f 3727 3728 3812
f 3728 3729 3813
f 3729 3730 3814
f 3730 3731 3815
f 3731 3732 3816
f 3732 3733 3817
f 3733 3734 3818
f 3734 3735 3819
f 3735 3736 3820
f 3736 3737 3821
f 3737 3738 3822
f 3738 3739 3823
f 3739 3740 3824
f 3740 3741 3825
f 3741 3742 3826
f 3742 3743 3827
f 3743 3744 3828
f 3744 3745 3829
f 3745 3746 3830
f 3746 3747 3831
f 3747 3748 3832
f 3748 3749 3833
f 3749 3750 3834
f 3750 3751 3835
f 3751 3752 3836
f 3752 3753 3837
f 3753 3754 3838
f 3754 3755 3839
f 3755 3756 3840
f 3756 3757 3841
f 3757 3758 3842
f 3758 3759 3843
f 3759 3760 3844
f 3760 3761 3845
f 3761 3762 3846
f 3762 3763 3847
f 3763 3764 3848
f 3764 3765 3849
f 3765 3766 3850
f 3766 3767 3851
f 3767 3768 3852
f 3768 3769 3853
f 3769 3770 3854
f 3770 3771 3855
f 3771 3772 3856
f 3772 3773 3857
f 3773 3774 3858
f 3774 3775 3859
f 3775 3776 3860
f 3776 3777 3861
f 3777 3778 3862
f 3778 3779 3863
f 3779 3780 3864
f 3780 3697 3781
f 3697 3782 3781
f 3698 3783 3782
f 3699 3784 3783
f 3700 3785 3784
f 3701 3786 3785
f 3702 3787 3786
f 3703 3788 3787
f 3704 3789 3788
f 3705 3790 3789
f 3706 3791 3790
f 3707 3792 3791
f 3708 3793 3792
f 3709 3794 3793
f 3710 3795 3794
f 3711 3796 3795
f 3712 3797 3796
f 3713 3798 3797
f 3714 3799 3798
f 3715 3800 3799
f 3716 3801 3800
f 3717 3802 3801
f 3718 3803 3802
f 3719 3804 3803
f 3720 3805 3804
f 3721 3806 3805
f 3722 3807 3806
f 3723 3808 3807
f 3724 3809 3808
f 3725 3810 3809
f 3726 3811 3810
f 3727 3812 3811
f 3728 3813 3812
f 3729 3814 3813
f 3730 3815 3814
f 3731 3816 3815
f 3732 3817 3816
f 3733 3818 3817
f 3734 3819 3818
f 3735 3820 3819
f 3736 3821 3820
f 3737 3822 3821
f 3738 3823 3822
f 3739 3824 3823
f 3740 3825 3824
f 3741 3826 3825
f 3742 3827 3826
f 3743 3828 3827
f 3744 3829 3828
f 3745 3830 3829
f 3746 3831 3830
f 3747 3832 3831
f 3748 3833 3832
f 3749 3834 3833
f 3750 3835 3834
f 3751 3836 3835
f 3752 3837 3836
f 3753 3838 3837
f 3754 3839 3838
f 3755 3840 3839
f 3756 3841 3840
f 3757 3842 3841
f 3758 3843 3842
f 3759 3844 3843
f 3760 3845 3844
f 3761 3846 3845
f 3762 3847 3846
f 3763 3848 3847
f 3764 3849 3848
f 3765 3850 3849
f 3766 3851 3850
f 3767 3852 3851
f 3768 3853 3852
f 3769 3854 3853
f 3770 3855 3854
f 3771 3856 3855
f 3772 3857 3856
f 3773 3858 3857
f 3774 3859 3858
f 3775 3860 3859
f 3776 3861 3860
f 3777 3862 3861
f 3778 3863 3862
f 3779 3864 3863
f 3780 3781 3864
f 3781 3782 3866
f 3782 3783 3867
f 3783 3784 3868
f 3784 3785 3869
f 3785 3786 3870
f 3786 3787 3871
f 3787 3788 3872
f 3788 3789 3873
f 3789 3790 3874
f 3790 3791 3875
f 3791 3792 3876
f 3792 3793 3877
f 3793 3794 3878
f 3794 3795 3879
f 3795 3796 3880
f 3796 3797 3881
f 3797 3798 3882
f 3798 3799 3883
f 3799 3800 3884
f 3800 3801 3885
f 3801 3802 3886
f 3802 3803 3887
f 3803 3804 3888
f 3804 3805 3889
f 3805 3806 3890
f 3806 3807 3891
f 3807 3808 3892
f 3808 3809 3893
f 3809 3810 3894
f 3810 3811 3895
f 3811 3812 3896
f 3812 3813 3897
f 3813 3814 3898
f 3814 3815 3899
f 3815 3816 3900
f 3816 3817 3901
f 3817 3818 3902
f 3818 3819 3903
f 3819 3820 3904
f 3820 3821 3905
f 3821 3822 3906
f 3822 3823 3907
f 3823 3824 3908
f 3824 3825 3909
f 3825 3826 3910
f 3826 3827 3911
f 3827 3828 3912
f 3828 3829 3913
f 3829 3830 3914
f 3830 3831 3915
f 3831 3832 3916
f 3832 3833 3917
f 3833 3834 3918
f 3834 3835 3919
f 3835 3836 3920
f 3836 3837 3921
f 3837 3838 3922
f 3838 3839 3923
f 3839 3840 3924
f 3840 3841 3925
f 3841 3842 3926
f 3842 3843 3927
f 3843 3844 3928
f 3844 3845 3929
f 3845 3846 3930
f 3846 3847 3931
f 3847 3848 3932
f 3848 3849 3933
f 3849 3850 3934
f 3850 3851 3935
f 3851 3852 3936
f 3852 3853 3937
f 3853 3854 3938
f 3854 3855 3939
f 3855 3856 3940
f 3856 3857 3941
f 3857 3858 3942
f 3858 3859 3943
f 3859 3860 3944
f 3860 3861 3945
f 3861 3862 3946
f 3862 3863 3947
f 3863 3864 3948
f 3864 3781 3865
f 3781 3866 3865
f 3782 3867 3866
f 3783 3868 3867
f 3784 3869 3868
f 3785 3870 3869
f 3786 3871 3870
f 3787 3872 3871
f 3788 3873 3872
f 3789 3874 3873
f 3790 3875 3874
f 3791 3876 3875
f 3792 3877 3876
f 3793 3878 3877
f 3794 3879 3878
f 3795 3880 3879
f 3796 3881 3880
f 3797 3882 3881
f 3798 3883 3882
f 3799 3884 3883
f 3800 3885 3884
f 3801 3886 3885
f 3802 3887 3886
f 3803 3888 3887
f 3804 3889 3888
f 3805 3890 3889
f 3806 3891 3890
f 3807 3892 3891
f 3808 3893 3892
f 3809 3894 3893
f 3810 3895 3894
f 3811 3896 3895
f 3812 3897 3896
f 3813 3898 3897
f 3814 3899 3898
f 3815 3900 3899
f 3816 3901 3900
f 3817 3902 3901
f 3818 3903 3902
f 3819 3904 3903
f 3820 3905 3904
f 3821 3906 3905
f 3822 3907 3906
f 3823 3908 3907
f 3824 3909 3908
f 3825 3910 3909
f 3826 3911 3910
f 3827 3912 3911
f 3828 3913 3912
f 3829 3914 3913
f 3830 3915 3914
f 3831 3916 3915
f 3832 3917 3916
f 3833 3918 3917
f 3834 3919 3918
f 3835 3920 3919
f 3836 3921 3920
f 3837 3922 3921
f 3838 3923 3922
f 3839 3924 3923
f 3840 3925 3924
f 3841 3926 3925
f 3842 3927 3926
f 3843 3928 3927
f 3844 3929 3928
f 3845 3930 3929
f 3846 3931 3930
f 3847 3932 3931
f 3848 3933 3932
f 3849 3934 3933
f 3850 3935 3934
f 3851 3936 3935
f 3852 3937 3936
f 3853 3938 3937
f 3854 3939 3938
f 3855 3940 3939
f 3856 3941 3940
f 3857 3942 3941
f 3858 3943 3942
f 3859 3944 3943
f 3860 3945 3944
f 3861 3946 3945
f 3862 3947 3946
f 3863 3948 3947
f 3864 3865 3948
f 3865 3866 3950
f 3866 3867 3951
f 3867 3868 3952
f 3868 3869 3953
f 3869 3870 3954
f 3870 3871 3955
f 3871 3872 3956
f 3872 3873 3957
f 3873 3874 3958
f 3874 3875 3959
f 3875 3876 3960
f 3876 3877 3961
f 3877 3878 3962
f 3878 3879 3963
f 3879 3880 3964
f 3880 3881 3965
f 3881 3882 3966
f 3882 3883 3967
f 3883 3884 3968
f 3884 3885 3969
f 3885 3886 3970
f 3886 3887 3971
f 3887 3888 3972
f 3888 3889 3973
f 3889 3890 3974
f 3890 3891 3975
f 3891 3892 3976
f 3892 3893 3977
f 3893 3894 3978
f 3894 3895 3979
f 3895 3896 3980
f 3896 3897 3981
f 3897 3898 3982
f 3898 3899 3983
f 3899 3900 3984
f 3900 3901 3985
f 3901 3902 3986
f 3902 3903 3987
f 3903 3904 3988
f 3904 3905 3989
f 3905 3906 3990
f 3906 3907 3991
f 3907 3908 3992
f 3908 3909 3993
f 3909 3910 3994
f 3910 3911 3995
f 3911 3912 3996
f 3912 3913 3997
f 3913 3914 3998
f 3914 3915 3999
f 3915 3916 4000
f 3916 3917 4001
f 3917 3918 4002
f 3918 3919 4003
f 3919 3920 4004
f 3920 3921 4005
f 3921 3922 4006
f 3922 3923 4007
f 3923 3924 4008
f 3924 3925 4009
f 3925 3926 4010
f 3926 3927 4011
f 3927 3928 4012
f 3928 3929 4013
f 3929 3930 4014
f 3930 3931 4015
f 3931 3932 4016
f 3932 3933 4017
f 3933 3934 4018
f 3934 3935 4019
f 3935 3936 4020
f 3936 3937 4021
f 3937 3938 4022
f 3938 3939 4023
f 3939 3940 4024
f 3940 3941 4025
f 3941 3942 4026
f 3942 3943 4027
f 3943 3944 4028
f 3944 3945 4029
f 3945 3946 4030
f 3946 3947 4031
f 3947 3948 4032
f 3948 3865 3949
f 3865 3950 3949
f 3866 3951 3950
f 3867 3952 3951
f 3868 3953 3952
f 3869 3954 3953
f 3870 3955 3954
f 3871 3956 3955
f 3872 3957 3956
f 3873 3958 3957
f 3874 3959 3958
f 3875 3960 3959
f 3876 3961 3960
f 3877 3962 3961
f 3878 3963 3962
f 3879 3964 3963
f 3880 3965 3964
f 3881 3966 3965
f 3882 3967 3966
f 3883 3968 3967
f 3884 3969 3968
f 3885 3970 3969
f 3886 3971 3970
f 3887 3972 3971
f 3888 3973 3972
f 3889 3974 3973
f 3890 3975 3974
f 3891 3976 3975
f 3892 3977 3976
f 3893 3978 3977
f 3894 3979 3978
f 3895 3980 3979
f 3896 3981 3980
f 3897 3982 3981
f 3898 3983 3982
f 3899 3984 3983
f 3900 3985 3984
f 3901 3986 3985
f 3902 3987 3986
f 3903 3988 3987
f 3904 3989 3988
f 3905 3990 3989
f 3906 3991 3990
f 3907 3992 3991
f 3908 3993 3992
f 3909 3994 3993
f 3910 3995 3994
f 3911 3996 3995
f 3912 3997 3996
f 3913 3998 3997
f 3914 3999 3998
f 3915 4000 3999
f 3916 4001 4000
f 3917 4002 4001
f 3918 4003 4002
f 3919 4004 4003
f 3920 4005 4004
f 3921 4006 4005
f 3922 4007 4006
f 3923 4008 4007
f 3924 4009 4008
f 3925 4010 4009
f 3926 4011 4010
f 3927 4012 4011
f 3928 4013 4012
f 3929 4014 4013
f 3930 4015 4014
f 3931 4016 4015
f 3932 4017 4016
f 3933 4018 4017
f 3934 4019 4018
f 3935 4020 4019
f 3936 4021 4020
f 3937 4022 4021
f 3938 4023 4022
f 3939 4024 4023
f 3940 4025 4024
f 3941 4026 4025
f 3942 4027 4026
f 3943 4028 4027
f 3944 4029 4028
f 3945 4030 4029
f 3946 4031 4030
f 3947 4032 4031
f 3948 3949 4032
f 3949 3950 4034
f 3950 3951 4035
f 3951 3952 4036
f 3952 3953 4037
f 3953 3954 4038
f 3954 3955 4039
f 3955 3956 4040
f 3956 3957 4041
f 3957 3958 4042
f 3958 3959 4043
f 3959 3960 4044
f 3960 3961 4045
f 3961 3962 4046
f 3962 3963 4047
f 3963 3964 4048
f 3964 3965 4049
f 3965 3966 4050
f 3966 3967 4051
f 3967 3968 4052
f 3968 3969 4053
f 3969 3970 4054
f 3970 3971 4055
f 3971 3972 4056
f 3972 3973 4057
f 3973 3974 4058
f 3974 3975 4059
f 3975 3976 4060
f 3976 3977 4061
f 3977 3978 4062
f 3978 3979 4063
f 3979 3980 4064
f 3980 3981 4065
f 3981 3982 4066
f 3982 3983 4067
f 3983 3984 4068
f 3984 3985 4069
f 3985 3986 4070
f 3986 3987 4071
f 3987 3988 4072
f 3988 3989 4073
f 3989 3990 4074
f 3990 3991 4075
f 3991 3992 4076
f 3992 3993 4077
f 3993 3994 4078
f 3994 3995 4079
f 3995 3996 4080
f 3996 3997 4081
f 3997 3998 4082
f 3998 3999 4083
f 3999 4000 4084
f 4000 4001 4085
f 4001 4002 4086
f 4002 4003 4087
f 4003 4004 4088
f 4004 4005 4089
f 4005 4006 4090
f 4006 4007 4091
f 4007 4008 4092
f 4008 4009 4093
f 4009 4010 4094
f 4010 4011 4095
f 4011 4012 4096
f 4012 4013 4097
f 4013 4014 4098
f 4014 4015 4099
f 4015 4016 4100
f 4016 4017 4101
f 4017 4018 4102
f 4018 4019 4103
f 4019 4020 4104
f 4020 4021 4105
f 4021 4022 4106
f 4022 4023 4107
f 4023 4024 4108
f 4024 4025 4109
f 4025 4026 4110
f 4026 4027 4111
f 4027 4028 4112
f 4028 4029 4113
f 4029 4030 4114
f 4030 4031 4115
f 4031 4032 4116
f 4032 3949 4033
f 3949 4034 4033
f 3950 4035 4034
f 3951 4036 4035
f 3952 4037 4036
f 3953 4038 4037
f 3954 4039 4038
f 3955 4040 4039
f 3956 4041 4040
f 3957 4042 4041
f 3958 4043 4042
f 3959 4044 4043
f 3960 4045 4044
f 3961 4046 4045
f 3962 4047 4046
f 3963 4048 4047
f 3964 4049 4048
f 3965 4050 4049
f 3966 4051 4050
f 3967 4052 4051
f 3968 4053 4052
f 3969 4054 4053
f 3970 4055 4054
f 3971 4056 4055
f 3972 4057 4056
f 3973 4058 4057
f 3974 4059 4058
f 3975 4060 4059
f 3976 4061 4060
f 3977 4062 4061
f 3978 4063 4062
f 3979 4064 4063
f 3980 4065 4064
f 3981 4066 4065
f 3982 4067 4066
f 3983 4068 4067
f 3984 4069 4068
f 3985 4070 4069
f 3986 4071 4070
f 3987 4072 4071
f 3988 4073 4072
f 3989 4074 4073
f 3990 4075 4074
f 3991 4076 4075
f 3992 4077 4076
f 3993 4078 4077
f 3994 4079 4078
f 3995 4080 4079
f 3996 4081 4080
f 3997 4082 4081
f 3998 4083 4082
f 3999 4084 4083
f 4000 4085 4084
f 4001 4086 4085
f 4002 4087 4086
f 4003 4088 4087
f 4004 4089 4088
f 4005 4090 4089
f 4006 4091 4090
f 4007 4092 4091
f 4008 4093 4092
f 4009 4094 4093
f 4010 4095 4094
f 4011 4096 4095
f 4012 4097 4096
f 4013 4098 4097
f 4014 4099 4098
f 4015 4100 4099
f 4016 4101 4100
f 4017 4102 4101
f 4018 4103 4102
f 4019 4104 4103
f 4020 4105 4104
f 4021 4106 4105
f 4022 4107 4106
f 4023 4108 4107
f 4024 4109 4108
f 4025 4110 4109
f 4026 4111 4110
f 4027 4112 4111
f 4028 4113 4112
f 4029 4114 4113
f 4030 4115 4114
f 4031 4116 4115
f 4032 4033 4116
f 4033 4034 4118
f 4034 4035 4119
f 4035 4036 4120
f 4036 4037 4121
f 4037 4038 4122
f 4038 4039 4123
f 4039 4040 4124
f 4040 4041 4125
f 4041 4042 4126
f 4042 4043 4127
f 4043 4044 4128
f 4044 4045 4129
f 4045 4046 4130
f 4046 4047 4131
f 4047 4048 4132
f 4048 4049 4133
f 4049 4050 4134
f 4050 4051 4135
f 4051 4052 4136
f 4052 4053 4137
f 4053 4054 4138
f 4054 4055 4139
f 4055 4056 4140
f 4056 4057 4141
f 4057 4058 4142
f 4058 4059 4143
f 4059 4060 4144
f 4060 4061 4145
f 4061 4062 4146
f 4062 4063 4147
f 4063 4064 4148
f 4064 4065 4149
f 4065 4066 4150
f 4066 4067 4151
f 4067 4068 4152
f 4068 4069 4153
f 4069 4070 4154
f 4070 4071 4155
f 4071 4072 4156
f 4072 4073 4157
f 4073 4074 4158
f 4074 4075 4159
f 4075 4076 4160
f 4076 4077 4161
f 4077 4078 4162
f 4078 4079 4163
f 4079 4080 4164
f 4080 4081 4165
f 4081 4082 4166
f 4082 4083 4167
f 4083 4084 4168
f 4084 4085 4169
f 4085 4086 4170
f 4086 4087 4171
f 4087 4088 4172
f 4088 4089 4173
f 4089 4090 4174
f 4090 4091 4175
f 4091 4092 4176
f 4092 4093 4177
f 4093 4094 4178
f 4094 4095 4179
f 4095 4096 4180
f 4096 4097 4181
f 4097 4098 4182
f 4098 4099 4183
f 4099 4100 4184
f 4100 4101 4185
f 4101 4102 4186
f 4102 4103 4187
f 4103 4104 4188
f 4104 4105 4189
f 4105 4106 4190
f 4106 4107 4191
f 4107 4108 4192
f 4108 4109 4193
f 4109 4110 4194
f 4110 4111 4195
f 4111 4112 4196
f 4112 4113 4197
f 4113 4114 4198
f 4114 4115 4199
f 4115 4116 4200
f 4116 4033 4117
f 4033 4118 4117
f 4034 4119 4118
f 4035 4120 4119
f 4036 4121 4120
f 4037 4122 4121
f 4038 4123 4122
f 4039 4124 4123
f 4040 4125 4124
f 4041 4126 4125
f 4042 4127 4126
f 4043 4128 4127
f 4044 4129 4128
f 4045 4130 4129
f 4046 4131 4130
f 4047 4132 4131
f 4048 4133 4132
f 4049 4134 4133
f 4050 4135 4134
f 4051 4136 4135
f 4052 4137 4136
f 4053 4138 4137
f 4054 4139 4138
f 4055 4140 4139
f 4056 4141 4140
f 4057 4142 4141
f 4058 4143 4142
f 4059 4144 4143
f 4060 4145 4144
f 4061 4146 4145
f 4062 4147 4146
f 4063 4148 4147
f 4064 4149 4148
f 4065 4150 4149
f 4066 4151 4150
f 4067 4152 4151
f 4068 4153 4152
f 4069 4154 4153
f 4070 4155 4154
f 4071 4156 4155
f 4072 4157 4156
f 4073 4158 4157
f 4074 4159 4158
f 4075 4160 4159
f 4076 4161 4160
f 4077 4162 4161
f 4078 4163 4162
f 4079 4164 4163
f 4080 4165 4164
f 4081 4166 4165
f 4082 4167 4166
f 4083 4168 4167
f 4084 4169 4168
f 4085 4170 4169
f 4086 4171 4170
f 4087 4172 4171
f 4088 4173 4172
f 4089 4174 4173
f 4090 4175 4174
f 4091 4176 4175
f 4092 4177 4176
f 4093 4178 4177
f 4094 4179 4178
f 4095 4180 4179
f 4096 4181 4180
f 4097 4182 4181
f 4098 4183 4182
f 4099 4184 4183
f 4100 4185 4184
f 4101 4186 4185
f 4102 4187 4186
f 4103 4188 4187
f 4104 4189 4188
f 4105 4190 4189
f 4106 4191 4190
f 4107 4192 4191
f 4108 4193 4192
f 4109 4194 4193
f 4110 4195 4194
f 4111 4196 4195
f 4112 4197 4196
f 4113 4198 4197
f 4114 4199 4198
f 4115 4200 4199
f 4116 4117 4200
f 4117 4118 4202
f 4118 4119 4203
f 4119 4120 4204
f 4120 4121 4205
f 4121 4122 4206
f 4122 4123 4207
f 4123 4124 4208
f 4124 4125 4209
f 4125 4126 4210
f 4126 4127 4211
f 4127 4128 4212
f 4128 4129 4213
f 4129 4130 4214
f 4130 4131 4215
f 4131 4132 4216
f 4132 4133 4217
f 4133 4134 4218
f 4134 4135 4219
f 4135 4136 4220
f 4136 4137 4221
f 4137 4138 4222
f 4138 4139 4223
f 4139 4140 4224
f 4140 4141 4225
f 4141 4142 4226
f 4142 4143 4227
f 4143 4144 4228
f 4144 4145 4229
f 4145 4146 4230
f 4146 4147 4231
f 4147 4148 4232
f 4148 4149 4233
f 4149 4150 4234
f 4150 4151 4235
f 4151 4152 4236
f 4152 4153 4237
f 4153 4154 4238
f 4154 4155 4239
f 4155 4156 4240
f 4156 4157 4241
f 4157 4158 4242
f 4158 4159 4243
f 4159 4160 4244
f 4160 4161 4245
f 4161 4162 4246
f 4162 4163 4247
f 4163 4164 4248
f 4164 4165 4249
f 4165 4166 4250
f 4166 4167 4251
f 4167 4168 4252
f 4168 4169 4253
f 4169 4170 4254
f 4170 4171 4255
f 4171 4172 4256
f 4172 4173 4257
f 4173 4174 4258
f 4174 4175 4259
f 4175 4176 4260
f 4176 4177 4261
f 4177 4178 4262
f 4178 4179 4263
f 4179 4180 4264
f 4180 4181 4265
f 4181 4182 4266
f 4182 4183 4267
f 4183 4184 4268
f 4184 4185 4269
f 4185 4186 4270
f 4186 4187 4271
f 4187 4188 4272
f 4188 4189 4273
f 4189 4190 4274
f 4190 4191 4275
f 4191 4192 4276
f 4192 4193 4277
f 4193 4194 4278
f 4194 4195 4279
f 4195 4196 4280
f 4196 4197 4281
f 4197 4198 4282
f 4198 4199 4283
f 4199 4200 4284
f 4200 4117 4201
f 4117 4202 4201
f 4118 4203 4202
f 4119 4204 4203
f 4120 4205 4204
f 4121 4206 4205
f 4122 4207 4206
f 4123 4208 4207
f 4124 4209 4208
f 4125 4210 4209
f 4126 4211 4210
f 4127 4212 4211
f 4128 4213 4212
f 4129 4214 4213
f 4130 4215 4214
f 4131 4216 4215
f 4132 4217 4216
f 4133 4218 4217
f 4134 4219 4218
f 4135 4220 4219
f 4136 4221 4220
f 4137 4222 4221
f 4138 4223 4222
f 4139 4224 4223
f 4140 4225 4224
f 4141 4226 4225
f 4142 4227 4226
f 4143 4228 4227
f 4144 4229 4228
f 4145 4230 4229
f 4146 4231 4230
f 4147 4232 4231
f 4148 4233 4232
f 4149 4234 4233
f 4150 4235 4234
f 4151 4236 4235
f 4152 4237 4236
f 4153 4238 4237
f 4154 4239 4238
f 4155 4240 4239
f 4156 4241 4240
f 4157 4242 4241
f 4158 4243 4242
f 4159 4244 4243
f 4160 4245 4244
f 4161 4246 4245
f 4162 4247 4246
f 4163 4248 4247
f 4164 4249 4248
f 4165 4250 4249
f 4166 4251 4250
f 4167 4252 4251
f 4168 4253 4252
f 4169 4254 4253
f 4170 4255 4254
f 4171 4256 4255
f 4172 4257 4256
f 4173 4258 4257
f 4174 4259 4258
f 4175 4260 4259
f 4176 4261 4260
f 4177 4262 4261
f 4178 4263 4262
f 4179 4264 4263
f 4180 4265 4264
f 4181 4266 4265
f 4182 4267 4266
f 4183 4268 4267
f 4184 4269 4268
f 4185 4270 4269
f 4186 4271 4270
f 4187 4272 4271
f 4188 4273 4272
f 4189 4274 4273
f 4190 4275 4274
f 4191 4276 4275
f 4192 4277 4276
f 4193 4278 4277
f 4194 4279 4278
f 4195 4280 4279
f 4196 4281 4280
f 4197 4282 4281
f 4198 4283 4282
f 4199 4284 4283
f 4200 4201 4284
f 4201 4202 4286
f 4202 4203 4287
f 4203 4204 4288
f 4204 4205 4289
f 4205 4206 4290
f 4206 4207 4291
f 4207 4208 4292
f 4208 4209 4293
f 4209 4210 4294
f 4210 4211 4295
f 4211 4212 4296
f 4212 4213 4297
f 4213 4214 4298
f 4214 4215 4299
f 4215 4216 4300
f 4216 4217 4301
f 4217 4218 4302
f 4218 4219 4303
f 4219 4220 4304
f 4220 4221 4305
f 4221 4222 4306
f 4222 4223 4307
f 4223 4224 4308
f 4224 4225 4309
f 4225 4226 4310
f 4226 4227 4311
f 4227 4228 4312
f 4228 4229 4313
f 4229 4230 4314
f 4230 4231 4315
f 4231 4232 4316
f 4232 4233 4317
f 4233 4234 4318
f 4234 4235 4319
f 4235 4236 4320
f 4236 4237 4321
f 4237 4238 4322
f 4238 4239 4323
f 4239 4240 4324
f 4240 4241 4325
f 4241 4242 4326
f 4242 4243 4327
f 4243 4244 4328
f 4244 4245 4329
f 4245 4246 4330
f 4246 4247 4331
f 4247 4248 4332
f 4248 4249 4333
f 4249 4250 4334
f 4250 4251 4335
f 4251 4252 4336
f 4252 4253 4337
f 4253 4254 4338
f 4254 4255 4339
f 4255 4256 4340
f 4256 4257 4341
f 4257 4258 4342
f 4258 4259 4343
f 4259 4260 4344
f 4260 4261 4345
f 4261 4262 4346
f 4262 4263 4347
f 4263 4264 4348
f 4264 4265 4349
f 4265 4266 4350
f 4266 4267 4351
f 4267 4268 4352
f 4268 4269 4353
f 4269 4270 4354
f 4270 4271 4355
f 4271 4272 4356
f 4272 4273 4357
f 4273 4274 4358
f 4274 4275 4359
f 4275 4276 4360
f 4276 4277 4361
f 4277 4278 4362
f 4278 4279 4363
f 4279 4280 4364
f 4280 4281 4365
f 4281 4282 4366
f 4282 4283 4367
f 4283 4284 4368
f 4284 4201 4285
f 4201 4286 4285
f 4202 4287 4286
f 4203 4288 4287
f 4204 4289 4288
f 4205 4290 4289
f 4206 4291 4290
f 4207 4292 4291
f 4208 4293 4292
f 4209 4294 4293
f 4210 4295 4294
f 4211 4296 4295
f 4212 4297 4296
f 4213 4298 4297
f 4214 4299 4298
f 4215 4300 4299
f 4216 4301 4300
f 4217 4302 4301
f 4218 4303 4302
f 4219 4304 4303
f 4220 4305 4304
f 4221 4306 4305
f 4222 4307 4306
f 4223 4308 4307
f 4224 4309 4308
f 4225 4310 4309
f 4226 4311 4310
f 4227 4312 4311
f 4228 4313 4312
f 4229 4314 4313
f 4230 4315 4314
f 4231 4316 4315
f 4232 4317 4316
f 4233 4318 4317
f 4234 4319 4318
f 4235 4320 4319
f 4236 4321 4320
f 4237 4322 4321
f 4238 4323 4322
f 4239 4324 4323
f 4240 4325 4324
f 4241 4326 4325
f 4242 4327 4326
f 4243 4328 4327
f 4244 4329 4328
f 4245 4330 4329
f 4246 4331 4330
f 4247 4332 4331
f 4248 4333 4332
f 4249 4334 4333
f 4250 4335 4334
f 4251 4336 4335
f 4252 4337 4336
f 4253 4338 4337
f 4254 4339 4338
f 4255 4340 4339
f 4256 4341 4340
f 4257 4342 4341
f 4258 4343 4342
f 4259 4344 4343
f 4260 4345 4344
f 4261 4346 4345
f 4262 4347 4346
f 4263 4348 4347
f 4264 4349 4348
f 4265 4350 4349
f 4266 4351 4350
f 4267 4352 4351
f 4268 4353 4352
f 4269 4354 4353
f 4270 4355 4354
f 4271 4356 4355
f 4272 4357 4356
f 4273 4358 4357
f 4274 4359 4358
f 4275 4360 4359
f 4276 4361 4360
f 4277 4362 4361
f 4278 4363 4362
f 4279 4364 4363
f 4280 4365 4364
f 4281 4366 4365
f 4282 4367 4366
f 4283 4368 4367
f 4284 4285 4368
f 4285 4286 4370
f 4286 4287 4371
f 4287 4288 4372
f 4288 4289 4373
f 4289 4290 4374
f 4290 4291 4375
f 4291 4292 4376
f 4292 4293 4377
f 4293 4294 4378
f 4294 4295 4379
f 4295 4296 4380
f 4296 4297 4381
f 4297 4298 4382
f 4298 4299 4383
f 4299 4300 4384
f 4300 4301 4385
f 4301 4302 4386
f 4302 4303 4387
f 4303 4304 4388
f 4304 4305 4389
f 4305 4306 4390
f 4306 4307 4391
f 4307 4308 4392
f 4308 4309 4393
f 4309 4310 4394
f 4310 4311 4395
f 4311 4312 4396
f 4312 4313 4397
f 4313 4314 4398
f 4314 4315 4399
f 4315 4316 4400
f 4316 4317 4401
f 4317 4318 4402
f 4318 4319 4403
f 4319 4320 4404
f 4320 4321 4405
f 4321 4322 4406
f 4322 4323 4407
f 4323 4324 4408
f 4324 4325 4409
f 4325 4326 4410
f 4326 4327 4411
f 4327 4328 4412
f 4328 4329 4413
f 4329 4330 4414
f 4330 4331 4415
f 4331 4332 4416
f 4332 4333 4417
f 4333 4334 4418
f 4334 4335 4419
f 4335 4336 4420
f 4336 4337 4421
f 4337 4338 4422
f 4338 4339 4423
f 4339 4340 4424
f 4340 4341 4425
f 4341 4342 4426
f 4342 4343 4427
f 4343 4344 4428
f 4344 4345 4429
f 4345 4346 4430
f 4346 4347 4431
f 4347 4348 4432
f 4348 4349 4433
f 4349 4350 4434
f 4350 4351 4435
f 4351 4352 4436
f 4352 4353 4437
f 4353 4354 4438
f 4354 4355 4439
f 4355 4356 4440
f 4356 4357 4441
f 4357 4358 4442
f 4358 4359 4443
f 4359 4360 4444
f 4360 4361 4445
f 4361 4362 4446
f 4362 4363 4447
f 4363 4364 4448
f 4364 4365 4449
f 4365 4366 4450
f 4366 4367 4451
f 4367 4368 4452
f 4368 4285 4369
f 4285 4370 4369
f 4286 4371 4370
f 4287 4372 4371
f 4288 4373 4372
f 4289 4374 4373
f 4290 4375 4374
f 4291 4376 4375
f 4292 4377 4376
f 4293 4378 4377
f 4294 4379 4378
f 4295 4380 4379
f 4296 4381 4380
f 4297 4382 4381
f 4298 4383 4382
f 4299 4384 4383
f 4300 4385 4384
f 4301 4386 4385
f 4302 4387 4386
f 4303 4388 4387
f 4304 4389 4388
f 4305 4390 4389
f 4306 4391 4390
f 4307 4392 4391
f 4308 4393 4392
f 4309 4394 4393
f 4310 4395 4394
f 4311 4396 4395
f 4312 4397 4396
f 4313 4398 4397
f 4314 4399 4398
f 4315 4400 4399
f 4316 4401 4400
f 4317 4402 4401
f 4318 4403 4402
f 4319 4404 4403
f 4320 4405 4404
f 4321 4406 4405
f 4322 4407 4406
f 4323 4408 4407
f 4324 4409 4408
f 4325 4410 4409
f 4326 4411 4410
f 4327 4412 4411
f 4328 4413 4412
f 4329 4414 4413
f 4330 4415 4414
f 4331 4416 4415
f 4332 4417 4416
f 4333 4418 4417
f 4334 4419 4418
f 4335 4420 4419
f 4336 4421 4420
f 4337 4422 4421
f 4338 4423 4422
f 4339 4424 4423
f 4340 4425 4424
f 4341 4426 4425
f 4342 4427 4426
f 4343 4428 4427
f 4344 4429 4428
f 4345 4430 4429
f 4346 4431 4430
f 4347 4432 4431
f 4348 4433 4432
f 4349 4434 4433
f 4350 4435 4434
f 4351 4436 4435
f 4352 4437 4436
f 4353 4438 4437
f 4354 4439 4438
f 4355 4440 4439
f 4356 4441 4440
f 4357 4442 4441
f 4358 4443 4442
f 4359 4444 4443
f 4360 4445 4444
f 4361 4446 4445
f 4362 4447 4446
f 4363 4448 4447
f 4364 4449 4448
f 4365 4450 4449
f 4366 4451 4450
f 4367 4452 4451
f 4368 4369 4452
f 4369 4370 4454
f 4370 4371 4455
f 4371 4372 4456
f 4372 4373 4457
f 4373 4374 4458
f 4374 4375 4459
f 4375 4376 4460
f 4376 4377 4461
f 4377 4378 4462
f 4378 4379 4463
f 4379 4380 4464
f 4380 4381 4465
f 4381 4382 4466
f 4382 4383 4467
f 4383 4384 4468
f 4384 4385 4469
f 4385 4386 4470
f 4386 4387 4471
f 4387 4388 4472
f 4388 4389 4473
f 4389 4390 4474
f 4390 4391 4475
f 4391 4392 4476
f 4392 4393 4477
f 4393 4394 4478
f 4394 4395 4479
f 4395 4396 4480
f 4396 4397 4481
f 4397 4398 4482
f 4398 4399 4483
f 4399 4400 4484
f 4400 4401 4485
f 4401 4402 4486
f 4402 4403 4487
f 4403 4404 4488
f 4404 4405 4489
f 4405 4406 4490
f 4406 4407 4491
f 4407 4408 4492
f 4408 4409 4493
f 4409 4410 4494
f 4410 4411 4495
f 4411 4412 4496
f 4412 4413 4497
f 4413 4414 4498
f 4414 4415 4499
f 4415 4416 4500
f 4416 4417 4501
f 4417 4418 4502
f 4418 4419 4503
f 4419 4420 4504
f 4420 4421 4505
f 4421 4422 4506
f 4422 4423 4507
f 4423 4424 4508
f 4424 4425 4509
f 4425 4426 4510
f 4426 4427 4511
f 4427 4428 4512
f 4428 4429 4513
f 4429 4430 4514
f 4430 4431 4515
f 4431 4432 4516
f 4432 4433 4517
f 4433 4434 4518
f 4434 4435 4519
f 4435 4436 4520
f 4436 4437 4521
f 4437 4438 4522
f 4438 4439 4523
f 4439 4440 4524
f 4440 4441 4525
f 4441 4442 4526
f 4442 4443 4527
f 4443 4444 4528
f 4444 4445 4529
f 4445 4446 4530
f 4446 4447 4531
f 4447 4448 4532
f 4448 4449 4533
f 4449 4450 4534
f 4450 4451 4535
f 4451 4452 4536
f 4452 4369 4453
f 4369 4454 4453
f 4370 4455 4454
f 4371 4456 4455
f 4372 4457 4456
f 4373 4458 4457
f 4374 4459 4458
f 4375 4460 4459
f 4376 4461 4460
f 4377 4462 4461
f 4378 4463 4462
f 4379 4464 4463
f 4380 4465 4464
f 4381 4466 4465
f 4382 4467 4466
f 4383 4468 4467
f 4384 4469 4468
f 4385 4470 4469
f 4386 4471 4470
f 4387 4472 4471
f 4388 4473 4472
f 4389 4474 4473
f 4390 4475 4474
f 4391 4476 4475
f 4392 4477 4476
f 4393 4478 4477
f 4394 4479 4478
f 4395 4480 4479
f 4396 4481 4480
f 4397 4482 4481
f 4398 4483 4482
f 4399 4484 4483
f 4400 4485 4484
f 4401 4486 4485
f 4402 4487 4486
f 4403 4488 4487
f 4404 4489 4488
f 4405 4490 4489
f 4406 4491 4490
f 4407 4492 4491
f 4408 4493 4492
f 4409 4494 4493
f 4410 4495 4494
f 4411 4496 4495
f 4412 4497 4496
f 4413 4498 4497
f 4414 4499 4498
f 4415 4500 4499
f 4416 4501 4500
f 4417 4502 4501
f 4418 4503 4502
f 4419 4504 4503
f 4420 4505 4504
f 4421 4506 4505
f 4422 4507 4506
f 4423 4508 4507
f 4424 4509 4508
f 4425 4510 4509
f 4426 4511 4510
f 4427 4512 4511
f 4428 4513 4512
f 4429 4514 4513
f 4430 4515 4514
f 4431 4516 4515
f 4432 4517 4516
f 4433 4518 4517
f 4434 4519 4518
f 4435 4520 4519
f 4436 4521 4520
f 4437 4522 4521
f 4438 4523 4522
f 4439 4524 4523
f 4440 4525 4524
f 4441 4526 4525
f 4442 4527 4526
f 4443 4528 4527
f 4444 4529 4528
f 4445 4530 4529
f 4446 4531 4530
f 4447 4532 4531
f 4448 4533 4532
f 4449 4534 4533
f 4450 4535 4534
f 4451 4536 4535
f 4452 4453 4536
f 4453 4454 4538
f 4454 4455 4539
f 4455 4456 4540
f 4456 4457 4541
f 4457 4458 4542
f 4458 4459 4543
f 4459 4460 4544
f 4460 4461 4545
f 4461 4462 4546
f 4462 4463 4547
f 4463 4464 4548
f 4464 4465 4549
f 4465 4466 4550
f 4466 4467 4551
f 4467 4468 4552
f 4468 4469 4553
f 4469 4470 4554
f 4470 4471 4555
f 4471 4472 4556
f 4472 4473 4557
f 4473 4474 4558
f 4474 4475 4559
f 4475 4476 4560
f 4476 4477 4561
f 4477 4478 4562
f 4478 4479 4563
f 4479 4480 4564
f 4480 4481 4565
f 4481 4482 4566
f 4482 4483 4567
f 4483 4484 4568
f 4484 4485 4569
f 4485 4486 4570
f 4486 4487 4571
f 4487 4488 4572
f 4488 4489 4573
f 4489 4490 4574
f 4490 4491 4575
f 4491 4492 4576
f 4492 4493 4577
f 4493 4494 4578
f 4494 4495 4579
f 4495 4496 4580
f 4496 4497 4581
f 4497 4498 4582
f 4498 4499 4583
f 4499 4500 4584
f 4500 4501 4585
f 4501 4502 4586
f 4502 4503 4587
f 4503 4504 4588
f 4504 4505 4589
f 4505 4506 4590
f 4506 4507 4591
f 4507 4508 4592
f 4508 4509 4593
f 4509 4510 4594
f 4510 4511 4595
f 4511 4512 4596
f 4512 4513 4597
f 4513 4514 4598
f 4514 4515 4599
f 4515 4516 4600
f 4516 4517 4601
f 4517 4518 4602
f 4518 4519 4603
f 4519 4520 4604
f 4520 4521 4605
f 4521 4522 4606
f 4522 4523 4607
f 4523 4524 4608
f 4524 4525 4609
f 4525 4526 4610
f 4526 4527 4611
f 4527 4528 4612
f 4528 4529 4613
f 4529 4530 4614
f 4530 4531 4615
f 4531 4532 4616
f 4532 4533 4617
f 4533 4534 4618
f 4534 4535 4619
f 4535 4536 4620
f 4536 4453 4537
f 4453 4538 4537
f 4454 4539 4538
f 4455 4540 4539
f 4456 4541 4540
f 4457 4542 4541
f 4458 4543 4542
f 4459 4544 4543
f 4460 4545 4544
f 4461 4546 4545
f 4462 4547 4546
f 4463 4548 4547
f 4464 4549 4548
f 4465 4550 4549
f 4466 4551 4550
f 4467 4552 4551
f 4468 4553 4552
f 4469 4554 4553
f 4470 4555 4554
f 4471 4556 4555
f 4472 4557 4556
f 4473 4558 4557
f 4474 4559 4558
f 4475 4560 4559
f 4476 4561 4560
f 4477 4562 4561
f 4478 4563 4562
f 4479 4564 4563
f 4480 4565 4564
f 4481 4566 4565
f 4482 4567 4566
f 4483 4568 4567
f 4484 4569 4568
f 4485 4570 4569
f 4486 4571 4570
f 4487 4572 4571
f 4488 4573 4572
f 4489 4574 4573
f 4490 4575 4574
f 4491 4576 4575
f 4492 4577 4576
f 4493 4578 4577
f 4494 4579 4578
f 4495 4580 4579
f 4496 4581 4580
f 4497 4582 4581
f 4498 4583 4582
f 4499 4584 4583
f 4500 4585 4584
f 4501 4586 4585
f 4502 4587 4586
f 4503 4588 4587
f 4504 4589 4588
f 4505 4590 4589
f 4506 4591 4590
f 4507 4592 4591
f 4508 4593 4592
f 4509 4594 4593
f 4510 4595 4594
f 4511 4596 4595
f 4512 4597 4596
f 4513 4598 4597
f 4514 4599 4598
f 4515 4600 4599
f 4516 4601 4600
f 4517 4602 4601
f 4518 4603 4602
f 4519 4604 4603
f 4520 4605 4604
f 4521 4606 4605
f 4522 4607 4606
f 4523 4608 4607
f 4524 4609 4608
f 4525 4610 4609
f 4526 4611 4610
f 4527 4612 4611
f 4528 4613 4612
f 4529 4614 4613
f 4530 4615 4614
f 4531 4616 4615
f 4532 4617 4616
f 4533 4618 4617
f 4534 4619 4618
f 4535 4620 4619
f 4536 4537 4620
f 4537 4538 4622
f 4538 4539 4623
f 4539 4540 4624
f 4540 4541 4625
f 4541 4542 4626
f 4542 4543 4627
f 4543 4544 4628
f 4544 4545 4629
f 4545 4546 4630
f 4546 4547 4631
f 4547 4548 4632
f 4548 4549 4633
f 4549 4550 4634
f 4550 4551 4635
f 4551 4552 4636
f 4552 4553 4637
f 4553 4554 4638
f 4554 4555 4639
f 4555 4556 4640
f 4556 4557 4641
f 4557 4558 4642
f 4558 4559 4643
f 4559 4560 4644
f 4560 4561 4645
f 4561 4562 4646
f 4562 4563 4647
f 4563 4564 4648
f 4564 4565 4649
f 4565 4566 4650
f 4566 4567 4651
f 4567 4568 4652
f 4568 4569 4653
f 4569 4570 4654
f 4570 4571 4655
f 4571 4572 4656
f 4572 4573 4657
f 4573 4574 4658
f 4574 4575 4659
f 4575 4576 4660
f 4576 4577 4661
f 4577 4578 4662
f 4578 4579 4663
f 4579 4580 4664
f 4580 4581 4665
f 4581 4582 4666
f 4582 4583 4667
f 4583 4584 4668
f 4584 4585 4669
f 4585 4586 4670
f 4586 4587 4671
f 4587 4588 4672
f 4588 4589 4673
f 4589 4590 4674
f 4590 4591 4675
f 4591 4592 4676
f 4592 4593 4677
f 4593 4594 4678
f 4594 4595 4679
f 4595 4596 4680
f 4596 4597 4681
f 4597 4598 4682
f 4598 4599 4683
f 4599 4600 4684
f 4600 4601 4685
f 4601 4602 4686
f 4602 4603 4687
f 4603 4604 4688
f 4604 4605 4689
f 4605 4606 4690
f 4606 4607 4691
f 4607 4608 4692
f 4608 4609 4693
f 4609 4610 4694
f 4610 4611 4695
f 4611 4612 4696
f 4612 4613 4697
f 4613 4614 4698
f 4614 4615 4699
f 4615 4616 4700
f 4616 4617 4701
f 4617 4618 4702
f 4618 4619 4703
f 4619 4620 4704
f 4620 4537 4621
f 4537 4622 4621
f 4538 4623 4622
f 4539 4624 4623
f 4540 4625 4624
f 4541 4626 4625
f 4542 4627 4626
f 4543 4628 4627
f 4544 4629 4628
f 4545 4630 4629
f 4546 4631 4630
f 4547 4632 4631
f 4548 4633 4632
f 4549 4634 4633
f 4550 4635 4634
f 4551 4636 4635
f 4552 4637 4636
f 4553 4638 4637
f 4554 4639 4638
f 4555 4640 4639
f 4556 4641 4640
f 4557 4642 4641
f 4558 4643 4642
f 4559 4644 4643
f 4560 4645 4644
f 4561 4646 4645
f 4562 4647 4646
f 4563 4648 4647
f 4564 4649 4648
f 4565 4650 4649
f 4566 4651 4650
f 4567 4652 4651
f 4568 4653 4652
f 4569 4654 4653
f 4570 4655 4654
f 4571 4656 4655
f 4572 4657 4656
f 4573 4658 4657
f 4574 4659 4658
f 4575 4660 4659
f 4576 4661 4660
f 4577 4662 4661
f 4578 4663 4662
f 4579 4664 4663
f 4580 4665 4664
f 4581 4666 4665
f 4582 4667 4666
f 4583 4668 4667
f 4584 4669 4668
f 4585 4670 4669
f 4586 4671 4670
f 4587 4672 4671
f 4588 4673 4672
f 4589 4674 4673
f 4590 4675 4674
f 4591 4676 4675
f 4592 4677 4676
f 4593 4678 4677
f 4594 4679 4678
f 4595 4680 4679
f 4596 4681 4680
f 4597 4682 4681
f 4598 4683 4682
f 4599 4684 4683
f 4600 4685 4684
f 4601 4686 4685
f 4602 4687 4686
f 4603 4688 4687
f 4604 4689 4688
f 4605 4690 4689
f 4606 4691 4690
f 4607 4692 4691
f 4608 4693 4692
f 4609 4694 4693
f 4610 4695 4694
f 4611 4696 4695
f 4612 4697 4696
f 4613 4698 4697
f 4614 4699 4698
f 4615 4700 4699
f 4616 4701 4700
f 4617 4702 4701
f 4618 4703 4702
f 4619 4704 4703
f 4620 4621 4704
f 4621 4622 4706
f 4622 4623 4707
f 4623 4624 4708
f 4624 4625 4709
f 4625 4626 4710
f 4626 4627 4711
f 4627 4628 4712
f 4628 4629 4713
f 4629 4630 4714
f 4630 4631 4715
f 4631 4632 4716
f 4632 4633 4717
f 4633 4634 4718
f 4634 4635 4719
f 4635 4636 4720
f 4636 4637 4721
f 4637 4638 4722
f 4638 4639 4723
f 4639 4640 4724
f 4640 4641 4725
f 4641 4642 4726
f 4642 4643 4727
f 4643 4644 4728
f 4644 4645 4729
f 4645 4646 4730
f 4646 4647 4731
f 4647 4648 4732
f 4648 4649 4733
f 4649 4650 4734
f 4650 4651 4735
f 4651 4652 4736
f 4652 4653 4737
f 4653 4654 4738
f 4654 4655 4739
f 4655 4656 4740
f 4656 4657 4741
f 4657 4658 4742
f 4658 4659 4743
f 4659 4660 4744
f 4660 4661 4745
f 4661 4662 4746
f 4662 4663 4747
f 4663 4664 4748
f 4664 4665 4749
f 4665 4666 4750
f 4666 4667 4751
f 4667 4668 4752
f 4668 4669 4753
f 4669 4670 4754
f 4670 4671 4755
f 4671 4672 4756
f 4672 4673 4757
f 4673 4674 4758
f 4674 4675 4759
f 4675 4676 4760
f 4676 4677 4761
f 4677 4678 4762
f 4678 4679 4763
f 4679 4680 4764
f 4680 4681 4765
f 4681 4682 4766
f 4682 4683 4767
f 4683 4684 4768
f 4684 4685 4769
f 4685 4686 4770
f 4686 4687 4771
f 4687 4688 4772
f 4688 4689 4773
f 4689 4690 4774
f 4690 4691 4775
f 4691 4692 4776
f 4692 4693 4777
f 4693 4694 4778
f 4694 4695 4779
f 4695 4696 4780
f 4696 4697 4781
f 4697 4698 4782
f 4698 4699 4783
f 4699 4700 4784
f 4700 4701 4785
f 4701 4702 4786
f 4702 4703 4787
f 4703 4704 4788
f 4704 4621 4705
f 4621 4706 4705
f 4622 4707 4706
f 4623 4708 4707
f 4624 4709 4708
f 4625 4710 4709
f 4626 4711 4710
f 4627 4712 4711
f 4628 4713 4712
f 4629 4714 4713
f 4630 4715 4714
f 4631 4716 4715
f 4632 4717 4716
f 4633 4718 4717
f 4634 4719 4718
f 4635 4720 4719
f 4636 4721 4720
f 4637 4722 4721
f 4638 4723 4722
f 4639 4724 4723
f 4640 4725 4724
f 4641 4726 4725
f 4642 4727 4726
f 4643 4728 4727
f 4644 4729 4728
f 4645 4730 4729
f 4646 4731 4730
f 4647 4732 4731
f 4648 4733 4732
f 4649 4734 4733
f 4650 4735 4734
f 4651 4736 4735
f 4652 4737 4736
f 4653 4738 4737
f 4654 4739 4738
f 4655 4740 4739
f 4656 4741 4740
f 4657 4742 4741
f 4658 4743 4742
f 4659 4744 4743
f 4660 4745 4744
f 4661 4746 4745
f 4662 4747 4746
f 4663 4748 4747
f 4664 4749 4748
f 4665 4750 4749
f 4666 4751 4750
f 4667 4752 4751
f 4668 4753 4752
f 4669 4754 4753
f 4670 4755 4754
f 4671 4756 4755
f 4672 4757 4756
f 4673 4758 4757
f 4674 4759 4758
f 4675 4760 4759
f 4676 4761 4760
f 4677 4762 4761
f 4678 4763 4762
f 4679 4764 4763
f 4680 4765 4764
f 4681 4766 4765
f 4682 4767 4766
f 4683 4768 4767
f 4684 4769 4768
f 4685 4770 4769
f 4686 4771 4770
f 4687 4772 4771
f 4688 4773 4772
f 4689 4774 4773
f 4690 4775 4774
f 4691 4776 4775
f 4692 4777 4776
f 4693 4778 4777
f 4694 4779 4778
f 4695 4780 4779
f 4696 4781 4780
f 4697 4782 4781
f 4698 4783 4782
f 4699 4784 4783
f 4700 4785 4784
f 4701 4786 4785
f 4702 4787 4786
f 4703 4788 4787
f 4704 4705 4788
f 4705 4706 4790
f 4706 4707 4791
f 4707 4708 4792
f 4708 4709 4793
f 4709 4710 4794
f 4710 4711 4795
f 4711 4712 4796
f 4712 4713 4797
f 4713 4714 4798
f 4714 4715 4799
f 4715 4716 4800
f 4716 4717 4801
f 4717 4718 4802
f 4718 4719 4803
f 4719 4720 4804
f 4720 4721 4805
f 4721 4722 4806
f 4722 4723 4807
f 4723 4724 4808
f 4724 4725 4809
f 4725 4726 4810
f 4726 4727 4811
f 4727 4728 4812
f 4728 4729 4813
f 4729 4730 4814
f 4730 4731 4815
f 4731 4732 4816
f 4732 4733 4817
f 4733 4734 4818
f 4734 4735 4819
f 4735 4736 4820
f 4736 4737 4821
f 4737 4738 4822
f 4738 4739 4823
f 4739 4740 4824
f 4740 4741 4825
f 4741 4742 4826
f 4742 4743 4827
f 4743 4744 4828
f 4744 4745 4829
f 4745 4746 4830
f 4746 4747 4831
f 4747 4748 4832
f 4748 4749 4833
f 4749 4750 4834
f 4750 4751 4835
f 4751 4752 4836
f 4752 4753 4837
f 4753 4754 4838
f 4754 4755 4839
f 4755 4756 4840
f 4756 4757 4841
f 4757 4758 4842
f 4758 4759 4843
f 4759 4760 4844
f 4760 4761 4845
f 4761 4762 4846
f 4762 4763 4847
f 4763 4764 4848
f 4764 4765 4849
f 4765 4766 4850
f 4766 4767 4851
f 4767 4768 4852
f 4768 4769 4853
f 4769 4770 4854
f 4770 4771 4855
f 4771 4772 4856
f 4772 4773 4857
f 4773 4774 4858
f 4774 4775 4859
f 4775 4776 4860
f 4776 4777 4861
f 4777 4778 4862
f 4778 4779 4863
f 4779 4780 4864
f 4780 4781 4865
f 4781 4782 4866
f 4782 4783 4867
f 4783 4784 4868
f 4784 4785 4869
f 4785 4786 4870
f 4786 4787 4871
f 4787 4788 4872
f 4788 4705 4789
f 4705 4790 4789
f 4706 4791 4790
f 4707 4792 4791
f 4708 4793 4792
f 4709 4794 4793
f 4710 4795 4794
f 4711 4796 4795
f 4712 4797 4796
f 4713 4798 4797
f 4714 4799 4798
f 4715 4800 4799
f 4716 4801 4800
f 4717 4802 4801
f 4718 4803 4802
f 4719 4804 4803
f 4720 4805 4804
f 4721 4806 4805
f 4722 4807 4806
f 4723 4808 4807
f 4724 4809 4808
f 4725 4810 4809
f 4726 4811 4810
f 4727 4812 4811
f 4728 4813 4812
f 4729 4814 4813
f 4730 4815 4814
f 4731 4816 4815
f 4732 4817 4816
f 4733 4818 4817
f 4734 4819 4818
f 4735 4820 4819
f 4736 4821 4820
f 4737 4822 4821
f 4738 4823 4822
f 4739 4824 4823
f 4740 4825 4824
f 4741 4826 4825
f 4742 4827 4826
f 4743 4828 4827
f 4744 4829 4828
f 4745 4830 4829
f 4746 4831 4830
f 4747 4832 4831
f 4748 4833 4832
f 4749 4834 4833
f 4750 4835 4834
f 4751 4836 4835
f 4752 4837 4836
f 4753 4838 4837
f 4754 4839 4838
f 4755 4840 4839
f 4756 4841 4840
f 4757 4842 4841
f 4758 4843 4842
f 4759 4844 4843
f 4760 4845 4844
f 4761 4846 4845
f 4762 4847 4846
f 4763 4848 4847
f 4764 4849 4848
f 4765 4850 4849
f 4766 4851 4850
f 4767 4852 4851
f 4768 4853 4852
f 4769 4854 4853
f 4770 4855 4854
f 4771 4856 4855
f 4772 4857 4856
f 4773 4858 4857
f 4774 4859 4858
f 4775 4860 4859
f 4776 4861 4860
f 4777 4862 4861
f 4778 4863 4862
f 4779 4864 4863
f 4780 4865 4864
f 4781 4866 4865
f 4782 4867 4866
f 4783 4868 4867
f 4784 4869 4868
f 4785 4870 4869
f 4786 4871 4870
f 4787 4872 4871
f 4788 4789 4872
f 4789 4790 4874
f 4790 4791 4875
f 4791 4792 4876
f 4792 4793 4877
f 4793 4794 4878
f 4794 4795 4879
f 4795 4796 4880
f 4796 4797 4881
f 4797 4798 4882
f 4798 4799 4883
f 4799 4800 4884
f 4800 4801 4885
f 4801 4802 4886
f 4802 4803 4887
f 4803 4804 4888
f 4804 4805 4889
f 4805 4806 4890
f 4806 4807 4891
f 4807 4808 4892
f 4808 4809 4893
f 4809 4810 4894
f 4810 4811 4895
f 4811 4812 4896
f 4812 4813 4897
f 4813 4814 4898
f 4814 4815 4899
f 4815 4816 4900
f 4816 4817 4901
f 4817 4818 4902
f 4818 4819 4903
f 4819 4820 4904
f 4820 4821 4905
f 4821 4822 4906
f 4822 4823 4907
f 4823 4824 4908
f 4824 4825 4909
f 4825 4826 4910
f 4826 4827 4911
f 4827 4828 4912
f 4828 4829 4913
f 4829 4830 4914
f 4830 4831 4915
f 4831 4832 4916
f 4832 4833 4917
f 4833 4834 4918
f 4834 4835 4919
f 4835 4836 4920
f 4836 4837 4921
f 4837 4838 4922
f 4838 4839 4923
f 4839 4840 4924
f 4840 4841 4925
f 4841 4842 4926
f 4842 4843 4927
f 4843 4844 4928
f 4844 4845 4929
f 4845 4846 4930
f 4846 4847 4931
f 4847 4848 4932
f 4848 4849 4933
f 4849 4850 4934
f 4850 4851 4935
f 4851 4852 4936
f 4852 4853 4937
f 4853 4854 4938
f 4854 4855 4939
f 4855 4856 4940
f 4856 4857 4941
f 4857 4858 4942
f 4858 4859 4943
f 4859 4860 4944
f 4860 4861 4945
f 4861 4862 4946
f 4862 4863 4947
f 4863 4864 4948
f 4864 4865 4949
f 4865 4866 4950
f 4866 4867 4951
f 4867 4868 4952
f 4868 4869 4953
f 4869 4870 4954
f 4870 4871 4955
f 4871 4872 4956
f 4872 4789 4873
f 4789 4874 4873
f 4790 4875 4874
f 4791 4876 4875
f 4792 4877 4876
f 4793 4878 4877
f 4794 4879 4878
f 4795 4880 4879
f 4796 4881 4880
f 4797 4882 4881
f 4798 4883 4882
f 4799 4884 4883
f 4800 4885 4884
f 4801 4886 4885
f 4802 4887 4886
f 4803 4888 4887
f 4804 4889 4888
f 4805 4890 4889
f 4806 4891 4890
f 4807 4892 4891
f 4808 4893 4892
f 4809 4894 4893
f 4810 4895 4894
f 4811 4896 4895
f 4812 4897 4896
f 4813 4898 4897
f 4814 4899 4898
f 4815 4900 4899
f 4816 4901 4900
f 4817 4902 4901
f 4818 4903 4902
f 4819 4904 4903
f 4820 4905 4904
f 4821 4906 4905
f 4822 4907 4906
f 4823 4908 4907
f 4824 4909 4908
f 4825 4910 4909
f 4826 4911 4910
f 4827 4912 4911
f 4828 4913 4912
f 4829 4914 4913
f 4830 4915 4914
f 4831 4916 4915
f 4832 4917 4916
f 4833 4918 4917
f 4834 4919 4918
f 4835 4920 4919
f 4836 4921 4920
f 4837 4922 4921
f 4838 4923 4922
f 4839 4924 4923
f 4840 4925 4924
f 4841 4926 4925
f 4842 4927 4926
f 4843 4928 4927
f 4844 4929 4928
f 4845 4930 4929
f 4846 4931 4930
f 4847 4932 4931
f 4848 4933 4932
f 4849 4934 4933
f 4850 4935 4934
f 4851 4936 4935
f 4852 4937 4936
f 4853 4938 4937
f 4854 4939 4938
f 4855 4940 4939
f 4856 4941 4940
f 4857 4942 4941
f 4858 4943 4942
f 4859 4944 4943
f 4860 4945 4944
f 4861 4946 4945
f 4862 4947 4946
f 4863 4948 4947
f 4864 4949 4948
f 4865 4950 4949
f 4866 4951 4950
f 4867 4952 4951
f 4868 4953 4952
f 4869 4954 4953
f 4870 4955 4954
f 4871 4956 4955
f 4872 4873 4956
f 4873 4874 4958
f 4874 4875 4959
f 4875 4876 4960
f 4876 4877 4961
f 4877 4878 4962
f 4878 4879 4963
f 4879 4880 4964
f 4880 4881 4965
f 4881 4882 4966
f 4882 4883 4967
f 4883 4884 4968
f 4884 4885 4969
f 4885 4886 4970
f 4886 4887 4971
f 4887 4888 4972
f 4888 4889 4973
f 4889 4890 4974
f 4890 4891 4975
f 4891 4892 4976
f 4892 4893 4977
f 4893 4894 4978
f 4894 4895 4979
f 4895 4896 4980
f 4896 4897 4981
f 4897 4898 4982
f 4898 4899 4983
f 4899 4900 4984
f 4900 4901 4985
f 4901 4902 4986
f 4902 4903 4987
f 4903 4904 4988
f 4904 4905 4989
f 4905 4906 4990
f 4906 4907 4991
f 4907 4908 4992
f 4908 4909 4993
f 4909 4910 4994
f 4910 4911 4995
f 4911 4912 4996
f 4912 4913 4997
f 4913 4914 4998
f 4914 4915 4999
f 4915 4916 5000
f 4916 4917 5001
f 4917 4918 5002
f 4918 4919 5003
f 4919 4920 5004
f 4920 4921 5005
f 4921 4922 5006
f 4922 4923 5007
f 4923 4924 5008
f 4924 4925 5009
f 4925 4926 5010
f 4926 4927 5011
f 4927 4928 5012
f 4928 4929 5013
f 4929 4930 5014
f 4930 4931 5015
f 4931 4932 5016
f 4932 4933 5017
f 4933 4934 5018
f 4934 4935 5019
f 4935 4936 5020
f 4936 4937 5021
f 4937 4938 5022
f 4938 4939 5023
f 4939 4940 5024
f 4940 4941 5025
f 4941 4942 5026
f 4942 4943 5027
f 4943 4944 5028
f 4944 4945 5029
f 4945 4946 5030
f 4946 4947 5031
f 4947 4948 5032
f 4948 4949 5033
f 4949 4950 5034
f 4950 4951 5035
f 4951 4952 5036
f 4952 4953 5037
f 4953 4954 5038
f 4954 4955 5039
f 4955 4956 5040
f 4956 4873 4957
f 4873 4958 4957
f 4874 4959 4958
f 4875 4960 4959
f 4876 4961 4960
f 4877 4962 4961
f 4878 4963 4962
f 4879 4964 4963
f 4880 4965 4964
f 4881 4966 4965
f 4882 4967 4966
f 4883 4968 4967
f 4884 4969 4968
f 4885 4970 4969
f 4886 4971 4970
f 4887 4972 4971
f 4888 4973 4972
f 4889 4974 4973
f 4890 4975 4974
f 4891 4976 4975
f 4892 4977 4976
f 4893 4978 4977
f 4894 4979 4978
f 4895 4980 4979
f 4896 4981 4980
f 4897 4982 4981
f 4898 4983 4982
f 4899 4984 4983
f 4900 4985 4984
f 4901 4986 4985
f 4902 4987 4986
f 4903 4988 4987
f 4904 4989 4988
f 4905 4990 4989
f 4906 4991 4990
f 4907 4992 4991
f 4908 4993 4992
f 4909 4994 4993
f 4910 4995 4994
f 4911 4996 4995
f 4912 4997 4996
f 4913 4998 4997
f 4914 4999 4998
f 4915 5000 4999
f 4916 5001 5000
f 4917 5002 5001
f 4918 5003 5002
f 4919 5004 5003
f 4920 5005 5004
f 4921 5006 5005
f 4922 5007 5006
f 4923 5008 5007
f 4924 5009 5008
f 4925 5010 5009
f 4926 5011 5010
f 4927 5012 5011
f 4928 5013 5012
f 4929 5014 5013
f 4930 5015 5014
f 4931 5016 5015
f 4932 5017 5016
f 4933 5018 5017
f 4934 5019 5018
f 4935 5020 5019
f 4936 5021 5020
f 4937 5022 5021
f 4938 5023 5022
f 4939 5024 5023
f 4940 5025 5024
f 4941 5026 5025
f 4942 5027 5026
f 4943 5028 5027
f 4944 5029 5028
f 4945 5030 5029
f 4946 5031 5030
f 4947 5032 5031
f 4948 5033 5032
f 4949 5034 5033
f 4950 5035 5034
f 4951 5036 5035
f 4952 5037 5036
f 4953 5038 5037
f 4954 5039 5038
f 4955 5040 5039
f 4956 4957 5040
f 4957 4958 5042
f 4958 4959 5043
f 4959 4960 5044
f 4960 4961 5045
f 4961 4962 5046
f 4962 4963 5047
f 4963 4964 5048
f 4964 4965 5049
f 4965 4966 5050
f 4966 4967 5051
f 4967 4968 5052
f 4968 4969 5053
f 4969 4970 5054
f 4970 4971 5055
f 4971 4972 5056
f 4972 4973 5057
f 4973 4974 5058
f 4974 4975 5059
f 4975 4976 5060
f 4976 4977 5061
f 4977 4978 5062
f 4978 4979 5063
f 4979 4980 5064
f 4980 4981 5065
f 4981 4982 5066
f 4982 4983 5067
f 4983 4984 5068
f 4984 4985 5069
f 4985 4986 5070
f 4986 4987 5071
f 4987 4988 5072
f 4988 4989 5073
f 4989 4990 5074
f 4990 4991 5075
f 4991 4992 5076
f 4992 4993 5077
f 4993 4994 5078
f 4994 4995 5079
f 4995 4996 5080
f 4996 4997 5081
f 4997 4998 5082
f 4998 4999 5083
f 4999 5000 5084
f 5000 5001 5085
f 5001 5002 5086
f 5002 5003 5087
f 5003 5004 5088
f 5004 5005 5089
f 5005 5006 5090
f 5006 5007 5091
f 5007 5008 5092
f 5008 5009 5093
f 5009 5010 5094
f 5010 5011 5095
f 5011 5012 5096
f 5012 5013 5097
f 5013 5014 5098
f 5014 5015 5099
f 5015 5016 5100
f 5016 5017 5101
f 5017 5018 5102
f 5018 5019 5103
f 5019 5020 5104
f 5020 5021 5105
f 5021 5022 5106
f 5022 5023 5107
f 5023 5024 5108
f 5024 5025 5109
f 5025 5026 5110
f 5026 5027 5111
f 5027 5028 5112
f 5028 5029 5113
f 5029 5030 5114
f 5030 5031 5115
f 5031 5032 5116
f 5032 5033 5117
f 5033 5034 5118
f 5034 5035 5119
f 5035 5036 5120
f 5036 5037 5121
f 5037 5038 5122
f 5038 5039 5123
f 5039 5040 5124
f 5040 4957 5041
f 4957 5042 5041
f 4958 5043 5042
f 4959 5044 5043
f 4960 5045 5044
f 4961 5046 5045
f 4962 5047 5046
f 4963 5048 5047
f 4964 5049 5048
f 4965 5050 5049
f 4966 5051 5050
f 4967 5052 5051
f 4968 5053 5052
f 4969 5054 5053
f 4970 5055 5054
f 4971 5056 5055
f 4972 5057 5056
f 4973 5058 5057
f 4974 5059 5058
f 4975 5060 5059
f 4976 5061 5060
f 4977 5062 5061
f 4978 5063 5062
f 4979 5064 5063
f 4980 5065 5064
f 4981 5066 5065
f 4982 5067 5066
f 4983 5068 5067
f 4984 5069 5068
f 4985 5070 5069
f 4986 5071 5070
f 4987 5072 5071
f 4988 5073 5072
f 4989 5074 5073
f 4990 5075 5074
f 4991 5076 5075
f 4992 5077 5076
f 4993 5078 5077
f 4994 5079 5078
f 4995 5080 5079
f 4996 5081 5080
f 4997 5082 5081
f 4998 5083 5082
f 4999 5084 5083
f 5000 5085 5084
f 5001 5086 5085
f 5002 5087 5086
f 5003 5088 5087
f 5004 5089 5088
f 5005 5090 5089
f 5006 5091 5090
f 5007 5092 5091
f 5008 5093 5092
f 5009 5094 5093
f 5010 5095 5094
f 5011 5096 5095
f 5012 5097 5096
f 5013 5098 5097
f 5014 5099 5098
f 5015 5100 5099
f 5016 5101 5100
f 5017 5102 5101
f 5018 5103 5102
f 5019 5104 5103
f 5020 5105 5104
f 5021 5106 5105
f 5022 5107 5106
f 5023 5108 5107
f 5024 5109 5108
f 5025 5110 5109
f 5026 5111 5110
f 5027 5112 5111
f 5028 5113 5112
f 5029 5114 5113
f 5030 5115 5114
f 5031 5116 5115
f 5032 5117 5116
f 5033 5118 5117
f 5034 5119 5118
f 5035 5120 5119
f 5036 5121 5120
f 5037 5122 5121
f 5038 5123 5122
f 5039 5124 5123
f 5040 5041 5124
f 5041 5042 5126
f 5042 5043 5127
f 5043 5044 5128
f 5044 5045 5129
f 5045 5046 5130
f 5046 5047 5131
f 5047 5048 5132
f 5048 5049 5133
f 5049 5050 5134
f 5050 5051 5135
f 5051 5052 5136
f 5052 5053 5137
f 5053 5054 5138
f 5054 5055 5139
f 5055 5056 5140
f 5056 5057 5141
f 5057 5058 5142
f 5058 5059 5143
f 5059 5060 5144
f 5060 5061 5145
f 5061 5062 5146
f 5062 5063 5147
f 5063 5064 5148
f 5064 5065 5149
f 5065 5066 5150
f 5066 5067 5151
f 5067 5068 5152
f 5068 5069 5153
f 5069 5070 5154
f 5070 5071 5155
f 5071 5072 5156
f 5072 5073 5157
f 5073 5074 5158
f 5074 5075 5159
f 5075 5076 5160
f 5076 5077 5161
f 5077 5078 5162
f 5078 5079 5163
f 5079 5080 5164
f 5080 5081 5165
f 5081 5082 5166
f 5082 5083 5167
f 5083 5084 5168
f 5084 5085 5169
f 5085 5086 5170
f 5086 5087 5171
f 5087 5088 5172
f 5088 5089 5173
f 5089 5090 5174
f 5090 5091 5175
f 5091 5092 5176
f 5092 5093 5177
f 5093 5094 5178
f 5094 5095 5179
f 5095 5096 5180
f 5096 5097 5181
f 5097 5098 5182
f 5098 5099 5183
f 5099 5100 5184
f 5100 5101 5185
f 5101 5102 5186
f 5102 5103 5187
f 5103 5104 5188
f 5104 5105 5189
f 5105 5106 5190
f 5106 5107 5191
f 5107 5108 5192
f 5108 5109 5193
f 5109 5110 5194
f 5110 5111 5195
f 5111 5112 5196
f 5112 5113 5197
f 5113 5114 5198
f 5114 5115 5199
f 5115 5116 5200
f 5116 5117 5201
f 5117 5118 5202
f 5118 5119 5203
f 5119 5120 5204
f 5120 5121 5205
f 5121 5122 5206
f 5122 5123 5207
f 5123 5124 5208
f 5124 5041 5125
f 5041 5126 5125
f 5042 5127 5126
f 5043 5128 5127
f 5044 5129 5128
f 5045 5130 5129
f 5046 5131 5130
f 5047 5132 5131
f 5048 5133 5132
f 5049 5134 5133
f 5050 5135 5134
f 5051 5136 5135
f 5052 5137 5136
f 5053 5138 5137
f 5054 5139 5138
f 5055 5140 5139
f 5056 5141 5140
f 5057 5142 5141
f 5058 5143 5142
f 5059 5144 5143
f 5060 5145 5144
f 5061 5146 5145
f 5062 5147 5146
f 5063 5148 5147
f 5064 5149 5148
f 5065 5150 5149
f 5066 5151 5150
f 5067 5152 5151
f 5068 5153 5152
f 5069 5154 5153
f 5070 5155 5154
f 5071 5156 5155
f 5072 5157 5156
f 5073 5158 5157
f 5074 5159 5158
f 5075 5160 5159
f 5076 5161 5160
f 5077 5162 5161
f 5078 5163 5162
f 5079 5164 5163
f 5080 5165 5164
f 5081 5166 5165
f 5082 5167 5166
f 5083 5168 5167
f 5084 5169 5168
f 5085 5170 5169
f 5086 5171 5170
f 5087 5172 5171
f 5088 5173 5172
f 5089 5174 5173
f 5090 5175 5174
f 5091 5176 5175
f 5092 5177 5176
f 5093 5178 5177
f 5094 5179 5178
f 5095 5180 5179
f 5096 5181 5180
f 5097 5182 5181
f 5098 5183 5182
f 5099 5184 5183
f 5100 5185 5184
f 5101 5186 5185
f 5102 5187 5186
f 5103 5188 5187
f 5104 5189 5188
f 5105 5190 5189
f 5106 5191 5190
f 5107 5192 5191
f 5108 5193 5192
f 5109 5194 5193
f 5110 5195 5194
f 5111 5196 5195
f 5112 5197 5196
f 5113 5198 5197
f 5114 5199 5198
f 5115 5200 5199
f 5116 5201 5200
f 5117 5202 5201
f 5118 5203 5202
f 5119 5204 5203
f 5120 5205 5204
f 5121 5206 5205
f 5122 5207 5206
f 5123 5208 5207
f 5124 5125 5208
f 5125 5126 5210
f 5126 5127 5211
f 5127 5128 5212
f 5128 5129 5213
f 5129 5130 5214
f 5130 5131 5215
f 5131 5132 5216
f 5132 5133 5217
f 5133 5134 5218
f 5134 5135 5219
f 5135 5136 5220
f 5136 5137 5221
f 5137 5138 5222
f 5138 5139 5223
f 5139 5140 5224
f 5140 5141 5225
f 5141 5142 5226
f 5142 5143 5227
f 5143 5144 5228
f 5144 5145 5229
f 5145 5146 5230
f 5146 5147 5231
f 5147 5148 5232
f 5148 5149 5233
f 5149 5150 5234
f 5150 5151 5235
f 5151 5152 5236
f 5152 5153 5237
f 5153 5154 5238
f 5154 5155 5239
f 5155 5156 5240
f 5156 5157 5241
f 5157 5158 5242
f 5158 5159 5243
f 5159 5160 5244
f 5160 5161 5245
f 5161 5162 5246
f 5162 5163 5247
f 5163 5164 5248
f 5164 5165 5249
f 5165 5166 5250
f 5166 5167 5251
f 5167 5168 5252
f 5168 5169 5253
f 5169 5170 5254
f 5170 5171 5255
f 5171 5172 5256
f 5172 5173 5257
f 5173 5174 5258
f 5174 5175 5259
f 5175 5176 5260
f 5176 5177 5261
f 5177 5178 5262
f 5178 5179 5263
f 5179 5180 5264
f 5180 5181 5265
f 5181 5182 5266
f 5182 5183 5267
f 5183 5184 5268
f 5184 5185 5269
f 5185 5186 5270
f 5186 5187 5271
f 5187 5188 5272
f 5188 5189 5273
f 5189 5190 5274
f 5190 5191 5275
f 5191 5192 5276
f 5192 5193 5277
f 5193 5194 5278
f 5194 5195 5279
f 5195 5196 5280
f 5196 5197 5281
f 5197 5198 5282
f 5198 5199 5283
f 5199 5200 5284
f 5200 5201 5285
f 5201 5202 5286
f 5202 5203 5287
f 5203 5204 5288
f 5204 5205 5289
f 5205 5206 5290
f 5206 5207 5291
f 5207 5208 5292
f 5208 5125 5209
f 5125 5210 5209
f 5126 5211 5210
f 5127 5212 5211
f 5128 5213 5212
f 5129 5214 5213
f 5130 5215 5214
f 5131 5216 5215
f 5132 5217 5216
f 5133 5218 5217
f 5134 5219 5218
f 5135 5220 5219
f 5136 5221 5220
f 5137 5222 5221
f 5138 5223 5222
f 5139 5224 5223
f 5140 5225 5224
f 5141 5226 5225
f 5142 5227 5226
f 5143 5228 5227
f 5144 5229 5228
f 5145 5230 5229
f 5146 5231 5230
f 5147 5232 5231
f 5148 5233 5232
f 5149 5234 5233
f 5150 5235 5234
f 5151 5236 5235
f 5152 5237 5236
f 5153 5238 5237
f 5154 5239 5238
f 5155 5240 5239
f 5156 5241 5240
f 5157 5242 5241
f 5158 5243 5242
f 5159 5244 5243
f 5160 5245 5244
f 5161 5246 5245
f 5162 5247 5246
f 5163 5248 5247
f 5164 5249 5248
f 5165 5250 5249
f 5166 5251 5250
f 5167 5252 5251
f 5168 5253 5252
f 5169 5254 5253
f 5170 5255 5254
f 5171 5256 5255
f 5172 5257 5256
f 5173 5258 5257
f 5174 5259 5258
f 5175 5260 5259
f 5176 5261 5260
f 5177 5262 5261
f 5178 5263 5262
f 5179 5264 5263
f 5180 5265 5264
f 5181 5266 5265
f 5182 5267 5266
f 5183 5268 5267
f 5184 5269 5268
f 5185 5270 5269
f 5186 5271 5270
f 5187 5272 5271
f 5188 5273 5272
f 5189 5274 5273
f 5190 5275 5274
f 5191 5276 5275
f 5192 5277 5276
f 5193 5278 5277
f 5194 5279 5278
f 5195 5280 5279
f 5196 5281 5280
f 5197 5282 5281
f 5198 5283 5282
f 5199 5284 5283
f 5200 5285 5284
f 5201 5286 5285
f 5202 5287 5286
f 5203 5288 5287
f 5204 5289 5288
f 5205 5290 5289
f 5206 5291 5290
f 5207 5292 5291
f 5208 5209 5292
f 5209 5210 5294
f 5210 5211 5295
f 5211 5212 5296
f 5212 5213 5297
f 5213 5214 5298
f 5214 5215 5299
f 5215 5216 5300
f 5216 5217 5301
f 5217 5218 5302
f 5218 5219 5303
f 5219 5220 5304
f 5220 5221 5305
f 5221 5222 5306
f 5222 5223 5307
f 5223 5224 5308
f 5224 5225 5309
f 5225 5226 5310
f 5226 5227 5311
f 5227 5228 5312
f 5228 5229 5313
f 5229 5230 5314
f 5230 5231 5315
f 5231 5232 5316
f 5232 5233 5317
f 5233 5234 5318
f 5234 5235 5319
f 5235 5236 5320
f 5236 5237 5321
f 5237 5238 5322
f 5238 5239 5323
f 5239 5240 5324
f 5240 5241 5325
f 5241 5242 5326
f 5242 5243 5327
f 5243 5244 5328
f 5244 5245 5329
f 5245 5246 5330
f 5246 5247 5331
f 5247 5248 5332
f 5248 5249 5333
f 5249 5250 5334
f 5250 5251 5335
f 5251 5252 5336
f 5252 5253 5337
f 5253 5254 5338
f 5254 5255 5339
f 5255 5256 5340
f 5256 5257 5341
f 5257 5258 5342
f 5258 5259 5343
f 5259 5260 5344
f 5260 5261 5345
f 5261 5262 5346
f 5262 5263 5347
f 5263 5264 5348
f 5264 5265 5349
f 5265 5266 5350
f 5266 5267 5351
f 5267 5268 5352
f 5268 5269 5353
f 5269 5270 5354
f 5270 5271 5355
f 5271 5272 5356
f 5272 5273 5357
f 5273 5274 5358
f 5274 5275 5359
f 5275 5276 5360
f 5276 5277 5361
f 5277 5278 5362
f 5278 5279 5363
f 5279 5280 5364
f 5280 5281 5365
f 5281 5282 5366
f 5282 5283 5367
f 5283 5284 5368
f 5284 5285 5369
f 5285 5286 5370
f 5286 5287 5371
f 5287 5288 5372
f 5288 5289 5373
f 5289 5290 5374
f 5290 5291 5375
f 5291 5292 5376
f 5292 5209 5293
f 5209 5294 5293
f 5210 5295 5294
f 5211 5296 5295
f 5212 5297 5296
f 5213 5298 5297
f 5214 5299 5298
f 5215 5300 5299
f 5216 5301 5300
f 5217 5302 5301
f 5218 5303 5302
f 5219 5304 5303
f 5220 5305 5304
f 5221 5306 5305
f 5222 5307 5306
f 5223 5308 5307
f 5224 5309 5308
f 5225 5310 5309
f 5226 5311 5310
f 5227 5312 5311
f 5228 5313 5312
f 5229 5314 5313
f 5230 5315 5314
f 5231 5316 5315
f 5232 5317 5316
f 5233 5318 5317
f 5234 5319 5318
f 5235 5320 5319
f 5236 5321 5320
f 5237 5322 5321
f 5238 5323 5322
f 5239 5324 5323
f 5240 5325 5324
f 5241 5326 5325
f 5242 5327 5326
f 5243 5328 5327
f 5244 5329 5328
f 5245 5330 5329
f 5246 5331 5330
f 5247 5332 5331
f 5248 5333 5332
f 5249 5334 5333
f 5250 5335 5334
f 5251 5336 5335
f 5252 5337 5336
f 5253 5338 5337
f 5254 5339 5338
f 5255 5340 5339
f 5256 5341 5340
f 5257 5342 5341
f 5258 5343 5342
f 5259 5344 5343
f 5260 5345 5344
f 5261 5346 5345
f 5262 5347 5346
f 5263 5348 5347
f 5264 5349 5348
f 5265 5350 5349
f 5266 5351 5350
f 5267 5352 5351
f 5268 5353 5352
f 5269 5354 5353
f 5270 5355 5354
f 5271 5356 5355
f 5272 5357 5356
f 5273 5358 5357
f 5274 5359 5358
f 5275 5360 5359
f 5276 5361 5360
f 5277 5362 5361
f 5278 5363 5362
f 5279 5364 5363
f 5280 5365 5364
f 5281 5366 5365
f 5282 5367 5366
f 5283 5368 5367
f 5284 5369 5368
f 5285 5370 5369
f 5286 5371 5370
f 5287 5372 5371
f 5288 5373 5372
f 5289 5374 5373
f 5290 5375 5374
f 5291 5376 5375
f 5292 5293 5376
f 5293 5294 5378
f 5294 5295 5379
f 5295 5296 5380
f 5296 5297 5381
f 5297 5298 5382
f 5298 5299 5383
f 5299 5300 5384
f 5300 5301 5385
f 5301 5302 5386
f 5302 5303 5387
f 5303 5304 5388
f 5304 5305 5389
f 5305 5306 5390
f 5306 5307 5391
f 5307 5308 5392
f 5308 5309 5393
f 5309 5310 5394
f 5310 5311 5395
f 5311 5312 5396
f 5312 5313 5397
f 5313 5314 5398
f 5314 5315 5399
f 5315 5316 5400
f 5316 5317 5401
f 5317 5318 5402
f 5318 5319 5403
f 5319 5320 5404
f 5320 5321 5405
f 5321 5322 5406
f 5322 5323 5407
f 5323 5324 5408
f 5324 5325 5409
f 5325 5326 5410
f 5326 5327 5411
f 5327 5328 5412
f 5328 5329 5413
f 5329 5330 5414
f 5330 5331 5415
f 5331 5332 5416
f 5332 5333 5417
f 5333 5334 5418
f 5334 5335 5419
f 5335 5336 5420
f 5336 5337 5421
f 5337 5338 5422
f 5338 5339 5423
f 5339 5340 5424
f 5340 5341 5425
f 5341 5342 5426
f 5342 5343 5427
f 5343 5344 5428
f 5344 5345 5429
f 5345 5346 5430
f 5346 5347 5431
f 5347 5348 5432
f 5348 5349 5433
f 5349 5350 5434
f 5350 5351 5435
f 5351 5352 5436
f 5352 5353 5437
f 5353 5354 5438
f 5354 5355 5439
f 5355 5356 5440
f 5356 5357 5441
f 5357 5358 5442
f 5358 5359 5443
f 5359 5360 5444
f 5360 5361 5445
f 5361 5362 5446
f 5362 5363 5447
f 5363 5364 5448
f 5364 5365 5449
f 5365 5366 5450
f 5366 5367 5451
f 5367 5368 5452
f 5368 5369 5453
f 5369 5370 5454
f 5370 5371 5455
f 5371 5372 5456
f 5372 5373 5457
f 5373 5374 5458
f 5374 5375 5459
f 5375 5376 5460
f 5376 5293 5377
f 5293 5378 5377
f 5294 5379 5378
f 5295 5380 5379
f 5296 5381 5380
f 5297 5382 5381
f 5298 5383 5382
f 5299 5384 5383
f 5300 5385 5384
f 5301 5386 5385
f 5302 5387 5386
f 5303 5388 5387
f 5304 5389 5388
f 5305 5390 5389
f 5306 5391 5390
f 5307 5392 5391
f 5308 5393 5392
f 5309 5394 5393
f 5310 5395 5394
f 5311 5396 5395
f 5312 5397 5396
f 5313 5398 5397
f 5314 5399 5398
f 5315 5400 5399
f 5316 5401 5400
f 5317 5402 5401
f 5318 5403 5402
f 5319 5404 5403
f 5320 5405 5404
f 5321 5406 5405
f 5322 5407 5406
f 5323 5408 5407
f 5324 5409 5408
f 5325 5410 5409
f 5326 5411 5410
f 5327 5412 5411
f 5328 5413 5412
f 5329 5414 5413
f 5330 5415 5414
f 5331 5416 5415
f 5332 5417 5416
f 5333 5418 5417
f 5334 5419 5418
f 5335 5420 5419
f 5336 5421 5420
f 5337 5422 5421
f 5338 5423 5422
f 5339 5424 5423
f 5340 5425 5424
f 5341 5426 5425
f 5342 5427 5426
f 5343 5428 5427
f 5344 5429 5428
f 5345 5430 5429
f 5346 5431 5430
f 5347 5432 5431
f 5348 5433 5432
f 5349 5434 5433
f 5350 5435 5434
f 5351 5436 5435
f 5352 5437 5436
f 5353 5438 5437
f 5354 5439 5438
f 5355 5440 5439
f 5356 5441 5440
f 5357 5442 5441
f 5358 5443 5442
f 5359 5444 5443
f 5360 5445 5444
f 5361 5446 5445
f 5362 5447 5446
f 5363 5448 5447
f 5364 5449 5448
f 5365 5450 5449
f 5366 5451 5450
f 5367 5452 5451
f 5368 5453 5452
f 5369 5454 5453
f 5370 5455 5454
f 5371 5456 5455
f 5372 5457 5456
f 5373 5458 5457
f 5374 5459 5458
f 5375 5460 5459
f 5376 5377 5460
f 5461 5546 5462
f 5462 5547 5463
f 5463 5548 5464
f 5464 5549 5465
f 5465 5550 5466
f 5466 5551 5467
f 5467 5552 5468
f 5468 5553 5469
f 5469 5554 5470
f 5470 5555 5471
f 5471 5556 5472
f 5472 5557 5473
f 5473 5558 5474
f 5474 5559 5475
f 5475 5560 5476
f 5476 5561 5477
f 5477 5562 5478
f 5478 5563 5479
f 5479 5564 5480
f 5480 5565 5481
f 5481 5566 5482
f 5482 5567 5483
f 5483 5568 5484
f 5484 5569 5485
f 5485 5570 5486
f 5486 5571 5487
f 5487 5572 5488
f 5488 5573 5489
f 5489 5574 5490
f 5490 5575 5491
f 5491 5576 5492
f 5492 5577 5493
f 5493 5578 5494
f 5494 5579 5495
f 5495 5580 5496
f 5496 5581 5497
f 5497 5582 5498
f 5498 5583 5499
f 5499 5584 5500
f 5500 5585 5501
f 5501 5586 5502
f 5502 5587 5503
f 5503 5588 5504
f 5504 5589 5505
f 5505 5590 5506
f 5506 5591 5507
f 5507 5592 5508
f 5508 5593 5509
f 5509 5594 5510
f 5510 5595 5511
f 5511 5596 5512
f 5512 5597 5513
f 5513 5598 5514
f 5514 5599 5515
f 5515 5600 5516
f 5516 5601 5517
f 5517 5602 5518
f 5518 5603 5519
f 5519 5604 5520
f 5520 5605 5521
f 5521 5606 5522
f 5522 5607 5523
f 5523 5608 5524
f 5524 5609 5525
f 5525 5610 5526
f 5526 5611 5527
f 5527 5612 5528
f 5528 5613 5529
f 5529 5614 5530
f 5530 5615 5531
f 5531 5616 5532
f 5532 5617 5533
f 5533 5618 5534
f 5534 5619 5535
f 5535 5620 5536
f 5536 5621 5537
f 5537 5622 5538
f 5538 5623 5539
f 5539 5624 5540
f 5540 5625 5541
f 5541 5626 5542
f 5542 5627 5543
f 5543 5628 5544
f 5544 5545 5461
f 5461 5545 5546
f 5462 5546 5547
f 5463 5547 5548
f 5464 5548 5549
f 5465 5549 5550
f 5466 5550 5551
f 5467 5551 5552
f 5468 5552 5553
f 5469 5553 5554
f 5470 5554 5555
f 5471 5555 5556
f 5472 5556 5557
f 5473 5557 5558
f 5474 5558 5559
f 5475 5559 5560
f 5476 5560 5561
f 5477 5561 5562
f 5478 5562 5563
f 5479 5563 5564
f 5480 5564 5565
f 5481 5565 5566
f 5482 5566 5567
f 5483 5567 5568
f 5484 5568 5569
f 5485 5569 5570
f 5486 5570 5571
f 5487 5571 5572
f 5488 5572 5573
f 5489 5573 5574
f 5490 5574 5575
f 5491 5575 5576
f 5492 5576 5577
f 5493 5577 5578
f 5494 5578 5579
f 5495 5579 5580
f 5496 5580 5581
f 5497 5581 5582
f 5498 5582 5583
f 5499 5583 5584
f 5500 5584 5585
f 5501 5585 5586
f 5502 5586 5587
f 5503 5587 5588
f 5504 5588 5589
f 5505 5589 5590
f 5506 5590 5591
f 5507 5591 5592
f 5508 5592 5593
f 5509 5593 5594
f 5510 5594 5595
f 5511 5595 5596
f 5512 5596 5597
f 5513 5597 5598
f 5514 5598 5599
f 5515 5599 5600
f 5516 5600 5601
f 5517 5601 5602
f 5518 5602 5603
f 5519 5603 5604
f 5520 5604 5605
f 5521 5605 5606
f 5522 5606 5607
f 5523 5607 5608
f 5524 5608 5609
f 5525 5609 5610
f 5526 5610 5611
f 5527 5611 5612
f 5528 5612 5613
f 5529 5613 5614
f 5530 5614 5615
f 5531 5615 5616
f 5532 5616 5617
f 5533 5617 5618
f 5534 5618 5619
f 5535 5619 5620
f 5536 5620 5621
f 5537 5621 5622
f 5538 5622 5623
f 5539 5623 5624
f 5540 5624 5625
f 5541 5625 5626
f 5542 5626 5627
f 5543 5627 5628
f 5544 5628 5545
f 5545 5630 5546
f 5546 5631 5547
f 5547 5632 5548
f 5548 5633 5549
f 5549 5634 5550
f 5550 5635 5551
f 5551 5636 5552
f 5552 5637 5553
f 5553 5638 5554
f 5554 5639 5555
f 5555 5640 5556
f 5556 5641 5557
f 5557 5642 5558
f 5558 5643 5559
f 5559 5644 5560
f 5560 5645 5561
f 5561 5646 5562
f 5562 5647 5563
f 5563 5648 5564
f 5564 5649 5565
f 5565 5650 5566
f 5566 5651 5567
f 5567 5652 5568
f 5568 5653 5569
f 5569 5654 5570
f 5570 5655 5571
f 5571 5656 5572
f 5572 5657 5573
f 5573 5658 5574
f 5574 5659 5575
f 5575 5660 5576
f 5576 5661 5577
f 5577 5662 5578
f 5578 5663 5579
f 5579 5664 5580
f 5580 5665 5581
f 5581 5666 5582
f 5582 5667 5583
f 5583 5668 5584
f 5584 5669 5585
f 5585 5670 5586
f 5586 5671 5587
f 5587 5672 5588
f 5588 5673 5589
f 5589 5674 5590
f 5590 5675 5591
f 5591 5676 5592
f 5592 5677 5593
f 5593 5678 5594
f 5594 5679 5595
f 5595 5680 5596
f 5596 5681 5597
f 5597 5682 5598
f 5598 5683 5599
f 5599 5684 5600
f 5600 5685 5601
f 5601 5686 5602
f 5602 5687 5603
f 5603 5688 5604
f 5604 5689 5605
f 5605 5690 5606
f 5606 5691 5607
f 5607 5692 5608
f 5608 5693 5609
f 5609 5694 5610
f 5610 5695 5611
f 5611 5696 5612
f 5612 5697 5613
f 5613 5698 5614
f 5614 5699 5615
f 5615 5700 5616
f 5616 5701 5617
f 5617 5702 5618
f 5618 5703 5619
f 5619 5704 5620
f 5620 5705 5621
f 5621 5706 5622
f 5622 5707 5623
f 5623 5708 5624
f 5624 5709 5625
f 5625 5710 5626
f 5626 5711 5627
f 5627 5712 5628
f 5628 5629 5545
f 5545 5629 5630
f 5546 5630 5631
f 5547 5631 5632
f 5548 5632 5633
f 5549 5633 5634
f 5550 5634 5635
f 5551 5635 5636
f 5552 5636 5637
f 5553 5637 5638
f 5554 5638 5639
f 5555 5639 5640
f 5556 5640 5641
f 5557 5641 5642
f 5558 5642 5643
f 5559 5643 5644
f 5560 5644 5645
f 5561 5645 5646
f 5562 5646 5647
f 5563 5647 5648
f 5564 5648 5649
f 5565 5649 5650
f 5566 5650 5651
f 5567 5651 5652
f 5568 5652 5653
f 5569 5653 5654
f 5570 5654 5655
f 5571 5655 5656
f 5572 5656 5657
f 5573 5657 5658
f 5574 5658 5659
f 5575 5659 5660
f 5576 5660 5661
f 5577 5661 5662
f 5578 5662 5663
f 5579 5663 5664
f 5580 5664 5665
f 5581 5665 5666
f 5582 5666 5667
f 5583 5667 5668
f 5584 5668 5669
f 5585 5669 5670
f 5586 5670 5671
f 5587 5671 5672
f 5588 5672 5673
f 5589 5673 5674
f 5590 5674 5675
f 5591 5675 5676
f 5592 5676 5677
f 5593 5677 5678
f 5594 5678 5679
f 5595 5679 5680
f 5596 5680 5681
f 5597 5681 5682
f 5598 5682 5683
f 5599 5683 5684
f 5600 5684 5685
f 5601 5685 5686
f 5602 5686 5687
f 5603 5687 5688
f 5604 5688 5689
f 5605 5689 5690
f 5606 5690 5691
f 5607 5691 5692
f 5608 5692 5693
f 5609 5693 5694
f 5610 5694 5695
f 5611 5695 5696
f 5612 5696 5697
f 5613 5697 5698
f 5614 5698 5699
f 5615 5699 5700
f 5616 5700 5701
f 5617 5701 5702
f 5618 5702 5703
f 5619 5703 5704
f 5620 5704 5705
f 5621 5705 5706
f 5622 5706 5707
f 5623 5707 5708
f 5624 5708 5709
f 5625 5709 5710
f 5626 5710 5711
f 5627 5711 5712
f 5628 5712 5629
f 5629 5714 5630
f 5630 5715 5631
f 5631 5716 5632
f 5632 5717 5633
f 5633 5718 5634
f 5634 5719 5635
f 5635 5720 5636
f 5636 5721 5637
f 5637 5722 5638
f 5638 5723 5639
f 5639 5724 5640
f 5640 5725 5641
f 5641 5726 5642
f 5642 5727 5643
f 5643 5728 5644
f 5644 5729 5645
f 5645 5730 5646
f 5646 5731 5647
f 5647 5732 5648
f 5648 5733 5649
f 5649 5734 5650
f 5650 5735 5651
f 5651 5736 5652
f 5652 5737 5653
f 5653 5738 5654
f 5654 5739 5655
f 5655 5740 5656
f 5656 5741 5657
f 5657 5742 5658
f 5658 5743 5659
f 5659 5744 5660
f 5660 5745 5661
f 5661 5746 5662
f 5662 5747 5663
f 5663 5748 5664
f 5664 5749 5665
f 5665 5750 5666
f 5666 5751 5667
f 5667 5752 5668
f 5668 5753 5669
f 5669 5754 5670
f 5670 5755 5671
f 5671 5756 5672
f 5672 5757 5673
f 5673 5758 5674
f 5674 5759 5675
f 5675 5760 5676
f 5676 5761 5677
f 5677 5762 5678
f 5678 5763 5679
f 5679 5764 5680
f 5680 5765 5681
f 5681 5766 5682
f 5682 5767 5683
f 5683 5768 5684
f 5684 5769 5685
f 5685 5770 5686
f 5686 5771 5687
f 5687 5772 5688
f 5688 5773 5689
f 5689 5774 5690
f 5690 5775 5691
f 5691 5776 5692
f 5692 5777 5693
f 5693 5778 5694
f 5694 5779 5695
f 5695 5780 5696
f 5696 5781 5697
f 5697 5782 5698
f 5698 5783 5699
f 5699 5784 5700
f 5700 5785 5701
f 5701 5786 5702
f 5702 5787 5703
f 5703 5788 5704
f 5704 5789 5705
f 5705 5790 5706
f 5706 5791 5707
f 5707 5792 5708
f 5708 5793 5709
f 5709 5794 5710
f 5710 5795 5711
f 5711 5796 5712
f 5712 5713 5629
f 5629 5713 5714
f 5630 5714 5715
f 5631 5715 5716
f 5632 5716 5717
f 5633 5717 5718
f 5634 5718 5719
f 5635 5719 5720
f 5636 5720 5721
f 5637 5721 5722
f 5638 5722 5723
f 5639 5723 5724
f 5640 5724 5725
f 5641 5725 5726
f 5642 5726 5727
f 5643 5727 5728
f 5644 5728 5729
f 5645 5729 5730
f 5646 5730 5731
f 5647 5731 5732
f 5648 5732 5733
f 5649 5733 5734
f 5650 5734 5735
f 5651 5735 5736
f 5652 5736 5737
f 5653 5737 5738
f 5654 5738 5739
f 5655 5739 5740
f 5656 5740 5741
f 5657 5741 5742
f 5658 5742 5743
f 5659 5743 5744
f 5660 5744 5745
f 5661 5745 5746
f 5662 5746 5747
f 5663 5747 5748
f 5664 5748 5749
f 5665 5749 5750
f 5666 5750 5751
f 5667 5751 5752
f 5668 5752 5753
f 5669 5753 5754
f 5670 5754 5755
f 5671 5755 5756
f 5672 5756 5757
f 5673 5757 5758
f 5674 5758 5759
f 5675 5759 5760
f 5676 5760 5761
f 5677 5761 5762
f 5678 5762 5763
f 5679 5763 5764
f 5680 5764 5765
f 5681 5765 5766
f 5682 5766 5767
f 5683 5767 5768
f 5684 5768 5769
f 5685 5769 5770
f 5686 5770 5771
f 5687 5771 5772
f 5688 5772 5773
f 5689 5773 5774
f 5690 5774 5775
f 5691 5775 5776
f 5692 5776 5777
f 5693 5777 5778
f 5694 5778 5779
f 5695 5779 5780
f 5696 5780 5781
f 5697 5781 5782
f 5698 5782 5783
f 5699 5783 5784
f 5700 5784 5785
f 5701 5785 5786
f 5702 5786 5787
f 5703 5787 5788
f 5704 5788 5789
f 5705 5789 5790
f 5706 5790 5791
f 5707 5791 5792
f 5708 5792 5793
f 5709 5793 5794
f 5710 5794 5795
f 5711 5795 5796
f 5712 5796 5713
f 5713 5798 5714
f 5714 5799 5715
f 5715 5800 5716
f 5716 5801 5717
f 5717 5802 5718
f 5718 5803 5719
f 5719 5804 5720
f 5720 5805 5721
f 5721 5806 5722
f 5722 5807 5723
f 5723 5808 5724
f 5724 5809 5725
f 5725 5810 5726
f 5726 5811 5727
f 5727 5812 5728
f 5728 5813 5729
f 5729 5814 5730
f 5730 5815 5731
f 5731 5816 5732
f 5732 5817 5733
f 5733 5818 5734
f 5734 5819 5735
f 5735 5820 5736
f 5736 5821 5737
f 5737 5822 5738
f 5738 5823 5739
f 5739 5824 5740
f 5740 5825 5741
f 5741 5826 5742
f 5742 5827 5743
f 5743 5828 5744
f 5744 5829 5745
f 5745 5830 5746
f 5746 5831 5747
f 5747 5832 5748
f 5748 5833 5749
f 5749 5834 5750
f 5750 5835 5751
f 5751 5836 5752
f 5752 5837 5753
f 5753 5838 5754
f 5754 5839 5755
f 5755 5840 5756
f 5756 5841 5757
f 5757 5842 5758
f 5758 5843 5759
f 5759 5844 5760
f 5760 5845 5761
f 5761 5846 5762
f 5762 5847 5763
f 5763 5848 5764
f 5764 5849 5765
f 5765 5850 5766
f 5766 5851 5767
f 5767 5852 5768
f 5768 5853 5769
f 5769 5854 5770
f 5770 5855 5771
f 5771 5856 5772
f 5772 5857 5773
f 5773 5858 5774
f 5774 5859 5775
f 5775 5860 5776
f 5776 5861 5777
f 5777 5862 5778
f 5778 5863 5779
f 5779 5864 5780
f 5780 5865 5781
f 5781 5866 5782
f 5782 5867 5783
f 5783 5868 5784
f 5784 5869 5785
f 5785 5870 5786
f 5786 5871 5787
f 5787 5872 5788
f 5788 5873 5789
f 5789 5874 5790
f 5790 5875 5791
f 5791 5876 5792
f 5792 5877 5793
f 5793 5878 5794
f 5794 5879 5795
f 5795 5880 5796
f 5796 5797 5713
f 5713 5797 5798
f 5714 5798 5799
f 5715 5799 5800
f 5716 5800 5801
f 5717 5801 5802
f 5718 5802 5803
f 5719 5803 5804
f 5720 5804 5805
f 5721 5805 5806
f 5722 5806 5807
f 5723 5807 5808
f 5724 5808 5809
f 5725 5809 5810
f 5726 5810 5811
f 5727 5811 5812
f 5728 5812 5813
f 5729 5813 5814
f 5730 5814 5815
f 5731 5815 5816
f 5732 5816 5817
f 5733 5817 5818
f 5734 5818 5819
f 5735 5819 5820
f 5736 5820 5821
f 5737 5821 5822
f 5738 5822 5823
f 5739 5823 5824
f 5740 5824 5825
f 5741 5825 5826
f 5742 5826 5827
f 5743 5827 5828
f 5744 5828 5829
f 5745 5829 5830
f 5746 5830 5831
f 5747 5831 5832
f 5748 5832 5833
f 5749 5833 5834
f 5750 5834 5835
f 5751 5835 5836
f 5752 5836 5837
f 5753 5837 5838
f 5754 5838 5839
f 5755 5839 5840
f 5756 5840 5841
f 5757 5841 5842
f 5758 5842 5843
f 5759 5843 5844
f 5760 5844 5845
f 5761 5845 5846
f 5762 5846 5847
f 5763 5847 5848
f 5764 5848 5849
f 5765 5849 5850
f 5766 5850 5851
f 5767 5851 5852
f 5768 5852 5853
f 5769 5853 5854
f 5770 5854 5855
f 5771 5855 5856
f 5772 5856 5857
f 5773 5857 5858
f 5774 5858 5859
f 5775 5859 5860
f 5776 5860 5861
f 5777 5861 5862
f 5778 5862 5863
f 5779 5863 5864
f 5780 5864 5865
f 5781 5865 5866
f 5782 5866 5867
f 5783 5867 5868
f 5784 5868 5869
f 5785 5869 5870
f 5786 5870 5871
f 5787 5871 5872
f 5788 5872 5873
f 5789 5873 5874
f 5790 5874 5875
f 5791 5875 5876
f 5792 5876 5877
f 5793 5877 5878
f 5794 5878 5879
f 5795 5879 5880
f 5796 5880 5797
f 5797 5882 5798
f 5798 5883 5799
f 5799 5884 5800
f 5800 5885 5801
f 5801 5886 5802
f 5802 5887 5803
f 5803 5888 5804
f 5804 5889 5805
f 5805 5890 5806
f 5806 5891 5807
f 5807 5892 5808
f 5808 5893 5809
f 5809 5894 5810
f 5810 5895 5811
f 5811 5896 5812
f 5812 5897 5813
f 5813 5898 5814
f 5814 5899 5815
f 5815 5900 5816
f 5816 5901 5817
f 5817 5902 5818
f 5818 5903 5819
f 5819 5904 5820
f 5820 5905 5821
f 5821 5906 5822
f 5822 5907 5823
f 5823 5908 5824
f 5824 5909 5825
f 5825 5910 5826
f 5826 5911 5827
f 5827 5912 5828
f 5828 5913 5829
f 5829 5914 5830
f 5830 5915 5831
f 5831 5916 5832
f 5832 5917 5833
f 5833 5918 5834
f 5834 5919 5835
f 5835 5920 5836
f 5836 5921 5837
f 5837 5922 5838
f 5838 5923 5839
f 5839 5924 5840
f 5840 5925 5841
f 5841 5926 5842
f 5842 5927 5843
f 5843 5928 5844
f 5844 5929 5845
f 5845 5930 5846
f 5846 5931 5847
f 5847 5932 5848
f 5848 5933 5849
f 5849 5934 5850
f 5850 5935 5851
f 5851 5936 5852
f 5852 5937 5853
f 5853 5938 5854
f 5854 5939 5855
f 5855 5940 5856
f 5856 5941 5857
f 5857 5942 5858
f 5858 5943 5859
f 5859 5944 5860
f 5860 5945 5861
f 5861 5946 5862
f 5862 5947 5863
f 5863 5948 5864
f 5864 5949 5865
f 5865 5950 5866
f 5866 5951 5867
f 5867 5952 5868
f 5868 5953 5869
f 5869 5954 5870
f 5870 5955 5871
f 5871 5956 5872
f 5872 5957 5873
f 5873 5958 5874
f 5874 5959 5875
f 5875 5960 5876
f 5876 5961 5877
f 5877 5962 5878
f 5878 5963 5879
f 5879 5964 5880
f 5880 5881 5797
f 5797 5881 5882
f 5798 5882 5883
f 5799 5883 5884
f 5800 5884 5885
f 5801 5885 5886
f 5802 5886 5887
f 5803 5887 5888
f 5804 5888 5889
f 5805 5889 5890
f 5806 5890 5891
f 5807 5891 5892
f 5808 5892 5893
f 5809 5893 5894
f 5810 5894 5895
f 5811 5895 5896
f 5812 5896 5897
f 5813 5897 5898
f 5814 5898 5899
f 5815 5899 5900
f 5816 5900 5901
f 5817 5901 5902
f 5818 5902 5903
f 5819 5903 5904
f 5820 5904 5905
f 5821 5905 5906
f 5822 5906 5907
f 5823 5907 5908
f 5824 5908 5909
f 5825 5909 5910
f 5826 5910 5911
f 5827 5911 5912
f 5828 5912 5913
f 5829 5913 5914
f 5830 5914 5915
f 5831 5915 5916
f 5832 5916 5917
f 5833 5917 5918
f 5834 5918 5919
f 5835 5919 5920
f 5836 5920 5921
f 5837 5921 5922
f 5838 5922 5923
f 5839 5923 5924
f 5840 5924 5925
f 5841 5925 5926
f 5842 5926 5927
f 5843 5927 5928
f 5844 5928 5929
f 5845 5929 5930
f 5846 5930 5931
f 5847 5931 5932
f 5848 5932 5933
f 5849 5933 5934
f 5850 5934 5935
f 5851 5935 5936
f 5852 5936 5937
f 5853 5937 5938
f 5854 5938 5939
f 5855 5939 5940
f 5856 5940 5941
f 5857 5941 5942
f 5858 5942 5943
f 5859 5943 5944
f 5860 5944 5945
f 5861 5945 5946
f 5862 5946 5947
f 5863 5947 5948
f 5864 5948 5949
f 5865 5949 5950
f 5866 5950 5951
f 5867 5951 5952
f 5868 5952 5953
f 5869 5953 5954
f 5870 5954 5955
f 5871 5955 5956
f 5872 5956 5957
f 5873 5957 5958
f 5874 5958 5959
f 5875 5959 5960
f 5876 5960 5961
f 5877 5961 5962
f 5878 5962 5963
f 5879 5963 5964
f 5880 5964 5881
f 5881 5966 5882
f 5882 5967 5883
f 5883 5968 5884
f 5884 5969 5885
f 5885 5970 5886
f 5886 5971 5887
f 5887 5972 5888
f 5888 5973 5889
f 5889 5974 5890
f 5890 5975 5891
f 5891 5976 5892
f 5892 5977 5893
f 5893 5978 5894
f 5894 5979 5895
f 5895 5980 5896
f 5896 5981 5897
f 5897 5982 5898
f 5898 5983 5899
f 5899 5984 5900
f 5900 5985 5901
f 5901 5986 5902
f 5902 5987 5903
f 5903 5988 5904
f 5904 5989 5905
f 5905 5990 5906
f 5906 5991 5907
f 5907 5992 5908
f 5908 5993 5909
f 5909 5994 5910
f 5910 5995 5911
f 5911 5996 5912
f 5912 5997 5913
f 5913 5998 5914
f 5914 5999 5915
f 5915 6000 5916
f 5916 6001 5917
f 5917 6002 5918
f 5918 6003 5919
f 5919 6004 5920
f 5920 6005 5921
f 5921 6006 5922
f 5922 6007 5923
f 5923 6008 5924
f 5924 6009 5925
f 5925 6010 5926
f 5926 6011 5927
f 5927 6012 5928
f 5928 6013 5929
f 5929 6014 5930
f 5930 6015 5931
f 5931 6016 5932
f 5932 6017 5933
f 5933 6018 5934
f 5934 6019 5935
f 5935 6020 5936
f 5936 6021 5937
f 5937 6022 5938
f 5938 6023 5939
f 5939 6024 5940
f 5940 6025 5941
f 5941 6026 5942
f 5942 6027 5943
f 5943 6028 5944
f 5944 6029 5945
f 5945 6030 5946
f 5946 6031 5947
f 5947 6032 5948
f 5948 6033 5949
f 5949 6034 5950
f 5950 6035 5951
f 5951 6036 5952
f 5952 6037 5953
f 5953 6038 5954
f 5954 6039 5955
f 5955 6040 5956
f 5956 6041 5957
f 5957 6042 5958
f 5958 6043 5959
f 5959 6044 5960
f 5960 6045 5961
f 5961 6046 5962
f 5962 6047 5963
f 5963 6048 5964
f 5964 5965 5881
f 5881 5965 5966
f 5882 5966 5967
f 5883 5967 5968
f 5884 5968 5969
f 5885 5969 5970
f 5886 5970 5971
f 5887 5971 5972
f 5888 5972 5973
f 5889 5973 5974
f 5890 5974 5975
f 5891 5975 5976
f 5892 5976 5977
f 5893 5977 5978
f 5894 5978 5979
f 5895 5979 5980
f 5896 5980 5981
f 5897 5981 5982
f 5898 5982 5983
f 5899 5983 5984
f 5900 5984 5985
f 5901 5985 5986
f 5902 5986 5987
f 5903 5987 5988
f 5904 5988 5989
f 5905 5989 5990
f 5906 5990 5991
f 5907 5991 5992
f 5908 5992 5993
f 5909 5993 5994
f 5910 5994 5995
f 5911 5995 5996
f 5912 5996 5997
f 5913 5997 5998
f 5914 5998 5999
f 5915 5999 6000
f 5916 6000 6001
f 5917 6001 6002
f 5918 6002 6003
f 5919 6003 6004
f 5920 6004 6005
f 5921 6005 6006
f 5922 6006 6007
f 5923 6007 6008
f 5924 6008 6009
f 5925 6009 6010
f 5926 6010 6011
f 5927 6011 6012
f 5928 6012 6013
f 5929 6013 6014
f 5930 6014 6015
f 5931 6015 6016
f 5932 6016 6017
f 5933 6017 6018
f 5934 6018 6019
f 5935 6019 6020
f 5936 6020 6021
f 5937 6021 6022
f 5938 6022 6023
f 5939 6023 6024
f 5940 6024 6025
f 5941 6025 6026
f 5942 6026 6027
f 5943 6027 6028
f 5944 6028 6029
f 5945 6029 6030
f 5946 6030 6031
f 5947 6031 6032
f 5948 6032 6033
f 5949 6033 6034
f 5950 6034 6035
f 5951 6035 6036
f 5952 6036 6037
f 5953 6037 6038
f 5954 6038 6039
f 5955 6039 6040
f 5956 6040 6041
f 5957 6041 6042
f 5958 6042 6043
f 5959 6043 6044
f 5960 6044 6045
f 5961 6045 6046
f 5962 6046 6047
f 5963 6047 6048
f 5964 6048 5965
f 5965 6050 5966
f 5966 6051 5967
f 5967 6052 5968
f 5968 6053 5969
f 5969 6054 5970
f 5970 6055 5971
f 5971 6056 5972
f 5972 6057 5973
f 5973 6058 5974
f 5974 6059 5975
f 5975 6060 5976
f 5976 6061 5977
f 5977 6062 5978
f 5978 6063 5979
f 5979 6064 5980
f 5980 6065 5981
f 5981 6066 5982
f 5982 6067 5983
f 5983 6068 5984
f 5984 6069 5985
f 5985 6070 5986
f 5986 6071 5987
f 5987 6072 5988
f 5988 6073 5989
f 5989 6074 5990
f 5990 6075 5991
f 5991 6076 5992
f 5992 6077 5993
f 5993 6078 5994
f 5994 6079 5995
f 5995 6080 5996
f 5996 6081 5997
f 5997 6082 5998
f 5998 6083 5999
f 5999 6084 6000
f 6000 6085 6001
f 6001 6086 6002
f 6002 6087 6003
f 6003 6088 6004
f 6004 6089 6005
f 6005 6090 6006
f 6006 6091 6007
f 6007 6092 6008
f 6008 6093 6009
f 6009 6094 6010
f 6010 6095 6011
f 6011 6096 6012
f 6012 6097 6013
f 6013 6098 6014
f 6014 6099 6015
f 6015 6100 6016
f 6016 6101 6017
f 6017 6102 6018
f 6018 6103 6019
f 6019 6104 6020
f 6020 6105 6021
f 6021 6106 6022
f 6022 6107 6023
f 6023 6108 6024
f 6024 6109 6025
f 6025 6110 6026
f 6026 6111 6027
f 6027 6112 6028
f 6028 6113 6029
f 6029 6114 6030
f 6030 6115 6031
f 6031 6116 6032
f 6032 6117 6033
f 6033 6118 6034
f 6034 6119 6035
f 6035 6120 6036
f 6036 6121 6037
f 6037 6122 6038
f 6038 6123 6039
f 6039 6124 6040
f 6040 6125 6041
f 6041 6126 6042
f 6042 6127 6043
f 6043 6128 6044
f 6044 6129 6045
f 6045 6130 6046
f 6046 6131 6047
f 6047 6132 6048
f 6048 6049 5965
f 5965 6049 6050
f 5966 6050 6051
f 5967 6051 6052
f 5968 6052 6053
f 5969 6053 6054
f 5970 6054 6055
f 5971 6055 6056
f 5972 6056 6057
f 5973 6057 6058
f 5974 6058 6059
f 5975 6059 6060
f 5976 6060 6061
f 5977 6061 6062
f 5978 6062 6063
f 5979 6063 6064
f 5980 6064 6065
f 5981 6065 6066
f 5982 6066 6067
f 5983 6067 6068
f 5984 6068 6069
f 5985 6069 6070
f 5986 6070 6071
f 5987 6071 6072
f 5988 6072 6073
f 5989 6073 6074
f 5990 6074 6075
f 5991 6075 6076
f 5992 6076 6077
f 5993 6077 6078
f 5994 6078 6079
f 5995 6079 6080
f 5996 6080 6081
f 5997 6081 6082
f 5998 6082 6083
f 5999 6083 6084
f 6000 6084 6085
f 6001 6085 6086
f 6002 6086 6087
f 6003 6087 6088
f 6004 6088 6089
f 6005 6089 6090
f 6006 6090 6091
f 6007 6091 6092
f 6008 6092 6093
f 6009 6093 6094
f 6010 6094 6095
f 6011 6095 6096
f 6012 6096 6097
f 6013 6097 6098
f 6014 6098 6099
f 6015 6099 6100
f 6016 6100 6101
f 6017 6101 6102
f 6018 6102 6103
f 6019 6103 6104
f 6020 6104 6105
f 6021 6105 6106
f 6022 6106 6107
f 6023 6107 6108
f 6024 6108 6109
f 6025 6109 6110
f 6026 6110 6111
f 6027 6111 6112
f 6028 6112 6113
f 6029 6113 6114
f 6030 6114 6115
f 6031 6115 6116
f 6032 6116 6117
f 6033 6117 6118
f 6034 6118 6119
f 6035 6119 6120
f 6036 6120 6121
f 6037 6121 6122
f 6038 6122 6123
f 6039 6123 6124
f 6040 6124 6125
f 6041 6125 6126
f 6042 6126 6127
f 6043 6127 6128
f 6044 6128 6129
f 6045 6129 6130
f 6046 6130 6131
f 6047 6131 6132
f 6048 6132 6049
f 6049 6134 6050
f 6050 6135 6051
f 6051 6136 6052
f 6052 6137 6053
f 6053 6138 6054
f 6054 6139 6055
f 6055 6140 6056
f 6056 6141 6057
f 6057 6142 6058
f 6058 6143 6059
f 6059 6144 6060
f 6060 6145 6061
f 6061 6146 6062
f 6062 6147 6063
f 6063 6148 6064
f 6064 6149 6065
f 6065 6150 6066
f 6066 6151 6067
f 6067 6152 6068
f 6068 6153 6069
f 6069 6154 6070
f 6070 6155 6071
f 6071 6156 6072
f 6072 6157 6073
f 6073 6158 6074
f 6074 6159 6075
f 6075 6160 6076
f 6076 6161 6077
f 6077 6162 6078
f 6078 6163 6079
f 6079 6164 6080
f 6080 6165 6081
f 6081 6166 6082
f 6082 6167 6083
f 6083 6168 6084
f 6084 6169 6085
f 6085 6170 6086
f 6086 6171 6087
f 6087 6172 6088
f 6088 6173 6089
f 6089 6174 6090
f 6090 6175 6091
f 6091 6176 6092
f 6092 6177 6093
f 6093 6178 6094
f 6094 6179 6095
f 6095 6180 6096
f 6096 6181 6097
f 6097 6182 6098
f 6098 6183 6099
f 6099 6184 6100
f 6100 6185 6101
f 6101 6186 6102
f 6102 6187 6103
f 6103 6188 6104
f 6104 6189 6105
f 6105 6190 6106
f 6106 6191 6107
f 6107 6192 6108
f 6108 6193 6109
f 6109 6194 6110
f 6110 6195 6111
f 6111 6196 6112
f 6112 6197 6113
f 6113 6198 6114
f 6114 6199 6115
f 6115 6200 6116
f 6116 6201 6117
f 6117 6202 6118
f 6118 6203 6119
f 6119 6204 6120
f 6120 6205 6121
f 6121 6206 6122
f 6122 6207 6123
f 6123 6208 6124
f 6124 6209 6125
f 6125 6210 6126
f 6126 6211 6127
f 6127 6212 6128
f 6128 6213 6129
f 6129 6214 6130
f 6130 6215 6131
f 6131 6216 6132
f 6132 6133 6049
f 6049 6133 6134
f 6050 6134 6135
f 6051 6135 6136
f 6052 6136 6137
f 6053 6137 6138
f 6054 6138 6139
f 6055 6139 6140
f 6056 6140 6141
f 6057 6141 6142
f 6058 6142 6143
f 6059 6143 6144
f 6060 6144 6145
f 6061 6145 6146
f 6062 6146 6147
f 6063 6147 6148
f 6064 6148 6149
f 6065 6149 6150
f 6066 6150 6151
f 6067 6151 6152
f 6068 6152 6153
f 6069 6153 6154
f 6070 6154 6155
f 6071 6155 6156
f 6072 6156 6157
f 6073 6157 6158
f 6074 6158 6159
f 6075 6159 6160
f 6076 6160 6161
f 6077 6161 6162
f 6078 6162 6163
f 6079 6163 6164
f 6080 6164 6165
f 6081 6165 6166
f 6082 6166 6167
f 6083 6167 6168
f 6084 6168 6169
f 6085 6169 6170
f 6086 6170 6171
f 6087 6171 6172
f 6088 6172 6173
f 6089 6173 6174
f 6090 6174 6175
f 6091 6175 6176
f 6092 6176 6177
f 6093 6177 6178
f 6094 6178 6179
f 6095 6179 6180
f 6096 6180 6181
f 6097 6181 6182
f 6098 6182 6183
f 6099 6183 6184
f 6100 6184 6185
f 6101 6185 6186
f 6102 6186 6187
f 6103 6187 6188
f 6104 6188 6189
f 6105 6189 6190
f 6106 6190 6191
f 6107 6191 6192
f 6108 6192 6193
f 6109 6193 6194
f 6110 6194 6195
f 6111 6195 6196
f 6112 6196 6197
f 6113 6197 6198
f 6114 6198 6199
f 6115 6199 6200
f 6116 6200 6201
f 6117 6201 6202
f 6118 6202 6203
f 6119 6203 6204
f 6120 6204 6205
f 6121 6205 6206
f 6122 6206 6207
f 6123 6207 6208
f 6124 6208 6209
f 6125 6209 6210
f 6126 6210 6211
f 6127 6211 6212
f 6128 6212 6213
f 6129 6213 6214
f 6130 6214 6215
f 6131 6215 6216
f 6132 6216 6133
f 6133 6218 6134
f 6134 6219 6135
f 6135 6220 6136
f 6136 6221 6137
f 6137 6222 6138
f 6138 6223 6139
f 6139 6224 6140
f 6140 6225 6141
f 6141 6226 6142
f 6142 6227 6143
f 6143 6228 6144
f 6144 6229 6145
f 6145 6230 6146
f 6146 6231 6147
f 6147 6232 6148
f 6148 6233 6149
f 6149 6234 6150
f 6150 6235 6151
f 6151 6236 6152
f 6152 6237 6153
f 6153 6238 6154
f 6154 6239 6155
f 6155 6240 6156
f 6156 6241 6157
f 6157 6242 6158
f 6158 6243 6159
f 6159 6244 6160
f 6160 6245 6161
f 6161 6246 6162
f 6162 6247 6163
f 6163 6248 6164
f 6164 6249 6165
f 6165 6250 6166
f 6166 6251 6167
f 6167 6252 6168
f 6168 6253 6169
f 6169 6254 6170
f 6170 6255 6171
f 6171 6256 6172
f 6172 6257 6173
f 6173 6258 6174
f 6174 6259 6175
f 6175 6260 6176
f 6176 6261 6177
f 6177 6262 6178
f 6178 6263 6179
f 6179 6264 6180
f 6180 6265 6181
f 6181 6266 6182
f 6182 6267 6183
f 6183 6268 6184
f 6184 6269 6185
f 6185 6270 6186
f 6186 6271 6187
f 6187 6272 6188
f 6188 6273 6189
f 6189 6274 6190
f 6190 6275 6191
f 6191 6276 6192
f 6192 6277 6193
f 6193 6278 6194
f 6194 6279 6195
f 6195 6280 6196
f 6196 6281 6197
f 6197 6282 6198
f 6198 6283 6199
f 6199 6284 6200
f 6200 6285 6201
f 6201 6286 6202
f 6202 6287 6203
f 6203 6288 6204
f 6204 6289 6205
f 6205 6290 6206
f 6206 6291 6207
f 6207 6292 6208
f 6208 6293 6209
f 6209 6294 6210
f 6210 6295 6211
f 6211 6296 6212
f 6212 6297 6213
f 6213 6298 6214
f 6214 6299 6215
f 6215 6300 6216
f 6216 6217 6133
f 6133 6217 6218
f 6134 6218 6219
f 6135 6219 6220
f 6136 6220 6221
f 6137 6221 6222
f 6138 6222 6223
f 6139 6223 6224
f 6140 6224 6225
f 6141 6225 6226
f 6142 6226 6227
f 6143 6227 6228
f 6144 6228 6229
f 6145 6229 6230
f 6146 6230 6231
f 6147 6231 6232
f 6148 6232 6233
f 6149 6233 6234
f 6150 6234 6235
f 6151 6235 6236
f 6152 6236 6237
f 6153 6237 6238
f 6154 6238 6239
f 6155 6239 6240
f 6156 6240 6241
f 6157 6241 6242
f 6158 6242 6243
f 6159 6243 6244
f 6160 6244 6245
f 6161 6245 6246
f 6162 6246 6247
f 6163 6247 6248
f 6164 6248 6249
f 6165 6249 6250
f 6166 6250 6251
f 6167 6251 6252
f 6168 6252 6253
f 6169 6253 6254
f 6170 6254 6255
f 6171 6255 6256
f 6172 6256 6257
f 6173 6257 6258
f 6174 6258 6259
f 6175 6259 6260
f 6176 6260 6261
f 6177 6261 6262
f 6178 6262 6263
f 6179 6263 6264
f 6180 6264 6265
f 6181 6265 6266
f 6182 6266 6267
f 6183 6267 6268
f 6184 6268 6269
f 6185 6269 6270
f 6186 6270 6271
f 6187 6271 6272
f 6188 6272 6273
f 6189 6273 6274
f 6190 6274 6275
f 6191 6275 6276
f 6192 6276 6277
f 6193 6277 6278
f 6194 6278 6279
f 6195 6279 6280
f 6196 6280 6281
f 6197 6281 6282
f 6198 6282 6283
f 6199 6283 6284
f 6200 6284 6285
f 6201 6285 6286
f 6202 6286 6287
f 6203 6287 6288
f 6204 6288 6289
f 6205 6289 6290
f 6206 6290 6291
f 6207 6291 6292
f 6208 6292 6293
f 6209 6293 6294
f 6210 6294 6295
f 6211 6295 6296
f 6212 6296 6297
f 6213 6297 6298
f 6214 6298 6299
f 6215 6299 6300
f 6216 6300 6217
f 6217 6302 6218
f 6218 6303 6219
f 6219 6304 6220
f 6220 6305 6221
f 6221 6306 6222
f 6222 6307 6223
f 6223 6308 6224
f 6224 6309 6225
f 6225 6310 6226
f 6226 6311 6227
f 6227 6312 6228
f 6228 6313 6229
f 6229 6314 6230
f 6230 6315 6231
f 6231 6316 6232
f 6232 6317 6233
f 6233 6318 6234
f 6234 6319 6235
f 6235 6320 6236
f 6236 6321 6237
f 6237 6322 6238
f 6238 6323 6239
f 6239 6324 6240
f 6240 6325 6241
f 6241 6326 6242
f 6242 6327 6243
f 6243 6328 6244
f 6244 6329 6245
f 6245 6330 6246
f 6246 6331 6247
f 6247 6332 6248
f 6248 6333 6249
f 6249 6334 6250
f 6250 6335 6251
f 6251 6336 6252
f 6252 6337 6253
f 6253 6338 6254
f 6254 6339 6255
f 6255 6340 6256
f 6256 6341 6257
f 6257 6342 6258
f 6258 6343 6259
f 6259 6344 6260
f 6260 6345 6261
f 6261 6346 6262
f 6262 6347 6263
f 6263 6348 6264
f 6264 6349 6265
f 6265 6350 6266
f 6266 6351 6267
f 6267 6352 6268
f 6268 6353 6269
f 6269 6354 6270
f 6270 6355 6271
f 6271 6356 6272
f 6272 6357 6273
f 6273 6358 6274
f 6274 6359 6275
f 6275 6360 6276
f 6276 6361 6277
f 6277 6362 6278
f 6278 6363 6279
f 6279 6364 6280
f 6280 6365 6281
f 6281 6366 6282
f 6282 6367 6283
f 6283 6368 6284
f 6284 6369 6285
f 6285 6370 6286
f 6286 6371 6287
f 6287 6372 6288
f 6288 6373 6289
f 6289 6374 6290
f 6290 6375 6291
f 6291 6376 6292
f 6292 6377 6293
f 6293 6378 6294
f 6294 6379 6295
f 6295 6380 6296
f 6296 6381 6297
f 6297 6382 6298
f 6298 6383 6299
f 6299 6384 6300
f 6300 6301 6217
f 6217 6301 6302
f 6218 6302 6303
f 6219 6303 6304
f 6220 6304 6305
f 6221 6305 6306
f 6222 6306 6307
f 6223 6307 6308
f 6224 6308 6309
f 6225 6309 6310
f 6226 6310 6311
f 6227 6311 6312
f 6228 6312 6313
f 6229 6313 6314
f 6230 6314 6315
f 6231 6315 6316
f 6232 6316 6317
f 6233 6317 6318
f 6234 6318 6319
f 6235 6319 6320
f 6236 6320 6321
f 6237 6321 6322
f 6238 6322 6323
f 6239 6323 6324
f 6240 6324 6325
f 6241 6325 6326
f 6242 6326 6327
f 6243 6327 6328
f 6244 6328 6329
f 6245 6329 6330
f 6246 6330 6331
f 6247 6331 6332
f 6248 6332 6333
f 6249 6333 6334
f 6250 6334 6335
f 6251 6335 6336
f 6252 6336 6337
f 6253 6337 6338
f 6254 6338 6339
f 6255 6339 6340
f 6256 6340 6341
f 6257 6341 6342
f 6258 6342 6343
f 6259 6343 6344
f 6260 6344 6345
f 6261 6345 6346
f 6262 6346 6347
f 6263 6347 6348
f 6264 6348 6349
f 6265 6349 6350
f 6266 6350 6351
f 6267 6351 6352
f 6268 6352 6353
f 6269 6353 6354
f 6270 6354 6355
f 6271 6355 6356
f 6272 6356 6357
f 6273 6357 6358
f 6274 6358 6359
f 6275 6359 6360
f 6276 6360 6361
f 6277 6361 6362
f 6278 6362 6363
f 6279 6363 6364
f 6280 6364 6365
f 6281 6365 6366
f 6282 6366 6367
f 6283 6367 6368
f 6284 6368 6369
f 6285 6369 6370
f 6286 6370 6371
f 6287 6371 6372
f 6288 6372 6373
f 6289 6373 6374
f 6290 6374 6375
f 6291 6375 6376
f 6292 6376 6377
f 6293 6377 6378
f 6294 6378 6379
f 6295 6379 6380
f 6296 6380 6381
f 6297 6381 6382
f 6298 6382 6383
f 6299 6383 6384
f 6300 6384 6301
f 6301 6386 6302
f 6302 6387 6303
f 6303 6388 6304
f 6304 6389 6305
f 6305 6390 6306
f 6306 6391 6307
f 6307 6392 6308
f 6308 6393 6309
f 6309 6394 6310
f 6310 6395 6311
f 6311 6396 6312
f 6312 6397 6313
f 6313 6398 6314
f 6314 6399 6315
f 6315 6400 6316
f 6316 6401 6317
f 6317 6402 6318
f 6318 6403 6319
f 6319 6404 6320
f 6320 6405 6321
f 6321 6406 6322
f 6322 6407 6323
f 6323 6408 6324
f 6324 6409 6325
f 6325 6410 6326
f 6326 6411 6327
f 6327 6412 6328
f 6328 6413 6329
f 6329 6414 6330
f 6330 6415 6331
f 6331 6416 6332
f 6332 6417 6333
f 6333 6418 6334
f 6334 6419 6335
f 6335 6420 6336
f 6336 6421 6337
f 6337 6422 6338
f 6338 6423 6339
f 6339 6424 6340
f 6340 6425 6341
f 6341 6426 6342
f 6342 6427 6343
f 6343 6428 6344
f 6344 6429 6345
f 6345 6430 6346
f 6346 6431 6347
f 6347 6432 6348
f 6348 6433 6349
f 6349 6434 6350
f 6350 6435 6351
f 6351 6436 6352
f 6352 6437 6353
f 6353 6438 6354
f 6354 6439 6355
f 6355 6440 6356
f 6356 6441 6357
f 6357 6442 6358
f 6358 6443 6359
f 6359 6444 6360
f 6360 6445 6361
f 6361 6446 6362
f 6362 6447 6363
f 6363 6448 6364
f 6364 6449 6365
f 6365 6450 6366
f 6366 6451 6367
f 6367 6452 6368
f 6368 6453 6369
f 6369 6454 6370
f 6370 6455 6371
f 6371 6456 6372
f 6372 6457 6373
f 6373 6458 6374
f 6374 6459 6375
f 6375 6460 6376
f 6376 6461 6377
f 6377 6462 6378
f 6378 6463 6379
f 6379 6464 6380
f 6380 6465 6381
f 6381 6466 6382
f 6382 6467 6383
f 6383 6468 6384
f 6384 6385 6301
f 6301 6385 6386
f 6302 6386 6387
f 6303 6387 6388
f 6304 6388 6389
f 6305 6389 6390
f 6306 6390 6391
f 6307 6391 6392
f 6308 6392 6393
f 6309 6393 6394
f 6310 6394 6395
f 6311 6395 6396
f 6312 6396 6397
f 6313 6397 6398
f 6314 6398 6399
f 6315 6399 6400
f 6316 6400 6401
f 6317 6401 6402
f 6318 6402 6403
f 6319 6403 6404
f 6320 6404 6405
f 6321 6405 6406
f 6322 6406 6407
f 6323 6407 6408
f 6324 6408 6409
f 6325 6409 6410
f 6326 6410 6411
f 6327 6411 6412
f 6328 6412 6413
f 6329 6413 6414
f 6330 6414 6415
f 6331 6415 6416
f 6332 6416 6417
f 6333 6417 6418
f 6334 6418 6419
f 6335 6419 6420
f 6336 6420 6421
f 6337 6421 6422
f 6338 6422 6423
f 6339 6423 6424
f 6340 6424 6425
f 6341 6425 6426
f 6342 6426 6427
f 6343 6427 6428
f 6344 6428 6429
f 6345 6429 6430
f 6346 6430 6431
f 6347 6431 6432
f 6348 6432 6433
f 6349 6433 6434
f 6350 6434 6435
f 6351 6435 6436
f 6352 6436 6437
f 6353 6437 6438
f 6354 6438 6439
f 6355 6439 6440
f 6356 6440 6441
f 6357 6441 6442
f 6358 6442 6443
f 6359 6443 6444
f 6360 6444 6445
f 6361 6445 6446
f 6362 6446 6447
f 6363 6447 6448
f 6364 6448 6449
f 6365 6449 6450
f 6366 6450 6451
f 6367 6451 6452
f 6368 6452 6453
f 6369 6453 6454
f 6370 6454 6455
f 6371 6455 6456
f 6372 6456 6457
f 6373 6457 6458
f 6374 6458 6459
f 6375 6459 6460
f 6376 6460 6461
f 6377 6461 6462
f 6378 6462 6463
f 6379 6463 6464
f 6380 6464 6465
f 6381 6465 6466
f 6382 6466 6467
f 6383 6467 6468
f 6384 6468 6385
f 6385 6470 6386
f 6386 6471 6387
f 6387 6472 6388
f 6388 6473 6389
f 6389 6474 6390
f 6390 6475 6391
f 6391 6476 6392
f 6392 6477 6393
f 6393 6478 6394
f 6394 6479 6395
f 6395 6480 6396
f 6396 6481 6397
f 6397 6482 6398
f 6398 6483 6399
f 6399 6484 6400
f 6400 6485 6401
f 6401 6486 6402
f 6402 6487 6403
f 6403 6488 6404
f 6404 6489 6405
f 6405 6490 6406
f 6406 6491 6407
f 6407 6492 6408
f 6408 6493 6409
f 6409 6494 6410
f 6410 6495 6411
f 6411 6496 6412
f 6412 6497 6413
f 6413 6498 6414
f 6414 6499 6415
f 6415 6500 6416
f 6416 6501 6417
f 6417 6502 6418
f 6418 6503 6419
f 6419 6504 6420
f 6420 6505 6421
f 6421 6506 6422
f 6422 6507 6423
f 6423 6508 6424
f 6424 6509 6425
f 6425 6510 6426
f 6426 6511 6427
f 6427 6512 6428
f 6428 6513 6429
f 6429 6514 6430
f 6430 6515 6431
f 6431 6516 6432
f 6432 6517 6433
f 6433 6518 6434
f 6434 6519 6435
f 6435 6520 6436
f 6436 6521 6437
f 6437 6522 6438
f 6438 6523 6439
f 6439 6524 6440
f 6440 6525 6441
f 6441 6526 6442
f 6442 6527 6443
f 6443 6528 6444
f 6444 6529 6445
f 6445 6530 6446
f 6446 6531 6447
f 6447 6532 6448
f 6448 6533 6449
f 6449 6534 6450
f 6450 6535 6451
f 6451 6536 6452
f 6452 6537 6453
f 6453 6538 6454
f 6454 6539 6455
f 6455 6540 6456
f 6456 6541 6457
f 6457 6542 6458
f 6458 6543 6459
f 6459 6544 6460
f 6460 6545 6461
f 6461 6546 6462
f 6462 6547 6463
f 6463 6548 6464
f 6464 6549 6465
f 6465 6550 6466
f 6466 6551 6467
f 6467 6552 6468
f 6468 6469 6385
f 6385 6469 6470
f 6386 6470 6471
f 6387 6471 6472
f 6388 6472 6473
f 6389 6473 6474
f 6390 6474 6475
f 6391 6475 6476
f 6392 6476 6477
f 6393 6477 6478
f 6394 6478 6479
f 6395 6479 6480
f 6396 6480 6481
f 6397 6481 6482
f 6398 6482 6483
f 6399 6483 6484
f 6400 6484 6485
f 6401 6485 6486
f 6402 6486 6487
f 6403 6487 6488
f 6404 6488 6489
f 6405 6489 6490
f 6406 6490 6491
f 6407 6491 6492
f 6408 6492 6493
f 6409 6493 6494
f 6410 6494 6495
f 6411 6495 6496
f 6412 6496 6497
f 6413 6497 6498
f 6414 6498 6499
f 6415 6499 6500
f 6416 6500 6501
f 6417 6501 6502
f 6418 6502 6503
f 6419 6503 6504
f 6420 6504 6505
f 6421 6505 6506
f 6422 6506 6507
f 6423 6507 6508
f 6424 6508 6509
f 6425 6509 6510
f 6426 6510 6511
f 6427 6511 6512
f 6428 6512 6513
f 6429 6513 6514
f 6430 6514 6515
f 6431 6515 6516
f 6432 6516 6517
f 6433 6517 6518
f 6434 6518 6519
f 6435 6519 6520
f 6436 6520 6521
f 6437 6521 6522
f 6438 6522 6523
f 6439 6523 6524
f 6440 6524 6525
f 6441 6525 6526
f 6442 6526 6527
f 6443 6527 6528
f 6444 6528 6529
f 6445 6529 6530
f 6446 6530 6531
f 6447 6531 6532
f 6448 6532 6533
f 6449 6533 6534
f 6450 6534 6535
f 6451 6535 6536
f 6452 6536 6537
f 6453 6537 6538
f 6454 6538 6539
f 6455 6539 6540
f 6456 6540 6541
f 6457 6541 6542
f 6458 6542 6543
f 6459 6543 6544
f 6460 6544 6545
f 6461 6545 6546
f 6462 6546 6547
f 6463 6547 6548
f 6464 6548 6549
f 6465 6549 6550
f 6466 6550 6551
f 6467 6551 6552
f 6468 6552 6469
f 6469 6554 6470
f 6470 6555 6471
f 6471 6556 6472
f 6472 6557 6473
f 6473 6558 6474
f 6474 6559 6475
f 6475 6560 6476
f 6476 6561 6477
f 6477 6562 6478
f 6478 6563 6479
f 6479 6564 6480
f 6480 6565 6481
f 6481 6566 6482
f 6482 6567 6483
f 6483 6568 6484
f 6484 6569 6485
f 6485 6570 6486
f 6486 6571 6487
f 6487 6572 6488
f 6488 6573 6489
f 6489 6574 6490
f 6490 6575 6491
f 6491 6576 6492
f 6492 6577 6493
f 6493 6578 6494
f 6494 6579 6495
f 6495 6580 6496
f 6496 6581 6497
f 6497 6582 6498
f 6498 6583 6499
f 6499 6584 6500
f 6500 6585 6501
f 6501 6586 6502
f 6502 6587 6503
f 6503 6588 6504
f 6504 6589 6505
f 6505 6590 6506
f 6506 6591 6507
f 6507 6592 6508
f 6508 6593 6509
f 6509 6594 6510
f 6510 6595 6511
f 6511 6596 6512
f 6512 6597 6513
f 6513 6598 6514
f 6514 6599 6515
f 6515 6600 6516
f 6516 6601 6517
f 6517 6602 6518
f 6518 6603 6519
f 6519 6604 6520
f 6520 6605 6521
f 6521 6606 6522
f 6522 6607 6523
f 6523 6608 6524
f 6524 6609 6525
f 6525 6610 6526
f 6526 6611 6527
f 6527 6612 6528
f 6528 6613 6529
f 6529 6614 6530
f 6530 6615 6531
f 6531 6616 6532
f 6532 6617 6533
f 6533 6618 6534
f 6534 6619 6535
f 6535 6620 6536
f 6536 6621 6537
f 6537 6622 6538
f 6538 6623 6539
f 6539 6624 6540
f 6540 6625 6541
f 6541 6626 6542
f 6542 6627 6543
f 6543 6628 6544
f 6544 6629 6545
f 6545 6630 6546
f 6546 6631 6547
f 6547 6632 6548
f 6548 6633 6549
f 6549 6634 6550
f 6550 6635 6551
f 6551 6636 6552
f 6552 6553 6469
f 6469 6553 6554
f 6470 6554 6555
f 6471 6555 6556
f 6472 6556 6557
f 6473 6557 6558
f 6474 6558 6559
f 6475 6559 6560
f 6476 6560 6561
f 6477 6561 6562
f 6478 6562 6563
f 6479 6563 6564
f 6480 6564 6565
f 6481 6565 6566
f 6482 6566 6567
f 6483 6567 6568
f 6484 6568 6569
f 6485 6569 6570
f 6486 6570 6571
f 6487 6571 6572
f 6488 6572 6573
f 6489 6573 6574
f 6490 6574 6575
f 6491 6575 6576
f 6492 6576 6577
f 6493 6577 6578
f 6494 6578 6579
f 6495 6579 6580
f 6496 6580 6581
f 6497 6581 6582
f 6498 6582 6583
f 6499 6583 6584
f 6500 6584 6585
f 6501 6585 6586
f 6502 6586 6587
f 6503 6587 6588
f 6504 6588 6589
f 6505 6589 6590
f 6506 6590 6591
f 6507 6591 6592
f 6508 6592 6593
f 6509 6593 6594
f 6510 6594 6595
f 6511 6595 6596
f 6512 6596 6597
f 6513 6597 6598
f 6514 6598 6599
f 6515 6599 6600
f 6516 6600 6601
f 6517 6601 6602
f 6518 6602 6603
f 6519 6603 6604
f 6520 6604 6605
f 6521 6605 6606
f 6522 6606 6607
f 6523 6607 6608
f 6524 6608 6609
f 6525 6609 6610
f 6526 6610 6611
f 6527 6611 6612
f 6528 6612 6613
f 6529 6613 6614
f 6530 6614 6615
f 6531 6615 6616
f 6532 6616 6617
f 6533 6617 6618
f 6534 6618 6619
f 6535 6619 6620
f 6536 6620 6621
f 6537 6621 6622
f 6538 6622 6623
f 6539 6623 6624
f 6540 6624 6625
f 6541 6625 6626
f 6542 6626 6627
f 6543 6627 6628
f 6544 6628 6629
f 6545 6629 6630
f 6546 6630 6631
f 6547 6631 6632
f 6548 6632 6633
f 6549 6633 6634
f 6550 6634 6635
f 6551 6635 6636
f 6552 6636 6553
f 6553 6638 6554
f 6554 6639 6555
f 6555 6640 6556
f 6556 6641 6557
f 6557 6642 6558
f 6558 6643 6559
f 6559 6644 6560
f 6560 6645 6561
f 6561 6646 6562
f 6562 6647 6563
f 6563 6648 6564
f 6564 6649 6565
f 6565 6650 6566
f 6566 6651 6567
f 6567 6652 6568
f 6568 6653 6569
f 6569 6654 6570
f 6570 6655 6571
f 6571 6656 6572
f 6572 6657 6573
f 6573 6658 6574
f 6574 6659 6575
f 6575 6660 6576
f 6576 6661 6577
f 6577 6662 6578
f 6578 6663 6579
f 6579 6664 6580
f 6580 6665 6581
f 6581 6666 6582
f 6582 6667 6583
f 6583 6668 6584
f 6584 6669 6585
f 6585 6670 6586
f 6586 6671 6587
f 6587 6672 6588
f 6588 6673 6589
f 6589 6674 6590
f 6590 6675 6591
f 6591 6676 6592
f 6592 6677 6593
f 6593 6678 6594
f 6594 6679 6595
f 6595 6680 6596
f 6596 6681 6597
f 6597 6682 6598
f 6598 6683 6599
f 6599 6684 6600
f 6600 6685 6601
f 6601 6686 6602
f 6602 6687 6603
f 6603 6688 6604
f 6604 6689 6605
f 6605 6690 6606
f 6606 6691 6607
f 6607 6692 6608
f 6608 6693 6609
f 6609 6694 6610
f 6610 6695 6611
f 6611 6696 6612
f 6612 6697 6613
f 6613 6698 6614
f 6614 6699 6615
f 6615 6700 6616
f 6616 6701 6617
f 6617 6702 6618
f 6618 6703 6619
f 6619 6704 6620
f 6620 6705 6621
f 6621 6706 6622
f 6622 6707 6623
f 6623 6708 6624
f 6624 6709 6625
f 6625 6710 6626
f 6626 6711 6627
f 6627 6712 6628
f 6628 6713 6629
f 6629 6714 6630
f 6630 6715 6631
f 6631 6716 6632
f 6632 6717 6633
f 6633 6718 6634
f 6634 6719 6635
f 6635 6720 6636
f 6636 6637 6553
f 6553 6637 6638
f 6554 6638 6639
f 6555 6639 6640
f 6556 6640 6641
f 6557 6641 6642
f 6558 6642 6643
f 6559 6643 6644
f 6560 6644 6645
f 6561 6645 6646
f 6562 6646 6647
f 6563 6647 6648
f 6564 6648 6649
f 6565 6649 6650
f 6566 6650 6651
f 6567 6651 6652
f 6568 6652 6653
f 6569 6653 6654
f 6570 6654 6655
f 6571 6655 6656
f 6572 6656 6657
f 6573 6657 6658
f 6574 6658 6659
f 6575 6659 6660
f 6576 6660 6661
f 6577 6661 6662
f 6578 6662 6663
f 6579 6663 6664
f 6580 6664 6665
f 6581 6665 6666
f 6582 6666 6667
f 6583 6667 6668
f 6584 6668 6669
f 6585 6669 6670
f 6586 6670 6671
f 6587 6671 6672
f 6588 6672 6673
f 6589 6673 6674
f 6590 6674 6675
f 6591 6675 6676
f 6592 6676 6677
f 6593 6677 6678
f 6594 6678 6679
f 6595 6679 6680
f 6596 6680 6681
f 6597 6681 6682
f 6598 6682 6683
f 6599 6683 6684
f 6600 6684 6685
f 6601 6685 6686
f 6602 6686 6687
f 6603 6687 6688
f 6604 6688 6689
f 6605 6689 6690
f 6606 6690 6691
f 6607 6691 6692
f 6608 6692 6693
f 6609 6693 6694
f 6610 6694 6695
f 6611 6695 6696
f 6612 6696 6697
f 6613 6697 6698
f 6614 6698 6699
f 6615 6699 6700
f 6616 6700 6701
f 6617 6701 6702
f 6618 6702 6703
f 6619 6703 6704
f 6620 6704 6705
f 6621 6705 6706
f 6622 6706 6707
f 6623 6707 6708
f 6624 6708 6709
f 6625 6709 6710
f 6626 6710 6711
f 6627 6711 6712
f 6628 6712 6713
f 6629 6713 6714
f 6630 6714 6715
f 6631 6715 6716
f 6632 6716 6717
f 6633 6717 6718
f 6634 6718 6719
f 6635 6719 6720
f 6636 6720 6637
f 6637 6722 6638
f 6638 6723 6639
f 6639 6724 6640
f 6640 6725 6641
f 6641 6726 6642
f 6642 6727 6643
f 6643 6728 6644
f 6644 6729 6645
f 6645 6730 6646
f 6646 6731 6647
f 6647 6732 6648
f 6648 6733 6649
f 6649 6734 6650
f 6650 6735 6651
f 6651 6736 6652
f 6652 6737 6653
f 6653 6738 6654
f 6654 6739 6655
f 6655 6740 6656
f 6656 6741 6657
f 6657 6742 6658
f 6658 6743 6659
f 6659 6744 6660
f 6660 6745 6661
f 6661 6746 6662
f 6662 6747 6663
f 6663 6748 6664
f 6664 6749 6665
f 6665 6750 6666
f 6666 6751 6667
f 6667 6752 6668
f 6668 6753 6669
f 6669 6754 6670
f 6670 6755 6671
f 6671 6756 6672
f 6672 6757 6673
f 6673 6758 6674
f 6674 6759 6675
f 6675 6760 6676
f 6676 6761 6677
f 6677 6762 6678
f 6678 6763 6679
f 6679 6764 6680
f 6680 6765 6681
f 6681 6766 6682
f 6682 6767 6683
f 6683 6768 6684
f 6684 6769 6685
f 6685 6770 6686
f 6686 6771 6687
f 6687 6772 6688
f 6688 6773 6689
f 6689 6774 6690
f 6690 6775 6691
f 6691 6776 6692
f 6692 6777 6693
f 6693 6778 6694
f 6694 6779 6695
f 6695 6780 6696
f 6696 6781 6697
f 6697 6782 6698
f 6698 6783 6699
f 6699 6784 6700
f 6700 6785 6701
f 6701 6786 6702
f 6702 6787 6703
f 6703 6788 6704
f 6704 6789 6705
f 6705 6790 6706
f 6706 6791 6707
f 6707 6792 6708
f 6708 6793 6709
f 6709 6794 6710
f 6710 6795 6711
f 6711 6796 6712
f 6712 6797 6713
f 6713 6798 6714
f 6714 6799 6715
f 6715 6800 6716
f 6716 6801 6717
f 6717 6802 6718
f 6718 6803 6719
f 6719 6804 6720
f 6720 6721 6637
f 6637 6721 6722
f 6638 6722 6723
f 6639 6723 6724
f 6640 6724 6725
f 6641 6725 6726
f 6642 6726 6727
f 6643 6727 6728
f 6644 6728 6729
f 6645 6729 6730
f 6646 6730 6731
f 6647 6731 6732
f 6648 6732 6733
f 6649 6733 6734
f 6650 6734 6735
f 6651 6735 6736
f 6652 6736 6737
f 6653 6737 6738
f 6654 6738 6739
f 6655 6739 6740
f 6656 6740 6741
f 6657 6741 6742
f 6658 6742 6743
f 6659 6743 6744
f 6660 6744 6745
f 6661 6745 6746
f 6662 6746 6747
f 6663 6747 6748
f 6664 6748 6749
f 6665 6749 6750
f 6666 6750 6751
f 6667 6751 6752
f 6668 6752 6753
f 6669 6753 6754
f 6670 6754 6755
f 6671 6755 6756
f 6672 6756 6757
f 6673 6757 6758
f 6674 6758 6759
f 6675 6759 6760
f 6676 6760 6761
f 6677 6761 6762
f 6678 6762 6763
f 6679 6763 6764
f 6680 6764 6765
f 6681 6765 6766
f 6682 6766 6767
f 6683 6767 6768
f 6684 6768 6769
f 6685 6769 6770
f 6686 6770 6771
f 6687 6771 6772
f 6688 6772 6773
f 6689 6773 6774
f 6690 6774 6775
f 6691 6775 6776
f 6692 6776 6777
f 6693 6777 6778
f 6694 6778 6779
f 6695 6779 6780
f 6696 6780 6781
f 6697 6781 6782
f 6698 6782 6783
f 6699 6783 6784
f 6700 6784 6785
f 6701 6785 6786
f 6702 6786 6787
f 6703 6787 6788
f 6704 6788 6789
f 6705 6789 6790
f 6706 6790 6791
f 6707 6791 6792
f 6708 6792 6793
f 6709 6793 6794
f 6710 6794 6795
f 6711 6795 6796
f 6712 6796 6797
f 6713 6797 6798
f 6714 6798 6799
f 6715 6799 6800
f 6716 6800 6801
f 6717 6801 6802
f 6718 6802 6803
f 6719 6803 6804
f 6720 6804 6721
f 6721 6806 6722
f 6722 6807 6723
f 6723 6808 6724
f 6724 6809 6725
f 6725 6810 6726
f 6726 6811 6727
f 6727 6812 6728
f 6728 6813 6729
f 6729 6814 6730
f 6730 6815 6731
f 6731 6816 6732
f 6732 6817 6733
f 6733 6818 6734
f 6734 6819 6735
f 6735 6820 6736
f 6736 6821 6737
f 6737 6822 6738
f 6738 6823 6739
f 6739 6824 6740
f 6740 6825 6741
f 6741 6826 6742
f 6742 6827 6743
f 6743 6828 6744
f 6744 6829 6745
f 6745 6830 6746
f 6746 6831 6747
f 6747 6832 6748
f 6748 6833 6749
f 6749 6834 6750
f 6750 6835 6751
f 6751 6836 6752
f 6752 6837 6753
f 6753 6838 6754
f 6754 6839 6755
f 6755 6840 6756
f 6756 6841 6757
f 6757 6842 6758
f 6758 6843 6759
f 6759 6844 6760
f 6760 6845 6761
f 6761 6846 6762
f 6762 6847 6763
f 6763 6848 6764
f 6764 6849 6765
f 6765 6850 6766
f 6766 6851 6767
f 6767 6852 6768
f 6768 6853 6769
f 6769 6854 6770
f 6770 6855 6771
f 6771 6856 6772
f 6772 6857 6773
f 6773 6858 6774
f 6774 6859 6775
f 6775 6860 6776
f 6776 6861 6777
f 6777 6862 6778
f 6778 6863 6779
f 6779 6864 6780
f 6780 6865 6781
f 6781 6866 6782
f 6782 6867 6783
f 6783 6868 6784
f 6784 6869 6785
f 6785 6870 6786
f 6786 6871 6787
f 6787 6872 6788
f 6788 6873 6789
f 6789 6874 6790
f 6790 6875 6791
f 6791 6876 6792
f 6792 6877 6793
f 6793 6878 6794
f 6794 6879 6795
f 6795 6880 6796
f 6796 6881 6797
f 6797 6882 6798
f 6798 6883 6799
f 6799 6884 6800
f 6800 6885 6801
f 6801 6886 6802
f 6802 6887 6803
f 6803 6888 6804
f 6804 6805 6721
f 6721 6805 6806
f 6722 6806 6807
f 6723 6807 6808
f 6724 6808 6809
f 6725 6809 6810
f 6726 6810 6811
f 6727 6811 6812
f 6728 6812 6813
f 6729 6813 6814
f 6730 6814 6815
f 6731 6815 6816
f 6732 6816 6817
f 6733 6817 6818
f 6734 6818 6819
f 6735 6819 6820
f 6736 6820 6821
f 6737 6821 6822
f 6738 6822 6823
f 6739 6823 6824
f 6740 6824 6825
f 6741 6825 6826
f 6742 6826 6827
f 6743 6827 6828
f 6744 6828 6829
f 6745 6829 6830
f 6746 6830 6831
f 6747 6831 6832
f 6748 6832 6833
f 6749 6833 6834
f 6750 6834 6835
f 6751 6835 6836
f 6752 6836 6837
f 6753 6837 6838
f 6754 6838 6839
f 6755 6839 6840
f 6756 6840 6841
f 6757 6841 6842
f 6758 6842 6843
f 6759 6843 6844
f 6760 6844 6845
f 6761 6845 6846
f 6762 6846 6847
f 6763 6847 6848
f 6764 6848 6849
f 6765 6849 6850
f 6766 6850 6851
f 6767 6851 6852
f 6768 6852 6853
f 6769 6853 6854
f 6770 6854 6855
f 6771 6855 6856
f 6772 6856 6857
f 6773 6857 6858
f 6774 6858 6859
f 6775 6859 6860
f 6776 6860 6861
f 6777 6861 6862
f 6778 6862 6863
f 6779 6863 6864
f 6780 6864 6865
f 6781 6865 6866
f 6782 6866 6867
f 6783 6867 6868
f 6784 6868 6869
f 6785 6869 6870
f 6786 6870 6871
f 6787 6871 6872
f 6788 6872 6873
f 6789 6873 6874
f 6790 6874 6875
f 6791 6875 6876
f 6792 6876 6877
f 6793 6877 6878
f 6794 6878 6879
f 6795 6879 6880
f 6796 6880 6881
f 6797 6881 6882
f 6798 6882 6883
f 6799 6883 6884
f 6800 6884 6885
f 6801 6885 6886
f 6802 6886 6887
f 6803 6887 6888
f 6804 6888 6805
f 6805 6890 6806
f 6806 6891 6807
f 6807 6892 6808
f 6808 6893 6809
f 6809 6894 6810
f 6810 6895 6811
f 6811 6896 6812
f 6812 6897 6813
f 6813 6898 6814
f 6814 6899 6815
f 6815 6900 6816
f 6816 6901 6817
f 6817 6902 6818
f 6818 6903 6819
f 6819 6904 6820
f 6820 6905 6821
f 6821 6906 6822
f 6822 6907 6823
f 6823 6908 6824
f 6824 6909 6825
f 6825 6910 6826
f 6826 6911 6827
f 6827 6912 6828
f 6828 6913 6829
f 6829 6914 6830
f 6830 6915 6831
f 6831 6916 6832
f 6832 6917 6833
f 6833 6918 6834
f 6834 6919 6835
f 6835 6920 6836
f 6836 6921 6837
f 6837 6922 6838
f 6838 6923 6839
f 6839 6924 6840
f 6840 6925 6841
f 6841 6926 6842
f 6842 6927 6843
f 6843 6928 6844
f 6844 6929 6845
f 6845 6930 6846
f 6846 6931 6847
f 6847 6932 6848
f 6848 6933 6849
f 6849 6934 6850
f 6850 6935 6851
f 6851 6936 6852
f 6852 6937 6853
f 6853 6938 6854
f 6854 6939 6855
f 6855 6940 6856
f 6856 6941 6857
f 6857 6942 6858
f 6858 6943 6859
f 6859 6944 6860
f 6860 6945 6861
f 6861 6946 6862
f 6862 6947 6863
f 6863 6948 6864
f 6864 6949 6865
f 6865 6950 6866
f 6866 6951 6867
f 6867 6952 6868
f 6868 6953 6869
f 6869 6954 6870
f 6870 6955 6871
f 6871 6956 6872
f 6872 6957 6873
f 6873 6958 6874
f 6874 6959 6875
f 6875 6960 6876
f 6876 6961 6877
f 6877 6962 6878
f 6878 6963 6879
f 6879 6964 6880
f 6880 6965 6881
f 6881 6966 6882
f 6882 6967 6883
f 6883 6968 6884
f 6884 6969 6885
f 6885 6970 6886
f 6886 6971 6887
f 6887 6972 6888
f 6888 6889 6805
f 6805 6889 6890
f 6806 6890 6891
f 6807 6891 6892
f 6808 6892 6893
f 6809 6893 6894
f 6810 6894 6895
f 6811 6895 6896
f 6812 6896 6897
f 6813 6897 6898
f 6814 6898 6899
f 6815 6899 6900
f 6816 6900 6901
f 6817 6901 6902
f 6818 6902 6903
f 6819 6903 6904
f 6820 6904 6905
f 6821 6905 6906
f 6822 6906 6907
f 6823 6907 6908
f 6824 6908 6909
f 6825 6909 6910
f 6826 6910 6911
f 6827 6911 6912
f 6828 6912 6913
f 6829 6913 6914
f 6830 6914 6915
f 6831 6915 6916
f 6832 6916 6917
f 6833 6917 6918
f 6834 6918 6919
f 6835 6919 6920
f 6836 6920 6921
f 6837 6921 6922
f 6838 6922 6923
f 6839 6923 6924
f 6840 6924 6925
f 6841 6925 6926
f 6842 6926 6927
f 6843 6927 6928
f 6844 6928 6929
f 6845 6929 6930
f 6846 6930 6931
f 6847 6931 6932
f 6848 6932 6933
f 6849 6933 6934
f 6850 6934 6935
f 6851 6935 6936
f 6852 6936 6937
f 6853 6937 6938
f 6854 6938 6939
f 6855 6939 6940
f 6856 6940 6941
f 6857 6941 6942
f 6858 6942 6943
f 6859 6943 6944
f 6860 6944 6945
f 6861 6945 6946
f 6862 6946 6947
f 6863 6947 6948
f 6864 6948 6949
f 6865 6949 6950
f 6866 6950 6951
f 6867 6951 6952
f 6868 6952 6953
f 6869 6953 6954
f 6870 6954 6955
f 6871 6955 6956
f 6872 6956 6957
f 6873 6957 6958
f 6874 6958 6959
f 6875 6959 6960
f 6876 6960 6961
f 6877 6961 6962
f 6878 6962 6963
f 6879 6963 6964
f 6880 6964 6965
f 6881 6965 6966
f 6882 6966 6967
f 6883 6967 6968
f 6884 6968 6969
f 6885 6969 6970
f 6886 6970 6971
f 6887 6971 6972
f 6888 6972 6889
f 6889 6974 6890
f 6890 6975 6891
f 6891 6976 6892
f 6892 6977 6893
f 6893 6978 6894
f 6894 6979 6895
f 6895 6980 6896
f 6896 6981 6897
f 6897 6982 6898
f 6898 6983 6899
f 6899 6984 6900
f 6900 6985 6901
f 6901 6986 6902
f 6902 6987 6903
f 6903 6988 6904
f 6904 6989 6905
f 6905 6990 6906
f 6906 6991 6907
f 6907 6992 6908
f 6908 6993 6909
f 6909 6994 6910
f 6910 6995 6911
f 6911 6996 6912
f 6912 6997 6913
f 6913 6998 6914
f 6914 6999 6915
f 6915 7000 6916
f 6916 7001 6917
f 6917 7002 6918
f 6918 7003 6919
f 6919 7004 6920
f 6920 7005 6921
f 6921 7006 6922
f 6922 7007 6923
f 6923 7008 6924
f 6924 7009 6925
f 6925 7010 6926
f 6926 7011 6927
f 6927 7012 6928
f 6928 7013 6929
f 6929 7014 6930
f 6930 7015 6931
f 6931 7016 6932
f 6932 7017 6933
f 6933 7018 6934
f 6934 7019 6935
f 6935 7020 6936
f 6936 7021 6937
f 6937 7022 6938
f 6938 7023 6939
f 6939 7024 6940
f 6940 7025 6941
f 6941 7026 6942
f 6942 7027 6943
f 6943 7028 6944
f 6944 7029 6945
f 6945 7030 6946
f 6946 7031 6947
f 6947 7032 6948
f 6948 7033 6949
f 6949 7034 6950
f 6950 7035 6951
f 6951 7036 6952
f 6952 7037 6953
f 6953 7038 6954
f 6954 7039 6955
f 6955 7040 6956
f 6956 7041 6957
f 6957 7042 6958
f 6958 7043 6959
f 6959 7044 6960
f 6960 7045 6961
f 6961 7046 6962
f 6962 7047 6963
f 6963 7048 6964
f 6964 7049 6965
f 6965 7050 6966
f 6966 7051 6967
f 6967 7052 6968
f 6968 7053 6969
f 6969 7054 6970
f 6970 7055 6971
f 6971 7056 6972
f 6972 6973 6889
f 6889 6973 6974
f 6890 6974 6975
f 6891 6975 6976
f 6892 6976 6977
f 6893 6977 6978
f 6894 6978 6979
f 6895 6979 6980
f 6896 6980 6981
f 6897 6981 6982
f 6898 6982 6983
f 6899 6983 6984
f 6900 6984 6985
f 6901 6985 6986
f 6902 6986 6987
f 6903 6987 6988
f 6904 6988 6989
f 6905 6989 6990
f 6906 6990 6991
f 6907 6991 6992
f 6908 6992 6993
f 6909 6993 6994
f 6910 6994 6995
f 6911 6995 6996
f 6912 6996 6997
f 6913 6997 6998
f 6914 6998 6999
f 6915 6999 7000
f 6916 7000 7001
f 6917 7001 7002
f 6918 7002 7003
f 6919 7003 7004
f 6920 7004 7005
f 6921 7005 7006
f 6922 7006 7007
f 6923 7007 7008
f 6924 7008 7009
f 6925 7009 7010
f 6926 7010 7011
f 6927 7011 7012
f 6928 7012 7013
f 6929 7013 7014
f 6930 7014 7015
f 6931 7015 7016
f 6932 7016 7017
f 6933 7017 7018
f 6934 7018 7019
f 6935 7019 7020
f 6936 7020 7021
f 6937 7021 7022
f 6938 7022 7023
f 6939 7023 7024
f 6940 7024 7025
f 6941 7025 7026
f 6942 7026 7027
f 6943 7027 7028
f 6944 7028 7029
f 6945 7029 7030
f 6946 7030 7031
f 6947 7031 7032
f 6948 7032 7033
f 6949 7033 7034
f 6950 7034 7035
f 6951 7035 7036
f 6952 7036 7037
f 6953 7037 7038
f 6954 7038 7039
f 6955 7039 7040
f 6956 7040 7041
f 6957 7041 7042
f 6958 7042 7043
f 6959 7043 7044
f 6960 7044 7045
f 6961 7045 7046
f 6962 7046 7047
f 6963 7047 7048
f 6964 7048 7049
f 6965 7049 7050
f 6966 7050 7051
f 6967 7051 7052
f 6968 7052 7053
f 6969 7053 7054
f 6970 7054 7055
f 6971 7055 7056
f 6972 7056 6973
f 6973 7058 6974
f 6974 7059 6975
f 6975 7060 6976
f 6976 7061 6977
f 6977 7062 6978
f 6978 7063 6979
f 6979 7064 6980
f 6980 7065 6981
f 6981 7066 6982
f 6982 7067 6983
f 6983 7068 6984
f 6984 7069 6985
f 6985 7070 6986
f 6986 7071 6987
f 6987 7072 6988
f 6988 7073 6989
f 6989 7074 6990
f 6990 7075 6991
f 6991 7076 6992
f 6992 7077 6993
f 6993 7078 6994
f 6994 7079 6995
f 6995 7080 6996
f 6996 7081 6997
f 6997 7082 6998
f 6998 7083 6999
f 6999 7084 7000
f 7000 7085 7001
f 7001 7086 7002
f 7002 7087 7003
f 7003 7088 7004
f 7004 7089 7005
f 7005 7090 7006
f 7006 7091 7007
f 7007 7092 7008
f 7008 7093 7009
f 7009 7094 7010
f 7010 7095 7011
f 7011 7096 7012
f 7012 7097 7013
f 7013 7098 7014
f 7014 7099 7015
f 7015 7100 7016
f 7016 7101 7017
f 7017 7102 7018
f 7018 7103 7019
f 7019 7104 7020
f 7020 7105 7021
f 7021 7106 7022
f 7022 7107 7023
f 7023 7108 7024
f 7024 7109 7025
f 7025 7110 7026
f 7026 7111 7027
f 7027 7112 7028
f 7028 7113 7029
f 7029 7114 7030
f 7030 7115 7031
f 7031 7116 7032
f 7032 7117 7033
f 7033 7118 7034
f 7034 7119 7035
f 7035 7120 7036
f 7036 7121 7037
f 7037 7122 7038
f 7038 7123 7039
f 7039 7124 7040
f 7040 7125 7041
f 7041 7126 7042
f 7042 7127 7043
f 7043 7128 7044
f 7044 7129 7045
f 7045 7130 7046
f 7046 7131 7047
f 7047 7132 7048
f 7048 7133 7049
f 7049 7134 7050
f 7050 7135 7051
f 7051 7136 7052
f 7052 7137 7053
f 7053 7138 7054
f 7054 7139 7055
f 7055 7140 7056
f 7056 7057 6973
f 6973 7057 7058
f 6974 7058 7059
f 6975 7059 7060
f 6976 7060 7061
f 6977 7061 7062
f 6978 7062 7063
f 6979 7063 7064
f 6980 7064 7065
f 6981 7065 7066
f 6982 7066 7067
f 6983 7067 7068
f 6984 7068 7069
f 6985 7069 7070
f 6986 7070 7071
f 6987 7071 7072
f 6988 7072 7073
f 6989 7073 7074
f 6990 7074 7075
f 6991 7075 7076
f 6992 7076 7077
f 6993 7077 7078
f 6994 7078 7079
f 6995 7079 7080
f 6996 7080 7081
f 6997 7081 7082
f 6998 7082 7083
f 6999 7083 7084
f 7000 7084 7085
f 7001 7085 7086
f 7002 7086 7087
f 7003 7087 7088
f 7004 7088 7089
f 7005 7089 7090
f 7006 7090 7091
f 7007 7091 7092
f 7008 7092 7093
f 7009 7093 7094
f 7010 7094 7095
f 7011 7095 7096
f 7012 7096 7097
f 7013 7097 7098
f 7014 7098 7099
f 7015 7099 7100
f 7016 7100 7101
f 7017 7101 7102
f 7018 7102 7103
f 7019 7103 7104
f 7020 7104 7105
f 7021 7105 7106
f 7022 7106 7107
f 7023 7107 7108
f 7024 7108 7109
f 7025 7109 7110
f 7026 7110 7111
f 7027 7111 7112
f 7028 7112 7113
f 7029 7113 7114
f 7030 7114 7115
f 7031 7115 7116
f 7032 7116 7117
f 7033 7117 7118
f 7034 7118 7119
f 7035 7119 7120
f 7036 7120 7121
f 7037 7121 7122
f 7038 7122 7123
f 7039 7123 7124
f 7040 7124 7125
f 7041 7125 7126
f 7042 7126 7127
f 7043 7127 7128
f 7044 7128 7129
f 7045 7129 7130
f 7046 7130 7131
f 7047 7131 7132
f 7048 7132 7133
f 7049 7133 7134
f 7050 7134 7135
f 7051 7135 7136
f 7052 7136 7137
f 7053 7137 7138
f 7054 7138 7139
f 7055 7139 7140
f 7056 7140 7057
f 7057 7142 7058
f 7058 7143 7059
f 7059 7144 7060
f 7060 7145 7061
f 7061 7146 7062
f 7062 7147 7063
f 7063 7148 7064
f 7064 7149 7065
f 7065 7150 7066
f 7066 7151 7067
f 7067 7152 7068
f 7068 7153 7069
f 7069 7154 7070
f 7070 7155 7071
f 7071 7156 7072
f 7072 7157 7073
f 7073 7158 7074
f 7074 7159 7075
f 7075 7160 7076
f 7076 7161 7077
f 7077 7162 7078
f 7078 7163 7079
f 7079 7164 7080
f 7080 7165 7081
f 7081 7166 7082
f 7082 7167 7083
f 7083 7168 7084
f 7084 7169 7085
f 7085 7170 7086
f 7086 7171 7087
f 7087 7172 7088
f 7088 7173 7089
f 7089 7174 7090
f 7090 7175 7091
f 7091 7176 7092
f 7092 7177 7093
f 7093 7178 7094
f 7094 7179 7095
f 7095 7180 7096
f 7096 7181 7097
f 7097 7182 7098
f 7098 7183 7099
f 7099 7184 7100
f 7100 7185 7101
f 7101 7186 7102
f 7102 7187 7103
f 7103 7188 7104
f 7104 7189 7105
f 7105 7190 7106
f 7106 7191 7107
f 7107 7192 7108
f 7108 7193 7109
f 7109 7194 7110
f 7110 7195 7111
f 7111 7196 7112
f 7112 7197 7113
f 7113 7198 7114
f 7114 7199 7115
f 7115 7200 7116
f 7116 7201 7117
f 7117 7202 7118
f 7118 7203 7119
f 7119 7204 7120
f 7120 7205 7121
f 7121 7206 7122
f 7122 7207 7123
f 7123 7208 7124
f 7124 7209 7125
f 7125 7210 7126
f 7126 7211 7127
f 7127 7212 7128
f 7128 7213 7129
f 7129 7214 7130
f 7130 7215 7131
f 7131 7216 7132
f 7132 7217 7133
f 7133 7218 7134
f 7134 7219 7135
f 7135 7220 7136
f 7136 7221 7137
f 7137 7222 7138
f 7138 7223 7139
f 7139 7224 7140
f 7140 7141 7057
f 7057 7141 7142
f 7058 7142 7143
f 7059 7143 7144
f 7060 7144 7145
f 7061 7145 7146
f 7062 7146 7147
f 7063 7147 7148
f 7064 7148 7149
f 7065 7149 7150
f 7066 7150 7151
f 7067 7151 7152
f 7068 7152 7153
f 7069 7153 7154
f 7070 7154 7155
f 7071 7155 7156
f 7072 7156 7157
f 7073 7157 7158
f 7074 7158 7159
f 7075 7159 7160
f 7076 7160 7161
f 7077 7161 7162
f 7078 7162 7163
f 7079 7163 7164
f 7080 7164 7165
f 7081 7165 7166
f 7082 7166 7167
f 7083 7167 7168
f 7084 7168 7169
f 7085 7169 7170
f 7086 7170 7171
f 7087 7171 7172
f 7088 7172 7173
f 7089 7173 7174
f 7090 7174 7175
f 7091 7175 7176
f 7092 7176 7177
f 7093 7177 7178
f 7094 7178 7179
f 7095 7179 7180
f 7096 7180 7181
f 7097 7181 7182
f 7098 7182 7183
f 7099 7183 7184
f 7100 7184 7185
f 7101 7185 7186
f 7102 7186 7187
f 7103 7187 7188
f 7104 7188 7189
f 7105 7189 7190
f 7106 7190 7191
f 7107 7191 7192
f 7108 7192 7193
f 7109 7193 7194
f 7110 7194 7195
f 7111 7195 7196
f 7112 7196 7197
f 7113 7197 7198
f 7114 7198 7199
f 7115 7199 7200
f 7116 7200 7201
f 7117 7201 7202
f 7118 7202 7203
f 7119 7203 7204
f 7120 7204 7205
f 7121 7205 7206
f 7122 7206 7207
f 7123 7207 7208
f 7124 7208 7209
f 7125 7209 7210
f 7126 7210 7211
f 7127 7211 7212
f 7128 7212 7213
f 7129 7213 7214
f 7130 7214 7215
f 7131 7215 7216
f 7132 7216 7217
f 7133 7217 7218
f 7134 7218 7219
f 7135 7219 7220
f 7136 7220 7221
f 7137 7221 7222
f 7138 7222 7223
f 7139 7223 7224
f 7140 7224 7141
f 7141 7226 7142
f 7142 7227 7143
f 7143 7228 7144
f 7144 7229 7145
f 7145 7230 7146
f 7146 7231 7147
f 7147 7232 7148
f 7148 7233 7149
f 7149 7234 7150
f 7150 7235 7151
f 7151 7236 7152
f 7152 7237 7153
f 7153 7238 7154
f 7154 7239 7155
f 7155 7240 7156
f 7156 7241 7157
f 7157 7242 7158
f 7158 7243 7159
f 7159 7244 7160
f 7160 7245 7161
f 7161 7246 7162
f 7162 7247 7163
f 7163 7248 7164
f 7164 7249 7165
f 7165 7250 7166
f 7166 7251 7167
f 7167 7252 7168
f 7168 7253 7169
f 7169 7254 7170
f 7170 7255 7171
f 7171 7256 7172
f 7172 7257 7173
f 7173 7258 7174
f 7174 7259 7175
f 7175 7260 7176
f 7176 7261 7177
f 7177 7262 7178
f 7178 7263 7179
f 7179 7264 7180
f 7180 7265 7181
f 7181 7266 7182
f 7182 7267 7183
f 7183 7268 7184
f 7184 7269 7185
f 7185 7270 7186
f 7186 7271 7187
f 7187 7272 7188
f 7188 7273 7189
f 7189 7274 7190
f 7190 7275 7191
f 7191 7276 7192
f 7192 7277 7193
f 7193 7278 7194
f 7194 7279 7195
f 7195 7280 7196
f 7196 7281 7197
f 7197 7282 7198
f 7198 7283 7199
f 7199 7284 7200
f 7200 7285 7201
f 7201 7286 7202
f 7202 7287 7203
f 7203 7288 7204
f 7204 7289 7205
f 7205 7290 7206
f 7206 7291 7207
f 7207 7292 7208
f 7208 7293 7209
f 7209 7294 7210
f 7210 7295 7211
f 7211 7296 7212
f 7212 7297 7213
f 7213 7298 7214
f 7214 7299 7215
f 7215 7300 7216
f 7216 7301 7217
f 7217 7302 7218
f 7218 7303 7219
f 7219 7304 7220
f 7220 7305 7221
f 7221 7306 7222
f 7222 7307 7223
f 7223 7308 7224
f 7224 7225 7141
f 7141 7225 7226
f 7142 7226 7227
f 7143 7227 7228
f 7144 7228 7229
f 7145 7229 7230
f 7146 7230 7231
f 7147 7231 7232
f 7148 7232 7233
f 7149 7233 7234
f 7150 7234 7235
f 7151 7235 7236
f 7152 7236 7237
f 7153 7237 7238
f 7154 7238 7239
f 7155 7239 7240
f 7156 7240 7241
f 7157 7241 7242
f 7158 7242 7243
f 7159 7243 7244
f 7160 7244 7245
f 7161 7245 7246
f 7162 7246 7247
f 7163 7247 7248
f 7164 7248 7249
f 7165 7249 7250
f 7166 7250 7251
f 7167 7251 7252
f 7168 7252 7253
f 7169 7253 7254
f 7170 7254 7255
f 7171 7255 7256
f 7172 7256 7257
f 7173 7257 7258
f 7174 7258 7259
f 7175 7259 7260
f 7176 7260 7261
f 7177 7261 7262
f 7178 7262 7263
f 7179 7263 7264
f 7180 7264 7265
f 7181 7265 7266
f 7182 7266 7267
f 7183 7267 7268
f 7184 7268 7269
f 7185 7269 7270
f 7186 7270 7271
f 7187 7271 7272
f 7188 7272 7273
f 7189 7273 7274
f 7190 7274 7275
f 7191 7275 7276
f 7192 7276 7277
f 7193 7277 7278
f 7194 7278 7279
f 7195 7279 7280
f 7196 7280 7281
f 7197 7281 7282
f 7198 7282 7283
f 7199 7283 7284
f 7200 7284 7285
f 7201 7285 7286
f 7202 7286 7287
f 7203 7287 7288
f 7204 7288 7289
f 7205 7289 7290
f 7206 7290 7291
f 7207 7291 7292
f 7208 7292 7293
f 7209 7293 7294
f 7210 7294 7295
f 7211 7295 7296
f 7212 7296 7297
f 7213 7297 7298
f 7214 7298 7299
f 7215 7299 7300
f 7216 7300 7301
f 7217 7301 7302
f 7218 7302 7303
f 7219 7303 7304
f 7220 7304 7305
f 7221 7305 7306
f 7222 7306 7307
f 7223 7307 7308
f 7224 7308 7225
f 7225 7310 7226
f 7226 7311 7227
f 7227 7312 7228
f 7228 7313 7229
f 7229 7314 7230
f 7230 7315 7231
f 7231 7316 7232
f 7232 7317 7233
f 7233 7318 7234
f 7234 7319 7235
f 7235 7320 7236
f 7236 7321 7237
f 7237 7322 7238
f 7238 7323 7239
f 7239 7324 7240
f 7240 7325 7241
f 7241 7326 7242
f 7242 7327 7243
f 7243 7328 7244
f 7244 7329 7245
f 7245 7330 7246
f 7246 7331 7247
f 7247 7332 7248
f 7248 7333 7249
f 7249 7334 7250
f 7250 7335 7251
f 7251 7336 7252
f 7252 7337 7253
f 7253 7338 7254
f 7254 7339 7255
f 7255 7340 7256
f 7256 7341 7257
f 7257 7342 7258
f 7258 7343 7259
f 7259 7344 7260
f 7260 7345 7261
f 7261 7346 7262
f 7262 7347 7263
f 7263 7348 7264
f 7264 7349 7265
f 7265 7350 7266
f 7266 7351 7267
f 7267 7352 7268
f 7268 7353 7269
f 7269 7354 7270
f 7270 7355 7271
f 7271 7356 7272
f 7272 7357 7273
f 7273 7358 7274
f 7274 7359 7275
f 7275 7360 7276
f 7276 7361 7277
f 7277 7362 7278
f 7278 7363 7279
f 7279 7364 7280
f 7280 7365 7281
f 7281 7366 7282
f 7282 7367 7283
f 7283 7368 7284
f 7284 7369 7285
f 7285 7370 7286
f 7286 7371 7287
f 7287 7372 7288
f 7288 7373 7289
f 7289 7374 7290
f 7290 7375 7291
f 7291 7376 7292
f 7292 7377 7293
f 7293 7378 7294
f 7294 7379 7295
f 7295 7380 7296
f 7296 7381 7297
f 7297 7382 7298
f 7298 7383 7299
f 7299 7384 7300
f 7300 7385 7301
f 7301 7386 7302
f 7302 7387 7303
f 7303 7388 7304
f 7304 7389 7305
f 7305 7390 7306
f 7306 7391 7307
f 7307 7392 7308
f 7308 7309 7225
f 7225 7309 7310
f 7226 7310 7311
f 7227 7311 7312
f 7228 7312 7313
f 7229 7313 7314
f 7230 7314 7315
f 7231 7315 7316
f 7232 7316 7317
f 7233 7317 7318
f 7234 7318 7319
f 7235 7319 7320
f 7236 7320 7321
f 7237 7321 7322
f 7238 7322 7323
f 7239 7323 7324
f 7240 7324 7325
f 7241 7325 7326
f 7242 7326 7327
f 7243 7327 7328
f 7244 7328 7329
f 7245 7329 7330
f 7246 7330 7331
f 7247 7331 7332
f 7248 7332 7333
f 7249 7333 7334
f 7250 7334 7335
f 7251 7335 7336
f 7252 7336 7337
f 7253 7337 7338
f 7254 7338 7339
f 7255 7339 7340
f 7256 7340 7341
f 7257 7341 7342
f 7258 7342 7343
f 7259 7343 7344
f 7260 7344 7345
f 7261 7345 7346
f 7262 7346 7347
f 7263 7347 7348
f 7264 7348 7349
f 7265 7349 7350
f 7266 7350 7351
f 7267 7351 7352
f 7268 7352 7353
f 7269 7353 7354
f 7270 7354 7355
f 7271 7355 7356
f 7272 7356 7357
f 7273 7357 7358
f 7274 7358 7359
f 7275 7359 7360
f 7276 7360 7361
f 7277 7361 7362
f 7278 7362 7363
f 7279 7363 7364
f 7280 7364 7365
f 7281 7365 7366
f 7282 7366 7367
f 7283 7367 7368
f 7284 7368 7369
f 7285 7369 7370
f 7286 7370 7371
f 7287 7371 7372
f 7288 7372 7373
f 7289 7373 7374
f 7290 7374 7375
f 7291 7375 7376
f 7292 7376 7377
f 7293 7377 7378
f 7294 7378 7379
f 7295 7379 7380
f 7296 7380 7381
f 7297 7381 7382
f 7298 7382 7383
f 7299 7383 7384
f 7300 7384 7385
f 7301 7385 7386
f 7302 7386 7387
f 7303 7387 7388
f 7304 7388 7389
f 7305 7389 7390
f 7306 7390 7391
f 7307 7391 7392
f 7308 7392 7309
f 7309 7394 7310
f 7310 7395 7311
f 7311 7396 7312
f 7312 7397 7313
f 7313 7398 7314
f 7314 7399 7315
f 7315 7400 7316
f 7316 7401 7317
f 7317 7402 7318
f 7318 7403 7319
f 7319 7404 7320
f 7320 7405 7321
f 7321 7406 7322
f 7322 7407 7323
f 7323 7408 7324
f 7324 7409 7325
f 7325 7410 7326
f 7326 7411 7327
f 7327 7412 7328
f 7328 7413 7329
f 7329 7414 7330
f 7330 7415 7331
f 7331 7416 7332
f 7332 7417 7333
f 7333 7418 7334
f 7334 7419 7335
f 7335 7420 7336
f 7336 7421 7337
f 7337 7422 7338
f 7338 7423 7339
f 7339 7424 7340
f 7340 7425 7341
f 7341 7426 7342
f 7342 7427 7343
f 7343 7428 7344
f 7344 7429 7345
f 7345 7430 7346
f 7346 7431 7347
f 7347 7432 7348
f 7348 7433 7349
f 7349 7434 7350
f 7350 7435 7351
f 7351 7436 7352
f 7352 7437 7353
f 7353 7438 7354
f 7354 7439 7355
f 7355 7440 7356
f 7356 7441 7357
f 7357 7442 7358
f 7358 7443 7359
f 7359 7444 7360
f 7360 7445 7361
f 7361 7446 7362
f 7362 7447 7363
f 7363 7448 7364
f 7364 7449 7365
f 7365 7450 7366
f 7366 7451 7367
f 7367 7452 7368
f 7368 7453 7369
f 7369 7454 7370
f 7370 7455 7371
f 7371 7456 7372
f 7372 7457 7373
f 7373 7458 7374
f 7374 7459 7375
f 7375 7460 7376
f 7376 7461 7377
f 7377 7462 7378
f 7378 7463 7379
f 7379 7464 7380
f 7380 7465 7381
f 7381 7466 7382
f 7382 7467 7383
f 7383 7468 7384
f 7384 7469 7385
f 7385 7470 7386
f 7386 7471 7387
f 7387 7472 7388
f 7388 7473 7389
f 7389 7474 7390
f 7390 7475 7391
f 7391 7476 7392
f 7392 7393 7309
f 7309 7393 7394
f 7310 7394 7395
f 7311 7395 7396
f 7312 7396 7397
f 7313 7397 7398
f 7314 7398 7399
f 7315 7399 7400
f 7316 7400 7401
f 7317 7401 7402
f 7318 7402 7403
f 7319 7403 7404
f 7320 7404 7405
f 7321 7405 7406
f 7322 7406 7407
f 7323 7407 7408
f 7324 7408 7409
f 7325 7409 7410
f 7326 7410 7411
f 7327 7411 7412
f 7328 7412 7413
f 7329 7413 7414
f 7330 7414 7415
f 7331 7415 7416
f 7332 7416 7417
f 7333 7417 7418
f 7334 7418 7419
f 7335 7419 7420
f 7336 7420 7421
f 7337 7421 7422
f 7338 7422 7423
f 7339 7423 7424
f 7340 7424 7425
f 7341 7425 7426
f 7342 7426 7427
f 7343 7427 7428
f 7344 7428 7429
f 7345 7429 7430
f 7346 7430 7431
f 7347 7431 7432
f 7348 7432 7433
f 7349 7433 7434
f 7350 7434 7435
f 7351 7435 7436
f 7352 7436 7437
f 7353 7437 7438
f 7354 7438 7439
f 7355 7439 7440
f 7356 7440 7441
f 7357 7441 7442
f 7358 7442 7443
f 7359 7443 7444
f 7360 7444 7445
f 7361 7445 7446
f 7362 7446 7447
f 7363 7447 7448
f 7364 7448 7449
f 7365 7449 7450
f 7366 7450 7451
f 7367 7451 7452
f 7368 7452 7453
f 7369 7453 7454
f 7370 7454 7455
f 7371 7455 7456
f 7372 7456 7457
f 7373 7457 7458
f 7374 7458 7459
f 7375 7459 7460
f 7376 7460 7461
f 7377 7461 7462
f 7378 7462 7463
f 7379 7463 7464
f 7380 7464 7465
f 7381 7465 7466
f 7382 7466 7467
f 7383 7467 7468
f 7384 7468 7469
f 7385 7469 7470
f 7386 7470 7471
f 7387 7471 7472
f 7388 7472 7473
f 7389 7473 7474
f 7390 7474 7475
f 7391 7475 7476
f 7392 7476 7393
f 7393 7478 7394
f 7394 7479 7395
f 7395 7480 7396
f 7396 7481 7397
f 7397 7482 7398
f 7398 7483 7399
f 7399 7484 7400
f 7400 7485 7401
f 7401 7486 7402
f 7402 7487 7403
f 7403 7488 7404
f 7404 7489 7405
f 7405 7490 7406
f 7406 7491 7407
f 7407 7492 7408
f 7408 7493 7409
f 7409 7494 7410
f 7410 7495 7411
f 7411 7496 7412
f 7412 7497 7413
f 7413 7498 7414
f 7414 7499 7415
f 7415 7500 7416
f 7416 7501 7417
f 7417 7502 7418
f 7418 7503 7419
f 7419 7504 7420
f 7420 7505 7421
f 7421 7506 7422
f 7422 7507 7423
f 7423 7508 7424
f 7424 7509 7425
f 7425 7510 7426
f 7426 7511 7427
f 7427 7512 7428
f 7428 7513 7429
f 7429 7514 7430
f 7430 7515 7431
f 7431 7516 7432
f 7432 7517 7433
f 7433 7518 7434
f 7434 7519 7435
f 7435 7520 7436
f 7436 7521 7437
f 7437 7522 7438
f 7438 7523 7439
f 7439 7524 7440
f 7440 7525 7441
f 7441 7526 7442
f 7442 7527 7443
f 7443 7528 7444
f 7444 7529 7445
f 7445 7530 7446
f 7446 7531 7447
f 7447 7532 7448
f 7448 7533 7449
f 7449 7534 7450
f 7450 7535 7451
f 7451 7536 7452
f 7452 7537 7453
f 7453 7538 7454
f 7454 7539 7455
f 7455 7540 7456
f 7456 7541 7457
f 7457 7542 7458
f 7458 7543 7459
f 7459 7544 7460
f 7460 7545 7461
f 7461 7546 7462
f 7462 7547 7463
f 7463 7548 7464
f 7464 7549 7465
f 7465 7550 7466
f 7466 7551 7467
f 7467 7552 7468
f 7468 7553 7469
f 7469 7554 7470
f 7470 7555 7471
f 7471 7556 7472
f 7472 7557 7473
f 7473 7558 7474
f 7474 7559 7475
f 7475 7560 7476
f 7476 7477 7393
f 7393 7477 7478
f 7394 7478 7479
f 7395 7479 7480
f 7396 7480 7481
f 7397 7481 7482
f 7398 7482 7483
f 7399 7483 7484
f 7400 7484 7485
f 7401 7485 7486
f 7402 7486 7487
f 7403 7487 7488
f 7404 7488 7489
f 7405 7489 7490
f 7406 7490 7491
f 7407 7491 7492
f 7408 7492 7493
f 7409 7493 7494
f 7410 7494 7495
f 7411 7495 7496
f 7412 7496 7497
f 7413 7497 7498
f 7414 7498 7499
f 7415 7499 7500
f 7416 7500 7501
f 7417 7501 7502
f 7418 7502 7503
f 7419 7503 7504
f 7420 7504 7505
f 7421 7505 7506
f 7422 7506 7507
f 7423 7507 7508
f 7424 7508 7509
f 7425 7509 7510
f 7426 7510 7511
f 7427 7511 7512
f 7428 7512 7513
f 7429 7513 7514
f 7430 7514 7515
f 7431 7515 7516
f 7432 7516 7517
f 7433 7517 7518
f 7434 7518 7519
f 7435 7519 7520
f 7436 7520 7521
f 7437 7521 7522
f 7438 7522 7523
f 7439 7523 7524
f 7440 7524 7525
f 7441 7525 7526
f 7442 7526 7527
f 7443 7527 7528
f 7444 7528 7529
f 7445 7529 7530
f 7446 7530 7531
f 7447 7531 7532
f 7448 7532 7533
f 7449 7533 7534
f 7450 7534 7535
f 7451 7535 7536
f 7452 7536 7537
f 7453 7537 7538
f 7454 7538 7539
f 7455 7539 7540
f 7456 7540 7541
f 7457 7541 7542
f 7458 7542 7543
f 7459 7543 7544
f 7460 7544 7545
f 7461 7545 7546
f 7462 7546 7547
f 7463 7547 7548
f 7464 7548 7549
f 7465 7549 7550
f 7466 7550 7551
f 7467 7551 7552
f 7468 7552 7553
f 7469 7553 7554
f 7470 7554 7555
f 7471 7555 7556
f 7472 7556 7557
f 7473 7557 7558
f 7474 7558 7559
f 7475 7559 7560
f 7476 7560 7477
f 7477 7562 7478
f 7478 7563 7479
f 7479 7564 7480
f 7480 7565 7481
f 7481 7566 7482
f 7482 7567 7483
f 7483 7568 7484
f 7484 7569 7485
f 7485 7570 7486
f 7486 7571 7487
f 7487 7572 7488
f 7488 7573 7489
f 7489 7574 7490
f 7490 7575 7491
f 7491 7576 7492
f 7492 7577 7493
f 7493 7578 7494
f 7494 7579 7495
f 7495 7580 7496
f 7496 7581 7497
f 7497 7582 7498
f 7498 7583 7499
f 7499 7584 7500
f 7500 7585 7501
f 7501 7586 7502
f 7502 7587 7503
f 7503 7588 7504
f 7504 7589 7505
f 7505 7590 7506
f 7506 7591 7507
f 7507 7592 7508
f 7508 7593 7509
f 7509 7594 7510
f 7510 7595 7511
f 7511 7596 7512
f 7512 7597 7513
f 7513 7598 7514
f 7514 7599 7515
f 7515 7600 7516
f 7516 7601 7517
f 7517 7602 7518
f 7518 7603 7519
f 7519 7604 7520
f 7520 7605 7521
f 7521 7606 7522
f 7522 7607 7523
f 7523 7608 7524
f 7524 7609 7525
f 7525 7610 7526
f 7526 7611 7527
f 7527 7612 7528
f 7528 7613 7529
f 7529 7614 7530
f 7530 7615 7531
f 7531 7616 7532
f 7532 7617 7533
f 7533 7618 7534
f 7534 7619 7535
f 7535 7620 7536
f 7536 7621 7537
f 7537 7622 7538
f 7538 7623 7539
f 7539 7624 7540
f 7540 7625 7541
f 7541 7626 7542
f 7542 7627 7543
f 7543 7628 7544
f 7544 7629 7545
f 7545 7630 7546
f 7546 7631 7547
f 7547 7632 7548
f 7548 7633 7549
f 7549 7634 7550
f 7550 7635 7551
f 7551 7636 7552
f 7552 7637 7553
f 7553 7638 7554
f 7554 7639 7555
f 7555 7640 7556
f 7556 7641 7557
f 7557 7642 7558
f 7558 7643 7559
f 7559 7644 7560
f 7560 7561 7477
f 7477 7561 7562
f 7478 7562 7563
f 7479 7563 7564
f 7480 7564 7565
f 7481 7565 7566
f 7482 7566 7567
f 7483 7567 7568
f 7484 7568 7569
f 7485 7569 7570
f 7486 7570 7571
f 7487 7571 7572
f 7488 7572 7573
f 7489 7573 7574
f 7490 7574 7575
f 7491 7575 7576
f 7492 7576 7577
f 7493 7577 7578
f 7494 7578 7579
f 7495 7579 7580
f 7496 7580 7581
f 7497 7581 7582
f 7498 7582 7583
f 7499 7583 7584
f 7500 7584 7585
f 7501 7585 7586
f 7502 7586 7587
f 7503 7587 7588
f 7504 7588 7589
f 7505 7589 7590
f 7506 7590 7591
f 7507 7591 7592
f 7508 7592 7593
f 7509 7593 7594
f 7510 7594 7595
f 7511 7595 7596
f 7512 7596 7597
f 7513 7597 7598
f 7514 7598 7599
f 7515 7599 7600
f 7516 7600 7601
f 7517 7601 7602
f 7518 7602 7603
f 7519 7603 7604
f 7520 7604 7605
f 7521 7605 7606
f 7522 7606 7607
f 7523 7607 7608
f 7524 7608 7609
f 7525 7609 7610
f 7526 7610 7611
f 7527 7611 7612
f 7528 7612 7613
f 7529 7613 7614
f 7530 7614 7615
f 7531 7615 7616
f 7532 7616 7617
f 7533 7617 7618
f 7534 7618 7619
f 7535 7619 7620
f 7536 7620 7621
f 7537 7621 7622
f 7538 7622 7623
f 7539 7623 7624
f 7540 7624 7625
f 7541 7625 7626
f 7542 7626 7627
f 7543 7627 7628
f 7544 7628 7629
f 7545 7629 7630
f 7546 7630 7631
f 7547 7631 7632
f 7548 7632 7633
f 7549 7633 7634
f 7550 7634 7635
f 7551 7635 7636
f 7552 7636 7637
f 7553 7637 7638
f 7554 7638 7639
f 7555 7639 7640
f 7556 7640 7641
f 7557 7641 7642
f 7558 7642 7643
f 7559 7643 7644
f 7560 7644 7561
f 7561 7646 7562
f 7562 7647 7563
f 7563 7648 7564
f 7564 7649 7565
f 7565 7650 7566
f 7566 7651 7567
f 7567 7652 7568
f 7568 7653 7569
f 7569 7654 7570
f 7570 7655 7571
f 7571 7656 7572
f 7572 7657 7573
f 7573 7658 7574
f 7574 7659 7575
f 7575 7660 7576
f 7576 7661 7577
f 7577 7662 7578
f 7578 7663 7579
f 7579 7664 7580
f 7580 7665 7581
f 7581 7666 7582
f 7582 7667 7583
f 7583 7668 7584
f 7584 7669 7585
f 7585 7670 7586
f 7586 7671 7587
f 7587 7672 7588
f 7588 7673 7589
f 7589 7674 7590
f 7590 7675 7591
f 7591 7676 7592
f 7592 7677 7593
f 7593 7678 7594
f 7594 7679 7595
f 7595 7680 7596
f 7596 7681 7597
f 7597 7682 7598
f 7598 7683 7599
f 7599 7684 7600
f 7600 7685 7601
f 7601 7686 7602
f 7602 7687 7603
f 7603 7688 7604
f 7604 7689 7605
f 7605 7690 7606
f 7606 7691 7607
f 7607 7692 7608
f 7608 7693 7609
f 7609 7694 7610
f 7610 7695 7611
f 7611 7696 7612
f 7612 7697 7613
f 7613 7698 7614
f 7614 7699 7615
f 7615 7700 7616
f 7616 7701 7617
f 7617 7702 7618
f 7618 7703 7619
f 7619 7704 7620
f 7620 7705 7621
f 7621 7706 7622
f 7622 7707 7623
f 7623 7708 7624
f 7624 7709 7625
f 7625 7710 7626
f 7626 7711 7627
f 7627 7712 7628
f 7628 7713 7629
f 7629 7714 7630
f 7630 7715 7631
f 7631 7716 7632
f 7632 7717 7633
f 7633 7718 7634
f 7634 7719 7635
f 7635 7720 7636
f 7636 7721 7637
f 7637 7722 7638
f 7638 7723 7639
f 7639 7724 7640
f 7640 7725 7641
f 7641 7726 7642
f 7642 7727 7643
f 7643 7728 7644
f 7644 7645 7561
f 7561 7645 7646
f 7562 7646 7647
f 7563 7647 7648
f 7564 7648 7649
f 7565 7649 7650
f 7566 7650 7651
f 7567 7651 7652
f 7568 7652 7653
f 7569 7653 7654
f 7570 7654 7655
f 7571 7655 7656
f 7572 7656 7657
f 7573 7657 7658
f 7574 7658 7659
f 7575 7659 7660
f 7576 7660 7661
f 7577 7661 7662
f 7578 7662 7663
f 7579 7663 7664
f 7580 7664 7665
f 7581 7665 7666
f 7582 7666 7667
f 7583 7667 7668
f 7584 7668 7669
f 7585 7669 7670
f 7586 7670 7671
f 7587 7671 7672
f 7588 7672 7673
f 7589 7673 7674
f 7590 7674 7675
f 7591 7675 7676
f 7592 7676 7677
f 7593 7677 7678
f 7594 7678 7679
f 7595 7679 7680
f 7596 7680 7681
f 7597 7681 7682
f 7598 7682 7683
f 7599 7683 7684
f 7600 7684 7685
f 7601 7685 7686
f 7602 7686 7687
f 7603 7687 7688
f 7604 7688 7689
f 7605 7689 7690
f 7606 7690 7691
f 7607 7691 7692
f 7608 7692 7693
f 7609 7693 7694
f 7610 7694 7695
f 7611 7695 7696
f 7612 7696 7697
f 7613 7697 7698
f 7614 7698 7699
f 7615 7699 7700
f 7616 7700 7701
f 7617 7701 7702
f 7618 7702 7703
f 7619 7703 7704
f 7620 7704 7705
f 7621 7705 7706
f 7622 7706 7707
f 7623 7707 7708
f 7624 7708 7709
f 7625 7709 7710
f 7626 7710 7711
f 7627 7711 7712
f 7628 7712 7713
f 7629 7713 7714
f 7630 7714 7715
f 7631 7715 7716
f 7632 7716 7717
f 7633 7717 7718
f 7634 7718 7719
f 7635 7719 7720
f 7636 7720 7721
f 7637 7721 7722
f 7638 7722 7723
f 7639 7723 7724
f 7640 7724 7725
f 7641 7725 7726
f 7642 7726 7727
f 7643 7727 7728
f 7644 7728 7645
f 7645 7730 7646
f 7646 7731 7647
f 7647 7732 7648
f 7648 7733 7649
f 7649 7734 7650
f 7650 7735 7651
f 7651 7736 7652
f 7652 7737 7653
f 7653 7738 7654
f 7654 7739 7655
f 7655 7740 7656
f 7656 7741 7657
f 7657 7742 7658
f 7658 7743 7659
f 7659 7744 7660
f 7660 7745 7661
f 7661 7746 7662
f 7662 7747 7663
f 7663 7748 7664
f 7664 7749 7665
f 7665 7750 7666
f 7666 7751 7667
f 7667 7752 7668
f 7668 7753 7669
f 7669 7754 7670
f 7670 7755 7671
f 7671 7756 7672
f 7672 7757 7673
f 7673 7758 7674
f 7674 7759 7675
f 7675 7760 7676
f 7676 7761 7677
f 7677 7762 7678
f 7678 7763 7679
f 7679 7764 7680
f 7680 7765 7681
f 7681 7766 7682
f 7682 7767 7683
f 7683 7768 7684
f 7684 7769 7685
f 7685 7770 7686
f 7686 7771 7687
f 7687 7772 7688
f 7688 7773 7689
f 7689 7774 7690
f 7690 7775 7691
f 7691 7776 7692
f 7692 7777 7693
f 7693 7778 7694
f 7694 7779 7695
f 7695 7780 7696
f 7696 7781 7697
f 7697 7782 7698
f 7698 7783 7699
f 7699 7784 7700
f 7700 7785 7701
f 7701 7786 7702
f 7702 7787 7703
f 7703 7788 7704
f 7704 7789 7705
f 7705 7790 7706
f 7706 7791 7707
f 7707 7792 7708
f 7708 7793 7709
f 7709 7794 7710
f 7710 7795 7711
f 7711 7796 7712
f 7712 7797 7713
f 7713 7798 7714
f 7714 7799 7715
f 7715 7800 7716
f 7716 7801 7717
f 7717 7802 7718
f 7718 7803 7719
f 7719 7804 7720
f 7720 7805 7721
f 7721 7806 7722
f 7722 7807 7723
f 7723 7808 7724
f 7724 7809 7725
f 7725 7810 7726
f 7726 7811 7727
f 7727 7812 7728
f 7728 7729 7645
f 7645 7729 7730
f 7646 7730 7731
f 7647 7731 7732
f 7648 7732 7733
f 7649 7733 7734
f 7650 7734 7735
f 7651 7735 7736
f 7652 7736 7737
f 7653 7737 7738
f 7654 7738 7739
f 7655 7739 7740
f 7656 7740 7741
f 7657 7741 7742
f 7658 7742 7743
f 7659 7743 7744
f 7660 7744 7745
f 7661 7745 7746
f 7662 7746 7747
f 7663 7747 7748
f 7664 7748 7749
f 7665 7749 7750
f 7666 7750 7751
f 7667 7751 7752
f 7668 7752 7753
f 7669 7753 7754
f 7670 7754 7755
f 7671 7755 7756
f 7672 7756 7757
f 7673 7757 7758
f 7674 7758 7759
f 7675 7759 7760
f 7676 7760 7761
f 7677 7761 7762
f 7678 7762 7763
f 7679 7763 7764
f 7680 7764 7765
f 7681 7765 7766
f 7682 7766 7767
f 7683 7767 7768
f 7684 7768 7769
f 7685 7769 7770
f 7686 7770 7771
f 7687 7771 7772
f 7688 7772 7773
f 7689 7773 7774
f 7690 7774 7775
f 7691 7775 7776
f 7692 7776 7777
f 7693 7777 7778
f 7694 7778 7779
f 7695 7779 7780
f 7696 7780 7781
f 7697 7781 7782
f 7698 7782 7783
f 7699 7783 7784
f 7700 7784 7785
f 7701 7785 7786
f 7702 7786 7787
f 7703 7787 7788
f 7704 7788 7789
f 7705 7789 7790
f 7706 7790 7791
f 7707 7791 7792
f 7708 7792 7793
f 7709 7793 7794
f 7710 7794 7795
f 7711 7795 7796
f 7712 7796 7797
f 7713 7797 7798
f 7714 7798 7799
f 7715 7799 7800
f 7716 7800 7801
f 7717 7801 7802
f 7718 7802 7803
f 7719 7803 7804
f 7720 7804 7805
f 7721 7805 7806
f 7722 7806 7807
f 7723 7807 7808
f 7724 7808 7809
f 7725 7809 7810
f 7726 7810 7811
f 7727 7811 7812
f 7728 7812 7729
f 7729 7814 7730
f 7730 7815 7731
f 7731 7816 7732
f 7732 7817 7733
f 7733 7818 7734
f 7734 7819 7735
f 7735 7820 7736
f 7736 7821 7737
f 7737 7822 7738
f 7738 7823 7739
f 7739 7824 7740
f 7740 7825 7741
f 7741 7826 7742
f 7742 7827 7743
f 7743 7828 7744
f 7744 7829 7745
f 7745 7830 7746
f 7746 7831 7747
f 7747 7832 7748
f 7748 7833 7749
f 7749 7834 7750
f 7750 7835 7751
f 7751 7836 7752
f 7752 7837 7753
f 7753 7838 7754
f 7754 7839 7755
f 7755 7840 7756
f 7756 7841 7757
f 7757 7842 7758
f 7758 7843 7759
f 7759 7844 7760
f 7760 7845 7761
f 7761 7846 7762
f 7762 7847 7763
f 7763 7848 7764
f 7764 7849 7765
f 7765 7850 7766
f 7766 7851 7767
f 7767 7852 7768
f 7768 7853 7769
f 7769 7854 7770
f 7770 7855 7771
f 7771 7856 7772
f 7772 7857 7773
f 7773 7858 7774
f 7774 7859 7775
f 7775 7860 7776
f 7776 7861 7777
f 7777 7862 7778
f 7778 7863 7779
f 7779 7864 7780
f 7780 7865 7781
f 7781 7866 7782
f 7782 7867 7783
f 7783 7868 7784
f 7784 7869 7785
f 7785 7870 7786
f 7786 7871 7787
f 7787 7872 7788
f 7788 7873 7789
f 7789 7874 7790
f 7790 7875 7791
f 7791 7876 7792
f 7792 7877 7793
f 7793 7878 7794
f 7794 7879 7795
f 7795 7880 7796
f 7796 7881 7797
f 7797 7882 7798
f 7798 7883 7799
f 7799 7884 7800
f 7800 7885 7801
f 7801 7886 7802
f 7802 7887 7803
f 7803 7888 7804
f 7804 7889 7805
f 7805 7890 7806
f 7806 7891 7807
f 7807 7892 7808
f 7808 7893 7809
f 7809 7894 7810
f 7810 7895 7811
f 7811 7896 7812
f 7812 7813 7729
f 7729 7813 7814
f 7730 7814 7815
f 7731 7815 7816
f 7732 7816 7817
f 7733 7817 7818
f 7734 7818 7819
f 7735 7819 7820
f 7736 7820 7821
f 7737 7821 7822
f 7738 7822 7823
f 7739 7823 7824
f 7740 7824 7825
f 7741 7825 7826
f 7742 7826 7827
f 7743 7827 7828
f 7744 7828 7829
f 7745 7829 7830
f 7746 7830 7831
f 7747 7831 7832
f 7748 7832 7833
f 7749 7833 7834
f 7750 7834 7835
f 7751 7835 7836
f 7752 7836 7837
f 7753 7837 7838
f 7754 7838 7839
f 7755 7839 7840
f 7756 7840 7841
f 7757 7841 7842
f 7758 7842 7843
f 7759 7843 7844
f 7760 7844 7845
f 7761 7845 7846
f 7762 7846 7847
f 7763 7847 7848
f 7764 7848 7849
f 7765 7849 7850
f 7766 7850 7851
f 7767 7851 7852
f 7768 7852 7853
f 7769 7853 7854
f 7770 7854 7855
f 7771 7855 7856
f 7772 7856 7857
f 7773 7857 7858
f 7774 7858 7859
f 7775 7859 7860
f 7776 7860 7861
f 7777 7861 7862
f 7778 7862 7863
f 7779 7863 7864
f 7780 7864 7865
f 7781 7865 7866
f 7782 7866 7867
f 7783 7867 7868
f 7784 7868 7869
f 7785 7869 7870
f 7786 7870 7871
f 7787 7871 7872
f 7788 7872 7873
f 7789 7873 7874
f 7790 7874 7875
f 7791 7875 7876
f 7792 7876 7877
f 7793 7877 7878
f 7794 7878 7879
f 7795 7879 7880
f 7796 7880 7881
f 7797 7881 7882
f 7798 7882 7883
f 7799 7883 7884
f 7800 7884 7885
f 7801 7885 7886
f 7802 7886 7887
f 7803 7887 7888
f 7804 7888 7889
f 7805 7889 7890
f 7806 7890 7891
f 7807 7891 7892
f 7808 7892 7893
f 7809 7893 7894
f 7810 7894 7895
f 7811 7895 7896
f 7812 7896 7813
f 7813 7898 7814
f 7814 7899 7815
f 7815 7900 7816
f 7816 7901 7817
f 7817 7902 7818
f 7818 7903 7819
f 7819 7904 7820
f 7820 7905 7821
f 7821 7906 7822
f 7822 7907 7823
f 7823 7908 7824
f 7824 7909 7825
f 7825 7910 7826
f 7826 7911 7827
f 7827 7912 7828
f 7828 7913 7829
f 7829 7914 7830
f 7830 7915 7831
f 7831 7916 7832
f 7832 7917 7833
f 7833 7918 7834
f 7834 7919 7835
f 7835 7920 7836
f 7836 7921 7837
f 7837 7922 7838
f 7838 7923 7839
f 7839 7924 7840
f 7840 7925 7841
f 7841 7926 7842
f 7842 7927 7843
f 7843 7928 7844
f 7844 7929 7845
f 7845 7930 7846
f 7846 7931 7847
f 7847 7932 7848
f 7848 7933 7849
f 7849 7934 7850
f 7850 7935 7851
f 7851 7936 7852
f 7852 7937 7853
f 7853 7938 7854
f 7854 7939 7855
f 7855 7940 7856
f 7856 7941 7857
f 7857 7942 7858
f 7858 7943 7859
f 7859 7944 7860
f 7860 7945 7861
f 7861 7946 7862
f 7862 7947 7863
f 7863 7948 7864
f 7864 7949 7865
f 7865 7950 7866
f 7866 7951 7867
f 7867 7952 7868
f 7868 7953 7869
f 7869 7954 7870
f 7870 7955 7871
f 7871 7956 7872
f 7872 7957 7873
f 7873 7958 7874
f 7874 7959 7875
f 7875 7960 7876
f 7876 7961 7877
f 7877 7962 7878
f 7878 7963 7879
f 7879 7964 7880
f 7880 7965 7881
f 7881 7966 7882
f 7882 7967 7883
f 7883 7968 7884
f 7884 7969 7885
f 7885 7970 7886
f 7886 7971 7887
f 7887 7972 7888
f 7888 7973 7889
f 7889 7974 7890
f 7890 7975 7891
f 7891 7976 7892
f 7892 7977 7893
f 7893 7978 7894
f 7894 7979 7895
f 7895 7980 7896
f 7896 7897 7813
f 7813 7897 7898
f 7814 7898 7899
f 7815 7899 7900
f 7816 7900 7901
f 7817 7901 7902
f 7818 7902 7903
f 7819 7903 7904
f 7820 7904 7905
f 7821 7905 7906
f 7822 7906 7907
f 7823 7907 7908
f 7824 7908 7909
f 7825 7909 7910
f 7826 7910 7911
f 7827 7911 7912
f 7828 7912 7913
f 7829 7913 7914
f 7830 7914 7915
f 7831 7915 7916
f 7832 7916 7917
f 7833 7917 7918
f 7834 7918 7919
f 7835 7919 7920
f 7836 7920 7921
f 7837 7921 7922
f 7838 7922 7923
f 7839 7923 7924
f 7840 7924 7925
f 7841 7925 7926
f 7842 7926 7927
f 7843 7927 7928
f 7844 7928 7929
f 7845 7929 7930
f 7846 7930 7931
f 7847 7931 7932
f 7848 7932 7933
f 7849 7933 7934
f 7850 7934 7935
f 7851 7935 7936
f 7852 7936 7937
f 7853 7937 7938
f 7854 7938 7939
f 7855 7939 7940
f 7856 7940 7941
f 7857 7941 7942
f 7858 7942 7943
f 7859 7943 7944
f 7860 7944 7945
f 7861 7945 7946
f 7862 7946 7947
f 7863 7947 7948
f 7864 7948 7949
f 7865 7949 7950
f 7866 7950 7951
f 7867 7951 7952
f 7868 7952 7953
f 7869 7953 7954
f 7870 7954 7955
f 7871 7955 7956
f 7872 7956 7957
f 7873 7957 7958
f 7874 7958 7959
f 7875 7959 7960
f 7876 7960 7961
f 7877 7961 7962
f 7878 7962 7963
f 7879 7963 7964
f 7880 7964 7965
f 7881 7965 7966
f 7882 7966 7967
f 7883 7967 7968
f 7884 7968 7969
f 7885 7969 7970
f 7886 7970 7971
f 7887 7971 7972
f 7888 7972 7973
f 7889 7973 7974
f 7890 7974 7975
f 7891 7975 7976
f 7892 7976 7977
f 7893 7977 7978
f 7894 7978 7979
f 7895 7979 7980
f 7896 7980 7897
f 7897 7982 7898
f 7898 7983 7899
f 7899 7984 7900
f 7900 7985 7901
f 7901 7986 7902
f 7902 7987 7903
f 7903 7988 7904
f 7904 7989 7905
f 7905 7990 7906
f 7906 7991 7907
f 7907 7992 7908
f 7908 7993 7909
f 7909 7994 7910
f 7910 7995 7911
f 7911 7996 7912
f 7912 7997 7913
f 7913 7998 7914
f 7914 7999 7915
f 7915 8000 7916
f 7916 8001 7917
f 7917 8002 7918
f 7918 8003 7919
f 7919 8004 7920
f 7920 8005 7921
f 7921 8006 7922
f 7922 8007 7923
f 7923 8008 7924
f 7924 8009 7925
f 7925 8010 7926
f 7926 8011 7927
f 7927 8012 7928
f 7928 8013 7929
f 7929 8014 7930
f 7930 8015 7931
f 7931 8016 7932
f 7932 8017 7933
f 7933 8018 7934
f 7934 8019 7935
f 7935 8020 7936
f 7936 8021 7937
f 7937 8022 7938
f 7938 8023 7939
f 7939 8024 7940
f 7940 8025 7941
f 7941 8026 7942
f 7942 8027 7943
f 7943 8028 7944
f 7944 8029 7945
f 7945 8030 7946
f 7946 8031 7947
f 7947 8032 7948
f 7948 8033 7949
f 7949 8034 7950
f 7950 8035 7951
f 7951 8036 7952
f 7952 8037 7953
f 7953 8038 7954
f 7954 8039 7955
f 7955 8040 7956
f 7956 8041 7957
f 7957 8042 7958
f 7958 8043 7959
f 7959 8044 7960
f 7960 8045 7961
f 7961 8046 7962
f 7962 8047 7963
f 7963 8048 7964
f 7964 8049 7965
f 7965 8050 7966
f 7966 8051 7967
f 7967 8052 7968
f 7968 8053 7969
f 7969 8054 7970
f 7970 8055 7971
f 7971 8056 7972
f 7972 8057 7973
f 7973 8058 7974
f 7974 8059 7975
f 7975 8060 7976
f 7976 8061 7977
f 7977 8062 7978
f 7978 8063 7979
f 7979 8064 7980
f 7980 7981 7897
f 7897 7981 7982
f 7898 7982 7983
f 7899 7983 7984
f 7900 7984 7985
f 7901 7985 7986
f 7902 7986 7987
f 7903 7987 7988
f 7904 7988 7989
f 7905 7989 7990
f 7906 7990 7991
f 7907 7991 7992
f 7908 7992 7993
f 7909 7993 7994
f 7910 7994 7995
f 7911 7995 7996
f 7912 7996 7997
f 7913 7997 7998
f 7914 7998 7999
f 7915 7999 8000
f 7916 8000 8001
f 7917 8001 8002
f 7918 8002 8003
f 7919 8003 8004
f 7920 8004 8005
f 7921 8005 8006
f 7922 8006 8007
f 7923 8007 8008
f 7924 8008 8009
f 7925 8009 8010
f 7926 8010 8011
f 7927 8011 8012
f 7928 8012 8013
f 7929 8013 8014
f 7930 8014 8015
f 7931 8015 8016
f 7932 8016 8017
f 7933 8017 8018
f 7934 8018 8019
f 7935 8019 8020
f 7936 8020 8021
f 7937 8021 8022
f 7938 8022 8023
f 7939 8023 8024
f 7940 8024 8025
f 7941 8025 8026
f 7942 8026 8027
f 7943 8027 8028
f 7944 8028 8029
f 7945 8029 8030
f 7946 8030 8031
f 7947 8031 8032
f 7948 8032 8033
f 7949 8033 8034
f 7950 8034 8035
f 7951 8035 8036
f 7952 8036 8037
f 7953 8037 8038
f 7954 8038 8039
f 7955 8039 8040
f 7956 8040 8041
f 7957 8041 8042
f 7958 8042 8043
f 7959 8043 8044
f 7960 8044 8045
f 7961 8045 8046
f 7962 8046 8047
f 7963 8047 8048
f 7964 8048 8049
f 7965 8049 8050
f 7966 8050 8051
f 7967 8051 8052
f 7968 8052 8053
f 7969 8053 8054
f 7970 8054 8055
f 7971 8055 8056
f 7972 8056 8057
f 7973 8057 8058
f 7974 8058 8059
f 7975 8059 8060
f 7976 8060 8061
f 7977 8061 8062
f 7978 8062 8063
f 7979 8063 8064
f 7980 8064 7981
f 7981 8066 7982
f 7982 8067 7983
f 7983 8068 7984
f 7984 8069 7985
f 7985 8070 7986
f 7986 8071 7987
f 7987 8072 7988
f 7988 8073 7989
f 7989 8074 7990
f 7990 8075 7991
f 7991 8076 7992
f 7992 8077 7993
f 7993 8078 7994
f 7994 8079 7995
f 7995 8080 7996
f 7996 8081 7997
f 7997 8082 7998
f 7998 8083 7999
f 7999 8084 8000
f 8000 8085 8001
f 8001 8086 8002
f 8002 8087 8003
f 8003 8088 8004
f 8004 8089 8005
f 8005 8090 8006
f 8006 8091 8007
f 8007 8092 8008
f 8008 8093 8009
f 8009 8094 8010
f 8010 8095 8011
f 8011 8096 8012
f 8012 8097 8013
f 8013 8098 8014
f 8014 8099 8015
f 8015 8100 8016
f 8016 8101 8017
f 8017 8102 8018
f 8018 8103 8019
f 8019 8104 8020
f 8020 8105 8021
f 8021 8106 8022
f 8022 8107 8023
f 8023 8108 8024
f 8024 8109 8025
f 8025 8110 8026
f 8026 8111 8027
f 8027 8112 8028
f 8028 8113 8029
f 8029 8114 8030
f 8030 8115 8031
f 8031 8116 8032
f 8032 8117 8033
f 8033 8118 8034
f 8034 8119 8035
f 8035 8120 8036
f 8036 8121 8037
f 8037 8122 8038
f 8038 8123 8039
f 8039 8124 8040
f 8040 8125 8041
f 8041 8126 8042
f 8042 8127 8043
f 8043 8128 8044
f 8044 8129 8045
f 8045 8130 8046
f 8046 8131 8047
f 8047 8132 8048
f 8048 8133 8049
f 8049 8134 8050
f 8050 8135 8051
f 8051 8136 8052
f 8052 8137 8053
f 8053 8138 8054
f 8054 8139 8055
f 8055 8140 8056
f 8056 8141 8057
f 8057 8142 8058
f 8058 8143 8059
f 8059 8144 8060
f 8060 8145 8061
f 8061 8146 8062
f 8062 8147 8063
f 8063 8148 8064
f 8064 8065 7981
f 7981 8065 8066
f 7982 8066 8067
f 7983 8067 8068
f 7984 8068 8069
f 7985 8069 8070
f 7986 8070 8071
f 7987 8071 8072
f 7988 8072 8073
f 7989 8073 8074
f 7990 8074 8075
f 7991 8075 8076
f 7992 8076 8077
f 7993 8077 8078
f 7994 8078 8079
f 7995 8079 8080
f 7996 8080 8081
f 7997 8081 8082
f 7998 8082 8083
f 7999 8083 8084
f 8000 8084 8085
f 8001 8085 8086
f 8002 8086 8087
f 8003 8087 8088
f 8004 8088 8089
f 8005 8089 8090
f 8006 8090 8091
f 8007 8091 8092
f 8008 8092 8093
f 8009 8093 8094
f 8010 8094 8095
f 8011 8095 8096
f 8012 8096 8097
f 8013 8097 8098
f 8014 8098 8099
f 8015 8099 8100
f 8016 8100 8101
f 8017 8101 8102
f 8018 8102 8103
f 8019 8103 8104
f 8020 8104 8105
f 8021 8105 8106
f 8022 8106 8107
f 8023 8107 8108
f 8024 8108 8109
f 8025 8109 8110
f 8026 8110 8111
f 8027 8111 8112
f 8028 8112 8113
f 8029 8113 8114
f 8030 8114 8115
f 8031 8115 8116
f 8032 8116 8117
f 8033 8117 8118
f 8034 8118 8119
f 8035 8119 8120
f 8036 8120 8121
f 8037 8121 8122
f 8038 8122 8123
f 8039 8123 8124
f 8040 8124 8125
f 8041 8125 8126
f 8042 8126 8127
f 8043 8127 8128
f 8044 8128 8129
f 8045 8129 8130
f 8046 8130 8131
f 8047 8131 8132
f 8048 8132 8133
f 8049 8133 8134
f 8050 8134 8135
f 8051 8135 8136
f 8052 8136 8137
f 8053 8137 8138
f 8054 8138 8139
f 8055 8139 8140
f 8056 8140 8141
f 8057 8141 8142
f 8058 8142 8143
f 8059 8143 8144
f 8060 8144 8145
f 8061 8145 8146
f 8062 8146 8147
f 8063 8147 8148
f 8064 8148 8065
f 8065 8150 8066
f 8066 8151 8067
f 8067 8152 8068
f 8068 8153 8069
f 8069 8154 8070
f 8070 8155 8071
f 8071 8156 8072
f 8072 8157 8073
f 8073 8158 8074
f 8074 8159 8075
f 8075 8160 8076
f 8076 8161 8077
f 8077 8162 8078
f 8078 8163 8079
f 8079 8164 8080
f 8080 8165 8081
f 8081 8166 8082
f 8082 8167 8083
f 8083 8168 8084
f 8084 8169 8085
f 8085 8170 8086
f 8086 8171 8087
f 8087 8172 8088
f 8088 8173 8089
f 8089 8174 8090
f 8090 8175 8091
f 8091 8176 8092
f 8092 8177 8093
f 8093 8178 8094
f 8094 8179 8095
f 8095 8180 8096
f 8096 8181 8097
f 8097 8182 8098
f 8098 8183 8099
f 8099 8184 8100
f 8100 8185 8101
f 8101 8186 8102
f 8102 8187 8103
f 8103 8188 8104
f 8104 8189 8105
f 8105 8190 8106
f 8106 8191 8107
f 8107 8192 8108
f 8108 8193 8109
f 8109 8194 8110
f 8110 8195 8111
f 8111 8196 8112
f 8112 8197 8113
f 8113 8198 8114
f 8114 8199 8115
f 8115 8200 8116
f 8116 8201 8117
f 8117 8202 8118
f 8118 8203 8119
f 8119 8204 8120
f 8120 8205 8121
f 8121 8206 8122
f 8122 8207 8123
f 8123 8208 8124
f 8124 8209 8125
f 8125 8210 8126
f 8126 8211 8127
f 8127 8212 8128
f 8128 8213 8129
f 8129 8214 8130
f 8130 8215 8131
f 8131 8216 8132
f 8132 8217 8133
f 8133 8218 8134
f 8134 8219 8135
f 8135 8220 8136
f 8136 8221 8137
f 8137 8222 8138
f 8138 8223 8139
f 8139 8224 8140
f 8140 8225 8141
f 8141 8226 8142
f 8142 8227 8143
f 8143 8228 8144
f 8144 8229 8145
f 8145 8230 8146
f 8146 8231 8147
f 8147 8232 8148
f 8148 8149 8065
f 8065 8149 8150
f 8066 8150 8151
f 8067 8151 8152
f 8068 8152 8153
f 8069 8153 8154
f 8070 8154 8155
f 8071 8155 8156
f 8072 8156 8157
f 8073 8157 8158
f 8074 8158 8159
f 8075 8159 8160
f 8076 8160 8161
f 8077 8161 8162
f 8078 8162 8163
f 8079 8163 8164
f 8080 8164 8165
f 8081 8165 8166
f 8082 8166 8167
f 8083 8167 8168
f 8084 8168 8169
f 8085 8169 8170
f 8086 8170 8171
f 8087 8171 8172
f 8088 8172 8173
f 8089 8173 8174
f 8090 8174 8175
f 8091 8175 8176
f 8092 8176 8177
f 8093 8177 8178
f 8094 8178 8179
f 8095 8179 8180
f 8096 8180 8181
f 8097 8181 8182
f 8098 8182 8183
f 8099 8183 8184
f 8100 8184 8185
f 8101 8185 8186
f 8102 8186 8187
f 8103 8187 8188
f 8104 8188 8189
f 8105 8189 8190
f 8106 8190 8191
f 8107 8191 8192
f 8108 8192 8193
f 8109 8193 8194
f 8110 8194 8195
f 8111 8195 8196
f 8112 8196 8197
f 8113 8197 8198
f 8114 8198 8199
f 8115 8199 8200
f 8116 8200 8201
f 8117 8201 8202
f 8118 8202 8203
f 8119 8203 8204
f 8120 8204 8205
f 8121 8205 8206
f 8122 8206 8207
f 8123 8207 8208
f 8124 8208 8209
f 8125 8209 8210
f 8126 8210 8211
f 8127 8211 8212
f 8128 8212 8213
f 8129 8213 8214
f 8130 8214 8215
f 8131 8215 8216
f 8132 8216 8217
f 8133 8217 8218
f 8134 8218 8219
f 8135 8219 8220
f 8136 8220 8221
f 8137 8221 8222
f 8138 8222 8223
f 8139 8223 8224
f 8140 8224 8225
f 8141 8225 8226
f 8142 8226 8227
f 8143 8227 8228
f 8144 8228 8229
f 8145 8229 8230
f 8146 8230 8231
f 8147 8231 8232
f 8148 8232 8149
f 8149 8234 8150
f 8150 8235 8151
f 8151 8236 8152
f 8152 8237 8153
f 8153 8238 8154
f 8154 8239 8155
f 8155 8240 8156
f 8156 8241 8157
f 8157 8242 8158
f 8158 8243 8159
f 8159 8244 8160
f 8160 8245 8161
f 8161 8246 8162
f 8162 8247 8163
f 8163 8248 8164
f 8164 8249 8165
f 8165 8250 8166
f 8166 8251 8167
f 8167 8252 8168
f 8168 8253 8169
f 8169 8254 8170
f 8170 8255 8171
f 8171 8256 8172
f 8172 8257 8173
f 8173 8258 8174
f 8174 8259 8175
f 8175 8260 8176
f 8176 8261 8177
f 8177 8262 8178
f 8178 8263 8179
f 8179 8264 8180
f 8180 8265 8181
f 8181 8266 8182
f 8182 8267 8183
f 8183 8268 8184
f 8184 8269 8185
f 8185 8270 8186
f 8186 8271 8187
f 8187 8272 8188
f 8188 8273 8189
f 8189 8274 8190
f 8190 8275 8191
f 8191 8276 8192
f 8192 8277 8193
f 8193 8278 8194
f 8194 8279 8195
f 8195 8280 8196
f 8196 8281 8197
f 8197 8282 8198
f 8198 8283 8199
f 8199 8284 8200
f 8200 8285 8201
f 8201 8286 8202
f 8202 8287 8203
f 8203 8288 8204
f 8204 8289 8205
f 8205 8290 8206
f 8206 8291 8207
f 8207 8292 8208
f 8208 8293 8209
f 8209 8294 8210
f 8210 8295 8211
f 8211 8296 8212
f 8212 8297 8213
f 8213 8298 8214
f 8214 8299 8215
f 8215 8300 8216
f 8216 8301 8217
f 8217 8302 8218
f 8218 8303 8219
f 8219 8304 8220
f 8220 8305 8221
f 8221 8306 8222
f 8222 8307 8223
f 8223 8308 8224
f 8224 8309 8225
f 8225 8310 8226
f 8226 8311 8227
f 8227 8312 8228
f 8228 8313 8229
f 8229 8314 8230
f 8230 8315 8231
f 8231 8316 8232
f 8232 8233 8149
f 8149 8233 8234
f 8150 8234 8235
f 8151 8235 8236
f 8152 8236 8237
f 8153 8237 8238
f 8154 8238 8239
f 8155 8239 8240
f 8156 8240 8241
f 8157 8241 8242
f 8158 8242 8243
f 8159 8243 8244
f 8160 8244 8245
f 8161 8245 8246
f 8162 8246 8247
f 8163 8247 8248
f 8164 8248 8249
f 8165 8249 8250
f 8166 8250 8251
f 8167 8251 8252
f 8168 8252 8253
f 8169 8253 8254
f 8170 8254 8255
f 8171 8255 8256
f 8172 8256 8257
f 8173 8257 8258
f 8174 8258 8259
f 8175 8259 8260
f 8176 8260 8261
f 8177 8261 8262
f 8178 8262 8263
f 8179 8263 8264
f 8180 8264 8265
f 8181 8265 8266
f 8182 8266 8267
f 8183 8267 8268
f 8184 8268 8269
f 8185 8269 8270
f 8186 8270 8271
f 8187 8271 8272
f 8188 8272 8273
f 8189 8273 8274
f 8190 8274 8275
f 8191 8275 8276
f 8192 8276 8277
f 8193 8277 8278
f 8194 8278 8279
f 8195 8279 8280
f 8196 8280 8281
f 8197 8281 8282
f 8198 8282 8283
f 8199 8283 8284
f 8200 8284 8285
f 8201 8285 8286
f 8202 8286 8287
f 8203 8287 8288
f 8204 8288 8289
f 8205 8289 8290
f 8206 8290 8291
f 8207 8291 8292
f 8208 8292 8293
f 8209 8293 8294
f 8210 8294 8295
f 8211 8295 8296
f 8212 8296 8297
f 8213 8297 8298
f 8214 8298 8299
f 8215 8299 8300
f 8216 8300 8301
f 8217 8301 8302
f 8218 8302 8303
f 8219 8303 8304
f 8220 8304 8305
f 8221 8305 8306
f 8222 8306 8307
f 8223 8307 8308
f 8224 8308 8309
f 8225 8309 8310
f 8226 8310 8311
f 8227 8311 8312
f 8228 8312 8313
f 8229 8313 8314
f 8230 8314 8315
f 8231 8315 8316
f 8232 8316 8233
f 8233 8318 8234
f 8234 8319 8235
f 8235 8320 8236
f 8236 8321 8237
f 8237 8322 8238
f 8238 8323 8239
f 8239 8324 8240
f 8240 8325 8241
f 8241 8326 8242
f 8242 8327 8243
f 8243 8328 8244
f 8244 8329 8245
f 8245 8330 8246
f 8246 8331 8247
f 8247 8332 8248
f 8248 8333 8249
f 8249 8334 8250
f 8250 8335 8251
f 8251 8336 8252
f 8252 8337 8253
f 8253 8338 8254
f 8254 8339 8255
f 8255 8340 8256
f 8256 8341 8257
f 8257 8342 8258
f 8258 8343 8259
f 8259 8344 8260
f 8260 8345 8261
f 8261 8346 8262
f 8262 8347 8263
f 8263 8348 8264
f 8264 8349 8265
f 8265 8350 8266
f 8266 8351 8267
f 8267 8352 8268
f 8268 8353 8269
f 8269 8354 8270
f 8270 8355 8271
f 8271 8356 8272
f 8272 8357 8273
f 8273 8358 8274
f 8274 8359 8275
f 8275 8360 8276
f 8276 8361 8277
f 8277 8362 8278
f 8278 8363 8279
f 8279 8364 8280
f 8280 8365 8281
f 8281 8366 8282
f 8282 8367 8283
f 8283 8368 8284
f 8284 8369 8285
f 8285 8370 8286
f 8286 8371 8287
f 8287 8372 8288
f 8288 8373 8289
f 8289 8374 8290
f 8290 8375 8291
f 8291 8376 8292
f 8292 8377 8293
f 8293 8378 8294
f 8294 8379 8295
f 8295 8380 8296
f 8296 8381 8297
f 8297 8382 8298
f 8298 8383 8299
f 8299 8384 8300
f 8300 8385 8301
f 8301 8386 8302
f 8302 8387 8303
f 8303 8388 8304
f 8304 8389 8305
f 8305 8390 8306
f 8306 8391 8307
f 8307 8392 8308
f 8308 8393 8309
f 8309 8394 8310
f 8310 8395 8311
f 8311 8396 8312
f 8312 8397 8313
f 8313 8398 8314
f 8314 8399 8315
f 8315 8400 8316
f 8316 8317 8233
f 8233 8317 8318
f 8234 8318 8319
f 8235 8319 8320
f 8236 8320 8321
f 8237 8321 8322
f 8238 8322 8323
f 8239 8323 8324
f 8240 8324 8325
f 8241 8325 8326
f 8242 8326 8327
f 8243 8327 8328
f 8244 8328 8329
f 8245 8329 8330
f 8246 8330 8331
f 8247 8331 8332
f 8248 8332 8333
f 8249 8333 8334
f 8250 8334 8335
f 8251 8335 8336
f 8252 8336 8337
f 8253 8337 8338
f 8254 8338 8339
f 8255 8339 8340
f 8256 8340 8341
f 8257 8341 8342
f 8258 8342 8343
f 8259 8343 8344
f 8260 8344 8345
f 8261 8345 8346
f 8262 8346 8347
f 8263 8347 8348
f 8264 8348 8349
f 8265 8349 8350
f 8266 8350 8351
f 8267 8351 8352
f 8268 8352 8353
f 8269 8353 8354
f 8270 8354 8355
f 8271 8355 8356
f 8272 8356 8357
f 8273 8357 8358
f 8274 8358 8359
f 8275 8359 8360
f 8276 8360 8361
f 8277 8361 8362
f 8278 8362 8363
f 8279 8363 8364
f 8280 8364 8365
f 8281 8365 8366
f 8282 8366 8367
f 8283 8367 8368
f 8284 8368 8369
f 8285 8369 8370
f 8286 8370 8371
f 8287 8371 8372
f 8288 8372 8373
f 8289 8373 8374
f 8290 8374 8375
f 8291 8375 8376
f 8292 8376 8377
f 8293 8377 8378
f 8294 8378 8379
f 8295 8379 8380
f 8296 8380 8381
f 8297 8381 8382
f 8298 8382 8383
f 8299 8383 8384
f 8300 8384 8385
f 8301 8385 8386
f 8302 8386 8387
f 8303 8387 8388
f 8304 8388 8389
f 8305 8389 8390
f 8306 8390 8391
f 8307 8391 8392
f 8308 8392 8393
f 8309 8393 8394
f 8310 8394 8395
f 8311 8395 8396
f 8312 8396 8397
f 8313 8397 8398
f 8314 8398 8399
f 8315 8399 8400
f 8316 8400 8317
f 8317 8402 8318
f 8318 8403 8319
f 8319 8404 8320
f 8320 8405 8321
f 8321 8406 8322
f 8322 8407 8323
f 8323 8408 8324
f 8324 8409 8325
f 8325 8410 8326
f 8326 8411 8327
f 8327 8412 8328
f 8328 8413 8329
f 8329 8414 8330
f 8330 8415 8331
f 8331 8416 8332
f 8332 8417 8333
f 8333 8418 8334
f 8334 8419 8335
f 8335 8420 8336
f 8336 8421 8337
f 8337 8422 8338
f 8338 8423 8339
f 8339 8424 8340
f 8340 8425 8341
f 8341 8426 8342
f 8342 8427 8343
f 8343 8428 8344
f 8344 8429 8345
f 8345 8430 8346
f 8346 8431 8347
f 8347 8432 8348
f 8348 8433 8349
f 8349 8434 8350
f 8350 8435 8351
f 8351 8436 8352
f 8352 8437 8353
f 8353 8438 8354
f 8354 8439 8355
f 8355 8440 8356
f 8356 8441 8357
f 8357 8442 8358
f 8358 8443 8359
f 8359 8444 8360
f 8360 8445 8361
f 8361 8446 8362
f 8362 8447 8363
f 8363 8448 8364
f 8364 8449 8365
f 8365 8450 8366
f 8366 8451 8367
f 8367 8452 8368
f 8368 8453 8369
f 8369 8454 8370
f 8370 8455 8371
f 8371 8456 8372
f 8372 8457 8373
f 8373 8458 8374
f 8374 8459 8375
f 8375 8460 8376
f 8376 8461 8377
f 8377 8462 8378
f 8378 8463 8379
f 8379 8464 8380
f 8380 8465 8381
f 8381 8466 8382
f 8382 8467 8383
f 8383 8468 8384
f 8384 8469 8385
f 8385 8470 8386
f 8386 8471 8387
f 8387 8472 8388
f 8388 8473 8389
f 8389 8474 8390
f 8390 8475 8391
f 8391 8476 8392
f 8392 8477 8393
f 8393 8478 8394
f 8394 8479 8395
f 8395 8480 8396
f 8396 8481 8397
f 8397 8482 8398
f 8398 8483 8399
f 8399 8484 8400
f 8400 8401 8317
f 8317 8401 8402
f 8318 8402 8403
f 8319 8403 8404
f 8320 8404 8405
f 8321 8405 8406
f 8322 8406 8407
f 8323 8407 8408
f 8324 8408 8409
f 8325 8409 8410
f 8326 8410 8411
f 8327 8411 8412
f 8328 8412 8413
f 8329 8413 8414
f 8330 8414 8415
f 8331 8415 8416
f 8332 8416 8417
f 8333 8417 8418
f 8334 8418 8419
f 8335 8419 8420
f 8336 8420 8421
f 8337 8421 8422
f 8338 8422 8423
f 8339 8423 8424
f 8340 8424 8425
f 8341 8425 8426
f 8342 8426 8427
f 8343 8427 8428
f 8344 8428 8429
f 8345 8429 8430
f 8346 8430 8431
f 8347 8431 8432
f 8348 8432 8433
f 8349 8433 8434
f 8350 8434 8435
f 8351 8435 8436
f 8352 8436 8437
f 8353 8437 8438
f 8354 8438 8439
f 8355 8439 8440
f 8356 8440 8441
f 8357 8441 8442
f 8358 8442 8443
f 8359 8443 8444
f 8360 8444 8445
f 8361 8445 8446
f 8362 8446 8447
f 8363 8447 8448
f 8364 8448 8449
f 8365 8449 8450
f 8366 8450 8451
f 8367 8451 8452
f 8368 8452 8453
f 8369 8453 8454
f 8370 8454 8455
f 8371 8455 8456
f 8372 8456 8457
f 8373 8457 8458
f 8374 8458 8459
f 8375 8459 8460
f 8376 8460 8461
f 8377 8461 8462
f 8378 8462 8463
f 8379 8463 8464
f 8380 8464 8465
f 8381 8465 8466
f 8382 8466 8467
f 8383 8467 8468
f 8384 8468 8469
f 8385 8469 8470
f 8386 8470 8471
f 8387 8471 8472
f 8388 8472 8473
f 8389 8473 8474
f 8390 8474 8475
f 8391 8475 8476
f 8392 8476 8477
f 8393 8477 8478
f 8394 8478 8479
f 8395 8479 8480
f 8396 8480 8481
f 8397 8481 8482
f 8398 8482 8483
f 8399 8483 8484
f 8400 8484 8401
f 8401 8486 8402
f 8402 8487 8403
f 8403 8488 8404
f 8404 8489 8405
f 8405 8490 8406
f 8406 8491 8407
f 8407 8492 8408
f 8408 8493 8409
f 8409 8494 8410
f 8410 8495 8411
f 8411 8496 8412
f 8412 8497 8413
f 8413 8498 8414
f 8414 8499 8415
f 8415 8500 8416
f 8416 8501 8417
f 8417 8502 8418
f 8418 8503 8419
f 8419 8504 8420
f 8420 8505 8421
f 8421 8506 8422
f 8422 8507 8423
f 8423 8508 8424
f 8424 8509 8425
f 8425 8510 8426
f 8426 8511 8427
f 8427 8512 8428
f 8428 8513 8429
f 8429 8514 8430
f 8430 8515 8431
f 8431 8516 8432
f 8432 8517 8433
f 8433 8518 8434
f 8434 8519 8435
f 8435 8520 8436
f 8436 8521 8437
f 8437 8522 8438
f 8438 8523 8439
f 8439 8524 8440
f 8440 8525 8441
f 8441 8526 8442
f 8442 8527 8443
f 8443 8528 8444
f 8444 8529 8445
f 8445 8530 8446
f 8446 8531 8447
f 8447 8532 8448
f 8448 8533 8449
f 8449 8534 8450
f 8450 8535 8451
f 8451 8536 8452
f 8452 8537 8453
f 8453 8538 8454
f 8454 8539 8455
f 8455 8540 8456
f 8456 8541 8457
f 8457 8542 8458
f 8458 8543 8459
f 8459 8544 8460
f 8460 8545 8461
f 8461 8546 8462
f 8462 8547 8463
f 8463 8548 8464
f 8464 8549 8465
f 8465 8550 8466
f 8466 8551 8467
f 8467 8552 8468
f 8468 8553 8469
f 8469 8554 8470
f 8470 8555 8471
f 8471 8556 8472
f 8472 8557 8473
f 8473 8558 8474
f 8474 8559 8475
f 8475 8560 8476
f 8476 8561 8477
f 8477 8562 8478
f 8478 8563 8479
f 8479 8564 8480
f 8480 8565 8481
f 8481 8566 8482
f 8482 8567 8483
f 8483 8568 8484
f 8484 8485 8401
f 8401 8485 8486
f 8402 8486 8487
f 8403 8487 8488
f 8404 8488 8489
f 8405 8489 8490
f 8406 8490 8491
f 8407 8491 8492
f 8408 8492 8493
f 8409 8493 8494
f 8410 8494 8495
f 8411 8495 8496
f 8412 8496 8497
f 8413 8497 8498
f 8414 8498 8499
f 8415 8499 8500
f 8416 8500 8501
f 8417 8501 8502
f 8418 8502 8503
f 8419 8503 8504
f 8420 8504 8505
f 8421 8505 8506
f 8422 8506 8507
f 8423 8507 8508
f 8424 8508 8509
f 8425 8509 8510
f 8426 8510 8511
f 8427 8511 8512
f 8428 8512 8513
f 8429 8513 8514
f 8430 8514 8515
f 8431 8515 8516
f 8432 8516 8517
f 8433 8517 8518
f 8434 8518 8519
f 8435 8519 8520
f 8436 8520 8521
f 8437 8521 8522
f 8438 8522 8523
f 8439 8523 8524
f 8440 8524 8525
f 8441 8525 8526
f 8442 8526 8527
f 8443 8527 8528
f 8444 8528 8529
f 8445 8529 8530
f 8446 8530 8531
f 8447 8531 8532
f 8448 8532 8533
f 8449 8533 8534
f 8450 8534 8535
f 8451 8535 8536
f 8452 8536 8537
f 8453 8537 8538
f 8454 8538 8539
f 8455 8539 8540
f 8456 8540 8541
f 8457 8541 8542
f 8458 8542 8543
f 8459 8543 8544
f 8460 8544 8545
f 8461 8545 8546
f 8462 8546 8547
f 8463 8547 8548
f 8464 8548 8549
f 8465 8549 8550
f 8466 8550 8551
f 8467 8551 8552
f 8468 8552 8553
f 8469 8553 8554
f 8470 8554 8555
f 8471 8555 8556
f 8472 8556 8557
f 8473 8557 8558
f 8474 8558 8559
f 8475 8559 8560
f 8476 8560 8561
f 8477 8561 8562
f 8478 8562 8563
f 8479 8563 8564
f 8480 8564 8565
f 8481 8565 8566
f 8482 8566 8567
f 8483 8567 8568
f 8484 8568 8485
f 8485 8570 8486
f 8486 8571 8487
f 8487 8572 8488
f 8488 8573 8489
f 8489 8574 8490
f 8490 8575 8491
f 8491 8576 8492
f 8492 8577 8493
f 8493 8578 8494
f 8494 8579 8495
f 8495 8580 8496
f 8496 8581 8497
f 8497 8582 8498
f 8498 8583 8499
f 8499 8584 8500
f 8500 8585 8501
f 8501 8586 8502
f 8502 8587 8503
f 8503 8588 8504
f 8504 8589 8505
f 8505 8590 8506
f 8506 8591 8507
f 8507 8592 8508
f 8508 8593 8509
f 8509 8594 8510
f 8510 8595 8511
f 8511 8596 8512
f 8512 8597 8513
f 8513 8598 8514
f 8514 8599 8515
f 8515 8600 8516
f 8516 8601 8517
f 8517 8602 8518
f 8518 8603 8519
f 8519 8604 8520
f 8520 8605 8521
f 8521 8606 8522
f 8522 8607 8523
f 8523 8608 8524
f 8524 8609 8525
f 8525 8610 8526
f 8526 8611 8527
f 8527 8612 8528
f 8528 8613 8529
f 8529 8614 8530
f 8530 8615 8531
f 8531 8616 8532
f 8532 8617 8533
f 8533 8618 8534
f 8534 8619 8535
f 8535 8620 8536
f 8536 8621 8537
f 8537 8622 8538
f 8538 8623 8539
f 8539 8624 8540
f 8540 8625 8541
f 8541 8626 8542
f 8542 8627 8543
f 8543 8628 8544
f 8544 8629 8545
f 8545 8630 8546
f 8546 8631 8547
f 8547 8632 8548
f 8548 8633 8549
f 8549 8634 8550
f 8550 8635 8551
f 8551 8636 8552
f 8552 8637 8553
f 8553 8638 8554
f 8554 8639 8555
f 8555 8640 8556
f 8556 8641 8557
f 8557 8642 8558
f 8558 8643 8559
f 8559 8644 8560
f 8560 8645 8561
f 8561 8646 8562
f 8562 8647 8563
f 8563 8648 8564
f 8564 8649 8565
f 8565 8650 8566
f 8566 8651 8567
f 8567 8652 8568
f 8568 8569 8485
f 8485 8569 8570
f 8486 8570 8571
f 8487 8571 8572
f 8488 8572 8573
f 8489 8573 8574
f 8490 8574 8575
f 8491 8575 8576
f 8492 8576 8577
f 8493 8577 8578
f 8494 8578 8579
f 8495 8579 8580
f 8496 8580 8581
f 8497 8581 8582
f 8498 8582 8583
f 8499 8583 8584
f 8500 8584 8585
f 8501 8585 8586
f 8502 8586 8587
f 8503 8587 8588
f 8504 8588 8589
f 8505 8589 8590
f 8506 8590 8591
f 8507 8591 8592
f 8508 8592 8593
f 8509 8593 8594
f 8510 8594 8595
f 8511 8595 8596
f 8512 8596 8597
f 8513 8597 8598
f 8514 8598 8599
f 8515 8599 8600
f 8516 8600 8601
f 8517 8601 8602
f 8518 8602 8603
f 8519 8603 8604
f 8520 8604 8605
f 8521 8605 8606
f 8522 8606 8607
f 8523 8607 8608
f 8524 8608 8609
f 8525 8609 8610
f 8526 8610 8611
f 8527 8611 8612
f 8528 8612 8613
f 8529 8613 8614
f 8530 8614 8615
f 8531 8615 8616
f 8532 8616 8617
f 8533 8617 8618
f 8534 8618 8619
f 8535 8619 8620
f 8536 8620 8621
f 8537 8621 8622
f 8538 8622 8623
f 8539 8623 8624
f 8540 8624 8625
f 8541 8625 8626
f 8542 8626 8627
f 8543 8627 8628
f 8544 8628 8629
f 8545 8629 8630
f 8546 8630 8631
f 8547 8631 8632
f 8548 8632 8633
f 8549 8633 8634
f 8550 8634 8635
f 8551 8635 8636
f 8552 8636 8637
f 8553 8637 8638
f 8554 8638 8639
f 8555 8639 8640
f 8556 8640 8641
f 8557 8641 8642
f 8558 8642 8643
f 8559 8643 8644
f 8560 8644 8645
f 8561 8645 8646
f 8562 8646 8647
f 8563 8647 8648
f 8564 8648 8649
f 8565 8649 8650
f 8566 8650 8651
f 8567 8651 8652
f 8568 8652 8569
f 8569 8654 8570
f 8570 8655 8571
f 8571 8656 8572
f 8572 8657 8573
f 8573 8658 8574
f 8574 8659 8575
f 8575 8660 8576
f 8576 8661 8577
f 8577 8662 8578
f 8578 8663 8579
f 8579 8664 8580
f 8580 8665 8581
f 8581 8666 8582
f 8582 8667 8583
f 8583 8668 8584
f 8584 8669 8585
f 8585 8670 8586
f 8586 8671 8587
f 8587 8672 8588
f 8588 8673 8589
f 8589 8674 8590
f 8590 8675 8591
f 8591 8676 8592
f 8592 8677 8593
f 8593 8678 8594
f 8594 8679 8595
f 8595 8680 8596
f 8596 8681 8597
f 8597 8682 8598
f 8598 8683 8599
f 8599 8684 8600
f 8600 8685 8601
f 8601 8686 8602
f 8602 8687 8603
f 8603 8688 8604
f 8604 8689 8605
f 8605 8690 8606
f 8606 8691 8607
f 8607 8692 8608
f 8608 8693 8609
f 8609 8694 8610
f 8610 8695 8611
f 8611 8696 8612
f 8612 8697 8613
f 8613 8698 8614
f 8614 8699 8615
f 8615 8700 8616
f 8616 8701 8617
f 8617 8702 8618
f 8618 8703 8619
f 8619 8704 8620
f 8620 8705 8621
f 8621 8706 8622
f 8622 8707 8623
f 8623 8708 8624
f 8624 8709 8625
f 8625 8710 8626
f 8626 8711 8627
f 8627 8712 8628
f 8628 8713 8629
f 8629 8714 8630
f 8630 8715 8631
f 8631 8716 8632
f 8632 8717 8633
f 8633 8718 8634
f 8634 8719 8635
f 8635 8720 8636
f 8636 8721 8637
f 8637 8722 8638
f 8638 8723 8639
f 8639 8724 8640
f 8640 8725 8641
f 8641 8726 8642
f 8642 8727 8643
f 8643 8728 8644
f 8644 8729 8645
f 8645 8730 8646
f 8646 8731 8647
f 8647 8732 8648
f 8648 8733 8649
f 8649 8734 8650
f 8650 8735 8651
f 8651 8736 8652
f 8652 8653 8569
f 8569 8653 8654
f 8570 8654 8655
f 8571 8655 8656
f 8572 8656 8657
f 8573 8657 8658
f 8574 8658 8659
f 8575 8659 8660
f 8576 8660 8661
f 8577 8661 8662
f 8578 8662 8663
f 8579 8663 8664
f 8580 8664 8665
f 8581 8665 8666
f 8582 8666 8667
f 8583 8667 8668
f 8584 8668 8669
f 8585 8669 8670
f 8586 8670 8671
f 8587 8671 8672
f 8588 8672 8673
f 8589 8673 8674
f 8590 8674 8675
f 8591 8675 8676
f 8592 8676 8677
f 8593 8677 8678
f 8594 8678 8679
f 8595 8679 8680
f 8596 8680 8681
f 8597 8681 8682
f 8598 8682 8683
f 8599 8683 8684
f 8600 8684 8685
f 8601 8685 8686
f 8602 8686 8687
f 8603 8687 8688
f 8604 8688 8689
f 8605 8689 8690
f 8606 8690 8691
f 8607 8691 8692
f 8608 8692 8693
f 8609 8693 8694
f 8610 8694 8695
f 8611 8695 8696
f 8612 8696 8697
f 8613 8697 8698
f 8614 8698 8699
f 8615 8699 8700
f 8616 8700 8701
f 8617 8701 8702
f 8618 8702 8703
f 8619 8703 8704
f 8620 8704 8705
f 8621 8705 8706
f 8622 8706 8707
f 8623 8707 8708
f 8624 8708 8709
f 8625 8709 8710
f 8626 8710 8711
f 8627 8711 8712
f 8628 8712 8713
f 8629 8713 8714
f 8630 8714 8715
f 8631 8715 8716
f 8632 8716 8717
f 8633 8717 8718
f 8634 8718 8719
f 8635 8719 8720
f 8636 8720 8721
f 8637 8721 8722
f 8638 8722 8723
f 8639 8723 8724
f 8640 8724 8725
f 8641 8725 8726
f 8642 8726 8727
f 8643 8727 8728
f 8644 8728 8729
f 8645 8729 8730
f 8646 8730 8731
f 8647 8731 8732
f 8648 8732 8733
f 8649 8733 8734
f 8650 8734 8735
f 8651 8735 8736
f 8652 8736 8653
f 8653 8738 8654
f 8654 8739 8655
f 8655 8740 8656
f 8656 8741 8657
f 8657 8742 8658
f 8658 8743 8659
f 8659 8744 8660
f 8660 8745 8661
f 8661 8746 8662
f 8662 8747 8663
f 8663 8748 8664
f 8664 8749 8665
f 8665 8750 8666
f 8666 8751 8667
f 8667 8752 8668
f 8668 8753 8669
f 8669 8754 8670
f 8670 8755 8671
f 8671 8756 8672
f 8672 8757 8673
f 8673 8758 8674
f 8674 8759 8675
f 8675 8760 8676
f 8676 8761 8677
f 8677 8762 8678
f 8678 8763 8679
f 8679 8764 8680
f 8680 8765 8681
f 8681 8766 8682
f 8682 8767 8683
f 8683 8768 8684
f 8684 8769 8685
f 8685 8770 8686
f 8686 8771 8687
f 8687 8772 8688
f 8688 8773 8689
f 8689 8774 8690
f 8690 8775 8691
f 8691 8776 8692
f 8692 8777 8693
f 8693 8778 8694
f 8694 8779 8695
f 8695 8780 8696
f 8696 8781 8697
f 8697 8782 8698
f 8698 8783 8699
f 8699 8784 8700
f 8700 8785 8701
f 8701 8786 8702
f 8702 8787 8703
f 8703 8788 8704
f 8704 8789 8705
f 8705 8790 8706
f 8706 8791 8707
f 8707 8792 8708
f 8708 8793 8709
f 8709 8794 8710
f 8710 8795 8711
f 8711 8796 8712
f 8712 8797 8713
f 8713 8798 8714
f 8714 8799 8715
f 8715 8800 8716
f 8716 8801 8717
f 8717 8802 8718
f 8718 8803 8719
f 8719 8804 8720
f 8720 8805 8721
f 8721 8806 8722
f 8722 8807 8723
f 8723 8808 8724
f 8724 8809 8725
f 8725 8810 8726
f 8726 8811 8727
f 8727 8812 8728
f 8728 8813 8729
f 8729 8814 8730
f 8730 8815 8731
f 8731 8816 8732
f 8732 8817 8733
f 8733 8818 8734
f 8734 8819 8735
f 8735 8820 8736
f 8736 8737 8653
f 8653 8737 8738
f 8654 8738 8739
f 8655 8739 8740
f 8656 8740 8741
f 8657 8741 8742
f 8658 8742 8743
f 8659 8743 8744
f 8660 8744 8745
f 8661 8745 8746
f 8662 8746 8747
f 8663 8747 8748
f 8664 8748 8749
f 8665 8749 8750
f 8666 8750 8751
f 8667 8751 8752
f 8668 8752 8753
f 8669 8753 8754
f 8670 8754 8755
f 8671 8755 8756
f 8672 8756 8757
f 8673 8757 8758
f 8674 8758 8759
f 8675 8759 8760
f 8676 8760 8761
f 8677 8761 8762
f 8678 8762 8763
f 8679 8763 8764
f 8680 8764 8765
f 8681 8765 8766
f 8682 8766 8767
f 8683 8767 8768
f 8684 8768 8769
f 8685 8769 8770
f 8686 8770 8771
f 8687 8771 8772
f 8688 8772 8773
f 8689 8773 8774
f 8690 8774 8775
f 8691 8775 8776
f 8692 8776 8777
f 8693 8777 8778
f 8694 8778 8779
f 8695 8779 8780
f 8696 8780 8781
f 8697 8781 8782
f 8698 8782 8783
f 8699 8783 8784
f 8700 8784 8785
f 8701 8785 8786
f 8702 8786 8787
f 8703 8787 8788
f 8704 8788 8789
f 8705 8789 8790
f 8706 8790 8791
f 8707 8791 8792
f 8708 8792 8793
f 8709 8793 8794
f 8710 8794 8795
f 8711 8795 8796
f 8712 8796 8797
f 8713 8797 8798
f 8714 8798 8799
f 8715 8799 8800
f 8716 8800 8801
f 8717 8801 8802
f 8718 8802 8803
f 8719 8803 8804
f 8720 8804 8805
f 8721 8805 8806
f 8722 8806 8807
f 8723 8807 8808
f 8724 8808 8809
f 8725 8809 8810
f 8726 8810 8811
f 8727 8811 8812
f 8728 8812 8813
f 8729 8813 8814
f 8730 8814 8815
f 8731 8815 8816
f 8732 8816 8817
f 8733 8817 8818
f 8734 8818 8819
f 8735 8819 8820
f 8736 8820 8737
f 8737 8822 8738
f 8738 8823 8739
f 8739 8824 8740
f 8740 8825 8741
f 8741 8826 8742
f 8742 8827 8743
f 8743 8828 8744
f 8744 8829 8745
f 8745 8830 8746
f 8746 8831 8747
f 8747 8832 8748
f 8748 8833 8749
f 8749 8834 8750
f 8750 8835 8751
f 8751 8836 8752
f 8752 8837 8753
f 8753 8838 8754
f 8754 8839 8755
f 8755 8840 8756
f 8756 8841 8757
f 8757 8842 8758
f 8758 8843 8759
f 8759 8844 8760
f 8760 8845 8761
f 8761 8846 8762
f 8762 8847 8763
f 8763 8848 8764
f 8764 8849 8765
f 8765 8850 8766
f 8766 8851 8767
f 8767 8852 8768
f 8768 8853 8769
f 8769 8854 8770
f 8770 8855 8771
f 8771 8856 8772
f 8772 8857 8773
f 8773 8858 8774
f 8774 8859 8775
f 8775 8860 8776
f 8776 8861 8777
f 8777 8862 8778
f 8778 8863 8779
f 8779 8864 8780
f 8780 8865 8781
f 8781 8866 8782
f 8782 8867 8783
f 8783 8868 8784
f 8784 8869 8785
f 8785 8870 8786
f 8786 8871 8787
f 8787 8872 8788
f 8788 8873 8789
f 8789 8874 8790
f 8790 8875 8791
f 8791 8876 8792
f 8792 8877 8793
f 8793 8878 8794
f 8794 8879 8795
f 8795 8880 8796
f 8796 8881 8797
f 8797 8882 8798
f 8798 8883 8799
f 8799 8884 8800
f 8800 8885 8801
f 8801 8886 8802
f 8802 8887 8803
f 8803 8888 8804
f 8804 8889 8805
f 8805 8890 8806
f 8806 8891 8807
f 8807 8892 8808
f 8808 8893 8809
f 8809 8894 8810
f 8810 8895 8811
f 8811 8896 8812
f 8812 8897 8813
f 8813 8898 8814
f 8814 8899 8815
f 8815 8900 8816
f 8816 8901 8817
f 8817 8902 8818
f 8818 8903 8819
f 8819 8904 8820
f 8820 8821 8737
f 8737 8821 8822
f 8738 8822 8823
f 8739 8823 8824
f 8740 8824 8825
f 8741 8825 8826
f 8742 8826 8827
f 8743 8827 8828
f 8744 8828 8829
f 8745 8829 8830
f 8746 8830 8831
f 8747 8831 8832
f 8748 8832 8833
f 8749 8833 8834
f 8750 8834 8835
f 8751 8835 8836
f 8752 8836 8837
f 8753 8837 8838
f 8754 8838 8839
f 8755 8839 8840
f 8756 8840 8841
f 8757 8841 8842
f 8758 8842 8843
f 8759 8843 8844
f 8760 8844 8845
f 8761 8845 8846
f 8762 8846 8847
f 8763 8847 8848
f 8764 8848 8849
f 8765 8849 8850
f 8766 8850 8851
f 8767 8851 8852
f 8768 8852 8853
f 8769 8853 8854
f 8770 8854 8855
f 8771 8855 8856
f 8772 8856 8857
f 8773 8857 8858
f 8774 8858 8859
f 8775 8859 8860
f 8776 8860 8861
f 8777 8861 8862
f 8778 8862 8863
f 8779 8863 8864
f 8780 8864 8865
f 8781 8865 8866
f 8782 8866 8867
f 8783 8867 8868
f 8784 8868 8869
f 8785 8869 8870
f 8786 8870 8871
f 8787 8871 8872
f 8788 8872 8873
f 8789 8873 8874
f 8790 8874 8875
f 8791 8875 8876
f 8792 8876 8877
f 8793 8877 8878
f 8794 8878 8879
f 8795 8879 8880
f 8796 8880 8881
f 8797 8881 8882
f 8798 8882 8883
f 8799 8883 8884
f 8800 8884 8885
f 8801 8885 8886
f 8802 8886 8887
f 8803 8887 8888
f 8804 8888 8889
f 8805 8889 8890
f 8806 8890 8891
f 8807 8891 8892
f 8808 8892 8893
f 8809 8893 8894
f 8810 8894 8895
f 8811 8895 8896
f 8812 8896 8897
f 8813 8897 8898
f 8814 8898 8899
f 8815 8899 8900
f 8816 8900 8901
f 8817 8901 8902
f 8818 8902 8903
f 8819 8903 8904
f 8820 8904 8821
f 8821 8906 8822
f 8822 8907 8823
f 8823 8908 8824
f 8824 8909 8825
f 8825 8910 8826
f 8826 8911 8827
f 8827 8912 8828
f 8828 8913 8829
f 8829 8914 8830
f 8830 8915 8831
f 8831 8916 8832
f 8832 8917 8833
f 8833 8918 8834
f 8834 8919 8835
f 8835 8920 8836
f 8836 8921 8837
f 8837 8922 8838
f 8838 8923 8839
f 8839 8924 8840
f 8840 8925 8841
f 8841 8926 8842
f 8842 8927 8843
f 8843 8928 8844
f 8844 8929 8845
f 8845 8930 8846
f 8846 8931 8847
f 8847 8932 8848
f 8848 8933 8849
f 8849 8934 8850
f 8850 8935 8851
f 8851 8936 8852
f 8852 8937 8853
f 8853 8938 8854
f 8854 8939 8855
f 8855 8940 8856
f 8856 8941 8857
f 8857 8942 8858
f 8858 8943 8859
f 8859 8944 8860
f 8860 8945 8861
f 8861 8946 8862
f 8862 8947 8863
f 8863 8948 8864
f 8864 8949 8865
f 8865 8950 8866
f 8866 8951 8867
f 8867 8952 8868
f 8868 8953 8869
f 8869 8954 8870
f 8870 8955 8871
f 8871 8956 8872
f 8872 8957 8873
f 8873 8958 8874
f 8874 8959 8875
f 8875 8960 8876
f 8876 8961 8877
f 8877 8962 8878
f 8878 8963 8879
f 8879 8964 8880
f 8880 8965 8881
f 8881 8966 8882
f 8882 8967 8883
f 8883 8968 8884
f 8884 8969 8885
f 8885 8970 8886
f 8886 8971 8887
f 8887 8972 8888
f 8888 8973 8889
f 8889 8974 8890
f 8890 8975 8891
f 8891 8976 8892
f 8892 8977 8893
f 8893 8978 8894
f 8894 8979 8895
f 8895 8980 8896
f 8896 8981 8897
f 8897 8982 8898
f 8898 8983 8899
f 8899 8984 8900
f 8900 8985 8901
f 8901 8986 8902
f 8902 8987 8903
f 8903 8988 8904
f 8904 8905 8821
f 8821 8905 8906
f 8822 8906 8907
f 8823 8907 8908
f 8824 8908 8909
f 8825 8909 8910
f 8826 8910 8911
f 8827 8911 8912
f 8828 8912 8913
f 8829 8913 8914
f 8830 8914 8915
f 8831 8915 8916
f 8832 8916 8917
f 8833 8917 8918
f 8834 8918 8919
f 8835 8919 8920
f 8836 8920 8921
f 8837 8921 8922
f 8838 8922 8923
f 8839 8923 8924
f 8840 8924 8925
f 8841 8925 8926
f 8842 8926 8927
f 8843 8927 8928
f 8844 8928 8929
f 8845 8929 8930
f 8846 8930 8931
f 8847 8931 8932
f 8848 8932 8933
f 8849 8933 8934
f 8850 8934 8935
f 8851 8935 8936
f 8852 8936 8937
f 8853 8937 8938
f 8854 8938 8939
f 8855 8939 8940
f 8856 8940 8941
f 8857 8941 8942
f 8858 8942 8943
f 8859 8943 8944
f 8860 8944 8945
f 8861 8945 8946
f 8862 8946 8947
f 8863 8947 8948
f 8864 8948 8949
f 8865 8949 8950
f 8866 8950 8951
f 8867 8951 8952
f 8868 8952 8953
f 8869 8953 8954
f 8870 8954 8955
f 8871 8955 8956
f 8872 8956 8957
f 8873 8957 8958
f 8874 8958 8959
f 8875 8959 8960
f 8876 8960 8961
f 8877 8961 8962
f 8878 8962 8963
f 8879 8963 8964
f 8880 8964 8965
f 8881 8965 8966
f 8882 8966 8967
f 8883 8967 8968
f 8884 8968 8969
f 8885 8969 8970
f 8886 8970 8971
f 8887 8971 8972
f 8888 8972 8973
f 8889 8973 8974
f 8890 8974 8975
f 8891 8975 8976
f 8892 8976 8977
f 8893 8977 8978
f 8894 8978 8979
f 8895 8979 8980
f 8896 8980 8981
f 8897 8981 8982
f 8898 8982 8983
f 8899 8983 8984
f 8900 8984 8985
f 8901 8985 8986
f 8902 8986 8987
f 8903 8987 8988
f 8904 8988 8905
f 8905 8990 8906
f 8906 8991 8907
f 8907 8992 8908
f 8908 8993 8909
f 8909 8994 8910
f 8910 8995 8911
f 8911 8996 8912
f 8912 8997 8913
f 8913 8998 8914
f 8914 8999 8915
f 8915 9000 8916
f 8916 9001 8917
f 8917 9002 8918
f 8918 9003 8919
f 8919 9004 8920
f 8920 9005 8921
f 8921 9006 8922
f 8922 9007 8923
f 8923 9008 8924
f 8924 9009 8925
f 8925 9010 8926
f 8926 9011 8927
f 8927 9012 8928
f 8928 9013 8929
f 8929 9014 8930
f 8930 9015 8931
f 8931 9016 8932
f 8932 9017 8933
f 8933 9018 8934
f 8934 9019 8935
f 8935 9020 8936
f 8936 9021 8937
f 8937 9022 8938
f 8938 9023 8939
f 8939 9024 8940
f 8940 9025 8941
f 8941 9026 8942
f 8942 9027 8943
f 8943 9028 8944
f 8944 9029 8945
f 8945 9030 8946
f 8946 9031 8947
f 8947 9032 8948
f 8948 9033 8949
f 8949 9034 8950
f 8950 9035 8951
f 8951 9036 8952
f 8952 9037 8953
f 8953 9038 8954
f 8954 9039 8955
f 8955 9040 8956
f 8956 9041 8957
f 8957 9042 8958
f 8958 9043 8959
f 8959 9044 8960
f 8960 9045 8961
f 8961 9046 8962
f 8962 9047 8963
f 8963 9048 8964
f 8964 9049 8965
f 8965 9050 8966
f 8966 9051 8967
f 8967 9052 8968
f 8968 9053 8969
f 8969 9054 8970
f 8970 9055 8971
f 8971 9056 8972
f 8972 9057 8973
f 8973 9058 8974
f 8974 9059 8975
f 8975 9060 8976
f 8976 9061 8977
f 8977 9062 8978
f 8978 9063 8979
f 8979 9064 8980
f 8980 9065 8981
f 8981 9066 8982
f 8982 9067 8983
f 8983 9068 8984
f 8984 9069 8985
f 8985 9070 8986
f 8986 9071 8987
f 8987 9072 8988
f 8988 8989 8905
f 8905 8989 8990
f 8906 8990 8991
f 8907 8991 8992
f 8908 8992 8993
f 8909 8993 8994
f 8910 8994 8995
f 8911 8995 8996
f 8912 8996 8997
f 8913 8997 8998
f 8914 8998 8999
f 8915 8999 9000
f 8916 9000 9001
f 8917 9001 9002
f 8918 9002 9003
f 8919 9003 9004
f 8920 9004 9005
f 8921 9005 9006
f 8922 9006 9007
f 8923 9007 9008
f 8924 9008 9009
f 8925 9009 9010
f 8926 9010 9011
f 8927 9011 9012
f 8928 9012 9013
f 8929 9013 9014
f 8930 9014 9015
f 8931 9015 9016
f 8932 9016 9017
f 8933 9017 9018
f 8934 9018 9019
f 8935 9019 9020
f 8936 9020 9021
f 8937 9021 9022
f 8938 9022 9023
f 8939 9023 9024
f 8940 9024 9025
f 8941 9025 9026
f 8942 9026 9027
f 8943 9027 9028
f 8944 9028 9029
f 8945 9029 9030
f 8946 9030 9031
f 8947 9031 9032
f 8948 9032 9033
f 8949 9033 9034
f 8950 9034 9035
f 8951 9035 9036
f 8952 9036 9037
f 8953 9037 9038
f 8954 9038 9039
f 8955 9039 9040
f 8956 9040 9041
f 8957 9041 9042
f 8958 9042 9043
f 8959 9043 9044
f 8960 9044 9045
f 8961 9045 9046
f 8962 9046 9047
f 8963 9047 9048
f 8964 9048 9049
f 8965 9049 9050
f 8966 9050 9051
f 8967 9051 9052
f 8968 9052 9053
f 8969 9053 9054
f 8970 9054 9055
f 8971 9055 9056
f 8972 9056 9057
f 8973 9057 9058
f 8974 9058 9059
f 8975 9059 9060
f 8976 9060 9061
f 8977 9061 9062
f 8978 9062 9063
f 8979 9063 9064
f 8980 9064 9065
f 8981 9065 9066
f 8982 9066 9067
f 8983 9067 9068
f 8984 9068 9069
f 8985 9069 9070
f 8986 9070 9071
f 8987 9071 9072
f 8988 9072 8989
f 8989 9074 8990
f 8990 9075 8991
f 8991 9076 8992
f 8992 9077 8993
f 8993 9078 8994
f 8994 9079 8995
f 8995 9080 8996
f 8996 9081 8997
f 8997 9082 8998
f 8998 9083 8999
f 8999 9084 9000
f 9000 9085 9001
f 9001 9086 9002
f 9002 9087 9003
f 9003 9088 9004
f 9004 9089 9005
f 9005 9090 9006
f 9006 9091 9007
f 9007 9092 9008
f 9008 9093 9009
f 9009 9094 9010
f 9010 9095 9011
f 9011 9096 9012
f 9012 9097 9013
f 9013 9098 9014
f 9014 9099 9015
f 9015 9100 9016
f 9016 9101 9017
f 9017 9102 9018
f 9018 9103 9019
f 9019 9104 9020
f 9020 9105 9021
f 9021 9106 9022
f 9022 9107 9023
f 9023 9108 9024
f 9024 9109 9025
f 9025 9110 9026
f 9026 9111 9027
f 9027 9112 9028
f 9028 9113 9029
f 9029 9114 9030
f 9030 9115 9031
f 9031 9116 9032
f 9032 9117 9033
f 9033 9118 9034
f 9034 9119 9035
f 9035 9120 9036
f 9036 9121 9037
f 9037 9122 9038
f 9038 9123 9039
f 9039 9124 9040
f 9040 9125 9041
f 9041 9126 9042
f 9042 9127 9043
f 9043 9128 9044
f 9044 9129 9045
f 9045 9130 9046
f 9046 9131 9047
f 9047 9132 9048
f 9048 9133 9049
f 9049 9134 9050
f 9050 9135 9051
f 9051 9136 9052
f 9052 9137 9053
f 9053 9138 9054
f 9054 9139 9055
f 9055 9140 9056
f 9056 9141 9057
f 9057 9142 9058
f 9058 9143 9059
f 9059 9144 9060
f 9060 9145 9061
f 9061 9146 9062
f 9062 9147 9063
f 9063 9148 9064
f 9064 9149 9065
f 9065 9150 9066
f 9066 9151 9067
f 9067 9152 9068
f 9068 9153 9069
f 9069 9154 9070
f 9070 9155 9071
f 9071 9156 9072
f 9072 9073 8989
f 8989 9073 9074
f 8990 9074 9075
f 8991 9075 9076
f 8992 9076 9077
f 8993 9077 9078
f 8994 9078 9079
f 8995 9079 9080
f 8996 9080 9081
f 8997 9081 9082
f 8998 9082 9083
f 8999 9083 9084
f 9000 9084 9085
f 9001 9085 9086
f 9002 9086 9087
f 9003 9087 9088
f 9004 9088 9089
f 9005 9089 9090
f 9006 9090 9091
f 9007 9091 9092
f 9008 9092 9093
f 9009 9093 9094
f 9010 9094 9095
f 9011 9095 9096
f 9012 9096 9097
f 9013 9097 9098
f 9014 9098 9099
f 9015 9099 9100
f 9016 9100 9101
f 9017 9101 9102
f 9018 9102 9103
f 9019 9103 9104
f 9020 9104 9105
f 9021 9105 9106
f 9022 9106 9107
f 9023 9107 9108
f 9024 9108 9109
f 9025 9109 9110
f 9026 9110 9111
f 9027 9111 9112
f 9028 9112 9113
f 9029 9113 9114
f 9030 9114 9115
f 9031 9115 9116
f 9032 9116 9117
f 9033 9117 9118
f 9034 9118 9119
f 9035 9119 9120
f 9036 9120 9121
f 9037 9121 9122
f 9038 9122 9123
f 9039 9123 9124
f 9040 9124 9125
f 9041 9125 9126
f 9042 9126 9127
f 9043 9127 9128
f 9044 9128 9129
f 9045 9129 9130
f 9046 9130 9131
f 9047 9131 9132
f 9048 9132 9133
f 9049 9133 9134
f 9050 9134 9135
f 9051 9135 9136
f 9052 9136 9137
f 9053 9137 9138
f 9054 9138 9139
f 9055 9139 9140
f 9056 9140 9141
f 9057 9141 9142
f 9058 9142 9143
f 9059 9143 9144
f 9060 9144 9145
f 9061 9145 9146
f 9062 9146 9147
f 9063 9147 9148
f 9064 9148 9149
f 9065 9149 9150
f 9066 9150 9151
f 9067 9151 9152
f 9068 9152 9153
f 9069 9153 9154
f 9070 9154 9155
f 9071 9155 9156
f 9072 9156 9073
f 9073 9158 9074
f 9074 9159 9075
f 9075 9160 9076
f 9076 9161 9077
f 9077 9162 9078
f 9078 9163 9079
f 9079 9164 9080
f 9080 9165 9081
f 9081 9166 9082
f 9082 9167 9083
f 9083 9168 9084
f 9084 9169 9085
f 9085 9170 9086
f 9086 9171 9087
f 9087 9172 9088
f 9088 9173 9089
f 9089 9174 9090
f 9090 9175 9091
f 9091 9176 9092
f 9092 9177 9093
f 9093 9178 9094
f 9094 9179 9095
f 9095 9180 9096
f 9096 9181 9097
f 9097 9182 9098
f 9098 9183 9099
f 9099 9184 9100
f 9100 9185 9101
f 9101 9186 9102
f 9102 9187 9103
f 9103 9188 9104
f 9104 9189 9105
f 9105 9190 9106
f 9106 9191 9107
f 9107 9192 9108
f 9108 9193 9109
f 9109 9194 9110
f 9110 9195 9111
f 9111 9196 9112
f 9112 9197 9113
f 9113 9198 9114
f 9114 9199 9115
f 9115 9200 9116
f 9116 9201 9117
f 9117 9202 9118
f 9118 9203 9119
f 9119 9204 9120
f 9120 9205 9121
f 9121 9206 9122
f 9122 9207 9123
f 9123 9208 9124
f 9124 9209 9125
f 9125 9210 9126
f 9126 9211 9127
f 9127 9212 9128
f 9128 9213 9129
f 9129 9214 9130
f 9130 9215 9131
f 9131 9216 9132
f 9132 9217 9133
f 9133 9218 9134
f 9134 9219 9135
f 9135 9220 9136
f 9136 9221 9137
f 9137 9222 9138
f 9138 9223 9139
f 9139 9224 9140
f 9140 9225 9141
f 9141 9226 9142
f 9142 9227 9143
f 9143 9228 9144
f 9144 9229 9145
f 9145 9230 9146
f 9146 9231 9147
f 9147 9232 9148
f 9148 9233 9149
f 9149 9234 9150
f 9150 9235 9151
f 9151 9236 9152
f 9152 9237 9153
f 9153 9238 9154
f 9154 9239 9155
f 9155 9240 9156
f 9156 9157 9073
f 9073 9157 9158
f 9074 9158 9159
f 9075 9159 9160
f 9076 9160 9161
f 9077 9161 9162
f 9078 9162 9163
f 9079 9163 9164
f 9080 9164 9165
f 9081 9165 9166
f 9082 9166 9167
f 9083 9167 9168
f 9084 9168 9169
f 9085 9169 9170
f 9086 9170 9171
f 9087 9171 9172
f 9088 9172 9173
f 9089 9173 9174
f 9090 9174 9175
f 9091 9175 9176
f 9092 9176 9177
f 9093 9177 9178
f 9094 9178 9179
f 9095 9179 9180
f 9096 9180 9181
f 9097 9181 9182
f 9098 9182 9183
f 9099 9183 9184
f 9100 9184 9185
f 9101 9185 9186
f 9102 9186 9187
f 9103 9187 9188
f 9104 9188 9189
f 9105 9189 9190
f 9106 9190 9191
f 9107 9191 9192
f 9108 9192 9193
f 9109 9193 9194
f 9110 9194 9195
f 9111 9195 9196
f 9112 9196 9197
f 9113 9197 9198
f 9114 9198 9199
f 9115 9199 9200
f 9116 9200 9201
f 9117 9201 9202
f 9118 9202 9203
f 9119 9203 9204
f 9120 9204 9205
f 9121 9205 9206
f 9122 9206 9207
f 9123 9207 9208
f 9124 9208 9209
f 9125 9209 9210
f 9126 9210 9211
f 9127 9211 9212
f 9128 9212 9213
f 9129 9213 9214
f 9130 9214 9215
f 9131 9215 9216
f 9132 9216 9217
f 9133 9217 9218
f 9134 9218 9219
f 9135 9219 9220
f 9136 9220 9221
f 9137 9221 9222
f 9138 9222 9223
f 9139 9223 9224
f 9140 9224 9225
f 9141 9225 9226
f 9142 9226 9227
f 9143 9227 9228
f 9144 9228 9229
f 9145 9229 9230
f 9146 9230 9231
f 9147 9231 9232
f 9148 9232 9233
f 9149 9233 9234
f 9150 9234 9235
f 9151 9235 9236
f 9152 9236 9237
f 9153 9237 9238
f 9154 9238 9239
f 9155 9239 9240
f 9156 9240 9157
f 9157 9242 9158
f 9158 9243 9159
f 9159 9244 9160
f 9160 9245 9161
f 9161 9246 9162
f 9162 9247 9163
f 9163 9248 9164
f 9164 9249 9165
f 9165 9250 9166
f 9166 9251 9167
f 9167 9252 9168
f 9168 9253 9169
f 9169 9254 9170
f 9170 9255 9171
f 9171 9256 9172
f 9172 9257 9173
f 9173 9258 9174
f 9174 9259 9175
f 9175 9260 9176
f 9176 9261 9177
f 9177 9262 9178
f 9178 9263 9179
f 9179 9264 9180
f 9180 9265 9181
f 9181 9266 9182
f 9182 9267 9183
f 9183 9268 9184
f 9184 9269 9185
f 9185 9270 9186
f 9186 9271 9187
f 9187 9272 9188
f 9188 9273 9189
f 9189 9274 9190
f 9190 9275 9191
f 9191 9276 9192
f 9192 9277 9193
f 9193 9278 9194
f 9194 9279 9195
f 9195 9280 9196
f 9196 9281 9197
f 9197 9282 9198
f 9198 9283 9199
f 9199 9284 9200
f 9200 9285 9201
f 9201 9286 9202
f 9202 9287 9203
f 9203 9288 9204
f 9204 9289 9205
f 9205 9290 9206
f 9206 9291 9207
f 9207 9292 9208
f 9208 9293 9209
f 9209 9294 9210
f 9210 9295 9211
f 9211 9296 9212
f 9212 9297 9213
f 9213 9298 9214
f 9214 9299 9215
f 9215 9300 9216
f 9216 9301 9217
f 9217 9302 9218
f 9218 9303 9219
f 9219 9304 9220
f 9220 9305 9221
f 9221 9306 9222
f 9222 9307 9223
f 9223 9308 9224
f 9224 9309 9225
f 9225 9310 9226
f 9226 9311 9227
f 9227 9312 9228
f 9228 9313 9229
f 9229 9314 9230
f 9230 9315 9231
f 9231 9316 9232
f 9232 9317 9233
f 9233 9318 9234
f 9234 9319 9235
f 9235 9320 9236
f 9236 9321 9237
f 9237 9322 9238
f 9238 9323 9239
f 9239 9324 9240
f 9240 9241 9157
f 9157 9241 9242
f 9158 9242 9243
f 9159 9243 9244
f 9160 9244 9245
f 9161 9245 9246
f 9162 9246 9247
f 9163 9247 9248
f 9164 9248 9249
f 9165 9249 9250
f 9166 9250 9251
f 9167 9251 9252
f 9168 9252 9253
f 9169 9253 9254
f 9170 9254 9255
f 9171 9255 9256
f 9172 9256 9257
f 9173 9257 9258
f 9174 9258 9259
f 9175 9259 9260
f 9176 9260 9261
f 9177 9261 9262
f 9178 9262 9263
f 9179 9263 9264
f 9180 9264 9265
f 9181 9265 9266
f 9182 9266 9267
f 9183 9267 9268
f 9184 9268 9269
f 9185 9269 9270
f 9186 9270 9271
f 9187 9271 9272
f 9188 9272 9273
f 9189 9273 9274
f 9190 9274 9275
f 9191 9275 9276
f 9192 9276 9277
f 9193 9277 9278
f 9194 9278 9279
f 9195 9279 9280
f 9196 9280 9281
f 9197 9281 9282
f 9198 9282 9283
f 9199 9283 9284
f 9200 9284 9285
f 9201 9285 9286
f 9202 9286 9287
f 9203 9287 9288
f 9204 9288 9289
f 9205 9289 9290
f 9206 9290 9291
f 9207 9291 9292
f 9208 9292 9293
f 9209 9293 9294
f 9210 9294 9295
f 9211 9295 9296
f 9212 9296 9297
f 9213 9297 9298
f 9214 9298 9299
f 9215 9299 9300
f 9216 9300 9301
f 9217 9301 9302
f 9218 9302 9303
f 9219 9303 9304
f 9220 9304 9305
f 9221 9305 9306
f 9222 9306 9307
f 9223 9307 9308
f 9224 9308 9309
f 9225 9309 9310
f 9226 9310 9311
f 9227 9311 9312
f 9228 9312 9313
f 9229 9313 9314
f 9230 9314 9315
f 9231 9315 9316
f 9232 9316 9317
f 9233 9317 9318
f 9234 9318 9319
f 9235 9319 9320
f 9236 9320 9321
f 9237 9321 9322
f 9238 9322 9323
f 9239 9323 9324
f 9240 9324 9241
f 9241 9326 9242
f 9242 9327 9243
f 9243 9328 9244
f 9244 9329 9245
f 9245 9330 9246
f 9246 9331 9247
f 9247 9332 9248
f 9248 9333 9249
f 9249 9334 9250
f 9250 9335 9251
f 9251 9336 9252
f 9252 9337 9253
f 9253 9338 9254
f 9254 9339 9255
f 9255 9340 9256
f 9256 9341 9257
f 9257 9342 9258
f 9258 9343 9259
f 9259 9344 9260
f 9260 9345 9261
f 9261 9346 9262
f 9262 9347 9263
f 9263 9348 9264
f 9264 9349 9265
f 9265 9350 9266
f 9266 9351 9267
f 9267 9352 9268
f 9268 9353 9269
f 9269 9354 9270
f 9270 9355 9271
f 9271 9356 9272
f 9272 9357 9273
f 9273 9358 9274
f 9274 9359 9275
f 9275 9360 9276
f 9276 9361 9277
f 9277 9362 9278
f 9278 9363 9279
f 9279 9364 9280
f 9280 9365 9281
f 9281 9366 9282
f 9282 9367 9283
f 9283 9368 9284
f 9284 9369 9285
f 9285 9370 9286
f 9286 9371 9287
f 9287 9372 9288
f 9288 9373 9289
f 9289 9374 9290
f 9290 9375 9291
f 9291 9376 9292
f 9292 9377 9293
f 9293 9378 9294
f 9294 9379 9295
f 9295 9380 9296
f 9296 9381 9297
f 9297 9382 9298
f 9298 9383 9299
f 9299 9384 9300
f 9300 9385 9301
f 9301 9386 9302
f 9302 9387 9303
f 9303 9388 9304
f 9304 9389 9305
f 9305 9390 9306
f 9306 9391 9307
f 9307 9392 9308
f 9308 9393 9309
f 9309 9394 9310
f 9310 9395 9311
f 9311 9396 9312
f 9312 9397 9313
f 9313 9398 9314
f 9314 9399 9315
f 9315 9400 9316
f 9316 9401 9317
f 9317 9402 9318
f 9318 9403 9319
f 9319 9404 9320
f 9320 9405 9321
f 9321 9406 9322
f 9322 9407 9323
f 9323 9408 9324
f 9324 9325 9241
f 9241 9325 9326
f 9242 9326 9327
f 9243 9327 9328
f 9244 9328 9329
f 9245 9329 9330
f 9246 9330 9331
f 9247 9331 9332
f 9248 9332 9333
f 9249 9333 9334
f 9250 9334 9335
f 9251 9335 9336
f 9252 9336 9337
f 9253 9337 9338
f 9254 9338 9339
f 9255 9339 9340
f 9256 9340 9341
f 9257 9341 9342
f 9258 9342 9343
f 9259 9343 9344
f 9260 9344 9345
f 9261 9345 9346
f 9262 9346 9347
f 9263 9347 9348
f 9264 9348 9349
f 9265 9349 9350
f 9266 9350 9351
f 9267 9351 9352
f 9268 9352 9353
f 9269 9353 9354
f 9270 9354 9355
f 9271 9355 9356
f 9272 9356 9357
f 9273 9357 9358
f 9274 9358 9359
f 9275 9359 9360
f 9276 9360 9361
f 9277 9361 9362
f 9278 9362 9363
f 9279 9363 9364
f 9280 9364 9365
f 9281 9365 9366
f 9282 9366 9367
f 9283 9367 9368
f 9284 9368 9369
f 9285 9369 9370
f 9286 9370 9371
f 9287 9371 9372
f 9288 9372 9373
f 9289 9373 9374
f 9290 9374 9375
f 9291 9375 9376
f 9292 9376 9377
f 9293 9377 9378
f 9294 9378 9379
f 9295 9379 9380
f 9296 9380 9381
f 9297 9381 9382
f 9298 9382 9383
f 9299 9383 9384
f 9300 9384 9385
f 9301 9385 9386
f 9302 9386 9387
f 9303 9387 9388
f 9304 9388 9389
f 9305 9389 9390
f 9306 9390 9391
f 9307 9391 9392
f 9308 9392 9393
f 9309 9393 9394
f 9310 9394 9395
f 9311 9395 9396
f 9312 9396 9397
f 9313 9397 9398
f 9314 9398 9399
f 9315 9399 9400
f 9316 9400 9401
f 9317 9401 9402
f 9318 9402 9403
f 9319 9403 9404
f 9320 9404 9405
f 9321 9405 9406
f 9322 9406 9407
f 9323 9407 9408
f 9324 9408 9325
f 9325 9410 9326
f 9326 9411 9327
f 9327 9412 9328
f 9328 9413 9329
f 9329 9414 9330
f 9330 9415 9331
f 9331 9416 9332
f 9332 9417 9333
f 9333 9418 9334
f 9334 9419 9335
f 9335 9420 9336
f 9336 9421 9337
f 9337 9422 9338
f 9338 9423 9339
f 9339 9424 9340
f 9340 9425 9341
f 9341 9426 9342
f 9342 9427 9343
f 9343 9428 9344
f 9344 9429 9345
f 9345 9430 9346
f 9346 9431 9347
f 9347 9432 9348
f 9348 9433 9349
f 9349 9434 9350
f 9350 9435 9351
f 9351 9436 9352
f 9352 9437 9353
f 9353 9438 9354
f 9354 9439 9355
f 9355 9440 9356
f 9356 9441 9357
f 9357 9442 9358
f 9358 9443 9359
f 9359 9444 9360
f 9360 9445 9361
f 9361 9446 9362
f 9362 9447 9363
f 9363 9448 9364
f 9364 9449 9365
f 9365 9450 9366
f 9366 9451 9367
f 9367 9452 9368
f 9368 9453 9369
f 9369 9454 9370
f 9370 9455 9371
f 9371 9456 9372
f 9372 9457 9373
f 9373 9458 9374
f 9374 9459 9375
f 9375 9460 9376
f 9376 9461 9377
f 9377 9462 9378
f 9378 9463 9379
f 9379 9464 9380
f 9380 9465 9381
f 9381 9466 9382
f 9382 9467 9383
f 9383 9468 9384
f 9384 9469 9385
f 9385 9470 9386
f 9386 9471 9387
f 9387 9472 9388
f 9388 9473 9389
f 9389 9474 9390
f 9390 9475 9391
f 9391 9476 9392
f 9392 9477 9393
f 9393 9478 9394
f 9394 9479 9395
f 9395 9480 9396
f 9396 9481 9397
f 9397 9482 9398
f 9398 9483 9399
f 9399 9484 9400
f 9400 9485 9401
f 9401 9486 9402
f 9402 9487 9403
f 9403 9488 9404
f 9404 9489 9405
f 9405 9490 9406
f 9406 9491 9407
f 9407 9492 9408
f 9408 9409 9325
f 9325 9409 9410
f 9326 9410 9411
f 9327 9411 9412
f 9328 9412 9413
f 9329 9413 9414
f 9330 9414 9415
f 9331 9415 9416
f 9332 9416 9417
f 9333 9417 9418
f 9334 9418 9419
f 9335 9419 9420
f 9336 9420 9421
f 9337 9421 9422
f 9338 9422 9423
f 9339 9423 9424
f 9340 9424 9425
f 9341 9425 9426
f 9342 9426 9427
f 9343 9427 9428
f 9344 9428 9429
f 9345 9429 9430
f 9346 9430 9431
f 9347 9431 9432
f 9348 9432 9433
f 9349 9433 9434
f 9350 9434 9435
f 9351 9435 9436
f 9352 9436 9437
f 9353 9437 9438
f 9354 9438 9439
f 9355 9439 9440
f 9356 9440 9441
f 9357 9441 9442
f 9358 9442 9443
f 9359 9443 9444
f 9360 9444 9445
f 9361 9445 9446
f 9362 9446 9447
f 9363 9447 9448
f 9364 9448 9449
f 9365 9449 9450
f 9366 9450 9451
f 9367 9451 9452
f 9368 9452 9453
f 9369 9453 9454
f 9370 9454 9455
f 9371 9455 9456
f 9372 9456 9457
f 9373 9457 9458
f 9374 9458 9459
f 9375 9459 9460
f 9376 9460 9461
f 9377 9461 9462
f 9378 9462 9463
f 9379 9463 9464
f 9380 9464 9465
f 9381 9465 9466
f 9382 9466 9467
f 9383 9467 9468
f 9384 9468 9469
f 9385 9469 9470
f 9386 9470 9471
f 9387 9471 9472
f 9388 9472 9473
f 9389 9473 9474
f 9390 9474 9475
f 9391 9475 9476
f 9392 9476 9477
f 9393 9477 9478
f 9394 9478 9479
f 9395 9479 9480
f 9396 9480 9481
f 9397 9481 9482
f 9398 9482 9483
f 9399 9483 9484
f 9400 9484 9485
f 9401 9485 9486
f 9402 9486 9487
f 9403 9487 9488
f 9404 9488 9489
f 9405 9489 9490
f 9406 9490 9491
f 9407 9491 9492
f 9408 9492 9409
f 9409 9494 9410
f 9410 9495 9411
f 9411 9496 9412
f 9412 9497 9413
f 9413 9498 9414
f 9414 9499 9415
f 9415 9500 9416
f 9416 9501 9417
f 9417 9502 9418
f 9418 9503 9419
f 9419 9504 9420
f 9420 9505 9421
f 9421 9506 9422
f 9422 9507 9423
f 9423 9508 9424
f 9424 9509 9425
f 9425 9510 9426
f 9426 9511 9427
f 9427 9512 9428
f 9428 9513 9429
f 9429 9514 9430
f 9430 9515 9431
f 9431 9516 9432
f 9432 9517 9433
f 9433 9518 9434
f 9434 9519 9435
f 9435 9520 9436
f 9436 9521 9437
f 9437 9522 9438
f 9438 9523 9439
f 9439 9524 9440
f 9440 9525 9441
f 9441 9526 9442
f 9442 9527 9443
f 9443 9528 9444
f 9444 9529 9445
f 9445 9530 9446
f 9446 9531 9447
f 9447 9532 9448
f 9448 9533 9449
f 9449 9534 9450
f 9450 9535 9451
f 9451 9536 9452
f 9452 9537 9453
f 9453 9538 9454
f 9454 9539 9455
f 9455 9540 9456
f 9456 9541 9457
f 9457 9542 9458
f 9458 9543 9459
f 9459 9544 9460
f 9460 9545 9461
f 9461 9546 9462
f 9462 9547 9463
f 9463 9548 9464
f 9464 9549 9465
f 9465 9550 9466
f 9466 9551 9467
f 9467 9552 9468
f 9468 9553 9469
f 9469 9554 9470
f 9470 9555 9471
f 9471 9556 9472
f 9472 9557 9473
f 9473 9558 9474
f 9474 9559 9475
f 9475 9560 9476
f 9476 9561 9477
f 9477 9562 9478
f 9478 9563 9479
f 9479 9564 9480
f 9480 9565 9481
f 9481 9566 9482
f 9482 9567 9483
f 9483 9568 9484
f 9484 9569 9485
f 9485 9570 9486
f 9486 9571 9487
f 9487 9572 9488
f 9488 9573 9489
f 9489 9574 9490
f 9490 9575 9491
f 9491 9576 9492
f 9492 9493 9409
f 9409 9493 9494
f 9410 9494 9495
f 9411 9495 9496
f 9412 9496 9497
f 9413 9497 9498
f 9414 9498 9499
f 9415 9499 9500
f 9416 9500 9501
f 9417 9501 9502
f 9418 9502 9503
f 9419 9503 9504
f 9420 9504 9505
f 9421 9505 9506
f 9422 9506 9507
f 9423 9507 9508
f 9424 9508 9509
f 9425 9509 9510
f 9426 9510 9511
f 9427 9511 9512
f 9428 9512 9513
f 9429 9513 9514
f 9430 9514 9515
f 9431 9515 9516
f 9432 9516 9517
f 9433 9517 9518
f 9434 9518 9519
f 9435 9519 9520
f 9436 9520 9521
f 9437 9521 9522
f 9438 9522 9523
f 9439 9523 9524
f 9440 9524 9525
f 9441 9525 9526
f 9442 9526 9527
f 9443 9527 9528
f 9444 9528 9529
f 9445 9529 9530
f 9446 9530 9531
f 9447 9531 9532
f 9448 9532 9533
f 9449 9533 9534
f 9450 9534 9535
f 9451 9535 9536
f 9452 9536 9537
f 9453 9537 9538
f 9454 9538 9539
f 9455 9539 9540
f 9456 9540 9541
f 9457 9541 9542
f 9458 9542 9543
f 9459 9543 9544
f 9460 9544 9545
f 9461 9545 9546
f 9462 9546 9547
f 9463 9547 9548
f 9464 9548 9549
f 9465 9549 9550
f 9466 9550 9551
f 9467 9551 9552
f 9468 9552 9553
f 9469 9553 9554
f 9470 9554 9555
f 9471 9555 9556
f 9472 9556 9557
f 9473 9557 9558
f 9474 9558 9559
f 9475 9559 9560
f 9476 9560 9561
f 9477 9561 9562
f 9478 9562 9563
f 9479 9563 9564
f 9480 9564 9565
f 9481 9565 9566
f 9482 9566 9567
f 9483 9567 9568
f 9484 9568 9569
f 9485 9569 9570
f 9486 9570 9571
f 9487 9571 9572
f 9488 9572 9573
f 9489 9573 9574
f 9490 9574 9575
f 9491 9575 9576
f 9492 9576 9493
f 9493 9578 9494
f 9494 9579 9495
f 9495 9580 9496
f 9496 9581 9497
f 9497 9582 9498
f 9498 9583 9499
f 9499 9584 9500
f 9500 9585 9501
f 9501 9586 9502
f 9502 9587 9503
f 9503 9588 9504
f 9504 9589 9505
f 9505 9590 9506
f 9506 9591 9507
f 9507 9592 9508
f 9508 9593 9509
f 9509 9594 9510
f 9510 9595 9511
f 9511 9596 9512
f 9512 9597 9513
f 9513 9598 9514
f 9514 9599 9515
f 9515 9600 9516
f 9516 9601 9517
f 9517 9602 9518
f 9518 9603 9519
f 9519 9604 9520
f 9520 9605 9521
f 9521 9606 9522
f 9522 9607 9523
f 9523 9608 9524
f 9524 9609 9525
f 9525 9610 9526
f 9526 9611 9527
f 9527 9612 9528
f 9528 9613 9529
f 9529 9614 9530
f 9530 9615 9531
f 9531 9616 9532
f 9532 9617 9533
f 9533 9618 9534
f 9534 9619 9535
f 9535 9620 9536
f 9536 9621 9537
f 9537 9622 9538
f 9538 9623 9539
f 9539 9624 9540
f 9540 9625 9541
f 9541 9626 9542
f 9542 9627 9543
f 9543 9628 9544
f 9544 9629 9545
f 9545 9630 9546
f 9546 9631 9547
f 9547 9632 9548
f 9548 9633 9549
f 9549 9634 9550
f 9550 9635 9551
f 9551 9636 9552
f 9552 9637 9553
f 9553 9638 9554
f 9554 9639 9555
f 9555 9640 9556
f 9556 9641 9557
f 9557 9642 9558
f 9558 9643 9559
f 9559 9644 9560
f 9560 9645 9561
f 9561 9646 9562
f 9562 9647 9563
f 9563 9648 9564
f 9564 9649 9565
f 9565 9650 9566
f 9566 9651 9567
f 9567 9652 9568
f 9568 9653 9569
f 9569 9654 9570
f 9570 9655 9571
f 9571 9656 9572
f 9572 9657 9573
f 9573 9658 9574
f 9574 9659 9575
f 9575 9660 9576
f 9576 9577 9493
f 9493 9577 9578
f 9494 9578 9579
f 9495 9579 9580
f 9496 9580 9581
f 9497 9581 9582
f 9498 9582 9583
f 9499 9583 9584
f 9500 9584 9585
f 9501 9585 9586
f 9502 9586 9587
f 9503 9587 9588
f 9504 9588 9589
f 9505 9589 9590
f 9506 9590 9591
f 9507 9591 9592
f 9508 9592 9593
f 9509 9593 9594
f 9510 9594 9595
f 9511 9595 9596
f 9512 9596 9597
f 9513 9597 9598
f 9514 9598 9599
f 9515 9599 9600
f 9516 9600 9601
f 9517 9601 9602
f 9518 9602 9603
f 9519 9603 9604
f 9520 9604 9605
f 9521 9605 9606
f 9522 9606 9607
f 9523 9607 9608
f 9524 9608 9609
f 9525 9609 9610
f 9526 9610 9611
f 9527 9611 9612
f 9528 9612 9613
f 9529 9613 9614
f 9530 9614 9615
f 9531 9615 9616
f 9532 9616 9617
f 9533 9617 9618
f 9534 9618 9619
f 9535 9619 9620
f 9536 9620 9621
f 9537 9621 9622
f 9538 9622 9623
f 9539 9623 9624
f 9540 9624 9625
f 9541 9625 9626
f 9542 9626 9627
f 9543 9627 9628
f 9544 9628 9629
f 9545 9629 9630
f 9546 9630 9631
f 9547 9631 9632
f 9548 9632 9633
f 9549 9633 9634
f 9550 9634 9635
f 9551 9635 9636
f 9552 9636 9637
f 9553 9637 9638
f 9554 9638 9639
f 9555 9639 9640
f 9556 9640 9641
f 9557 9641 9642
f 9558 9642 9643
f 9559 9643 9644
f 9560 9644 9645
f 9561 9645 9646
f 9562 9646 9647
f 9563 9647 9648
f 9564 9648 9649
f 9565 9649 9650
f 9566 9650 9651
f 9567 9651 9652
f 9568 9652 9653
f 9569 9653 9654
f 9570 9654 9655
f 9571 9655 9656
f 9572 9656 9657
f 9573 9657 9658
f 9574 9658 9659
f 9575 9659 9660
f 9576 9660 9577
f 9577 9662 9578
f 9578 9663 9579
f 9579 9664 9580
f 9580 9665 9581
f 9581 9666 9582
f 9582 9667 9583
f 9583 9668 9584
f 9584 9669 9585
f 9585 9670 9586
f 9586 9671 9587
f 9587 9672 9588
f 9588 9673 9589
f 9589 9674 9590
f 9590 9675 9591
f 9591 9676 9592
f 9592 9677 9593
f 9593 9678 9594
f 9594 9679 9595
f 9595 9680 9596
f 9596 9681 9597
f 9597 9682 9598
f 9598 9683 9599
f 9599 9684 9600
f 9600 9685 9601
f 9601 9686 9602
f 9602 9687 9603
f 9603 9688 9604
f 9604 9689 9605
f 9605 9690 9606
f 9606 9691 9607
f 9607 9692 9608
f 9608 9693 9609
f 9609 9694 9610
f 9610 9695 9611
f 9611 9696 9612
f 9612 9697 9613
f 9613 9698 9614
f 9614 9699 9615
f 9615 9700 9616
f 9616 9701 9617
f 9617 9702 9618
f 9618 9703 9619
f 9619 9704 9620
f 9620 9705 9621
f 9621 9706 9622
f 9622 9707 9623
f 9623 9708 9624
f 9624 9709 9625
f 9625 9710 9626
f 9626 9711 9627
f 9627 9712 9628
f 9628 9713 9629
f 9629 9714 9630
f 9630 9715 9631
f 9631 9716 9632
f 9632 9717 9633
f 9633 9718 9634
f 9634 9719 9635
f 9635 9720 9636
f 9636 9721 9637
f 9637 9722 9638
f 9638 9723 9639
f 9639 9724 9640
f 9640 9725 9641
f 9641 9726 9642
f 9642 9727 9643
f 9643 9728 9644
f 9644 9729 9645
f 9645 9730 9646
f 9646 9731 9647
f 9647 9732 9648
f 9648 9733 9649
f 9649 9734 9650
f 9650 9735 9651
f 9651 9736 9652
f 9652 9737 9653
f 9653 9738 9654
f 9654 9739 9655
f 9655 9740 9656
f 9656 9741 9657
f 9657 9742 9658
f 9658 9743 9659
f 9659 9744 9660
f 9660 9661 9577
f 9577 9661 9662
f 9578 9662 9663
f 9579 9663 9664
f 9580 9664 9665
f 9581 9665 9666
f 9582 9666 9667
f 9583 9667 9668
f 9584 9668 9669
f 9585 9669 9670
f 9586 9670 9671
f 9587 9671 9672
f 9588 9672 9673
f 9589 9673 9674
f 9590 9674 9675
f 9591 9675 9676
f 9592 9676 9677
f 9593 9677 9678
f 9594 9678 9679
f 9595 9679 9680
f 9596 9680 9681
f 9597 9681 9682
f 9598 9682 9683
f 9599 9683 9684
f 9600 9684 9685
f 9601 9685 9686
f 9602 9686 9687
f 9603 9687 9688
f 9604 9688 9689
f 9605 9689 9690
f 9606 9690 9691
f 9607 9691 9692
f 9608 9692 9693
f 9609 9693 9694
f 9610 9694 9695
f 9611 9695 9696
f 9612 9696 9697
f 9613 9697 9698
f 9614 9698 9699
f 9615 9699 9700
f 9616 9700 9701
f 9617 9701 9702
f 9618 9702 9703
f 9619 9703 9704
f 9620 9704 9705
f 9621 9705 9706
f 9622 9706 9707
f 9623 9707 9708
f 9624 9708 9709
f 9625 9709 9710
f 9626 9710 9711
f 9627 9711 9712
f 9628 9712 9713
f 9629 9713 9714
f 9630 9714 9715
f 9631 9715 9716
f 9632 9716 9717
f 9633 9717 9718
f 9634 9718 9719
f 9635 9719 9720
f 9636 9720 9721
f 9637 9721 9722
f 9638 9722 9723
f 9639 9723 9724
f 9640 9724 9725
f 9641 9725 9726
f 9642 9726 9727
f 9643 9727 9728
f 9644 9728 9729
f 9645 9729 9730
f 9646 9730 9731
f 9647 9731 9732
f 9648 9732 9733
f 9649 9733 9734
f 9650 9734 9735
f 9651 9735 9736
f 9652 9736 9737
f 9653 9737 9738
f 9654 9738 9739
f 9655 9739 9740
f 9656 9740 9741
f 9657 9741 9742
f 9658 9742 9743
f 9659 9743 9744
f 9660 9744 9661
f 9661 9746 9662
f 9662 9747 9663
f 9663 9748 9664
f 9664 9749 9665
f 9665 9750 9666
f 9666 9751 9667
f 9667 9752 9668
f 9668 9753 9669
f 9669 9754 9670
f 9670 9755 9671
f 9671 9756 9672
f 9672 9757 9673
f 9673 9758 9674
f 9674 9759 9675
f 9675 9760 9676
f 9676 9761 9677
f 9677 9762 9678
f 9678 9763 9679
f 9679 9764 9680
f 9680 9765 9681
f 9681 9766 9682
f 9682 9767 9683
f 9683 9768 9684
f 9684 9769 9685
f 9685 9770 9686
f 9686 9771 9687
f 9687 9772 9688
f 9688 9773 9689
f 9689 9774 9690
f 9690 9775 9691
f 9691 9776 9692
f 9692 9777 9693
f 9693 9778 9694
f 9694 9779 9695
f 9695 9780 9696
f 9696 9781 9697
f 9697 9782 9698
f 9698 9783 9699
f 9699 9784 9700
f 9700 9785 9701
f 9701 9786 9702
f 9702 9787 9703
f 9703 9788 9704
f 9704 9789 9705
f 9705 9790 9706
f 9706 9791 9707
f 9707 9792 9708
f 9708 9793 9709
f 9709 9794 9710
f 9710 9795 9711
f 9711 9796 9712
f 9712 9797 9713
f 9713 9798 9714
f 9714 9799 9715
f 9715 9800 9716
f 9716 9801 9717
f 9717 9802 9718
f 9718 9803 9719
f 9719 9804 9720
f 9720 9805 9721
f 9721 9806 9722
f 9722 9807 9723
f 9723 9808 9724
f 9724 9809 9725
f 9725 9810 9726
f 9726 9811 9727
f 9727 9812 9728
f 9728 9813 9729
f 9729 9814 9730
f 9730 9815 9731
f 9731 9816 9732
f 9732 9817 9733
f 9733 9818 9734
f 9734 9819 9735
f 9735 9820 9736
f 9736 9821 9737
f 9737 9822 9738
f 9738 9823 9739
f 9739 9824 9740
f 9740 9825 9741
f 9741 9826 9742
f 9742 9827 9743
f 9743 9828 9744
f 9744 9745 9661
f 9661 9745 9746
f 9662 9746 9747
f 9663 9747 9748
f 9664 9748 9749
f 9665 9749 9750
f 9666 9750 9751
f 9667 9751 9752
f 9668 9752 9753
f 9669 9753 9754
f 9670 9754 9755
f 9671 9755 9756
f 9672 9756 9757
f 9673 9757 9758
f 9674 9758 9759
f 9675 9759 9760
f 9676 9760 9761
f 9677 9761 9762
f 9678 9762 9763
f 9679 9763 9764
f 9680 9764 9765
f 9681 9765 9766
f 9682 9766 9767
f 9683 9767 9768
f 9684 9768 9769
f 9685 9769 9770
f 9686 9770 9771
f 9687 9771 9772
f 9688 9772 9773
f 9689 9773 9774
f 9690 9774 9775
f 9691 9775 9776
f 9692 9776 9777
f 9693 9777 9778
f 9694 9778 9779
f 9695 9779 9780
f 9696 9780 9781
f 9697 9781 9782
f 9698 9782 9783
f 9699 9783 9784
f 9700 9784 9785
f 9701 9785 9786
f 9702 9786 9787
f 9703 9787 9788
f 9704 9788 9789
f 9705 9789 9790
f 9706 9790 9791
f 9707 9791 9792
f 9708 9792 9793
f 9709 9793 9794
f 9710 9794 9795
f 9711 9795 9796
f 9712 9796 9797
f 9713 9797 9798
f 9714 9798 9799
f 9715 9799 9800
f 9716 9800 9801
f 9717 9801 9802
f 9718 9802 9803
f 9719 9803 9804
f 9720 9804 9805
f 9721 9805 9806
f 9722 9806 9807
f 9723 9807 9808
f 9724 9808 9809
f 9725 9809 9810
f 9726 9810 9811
f 9727 9811 9812
f 9728 9812 9813
f 9729 9813 9814
f 9730 9814 9815
f 9731 9815 9816
f 9732 9816 9817
f 9733 9817 9818
f 9734 9818 9819
f 9735 9819 9820
f 9736 9820 9821
f 9737 9821 9822
f 9738 9822 9823
f 9739 9823 9824
f 9740 9824 9825
f 9741 9825 9826
f 9742 9826 9827
f 9743 9827 9828
f 9744 9828 9745
f 9745 9830 9746
f 9746 9831 9747
f 9747 9832 9748
f 9748 9833 9749
f 9749 9834 9750
f 9750 9835 9751
f 9751 9836 9752
f 9752 9837 9753
f 9753 9838 9754
f 9754 9839 9755
f 9755 9840 9756
f 9756 9841 9757
f 9757 9842 9758
f 9758 9843 9759
f 9759 9844 9760
f 9760 9845 9761
f 9761 9846 9762
f 9762 9847 9763
f 9763 9848 9764
f 9764 9849 9765
f 9765 9850 9766
f 9766 9851 9767
f 9767 9852 9768
f 9768 9853 9769
f 9769 9854 9770
f 9770 9855 9771
f 9771 9856 9772
f 9772 9857 9773
f 9773 9858 9774
f 9774 9859 9775
f 9775 9860 9776
f 9776 9861 9777
f 9777 9862 9778
f 9778 9863 9779
f 9779 9864 9780
f 9780 9865 9781
f 9781 9866 9782
f 9782 9867 9783
f 9783 9868 9784
f 9784 9869 9785
f 9785 9870 9786
f 9786 9871 9787
f 9787 9872 9788
f 9788 9873 9789
f 9789 9874 9790
f 9790 9875 9791
f 9791 9876 9792
f 9792 9877 9793
f 9793 9878 9794
f 9794 9879 9795
f 9795 9880 9796
f 9796 9881 9797
f 9797 9882 9798
f 9798 9883 9799
f 9799 9884 9800
f 9800 9885 9801
f 9801 9886 9802
f 9802 9887 9803
f 9803 9888 9804
f 9804 9889 9805
f 9805 9890 9806
f 9806 9891 9807
f 9807 9892 9808
f 9808 9893 9809
f 9809 9894 9810
f 9810 9895 9811
f 9811 9896 9812
f 9812 9897 9813
f 9813 9898 9814
f 9814 9899 9815
f 9815 9900 9816
f 9816 9901 9817
f 9817 9902 9818
f 9818 9903 9819
f 9819 9904 9820
f 9820 9905 9821
f 9821 9906 9822
f 9822 9907 9823
f 9823 9908 9824
f 9824 9909 9825
f 9825 9910 9826
f 9826 9911 9827
f 9827 9912 9828
f 9828 9829 9745
f 9745 9829 9830
f 9746 9830 9831
f 9747 9831 9832
f 9748 9832 9833
f 9749 9833 9834
f 9750 9834 9835
f 9751 9835 9836
f 9752 9836 9837
f 9753 9837 9838
f 9754 9838 9839
f 9755 9839 9840
f 9756 9840 9841
f 9757 9841 9842
f 9758 9842 9843
f 9759 9843 9844
f 9760 9844 9845
f 9761 9845 9846
f 9762 9846 9847
f 9763 9847 9848
f 9764 9848 9849
f 9765 9849 9850
f 9766 9850 9851
f 9767 9851 9852
f 9768 9852 9853
f 9769 9853 9854
f 9770 9854 9855
f 9771 9855 9856
f 9772 9856 9857
f 9773 9857 9858
f 9774 9858 9859
f 9775 9859 9860
f 9776 9860 9861
f 9777 9861 9862
f 9778 9862 9863
f 9779 9863 9864
f 9780 9864 9865
f 9781 9865 9866
f 9782 9866 9867
f 9783 9867 9868
f 9784 9868 9869
f 9785 9869 9870
f 9786 9870 9871
f 9787 9871 9872
f 9788 9872 9873
f 9789 9873 9874
f 9790 9874 9875
f 9791 9875 9876
f 9792 9876 9877
f 9793 9877 9878
f 9794 9878 9879
f 9795 9879 9880
f 9796 9880 9881
f 9797 9881 9882
f 9798 9882 9883
f 9799 9883 9884
f 9800 9884 9885
f 9801 9885 9886
f 9802 9886 9887
f 9803 9887 9888
f 9804 9888 9889
f 9805 9889 9890
f 9806 9890 9891
f 9807 9891 9892
f 9808 9892 9893
f 9809 9893 9894
f 9810 9894 9895
f 9811 9895 9896
f 9812 9896 9897
f 9813 9897 9898
f 9814 9898 9899
f 9815 9899 9900
f 9816 9900 9901
f 9817 9901 9902
f 9818 9902 9903
f 9819 9903 9904
f 9820 9904 9905
f 9821 9905 9906
f 9822 9906 9907
f 9823 9907 9908
f 9824 9908 9909
f 9825 9909 9910
f 9826 9910 9911
f 9827 9911 9912
f 9828 9912 9829
f 9829 9914 9830
f 9830 9915 9831
f 9831 9916 9832
f 9832 9917 9833
f 9833 9918 9834
f 9834 9919 9835
f 9835 9920 9836
f 9836 9921 9837
f 9837 9922 9838
f 9838 9923 9839
f 9839 9924 9840
f 9840 9925 9841
f 9841 9926 9842
f 9842 9927 9843
f 9843 9928 9844
f 9844 9929 9845
f 9845 9930 9846
f 9846 9931 9847
f 9847 9932 9848
f 9848 9933 9849
f 9849 9934 9850
f 9850 9935 9851
f 9851 9936 9852
f 9852 9937 9853
f 9853 9938 9854
f 9854 9939 9855
f 9855 9940 9856
f 9856 9941 9857
f 9857 9942 9858
f 9858 9943 9859
f 9859 9944 9860
f 9860 9945 9861
f 9861 9946 9862
f 9862 9947 9863
f 9863 9948 9864
f 9864 9949 9865
f 9865 9950 9866
f 9866 9951 9867
f 9867 9952 9868
f 9868 9953 9869
f 9869 9954 9870
f 9870 9955 9871
f 9871 9956 9872
f 9872 9957 9873
f 9873 9958 9874
f 9874 9959 9875
f 9875 9960 9876
f 9876 9961 9877
f 9877 9962 9878
f 9878 9963 9879
f 9879 9964 9880
f 9880 9965 9881
f 9881 9966 9882
f 9882 9967 9883
f 9883 9968 9884
f 9884 9969 9885
f 9885 9970 9886
f 9886 9971 9887
f 9887 9972 9888
f 9888 9973 9889
f 9889 9974 9890
f 9890 9975 9891
f 9891 9976 9892
f 9892 9977 9893
f 9893 9978 9894
f 9894 9979 9895
f 9895 9980 9896
f 9896 9981 9897
f 9897 9982 9898
f 9898 9983 9899
f 9899 9984 9900
f 9900 9985 9901
f 9901 9986 9902
f 9902 9987 9903
f 9903 9988 9904
f 9904 9989 9905
f 9905 9990 9906
f 9906 9991 9907
f 9907 9992 9908
f 9908 9993 9909
f 9909 9994 9910
f 9910 9995 9911
f 9911 9996 9912
f 9912 9913 9829
f 9829 9913 9914
f 9830 9914 9915
f 9831 9915 9916
f 9832 9916 9917
f 9833 9917 9918
f 9834 9918 9919
f 9835 9919 9920
f 9836 9920 9921
f 9837 9921 9922
f 9838 9922 9923
f 9839 9923 9924
f 9840 9924 9925
f 9841 9925 9926
f 9842 9926 9927
f 9843 9927 9928
f 9844 9928 9929
f 9845 9929 9930
f 9846 9930 9931
f 9847 9931 9932
f 9848 9932 9933
f 9849 9933 9934
f 9850 9934 9935
f 9851 9935 9936
f 9852 9936 9937
f 9853 9937 9938
f 9854 9938 9939
f 9855 9939 9940
f 9856 9940 9941
f 9857 9941 9942
f 9858 9942 9943
f 9859 9943 9944
f 9860 9944 9945
f 9861 9945 9946
f 9862 9946 9947
f 9863 9947 9948
f 9864 9948 9949
f 9865 9949 9950
f 9866 9950 9951
f 9867 9951 9952
f 9868 9952 9953
f 9869 9953 9954
f 9870 9954 9955
f 9871 9955 9956
f 9872 9956 9957
f 9873 9957 9958
f 9874 9958 9959
f 9875 9959 9960
f 9876 9960 9961
f 9877 9961 9962
f 9878 9962 9963
f 9879 9963 9964
f 9880 9964 9965
f 9881 9965 9966
f 9882 9966 9967
f 9883 9967 9968
f 9884 9968 9969
f 9885 9969 9970
f 9886 9970 9971
f 9887 9971 9972
f 9888 9972 9973
f 9889 9973 9974
f 9890 9974 9975
f 9891 9975 9976
f 9892 9976 9977
f 9893 9977 9978
f 9894 9978 9979
f 9895 9979 9980
f 9896 9980 9981
f 9897 9981 9982
f 9898 9982 9983
f 9899 9983 9984
f 9900 9984 9985
f 9901 9985 9986
f 9902 9986 9987
f 9903 9987 9988
f 9904 9988 9989
f 9905 9989 9990
f 9906 9990 9991
f 9907 9991 9992
f 9908 9992 9993
f 9909 9993 9994
f 9910 9994 9995
f 9911 9995 9996
f 9912 9996 9913
f 9913 9998 9914
f 9914 9999 9915
f 9915 10000 9916
f 9916 10001 9917
f 9917 10002 9918
f 9918 10003 9919
f 9919 10004 9920
f 9920 10005 9921
f 9921 10006 9922
f 9922 10007 9923
f 9923 10008 9924
f 9924 10009 9925
f 9925 10010 9926
f 9926 10011 9927
f 9927 10012 9928
f 9928 10013 9929
f 9929 10014 9930
f 9930 10015 9931
f 9931 10016 9932
f 9932 10017 9933
f 9933 10018 9934
f 9934 10019 9935
f 9935 10020 9936
f 9936 10021 9937
f 9937 10022 9938
f 9938 10023 9939
f 9939 10024 9940
f 9940 10025 9941
f 9941 10026 9942
f 9942 10027 9943
f 9943 10028 9944
f 9944 10029 9945
f 9945 10030 9946
f 9946 10031 9947
f 9947 10032 9948
f 9948 10033 9949
f 9949 10034 9950
f 9950 10035 9951
f 9951 10036 9952
f 9952 10037 9953
f 9953 10038 9954
f 9954 10039 9955
f 9955 10040 9956
f 9956 10041 9957
f 9957 10042 9958
f 9958 10043 9959
f 9959 10044 9960
f 9960 10045 9961
f 9961 10046 9962
f 9962 10047 9963
f 9963 10048 9964
f 9964 10049 9965
f 9965 10050 9966
f 9966 10051 9967
f 9967 10052 9968
f 9968 10053 9969
f 9969 10054 9970
f 9970 10055 9971
f 9971 10056 9972
f 9972 10057 9973
f 9973 10058 9974
f 9974 10059 9975
f 9975 10060 9976
f 9976 10061 9977
f 9977 10062 9978
f 9978 10063 9979
f 9979 10064 9980
f 9980 10065 9981
f 9981 10066 9982
f 9982 10067 9983
f 9983 10068 9984
f 9984 10069 9985
f 9985 10070 9986
f 9986 10071 9987
f 9987 10072 9988
f 9988 10073 9989
f 9989 10074 9990
f 9990 10075 9991
f 9991 10076 9992
f 9992 10077 9993
f 9993 10078 9994
f 9994 10079 9995
f 9995 10080 9996
f 9996 9997 9913
f 9913 9997 9998
f 9914 9998 9999
f 9915 9999 10000
f 9916 10000 10001
f 9917 10001 10002
f 9918 10002 10003
f 9919 10003 10004
f 9920 10004 10005
f 9921 10005 10006
f 9922 10006 10007
f 9923 10007 10008
f 9924 10008 10009
f 9925 10009 10010
f 9926 10010 10011
f 9927 10011 10012
f 9928 10012 10013
f 9929 10013 10014
f 9930 10014 10015
f 9931 10015 10016
f 9932 10016 10017
f 9933 10017 10018
f 9934 10018 10019
f 9935 10019 10020
f 9936 10020 10021
f 9937 10021 10022
f 9938 10022 10023
f 9939 10023 10024
f 9940 10024 10025
f 9941 10025 10026
f 9942 10026 10027
f 9943 10027 10028
f 9944 10028 10029
f 9945 10029 10030
f 9946 10030 10031
f 9947 10031 10032
f 9948 10032 10033
f 9949 10033 10034
f 9950 10034 10035
f 9951 10035 10036
f 9952 10036 10037
f 9953 10037 10038
f 9954 10038 10039
f 9955 10039 10040
f 9956 10040 10041
f 9957 10041 10042
f 9958 10042 10043
f 9959 10043 10044
f 9960 10044 10045
f 9961 10045 10046
f 9962 10046 10047
f 9963 10047 10048
f 9964 10048 10049
f 9965 10049 10050
f 9966 10050 10051
f 9967 10051 10052
f 9968 10052 10053
f 9969 10053 10054
f 9970 10054 10055
f 9971 10055 10056
f 9972 10056 10057
f 9973 10057 10058
f 9974 10058 10059
f 9975 10059 10060
f 9976 10060 10061
f 9977 10061 10062
f 9978 10062 10063
f 9979 10063 10064
f 9980 10064 10065
f 9981 10065 10066
f 9982 10066 10067
f 9983 10067 10068
f 9984 10068 10069
f 9985 10069 10070
f 9986 10070 10071
f 9987 10071 10072
f 9988 10072 10073
f 9989 10073 10074
f 9990 10074 10075
f 9991 10075 10076
f 9992 10076 10077
f 9993 10077 10078
f 9994 10078 10079
f 9995 10079 10080
f 9996 10080 9997
f 9997 10082 9998
f 9998 10083 9999
f 9999 10084 10000
f 10000 10085 10001
f 10001 10086 10002
f 10002 10087 10003
f 10003 10088 10004
f 10004 10089 10005
f 10005 10090 10006
f 10006 10091 10007
f 10007 10092 10008
f 10008 10093 10009
f 10009 10094 10010
f 10010 10095 10011
f 10011 10096 10012
f 10012 10097 10013
f 10013 10098 10014
f 10014 10099 10015
f 10015 10100 10016
f 10016 10101 10017
f 10017 10102 10018
f 10018 10103 10019
f 10019 10104 10020
f 10020 10105 10021
f 10021 10106 10022
f 10022 10107 10023
f 10023 10108 10024
f 10024 10109 10025
f 10025 10110 10026
f 10026 10111 10027
f 10027 10112 10028
f 10028 10113 10029
f 10029 10114 10030
f 10030 10115 10031
f 10031 10116 10032
f 10032 10117 10033
f 10033 10118 10034
f 10034 10119 10035
f 10035 10120 10036
f 10036 10121 10037
f 10037 10122 10038
f 10038 10123 10039
f 10039 10124 10040
f 10040 10125 10041
f 10041 10126 10042
f 10042 10127 10043
f 10043 10128 10044
f 10044 10129 10045
f 10045 10130 10046
f 10046 10131 10047
f 10047 10132 10048
f 10048 10133 10049
f 10049 10134 10050
f 10050 10135 10051
f 10051 10136 10052
f 10052 10137 10053
f 10053 10138 10054
f 10054 10139 10055
f 10055 10140 10056
f 10056 10141 10057
f 10057 10142 10058
f 10058 10143 10059
f 10059 10144 10060
f 10060 10145 10061
f 10061 10146 10062
f 10062 10147 10063
f 10063 10148 10064
f 10064 10149 10065
f 10065 10150 10066
f 10066 10151 10067
f 10067 10152 10068
f 10068 10153 10069
f 10069 10154 10070
f 10070 10155 10071
f 10071 10156 10072
f 10072 10157 10073
f 10073 10158 10074
f 10074 10159 10075
f 10075 10160 10076
f 10076 10161 10077
f 10077 10162 10078
f 10078 10163 10079
f 10079 10164 10080
f 10080 10081 9997
f 9997 10081 10082
f 9998 10082 10083
f 9999 10083 10084
f 10000 10084 10085
f 10001 10085 10086
f 10002 10086 10087
f 10003 10087 10088
f 10004 10088 10089
f 10005 10089 10090
f 10006 10090 10091
f 10007 10091 10092
f 10008 10092 10093
f 10009 10093 10094
f 10010 10094 10095
f 10011 10095 10096
f 10012 10096 10097
f 10013 10097 10098
f 10014 10098 10099
f 10015 10099 10100
f 10016 10100 10101
f 10017 10101 10102
f 10018 10102 10103
f 10019 10103 10104
f 10020 10104 10105
f 10021 10105 10106
f 10022 10106 10107
f 10023 10107 10108
f 10024 10108 10109
f 10025 10109 10110
f 10026 10110 10111
f 10027 10111 10112
f 10028 10112 10113
f 10029 10113 10114
f 10030 10114 10115
f 10031 10115 10116
f 10032 10116 10117
f 10033 10117 10118
f 10034 10118 10119
f 10035 10119 10120
f 10036 10120 10121
f 10037 10121 10122
f 10038 10122 10123
f 10039 10123 10124
f 10040 10124 10125
f 10041 10125 10126
f 10042 10126 10127
f 10043 10127 10128
f 10044 10128 10129
f 10045 10129 10130
f 10046 10130 10131
f 10047 10131 10132
f 10048 10132 10133
f 10049 10133 10134
f 10050 10134 10135
f 10051 10135 10136
f 10052 10136 10137
f 10053 10137 10138
f 10054 10138 10139
f 10055 10139 10140
f 10056 10140 10141
f 10057 10141 10142
f 10058 10142 10143
f 10059 10143 10144
f 10060 10144 10145
f 10061 10145 10146
f 10062 10146 10147
f 10063 10147 10148
f 10064 10148 10149
f 10065 10149 10150
f 10066 10150 10151
f 10067 10151 10152
f 10068 10152 10153
f 10069 10153 10154
f 10070 10154 10155
f 10071 10155 10156
f 10072 10156 10157
f 10073 10157 10158
f 10074 10158 10159
f 10075 10159 10160
f 10076 10160 10161
f 10077 10161 10162
f 10078 10162 10163
f 10079 10163 10164
f 10080 10164 10081
f 10081 10166 10082
f 10082 10167 10083
f 10083 10168 10084
f 10084 10169 10085
f 10085 10170 10086
f 10086 10171 10087
f 10087 10172 10088
f 10088 10173 10089
f 10089 10174 10090
f 10090 10175 10091
f 10091 10176 10092
f 10092 10177 10093
f 10093 10178 10094
f 10094 10179 10095
f 10095 10180 10096
f 10096 10181 10097
f 10097 10182 10098
f 10098 10183 10099
f 10099 10184 10100
f 10100 10185 10101
f 10101 10186 10102
f 10102 10187 10103
f 10103 10188 10104
f 10104 10189 10105
f 10105 10190 10106
f 10106 10191 10107
f 10107 10192 10108
f 10108 10193 10109
f 10109 10194 10110
f 10110 10195 10111
f 10111 10196 10112
f 10112 10197 10113
f 10113 10198 10114
f 10114 10199 10115
f 10115 10200 10116
f 10116 10201 10117
f 10117 10202 10118
f 10118 10203 10119
f 10119 10204 10120
f 10120 10205 10121
f 10121 10206 10122
f 10122 10207 10123
f 10123 10208 10124
f 10124 10209 10125
f 10125 10210 10126
f 10126 10211 10127
f 10127 10212 10128
f 10128 10213 10129
f 10129 10214 10130
f 10130 10215 10131
f 10131 10216 10132
f 10132 10217 10133
f 10133 10218 10134
f 10134 10219 10135
f 10135 10220 10136
f 10136 10221 10137
f 10137 10222 10138
f 10138 10223 10139
f 10139 10224 10140
f 10140 10225 10141
f 10141 10226 10142
f 10142 10227 10143
f 10143 10228 10144
f 10144 10229 10145
f 10145 10230 10146
f 10146 10231 10147
f 10147 10232 10148
f 10148 10233 10149
f 10149 10234 10150
f 10150 10235 10151
f 10151 10236 10152
f 10152 10237 10153
f 10153 10238 10154
f 10154 10239 10155
f 10155 10240 10156
f 10156 10241 10157
f 10157 10242 10158
f 10158 10243 10159
f 10159 10244 10160
f 10160 10245 10161
f 10161 10246 10162
f 10162 10247 10163
f 10163 10248 10164
f 10164 10165 10081
f 10081 10165 10166
f 10082 10166 10167
f 10083 10167 10168
f 10084 10168 10169
f 10085 10169 10170
f 10086 10170 10171
f 10087 10171 10172
f 10088 10172 10173
f 10089 10173 10174
f 10090 10174 10175
f 10091 10175 10176
f 10092 10176 10177
f 10093 10177 10178
f 10094 10178 10179
f 10095 10179 10180
f 10096 10180 10181
f 10097 10181 10182
f 10098 10182 10183
f 10099 10183 10184
f 10100 10184 10185
f 10101 10185 10186
f 10102 10186 10187
f 10103 10187 10188
f 10104 10188 10189
f 10105 10189 10190
f 10106 10190 10191
f 10107 10191 10192
f 10108 10192 10193
f 10109 10193 10194
f 10110 10194 10195
f 10111 10195 10196
f 10112 10196 10197
f 10113 10197 10198
f 10114 10198 10199
f 10115 10199 10200
f 10116 10200 10201
f 10117 10201 10202
f 10118 10202 10203
f 10119 10203 10204
f 10120 10204 10205
f 10121 10205 10206
f 10122 10206 10207
f 10123 10207 10208
f 10124 10208 10209
f 10125 10209 10210
f 10126 10210 10211
f 10127 10211 10212
f 10128 10212 10213
f 10129 10213 10214
f 10130 10214 10215
f 10131 10215 10216
f 10132 10216 10217
f 10133 10217 10218
f 10134 10218 10219
f 10135 10219 10220
f 10136 10220 10221
f 10137 10221 10222
f 10138 10222 10223
f 10139 10223 10224
f 10140 10224 10225
f 10141 10225 10226
f 10142 10226 10227
f 10143 10227 10228
f 10144 10228 10229
f 10145 10229 10230
f 10146 10230 10231
f 10147 10231 10232
f 10148 10232 10233
f 10149 10233 10234
f 10150 10234 10235
f 10151 10235 10236
f 10152 10236 10237
f 10153 10237 10238
f 10154 10238 10239
f 10155 10239 10240
f 10156 10240 10241
f 10157 10241 10242
f 10158 10242 10243
f 10159 10243 10244
f 10160 10244 10245
f 10161 10245 10246
f 10162 10246 10247
f 10163 10247 10248
f 10164 10248 10165
f 10165 10250 10166
f 10166 10251 10167
f 10167 10252 10168
f 10168 10253 10169
f 10169 10254 10170
f 10170 10255 10171
f 10171 10256 10172
f 10172 10257 10173
f 10173 10258 10174
f 10174 10259 10175
f 10175 10260 10176
f 10176 10261 10177
f 10177 10262 10178
f 10178 10263 10179
f 10179 10264 10180
f 10180 10265 10181
f 10181 10266 10182
f 10182 10267 10183
f 10183 10268 10184
f 10184 10269 10185
f 10185 10270 10186
f 10186 10271 10187
f 10187 10272 10188
f 10188 10273 10189
f 10189 10274 10190
f 10190 10275 10191
f 10191 10276 10192
f 10192 10277 10193
f 10193 10278 10194
f 10194 10279 10195
f 10195 10280 10196
f 10196 10281 10197
f 10197 10282 10198
f 10198 10283 10199
f 10199 10284 10200
f 10200 10285 10201
f 10201 10286 10202
f 10202 10287 10203
f 10203 10288 10204
f 10204 10289 10205
f 10205 10290 10206
f 10206 10291 10207
f 10207 10292 10208
f 10208 10293 10209
f 10209 10294 10210
f 10210 10295 10211
f 10211 10296 10212
f 10212 10297 10213
f 10213 10298 10214
f 10214 10299 10215
f 10215 10300 10216
f 10216 10301 10217
f 10217 10302 10218
f 10218 10303 10219
f 10219 10304 10220
f 10220 10305 10221
f 10221 10306 10222
f 10222 10307 10223
f 10223 10308 10224
f 10224 10309 10225
f 10225 10310 10226
f 10226 10311 10227
f 10227 10312 10228
f 10228 10313 10229
f 10229 10314 10230
f 10230 10315 10231
f 10231 10316 10232
f 10232 10317 10233
f 10233 10318 10234
f 10234 10319 10235
f 10235 10320 10236
f 10236 10321 10237
f 10237 10322 10238
f 10238 10323 10239
f 10239 10324 10240
f 10240 10325 10241
f 10241 10326 10242
f 10242 10327 10243
f 10243 10328 10244
f 10244 10329 10245
f 10245 10330 10246
f 10246 10331 10247
f 10247 10332 10248
f 10248 10249 10165
f 10165 10249 10250
f 10166 10250 10251
f 10167 10251 10252
f 10168 10252 10253
f 10169 10253 10254
f 10170 10254 10255
f 10171 10255 10256
f 10172 10256 10257
f 10173 10257 10258
f 10174 10258 10259
f 10175 10259 10260
f 10176 10260 10261
f 10177 10261 10262
f 10178 10262 10263
f 10179 10263 10264
f 10180 10264 10265
f 10181 10265 10266
f 10182 10266 10267
f 10183 10267 10268
f 10184 10268 10269
f 10185 10269 10270
f 10186 10270 10271
f 10187 10271 10272
f 10188 10272 10273
f 10189 10273 10274
f 10190 10274 10275
f 10191 10275 10276
f 10192 10276 10277
f 10193 10277 10278
f 10194 10278 10279
f 10195 10279 10280
f 10196 10280 10281
f 10197 10281 10282
f 10198 10282 10283
f 10199 10283 10284
f 10200 10284 10285
f 10201 10285 10286
f 10202 10286 10287
f 10203 10287 10288
f 10204 10288 10289
f 10205 10289 10290
f 10206 10290 10291
f 10207 10291 10292
f 10208 10292 10293
f 10209 10293 10294
f 10210 10294 10295
f 10211 10295 10296
f 10212 10296 10297
f 10213 10297 10298
f 10214 10298 10299
f 10215 10299 10300
f 10216 10300 10301
f 10217 10301 10302
f 10218 10302 10303
f 10219 10303 10304
f 10220 10304 10305
f 10221 10305 10306
f 10222 10306 10307
f 10223 10307 10308
f 10224 10308 10309
f 10225 10309 10310
f 10226 10310 10311
f 10227 10311 10312
f 10228 10312 10313
f 10229 10313 10314
f 10230 10314 10315
f 10231 10315 10316
f 10232 10316 10317
f 10233 10317 10318
f 10234 10318 10319
f 10235 10319 10320
f 10236 10320 10321
f 10237 10321 10322
f 10238 10322 10323
f 10239 10323 10324
f 10240 10324 10325
f 10241 10325 10326
f 10242 10326 10327
f 10243 10327 10328
f 10244 10328 10329
f 10245 10329 10330
f 10246 10330 10331
f 10247 10331 10332
f 10248 10332 10249
f 10249 10334 10250
f 10250 10335 10251
f 10251 10336 10252
f 10252 10337 10253
f 10253 10338 10254
f 10254 10339 10255
f 10255 10340 10256
f 10256 10341 10257
f 10257 10342 10258
f 10258 10343 10259
f 10259 10344 10260
f 10260 10345 10261
f 10261 10346 10262
f 10262 10347 10263
f 10263 10348 10264
f 10264 10349 10265
f 10265 10350 10266
f 10266 10351 10267
f 10267 10352 10268
f 10268 10353 10269
f 10269 10354 10270
f 10270 10355 10271
f 10271 10356 10272
f 10272 10357 10273
f 10273 10358 10274
f 10274 10359 10275
f 10275 10360 10276
f 10276 10361 10277
f 10277 10362 10278
f 10278 10363 10279
f 10279 10364 10280
f 10280 10365 10281
f 10281 10366 10282
f 10282 10367 10283
f 10283 10368 10284
f 10284 10369 10285
f 10285 10370 10286
f 10286 10371 10287
f 10287 10372 10288
f 10288 10373 10289
f 10289 10374 10290
f 10290 10375 10291
f 10291 10376 10292
f 10292 10377 10293
f 10293 10378 10294
f 10294 10379 10295
f 10295 10380 10296
f 10296 10381 10297
f 10297 10382 10298
f 10298 10383 10299
f 10299 10384 10300
f 10300 10385 10301
f 10301 10386 10302
f 10302 10387 10303
f 10303 10388 10304
f 10304 10389 10305
f 10305 10390 10306
f 10306 10391 10307
f 10307 10392 10308
f 10308 10393 10309
f 10309 10394 10310
f 10310 10395 10311
f 10311 10396 10312
f 10312 10397 10313
f 10313 10398 10314
f 10314 10399 10315
f 10315 10400 10316
f 10316 10401 10317
f 10317 10402 10318
f 10318 10403 10319
f 10319 10404 10320
f 10320 10405 10321
f 10321 10406 10322
f 10322 10407 10323
f 10323 10408 10324
f 10324 10409 10325
f 10325 10410 10326
f 10326 10411 10327
f 10327 10412 10328
f 10328 10413 10329
f 10329 10414 10330
f 10330 10415 10331
f 10331 10416 10332
f 10332 10333 10249
f 10249 10333 10334
f 10250 10334 10335
f 10251 10335 10336
f 10252 10336 10337
f 10253 10337 10338
f 10254 10338 10339
f 10255 10339 10340
f 10256 10340 10341
f 10257 10341 10342
f 10258 10342 10343
f 10259 10343 10344
f 10260 10344 10345
f 10261 10345 10346
f 10262 10346 10347
f 10263 10347 10348
f 10264 10348 10349
f 10265 10349 10350
f 10266 10350 10351
f 10267 10351 10352
f 10268 10352 10353
f 10269 10353 10354
f 10270 10354 10355
f 10271 10355 10356
f 10272 10356 10357
f 10273 10357 10358
f 10274 10358 10359
f 10275 10359 10360
f 10276 10360 10361
f 10277 10361 10362
f 10278 10362 10363
f 10279 10363 10364
f 10280 10364 10365
f 10281 10365 10366
f 10282 10366 10367
f 10283 10367 10368
f 10284 10368 10369
f 10285 10369 10370
f 10286 10370 10371
f 10287 10371 10372
f 10288 10372 10373
f 10289 10373 10374
f 10290 10374 10375
f 10291 10375 10376
f 10292 10376 10377
f 10293 10377 10378
f 10294 10378 10379
f 10295 10379 10380
f 10296 10380 10381
f 10297 10381 10382
f 10298 10382 10383
f 10299 10383 10384
f 10300 10384 10385
f 10301 10385 10386
f 10302 10386 10387
f 10303 10387 10388
f 10304 10388 10389
f 10305 10389 10390
f 10306 10390 10391
f 10307 10391 10392
f 10308 10392 10393
f 10309 10393 10394
f 10310 10394 10395
f 10311 10395 10396
f 10312 10396 10397
f 10313 10397 10398
f 10314 10398 10399
f 10315 10399 10400
f 10316 10400 10401
f 10317 10401 10402
f 10318 10402 10403
f 10319 10403 10404
f 10320 10404 10405
f 10321 10405 10406
f 10322 10406 10407
f 10323 10407 10408
f 10324 10408 10409
f 10325 10409 10410
f 10326 10410 10411
f 10327 10411 10412
f 10328 10412 10413
f 10329 10413 10414
f 10330 10414 10415
f 10331 10415 10416
f 10332 10416 10333
f 10333 10418 10334
f 10334 10419 10335
f 10335 10420 10336
f 10336 10421 10337
f 10337 10422 10338
f 10338 10423 10339
f 10339 10424 10340
f 10340 10425 10341
f 10341 10426 10342
f 10342 10427 10343
f 10343 10428 10344
f 10344 10429 10345
f 10345 10430 10346
f 10346 10431 10347
f 10347 10432 10348
f 10348 10433 10349
f 10349 10434 10350
f 10350 10435 10351
f 10351 10436 10352
f 10352 10437 10353
f 10353 10438 10354
f 10354 10439 10355
f 10355 10440 10356
f 10356 10441 10357
f 10357 10442 10358
f 10358 10443 10359
f 10359 10444 10360
f 10360 10445 10361
f 10361 10446 10362
f 10362 10447 10363
f 10363 10448 10364
f 10364 10449 10365
f 10365 10450 10366
f 10366 10451 10367
f 10367 10452 10368
f 10368 10453 10369
f 10369 10454 10370
f 10370 10455 10371
f 10371 10456 10372
f 10372 10457 10373
f 10373 10458 10374
f 10374 10459 10375
f 10375 10460 10376
f 10376 10461 10377
f 10377 10462 10378
f 10378 10463 10379
f 10379 10464 10380
f 10380 10465 10381
f 10381 10466 10382
f 10382 10467 10383
f 10383 10468 10384
f 10384 10469 10385
f 10385 10470 10386
f 10386 10471 10387
f 10387 10472 10388
f 10388 10473 10389
f 10389 10474 10390
f 10390 10475 10391
f 10391 10476 10392
f 10392 10477 10393
f 10393 10478 10394
f 10394 10479 10395
f 10395 10480 10396
f 10396 10481 10397
f 10397 10482 10398
f 10398 10483 10399
f 10399 10484 10400
f 10400 10485 10401
f 10401 10486 10402
f 10402 10487 10403
f 10403 10488 10404
f 10404 10489 10405
f 10405 10490 10406
f 10406 10491 10407
f 10407 10492 10408
f 10408 10493 10409
f 10409 10494 10410
f 10410 10495 10411
f 10411 10496 10412
f 10412 10497 10413
f 10413 10498 10414
f 10414 10499 10415
f 10415 10500 10416
f 10416 10417 10333
f 10333 10417 10418
f 10334 10418 10419
f 10335 10419 10420
f 10336 10420 10421
f 10337 10421 10422
f 10338 10422 10423
f 10339 10423 10424
f 10340 10424 10425
f 10341 10425 10426
f 10342 10426 10427
f 10343 10427 10428
f 10344 10428 10429
f 10345 10429 10430
f 10346 10430 10431
f 10347 10431 10432
f 10348 10432 10433
f 10349 10433 10434
f 10350 10434 10435
f 10351 10435 10436
f 10352 10436 10437
f 10353 10437 10438
f 10354 10438 10439
f 10355 10439 10440
f 10356 10440 10441
f 10357 10441 10442
f 10358 10442 10443
f 10359 10443 10444
f 10360 10444 10445
f 10361 10445 10446
f 10362 10446 10447
f 10363 10447 10448
f 10364 10448 10449
f 10365 10449 10450
f 10366 10450 10451
f 10367 10451 10452
f 10368 10452 10453
f 10369 10453 10454
f 10370 10454 10455
f 10371 10455 10456
f 10372 10456 10457
f 10373 10457 10458
f 10374 10458 10459
f 10375 10459 10460
f 10376 10460 10461
f 10377 10461 10462
f 10378 10462 10463
f 10379 10463 10464
f 10380 10464 10465
f 10381 10465 10466
f 10382 10466 10467
f 10383 10467 10468
f 10384 10468 10469
f 10385 10469 10470
f 10386 10470 10471
f 10387 10471 10472
f 10388 10472 10473
f 10389 10473 10474
f 10390 10474 10475
f 10391 10475 10476
f 10392 10476 10477
f 10393 10477 10478
f 10394 10478 10479
f 10395 10479 10480
f 10396 10480 10481
f 10397 10481 10482
f 10398 10482 10483
f 10399 10483 10484
f 10400 10484 10485
f 10401 10485 10486
f 10402 10486 10487
f 10403 10487 10488
f 10404 10488 10489
f 10405 10489 10490
f 10406 10490 10491
f 10407 10491 10492
f 10408 10492 10493
f 10409 10493 10494
f 10410 10494 10495
f 10411 10495 10496
f 10412 10496 10497
f 10413 10497 10498
f 10414 10498 10499
f 10415 10499 10500
f 10416 10500 10417
f 10417 10502 10418
f 10418 10503 10419
f 10419 10504 10420
f 10420 10505 10421
f 10421 10506 10422
f 10422 10507 10423
f 10423 10508 10424
f 10424 10509 10425
f 10425 10510 10426
f 10426 10511 10427
f 10427 10512 10428
f 10428 10513 10429
f 10429 10514 10430
f 10430 10515 10431
f 10431 10516 10432
f 10432 10517 10433
f 10433 10518 10434
f 10434 10519 10435
f 10435 10520 10436
f 10436 10521 10437
f 10437 10522 10438
f 10438 10523 10439
f 10439 10524 10440
f 10440 10525 10441
f 10441 10526 10442
f 10442 10527 10443
f 10443 10528 10444
f 10444 10529 10445
f 10445 10530 10446
f 10446 10531 10447
f 10447 10532 10448
f 10448 10533 10449
f 10449 10534 10450
f 10450 10535 10451
f 10451 10536 10452
f 10452 10537 10453
f 10453 10538 10454
f 10454 10539 10455
f 10455 10540 10456
f 10456 10541 10457
f 10457 10542 10458
f 10458 10543 10459
f 10459 10544 10460
f 10460 10545 10461
f 10461 10546 10462
f 10462 10547 10463
f 10463 10548 10464
f 10464 10549 10465
f 10465 10550 10466
f 10466 10551 10467
f 10467 10552 10468
f 10468 10553 10469
f 10469 10554 10470
f 10470 10555 10471
f 10471 10556 10472
f 10472 10557 10473
f 10473 10558 10474
f 10474 10559 10475
f 10475 10560 10476
f 10476 10561 10477
f 10477 10562 10478
f 10478 10563 10479
f 10479 10564 10480
f 10480 10565 10481
f 10481 10566 10482
f 10482 10567 10483
f 10483 10568 10484
f 10484 10569 10485
f 10485 10570 10486
f 10486 10571 10487
f 10487 10572 10488
f 10488 10573 10489
f 10489 10574 10490
f 10490 10575 10491
f 10491 10576 10492
f 10492 10577 10493
f 10493 10578 10494
f 10494 10579 10495
f 10495 10580 10496
f 10496 10581 10497
f 10497 10582 10498
f 10498 10583 10499
f 10499 10584 10500
f 10500 10501 10417
f 10417 10501 10502
f 10418 10502 10503
f 10419 10503 10504
f 10420 10504 10505
f 10421 10505 10506
f 10422 10506 10507
f 10423 10507 10508
f 10424 10508 10509
f 10425 10509 10510
f 10426 10510 10511
f 10427 10511 10512
f 10428 10512 10513
f 10429 10513 10514
f 10430 10514 10515
f 10431 10515 10516
f 10432 10516 10517
f 10433 10517 10518
f 10434 10518 10519
f 10435 10519 10520
f 10436 10520 10521
f 10437 10521 10522
f 10438 10522 10523
f 10439 10523 10524
f 10440 10524 10525
f 10441 10525 10526
f 10442 10526 10527
f 10443 10527 10528
f 10444 10528 10529
f 10445 10529 10530
f 10446 10530 10531
f 10447 10531 10532
f 10448 10532 10533
f 10449 10533 10534
f 10450 10534 10535
f 10451 10535 10536
f 10452 10536 10537
f 10453 10537 10538
f 10454 10538 10539
f 10455 10539 10540
f 10456 10540 10541
f 10457 10541 10542
f 10458 10542 10543
f 10459 10543 10544
f 10460 10544 10545
f 10461 10545 10546
f 10462 10546 10547
f 10463 10547 10548
f 10464 10548 10549
f 10465 10549 10550
f 10466 10550 10551
f 10467 10551 10552
f 10468 10552 10553
f 10469 10553 10554
f 10470 10554 10555
f 10471 10555 10556
f 10472 10556 10557
f 10473 10557 10558
f 10474 10558 10559
f 10475 10559 10560
f 10476 10560 10561
f 10477 10561 10562
f 10478 10562 10563
f 10479 10563 10564
f 10480 10564 10565
f 10481 10565 10566
f 10482 10566 10567
f 10483 10567 10568
f 10484 10568 10569
f 10485 10569 10570
f 10486 10570 10571
f 10487 10571 10572
f 10488 10572 10573
f 10489 10573 10574
f 10490 10574 10575
f 10491 10575 10576
f 10492 10576 10577
f 10493 10577 10578
f 10494 10578 10579
f 10495 10579 10580
f 10496 10580 10581
f 10497 10581 10582
f 10498 10582 10583
f 10499 10583 10584
f 10500 10584 10501
f 10501 10586 10502
f 10502 10587 10503
f 10503 10588 10504
f 10504 10589 10505
f 10505 10590 10506
f 10506 10591 10507
f 10507 10592 10508
f 10508 10593 10509
f 10509 10594 10510
f 10510 10595 10511
f 10511 10596 10512
f 10512 10597 10513
f 10513 10598 10514
f 10514 10599 10515
f 10515 10600 10516
f 10516 10601 10517
f 10517 10602 10518
f 10518 10603 10519
f 10519 10604 10520
f 10520 10605 10521
f 10521 10606 10522
f 10522 10607 10523
f 10523 10608 10524
f 10524 10609 10525
f 10525 10610 10526
f 10526 10611 10527
f 10527 10612 10528
f 10528 10613 10529
f 10529 10614 10530
f 10530 10615 10531
f 10531 10616 10532
f 10532 10617 10533
f 10533 10618 10534
f 10534 10619 10535
f 10535 10620 10536
f 10536 10621 10537
f 10537 10622 10538
f 10538 10623 10539
f 10539 10624 10540
f 10540 10625 10541
f 10541 10626 10542
f 10542 10627 10543
f 10543 10628 10544
f 10544 10629 10545
f 10545 10630 10546
f 10546 10631 10547
f 10547 10632 10548
f 10548 10633 10549
f 10549 10634 10550
f 10550 10635 10551
f 10551 10636 10552
f 10552 10637 10553
f 10553 10638 10554
f 10554 10639 10555
f 10555 10640 10556
f 10556 10641 10557
f 10557 10642 10558
f 10558 10643 10559
f 10559 10644 10560
f 10560 10645 10561
f 10561 10646 10562
f 10562 10647 10563
f 10563 10648 10564
f 10564 10649 10565
f 10565 10650 10566
f 10566 10651 10567
f 10567 10652 10568
f 10568 10653 10569
f 10569 10654 10570
f 10570 10655 10571
f 10571 10656 10572
f 10572 10657 10573
f 10573 10658 10574
f 10574 10659 10575
f 10575 10660 10576
f 10576 10661 10577
f 10577 10662 10578
f 10578 10663 10579
f 10579 10664 10580
f 10580 10665 10581
f 10581 10666 10582
f 10582 10667 10583
f 10583 10668 10584
f 10584 10585 10501
f 10501 10585 10586
f 10502 10586 10587
f 10503 10587 10588
f 10504 10588 10589
f 10505 10589 10590
f 10506 10590 10591
f 10507 10591 10592
f 10508 10592 10593
f 10509 10593 10594
f 10510 10594 10595
f 10511 10595 10596
f 10512 10596 10597
f 10513 10597 10598
f 10514 10598 10599
f 10515 10599 10600
f 10516 10600 10601
f 10517 10601 10602
f 10518 10602 10603
f 10519 10603 10604
f 10520 10604 10605
f 10521 10605 10606
f 10522 10606 10607
f 10523 10607 10608
f 10524 10608 10609
f 10525 10609 10610
f 10526 10610 10611
f 10527 10611 10612
f 10528 10612 10613
f 10529 10613 10614
f 10530 10614 10615
f 10531 10615 10616
f 10532 10616 10617
f 10533 10617 10618
f 10534 10618 10619
f 10535 10619 10620
f 10536 10620 10621
f 10537 10621 10622
f 10538 10622 10623
f 10539 10623 10624
f 10540 10624 10625
f 10541 10625 10626
f 10542 10626 10627
f 10543 10627 10628
f 10544 10628 10629
f 10545 10629 10630
f 10546 10630 10631
f 10547 10631 10632
f 10548 10632 10633
f 10549 10633 10634
f 10550 10634 10635
f 10551 10635 10636
f 10552 10636 10637
f 10553 10637 10638
f 10554 10638 10639
f 10555 10639 10640
f 10556 10640 10641
f 10557 10641 10642
f 10558 10642 10643
f 10559 10643 10644
f 10560 10644 10645
f 10561 10645 10646
f 10562 10646 10647
f 10563 10647 10648
f 10564 10648 10649
f 10565 10649 10650
f 10566 10650 10651
f 10567 10651 10652
f 10568 10652 10653
f 10569 10653 10654
f 10570 10654 10655
f 10571 10655 10656
f 10572 10656 10657
f 10573 10657 10658
f 10574 10658 10659
f 10575 10659 10660
f 10576 10660 10661
f 10577 10661 10662
f 10578 10662 10663
f 10579 10663 10664
f 10580 10664 10665
f 10581 10665 10666
f 10582 10666 10667
f 10583 10667 10668
f 10584 10668 10585
f 10585 10670 10586
f 10586 10671 10587
f 10587 10672 10588
f 10588 10673 10589
f 10589 10674 10590
f 10590 10675 10591
f 10591 10676 10592
f 10592 10677 10593
f 10593 10678 10594
f 10594 10679 10595
f 10595 10680 10596
f 10596 10681 10597
f 10597 10682 10598
f 10598 10683 10599
f 10599 10684 10600
f 10600 10685 10601
f 10601 10686 10602
f 10602 10687 10603
f 10603 10688 10604
f 10604 10689 10605
f 10605 10690 10606
f 10606 10691 10607
f 10607 10692 10608
f 10608 10693 10609
f 10609 10694 10610
f 10610 10695 10611
f 10611 10696 10612
f 10612 10697 10613
f 10613 10698 10614
f 10614 10699 10615
f 10615 10700 10616
f 10616 10701 10617
f 10617 10702 10618
f 10618 10703 10619
f 10619 10704 10620
f 10620 10705 10621
f 10621 10706 10622
f 10622 10707 10623
f 10623 10708 10624
f 10624 10709 10625
f 10625 10710 10626
f 10626 10711 10627
f 10627 10712 10628
f 10628 10713 10629
f 10629 10714 10630
f 10630 10715 10631
f 10631 10716 10632
f 10632 10717 10633
f 10633 10718 10634
f 10634 10719 10635
f 10635 10720 10636
f 10636 10721 10637
f 10637 10722 10638
f 10638 10723 10639
f 10639 10724 10640
f 10640 10725 10641
f 10641 10726 10642
f 10642 10727 10643
f 10643 10728 10644
f 10644 10729 10645
f 10645 10730 10646
f 10646 10731 10647
f 10647 10732 10648
f 10648 10733 10649
f 10649 10734 10650
f 10650 10735 10651
f 10651 10736 10652
f 10652 10737 10653
f 10653 10738 10654
f 10654 10739 10655
f 10655 10740 10656
f 10656 10741 10657
f 10657 10742 10658
f 10658 10743 10659
f 10659 10744 10660
f 10660 10745 10661
f 10661 10746 10662
f 10662 10747 10663
f 10663 10748 10664
f 10664 10749 10665
f 10665 10750 10666
f 10666 10751 10667
f 10667 10752 10668
f 10668 10669 10585
f 10585 10669 10670
f 10586 10670 10671
f 10587 10671 10672
f 10588 10672 10673
f 10589 10673 10674
f 10590 10674 10675
f 10591 10675 10676
f 10592 10676 10677
f 10593 10677 10678
f 10594 10678 10679
f 10595 10679 10680
f 10596 10680 10681
f 10597 10681 10682
f 10598 10682 10683
f 10599 10683 10684
f 10600 10684 10685
f 10601 10685 10686
f 10602 10686 10687
f 10603 10687 10688
f 10604 10688 10689
f 10605 10689 10690
f 10606 10690 10691
f 10607 10691 10692
f 10608 10692 10693
f 10609 10693 10694
f 10610 10694 10695
f 10611 10695 10696
f 10612 10696 10697
f 10613 10697 10698
f 10614 10698 10699
f 10615 10699 10700
f 10616 10700 10701
f 10617 10701 10702
f 10618 10702 10703
f 10619 10703 10704
f 10620 10704 10705
f 10621 10705 10706
f 10622 10706 10707
f 10623 10707 10708
f 10624 10708 10709
f 10625 10709 10710
f 10626 10710 10711
f 10627 10711 10712
f 10628 10712 10713
f 10629 10713 10714
f 10630 10714 10715
f 10631 10715 10716
f 10632 10716 10717
f 10633 10717 10718
f 10634 10718 10719
f 10635 10719 10720
f 10636 10720 10721
f 10637 10721 10722
f 10638 10722 10723
f 10639 10723 10724
f 10640 10724 10725
f 10641 10725 10726
f 10642 10726 10727
f 10643 10727 10728
f 10644 10728 10729
f 10645 10729 10730
f 10646 10730 10731
f 10647 10731 10732
f 10648 10732 10733
f 10649 10733 10734
f 10650 10734 10735
f 10651 10735 10736
f 10652 10736 10737
f 10653 10737 10738
f 10654 10738 10739
f 10655 10739 10740
f 10656 10740 10741
f 10657 10741 10742
f 10658 10742 10743
f 10659 10743 10744
f 10660 10744 10745
f 10661 10745 10746
f 10662 10746 10747
f 10663 10747 10748
f 10664 10748 10749
f 10665 10749 10750
f 10666 10750 10751
f 10667 10751 10752
f 10668 10752 10669
f 10669 10754 10670
f 10670 10755 10671
f 10671 10756 10672
f 10672 10757 10673
f 10673 10758 10674
f 10674 10759 10675
f 10675 10760 10676
f 10676 10761 10677
f 10677 10762 10678
f 10678 10763 10679
f 10679 10764 10680
f 10680 10765 10681
f 10681 10766 10682
f 10682 10767 10683
f 10683 10768 10684
f 10684 10769 10685
f 10685 10770 10686
f 10686 10771 10687
f 10687 10772 10688
f 10688 10773 10689
f 10689 10774 10690
f 10690 10775 10691
f 10691 10776 10692
f 10692 10777 10693
f 10693 10778 10694
f 10694 10779 10695
f 10695 10780 10696
f 10696 10781 10697
f 10697 10782 10698
f 10698 10783 10699
f 10699 10784 10700
f 10700 10785 10701
f 10701 10786 10702
f 10702 10787 10703
f 10703 10788 10704
f 10704 10789 10705
f 10705 10790 10706
f 10706 10791 10707
f 10707 10792 10708
f 10708 10793 10709
f 10709 10794 10710
f 10710 10795 10711
f 10711 10796 10712
f 10712 10797 10713
f 10713 10798 10714
f 10714 10799 10715
f 10715 10800 10716
f 10716 10801 10717
f 10717 10802 10718
f 10718 10803 10719
f 10719 10804 10720
f 10720 10805 10721
f 10721 10806 10722
f 10722 10807 10723
f 10723 10808 10724
f 10724 10809 10725
f 10725 10810 10726
f 10726 10811 10727
f 10727 10812 10728
f 10728 10813 10729
f 10729 10814 10730
f 10730 10815 10731
f 10731 10816 10732
f 10732 10817 10733
f 10733 10818 10734
f 10734 10819 10735
f 10735 10820 10736
f 10736 10821 10737
f 10737 10822 10738
f 10738 10823 10739
f 10739 10824 10740
f 10740 10825 10741
f 10741 10826 10742
f 10742 10827 10743
f 10743 10828 10744
f 10744 10829 10745
f 10745 10830 10746
f 10746 10831 10747
f 10747 10832 10748
f 10748 10833 10749
f 10749 10834 10750
f 10750 10835 10751
f 10751 10836 10752
f 10752 10753 10669
f 10669 10753 10754
f 10670 10754 10755
f 10671 10755 10756
f 10672 10756 10757
f 10673 10757 10758
f 10674 10758 10759
f 10675 10759 10760
f 10676 10760 10761
f 10677 10761 10762
f 10678 10762 10763
f 10679 10763 10764
f 10680 10764 10765
f 10681 10765 10766
f 10682 10766 10767
f 10683 10767 10768
f 10684 10768 10769
f 10685 10769 10770
f 10686 10770 10771
f 10687 10771 10772
f 10688 10772 10773
f 10689 10773 10774
f 10690 10774 10775
f 10691 10775 10776
f 10692 10776 10777
f 10693 10777 10778
f 10694 10778 10779
f 10695 10779 10780
f 10696 10780 10781
f 10697 10781 10782
f 10698 10782 10783
f 10699 10783 10784
f 10700 10784 10785
f 10701 10785 10786
f 10702 10786 10787
f 10703 10787 10788
f 10704 10788 10789
f 10705 10789 10790
f 10706 10790 10791
f 10707 10791 10792
f 10708 10792 10793
f 10709 10793 10794
f 10710 10794 10795
f 10711 10795 10796
f 10712 10796 10797
f 10713 10797 10798
f 10714 10798 10799
f 10715 10799 10800
f 10716 10800 10801
f 10717 10801 10802
f 10718 10802 10803
f 10719 10803 10804
f 10720 10804 10805
f 10721 10805 10806
f 10722 10806 10807
f 10723 10807 10808
f 10724 10808 10809
f 10725 10809 10810
f 10726 10810 10811
f 10727 10811 10812
f 10728 10812 10813
f 10729 10813 10814
f 10730 10814 10815
f 10731 10815 10816
f 10732 10816 10817
f 10733 10817 10818
f 10734 10818 10819
f 10735 10819 10820
f 10736 10820 10821
f 10737 10821 10822
f 10738 10822 10823
f 10739 10823 10824
f 10740 10824 10825
f 10741 10825 10826
f 10742 10826 10827
f 10743 10827 10828
f 10744 10828 10829
f 10745 10829 10830
f 10746 10830 10831
f 10747 10831 10832
f 10748 10832 10833
f 10749 10833 10834
f 10750 10834 10835
f 10751 10835 10836
f 10752 10836 10753
f 10753 10838 10754
f 10754 10839 10755
f 10755 10840 10756
f 10756 10841 10757
f 10757 10842 10758
f 10758 10843 10759
f 10759 10844 10760
f 10760 10845 10761
f 10761 10846 10762
f 10762 10847 10763
f 10763 10848 10764
f 10764 10849 10765
f 10765 10850 10766
f 10766 10851 10767
f 10767 10852 10768
f 10768 10853 10769
f 10769 10854 10770
f 10770 10855 10771
f 10771 10856 10772
f 10772 10857 10773
f 10773 10858 10774
f 10774 10859 10775
f 10775 10860 10776
f 10776 10861 10777
f 10777 10862 10778
f 10778 10863 10779
f 10779 10864 10780
f 10780 10865 10781
f 10781 10866 10782
f 10782 10867 10783
f 10783 10868 10784
f 10784 10869 10785
f 10785 10870 10786
f 10786 10871 10787
f 10787 10872 10788
f 10788 10873 10789
f 10789 10874 10790
f 10790 10875 10791
f 10791 10876 10792
f 10792 10877 10793
f 10793 10878 10794
f 10794 10879 10795
f 10795 10880 10796
f 10796 10881 10797
f 10797 10882 10798
f 10798 10883 10799
f 10799 10884 10800
f 10800 10885 10801
f 10801 10886 10802
f 10802 10887 10803
f 10803 10888 10804
f 10804 10889 10805
f 10805 10890 10806
f 10806 10891 10807
f 10807 10892 10808
f 10808 10893 10809
f 10809 10894 10810
f 10810 10895 10811
f 10811 10896 10812
f 10812 10897 10813
f 10813 10898 10814
f 10814 10899 10815
f 10815 10900 10816
f 10816 10901 10817
f 10817 10902 10818
f 10818 10903 10819
f 10819 10904 10820
f 10820 10905 10821
f 10821 10906 10822
f 10822 10907 10823
f 10823 10908 10824
f 10824 10909 10825
f 10825 10910 10826
f 10826 10911 10827
f 10827 10912 10828
f 10828 10913 10829
f 10829 10914 10830
f 10830 10915 10831
f 10831 10916 10832
f 10832 10917 10833
f 10833 10918 10834
f 10834 10919 10835
f 10835 10920 10836
f 10836 10837 10753
f 10753 10837 10838
f 10754 10838 10839
f 10755 10839 10840
f 10756 10840 10841
f 10757 10841 10842
f 10758 10842 10843
f 10759 10843 10844
f 10760 10844 10845
f 10761 10845 10846
f 10762 10846 10847
f 10763 10847 10848
f 10764 10848 10849
f 10765 10849 10850
f 10766 10850 10851
f 10767 10851 10852
f 10768 10852 10853
f 10769 10853 10854
f 10770 10854 10855
f 10771 10855 10856
f 10772 10856 10857
f 10773 10857 10858
f 10774 10858 10859
f 10775 10859 10860
f 10776 10860 10861
f 10777 10861 10862
f 10778 10862 10863
f 10779 10863 10864
f 10780 10864 10865
f 10781 10865 10866
f 10782 10866 10867
f 10783 10867 10868
f 10784 10868 10869
f 10785 10869 10870
f 10786 10870 10871
f 10787 10871 10872
f 10788 10872 10873
f 10789 10873 10874
f 10790 10874 10875
f 10791 10875 10876
f 10792 10876 10877
f 10793 10877 10878
f 10794 10878 10879
f 10795 10879 10880
f 10796 10880 10881
f 10797 10881 10882
f 10798 10882 10883
f 10799 10883 10884
f 10800 10884 10885
f 10801 10885 10886
f 10802 10886 10887
f 10803 10887 10888
f 10804 10888 10889
f 10805 10889 10890
f 10806 10890 10891
f 10807 10891 10892
f 10808 10892 10893
f 10809 10893 10894
f 10810 10894 10895
f 10811 10895 10896
f 10812 10896 10897
f 10813 10897 10898
f 10814 10898 10899
f 10815 10899 10900
f 10816 10900 10901
f 10817 10901 10902
f 10818 10902 10903
f 10819 10903 10904
f 10820 10904 10905
f 10821 10905 10906
f 10822 10906 10907
f 10823 10907 10908
f 10824 10908 10909
f 10825 10909 10910
f 10826 10910 10911
f 10827 10911 10912
f 10828 10912 10913
f 10829 10913 10914
f 10830 10914 10915
f 10831 10915 10916
f 10832 10916 10917
f 10833 10917 10918
f 10834 10918 10919
f 10835 10919 10920
f 10836 10920 10837
f 10921 11049 11051
f 5485 10999 10998
f 5511 10960 5510
f 10939 11000 11001
f 5525 11000 10970
f 10922 11052 11053
f 5512 10957 10958
f 10938 10999 10994
f 10959 11050 10921
f 11095 11094 10937
f 11101 11003 10941
f 5510 10960 10961
f 10958 10957 10921
f 5469 11037 11038
f 5514 5515 10974
f 5513 10957 5512
f 10999 10938 10998
f 10922 10961 10960
f 11056 10923 11054
f 11002 10940 11001
f 46 11059 11061
f 11101 11100 10940
f 10940 11002 11003
f 10924 10967 11059
f 10964 11055 10923
f 5527 11002 11001
f 11074 43 42
f 5508 10962 5507
f 10964 10962 5508
f 11102 70 69
f 11097 26 25
f 5505 10965 5504
f 10967 10965 5505
f 5477 5478 11021
f 11127 6 5
f 10962 10923 10963
f 49 11055 11057
f 10965 10924 10966
f 11114 17 16
f 11099 11098 10939
f 10978 11072 10929
f 5489 10992 10995
f 10926 10971 11066
f 5482 10997 11030
f 10937 10996 10998
f 10971 10929 11066
f 11073 60 11072
f 10997 5482 5483
f 5523 5524 10968
f 10936 10993 10995
f 11062 63 11064
f 10938 11092 11097
f 11062 11064 10925
f 11070 10928 11069
f 11063 10970 10939
f 5486 10994 10999
f 10936 11091 11090
f 10969 5523 10968
f 11098 66 65
f 5517 10972 5516
f 11069 62 61
f 10959 5513 5514
f 5513 10959 10957
f 11128 10954 11036
f 10975 10976 5521
f 10973 10972 10926
f 11067 11065 56
f 5522 10975 5521
f 10925 10969 10968
f 10922 10960 10958
f 11092 11090 27
f 5519 10977 5518
f 10978 10977 5519
f 11048 11045 2
f 11051 11049 52
f 10976 10975 10928
f 10971 10972 5517
f 11052 10922 11051
f 11100 68 67
f 11065 11067 10926
f 11123 10952 11096
f 5476 11022 11023
f 5506 5507 10963
f 11075 10930 11074
f 11077 10931 10983
f 11077 11079 41
f 47 11056 11054
f 10967 5505 5506
f 5503 10979 5502
f 10923 10962 10964
f 5502 10979 10980
f 11094 24 23
f 11090 28 27
f 10972 10973 5516
f 5500 10981 5499
f 10983 10981 5500
f 11017 11014 5541
f 10979 10930 10980
f 11058 11060 10924
f 11076 11078 10931
f 5509 10961 10964
f 10984 10933 11081
f 11080 11082 10932
f 11081 10932 10984
f 5503 10966 10979
f 10924 10965 10967
f 11078 11076 39
f 10966 5503 5504
f 11065 57 56
f 11049 53 52
f 5495 5496 10985
f 10984 10985 5496
f 11085 10934 10990
f 11085 11087 34
f 10985 10932 10986
f 10924 11059 11058
f 10936 10995 11091
f 5497 5498 10987
f 10931 10982 10981
f 11074 10930 11060
f 11113 1 84
f 10923 11055 11054
f 5492 5493 10988
f 10996 10997 5483
f 10934 10989 10988
f 11084 11086 10934
f 11068 55 54
f 5490 5491 10991
f 11126 11034 10954
f 5493 10990 10988
f 10991 10992 5490
f 11110 83 82
f 11028 11026 5473
f 11133 8 7
f 10993 10994 5487
f 10993 5488 10995
f 10974 10927 10959
f 10935 10992 10991
f 11052 51 50
f 10936 10994 10993
f 10970 10925 10968
f 29 11091 11093
f 5488 10993 5487
f 11090 11092 10936
f 10925 11063 11062
f 10928 11064 11069
f 11088 11089 10935
f 5522 10969 10975
f 10950 11028 11120
f 5511 10958 10960
f 5484 10996 5483
f 5484 5485 10998
f 10998 11095 10937
f 11095 10998 10938
f 10929 10971 10977
f 11066 11065 10926
f 10997 10996 10937
f 5485 5486 10999
f 5484 10998 10996
f 11000 10939 10970
f 10964 5508 5509
f 5522 5523 10969
f 5467 11036 5466
f 5506 10963 10967
f 11071 59 58
f 11004 10941 11003
f 5525 5526 11000
f 30 11089 11088
f 10970 5524 5525
f 11001 11099 10939
f 5526 5527 11001
f 5517 5518 10971
f 10995 5488 5489
f 5524 10970 10968
f 11003 11101 10940
f 5489 5490 10992
f 5530 5531 11005
f 10934 11085 11084
f 11088 10935 11086
f 11004 5529 5530
f 5494 10986 10990
f 11002 5527 5528
f 10935 10991 10989
f 11041 11008 10942
f 11108 80 79
f 5526 11001 11000
f 11125 4 3
f 5528 11003 11002
f 11005 11004 5530
f 11086 11084 32
f 5529 11003 5528
f 5538 5539 11011
f 5532 5533 11007
f 11007 11008 5532
f 11006 11007 5533
f 10921 10957 10959
f 11106 78 77
f 5534 11006 5533
f 5535 11010 11009
f 11084 33 32
f 11104 11006 10943
f 11088 31 30
f 11006 11104 10942
f 50 11053 11052
f 5491 10989 10991
f 5492 10988 10989
f 11010 5535 5536
f 10989 5491 5492
f 11083 38 37
f 11012 5537 5538
f 5538 11011 11012
f 10925 10970 11063
f 11042 11013 10944
f 11009 5534 5535
f 11107 11011 10945
f 5497 10987 10984
f 81 11109 11043
f 10990 5493 5494
f 10932 10985 10984
f 11107 10944 11011
f 35 11082 11080
f 11013 5537 11012
f 10933 10987 10982
f 5539 5540 11015
f 5496 5497 10984
f 11014 11015 5540
f 5509 5510 10961
f 5543 11016 5542
f 5543 5544 11018
f 11062 64 63
f 5542 11016 11017
f 11122 15 14
f 11111 11018 10947
f 10933 10984 10987
f 10932 11081 11080
f 11018 11111 10946
f 5461 11019 5544
f 11018 11016 5543
f 10931 11077 11076
f 5462 11020 5461
f 5501 10980 10983
f 11043 11017 11112
f 11014 5540 5541
f 11010 5536 11013
f 5494 5495 10986
f 11096 11094 23
f 10934 10988 10990
f 5495 10985 10986
f 5477 11022 5476
f 11054 48 47
f 11060 11058 44
f 5507 10962 10963
f 5479 11025 5478
f 11025 5479 11024
f 11021 11022 5477
f 11117 19 18
f 11027 5472 11026
f 11046 11041 71
f 5499 10981 10982
f 10965 10966 5504
f 5473 5474 11028
f 5475 11029 5474
f 11028 10951 11120
f 11119 13 12
f 11129 10 9
f 11022 10948 11023
f 11031 11024 5480
f 11076 40 39
f 5482 11030 5481
f 11044 11031 11124
f 5515 10973 10974
f 10926 10972 10971
f 5481 11030 11031
f 11096 10937 11094
f 11021 11115 10948
f 11021 10949 11115
f 10978 5519 5520
f 10928 10975 10969
f 5480 11024 5479
f 11118 11044 20
f 10927 10974 10973
f 5514 10974 10959
f 5520 5521 10976
f 11116 10948 11114
f 11114 16 11116
f 11068 10927 11067
f 11027 11026 10950
f 11008 11005 5531
f 11020 5462 11033
f 11105 75 74
f 11058 45 44
f 11080 36 35
f 11034 11032 5464
f 5466 11036 11035
f 11034 5464 5465
f 11050 11049 10921
f 11045 11033 10953
f 5461 11020 11019
f 11034 11126 10953
f 5464 11032 5463
f 10931 10981 10983
f 10982 5498 5499
f 5498 10982 10987
f 5463 11032 11033
f 10959 10927 11050
f 11035 5465 5466
f 11037 5469 5470
f 11047 11042 76
f 5473 11026 5472
f 5470 11039 11037
f 11119 11121 10950
f 5518 10977 10971
f 11037 10955 11038
f 11123 22 21
f 5467 5468 11040
f 10955 11129 11131
f 10983 5500 5501
f 10930 10979 10966
f 11132 11 11130
f 10955 11039 11130
f 5520 10976 10978
f 10929 11072 11071
f 5501 5502 10980
f 9 11131 11129
f 10956 11128 11036
f 10929 10977 10978
f 42 11075 11074
f 5511 5512 10958
f 11103 73 72
f 61 11070 11069
f 10933 11078 11083
f 11001 10940 11099
f 10994 5486 5487
f 10973 5515 5516
f 5529 11004 11003
f 11005 10941 11004
f 11046 11102 10941
f 11103 72 11041
f 10942 11104 11103
f 10943 11006 11009
f 11008 5531 5532
f 10942 11007 11006
f 11005 11008 11041
f 11008 11007 10942
f 5534 11009 11006
f 11010 10943 11009
f 11047 11105 10943
f 11106 77 11042
f 11107 11106 10944
f 10945 11011 11015
f 11013 5536 5537
f 10944 11012 11011
f 11010 11013 11042
f 11013 11012 10944
f 11108 11109 80
f 11112 11110 82
f 5539 11015 11011
f 10945 11015 11014
f 11017 5541 5542
f 10946 11016 11018
f 11014 11017 11043
f 11017 11016 10946
f 11111 11110 10946
f 11019 10947 11018
f 5544 11019 11018
f 11020 10947 11019
f 11048 11113 10947
f 11125 3 11045
f 10948 11115 11114
f 10949 11021 11025
f 11023 5475 5476
f 10948 11022 11021
f 5475 11023 11029
f 11122 10951 11116
f 11117 11118 19
f 11124 11123 21
f 5478 11025 11021
f 10949 11025 11024
f 5471 5472 11027
f 10950 11026 11028
f 11039 5470 5471
f 12 11121 11119
f 10950 11120 11119
f 11029 10951 11028
f 5474 11029 11028
f 10951 11029 11023
f 11031 5480 5481
f 10952 11030 10997
f 11024 11031 11044
f 11031 11030 10952
f 11033 5462 5463
f 10953 11032 11034
f 11020 11033 11045
f 11033 11032 10953
f 11126 11125 10953
f 11035 10954 11034
f 5465 11035 11034
f 11036 10954 11035
f 10954 11128 11127
f 11040 10956 11036
f 11038 5468 5469
f 10955 11037 11039
f 5468 11038 11040
f 11133 10956 11131
f 10955 11130 11129
f 5471 11027 11039
f 5467 11040 11036
f 10956 11040 11038
f 11005 11041 11046
f 71 11041 72
f 11010 11042 11047
f 76 11042 77
f 11109 11108 10945
f 82 81 11112
f 11118 11117 10949
f 21 20 11124
f 11020 11045 11048
f 2 11045 3
f 11005 11046 10941
f 70 11046 71
f 11010 11047 10943
f 75 11047 76
f 11020 11048 10947
f 1 11048 2
f 11050 53 11049
f 10958 10921 11051
f 11050 54 53
f 11068 54 11050
f 10958 11051 10922
f 11051 52 51
f 51 11052 11051
f 10961 10922 11053
f 10964 10961 11057
f 11053 50 49
f 11055 48 11054
f 10963 10923 11056
f 11055 49 48
f 11053 49 11057
f 10967 10963 11061
f 11056 47 46
f 11053 11057 10961
f 11057 11055 10964
f 11059 45 11058
f 10966 10924 11060
f 11059 46 45
f 11056 46 11061
f 10966 11060 10930
f 11060 44 43
f 11056 11061 10963
f 11061 11059 10967
f 11063 64 11062
f 10969 10925 11064
f 11063 65 64
f 11098 65 11063
f 10969 11064 10928
f 11064 63 62
f 11066 57 11065
f 10973 10926 11067
f 11066 58 57
f 11071 58 11066
f 10973 11067 10927
f 11067 56 55
f 55 11068 11067
f 10927 11068 11050
f 62 11069 11064
f 10976 10928 11070
f 10978 10976 11073
f 11070 61 60
f 11072 59 11071
f 10929 11071 11066
f 11072 60 59
f 11070 60 11073
f 11070 11073 10976
f 11073 11072 10978
f 43 11074 11060
f 10980 10930 11075
f 10983 10980 11079
f 11075 42 41
f 11077 40 11076
f 10982 10931 11078
f 11077 41 40
f 11075 41 11079
f 10982 11078 10933
f 11078 39 38
f 11075 11079 10980
f 11079 11077 10983
f 11081 36 11080
f 10986 10932 11082
f 11081 37 36
f 11083 37 11081
f 10990 10986 11087
f 11082 35 34
f 38 11083 11078
f 10933 11083 11081
f 11085 33 11084
f 10989 10934 11086
f 11085 34 33
f 11082 34 11087
f 10989 11086 10935
f 11086 32 31
f 11082 11087 10986
f 11087 11085 10990
f 31 11088 11086
f 10992 10935 11089
f 10995 10992 11093
f 11089 30 29
f 11091 28 11090
f 10994 10936 11092
f 11091 29 28
f 11089 29 11093
f 10994 11092 10938
f 11092 27 26
f 11089 11093 10992
f 11093 11091 10995
f 11095 24 11094
f 10997 10937 11096
f 11095 25 24
f 11097 25 11095
f 10997 11096 10952
f 11096 23 22
f 26 11097 11092
f 10938 11097 11095
f 11099 66 11098
f 10939 11098 11063
f 11099 67 66
f 11100 67 11099
f 11101 68 11100
f 10940 11100 11099
f 11101 69 68
f 11102 69 11101
f 70 11102 11046
f 10941 11102 11101
f 11104 73 11103
f 10942 11103 11041
f 11104 74 73
f 11105 74 11104
f 75 11105 11047
f 10943 11105 11104
f 11107 78 11106
f 10944 11106 11042
f 11107 79 78
f 11108 79 11107
f 11109 81 80
f 10945 11108 11107
f 11109 11014 11043
f 11014 11109 10945
f 11111 83 11110
f 10946 11110 11112
f 11111 84 83
f 11113 84 11111
f 10946 11112 11017
f 81 11043 11112
f 1 11113 11048
f 10947 11113 11111
f 11115 17 11114
f 11023 10948 11116
f 11115 18 17
f 11117 18 11115
f 11023 11116 10951
f 11116 16 15
f 11118 20 19
f 10949 11117 11115
f 11118 11024 11044
f 11024 11118 10949
f 11120 13 11119
f 11027 10950 11121
f 11120 14 13
f 11122 14 11120
f 11039 11027 11132
f 11121 12 11
f 15 11122 11116
f 10951 11122 11120
f 22 11123 11096
f 10952 11123 11124
f 10952 11124 11031
f 20 11044 11124
f 11126 4 11125
f 10953 11125 11045
f 11126 5 4
f 11127 5 11126
f 11128 6 11127
f 10954 11127 11126
f 11128 7 6
f 11133 7 11128
f 11130 10 11129
f 11038 10955 11131
f 11130 11 10
f 11121 11 11132
f 11038 11131 10956
f 11131 9 8
f 11121 11132 11027
f 11132 11130 11039
f 8 11133 11131
f 10956 11133 11128
f 11264 11262 11134
f 11211 11212 10861
f 10886 11173 10887
f 11214 11213 11152
f 11183 11213 10901
f 11266 11265 11135
f 11171 11170 10888
f 11207 11212 11151
f 11134 11263 11172
f 11150 11307 11308
f 11154 11216 11314
f 11174 11173 10886
f 11134 11170 11171
f 11251 11250 10845
f 11187 10891 10890
f 10888 11170 10889
f 11211 11151 11212
f 11173 11174 11135
f 11267 11136 11269
f 11214 11153 11215
f 11274 11272 5422
f 11153 11313 11314
f 11216 11215 11153
f 11272 11180 11137
f 11136 11268 11177
f 11214 11215 10903
f 5418 5419 11287
f 10883 11175 10884
f 10884 11175 11177
f 5445 5446 11315
f 5401 5402 11310
f 10880 11178 10881
f 10881 11178 11180
f 11234 10854 10853
f 5381 5382 11340
f 11176 11136 11175
f 11270 11268 5425
f 11179 11137 11178
f 5392 5393 11327
f 11152 11311 11312
f 11142 11285 11191
f 11208 11205 10865
f 11279 11184 11139
f 11243 11210 10858
f 11211 11209 11150
f 11279 11142 11184
f 11285 5436 11286
f 10859 10858 11210
f 11181 10900 10899
f 11208 11206 11149
f 11277 5439 11275
f 11310 11305 11151
f 11138 11277 11275
f 11282 11141 11283
f 11152 11183 11276
f 11212 11207 10862
f 11303 11304 11149
f 11181 10899 11182
f 5441 5442 11311
f 10892 11185 10893
f 5437 5438 11282
f 10890 10889 11172
f 11170 11172 10889
f 11249 11167 11341
f 10897 11189 11188
f 11139 11185 11186
f 5432 11278 11280
f 10897 11188 10898
f 11181 11182 11138
f 11171 11173 11135
f 5403 11303 11305
f 10894 11190 10895
f 10895 11190 11191
f 5378 11258 11261
f 5428 11262 11264
f 11141 11188 11189
f 10893 11185 11184
f 11264 11135 11265
f 5443 5444 11313
f 11139 11280 11278
f 11309 11165 11336
f 11236 11235 10852
f 11176 10883 10882
f 11287 11143 11288
f 11196 11144 11290
f 5417 11292 11290
f 11267 11269 5423
f 10882 10881 11180
f 10878 11192 10879
f 11177 11175 11136
f 11193 11192 10878
f 5399 5400 11307
f 5403 5404 11303
f 10892 11186 11185
f 10875 11194 10876
f 10876 11194 11196
f 10917 11227 11230
f 11193 11143 11192
f 11137 11273 11271
f 11144 11291 11289
f 11177 11174 10885
f 11294 11146 11197
f 11145 11295 11293
f 11197 11145 11294
f 11192 11179 10879
f 11180 11178 11137
f 5415 11289 11291
f 10880 10879 11179
f 5432 5433 11278
f 5428 5429 11262
f 11198 10872 10871
f 10872 11198 11197
f 11203 11147 11298
f 5410 11300 11298
f 11199 11145 11198
f 11271 11272 11137
f 11304 11208 11149
f 11200 10874 10873
f 11194 11195 11144
f 11273 11143 11287
f 5460 5377 11326
f 11267 11268 11136
f 11201 10869 10868
f 10859 11210 11209
f 11201 11202 11147
f 11147 11299 11297
f 5430 5431 11281
f 11204 10867 10866
f 11167 11247 11339
f 11201 11203 10869
f 10866 11205 11204
f 5458 5459 11323
f 10849 11239 11241
f 5383 5384 11346
f 10863 11207 11206
f 11208 10864 11206
f 11172 11140 11187
f 11204 11205 11148
f 5426 5427 11265
f 11206 11207 11149
f 11181 11138 11183
f 11306 11304 5405
f 10863 11206 10864
f 11149 11305 11303
f 11275 11276 11138
f 11282 11277 11141
f 11148 11302 11301
f 11188 11182 10898
f 11333 11241 11163
f 11173 11171 10887
f 10859 11209 10860
f 11211 10861 10860
f 11150 11308 11211
f 11151 11211 11308
f 11190 11184 11142
f 11139 11278 11279
f 11150 11209 11210
f 11212 10862 10861
f 11209 11211 10860
f 11183 11152 11213
f 10885 10884 11177
f 11182 10899 10898
f 10842 11249 10843
f 11180 11176 10882
f 5434 5435 11284
f 11216 11154 11217
f 11213 10902 10901
f 11301 11302 5406
f 10901 10900 11183
f 11152 11312 11214
f 11214 10903 10902
f 11184 10894 10893
f 10865 10864 11208
f 11181 11183 10900
f 11153 11314 11216
f 11205 10866 10865
f 11218 10907 10906
f 11297 11298 11147
f 11299 11148 11301
f 10906 10905 11217
f 11203 11199 10870
f 10904 10903 11215
f 11202 11204 11148
f 11155 11221 11254
f 5455 5456 11321
f 11213 11214 10902
f 5379 5380 11338
f 11215 11216 10904
f 10906 11217 11218
f 5408 11297 11299
f 10904 11216 10905
f 11224 10915 10914
f 11220 10909 10908
f 10908 11221 11220
f 10909 11220 11219
f 11172 11170 11134
f 5453 5454 11319
f 10909 11219 10910
f 11222 11223 10911
f 5408 5409 11297
f 11156 11219 11317
f 5406 5407 11301
f 11155 11317 11219
f 11265 11266 5426
f 11204 11202 10867
f 11202 11201 10868
f 10912 10911 11223
f 10868 10867 11202
f 5413 5414 11296
f 10914 10913 11225
f 11225 11224 10914
f 11276 11183 11138
f 11157 11226 11255
f 10911 10910 11222
f 11158 11224 11320
f 11197 11200 10873
f 11256 11322 5457
f 10870 10869 11203
f 11197 11198 11145
f 11224 11157 11320
f 11293 11295 5411
f 11225 10913 11226
f 11195 11200 11146
f 11228 10916 10915
f 11197 10873 10872
f 10916 11228 11227
f 11174 10886 10885
f 10918 11229 10919
f 11231 10920 10919
f 5439 5440 11275
f 11230 11229 10918
f 5390 5391 11335
f 11160 11231 11324
f 11200 11197 11146
f 11293 11294 11145
f 11159 11324 11231
f 10920 11232 10837
f 10919 11229 11231
f 11289 11290 11144
f 10837 11233 10838
f 11196 11193 10877
f 11325 11230 11256
f 10917 10916 11227
f 11226 10912 11223
f 11199 10871 10870
f 5399 11307 11309
f 11203 11201 11147
f 11199 11198 10871
f 10852 11235 10853
f 5423 5424 11267
f 5420 11271 11273
f 11176 11175 10883
f 10854 11238 10855
f 11237 10855 11238
f 10853 11235 11234
f 5394 5395 11330
f 11239 10848 11240
f 5447 11254 11259
f 11195 11194 10875
f 10880 11179 11178
f 11241 10850 10849
f 10850 11242 10851
f 11333 11164 11241
f 5388 5389 11332
f 5385 5386 11342
f 11236 11161 11235
f 10856 11237 11244
f 5415 5416 11289
f 10857 11243 10858
f 11337 11244 11257
f 11187 11186 10891
f 11184 11185 11139
f 11244 11243 10857
f 11307 11150 11309
f 11161 11328 11234
f 11328 11162 11234
f 10896 10895 11191
f 11182 11188 11141
f 10855 11237 10856
f 5396 11257 11331
f 11186 11187 11140
f 11172 11187 10890
f 11189 10897 10896
f 11327 11161 11329
f 11329 5392 11327
f 11280 11140 11281
f 11163 11239 11240
f 10907 11218 11221
f 11246 10838 11233
f 5450 5451 11318
f 5420 5421 11271
f 5411 5412 11293
f 10840 11245 11247
f 11248 11249 10842
f 10841 10840 11247
f 11134 11262 11263
f 11166 11246 11258
f 11232 11233 10837
f 11166 11339 11247
f 10839 11245 10840
f 11196 11194 11144
f 10875 10874 11195
f 11200 11195 10874
f 11246 11245 10839
f 11263 11140 11172
f 10842 10841 11248
f 10846 10845 11250
f 5452 11255 11260
f 10848 11239 10849
f 11250 11252 10846
f 11163 11334 11332
f 11184 11190 10894
f 11251 11168 11250
f 5397 5398 11336
f 11253 10844 10843
f 11344 11342 11168
f 10877 10876 11196
f 11179 11192 11143
f 11343 5387 11345
f 11343 11252 11168
f 11191 11189 10896
f 11284 11285 11142
f 11193 10878 10877
f 11342 11344 5385
f 11249 11341 11169
f 11191 11190 11142
f 11287 11288 5418
f 11171 10888 10887
f 5448 5449 11316
f 11282 11283 5437
f 11296 11291 11146
f 11312 11153 11214
f 10863 10862 11207
f 10892 10891 11186
f 11216 11217 10905
f 11217 11154 11218
f 11154 11315 11259
f 11254 5448 11316
f 11316 11317 11155
f 11222 11219 11156
f 10908 10907 11221
f 11219 11220 11155
f 11254 11221 11218
f 11155 11220 11221
f 11219 11222 10910
f 11222 11156 11223
f 11156 11318 11260
f 11255 5453 11319
f 11157 11319 11320
f 11228 11224 11158
f 10913 10912 11226
f 11224 11225 11157
f 11255 11226 11223
f 11157 11225 11226
f 5456 11322 11321
f 5458 11323 11325
f 11224 11228 10915
f 11227 11228 11158
f 10918 10917 11230
f 11231 11229 11159
f 11256 11230 11227
f 11159 11229 11230
f 11159 11323 11324
f 11231 11160 11232
f 11231 11232 10920
f 11232 11160 11233
f 11160 11326 11261
f 11258 5379 11338
f 11327 11328 11161
f 11238 11234 11162
f 10852 10851 11236
f 11234 11235 11161
f 11242 11236 10851
f 11329 11164 11335
f 5395 11331 11330
f 5397 11336 11337
f 11234 11238 10854
f 11237 11238 11162
f 11240 10848 10847
f 11241 11239 11163
f 10847 10846 11252
f 11332 11334 5388
f 11332 11333 11163
f 11241 11164 11242
f 11241 11242 10850
f 11236 11242 11164
f 10857 10856 11244
f 11210 11243 11165
f 11257 11244 11237
f 11165 11243 11244
f 10839 10838 11246
f 11247 11245 11166
f 11258 11246 11233
f 11166 11245 11246
f 11166 11338 11339
f 11247 11167 11248
f 11247 11248 10841
f 11248 11167 11249
f 11340 11341 11167
f 11249 11169 11253
f 10845 10844 11251
f 11252 11250 11168
f 11253 11251 10844
f 11344 11169 11346
f 11342 11343 11168
f 11252 11240 10847
f 11249 11253 10843
f 11251 11253 11169
f 11259 11254 11218
f 5448 11254 5447
f 11260 11255 11223
f 5453 11255 5452
f 11158 11321 11322
f 11325 5457 5458
f 11162 11330 11331
f 11337 5396 5397
f 11261 11258 11233
f 5379 11258 5378
f 11154 11259 11218
f 5447 11259 5446
f 11156 11260 11223
f 5452 11260 5451
f 11160 11261 11233
f 5378 11261 5377
f 11262 5429 11263
f 11264 11134 11171
f 5429 5430 11263
f 11263 5430 11281
f 11135 11264 11171
f 5427 5428 11264
f 11264 11265 5427
f 11266 11135 11174
f 11270 11174 11177
f 5425 5426 11266
f 11267 5424 11268
f 11269 11136 11176
f 5424 5425 11268
f 11270 5425 11266
f 11274 11176 11180
f 5422 5423 11269
f 11174 11270 11266
f 11177 11268 11270
f 11271 5421 11272
f 11273 11137 11179
f 5421 5422 11272
f 11274 5422 11269
f 11143 11273 11179
f 5419 5420 11273
f 11176 11274 11269
f 11180 11272 11274
f 11275 5440 11276
f 11277 11138 11182
f 5440 5441 11276
f 11276 5441 11311
f 11141 11277 11182
f 5438 5439 11277
f 11278 5433 11279
f 11280 11139 11186
f 5433 5434 11279
f 11279 5434 11284
f 11140 11280 11186
f 5431 5432 11280
f 11280 11281 5431
f 11263 11281 11140
f 11277 11282 5438
f 11283 11141 11189
f 11286 11189 11191
f 5436 5437 11283
f 11284 5435 11285
f 11279 11284 11142
f 5435 5436 11285
f 11286 5436 11283
f 11189 11286 11283
f 11191 11285 11286
f 11273 11287 5419
f 11288 11143 11193
f 11292 11193 11196
f 5417 5418 11288
f 11289 5416 11290
f 11291 11144 11195
f 5416 5417 11290
f 11292 5417 11288
f 11146 11291 11195
f 5414 5415 11291
f 11193 11292 11288
f 11196 11290 11292
f 11293 5412 11294
f 11295 11145 11199
f 5412 5413 11294
f 11294 5413 11296
f 11300 11199 11203
f 5410 5411 11295
f 11291 11296 5414
f 11294 11296 11146
f 11297 5409 11298
f 11299 11147 11202
f 5409 5410 11298
f 11300 5410 11295
f 11148 11299 11202
f 5407 5408 11299
f 11199 11300 11295
f 11203 11298 11300
f 11299 11301 5407
f 11302 11148 11205
f 11306 11205 11208
f 5405 5406 11302
f 11303 5404 11304
f 11305 11149 11207
f 5404 5405 11304
f 11306 5405 11302
f 11151 11305 11207
f 5402 5403 11305
f 11205 11306 11302
f 11208 11304 11306
f 11307 5400 11308
f 11309 11150 11210
f 5400 5401 11308
f 11308 5401 11310
f 11165 11309 11210
f 5398 5399 11309
f 11305 11310 5402
f 11308 11310 11151
f 11311 5442 11312
f 11276 11311 11152
f 5442 5443 11312
f 11312 5443 11313
f 11313 5444 11314
f 11312 11313 11153
f 5444 5445 11314
f 11314 5445 11315
f 11259 11315 5446
f 11314 11315 11154
f 11316 5449 11317
f 11254 11316 11155
f 5449 5450 11317
f 11317 5450 11318
f 11260 11318 5451
f 11317 11318 11156
f 11319 5454 11320
f 11255 11319 11157
f 5454 5455 11320
f 11320 5455 11321
f 5456 5457 11322
f 11320 11321 11158
f 11256 11227 11322
f 11158 11322 11227
f 11323 5459 11324
f 11325 11323 11159
f 5459 5460 11324
f 11324 5460 11326
f 11230 11325 11159
f 11325 11256 5457
f 11261 11326 5377
f 11324 11326 11160
f 11327 5393 11328
f 11329 11161 11236
f 5393 5394 11328
f 11328 5394 11330
f 11164 11329 11236
f 5391 5392 11329
f 5395 5396 11331
f 11328 11330 11162
f 11257 11237 11331
f 11162 11331 11237
f 11332 5389 11333
f 11334 11163 11240
f 5389 5390 11333
f 11333 5390 11335
f 11345 11240 11252
f 5387 5388 11334
f 11329 11335 5391
f 11333 11335 11164
f 11309 11336 5398
f 11337 11336 11165
f 11244 11337 11165
f 11337 11257 5396
f 11338 5380 11339
f 11258 11338 11166
f 5380 5381 11339
f 11339 5381 11340
f 11340 5382 11341
f 11339 11340 11167
f 5382 5383 11341
f 11341 5383 11346
f 11342 5386 11343
f 11344 11168 11251
f 5386 5387 11343
f 11345 5387 11334
f 11169 11344 11251
f 5384 5385 11344
f 11240 11345 11334
f 11252 11343 11345
f 11344 11346 5384
f 11341 11346 11169
