# Stanford Armadillo
# quadric edge-collapse decimation to 10000 triangles, 5002 vertices
v 15.01115 -43.87933 22.30205
v 2.273712 28.55296 32.9269
v -52.84344 66.64562 -57.53863
v -51.74961 66.96137 -56.71034
v -52.31884 68.2928 -57.7915
v 17.43299 -34.26805 10.89265
v 6.959859 11.62008 27.1963
v -54.43335 68.82276 -56.51198
v -8.573123 17.69898 29.06026
v -54.36328 66.62602 -56.64856
v -56.84388 67.1377 -54.64581
v -52.73947 68.22469 -54.75948
v 29.86357 9.484586 18.36375
v -26.27893 -8.344027 19.26525
v -56.73703 60.07068 -54.45649
v -55.68453 65.37413 -51.84335
v 16.18504 -32.28738 10.41469
v -40.61835 -31.34766 10.60244
v -21.49254 -32.05637 11.72144
v -52.74077 68.85731 -55.78062
v -57.50693 59.09254 -55.23588
v -46.55908 -47.55353 6.709267
v -57.96818 60.35228 -54.56565
v 4.996531 14.10328 28.23835
v -35.43625 10.73134 17.54994
v 20.07817 59.54124 30.64958
v 4.13807 17.35442 29.07593
v -56.71232 69.45327 -54.09732
v -58.09568 58.30566 -53.89194
v -28.48795 -6.438688 19.86239
v -58.55144 65.98163 -51.41962
v -53.81267 69.1898 -53.6685
v -50.54919 73.72656 -53.76374
v 26.37532 -46.35492 6.705814
v 5.593022 43.44272 35.53728
v -50.19011 75.15645 -54.90175
v -56.60577 58.51948 -54.45333
v -10.81431 61.37434 37.86443
v -53.0389 66.17608 -55.72896
v -8.221372 19.56895 30.39423
v -49.30712 74.04884 -53.87233
v -20.57249 -26.72999 9.366162
v 19.19974 -53.59194 10.6191
v -49.62168 75.79447 -53.50111
v -29.82958 -5.882003 20.08888
v -59.95562 59.61158 -53.04899
v 21.47441 -45.29792 6.361401
v 21.63675 -45.17373 7.299861
v 15.6249 -6.752101 19.47448
v -34.21265 -4.916986 18.35379
v -56.98707 61.99699 -51.79503
v -54.07164 68.30493 -52.66527
v -55.96464 69.87266 -50.69113
v -52.16648 73.04373 -51.49512
v 9.398609 21.10358 28.78349
v -51.2214 73.82602 -52.09854
v -20.82698 76.98284 22.18061
v -9.997799 21.48941 29.87161
v -53.20433 76.56997 -52.49104
v -56.86537 59.58471 -52.86601
v 15.77896 42.56883 29.40866
v -57.61707 70.05563 -50.66784
v -54.48975 71.93853 -50.36335
v -52.67718 74.72287 -54.26164
v -41.77305 -43.80108 8.452599
v 27.47623 12.11951 18.53322
v -60.111 61.26209 -52.57062
v 33.47741 -21.2611 11.34868
v -57.00109 64.92147 -49.90316
v -59.49579 66.82365 -50.61283
v -15.64371 -4.069948 18.04221
v -26.90163 54.09229 24.39869
v -58.23017 58.42338 -51.90885
v -14.81464 -3.147616 18.7451
v -23.71251 4.226092 25.9901
v -22.29264 -17.99708 12.16335
v -51.26065 75.90763 -51.36787
v 32.83525 -18.13812 10.73524
v -41.9294 -16.62562 10.48543
v -58.64632 62.349 -52.00877
v -31.89154 14.74485 17.76373
v 15.83982 -14.38057 10.72107
v -55.18343 68.41897 -50.22571
v 28.04942 -0.900805 21.18145
v 8.911906 65.15808 37.35432
v -51.83783 76.68461 -52.11893
v -59.86042 58.81476 -50.79547
v 32.76938 -14.91712 9.661096
v -56.69431 62.68125 -48.78284
v -10.93273 25.22384 30.54459
v -20.6636 24.36979 8.292517
v -14.14658 26.97943 29.05489
v -59.47408 58.77154 -47.41033
v 20.82995 15.10559 19.78353
v -56.81633 72.795 -49.90256
v -33.84898 -37.83442 7.124011
v -55.31048 76.29005 -48.16322
v 14.91139 -10.91269 12.72026
v -56.27934 61.73259 -48.40696
v -57.7438 63.03968 -49.26935
v -56.04586 66.21659 -49.24991
v -56.51927 74.61589 -50.64212
v 31.71998 -11.10393 10.82022
v -51.94857 75.52285 -49.37108
v -56.61602 75.85652 -48.51476
v -19.31209 -9.686831 10.88489
v -9.43785 5.190459 21.64601
v -19.48835 4.687203 25.64099
v 22.66301 52.90593 24.90044
v -59.01795 69.01817 -50.47151
v -54.9865 70.89637 -48.05733
v -39.22895 -9.95476 11.33712
v 13.91645 -9.151691 9.006995
v -52.8694 75.85698 -48.37309
v -12.62316 45.2274 34.93281
v 17.82643 24.3356 10.68395
v 34.37646 -7.351885 11.07317
v -53.55624 72.40479 -47.25119
v -16.27818 18.09957 26.79125
v 0.8554761 60.18689 -47.95172
v -1.781108 60.28097 -48.81585
v -37.74542 -8.323953 12.93906
v -37.6312 -35.45582 6.752552
v -58.27371 64.53492 -48.15384
v -56.82854 64.47623 -48.70146
v -34.59938 6.591844 19.78878
v -24.57103 -39.16945 19.90451
v -1.582859 66.026 38.83907
v -56.474 76.05865 -47.61011
v -25.72109 -36.28866 8.070559
v 2.609031 59.08208 -48.18526
v 2.770399 60.90473 -48.76926
v 1.623952 61.39081 -48.7767
v -0.4031845 61.60938 -48.61352
v 34.39768 -4.855264 10.20765
v -54.873 66.44382 -47.51909
v 11.32066 33.19099 30.59301
v -55.88899 69.73092 -48.49253
v -56.17783 70.93689 -47.90358
v 34.59651 -3.047429 11.42997
v -0.1527697 58.60948 -48.13378
v 14.3278 33.74703 27.2588
v 1.483132 61.44576 -45.95801
v -61.03156 63.14966 -48.08696
v -14.26514 34.89883 30.01432
v -56.16716 64.44101 -48.08071
v -60.14079 63.65309 -47.91835
v -60.60495 65.87234 -47.72973
v -59.9472 68.98481 -47.31544
v -55.01886 69.88731 -47.0793
v -40.16536 -1.180038 11.41266
v -59.0203 73.49326 -46.06368
v -33.39828 11.57878 19.97778
v -53.07912 74.50825 -46.76466
v -53.85633 75.29462 -46.09151
v -61.49502 60.79507 -47.61542
v -40.41444 -30.54526 6.675114
v -56.81094 59.77515 -47.9014
v -61.98726 62.99543 -46.91184
v -56.0991 64.27161 -46.51829
v -61.08846 64.35816 -47.05884
v 22.86473 13.71431 19.29749
v -57.65508 70.34974 -47.10338
v -12.21755 15.67446 27.34548
v 7.88722 45.35207 35.37712
v 2.961007 58.25802 -45.98996
v -59.29912 58.22167 -45.98364
v -55.76229 62.06493 -47.20794
v 3.980616 2.844263 11.79291
v 1.048947 65.82812 38.82816
v -3.767034 -3.912051 55.22081
v -53.04269 73.12943 -46.17178
v -57.67128 75.54876 -45.53053
v -55.96139 75.82118 -45.49207
v -26.5207 55.52832 24.19711
v -56.43329 59.74763 -45.83079
v -62.07425 59.95301 -46.22321
v -0.2667948 61.58058 -45.99433
v -62.29819 61.875 -45.40196
v -22.14811 22.33834 18.75559
v 7.422571 16.80987 28.59089
v -21.73578 22.81379 19.39888
v -1.967517 5.908236 9.637385
v -2.187175 58.53682 -46.23188
v 28.59794 -35.32953 26.33251
v -22.31349 24.93394 17.80054
v -1.974375 7.385524 13.0928
v -54.27767 67.89647 -45.94183
v -59.33184 70.84455 -45.61769
v -24.11895 -46.07925 16.77423
v -0.2778991 6.761409 10.76473
v -20.75712 26.54233 18.06959
v -56.81127 75.94226 -45.20574
v -21.91192 -29.13122 7.475583
v -1.399373 2.616057 40.44372
v -57.71664 58.63156 -44.83219
v -4.176101 45.60725 35.10166
v -20.04195 42.31812 29.52304
v -20.34756 30.68408 17.00243
v -35.19003 11.8205 9.339936
v -61.43367 67.05825 -46.30212
v 29.12314 -28.85989 6.829223
v -49.10233 83.92973 -45.96611
v 28.25464 14.25864 12.83361
v 17.82749 36.56031 20.85317
v -0.5914022 45.19969 34.8484
v -26.55411 18.39898 18.20746
v -28.29546 16.49343 8.987129
v 3.807165 60.47607 -45.83799
v -1.931549 61.9423 -43.15364
v -10.77384 45.59253 35.83556
v -55.08171 62.05859 -44.99506
v -19.86814 43.8643 29.14496
v 24.63337 16.64333 12.20502
v -61.19795 64.20032 -45.46284
v 18.91435 -27.58951 6.649182
v -54.31061 65.87769 -45.71311
v -60.81182 69.02122 -45.28625
v -21.59233 -25.92091 6.086445
v -52.48477 73.86578 -44.79466
v -53.01358 75.78597 -44.86675
v 23.23555 17.95136 9.985932
v -48.567 83.28476 -45.44708
v -2.748392 57.0409 -44.7739
v -24.25557 21.75993 15.78198
v -16.02246 6.897689 25.89129
v -24.91964 44.09556 21.12728
v -22.08344 25.62051 13.57051
v 21.64267 -31.57257 28.94123
v -59.81341 73.37928 -45.11437
v -58.33017 76.15806 -44.45419
v -12.74173 19.72125 28.26996
v 30.01922 -26.76973 6.641472
v 5.504284 48.02456 36.86774
v -21.05769 26.93781 12.02567
v -52.79295 82.84701 -44.69026
v -51.75604 84.08701 -44.13522
v 15.13085 -33.49888 25.84208
v 2.214613 56.5772 -43.0501
v 11.70692 21.11468 26.73464
v -20.85753 26.07481 9.71211
v -61.5352 59.47627 -45.06535
v -2.3482 60.63504 -45.81397
v -19.99065 32.16368 9.916041
v -19.73509 33.70277 8.587712
v 24.54357 51.47128 18.44324
v -62.95378 63.12655 -44.22256
v 31.21444 -25.5267 6.612098
v -61.9894 64.86125 -43.44601
v 18.15074 33.93787 12.1334
v 2.525684 46.11023 35.11588
v -20.59615 35.5033 10.30578
v -52.17632 72.02384 -43.77952
v -26.42348 7.377084 25.46743
v 25.63282 56.68855 19.89525
v -55.7216 76.7165 -44.1716
v -49.00015 82.63896 -43.85804
v -49.34901 84.43752 -44.36714
v 19.41421 21.48355 18.33326
v 20.09388 37.2524 12.6261
v -29.75546 58.13673 19.60433
v -1.337747 56.67748 -42.8048
v -24.22727 40.3154 10.73079
v -37.94958 -39.10734 18.98556
v -60.65848 57.70499 -43.26099
v 22.34486 40.71459 8.758772
v 6.048193 58.40076 -44.00875
v 25.98457 60.76619 18.75921
v 24.51624 43.36094 9.469631
v 1.582189 62.72218 -44.10056
v -0.7018246 63.06266 -43.39348
v -62.54237 66.90014 -44.01719
v 20.15618 56.8592 30.57016
v -22.44189 56.63586 29.747
v -27.93872 66.92243 19.67923
v -18.75949 6.234535 25.56544
v 4.468461 56.54202 -44.22035
v 25.68744 65.83644 19.40162
v 32.92963 -23.44473 7.948612
v -55.42593 60.20586 -43.85012
v 6.215464 67.13668 37.76407
v -4.768223 61.09843 -43.80673
v 23.99767 68.9707 19.11583
v -30.22525 47.73807 9.821232
v -23.41514 60.29268 30.34605
v -61.74515 69.07673 -42.20289
v -60.71296 70.35689 -42.31612
v 24.93516 -52.86389 14.16528
v -53.53259 76.15798 -43.40413
v -52.74932 79.8462 -44.43691
v -30.50419 51.31277 11.83403
v -5.554719 57.33939 39.26508
v 0.5640132 57.07061 -44.42386
v 20.32253 5.287577 25.49998
v 4.25385 56.29386 -42.4029
v -22.16691 76.7301 19.51145
v -5.410642 57.39759 -42.93779
v -58.85159 58.18787 -41.78255
v -5.479378 58.8911 -43.99766
v 17.49083 -19.02959 7.942009
v 6.62919 60.18494 -43.12922
v -62.19476 59.70999 -43.57873
v 20.24805 77.58413 18.78167
v 1.818902 63.13534 -42.35448
v -62.84126 62.39907 -41.49327
v -20.57187 78.7631 17.3311
v -53.08981 65.84136 -40.88052
v -52.19357 70.55131 -42.89884
v -60.50433 72.61932 -43.56
v 57.67605 75.10311 -43.03559
v -34.30725 53.29887 10.62631
v -13.60472 22.16738 28.09087
v 58.52789 75.85703 -43.34039
v 35.62567 63.94255 5.562642
v -57.00681 76.96065 -42.74826
v -53.49151 76.93659 -43.03911
v 51.51917 81.57355 -43.04862
v -54.75554 81.43628 -42.76044
v 52.40761 81.6692 -43.81974
v -20.38948 27.56686 18.86254
v -1.737052 -6.711739 46.04719
v -23.57297 -17.25185 7.114125
v 6.814422 57.19912 -41.93932
v 3.810211 62.35794 -40.92258
v -36.13011 57.99457 9.953156
v -53.78353 68.06033 -42.11478
v -61.25688 72.16507 -39.87817
v 58.49062 73.88659 -42.14915
v 59.61958 73.62786 -41.94001
v 10.08754 86.37782 17.72241
v -51.89487 77.28883 -42.34326
v 57.27423 76.81365 -43.00968
v -24.5905 -15.92725 8.756594
v 34.92631 59.80613 11.75239
v 52.91899 80.3784 -43.48784
v 55.68645 79.58998 -41.828
v 53.451 82.01143 -43.52025
v 18.89386 70.03365 29.46064
v -19.8658 29.44419 10.36303
v -13.49619 53.0509 37.16619
v 0.3240191 54.94013 -42.60449
v 31.48477 63.17253 10.48513
v -12.2335 48.06682 35.79292
v -6.438214 59.29368 -41.63291
v -10.95069 85.64557 21.44112
v -55.02126 63.6827 -42.32133
v -52.5681 74.30749 -42.47688
v -59.61942 75.20828 -42.43247
v -55.69852 77.30266 -42.53481
v -56.34268 78.28988 -41.7668
v 17.19605 -16.22393 7.808955
v -29.58166 68.3144 10.23863
v -4.101603 87.78509 21.16542
v 53.94804 79.56057 -39.72563
v 33.15901 -13.39639 6.101033
v -41.76135 -13.10459 7.527311
v 16.09616 72.5365 29.11145
v -5.836251 57.53364 -41.46232
v -54.02254 61.24696 -39.71845
v 6.481372 61.56417 -40.53141
v 14.3349 28.01598 26.63169
v -36.46966 -53.29183 20.04262
v -53.62934 65.00107 -41.41139
v -62.5119 66.04974 -41.62989
v -24.59859 75.1157 10.40099
v -27.70366 -53.24257 20.07879
v -51.00802 77.18859 -40.96142
v 20.60566 76.45767 10.41833
v -58.1422 78.21613 -40.48519
v -50.09775 80.24828 -42.23475
v -56.10244 79.92778 -39.66294
v -53.49716 82.79155 -42.02966
v 52.80232 81.8284 -40.69151
v 2.916248 54.4757 -41.46149
v 1.515948 55.43987 -41.32955
v -60.98416 58.73344 -41.20391
v -22.55533 -9.88429 6.970433
v -62.41162 59.78613 -40.32925
v 18.73838 -52.8068 20.04214
v 33.16011 -50.81428 17.58981
v -18.82842 80.05706 13.70001
v 2.366927 63.8529 -40.93151
v -0.9570933 63.97164 -41.75746
v -19.43518 80.87891 10.46509
v -62.67056 68.55058 -40.18535
v 16.43516 81.08249 12.08803
v -18.64311 81.19961 11.87138
v -17.2727 82.08626 8.902767
v 10.25149 80.68861 28.86394
v -28.51071 70.99502 7.084783
v 8.891675 80.42677 28.75361
v -22.97269 -50.0416 18.42051
v 18.28164 35.61304 17.56975
v -3.802973 56.27972 -41.74041
v 13.73385 84.52919 9.837091
v -20.55469 36.36493 16.65981
v 29.3112 -44.00512 16.97811
v -40.84079 -9.649278 8.322526
v 13.88512 -7.986838 7.326651
v -39.24799 -43.41791 17.8091
v -6.201968 61.16173 -41.46157
v 7.552396 82.06199 28.78383
v -62.61206 65.27606 -39.89533
v -38.38783 -46.54576 20.06134
v -51.92078 69.34277 -39.81106
v 8.811804 88.05693 10.84462
v -60.74442 73.79249 -40.31021
v -26.85309 63.25816 25.06726
v -58.50284 75.79413 -40.33558
v 57.82165 77.33243 -42.33544
v 59.83117 76.86957 -40.13014
v -9.514713 88.97614 10.0987
v 17.43827 31.43619 10.03598
v 56.75521 81.35116 -41.14181
v -51.20939 82.10465 -41.50278
v 23.12069 62.78717 24.90008
v 54.635 82.83614 -41.33121
v 6.378099 89.08266 10.86988
v 2.119941 54.4078 -39.95365
v -0.7899667 54.98632 -40.80697
v 0.03586792 89.35081 14.43998
v 2.709547 82.69261 29.43106
v -40.54778 -6.359309 8.553297
v 7.541903 60.66428 -40.18727
v -1.214675 90.47504 12.05913
v -47.30182 -53.49529 10.8013
v 13.03831 31.2512 27.47977
v -50.88631 74.45394 -40.62342
v 58.184 75.89963 -38.71067
v 55.50352 78.47668 -40.00597
v -53.57985 81.16714 -39.71251
v 30.68553 -53.29805 12.66684
v -26.13376 -40.83134 21.11598
v -2.218648 54.64359 -41.41082
v -4.755913 55.54584 -40.07129
v -8.26964 59.71748 -35.84333
v -55.13063 59.41045 -38.22546
v 2.54313 14.34105 29.0402
v -6.599242 62.14841 -39.41067
v 17.76737 32.69762 10.79782
v 7.59469 8.140806 25.48048
v -61.58479 69.8966 -39.17291
v -32.31095 14.25042 11.4384
v 21.96047 -42.73223 28.99448
v -51.70496 79.07044 -38.89492
v 48.37184 87.37505 -39.68591
v 49.35006 87.44315 -40.44138
v 3.48961 55.07246 -40.06929
v 13.57981 -37.52484 20.50083
v 30.7513 -37.45407 20.22591
v 15.80443 -52.95747 31.05118
v -50.2092 -50.03783 11.0499
v 5.90275 56.36997 -40.49682
v 18.35094 -51.07439 9.862913
v -56.84677 58.79721 -40.3906
v -7.344169 60.44304 -39.91445
v 31.67109 -35.02174 18.9311
v -4.854666 62.85865 -39.60854
v 2.718431 63.91857 -38.99131
v -39.51865 -33.70038 19.3189
v 57.66384 74.45605 -40.74433
v 38.48006 -50.217 10.33844
v 60.73239 75.02771 -41.38214
v -61.23453 74.46059 -38.63889
v -58.58031 76.93058 -39.10616
v 1.11364 -1.052157 43.86041
v -12.86753 1.742892 6.480933
v 18.79914 -52.65801 8.279809
v 12.98176 -31.10428 21.47135
v -26.80273 -48.54384 12.40689
v 4.786761 54.12748 -38.84944
v 34.29416 1.477205 5.820612
v -60.02181 58.67843 -39.46229
v 8.013482 61.07911 -37.57768
v 12.35618 -30.75733 18.26413
v -52.76929 63.38382 -38.38633
v 4.048731 62.70103 -38.57649
v -0.743557 64.51334 -39.17556
v -4.009146 -9.100487 57.62715
v -61.76434 68.70695 -36.79792
v 60.0891 70.25845 -37.27662
v -24.97977 -27.67332 20.57957
v 12.60613 -28.73571 19.43899
v 15.14183 -46.36669 30.18188
v -50.15279 77.35173 -39.34367
v 4.445451 7.308568 25.40214
v 33.05041 -29.19799 19.02518
v 2.059159 57.07839 39.43964
v -20.66097 40.62803 23.46101
v 20.12675 -45.28361 10.81173
v 30.95431 -45.22894 9.467288
v 56.14082 82.58153 -38.15914
v 51.67563 87.14241 -39.1819
v -3.311874 54.76277 -38.69028
v -5.428737 56.94543 -39.22518
v 7.047528 57.60815 -39.35564
v -39.55535 -22.9292 19.94356
v -6.38626 58.13767 -37.10499
v 19.45368 -40.23328 29.43374
v -26.00122 42.58195 18.97447
v 13.52839 -23.08475 18.56321
v 23.3351 -38.90031 30.17194
v 57.24741 73.98321 -37.87515
v 19.27091 -38.73953 30.31346
v -59.78717 75.60144 -37.97216
v -16.83852 33.82411 27.451
v -39.53722 4.523483 6.757704
v 58.32364 78.5111 -38.06629
v -39.3405 -41.7463 11.16435
v -56.93381 79.3832 -37.99826
v 59.23241 79.5266 -37.15863
v 53.73633 81.76031 -38.24986
v 56.90772 82.33878 -39.20295
v 33.4234 5.126551 7.493701
v 49.30771 88.86026 -39.23168
v -36.08738 63.07528 6.797174
v -24.35948 -22.7913 19.21487
v -25.44874 67.94154 24.12407
v 4.946117 56.29633 -37.87722
v -57.48729 58.33797 -38.29633
v -15.86188 52.24794 36.00051
v -62.07623 60.34905 -37.20404
v 21.15184 -38.32858 30.81549
v 2.242555 67.97593 37.55898
v -2.846893 63.25195 -38.61562
v 25.06681 -36.36057 10.82085
v -24.38857 8.713533 26.08258
v -52.32486 72.19224 -40.20769
v 58.55992 71.07066 -38.0598
v 57.5194 71.76117 -37.63322
v 14.34789 -39.64989 18.98963
v -3.303529 5.202553 4.438495
v -3.933416 68.01065 37.51763
v 21.53627 -34.35534 10.7171
v -40.58268 -18.84017 17.63927
v -1.706009 54.21065 -36.59459
v -0.09027356 -6.226053 41.37959
v -7.106152 8.166902 25.03039
v -30.60458 -17.5161 20.29242
v -38.42539 5.33331 9.092839
v -63.15667 62.80141 -38.24212
v 3.926102 62.96158 -37.90195
v 24.43515 48.65314 17.1245
v -50.98813 71.91822 -37.75414
v 23.43485 -34.58671 29.8118
v 61.89889 74.38756 -37.95194
v -50.22668 75.181 -38.1558
v 9.920631 50.27219 35.89955
v -7.303741 15.07158 29.33998
v 51.96695 85.25769 -37.81819
v 31.31954 9.34236 7.204246
v 1.852085 -0.8952563 31.04755
v -36.45204 8.871492 5.093604
v 0.7786706 54.48971 -37.42225
v 2.336781 54.23938 -36.13031
v -5.997486 55.55894 -37.26147
v 7.919524 58.36466 -38.21175
v 19.29287 -16.16344 19.4054
v 31.61267 -30.22705 10.43108
v 6.805529 62.45405 -36.93099
v -24.28002 67.10749 25.36629
v -22.83332 -40.18551 16.59608
v -62.41725 65.48561 -36.12066
v -1.203978 65.79944 -38.20519
v -40.78899 -27.46617 10.82438
v -61.30381 71.63236 -35.97601
v 12.5803 38.38884 28.80717
v 61.50681 71.57254 -37.53788
v 61.45861 75.39905 -35.80302
v 55.30275 77.50861 -36.64562
v 13.032 -26.50411 10.85423
v -20.84442 -24.81486 11.66502
v 51.64169 88.41023 -37.59171
v -5.835106 4.086062 30.25126
v 33.31785 -24.80026 11.53544
v -3.988041 55.88814 -37.61446
v 5.930884 56.16818 -36.27884
v -41.77729 -25.20996 8.939229
v 4.504278 63.97815 -34.73173
v 2.611348 65.57859 -38.09913
v 18.00206 45.61559 29.05667
v 62.63254 72.4718 -36.18573
v -60.35703 73.99682 -36.79714
v 14.41501 -21.50375 10.30112
v 20.31916 -11.40517 19.5072
v 33.4567 -22.85727 10.91594
v 57.82135 75.56225 -36.85837
v -41.80166 -20.22391 11.03222
v -50.34893 77.22464 -37.67767
v 2.144832 9.572382 30.84582
v 58.48962 81.28992 -37.50542
v -21.67023 -20.43978 11.44355
v 16.26584 -18.22696 12.32638
v 49.9428 87.46821 -36.15075
v -43.00775 -18.39284 11.22977
v 7.794964 58.40518 -36.12269
v -55.38823 58.91734 -35.24153
v -53.68985 59.33522 -35.01963
v -51.98066 63.32942 -36.08255
v 33.05457 -17.03899 9.05997
v 3.578471 65.32824 -35.7334
v 58.68302 69.50079 -36.34773
v 24.97447 -6.911114 20.88567
v -40.94014 -14.04992 11.81494
v 56.18207 74.32267 -36.74002
v -39.97457 -37.97689 16.52263
v 56.33474 76.77681 -36.9582
v -54.76823 78.88103 -36.7005
v 54.18447 80.23439 -37.46066
v -25.80387 -6.648777 20.4222
v -23.30229 -37.89388 17.52483
v -20.89684 -11.08956 10.84989
v -57.90216 58.66522 -35.60673
v -26.01036 72.00679 6.714334
v -10.11594 8.419656 24.4457
v 32.62609 -9.372275 11.64665
v 7.763445 62.9296 -34.42827
v -21.16 -7.205325 19.00544
v -15.57601 40.03143 29.05535
v 17.05754 41.05374 28.71081
v -61.59502 66.63334 -34.13007
v -4.744519 70.6527 37.25029
v 57.10907 70.71901 -36.45215
v 61.54395 70.24518 -36.11045
v 56.13555 73.96545 -35.26091
v -22.52865 41.22274 24.35687
v -51.98956 76.60652 -35.30946
v 57.98196 76.89831 -36.81043
v -19.24479 -4.906704 20.66667
v 60.66216 77.80212 -34.35059
v -57.82889 78.40956 -36.14011
v 54.49722 79.44577 -35.77414
v 55.28004 81.66397 -36.06112
v 50.66238 85.10455 -37.31855
v -21.14074 22.07866 5.660093
v -21.75754 22.97446 8.099161
v -59.76742 59.44489 -36.11232
v -22.77126 74.05579 22.37084
v -52.90896 60.55532 -35.88118
v 8.832445 59.78994 -34.57523
v -4.843297 16.48208 30.14358
v -62.2065 62.7387 -35.91884
v -7.795248 62.95835 -36.10189
v 11.32526 52.38352 36.22762
v 11.01075 -4.454004 10.22097
v -19.81791 41.20914 29.33959
v -2.695729 82.62169 30.01746
v 62.6837 73.2947 -34.47788
v -12.4165 -0.7025207 11.42206
v -15.63636 -2.679195 19.71611
v 57.3609 82.12616 -35.71501
v 53.39794 82.20297 -34.22047
v -34.2655 -2.914019 18.86709
v 54.08272 86.33046 -36.96078
v -1.427264 53.21831 -35.29284
v 0.792706 54.39876 -35.88033
v -2.223389 55.2204 -35.11115
v 13.76403 -45.65352 26.33326
v -13.66032 -1.908082 19.23558
v 6.114394 57.76511 -35.403
v -7.006136 58.40882 -35.86374
v 11.40951 -0.2785634 20.06213
v -3.665246 64.46409 -34.42918
v -50.61008 67.28161 -35.57671
v 0.2331917 66.38164 -36.21404
v -20.93672 73.44752 25.59195
v -61.72468 68.88534 -33.70377
v 62.56951 69.3485 -33.41676
v -11.80502 0.6295593 19.72776
v -59.68364 75.29502 -35.15892
v 1.761793 4.162569 12.14302
v 60.4354 75.86281 -35.71902
v -53.52229 76.98974 -34.55061
v -57.49738 77.02696 -34.4897
v 1.912161 52.78896 -34.54731
v -4.474628 55.19239 -35.29997
v -52.05689 57.4967 -35.00261
v -19.98076 31.31755 8.284101
v 4.959307 3.548279 19.47426
v -61.10902 60.74072 -35.13994
v 26.1698 58.8236 18.05994
v -23.6067 -35.95336 18.02176
v 2.609155 68.66352 -34.23333
v 30.74972 11.21048 11.0451
v -33.9592 13.02666 11.02014
v -49.65972 69.82534 -34.08695
v 56.43396 69.43384 -34.79581
v -60.698 70.76326 -34.08259
v -50.07815 72.87609 -35.82042
v 55.27602 73.29302 -33.87088
v -50.1747 74.12411 -35.02808
v 30.34772 -37.33902 18.50184
v -21.62663 36.43061 7.245191
v 30.32055 4.255003 19.25682
v -29.42568 58.33238 17.82258
v 55.94097 80.96067 -34.05649
v -29.41113 16.58002 10.2851
v 54.54698 82.74069 -35.01267
v 21.75737 40.79533 5.728638
v 52.45255 87.93193 -35.22465
v 2.255788 55.62644 -34.94136
v -26.79263 17.95815 11.06766
v -51.14932 55.95178 -34.13741
v 7.480587 23.90366 30.86793
v -55.18314 56.82884 -33.77779
v -6.393956 57.22223 -34.77418
v -4.811504 56.57641 -34.45703
v 29.36184 7.573386 19.04314
v -6.862908 58.73171 -32.49347
v -52.44118 59.90938 -34.84896
v -34.25715 8.170034 20.41324
v -24.41107 40.2309 6.87536
v -24.2524 21.72711 10.45833
v 4.272139 67.53949 -33.6154
v -3.084589 69.07999 -34.05628
v 9.867983 60.83432 37.07126
v -26.66506 42.97413 7.854117
v 58.11709 67.74638 -34.70648
v 60.9925 69.04403 -35.11811
v -22.63136 11.01181 25.34239
v 3.521299 69.86987 37.52542
v -0.6104019 67.69001 -35.57692
v -0.9717214 69.007 -34.47242
v 55.72075 71.52548 -34.72313
v -4.823151 72.18041 -33.70014
v 17.28731 26.72755 10.87063
v -56.07113 75.75253 -32.4078
v 60.90796 78.33588 -33.26594
v -31.16998 14.35659 19.79762
v 55.81143 84.76742 -34.19849
v -20.4143 31.16297 10.07256
v -0.04334327 53.42905 -33.64484
v 33.7912 45.47695 6.6935
v -28.88975 16.01784 19.28572
v 3.812123 55.90781 -34.39828
v 17.98627 29.25301 18.01002
v 5.123165 15.67857 28.45616
v 6.335641 57.3852 -33.67366
v -6.562665 57.85563 -33.75485
v -55.82583 58.88762 -34.16848
v -11.48365 9.879172 25.5773
v -50.90076 61.74644 -34.469
v -49.243 63.12129 -33.09701
v -7.481859 63.7029 -33.16128
v -61.55938 64.38882 -33.87775
v -24.3483 49.51797 26.12796
v -2.542688 65.59495 -35.41182
v -6.399582 69.75164 -33.24081
v -32.66969 48.3214 8.117731
v -31.57854 -8.534911 18.01401
v -13.19958 29.70758 29.36534
v -5.593281 70.06132 -34.55759
v -7.091987 71.59801 -34.14974
v 39.65017 49.22235 7.004398
v -49.53292 73.65787 -33.62835
v 17.1618 24.58184 20.02201
v -5.932416 74.08742 35.26442
v 54.69473 81.18505 -34.13867
v -12.67733 32.11969 29.26585
v -24.81085 11.15391 25.28055
v 20.02133 39.27811 24.17624
v 55.05325 86.40239 -33.08936
v 7.150275 44.14289 35.90964
v 12.9467 -34.6017 20.06994
v 18.05574 32.54348 18.52887
v 23.90558 71.69074 5.490082
v 11.27413 35.80537 28.75259
v -50.77619 65.33111 -35.0915
v 16.14177 79.93524 23.78847
v 34.70839 48.67008 11.20857
v 59.17944 67.07947 -31.77036
v -22.15841 50.90067 28.87276
v -18.52222 30.81779 22.49482
v 1.341475 -3.08184 44.71193
v -39.52594 55.07126 8.205244
v 19.65389 38.98335 19.29503
v 37.1326 -48.3914 9.278908
v -32.72455 53.95142 11.58999
v 63.50483 71.38322 -32.73841
v -59.91386 73.47787 -33.71776
v -40.07726 58.78389 6.549452
v 53.97998 80.32366 -34.06935
v 56.02831 81.50953 -33.28705
v 51.93773 82.93288 -33.25855
v -33.7824 58.24519 10.74283
v -4.144549 56.13625 -32.28803
v -5.539458 0.4495392 39.79443
v 6.741341 58.09645 -32.49213
v 7.928376 58.24697 -34.38955
v -57.40915 59.21773 -33.40927
v -59.24807 60.11499 -32.59785
v -8.716238 62.66609 -32.45924
v 5.17716 66.27028 -31.93478
v -60.43656 67.40006 -32.25524
v -22.46209 53.02576 28.74402
v -4.44354 67.43577 -33.54561
v 12.40889 56.91958 36.0309
v -27.45536 69.01051 19.07763
v 6.150902 70.38284 -33.46933
v -41.18487 -31.05489 17.20352
v -29.6648 62.75485 12.21345
v 54.29056 75.81803 -34.92338
v -58.19679 74.32773 -32.08252
v 59.56347 80.37374 -32.71433
v 32.71655 -30.26885 16.23097
v 49.92689 88.68646 -33.27077
v 49.5612 90.04145 -33.25135
v 1.913898 52.35914 -32.21085
v -15.05522 84.50712 18.06792
v -50.51771 54.46905 -31.49526
v -29.42358 68.33102 12.59369
v 4.437585 56.14978 -33.16119
v -6.123481 55.7577 -31.48402
v -27.36553 72.18536 11.55382
v 19.70761 48.9198 29.49518
v -32.13386 62.68722 8.688947
v 32.52927 64.54898 7.783285
v -27.15956 43.06166 10.6625
v -48.19706 66.99473 -32.87725
v -6.727871 67.12153 -32.47746
v 21.78372 75.55532 11.96105
v -28.92405 66.09224 6.726018
v 0.9353565 -2.72956 46.39878
v 7.107671 69.12108 -33.59282
v -26.21921 69.08987 20.35529
v 3.513683 69.83878 -32.58056
v 27.01061 67.32429 8.092641
v 53.68008 76.52032 -33.88513
v 60.64647 75.58137 -33.63572
v -51.43979 74.4141 -33.10285
v 18.43222 49.77966 30.23509
v 22.31218 53.78736 26.99915
v 53.32435 77.82752 -32.2177
v 21.9371 74.94465 18.90418
v 16.88547 82.16202 14.6662
v 56.68859 81.10589 -33.02211
v 56.81228 83.94743 -31.194
v -2.486531 -5.195886 38.30233
v 48.49436 89.37376 -32.57065
v 15.38567 78.81452 24.94757
v 4.280334 54.28785 -32.90567
v -21.45599 75.15815 22.51995
v -58.13559 57.41803 -32.38577
v 4.393602 56.90058 -31.926
v -59.34777 58.57712 -31.50512
v -25.4692 73.97818 16.44325
v 6.902187 58.46053 -31.43512
v -49.35923 60.27287 -32.30934
v -59.9452 62.55732 -31.78262
v -47.46294 64.66861 -31.59784
v -60.72422 65.99201 -32.32468
v 35.42133 -47.70908 10.69854
v -4.259758 66.00068 -32.39402
v -7.605969 68.24898 -32.27351
v 56.75491 67.70779 -32.18427
v 19.74409 74.92699 8.025201
v -60.18557 69.89141 -32.3341
v -48.9876 70.22612 -32.91326
v -1.400151 72.28371 -30.47491
v -14.85673 80.97615 24.64337
v 14.47768 13.61095 25.77443
v 5.432768 71.73307 -32.26666
v 36.08238 -54.00226 10.18041
v -52.13518 73.49737 -31.05623
v -52.82181 76.27964 -32.54535
v 61.8338 74.961 -31.13112
v 20.22304 54.8459 29.79435
v 62.06906 76.8513 -31.31584
v -30.26184 -53.47868 12.97591
v -42.91022 -53.07371 12.51139
v 51.88486 88.90806 -30.80363
v 49.44218 90.37601 -31.44717
v 2.396558 53.81395 -31.93867
v -53.916 54.40146 -31.66676
v -22.33101 58.00501 31.39427
v -24.02797 74.28513 18.87082
v 12.08316 -26.60115 17.12026
v -8.265682 59.91874 -32.64148
v 36.36511 -53.0396 12.82272
v 8.844571 62.74413 -31.13297
v -6.156975 64.53449 -32.4968
v -6.726463 64.28547 -31.75631
v 15.78155 80.90001 6.812004
v -47.20054 68.58413 -30.72501
v 7.987201 69.51876 -31.50604
v -46.30596 70.45174 -31.88488
v 55.24602 69.48048 -32.04263
v -46.46624 71.34016 -30.68241
v 63.04147 73.25036 -29.52699
v -49.6296 71.73701 -32.0947
v 54.58662 72.12996 -31.3846
v -16.25193 83.68436 7.681505
v -53.12554 74.51367 -31.33596
v 51.95835 80.62323 -32.51372
v 18.35406 33.95705 18.75242
v 51.12926 82.47339 -31.56249
v -41.26491 -27.08516 17.09697
v -22.76559 64.71709 29.22324
v 39.92971 60.34075 6.534136
v -1.33712 50.97166 -31.5668
v -2.332397 52.83935 -32.65254
v 20.52054 76.19149 17.20801
v -56.29021 55.91534 -31.75218
v -50.01234 56.24239 -33.44095
v 10.34976 86.72977 6.315403
v -22.8693 -27.38776 17.86655
v -37.88711 -52.99972 19.76977
v 8.593282 59.72214 -30.64022
v 7.539292 64.2146 -30.74636
v -60.23584 64.58357 -31.03232
v -6.522798 65.96943 -31.61526
v 18.6119 -45.63141 12.61237
v 8.428125 86.80734 5.420185
v 17.69414 68.79014 30.4099
v -9.267863 87.98315 5.865529
v 20.48918 74.91576 6.50705
v -44.48117 -44.21166 9.570658
v -8.350183 89.08268 6.016705
v -3.032008 72.7239 -30.69986
v 51.48903 79.08368 -31.18825
v -0.06325778 89.61851 7.972756
v 55.36097 85.43632 -30.42317
v 2.60635 -1.768483 39.39997
v 16.81587 70.50835 29.82813
v -22.18023 96.0405 -30.98765
v -0.5323801 89.42345 5.428328
v -3.811952 52.82764 -31.7796
v 1.7407 90.24332 7.099463
v 22.47145 -43.26292 11.31448
v -16.62845 72.81875 29.08483
v 3.967652 55.80789 -30.80975
v -58.32407 56.43257 -29.96003
v 5.931674 56.72028 -30.1514
v 23.07471 59.63736 26.86075
v -1.340283 90.55669 8.683071
v -21.47739 78.7723 15.799
v 39.0546 -53.82301 7.7451
v -39.21061 -39.80842 12.09433
v -32.88139 -53.95223 5.746935
v -24.5969 -40.72669 12.10646
v -29.88251 -53.34594 10.32902
v -60.06716 66.62782 -30.41697
v -37.26501 -43.65155 19.82815
v -46.29143 66.18677 -30.03042
v -9.00927 68.99649 -29.51757
v 8.910979 68.32637 -30.10456
v 26.50209 -53.40551 6.034243
v -25.81858 61.54482 27.12496
v 8.605029 71.47021 -31.36834
v 15.01425 73.58644 30.23674
v -7.991887 72.9527 -30.79514
v -48.92393 -53.5314 9.520831
v 60.72347 79.03078 -31.22887
v 58.09057 81.1618 -31.81328
v 57.59554 83.68565 -30.25748
v 16.35749 -53.23263 18.18366
v 21.44753 40.18813 23.54167
v 48.78988 87.66031 -30.41955
v -20.0159 79.93211 18.39444
v -17.10026 92.77837 -31.1207
v -11.58329 0.1642204 17.16984
v -19.18481 94.6725 -31.381
v -11.27036 77.51029 31.87596
v -20.21805 96.3425 -31.06496
v 3.05509 51.61388 -30.36447
v -3.961175 52.10216 -30.28803
v -40.09949 -33.5789 10.31561
v -5.464523 53.58988 -30.19213
v 15.43723 -34.42895 12.53517
v -50.69459 58.38765 -31.8696
v -17.62958 82.38417 17.96695
v 27.7748 47.38433 11.81796
v -60.929 61.32042 -30.6853
v -8.690199 62.16284 -29.86551
v 8.93611 78.86004 30.53
v 31.68611 -53.29587 7.161356
v 14.80932 82.26413 18.75236
v 12.73382 51.64657 35.01019
v 7.710306 65.91071 -30.07946
v 17.21916 81.12364 17.9279
v 55.44778 67.69302 -30.83337
v -8.28885 70.40158 -30.63816
v -40.56732 -29.70432 12.36139
v -47.92818 72.60039 -30.29966
v 32.02046 -28.65588 11.03147
v 7.602597 72.03534 -31.76342
v -8.566329 79.97826 31.20191
v 33.04098 -27.16911 11.59999
v -58.93192 73.09582 -30.77915
v -39.50627 -52.69083 9.345638
v -31.28141 -53.11038 6.087629
v 41.08348 -53.56313 6.346062
v -14.3488 89.71802 -30.88449
v -12.58661 91.35512 -30.2237
v -16.22403 91.54893 -30.39512
v -17.92371 93.25132 -29.07732
v -22.8153 95.12597 -29.66886
v -16.35006 82.79116 17.47025
v -10.26136 84.03981 25.17009
v -48.52161 55.07436 -31.09983
v -25.86402 -24.40696 20.60064
v 12.41566 -24.36513 15.88981
v -6.35341 57.86208 -30.95782
v -46.46528 61.15455 -29.51965
v -8.746093 62.94645 -30.44693
v -8.357273 64.65039 -30.23528
v 32.5235 -49.49459 8.209626
v 56.56799 66.19255 -29.78827
v -45.11765 69.42639 -31.3134
v 14.34242 -23.49484 21.09459
v -5.380683 2.272683 36.72402
v -56.19724 73.37365 -29.60095
v -53.79968 73.69469 -30.22547
v 32.61504 -22.23115 21.11192
v 53.2068 73.83073 -30.40757
v -3.967734 74.83494 -30.57451
v 14.63741 -21.74952 19.90105
v 38.84631 -50.24462 6.310843
v -27.547 -20.87138 20.5915
v 1.528527 3.46417 37.03453
v -14.36001 89.17683 -30.49588
v -16.57541 25.78643 25.97812
v -32.74753 -52.64903 18.43425
v -15.43964 91.2512 -29.03746
v 13.40416 -49.75314 30.17905
v -51.84819 -48.23751 5.94141
v 13.31983 83.50822 19.49487
v -5.138964 53.25293 -29.40333
v -50.90454 52.50594 -27.66731
v 30.7085 47.24604 11.2281
v -53.42663 53.70381 -29.72252
v 4.507597 53.06143 -30.0115
v -16.52294 24.12761 26.15702
v -59.99963 56.18104 -27.73624
v 13.87973 26.04328 27.34835
v 2.125908 84.91116 26.48378
v 20.1898 -49.20918 30.96478
v 6.086804 58.93609 -29.74332
v -47.69006 58.94957 -29.52147
v 21.08211 39.5701 16.028
v 54.94733 65.94238 -29.41799
v 60.89804 67.46987 -30.23677
v 53.78673 67.64937 -28.75696
v -45.74911 68.40568 -28.90425
v -43.91974 70.15246 -30.09668
v -32.82144 -15.00708 18.75972
v -8.511819 72.0262 -31.39644
v 63.5108 70.12409 -30.40778
v -13.43445 -3.816388 11.38885
v 52.50475 70.80706 -27.55365
v 33.33727 -22.98022 16.03743
v -5.319254 73.54514 -30.01361
v -23.17449 69.90839 25.92092
v 3.020218 74.35181 -30.3344
v 52.19923 75.16553 -28.64447
v -3.151901 3.224056 38.07028
v 59.3421 80.20163 -29.28446
v 58.05382 82.58384 -29.40168
v 26.47615 -15.99977 19.31702
v -45.53714 -45.03162 7.635926
v 56.39316 84.86588 -28.69209
v 23.75999 -15.78678 20.11117
v 53.62262 85.1812 -29.61778
v -11.07771 86.24981 -30.43678
v -11.40685 85.55973 -29.38166
v -0.2981873 -5.340463 36.12832
v -12.20627 86.82152 -30.43507
v -6.164403 -1.975324 38.51833
v 5.570561 84.58111 24.13171
v 4.662448 87.77622 16.1607
v -17.09742 96.09679 -30.17145
v 25.09818 -12.35881 19.63605
v 5.202613 54.39977 -28.80193
v -6.761972 56.38522 -29.25252
v -60.71486 58.54743 -29.14437
v -7.205544 59.10704 -30.32229
v -7.517871 61.58712 -29.54928
v -11.0564 64.92355 -28.38254
v -61.43016 64.20221 -29.7275
v 23.00134 -44.47879 8.500243
v -60.69829 67.8408 -28.55493
v -59.37461 69.36168 -29.92933
v -43.37876 68.74032 -28.49705
v -44.41632 71.17488 -29.15099
v 33.55947 6.08198 11.45883
v 20.14054 -46.09809 9.335485
v 22.50264 -10.67336 19.87038
v -45.85747 72.8606 -27.96412
v 3.312931 72.19679 -29.84275
v -7.936063 73.97623 -28.50152
v 31.66848 -46.32931 10.89106
v 0.09799864 76.14683 -28.76618
v 51.00596 81.39061 -29.48057
v 12.5283 85.49064 -29.09703
v 51.66296 84.57576 -30.09433
v -10.2751 83.71207 -28.69447
v 11.65575 84.92478 -29.46027
v 18.43186 -6.921605 20.92762
v -36.35933 -42.11284 8.764869
v 53.02361 85.49651 -29.01918
v -5.128704 88.35918 18.04165
v -10.39124 88.68653 -29.95039
v -34.41299 -42.07354 8.422709
v 13.02771 87.48972 -29.51022
v -23.76039 -6.679128 20.30956
v 14.82702 89.91461 -29.33225
v 51.21917 89.51809 -29.80935
v -6.285852 88.682 17.69243
v -0.560618 4.159003 37.49506
v 26.76733 16.05586 10.66314
v 16.32526 92.11968 -29.11757
v -17.74221 97.10732 -28.19138
v -52.09821 52.81108 -28.70266
v -49.14866 53.26665 -29.39599
v -6.750197 -9.653212 55.51136
v -5.612241 55.72986 -27.55214
v -2.360713 86.05765 25.2362
v -31.29307 -39.45875 7.309328
v 3.286774 4.242425 30.24645
v 7.376083 58.96117 -27.82025
v -5.961428 3.971495 31.34572
v -6.945627 45.3566 37.25313
v 27.53307 -5.632549 19.68906
v -17.99133 31.50722 23.86576
v 59.31775 65.44473 -28.98973
v -61.27868 66.56761 -29.00056
v 19.89091 23.41419 12.72618
v 0.2053023 89.38702 17.53229
v -43.07737 70.38562 -26.5721
v -41.04486 -22.15192 17.92038
v -9.725329 71.5868 -27.79387
v -57.84748 72.44614 -28.91991
v -16.66549 27.40832 26.69884
v 5.425323 73.40764 -29.07785
v 7.326323 52.06685 37.4013
v -50.62988 74.08821 -29.58061
v 62.58866 75.64925 -28.7601
v -4.112768 11.76214 30.63256
v 29.25227 -3.78272 19.23511
v -28.2523 -39.98084 8.087111
v -21.27526 76.06448 7.164432
v -36.40207 -36.72524 7.393561
v 54.59982 85.24142 -27.91725
v 13.71793 87.79373 -28.89863
v -29.56947 -4.027947 21.22919
v 52.96879 87.47995 -28.33006
v -9.245588 88.85348 -28.80324
v 49.25349 88.31407 -28.90211
v 3.84795 9.664773 28.24715
v 13.22972 89.65343 -28.49376
v 14.7571 92.39817 -28.21052
v 18.22848 94.08304 -28.94588
v 5.431518 68.36198 36.83171
v -21.02782 97.01906 -29.02417
v 2.427271 48.48513 38.368
v -35.23624 2.027401 19.80447
v 2.290305 52.64406 -28.29951
v -39.29499 -52.91633 18.62925
v -18.09546 75.42019 27.62521
v -47.59298 55.73906 -26.73551
v -27.63012 45.21244 8.968987
v -40.06413 -53.46513 16.54725
v 16.30208 75.60202 27.58498
v -61.90253 60.97127 -28.47628
v -8.837234 61.90864 -27.4949
v 30.26588 48.31193 13.10333
v -45.23863 63.80343 -28.23453
v 8.619032 63.56112 -28.28045
v 57.40848 65.31187 -27.74071
v -24.02149 -32.1398 6.685699
v 62.45579 68.63105 -28.4025
v -60.36664 69.68019 -28.32809
v 32.03783 -18.67408 17.58408
v -59.19705 71.31227 -27.01643
v 8.852507 70.99445 -29.19356
v 62.90754 70.23943 -27.10848
v -38.54527 -32.38922 7.479627
v 24.49423 -30.86939 7.150406
v -8.419491 74.57122 -28.40458
v -2.300615 75.51272 -30.21368
v 50.94747 78.06096 -28.34226
v -11.32664 3.182132 20.93901
v 61.42387 77.56609 -28.71236
v -17.27696 35.32023 24.31103
v 7.279261 2.972352 20.08885
v 59.2553 80.76312 -27.49565
v 11.47306 82.47499 -28.32887
v 49.15036 81.2716 -27.26737
v -1.186732 16.91511 30.59891
v 9.248893 84.83267 -27.62791
v -8.134637 85.12031 -27.88657
v -18.75318 40.73997 29.20107
v 16.39987 91.34441 -28.59451
v -13.05022 94.92291 -27.86745
v 11.25245 67.68829 35.88189
v 13.22202 -52.35302 28.87396
v 18.33093 93.51279 -28.82295
v 15.8077 94.76206 -26.73013
v -31.00481 57.81224 12.53573
v 1.417984 17.99875 30.08581
v -49.00682 57.11285 -29.43428
v 5.953463 56.49784 -27.42398
v -41.07087 -30.30126 7.548239
v -8.183571 59.68083 -28.15764
v 15.38682 76.87585 28.36682
v 7.117445 61.1101 -28.4088
v 50.18639 63.13075 -27.84488
v 19.94855 -30.53335 8.055502
v -62.13952 65.74682 -27.01393
v -44.22884 62.89692 -26.75001
v 54.90616 64.87903 -27.43117
v 9.776409 66.61578 36.20692
v 24.8545 13.0436 19.80304
v 13.42764 -53.00599 22.09283
v 4.562675 19.38615 30.75647
v 62.58006 73.40768 -26.94954
v -18.6443 37.90439 23.30852
v 26.64019 67.57266 9.989115
v 8.767347 73.80549 -26.11926
v -8.342936 75.76219 -28.75732
v 4.457614 75.59965 -29.15032
v 1.685819 76.67247 -28.6564
v 1.813134 77.54066 -26.86604
v 10.75346 82.79583 -29.04168
v 11.00792 80.5888 -26.82865
v -6.655477 21.36028 30.97172
v 22.12414 74.10566 12.375
v 18.24319 39.06066 26.62052
v -24.46223 17.92763 21.70226
v -4.447842 49.60155 37.89204
v 14.0815 -53.40458 27.50847
v 17.42304 93.04484 -27.21174
v 19.78701 95.31245 -28.26003
v 18.07333 79.58759 13.05929
v -21.53595 96.58904 -28.43182
v -47.75049 52.13169 -27.12103
v -0.2743637 51.60213 -28.7507
v 0.4476398 49.78027 38.79172
v -47.34289 53.93193 -28.61367
v -21.5797 23.93603 20.78949
v -56.84479 54.37007 -29.37768
v 16.57862 -26.66589 7.141598
v -45.35726 59.73084 -27.16594
v -19.27669 28.55615 22.65581
v 50.05026 61.05458 -27.84359
v -62.00262 63.28946 -28.06942
v 8.623327 62.39959 -28.1142
v 52.08538 62.72354 -27.59406
v 54.65089 63.88299 -27.31181
v -11.79868 63.74445 -27.17423
v -9.707466 68.23801 36.9431
v -12.72467 64.85653 -25.92095
v 10.36191 86.06969 12.96535
v 58.29606 64.68776 -25.86382
v 23.16571 44.9637 17.75361
v 52.56667 66.05268 -27.29663
v -19.06833 34.72791 20.36227
v 8.881965 68.0821 -27.13429
v -11.0603 69.27475 -27.24502
v 9.523334 25.95743 30.75871
v -11.99809 26.90339 30.46666
v -47.51239 73.65293 -26.22764
v 8.154799 76.13126 -27.43867
v -18.04331 57.2986 34.50273
v -7.561658 76.67975 -28.60498
v -2.465082 90.39586 13.07856
v 59.66209 78.934 -27.30925
v 22.35973 42.41049 19.54573
v 29.35018 -16.14701 17.32634
v 14.17683 -52.25429 19.6054
v 49.92827 83.90562 -27.83097
v 33.04248 -21.30135 7.398872
v 13.74627 88.64569 -27.65958
v -48.55879 -47.25815 7.425794
v -14.53887 89.73918 -26.64876
v 8.27202 83.11501 25.64204
v 23.51902 52.47005 20.92699
v 32.89127 -18.56672 8.822778
v 24.74779 53.65501 19.74167
v -56.15703 53.09757 -26.98542
v -10.10247 32.10983 30.76184
v -45.47967 52.7442 -25.7179
v -22.3322 -19.30301 7.021705
v -46.10167 58.08528 -27.59079
v -28.47753 -51.547 10.1966
v 52.79863 60.93472 -27.38265
v -62.07862 60.06307 -26.63467
v 6.841752 68.79161 36.11099
v 24.92137 61.75861 19.55351
v 49.1157 61.41046 -26.75784
v 9.524374 63.09546 -26.89411
v 17.46909 -49.99245 13.44999
v -27.3982 -50.76141 11.88053
v 51.50675 65.05791 -26.79776
v -44.64149 67.51176 -27.30265
v 1.916573 51.05556 38.23076
v -44.53356 72.16101 -25.00662
v -58.05488 72.89823 -26.22373
v 20.97982 -44.42987 9.044591
v -19.15416 59.07863 34.32497
v -51.97144 74.02567 -27.02903
v 23.72648 70.03688 21.6998
v -2.158724 77.78674 -27.14651
v -5.657166 78.54301 -26.1798
v 10.29859 80.75036 -27.52515
v -10.42224 81.52648 -26.40307
v 20.8892 75.60658 19.38523
v 8.505338 82.63665 -26.07062
v 16.09066 -13.55853 8.4408
v 57.92524 83.29908 -26.96692
v 49.37688 84.73094 -27.17328
v 50.71598 86.20276 -24.58321
v -23.68083 -52.60859 17.4519
v -4.313234 1.73561 40.6718
v 9.917093 88.13368 -26.32871
v -19.14911 93.02772 -27.80811
v -22.25822 93.92939 -28.02897
v -20.7735 96.01593 -26.88586
v 21.49616 96.07198 -27.38548
v 26.0607 -43.41799 13.06228
v -59.15715 55.66628 -26.07768
v 2.756609 55.05404 -25.68262
v 22.02966 48.26442 26.22301
v -6.20976 57.5045 -26.60076
v 6.831377 57.98717 -26.53714
v 8.221934 62.20898 -27.25711
v 20.94836 -53.61948 28.66436
v 55.03472 61.07852 -26.52426
v 26.19457 -51.57782 24.27109
v 50.48492 63.41588 -25.60468
v -45.08983 67.06014 -27.45425
v 59.39296 66.0096 -26.30228
v -41.77042 67.60415 -25.61969
v -42.04183 69.03927 -25.87505
v 35.16806 -6.863658 8.329027
v 51.31561 69.01688 -25.88334
v -60.49242 69.89475 -26.35318
v -43.74205 70.84902 -25.76421
v 62.24073 70.92565 -24.69943
v -46.79274 73.01045 -26.70423
v 9.333384 72.27913 -27.44489
v 21.28295 -36.52934 12.22256
v -9.835536 74.10659 -26.43944
v -5.851235 -1.564552 35.76071
v -5.481702 86.91617 21.53303
v 60.5681 76.83406 -25.33206
v -6.440431 49.98559 38.19154
v -4.352172 78.67845 -26.84603
v -1.89728 79.08731 -27.07777
v 2.279867 79.06965 -26.70029
v 17.50763 46.83115 30.5441
v 26.51202 -43.94639 10.93849
v -0.7456324 88.03284 20.73954
v 22.2198 49.10023 24.78424
v 11.69535 85.58295 -26.86785
v 52.6881 86.3511 -24.87911
v -20.90696 92.25627 -26.99679
v -17.31503 90.27601 -25.50248
v -21.16292 92.19741 -26.36764
v 21.37667 95.43465 -27.47978
v -30.84895 -52.63706 20.56
v -53.11245 52.16698 -25.77517
v 20.06594 52.94075 30.55474
v 29.98346 -14.11985 16.09366
v -40.55612 -2.279301 7.540061
v -13.2955 60.48828 37.27259
v 49.58529 58.68256 -26.16432
v 3.939345 51.50533 38.39986
v 10.01892 65.31874 -26.7337
v -41.98014 -25.39684 11.79531
v 22.6746 54.18733 25.52894
v -23.34764 55.14767 28.48112
v -13.40842 67.97373 -24.86553
v 4.330456 78.2903 -25.9731
v -37.68938 -44.89387 20.40588
v 9.423584 78.17506 -26.02732
v 28.55786 -43.51693 19.28314
v -2.034754 80.49081 -25.30269
v -0.5511967 79.65078 -26.29026
v -39.58633 2.191332 8.191905
v -9.639106 79.84816 -26.12266
v -27.71844 -43.99166 11.18309
v 57.6477 81.93354 -24.61943
v 49.55502 84.76103 -24.53913
v -11.88916 87.19039 -27.74808
v 54.08738 85.77209 -25.56468
v -41.79391 -16.73596 11.74008
v -37.40569 -41.81777 19.71826
v -11.80601 4.651064 5.236039
v 8.599211 70.41445 35.97563
v 15.13161 90.1823 -24.85837
v -24.61282 -15.21592 10.66796
v 19.6234 65.83615 29.93644
v -28.81729 53.27505 19.20538
v 15.09452 -40.91225 20.70301
v 29.95849 -39.52173 22.88019
v 19.33554 96.86904 -25.22732
v -49.87234 51.14886 -25.76778
v 0.8885312 53.39143 -24.55296
v -35.3207 -39.39022 21.24093
v 0.1887496 5.91271 6.591481
v -1.832673 51.67269 38.32337
v -1.986978 53.10263 -26.75534
v 14.92549 -45.39767 18.88551
v 4.566618 56.94363 -24.72497
v -45.27969 56.34267 -24.97258
v -61.26072 58.40297 -25.44173
v 52.18512 57.21956 -25.04734
v 53.16676 59.10291 -26.36806
v -5.255503 6.186462 7.446854
v 48.03498 59.23574 -25.53911
v -38.88041 -36.69563 19.95345
v 57.16577 62.58201 -26.33317
v -63.20372 62.20991 -25.59392
v -9.378559 62.59657 -24.24598
v -25.01852 -36.99579 20.07816
v -43.19548 63.36422 -24.62542
v -43.52707 66.13381 -24.6255
v -61.19588 67.73352 -26.20513
v -41.53611 -43.07782 10.43595
v 27.81597 -28.91751 26.8025
v -53.59154 74.46108 -27.89763
v 61.76978 74.62356 -24.66974
v -10.95974 75.70331 -25.98079
v 50.25237 75.50855 -25.5131
v -9.719204 78.49342 -26.27704
v 51.00769 78.61132 -27.15249
v 59.81971 77.93532 -23.77975
v -16.02535 -6.461826 11.83322
v -27.31662 58.35059 25.0306
v 2.788219 79.68345 -25.99921
v -4.1795 80.10342 -26.42041
v -38.88728 -4.832735 12.45444
v -5.875814 81.79621 -24.2732
v 18.37985 -14.57183 18.70737
v 10.31397 83.08781 -25.64293
v 30.57919 10.82472 8.72634
v -19.57357 88.96398 -25.03322
v -20.44717 90.09228 -25.13582
v -10.77353 92.81483 -26.36367
v 9.792454 -2.050283 12.79433
v -19.59706 94.6195 -24.9159
v 22.54126 95.73191 -25.90759
v -8.965228 51.95061 37.90237
v -51.98337 51.46774 -25.10446
v 15.93972 -43.42549 18.80242
v -11.18529 -1.280837 12.39741
v -55.50555 52.66705 -24.28339
v 28.0832 -42.8879 17.17565
v -25.02177 -44.4301 18.40904
v 12.35829 -50.3103 26.91776
v 7.878681 60.23305 -25.21943
v 33.77782 0.1010096 13.3119
v 22.94442 16.82678 7.867187
v 23.50829 16.61276 7.207357
v -17.5005 81.60309 7.046382
v -34.46112 -13.09218 16.02858
v 48.84247 66.23595 -23.6094
v 61.30922 67.3525 -26.02825
v -1.713954 60.79201 39.40146
v -7.340459 71.04983 36.43699
v 15.55435 -20.35756 20.82336
v -55.69894 73.97072 -27.11419
v 10.56547 78.31276 -25.23789
v 48.95375 78.24298 -24.61774
v -10.35372 79.25476 -25.30594
v 10.4279 14.10388 26.92386
v 6.016994 78.08994 -24.80504
v 21.69182 19.36165 9.557556
v 59.88629 79.82226 -25.08089
v 48.46142 82.14597 -25.78344
v -7.042882 80.71568 -25.58776
v 55.88717 83.45684 -26.29673
v 29.24942 -40.95433 19.7545
v 55.04938 84.45495 -26.43119
v 20.84716 -52.91527 14.81268
v -24.15644 -41.55229 17.53921
v 32.93561 -24.61331 20.23485
v 29.77204 -17.15442 19.36389
v 29.68396 13.17506 12.53803
v 22.99232 63.65459 26.14066
v -28.70512 -41.67376 9.496056
v -17.25966 96.44641 -25.14937
v -15.66706 96.57852 -26.00234
v -47.9599 51.09309 -24.62978
v -45.69664 54.91903 -24.27477
v -31.26238 15.77472 11.23554
v -3.171511 -6.170752 56.41594
v 20.66797 -15.8287 20.05224
v -44.56881 58.52831 -25.53485
v 46.99878 57.57453 -23.97029
v 6.632937 60.33422 -23.74095
v 16.55495 28.74155 9.10824
v 48.97015 60.60083 -23.84236
v 49.77647 62.09331 -24.84795
v 8.325782 62.70658 -25.57322
v -11.25707 63.20035 -24.54483
v 19.89538 -8.691206 20.48735
v -62.47898 64.56261 -26.12777
v 22.67017 -8.444965 20.39992
v 28.3767 -10.30333 16.83592
v 50.1308 69.17256 -23.86201
v 8.781146 70.68564 -26.06152
v 18.78968 27.56789 11.92258
v -49.54793 74.32994 -25.79594
v -10.44306 73.85057 -25.49932
v 19.03514 -52.58681 31.87962
v 21.18264 -52.69753 30.34485
v 14.78947 -52.13531 31.07731
v -7.508438 81.66085 -25.72248
v -22.69185 37.9679 9.342856
v -13.17886 86.68743 -23.90043
v 11.84364 85.91172 -25.17354
v 5.061806 74.99148 35.44317
v -22.35322 38.20642 12.76138
v 15.87857 -49.42011 32.07648
v 23.64927 41.07208 12.42862
v 24.18118 43.85613 11.97548
v 25.76709 46.14651 12.03818
v 20.00277 -46.52541 30.4856
v 18.17431 -46.70106 30.78529
v -25.18857 41.93899 7.9199
v 56.36886 59.08341 -25.01566
v -43.37302 59.01031 -24.15427
v 20.34875 69.52726 26.33148
v 58.27767 61.84221 -24.37767
v 23.77441 -44.42863 27.39911
v 60.09353 66.16128 -24.09435
v 14.31548 32.80319 27.31305
v -41.48042 69.00363 -23.33959
v -3.314087 -6.224075 40.61856
v -0.7456754 -2.101718 31.09038
v 22.93642 55.73131 27.33543
v 35.80564 52.41883 11.76318
v -60.1419 70.07797 -24.3274
v 9.452106 74.46837 -25.16486
v -22.08437 70.89384 24.83446
v -33.12454 -0.8876924 20.33192
v 7.068338 80.46292 -24.33513
v 2.499366 80.57324 -23.08309
v -10.25427 82.17005 -25.569
v 36.11081 46.25454 6.996959
v 9.716277 79.48183 -22.64711
v -13.61844 -0.5633068 19.81464
v 56.34878 82.03752 -24.05193
v 1.236663 75.26446 35.93485
v 55.40629 83.95165 -23.57901
v -7.135812 86.71093 -25.64577
v -19.37145 87.8845 -23.81292
v -29.83579 46.50432 5.647089
v 19.61348 93.39127 -25.01965
v -12.45279 94.70682 -24.5038
v 11.65631 92.15777 -24.3524
v 15.85844 95.19154 -24.07662
v 21.9762 93.88238 -24.32522
v -44.29299 51.88519 -24.29649
v -36.81242 48.66154 7.183208
v -6.060576 57.22003 -22.66399
v 20.9211 72.45583 25.00932
v 55.16119 57.76751 -23.84933
v 59.77033 62.13616 -23.41451
v -0.07948785 -5.846839 47.42932
v 11.81027 64.62337 -24.75767
v -42.40578 64.55359 -22.65763
v -61.55694 67.10108 -24.29124
v -40.73837 66.69971 -24.54648
v -40.42068 65.55794 -23.1096
v 61.92773 68.97782 -23.18271
v -4.555168 -6.333047 46.80754
v -13.66155 70.47011 -23.72889
v 1.493632 5.834692 19.46482
v -45.72952 72.29742 -23.70303
v -47.67301 73.24025 -24.70382
v -52.9897 74.43458 -23.85715
v 11.09133 76.09248 -24.20536
v 17.38382 75.76605 27.17493
v 7.441294 13.83278 26.74736
v -40.33552 -34.18378 17.30726
v 7.090708 82.97821 -22.64123
v -5.165325 6.666349 20.1761
v 7.493749 84.7121 -24.02298
v -12.81485 84.44432 -22.60319
v -8.119836 89.67729 -24.2569
v 7.842628 87.39976 -23.77295
v -19.63791 90.82022 -24.42
v -31.35947 12.52361 20.51817
v 11.51906 86.22928 11.54231
v 25.13123 11.54284 21.63851
v -14.22486 95.5816 -23.80784
v 26.19473 -39.08249 28.14605
v 21.52637 12.66788 21.33905
v -51.31542 50.90068 -22.86585
v -54.5412 51.68006 -22.9863
v -2.847738 53.97249 -22.65868
v -5.060597 56.18461 -25.00637
v 5.464405 88.66123 14.37313
v -4.037909 18.26845 30.13873
v 51.30769 55.24266 -23.19077
v -11.08088 52.30549 37.54196
v 7.736941 62.00831 -23.86364
v -4.851269 19.9563 30.95652
v -63.31519 63.94719 -24.65044
v -42.13753 62.66411 -22.02896
v -26.28737 16.61787 20.28808
v 12.00816 70.75852 -22.87266
v 15.28737 -37.83626 27.32032
v -59.0379 71.44381 -23.22957
v -39.33022 -37.92966 10.06163
v -55.81572 73.53774 -23.51464
v -1.00334 19.70549 30.89108
v 48.5013 75.20717 -21.84301
v -9.890397 79.46482 -23.81158
v 26.26194 -44.51743 24.95432
v -40.36036 -27.99119 19.03637
v -0.07928075 80.80703 -23.74256
v 31.56988 -33.29822 17.55995
v 5.241012 20.91141 30.746
v -28.91857 64.61057 7.985487
v -16.86969 87.94274 -24.09998
v -26.13392 -51.66643 13.5215
v 17.76056 -52.84198 12.5693
v 21.06821 91.36018 -22.74362
v 14.35003 61.81135 35.52323
v 7.090967 22.45603 30.89751
v -16.29474 95.3573 -23.27831
v 48.06369 55.76083 -23.55997
v 36.71771 -49.7277 12.30589
v -59.27906 55.72702 -23.48297
v -19.63808 37.06808 19.93214
v -45.90146 -45.83831 12.24489
v 3.348166 15.86976 29.92139
v -41.89487 60.00586 -22.07601
v -62.85116 60.21268 -23.55309
v -8.814911 23.2241 31.19774
v 9.021309 63.2413 -23.30916
v 11.1037 63.30596 -23.68363
v 22.34045 39.69943 20.33922
v 60.16828 63.83966 -24.14719
v -26.964 -17.46648 18.84968
v -26.22156 -45.63661 11.67463
v 48.59154 68.19393 -22.66055
v -23.1162 -35.82505 10.87888
v 23.30365 73.01925 9.113327
v 32.68892 -30.32052 19.67195
v 49.76225 71.81144 -23.42706
v -24.55058 73.57788 9.356645
v -50.64741 73.49506 -23.09473
v -47.69848 73.30654 -22.20988
v 60.93499 72.17667 -23.0983
v 29.62347 -44.67551 11.67376
v 49.26696 74.11869 -23.31161
v 58.6748 79.28726 -22.98459
v 6.892601 26.09628 31.70126
v -3.505876 81.39406 -23.16585
v -10.3948 82.45366 -22.7678
v 48.21096 83.34616 -24.07728
v 23.57053 50.44602 20.17971
v -18.72222 86.38495 -23.46988
v 19.25402 76.59112 7.923844
v -28.49593 55.27271 18.8359
v -58.26365 54.22971 -24.53828
v -42.50409 54.39513 -23.09471
v 33.18065 -27.65734 17.47944
v -40.24398 -36.74489 12.17877
v 25.09569 58.94945 20.7
v 3.65252 55.32251 -21.84477
v 19.17555 -36.57916 11.78155
v -43.34267 56.90887 -22.46875
v 55.40076 56.18236 -22.4627
v -12.18981 53.72492 37.12629
v -10.60424 28.68537 30.88684
v 14.774 83.06193 8.249589
v -7.943154 60.95485 -23.4777
v -63.50129 60.30505 -21.59229
v -27.69198 65.66008 21.93609
v 60.60733 62.70358 -22.14679
v -9.672113 64.4496 -21.67622
v 27.67929 -34.97847 11.26636
v 12.48384 64.81442 -21.4353
v -20.31855 -7.686428 16.8568
v -62.5255 67.70769 -22.73967
v -40.24122 67.31753 -22.54746
v 60.82055 67.69036 -22.05622
v 14.01433 -7.893373 17.27256
v -42.87474 70.79888 -22.39317
v 9.906832 31.87347 30.48297
v -2.139011 -6.624003 42.97249
v 60.57237 74.9178 -23.40084
v -39.93898 -32.31199 12.36241
v -12.21717 76.0208 -23.23929
v 17.29001 -32.61312 27.74686
v 31.54732 -32.48614 13.49459
v -13.62609 33.67315 30.2379
v 11.90035 76.82256 -21.76604
v 31.17154 -31.04226 12.08874
v -9.756341 80.55462 -23.00969
v 4.480115 80.54095 -22.32026
v 22.21063 72.81971 21.81347
v 57.08667 81.09998 -22.3889
v -5.50326 83.72518 -22.99494
v 25.09281 -31.82684 28.4435
v 32.11948 -28.85556 12.67665
v 51.73226 85.30156 -22.29718
v 6.016467 84.27841 26.18125
v 8.646018 88.87899 -22.34261
v 25.38371 62.93902 18.77911
v -16.16252 92.20338 -21.35007
v 20.93991 96.3311 -24.30043
v 15.01916 81.92886 21.05691
v 6.859077 37.05289 30.84717
v -43.03508 51.59342 -21.55657
v 53.87518 54.54248 -20.73023
v 45.60767 56.14212 -22.84447
v -12.10197 37.1776 29.85314
v 7.690619 39.11099 30.99006
v 8.719911 37.28242 30.52024
v -25.05189 58.7744 27.93914
v 8.764422 57.64956 37.60744
v -12.56219 39.57294 30.55975
v -33.06018 -53.1065 10.84714
v 48.46147 62.04867 -23.06806
v 7.69901 62.34022 -22.01566
v 32.27309 -17.42699 12.78313
v -39.12552 64.77635 -22.45498
v 31.01642 -5.204349 16.94548
v -12.51655 64.27075 -23.12888
v 61.25492 66.89969 -21.67281
v -6.804345 87.30504 20.98669
v -61.14092 70.11594 -22.55487
v -13.2198 73.58234 -22.33319
v -44.61207 71.42245 -21.03779
v -57.66379 72.23465 -22.36188
v 47.79508 72.88515 -21.17166
v -53.2168 73.11842 -21.75753
v 60.4648 74.51723 -21.1944
v -12.90952 79.65506 -22.20962
v 48.73148 79.70721 -22.69121
v 10.52915 38.59528 30.68373
v 9.956358 80.81025 -22.40058
v -14.81139 81.00806 -22.11733
v -45.62168 -52.69822 9.33549
v -23.69209 -11.82309 11.2946
v 1.258788 82.20958 -23.14056
v -16.11348 83.76538 -22.41768
v -2.485524 82.74568 -22.89898
v 0.6710312 0.4695981 42.58725
v 49.14539 82.64496 -22.63139
v 12.95478 85.86746 -23.12739
v 6.54157 58.26631 38.27777
v -17.91268 85.18729 -22.88417
v -18.13052 85.88654 -22.65089
v 23.2231 -53.132 7.938668
v 20.5708 89.74014 -22.20022
v -1.234698 84.90985 26.87914
v 30.26425 -10.15999 14.18669
v -22.17937 -51.80525 20.17816
v 13.58382 -8.568696 12.21346
v 13.283 -48.96365 21.29772
v 50.39475 54.01324 -22.61602
v -40.26126 54.58414 -22.47285
v -1.50238 54.34814 -20.86961
v -39.90945 57.39483 -22.25381
v 45.49127 56.74924 -19.58332
v 57.53777 58.64636 -22.41966
v 58.85511 59.4263 -22.30651
v -38.81981 59.71174 -22.14654
v -39.67217 62.13006 -21.91407
v -18.40284 -7.411225 15.96144
v 11.66786 -5.030421 12.25759
v 29.87759 -48.30095 20.63976
v -5.133825 -11.88083 57.81998
v 20.00057 -35.62013 10.24751
v -12.52112 -3.189138 12.84575
v 10.15898 74.19325 -23.30856
v -4.627431 -10.59136 55.27818
v -19.09674 47.6358 31.43418
v -13.43903 79.66372 -21.55538
v 33.37162 -21.58891 18.45861
v 0.7061837 83.75798 -20.92984
v 17.75842 49.59731 31.63954
v -1.636927 83.78036 -20.88632
v 52.66092 84.26085 -21.79199
v 15.04596 84.50387 -21.23451
v 8.435424 -0.7985389 11.42308
v 13.89841 -39.86526 22.2878
v -9.302873 1.284299 12.77882
v -47.50501 50.14785 -22.5069
v -39.10671 2.433738 13.24959
v -45.76286 50.86328 -21.89983
v 24.6783 -28.89426 28.14255
v 46.49437 52.74963 -20.57205
v 39.33381 -49.85124 8.195143
v 13.39697 -53.28986 25.15173
v 44.02396 55.2489 -21.42647
v 45.48997 54.69606 -22.08326
v -3.809903 55.62219 -20.72574
v -62.03403 57.23514 -21.14891
v 5.735216 58.03099 -21.63353
v -21.45705 55.11684 32.31223
v 47.34056 60.75799 -22.1036
v -7.838788 61.86697 -21.7868
v -21.15439 56.58976 31.87921
v 47.48389 63.85668 -21.50722
v 61.67258 64.30439 -20.46593
v -6.753535 59.02763 38.22202
v -42.44622 70.0512 -19.85344
v 31.53227 9.055158 15.00263
v 9.76458 68.62791 34.95452
v -34.44835 13.45152 12.57868
v -25.27486 -33.93526 20.62856
v 25.05546 68.1362 18.76747
v 49.00948 78.14176 -20.88857
v -11.82926 78.06945 -22.48048
v -12.26917 79.00108 -21.18864
v 57.26021 80.55515 -20.84214
v -15.19316 81.15464 -21.25184
v -16.38168 82.74222 -21.90977
v 3.794823 82.70636 -21.56222
v -16.49424 83.17901 -21.51937
v 22.56401 -26.90978 27.54213
v -27.80341 17.79743 13.68654
v -16.78276 86.32045 -21.77963
v 23.6303 17.18726 14.63323
v 18.03519 89.55523 -22.44436
v 18.68442 59.86443 31.22054
v -8.679555 90.26013 -21.61574
v 17.61945 -52.74568 26.01293
v 18.26079 65.36906 30.48634
v 17.70497 95.11421 -22.67998
v -52.90344 50.96032 -21.35606
v 31.71125 -7.17462 15.53075
v -38.30802 -27.15715 21.09651
v 23.68965 -35.43901 11.29719
v 0.9012892 54.38592 -20.42154
v 18.49755 25.19318 12.53971
v 8.662607 59.8266 38.17127
v -37.19164 -25.96777 22.02863
v -6.450095 58.78014 -21.32315
v 60.09885 60.26482 -21.32762
v 15.41345 -18.46767 17.21854
v 9.488607 64.96465 -20.42156
v -11.2049 64.9061 -21.10145
v -33.88788 60.06126 9.902037
v -62.51691 67.60666 -20.2322
v 27.20774 -8.103305 18.87318
v -13.39845 70.12319 34.46206
v -14.3249 74.41056 -19.61304
v -19.61052 66.66502 31.60181
v 10.45749 79.32531 -21.71976
v -24.63265 -52.37247 25.44574
v -17.41813 70.28054 30.96775
v -38.21592 -43.36913 6.995945
v 6.464095 83.08372 -20.85711
v -37.59919 -19.19413 21.09723
v 54.06678 83.4923 -20.57078
v -5.130103 85.08202 -20.45471
v -1.046046 1.467212 28.29429
v 7.436879 85.44952 -19.85545
v 18.54872 86.28447 -21.17853
v -16.96667 88.93467 -21.37813
v -26.47736 -52.43194 25.99181
v 20.13965 89.84793 -21.44546
v -30.75591 -49.66464 25.56103
v 15.76786 71.86155 31.11125
v 17.52214 91.21808 -20.06363
v -50.28005 50.2583 -21.76883
v -45.72233 50.06695 -20.28097
v 31.52125 48.33433 12.36648
v -56.6362 52.86003 -21.25355
v -15.27211 74.39067 29.98463
v 34.0641 51.51027 13.22022
v 0.8594075 2.551769 28.18263
v 17.57217 -40.40375 28.7974
v 58.95402 58.79938 -20.03016
v -32.71005 -17.85602 20.78888
v 7.675216 62.63831 -20.59181
v 45.91468 59.3383 -19.92659
v -38.17496 60.58248 -20.1828
v 45.90778 63.05324 -19.89185
v 45.99897 66.97761 -19.56543
v 12.73289 69.97941 -21.63856
v 47.20468 69.18367 -21.09604
v 12.17372 73.25743 -20.19764
v -58.20423 72.72733 -21.2737
v 59.46255 71.98064 -20.61784
v -51.52305 73.26042 -20.62868
v -30.46554 61.86735 11.363
v 47.58136 73.86241 -20.78258
v 58.54177 74.66254 -19.77733
v 58.93629 76.44299 -20.97002
v -11.85414 78.10971 -20.59676
v 7.112568 18.10244 29.05436
v 19.39099 -33.79893 9.63589
v -37.0523 -38.84752 8.358327
v -14.95471 -5.227847 15.71416
v -14.18736 81.29232 -20.69773
v 50.84971 81.24788 -20.26614
v 21.59502 -7.087138 21.26152
v 16.40855 81.18461 -20.00813
v -3.991564 88.96118 18.03653
v -10.26171 69.28358 34.94459
v 19.5013 87.48406 -20.80877
v -6.889339 87.30684 -20.86671
v 26.85055 66.0796 11.55029
v 11.9606 92.05252 -21.47624
v 3.191235 4.513853 28.26855
v 15.98101 91.79742 -19.92409
v -53.89632 51.33611 -18.44881
v 48.68846 51.0235 -19.26776
v 0.4720224 -4.641385 48.22794
v -6.425004 80.8155 31.4243
v 44.54742 53.05247 -20.57418
v 25.57249 70.52334 11.69437
v 1.88057 54.8073 -20.0321
v -59.96129 56.80259 -21.94631
v -38.96338 56.6223 -19.37659
v -5.361171 56.42679 -19.0658
v 2.138792 -3.41037 39.90415
v 5.793198 59.02655 -20.2643
v 47.53395 58.2639 -21.8404
v -37.98749 57.59373 -17.71212
v -39.87512 -31.73916 8.234767
v 24.46977 -4.686807 20.72019
v -23.24115 76.88698 12.67649
v -38.38358 -15.38349 17.39096
v -8.327004 59.97885 -19.22869
v 25.09802 -49.72114 26.18002
v 61.26262 61.91928 -19.49156
v 26.94875 -4.158291 21.04445
v -63.34137 62.77988 -20.73476
v 19.67265 78.35174 13.18182
v -14.23434 66.59736 -20.93714
v 27.09081 -32.67997 7.899214
v 30.62272 -26.96717 24.03575
v 0.05628571 81.76785 31.07868
v 18.82423 -31.73832 8.456451
v 11.73657 75.03209 -21.76001
v 20.25209 43.66887 26.06686
v 13.31215 78.08662 -20.81267
v 27.18745 -31.29024 7.456247
v 56.39955 81.01191 -20.27285
v 17.73989 -30.02878 7.967172
v 17.37709 83.18378 -20.19067
v -12.86447 -2.643493 16.76051
v -25.65782 71.42589 19.75496
v -5.837786 8.478507 28.95362
v -13.95663 85.71057 7.872921
v -12.90404 92.25363 -21.02232
v -14.0173 1.896383 22.55103
v -51.48318 50.39956 -18.95335
v -0.4982135 -0.949817 47.48926
v 49.90856 52.76056 -21.12531
v -55.47233 52.36707 -18.30108
v -42.52517 51.97974 -19.62621
v 45.10663 52.19097 -19.17033
v 52.28319 53.43869 -20.20675
v -57.25654 54.12878 -20.04388
v 30.94365 -28.76336 9.134535
v -0.7129361 6.85107 34.75366
v -6.959856 12.36068 28.15292
v -11.72354 12.47559 27.96566
v 9.361486 64.24811 -18.20168
v -38.58286 63.83783 -20.69759
v -39.38423 66.92967 -20.97658
v 18.29273 -49.34743 31.78111
v -15.28479 69.67284 -20.1623
v 1.493589 60.70484 39.45466
v 46.67513 71.35779 -19.65097
v -7.238756 9.474546 26.29754
v -53.83038 71.82959 -18.87653
v -49.79794 72.70092 -20.36819
v 46.14334 74.42216 -19.81753
v -11.70838 80.25165 -18.74051
v -7.155134 6.085918 20.57326
v 53.96478 81.49012 -19.45949
v 3.307516 83.13437 -19.64744
v -6.076037 -3.022437 43.26511
v -5.884728 1.413892 31.55722
v -4.591783 -0.7203462 49.1236
v 12.36405 90.91528 -19.77037
v -48.20944 49.72421 -18.77424
v -9.172398 1.767193 17.10519
v -35.29343 -15.00553 18.78476
v -45.91388 -47.58964 13.64111
v -39.76899 54.58205 -19.79064
v 4.120637 13.05217 28.04561
v -61.73035 57.74404 -18.71811
v 4.323223 56.32344 -18.66074
v 8.790425 62.24977 -17.69627
v -12.74652 65.89593 -19.54034
v 15.26866 -40.22364 26.18634
v 25.68649 -40.59285 27.07854
v 12.71453 66.4362 -19.86502
v -29.36033 14.13001 21.63621
v -27.14462 14.48788 21.8575
v 60.26852 69.90378 -20.41168
v 45.63885 70.67503 -18.8382
v -43.9949 70.0975 -17.41
v -59.0699 71.51151 -19.30737
v -56.12422 71.98624 -20.6126
v -15.09564 72.0237 -19.42168
v -42.39587 -42.92638 12.59322
v 58.72554 71.70766 -18.77449
v 12.18541 74.97395 -20.30726
v 18.73089 20.09317 20.97427
v 48.61929 75.48502 -19.15133
v 14.86152 80.3314 -18.55216
v 56.55108 78.24657 -18.73923
v 20.57213 -42.90378 12.28513
v -22.43327 19.78187 21.34477
v -10.77721 44.06239 35.81431
v 29.82689 -23.67718 24.91665
v -0.7931556 12.37763 30.68636
v -9.621905 89.33286 -19.58136
v 9.738453 -0.8198115 16.86571
v 7.793451 74.4449 34.69784
v -20.19666 25.60898 20.63926
v -42.85808 -16.90221 7.949875
v 24.96925 -37.84691 12.5664
v 42.23075 54.81687 -19.46653
v 56.62294 55.99732 -18.86792
v 58.10893 56.98564 -19.33817
v 44.01224 57.83462 -17.71464
v 22.54436 -39.22231 13.90872
v 6.37387 59.15902 -19.07231
v 44.00952 60.41576 -17.68399
v -37.6869 62.85126 -18.85592
v 17.31218 33.22159 21.79492
v -42.49014 -14.54401 7.248206
v -19.70102 32.99884 21.64641
v 27.4287 -13.42792 18.39254
v 61.51695 68.43178 -17.45817
v 15.94331 -10.62719 17.1655
v -51.56 71.93469 -18.74625
v -47.16814 72.19269 -19.81859
v 57.41008 73.54714 -17.92995
v 12.03215 76.57189 -20.35941
v 53.39832 78.69505 -18.18193
v -10.46148 14.78335 27.72248
v -0.5908229 22.3115 31.60245
v 54.66113 80.08067 -18.47231
v -14.43557 83.24755 -19.52125
v 6.446511 83.95413 -17.17354
v 14.29893 82.02166 -17.57466
v 18.15547 86.1498 -19.91362
v -24.95993 42.15304 21.53521
v 20.97367 42.35914 22.8756
v -14.20955 90.87222 -19.97487
v 8.651068 -0.150147 16.41843
v -46.52275 50.17397 -17.97225
v 23.13331 43.80802 20.81198
v 14.12345 -31.20327 11.68785
v 24.01684 50.27482 21.65811
v 29.70002 -7.935752 16.82228
v -39.56063 53.98733 -18.36116
v 3.233055 22.71618 31.60106
v -5.091634 22.92434 31.75506
v 61.85934 63.22137 -18.35918
v -21.03587 -27.39006 12.80684
v -10.58057 65.56288 -19.34296
v 24.79747 57.08975 21.27582
v -40.58078 68.59252 -19.21367
v 42.93622 66.75724 -15.4203
v 61.57488 67.00968 -19.25629
v -15.38378 69.36412 -18.36432
v -59.54093 69.37359 -17.39926
v -28.92894 57.36769 21.81793
v -13.20765 14.46026 27.94117
v 13.39546 72.53191 -16.13504
v 57.25058 76.84385 -18.94287
v 12.20234 -24.26214 12.94206
v -11.81778 78.03311 -18.9686
v 2.931423 83.79188 -17.45296
v -1.78329 84.68995 -19.12056
v 0.4799416 84.71341 -18.7767
v 7.683438 85.7 -18.65427
v 8.298611 85.7024 -17.13233
v -9.033068 87.98041 -18.03199
v 13.90512 87.87356 -17.8567
v -27.28707 66.20423 20.62017
v 14.60019 -19.52968 13.13791
v -25.60808 69.89402 21.79972
v -5.863196 25.92853 31.8446
v 45.05983 50.51057 -17.62117
v 42.67156 52.20355 -18.21775
v 32.25867 -19.11223 14.62699
v -42.23398 51.52493 -18.38101
v 11.27293 71.68507 34.48916
v 54.31192 53.42004 -17.25213
v -58.37963 55.46056 -18.42486
v 42.02507 55.84778 -19.00132
v -24.42277 -15.87598 12.31349
v -40.92536 -1.320598 8.710763
v 26.24653 -26.05584 27.34979
v 44.83183 64.56728 -18.32311
v -14.78262 66.67257 -18.84673
v 34.84462 -0.4919123 10.12146
v 11.5677 67.07039 -17.52427
v -39.66959 -12.86211 11.76728
v 44.00434 68.75349 -16.85726
v -2.110133 -9.402871 54.79119
v -24.61595 -13.08849 12.59388
v 60.10952 70.6167 -17.82286
v 31.94032 3.128787 16.61813
v -47.19476 70.96374 -16.85198
v 43.70484 71.51562 -18.30438
v -26.73477 -9.013282 18.07836
v 44.75447 74.24673 -17.92163
v -12.7951 76.864 -18.46462
v 11.76153 76.69124 -17.05789
v 49.90245 78.79604 -19.45208
v 51.87484 76.10648 -17.34484
v -9.047684 28.0969 31.54664
v -10.73283 80.3607 -16.12185
v -21.42517 -10.52156 12.69671
v -1.507079 84.98779 -17.47392
v 9.175606 85.44975 21.92076
v -49.10421 50.03691 -15.37422
v 44.5351 50.17864 -16.17676
v 51.77873 51.68199 -18.17198
v 24.45808 -20.67008 25.35485
v 41.16949 54.47928 -18.48835
v -1.334698 54.24811 -17.73585
v -36.36177 3.880246 18.15059
v -59.76702 55.63447 -16.12519
v 6.079524 87.8759 18.07783
v 16.38312 -29.65873 26.44177
v 1.482945 4.796695 7.611839
v 5.247671 58.19792 -17.04398
v 6.76482 60.24692 -16.96528
v -8.848227 60.94321 -17.6513
v 60.85109 60.80263 -16.87847
v -9.793407 62.96051 -18.58007
v -38.88587 65.19329 -17.59556
v 10.1598 65.96366 -19.59706
v -36.12883 1.09473 18.2964
v -61.57167 67.15166 -18.18434
v -14.49886 73.36978 -17.77441
v 33.67424 4.601488 10.18948
v -39.51603 -3.031232 13.36572
v 7.136829 1.821526 14.4284
v -6.073301 -8.7895 57.11581
v 22.3971 -53.06675 23.34591
v -10.55412 82.77611 -16.26667
v 18.34946 -25.9529 26.33859
v 30.038 -53.45262 20.7084
v -11.07041 0.9820969 11.48992
v 10.89659 82.45864 -15.71509
v 29.33026 65.9173 9.122407
v 29.23104 -51.06734 21.49145
v 33.40034 4.142256 13.26127
v 10.84683 34.20313 31.18667
v -56.28841 54.20002 -16.53046
v 1.166522 54.71149 -17.74417
v -11.92739 17.8267 27.71694
v -4.336285 56.06179 -17.46553
v -37.72475 7.823934 9.541129
v 8.019155 88.31944 7.32006
v -6.451833 58.2579 -18.13048
v -11.60803 35.11028 31.81357
v -37.95892 60.99229 -17.51123
v 62.48305 62.22874 -16.14193
v -61.79516 64.96518 -17.37096
v -61.11274 64.19427 -15.80309
v -22.90176 -49.5339 21.12926
v 9.831291 64.73229 -15.07891
v -40.12662 66.78753 -17.7866
v -54.96693 70.2504 -17.37775
v -49.90561 72.10777 -17.62396
v 43.28092 72.60829 -17.7097
v 57.11313 73.48409 -16.9889
v -13.42051 75.50471 -17.35876
v 10.07843 19.46156 28.0219
v 50.37443 76.0777 -17.76625
v 54.57616 76.42607 -17.09132
v 9.077388 38.31378 31.04759
v 28.85448 -25.51413 26.04314
v -13.15307 85.87624 -18.22127
v -37.37184 5.505157 16.39513
v -3.227587 -5.876528 44.02635
v 9.379638 85.04669 -16.13208
v 25.86722 16.25422 8.549861
v 20.3624 -25.2581 26.66581
v 56.42361 54.61064 -17.52212
v 21.68063 20.38743 12.68075
v 39.52959 56.27821 -17.343
v -5.844211 -9.513568 53.8457
v -60.70584 56.85203 -15.29218
v -38.01769 56.95265 -16.39923
v -7.937796 57.66153 -16.58048
v 22.26549 18.32916 8.475142
v -22.1412 23.86197 13.37942
v -38.55901 62.57058 -16.46929
v 10.24377 66.96186 -16.15517
v -42.05877 69.35843 -17.2549
v 13.45161 68.94232 -17.0387
v -17.42147 -5.451412 18.15405
v -15.54649 73.17357 -15.81142
v 47.74882 75.96973 -17.39138
v 53.12864 76.27958 -16.80774
v -22.29835 -32.44556 9.84681
v 31.64993 -34.37909 21.56963
v -5.103902 85.47939 -17.90597
v -38.77918 -30.8592 20.57005
v -45.12764 49.92499 -16.94579
v -22.64974 39.71464 16.42111
v -50.73939 49.87461 -17.62983
v 48.12276 50.48181 -17.26739
v -52.94109 51.34094 -15.11334
v 41.27753 52.00519 -16.10311
v -54.40732 52.99313 -15.6695
v 22.73112 -22.29208 25.99445
v -39.68587 53.96992 -16.621
v -27.78563 46.75654 11.09686
v 59.05333 58.01993 -17.35212
v -11.21638 47.28704 36.57274
v -3.287588 47.17022 37.37235
v -11.8187 61.15181 -14.65796
v 8.615421 63.11624 -15.85733
v 42.98544 62.91765 -16.16006
v -12.49363 66.34231 -16.84664
v 13.22915 -26.64533 20.74335
v -28.8097 49.75079 12.69782
v 41.82456 69.41693 -16.40544
v -52.91357 70.77115 -16.41946
v -15.52832 71.73544 -17.28805
v 41.73749 71.00782 -16.05801
v -20.25424 50.85274 32.17544
v -14.28195 75.8327 -15.60102
v 5.833186 49.60135 37.56857
v -10.98955 87.24821 -17.66002
v -3.826084 86.39718 -13.83754
v 35.40451 56.82307 12.49152
v -55.99062 54.60685 -14.75691
v 56.37899 54.63967 -14.89
v 18.42765 56.70261 31.25312
v 32.0897 61.22767 12.2048
v 32.16215 58.94205 13.87009
v 58.09235 56.37969 -15.00689
v -37.09386 -2.106057 16.56075
v 30.51734 61.88864 12.66392
v 8.311064 59.78068 -15.00999
v -29.53906 -20.66079 21.40671
v -37.1067 58.41819 -15.64337
v 41.97432 59.38828 -15.45924
v 24.47424 -21.67943 26.11906
v -10.12034 63.07981 -16.63224
v 61.88786 66.35964 -16.63188
v -39.20077 65.80979 -16.51206
v -41.75299 67.77862 -15.65096
v 11.53358 67.71252 -16.02984
v 17.23822 -19.09073 21.13128
v -26.60245 73.29403 12.77761
v -48.14397 70.37648 -14.08633
v 59.04019 72.69312 -16.5102
v 43.94537 73.31673 -16.33525
v 55.10445 75.09329 -16.56677
v 11.71721 78.61142 -16.50683
v 31.6938 -19.43837 20.25828
v -5.197196 -12.55116 56.71272
v 50.15097 49.36146 -14.30366
v -43.86206 51.3086 -16.03863
v 50.95882 50.67248 -15.75476
v -41.22503 51.88137 -15.81135
v 0.08715625 53.307 -14.87215
v 34.77967 47.42618 9.377218
v -3.894169 54.27523 -14.7589
v -35.6811 56.22281 -14.88161
v 3.352797 56.62966 -17.0189
v 39.06488 54.22488 -14.57025
v 5.092036 56.63445 -15.56122
v 38.92874 58.63927 -16.14181
v -37.56041 60.50895 -15.17883
v -4.574368 6.426421 16.7153
v 19.55114 -5.308975 21.94639
v 8.988583 47.48496 36.15143
v -60.25647 60.88568 -15.16502
v 62.95069 63.71089 -15.51434
v -21.0337 3.046579 25.34182
v -16.73858 65.99153 -15.98364
v -15.95821 64.99305 -14.72331
v -14.69221 71.82247 32.04639
v -55.28385 68.70946 -15.52701
v 13.7845 70.62905 -15.6638
v -1.919345 -7.230655 55.71454
v 46.23835 75.21571 -15.93569
v 54.51675 75.60009 -14.36438
v 52.2184 75.96228 -14.45528
v -0.9549405 89.80616 15.02275
v -12.91759 77.8164 -16.09599
v 1.508985 89.84414 13.70761
v 22.69929 -5.528312 21.3597
v -26.70772 -3.841878 21.7455
v 2.252259 84.81394 -15.64011
v 9.062776 75.45535 32.50755
v 7.319579 83.36032 -13.93863
v -21.08464 -4.060555 21.90594
v -6.640081 85.52455 -15.55699
v -8.373804 44.13591 -15.11216
v -15.04654 43.65403 -14.44399
v -13.51447 48.05347 -15.30587
v -25.77604 72.47485 10.23688
v -10.03558 47.98985 -15.1845
v -48.34674 -53.7193 11.81475
v -3.934607 66.75416 38.53071
v 4.639436 89.52056 6.31522
v -39.77551 49.98388 -15.13295
v 39.60399 53.63407 8.659574
v -48.39855 51.12924 -13.41419
v 41.4129 50.81585 -15.07579
v -37.02399 51.49423 -13.75842
v 54.1391 52.37356 -15.90787
v -48.88373 -53.22868 12.32304
v -29.61432 -2.416824 21.52717
v -36.85973 -0.4807345 17.76858
v 41.45358 56.66756 6.546434
v 13.33624 -2.501535 20.50317
v -47.28575 -50.47254 13.99332
v -9.366445 79.44838 30.46396
v -58.85837 66.20862 -13.14482
v -16.74452 67.3551 -16.11968
v 40.40379 56.8473 7.9626
v 40.02532 68.48958 -14.53635
v -57.68232 69.10412 -15.49531
v -37.96169 58.02416 8.77883
v 14.66029 71.82459 -13.99624
v -16.05068 73.13056 -13.00218
v -47.95603 -48.66408 13.5554
v -14.89047 31.81222 27.56431
v 56.42411 74.82075 -14.84744
v 50.15617 76.48428 -15.57737
v 11.73677 0.9378865 21.46055
v 10.69871 79.29089 -14.63273
v 35.95806 -47.84984 13.3593
v 17.44846 42.98449 27.5279
v -0.812154 69.3422 37.97198
v 33.96168 -46.01208 12.54341
v -1.126333 86.10029 -14.66115
v -9.197297 39.56508 -14.14767
v -12.74229 40.84894 -14.23745
v 9.794739 0.6532658 19.01161
v -35.87147 60.14848 9.013633
v 10.12486 3.673496 21.7096
v -5.524195 45.40005 -14.57189
v -16.30368 48.32815 -14.76413
v -6.623359 48.66147 -14.27888
v -24.54206 -45.18724 15.20468
v -36.36723 8.199879 15.7691
v -15.24068 49.24553 -14.96833
v -15.32409 53.56324 -13.70155
v 30.3571 -44.71999 14.30512
v 55.88532 53.50413 -13.54394
v 27.08873 3.730512 22.60279
v -34.88489 53.44829 -13.9708
v -58.36311 56.10609 -14.14168
v -6.069587 55.62881 -14.61193
v 5.549834 56.53305 -13.83213
v -59.58401 58.50974 -13.80572
v -23.80111 6.817769 25.53731
v 38.05008 60.21398 -14.98909
v 41.49702 61.23062 -14.41005
v -3.33961 5.630587 22.95827
v 10.33819 62.51033 -13.8305
v -38.21851 62.81294 -15.08502
v -14.49916 65.02463 -13.15825
v 41.12372 64.47364 -13.70278
v -19.25528 64.8163 -14.75984
v -21.19408 6.288163 26.10211
v -29.182 67.19889 8.533844
v 62.09785 66.29562 -13.10952
v -56.4451 68.4098 -14.411
v 41.14025 68.53171 -15.35966
v 15.95037 69.67114 -13.24128
v -17.33732 70.01894 -13.70144
v -50.89822 70.30018 -15.09978
v -32.24211 11.01702 21.66385
v -25.276 5.143386 25.77791
v 59.79794 71.5437 -14.69538
v -40.7714 -37.79133 13.33883
v -39.99315 -35.83005 14.12614
v 22.20298 11.50081 22.76268
v 3.033818 40.97798 -13.67955
v 6.218287 39.77953 -13.75486
v 5.257012 43.93949 -14.53761
v 9.894306 42.8715 -14.15244
v -14.73144 36.58205 27.803
v 29.72435 11.596 16.66464
v 5.269104 45.90305 -14.40638
v 9.419156 47.02379 -14.50795
v -3.868038 -0.9363858 30.95503
v 47.35244 49.73834 -15.79949
v 31.10804 0.6879532 18.7643
v 22.10339 74.18037 8.811296
v -42.12392 -28.67261 14.2111
v -1.735038 52.19155 -13.60315
v -6.519047 52.92521 -13.4718
v -21.39175 21.84519 20.60287
v -18.48039 8.606935 26.2169
v -9.124426 57.9359 -14.53629
v 7.891235 58.53576 -13.52454
v -12.45251 60.42629 -13.22691
v -59.46471 61.51088 -13.42034
v -36.077 60.56094 -13.70905
v 39.3756 61.65862 -14.34281
v -41.72039 -23.78804 13.4427
v 39.49573 65.48662 -13.56015
v -36.05588 62.29616 -14.24642
v -12.86518 62.60145 -14.1765
v -38.99514 64.12204 -13.88559
v -11.83631 66.20787 -14.77702
v -40.89232 66.97631 -14.78108
v 8.944508 14.91234 26.80826
v 1.131821 10.01611 31.3408
v 15.83424 67.2982 -14.15772
v -19.6352 66.74293 -13.50411
v 21.47864 44.0899 24.49856
v -43.73745 68.80178 -14.61471
v -16.21938 71.91928 -12.9642
v -23.13509 -18.08567 14.90781
v 57.32503 73.93245 -15.60659
v 45.30204 74.40429 -14.64989
v 48.23324 74.99876 -12.22746
v 11.54286 77.18285 -15.46548
v -13.71879 76.65771 -14.53062
v 28.76839 13.3434 14.93213
v -20.92162 8.519626 25.72228
v 9.811263 79.8604 -12.995
v -21.08386 39.29717 19.90439
v -9.064909 83.08964 -14.43652
v -8.093418 84.61883 -14.76438
v -40.49678 -15.31269 14.13694
v 11.82465 39.85106 -12.54283
v -7.887567 4.402556 18.80622
v 22.83469 40.81871 20.1709
v 16.71306 3.544866 25.10166
v 1.68983 43.71721 -13.7005
v 4.818093 48.41257 -13.7623
v -2.821836 47.1573 -13.01893
v 13.62895 46.00978 -13.31069
v -18.59371 46.63625 -13.52724
v 31.85134 -53.78872 18.19449
v 8.932014 48.61058 -14.30973
v 47.40957 48.87183 -12.23209
v 48.88902 49.53603 -12.88315
v 9.422627 86.86697 8.864273
v 26.56535 13.25791 18.7238
v 1.620535 4.762897 17.53029
v 41.6904 51.16064 -13.18156
v 2.024162 53.62551 -14.6118
v -11.25895 51.53894 -14.33204
v -22.79879 8.600819 25.81066
v 2.972247 52.55164 -13.78131
v 3.944523 55.86832 -14.21841
v 12.3318 -8.288869 13.61827
v -7.091207 89.95445 10.36447
v 59.89702 58.45564 -14.5878
v -1.892867 25.36604 31.32862
v 9.049335 60.23607 -13.0353
v -21.27546 61.88302 -13.82034
v 25.42138 61.48905 21.3987
v 38.46252 64.00436 -13.27412
v -3.648067 -9.77986 53.87291
v 24.74449 63.22099 20.37702
v 23.89385 65.3085 21.56216
v 11.63246 -6.730749 13.63843
v 32.69143 -6.144925 14.40089
v -42.62496 67.80684 -13.40201
v 13.68334 67.79621 -14.9023
v 16.14541 68.12819 -14.11167
v 40.04277 67.31074 -12.61665
v -4.713465 -7.040149 57.07254
v -23.22498 42.1553 25.22661
v -14.26234 -4.790223 13.56986
v 12.77325 75.40262 -15.87832
v -21.99317 43.58524 26.0467
v 8.79069 81.95953 -13.53613
v -6.152148 84.4723 -12.43228
v 2.444448 84.89682 -13.75245
v -9.541495 36.56802 -12.46499
v -6.803644 39.17564 -13.67564
v 19.16137 78.05657 21.2018
v 17.45237 -38.82149 29.192
v 34.14566 -51.89873 8.14292
v -16.21616 81.93999 21.64976
v 44.35734 49.23441 -14.33115
v 50.9661 49.88022 -12.91935
v -43.07184 50.3756 -13.63952
v -20.13715 51.26647 -13.14848
v -14.59007 82.53695 21.48537
v 13.23045 82.00701 21.01129
v 0.1958282 24.45217 31.24925
v -13.95361 83.33433 20.28955
v 1.300944 50.41876 -13.16636
v -51.14537 51.82787 -13.29822
v -4.520903 51.69871 -12.66626
v -38.44446 5.995268 12.90964
v 6.268913 53.97134 -13.17996
v 32.8007 -53.57885 9.226052
v 7.919496 55.14634 -13.37242
v -33.60002 57.46103 -13.50892
v -13.97534 56.52194 -12.68073
v -3.762521 -4.612784 36.12325
v 3.684546 88.54215 18.23469
v -11.70932 56.19981 -13.21408
v 38.50339 57.03332 -11.43014
v 2.058639 26.53265 31.72896
v 3.555714 25.3507 31.74319
v 38.09153 61.14574 -13.43732
v -18.41505 63.49035 -14.06136
v 28.50444 -53.69519 21.15278
v -40.94967 65.12283 -13.33863
v -32.93137 14.65361 13.0043
v -41.47896 65.91515 -13.17027
v 10.18955 67.62608 -13.05152
v -45.73888 68.43058 -12.14215
v -46.21283 69.57774 -14.16344
v 41.3883 69.79156 -14.50731
v 2.045826 -3.286493 36.00269
v 22.71691 15.32771 18.13215
v -14.25266 75.38423 -13.27902
v -13.01762 78.60938 -13.23918
v -11.45034 80.30691 -11.99567
v 34.98673 -49.72102 8.458
v -2.684588 86.27137 -12.71345
v 19.65897 -47.61132 6.960961
v 18.8648 24.35596 14.26557
v 2.143363 38.94723 -12.15526
v -3.76242 42.47131 -13.72749
v -23.35289 -47.91525 23.17514
v -20.45081 29.93954 13.34118
v 0.4086372 45.12053 -12.40105
v -1.226648 47.45208 -11.62435
v 28.54585 -7.056752 18.67964
v 13.59288 51.92759 -12.786
v 13.28961 8.267316 25.77925
v 28.05057 -44.29181 21.84707
v 21.82783 39.88953 12.66976
v -25.74146 -44.15637 20.93288
v -46.91888 -44.95213 8.725626
v -35.79784 7.679526 17.74265
v -24.78134 41.75392 11.8365
v -34.7654 -43.85871 21.44037
v -17.12761 51.61718 -13.68942
v -7.682059 52.98335 -11.58313
v -27.68827 45.81849 14.29302
v 40.0266 53.32621 -12.82401
v -8.181124 54.32876 -13.60531
v -27.33067 -44.21936 22.70686
v -16.53071 56.83038 -12.82249
v -59.09765 59.80575 -12.75811
v 7.880641 28.8517 31.74198
v 11.91781 57.7127 -12.56015
v -22.52868 58.92111 -12.435
v -20.921 60.80731 -13.35661
v -29.109 -45.1982 8.800649
v 19.40316 76.54666 9.266783
v -40.50069 64.624 -12.54411
v -37.88082 64.69216 -12.75349
v 32.1968 56.68291 14.55634
v -49.25969 68.40188 -12.17033
v -29.84615 57.83776 13.77239
v 58.39038 71.87261 -12.34171
v 13.53874 -35.88502 22.43502
v -29.42313 61.22354 13.63754
v 2.415325 1.224059 37.94608
v -11.51499 79.28952 -13.39692
v -9.651861 81.38893 -13.97196
v -37.79243 -34.69392 21.08721
v -7.967049 83.58349 -12.07465
v 6.240771 83.58734 -13.92643
v 24.49485 -24.94627 27.09566
v 9.649576 54.38693 37.19299
v 4.38218 28.44895 31.48227
v -27.25766 -33.66493 22.20061
v -29.82104 64.10428 12.70265
v 27.98651 63.24452 14.44791
v -26.3958 -30.88156 21.79228
v 14.58888 43.09381 -12.47114
v -3.392009 43.21085 -13.50724
v 31.31097 -30.6196 23.48817
v -20.63047 79.41419 12.37173
v -32.01149 -41.05985 8.340477
v -40.7538 48.00301 -11.28482
v 0.3044133 48.3406 -12.36818
v -36.31654 49.22062 -12.67084
v 2.386648 49.18117 -12.01549
v -0.3841811 29.88887 31.54426
v 17.32553 51.29085 -11.59686
v 43.9187 50.00649 -12.66207
v 13.64357 -30.04695 22.36767
v -13.03083 12.08073 26.69101
v 6.993367 31.45867 31.46964
v -33.52296 13.14447 18.303
v -34.55563 -40.70937 8.337241
v -6.446378 51.49655 -11.57473
v 10.19251 52.71961 -12.88062
v 32.32157 -28.45508 21.92838
v 53.58321 51.70751 -13.05839
v 1.107749 29.9719 31.64095
v -6.730804 52.13871 -11.6735
v 4.919232 51.58638 -11.83052
v 6.836137 52.96989 -11.66395
v -28.63389 -24.77672 21.96964
v -6.695312 32.22404 32.18789
v -55.18172 56.98344 -12.00029
v 23.986 15.05247 16.94016
v -57.47581 58.22087 -12.88667
v -18.03498 58.6036 -12.72402
v 13.21601 84.96007 14.67302
v -2.390116 48.92393 38.66391
v -19.18175 60.82181 -12.06773
v -22.56442 62.09523 -12.67648
v -16.83162 62.73858 -11.84046
v -22.31933 63.97202 -12.5271
v 38.77742 65.19945 -12.57031
v -15.57674 61.22249 36.30595
v -38.86052 -35.50282 8.87077
v -20.88799 66.52377 -13.00941
v -34.34949 -52.80214 20.1043
v 17.3322 69.39562 -11.53145
v 41.49379 69.57353 -12.92723
v -3.581105 48.49124 38.55191
v -25.69217 -53.82386 18.16224
v 43.46894 72.1265 -13.41588
v -15.36848 75.60167 -11.55423
v 35.20801 -53.38043 14.0241
v -11.98752 78.79945 -12.04031
v -35.07547 -20.39622 22.71031
v -5.095548 85.80906 -12.27062
v 5.540993 36.51884 31.73653
v -40.31112 -33.28324 8.865651
v -36.13624 -52.69501 14.35913
v 23.94406 -16.24215 21.02821
v 0.9352911 41.54436 -11.94355
v 4.704123 37.3243 31.6325
v -1.445528 44.90174 -12.02528
v 0.04321541 47.60345 -11.7175
v 1.043768 47.5154 -12.3187
v -3.278321 49.04422 -11.92627
v -37.62654 49.27858 -12.25952
v -34.51203 49.68291 -12.18075
v 36.4936 -51.19083 14.08962
v 2.656793 49.9054 -12.12153
v -45.43934 50.39822 -10.76449
v 23.14372 -4.34465 22.39576
v 8.666902 54.13793 -11.51284
v -52.24417 54.67243 -11.32664
v 24.98618 -2.730811 22.49885
v -9.564672 54.00104 -12.05767
v -14.70329 55.58057 -11.84103
v 10.97621 55.73663 -11.14643
v 56.03246 53.91553 -11.48782
v -43.73762 -44.621 13.01867
v -22.47206 56.61314 -12.05236
v -16.58895 -1.509568 22.10485
v 18.01101 -44.64841 13.9486
v 31.72544 -44.79028 13.30178
v -20.91927 56.78332 -11.64633
v -16.51639 41.20698 31.83745
v -2.607812 -0.3142775 48.68008
v -23.80606 57.97812 -10.83053
v -33.80666 59.945 -12.25872
v 30.00427 -30.46244 9.319327
v 18.49361 23.85782 19.07154
v 13.11451 42.58701 31.76554
v -23.69092 62.81976 -12.01871
v -58.06767 61.49731 -11.82257
v 10.21829 60.8718 -12.05582
v 62.80055 62.05211 -12.9878
v 38.4797 63.39172 -11.61514
v 39.5922 64.35163 -10.70798
v -38.74619 64.81369 -11.99725
v 17.74693 63.87639 -11.58733
v -15.4291 0.6364153 22.33787
v -40.77442 -42.11264 13.27711
v 17.03027 65.41972 -12.59308
v 24.26356 -41.54507 14.10507
v 17.72079 66.50802 -12.62078
v 41.64263 69.06506 -10.87662
v 58.25849 71.53079 -7.915926
v 42.94842 70.68847 -12.20828
v -18.33603 69.97849 -12.67007
v -2.71112 2.593926 28.01083
v -17.37376 71.8964 -11.57626
v 13.76019 73.6318 -13.1729
v 55.83673 73.39501 -10.8365
v 12.88507 75.83552 -12.19781
v -22.97127 -38.41861 13.44722
v 11.48317 77.94917 -11.48634
v -12.34918 78.7937 -11.12747
v 20.53622 -38.2786 13.14998
v -9.365825 81.51672 -10.89951
v 2.480762 84.54309 -12.19839
v 7.902636 35.91959 -11.13279
v 32.13108 -27.13205 8.208682
v 3.628513 37.2805 -11.80901
v -0.1820746 2.627594 26.59077
v -29.60056 -15.57057 18.77937
v -17.189 41.09773 -12.03813
v -6.245555 0.54126 35.86974
v -1.968034 41.33161 -11.45784
v -4.055774 52.0868 38.78602
v -33.37662 5.060182 21.46401
v -25.23704 63.62339 27.23068
v 4.900159 6.150679 22.44129
v -22.11489 -34.23219 13.16537
v -32.73696 6.685986 22.15482
v -21.44706 48.11273 -11.83844
v 40.08828 48.1205 -9.090117
v 49.52179 50.03678 -9.171883
v 32.7936 -24.63409 9.096516
v -3.361521 50.20965 -11.6121
v 15.96533 -22.43428 8.012919
v -21.30664 -21.98424 6.259739
v -29.37755 52.37526 -10.12051
v 37.63707 53.72558 -10.32735
v -49.83407 52.47562 -11.55808
v -8.524271 52.65669 -11.79675
v 17.6335 53.49537 32.35602
v -30.49368 55.25456 -11.55287
v -11.22801 54.34141 -11.89899
v -20.86284 55.48351 -11.27699
v 18.60162 54.90629 30.65676
v 14.57316 54.93472 -11.59622
v -54.12267 54.11916 -12.77519
v 11.81229 -27.09119 13.70651
v 25.25816 6.860362 23.75258
v 12.9421 58.00468 -11.74094
v -21.8771 -21.74677 14.62686
v -42.75684 -20.64274 9.195415
v -21.53474 -20.35171 8.815792
v -31.09815 12.28619 21.58303
v 11.69152 63.80408 -11.47204
v -42.87192 -19.40032 6.430011
v 11.59894 66.97565 -11.28168
v -56.65029 67.04222 -11.73882
v 13.94846 65.49118 -10.37418
v 19.43886 13.09608 22.49974
v -22.72031 65.8938 -11.14039
v -54.69073 68.10239 -12.24487
v 40.13548 66.56423 -10.07267
v -52.06439 68.75814 -12.90987
v -20.50707 63.28983 32.17096
v 16.73955 -18.48612 9.858929
v 19.24348 67.53478 -10.2821
v -19.39758 68.32573 -11.88373
v 19.2877 16.13059 22.06533
v -0.7633771 50.50416 38.892
v -41.80554 -18.43802 12.49744
v 50.22597 74.90902 -11.84587
v -23.88201 -16.33529 9.805833
v -14.46999 76.80716 -12.20388
v 7.584658 81.9024 -10.76046
v 0.6652289 85.67059 -12.72837
v -25.99084 -14.34325 13.51473
v 1.071335 39.02397 -10.69205
v -0.640488 37.40053 -10.19315
v 15.71175 40.93642 -10.00711
v 18.24102 48.18362 -11.217
v -24.75915 -12.0595 14.43003
v -37.86577 47.61989 -9.755669
v -22.18289 -11.38385 13.72132
v -5.114949 51.19101 -11.34454
v 38.73866 49.8334 -9.869684
v -27.48668 54.02966 -9.531614
v -18.60505 -8.793888 13.06217
v -18.3085 55.72203 -11.26292
v -17.36367 16.99622 25.71974
v -38.31207 -6.310594 13.84717
v 14.72655 58.52981 -11.62466
v 38.6158 60.63021 -10.92291
v 61.14475 59.01295 -10.13503
v -33.22236 61.91916 -12.64608
v 11.26473 61.50785 -11.65035
v -57.78698 63.81978 -11.52177
v -41.5891 -23.06146 10.51922
v 19.78924 63.0345 -11.26131
v 62.58744 63.46241 -9.477164
v 32.74224 -10.89149 8.359632
v 13.64191 18.17894 25.66653
v -34.05236 63.93551 -10.82078
v -35.54342 64.39364 -10.37463
v -53.51154 63.60779 -10.50912
v -19.32074 71.82982 29.24188
v 33.88592 -4.45367 13.1526
v -22.59594 66.9043 -9.994424
v 15.83833 71.69285 -10.92474
v 14.96345 72.72448 -9.844991
v 53.79564 73.46288 -10.59739
v 10.52165 79.52108 -11.03303
v 18.61587 33.16974 15.34711
v 10.67015 77.24121 31.82224
v 4.565735 84.30867 -11.59801
v 18.35092 73.4164 28.038
v -14.75555 38.69493 -12.29872
v -27.34721 49.21434 20.61461
v 1.7569 37.55461 -9.537969
v -38.21307 3.417875 14.01055
v 11.90762 36.71411 -10.49596
v 23.74635 52.61572 22.61317
v 18.32236 43.59821 -9.61986
v -19.74513 34.22141 17.23755
v -20.81861 32.74067 17.50937
v -34.82614 48.02622 -9.85648
v -4.950736 5.396034 15.63735
v 46.55145 49.72595 -10.80257
v -22.67297 52.57082 -10.52203
v -15.29611 -3.529236 10.27928
v 17.62434 53.71854 -10.71913
v 35.30925 -2.530648 8.161652
v -28.75511 62.26118 22.06889
v -36.69399 8.876211 14.37307
v 31.01208 11.14091 13.74694
v 13.14683 56.87275 -10.53975
v 24.21433 68.21945 21.68366
v -10.79452 67.98471 35.76046
v -29.80333 61.51897 -9.663502
v -25.03819 68.60595 22.76964
v 9.023525 67.19236 36.70658
v -31.40286 16.48234 13.11341
v 20.56125 65.00936 -9.935994
v -24.90705 64.59614 -9.923673
v -39.47068 66.17239 -10.46312
v 34.53369 2.422272 9.447392
v 22.15636 18.34195 11.99917
v -41.20761 65.72808 -11.22907
v -43.4216 66.69281 -11.39454
v -47.30356 67.15312 -10.33447
v 17.27536 -52.12918 32.03302
v 20.48355 76.56415 20.66208
v 47.42634 73.36096 -10.26804
v 51.02346 73.4522 -9.640372
v 13.65167 75.35634 -10.50569
v 51.75123 74.78213 -10.83002
v -14.77092 75.63174 -9.785059
v -13.92146 77.46394 -10.81712
v 8.763834 80.41052 -10.05071
v 18.74876 25.77822 13.73754
v 6.368072 2.773222 9.421708
v 3.29767 36.17048 -8.804389
v -4.13241 37.84816 -11.24667
v 19.31851 29.65255 13.19675
v -8.351687 4.244354 8.800838
v -20.23915 42.75282 -10.54984
v -3.838579 -1.229508 32.73058
v 18.15872 6.020412 25.03415
v 17.68297 71.29987 28.60923
v -6.17249 0.6875772 34.16008
v 50.75483 50.6456 -10.45032
v 53.08445 51.29746 -10.13935
v -23.33752 54.61323 -11.06837
v -3.990253 5.897428 10.3939
v 2.848764 7.019506 30.82818
v -51.10574 55.0935 -9.787545
v 16.14383 54.10255 -10.8672
v -16.04635 76.40064 28.47159
v 24.10908 45.83542 14.29141
v -53.77983 56.89773 -10.96717
v 17.64008 58.7036 -10.23556
v -4.030513 8.685584 31.88118
v -31.67709 60.55369 -10.6534
v 19.5484 -44.38682 29.14454
v -0.2804162 6.242099 9.875024
v 26.5837 48.23764 14.10225
v -54.67437 60.60829 -10.91295
v 13.71949 63.6112 -9.605454
v -32.10569 63.82987 -9.598581
v 31.27983 52.12564 14.56306
v 0.9161326 87.21295 22.92643
v -35.10759 65.2602 -8.991158
v 12.96536 65.00899 -10.2559
v 13.96391 64.87543 -9.975201
v -50.71352 66.73884 -10.34534
v -35.39925 -53.10006 22.18681
v 45.37021 72.71057 -11.01414
v -29.28689 54.56055 13.422
v 29.61116 -44.55474 19.36846
v 1.148868 -4.570347 42.81531
v -1.151776 36.4538 -9.97052
v 10.1753 33.81547 -8.422896
v -11.66449 34.26866 -9.470621
v -15.73687 36.84539 -9.499317
v -17.14474 38.33852 -8.687227
v -23.09902 46.85426 -8.931198
v 29.14387 62.71442 13.47377
v -30.9092 48.5802 -9.300928
v 47.35595 49.81314 -7.6788
v 48.12766 50.61705 -8.880956
v -30.36677 63.81743 14.33981
v -47.00526 50.53812 -7.865477
v -23.8896 51.07653 -8.998524
v 23.93018 16.99622 8.906264
v -0.09444386 26.54348 32.62623
v -29.10738 65.8737 13.82332
v -27.4717 70.91348 13.86816
v 25.56974 68.619 13.57295
v -10.79085 81.96147 27.85769
v -52.98403 59.62805 -9.87701
v -8.223923 69.36269 36.22051
v 19.90266 60.55217 -10.32162
v 15.52363 62.23469 -9.842622
v -28.80094 60.88353 -8.946968
v 38.57643 60.5964 -9.587424
v -24.19851 75.23932 13.89536
v 39.15307 63.29075 -9.921112
v -3.9962 28.30442 31.81453
v -43.15239 65.75424 -10.06916
v 21.67902 76.46352 15.94641
v 19.73792 9.30932 25.03252
v 17.26577 70.3642 -7.922872
v 29.09163 -41.14983 22.33987
v -19.12689 70.2093 -10.42672
v -34.68871 -41.46272 21.83656
v -0.04942466 28.20771 32.34246
v 17.02078 24.28277 7.920039
v 45.57126 71.32101 -9.407137
v -26.83414 46.07888 19.0188
v -18.00131 81.39085 14.6272
v 22.55575 7.584891 24.8155
v -18.20946 82.6919 13.26259
v 2.173659 29.74797 33.04699
v -42.82107 -53.16377 -9.673781
v 1.963459 35.2362 -9.565388
v -26.32198 -38.93285 21.88073
v -35.50997 -37.72157 22.26242
v 9.282409 87.27584 14.34164
v 16.70461 39.24461 -7.81945
v 30.50526 -36.38565 23.56769
v -40.09844 48.2857 -8.749474
v -27.77721 -36.48245 22.68885
v 40.52711 47.50434 -7.478166
v 37.04504 49.64892 -9.038987
v 35.19372 51.65842 -9.157716
v -35.92149 -35.06035 22.20199
v -43.14441 -53.63078 14.81212
v -24.96189 55.5407 -9.778052
v -27.38277 56.34144 -9.260763
v 37.70366 59.76789 -9.570739
v 19.61705 59.0359 -9.523653
v 18.07842 -53.38887 14.30079
v -29.71396 63.06845 -8.44898
v 15.75765 63.24238 -9.689126
v -36.60134 -31.22722 22.13401
v 2.261446 32.3498 31.85259
v -26.45466 45.28527 16.71994
v -32.4485 64.7112 -7.792826
v 60.26531 68.74592 -11.26049
v 5.465706 71.2338 36.73275
v -35.79235 -28.88644 22.58444
v 10.15031 79.36663 -9.147555
v 2.308233 3.422229 27.02611
v 1.387862 31.07642 -9.370152
v -27.43536 -27.76176 22.20175
v -6.380406 30.97789 -8.454111
v -2.773741 30.81146 -9.402372
v 35.12451 -49.96201 16.17211
v 5.129442 32.14533 -8.18298
v -9.873813 32.77672 -5.479367
v -8.08072 34.99354 -9.814927
v -2.784482 35.35877 -9.514528
v -5.066577 36.37417 -8.387909
v 14.72411 -26.47902 23.48626
v 30.03192 45.43713 8.517858
v -3.27219 37.73801 -9.439072
v -19.00746 39.4153 -8.9181
v -23.01662 42.06852 -5.262771
v -33.37903 47.24632 -7.928526
v -45.28818 48.00081 -8.57494
v 3.800804 33.95364 32.17676
v -43.93753 48.54307 -11.09276
v -23.99901 48.52925 -8.071316
v 37.53293 47.64651 -9.048847
v 19.29993 48.56466 -10.30215
v -28.79863 54.5359 17.42183
v 16.17527 -45.1047 16.15807
v 4.86358 81.95959 29.55863
v -30.21101 50.50183 -9.164179
v -24.09438 52.43531 -9.562216
v -32.33396 -21.09305 22.22414
v -36.40782 -22.8943 22.28515
v 1.790345 35.20421 32.41883
v -25.80301 51.7229 -8.679337
v 15.68277 -22.44033 22.06207
v 28.39406 -43.8664 14.92491
v 59.23262 56.22727 -10.64467
v 15.28682 57.32925 -10.25393
v -14.27381 56.57387 37.28352
v 18.15033 57.13883 -7.99937
v -11.27499 24.30924 30.47563
v 21.44006 58.93266 -9.703236
v -28.338 58.50335 -9.06343
v -25.25316 59.17984 -9.820339
v -49.91839 60.96577 -7.763673
v 39.2271 62.22194 -9.026636
v 8.293404 35.97147 32.06113
v 25.11871 55.4464 18.01077
v 39.36829 63.65058 -8.023686
v -26.21638 61.86934 -8.822508
v -39.91226 -39.50894 13.94494
v 40.23473 65.17303 -8.674363
v -40.64341 66.41644 -7.899075
v -37.78385 66.07159 -8.495235
v -23.5929 -40.60122 14.34409
v 61.22654 66.81989 -8.627802
v -36.71001 52.80441 9.507064
v -22.27778 69.11969 -8.60451
v 44.11076 70.05461 -8.585681
v -17.99338 71.55749 -9.410012
v 26.69261 50.79358 16.22032
v 11.90408 76.30839 -10.04543
v 12.05829 77.32374 -9.071048
v -11.10316 80.62006 -10.00668
v -8.757167 37.52607 31.80685
v 6.167476 83.18691 -8.497547
v 0.4632751 85.9464 -8.822949
v -3.743572 86.352 -9.035565
v -1.620486 86.35537 -9.120383
v -40.75537 -50.80708 -7.844993
v 1.080523 28.54155 -8.434537
v 23.94374 -18.84363 24.11929
v 4.650274 30.06293 -8.271925
v 21.50983 -17.36128 22.48271
v 14.06881 34.62547 -6.609143
v -13.77537 40.50251 32.1969
v -20.13135 41.00913 -8.070447
v -29.67552 62.34049 18.85341
v -0.02982199 54.56142 38.78399
v 16.71355 -4.127045 22.04996
v 38.49435 46.46146 -7.601455
v -37.26194 47.10849 -8.034941
v -43.16418 47.96258 -7.49728
v 44.91759 48.62067 -6.001997
v -21.47004 -31.39938 14.54463
v 13.02932 37.94568 26.96585
v -0.2048682 -5.401248 49.28272
v 35.60886 55.34293 -8.948899
v 34.87985 58.80132 -8.392849
v 31.86909 -28.4947 13.95018
v -21.87865 -28.0156 15.12759
v -20.41185 -2.570074 22.55015
v -10.67522 87.87808 11.00525
v -26.36747 64.07791 -7.524524
v -45.15411 65.13782 -7.891996
v -41.63626 -26.52577 13.91116
v 13.95438 44.25488 32.27517
v 36.9352 61.47367 8.875608
v 41.75783 67.04789 -7.95405
v 32.19773 -26.14262 13.10098
v -41.98516 -24.42463 14.74161
v -28.974 63.26776 17.89048
v 54.47936 71.16058 -8.139917
v 49.01213 72.7088 -8.926767
v 13.60653 -21.85669 14.37125
v -16.46451 74.20683 -9.328868
v -4.267615 75.0558 35.80533
v -28.91305 52.89333 16.37014
v 8.153513 81.6046 -7.71166
v 32.56409 -22.49766 13.41244
v 34.93615 62.15522 9.953662
v -7.095944 84.90069 -8.87203
v -5.616957 85.69322 -9.088583
v 32.3741 -20.06354 13.5823
v 2.657065 84.94128 -8.331612
v -32.37416 1.674331 22.29545
v -41.17183 -52.9756 -8.096784
v -5.726338 28.78754 -8.040525
v 12.18182 2.785774 22.64285
v -11.27148 4.722284 22.27137
v -39.10866 -14.05568 14.94665
v 43.59569 48.35115 -8.741149
v -47.83314 51.76899 -6.725926
v 21.85474 -53.24191 28.95208
v 51.97813 51.82906 -7.482215
v 54.1014 53.97525 -6.360003
v -29.26297 69.92934 8.393829
v 55.38912 53.65205 -10.44436
v 56.76638 54.29409 -8.838036
v -50.96496 57.70841 -8.698127
v 22.1265 56.08221 -7.487915
v 22.47762 -49.95504 29.13438
v 27.11197 6.46443 22.01154
v 58.77496 56.76095 -6.807816
v -6.118787 -2.621005 50.20057
v 27.70373 56.92681 16.45125
v -30.93261 63.97967 -7.625059
v -36.4618 -8.325587 14.59557
v -44.11774 66.30455 -6.792048
v -40.04208 66.2105 -6.642117
v -18.06121 -7.442778 13.29923
v -8.771452 7.842118 22.56967
v 6.362939 56.30417 38.78166
v 51.0635 72.14009 -8.309048
v -30.48237 9.001837 23.58297
v 23.13013 72.16451 17.33723
v -15.24681 77.1016 -6.888152
v 27.81312 10.0161 21.13749
v -22.39427 77.20185 9.520104
v -9.364995 85.87651 -7.783126
v -7.464764 87.37072 -8.668491
v -4.548064 87.8439 -8.13191
v 2.324327 87.61963 -8.257136
v -10.2291 -0.1714045 15.1009
v -6.880553 34.9967 -7.466371
v 26.92011 -22.98613 26.23311
v 35.77762 47.55625 -8.213232
v -38.21617 47.41294 -6.197888
v -18.77658 65.9623 31.99435
v -25.68706 48.89098 -7.377215
v -22.82165 15.80641 23.87304
v 32.08242 52.2615 -8.065937
v -17.14567 83.57027 9.89164
v 0.2615336 6.260521 12.39165
v 19.28419 56.99542 -7.996055
v -20.12082 20.24238 23.04383
v 36.35063 57.68034 -8.670199
v 16.60831 21.82314 22.7136
v -16.52021 75.66464 27.7826
v 35.14018 59.63912 -7.998605
v -48.41602 64.20019 -8.244036
v -20.6485 23.72372 22.09017
v 15.80119 23.05277 22.2079
v -11.45664 87.98436 8.888266
v -34.13033 65.76026 -7.201001
v -36.69111 65.89451 -6.957842
v 20.7362 66.85564 -7.284739
v -35.94065 10.80219 14.87847
v -33.23843 13.64896 16.2308
v -5.416544 -0.3940292 43.35037
v -19.371 71.72676 -7.082913
v 14.89865 72.71991 -7.276484
v 12.73707 75.55707 -7.384896
v -32.20981 15.73873 15.7915
v -9.394064 82.84397 -8.238736
v 4.239256 84.57159 -8.267055
v -30.59272 16.69599 16.48363
v 4.232001 87.87742 -6.983986
v -3.135786 90.66867 10.18089
v -5.984588 89.31499 -7.558303
v 0.09535677 89.11781 -7.732606
v 11.50985 73.98028 33.04245
v -43.95024 -53.45713 -8.668822
v -42.79183 -53.87835 -8.893258
v -43.25522 -51.84472 -9.232097
v -30.08121 60.82552 16.23954
v 5.750177 28.95009 -7.078473
v -8.330877 33.87704 -6.953009
v 5.855197 34.29729 -7.503814
v -17.4987 36.5148 -6.483202
v 30.9545 -53.81516 9.52108
v -7.663463 8.637616 25.63368
v -10.79393 56.98263 38.18986
v 36.27755 -53.69555 8.456988
v 22.68964 52.13219 27.18849
v -23.47506 44.14785 23.38119
v -27.23549 50.52298 -8.032884
v 18.37566 35.0731 13.98572
v 22.70132 -40.49791 28.91482
v 31.90708 55.60865 -7.556391
v 20.75168 55.92172 -7.898919
v -5.430046 -4.559333 55.39217
v -49.65858 58.85461 -6.743783
v 32.84837 57.66129 -7.029903
v 7.231376 77.97228 32.91411
v -27.54083 62.26748 -8.01379
v 24.14192 53.92264 21.04478
v 4.669519 80.23085 31.78734
v -25.59343 65.58704 -7.916163
v -27.75406 55.57594 22.20552
v -25.35997 67.74737 -6.83956
v -2.80546 -6.435007 48.6391
v 4.615711 77.84198 33.74068
v -22.90999 68.33183 -8.345175
v 45.79702 69.69744 -7.018486
v -12.81408 78.74701 -7.662143
v 10.15298 80.06285 -7.107649
v 6.993021 83.35321 -7.526576
v -11.3979 84.72351 -7.951947
v -8.716838 88.39911 -6.669283
v -4.408325 89.39881 -6.784267
v 2.294627 89.58347 -7.146468
v -41.58778 -49.78935 -6.885219
v -0.8168562 27.41619 -7.023799
v -8.509711 29.6935 -7.167237
v -49.97183 -52.65151 9.879192
v -8.934361 32.08713 -6.328753
v -29.86232 56.31694 13.59732
v 28.93404 59.41264 14.74621
v -27.50544 48.21132 -5.881636
v -50.10779 -48.57878 9.243268
v 21.73783 50.72621 -6.637077
v 50.61421 51.10462 -6.98429
v -2.873558 -10.61004 56.45288
v 2.785961 4.139411 34.23125
v 11.07898 83.29539 21.96668
v 24.68463 56.09754 -6.469337
v 26.74746 65.03198 14.8716
v 36.84899 -48.70686 8.695431
v 23.01503 57.55744 -6.896238
v 31.21068 59.21125 -7.005878
v -5.352178 6.382369 31.48685
v 21.68503 61.45692 -9.583296
v 36.79127 61.4804 -4.899551
v -25.7776 59.14405 25.89597
v -29.16223 62.21394 17.1574
v 39.33488 62.28615 -6.837596
v 58.5937 62.94883 -5.028319
v 2.176215 6.408633 33.19845
v 5.422298 86.33299 21.74209
v 19.69971 68.40147 -6.913039
v 52.40516 71.36399 -7.92414
v 57.97401 69.04141 -5.129458
v -13.71116 81.90035 -7.053243
v -13.6771 78.18656 -7.377393
v 19.32235 79.1293 15.53137
v -11.09145 81.17303 -7.705568
v 17.2577 80.19684 14.36488
v -13.21604 83.65657 -7.279279
v 7.88713 84.92052 -7.296259
v -29.2138 -47.61516 8.691665
v -10.72604 86.42271 -7.040186
v -24.842 -53.84983 21.25757
v 5.622447 87.5886 -7.457503
v -2.291576 89.61626 -7.911733
v -5.225363 27.6375 -6.578194
v -25.80302 62.54635 25.92008
v 27.38656 -52.67388 23.10762
v 8.273883 32.75858 -5.56664
v 11.4797 32.90826 -6.317697
v -14.22706 86.47288 13.80911
v -13.04247 33.05838 -5.885287
v 27.787 -36.18131 27.33768
v 12.45082 -50.51247 23.34632
v -31.08144 -43.69526 8.683408
v -22.92582 -52.21166 23.24031
v -6.050996 -4.370661 48.27515
v -40.38068 47.44907 -5.406571
v 29.69467 47.45181 -5.840423
v 32.56551 47.35953 -7.329611
v 17.11518 -35.52352 28.12194
v -42.48804 48.74951 -4.970953
v -46.57181 48.78776 -7.082146
v 32.61989 48.97841 -6.846935
v 27.94093 -50.35746 23.24306
v 1.866738 89.39193 15.49047
v 4.288672 29.9278 32.69995
v 24.73186 52.04523 -6.423876
v 29.16976 -45.87894 21.9155
v -45.79344 -53.18068 14.34032
v 26.57089 56.31141 -6.506438
v -39.52003 -53.05003 15.42144
v 25.45651 -44.65033 8.625509
v 27.34226 -44.12634 8.847678
v 31.59635 60.44287 -6.273278
v 15.74742 -53.01307 17.74905
v -34.22293 65.78598 -5.313512
v 4.079791 32.29293 33.35323
v 10.47585 28.87247 30.39884
v -22.1447 70.84374 -5.508344
v 16.52243 71.02683 -6.347834
v -16.44579 76.21804 -6.313058
v -16.76711 78.79507 -6.423395
v -24.79879 -50.00258 15.38055
v -15.46901 82.29376 -5.77202
v 12.52503 81.82147 -6.397898
v -28.83549 -40.45999 22.67323
v 26.66615 -31.96026 27.79648
v -9.565916 87.12263 -6.319883
v -51.37449 -53.65959 -6.396746
v -51.82585 -52.98152 -6.444661
v 28.09928 -50.69035 -5.979678
v -43.5463 -52.24351 -5.592876
v 6.831775 33.45263 33.36796
v -0.5522066 21.237 -6.240972
v 22.55281 66.39892 25.38634
v 1.876204 24.0169 -6.605975
v -3.932759 24.56412 -6.325491
v 2.972525 27.37704 -6.601948
v -29.36671 -38.3642 23.1619
v -9.199599 29.0363 -4.892411
v 0.06502479 -4.779264 38.25435
v 34.14295 -47.31242 15.27064
v -24.26431 46.7167 -5.686807
v -35.79957 46.42291 -6.333625
v 35.45725 46.50424 -6.908151
v 25.60149 65.62437 16.99611
v 40.49939 46.01817 -3.840519
v 29.55185 48.84493 -5.476367
v -24.97972 -44.01142 15.64371
v 48.69603 51.11928 -6.580116
v 19.10701 -43.59968 14.5969
v -37.23413 -40.36243 9.553728
v 27.25949 52.04639 -5.984199
v 52.39083 53.4489 -6.606936
v 27.78179 55.00269 -6.21619
v -33.09133 -34.95541 23.09492
v 29.30858 57.97715 -5.430028
v 28.06446 59.42309 -5.470166
v -47.51142 61.58282 -5.265256
v 0.1248954 -2.674969 49.01053
v -25.31585 -38.23753 9.68874
v 21.20522 -42.01628 14.4082
v -29.01166 64.67396 -5.101972
v 40.53264 64.94469 -7.040921
v -12.2162 58.01179 36.77444
v -38.92462 66.47316 -5.316346
v 23.00814 65.24228 -5.497361
v -33.71969 -32.08686 23.12018
v 6.080458 35.51185 33.67513
v 47.90435 70.30508 -6.78167
v 26.85369 -39.52235 14.4274
v 11.28961 79.21509 -6.460255
v -13.79555 83.30545 -5.459361
v 10.17303 84.58435 -6.73927
v 28.89437 -38.5265 14.67151
v -8.365261 35.16485 33.21588
v 25.38458 -34.15053 9.793979
v 0.9730024 89.69493 -4.821383
v 26.85288 -37.69018 13.22079
v -40.68434 -53.25676 -5.544826
v 27.4488 -52.89419 -6.274261
v -11.65007 59.75381 36.84779
v -39.49347 -48.34015 -3.683735
v -1.312604 19.44314 -5.674505
v -29.12735 -31.09288 22.74877
v 1.593229 19.79858 -5.785059
v 0.7126331 22.97455 -5.843093
v 5.240375 27.67804 -5.575651
v -22.24131 -36.01776 14.64689
v -8.212666 28.03331 -5.407477
v 14.60896 -37.29037 16.20591
v 32.7212 46.03977 -5.005974
v 38.924 45.8289 -5.206765
v 2.753956 36.6598 32.13963
v 3.881705 40.73854 33.57476
v 13.21138 -33.16132 15.4336
v -29.36293 48.49306 -7.691104
v -0.3888003 58.49353 38.37193
v 34.48879 -53.39188 17.02086
v 19.80235 -27.83638 27.64719
v 31.95894 -25.38462 22.35064
v 25.08348 60.08779 -5.423892
v -27.70915 64.63231 -5.343123
v 58.47818 67.10508 -4.801549
v 43.0317 66.70137 -5.728339
v -30.66757 -25.15246 22.9554
v -32.9557 -25.38247 22.84559
v -25.78172 69.32278 -3.489097
v -22.39986 -21.94155 16.17985
v 21.10156 -26.83331 27.37088
v 6.137589 40.93196 32.54243
v -21.50339 13.15381 24.72409
v -27.28217 71.70323 15.76138
v -41.73173 -20.11178 15.12887
v -18.18469 78.01929 -5.503125
v 13.59511 40.81761 31.53257
v 12.19341 76.74961 -6.484839
v -34.54556 -25.02325 22.98691
v 13.51684 81.82281 -4.852831
v 9.731403 41.44056 33.48402
v -11.36452 86.62465 -5.599093
v 4.455805 88.57233 -4.753565
v -49.25071 -52.91262 -5.141689
v -38.85861 -51.93205 -5.454928
v -42.38087 -50.53019 -5.46851
v -50.47906 -50.49559 -5.313732
v -17.6741 43.11774 32.13239
v 31.34318 -17.54207 14.82332
v 3.979976 19.45674 -4.506458
v -17.1176 44.4 31.96429
v 5.018044 23.11068 -4.815401
v -7.744449 24.26051 -5.41614
v -3.432961 0.7956548 44.61701
v 32.10685 -15.4029 12.92928
v 8.566674 29.87121 -5.434696
v 13.16812 32.80028 -4.375611
v 29.02449 -18.80947 22.93995
v -19.40533 37.57801 -3.999085
v 19.51339 -17.85971 21.65751
v -26.97155 -14.52026 15.35347
v 20.39946 41.88148 -5.391907
v 20.63189 43.79675 -6.717892
v 23.10565 -29.70904 28.67449
v 24.73628 71.31131 15.99141
v 26.46637 -17.40283 22.05204
v -25.93584 47.00158 -4.246555
v 22.08336 46.1217 -4.037021
v 23.86826 49.26171 -5.822563
v 45.97095 49.35783 -4.120629
v -48.73818 55.43274 -4.896201
v -18.98896 51.0469 32.90803
v -20.47938 -23.96716 8.559314
v 15.64552 49.44965 32.84354
v -23.76944 -2.87626 23.19821
v 24.0401 63.28215 -4.60065
v -21.2636 -10.28898 14.28517
v -28.29138 66.25898 -3.330407
v -42.21096 66.05668 -5.146402
v -36.43237 66.44624 -4.512423
v -37.6287 66.23479 -5.067461
v 44.82262 67.2968 -5.250771
v -26.78112 68.20422 -3.019045
v 49.6243 69.02536 -5.564837
v -19.12423 -8.081176 15.16219
v 52.62347 68.79831 -6.170412
v 14.42132 75.01307 -5.266092
v 13.43619 75.71791 -5.468771
v -20.51551 75.66197 -5.186204
v 15.61649 77.2757 -4.829544
v 14.95367 79.08664 -5.733423
v 12.77387 -6.771761 15.3576
v 11.0793 84.65777 -4.533983
v -10.62635 85.91155 -3.846506
v -8.146022 88.75204 -5.335471
v -38.35785 -4.153959 14.10127
v -2.355578 90.0838 -5.078142
v -52.33222 -53.41765 -4.954934
v -51.72637 -51.03443 -4.681372
v -48.79129 -51.44141 -5.105901
v -42.47263 -51.68401 -2.170452
v 28.60092 -51.06691 -3.829212
v 24.94569 -51.50374 -2.6597
v 16.72595 -9.167006 18.8414
v -2.187531 17.89826 -4.66166
v 17.37203 55.6101 32.26075
v 32.31473 -53.24367 18.64779
v 17.65998 57.13727 32.99029
v -30.32484 0.7738533 23.06485
v -22.33493 -17.64132 9.258014
v -42.46073 -18.84396 9.541964
v 9.557336 31.97507 -4.130987
v 13.90596 0.286429 22.837
v -16.8466 34.7002 -4.152418
v -21.28467 59.06547 32.66398
v -38.86755 -0.7149074 13.81825
v 18.37952 38.90459 -4.827052
v -21.14901 39.45502 -4.501654
v 27.92941 1.415039 21.40805
v -32.38528 46.24073 -4.821557
v -49.02514 52.5195 -3.287612
v 50.90723 53.11335 -4.923248
v 18.27958 59.09436 32.4785
v 41.97308 65.40204 -6.720742
v -46.20215 65.03879 -4.317006
v 32.02881 6.228237 15.60456
v -31.93354 65.74434 -5.181012
v 22.05573 67.37283 -4.483002
v -37.71391 5.659778 14.75516
v -31.17491 4.159831 22.69718
v -23.35733 70.17608 -4.883993
v -21.08452 72.06954 -4.477094
v -1.131543 -4.793741 53.77454
v -38.32382 -49.87082 20.03296
v 16.39337 78.93184 -3.670074
v 9.532429 85.52151 -5.781866
v -8.914854 87.36896 -4.541377
v 17.62226 65.8997 32.09398
v -6.718402 88.61335 -4.014418
v -4.978128 89.59129 -5.593676
v -39.28496 -49.61849 -5.525881
v -0.9059102 16.04472 -4.80327
v -3.785124 16.07754 -4.551364
v -6.046 18.08022 -3.51758
v -0.5573939 18.11799 -4.710332
v -6.846336 19.68074 -4.305524
v -6.38521 20.88754 -4.969585
v -16.55502 70.79712 32.2302
v -6.650628 22.6171 -4.669101
v 6.039661 25.61321 -4.822087
v 8.71464 28.36138 -2.962027
v 20.33779 21.68555 15.26424
v 0.5322371 -4.798124 44.30063
v 18.85049 40.34981 -5.242347
v 31.10211 46.08247 -5.246613
v -36.26994 46.21854 -2.811352
v -23.72347 -46.33843 19.35464
v 26.12239 47.40821 -3.881574
v 18.12856 28.24718 14.65436
v -41.05955 -47.16135 17.20145
v 56.3143 57.21005 -4.423841
v -49.10148 58.44376 -2.030542
v 57.11411 59.03827 -4.266055
v 35.06148 -4.580612 8.174879
v 49.44388 65.69928 -3.431007
v -2.216909 0.8351519 44.98529
v 55.74963 70.40298 -5.817071
v 18.32654 69.90142 -3.634845
v -9.563426 75.98773 32.82631
v -26.84005 42.65413 15.53204
v 16.79532 76.35871 -4.690607
v -17.68075 78.89383 -4.475211
v -17.44215 79.71945 -4.948976
v -13.87044 82.75242 -3.96037
v 8.557258 86.93074 -5.786626
v 6.376079 88.16948 -4.659534
v -0.4863024 15.1847 29.7884
v -5.168639 -4.991327 41.30666
v -48.54453 -53.58598 -2.299152
v -42.23705 -52.59168 -2.361285
v 29.16988 -52.55936 -5.00289
v 28.69521 50.30902 14.22279
v -4.260828 85.10799 25.67814
v 4.135357 21.93976 -4.226513
v -9.180024 60.69829 38.39871
v -29.26651 56.00712 15.4526
v 34.24542 54.11155 13.50442
v -29.51515 59.28812 14.61779
v -37.61943 46.86492 -4.590222
v 49.06514 54.33039 -3.624482
v -8.628587 12.08283 28.22446
v 34.36248 62.34161 -3.812351
v -30.52138 62.35842 14.94727
v -40.08307 -45.71327 18.459
v 43.38061 65.9774 -4.766254
v -39.07916 65.75989 -3.579419
v 52.27262 66.51188 -3.055366
v 19.67123 69.12202 -3.576924
v 16.29621 72.70845 -3.908868
v 23.88521 72.17096 14.05992
v 0.6247297 -2.032688 32.72776
v -17.99847 78.44811 -2.98771
v 13.93262 81.09376 -4.694342
v 22.764 74.75674 14.6694
v -38.57742 -52.80277 -4.011605
v -46.50735 -51.45699 -3.192381
v -41.02233 -48.85629 -4.918857
v -3.951398 13.77943 -3.432668
v -19.85148 79.3593 14.24657
v 0.01041275 14.16382 -3.488647
v -1.026218 48.0252 35.3751
v 24.56821 54.02849 22.925
v -28.25364 54.07355 21.80755
v -17.14402 82.28314 14.93297
v -1.878615 9.06795 32.97075
v -11.85865 32.36154 -4.108133
v 25.25642 58.09756 22.6764
v -18.7999 36.20407 -2.965923
v 32.16385 9.039655 10.68086
v -23.02429 41.91662 -2.865762
v 24.28046 64.61009 23.36285
v 36.15374 45.45724 -4.252707
v 29.25798 46.17563 -4.125138
v 27.64977 45.82733 -1.81525
v -28.01121 47.26494 -3.45343
v -11.47153 86.72056 15.15742
v -43.58965 49.52613 -2.92047
v -0.9475708 -5.697479 43.91122
v -7.36249 64.60281 38.42329
v 53.17837 57.71169 -2.54229
v 27.45166 61.79053 -4.120579
v 29.18995 61.17368 -4.745038
v 41.3462 63.93974 -4.166627
v -33.96087 66.26072 -3.239481
v 46.73135 67.1904 -3.800484
v -1.799417 29.48129 33.258
v 54.47495 69.26083 -5.452558
v 21.54705 68.91856 -0.09969774
v -22.19831 74.4241 -4.197334
v 17.92325 75.99538 -3.950282
v -21.11021 76.40141 -3.244513
v 16.78785 77.61316 -3.341107
v -42.08231 -52.97193 16.36845
v 12.57563 -52.41291 25.95235
v -28.7214 -53.1186 17.52088
v -11.9652 85.96822 -2.967216
v 8.45408 86.0869 -3.128334
v -5.611852 89.25328 -2.589282
v -4.128271 88.53709 -3.720867
v -1.696103 88.9868 -3.632284
v 36.01247 -54.11194 -3.272878
v -41.4453 -53.40277 -4.248666
v -26.4403 -53.51306 15.32584
v 26.25929 -50.13681 -4.131742
v -10.40678 58.6973 37.40815
v -2.911857 11.55339 -3.561579
v -0.1681369 11.78351 -3.57081
v 6.123965 63.73384 38.41752
v -6.134429 14.17848 -2.234187
v -25.93123 17.19049 8.513723
v -6.462855 15.76539 -3.49837
v 7.029632 85.64416 23.30213
v -44.34025 -51.21952 15.51556
v 6.956622 27.7513 -3.038929
v -43.46972 -47.89125 15.49912
v 14.39849 33.41776 -3.680571
v 4.352896 86.24907 23.87017
v -20.73257 38.39267 -2.523452
v 16.6736 37.87269 -5.77265
v 22.65024 44.37348 -0.7647144
v 31.26283 45.4329 -2.694519
v 16.76241 -47.64553 14.95477
v -34.72952 45.63666 -2.112028
v -2.818903 46.95399 35.29471
v -24.78676 49.31269 24.75768
v 42.23602 47.46233 -2.931271
v -38.62764 47.00514 -1.942198
v -47.51927 49.77509 -4.643724
v 20.02261 22.807 9.498291
v 51.64044 55.77619 -3.896281
v -29.12742 -53.78072 24.01138
v 32.53401 62.92586 -3.087022
v -44.15338 65.22481 -3.583434
v 41.88408 63.7796 -2.104636
v 45.87021 65.07657 -2.759321
v -39.03952 65.78732 -2.534168
v 56.61073 67.44493 -3.438622
v -24.39743 70.72759 -2.561026
v -20.5192 26.96217 7.768081
v -23.16147 71.12111 -3.01832
v 18.57612 71.00761 -2.206829
v -24.31012 73.29244 -3.102923
v 19.11153 73.29096 -3.14143
v -40.43682 -42.97751 15.80537
v -16.79102 80.35639 -2.26895
v 12.70728 82.37219 -2.899953
v 10.91908 83.89473 -2.784125
v -9.331806 88.38889 -2.802942
v -2.067544 33.04758 32.40027
v 2.330561 88.5918 -3.109694
v -51.62536 -53.42852 -3.430668
v 15.887 -40.19917 16.69902
v -44.56253 -52.16167 -0.7273608
v 27.80245 -46.71056 24.11999
v 19.52463 -41.11016 14.9787
v 27.39954 -41.61243 16.16165
v -49.39925 -48.73562 -3.403645
v -37.22957 -9.119522 -3.275724
v -39.32411 -5.608673 -1.957627
v -18.77692 20.94667 24.70467
v 26.22092 -5.509431 -2.553065
v 25.41737 -45.84421 26.83117
v -34.17816 -3.933686 -2.525372
v -29.83484 -5.072102 -2.204351
v 19.31178 36.00558 8.463581
v 25.58027 -2.244624 -2.774671
v 28.61986 -2.853399 -2.162254
v -32.93892 -2.159165 -2.207951
v -33.30524 -0.6675395 -2.552223
v 16.5791 -37.31387 13.60743
v 0.2548388 48.56938 35.59509
v -29.53254 1.201039 -2.394242
v -1.363397 9.949601 -1.818316
v 3.168089 15.1504 -3.129687
v 3.020221 17.38505 -3.307472
v 28.65207 -36.70797 14.12491
v -7.622235 22.05063 -2.782129
v -8.293761 23.72889 -2.821721
v 6.940184 27.05304 -2.580236
v -10.98432 24.69361 -1.980824
v -3.847636 36.6809 32.71857
v -8.971147 28.15345 -3.562166
v 20.48757 38.27508 10.08968
v 0.1357034 37.16499 32.64322
v 11.35572 31.76796 -2.451821
v -22.44474 -31.50018 16.97207
v 30.42302 -33.97805 14.48581
v 14.05167 33.02557 -0.9886639
v -17.50272 35.5398 -1.862209
v -29.72898 -43.83524 23.16285
v 32.07463 -48.35725 18.10503
v -20.53927 36.09984 -1.626739
v -32.13093 -39.7008 22.56126
v 14.85877 -40.73654 23.92723
v 32.26734 44.65912 -1.73884
v -31.94427 45.81086 -1.317885
v 12.13549 -29.66583 15.47418
v -29.87819 46.22931 -3.40336
v -40.45833 48.22616 -1.56443
v -42.0139 48.42577 -2.824517
v 47.79953 51.55192 -4.029433
v 51.06715 57.62079 -2.958251
v 55.24093 65.32039 -2.110878
v 13.81045 -36.42518 24.36109
v -42.54401 65.06617 -2.991939
v 25.87048 45.99388 10.40211
v -32.09873 -38.04792 23.30231
v -31.58652 -36.06943 22.86967
v -0.9068142 -6.999822 51.24524
v 33.27564 46.90759 10.28917
v 4.092069 87.66339 -3.136147
v -50.17018 -51.60277 -0.05421227
v -35.98005 -51.11508 -1.30696
v -30.17193 -34.07537 23.18913
v 36.18327 -51.58013 -2.59176
v -49.77607 -48.72169 -1.958207
v -47.65125 -49.23425 -3.280146
v -39.47687 -48.09369 -0.6588885
v -37.62981 -12.48862 -2.492577
v -40.91548 -12.08166 -1.60888
v -31.69284 -33.50407 23.09609
v 23.95133 -9.181875 -1.957737
v 27.624 -9.116244 -1.825036
v -34.25816 -6.533992 -1.936672
v -33.18578 -5.793043 -2.445571
v -30.4974 -8.113399 -1.714065
v 1.408877 53.7769 39.15858
v 29.09421 -6.446584 -2.233501
v -27.44464 -3.372619 -2.157097
v -30.21914 -2.98567 -2.432437
v 21.72082 -3.297905 -2.53541
v -35.50725 -0.346609 -2.092921
v -25.71003 -0.37439 -2.151059
v -27.3927 -0.5229687 -2.068263
v 21.50582 -1.698059 -2.326564
v 26.07081 -0.4905162 -2.448675
v 24.50461 0.9139972 -2.640698
v 37.08076 48.37633 9.513828
v 19.23456 0.5982241 -1.991457
v -30.57455 -0.8517324 -2.650312
v -32.7963 1.576103 -2.257463
v -34.16188 50.12544 9.320587
v -26.52213 4.021252 -2.136005
v -5.954428 11.55098 -2.571949
v 20.8057 68.37031 27.66974
v -32.32636 -30.52659 23.02433
v 38.21456 49.37194 8.078566
v -7.2605 18.53062 -2.271403
v 5.561655 22.39569 -2.561292
v -14.82244 31.91943 -1.394853
v -36.42196 55.1404 10.08636
v 17.47727 35.81208 -1.469586
v 19.37137 38.50175 -1.13791
v 37.9997 45.46293 -0.1910052
v 41.86203 45.7632 -0.8446561
v 13.89071 -10.32781 14.49238
v -30.54291 -27.6735 22.9686
v 9.346418 10.91677 26.89436
v -33.22067 -28.42449 23.21302
v -22.58676 -10.18251 14.95031
v -49.17806 55.11637 -2.470397
v -19.53419 -9.838165 14.28647
v 48.42959 56.94157 -1.873088
v 50.42808 58.48163 -2.706792
v 44.06723 64.51149 -3.630849
v 48.03401 64.27013 -2.676279
v -44.31893 61.83172 -0.4222645
v -23.85506 -34.18276 19.26857
v 24.99639 64.5569 -3.100509
v -36.45055 66.09345 -2.56379
v -30.17516 65.71589 -2.948333
v -17.73728 46.16988 32.80548
v 20.51755 72.48308 -2.096595
v -25.53598 73.50263 -1.366666
v -36.81745 -5.588078 15.14015
v -15.17118 80.99144 -3.166328
v 9.552572 -2.914613 14.17888
v -2.030043 89.66223 -2.737249
v -7.286482 88.56241 17.61148
v 27.63255 -52.45167 -1.725215
v 34.26797 -51.07071 -2.078035
v -41.04245 -49.60426 -1.054093
v -4.942128 88.48831 16.63887
v 28.91134 -13.52277 -1.73493
v 8.479972 -0.8131692 14.93248
v -35.53191 -11.41725 -2.12023
v -40.48813 -10.33053 -2.51036
v 18.97103 -19.59161 23.60249
v -33.85131 -7.607738 -1.913439
v -27.08174 -5.505414 -1.54703
v 22.72173 -6.875002 -1.951069
v 19.72094 -5.438268 -1.571037
v -36.24704 -7.363909 -3.120603
v -36.32099 -2.410609 -1.725836
v 11.67079 22.84777 28.11759
v -24.04368 2.453988 -1.971706
v 26.14131 2.93482 -1.66435
v -34.48582 3.293266 -1.339685
v 22.06656 -2.606903 23.31877
v -17.34178 -7.558349 10.46776
v 22.77763 2.965455 -2.104731
v -31.34685 3.542481 -2.033368
v 14.58397 56.27225 34.45898
v -6.647447 3.324831 14.16301
v 26.1398 -10.53843 18.87098
v -3.232722 6.98667 15.88811
v -7.444456 15.90763 -2.01771
v -19.39872 56.99345 32.86642
v 4.422631 17.32488 -1.738037
v -9.2115 17.69661 -1.270267
v 18.69634 -2.07418 23.07866
v 5.418468 19.99967 -2.17903
v -9.124494 22.46318 -1.99378
v -12.32744 22.86631 -1.526435
v 8.078668 22.88876 -1.358872
v -12.32619 28.47711 -1.07596
v 11.62969 28.78482 -0.6520528
v -12.33328 29.43185 -2.537876
v -16.38866 33.27482 -0.4549071
v 31.05497 9.406448 15.11852
v -16.57343 29.2578 26.34498
v -23.98674 44.00757 -2.56609
v 34.11485 45.20473 -2.956116
v -19.94206 61.31863 32.81656
v 43.19631 48.21542 -1.197213
v -47.33625 52.13003 -2.371817
v 48.00984 59.61071 -1.299628
v -23.97955 -30.02107 19.54999
v -48.12492 61.84636 -2.458919
v -47.38478 62.76182 -2.310193
v 49.14343 62.67062 -1.865319
v 16.44743 -1.354743 23.31053
v 37.47844 61.86799 -3.035564
v -28.62243 16.7871 17.16211
v 30.75981 63.37558 -1.543349
v -41.40205 65.16689 -1.838408
v -25.96742 20.24462 14.12084
v 18.91086 69.46986 -1.925684
v -17.97929 67.04304 32.92985
v 20.87689 71.24843 -0.9150318
v -20.57353 78.39525 10.13761
v 13.64268 80.23912 -2.568572
v 10.09801 84.69053 -1.746167
v 5.637347 88.26837 -1.605319
v 2.274575 89.41564 -1.921239
v 13.88918 3.865307 23.79446
v -36.43545 -53.08726 -0.1392657
v 25.86474 -52.26947 -2.499246
v -21.08916 27.2022 14.47391
v 25.30124 5.0972 23.49503
v 17.94015 80.51355 11.1996
v -36.24867 -49.54191 -1.517369
v -3.703017 6.838865 18.13926
v 27.55746 -49.49624 -2.881435
v -19.97869 33.45697 14.09837
v 16.22313 69.28837 32.0205
v -13.05493 6.14497 24.40455
v 19.91664 37.82547 15.33356
v 31.46549 -11.05947 -0.8162012
v 30.32386 -11.44969 -1.005364
v 26.00493 -11.15145 -1.421706
v 7.826228 3.971191 22.38666
v -33.41164 -10.78508 -1.301983
v 23.97613 -10.50829 -1.138269
v 31.44695 -6.310991 -0.6950232
v -23.70464 41.44486 17.51258
v -37.4773 -3.636061 -0.7454196
v 28.20793 -4.625811 -2.20879
v -23.30315 -2.112713 -1.254715
v -15.18257 73.46585 31.64071
v 29.59769 0.07455569 -0.5311434
v -21.06615 1.599016 -1.002441
v 19.04832 3.232331 -1.923834
v -6.484732 7.508198 21.89537
v 33.39686 -23.90856 18.29209
v 24.67511 5.482381 -1.519066
v -28.91148 5.975704 -1.661483
v 20.76618 7.042946 -1.043043
v -11.25793 74.60686 33.50773
v -26.86557 6.50859 -1.34169
v 0.4362059 8.16597 -0.4641276
v -28.58514 51.55388 13.99432
v 1.926949 10.42548 -1.332423
v 31.1782 54.00295 15.00044
v 6.219776 16.82284 -1.456973
v 20.0654 11.24819 22.78839
v 9.516775 20.37429 -1.239398
v -12.18513 24.99115 -0.74318
v 18.14672 14.0487 23.46923
v -26.79465 46.37822 -1.736094
v -44.95877 51.88694 -1.07877
v -48.41911 55.82126 -1.62049
v 49.95528 60.59004 -1.546776
v 53.51747 59.94973 -1.723557
v 47.28771 61.8147 -1.684352
v 35.27197 63.40649 0.3926161
v 50.92982 63.54399 -1.195239
v -1.185546 54.53874 39.2803
v -33.45763 66.38343 -1.561594
v -26.83674 68.93849 -0.2982564
v -26.28705 72.07829 -1.631655
v -19.41655 76.89306 -0.6341302
v -20.00452 76.11421 -1.678451
v -0.05054135 67.28523 37.59926
v 13.92013 81.90324 -1.077816
v -14.67856 82.79346 -2.637289
v 11.89564 83.78755 -1.73442
v 9.183496 86.33743 -2.013579
v 39.16877 -53.27195 9.603412
v -17.26158 22.40192 24.39788
v 4.338389 88.56943 2.482969
v -2.656294 89.95903 0.4207421
v -39.84215 -53.85458 1.769368
v 16.67861 27.42382 21.91329
v 28.49844 -51.57332 -0.9815399
v -34.60889 -50.79377 -0.9231499
v 23.33602 -50.42761 -0.3385768
v -45.98882 -49.16404 -2.032433
v -38.24367 -47.51948 -1.226328
v -35.27807 -48.22335 -1.13211
v -45.64577 -47.0499 -0.232493
v -47.3137 -47.39342 -1.154479
v 28.64476 -15.7308 -1.329606
v -38.77484 -13.81003 -1.755317
v -0.4264436 -2.397985 32.55207
v -34.58212 -12.51455 -1.275482
v 28.12043 -12.78455 -0.9120109
v -8.709329 82.76518 27.22197
v 27.20066 -12.11821 -0.6443624
v 10.63935 85.33868 15.44662
v 16.63614 36.13169 22.9073
v 29.3271 -10.15776 -0.6039491
v 22.52622 -24.10479 26.61587
v -23.81536 -20.35386 17.89897
v 21.75652 39.52653 22.45196
v -36.99611 0.5657985 -0.6374675
v -10.47369 88.23024 14.55332
v 14.37518 1.95923 -0.4272438
v -6.358069 89.53634 14.92037
v 27.81063 4.803757 0.2114259
v -7.638756 82.93941 28.70642
v 17.41296 6.083665 -0.8859495
v -23.43741 5.918217 -1.693124
v -21.42982 4.317788 -1.307406
v -3.506437 89.73011 15.25299
v -29.3515 8.220703 -0.3747956
v -2.419496 8.036659 -1.434439
v 23.0458 46.72914 22.83144
v -3.971087 5.113492 35.27763
v 3.226878 11.8645 -0.1024892
v 2.86757 13.56843 -1.691813
v 4.543872 14.91923 -1.256417
v -7.695938 12.87318 -0.7086317
v -25.43239 46.97544 23.22191
v 23.67489 51.2147 24.1199
v -11.27277 17.74162 -0.9526393
v -6.545511 -6.021849 52.45082
v 33.19115 -48.46565 9.545152
v 8.468527 25.65363 -0.6685888
v -15.34113 30.18229 0.2875501
v 11.3105 55.47097 37.08399
v -19.50382 34.72738 0.04435058
v -23.991 42.11552 -1.740307
v 33.66701 44.79352 -0.541574
v 35.45595 44.81502 -2.960775
v 18.12559 -49.57471 10.61333
v 16.47377 -52.29635 15.1402
v -47.20435 58.43993 -0.746892
v -2.963448 28.87355 32.93458
v -46.29397 61.19156 -1.197812
v 39.66991 62.41663 1.178795
v 22.78548 69.22821 23.64517
v -40.13487 65.07971 -0.9522953
v -49.4217 -47.01429 10.79368
v -31.7224 65.97939 -0.7760181
v -26.31757 70.96835 -1.009241
v -4.257338 34.37066 34.05749
v 20.21637 74.35354 -1.245966
v -23.06854 74.85227 -1.834897
v -22.03197 74.75003 -2.65613
v 16.4392 77.12829 -1.715287
v -19.07138 78.23101 -1.411946
v 14.29924 79.67161 -0.272529
v 21.32275 71.20973 23.63187
v -14.83588 82.56525 1.116822
v -6.177233 -7.310117 53.20792
v -6.177176 33.32729 33.42174
v -10.30574 86.60654 -2.192122
v -9.850955 88.17713 2.075503
v -3.809581 88.80438 -1.913929
v -43.60948 -51.01574 -0.3351583
v 11.65473 37.08661 28.04767
v 34.9663 -49.09204 0.05610771
v -47.89784 -47.48739 1.037496
v -38.39508 -46.52678 -0.427321
v 25.44812 -48.71296 -1.845523
v -35.31534 -17.99524 -0.5817927
v -33.30306 -18.54573 -0.4625204
v -36.83511 -17.78242 -1.045624
v 30.22017 -16.04321 -1.532903
v -31.81722 -17.32633 -0.9489475
v -2.866821 2.831164 26.60988
v 14.52313 81.0148 22.61697
v -36.50403 -15.69938 -0.0936234
v 26.38245 -15.26268 -0.3039427
v -29.41629 -12.11935 0.7404099
v 23.92542 -12.89148 -0.3968465
v -25.06317 -41.88953 13.83064
v 12.50573 82.64736 23.02175
v 20.88884 -8.211091 -0.8417183
v -13.71358 83.3945 22.51884
v -42.207 -9.056889 -0.3018375
v -26.02633 -7.763478 -0.5421437
v 18.28498 -39.48658 14.2582
v -25.15142 -3.673163 -1.315235
v -10.28477 84.43384 23.27352
v 29.5352 -39.603 17.3488
v 18.01393 -3.36102 -0.9109515
v -39.40024 -39.19883 16.63339
v -21.23241 -2.900627 0.004881331
v 30.6733 -2.802697 -1.025309
v 29.10292 1.488993 -0.6471711
v -35.19606 2.067795 -0.9027328
v 29.92145 -36.18798 15.87135
v -2.659585 38.79755 33.54584
v -31.01116 7.582028 -0.3389436
v -22.53692 7.857129 -0.9755527
v -4.820653 10.11451 -1.170147
v 30.36074 -34.71266 16.36205
v 9.127296 12.79915 -0.7010001
v 4.77638 11.44979 0.5072685
v 6.805576 13.37063 -0.4069434
v 30.89877 -31.7437 15.14505
v -12.91223 16.44755 -0.4702022
v 11.0491 17.1843 -0.6981625
v 0.626582 41.62019 34.3138
v -35.24177 -50.18032 23.05732
v -41.33175 -30.04735 15.42037
v 15.77134 34.38717 0.1141702
v 18.03822 37.3805 -0.5821182
v 9.682891 57.41817 36.57311
v -23.22488 40.13941 -1.155824
v -42.18839 49.60613 -0.03731018
v 44.28095 50.08765 0.6673807
v -5.403173 37.72914 33.04194
v -22.03905 -25.26337 15.50721
v 45.26321 60.63054 -0.2618133
v -1.777438 -2.980478 53.25426
v 13.44026 -46.05325 24.52616
v -37.57903 65.71001 1.118548
v -35.24274 66.37083 -0.3755664
v -10.1317 41.78929 34.6729
v 13.7359 -45.26086 22.34794
v -4.333724 -2.104837 53.16678
v -15.21195 57.81646 36.05171
v 23.71973 -33.17097 9.650141
v 15.45683 78.94353 -1.767015
v 13.96416 -21.01312 16.93201
v -17.79348 77.80587 0.6344472
v 28.63573 -32.94429 9.909906
v 3.129314 89.58197 3.736723
v 20.91844 -32.36258 8.731564
v -41.13084 -53.32204 0.5605133
v 37.2302 -53.75224 -2.084731
v -42.35979 -50.94087 -0.2684594
v -18.32891 72.90835 27.94162
v -9.196825 8.851924 26.41041
v -34.48988 -19.70494 -0.4477233
v 27.94019 -40.49758 24.71498
v -23.18688 -8.105422 18.41039
v -32.09894 -15.40803 -0.04051997
v -38.71821 -15.79363 0.5518512
v -34.11784 -15.81312 -0.2206694
v -30.73134 -13.61838 0.01731552
v -40.15937 -14.84639 0.1370674
v -41.8624 -13.51669 0.7135415
v 21.03798 -12.61224 0.03683721
v 17.51898 -16.726 18.08159
v -42.34277 -11.47387 0.04452941
v 20.48376 -11.05103 0.1013563
v -41.43173 -6.735116 -1.077301
v -20.90549 -30.36504 10.05996
v -26.57757 -11.73349 15.03737
v -14.98426 43.37014 33.86001
v 13.85498 -33.95005 23.48066
v -40.70142 -29.88361 9.008334
v -36.41426 -9.932289 14.57168
v 15.62548 -29.95861 9.006271
v 16.60657 -1.575089 -1.006578
v 16.18247 0.728152 -0.7176692
v -18.78652 -0.7222822 0.814212
v -18.83076 2.17824 -0.2747674
v -36.10958 4.005854 0.265963
v -17.58925 3.730459 0.4798321
v -40.9005 -4.480958 9.242422
v 13.683 4.004579 0.115058
v -33.45611 4.744535 -0.7591158
v -19.26606 5.425333 -0.3099375
v 14.12798 -9.058886 15.09451
v -4.789579 7.607696 -0.4576181
v -20.6908 6.756904 -0.1893379
v -41.58644 -26.80719 8.568283
v 16.33919 -24.73101 24.59988
v -27.67903 10.28062 -0.1663164
v -25.16288 9.654119 -0.8340074
v -23.21765 9.847343 -0.1682416
v 19.65954 9.325444 -0.6290838
v 9.326596 8.823424 0.2845007
v 10.6351 10.337 -0.1054163
v -16.58404 -6.000414 14.16399
v -7.024825 11.66218 -0.5212791
v 11.86498 -5.322731 16.63749
v -14.66662 16.85857 0.4896133
v 14.75625 -49.80167 18.08451
v -14.61221 19.89787 -0.2460041
v 32.31868 -3.706609 15.45099
v 10.51276 27.83973 -0.3591053
v -11.81914 -0.9233677 17.13274
v 14.31213 -25.39123 8.734308
v 20.97161 41.25337 -2.416457
v 29.37908 44.58799 -0.1237431
v 35.51725 45.03796 1.229545
v -34.36794 46.01338 1.086654
v -44.54321 59.87559 -0.00488971
v 44.60667 62.52605 -1.007188
v -41.78672 62.80182 1.256722
v 28.39102 64.22298 -0.09988832
v -19.80495 55.12045 33.06314
v 14.27641 52.42054 34.44002
v 23.66316 66.8271 -1.332209
v 23.17396 70.7941 -0.03388106
v 20.99981 72.26363 -0.3503515
v -25.81012 72.27089 0.3807062
v 19.16893 73.86939 0.2456507
v -21.92081 75.85737 -0.6840096
v 14.44678 78.96989 2.475898
v 7.593862 87.51694 0.395239
v 23.44292 -52.68334 1.672199
v 31.32093 -51.76644 -0.03882455
v 15.68243 57.99069 34.78283
v 32.16356 -49.76319 -0.1044229
v 28.37097 -50.61625 3.124755
v 26.73105 -48.34098 0.2345604
v 24.95242 0.05737082 23.26553
v -1.064928 7.544598 14.20433
v -34.60883 -46.1788 0.901174
v -36.57604 -46.12012 0.6468228
v 4.831038 9.810893 26.46673
v -33.52587 -21.25859 0.1752594
v -36.71258 -21.15299 0.1623259
v -36.89323 -19.34178 0.1223545
v 30.1574 -18.87108 -0.2382996
v -38.29516 -17.60877 0.4336543
v -30.36 -15.83076 0.6841435
v 31.54515 -14.8469 -1.575795
v 22.55818 -14.07707 0.3447766
v 12.08687 58.51402 36.87528
v -27.35606 -9.341994 0.463375
v 32.54979 -12.01538 -0.4566768
v -42.34193 -9.080732 0.8368575
v 30.92871 -9.50512 0.2892204
v -16.36632 1.273726 22.86693
v 17.65546 -7.318197 0.1911186
v -23.33634 -6.049103 -0.06777114
v -21.17239 -4.246254 0.4906247
v 31.18509 -4.081899 -0.3171475
v 14.94418 2.733053 24.23739
v 21.19847 17.67654 15.7748
v -42.0092 -14.34496 10.04821
v -28.11014 1.409728 23.6862
v -38.10314 2.445091 1.225269
v -5.322539 14.84316 29.39943
v -34.10311 5.463129 0.16481
v -4.283629 6.080009 1.445862
v -2.024338 5.461354 1.392296
v 10.42976 4.245908 22.98287
v 13.49663 5.45295 -0.02905143
v -18.58606 9.189004 0.5812186
v 15.84219 8.126412 -0.2407629
v -6.32242 9.950484 0.718491
v 13.60327 6.147581 24.57098
v 17.90521 25.98854 16.6821
v 24.27152 8.624535 0.6691949
v -16.13283 66.64784 34.45134
v 22.17786 10.45586 0.2333865
v 9.340256 6.485766 25.04789
v -3.35297 4.633072 24.99363
v 14.71415 70.19066 32.02644
v -8.821219 12.06572 0.3942721
v -16.86737 15.53144 0.336969
v 1.77231 5.478415 22.72671
v 14.5258 16.76299 0.186302
v -11.81011 70.55292 34.15795
v 10.41366 25.44209 0.3844401
v 38.41357 -52.75608 5.993455
v 23.31801 40.29047 17.3511
v -14.29727 28.88907 0.8237484
v 20.36998 39.89673 1.697619
v 34.19196 44.5414 2.299617
v 39.6164 45.41692 -0.2179811
v -40.23508 47.7369 0.7066736
v 43.29198 47.02047 0.3872147
v -45.02655 58.02756 0.418284
v -28.05001 48.38907 14.8566
v 43.1251 63.13029 -0.2121434
v -5.733799 -6.88322 51.51268
v 21.53805 72.46016 1.533329
v 18.14827 75.57093 1.314467
v -16.44049 80.79636 0.1729943
v 15.77284 78.77896 1.380723
v 6.470203 75.77989 33.3663
v -10.78202 86.52609 1.060439
v -3.973685 89.47339 2.430689
v 35.74297 -53.02415 2.165786
v 29.18953 57.07739 15.38961
v 26.25739 -52.58403 1.483583
v 35.86855 -52.51619 1.056035
v -33.10105 -52.32898 1.252649
v -33.60459 -50.49617 0.4983238
v 36.40715 -50.90709 -0.8090088
v 27.7518 -50.88625 1.982211
v -7.719858 77.69642 33.49937
v 33.48752 -48.07166 1.524368
v 24.54722 -47.74999 0.6256949
v 26.83224 62.31131 16.62143
v -31.56422 -20.29141 0.7521102
v -29.86095 -20.07478 0.3331879
v 16.93144 15.429 23.60777
v -30.85833 -18.24597 0.5975038
v 26.84474 -17.80232 0.4322923
v 32.55903 -17.47344 0.2946993
v -39.49586 -17.55656 0.8553684
v -40.20803 -3.075126 10.76846
v -20.16665 16.76451 24.74396
v 15.64043 17.84936 24.56572
v -2.398737 78.28437 34.24936
v 33.26722 -7.052244 1.784651
v -41.63842 -6.709898 1.604112
v 9.818271 -1.895109 8.471973
v -39.83816 -4.179606 2.364308
v 14.13733 21.9453 23.74881
v -18.90961 -2.428534 1.211029
v 10.62428 4.148547 1.570272
v -19.0423 24.53909 22.53029
v -15.78501 6.66583 1.012868
v -32.06554 9.300866 1.69248
v -40.1114 1.265358 9.549972
v 15.73204 9.84934 0.6297964
v 26.00201 8.880774 1.675069
v 2.05515 9.407292 1.7649
v -16.01615 10.54982 0.7347801
v 17.36012 31.42405 21.83964
v -18.22706 13.74915 0.611397
v -16.92446 11.59502 26.15037
v -20.13473 11.7176 0.729311
v 17.94328 10.10974 0.251874
v -24.44639 12.38819 0.8908283
v -11.5019 13.39136 0.4041381
v -25.50676 54.45962 25.24716
v -14.30004 85.23357 15.32591
v 3.257342 0.5053364 34.76735
v 13.97525 20.60163 1.833953
v -15.72772 18.26628 0.9186055
v 16.03416 38.14556 24.36957
v -16.57393 19.62486 2.084647
v -39.69222 3.544199 10.15387
v 18.05769 38.79473 22.77299
v -6.575425 88.66056 16.19538
v 14.83137 31.68079 1.86651
v -20.95058 37.35924 -0.6316348
v -25.1546 42.85063 2.316895
v 0.9602894 88.82017 16.10509
v 31.42262 44.86159 0.5936218
v 25.39109 45.13501 0.5917211
v 36.82417 44.86816 0.7926158
v -36.25878 46.25332 1.298856
v -28.48948 46.40417 0.5174512
v -45.35205 54.7836 0.2006297
v 47.13001 58.67969 -0.672926
v 33.48849 -53.81221 14.20502
v -38.27447 6.376548 9.902112
v -27.80731 70.45369 0.7245665
v 22.88333 72.2016 0.8920549
v -23.0666 74.51464 2.604517
v 26.75146 -53.10041 19.68754
v 35.20935 -53.75681 1.359074
v -49.51733 -52.37611 1.733777
v 11.27272 60.98636 37.16142
v -41.88959 -49.68739 1.07189
v -36.08264 10.01807 10.28328
v 30.92981 10.04011 10.267
v -46.07592 -46.48377 1.112321
v -38.89951 -46.00015 2.413812
v -36.27865 -25.17878 1.985496
v -35.06606 -23.65829 1.220206
v 24.47337 59.06526 24.78324
v -31.93838 -21.55637 1.279916
v -27.98676 -19.44529 1.281261
v -26.21234 -20.44238 0.9775592
v -39.04262 -19.73796 1.587453
v -41.89666 -50.00491 16.81546
v 33.66973 -14.94002 0.726615
v 27.81972 14.31539 9.232066
v -28.1445 -14.24258 1.624558
v -42.56636 -11.4828 1.402388
v 22.80826 66.24202 23.52971
v -40.19698 -4.864927 0.1773387
v -23.3823 -6.249747 1.692283
v 33.42735 -47.26305 16.72662
v -38.94599 -2.106994 0.7364493
v -5.269682 36.29313 33.73159
v 12.99047 -1.187229 1.390241
v -16.97962 0.1038264 1.319062
v -39.35554 -0.05008335 1.96163
v -15.09699 2.382425 1.811483
v 30.23872 4.280199 1.961231
v 9.235339 5.512166 2.511373
v -30.95593 -7.015014 18.72895
v 12.55021 7.631228 1.055845
v -11.15548 10.85974 0.9464877
v -23.70414 21.61289 8.22123
v -25.72624 11.52434 1.305377
v 16.78937 12.67237 0.8445405
v 20.52728 12.4062 1.291587
v 10.45194 22.17937 0.6231181
v -8.529108 38.71136 32.37839
v 13.05267 28.10907 2.040319
v 14.51799 29.30528 2.875746
v -0.2409408 52.44678 38.08864
v 17.48896 35.67736 0.8744167
v -22.52492 -37.55843 15.88145
v 23.25128 56.94723 25.75389
v 30.543 44.55687 1.950001
v 32.25574 44.44068 2.403705
v -38.22646 46.97035 1.355457
v -24.74381 56.27575 25.92452
v -40.80321 -33.11785 14.93794
v -7.705467 85.74021 23.58875
v -5.605361 86.02952 23.24061
v -39.91931 64.19527 2.459445
v 28.95156 64.923 2.54535
v 1.193947 86.11259 25.10766
v -16.79529 79.89525 1.211226
v -3.438081 -7.88346 52.50752
v 32.58514 -53.75104 1.61205
v 31.73356 -29.14323 14.75087
v 30.71361 -49.34747 1.33817
v 8.733044 40.52418 33.05146
v -43.05132 -47.64762 1.569891
v -40.71146 -47.34431 1.607973
v 33.07434 -26.61231 15.43891
v -28.97115 -25.12126 1.461229
v 32.86697 -24.77341 15.23121
v -11.62196 62.07152 36.96395
v -37.98443 -23.93093 2.421952
v -31.9165 -23.66992 1.856115
v -39.44741 -22.7445 1.569322
v -37.96767 -21.41883 1.170361
v -28.13406 -22.26153 1.267962
v 28.07077 -20.93926 2.633979
v 23.74158 -19.29031 1.746124
v -23.02234 -24.75208 18.05018
v 31.91695 -19.37459 1.658295
v -32.89973 -49.91099 24.62526
v 33.74656 -18.09627 2.851835
v -29.50787 -16.55022 1.234144
v 18.83147 -12.52697 2.181497
v 34.04186 -11.99298 2.573009
v 19.07317 -9.9136 0.1829327
v 32.95568 -10.14894 3.78919
v 33.31795 -20.71288 15.48595
v 11.24104 43.40937 33.65842
v 17.16127 -8.546326 1.901573
v 15.18319 -4.679493 1.1911
v 13.88908 -5.387952 3.771872
v -35.07289 -47.78476 22.91211
v -14.3968 44.83766 34.07272
v -17.47888 -0.66865 3.09707
v 19.82029 -34.19503 29.35595
v 10.98391 46.77525 34.73868
v -12.3883 66.16062 36.27401
v 11.76192 18.58803 25.64427
v -14.51188 46.0895 35.00952
v 28.25102 7.726605 2.153466
v -35.73852 6.112938 1.582385
v -0.1481979 5.998957 2.153718
v -29.62568 -45.50014 24.51664
v 13.7555 -6.511841 18.01524
v -10.49599 7.941 2.5171
v -30.68726 9.102435 1.225679
v -31.70188 10.74515 2.414481
v 13.98456 46.75455 32.85649
v -37.07274 -12.62428 14.57281
v 15.03777 -43.73022 25.57146
v 31.97027 45.0661 7.871869
v -20.19286 19.38762 2.73184
v -18.42985 51.35248 34.1148
v 28.90985 -38.98655 25.33393
v -15.11756 25.2218 1.72499
v -28.84676 -11.06963 15.99623
v -17.98806 34.36166 1.821542
v -18.54857 33.31921 4.009485
v -20.0918 35.53741 2.947752
v 15.97438 -12.23193 14.83513
v 11.6804 -2.714725 18.25592
v 19.32879 38.46305 1.381913
v 21.92454 42.5441 1.745037
v 29.54094 -31.85168 25.59843
v -15.24315 20.07977 26.06448
v 14.67733 -28.42168 24.34488
v -32.97139 49.48958 10.0367
v -21.65123 -9.46026 16.0588
v -44.08284 58.4276 1.910498
v 45.67942 58.39325 1.613528
v -37.16845 64.51119 4.523569
v -35.27443 66.04873 2.591427
v -33.30925 65.61205 3.258833
v -31.2238 65.85933 1.419674
v -28.70394 66.22433 1.948689
v -28.02424 66.58702 1.667773
v 23.29383 67.96079 1.640219
v 20.54429 74.0232 1.733307
v 30.81615 -21.72293 23.46452
v 20.00842 -52.89388 4.479965
v -19.14383 55.71451 34.51519
v 17.05401 -22.07526 23.77444
v 10.08199 85.72585 1.499373
v -5.620431 44.82304 36.72445
v -43.8833 -52.93483 1.722
v -55.63045 -52.41012 2.029362
v -42.27925 -45.40625 2.934916
v -34.05224 -46.33034 2.245828
v -31.87596 -25.80594 2.419319
v -33.82286 -25.47309 1.569139
v -0.1854938 -4.748549 51.12988
v -13.59756 -3.175833 15.25641
v -25.42685 -23.65136 1.971157
v -23.57684 -23.23448 3.183429
v -39.86813 -20.53734 2.440548
v 25.08462 -20.59326 2.484878
v 38.78806 57.29807 8.957818
v -23.91538 -1.253716 23.60901
v 14.3032 80.54626 25.20832
v 34.52636 -14.83254 3.607377
v -22.00231 -0.2315265 24.49394
v -24.81237 -9.297316 2.637315
v -40.07072 -2.368669 2.974754
v -38.00804 0.6792169 15.82262
v 32.58941 -0.861305 1.71921
v 21.42999 -0.4993631 23.88214
v 31.75163 0.6765872 1.762056
v -27.37398 -1.166174 23.4862
v -13.86912 5.28564 2.293952
v 31.62972 5.918721 17.31782
v 17.34936 1.669701 24.16179
v -6.657627 8.408106 2.023867
v 24.85633 11.02125 1.729253
v -22.10184 14.66779 2.355631
v 21.83664 12.6006 2.20128
v 33.18645 62.81622 10.79495
v 17.05271 18.24326 2.002732
v -16.51971 3.19759 24.54114
v -29.30208 64.43923 10.11456
v 10.60021 -1.740013 18.4338
v 28.46931 44.86291 1.538079
v -29.17125 46.2173 2.412383
v -27.94479 45.74217 2.700396
v 39.65445 46.5833 2.578674
v -0.5676506 4.771183 23.31453
v 45.33727 53.103 1.924414
v 45.6928 55.76332 2.284919
v -43.60256 55.06423 2.676327
v 44.36776 62.01597 1.379984
v 34.10113 64.21176 1.749941
v 31.38127 64.76843 2.075342
v 11.75035 69.42347 34.15416
v -26.32643 72.70645 9.005848
v -27.98253 67.75975 2.667397
v 25.30915 69.76583 9.270362
v -28.90758 70.30706 3.619356
v -5.205582 -2.600312 53.53642
v -19.01656 77.3714 2.516396
v -18.59548 78.19232 2.14305
v 10.68828 84.17482 1.605694
v 10.85011 84.30971 3.779478
v -30.3115 5.598874 23.92975
v -41.87248 -53.14796 1.292134
v -55.18134 -53.05737 2.547005
v -55.50279 -51.05165 2.530117
v -54.39045 -51.84384 2.376466
v -44.16161 -46.48481 2.078926
v -40.34006 -46.31468 3.040248
v -9.925276 71.72566 35.48062
v -38.19267 -44.93829 2.311824
v -29.85082 -27.81002 1.964924
v 5.173832 7.104192 24.18942
v -37.22805 -26.25735 2.378554
v 24.30368 9.194548 23.69314
v -39.76351 -23.2756 3.678798
v -6.21242 68.8715 36.4587
v 27.40161 -22.8653 2.623429
v 24.45862 -22.12851 2.280396
v 22.39553 9.583493 23.70135
v -7.727311 74.92636 34.95333
v 21.15736 -16.38228 2.396667
v 17.26471 -10.73338 2.611531
v -28.09328 9.713529 24.16933
v 9.836357 2.18244 19.84693
v -22.30815 -7.84578 4.256669
v -40.80119 -6.579253 3.504177
v -53.03312 -52.25237 7.14184
v 14.64986 81.65887 7.32981
v 11.62231 0.7489917 1.532387
v -6.429341 75.85822 33.97444
v -36.27605 6.028582 2.954502
v -12.4541 6.059073 2.920505
v 28.70225 53.63573 15.53303
v -28.23038 11.77852 24.02323
v 4.753172 7.940217 2.059588
v -25.33632 12.93513 23.76224
v -33.94685 9.349561 3.039453
v -24.8467 14.88348 23.1091
v -25.65843 14.31447 3.430743
v 13.3069 -34.67274 16.95244
v 1.788134 78.20336 34.13551
v 17.51451 21.73206 4.318519
v -17.29782 22.88569 3.269991
v 12.24104 24.10298 2.016649
v -19.98777 34.60939 2.102118
v -29.35989 67.08691 15.11747
v 25.03445 44.61221 1.885929
v -33.14521 45.899 3.336675
v 42.09956 47.12192 2.398367
v -39.61235 49.1982 3.907296
v 44.89857 49.67604 3.562636
v -43.04866 51.33132 1.388447
v -25.44657 73.00163 15.0433
v 18.92184 -53.62053 29.76679
v -24.41825 75.7246 15.51742
v 25.88642 66.86432 1.747111
v 24.07012 70.17455 1.551321
v -19.98975 77.25299 1.175418
v 15.13591 24.23823 24.4763
v -14.63796 81.74115 2.165194
v 13.87612 81.68361 1.716673
v -18.48758 26.80231 23.49614
v 17.18115 80.18807 16.3538
v -12.33235 85.71294 1.763145
v -10.18392 87.02818 3.64712
v 8.972431 87.16525 3.418077
v 5.870961 88.72989 3.666537
v -1.907637 90.24592 3.71747
v -34.81896 -53.79605 2.326885
v 24.88579 -53.51167 5.145598
v 28.61776 -52.94572 3.76922
v 15.13727 30.47461 24.22662
v -54.86854 -49.90832 3.032981
v -33.10181 -49.12779 2.347378
v 16.00169 32.20266 24.68305
v 34.76732 -49.28117 2.72669
v -51.73179 -48.48302 4.309066
v 26.67646 -48.74417 4.331638
v -30.35492 -31.53465 3.672406
v -32.03973 -30.75239 3.049321
v 14.61865 35.0877 25.50887
v -30.90043 -28.62797 2.800131
v -28.91984 -29.80097 3.096577
v -35.3863 -26.85764 2.669312
v -25.20696 -27.17346 3.077505
v -39.11929 -25.7089 3.960566
v 16.75455 38.57566 25.61936
v 25.28876 -24.4448 2.885978
v -1.567727 56.81446 39.53779
v -40.5077 -17.99989 2.375459
v 19.10214 -49.39271 6.61631
v -41.49919 -9.358298 5.85193
v -20.68271 -4.078832 2.63038
v 13.61735 -4.032587 2.764008
v 21.70708 45.38529 23.53906
v 31.01725 -53.30787 16.51746
v -37.70832 4.557305 2.509963
v -1.429428 5.11991 4.480169
v -26.12965 51.02051 24.1942
v 20.16821 15.69925 4.132773
v 24.18899 55.10578 24.71295
v 14.02525 27.85686 3.703784
v -7.950446 41.87717 35.04688
v 18.81421 34.94463 2.640463
v 38.59899 46.31825 4.064604
v 43.32266 46.83333 2.338576
v -37.66272 47.01651 3.350173
v -41.05855 49.54432 2.654254
v -40.30371 51.7795 5.277165
v -24.33321 -47.49876 16.51174
v 41.44135 62.32126 2.805674
v -6.727391 41.92433 34.09566
v 25.93873 67.79456 2.707116
v 18.60028 75.84524 3.003212
v -41.4636 -44.44854 15.95879
v 21.33084 68.30257 24.73786
v 15.95387 77.8456 2.887189
v -16.07515 81.76738 3.649458
v 11.83571 83.45212 3.638308
v -5.628456 89.77606 3.056757
v -41.77519 -53.67021 3.196175
v -51.88051 -52.06873 4.140438
v 34.95192 -52.2594 3.115587
v -23.29179 72.14406 23.65309
v -54.80872 -50.19787 4.434778
v -1.052566 6.081882 19.37729
v 26.20694 -25.29401 3.621605
v 28.23188 -25.20092 3.296634
v -23.30962 -19.86675 4.573854
v -41.97607 -20.20719 3.178495
v -26.08062 -18.2952 2.815192
v -42.1688 -18.51496 4.37416
v 4.56305 43.3286 34.04533
v -40.53249 -15.95052 2.147434
v -41.36165 -13.98104 3.832605
v 15.89267 -8.800425 3.450305
v 9.282778 83.44984 25.24922
v -22.61408 -34.37996 17.21832
v 9.255196 42.99691 33.83796
v 7.365986 84.03285 24.09442
v 33.34896 -3.757442 1.862576
v 11.79522 -2.259748 3.795519
v -1.941223 59.08866 38.88252
v 33.01126 0.3230583 3.654509
v -39.29174 2.644163 4.538043
v 32.14082 5.005131 4.599814
v -13.85271 4.381179 3.64596
v -8.157205 84.17579 24.49285
v 30.13733 7.572401 3.279488
v 9.18743 44.66469 34.16208
v 18.87499 14.91877 2.863176
v -32.13671 -53.53087 23.70081
v 23.34196 -53.62729 25.75647
v -33.53318 -53.06031 24.02508
v -19.90493 34.86687 6.062388
v 21.54096 40.30078 2.964098
v 15.29413 -18.4957 15.169
v 32.50881 -20.07961 16.95709
v 26.44661 -53.37691 23.80756
v -41.83961 53.9079 5.024296
v 45.67523 56.1189 4.498087
v -42.92896 58.76449 2.668991
v -23.799 -35.01465 8.736976
v -24.61072 -18.26776 16.48079
v 16.63086 -16.85394 15.71741
v -26.36955 72.43041 1.611228
v 22.84747 71.8186 4.273548
v -23.27069 73.55546 3.817742
v 16.72789 76.24681 2.817742
v -16.87414 80.53824 3.134309
v 28.73489 11.06336 19.0109
v -11.90547 85.51591 3.074532
v 10.41819 85.69095 4.188166
v -7.539165 88.47894 4.371837
v -24.75447 -48.96266 25.37588
v 22.06688 -52.16677 2.989654
v 22.75711 -53.0534 3.24083
v -33.71154 -45.49744 23.46123
v -55.79619 -52.57797 3.498575
v 14.51525 54.9623 35.09415
v -48.54123 -51.96113 4.136643
v -32.16737 -52.57694 3.498206
v -50.33268 -50.47704 3.785864
v -32.07907 -51.03664 4.24023
v -31.73064 -49.64903 4.081042
v -26.05616 -45.62649 23.7915
v 22.14133 -48.80864 2.966993
v 24.2709 -47.2081 3.737846
v 21.96071 -46.1289 4.354076
v -30.43688 -13.80145 16.56892
v -36.31017 -28.90899 3.665252
v -26.45524 -29.94036 3.836571
v -31.96728 -11.48119 16.56503
v 23.69418 -25.09919 3.790983
v 29.65203 -20.99594 3.380909
v -40.99231 -22.11202 4.258518
v -33.23723 -9.84707 16.10818
v 32.97866 -19.20208 3.043836
v -26.35005 -15.81979 4.110738
v 19.45633 -13.64064 2.875503
v 14.57768 -38.47664 25.61774
v -41.94941 -11.40151 3.82045
v 25.16739 -36.20457 29.49824
v 34.56097 -1.899889 4.043602
v 9.83404 0.5761842 3.980016
v -40.48896 0.7221733 4.751169
v -18.78346 63.29644 33.79618
v 7.846488 4.571158 3.615521
v 30.2187 -28.73199 24.76456
v 22.09121 -46.63829 29.13774
v -6.119025 6.854821 4.853
v 28.5296 9.69751 3.983993
v -32.96943 10.09427 4.006721
v -25.04692 54.3143 26.47761
v -28.05407 12.65372 2.79245
v 21.35692 15.79848 4.819932
v 20.29294 19.3453 5.723706
v 5.230371 46.1492 37.35538
v 16.0329 22.76149 4.658548
v -37.42149 -3.964898 16.01144
v 14.88641 25.22272 5.089563
v 16.93442 44.11434 29.59991
v -17.46386 30.74862 3.344478
v 16.11469 31.05812 5.427999
v 19.79239 36.79536 2.526555
v 28.55878 -21.29388 24.9903
v -22.5961 37.76522 4.706511
v 35.12761 45.18796 4.905082
v 1.799439 58.85854 38.76501
v 40.44102 47.97194 4.39818
v 20.70739 -20.89221 25.10258
v 44.14059 49.449 4.741685
v 43.06755 49.92889 4.833568
v 26.35201 -19.62715 24.87398
v 45.53826 53.02443 3.783018
v 32.5335 64.91574 5.890304
v 30.15699 65.22485 5.50067
v 31.54625 -1.821329 17.23933
v 33.37178 -0.971285 14.84464
v 16.13184 -43.99079 28.07784
v 17.84323 -44.22078 29.11251
v 7.92095 0.9658125 15.81144
v -19.03247 -0.5229127 23.90279
v 6.25664 2.291771 15.27325
v -47.57727 -53.29902 1.941387
v -25.48119 1.080514 24.60437
v -52.25227 -52.60351 5.960874
v 27.29936 -51.98953 3.48967
v -48.32692 -50.82417 4.326102
v 19.48977 -48.25078 4.942971
v 23.32248 2.067511 24.43101
v 33.08034 -47.34443 4.189535
v -31.71663 -49.3028 5.646898
v 20.91192 -48.98538 3.354133
v 34.45609 -22.05696 9.799455
v -19.23627 2.956526 24.6262
v -39.94866 -44.40387 4.239437
v -32.18076 -32.25219 4.567168
v 0.6215061 6.397734 16.18538
v -23.71387 -26.57787 4.314718
v 25.70158 -27.62318 4.279801
v 22.24828 -24.31496 3.276822
v -40.64609 -24.35805 4.649787
v -6.043599 -12.13902 56.52495
v 19.74672 -21.84751 4.245563
v 22.26415 -20.53013 3.544162
v 31.31113 -21.01479 4.890845
v 20.28912 -19.90883 4.953499
v 33.03592 -17.10367 6.210391
v -15.60459 79.68652 24.34618
v 18.38655 -14.43089 4.606639
v -25.07763 -14.95331 6.651005
v -28.57118 3.898495 24.55425
v 16.67039 -10.32039 4.700291
v -25.60264 -11.58023 3.918861
v -40.79932 -4.887219 5.991561
v 12.40868 -3.805487 4.197131
v 5.599655 59.83246 38.82495
v 25.07261 14.44713 17.87587
v -4.702483 -7.553251 52.75572
v -4.06743 60.87924 39.18752
v 6.509643 5.654574 2.772135
v 1.248133 7.198841 3.794083
v 2.575739 4.846816 24.85425
v -29.69352 13.45221 5.146196
v 25.51928 11.6541 2.969807
v 22.9502 13.52196 3.297822
v 19.07131 16.51094 3.095425
v -22.20158 23.52789 15.18115
v 2.311694 76.70172 34.33785
v -17.96631 30.23476 6.566362
v 16.6815 34.5458 4.068635
v -24.90787 41.33288 3.737735
v 31.3475 44.35581 5.04304
v -38.79417 48.52145 5.080856
v -41.80419 59.48536 4.263515
v 43.19634 58.92478 4.883658
v 45.00556 59.42872 3.928298
v 39.81386 62.35203 3.342664
v -41.02516 62.42404 3.462824
v -38.73045 5.125584 11.12541
v -29.67725 8.241157 23.94358
v -22.48685 -10.80012 9.821157
v -27.41715 71.82924 4.706018
v 25.20709 69.93205 2.691257
v 22.99144 71.10383 2.856044
v 23.56615 42.79843 16.05955
v 17.01797 77.63711 4.070273
v 14.5768 80.71963 3.752005
v -3.859434 89.27121 4.490727
v 32.82051 -53.32356 5.224137
v 35.09096 -52.33503 4.540263
v 17.2363 9.6677 24.21991
v -48.84017 -51.77177 5.543784
v -20.93029 -8.821723 9.32309
v 20.70484 -46.09196 4.996765
v -45.10458 -46.50304 3.446146
v -26.67806 10.35546 25.05194
v -18.05738 -5.916588 9.591396
v -42.83595 -44.36513 5.046298
v -33.68564 -29.84631 4.296104
v 16.6082 12.48148 24.46021
v -24.02747 -28.56292 4.644025
v 22.25801 -22.37175 3.347202
v -29.34934 63.43134 16.53252
v -42.76861 -16.41863 4.216683
v 25.07601 68.06864 17.22613
v -18.99295 -5.226117 5.690795
v 34.9222 -3.982556 5.207112
v -1.16537 -7.252321 53.20444
v -16.39431 -2.288076 5.708626
v 10.46949 -0.7133621 5.808361
v 32.39268 -32.50048 19.43787
v -32.14229 12.14724 4.80845
v 27.19667 12.47975 4.570694
v 25.40169 14.16579 5.334012
v -28.82192 14.50293 5.305719
v -27.62453 15.3993 6.783945
v -22.7101 18.99492 4.749584
v -19.293 81.2663 15.8153
v -18.5552 22.82822 4.812357
v 14.91927 82.80627 16.23285
v -16.93622 82.42251 16.43655
v 19.78436 37.93173 2.909216
v 14.6372 83.43831 17.17032
v -16.26819 84.07144 16.15898
v 25.34058 44.38694 4.571737
v 28.46894 44.68796 4.384796
v 45.22032 53.47701 5.362571
v 45.15059 56.82355 5.08818
v 8.766075 86.62379 15.79287
v -38.98968 63.28225 4.217671
v 36.91378 63.17751 3.556981
v -30.48605 64.87385 5.854613
v -24.68886 73.19481 6.169688
v -20.76222 75.37099 5.323621
v -13.6994 83.72532 3.312571
v 11.70788 85.18223 5.04447
v -13.50264 85.24905 5.056233
v -2.458039 89.23531 16.3266
v 4.357861 88.39905 4.881431
v 2.439428 89.43839 4.980965
v -46.3176 -53.25093 7.331608
v -3.100669 41.23547 34.49586
v 30.33139 -53.73071 4.84173
v -42.4423 -52.97618 6.25462
v -37.17874 -53.20759 3.673041
v -48.01366 -52.74764 6.4441
v 33.44937 -49.75895 5.782092
v 27.95669 -48.01793 5.041436
v 29.21321 -46.66778 6.087698
v 30.60073 -46.72774 3.991099
v 24.66919 -45.17474 5.874227
v -35.31656 -44.85204 4.534351
v -38.57752 -44.65616 4.995442
v -5.500699 6.315004 25.77497
v -32.38138 -33.99047 4.494011
v -29.67277 -33.75775 4.529939
v -35.33451 -32.68015 4.759983
v -38.17785 -29.90488 4.060455
v -25.59255 -31.37322 4.894941
v -22.92665 45.54397 26.44592
v -38.9795 -27.73698 4.809004
v 21.14942 -24.54675 4.697029
v 34.60127 -52.18198 16.43142
v -42.03385 -20.43637 5.262024
v -25.28583 -17.16213 3.815054
v -0.1889604 61.97528 38.893
v 7.693125 3.98268 5.406815
v -39.00384 4.483043 4.085149
v -34.22419 10.81034 5.308691
v -23.58495 69.04021 24.5135
v 31.43022 -46.08368 16.7451
v 24.39801 15.8407 5.588897
v 21.15222 18.10357 6.095542
v -16.71332 26.8088 4.254698
v 26.66218 45.05287 7.13697
v 16.55791 -41.08104 17.56109
v -41.10455 55.91854 6.023991
v 43.62619 56.65212 5.502717
v -35.05593 64.53159 5.197575
v 18.07662 -31.02427 27.92501
v -23.07317 74.09422 5.413406
v -17.81456 79.65411 5.100823
v 13.20625 83.30018 5.019313
v -10.90292 87.61182 4.939713
v -44.42988 -53.55223 4.424455
v 40.15867 -53.57157 5.309212
v 31.70073 -31.62026 17.22151
v 9.791475 47.4528 34.93806
v -32.70081 -46.51264 5.039025
v -5.837402 84.6704 24.67058
v -30.27999 -37.23484 6.202279
v -33.60679 -33.50543 5.479876
v -36.11983 -30.68029 4.773413
v -38.33597 -30.74626 6.102989
v 23.0373 -27.23703 5.171092
v 26.17143 -28.76392 5.645837
v -41.067 -27.08011 5.306446
v 19.68749 -25.39841 5.534222
v -41.6655 -24.50352 6.960823
v 29.88243 -23.78264 4.638355
v 18.51814 -21.21565 5.728299
v -6.512799 -4.799735 54.09133
v 13.3549 49.01133 34.16486
v 33.23528 -11.8069 4.587944
v -21.10954 -8.204462 7.101878
v 14.45088 -6.814461 5.306831
v 35.0023 -6.604161 4.726488
v -37.7491 6.217775 4.631788
v -9.336708 6.076954 5.463797
v -24.31391 -51.16995 24.76788
v -7.53188 84.43031 26.37768
v 16.67402 32.76732 6.847142
v -19.90647 33.57534 5.490194
v 20.75849 38.4902 4.513207
v -26.32512 -49.55368 25.94099
v -28.56745 -14.15884 16.20647
v -31.42775 46.75717 5.118243
v 43.73593 53.48458 5.68331
v -28.11549 66.07987 3.912949
v -28.57669 66.99802 5.278526
v -29.62331 68.80886 5.488912
v -28.88115 69.95214 4.759833
v -20.90776 77.13261 6.066089
v 12.84874 81.62875 3.866367
v -27.51485 -9.995064 17.62164
v 40.31518 -51.62152 5.525529
v 33.73565 -51.35529 7.320619
v -24.72447 -10.91453 16.04551
v -4.330389 84.77407 26.93018
v 20.48384 -46.5368 5.978109
v -23.4891 -9.34398 17.69115
v -32.80924 -37.58561 6.530958
v -30.38286 -35.5568 5.174408
v -28.19392 -36.84894 6.544694
v -26.11464 -34.86574 6.604969
v -35.5884 -6.610663 16.50237
v 23.2116 -28.93088 6.317421
v -40.36668 -28.64953 6.649067
v 25.048 53.96427 18.30646
v 27.57466 -26.55294 4.715401
v -42.61162 -21.18283 7.092227
v 18.7782 -17.64873 6.005526
v 16.06063 -11.82473 6.382229
v -24.03088 -12.74292 8.575612
v 18.74385 -23.20105 25.39651
v -40.95282 -2.368988 5.147567
v 6.618464 73.67796 34.92435
v 34.78497 -0.416062 6.092506
v 37.83411 53.17434 10.26407
v 28.86417 11.69852 6.126945
v -33.17395 13.57617 8.792976
v -30.487 14.51823 7.007023
v -23.84744 16.12125 4.968274
v 22.14502 16.85036 6.181468
v 24.11597 -53.22072 26.59976
v 18.22741 33.48706 7.402085
v 18.76357 34.16781 5.288378
v 21.00846 -44.82809 28.70862
v -25.40991 42.85888 4.990196
v 19.0933 0.3148761 24.55549
v -38.726 50.12095 6.893656
v -39.90507 56.68235 7.05041
v 41.26105 59.51582 5.398066
v -30.34484 -52.6939 25.45277
v 19.38908 3.164615 24.90071
v 34.2223 64.19818 6.258873
v 30.89264 64.93775 7.545769
v 25.9233 69.38907 7.348458
v 18.36296 75.77872 5.744838
v -15.00952 82.30702 4.831884
v 6.868034 88.04838 5.137793
v -4.567166 90.23173 5.953162
v -7.97506 46.48298 36.7652
v 20.74419 -53.6279 6.130566
v 24.01777 5.128966 24.50252
v -30.33602 -50.42491 7.232551
v 26.71053 15.63037 14.88559
v -52.1506 -49.71804 8.009798
v 31.46868 -46.82323 7.031247
v 16.09716 6.001462 25.07787
v -32.04971 -44.67645 6.681501
v 22.56301 -44.75528 6.125294
v -35.00798 -43.51903 6.663553
v -34.28206 -36.69676 6.773669
v -37.1499 -33.2432 6.487385
v 26.5472 -30.37223 5.940711
v -30.06693 66.44211 10.6109
v 20.74052 -27.49685 6.486921
v -42.66584 -22.85595 6.514778
v -29.05549 68.70981 9.468464
v -8.249463 48.04438 37.45705
v 4.949582 3.112042 7.718281
v 17.53638 -11.52859 17.60598
v -18.09508 27.4747 7.240769
v -19.17504 31.32758 6.944637
v -3.269758 76.59478 34.59614
v 18.36077 35.46986 6.485365
v 2.953592 46.48936 37.48977
v -27.4281 44.75481 6.83941
v -27.36244 49.26676 16.5594
v 36.82277 46.25097 4.905845
v -34.32692 46.42809 4.616824
v 40.9016 49.90548 5.998093
v -40.00893 52.95395 7.103861
v 15.53347 8.416711 24.59501
v -38.44213 61.21548 6.988601
v 38.3916 60.6148 7.471828
v -30.16921 57.63086 16.58345
v -25.96136 70.85806 18.65929
v -30.80043 -47.69419 7.070117
v 28.51376 -45.70961 7.198807
v 23.84506 71.46288 18.83523
v -35.7994 -38.47199 6.597738
v -35.33999 -34.4411 6.268257
v 22.19749 -30.51947 8.168199
v 20.89094 -29.61914 6.668623
v 17.32524 -23.78082 6.24121
v 32.36657 -19.52602 6.751701
v 18.98201 78.66029 17.06379
v 33.51472 -9.610902 7.140895
v -40.31088 0.4041912 7.689884
v -12.35037 86.72211 16.99479
v 41.78756 53.74012 6.658438
v -47.38226 -49.2061 3.971083
v -49.23962 -47.93014 5.998217
v 50.35739 87.31743 -32.20228
v 50.985 86.30379 -33.73299
v 51.48933 85.78902 -32.12802
f 2968 2644 2970
f 2968 2890 2644
f 2644 2487 2970
f 2317 4432 4373
f 3350 1710 1715
f 1395 1 3662
f 4927 4791 4426
f 2506 2 2893
f 2506 2573 2
f 1100 1095 5000
f 1095 1063 5002
f 5000 871 1100
f 806 871 5000
f 1100 1063 1095
f 3963 3686 4318
f 4633 4701 4255
f 4998 4255 4701
f 4999 22 4998
f 4635 4529 4999
f 4701 4999 4998
f 4999 4701 4635
f 4033 3959 4257
f 4033 4257 3750
f 3750 3419 4033
f 4257 3686 3750
f 33 41 56
f 4460 4261 4318
f 4462 4261 4827
f 47 4904 48
f 2525 48 4904
f 47 4768 4904
f 4768 4702 4904
f 4543 4904 4702
f 4768 47 4956
f 2525 1086 48
f 2323 2406 2470
f 2470 2406 2615
f 2887 2888 3289
f 2760 4902 4051
f 2760 2755 2102
f 3639 2610 3529
f 3639 1238 2610
f 4987 96 2594
f 1118 2594 96
f 4906 1118 96
f 4926 443 1487
f 4958 1142 4988
f 1695 559 1702
f 1852 4957 4827
f 2228 3390 1799
f 3251 4956 1080
f 22 1060 4772
f 3233 2555 4955
f 65 4772 1060
f 491 4953 4823
f 1710 3350 3334
f 3219 4984 4955
f 4056 2052 571
f 2082 1945 825
f 3272 2152 3308
f 1792 4900 1018
f 586 3058 575
f 443 1809 2512
f 4820 952 4699
f 2848 1978 2845
f 4817 4763 976
f 992 3877 937
f 3554 3937 2893
f 3152 4163 937
f 4817 976 3149
f 935 926 4946
f 2455 4946 918
f 913 4945 2158
f 928 926 921
f 2914 2893 2
f 4810 1672 4857
f 260 3651 2537
f 2914 3554 2893
f 1018 2523 3197
f 682 1416 611
f 4316 2176 3359
f 4767 3768 106
f 1365 4728 4063
f 816 4853 516
f 2369 4895 822
f 1768 3403 3089
f 314 3046 4981
f 764 4053 469
f 4920 4728 1365
f 1785 1395 3662
f 103 616 1755
f 3166 4493 3171
f 881 853 663
f 2316 4937 899
f 2316 4852 4937
f 4852 2316 4997
f 3554 2914 2587
f 4936 4851 775
f 4933 4239 4745
f 4978 775 4851
f 1550 749 4891
f 4497 4370 4887
f 4137 356 2029
f 764 2563 4053
f 4363 2963 4800
f 4800 2963 4849
f 4787 4924 4664
f 2204 2949 1832
f 712 4679 693
f 3633 4888 699
f 3633 4971 4888
f 4887 245 4607
f 712 1511 263
f 1416 127 611
f 2540 126 711
f 636 4793 635
f 1742 4755 612
f 2316 2308 4997
f 3597 4494 4671
f 3068 1182 107
f 4964 3075 2369
f 4669 2191 4847
f 2176 1738 3359
f 4846 4928 1455
f 365 1924 3097
f 130 4908 4909
f 4791 635 4364
f 1504 1835 726
f 4879 4780 4771
f 2980 1837 3357
f 3064 3448 2703
f 1678 3318 526
f 1698 834 1307
f 4922 472 2097
f 4619 856 2393
f 467 649 2808
f 4597 1380 507
f 2734 3429 2018
f 4784 2839 4841
f 4995 1380 4658
f 4920 1365 4995
f 3020 3384 2633
f 4769 4772 4399
f 3111 387 2920
f 2940 43 1476
f 3426 3771 3424
f 4878 2779 355
f 4724 4727 4918
f 4647 4331 4650
f 4650 4992 4719
f 4721 600 4992
f 809 998 2492
f 2714 1283 2731
f 1283 2714 4581
f 972 1519 3674
f 827 4565 4942
f 3530 2061 3535
f 4554 4295 4296
f 4743 4968 4969
f 4943 4760 1659
f 1958 202 233
f 4962 4911 4990
f 1958 2663 202
f 4912 4835 4868
f 157 1203 4912
f 4868 157 4912
f 2158 2445 913
f 433 2548 2538
f 4556 4744 4298
f 1922 4054 1203
f 1178 4960 1940
f 3893 2845 2390
f 4515 977 980
f 4958 96 4987
f 2713 300 4991
f 65 1852 4772
f 977 1027 2490
f 123 4988 1142
f 96 4958 4906
f 1274 3942 2539
f 3310 3318 3314
f 4234 4215 1788
f 921 935 421
f 4825 4956 3251
f 4955 2555 3219
f 4956 47 48
f 2839 2141 169
f 1852 65 1420
f 2924 3265 433
f 2980 2628 1854
f 1773 2473 1049
f 1833 526 2019
f 1026 4577 4952
f 449 3672 2563
f 390 614 4896
f 4249 4753 2496
f 947 1752 4522
f 4522 1752 4948
f 4163 4860 937
f 952 4820 4815
f 4859 4818 4815
f 397 1377 2877
f 992 937 4860
f 3184 4479 4699
f 2411 2513 2511
f 2648 2645 1923
f 915 4858 3122
f 4781 3482 4881
f 2445 905 913
f 4480 4857 1672
f 1698 1307 3952
f 2921 2914 2
f 1929 2648 1923
f 4880 4343 4588
f 4036 4119 3965
f 4897 4808 1141
f 4855 3097 1141
f 856 916 4943
f 766 4619 2393
f 4429 4494 4669
f 4896 614 4756
f 98 1309 82
f 766 4942 4757
f 4853 816 4806
f 4383 4804 4980
f 4805 314 4981
f 4785 2580 2202
f 4931 4971 4930
f 2597 2580 1644
f 4977 754 4682
f 4935 4747 1557
f 678 4969 3607
f 4882 540 2157
f 4746 4363 4800
f 4961 811 352
f 4888 4971 4796
f 3475 2529 2165
f 814 2302 4964
f 3256 3245 3272
f 4948 1752 43
f 3607 4968 91
f 327 566 583
f 635 4791 4289
f 4971 4677 4796
f 1156 3064 2703
f 2182 4846 1455
f 4847 4928 4668
f 4789 4737 4926
f 1462 1017 2983
f 3819 1234 2556
f 4598 551 514
f 4550 1401 183
f 4842 4597 507
f 4922 4596 472
f 4658 4920 4995
f 4783 4346 467
f 4866 4988 4831
f 4922 2810 4781
f 4335 4652 4726
f 2237 342 2241
f 4207 4880 399
f 514 472 4598
f 2897 963 2319
f 4881 3482 1335
f 2362 4578 4437
f 1335 4994 4881
f 4414 4477 377
f 4727 377 4918
f 135 140 2785
f 4726 399 4880
f 4726 4917 399
f 4338 4994 4878
f 1121 2700 3200
f 4161 2282 1846
f 2445 406 1253
f 4333 4412 4721
f 4723 4916 351
f 2018 2029 4778
f 4603 4740 4552
f 4584 2734 2018
f 300 4720 4875
f 3842 3090 1974
f 4873 2776 4963
f 1974 3090 107
f 2491 2506 2893
f 4719 279 248
f 749 4976 4891
f 80 100 51
f 4070 4873 4871
f 216 4872 4962
f 4960 4870 202
f 4788 4846 2182
f 4831 4988 4959
f 1978 2848 1121
f 2460 1665 1289
f 4960 1178 4870
f 194 1170 4833
f 202 1940 4960
f 3122 3041 915
f 4907 4958 4866
f 2845 1344 2848
f 4957 3233 4955
f 4957 1103 3233
f 4294 3024 1719
f 1062 1489 3022
f 2525 4904 4543
f 1059 2633 3384
f 4863 4955 4984
f 4824 4823 4953
f 1534 770 3706
f 2670 2615 2461
f 1062 3022 2633
f 34 4985 4822
f 3578 713 4289
f 4950 4705 4984
f 1037 1508 3080
f 4791 4927 3578
f 4900 4163 1018
f 4020 3024 4294
f 406 2158 2306
f 4112 3437 2353
f 2893 2457 2491
f 4764 4901 976
f 610 1105 3393
f 4392 4948 468
f 3251 1080 1352
f 2906 2083 2457
f 4946 926 4762
f 127 1416 2924
f 4817 3149 947
f 959 57 2484
f 4632 2719 3424
f 4847 2191 1454
f 2934 2568 2925
f 334 2233 4409
f 1408 1367 1409
f 1105 2297 3393
f 4814 926 928
f 2645 2292 1923
f 4945 2306 2158
f 4517 4858 915
f 1014 3340 1478
f 1947 4858 4811
f 3116 2664 756
f 1242 4087 2713
f 4898 4857 4480
f 4583 4334 4651
f 4808 4855 1141
f 2314 1145 2293
f 3116 2005 2664
f 1665 2061 255
f 2379 2999 3987
f 3075 390 4895
f 4343 4341 4588
f 4894 822 4895
f 2581 381 3809
f 3800 2317 3028
f 3373 1723 600
f 4431 801 2575
f 1646 4807 614
f 4671 2915 3597
f 4052 3366 2659
f 1631 737 27
f 2308 754 4977
f 4978 4561 4935
f 2489 3979 2492
f 4804 781 4980
f 2548 433 3265
f 1692 1678 4028
f 801 4431 1887
f 4340 2665 3045
f 4973 1161 1550
f 3652 3649 3617
f 4745 712 4933
f 2039 549 9
f 4744 4931 4886
f 1392 1742 2102
f 3069 2099 604
f 1127 2185 3597
f 4673 4554 1493
f 4360 4340 3045
f 4968 4848 4793
f 1022 1244 4514
f 4790 3578 4927
f 2635 3333 2969
f 4961 352 4964
f 4690 2392 1139
f 1119 1872 1906
f 4883 1410 2843
f 4737 4786 4926
f 4786 4843 4925
f 551 4664 4924
f 4882 2157 553
f 2198 2327 2229
f 551 4601 4664
f 2766 2115 106
f 2243 2603 1019
f 4966 2128 4734
f 2917 227 3922
f 616 2779 117
f 4447 1227 1913
f 4952 4577 4479
f 3811 3875 3615
f 3111 3229 3122
f 500 2046 227
f 4727 4272 3974
f 4587 2029 356
f 322 4581 4839
f 4029 4813 3879
f 300 4875 4991
f 1837 1832 2949
f 1511 712 693
f 3137 2455 3907
f 4294 3013 4013
f 4936 2325 781
f 2921 2599 2914
f 4271 204 1480
f 3333 2635 3334
f 2460 3535 1665
f 1242 4872 216
f 202 4914 233
f 425 3137 1266
f 967 1664 1689
f 836 783 837
f 4962 4872 4869
f 4712 194 4775
f 4911 4870 1178
f 4962 4869 4911
f 1802 274 1799
f 4833 4775 194
f 4097 3392 2719
f 430 336 508
f 3678 770 1868
f 4926 4786 4925
f 1170 4909 4833
f 216 1208 1942
f 4909 4830 4833
f 4826 4827 4957
f 4907 4865 4906
f 4486 1994 2732
f 1667 1772 1342
f 4353 4061 4549
f 4825 4641 4956
f 182 186 4741
f 2097 2824 2151
f 559 985 1702
f 4985 4823 4822
f 22 4772 4769
f 3390 4096 1799
f 4530 34 4822
f 4764 4821 4901
f 1361 4604 1023
f 3044 565 983
f 1876 1841 1962
f 4702 4392 4543
f 4705 4950 991
f 4882 4549 4842
f 4658 4282 4415
f 2483 2523 1018
f 4549 4882 4483
f 990 2632 870
f 992 4860 4900
f 3661 2913 2542
f 1370 3044 2405
f 4860 4163 4900
f 4699 4574 4766
f 1229 1604 4490
f 4764 976 4763
f 4096 1802 1799
f 4819 990 4818
f 4859 4815 4697
f 2839 4966 4841
f 4817 947 4523
f 3771 4632 3424
f 1199 785 778
f 4615 4909 1170
f 2306 4945 4813
f 4626 915 918
f 1621 1292 454
f 905 4625 913
f 4625 905 4810
f 4867 4643 4773
f 194 42 4050
f 3426 3424 2236
f 2820 2512 3132
f 3651 3633 699
f 4620 4855 4808
f 4620 4808 4252
f 1786 2843 3772
f 1945 4576 638
f 4933 712 1522
f 4619 766 4758
f 3163 4179 2295
f 4807 4855 4620
f 4893 4806 822
f 3493 3454 3218
f 280 212 359
f 4751 4981 899
f 4805 4981 4751
f 3792 3433 3776
f 930 2784 1851
f 320 2017 4514
f 1447 1773 649
f 4936 781 4851
f 699 4799 4849
f 1692 3655 1678
f 4852 4892 4801
f 4802 4852 4801
f 4852 4997 4892
f 4612 4851 4440
f 4532 4534 4531
f 4612 4561 4978
f 4801 4892 4684
f 4559 4976 4747
f 4534 4535 4531
f 4997 4977 4685
f 1903 2078 2203
f 4067 2033 3422
f 3994 3914 3845
f 4747 4935 4561
f 4958 4987 1142
f 2921 2 3245
f 82 593 4617
f 261 1660 2067
f 4323 4538 4467
f 629 2297 618
f 2825 1823 222
f 4820 4633 4697
f 4936 775 2325
f 4679 712 4745
f 3252 1650 491
f 1497 1250 1165
f 2653 917 1630
f 4744 4886 4676
f 4481 3906 4280
f 4743 4969 4675
f 4491 4790 4927
f 4679 4607 693
f 1184 1629 1257
f 3166 3171 3163
f 1608 1894 3291
f 4235 3899 205
f 3945 3937 3554
f 2603 2243 2979
f 811 2895 2253
f 1665 3535 2061
f 938 509 2675
f 4076 4077 4287
f 957 3903 2434
f 1542 733 4680
f 4209 3116 3121
f 4601 551 4598
f 2530 339 235
f 2691 1667 1342
f 4599 467 4346
f 4879 377 4477
f 3893 2502 2845
f 4428 817 4941
f 4596 4922 4656
f 214 4951 1110
f 4922 4781 4656
f 2192 636 713
f 1001 2603 2953
f 4477 4780 4879
f 4859 4397 4455
f 2140 4201 1433
f 1517 2537 266
f 3638 6 1667
f 4652 4723 4917
f 4654 356 4544
f 2053 1657 2800
f 1277 2800 1657
f 4336 355 4412
f 4654 4587 356
f 929 490 2009
f 4778 2029 4587
f 362 2874 907
f 4651 4724 4839
f 4915 2734 4838
f 4650 4721 4992
f 4584 4838 2734
f 4720 4717 4875
f 2592 3272 3245
f 4963 4915 4838
f 2241 3187 2237
f 4717 4776 4836
f 4875 4872 4991
f 4406 2714 219
f 233 4874 248
f 4875 4836 4872
f 4648 4715 4873
f 3452 4005 4344
f 608 627 445
f 233 4580 4874
f 4788 4271 4787
f 4715 4871 4873
f 4836 4869 4872
f 2243 1875 2979
f 4832 4868 4835
f 2463 3539 2460
f 4867 4868 4832
f 4959 4868 4867
f 2464 3539 2463
f 4831 4959 4867
f 2587 2914 2599
f 3710 4379 311
f 4988 4866 4958
f 4979 4954 2846
f 4907 4830 4908
f 4709 4772 1852
f 4975 754 3715
f 2059 19 4050
f 1591 2381 1213
f 2979 3345 2603
f 4824 4953 4704
f 646 1192 2659
f 4999 4529 1026
f 4704 4821 4528
f 4636 4705 991
f 4262 4536 4465
f 1272 1278 68
f 778 311 291
f 2738 3854 1591
f 216 1942 1242
f 4598 4284 4601
f 3952 1307 2830
f 2776 578 1370
f 4571 4857 4898
f 4279 3649 4013
f 4807 365 4855
f 572 592 2729
f 4296 4676 4554
f 4896 4756 4448
f 4895 4896 4894
f 4688 4689 4941
f 4933 1522 717
f 4386 4806 4893
f 450 2928 1396
f 1776 2228 772
f 4804 4748 781
f 1959 2413 3533
f 4750 4749 4852
f 766 1643 4942
f 4749 4563 4937
f 4801 4613 4802
f 4852 4802 4750
f 4851 781 4748
f 2319 3487 4190
f 2182 4271 4788
f 4133 4210 4545
f 4685 4684 4892
f 892 4811 4809
f 4682 4685 4977
f 4502 4747 4561
f 4891 4976 4500
f 1392 4918 1742
f 3847 3487 1870
f 4800 4849 4799
f 2983 1017 1010
f 4252 3947 4101
f 345 4306 1728
f 490 3290 2009
f 1597 549 641
f 4848 4743 4165
f 4968 4743 4848
f 4554 4673 4496
f 2926 1070 4803
f 600 4721 88
f 940 3976 1482
f 4847 4740 4669
f 4668 4928 4846
f 4668 4846 4739
f 4789 4790 4491
f 2503 1353 2869
f 2083 2906 2113
f 929 2009 2677
f 3040 629 2655
f 2234 2125 2153
f 1401 4550 4354
f 4883 2843 1389
f 4843 200 4925
f 3854 2381 1591
f 4841 4660 4657
f 4880 4207 4784
f 4880 4784 4729
f 1026 4952 3189
f 4545 4783 4780
f 4729 4343 4880
f 423 4728 4544
f 4478 4544 4728
f 4205 4881 4338
f 3502 3325 3326
f 4190 987 2319
f 22 4999 1274
f 1010 501 2222
f 1871 1868 770
f 4275 4206 4478
f 4688 4941 817
f 3571 2623 869
f 4412 355 4721
f 4582 4838 4584
f 1758 1270 3232
f 2165 2529 3234
f 4714 4646 4836
f 4787 4271 4924
f 4223 4225 4426
f 1049 2473 1429
f 929 2677 1320
f 4689 827 2149
f 2297 629 3040
f 233 4914 4580
f 1396 2911 1474
f 4869 4713 4870
f 1480 204 2425
f 914 1828 1393
f 4775 4833 4644
f 1864 4444 4156
f 4710 4866 4773
f 4215 151 3434
f 4831 4773 4866
f 825 2080 2818
f 4907 4829 4830
f 1994 729 2732
f 2539 3942 1630
f 4530 4825 34
f 4826 4863 4400
f 4769 4998 22
f 1750 1819 1751
f 4120 4328 4198
f 2328 1630 3942
f 4825 4530 4640
f 1214 1270 3254
f 4408 4718 4329
f 4637 4705 4636
f 1011 3917 2700
f 1085 2151 2139
f 4479 4631 4699
f 4523 947 4700
f 4591 3359 4340
f 4820 4697 4815
f 4520 926 4814
f 205 2028 895
f 4969 4968 3607
f 4279 4013 3315
f 4813 4519 3879
f 4810 4453 4625
f 4203 2747 2005
f 4518 913 4625
f 468 1621 454
f 783 758 698
f 4818 3881 4819
f 4570 1456 4944
f 4566 4621 4943
f 180 1229 2010
f 2800 3923 2053
f 4992 600 1278
f 3205 2994 2903
f 4565 827 4689
f 4894 4446 4893
f 516 4853 4383
f 4940 4443 4688
f 314 4443 4940
f 2925 1400 3661
f 1277 3165 2800
f 3308 2152 2995
f 4751 4937 4563
f 4614 4851 4748
f 4561 4612 4504
f 4614 4440 4851
f 2316 899 2322
f 4613 4801 4687
f 4684 4503 4687
f 4801 4684 4687
f 202 4870 4914
f 4435 4973 1550
f 4239 4933 4973
f 4800 4799 4499
f 2732 1586 2376
f 3457 3413 3455
f 4608 699 4888
f 4679 4745 4010
f 4607 4679 4371
f 1659 856 4943
f 4556 4931 4744
f 2657 1650 2351
f 702 697 1821
f 4370 4675 4969
f 4916 4720 300
f 2126 3208 3580
f 4895 390 4896
f 2117 3194 1027
f 4364 635 4793
f 4680 4975 1542
f 241 91 2192
f 241 2192 228
f 4673 4671 4230
f 4788 4787 4738
f 4739 4788 4738
f 4667 4737 4789
f 4740 4847 4552
f 2577 3324 2574
f 4665 4489 4843
f 4665 4843 4786
f 3058 3048 575
f 4357 4663 4883
f 4294 4013 4564
f 4354 4735 1401
f 1234 386 3216
f 3046 314 4940
f 4484 4357 4883
f 1218 1913 1904
f 2842 413 440
f 507 4882 4842
f 2874 362 4604
f 1492 1452 1600
f 4597 4282 4658
f 467 4599 1389
f 2956 4837 2642
f 2885 3187 2241
f 2362 3842 1580
f 117 2779 4994
f 1875 1046 1983
f 759 751 1281
f 4593 4656 4781
f 875 274 1802
f 1500 603 1898
f 4280 4594 4481
f 4878 355 4336
f 3308 3256 3272
f 3308 2969 3256
f 2930 3278 2924
f 3096 3081 708
f 4851 4612 4978
f 3350 4316 35
f 2018 4778 4584
f 1351 1780 3392
f 2081 593 584
f 1517 269 1518
f 1770 3243 2150
f 190 2347 3288
f 1253 406 2926
f 4650 4719 4647
f 4717 4720 4718
f 1199 778 3186
f 4226 4002 4157
f 2714 4406 4581
f 4572 3616 3957
f 3247 3243 1770
f 4646 4713 4869
f 4940 817 4428
f 4835 4871 4538
f 2628 2979 1875
f 4832 4643 4867
f 4391 3340 1014
f 1784 4207 645
f 4773 4831 4867
f 4710 4830 4829
f 4772 4709 4399
f 3067 4144 2343
f 2428 1629 1217
f 2997 2905 2994
f 432 288 1752
f 365 814 2253
f 4315 4822 4824
f 4768 4706 4702
f 1242 2713 4991
f 4923 1534 3706
f 4635 4701 4766
f 991 4634 4636
f 4546 4729 4594
f 4814 4813 4029
f 4701 4633 4766
f 1504 2842 2838
f 288 4253 2143
f 3165 1277 1279
f 4700 947 4522
f 4181 4762 4520
f 4522 4948 4629
f 246 1279 1277
f 4762 4572 4626
f 4945 913 4518
f 1060 22 2539
f 4626 4517 915
f 4624 4858 4517
f 4518 4395 4105
f 4858 4624 4811
f 4811 4624 4809
f 4622 4856 4570
f 4625 4395 4518
f 4569 4760 4621
f 4761 4760 4569
f 470 1620 1293
f 575 2695 2711
f 3649 3652 3993
f 4252 4808 4510
f 4597 4549 4139
f 1887 1843 785
f 2813 3788 1807
f 423 4544 398
f 4443 4689 4688
f 3226 2150 3243
f 3700 3904 3991
f 3993 4013 3649
f 711 2707 2376
f 4442 4443 314
f 2524 2754 2338
f 4802 4382 4750
f 2897 2856 963
f 4121 3967 4119
f 4613 4382 4802
f 2397 3114 1240
f 4961 2575 811
f 4685 4682 4501
f 4091 4976 4559
f 4717 4836 4875
f 3823 252 244
f 4371 4679 4238
f 4973 4435 4239
f 4237 4744 4676
f 4296 4237 4676
f 2192 91 636
f 2536 3622 3247
f 2464 4274 3539
f 1127 1835 2526
f 4969 678 4887
f 1700 1510 1191
f 1620 3571 1285
f 1821 3805 702
f 4945 4518 4519
f 4465 4835 4538
f 2033 4372 4967
f 43 468 4948
f 3776 1264 1300
f 4737 4359 4786
f 4178 4176 4025
f 4291 4603 4292
f 2282 3466 1846
f 4815 4818 1741
f 1285 1293 1620
f 4738 4425 4739
f 1605 1563 1369
f 4352 4664 4601
f 2204 2943 2949
f 4489 553 4843
f 390 3075 4445
f 4865 4907 4908
f 2265 2267 2123
f 3003 940 2688
f 4385 4853 4806
f 192 186 2017
f 4784 4841 4657
f 4417 4596 4656
f 4594 4784 4657
f 2828 3119 3043
f 3114 3120 1240
f 4208 4728 4920
f 4850 1446 1395
f 1887 816 1843
f 1433 4063 122
f 3200 3917 2860
f 2147 1447 649
f 4726 4880 4588
f 3359 2665 4340
f 4868 4959 1177
f 3937 2457 2893
f 4514 1244 320
f 4916 4723 4473
f 977 2490 1709
f 4392 468 4543
f 4333 4721 4650
f 2541 3488 818
f 969 6 3638
f 1663 1478 487
f 4714 4836 4776
f 4647 4719 4874
f 3519 3893 1532
f 4715 4538 4871
f 2483 1018 4163
f 4467 4538 4715
f 822 1618 2369
f 4914 4579 4580
f 4028 1695 1692
f 4579 4914 4713
f 1010 4071 2983
f 4465 4536 4643
f 2237 2238 334
f 1532 3893 2390
f 890 830 864
f 890 755 830
f 4833 4830 4644
f 4531 4710 4532
f 4079 4148 4157
f 3053 2081 584
f 4830 4710 4531
f 4826 4462 4827
f 4827 4261 4460
f 116 1127 3597
f 1370 565 3044
f 497 2980 1854
f 4710 4829 4866
f 3163 2295 975
f 4705 4637 4526
f 4644 4531 4535
f 4243 4557 4090
f 3944 4250 4101
f 4641 4706 4768
f 4528 4821 4575
f 1026 4529 4525
f 4530 4822 4110
f 4814 4029 4520
f 1507 1037 1965
f 3473 3237 3238
f 4392 4702 4706
f 4761 4513 4898
f 4766 4574 4635
f 4700 4522 4184
f 4398 4456 4631
f 4809 4944 892
f 4577 4525 4457
f 2046 2472 227
f 4575 4764 4254
f 1400 2913 3661
f 1815 1652 1699
f 3984 345 809
f 4699 4631 4456
f 939 4634 991
f 4572 3957 4626
f 4817 4523 4313
f 4521 939 4819
f 4762 4626 4946
f 2705 4159 1571
f 4945 4519 4813
f 426 2304 952
f 4626 3957 4517
f 2318 452 2313
f 3366 4052 3369
f 4810 4857 4453
f 4571 4453 4857
f 1456 4570 4856
f 4009 1836 1718
f 4821 4704 4953
f 4259 3537 551
f 4513 4761 4104
f 4159 4437 4578
f 4446 4894 4896
f 4620 4618 4756
f 4380 3730 1680
f 4390 916 4619
f 4448 4756 4618
f 4896 4448 4446
f 34 4825 3251
f 4250 4446 4448
f 4898 4513 4571
f 4999 1026 1274
f 4400 4115 4462
f 4853 4385 4384
f 314 4805 4442
f 4749 4750 4441
f 452 2328 3942
f 4546 4343 4729
f 4804 4308 4752
f 3022 3020 2633
f 2337 2334 852
f 4439 4613 4687
f 4501 4684 4685
f 4926 697 208
f 2337 3926 1091
f 3466 4152 1846
f 4558 4684 4501
f 4434 1550 4891
f 1550 4434 4435
f 4291 4292 4224
f 4975 4680 4167
f 4375 4499 699
f 699 4499 4799
f 4608 4888 4796
f 4866 4829 4907
f 4556 4677 4931
f 4552 4739 4427
f 4768 4956 4641
f 274 1372 1799
f 4826 4957 4955
f 940 1482 3300
f 852 1627 777
f 2275 2292 2645
f 4848 4495 4793
f 2645 3767 2275
f 2959 2961 3103
f 2747 2738 94
f 610 3393 2293
f 4181 4520 3880
f 4004 3652 3333
f 4359 4665 4786
f 4787 4664 4738
f 4214 4489 4665
f 4665 4359 4214
f 1098 1498 1898
f 1664 938 2379
f 2128 4735 4487
f 3089 2766 1429
f 1769 1757 2465
f 4550 4143 4354
f 4142 532 4663
f 4202 3114 2010
f 4352 4217 4664
f 4597 4842 4549
f 2590 4378 2222
f 4596 4419 4598
f 4208 4920 4415
f 4294 4564 4555
f 2892 2191 222
f 4656 4593 4417
f 4658 4415 4920
f 4473 4720 4916
f 4784 4594 4729
f 4908 1118 4865
f 387 3111 388
f 1441 645 1769
f 1995 734 1994
f 4881 4205 4593
f 4544 4478 4206
f 4201 2140 151
f 4338 4878 4336
f 4477 4276 4545
f 2017 3120 4212
f 4724 4651 4727
f 4586 4778 4587
f 4723 4652 4473
f 4651 4839 4583
f 4584 4586 4542
f 4718 4720 4473
f 4718 4473 4329
f 4892 4997 4685
f 4583 4267 4266
f 4311 4177 4027
f 4331 4647 4328
f 4582 4407 4648
f 4469 4647 4874
f 4648 4467 4715
f 4836 4646 4869
f 4580 4469 4874
f 4976 1557 4747
f 4540 4646 4776
f 2785 2466 117
f 3899 4527 2028
f 4646 4579 4713
f 3776 1300 3792
f 3378 1489 558
f 4775 4644 4537
f 4628 4106 4629
f 1395 1785 531
f 4830 4531 4644
f 1852 1099 1103
f 4827 4460 4709
f 4839 333 322
f 4641 4640 4639
f 4575 4821 4764
f 58 1634 2989
f 4483 553 4489
f 2542 4630 3658
f 4315 4110 4822
f 2594 1894 4987
f 1671 1281 751
f 4526 4637 4636
f 1669 2021 1712
f 4574 4699 4456
f 4700 4189 4110
f 4628 4392 4706
f 1965 2829 1507
f 4254 4182 4575
f 4764 4763 4254
f 3850 2876 2223
f 4948 4392 4628
f 1965 1516 2829
f 4573 3881 4818
f 4573 4859 4455
f 3252 4985 34
f 3792 3807 3107
f 127 433 1477
f 4395 4625 4453
f 2564 801 1887
f 4512 4570 4944
f 4450 4510 4808
f 2129 2271 2269
f 4761 4569 4104
f 4450 4856 4451
f 1852 1103 4957
f 4126 4414 4727
f 1623 4125 4108
f 3324 3682 2574
f 2749 588 3353
f 2860 3917 3533
f 4175 4390 4619
f 4175 4619 4758
f 766 4757 4509
f 4509 4758 766
f 4757 4942 4565
f 3652 4004 3993
f 4386 4893 4387
f 3428 76 592
f 4386 4385 4806
f 1960 3509 1969
f 4384 4383 4853
f 3530 3165 2061
f 3727 2949 2943
f 1831 1755 616
f 4560 4502 4561
f 4612 4440 4504
f 649 1773 1049
f 2609 395 1587
f 4493 1935 4204
f 4500 4434 4891
f 1345 4307 353
f 4557 4975 4090
f 2995 2630 3308
f 4367 4848 4165
f 4556 4298 4374
f 1630 1984 2653
f 2815 4274 2464
f 4365 3390 3740
f 2457 2083 2057
f 4863 4826 4955
f 1835 1127 116
f 4576 1945 2082
f 252 1511 693
f 84 2392 3437
f 4861 4001 805
f 200 685 4925
f 4491 4426 4225
f 2542 3658 3661
f 4706 4641 4639
f 3838 2282 4161
f 694 2353 3437
f 3832 3978 3690
f 4871 4912 4070
f 279 4719 1272
f 4218 4487 4735
f 4738 4664 4217
f 4767 377 4879
f 4734 4285 4660
f 4550 532 4143
f 4139 4282 4597
f 4346 4283 4599
f 4283 4346 4281
f 157 4868 1177
f 4766 4820 4699
f 4966 4734 4660
f 117 135 2785
f 4037 2911 1396
f 1940 1933 1178
f 4472 3487 3847
f 1534 3505 1871
f 4593 4781 4881
f 4499 4242 4433
f 4341 4131 4337
f 1101 353 1900
f 140 4691 2785
f 3194 3977 2490
f 4778 4586 4584
f 4167 3932 4090
f 4473 4652 4124
f 879 2626 863
f 4582 4584 4542
f 4141 4065 3766
f 1345 353 1101
f 1922 1203 157
f 4406 4583 4581
f 4582 4542 4407
f 4470 4718 4408
f 4328 4647 4469
f 2768 3628 3114
f 2080 825 275
f 2097 2151 1453
f 4469 4579 4540
f 2369 3075 4895
f 4469 4580 4579
f 4776 4646 4714
f 4406 4712 4405
f 4579 4646 4540
f 930 2282 3838
f 4773 4536 4401
f 19 2059 3033
f 4537 4463 4320
f 4536 4773 4643
f 4463 4535 4534
f 4400 4462 4826
f 852 777 3197
f 638 842 296
f 2397 180 2010
f 462 879 3877
f 4317 4459 4399
f 4998 4769 3962
f 4191 4824 4704
f 4526 4400 4863
f 4704 4528 4191
f 988 575 3048
f 4530 4111 4640
f 2606 1823 2519
f 1604 1995 4490
f 4639 4628 4706
f 4525 4458 4457
f 3745 4373 4432
f 4635 4574 4458
f 1361 3599 4604
f 4526 4636 4634
f 2428 1217 489
f 4631 4457 4398
f 3226 4611 2510
f 4190 4204 1911
f 3315 3955 3945
f 4697 4397 4859
f 3393 2297 3040
f 4763 4817 4313
f 2405 2776 1370
f 3813 4520 4029
f 4127 4336 4270
f 4417 4593 4134
f 4452 4453 4571
f 2561 1887 1199
f 4512 4944 4809
f 3307 2943 2934
f 379 1827 1793
f 4512 4622 4570
f 4013 3013 3315
f 4566 4176 4621
f 2143 1827 379
f 4620 4756 4807
f 736 4150 3477
f 4250 4618 4101
f 2820 1487 443
f 4758 4251 4175
f 3369 4351 3740
f 2519 94 162
f 3202 2938 3118
f 4751 3939 4805
f 1504 2838 1835
f 3028 3779 3800
f 4383 4308 4804
f 534 1833 1342
f 3649 4279 3945
f 4752 4094 4748
f 4748 4094 4614
f 279 2711 248
f 2885 2241 342
f 4439 4382 4613
f 4438 4439 4687
f 4420 2314 2293
f 4090 4975 4167
f 4687 4012 4438
f 517 1001 4330
f 4012 4687 4503
f 4303 4559 4502
f 4558 4503 4684
f 4682 4436 4501
f 4502 4559 4747
f 2665 3355 620
f 9 549 1597
f 4559 4244 4091
f 1724 1567 1682
f 4869 4870 4911
f 4500 4976 4091
f 4167 4680 4302
f 4746 4800 4301
f 4433 4301 4800
f 4180 3957 3956
f 699 4608 4375
f 2928 450 2202
f 4238 4679 4010
f 2953 3324 2577
f 2099 3069 4361
f 27 1215 1200
f 4630 1375 4344
f 4675 4370 4369
f 4428 2237 334
f 229 3349 3339
f 516 4980 2342
f 3357 1837 3727
f 4233 4793 4495
f 4233 4364 4793
f 4667 4491 4290
f 4426 4491 4927
f 4217 4352 3908
f 4737 4667 4359
f 3945 3554 3617
f 4425 4738 4217
f 4130 2674 1949
f 4873 4963 4648
f 4663 4357 4424
f 543 2857 2864
f 250 2842 440
f 4483 4489 4353
f 835 386 4480
f 4882 553 4483
f 3391 219 2714
f 3135 3132 81
f 4484 1389 4599
f 2327 2684 2625
f 1518 1519 2864
f 4285 4211 4660
f 4599 4421 4484
f 1121 2848 2700
f 2944 3617 2587
f 4211 4657 4660
f 4707 1272 68
f 1596 418 2291
f 3660 4238 3586
f 4783 4545 4346
f 76 2092 2419
f 852 3926 2337
f 4474 4335 4726
f 4208 4478 4728
f 4989 1208 4990
f 3733 3603 3553
f 4544 4206 4654
f 4946 4626 918
f 4133 4545 4276
f 3301 2677 2009
f 4587 4273 4044
f 2935 2304 426
f 1161 2545 2214
f 4586 4587 4043
f 3622 1329 3243
f 4816 4564 4013
f 1868 1166 1030
f 4804 4752 4748
f 3945 3955 3937
f 4648 4838 4582
f 4585 3350 35
f 1651 1611 1465
f 4648 4407 4467
f 98 1757 113
f 4470 4469 4540
f 4465 4538 4323
f 4405 4712 4537
f 4399 4709 4460
f 3330 531 449
f 1264 3776 4393
f 4463 4534 4401
f 1345 1728 4307
f 4058 4280 3906
f 935 921 926
f 4534 4532 4773
f 4463 4537 4535
f 941 3571 869
f 1489 3378 3022
f 4705 4526 4863
f 4316 3359 4591
f 4847 4668 4552
f 3046 3059 334
f 4110 4189 4530
f 4529 4635 4525
f 2876 3186 778
f 4635 4458 4525
f 4259 684 1807
f 4700 4184 4189
f 4185 4575 4182
f 4528 4575 4185
f 245 693 4607
f 4974 4172 2945
f 3090 3068 107
f 4521 4819 3881
f 4053 2590 469
f 4184 4522 4106
f 4521 4634 939
f 4254 4763 4313
f 3957 4180 4517
f 1266 3137 3907
f 2808 4780 4783
f 1394 2917 2796
f 3221 1756 3234
f 3945 3617 3649
f 4451 4856 4622
f 4917 4723 351
f 4178 4569 4621
f 916 4390 4566
f 4101 4620 4252
f 3945 4279 3315
f 1270 1214 3232
f 4388 4387 4893
f 4252 4510 4103
f 4309 4508 4565
f 4309 4689 4443
f 2749 1387 595
f 4351 3369 4345
f 4749 4441 4563
f 4381 4440 4614
f 4495 4848 4367
f 814 811 2253
f 4503 4558 4170
f 214 222 1823
f 4517 4180 4624
f 4502 4560 4169
f 4012 4503 4170
f 3900 3696 3833
f 3725 3324 2953
f 702 3805 713
f 4433 4800 4499
f 4375 4608 4166
f 2297 1105 618
f 4374 4166 4796
f 4761 4898 883
f 368 1931 821
f 2755 1392 2102
f 4603 4427 4292
f 3482 4781 2810
f 4007 4744 4237
f 4169 3595 4303
f 2706 2201 19
f 818 717 1522
f 1837 2949 3727
f 368 2556 1931
f 2953 2603 3725
f 153 2376 1586
f 4055 122 112
f 3333 3334 4004
f 2222 4378 2962
f 1875 2243 539
f 2704 1717 285
f 4846 4788 4739
f 1274 2539 22
f 4130 2655 2674
f 4491 4225 4290
f 4429 4740 4603
f 113 4917 1309
f 4108 3441 1623
f 3617 3554 2587
f 2999 2379 938
f 3265 3658 2548
f 1949 1182 3068
f 4434 4245 4435
f 4493 4742 3171
f 733 1542 2266
f 3847 1870 3838
f 3064 1156 1538
f 4354 3849 4218
f 2979 3346 3345
f 1689 1664 2380
f 3314 3985 3310
f 2317 49 3028
f 2483 976 4901
f 1342 2024 2691
f 4143 532 4142
f 1613 3630 3622
f 4346 4059 4281
f 4657 4211 4481
f 4633 4255 4697
f 4596 4417 4419
f 2051 3916 4547
f 2979 3357 3346
f 4275 4478 4208
f 4341 4343 4342
f 3140 2295 4179
f 3369 1776 213
f 3884 3888 4187
f 2628 3357 2979
f 4341 4474 4588
f 4127 4338 4336
f 2659 3024 4020
f 4356 49 2317
f 4272 4727 4651
f 653 45 1145
f 863 2626 4248
f 3448 3093 2707
f 4643 4835 4465
f 4406 4267 4583
f 2141 4696 169
f 975 2295 2792
f 107 2433 1974
f 4328 4469 4408
f 4325 4467 4407
f 4718 4470 4776
f 4469 4470 4408
f 2233 3505 1534
f 4540 4776 4470
f 4640 4192 4639
f 3140 4179 2016
f 4393 3776 4096
f 4753 2798 2496
f 4405 4537 4320
f 4057 4342 4280
f 985 988 1702
f 990 1720 2632
f 3384 3020 3376
f 4912 4871 4835
f 4460 4318 4399
f 4399 4318 4317
f 3820 3888 3884
f 3962 4769 4260
f 3048 1702 988
f 534 1342 1772
f 4528 3961 4191
f 3730 2766 3403
f 1392 2755 2092
f 2047 957 2434
f 4315 4107 4110
f 3157 1590 502
f 4186 4526 4634
f 3779 2275 3767
f 4457 4458 4398
f 1586 2732 729
f 4110 4523 4700
f 2207 2494 2209
f 4718 4776 4717
f 4235 3903 761
f 4521 4186 4634
f 4843 4258 200
f 3566 3616 4572
f 3779 3028 2275
f 4516 3953 4512
f 4105 4519 4518
f 4512 4809 4516
f 4809 4624 4516
f 4395 4453 4452
f 3875 4452 4571
f 3428 1283 322
f 2328 452 2318
f 4476 3067 2343
f 4758 4509 4251
f 4101 4618 4620
f 2981 2944 2969
f 4052 4345 3369
f 4508 4389 4565
f 4448 4618 4250
f 4045 4124 4652
f 4443 4095 4309
f 4441 4173 4563
f 4563 3939 4751
f 4441 4750 4015
f 4659 3807 3792
f 4303 4502 4169
f 3971 769 1709
f 2703 126 1156
f 4243 4436 4557
f 3955 1693 1281
f 4241 4302 4301
f 4560 4504 4011
f 472 2824 2097
f 2597 3340 1934
f 4677 4556 4374
f 4497 3930 4370
f 4295 3785 4296
f 1455 4928 1454
f 4790 4789 208
f 2502 1344 2845
f 4496 4295 4554
f 4689 4309 4565
f 4496 4673 4230
f 1675 518 2080
f 1781 2074 2075
f 2580 2597 1934
f 1742 612 2115
f 924 338 2847
f 4494 4429 4230
f 1304 1432 1348
f 4112 2648 84
f 98 3724 1757
f 4429 4603 4160
f 260 3156 250
f 472 514 2824
f 4522 4629 4106
f 2028 205 3899
f 4667 4290 4072
f 117 2466 616
f 2332 3431 3067
f 4214 4141 4353
f 926 4520 4762
f 4213 4357 4484
f 1667 3982 3638
f 4284 3908 4352
f 4352 4601 4284
f 4353 4489 4214
f 3768 2766 106
f 3068 3825 1949
f 4283 4421 4599
f 4487 4734 2128
f 3904 4282 4139
f 4594 4657 4481
f 2753 3057 2837
f 4280 4546 4594
f 1493 2915 4673
f 1788 2798 4753
f 4234 1788 4753
f 4208 4415 4278
f 4342 4131 4341
f 3989 4417 4134
f 1898 1498 1500
f 4099 4100 4251
f 3818 2353 3081
f 4129 4205 4338
f 112 122 423
f 875 1802 3433
f 4900 1792 992
f 4126 4727 3974
f 4335 4048 4045
f 4897 4450 4808
f 4124 4329 4473
f 4260 4769 4459
f 4122 4272 4334
f 4333 4270 4412
f 1784 2141 2839
f 2376 153 711
f 4268 4542 4200
f 3350 4585 3334
f 1447 2147 3102
f 4333 4650 4331
f 1462 4394 2252
f 4329 4198 4328
f 4096 4365 4393
f 4120 4331 4328
f 4408 4329 4328
f 4398 4458 4456
f 1719 3024 619
f 2460 4264 3535
f 4320 4327 4405
f 4323 4325 4326
f 4465 4323 4262
f 4324 4320 4401
f 4059 4210 3988
f 4320 4463 4401
f 736 4220 4524
f 1352 929 1320
f 4317 4318 4257
f 3373 103 1755
f 4191 4315 4824
f 4187 4526 4186
f 4189 4111 4530
f 2071 571 2726
f 603 2292 1898
f 4528 4185 4188
f 4107 4523 4110
f 68 1723 3062
f 3952 3940 1698
f 4213 4484 4421
f 3518 2896 1913
f 4455 4031 4573
f 4216 4287 4077
f 3813 3880 4520
f 4181 3566 4572
f 684 2813 1807
f 3875 4571 4513
f 4452 3811 4395
f 1412 2568 460
f 3952 2830 1559
f 3951 4104 4178
f 3951 4513 4104
f 3678 4363 733
f 1913 2896 1904
f 4680 4746 4302
f 4951 204 1110
f 3857 2738 2747
f 4757 4565 4509
f 4863 4984 4705
f 4565 4389 4509
f 4874 4719 248
f 4385 4386 4384
f 4019 4018 4384
f 4443 4442 3600
f 4805 3864 4442
f 1924 2904 3527
f 1924 365 2253
f 4015 4750 4382
f 1935 647 4204
f 4094 3735 4614
f 2599 2944 2587
f 4247 4382 4439
f 2163 2164 2137
f 4789 4926 208
f 4027 4177 3950
f 4168 4436 3722
f 2820 443 2512
f 4501 4436 4168
f 4436 4243 3722
f 3809 1141 3097
f 3452 404 3478
f 4152 3466 3807
f 4010 4745 4239
f 4166 4608 4796
f 3928 3787 3718
f 3827 4129 4127
f 4238 4497 4371
f 4007 4298 4744
f 4369 4370 3930
f 3121 756 4511
f 3787 3928 4675
f 3334 2635 1710
f 4743 3928 4165
f 3928 4743 4675
f 1854 1983 1925
f 2115 2762 1742
f 4293 4162 4496
f 4496 4230 4293
f 4233 4367 3856
f 4233 4495 4367
f 4523 4107 4313
f 4231 4364 4233
f 4306 4307 1728
f 4604 4606 2874
f 4158 4364 4231
f 4537 4712 4775
f 4667 4358 4359
f 2030 1124 506
f 4426 4221 4223
f 4119 4036 4118
f 4357 4219 4288
f 4359 4358 4214
f 2659 3366 646
f 482 2577 3796
f 4640 4641 4825
f 4218 3999 4487
f 1678 3644 3318
f 4288 4424 4357
f 3676 2930 3682
f 4357 4213 4219
f 1433 122 2769
f 4487 4076 4734
f 1650 1352 1320
f 4283 4281 4062
f 3910 4064 4145
f 4734 4076 4285
f 4285 4287 4145
f 2394 983 4006
f 1131 982 945
f 4008 3720 3587
f 1875 539 1046
f 4062 4421 4283
f 4919 3901 2212
f 2047 2051 4547
f 4461 3847 3838
f 4574 4456 4458
f 4342 4546 4280
f 4210 4133 3988
f 2930 1810 2574
f 4726 4588 4474
f 4126 3981 4276
f 4276 4414 4126
f 4276 4477 4414
f 4128 4654 4206
f 4337 4335 4474
f 4127 4129 4338
f 4048 4335 4337
f 4427 4153 4292
f 2796 4551 3531
f 3256 2921 3245
f 4270 4336 4412
f 4587 4044 4043
f 4651 4334 4272
f 4474 4341 4337
f 3165 3530 2800
f 4200 4586 4040
f 4215 3434 1788
f 4542 4586 4200
f 432 3149 4248
f 3614 3875 3873
f 3998 4077 4076
f 4046 3378 558
f 4268 4407 4542
f 4263 4262 4323
f 4405 4267 4406
f 126 2703 2707
f 4162 3927 4085
f 4921 4179 1514
f 3243 3247 3622
f 4407 4268 4326
f 4267 4405 4327
f 4265 4327 4324
f 4326 4325 4407
f 4265 4263 4117
f 4320 4324 4327
f 2460 3539 4264
f 4639 4192 3885
f 4119 4268 4121
f 4482 3487 4472
f 4263 4402 4262
f 4317 3886 3889
f 4114 4115 4400
f 1693 759 1281
f 1117 1353 353
f 4111 4192 4640
f 4187 4400 4526
f 4109 4315 4191
f 4425 4427 4739
f 4248 2441 4548
f 3961 4528 4188
f 2208 2391 2084
f 4060 3912 4066
f 4107 4315 4109
f 4321 3048 3058
f 1242 4991 4872
f 3902 1639 517
f 3816 4184 4106
f 1302 1698 3940
f 4033 4455 4397
f 3881 4573 4031
f 879 863 3877
f 3333 3652 2981
f 2852 187 3774
f 4180 4516 4624
f 4446 4250 3868
f 4644 4535 4537
f 4512 4177 4311
f 4027 4451 4311
f 4450 4451 4027
f 2617 1177 123
f 1416 3736 1810
f 2405 588 2776
f 4509 4389 3556
f 3868 4388 4446
f 3499 3883 3748
f 3301 2009 3290
f 4389 4508 4098
f 3109 1229 4490
f 4308 4018 3941
f 4443 3803 4095
f 3390 4365 4096
f 311 4379 291
f 4173 3939 4563
f 1904 2149 1218
f 472 4596 4598
f 4246 4440 4171
f 4504 4440 4246
f 4436 4682 4557
f 2762 2115 3395
f 4169 4560 4011
f 4303 4244 4559
f 892 388 3111
f 3723 4501 4168
f 3793 4170 3594
f 4005 907 2874
f 4803 1070 2126
f 4167 4302 3932
f 4935 3005 4978
f 4241 4301 4089
f 4301 4433 4089
f 3588 4499 4375
f 4212 3120 3878
f 3480 3860 3936
f 4088 4375 4166
f 835 4480 1672
f 1035 4511 3882
f 3938 3936 4171
f 3729 3860 3480
f 4371 4497 4887
f 3656 4007 4237
f 3221 3599 366
f 4162 4085 4295
f 1821 1487 2820
f 941 1285 3571
f 4295 4496 4162
f 1066 2502 3893
f 3856 4367 3784
f 653 1145 1538
f 72 3531 4551
f 3984 2492 3979
f 1299 1080 48
f 4181 3880 3958
f 4963 2776 4915
f 252 3823 396
f 4230 4429 4160
f 4425 4217 4151
f 2926 418 1596
f 641 549 4140
f 4427 4151 4153
f 4363 4746 733
f 4806 816 1618
f 4072 4358 4667
f 4198 3973 3891
f 1353 1117 2869
f 3921 4002 3924
f 3585 2503 2869
f 351 4916 300
f 1351 3045 4674
f 3982 1667 2691
f 4287 4285 4076
f 4346 4545 4210
f 3658 4630 4355
f 2574 3682 2930
f 2343 4144 3830
f 4146 4213 4066
f 4145 4211 4285
f 4062 4213 4421
f 4959 123 1177
f 4145 4064 4211
f 4549 4061 4139
f 4211 4064 4481
f 1079 849 973
f 1519 972 2864
f 4419 4284 4598
f 963 1870 3487
f 2700 3917 3200
f 2707 3093 2376
f 1020 3207 1959
f 3835 4278 3762
f 4342 4343 4546
f 4282 4278 4415
f 490 912 3290
f 4049 4206 4275
f 1758 4021 1404
f 3824 914 924
f 3980 4128 4206
f 1128 1353 2503
f 3307 3295 3689
f 2282 930 3466
f 4224 4147 4216
f 288 1476 1752
f 115 2011 211
f 1351 831 1780
f 3354 3261 3260
f 4270 4333 4199
f 1995 4486 4488
f 754 2308 3715
f 4268 4200 4121
f 4197 4334 4195
f 3632 3631 3636
f 3636 3698 3632
f 4266 4327 4195
f 2381 4466 1588
f 4324 4263 4265
f 4267 4327 4266
f 4265 4195 4327
f 4263 4323 4118
f 4326 4118 4323
f 2348 2179 2540
f 4324 4401 4402
f 4462 4115 4261
f 4115 3963 4261
f 4114 4400 4187
f 3888 4114 4187
f 3307 3689 3714
f 4257 4318 3686
f 4632 978 4097
f 3843 1014 1478
f 4190 3487 4482
f 1119 3193 4229
f 2053 3916 2051
f 3421 4106 3885
f 912 3934 1292
f 2082 825 2818
f 2233 2559 3505
f 3760 3759 3978
f 4552 4427 4603
f 4185 4182 4254
f 1627 2642 879
f 3815 4521 3881
f 1904 2576 2885
f 4004 4816 3993
f 470 1640 4562
f 3874 3953 4516
f 4420 4138 2314
f 2216 211 4947
f 3873 4513 3951
f 4178 4025 3951
f 3870 4510 4027
f 4509 4099 4251
f 4450 4027 4510
f 1487 1821 697
f 4175 4100 4102
f 912 2656 3290
f 4389 4098 3556
f 4386 4019 4384
f 4387 3943 4386
f 3725 3714 3324
f 3038 3048 4319
f 4094 4308 3941
f 3864 3600 4442
f 2080 518 2818
f 4173 4441 4093
f 3735 4092 4614
f 4381 4614 4092
f 3976 3288 1382
f 4171 4381 4092
f 3046 4409 4981
f 3265 3661 3658
f 4434 4500 3664
f 4433 4242 3542
f 4246 3859 4504
f 3932 4302 4241
f 4435 4245 3858
f 4242 4499 3588
f 4239 3931 4010
f 3466 1851 3807
f 4374 4298 4008
f 1396 4366 4037
f 4237 4296 3785
f 4887 4607 4371
f 3310 2019 3318
f 3784 4367 4165
f 1515 2206 263
f 3855 4293 4003
f 2024 1342 1833
f 4233 4083 4231
f 4291 4160 4603
f 4231 4081 4158
f 4081 4231 4083
f 4426 4364 4221
f 4158 4221 4364
f 4148 4424 4157
f 2934 2925 3675
f 3107 3807 1851
f 4151 4427 4425
f 2648 1929 84
f 4882 507 540
f 4158 4288 4221
f 4158 4226 4288
f 4020 4052 2659
f 4926 1487 697
f 2943 3714 3727
f 3229 3041 3122
f 4941 4689 2149
f 4288 4219 4221
f 4075 4292 4153
f 4291 4224 4216
f 45 30 1145
f 1832 497 1614
f 4159 4578 1571
f 2455 412 3905
f 4221 4146 4223
f 4074 4225 4223
f 4850 1395 531
f 4072 4290 4073
f 4221 4219 4146
f 4133 4276 4132
f 3295 2934 3675
f 603 1123 1923
f 4487 3999 4076
f 736 4524 3882
f 2141 1784 1441
f 3295 3675 3676
f 273 2723 867
f 2291 921 421
f 4147 4287 4216
f 3682 3689 3676
f 3914 3994 4358
f 4219 4213 4146
f 4358 3994 4214
f 4147 4145 4287
f 4424 4148 4068
f 1580 1974 2433
f 1678 3655 3644
f 1086 3934 912
f 4062 4066 4213
f 3915 3849 4143
f 4611 3226 1329
f 935 425 421
f 3833 4205 4129
f 1851 1848 3107
f 4021 1 1404
f 1361 366 3599
f 2176 1715 1716
f 3642 3643 3920
f 4953 1007 4821
f 3847 4461 4472
f 4417 3839 4419
f 4282 3904 4278
f 1279 255 3165
f 2266 1542 3706
f 4311 4451 4622
f 614 390 4445
f 4205 4134 4593
f 3981 4132 4276
f 4049 3980 4206
f 4602 4591 4340
f 4602 4340 4348
f 578 4873 4070
f 4459 4769 4399
f 1621 43 2940
f 4351 4345 115
f 4807 1646 365
f 2529 4884 3234
f 4272 4122 4042
f 3855 4003 3853
f 3714 3689 3682
f 3973 4124 3975
f 3972 4121 4040
f 3969 4039 4122
f 425 2289 421
f 2906 3955 2604
f 4199 4333 4331
f 1478 3340 487
f 3969 4197 3966
f 3591 4244 3474
f 4329 4124 4198
f 3969 4122 4197
f 4331 4120 4199
f 4326 4268 4119
f 3324 3714 3682
f 4334 4266 4195
f 4197 4195 4194
f 4197 4194 3966
f 3966 4194 4117
f 4119 4118 4326
f 4194 4195 4265
f 603 1845 1123
f 4117 4194 4265
f 4263 4118 4117
f 4317 3889 4459
f 4459 3889 4260
f 4254 4032 4185
f 3040 4413 4410
f 2126 3580 2117
f 3714 2943 3307
f 3680 4255 4998
f 3883 4189 4184
f 4467 4325 4323
f 4628 3885 4106
f 3884 4187 4186
f 2149 2885 342
f 4163 3152 2483
f 3680 4697 4255
f 3815 4186 4521
f 3413 3267 3455
f 3566 4181 3958
f 3519 2518 3893
f 1893 1772 6
f 4105 3812 4519
f 3568 3746 3618
f 4105 4395 3876
f 3594 3286 2931
f 2934 2943 2568
f 4622 4512 4311
f 4202 2010 3109
f 3846 4151 3844
f 4349 1846 4152
f 4251 4100 4175
f 1453 4691 140
f 4509 3556 4099
f 248 2711 2695
f 4387 4388 3396
f 1299 490 929
f 3602 3939 4173
f 4141 4061 4353
f 4093 4441 4015
f 388 892 4944
f 4816 4013 3993
f 4092 3735 3938
f 647 1911 4204
f 3667 4169 4011
f 4303 3474 4244
f 4558 3723 4170
f 2538 4638 2529
f 1904 3196 2576
f 4675 4369 3787
f 3858 4239 4435
f 3720 4008 4298
f 3787 4369 3657
f 1520 1521 1037
f 3660 4497 4238
f 3930 4497 3660
f 1675 2080 3026
f 4237 3785 3653
f 3456 914 3824
f 4293 3927 4162
f 3345 3346 3725
f 2603 3345 3725
f 3224 3276 3371
f 3585 3208 2503
f 4003 4230 4160
f 4424 4288 4157
f 2328 1984 1630
f 4291 4216 4160
f 4577 4457 4631
f 4659 3792 1300
f 4157 3921 4079
f 4160 4216 4077
f 3055 4970 4482
f 2184 2239 2235
f 2455 918 412
f 2012 1934 3340
f 3918 3999 4218
f 4290 4225 4074
f 4585 4004 3334
f 4289 636 635
f 4224 4292 4075
f 4218 3851 3918
f 4223 3995 4074
f 3846 4075 4153
f 2334 1627 852
f 4020 2011 4052
f 1623 3441 3456
f 4068 4148 3996
f 4391 2012 3340
f 2913 1388 2542
f 2024 1833 2019
f 2983 4394 1462
f 3689 3295 3676
f 4069 3912 3911
f 4141 3994 4065
f 4217 3908 4151
f 3184 2304 2313
f 3915 4143 4142
f 3766 4061 4141
f 983 1689 4305
f 4066 4062 4060
f 3171 4179 3163
f 4481 4064 3906
f 4513 3873 3875
f 3604 3941 4018
f 1446 4850 3290
f 1610 1601 1597
f 4060 4281 4059
f 941 1720 939
f 4054 983 565
f 4659 4152 3807
f 983 2394 3044
f 3835 4275 4208
f 3841 3707 4058
f 2376 3093 2732
f 4134 4205 3833
f 3048 3038 1702
f 4566 4390 4176
f 3980 4273 4128
f 4200 4040 4121
f 4621 4176 4178
f 3980 4047 4273
f 1807 1085 3537
f 4308 4094 4752
f 3975 4124 4045
f 4996 345 3747
f 3629 3696 3691
f 4039 4042 4122
f 2293 3393 4410
f 3967 4121 3972
f 3973 4198 4124
f 4199 4123 4270
f 887 981 1043
f 4120 3891 3968
f 4036 4117 4118
f 4115 4114 3888
f 3964 4192 4111
f 3822 3964 4111
f 4532 4710 4773
f 1738 3355 3359
f 1723 2086 3062
f 3857 2747 4196
f 1659 883 3819
f 2626 879 2642
f 4697 3497 4397
f 3828 4129 3827
f 4519 3812 3879
f 2431 3069 604
f 2490 1027 3194
f 3875 3811 4452
f 3744 4177 3953
f 4103 4510 3870
f 4102 4390 4175
f 1756 3221 2623
f 4102 4100 3946
f 4100 4099 3808
f 2657 1091 1650
f 4334 4197 4122
f 1545 1699 1383
f 150 308 326
f 4780 4477 4545
f 2314 4138 3427
f 3867 4019 4386
f 2628 1875 1983
f 3941 3804 4094
f 450 457 2202
f 1742 2760 2102
f 798 4983 3352
f 1088 1340 1297
f 4873 578 2776
f 4997 2308 4977
f 4816 206 197
f 4171 4440 4381
f 3863 4015 3795
f 3882 4511 756
f 3936 3860 4171
f 2719 4632 4097
f 2725 2209 2647
f 4246 4171 3860
f 4374 4796 4677
f 3663 4241 4089
f 2088 3140 2016
f 4295 4085 3785
f 4592 3977 3194
f 2397 2010 3114
f 3154 3922 227
f 3793 4012 4170
f 3474 4303 3595
f 3544 3041 3229
f 4091 4244 3591
f 2115 2766 3730
f 4243 4090 3932
f 3790 4239 3858
f 3417 3365 3269
f 4245 4434 3664
f 2656 912 3590
f 2317 3800 3431
f 4176 3949 4025
f 1020 3193 3207
f 2441 3338 3425
f 1644 1616 4861
f 3448 3064 3427
f 3786 3928 3718
f 671 3112 191
f 2016 4179 4921
f 3089 1429 4078
f 4144 3067 3814
f 3614 3358 3615
f 4725 3448 4138
f 4293 4230 4003
f 4226 4081 4002
f 3998 4003 4160
f 130 1140 4908
f 4160 4077 3998
f 3920 4000 3999
f 55 240 3763
f 4002 3921 4157
f 4000 3998 4076
f 4789 4491 4667
f 498 707 706
f 4970 4190 4482
f 4073 4290 4074
f 3849 3851 4218
f 2017 4212 4514
f 3424 2719 2723
f 906 482 3796
f 4223 4146 3995
f 4153 4151 3846
f 4224 3910 4147
f 3776 1802 4096
f 1689 2380 4305
f 2818 4844 1537
f 4146 4069 3995
f 1695 4001 1692
f 1786 3102 2147
f 3093 3448 4754
f 4391 2259 3376
f 4901 1007 2483
f 4464 4159 2705
f 3990 3908 4284
f 3910 3906 4064
f 4143 3849 4354
f 1792 1018 3197
f 2796 3922 4551
f 991 941 939
f 4061 3991 4139
f 3766 3991 4061
f 1715 2176 4316
f 4204 4190 4970
f 2800 109 3923
f 4397 3959 4033
f 334 2238 2233
f 3840 4059 3988
f 2727 3096 4466
f 4280 4058 4057
f 3837 3840 3988
f 4342 4057 3986
f 3642 3460 3643
f 3463 3643 3460
f 3988 4133 3983
f 4682 754 4557
f 4131 4342 3986
f 3974 3694 4126
f 4360 4348 4340
f 90 1261 92
f 4263 4324 4402
f 4048 4337 3978
f 4048 3975 4045
f 3828 3897 3900
f 4273 4047 4044
f 4123 4127 4270
f 4797 977 4794
f 110 149 163
f 3126 4258 2812
f 1226 58 40
f 4041 3965 3972
f 4986 1302 2815
f 4488 4490 1995
f 1892 1617 1215
f 4199 4120 3968
f 3126 1809 4258
f 4198 3891 4120
f 3754 3757 3831
f 3889 3890 4260
f 3868 3401 3396
f 1780 831 2719
f 3963 3887 3686
f 3958 3568 3567
f 4191 3961 4109
f 4445 4964 2302
f 4883 1389 4484
f 3883 4184 3748
f 3338 2441 4248
f 1199 1887 785
f 1474 450 1396
f 4422 3788 708
f 4418 4934 3779
f 4418 3779 3767
f 4185 4032 4188
f 3748 4184 3816
f 3621 3524 3959
f 1066 3893 2518
f 3619 4697 3680
f 3813 4029 3879
f 4031 4455 3498
f 3815 3881 3570
f 2450 2303 2301
f 4032 4254 3569
f 713 3805 225
f 3835 4208 4278
f 4180 3564 4516
f 1299 48 1086
f 3476 3541 3542
f 569 582 546
f 3613 3950 4177
f 3950 3870 4027
f 1200 1215 1610
f 3869 3944 4101
f 3944 3606 3868
f 3808 4099 3556
f 3868 3606 3347
f 3628 3120 3114
f 3523 3815 3570
f 2539 917 1060
f 3737 4098 4508
f 2848 1344 2700
f 1785 3662 3672
f 3396 3739 4387
f 4387 3739 3943
f 4060 4062 4281
f 3675 3661 3265
f 2239 2456 2985
f 3067 4135 3814
f 1479 2259 1173
f 2868 3852 4485
f 2247 2218 2408
f 3939 3801 3864
f 3396 4388 3868
f 4514 4212 1033
f 3795 4015 4247
f 4549 4483 4353
f 3135 2820 3132
f 4500 4091 3664
f 4024 4989 1178
f 4011 3859 3545
f 2010 1229 3109
f 3722 4243 3933
f 3933 4243 3932
f 3932 4241 3663
f 3378 4046 2252
f 2117 3580 4592
f 4581 4583 4839
f 3586 4238 4010
f 3657 3930 3536
f 3856 3784 3648
f 3974 4272 4042
f 4083 3924 4002
f 4000 4003 3998
f 4081 4226 4158
f 3919 3920 3918
f 3921 3577 4079
f 3920 3999 3918
f 4079 3996 4148
f 4258 1809 685
f 3641 3851 3849
f 4803 3898 2926
f 4765 3854 2738
f 4074 3995 4073
f 4075 3910 4224
f 379 1793 956
f 4652 4917 4726
f 4075 3846 3910
f 3727 3725 3346
f 3219 1293 1285
f 3911 3995 4069
f 3910 4145 4147
f 4065 3994 3770
f 3908 3844 4151
f 3700 3636 3631
f 3912 4069 4066
f 4351 4365 3740
f 3949 3560 3453
f 4683 3378 3756
f 1416 2930 2924
f 3990 4419 3839
f 3840 4060 4059
f 3990 3765 3908
f 4686 4678 3376
f 3248 2313 2304
f 3904 3762 4278
f 4132 3983 4133
f 175 2067 3168
f 3248 2318 2313
f 3696 3836 3833
f 3627 4275 3835
f 3758 3983 4132
f 4134 3833 3836
f 3758 4132 3981
f 3978 4131 3760
f 4821 1007 4901
f 175 1430 2067
f 1719 3013 4294
f 588 2405 3353
f 3634 3635 3836
f 3900 4129 3828
f 3831 3694 3974
f 3980 3688 4047
f 1825 3456 3441
f 3975 4048 3832
f 3433 2743 285
f 2465 3745 1769
f 3897 3973 3975
f 4042 4039 3894
f 4043 4044 3892
f 3973 3895 3891
f 3894 4039 4041
f 3894 4041 3972
f 2445 1253 1587
f 601 665 683
f 4040 3892 3972
f 2539 1630 917
f 4041 4039 3969
f 4123 4199 3968
f 2877 1377 3247
f 4424 4142 4663
f 3972 3965 3967
f 3969 3966 4041
f 4041 3966 3965
f 3966 4036 3965
f 3966 4117 4036
f 4018 4383 4384
f 3967 3965 4119
f 4004 206 4816
f 2548 3658 4355
f 3890 3684 3962
f 2895 4505 2904
f 3962 3684 3680
f 3680 4998 3962
f 3749 4109 3961
f 3822 4111 4189
f 365 2302 814
f 3441 4108 3426
f 1195 4156 4444
f 197 4564 4816
f 1640 1382 2347
f 4394 4919 3756
f 3881 4031 3570
f 1924 2253 2904
f 3813 3746 3880
f 4986 2815 283
f 1200 1610 1189
f 3812 4105 3876
f 1769 3745 1441
f 1831 616 2466
f 4273 4587 4654
f 1623 3824 1195
f 4107 4109 3749
f 3870 3950 3871
f 2233 4923 4409
f 3316 4024 1933
f 3947 3742 4101
f 3948 3947 4103
f 3741 4100 3808
f 2889 801 3511
f 3808 3556 3806
f 3869 4101 3742
f 3738 4019 3867
f 244 731 3823
f 3734 3603 4093
f 1099 509 3291
f 4602 763 4591
f 3735 3804 3673
f 1183 868 953
f 3863 3734 4093
f 4015 3863 4093
f 3798 3797 3938
f 3938 4171 4092
f 1742 2762 2760
f 2259 1014 1778
f 3938 3797 3936
f 3676 3675 3278
f 3672 4053 2563
f 3860 3794 4246
f 3977 3971 2490
f 4246 3794 3859
f 251 4004 4585
f 4079 3712 3996
f 4439 4438 3508
f 2054 1831 1725
f 1695 1702 3038
f 3542 3589 4089
f 3664 4091 3591
f 4524 361 3882
f 2536 2911 4037
f 860 3979 2489
f 2925 3661 3675
f 4447 827 4942
f 3791 3540 3933
f 3721 4374 4008
f 2472 3154 227
f 194 4712 219
f 4166 3721 3472
f 4374 3721 4166
f 2744 351 300
f 3905 412 3041
f 3984 4306 345
f 3208 3585 1069
f 4007 3584 3720
f 4066 4069 4146
f 4572 4762 4181
f 1743 1818 1540
f 4040 4586 4043
f 4002 4081 4083
f 353 4307 1117
f 4643 4832 4835
f 2165 1756 392
f 3786 3784 3928
f 3782 3778 3924
f 3782 3924 4083
f 2140 1433 3414
f 3309 3173 3400
f 4562 392 3262
f 4165 3928 3784
f 1110 2892 214
f 3778 3921 3924
f 3853 4000 3920
f 4862 4602 4348
f 3712 4079 3577
f 3851 3919 3918
f 329 328 310
f 3848 4072 4073
f 2597 487 3340
f 3081 2727 3818
f 4695 2655 4130
f 4360 4877 4348
f 4923 2233 1534
f 3845 3914 3848
f 3848 3711 3845
f 4605 4253 2510
f 3915 4142 4068
f 846 876 4507
f 3844 3908 3765
f 4058 3906 3841
f 3910 3841 3906
f 3912 4060 3840
f 535 1854 1925
f 3701 3840 3837
f 3983 3837 3988
f 356 398 4544
f 2536 1377 2911
f 2811 2067 1430
f 219 42 194
f 3690 3978 3759
f 3758 3981 3694
f 3112 4711 4113
f 4005 4332 4344
f 3857 4774 2738
f 2981 3617 2944
f 4048 3978 3832
f 4877 3392 4097
f 2328 2318 1984
f 4884 4627 4889
f 3963 4318 4261
f 3691 3900 3897
f 3691 3897 3829
f 3832 3829 3975
f 3975 3829 3897
f 3831 3894 3754
f 3828 3752 3895
f 3827 3752 3828
f 1762 1766 1916
f 3939 3602 3801
f 3974 3894 3831
f 943 1375 2542
f 2628 2980 3357
f 2293 1145 30
f 1617 1892 55
f 371 318 350
f 3890 3962 4260
f 4512 3953 4177
f 3732 3670 3548
f 3887 3888 3820
f 3572 3421 3885
f 3964 3885 4192
f 3884 3681 3820
f 3749 3961 3683
f 4257 3886 4317
f 4254 4313 3569
f 3884 4186 3815
f 3419 3498 4033
f 2675 2999 938
f 3421 3816 4106
f 219 3391 42
f 3880 3746 3958
f 3999 4000 4076
f 2570 2753 2296
f 1255 2053 2051
f 1345 1108 1728
f 3879 3812 3679
f 3270 3572 3822
f 1060 917 65
f 4161 4461 3838
f 3874 3744 3953
f 2727 3081 3096
f 699 266 3651
f 3870 3871 4103
f 1819 1817 1816
f 4056 1942 17
f 3948 4103 3871
f 3741 3946 4100
f 3808 3609 3741
f 2889 2575 801
f 3401 3868 3347
f 980 1709 2481
f 381 2581 3527
f 3737 4508 4095
f 4019 3604 4018
f 3735 3673 3601
f 2454 1757 3724
f 3513 3551 3602
f 1993 2135 1679
f 3731 4247 4439
f 1922 157 1177
f 3799 3861 3865
f 3861 3799 3863
f 3742 3610 3869
f 3671 3865 3862
f 4003 4000 3853
f 3865 3861 3862
f 2930 3676 3278
f 3863 3795 3861
f 4722 860 2489
f 3797 3480 3936
f 3731 3795 4247
f 3794 3860 3729
f 1158 907 3452
f 2450 2718 2346
f 4169 3667 3595
f 3121 4511 4209
f 4245 3664 3666
f 2252 3756 3378
f 749 3710 1557
f 3663 4089 3589
f 3664 3438 3666
f 1639 2698 1019
f 3933 3932 3791
f 2910 3259 3516
f 3931 4239 3790
f 1281 2604 3955
f 4472 757 4482
f 3660 3536 3930
f 1538 1145 2314
f 4007 3656 3584
f 4482 757 3055
f 3653 3785 3469
f 1364 2031 1269
f 4313 4107 3569
f 3725 3727 3714
f 4085 3927 3647
f 4072 3914 4358
f 3346 3357 3727
f 3409 3453 3408
f 2573 1653 2551
f 3783 3647 3927
f 3783 4293 3855
f 333 2751 322
f 3782 4083 3856
f 3716 3781 3645
f 3780 3855 3853
f 3716 3775 3778
f 3777 3853 3920
f 3775 3921 3778
f 3686 3887 3322
f 1437 551 4924
f 4742 4179 3171
f 3920 3919 3642
f 3577 3921 3775
f 2140 3434 151
f 4360 1351 3392
f 2434 1637 4164
f 4068 3996 3915
f 3641 3849 3915
f 3343 3671 3206
f 1664 2617 1608
f 4926 4925 443
f 4073 3995 3848
f 3995 3911 3848
f 366 1361 3563
f 3846 3844 3769
f 3845 3770 3994
f 3038 4314 1695
f 2052 17 969
f 3900 3833 4129
f 1514 4179 4742
f 3846 3841 3910
f 3912 3764 3911
f 3844 3765 3769
f 425 1266 2289
f 4721 355 88
f 3770 3766 4065
f 3912 3840 3764
f 3991 3766 3709
f 572 2729 2059
f 3559 3520 3490
f 3707 3986 4057
f 4471 2381 3854
f 4475 4486 2732
f 3393 3040 4410
f 3989 3635 3839
f 3762 3904 3700
f 3989 4134 3836
f 4410 4420 2293
f 4131 3986 3760
f 3514 3604 3738
f 2011 115 4052
f 978 4877 4097
f 3186 2561 1199
f 3696 3900 3691
f 3755 3980 4049
f 3757 3694 3831
f 3989 3836 3635
f 4695 4413 3040
f 3690 3691 3832
f 3691 3829 3832
f 3894 3687 3754
f 1808 1195 4444
f 3895 3973 3897
f 2648 4112 3767
f 197 4396 4564
f 3688 3892 4044
f 3827 4127 4123
f 3827 4123 3752
f 3972 3892 3894
f 3752 3891 3895
f 3436 2965 3377
f 4123 3968 3752
f 3968 3891 3752
f 4893 4446 4388
f 4196 2747 4203
f 2920 3229 3111
f 3964 3572 3885
f 3684 3417 3680
f 3683 3961 4188
f 3420 3822 3883
f 2582 2594 1118
f 4252 4103 3947
f 2749 2431 1387
f 4864 4307 4306
f 3570 4031 3498
f 1597 1189 1610
f 3812 3565 3679
f 4444 2088 1390
f 82 4372 98
f 4423 3431 3800
f 3616 3956 3957
f 3679 3813 3879
f 3956 3564 4180
f 3679 3618 3813
f 3564 3874 4516
f 4990 1208 216
f 3675 3265 3278
f 228 235 241
f 3946 3949 4102
f 1933 4024 1178
f 3609 3808 3806
f 2454 4067 3410
f 2024 2019 2677
f 4173 3733 3602
f 3863 3799 3734
f 3550 3549 3803
f 3864 3510 3600
f 3798 3938 3601
f 3448 4725 4454
f 539 2243 1019
f 3415 3458 3568
f 2455 3905 3907
f 1184 1257 2030
f 4438 4012 3669
f 3732 3861 3795
f 3384 3376 1479
f 3731 4439 3508
f 183 2863 191
f 2530 2803 731
f 4012 3388 3669
f 2623 3221 366
f 3594 4170 3723
f 2926 406 418
f 3543 3858 4245
f 4555 4020 4294
f 3558 3560 3946
f 3723 4168 3286
f 3286 4168 3722
f 2335 957 2047
f 3414 1433 2769
f 3791 3932 3663
f 4676 4886 1493
f 4088 3588 4375
f 423 4063 4728
f 3931 3538 4010
f 3586 4010 3538
f 3483 3404 3402
f 3286 3594 3723
f 467 2808 4783
f 4735 4354 4218
f 4052 115 4345
f 4237 3653 3656
f 3375 3584 3656
f 2092 4616 2419
f 3646 3781 3648
f 3428 322 2751
f 2097 2810 4922
f 3648 3781 3782
f 567 3355 1738
f 3781 3778 3782
f 3778 3781 3716
f 1365 2093 4995
f 3853 3777 3780
f 4351 521 4365
f 2222 877 483
f 3500 972 1166
f 1420 2675 509
f 3712 3574 3996
f 3996 3641 3915
f 685 1809 443
f 2808 1429 3768
f 3848 3911 3711
f 3845 3711 3770
f 3911 3764 3711
f 3770 3711 3640
f 3846 3769 3841
f 4493 4970 4742
f 469 483 475
f 831 2723 2719
f 3769 3707 3841
f 3770 3709 3766
f 3707 3769 3705
f 3701 3702 3764
f 3764 3840 3701
f 3990 3704 3705
f 2732 3093 4475
f 3635 3704 3839
f 1982 1182 669
f 2322 2308 2316
f 191 187 183
f 3707 3703 3986
f 3837 3983 3701
f 3983 3697 3701
f 2147 467 1389
f 3681 3884 3815
f 3347 3606 3449
f 3699 3760 3986
f 3363 3820 3681
f 3983 3758 3697
f 3699 3759 3760
f 2852 2805 3772
f 795 772 2228
f 3697 3758 3632
f 3693 3757 3692
f 586 2711 4707
f 3835 3692 3761
f 2655 4695 3040
f 260 3826 3156
f 3098 3267 3178
f 1040 1517 4164
f 4418 3767 4112
f 2694 3147 2696
f 3636 3637 3708
f 3892 3687 3894
f 3685 3890 3889
f 3519 4229 2518
f 3684 3890 3625
f 3655 1692 4001
f 2813 684 1480
f 4765 2909 3854
f 4176 4102 3949
f 3685 3625 3890
f 2233 2238 2559
f 3822 4189 3883
f 3886 3959 3524
f 3403 2766 3089
f 3420 3883 3499
f 3744 3613 4177
f 3683 4188 4032
f 2903 2938 3202
f 3569 4107 3749
f 1200 1189 1631
f 3497 3621 4397
f 4419 3990 4284
f 3457 3566 3567
f 2818 1537 2082
f 3958 3746 3568
f 1085 2139 3537
f 2202 4376 2928
f 3565 3812 3876
f 1758 4017 4021
f 1281 2113 2604
f 3614 3873 3810
f 559 2663 1958
f 3613 3520 3950
f 1559 2830 2481
f 3614 3615 3875
f 3264 3358 3311
f 2825 2185 4136
f 3520 3871 3950
f 3611 3558 3741
f 3946 3560 3949
f 2099 4361 4055
f 3395 2115 3730
f 3944 3869 3606
f 3882 361 1035
f 3671 3515 3865
f 3867 3552 3738
f 3739 3867 3943
f 4019 3738 3604
f 2387 66 4623
f 251 206 4004
f 3604 3804 3941
f 4094 3804 3735
f 235 3817 2530
f 4686 3376 3020
f 3771 3426 4108
f 4155 3970 4828
f 3549 4095 3803
f 4220 2028 4527
f 3861 3732 3862
f 3548 3479 3862
f 3548 3862 3732
f 4784 4207 2839
f 2642 1627 2334
f 3303 3551 3442
f 250 2791 2842
f 3955 2160 1693
f 3729 3439 3794
f 4438 3669 3508
f 3596 3794 3439
f 3794 3596 3859
f 3596 3545 3859
f 3859 4011 4504
f 3899 4235 4232
f 2953 482 1001
f 3507 3667 3668
f 3543 4245 3666
f 629 650 2655
f 3541 3589 3542
f 3386 4242 3588
f 4454 4754 3448
f 3933 3540 3722
f 3791 3663 3589
f 2857 1518 2864
f 3790 3538 3931
f 4131 3978 4337
f 3469 3785 4085
f 3472 4088 4166
f 4555 4564 4396
f 2920 387 2918
f 3587 3435 4008
f 4376 2202 2580
f 3657 3536 3432
f 818 3488 2545
f 1377 1474 2911
f 3430 3653 3469
f 3368 3502 3780
f 4085 3582 3469
f 2047 4547 2416
f 3782 3856 3648
f 4293 3783 3927
f 3648 3784 3650
f 3646 3648 3650
f 1773 1447 3102
f 343 4351 115
f 457 450 692
f 3780 3717 3783
f 3775 3462 3579
f 3462 3775 3716
f 3775 3579 3577
f 3650 3784 3786
f 1166 1868 2868
f 3574 3641 3996
f 3810 3873 3951
f 3641 3575 3851
f 3641 3574 3575
f 4493 4204 4970
f 3765 3705 3769
f 3711 3764 3640
f 3765 3990 3705
f 4466 2381 4471
f 3640 3764 3702
f 4591 763 4316
f 3640 3702 3708
f 4975 4557 754
f 3640 3708 3709
f 3707 3705 3703
f 3709 3708 3637
f 3705 3704 3703
f 543 1657 1255
f 3702 3701 3697
f 3704 3634 3703
f 3637 3636 3700
f 3634 3699 3703
f 3702 3698 3708
f 763 4602 165
f 3708 3698 3636
f 3698 3697 3632
f 3634 3629 3699
f 2860 1946 3200
f 4765 2738 4774
f 3631 3693 3692
f 3836 3696 3629
f 2275 1098 1898
f 3699 3629 3759
f 3592 197 206
f 3758 3694 3632
f 3986 3703 3699
f 3632 3694 3693
f 3700 3709 3637
f 3692 3757 3761
f 3629 3691 3690
f 3112 4113 191
f 191 4113 187
f 3755 4049 3627
f 3754 3687 3626
f 3632 3693 3631
f 3687 3892 3755
f 3688 3755 3892
f 408 518 1675
f 2564 1887 2561
f 3685 3889 3886
f 3887 3459 3322
f 3619 3680 3417
f 3074 3548 3598
f 3976 3003 1477
f 68 3058 586
f 3569 3683 4032
f 681 268 1665
f 801 2564 3511
f 3813 3618 3746
f 4583 4266 4334
f 3412 3564 3956
f 3811 3615 3565
f 3339 2145 4854
f 3492 3744 3874
f 3905 3041 3544
f 3453 4025 3949
f 2624 2227 2517
f 2632 3250 870
f 3559 3871 3520
f 3871 3559 3948
f 3799 3865 3483
f 3608 3606 3610
f 2276 165 4602
f 3606 3869 3610
f 3316 4028 1678
f 3806 3556 3516
f 4044 4047 3688
f 3876 4395 3811
f 3671 3605 3515
f 3739 3552 3867
f 3738 3552 3398
f 3254 1621 2940
f 3514 3804 3604
f 2292 2275 1898
f 3483 3734 3799
f 4093 3733 4173
f 116 726 1835
f 3232 1214 3562
f 3600 3550 3803
f 1664 2379 2380
f 3801 3202 3864
f 3864 3202 3510
f 3862 3481 3671
f 3025 2966 2844
f 3548 3670 3598
f 4985 3252 491
f 3508 3598 3731
f 821 1931 2908
f 3545 3668 4011
f 4242 3476 3542
f 3984 3979 999
f 384 1456 4897
f 1828 3456 1825
f 3286 3722 3540
f 3216 1931 1234
f 3507 3283 3474
f 3580 3208 1069
f 3436 3586 3538
f 4562 1640 2347
f 4008 3435 3721
f 3534 3657 3432
f 4156 1195 3824
f 3375 3656 3653
f 3718 3657 3534
f 2088 1864 3140
f 3717 3502 3370
f 2223 4172 3850
f 3783 3855 3780
f 1660 1394 3531
f 2214 2545 4172
f 1646 4445 2302
f 3575 3528 3919
f 3526 3712 3577
f 112 398 2099
f 3526 3574 3712
f 325 3719 311
f 3639 3529 206
f 3599 3221 1850
f 3168 3531 72
f 3639 206 251
f 3704 3635 3634
f 3634 3836 3629
f 2770 2859 2988
f 3757 3754 3761
f 3761 3626 3627
f 3264 3411 3358
f 4963 4838 4648
f 2987 4023 1264
f 3749 3683 3569
f 3686 3322 3525
f 3521 3409 3358
f 3626 3687 3755
f 3529 3592 206
f 1418 1566 1564
f 3525 3750 3686
f 1816 1736 1777
f 115 211 2216
f 1149 590 2853
f 4005 2874 4606
f 4014 2059 2729
f 3221 3234 1850
f 3419 3750 3364
f 3597 4669 4494
f 4567 3612 2675
f 977 4515 4794
f 3362 3621 3497
f 4627 4884 2529
f 3467 3276 3326
f 3317 3568 3618
f 4986 834 1302
f 3756 2252 4394
f 606 2379 3987
f 3566 3457 3616
f 3492 3874 3564
f 3565 3494 3679
f 1300 1264 4023
f 3811 3565 3876
f 1435 4967 4372
f 3454 3615 3411
f 4017 1758 3232
f 4025 3453 3810
f 3947 3948 3610
f 3741 3609 3611
f 1621 3254 3935
f 3611 3609 3517
f 3557 3450 3608
f 3096 1588 4466
f 2582 1103 2594
f 4098 3446 3556
f 3605 3555 3515
f 3483 3865 3515
f 381 387 384
f 3553 3603 3483
f 2160 3315 3013
f 2291 3244 1596
f 4973 717 1161
f 3798 3601 3443
f 2640 2761 2929
f 1010 2962 4071
f 2536 1613 3622
f 4659 2616 4152
f 4017 1 4021
f 225 207 180
f 2956 2642 2334
f 3731 3598 3670
f 372 318 371
f 2887 3289 3388
f 269 699 4849
f 4063 1433 4201
f 4828 3842 2362
f 3595 3667 3507
f 3498 4455 4033
f 3591 3474 3438
f 3438 3664 3591
f 3332 3286 3540
f 2705 3830 4464
f 832 273 867
f 2206 2541 263
f 3227 3147 2880
f 4154 4144 4149
f 2419 2729 76
f 842 57 306
f 521 4393 4365
f 2657 3281 2337
f 3362 3268 3418
f 3502 3717 3780
f 3786 3279 3650
f 2347 1382 3288
f 3783 3717 3647
f 284 1550 1161
f 3643 3368 3777
f 2002 2653 4567
f 3797 3798 3298
f 3781 3646 3645
f 3368 3780 3777
f 3642 3919 3528
f 2351 1650 2984
f 521 2987 4393
f 381 384 3809
f 3851 3575 3919
f 278 2463 1706
f 2150 380 3659
f 3754 3626 3761
f 2665 3359 3355
f 3626 3755 3627
f 3049 2405 3044
f 2293 30 610
f 3685 3886 3524
f 3449 3172 3169
f 3524 3362 3418
f 3815 3523 3681
f 3480 3298 3389
f 1835 2838 2526
f 3611 3489 3558
f 952 3184 4699
f 3497 4697 3619
f 2113 1281 1671
f 3523 3570 3319
f 4253 4605 2143
f 3457 3455 3616
f 3938 3735 3601
f 3615 3454 3565
f 521 340 2987
f 3793 3388 4012
f 246 1277 1657
f 3565 3493 3494
f 3615 3358 3411
f 1848 2743 3107
f 3490 3744 3491
f 562 3003 4299
f 3453 3521 3810
f 3491 3744 3263
f 3520 3744 3490
f 3744 3492 3263
f 4659 1300 2616
f 4348 4877 978
f 3560 3408 3453
f 2894 811 2575
f 3517 3609 3486
f 3608 3449 3606
f 3603 3734 3483
f 3486 3609 3806
f 645 1441 1784
f 3486 3806 3516
f 698 654 730
f 2582 3233 1103
f 3603 3733 4093
f 2689 3011 3010
f 3605 3343 3211
f 3605 3485 3555
f 1516 1025 1509
f 3402 3553 3483
f 1080 1299 929
f 3620 3638 3982
f 2529 4638 4627
f 1934 4661 2580
f 4638 2538 2548
f 1002 877 2222
f 1 4362 3662
f 3514 3673 3804
f 2743 3433 3792
f 3513 3344 3551
f 1587 395 905
f 3733 3513 3602
f 4095 3549 3737
f 3042 3342 3167
f 3479 3481 3862
f 4698 4420 4410
f 3389 3729 3480
f 4418 4112 4703
f 4242 3386 3476
f 3071 3596 3439
f 3248 3581 2318
f 3793 3594 3388
f 2626 4837 3338
f 175 3168 72
f 3543 3385 3858
f 3595 3507 3474
f 3365 3685 3418
f 3188 3108 3385
f 615 3825 3068
f 3381 3588 3380
f 3411 3264 3313
f 3538 3790 2966
f 4088 3380 3588
f 3435 3472 3721
f 386 835 3216
f 983 4305 4006
f 19 3033 2706
f 4862 2276 4602
f 4708 4695 4130
f 3374 3430 3469
f 3145 3374 3469
f 4504 4560 4561
f 2059 3039 3033
f 3468 3582 3647
f 3645 3464 3716
f 4420 4698 4138
f 4771 2808 3768
f 3500 3009 2864
f 3070 2806 2887
f 3526 3579 3461
f 3330 969 3638
f 3579 3526 3577
f 2237 3187 2238
f 3526 3528 3574
f 3528 3575 3574
f 1412 2925 2568
f 4698 4725 4138
f 3365 3417 3625
f 4138 3448 3427
f 3524 3418 3685
f 1901 4161 2816
f 3069 2431 535
f 3361 3317 3618
f 1026 4525 4577
f 3763 240 4209
f 1714 3013 1719
f 1442 1318 1359
f 1846 2816 4161
f 4001 4314 805
f 3567 3568 3458
f 2405 3049 3353
f 3454 3493 3565
f 1634 58 1226
f 3285 4779 1811
f 4149 4144 3814
f 3408 3560 3489
f 3560 3558 3489
f 76 2729 592
f 2695 1958 233
f 2472 2046 626
f 3232 1451 4017
f 2916 3173 3309
f 3820 3459 3887
f 3516 3446 3209
f 3761 3627 3835
f 4098 3394 3446
f 4351 343 340
f 3445 3552 3739
f 3398 3399 3514
f 3399 3305 3514
f 1507 2829 451
f 3396 3342 3302
f 1104 1150 1106
f 3397 3601 3673
f 3737 3394 4098
f 3302 3739 3396
f 3373 3367 1723
f 3398 3514 3738
f 269 4849 3674
f 4413 4698 4410
f 3548 3074 3479
f 3388 3289 3669
f 1046 539 2698
f 2876 3504 3186
f 3668 3545 3240
f 3476 3386 3387
f 3236 3507 3668
f 671 2447 3112
f 3350 1715 4316
f 2619 4604 362
f 3791 3589 3331
f 3473 3331 3589
f 3381 3386 3588
f 2609 1587 1253
f 4736 4159 4464
f 4203 2005 3116
f 3395 3728 2762
f 2512 1809 3127
f 3718 3534 3786
f 3377 3148 3536
f 538 3150 3090
f 449 1785 3672
f 2920 3532 4228
f 4423 4135 3431
f 3653 3430 3228
f 4233 3856 4083
f 3842 538 3090
f 764 449 2563
f 3371 3646 3650
f 3645 3646 3467
f 3646 3371 3467
f 1871 3505 2868
f 3467 3465 3645
f 2959 2841 2961
f 3643 3463 3325
f 3462 3461 3579
f 2665 61 3045
f 3528 3460 3642
f 3526 3461 3528
f 4080 2465 3410
f 3320 3816 3421
f 4475 3093 4754
f 3964 3822 3572
f 4543 468 454
f 3459 3363 3018
f 4078 1429 2473
f 3319 3363 3523
f 4193 1706 268
f 3619 3417 3416
f 3748 3816 3320
f 3327 3468 3275
f 4780 2808 4771
f 3268 3497 3619
f 3361 3618 3679
f 4046 558 1435
f 4533 4527 3899
f 3567 3458 3457
f 3458 3413 3457
f 3417 3684 3625
f 4249 2496 2157
f 4402 4536 4262
f 3412 3455 3267
f 4461 4161 1901
f 4471 3854 2909
f 4810 905 395
f 3744 3520 3613
f 3312 3263 3492
f 3517 3130 3405
f 3732 3795 3731
f 3407 3559 3354
f 4770 4488 4486
f 3405 3611 3517
f 3407 3450 3557
f 950 2295 3140
f 3486 3516 3259
f 726 116 2915
f 3823 731 2803
f 3450 3258 3608
f 3657 3718 3787
f 3556 3446 3516
f 543 246 1657
f 915 3041 918
f 3483 3515 3404
f 2141 1441 3753
f 3401 3347 3169
f 2783 2898 2993
f 3306 3446 3394
f 3400 3513 3733
f 4488 3109 4490
f 1159 2484 57
f 3673 3514 3305
f 3601 3087 3443
f 3798 3443 3298
f 3550 3600 3253
f 4450 4897 4856
f 3551 3801 3602
f 2688 940 3300
f 1255 1657 2053
f 2236 3424 2723
f 2541 2206 3834
f 263 1522 712
f 3480 3797 3298
f 956 1793 1214
f 3389 3439 3729
f 3598 3508 3440
f 241 3607 91
f 3545 3596 3241
f 3388 3594 3032
f 2565 4229 3193
f 649 1049 2808
f 2805 2852 3774
f 3385 3543 3188
f 3438 3336 3666
f 396 1515 252
f 4984 3219 4950
f 3541 3473 3589
f 3282 2966 3790
f 4088 3472 3380
f 3228 3375 3653
f 3582 3327 3469
f 3327 3582 3468
f 3329 3371 3650
f 3461 3423 3460
f 3502 3368 3325
f 3920 3643 3777
f 4055 4361 1457
f 3464 3645 3465
f 3368 3643 3325
f 3465 3273 3323
f 3464 3323 3462
f 1597 641 1189
f 3463 3460 3423
f 3461 3462 3423
f 3460 3528 3461
f 3459 3820 3363
f 3364 3271 3419
f 3271 3498 3419
f 3320 3499 3748
f 3416 3268 3619
f 4742 1546 1514
f 4232 4533 3899
f 3492 3360 3312
f 3521 3453 3409
f 3059 4428 334
f 4722 2489 2484
f 3557 3948 3559
f 3610 3948 3557
f 3408 3489 3405
f 3310 3624 2677
f 1892 2173 55
f 3405 3130 3406
f 502 4655 545
f 3903 957 761
f 2024 3301 3623
f 3515 3555 3404
f 3209 2910 3516
f 3402 3404 3210
f 250 3156 2791
f 3401 3167 3396
f 2475 3154 2472
f 840 769 3971
f 4993 2481 303
f 1904 2896 3196
f 763 35 4316
f 3087 3601 3397
f 3552 3445 3255
f 3551 3205 3801
f 3944 3868 4250
f 3600 3510 3253
f 3593 3922 3154
f 3549 3341 3394
f 3394 3341 3198
f 3037 3162 3199
f 3440 3508 3289
f 3289 3508 3669
f 1924 3527 2581
f 3440 3293 3598
f 3298 2993 3161
f 3700 3991 3709
f 4232 4539 3034
f 3971 4411 840
f 821 2908 3522
f 3282 3790 3385
f 2216 343 115
f 3076 3074 2850
f 3336 3188 3543
f 3336 2886 2977
f 3336 3543 3666
f 3284 3540 3331
f 3540 3791 3331
f 2864 972 3500
f 3025 3436 2966
f 3377 3586 3436
f 470 3262 1620
f 4938 4606 4604
f 3329 3650 3279
f 2958 3279 3534
f 3229 2920 4228
f 4130 1949 4430
f 3327 3145 3469
f 2695 988 985
f 3067 3431 4135
f 3090 615 3068
f 1984 2318 3583
f 3023 3720 3584
f 1020 1959 1109
f 3502 3326 3370
f 3539 4274 416
f 4125 3771 4108
f 1827 1231 1793
f 2465 1757 2454
f 3525 3364 3750
f 3420 3270 3822
f 3625 3685 3365
f 3270 3320 3572
f 265 302 242
f 4023 2616 1300
f 3498 3271 3570
f 4274 3940 4568
f 3317 3415 3568
f 2013 2413 3495
f 3313 3454 3411
f 3354 3490 3261
f 3491 3261 3490
f 3405 3406 3408
f 3356 3408 3406
f 3611 3405 3489
f 3260 3450 3407
f 3130 3517 3259
f 3125 3209 3446
f 947 432 1752
f 3605 3211 3485
f 548 4348 644
f 978 644 4348
f 3477 2838 2842
f 4886 4931 4930
f 3187 2885 2576
f 3553 3309 3400
f 3449 3608 3258
f 3400 3007 3344
f 3211 3343 3004
f 3400 3733 3553
f 1868 1871 2868
f 3169 3167 3401
f 2912 2746 3006
f 3400 3344 3513
f 3255 3398 3552
f 3305 3088 3673
f 3088 3397 3673
f 3396 3167 3342
f 4818 990 1741
f 3302 3445 3739
f 3306 3394 3201
f 3394 3198 3201
f 3202 3801 3205
f 2897 999 3979
f 3314 3318 3644
f 4592 1276 4589
f 3550 3297 3549
f 3479 3082 3481
f 3327 3275 3277
f 3078 2898 2858
f 2904 2253 2895
f 3074 3598 3293
f 3138 3100 3099
f 3246 3476 3387
f 3191 3440 3289
f 969 3330 3335
f 1140 2582 1118
f 3233 1382 2555
f 821 3522 1227
f 4040 4043 3892
f 3476 3246 3292
f 3476 3292 3287
f 3240 3545 3241
f 3190 3387 3386
f 4592 3580 1069
f 3287 3237 3476
f 3237 3473 3541
f 4085 3647 3582
f 3715 2308 4923
f 3238 3331 3473
f 3438 3474 3283
f 2526 3470 1127
f 1117 4307 3501
f 3771 797 4632
f 183 532 4550
f 1695 4314 4001
f 4615 1170 2201
f 3375 3023 3584
f 2047 1268 2051
f 1249 1211 1254
f 3228 3430 3227
f 4611 4605 2510
f 40 1601 1226
f 3275 3370 3326
f 3467 3371 3276
f 3914 4072 3848
f 3326 3273 3467
f 3467 3273 3465
f 3211 3004 2680
f 1850 1861 3599
f 3281 2351 4845
f 3463 3323 3325
f 2790 2837 2950
f 4014 906 3039
f 3417 3269 3416
f 3378 4683 3022
f 2011 4020 1122
f 3133 2569 2692
f 3292 3294 3110
f 3142 3570 3271
f 3317 3139 3415
f 4369 3930 3657
f 3416 3269 3268
f 3178 3458 3138
f 3179 3458 3415
f 3458 3178 3413
f 6 1772 1667
f 3494 3222 3361
f 3222 3136 3361
f 3412 3267 3360
f 3217 3312 3360
f 811 814 352
f 2590 2222 483
f 3743 4910 50
f 3409 3311 3358
f 3408 3356 3409
f 3407 3557 3559
f 3354 3260 3407
f 1030 3678 1868
f 3309 3402 3092
f 2204 1832 1614
f 3250 2935 870
f 1653 2573 2507
f 4630 4344 4332
f 869 2632 1720
f 3398 3255 3399
f 1026 3189 1274
f 3671 3481 3206
f 3971 3977 4411
f 3443 3043 3298
f 3549 3394 3737
f 2121 4686 3020
f 3306 3125 3446
f 3202 3118 3510
f 2506 2507 2573
f 3073 3293 3191
f 2691 3623 3982
f 2778 3206 3481
f 1091 4953 491
f 3082 2778 3481
f 3199 3297 3550
f 3296 3199 3162
f 3297 3249 3341
f 3297 3296 3249
f 3389 3298 3161
f 3977 4592 4589
f 3162 3036 3158
f 3296 3294 3249
f 3537 2139 514
f 79 604 4137
f 3162 3158 3296
f 122 3086 2769
f 2727 4949 3818
f 1 4017 4362
f 4930 413 4886
f 3530 3535 4553
f 3541 3476 3237
f 3447 2812 2496
f 717 4973 4933
f 3282 3385 3108
f 3668 3240 3236
f 2851 2654 2722
f 4600 4306 3984
f 3540 3284 3332
f 3468 3717 3370
f 3323 3463 3423
f 1706 2463 1289
f 3323 3423 3462
f 3672 3662 4653
f 3662 1991 4653
f 3228 3023 3375
f 3590 2975 2656
f 3185 2958 3146
f 3374 2957 3227
f 3992 3644 3655
f 2279 4695 4708
f 4938 4604 3599
f 3183 3279 3185
f 2816 1846 4349
f 3327 3277 3145
f 3224 3371 3329
f 3370 3275 3468
f 1390 1808 4444
f 3492 3564 3412
f 3326 3325 3273
f 2845 1978 2390
f 3465 3323 3464
f 1420 2002 2675
f 3572 3320 3421
f 3322 3459 3525
f 3610 3742 3947
f 3270 3420 3499
f 1637 2434 3903
f 3323 3273 3325
f 3268 3269 3365
f 2873 2828 2560
f 1828 1825 26
f 4332 4005 4606
f 251 35 4972
f 571 2052 2726
f 3212 3261 3263
f 3312 3212 3263
f 3217 3212 3312
f 3409 3356 3311
f 3610 3557 3608
f 3310 2677 2019
f 3356 3406 3131
f 3450 3260 3129
f 3259 2788 3130
f 1792 3197 777
f 162 94 1591
f 2016 1390 2088
f 1537 4034 666
f 3566 3958 3567
f 2860 1138 1946
f 2223 284 2214
f 2677 3301 2024
f 1828 26 1393
f 3164 3302 3342
f 3001 3087 3397
f 3255 2946 3123
f 3255 3124 3399
f 2918 4795 3532
f 2946 3255 3445
f 4678 4391 3376
f 2778 3343 3206
f 3022 4683 3020
f 3443 3087 3043
f 1212 1195 1808
f 2361 2406 2366
f 4660 4841 4966
f 3762 3631 3835
f 1480 2425 2813
f 3343 3605 3671
f 3249 3195 3341
f 3479 3074 3077
f 1695 4028 2663
f 3077 3082 3479
f 400 3612 4567
f 3249 3292 3246
f 4616 2092 2755
f 2663 559 1695
f 3242 3287 3292
f 4966 169 2128
f 4257 3959 3886
f 2594 3291 1894
f 3438 2967 2886
f 2824 514 2139
f 3507 3106 3283
f 4423 3800 4934
f 3332 3284 3029
f 3331 3238 3284
f 3282 2971 2966
f 2965 2883 3377
f 2706 3033 3328
f 3505 3852 2868
f 3432 3148 3230
f 3228 2880 3023
f 2530 3817 199
f 2958 3534 3230
f 3225 948 2704
f 3430 3374 3227
f 2800 3530 109
f 863 3149 2498
f 650 1544 2655
f 2454 3410 2465
f 3275 3326 3276
f 3270 3499 3320
f 3418 3268 3365
f 2741 2671 3000
f 3363 3319 3065
f 4949 4939 4703
f 123 1142 2617
f 438 2413 590
f 1160 1406 1486
f 3268 3362 3497
f 1821 2820 3802
f 3319 3570 3142
f 3223 3179 3415
f 1519 269 3674
f 3458 3179 3138
f 202 2663 1940
f 1623 3456 3824
f 3413 3178 3267
f 3594 3070 3032
f 3070 3594 2931
f 2769 3743 3414
f 2507 2056 704
f 3264 3311 3175
f 2735 2871 2733
f 3095 3260 3261
f 3048 4321 4319
f 3051 3555 3485
f 3485 3211 2680
f 2729 3348 4014
f 3172 3258 3006
f 226 4430 3825
f 4615 130 4909
f 3448 2707 2703
f 4339 3058 3062
f 1177 2617 2631
f 3397 3088 3001
f 3399 3124 3305
f 3302 2946 3445
f 2342 816 516
f 3164 3085 3302
f 3551 2997 3205
f 3367 2086 1723
f 1509 1025 1196
f 3533 3917 1959
f 284 2223 291
f 4202 2768 3114
f 3078 3389 3161
f 2206 1515 396
f 2989 312 58
f 3079 3198 3195
f 175 72 4227
f 3195 3249 3246
f 2907 2827 2828
f 3361 3180 3317
f 3195 3246 3079
f 3241 3596 2890
f 2854 3071 3389
f 1546 4742 4970
f 3246 3387 3190
f 3110 3242 3292
f 2890 3596 3071
f 2780 3116 4209
f 3386 2973 3190
f 3032 2887 3388
f 1213 162 1591
f 4536 4402 4401
f 3240 2929 3236
f 3236 2929 3106
f 2758 3380 3472
f 3031 2929 3240
f 3237 3287 3242
f 3534 3432 3230
f 3332 2931 3286
f 1477 3003 562
f 3283 3106 3030
f 4740 4429 4669
f 3105 2972 3029
f 1123 1139 1929
f 1604 1229 207
f 773 1244 3789
f 3720 3023 3587
f 251 4585 35
f 355 2779 88
f 2880 3228 3227
f 3364 3181 3271
f 3279 3183 3329
f 3145 3277 3019
f 4947 211 2011
f 3277 3275 3182
f 3182 3276 3224
f 3275 3276 3182
f 4471 2909 2919
f 3525 3459 3181
f 3317 3180 3139
f 3223 3415 3139
f 34 3251 3252
f 3015 3017 3139
f 3363 3065 3018
f 1250 974 1165
f 2606 214 1823
f 4378 2590 238
f 3220 3217 3360
f 3224 3329 3066
f 3018 3143 3181
f 2927 3435 3587
f 2002 4567 2675
f 3098 3220 3267
f 2799 3023 2880
f 2561 3504 3506
f 3180 3136 3101
f 3218 3454 3313
f 4054 18 983
f 3956 3616 3412
f 3313 3176 3218
f 2984 1320 2677
f 3313 3264 3176
f 3263 3261 3491
f 3217 3215 3212
f 3264 3175 3176
f 3176 3175 3057
f 3131 3406 3130
f 3215 3174 3212
f 3212 3174 3213
f 1508 1507 4506
f 3517 3486 3259
f 2989 90 92
f 3212 3213 3095
f 3051 3485 2680
f 3455 3412 3616
f 3007 3400 3173
f 3818 4949 4703
f 3051 3210 3555
f 3438 3283 2967
f 3414 3434 2140
f 1617 2056 2040
f 2506 2491 2507
f 3344 3047 3442
f 404 3452 4344
f 3124 3123 2870
f 3124 3088 3305
f 3047 3303 3442
f 1788 3434 4416
f 2749 3353 2431
f 3303 3000 2997
f 1441 3745 3753
f 3298 3119 2993
f 3536 3148 3432
f 2817 3164 2902
f 4087 1242 4056
f 3253 3510 3118
f 396 3823 2802
f 1212 1808 2819
f 3118 3199 3253
f 3842 4828 538
f 4386 3943 3867
f 3161 2993 3078
f 3294 3296 3158
f 4696 2141 4694
f 3158 3110 3294
f 3191 3293 3440
f 3246 3190 3079
f 3079 3190 3159
f 3074 3293 3073
f 1517 1040 2537
f 3360 3492 3412
f 3108 3188 3155
f 1618 816 4431
f 3909 1911 647
f 3188 3336 3155
f 3031 3241 2968
f 3219 470 1293
f 3238 3237 3242
f 2886 3336 3438
f 2165 3234 1756
f 3386 3381 2973
f 2918 3532 2920
f 2919 2727 4471
f 1390 1288 1808
f 2507 704 1653
f 2580 4785 1644
f 970 1201 1000
f 1122 4947 2011
f 2883 2882 3148
f 2841 2479 2480
f 773 3789 1124
f 4524 4220 4527
f 3185 3146 3103
f 2957 3145 3021
f 859 826 683
f 798 275 825
f 3374 3145 2957
f 3143 3271 3181
f 4067 1684 3410
f 4055 3086 122
f 506 1184 2030
f 4030 1208 4989
f 3277 3182 3019
f 2734 2730 3429
f 4770 4486 4475
f 3181 3459 3018
f 3179 3223 3100
f 3180 3101 3139
f 3217 3220 3177
f 3222 3493 3218
f 2677 3624 2984
f 3014 3176 3057
f 3092 3402 3210
f 3012 3215 3133
f 3109 3351 4202
f 421 4240 2291
f 2323 2372 2406
f 2867 2946 3085
f 2185 1127 3470
f 248 2695 233
f 2734 4915 2730
f 3144 4982 695
f 2910 2788 3259
f 4903 3909 647
f 3449 3258 3172
f 489 2046 3834
f 2596 2437 2601
f 2934 3295 3307
f 4741 228 2192
f 3125 3306 2821
f 2730 4915 2776
f 3123 3124 3255
f 733 2266 3678
f 2895 2894 4498
f 2941 3085 3164
f 3342 3042 3164
f 3551 3303 2997
f 2941 3164 2817
f 2813 2387 3788
f 2990 3201 3198
f 3036 3162 3115
f 3974 4042 3894
f 3074 3073 2850
f 704 2056 1624
f 3535 4264 4553
f 2238 4183 2559
f 1518 4164 1517
f 1518 4759 4164
f 2473 1895 4078
f 4918 333 4724
f 3106 2929 3030
f 2811 1430 408
f 1288 2819 1808
f 3163 402 2976
f 2971 2884 2966
f 3074 3076 3077
f 2759 2973 2801
f 1244 1133 3789
f 1242 1942 4056
f 4288 4226 4157
f 3309 3553 3402
f 91 4793 636
f 2900 2990 2939
f 3103 2954 3185
f 2957 3147 3227
f 3183 3185 2954
f 2127 4378 238
f 3183 2954 3066
f 3183 3066 3329
f 3021 3145 3019
f 3224 3066 3182
f 2351 3281 2657
f 4258 553 2157
f 1776 3740 3390
f 3271 3143 3141
f 3309 3092 3052
f 3100 3138 3179
f 3101 3136 3063
f 3138 3099 3178
f 3222 3063 3136
f 1537 638 4576
f 3222 3134 3063
f 3222 3218 3134
f 3218 3176 3134
f 3426 2236 3441
f 3494 3493 3222
f 3134 3176 3014
f 60 158 73
f 3177 3133 3215
f 1870 963 2856
f 3261 3212 3095
f 4071 4394 2983
f 3129 3260 3054
f 3356 3011 2950
f 4712 4406 219
f 1931 3216 3214
f 3475 1450 2538
f 2238 3187 4183
f 1616 457 692
f 642 563 541
f 3404 3555 3210
f 3825 4430 1949
f 3344 3007 3047
f 3047 3007 2679
f 290 223 316
f 888 890 984
f 3002 3088 3124
f 2275 3028 1098
f 3303 3047 3000
f 2795 2965 2699
f 2870 3123 2946
f 254 4754 4454
f 1260 2551 1653
f 2998 3164 3042
f 2369 4961 4964
f 3199 3118 3037
f 3037 3115 3162
f 3282 3108 2971
f 3079 3159 3113
f 3341 3549 3297
f 3292 3249 3294
f 3585 2869 4310
f 4230 4671 4494
f 1227 3522 3518
f 1620 3262 3571
f 3155 2982 3108
f 3537 4259 1807
f 2982 2971 3108
f 1931 3214 2908
f 3181 3364 3525
f 3878 1033 4212
f 2139 2151 2824
f 3242 3105 3238
f 2491 2040 2056
f 2761 3030 2929
f 4053 3672 238
f 4779 3196 3383
f 2527 2696 2797
f 3105 3284 3238
f 897 3049 3044
f 4207 399 645
f 3283 3030 2967
f 2966 2884 2844
f 3437 2392 694
f 2543 2350 2349
f 4725 4698 2377
f 3148 3377 2883
f 972 2963 1030
f 1147 1548 1191
f 3103 3146 2959
f 2954 3103 2960
f 4921 1288 1390
f 223 257 370
f 3550 3253 3199
f 4332 4606 4938
f 3142 3065 3319
f 2616 4349 4152
f 3017 3223 3139
f 2559 3852 3505
f 3139 3101 3015
f 4045 4652 4335
f 3100 3223 3016
f 2580 4661 1421
f 2016 4921 1390
f 3063 3015 3101
f 3177 3098 3133
f 3482 2810 140
f 3099 3060 3133
f 2822 2666 2998
f 3057 3175 2950
f 3521 3614 3810
f 3012 3174 3215
f 518 4844 2818
f 2950 3175 3311
f 3095 3054 3260
f 3095 3213 2836
f 3095 2835 3054
f 3010 3011 3356
f 3010 3356 3131
f 3008 3129 3054
f 3248 2304 2935
f 4215 4995 2093
f 2789 3092 3210
f 2894 2575 2889
f 2505 2716 3115
f 4391 4678 2012
f 4703 4939 4934
f 3007 3173 2916
f 4248 4548 432
f 3129 3258 3450
f 101 138 136
f 1785 449 531
f 2745 3209 3125
f 3055 757 622
f 3248 2935 3561
f 3002 2823 3088
f 2823 3001 3088
f 3047 2741 3000
f 2172 2198 2229
f 71 650 629
f 2870 2823 3002
f 3085 2941 2867
f 3756 4919 4683
f 3229 4228 3544
f 4658 1380 4597
f 4995 4215 1380
f 3082 2772 2778
f 3558 3946 3741
f 2859 2939 3113
f 3110 3158 3036
f 3693 3694 3757
f 2052 3665 2726
f 3314 3644 3992
f 2973 3159 3190
f 2765 2982 3155
f 3935 1292 1621
f 4141 4214 3994
f 3191 3289 2710
f 3289 2888 2710
f 3155 2977 2715
f 3198 3341 3195
f 3242 3110 2933
f 3155 3336 2977
f 3105 3242 2933
f 2971 2982 2891
f 2932 2972 3105
f 1518 2857 4759
f 3009 543 2864
f 2929 3031 2970
f 3583 2318 3581
f 4299 3328 4590
f 2804 2967 3030
f 1396 2928 4366
f 3245 2 2573
f 2927 2758 3472
f 1275 996 1024
f 4653 238 3672
f 4879 4771 4767
f 2881 3230 3148
f 2964 2960 2961
f 896 1095 5002
f 4555 4396 1122
f 208 3578 4790
f 4765 2846 2909
f 2840 3147 2957
f 3103 2961 2960
f 3896 2319 987
f 2937 2500 2991
f 2083 1634 2057
f 2881 2958 3230
f 3066 3019 3182
f 637 790 791
f 3019 2952 3021
f 1459 1176 1339
f 3066 2954 2955
f 4818 4859 4573
f 3018 3065 2922
f 3016 3223 3017
f 3099 3061 3060
f 3220 3360 3267
f 3016 3061 3100
f 4884 1850 3234
f 2059 4014 3039
f 3098 3099 3133
f 3014 2793 3134
f 1595 1673 1324
f 1401 2863 183
f 3521 3358 3614
f 3352 4983 4505
f 2790 2950 3011
f 3131 2833 3010
f 3172 2786 3169
f 3814 2435 4954
f 3051 2680 2686
f 3129 3008 2912
f 3051 2789 3210
f 2806 2443 2888
f 3309 3052 2831
f 551 3537 514
f 2918 387 381
f 4155 2362 4437
f 3125 2821 2745
f 2722 2767 2543
f 2907 3087 3001
f 897 3044 2394
f 2690 2627 2521
f 2870 3002 3124
f 2907 3043 3087
f 760 4488 4770
f 3167 2822 3042
f 3042 2822 2998
f 2817 2867 2941
f 261 2811 3026
f 4196 4774 3857
f 4534 4773 4401
f 3164 2998 2991
f 3164 2991 2902
f 2688 4299 3003
f 2938 3037 3118
f 3115 3037 2938
f 3079 2939 2990
f 3079 2990 3198
f 3082 2985 2772
f 4695 2279 4413
f 2978 2982 2936
f 2491 2457 2040
f 2854 2717 3071
f 3036 2933 3110
f 4947 4965 2216
f 2625 2835 2752
f 2586 2493 2643
f 2891 2982 2978
f 3071 2717 2890
f 4939 4423 4934
f 3142 3271 3141
f 3105 2933 2932
f 2971 2891 2884
f 2887 3032 3070
f 3351 3109 4488
f 3621 3362 3524
f 553 4258 4843
f 4372 3724 98
f 3200 1946 574
f 340 521 4351
f 4020 4555 1122
f 2583 2929 2970
f 3667 4011 3668
f 749 4379 3710
f 2931 3029 2709
f 2709 3029 2972
f 4112 2353 4703
f 2801 2973 3381
f 119 3878 3628
f 2927 3587 3023
f 817 4940 4688
f 2797 2696 2840
f 2840 2957 2923
f 2958 2881 2959
f 1260 1035 3257
f 2958 2959 3146
f 4078 1768 3089
f 2957 2952 2923
f 2957 3021 2952
f 2667 2607 2865
f 682 3736 1416
f 35 4670 4972
f 4670 35 763
f 3019 3066 2955
f 2922 3143 3018
f 4236 3907 3905
f 4468 622 757
f 3344 3442 3551
f 2466 4084 1831
f 1089 826 859
f 2690 3213 3174
f 2835 3095 2836
f 2726 877 2071
f 3052 2832 2831
f 2690 2836 3213
f 2833 3130 2788
f 49 4356 3422
f 3092 2832 3052
f 3053 2071 1002
f 1098 3028 49
f 4914 4870 4713
f 1051 4321 3058
f 4953 1091 1007
f 3047 2679 2741
f 3167 3169 2786
f 2086 4339 3062
f 2823 2907 3001
f 3167 2786 2822
f 2671 2905 3000
f 4248 2626 3338
f 2582 1140 1482
f 2997 3000 2905
f 2790 2427 2837
f 2795 2340 2479
f 2993 3119 2783
f 3597 2185 1469
f 561 4844 518
f 4774 4196 4203
f 2998 2992 2991
f 3310 3985 3624
f 2993 2898 3078
f 2043 1858 1853
f 254 4454 4725
f 2991 2992 2937
f 2992 2936 2937
f 3379 2755 4051
f 3113 2939 3079
f 4949 2727 2919
f 3159 2809 3113
f 661 436 498
f 3315 2160 3955
f 2936 2982 2937
f 3006 3129 2912
f 2933 3036 2716
f 543 4759 2857
f 2726 3665 877
f 2276 2230 165
f 4887 678 244
f 2765 3155 2715
f 3177 3215 3217
f 1428 1470 1652
f 2740 2873 2742
f 2850 3073 2849
f 3073 3191 2849
f 2915 116 3597
f 222 2191 1469
f 3444 2151 1807
f 3191 2710 2849
f 1354 1323 4547
f 2764 2972 2932
f 4423 2435 4135
f 3081 694 708
f 2709 2972 2764
f 340 343 1670
f 883 4480 3819
f 3031 3240 3241
f 2758 3381 3380
f 3381 2758 2801
f 2387 2813 2425
f 4551 3593 72
f 3627 4049 4275
f 2964 2961 2841
f 2182 1455 2892
f 4765 4979 2846
f 2535 4149 4979
f 3979 860 2897
f 3651 266 2537
f 2342 2325 325
f 2954 2960 2955
f 1407 1034 1321
f 3086 4910 3743
f 2952 3019 2955
f 3143 2922 3141
f 3065 3142 2922
f 2837 3057 2950
f 4475 4754 254
f 861 4979 4765
f 2851 2807 2978
f 2831 2916 3309
f 2729 2419 3348
f 1522 2541 818
f 4683 2121 3020
f 3004 2370 2947
f 2910 2620 2787
f 3209 2745 2910
f 3434 3414 2240
f 3688 3980 3755
f 2873 3119 2828
f 2823 2826 2907
f 930 3838 1870
f 391 4589 1276
f 1864 2088 4444
f 3351 4488 760
f 3623 2691 2024
f 2201 1170 4050
f 2946 2867 2781
f 3745 4432 3753
f 2872 2866 2871
f 2782 2870 2946
f 2942 2900 2939
f 2866 2942 2901
f 2942 2939 2901
f 2141 3753 4694
f 2577 482 2953
f 2898 2783 2865
f 2861 2902 2991
f 4632 3929 978
f 228 3817 235
f 2568 2943 2204
f 2988 2855 2986
f 2809 2988 3113
f 2986 2855 2724
f 3447 2798 2179
f 3115 2716 3036
f 2765 2937 2982
f 2988 2809 2855
f 3023 2799 2927
f 2447 671 169
f 3444 2104 2151
f 2716 2932 2933
f 1507 451 4506
f 4159 4736 4437
f 2888 2887 2806
f 4125 797 3771
f 2939 2859 2901
f 4547 3916 1354
f 3070 2931 2709
f 4464 4116 486
f 2804 2886 2967
f 3825 615 741
f 2762 4902 2760
f 2804 3030 2761
f 4306 4600 4864
f 2812 2157 2496
f 2884 2708 2844
f 3009 3500 4485
f 2277 1987 2188
f 3730 4380 3395
f 4911 1178 4989
f 4084 1725 1831
f 2876 3850 3504
f 2999 2675 3612
f 4130 4430 4708
f 2840 2696 3147
f 2757 2923 2879
f 2879 2960 2964
f 4461 1901 2899
f 4514 1033 1022
f 2880 2694 2799
f 2899 1901 1251
f 1901 2816 1251
f 4332 1863 4630
f 2959 2881 2479
f 462 1627 879
f 2923 2952 2879
f 2820 3135 3802
f 2879 2952 2960
f 2960 2952 2955
f 153 1586 2593
f 2931 3332 3029
f 2922 3142 3141
f 3016 2629 3061
f 2793 3063 3134
f 3061 2477 3060
f 4576 2082 1537
f 2692 3012 3133
f 2834 2750 2832
f 2625 3054 2835
f 4271 1480 684
f 2832 2789 2834
f 2948 1153 1288
f 2832 3092 2789
f 4978 3005 775
f 2831 2875 2916
f 3008 2684 2912
f 3007 2916 2681
f 2620 2373 2787
f 685 200 4258
f 2786 3172 3006
f 2786 3006 2746
f 3501 4307 4864
f 4286 14 30
f 2240 50 653
f 2745 2821 2678
f 2576 3196 4193
f 2828 2827 2515
f 2737 2871 2735
f 2515 2516 2254
f 4589 391 389
f 510 465 631
f 2946 2781 2782
f 2900 2942 2673
f 1646 614 4445
f 3180 3361 3136
f 945 854 911
f 1623 1195 4256
f 2994 2771 2903
f 757 1461 4468
f 1461 757 4472
f 2817 2902 2861
f 2666 2992 2998
f 3652 3617 2981
f 2986 2770 2988
f 2661 2936 2992
f 3078 2858 2854
f 3356 2950 3311
f 2695 575 988
f 2937 2765 2720
f 2475 4834 3154
f 2588 2809 3159
f 2807 2891 2978
f 88 103 3373
f 4885 3909 4903
f 4547 1323 2416
f 2712 2639 2763
f 4719 4992 1272
f 3031 2968 2970
f 2641 2886 2804
f 3923 1354 3916
f 2932 2716 2764
f 3202 3205 2903
f 2578 2759 2801
f 1354 3923 109
f 4485 3500 2868
f 2054 2533 1845
f 2081 4026 4609
f 1153 281 1288
f 2457 2057 2040
f 2797 2757 2756
f 2757 2879 2964
f 2881 2882 2795
f 2502 1066 838
f 3593 4227 72
f 3763 4209 4511
f 1995 1994 4486
f 3147 2694 2880
f 2629 3016 2524
f 916 4566 4943
f 3149 432 947
f 3014 3057 2753
f 2522 3012 2567
f 2427 2476 2753
f 3012 2690 3174
f 2833 2687 3010
f 2782 2823 2870
f 3814 4135 2435
f 1701 1421 1790
f 391 402 975
f 2679 3007 2681
f 2910 2745 2620
f 3201 2821 3306
f 2868 3500 1166
f 1461 2899 4468
f 2872 2871 2737
f 2152 3272 137
f 2370 3004 2778
f 2739 2822 2786
f 3119 2873 2783
f 2673 2942 2737
f 2872 2737 2942
f 2733 2871 2866
f 2942 2866 2872
f 1020 2565 3193
f 4258 2157 2812
f 3888 3887 3963
f 2772 2669 2778
f 2905 2671 2670
f 2774 2866 2901
f 2896 3518 3383
f 2773 2817 2861
f 4505 2895 3352
f 4113 4711 4578
f 4941 2149 342
f 4548 288 432
f 2505 2903 2771
f 978 3929 644
f 2770 2901 2859
f 1461 4472 4461
f 2861 2991 2662
f 2903 2505 2938
f 2986 2814 2770
f 2938 2505 3115
f 2774 2733 2866
f 2613 2611 2509
f 2393 1643 766
f 3098 3177 3220
f 3888 3963 4115
f 4533 142 4527
f 2851 2661 2553
f 2851 2936 2661
f 3006 3258 3129
f 2642 4837 2626
f 2904 4507 3527
f 842 638 666
f 548 2276 4862
f 3640 3709 3770
f 2332 3067 4476
f 2764 2448 2709
f 522 541 378
f 2973 2588 3159
f 4639 3885 4628
f 938 1664 1608
f 856 1659 2556
f 1500 3773 603
f 4722 2484 1159
f 2588 2973 2759
f 320 1244 199
f 2641 2977 2886
f 2708 2884 2891
f 2043 2296 2077
f 2585 2641 2804
f 3955 2906 3937
f 3056 3850 4172
f 1576 769 840
f 4996 4228 4798
f 3296 3297 3199
f 2883 2965 2795
f 2984 1650 1320
f 2342 4980 2325
f 2799 2694 2432
f 1689 983 18
f 941 869 1720
f 4889 4355 1863
f 726 1493 1504
f 1677 1801 2133
f 4589 4411 3977
f 2396 2495 2600
f 2754 2524 3017
f 3017 2524 3016
f 2754 3017 3015
f 2793 2693 3063
f 2569 3133 3060
f 865 673 727
f 338 924 914
f 2556 1234 1931
f 4600 3984 999
f 2836 2690 2752
f 2091 2186 2272
f 2625 3008 3054
f 4592 1069 1704
f 2680 2562 2686
f 532 1410 4663
f 3008 2625 2684
f 2681 2875 2624
f 2889 4777 2894
f 1087 1062 1072
f 3279 3786 3534
f 2785 4691 4084
f 1344 1068 2700
f 2560 2742 2873
f 4461 2899 1461
f 2827 2513 2467
f 3585 4310 1069
f 2672 2826 2823
f 2907 2826 2827
f 2317 662 4432
f 2676 2673 2737
f 2752 2521 2424
f 2739 2666 2822
f 4940 3059 3046
f 2777 2821 3201
f 4943 4621 4760
f 199 2803 2530
f 2905 2670 2994
f 2773 2867 2817
f 869 3563 2632
f 1503 1605 1258
f 2783 2775 2865
f 2781 2773 2558
f 1828 914 3456
f 1792 462 992
f 2901 2770 2774
f 482 4330 1001
f 2865 2605 2898
f 2605 2858 2898
f 3433 1802 3776
f 85 716 1212
f 3122 4858 1947
f 3076 2652 3077
f 2850 2849 2486
f 453 448 295
f 515 447 446
f 228 4741 186
f 2807 2851 2722
f 2999 3612 3987
f 3076 2850 2598
f 2443 2710 2888
f 4567 2653 3583
f 18 967 1689
f 2804 2761 2585
f 2640 2929 2583
f 588 595 3429
f 2844 2708 2440
f 2801 2758 2578
f 1208 1936 1942
f 2935 426 1741
f 3262 470 4562
f 2439 2759 2578
f 2757 2634 2756
f 2528 2701 2841
f 2758 2799 2432
f 2217 197 3592
f 3940 3952 4568
f 4686 3104 4678
f 2756 2527 2797
f 3165 255 2061
f 1253 2926 3898
f 4396 197 2217
f 3583 2653 1984
f 1863 4355 4630
f 2201 1642 4615
f 2071 877 1002
f 593 2744 584
f 2754 3015 2693
f 160 346 212
f 3403 1680 3730
f 2477 2569 3060
f 2753 2793 3014
f 4404 2473 1773
f 3630 1927 3622
f 2498 3149 976
f 2837 2427 2753
f 2689 3010 2687
f 2522 2627 2690
f 2790 3011 2689
f 2474 2687 2685
f 3414 3743 4672
f 2422 2831 2750
f 2788 2685 2833
f 2875 2831 2422
f 2787 2685 2788
f 2948 4921 1514
f 3152 937 863
f 3877 863 937
f 2991 2500 2662
f 3662 4362 1991
f 2739 2618 2614
f 4149 3814 4954
f 2515 2560 2828
f 2145 2962 2127
f 4026 2081 3053
f 1051 3058 4339
f 4423 4939 2435
f 2470 2615 2741
f 2615 2671 2741
f 4037 1613 2536
f 2740 2736 2783
f 2513 2827 2826
f 2740 2783 2873
f 2825 222 1469
f 2735 2676 2737
f 1288 4921 2948
f 1793 3562 1214
f 2896 3383 3196
f 2736 2775 2783
f 2666 2739 2614
f 2370 2778 2278
f 4310 2869 1117
f 1335 135 117
f 2278 2778 2669
f 4176 4390 4102
f 2653 2002 1420
f 2777 2900 2673
f 2775 2667 2865
f 2994 2670 2771
f 291 2876 778
f 2605 2865 2607
f 2661 2992 2666
f 3152 2498 2483
f 2798 4416 2136
f 2770 2814 2728
f 3763 1624 55
f 3077 2652 2985
f 2767 2722 2658
f 2654 2851 2553
f 3328 4299 2688
f 2605 2725 2858
f 2722 2654 2658
f 818 2545 1161
f 2858 2725 2647
f 2724 2651 2814
f 2596 2651 2724
f 1670 343 1599
f 2379 606 2380
f 2499 2651 2646
f 1716 2995 767
f 3033 3654 3328
f 2829 1516 1509
f 2580 1421 4376
f 2855 2809 2588
f 2721 2718 2450
f 2712 2763 2495
f 1581 1858 1584
f 2764 2716 2546
f 2425 204 4951
f 2374 2415 2682
f 2643 2493 2452
f 2890 2717 2644
f 1863 4332 4938
f 2448 2589 2709
f 941 991 4950
f 1578 2380 606
f 4394 4071 2145
f 4232 4235 4539
f 2486 2849 2444
f 2589 2806 3070
f 3131 3130 2833
f 4394 2145 4919
f 4006 4305 800
f 2579 2532 2636
f 935 4946 3137
f 4952 4479 3184
f 2578 2758 2432
f 2531 2634 2636
f 2368 75 2279
f 2701 2634 2757
f 3316 1678 526
f 4792 306 959
f 2795 2479 2881
f 2146 3425 2150
f 2959 2479 2841
f 2572 548 644
f 404 4344 1375
f 3189 4952 3184
f 1852 1420 509
f 228 186 3817
f 3477 4150 2838
f 3527 4507 936
f 2105 2375 2254
f 1365 4201 2093
f 2633 1059 1062
f 2690 2521 2752
f 4080 3745 2465
f 2279 4698 4413
f 2834 2287 2750
f 1680 2197 618
f 4305 2380 1578
f 2682 2912 2684
f 2620 2469 2373
f 1099 2594 1103
f 4698 2279 75
f 2745 2678 2620
f 767 2995 2152
f 2618 2746 2415
f 4970 3055 1546
f 375 419 554
f 3197 2523 3926
f 523 502 545
f 2739 2786 2618
f 2741 2679 2470
f 2733 2514 2735
f 4942 1643 4447
f 2821 2777 2678
f 108 4708 4430
f 3290 3623 3301
f 2782 2558 2672
f 2781 2558 2782
f 1041 1211 1043
f 2113 90 2083
f 2179 2348 3447
f 2437 2436 2638
f 3826 260 2537
f 2461 2771 2670
f 4050 1170 194
f 2552 2668 2774
f 655 900 901
f 1135 2230 2276
f 1467 4203 2780
f 4949 294 4939
f 797 4009 3929
f 2774 2770 2728
f 2928 185 4366
f 2814 2651 2728
f 2310 2589 2448
f 2728 2651 2552
f 141 121 120
f 733 4746 4680
f 4155 4828 2362
f 4023 2987 3304
f 78 1723 68
f 2569 2430 2429
f 731 339 2530
f 1599 2216 1444
f 856 2556 368
f 2298 2430 2477
f 2772 2985 2456
f 2505 2546 2716
f 3620 3982 3623
f 4711 3112 2447
f 861 4765 4774
f 2846 2435 4939
f 2846 4939 294
f 2720 2765 2715
f 1065 1096 1306
f 395 2609 835
f 4125 4009 797
f 2724 2855 2534
f 2721 2649 2718
f 108 4430 276
f 3300 1140 130
f 2977 2354 2715
f 2643 2452 2497
f 2495 2595 2600
f 2855 2588 2534
f 4183 4485 3852
f 1228 761 957
f 2718 2544 2600
f 2488 2708 2807
f 2595 2495 2763
f 2717 2309 2644
f 2355 2188 2125
f 4890 3379 4051
f 3152 863 2498
f 1642 3300 4615
f 2709 2589 3070
f 1068 1344 2502
f 2504 2649 2721
f 2586 2601 2437
f 3728 3395 4380
f 2846 4954 2435
f 2712 2532 2639
f 2637 2532 2712
f 2588 2759 2439
f 106 2115 612
f 2639 2532 2438
f 2761 2640 2585
f 4055 4649 3086
f 1269 3367 1364
f 2892 1455 1454
f 1979 3083 4022
f 3655 4001 3997
f 2844 2440 2699
f 2636 2634 2701
f 2919 294 4949
f 418 2306 928
f 2550 2402 2358
f 1363 867 2723
f 2696 2383 2694
f 3522 2908 3383
f 2535 4154 4149
f 2348 2812 3447
f 1366 2616 4023
f 2477 3061 2629
f 4178 4104 4569
f 2754 2693 2478
f 2570 2793 2753
f 441 4464 3830
f 3104 2012 4678
f 2566 2627 2522
f 2909 2846 294
f 2789 2287 2834
f 2684 2418 2374
f 441 4116 4464
f 622 4468 533
f 2686 2287 2789
f 4084 2466 2785
f 3745 4080 4373
f 4979 4149 4954
f 2599 3256 2944
f 1007 2523 2483
f 2378 2562 2947
f 2621 2679 2681
f 2468 2735 2514
f 4690 4084 4691
f 2582 1482 3233
f 1366 3304 3321
f 2699 2965 3025
f 3102 4086 1773
f 2912 2682 2746
f 2467 2515 2827
f 1538 2314 3427
f 2775 2736 2320
f 3150 615 3090
f 2676 2777 2673
f 2678 2777 2676
f 2919 2909 294
f 2826 2672 2557
f 3825 741 2591
f 2614 2612 2666
f 1138 2013 3495
f 2775 2402 2667
f 2127 2962 4378
f 2553 2612 2459
f 2661 2612 2553
f 2607 2550 2358
f 2611 2654 2554
f 2550 2607 2667
f 4475 254 4770
f 2611 2658 2654
f 4416 2798 1788
f 1217 1629 1184
f 4696 679 169
f 1212 716 4256
f 2501 2650 2549
f 2650 2504 2721
f 2647 2717 2854
f 2968 3241 2890
f 2767 2350 2543
f 2234 2725 2605
f 4404 1773 4086
f 2488 2807 2722
f 2598 2652 3076
f 2651 2596 2646
f 2650 2721 2350
f 1212 4256 1195
f 2721 2450 2350
f 2544 2718 2649
f 4994 2779 4878
f 796 752 715
f 2784 898 1848
f 2396 2600 2544
f 2309 2717 2494
f 2594 1099 3291
f 3077 2985 3082
f 2601 2602 2596
f 2546 2448 2764
f 1863 4938 1861
f 3351 760 720
f 2395 2584 2495
f 2598 2850 2486
f 4139 3991 3904
f 2806 2589 2443
f 4902 2762 3728
f 2439 2534 2588
f 2849 2710 2444
f 50 4672 3743
f 2601 2586 2643
f 2710 2443 2444
f 3593 3154 746
f 2586 2638 2584
f 3102 1786 1982
f 2638 2531 2637
f 3127 3132 2512
f 2584 2638 2637
f 491 4823 4985
f 2819 1288 281
f 1623 4256 4125
f 2843 1786 2147
f 578 565 1370
f 2636 2701 2579
f 2608 2611 2613
f 3304 1366 4023
f 3352 2895 4498
f 2436 2382 2527
f 1011 1056 3917
f 2528 2841 2480
f 2964 2841 2701
f 4227 4304 175
f 4264 4300 4553
f 2185 3470 4136
f 2629 2524 2232
f 2232 2298 2477
f 2478 2693 2793
f 4349 2616 1366
f 4209 240 4350
f 1725 1139 1123
f 4209 4350 2780
f 2689 2427 2790
f 1066 2518 3280
f 2687 2833 2685
f 2854 3389 3078
f 4154 441 3830
f 2288 2750 2287
f 2520 2327 2625
f 2330 2686 2562
f 2618 2786 2746
f 4756 614 4807
f 2624 2422 2421
f 2603 1001 1019
f 1949 1544 669
f 2515 2254 2560
f 2560 2375 2742
f 658 4362 4017
f 2547 2544 2649
f 2678 2414 2469
f 2746 2682 2415
f 2028 765 895
f 1514 721 2948
f 2620 2678 2469
f 2684 2327 2418
f 2451 2426 720
f 835 2609 4794
f 2986 2724 2814
f 2514 2733 2363
f 250 3651 260
f 2409 2511 2557
f 600 1723 78
f 2613 2509 2365
f 2735 2414 2676
f 2402 2775 2320
f 2733 2774 2668
f 4930 440 413
f 1329 3226 3243
f 2946 3302 3085
f 2508 2771 2461
f 2402 2550 2667
f 3952 1525 4568
f 2349 2345 2543
f 2458 2668 2552
f 2861 2662 2403
f 2047 2416 1938
f 1053 1537 4844
f 2508 2505 2771
f 1514 1546 721
f 38 2816 4322
f 38 1251 2816
f 1886 1647 1734
f 2611 2608 2658
f 1217 1184 2386
f 2608 2549 2658
f 422 1935 3166
f 2720 2500 2937
f 2652 2239 2985
f 2549 2650 2767
f 2650 2501 2504
f 2415 2280 2367
f 2235 2652 2352
f 2622 4396 2217
f 2816 4349 4322
f 2133 1926 2131
f 78 1278 600
f 2602 2646 2596
f 3563 869 2623
f 761 4539 4235
f 4428 3059 4940
f 4827 4709 1852
f 2568 2204 460
f 3852 2559 4183
f 2906 2457 3937
f 2601 2643 2497
f 2595 2346 2718
f 2639 2346 2595
f 2442 2437 2596
f 2564 3506 3144
f 3929 2572 644
f 2977 2641 2311
f 238 2590 4053
f 1861 4938 3599
f 2481 769 1559
f 4746 4301 4302
f 486 4736 4464
f 6 969 17
f 2589 2485 2443
f 2440 2708 2488
f 462 1792 777
f 2561 3186 3504
f 2889 3511 4777
f 3511 2564 3144
f 3590 1292 3935
f 2636 2637 2531
f 2579 2438 2532
f 2343 1185 4476
f 2436 2634 2531
f 4229 923 2518
f 2528 2579 2701
f 210 271 178
f 4553 4300 1371
f 4553 1371 109
f 325 785 1843
f 2382 2696 2527
f 2383 2432 2694
f 2092 2751 1392
f 3561 3581 3248
f 2570 2478 2793
f 2476 2296 2753
f 2750 2288 2331
f 2137 1844 2163
f 2566 2521 2627
f 2423 2689 2687
f 94 2738 1591
f 2331 2422 2750
f 1973 1896 1814
f 2287 2686 2330
f 2326 2787 2373
f 4300 4264 416
f 381 4792 2918
f 2915 4671 4673
f 2374 2682 2684
f 2621 2681 2517
f 2470 2679 2621
f 2418 2226 2374
f 75 2377 4698
f 2740 2742 2371
f 2740 2371 2736
f 4707 279 1272
f 4797 4794 2609
f 2513 2411 2467
f 416 4264 3539
f 2678 2676 2414
f 4274 3274 416
f 2406 2461 2615
f 1070 2926 1596
f 616 103 2779
f 2558 2407 2409
f 2714 2731 3391
f 3898 4797 2609
f 2164 2402 2320
f 3232 3562 1451
f 2614 2459 2612
f 518 408 561
f 2363 2733 2668
f 1087 1489 1062
f 2408 2613 2365
f 2401 2613 2408
f 2411 2511 2409
f 2545 3488 500
f 639 359 476
f 2779 103 88
f 2772 2456 2669
f 4885 4600 3896
f 2654 2553 2554
f 2104 1453 2151
f 2401 2501 2549
f 2401 2549 2608
f 2400 2458 2552
f 2767 2658 2549
f 252 693 245
f 638 1537 666
f 2400 2552 2499
f 2289 1266 3913
f 1065 1385 1067
f 2257 2420 2171
f 109 1371 832
f 2652 2235 2239
f 2602 2497 2499
f 2987 340 1670
f 2448 2546 2310
f 2462 3192 1775
f 4373 4356 2317
f 2396 2544 2547
f 3774 187 4113
f 2354 2977 2311
f 1226 1601 2057
f 2978 2936 2851
f 2283 2066 2324
f 2712 2495 2584
f 2597 1644 487
f 3639 251 4972
f 1037 1507 1508
f 2263 2598 2486
f 2311 2585 2307
f 2333 2427 2689
f 2485 2589 2310
f 2160 3013 1714
f 2494 2647 2209
f 1860 2048 1707
f 2261 2486 2444
f 4193 3187 2576
f 3529 2610 2217
f 3592 3529 2217
f 2487 2583 2970
f 863 4248 3149
f 1366 4322 4349
f 2639 2438 2346
f 2531 2638 2436
f 897 2394 4006
f 1444 2216 4965
f 2436 2388 2384
f 1076 1165 1077
f 2699 2440 2300
f 4269 3583 3581
f 2578 2385 2439
f 1296 4670 234
f 2882 2881 3148
f 2578 2432 2385
f 3304 2987 1670
f 2086 3367 4610
f 3724 2033 4067
f 1717 875 285
f 3348 4330 4014
f 4201 1365 4063
f 2391 2208 2261
f 2334 3281 2956
f 2382 2383 2696
f 1865 1907 2079
f 2780 4203 3116
f 1430 175 3203
f 2429 2567 2569
f 3544 4228 4996
f 4611 4929 4605
f 2423 2333 2689
f 4611 1329 4929
f 377 4755 4918
f 4379 749 284
f 462 777 1627
f 2420 2562 2378
f 4947 1122 2622
f 2473 4404 1895
f 2322 4981 4409
f 50 4286 45
f 1538 3427 3064
f 2321 2415 2374
f 2557 2513 2826
f 2415 2367 2618
f 3379 4616 2755
f 2458 2400 2242
f 2283 2225 2168
f 2146 2150 3226
f 2511 2513 2557
f 561 408 3225
f 2990 2900 3201
f 2777 3201 2900
f 2367 2459 2614
f 2557 2672 2409
f 2663 1933 1940
f 3623 4850 3620
f 548 2572 1135
f 1087 585 1489
f 2403 2662 2244
f 3104 4686 2121
f 548 1135 2276
f 2399 2504 2401
f 3992 3985 3314
f 2692 2567 3012
f 2401 2504 2501
f 2099 4055 112
f 987 4190 1911
f 2400 2499 2357
f 1498 1087 1500
f 2607 2355 2605
f 2355 2234 2605
f 4590 682 4299
f 2355 2125 2234
f 2499 2497 2357
f 2488 2722 2543
f 2493 2395 2449
f 2356 2396 2547
f 2725 2211 2209
f 2652 2598 2352
f 4355 4889 4638
f 2495 2396 2267
f 234 4670 763
f 4305 1578 800
f 1159 3117 4722
f 2129 2130 2242
f 4928 4847 1454
f 3156 3826 393
f 2033 3724 4372
f 2596 2534 2442
f 2262 2487 2309
f 2641 2585 2311
f 2585 2640 2307
f 2391 2444 2443
f 2661 2666 2612
f 2279 4708 108
f 4864 4600 4885
f 4172 2545 2945
f 201 249 272
f 2644 2309 2487
f 2300 2795 2699
f 1138 4140 1960
f 1642 2688 3300
f 2479 2340 2339
f 2565 923 4229
f 2339 2480 2479
f 1840 4609 4026
f 2430 2569 2477
f 2359 254 2377
f 2294 2478 2570
f 276 2368 108
f 2718 2600 2595
f 2476 2333 2148
f 2522 2567 2566
f 2476 2427 2333
f 1162 2935 3250
f 2269 2154 1988
f 2520 2625 2752
f 2752 2424 2520
f 2527 2756 2634
f 2687 2474 2423
f 493 550 447
f 3256 2599 2921
f 2520 2424 2229
f 361 1686 3257
f 2787 2326 2685
f 2962 1010 2222
f 4610 4339 2086
f 2681 2916 2875
f 4672 2240 3414
f 1934 2177 4661
f 2375 2560 2254
f 1599 343 2216
f 276 226 2398
f 551 1437 4259
f 1380 4215 4234
f 2032 2378 2947
f 2323 2470 2621
f 2283 2371 2742
f 1244 1022 1133
f 4414 377 4727
f 2174 2112 2111
f 2249 2411 2409
f 2281 2509 2367
f 2407 2364 2409
f 2406 2404 2461
f 2162 2278 2669
f 2508 2461 2404
f 2459 2367 2509
f 2459 2509 2554
f 2164 2277 2402
f 2218 2401 2408
f 2669 2456 2162
f 4380 4905 3728
f 2403 2407 2773
f 2360 2505 2508
f 2097 1453 140
f 2843 2147 1389
f 2776 588 2730
f 2399 2547 2504
f 2358 2355 2607
f 2358 2188 2355
f 507 1380 540
f 2453 2452 2449
f 4418 4703 4934
f 2081 4609 593
f 4322 1366 3321
f 2344 2303 2346
f 2840 2757 2797
f 2357 2497 2453
f 2453 2497 2452
f 3971 1709 2490
f 2235 2352 2312
f 4001 1616 3997
f 742 599 768
f 1969 538 4828
f 2270 2310 2546
f 2449 2452 2493
f 2948 721 1153
f 4368 4890 4051
f 2265 2449 2395
f 1416 1810 2930
f 2577 2574 1810
f 1374 1350 1431
f 2041 2038 2175
f 2395 2493 2584
f 1946 1138 1960
f 3767 2645 2648
f 2562 2680 2947
f 2486 2261 2263
f 2438 2344 2346
f 2543 2345 2488
f 2583 2307 2640
f 2534 2389 2442
f 2261 2444 2391
f 2368 2279 108
f 3039 3654 3033
f 2345 2440 2488
f 2345 2300 2440
f 2637 2636 2532
f 2579 2344 2438
f 839 806 5000
f 1410 532 183
f 2572 3929 4009
f 2384 2382 2436
f 2383 2385 2432
f 3343 2778 3004
f 85 1212 2819
f 2054 1755 1831
f 2799 2758 2927
f 2754 2478 2294
f 684 4259 1437
f 2567 2114 2566
f 2290 2521 2566
f 2422 2286 2421
f 85 2819 281
f 2562 2420 2330
f 2420 2257 2330
f 1934 2012 2177
f 4437 3970 4155
f 2418 2327 2198
f 2335 581 4674
f 2515 2417 2516
f 2031 1501 3773
f 2373 2196 2284
f 524 281 1153
f 2324 2320 2371
f 2401 2608 2613
f 2121 2212 2246
f 3351 720 4222
f 1821 3802 207
f 2735 2468 2414
f 3104 2177 2012
f 1322 1399 1157
f 2586 2437 2638
f 3828 3895 3897
f 2137 2164 2320
f 1847 2138 2172
f 2365 2247 2408
f 451 2829 1509
f 42 572 2059
f 2409 2364 2249
f 2281 2365 2509
f 3367 3373 1364
f 2360 2508 2404
f 3434 2240 4416
f 4256 716 4125
f 2426 276 2398
f 3144 3506 4982
f 562 4299 611
f 716 4009 4125
f 2406 2361 2404
f 4468 2899 1251
f 1068 2502 838
f 2357 2242 2400
f 2244 2273 2403
f 861 4774 4203
f 2500 2244 2662
f 2357 2271 2242
f 4694 3753 2049
f 3099 3098 3178
f 1453 2104 4691
f 2354 2268 2500
f 3989 3839 4417
f 2686 2789 3051
f 2235 2312 2089
f 2267 2396 2356
f 2356 2547 2399
f 2267 2265 2395
f 2725 2234 2211
f 1664 967 2617
f 2598 2312 2352
f 3444 4422 2104
f 31 16 69
f 2160 1714 145
f 2274 2805 3774
f 2442 2388 2437
f 254 527 4770
f 2388 2442 2389
f 2349 2350 2450
f 2650 2350 2767
f 2812 2348 3126
f 2079 2148 2044
f 2389 2385 2384
f 1493 4886 413
f 4910 3086 4649
f 2385 2383 2384
f 2340 2795 2300
f 2383 2382 2384
f 2615 2670 2671
f 2528 2480 2299
f 2299 2480 2339
f 861 2535 4979
f 4815 426 952
f 2338 2116 2232
f 2484 2492 971
f 59 64 102
f 3055 2336 1546
f 3204 3511 3144
f 1462 4046 1840
f 2429 2114 2567
f 2424 2521 2290
f 1738 3960 567
f 2439 2389 2534
f 2331 2286 2422
f 2606 4731 4951
f 4794 4515 835
f 3285 4193 3196
f 2069 2326 2284
f 581 2335 1938
f 1572 1731 1685
f 2196 2373 2469
f 2032 2947 2370
f 2838 2664 2526
f 1649 1996 1683
f 2468 2514 2251
f 2194 2251 2514
f 2477 2629 2232
f 4982 3506 3504
f 2372 2063 2366
f 2366 2406 2372
f 2194 2514 2166
f 2221 2410 2281
f 3321 3304 3573
f 3187 3084 4183
f 3280 838 1066
f 2672 2823 2782
f 2281 2410 2365
f 2366 2063 2220
f 2247 2365 2410
f 2363 2219 2166
f 2220 2361 2366
f 1663 4314 4319
f 2245 2361 2220
f 2219 2363 2458
f 678 3607 731
f 2273 2407 2403
f 2407 2273 2364
f 2456 2132 2162
f 2245 2404 2361
f 2401 2218 2399
f 2277 2188 2358
f 2399 2190 2356
f 2500 2268 2244
f 3024 1192 619
f 678 731 244
f 3823 2803 2802
f 2270 2546 2505
f 2357 2453 2271
f 1086 2525 3934
f 1189 641 3495
f 226 3825 2591
f 3444 3788 4422
f 1997 1880 2100
f 2264 2213 2354
f 224 262 394
f 2264 2487 2262
f 1053 4844 561
f 2494 2207 2118
f 2450 2301 2349
f 2118 2205 2309
f 2343 3830 1185
f 2307 2487 2264
f 2119 2391 2485
f 2391 2443 2485
f 2309 2494 2118
f 588 2749 595
f 119 3628 2768
f 254 4725 2377
f 2385 2389 2439
f 2072 2114 1973
f 2301 2300 2345
f 2299 2340 2300
f 2299 2339 2340
f 1959 3917 1056
f 2335 2047 1938
f 2303 2450 2346
f 2570 2073 2294
f 2181 2296 2476
f 2487 2307 2583
f 2258 2333 2423
f 2672 2558 2409
f 2112 2174 2331
f 3091 1718 1749
f 2474 2685 2069
f 2105 2516 2417
f 4666 4227 3593
f 2372 2323 2517
f 2517 2227 2224
f 74 1944 659
f 2517 2224 2372
f 3532 4798 4228
f 4054 4070 4912
f 2411 2250 2467
f 4795 4798 3532
f 2320 2066 2137
f 2701 2757 2964
f 2375 2225 2742
f 1508 4506 1327
f 2351 2984 397
f 2417 2250 1998
f 2195 1998 2250
f 2320 2736 2371
f 2469 2414 2468
f 2324 2066 2320
f 1515 263 1511
f 3288 3976 1477
f 2280 2415 2321
f 2617 1894 1608
f 2248 2370 2278
f 2281 2367 2280
f 1815 2070 1890
f 258 223 203
f 1122 4396 2622
f 1716 1715 1710
f 4972 4670 1155
f 2189 2244 2268
f 2624 2517 2681
f 2269 2453 2449
f 2271 2453 2269
f 4028 3316 1933
f 3633 3651 250
f 761 1228 4539
f 2268 2354 2213
f 2586 2584 2493
f 3803 4443 3600
f 1704 1276 4592
f 2210 2310 2270
f 255 2996 681
f 2354 2311 2264
f 892 3111 1947
f 775 3005 3719
f 2311 2307 2264
f 4568 1525 3713
f 2203 2078 2298
f 831 815 1363
f 2301 2345 2349
f 3150 4035 615
f 1230 4965 4947
f 2303 2344 2299
f 2303 2299 2301
f 2301 2299 2300
f 2430 2298 2078
f 3527 936 306
f 1956 2120 1952
f 1444 4965 1347
f 2076 2043 2077
f 2114 2429 2144
f 2043 2570 2296
f 4067 2454 3724
f 2566 2114 2290
f 2148 2333 2258
f 4638 4889 4627
f 2110 2423 2474
f 284 749 1550
f 2331 2199 2286
f 2606 4951 214
f 3654 4590 3328
f 1354 3153 1323
f 2284 2326 2373
f 1268 2047 2434
f 2375 2169 2225
f 3834 2046 500
f 3203 948 3225
f 1430 3203 3225
f 2378 2032 2103
f 3623 3290 4850
f 1517 266 269
f 2250 2411 2249
f 4222 720 2398
f 2787 2788 2910
f 681 3084 3187
f 190 4562 2347
f 1944 4404 4086
f 2757 2840 2923
f 1883 1937 2004
f 3189 3942 1274
f 2402 2277 2358
f 2131 2218 2247
f 2230 1368 234
f 4777 4498 2894
f 2272 2360 2404
f 2220 2026 2245
f 3151 1670 1599
f 3710 3005 1557
f 3225 408 1430
f 4568 3274 4274
f 2215 2456 2239
f 2272 2270 2360
f 4989 534 4030
f 2267 2356 2156
f 1640 2555 1382
f 2213 2189 2268
f 3225 2704 561
f 416 934 4300
f 2057 1601 2040
f 2153 2125 2090
f 4600 999 3896
f 4409 2308 2322
f 2262 2309 2205
f 2205 2118 2050
f 4812 2289 3913
f 2232 2203 2298
f 1754 1036 4310
f 3288 1450 190
f 2226 2065 2374
f 2651 2499 2552
f 2043 2073 2570
f 3952 1559 1525
f 4845 4277 3281
f 2148 2181 2476
f 2107 4286 750
f 423 122 4063
f 2258 2423 2110
f 2200 2112 2288
f 2290 2229 2424
f 2287 2257 2200
f 2257 2287 2330
f 2595 2763 2639
f 2255 2171 2420
f 3385 3790 3858
f 2516 2105 2254
f 775 3719 2325
f 2469 2468 2196
f 2720 2354 2500
f 4919 2212 4683
f 1998 2105 2417
f 2063 2372 2100
f 2065 2321 2374
f 2196 2468 2251
f 3563 1023 2632
f 1770 2150 3659
f 2248 2032 2370
f 1776 3390 2228
f 2106 1968 1997
f 4666 4304 4227
f 1368 1296 234
f 2249 2364 2193
f 2163 2277 2164
f 4269 3581 3561
f 1837 497 1832
f 4889 1863 1861
f 2161 2273 1921
f 2456 2215 2132
f 2272 2404 2245
f 1711 1789 1556
f 1921 2273 2244
f 3151 3304 1670
f 2129 2242 2271
f 1921 2244 2189
f 2272 2186 2270
f 930 1851 3466
f 281 3576 85
f 1861 1850 4884
f 2235 2089 2184
f 4009 1718 2572
f 2210 2270 2186
f 416 3274 1481
f 2234 2153 2211
f 4903 4864 4885
f 870 1741 990
f 2514 2363 2166
f 2211 1908 2209
f 2208 2120 2263
f 1351 581 831
f 2485 2310 2119
f 3907 3913 1266
f 3478 4567 3583
f 4864 4903 3501
f 1036 1704 1069
f 1027 4797 330
f 2229 2327 2520
f 4310 1117 1754
f 2294 2116 2338
f 1922 2631 18
f 1162 3561 2935
f 1928 1874 1839
f 2144 2042 1973
f 1992 1613 4037
f 2172 2229 2109
f 2200 2288 2287
f 2290 2109 2229
f 2940 956 3254
f 4766 4633 4820
f 1992 4037 4366
f 2258 2044 2148
f 1238 2748 2610
f 2421 2286 2256
f 1836 716 85
f 2108 2170 2256
f 4001 4861 1616
f 1446 3290 2975
f 2224 2227 2106
f 4824 4822 4823
f 2962 2145 4071
f 1908 1953 1830
f 2221 2281 2280
f 2194 2135 2098
f 2195 2250 2167
f 1454 2191 2892
f 276 4430 226
f 2219 2242 2130
f 2219 1962 2166
f 2755 2760 4051
f 2133 2131 2247
f 2134 2249 2193
f 2731 3428 592
f 3049 897 1130
f 2273 2161 2364
f 1963 1878 1767
f 2130 1989 2219
f 2161 2193 2364
f 2131 2190 2399
f 2647 2494 2717
f 4376 185 2928
f 1829 1907 1865
f 38 3547 1251
f 2449 2154 2269
f 1825 2236 273
f 4051 4899 4368
f 4981 2322 899
f 1136 890 864
f 482 906 4330
f 4609 1840 4617
f 4884 4889 1861
f 196 176 280
f 4017 1451 658
f 2210 2085 2119
f 1141 3809 4897
f 2017 186 1240
f 3335 3330 4492
f 1950 2207 1908
f 2078 2231 2430
f 2649 2504 2547
f 3321 3573 38
f 3802 734 207
f 2077 2296 2181
f 2213 2264 2262
f 2231 2178 2430
f 3384 1479 1059
f 4009 716 1836
f 38 4322 3321
f 2007 2044 2258
f 2556 1659 3819
f 2175 2200 2257
f 2174 2006 2331
f 2006 2199 2331
f 4877 4360 3392
f 2027 1963 2134
f 3713 3274 4568
f 2256 2286 2108
f 2832 2750 2831
f 2138 2226 2198
f 235 339 241
f 2100 2106 1997
f 241 339 3607
f 2169 2034 2225
f 1999 2066 2283
f 3304 3151 3573
f 4366 1590 1992
f 4616 3379 1639
f 3104 2121 2246
f 2338 2232 2524
f 1215 27 1892
f 3038 4319 4314
f 2248 2064 2032
f 2095 2063 1880
f 2336 3055 622
f 2249 2134 2167
f 2135 2194 2166
f 2095 2220 2063
f 2133 2247 2410
f 1663 805 4314
f 2220 2095 2026
f 1987 2277 2163
f 2728 2552 2774
f 2132 2058 2162
f 2399 2218 2131
f 2026 2023 2245
f 1830 1866 1950
f 2538 1477 433
f 4649 1457 4645
f 2123 2267 2156
f 2624 2256 2227
f 2536 3247 1377
f 2153 1953 2211
f 2167 2250 2249
f 2240 2315 4416
f 2123 2154 2265
f 2484 971 959
f 961 4086 3102
f 1498 585 1087
f 2211 1953 1908
f 2119 2085 2084
f 1007 1091 3926
f 2924 433 127
f 2274 1580 2433
f 2359 2377 75
f 2209 1908 2207
f 2177 1421 4661
f 2119 2084 2391
f 4046 4617 1840
f 2181 1980 2077
f 2232 2116 2203
f 4724 333 4839
f 584 2744 2713
f 2116 2294 2073
f 1843 816 2342
f 4919 2145 2183
f 2043 1976 2073
f 1613 1992 1527
f 2112 2200 2038
f 506 1124 2329
f 2175 2038 2200
f 2426 2451 2368
f 2257 2036 2175
f 2170 2227 2256
f 281 524 170
f 2212 2121 4683
f 1970 2225 2034
f 2171 2255 2003
f 527 254 2359
f 2723 831 1363
f 2169 2105 2035
f 2378 2103 2255
f 2100 2224 2106
f 4890 4368 4642
f 79 2018 3429
f 3753 2015 2049
f 2103 2003 2255
f 2060 2410 2221
f 4642 4368 4645
f 1939 1899 2007
f 2280 1990 2221
f 3571 3262 1313
f 1962 2135 2166
f 2058 2248 2278
f 2058 2278 2162
f 1962 2219 1989
f 4897 3809 384
f 2197 1768 4078
f 66 2446 1213
f 2131 2159 2190
f 4468 2305 533
f 2305 4468 1251
f 2055 1916 2189
f 4649 4645 4368
f 2193 2027 2134
f 2091 2245 2023
f 2091 2023 1763
f 2528 2344 2579
f 2021 2215 2239
f 4068 4142 4424
f 2184 2021 2239
f 2213 2055 2189
f 2190 2159 2156
f 2798 2136 2179
f 2449 2265 2154
f 2085 2210 2122
f 3728 4905 4902
f 1955 2085 2020
f 1546 2336 721
f 2084 2085 1955
f 2263 2120 2312
f 2073 2075 2116
f 1909 2120 2208
f 2181 2079 1980
f 1981 2050 2118
f 2368 2359 75
f 2079 2181 2148
f 2146 2510 4548
f 2336 3872 524
f 2116 2074 2203
f 2075 2073 1976
f 2368 2451 2359
f 2008 1941 2041
f 1101 1108 1345
f 4078 1895 2197
f 2070 2175 2036
f 42 2059 4050
f 3403 1768 1680
f 2474 2004 2110
f 164 4377 119
f 2474 2069 2004
f 2286 2199 2108
f 4791 4364 4426
f 2323 2621 2517
f 2138 2198 2172
f 2103 1996 2003
f 2109 1891 1690
f 861 4203 1467
f 2168 1999 2283
f 4080 3410 4356
f 2032 1996 2103
f 2196 2251 2098
f 505 464 583
f 527 2359 2451
f 2060 2133 2410
f 4736 2697 4437
f 1869 1593 1953
f 2132 1928 2058
f 1989 2130 2025
f 2027 2193 2161
f 2129 2025 2130
f 2269 1988 2129
f 4948 4628 4629
f 1011 2700 787
f 2245 2091 2272
f 3444 1807 3788
f 2090 2125 1987
f 1916 1921 2189
f 225 3805 207
f 1720 990 4819
f 1953 2153 1957
f 2213 2087 2055
f 2208 2084 1955
f 2014 2231 2078
f 760 4770 527
f 928 921 2291
f 1109 1959 1056
f 2074 1856 2203
f 2075 2074 2116
f 2217 2610 2622
f 427 4524 1529
f 4934 3800 3779
f 2110 2037 2258
f 2007 2258 1939
f 2175 2008 2041
f 1694 1849 1939
f 2505 2360 2270
f 4690 4691 2104
f 2111 2112 2038
f 3197 3926 852
f 3902 3348 4616
f 2138 2001 2226
f 2171 2003 2036
f 679 2447 169
f 1883 2069 2284
f 1155 4670 1296
f 2105 1998 2035
f 1970 2168 2225
f 2100 2372 2224
f 1999 2137 2066
f 1729 1844 1999
f 2096 2321 2065
f 2064 2248 2058
f 2026 2095 1879
f 2535 3726 4154
f 2132 2215 1928
f 4232 3034 4533
f 720 2426 2398
f 2023 1877 1763
f 619 489 1217
f 2188 1987 2125
f 4433 3542 4089
f 3126 2348 25
f 4676 1493 4554
f 1048 668 779
f 1914 2154 1834
f 1914 1988 2154
f 24 737 1631
f 977 1709 980
f 9 1597 40
f 109 832 3153
f 1889 1885 1735
f 1011 1314 1056
f 1589 1826 1552
f 2205 2087 2262
f 1909 2208 1955
f 1950 1981 2207
f 3132 3127 81
f 1981 2118 2207
f 1230 1347 4965
f 1845 2533 1123
f 2231 1948 2048
f 2048 2178 2231
f 1899 1939 1849
f 1853 1976 2043
f 4527 1529 4524
f 2038 2041 1975
f 2389 2384 2388
f 2768 4202 4222
f 4812 1128 4240
f 1939 2258 2037
f 3878 4377 1033
f 1847 2172 2109
f 1972 2108 2199
f 1968 2106 1972
f 2199 2006 1972
f 2168 2000 1999
f 2001 2065 2226
f 2956 380 4837
f 3116 756 3121
f 2526 2664 259
f 1806 1998 2195
f 2196 1881 2284
f 1999 1844 2137
f 1966 2096 2065
f 1993 2196 2098
f 1964 2062 2167
f 2060 2221 1990
f 2167 2134 1963
f 2064 2058 1804
f 1804 2058 1928
f 159 144 156
f 1841 2135 1962
f 2163 1930 1987
f 1879 1877 2026
f 2156 1917 2123
f 2023 2026 1877
f 2131 1926 2159
f 4950 1285 941
f 2055 1985 1916
f 1797 2090 1987
f 2159 1917 2156
f 3976 1382 1482
f 2122 2091 2020
f 3475 2538 2529
f 4348 548 4862
f 452 3189 3184
f 2123 1761 1834
f 2875 2422 2624
f 1834 2154 2123
f 924 1864 4156
f 2020 2085 2122
f 2089 2120 1956
f 4690 1725 4084
f 1158 3561 1162
f 306 4792 3527
f 3151 1805 3573
f 2087 2205 2050
f 2079 1907 1980
f 1655 1696 1736
f 2014 1948 2231
f 1749 1718 4730
f 1908 1830 1950
f 1860 1822 2178
f 2705 1571 679
f 2230 1135 1368
f 1902 1753 1862
f 2044 1943 2045
f 333 4918 1392
f 1019 1001 517
f 1858 2043 2076
f 3154 4834 746
f 1976 1779 2075
f 772 4834 1776
f 2429 2430 2144
f 3252 3251 1352
f 3504 3850 3056
f 4183 3084 4485
f 3151 1599 1444
f 2174 2111 1812
f 1806 1530 1685
f 2109 2072 1891
f 2037 2110 2004
f 1611 1888 2006
f 2170 2108 2106
f 3257 2551 1260
f 2108 1972 2106
f 4982 3504 2974
f 1888 1968 1972
f 2572 3091 1135
f 2035 1971 2169
f 2034 2169 1971
f 1996 1885 2003
f 1099 1852 509
f 1996 2032 2064
f 2274 3774 3821
f 1883 2284 1881
f 2001 1966 2065
f 2598 2263 2312
f 2062 1806 2195
f 1882 1997 1968
f 1584 1858 1705
f 3960 4533 3034
f 1993 2098 2135
f 3291 509 938
f 1844 1930 2163
f 1080 929 1352
f 3511 3204 4777
f 1962 1989 1876
f 1677 2133 2060
f 3156 393 2791
f 2291 4240 3244
f 1878 2027 2161
f 3665 3335 475
f 1603 1567 1767
f 1260 704 3763
f 1874 2215 2022
f 912 1292 3590
f 4779 3285 3196
f 1878 2161 1921
f 1838 1917 2159
f 2060 1990 1842
f 970 1039 1201
f 2022 2215 2021
f 1915 2090 1797
f 1748 1824 1783
f 1917 1761 2123
f 1142 4987 1894
f 1617 55 1624
f 620 957 2335
f 3907 4236 3751
f 2087 2050 1954
f 1954 1985 2055
f 2120 1909 1952
f 1955 1791 1909
f 1867 1954 2050
f 1867 2050 1981
f 3094 3383 2908
f 3383 3518 3522
f 4377 3878 119
f 1836 4730 1718
f 1905 2077 1980
f 2178 2048 1860
f 1902 1865 2045
f 2080 3050 3026
f 501 3053 1002
f 1899 2044 2007
f 4974 3056 4172
f 1822 2042 2178
f 1941 1975 2041
f 2283 2742 2225
f 1633 1797 1674
f 835 4515 3216
f 1973 2042 1896
f 3503 3573 1805
f 2174 1812 2006
f 2069 2685 2326
f 2038 1897 2111
f 38 3573 3503
f 3153 1354 109
f 2744 593 82
f 3353 1130 535
f 3504 3056 2974
f 1912 1955 2020
f 1554 1905 1829
f 1889 2036 2003
f 2153 2090 1957
f 2017 320 192
f 1527 3630 1613
f 2305 1251 3547
f 1889 2003 1885
f 1970 2000 2168
f 330 4797 3898
f 2000 1884 1999
f 1675 3026 2811
f 1998 1806 1731
f 1932 2096 1966
f 4902 4905 2107
f 3544 3747 4236
f 71 74 650
f 1876 2025 1919
f 1686 2551 3257
f 1726 1252 1250
f 4240 2289 4812
f 2025 1988 1919
f 85 3576 1836
f 3992 3655 3997
f 1943 1824 1859
f 2055 2087 1954
f 2980 497 1837
f 61 2665 620
f 1936 1208 4030
f 1787 1867 1981
f 1826 1589 2014
f 2698 1639 4890
f 4548 4253 288
f 1688 1649 1423
f 145 506 1693
f 3826 2537 1040
f 1576 1559 769
f 3805 1821 207
f 2534 2596 2724
f 1781 1856 2074
f 1779 1781 2075
f 3256 2969 2944
f 3913 3751 4812
f 1943 2044 1899
f 2044 2045 2079
f 1893 17 1936
f 2336 533 3872
f 1567 1724 1767
f 2483 2498 976
f 1966 1570 1932
f 1975 1897 2038
f 1814 1891 1973
f 3383 3094 4779
f 1815 2008 2070
f 1891 2072 1973
f 4222 4202 3351
f 1889 2070 2036
f 681 1665 255
f 1972 2006 1888
f 2138 1847 2001
f 1733 1968 1888
f 2069 1883 2004
f 1971 1886 2034
f 1223 1092 1303
f 1217 2386 619
f 2332 4476 2341
f 1997 1882 1880
f 3590 3935 4082
f 3576 281 170
f 1881 2196 1993
f 1641 1803 1880
f 1963 1964 2167
f 58 232 40
f 2095 1880 1879
f 1727 2064 1804
f 3281 4277 2956
f 4908 1140 1118
f 3583 4269 3478
f 1394 2796 3531
f 38 3503 3547
f 402 3163 975
f 2481 1709 769
f 1674 1987 1930
f 2159 1926 1838
f 2731 1283 3428
f 1392 2751 333
f 4346 4210 4059
f 1919 1988 1914
f 2090 1915 1957
f 2356 2190 2156
f 524 3872 170
f 1949 669 1182
f 1763 1794 2091
f 534 4989 4024
f 1917 1796 1761
f 1760 1916 1985
f 1794 2020 2091
f 1953 1957 1869
f 1791 1955 1912
f 1791 1952 1909
f 1711 1954 1867
f 2413 3207 590
f 1950 1866 1981
f 1829 1980 1907
f 1576 2794 1559
f 1829 1905 1980
f 1467 1577 3726
f 1826 2014 1903
f 1903 2014 2078
f 2632 2619 3250
f 1159 57 666
f 3726 441 4154
f 1856 1903 2203
f 283 2815 2464
f 1975 1855 1897
f 2522 2690 3012
f 1739 1783 1849
f 671 191 2863
f 721 2336 524
f 2653 1420 917
f 1694 1939 2037
f 205 776 4235
f 1663 4321 3843
f 611 4299 682
f 4755 377 4767
f 622 533 2336
f 2697 3970 4437
f 4919 2183 3901
f 2035 1731 1572
f 4382 4247 4015
f 1685 1731 1806
f 3216 4515 3214
f 4508 4309 4095
f 827 4447 1218
f 1117 3501 1754
f 2072 2290 2114
f 1289 2463 2460
f 1932 1990 2096
f 2246 2571 3104
f 1842 1677 2060
f 1121 3200 574
f 2571 2246 2212
f 1876 1989 2025
f 1801 1926 2133
f 1963 1767 1724
f 84 1139 2392
f 2256 2624 2421
f 2744 300 2713
f 3496 1068 838
f 3280 2518 1918
f 4653 1606 238
f 1313 2623 3571
f 1628 1957 1915
f 1859 1902 2045
f 1230 2702 1347
f 1577 181 737
f 3127 25 2593
f 25 3127 3126
f 4736 486 1906
f 1760 1985 1954
f 787 2700 1068
f 4376 1421 3266
f 1981 1866 1787
f 1862 1865 1902
f 2127 1691 4854
f 760 527 720
f 3252 1352 1650
f 552 4229 3519
f 1932 1252 1726
f 2743 1848 898
f 1818 1743 1779
f 1855 1975 1941
f 1783 1943 1899
f 720 527 2451
f 1782 1897 1855
f 1783 1899 1849
f 907 1158 1162
f 2773 2781 2867
f 2070 2008 2175
f 1896 2042 1816
f 2107 4899 4902
f 4297 2748 1296
f 4297 1402 2748
f 2283 2324 2371
f 1737 2111 1897
f 2467 2417 2515
f 3053 584 2071
f 4616 3348 2419
f 1890 1889 1735
f 2034 1886 1970
f 1648 1971 2035
f 1734 1970 1886
f 4910 4649 750
f 1731 2035 1998
f 2802 2803 1257
f 421 2289 4240
f 2885 2149 1904
f 1238 4972 1155
f 2064 1727 1683
f 1683 1996 2064
f 2212 3901 2571
f 182 1240 186
f 3695 1296 1368
f 1880 1882 1641
f 1878 1766 1767
f 1841 1876 1722
f 1803 1879 1880
f 1238 3639 4972
f 4222 2398 2591
f 1839 1804 1928
f 1876 1919 1798
f 1878 1921 1766
f 1674 1797 1987
f 1713 1794 1763
f 2657 2337 1091
f 2811 261 2067
f 2227 2170 2106
f 1724 1682 1964
f 1711 1760 1954
f 2614 2618 2367
f 4645 1457 4642
f 2215 1874 1928
f 1867 1787 1789
f 1589 1948 2014
f 2852 3772 2843
f 4947 2622 1230
f 1402 1230 2610
f 538 1969 3150
f 1903 1583 1826
f 1705 2076 2077
f 902 2908 3214
f 1705 2077 1905
f 787 1314 1011
f 3091 2572 1718
f 1858 2076 1705
f 1824 1943 1783
f 1943 1859 2045
f 3126 3127 1809
f 1417 1603 1524
f 1755 1501 1364
f 4649 4368 750
f 1858 1579 1853
f 1819 2042 1822
f 1815 1941 2008
f 1790 2094 2571
f 1853 1818 1976
f 2042 1819 1816
f 2178 2042 2144
f 1941 1815 1699
f 4813 4814 2306
f 351 2744 82
f 2111 1737 1812
f 1815 1890 1652
f 1812 1611 2006
f 1883 1774 1937
f 1611 1733 1888
f 4380 1680 4905
f 1988 2025 2129
f 2853 3193 1119
f 1477 562 127
f 1649 1885 1996
f 1999 1884 1729
f 1607 1729 1884
f 1968 1733 1882
f 1733 1645 1882
f 40 1597 1601
f 1530 1806 2062
f 2542 1375 4630
f 1990 1932 1726
f 1724 1964 1963
f 2702 1444 1347
f 584 571 2071
f 2119 2310 2210
f 1676 1804 1839
f 1800 1877 1879
f 2591 2398 226
f 1722 1876 1798
f 1920 1877 1800
f 1405 1492 1798
f 3536 3586 3377
f 1916 1766 1921
f 1467 2535 861
f 626 2046 489
f 1762 1916 1760
f 2022 2021 1669
f 1834 1666 1914
f 2748 1402 2610
f 4404 71 1895
f 1558 1838 1673
f 1666 1834 1399
f 1475 1545 1473
f 1912 1795 1791
f 1661 1448 1869
f 2412 1577 1467
f 4014 4330 906
f 1711 1867 1789
f 1592 1866 1830
f 2768 4222 2591
f 649 467 2147
f 2093 151 4215
f 1948 1625 2048
f 3720 4298 4007
f 183 2852 1410
f 1469 2191 4669
f 2325 3719 325
f 1824 1753 1859
f 1753 1902 1859
f 832 1371 1533
f 1923 1123 1929
f 1656 1747 1703
f 2768 2591 2068
f 2219 2458 2242
f 1406 1524 1668
f 1855 1547 1782
f 1525 1559 2794
f 7 4116 441
f 2143 4605 1327
f 1049 1429 2808
f 4350 2412 1467
f 2780 4350 1467
f 1781 1779 1745
f 1699 1547 1855
f 1119 4229 552
f 1747 1897 1782
f 1699 1855 1941
f 1872 1119 552
f 4113 3821 3774
f 3818 4703 2353
f 1051 3843 4321
f 4140 549 1960
f 259 3470 2526
f 1737 1897 1747
f 1816 1740 1736
f 1317 1318 1235
f 1777 1736 1813
f 1777 1813 1814
f 399 113 645
f 1937 1694 2037
f 1735 1688 1890
f 1735 1885 1649
f 292 1444 2702
f 1969 4828 1946
f 2001 1847 1730
f 1966 2001 1730
f 1633 1915 1797
f 1970 1734 2000
f 2062 1682 1530
f 2839 169 4966
f 1682 2062 1964
f 4035 741 615
f 1681 1602 1844
f 3091 1368 1135
f 1185 2705 679
f 1878 1963 2027
f 1727 1804 1676
f 1842 1990 1726
f 1800 1879 1803
f 1545 1475 1547
f 100 124 89
f 3151 1444 292
f 4087 584 2713
f 2000 1732 1884
f 4759 1268 2434
f 540 1380 4234
f 1765 1874 1764
f 3660 3586 3536
f 2604 2113 2906
f 1669 1764 2022
f 2100 1880 2063
f 2659 1192 3024
f 1558 1796 1838
f 2236 1825 3441
f 245 4887 244
f 1794 1713 1795
f 4055 1457 4649
f 3834 500 3488
f 1759 1956 1952
f 2545 500 2945
f 1829 1865 1708
f 1865 1862 1708
f 1371 4300 1533
f 1459 1339 1568
f 1529 4527 142
f 1862 1622 1708
f 1755 2054 1501
f 1753 1622 1862
f 1818 1779 1976
f 1751 1819 1822
f 1581 1579 1858
f 3495 438 1631
f 4929 1327 4605
f 1782 1703 1747
f 4993 3214 4515
f 3495 1631 1189
f 3544 4236 3905
f 488 3337 3695
f 1275 1512 1358
f 3151 292 1805
f 1547 1703 1782
f 1816 1817 1740
f 1818 1853 1697
f 1818 1697 1540
f 1739 1849 1543
f 3274 3713 1481
f 561 2704 1053
f 1398 1029 1236
f 1065 1067 1064
f 4411 1205 840
f 1428 1890 1688
f 1465 1611 1812
f 1712 2184 2089
f 1690 1730 1847
f 1971 1647 1886
f 2000 1734 1609
f 1645 1733 1651
f 1881 1605 1883
f 1884 1732 1607
f 4271 1437 4924
f 1729 1607 1535
f 192 320 199
f 1844 1729 1681
f 1882 1645 1641
f 1570 1373 1932
f 2842 2791 765
f 27 1200 1631
f 4907 4906 4958
f 1841 1679 2135
f 1841 1722 1635
f 1415 1801 1677
f 1844 1602 1930
f 154 155 172
f 1800 1803 1721
f 1602 1674 1930
f 1839 1561 1676
f 3527 4792 381
f 1767 1632 1603
f 1767 1766 1632
f 1926 1801 1838
f 1798 1492 1722
f 1163 1576 840
f 1338 1084 1088
f 1632 1766 1762
f 1920 1800 1494
f 9 40 232
f 1632 1762 1668
f 1265 1426 1304
f 2623 1313 1756
f 2426 2368 276
f 1191 1510 1096
f 1595 1594 1796
f 1759 1598 1956
f 2390 1857 1532
f 1003 1074 1076
f 2525 454 3934
f 1661 1957 1628
f 2378 2255 2420
f 1957 1661 1869
f 4366 185 3231
f 1662 1760 1711
f 1592 1830 1593
f 1816 1777 1896
f 1484 1552 1194
f 1483 1625 1589
f 4304 1717 3203
f 1860 1707 1442
f 3203 1717 948
f 1905 1553 1705
f 3992 3997 692
f 2096 1990 2280
f 1822 1549 1751
f 1822 1585 1549
f 934 416 1481
f 1798 1914 1666
f 1819 1750 1817
f 1783 1739 1748
f 1817 1750 1744
f 1779 1743 1745
f 1582 1740 1744
f 1655 1740 1582
f 2510 2146 3226
f 185 3266 3231
f 411 429 672
f 4845 3659 4277
f 1740 1655 1736
f 1383 1699 1652
f 2751 2092 76
f 1694 1575 1543
f 1890 1428 1652
f 1712 2089 1956
f 1688 1346 1428
f 1572 1648 2035
f 1649 1688 1735
f 2668 2458 2363
f 1609 1734 1574
f 1086 490 1299
f 4669 3597 1469
f 1932 1373 1252
f 1568 1649 1683
f 1570 1966 1730
f 1565 1681 1729
f 121 134 133
f 1881 1563 1605
f 4289 713 636
f 1881 1993 1563
f 1563 1993 1679
f 4319 4321 1663
f 1458 1803 1641
f 1564 1567 1603
f 641 4140 3495
f 1635 1679 1841
f 166 277 293
f 1676 1561 1638
f 400 4567 3512
f 1458 1721 1803
f 1677 1726 1497
f 1673 1801 1415
f 1603 1632 1524
f 1838 1801 1673
f 1560 1764 1669
f 1360 1443 1555
f 1920 1491 1763
f 2951 2697 4736
f 130 4615 3300
f 1491 1713 1763
f 1795 1626 1791
f 3751 3913 3907
f 1662 1711 1556
f 2124 2136 1156
f 2087 2213 2262
f 1485 1787 1866
f 2048 1625 1707
f 1883 1605 1774
f 1625 1948 1589
f 974 1250 1078
f 1625 1442 1707
f 598 437 639
f 2021 2184 1712
f 2664 2005 259
f 4300 934 1533
f 589 445 627
f 1860 1442 1585
f 2280 2321 2096
f 1824 1748 1391
f 2542 1388 943
f 1658 1751 1549
f 1438 1744 1658
f 1903 1856 1548
f 1449 2984 3624
f 1512 1582 1619
f 1585 1822 1860
f 1619 1582 1744
f 2908 902 3094
f 3576 4730 1836
f 1703 1384 1656
f 1865 2079 2045
f 1781 1745 1700
f 4792 959 971
f 1830 1953 1593
f 842 306 296
f 1434 1700 1654
f 1745 1654 1700
f 4929 3072 1327
f 1540 1615 1743
f 1813 1696 1612
f 950 1864 357
f 1575 1694 1937
f 1813 1690 1891
f 3898 4803 330
f 156 93 177
f 2105 2169 2375
f 1639 3379 4890
f 1937 1774 1575
f 1328 1523 1409
f 1733 1611 1651
f 3185 3279 2958
f 1648 1647 1971
f 1829 1397 1554
f 1672 4810 395
f 1986 1149 4116
f 4653 1991 1606
f 2089 2312 2120
f 1681 1565 1499
f 1757 1769 645
f 3763 704 1624
f 1842 1726 1677
f 1600 1635 1722
f 1679 1635 1636
f 1415 1677 1497
f 4812 3751 1900
f 1560 1669 1408
f 1561 1839 1765
f 1633 1674 1602
f 3740 1776 3369
f 2397 182 180
f 1524 1632 1668
f 1476 956 2940
f 400 3987 3612
f 1798 1322 1405
f 347 331 367
f 729 2593 1586
f 1598 1669 1712
f 3872 2305 128
f 1762 1760 1662
f 1762 1662 1668
f 3578 208 702
f 1795 1713 1626
f 1556 1789 1485
f 1866 1592 1485
f 1759 1952 1791
f 1708 1397 1829
f 99 168 158
f 1705 1553 1584
f 1622 1753 1824
f 392 1313 3262
f 4271 1110 204
f 484 1521 4693
f 756 4150 3882
f 190 1450 3475
f 440 4930 4971
f 1903 1548 1583
f 1744 1438 1619
f 1658 1549 1438
f 1658 1744 1750
f 3339 2183 2145
f 4409 3046 334
f 1547 1699 1545
f 2127 4854 2145
f 1745 1615 1654
f 1745 1743 1615
f 1697 1853 1539
f 2592 2551 1686
f 1697 1431 1540
f 4935 1557 3005
f 1787 1485 1789
f 1382 3233 1482
f 2503 1070 3244
f 2094 1421 2177
f 1457 1925 1983
f 2975 3590 1404
f 1642 3328 2688
f 2029 2018 4137
f 1298 1732 1609
f 3106 3507 3236
f 1572 1685 1297
f 2150 3425 380
f 3005 3710 311
f 2094 2177 3104
f 1502 1641 1645
f 1120 1452 1325
f 2214 4172 2223
f 1530 1682 1566
f 1458 1641 1502
f 604 2099 356
f 1564 1566 1567
f 1577 7 3726
f 1528 1683 1727
f 3620 3330 3638
f 1143 1386 1475
f 268 1706 1289
f 1402 3866 2702
f 1614 800 2204
f 1636 1563 1679
f 1495 1721 1458
f 1485 1282 1556
f 1417 1564 1603
f 1638 1526 1254
f 1526 1765 1413
f 1560 1523 1764
f 2951 1872 2697
f 1764 1523 1765
f 825 4983 798
f 1673 1595 1558
f 4271 2182 1110
f 1666 1322 1798
f 1025 1516 484
f 1408 1669 1598
f 1668 1486 1406
f 1491 1626 1713
f 24 7 1577
f 3061 3099 3100
f 4923 2308 4409
f 1477 2538 1450
f 1833 3316 526
f 1448 1661 1280
f 3495 4140 1138
f 1056 195 1109
f 4136 1823 2825
f 1230 2622 2610
f 741 4035 1961
f 1553 1905 1554
f 4617 1435 4372
f 3239 1691 238
f 238 1691 2127
f 3353 535 2431
f 342 4428 4941
f 1826 1583 1552
f 490 1086 912
f 1759 1626 1598
f 1585 1439 1549
f 1356 1312 1703
f 1658 1750 1751
f 3872 533 2305
f 3335 4492 475
f 604 356 4137
f 1703 1386 1356
f 1547 1386 1703
f 1856 1700 1548
f 1969 3509 3150
f 1647 1574 1734
f 24 4116 7
f 2053 3923 3916
f 1471 1747 1656
f 4951 2446 2425
f 2564 2561 3506
f 1541 1696 1655
f 1615 1378 1654
f 1541 1612 1696
f 1896 1777 1814
f 3097 4855 365
f 1464 1543 1575
f 1296 3027 4297
f 1471 1465 1737
f 1424 1690 1612
f 923 1918 2518
f 3665 475 877
f 1732 1298 1607
f 1813 1736 1696
f 1568 1339 1649
f 1530 1334 1338
f 560 617 474
f 397 4845 2351
f 1565 1729 1535
f 4128 4273 4654
f 898 285 2743
f 2337 3281 2334
f 1683 1459 1568
f 1567 1566 1682
f 1727 1638 1528
f 1681 1499 1602
f 1333 1530 1566
f 2863 1401 2128
f 1228 567 4539
f 4035 3150 3509
f 418 406 2306
f 1494 1721 1495
f 2571 2094 3104
f 488 3695 1368
f 3039 906 3654
f 4271 684 1437
f 2697 2683 3970
f 2136 2124 2179
f 1721 1494 1800
f 1560 1408 1409
f 1628 1915 1407
f 1595 1403 1594
f 4339 4610 1051
f 1403 1399 1594
f 1927 4929 1329
f 1484 1589 1552
f 2144 2430 2178
f 4286 4910 750
f 4681 3337 488
f 621 745 851
f 3665 2052 3335
f 164 2155 4377
f 4541 292 2702
f 2748 1238 1296
f 4856 4897 1456
f 1261 90 2113
f 1703 1312 1384
f 3512 943 400
f 886 1084 1045
f 1642 2201 2706
f 1510 1700 1434
f 1204 1673 1415
f 1383 1652 1470
f 1654 1432 1434
f 1615 1379 1378
f 1540 1431 1615
f 1466 1612 1541
f 3091 1749 488
f 1697 1539 1431
f 2698 4642 1046
f 1411 1367 1626
f 1612 1690 1813
f 1536 1575 1774
f 1647 1573 1505
f 1573 1648 1572
f 805 1663 487
f 4466 4471 2727
f 1530 1338 1685
f 1419 1535 1337
f 692 3985 3992
f 1530 1333 1334
f 1334 1129 1338
f 4899 4051 4902
f 971 998 4795
f 1186 1058 1310
f 2315 2136 4416
f 1418 1564 1417
f 273 26 1825
f 2036 2257 2171
f 1636 1635 1496
f 1635 1600 1496
f 3027 1296 3695
f 3058 68 3062
f 1524 1490 1417
f 1408 1598 1626
f 1490 1524 1406
f 4969 4887 4370
f 2112 2331 2288
f 1763 1877 1920
f 142 767 2152
f 1445 1592 1593
f 856 368 2393
f 1485 1592 1398
f 767 4533 3960
f 1708 1555 1443
f 1483 1589 1484
f 1824 1551 1555
f 1622 1824 1555
f 2489 2492 2484
f 1318 1625 1483
f 4811 892 1947
f 1552 1583 1440
f 1551 1824 1391
f 1618 4431 2369
f 388 1456 384
f 1684 4356 3410
f 4539 567 3034
f 1315 1584 1553
f 1391 1748 1513
f 692 3997 1616
f 1583 1548 1147
f 1512 1655 1582
f 1386 1146 1356
f 2198 2226 2418
f 1748 1436 1513
f 1739 1436 1748
f 3166 1935 4493
f 4733 3503 1805
f 1383 1473 1545
f 3254 956 1214
f 438 3495 2413
f 1434 1472 1510
f 2904 4505 4507
f 1378 1432 1654
f 4350 2173 181
f 4731 2446 4951
f 2052 4056 17
f 897 4006 800
f 1798 1919 1914
f 1188 1465 1471
f 1668 1662 1486
f 4964 4445 3075
f 4681 4840 3337
f 4899 750 4368
f 1539 1853 1579
f 18 4054 1922
f 1651 1425 1645
f 4795 4792 971
f 4057 4058 3707
f 1506 1730 1424
f 1574 1463 1609
f 4795 2918 4792
f 1573 1262 1505
f 1341 1536 1774
f 1298 1609 1463
f 1607 1174 1535
f 1196 1793 1231
f 1823 4136 2519
f 1570 1730 1506
f 1645 1050 1336
f 1685 1338 1297
f 3373 1755 1364
f 2655 1544 2674
f 1323 1938 2416
f 1525 338 3713
f 1502 1336 1458
f 961 1982 669
f 1206 1326 1120
f 3027 3695 3337
f 426 4815 1741
f 1749 4681 488
f 2917 3922 2796
f 1570 1506 1259
f 1036 1069 4310
f 1982 961 3102
f 227 2917 2945
f 2104 2392 4690
f 1526 1638 1561
f 4524 427 361
f 1571 4711 2447
f 1563 1636 1291
f 1495 1458 1330
f 4541 3337 4595
f 1291 1636 1496
f 1722 1492 1600
f 1602 1414 1633
f 1543 1849 1694
f 1523 1413 1765
f 1605 1369 1258
f 1494 1491 1920
f 2109 1690 1847
f 1915 1633 1407
f 1452 1492 1325
f 1408 1626 1367
f 1407 1321 1628
f 3447 2496 2798
f 1491 1494 1411
f 1384 1312 1148
f 3835 3631 3692
f 1805 292 4595
f 2805 2274 2433
f 1593 1362 1445
f 1448 1362 1593
f 1592 1445 1398
f 2228 1799 795
f 1476 379 956
f 1553 1554 1198
f 1391 1232 1551
f 1114 1000 1239
f 1465 1425 1651
f 1543 1436 1739
f 535 497 1854
f 4733 1805 4595
f 501 1010 1017
f 2467 2250 2417
f 1605 1503 1774
f 1549 1439 1438
f 1619 1438 1358
f 3027 4541 3866
f 1427 1425 1465
f 4623 13 2387
f 1386 1547 1475
f 1384 1311 1471
f 1700 1191 1548
f 1579 1581 1308
f 909 793 979
f 1230 1402 2702
f 4507 4505 846
f 1834 1761 1399
f 1436 1543 1464
f 1615 1431 1379
f 4733 4595 1460
f 288 379 1476
f 1431 1468 1374
f 1612 1466 1426
f 4086 659 1944
f 1688 1423 1346
f 1505 1301 1647
f 1647 1301 1574
f 1422 1463 1574
f 1216 1423 1649
f 1356 1146 1107
f 1341 1774 1503
f 1645 1336 1502
f 441 3726 7
f 3470 259 4136
f 1565 1535 1419
f 1827 2143 1327
f 1528 1254 1332
f 1330 1458 1294
f 1460 3337 4840
f 4507 876 296
f 1523 1328 1413
f 695 4982 2974
f 1490 1210 1417
f 1411 1494 1495
f 205 393 776
f 1626 1491 1411
f 1814 1813 1891
f 1661 1628 1321
f 3478 3512 4567
f 1282 1486 1662
f 1662 1556 1282
f 1500 1087 3773
f 1542 4975 3715
f 694 2104 708
f 3547 3503 4733
f 3959 4397 3621
f 1558 1595 1796
f 2157 540 4249
f 1236 1114 1239
f 3027 3337 4541
f 1551 1360 1555
f 1857 552 1532
f 1585 1359 1439
f 4894 4893 822
f 1464 1225 1436
f 2989 1033 312
f 1512 1619 1358
f 3896 999 2897
f 1118 4906 4865
f 1655 1512 1385
f 662 3431 2332
f 1704 402 1276
f 1275 1385 1512
f 1584 1190 1581
f 1383 1310 1473
f 1656 1384 1471
f 3045 61 4674
f 512 609 633
f 1186 1383 1470
f 1431 1539 1468
f 1306 1466 1541
f 1267 1470 1428
f 1376 1468 1539
f 1575 1376 1464
f 3866 1402 4297
f 1509 1196 451
f 1573 1647 1648
f 1219 1536 1341
f 1301 1422 1574
f 3316 1833 4024
f 1649 1339 1216
f 4950 3219 1285
f 1297 1340 1572
f 1340 1573 1572
f 48 1080 4956
f 2072 2109 2290
f 1333 1566 1418
f 1014 2259 4391
f 2305 3547 4733
f 4913 3084 2996
f 128 2305 4733
f 1686 137 3272
f 998 809 4798
f 1499 1414 1602
f 1287 1633 1414
f 1326 1496 1452
f 1600 1452 1496
f 1205 1163 840
f 1495 1290 1411
f 952 2304 3184
f 1407 1633 1287
f 1856 1781 1700
f 1405 1325 1492
f 2811 408 1675
f 3715 3706 1542
f 1406 1284 1490
f 1284 1406 1160
f 4377 2155 232
f 444 1527 1992
f 1638 1727 1676
f 1992 3157 444
f 1236 1282 1485
f 1398 1236 1485
f 1319 1397 1708
f 646 3366 198
f 1360 1233 1319
f 3244 4240 2503
f 1552 1440 1194
f 4376 3266 185
f 3494 3361 3679
f 1585 1442 1359
f 2017 1240 3120
f 1423 1216 1346
f 4025 3810 3951
f 1357 1438 1439
f 330 2117 1027
f 681 4193 268
f 2555 1640 3219
f 1391 1513 1273
f 1022 1033 2989
f 1793 1196 3562
f 415 257 258
f 893 727 1013
f 1538 1156 2136
f 1513 1355 1273
f 4028 1933 2663
f 897 1614 497
f 938 1608 3291
f 3239 238 1606
f 1241 1321 1034
f 170 3872 4840
f 1686 3272 2592
f 1065 1541 1385
f 1544 961 669
f 4883 4663 1410
f 3929 4632 797
f 1376 1539 1305
f 3308 2630 2969
f 1381 1466 1306
f 1510 1472 1381
f 1376 1305 1464
f 1472 1432 1304
f 4116 24 1986
f 1381 1472 1304
f 1442 1625 1318
f 65 917 1420
f 1426 1466 1381
f 1346 1267 1428
f 3468 3647 3717
f 1575 1263 1376
f 2975 3290 2656
f 4840 1967 170
f 1593 1869 1448
f 3796 3736 4590
f 2057 1634 1226
f 418 928 2291
f 1579 1308 1539
f 1426 1424 1612
f 1645 1425 1055
f 4515 980 4993
f 543 3009 246
f 3674 4849 972
f 1503 1175 1341
f 3533 2413 2013
f 838 537 1531
f 3935 1270 4082
f 2068 119 2768
f 303 2481 2830
f 1294 1458 1336
f 4795 998 4798
f 1291 1168 1369
f 1563 1291 1369
f 3369 213 3366
f 1497 1726 1250
f 822 4806 1618
f 1331 1418 1417
f 1414 1499 1287
f 1165 1415 1497
f 2541 3834 3488
f 1873 499 2482
f 4589 389 4411
f 1490 1243 1210
f 1333 1418 1295
f 3715 4923 3706
f 2571 3901 1820
f 2707 711 126
f 1190 1584 1315
f 3091 488 1368
f 2126 330 4803
f 1403 1595 1116
f 1029 1445 1362
f 1445 1029 1398
f 2856 4722 3117
f 4236 3747 1108
f 4553 109 3530
f 3970 574 4828
f 1906 2951 4736
f 1128 4812 1900
f 4377 312 1033
f 1357 1439 1359
f 3097 1924 2581
f 1198 1151 1553
f 3747 3544 4996
f 1357 1358 1438
f 1358 1357 1316
f 1811 278 3285
f 4577 4631 4479
f 29 21 37
f 841 931 1032
f 486 1149 1906
f 1513 1436 1355
f 2413 1959 3207
f 1761 1594 1399
f 1436 1187 1355
f 1065 1306 1541
f 1187 1436 1225
f 529 328 329
f 834 1698 1302
f 4616 1639 3902
f 2128 169 671
f 1267 1186 1470
f 234 763 165
f 704 1260 1653
f 1431 1350 1379
f 1188 1427 1465
f 1304 1426 1381
f 2160 145 1693
f 1606 1991 1873
f 4541 2702 3866
f 1468 1376 1263
f 3027 3866 4297
f 1134 1221 1263
f 1764 1874 2022
f 659 650 74
f 4693 1521 1520
f 1259 1506 1131
f 1174 1607 1298
f 1561 1765 1526
f 2464 2463 278
f 1457 1983 1046
f 389 1205 4411
f 3373 600 88
f 1944 71 4404
f 1043 1336 1050
f 2151 1085 1807
f 1252 1373 1259
f 1332 1459 1528
f 1927 3072 4929
f 1565 1419 1209
f 1209 1499 1565
f 1254 1526 1413
f 1183 1267 1346
f 1133 92 3789
f 3081 2353 694
f 1210 1331 1417
f 1330 1294 1207
f 3659 380 2956
f 3901 3349 1820
f 1495 1330 1290
f 2842 1504 413
f 1409 1286 1328
f 3069 535 1925
f 1284 1243 1490
f 2412 4350 181
f 1472 1434 1432
f 1204 1074 1116
f 4681 1967 4840
f 1324 1116 1595
f 1322 1073 1405
f 107 1182 1982
f 3333 2981 2969
f 1486 1282 1160
f 2425 66 2387
f 1362 1448 1280
f 1484 1112 1483
f 1151 1315 1553
f 1235 1318 1483
f 4730 1967 4681
f 1108 3751 4236
f 1233 1397 1319
f 1108 1101 3751
f 2882 2883 2795
f 2403 2773 2861
f 1317 1359 1318
f 1450 3288 1477
f 1443 1360 1319
f 2553 2459 2554
f 1660 3168 2067
f 4909 4908 4830
f 1030 1166 972
f 1317 1357 1359
f 1449 1377 397
f 1151 1111 1106
f 2020 1794 1912
f 4034 1159 666
f 1680 4038 4905
f 1312 1356 1107
f 1581 1190 1308
f 1271 1471 1311
f 1124 3789 2329
f 1580 2274 3821
f 539 1019 2698
f 1310 1383 1186
f 1096 1381 1306
f 1381 1096 1510
f 789 847 788
f 1379 1350 1349
f 3298 3043 3119
f 1225 1464 1305
f 1555 1708 1622
f 1378 1349 1432
f 1349 1348 1432
f 1350 1223 1303
f 1350 1303 1349
f 4666 746 772
f 2856 2897 860
f 1374 1223 1350
f 581 1351 4674
f 3280 1918 537
f 1220 1424 1426
f 4030 534 1893
f 1183 1346 1216
f 3349 3901 2183
f 1179 1424 1220
f 1343 1424 1179
f 1131 1506 1343
f 1463 1132 1298
f 1535 1174 1337
f 945 1259 1131
f 4617 4046 1435
f 4361 3069 1925
f 1083 1334 1333
f 2412 181 1577
f 1331 1295 1418
f 979 1369 1168
f 1078 1252 1259
f 1294 1336 1256
f 4692 1991 4362
f 1290 1330 1207
f 1249 1254 1413
f 1326 1247 1291
f 1496 1326 1291
f 1328 1249 1413
f 1120 1326 1452
f 1210 1243 1167
f 4595 292 4541
f 1409 1367 1286
f 1419 1337 1172
f 4361 1925 1457
f 170 1967 3576
f 619 1192 489
f 606 3987 264
f 1405 1073 1202
f 42 3391 572
f 1321 1280 1661
f 626 646 2472
f 1280 1321 1241
f 2335 61 620
f 1016 1220 1265
f 1237 1399 1403
f 4730 4681 1749
f 1050 1015 891
f 3041 412 918
f 1112 1154 1483
f 1484 1194 1071
f 2173 4350 240
f 870 2935 1741
f 584 4087 571
f 1501 2031 1364
f 2664 4150 756
f 1150 1315 1151
f 398 112 423
f 1440 1583 1147
f 802 607 605
f 2731 592 3391
f 1391 1273 1232
f 4994 1335 117
f 1150 1104 1315
f 356 2099 398
f 2428 3834 2206
f 230 231 152
f 279 4707 2711
f 1143 1475 1473
f 1061 1143 1473
f 1188 1471 1271
f 1187 1225 1224
f 1399 1322 1666
f 1308 1305 1539
f 452 3184 2313
f 860 4722 2856
f 1220 1426 1265
f 1057 953 954
f 984 1136 1262
f 1144 1193 1273
f 1319 1708 1443
f 3367 1269 1173
f 590 1986 438
f 1128 2503 4240
f 1219 1263 1536
f 4730 3576 1967
f 1424 1343 1506
f 1505 1136 1301
f 1341 986 1219
f 1088 1297 1338
f 2381 1588 1213
f 682 4590 3736
f 1171 1176 1459
f 10 39 16
f 1457 1046 4642
f 1237 1157 1399
f 296 936 4507
f 780 566 688
f 2720 2715 2354
f 1254 1211 1169
f 2387 13 3788
f 1256 1249 1248
f 1246 1499 1209
f 1286 1249 1328
f 1671 1261 2113
f 1000 1201 1160
f 1246 1287 1499
f 1245 1248 1286
f 1245 1367 1290
f 1411 1290 1367
f 483 877 475
f 1245 1286 1367
f 1287 1075 1407
f 3086 3743 2769
f 1412 606 264
f 1005 1078 1006
f 4422 708 2104
f 1280 1241 1031
f 3878 3120 3628
f 4485 4913 3009
f 1737 1747 1471
f 725 752 753
f 3723 4558 4501
f 1483 1154 1235
f 1397 1233 1198
f 1827 4506 1231
f 3391 592 572
f 1198 1233 1152
f 2070 1889 1890
f 1387 3429 595
f 14 4905 4038
f 1193 1232 1273
f 1237 966 900
f 1275 1358 1316
f 593 4609 4617
f 231 230 348
f 1146 1386 1100
f 1190 1315 1104
f 4918 4755 1742
f 1355 1187 1094
f 1848 1851 2784
f 1308 1224 1305
f 1427 1093 1181
f 1263 1374 1468
f 1626 1759 1791
f 1378 1379 1349
f 1348 1265 1304
f 1349 1303 1348
f 3367 1173 4610
f 1317 1316 1357
f 1222 1092 1223
f 1183 1216 1137
f 751 2329 3789
f 1221 1374 1263
f 393 3826 776
f 1895 71 2197
f 1216 1339 1176
f 4038 618 1105
f 1655 1385 1541
f 1338 1129 1084
f 1337 1174 1172
f 1854 2628 1983
f 1503 1258 946
f 1295 1083 1333
f 578 4070 565
f 1256 1336 1043
f 1246 1209 1126
f 1211 1249 1256
f 1331 1210 1167
f 1125 1332 1169
f 128 4733 1460
f 1254 1169 1332
f 1078 1250 1252
f 4767 106 4755
f 1294 1256 1248
f 4885 3896 3909
f 1294 1248 1207
f 1248 1249 1286
f 1588 66 1213
f 1207 1245 1290
f 1206 1247 1326
f 1248 1245 1207
f 148 70 31
f 1206 1120 1038
f 955 922 1061
f 2049 2015 2341
f 1164 1075 1287
f 1754 3501 4903
f 3105 3029 3284
f 3713 338 1393
f 1231 451 1196
f 2236 2723 273
f 1489 585 1435
f 126 2124 1156
f 1746 1020 195
f 2807 2708 2891
f 966 1403 1028
f 1362 1113 1029
f 1262 1573 1340
f 1091 491 1650
f 1233 1360 1197
f 1235 997 1317
f 1275 1316 996
f 1927 3080 3072
f 2794 2847 1525
f 653 50 45
f 3080 1927 3630
f 291 4379 284
f 923 2565 1746
f 3694 3981 4126
f 2433 1982 3772
f 1275 1024 1385
f 872 1148 1107
f 1004 1039 848
f 1384 1148 1311
f 1190 1097 1224
f 135 1335 3482
f 1100 1386 1143
f 1355 1144 1273
f 1013 1301 1136
f 1064 1096 1065
f 1310 1061 1473
f 2853 3207 3193
f 1606 2482 3239
f 1305 1224 1225
f 525 383 210
f 1427 1188 1093
f 1183 1057 1267
f 345 1728 3747
f 1221 1222 1223
f 1220 1090 1179
f 1710 2635 2630
f 1219 1134 1263
f 3842 1974 1580
f 1223 1374 1221
f 771 1042 1125
f 1262 1088 984
f 1191 1096 1064
f 889 1216 1176
f 1061 1310 1058
f 3872 128 4840
f 1132 1172 1174
f 207 1229 180
f 1083 1129 1334
f 2697 1872 1857
f 1081 1419 1172
f 90 2989 1634
f 2083 90 1634
f 1109 195 1020
f 1125 1459 1332
f 1006 1078 1259
f 1459 1125 1042
f 106 612 4755
f 1256 1043 1211
f 1291 1247 1168
f 1946 1960 1969
f 3773 1845 603
f 1833 534 4024
f 2704 898 1053
f 1164 1287 1246
f 1076 1204 1165
f 1255 4759 543
f 1004 1243 1039
f 1075 1034 1407
f 1160 1201 1284
f 460 2204 800
f 1395 1446 1
f 1224 1308 1190
f 4974 2945 1394
f 1157 1073 1322
f 1202 1120 1325
f 1282 1236 1239
f 1029 1114 1236
f 1204 1116 1324
f 1362 1280 1113
f 1112 1484 1071
f 3009 4913 246
f 1197 1152 1233
f 1151 1198 1152
f 1421 1701 3266
f 3056 4974 2974
f 1295 1044 1083
f 4070 4054 565
f 827 1218 2149
f 4753 540 4234
f 2974 1660 695
f 14 4038 610
f 994 1194 1147
f 1531 3496 838
f 1489 1435 558
f 1148 1312 1107
f 1240 182 2397
f 3772 2805 2433
f 893 864 830
f 1405 1202 1325
f 3768 1429 2766
f 195 1056 1314
f 1187 1224 1097
f 1097 1094 1187
f 2317 3431 662
f 2299 2344 2528
f 1057 1186 1267
f 1271 1095 1093
f 1303 1092 1180
f 1283 4581 322
f 798 4498 275
f 1193 1197 1232
f 1243 1004 1167
f 496 453 323
f 1262 1136 1505
f 1645 1055 1050
f 1340 1088 1262
f 986 1134 1219
f 1144 1106 1193
f 4016 171 1488
f 1040 776 3826
f 1134 1089 1054
f 1120 933 1038
f 3631 3762 3700
f 1129 1045 1084
f 1073 1120 1202
f 946 1175 1503
f 655 536 554
f 1403 966 1237
f 771 1008 855
f 2619 1162 3250
f 1259 945 1006
f 4690 1139 1725
f 1369 979 1258
f 4269 1158 3452
f 1171 1459 1042
f 1169 1211 1008
f 1211 1041 1008
f 3926 2523 1007
f 1872 2951 1906
f 1126 1079 1246
f 1746 466 923
f 1284 1039 1243
f 1284 1201 1039
f 1857 2390 2683
f 1028 1403 1116
f 1280 1031 1113
f 3817 192 199
f 1757 645 113
f 1360 1232 1197
f 1185 679 4696
f 1316 1317 997
f 1690 1424 1730
f 1111 1152 1197
f 1111 1151 1152
f 1331 1044 1295
f 1111 1197 1193
f 1194 1440 1147
f 1228 957 620
f 1146 871 1107
f 3335 2052 969
f 1064 1102 1191
f 958 1311 1148
f 1181 1055 1425
f 681 3187 4193
f 871 1146 1100
f 1144 1094 1104
f 1746 2565 1020
f 2842 765 736
f 1191 1102 1147
f 1355 1094 1144
f 1143 1063 1100
f 373 354 512
f 697 702 208
f 2591 1961 2068
f 3204 3050 4777
f 1093 1188 1271
f 1186 954 1058
f 484 4693 4692
f 2000 1609 1732
f 1132 1174 1298
f 164 2068 1961
f 1180 1348 1303
f 2571 1820 1790
f 2315 653 1538
f 1538 2136 2315
f 2180 3496 1531
f 1343 1179 1090
f 1422 1301 1013
f 1012 1422 1013
f 4779 3094 283
f 683 826 714
f 1047 1131 1343
f 1048 889 1176
f 1176 1171 1048
f 1082 1172 1132
f 4983 846 4505
f 1045 1129 1083
f 1992 1590 3157
f 1009 1083 1044
f 1081 1172 1082
f 944 1331 1167
f 1617 2040 1610
f 4785 1616 1644
f 537 1687 1531
f 908 1038 847
f 4983 825 1945
f 1241 1034 932
f 933 1120 1073
f 781 2325 4980
f 1239 1000 1160
f 2551 2592 2573
f 3330 3620 531
f 1032 1157 965
f 1029 1113 810
f 1157 1237 965
f 810 1113 1031
f 1112 964 1154
f 1112 1071 964
f 1253 3898 2609
f 1235 925 997
f 996 960 995
f 962 996 1316
f 264 2925 1412
f 1025 1451 1196
f 1106 1111 1193
f 1150 1151 1106
f 994 1147 1102
f 1106 1144 1104
f 1961 4035 3509
f 135 3482 140
f 872 839 1148
f 1143 1061 1063
f 489 1192 626
f 1104 1097 1190
f 3452 907 4005
f 1467 3726 2535
f 1271 1311 958
f 1094 1097 1104
f 258 257 223
f 1977 3496 2180
f 955 1061 1058
f 1348 1016 1265
f 833 828 1015
f 164 1961 2039
f 1054 1092 1222
f 1221 1054 1222
f 1216 889 1137
f 3128 787 1068
f 1463 1422 1012
f 1053 898 2784
f 1055 1015 1050
f 1132 1463 1012
f 1068 3496 1977
f 1131 1047 982
f 2039 2155 164
f 3352 4498 798
f 1918 923 774
f 1873 2482 1606
f 2031 1072 1059
f 1009 1045 1083
f 1043 981 1041
f 362 907 1162
f 3702 3697 3698
f 1415 1165 1204
f 946 1258 979
f 545 4347 523
f 662 2332 2341
f 1169 1008 1125
f 1168 909 979
f 1314 787 3128
f 3751 1101 1900
f 973 1246 1079
f 973 1164 1246
f 1081 1082 942
f 1204 1076 1074
f 3166 3163 2976
f 2362 1580 4578
f 3355 567 1228
f 4849 2963 972
f 841 1032 873
f 953 1057 1183
f 264 3987 400
f 3546 1687 537
f 997 962 1316
f 1194 994 1071
f 820 854 748
f 1531 1687 2180
f 1021 995 993
f 1687 3546 2180
f 1498 1098 49
f 731 3607 339
f 874 1241 903
f 5000 1095 1271
f 922 1063 1061
f 609 512 354
f 2915 1493 726
f 3478 4269 3452
f 2128 1401 4735
f 1181 920 1055
f 1213 2446 4731
f 3278 3265 2924
f 833 1015 1055
f 866 1137 889
f 1054 1221 1134
f 537 1918 2878
f 864 1013 1136
f 3337 1460 4595
f 153 2593 25
f 1132 1012 989
f 457 1616 4785
f 3477 2842 736
f 4164 1637 1040
f 694 2392 2104
f 986 862 1134
f 984 1088 1084
f 3231 1590 4366
f 2039 3509 549
f 986 1341 949
f 1768 2197 1680
f 2996 255 1279
f 891 1043 1050
f 1307 303 2830
f 1796 1594 1761
f 887 1043 891
f 1052 1090 1220
f 2975 1404 1446
f 1171 1042 1048
f 1331 884 1044
f 944 884 1331
f 1008 771 1125
f 4034 1537 2784
f 1008 1041 981
f 1079 1126 910
f 466 1951 823
f 850 1167 1004
f 1053 2784 1537
f 1168 880 909
f 974 1078 1005
f 567 3960 3034
f 296 876 638
f 501 1002 2222
f 1072 1062 1059
f 880 1247 908
f 4492 764 475
f 865 627 673
f 1075 1164 973
f 973 845 1075
f 2040 1601 1610
f 810 1114 1029
f 965 1237 900
f 1588 3096 66
f 1578 606 1412
f 958 5000 1271
f 960 994 993
f 1961 2591 741
f 934 1481 1393
f 3518 1913 1227
f 995 1021 1024
f 523 4347 504
f 28 110 62
f 839 958 1148
f 993 1067 1021
f 1385 1021 1067
f 354 335 430
f 82 1309 351
f 747 663 853
f 2878 1918 774
f 1186 1057 954
f 868 1183 1137
f 964 925 1154
f 3629 3690 3759
f 1220 1016 1052
f 2541 1522 263
f 1054 1180 1092
f 740 705 903
f 1165 974 1077
f 500 227 2945
f 392 4562 3475
f 3050 275 4777
f 1090 951 1343
f 1372 795 1799
f 1892 181 2173
f 906 3796 3654
f 1054 1089 859
f 1045 1009 886
f 858 819 686
f 949 1341 1175
f 885 1175 946
f 3922 3593 4551
f 76 3428 2751
f 2341 2015 662
f 1081 942 1126
f 1501 1845 3773
f 880 1168 1247
f 764 469 475
f 1076 1077 878
f 1716 3960 1738
f 968 1074 813
f 651 633 696
f 2810 2097 140
f 1028 968 966
f 1031 1241 874
f 2995 1710 2630
f 1235 1154 925
f 758 633 632
f 2005 2747 259
f 2018 79 4137
f 4360 3045 1351
f 4623 66 3096
f 1071 994 960
f 2158 406 2445
f 962 1071 960
f 994 1102 993
f 3348 517 4330
f 1102 1064 993
f 657 576 536
f 993 1064 1067
f 755 890 689
f 1021 1385 1024
f 1063 700 5002
f 537 2878 3546
f 922 700 1063
f 837 922 955
f 920 1181 1093
f 1068 1977 3128
f 2054 1845 1501
f 735 577 660
f 14 4286 2107
f 786 739 707
f 487 4861 805
f 25 2348 2540
f 1012 1013 727
f 1180 1054 859
f 1180 859 919
f 1180 919 1016
f 1052 1016 919
f 1052 725 951
f 1047 1343 951
f 1059 1269 2031
f 1012 727 803
f 890 1136 984
f 1123 2533 1725
f 1843 2342 325
f 862 826 1089
f 888 1084 886
f 4694 2049 2341
f 1084 888 984
f 885 949 1175
f 4277 3659 2956
f 3372 3484 195
f 1009 1044 884
f 1621 468 43
f 321 1569 2180
f 659 1544 650
f 1314 3128 3372
f 4362 658 4692
f 855 1008 981
f 1419 1081 1126
f 989 857 1132
f 1034 1075 932
f 3677 3035 4403
f 962 960 996
f 2878 3471 3546
f 1077 974 878
f 1075 845 932
f 810 904 1000
f 4642 2698 4890
f 196 242 167
f 4034 2784 930
f 1003 813 1074
f 901 900 927
f 119 2068 164
f 810 1031 874
f 501 1017 4026
f 429 410 461
f 1071 962 964
f 523 3157 502
f 883 1659 4760
f 993 995 960
f 429 411 410
f 429 503 587
f 833 1055 920
f 2847 357 924
f 4731 162 1213
f 954 955 1058
f 896 1093 1095
f 1810 3796 2577
f 466 774 923
f 868 1137 866
f 776 3903 4235
f 864 893 1013
f 4038 1680 618
f 919 725 1052
f 50 4910 4286
f 1134 862 1089
f 3035 3170 1562
f 889 1048 779
f 2519 162 2606
f 4692 1873 1991
f 1205 2792 950
f 195 3484 1746
f 1132 857 1082
f 824 949 885
f 3080 3630 4662
f 2611 2554 2509
f 1048 1042 668
f 945 982 854
f 1820 3349 3382
f 986 799 862
f 547 589 627
f 885 946 979
f 1629 396 2802
f 794 942 1082
f 1778 1014 3843
f 1719 619 2386
f 942 851 910
f 911 820 853
f 1005 1006 882
f 1004 848 743
f 849 791 973
f 3071 3439 3389
f 4054 4912 1203
f 50 2240 4672
f 1003 1076 878
f 788 847 933
f 1038 908 1206
f 2437 2388 2436
f 931 1073 1032
f 71 1944 74
f 1073 931 933
f 845 843 932
f 931 844 933
f 813 786 968
f 180 182 4741
f 836 651 696
f 911 882 1006
f 2660 4016 1951
f 968 786 927
f 808 873 965
f 966 968 927
f 3285 278 1706
f 3080 4662 1520
f 925 964 962
f 617 909 880
f 2499 2646 2602
f 5000 958 839
f 871 807 872
f 2907 2828 3043
f 922 762 700
f 2976 1704 1036
f 4711 1571 4578
f 2631 2617 967
f 828 802 1015
f 3796 1810 3736
f 2996 3084 681
f 802 690 891
f 803 989 1012
f 755 691 830
f 1820 3382 1790
f 2028 4220 765
f 666 57 842
f 1421 2094 1790
f 526 3318 2019
f 943 3512 1375
f 794 1082 857
f 2683 2697 1857
f 979 793 885
f 668 1042 771
f 819 884 944
f 321 2180 3546
f 4694 4476 4696
f 942 794 851
f 4967 585 1498
f 945 911 1006
f 854 820 911
f 944 850 819
f 656 675 732
f 2195 2167 2062
f 1185 3830 2705
f 3003 3976 940
f 970 848 1039
f 774 1562 3471
f 709 1003 878
f 1523 1560 1409
f 1241 932 903
f 932 843 903
f 1617 1610 1215
f 225 180 4741
f 927 900 966
f 810 874 703
f 4814 928 2306
f 810 1000 1114
f 873 1032 965
f 655 732 900
f 3128 1977 1979
f 900 808 965
f 2878 774 3471
f 837 955 954
f 762 837 730
f 3339 4854 229
f 836 837 954
f 332 310 461
f 3192 2260 1775
f 429 461 503
f 954 953 804
f 4666 3593 746
f 953 868 728
f 802 891 1015
f 128 1460 4840
f 2039 1961 3509
f 240 55 2173
f 753 982 1047
f 910 1126 942
f 2877 1770 3659
f 1009 884 886
f 2037 2004 1937
f 2056 1617 1624
f 111 54 118
f 881 882 911
f 2495 2267 2395
f 1128 1900 1353
f 792 974 1005
f 640 880 908
f 847 789 908
f 844 788 933
f 1000 904 970
f 2581 3809 3097
f 629 2197 71
f 774 466 823
f 2124 126 2179
f 900 732 808
f 807 871 806
f 2835 2836 2752
f 836 696 783
f 2445 1587 905
f 784 896 5002
f 953 728 804
f 782 833 894
f 727 674 803
f 894 896 784
f 868 829 728
f 829 868 866
f 1725 2533 2054
f 303 902 4993
f 2791 895 765
f 779 866 889
f 951 725 753
f 830 865 893
f 4403 3299 3451
f 3704 3990 3839
f 688 857 989
f 780 688 989
f 2791 393 895
f 951 753 1047
f 888 886 858
f 715 919 859
f 886 884 858
f 854 982 748
f 3204 695 3026
f 819 858 884
f 162 4731 2606
f 2206 396 2428
f 794 667 621
f 737 24 1577
f 321 3546 3471
f 911 853 881
f 745 849 910
f 1569 1977 2180
f 768 850 743
f 744 1005 882
f 321 3471 1562
f 851 745 910
f 909 617 579
f 1910 774 823
f 878 974 792
f 791 845 973
f 3235 1977 1569
f 882 881 744
f 3083 1979 1977
f 843 791 790
f 813 1003 709
f 124 69 125
f 283 2464 1811
f 841 812 931
f 389 391 975
f 821 2393 368
f 2013 1138 3533
f 837 783 730
f 1973 2114 2144
f 2838 4150 2664
f 2917 1394 2945
f 1979 3372 3128
f 1746 3484 1951
f 4136 94 2519
f 2660 1951 3484
f 283 1811 4779
f 674 670 803
f 2680 3004 2947
f 648 866 779
f 1028 1116 1074
f 2329 759 1693
f 1307 902 303
f 142 137 1529
f 2447 679 1571
f 890 858 686
f 4917 351 1309
f 824 986 949
f 986 824 799
f 859 723 715
f 2475 213 4834
f 667 857 688
f 793 824 885
f 857 667 794
f 150 326 188
f 767 142 4533
f 1706 4193 3285
f 495 498 358
f 796 820 748
f 862 799 826
f 774 1910 1562
f 853 820 796
f 878 792 436
f 909 579 793
f 4498 4777 275
f 3819 386 1234
f 1646 2302 365
f 1323 3153 815
f 680 791 849
f 839 807 806
f 4837 3425 3338
f 738 789 788
f 739 813 709
f 843 740 903
f 812 844 931
f 705 874 903
f 3422 4356 1684
f 813 739 786
f 846 4983 1945
f 839 872 807
f 3080 1520 1037
f 652 782 894
f 4372 82 4617
f 1951 466 1746
f 199 773 2030
f 5002 700 5001
f 783 696 758
f 910 849 1079
f 51 89 99
f 630 728 829
f 626 1192 646
f 43 1752 1476
f 3372 2660 3484
f 1206 908 1247
f 648 829 866
f 887 891 690
f 2441 2146 4548
f 685 443 4925
f 683 723 859
f 753 748 982
f 3877 992 462
f 826 799 714
f 752 796 748
f 2223 2876 291
f 304 382 324
f 581 1938 1323
f 454 2525 4543
f 771 855 718
f 714 793 579
f 809 345 4996
f 1462 2252 4046
f 742 710 639
f 848 970 742
f 710 742 970
f 1184 506 2386
f 486 4116 1149
f 740 843 790
f 676 927 707
f 841 735 812
f 574 1978 1121
f 2143 379 288
f 873 701 841
f 3942 3189 452
f 1180 1016 1348
f 874 705 703
f 735 841 701
f 795 4666 772
f 701 873 808
f 257 415 370
f 2635 2969 2630
f 784 652 894
f 652 784 634
f 338 1525 2847
f 3372 195 1314
f 2853 590 3207
f 673 608 727
f 782 828 833
f 4304 274 1717
f 695 3204 3144
f 474 477 560
f 4798 809 4996
f 725 919 715
f 823 1951 3299
f 724 687 887
f 1372 4304 4666
f 2623 366 3563
f 887 687 855
f 815 3153 1363
f 1270 3935 3254
f 744 792 1005
f 799 824 714
f 748 753 752
f 793 714 824
f 2704 948 1717
f 49 3422 1498
f 996 995 1024
f 723 683 722
f 663 744 881
f 1023 2619 2632
f 848 742 743
f 3934 454 1292
f 904 703 677
f 904 710 970
f 908 789 640
f 844 812 738
f 954 804 836
f 487 1644 4861
f 125 101 136
f 2925 264 1400
f 2877 4845 397
f 1562 1910 3035
f 661 739 709
f 734 729 1994
f 590 1149 1986
f 901 927 676
f 1775 1115 2187
f 675 701 808
f 1372 4666 795
f 81 2593 729
f 758 652 698
f 730 654 762
f 470 3219 1640
f 1784 2839 4207
f 691 755 689
f 723 722 747
f 153 2540 711
f 815 581 1323
f 1159 4034 930
f 699 269 266
f 855 687 718
f 665 722 683
f 190 3475 4562
f 603 1923 2292
f 771 718 719
f 1163 357 2794
f 3713 1393 1481
f 3985 1474 3624
f 1412 460 1578
f 853 796 747
f 4937 4852 4749
f 404 3512 3478
f 2894 2895 811
f 643 436 792
f 2719 3392 1780
f 790 637 613
f 1765 1839 1874
f 706 707 739
f 735 738 812
f 837 762 922
f 656 555 675
f 676 657 901
f 594 5001 700
f 3170 3235 1569
f 3300 1482 1140
f 1562 3170 321
f 4026 1017 1840
f 3624 1474 1449
f 632 782 758
f 2988 2859 3113
f 431 371 608
f 519 701 555
f 2407 2558 2773
f 3909 3896 987
f 2699 3025 2844
f 3678 2963 4363
f 725 715 752
f 562 611 127
f 686 819 664
f 715 723 747
f 1038 933 847
f 715 747 796
f 563 745 621
f 664 819 768
f 630 508 511
f 1527 4662 3630
f 1754 422 1036
f 4692 658 484
f 742 768 743
f 1935 1754 647
f 745 642 680
f 4347 1691 3239
f 637 791 680
f 677 710 904
f 706 739 661
f 4751 899 4937
f 598 705 740
f 735 660 738
f 660 789 738
f 897 497 1130
f 2660 3372 1979
f 657 655 901
f 634 5001 594
f 1578 460 800
f 634 784 5001
f 829 672 630
f 4655 3266 1701
f 1917 1838 1796
f 836 804 651
f 608 631 674
f 3562 1196 1451
f 632 633 609
f 511 591 804
f 728 511 804
f 963 3487 2319
f 1528 1638 1254
f 419 374 448
f 608 673 627
f 758 696 633
f 1051 1778 3843
f 630 672 628
f 1977 3235 3083
f 569 829 648
f 569 672 829
f 1614 897 800
f 830 691 627
f 802 625 690
f 823 3299 1910
f 724 690 625
f 1912 1794 1795
f 779 624 648
f 11 28 8
f 779 668 624
f 4793 91 4968
f 638 876 1945
f 1812 1737 1465
f 1451 1025 658
f 830 627 865
f 689 890 686
f 4610 1173 1778
f 2976 422 3166
f 617 560 579
f 719 718 602
f 2051 1268 1255
f 714 601 683
f 1778 1051 4610
f 525 663 747
f 663 643 744
f 1269 1479 1173
f 849 745 680
f 1949 2674 1544
f 4289 4791 3578
f 331 370 367
f 1093 896 894
f 838 3280 537
f 924 357 1864
f 878 661 709
f 4805 3939 3864
f 3208 2126 1070
f 474 640 596
f 740 597 598
f 677 705 598
f 710 677 598
f 444 2862 4932
f 4819 939 1720
f 4506 1827 1327
f 555 701 675
f 700 762 654
f 3122 1947 3111
f 511 728 630
f 1691 4347 4854
f 5001 784 5002
f 570 828 632
f 215 161 159
f 828 782 632
f 3902 517 3348
f 802 605 625
f 750 4899 2107
f 730 783 698
f 582 569 648
f 4026 3053 501
f 718 687 623
f 480 621 667
f 3353 3049 1130
f 601 714 579
f 4959 4988 123
f 458 643 663
f 580 665 601
f 599 742 639
f 274 875 1717
f 1643 821 1227
f 880 640 617
f 3472 3435 2927
f 878 436 661
f 597 740 613
f 498 706 661
f 577 735 701
f 6 17 1893
f 3354 3559 3490
f 492 633 651
f 719 602 624
f 828 570 802
f 630 628 508
f 608 674 727
f 1474 3985 692
f 608 445 431
f 1393 338 914
f 631 670 674
f 4590 3654 3796
f 352 814 4964
f 536 655 657
f 2187 4732 2462
f 664 544 689
f 582 648 624
f 3449 3169 3347
f 624 668 719
f 602 718 623
f 566 480 688
f 688 480 667
f 686 664 689
f 747 722 665
f 2475 198 213
f 3299 4403 1910
f 2192 713 225
f 563 642 745
f 4655 1590 3231
f 1786 3772 1982
f 710 598 639
f 4913 4485 3084
f 181 27 737
f 596 789 660
f 707 498 676
f 2792 1205 389
f 4050 19 2201
f 654 698 550
f 3436 3025 2965
f 634 550 652
f 332 461 410
f 804 591 651
f 1857 1872 552
f 549 3509 1960
f 2631 967 18
f 350 318 349
f 29 87 46
f 802 570 607
f 670 631 505
f 547 627 691
f 628 672 587
f 4480 883 4898
f 1958 985 559
f 583 780 670
f 605 724 625
f 605 623 724
f 961 1544 4086
f 4592 3194 2117
f 845 791 843
f 602 481 624
f 621 480 563
f 643 792 744
f 3382 3349 229
f 1149 2853 1906
f 599 664 768
f 354 570 632
f 3231 3266 4655
f 474 617 640
f 637 680 522
f 642 522 680
f 1958 2695 985
f 4174 3235 3170
f 676 576 657
f 269 1519 1518
f 676 556 576
f 1105 610 4038
f 102 64 95
f 598 597 437
f 1910 4403 3035
f 655 554 656
f 700 654 573
f 698 652 550
f 484 1516 1521
f 651 591 513
f 492 512 633
f 438 1986 24
f 3763 4511 1035
f 691 689 547
f 605 587 503
f 218 287 189
f 232 2155 9
f 583 566 780
f 3940 2815 1302
f 282 243 299
f 605 503 530
f 582 568 546
f 623 530 529
f 564 747 665
f 2507 2491 2056
f 663 525 458
f 1037 1521 1965
f 4696 4476 1185
f 639 476 599
f 557 596 660
f 577 557 660
f 498 556 676
f 1906 2853 1119
f 577 701 519
f 2711 586 575
f 700 573 594
f 573 515 594
f 653 2315 2240
f 4269 3561 1158
f 1373 1570 1259
f 634 594 446
f 3677 3170 3035
f 9 2155 2039
f 92 1022 2989
f 608 510 631
f 3244 1070 1596
f 628 587 607
f 924 4156 3824
f 505 583 670
f 4694 2341 4476
f 1714 2386 145
f 568 582 624
f 480 566 442
f 602 623 529
f 580 564 665
f 3247 1770 2877
f 560 542 579
f 458 439 643
f 232 58 312
f 541 522 642
f 456 436 643
f 522 473 637
f 576 556 495
f 597 613 520
f 520 613 637
f 542 601 579
f 4917 113 399
f 576 494 536
f 555 656 554
f 3429 2730 588
f 434 262 420
f 651 513 492
f 510 608 371
f 354 632 609
f 81 3802 3135
f 2263 2261 2208
f 586 4707 68
f 768 819 850
f 672 429 587
f 605 530 623
f 464 327 583
f 858 890 888
f 506 145 2386
f 529 481 602
f 2266 770 3678
f 478 564 580
f 601 542 580
f 2637 2712 2584
f 580 542 459
f 476 307 599
f 477 542 560
f 496 557 577
f 557 474 596
f 708 3788 13
f 520 637 473
f 25 2540 153
f 3620 4850 531
f 3299 1951 4016
f 420 554 536
f 1272 4992 1278
f 78 68 1278
f 831 581 815
f 3677 4312 3170
f 2743 3792 3107
f 2527 2634 2436
f 989 803 780
f 137 142 2152
f 81 3127 2593
f 672 569 546
f 465 505 631
f 2475 2472 198
f 1263 1575 1536
f 568 624 481
f 173 105 152
f 544 664 405
f 2472 646 198
f 405 528 544
f 192 3817 186
f 4220 736 765
f 3909 987 1911
f 61 2335 4674
f 459 542 477
f 439 456 643
f 4881 4994 4338
f 3160 4449 4876
f 437 597 520
f 403 563 480
f 436 358 498
f 496 577 519
f 448 555 419
f 1228 620 3355
f 420 536 494
f 1533 273 832
f 1387 79 3429
f 515 573 493
f 4876 2142 3160
f 3083 4449 4022
f 634 447 550
f 370 415 445
f 430 607 570
f 430 628 607
f 505 465 409
f 1309 98 113
f 1979 4022 2660
f 270 178 271
f 326 405 664
f 403 480 385
f 654 493 573
f 327 442 566
f 4312 4732 4174
f 4174 3170 4312
f 4759 2434 4164
f 525 747 564
f 690 724 887
f 4136 259 94
f 473 378 376
f 474 424 360
f 453 496 519
f 2030 1257 2803
f 79 1387 604
f 1393 26 934
f 803 670 780
f 2295 950 2792
f 702 713 3578
f 447 515 493
f 664 599 307
f 4082 1270 1758
f 3235 4174 3925
f 634 446 447
f 369 510 371
f 751 3789 92
f 465 510 369
f 3299 4016 3451
f 3235 3925 3083
f 428 589 547
f 159 179 215
f 329 568 481
f 1504 1493 413
f 407 327 464
f 544 547 689
f 4961 2369 4431
f 328 529 530
f 1394 2974 4974
f 2860 3533 1138
f 326 664 307
f 810 703 904
f 403 541 563
f 580 459 478
f 564 478 525
f 1093 894 920
f 473 522 378
f 360 477 474
f 1397 1198 1554
f 541 305 378
f 639 437 359
f 455 520 473
f 1643 1227 4447
f 471 519 555
f 448 471 555
f 2803 199 2030
f 1716 1710 2995
f 494 495 435
f 4304 3203 175
f 495 494 576
f 555 554 419
f 420 494 434
f 1232 1360 1551
f 1239 1160 1282
f 4022 4016 2660
f 445 415 431
f 513 414 417
f 2843 1410 2852
f 594 515 446
f 1070 2503 3208
f 589 485 445
f 2974 1394 1660
f 628 430 508
f 464 409 407
f 511 508 414
f 329 463 568
f 3768 4767 4771
f 388 4944 1456
f 1167 850 944
f 546 568 463
f 1090 1052 951
f 480 442 385
f 4946 2455 3137
f 360 324 477
f 1511 252 1515
f 1533 934 26
f 424 474 557
f 189 152 163
f 3026 695 261
f 2329 1693 506
f 259 2747 94
f 492 373 512
f 3204 3026 3050
f 66 2425 2446
f 4253 4548 2510
f 591 511 414
f 675 808 732
f 336 414 508
f 834 3094 902
f 4732 3925 4174
f 734 1995 1604
f 3094 834 4986
f 409 464 505
f 3538 2966 3436
f 428 547 544
f 411 672 546
f 403 305 541
f 736 3882 4150
f 529 329 481
f 306 936 296
f 476 363 307
f 306 57 959
f 471 453 519
f 721 524 1153
f 439 401 456
f 455 359 437
f 3094 4986 283
f 4782 4312 3677
f 4732 3954 3925
f 2913 1400 1388
f 207 734 1604
f 1163 1205 357
f 1205 950 357
f 4903 647 1754
f 372 371 431
f 2802 1257 1629
f 367 445 485
f 231 173 152
f 147 161 148
f 411 546 463
f 369 409 465
f 589 428 485
f 469 2590 483
f 898 2704 285
f 132 133 143
f 459 382 478
f 459 324 382
f 477 324 459
f 424 557 496
f 401 344 456
f 359 455 280
f 4967 1498 3422
f 436 456 358
f 435 394 494
f 435 495 358
f 2897 2319 3896
f 1159 930 3117
f 229 4854 4347
f 498 495 556
f 375 554 341
f 394 434 494
f 391 1276 402
f 591 414 513
f 21 23 15
f 692 450 1474
f 652 758 782
f 2183 3339 3349
f 370 445 367
f 367 485 428
f 428 544 528
f 402 1704 2976
f 1527 4932 4662
f 364 403 385
f 461 328 530
f 382 383 478
f 4403 3451 4782
f 3083 3925 4876
f 456 344 358
f 298 473 376
f 875 3433 285
f 927 786 707
f 1307 834 902
f 354 430 570
f 4082 1404 3590
f 453 471 448
f 4668 4739 4552
f 422 1754 1935
f 328 461 310
f 1508 1327 3072
f 286 385 442
f 363 476 346
f 2462 4732 4312
f 234 165 2230
f 4932 1527 444
f 2497 2602 2601
f 492 513 417
f 424 323 301
f 833 920 894
f 1569 321 3170
f 2093 4201 151
f 424 496 323
f 3731 3670 3732
f 540 4753 4249
f 554 420 341
f 821 1643 2393
f 1036 422 2976
f 916 856 4619
f 336 430 335
f 457 4785 2202
f 369 350 315
f 392 1756 1313
f 2462 4312 4782
f 315 409 369
f 4932 1520 4662
f 331 347 316
f 428 347 367
f 308 528 405
f 442 327 287
f 1520 2862 4693
f 346 476 359
f 740 790 613
f 286 364 385
f 383 271 210
f 410 411 463
f 210 458 525
f 3425 2146 2441
f 424 301 360
f 302 378 305
f 378 302 376
f 358 344 297
f 344 299 297
f 376 265 298
f 394 435 358
f 4449 3083 4876
f 323 453 295
f 297 394 358
f 1873 4692 4693
f 295 448 374
f 4604 2619 1023
f 2619 362 1162
f 431 415 372
f 3425 4837 380
f 337 417 414
f 317 373 417
f 1404 4082 1758
f 4449 171 4022
f 3954 4732 2187
f 428 528 347
f 348 309 327
f 327 407 348
f 528 308 253
f 308 405 326
f 1701 3382 229
f 249 403 364
f 998 971 2492
f 249 305 403
f 360 209 324
f 3954 1115 4876
f 2877 3659 4845
f 1712 1956 1598
f 458 401 439
f 265 376 302
f 3747 1728 1108
f 703 705 677
f 2862 1873 4693
f 372 415 258
f 84 3437 4112
f 2862 499 1873
f 407 409 348
f 4492 3330 449
f 349 315 350
f 3363 3681 3523
f 348 409 231
f 3239 504 4347
f 372 237 318
f 253 347 528
f 137 427 1529
f 545 229 4347
f 2617 1142 1894
f 1900 353 1353
f 171 4016 4022
f 212 346 359
f 2126 2117 330
f 301 323 267
f 239 375 293
f 374 375 239
f 4797 1027 977
f 604 1387 2431
f 2892 1110 2182
f 2128 671 2863
f 417 337 317
f 337 319 317
f 337 336 335
f 373 317 354
f 4492 449 764
f 2462 4782 2101
f 2847 2794 357
f 1474 1377 1449
f 410 463 313
f 2187 1115 3954
f 315 349 289
f 214 2892 222
f 1946 4828 574
f 3462 3716 3464
f 1701 229 545
f 2251 2194 2098
f 463 329 313
f 400 943 1388
f 3843 1478 1663
f 309 287 327
f 2185 2825 1469
f 1019 517 1639
f 188 326 307
f 249 364 272
f 3925 3954 4876
f 271 383 304
f 304 324 270
f 3451 2285 4782
f 301 209 360
f 871 872 1107
f 401 282 344
f 196 455 298
f 2631 1922 1177
f 295 374 239
f 293 341 262
f 262 341 420
f 198 3366 213
f 237 372 258
f 788 844 738
f 337 335 319
f 318 236 349
f 410 313 332
f 316 349 290
f 298 455 473
f 316 289 349
f 256 231 315
f 315 231 409
f 332 313 310
f 4741 2192 225
f 329 310 313
f 315 289 256
f 282 458 210
f 2428 489 3834
f 1173 2259 1778
f 247 305 249
f 270 271 304
f 771 719 668
f 401 458 282
f 247 302 305
f 623 687 724
f 2462 2101 3192
f 394 297 224
f 324 209 143
f 323 295 277
f 574 3970 2683
f 262 434 394
f 375 341 293
f 318 237 236
f 1479 1269 1059
f 442 287 286
f 317 319 335
f 278 1811 2464
f 290 349 236
f 4304 1372 274
f 316 347 289
f 220 347 253
f 287 218 286
f 272 364 286
f 24 1631 438
f 309 189 287
f 4967 3422 2033
f 950 3140 1864
f 1388 264 400
f 247 179 302
f 2237 4428 342
f 264 1388 1400
f 280 455 196
f 299 224 297
f 323 277 267
f 295 239 277
f 414 336 337
f 1892 27 181
f 335 354 317
f 425 935 3137
f 751 759 2329
f 250 4971 3633
f 172 220 253
f 1942 1936 17
f 1701 1790 3382
f 3821 4113 4578
f 3802 81 734
f 14 2107 4905
f 1260 3763 1035
f 4067 3422 1684
f 298 265 196
f 293 262 224
f 1072 3773 1087
f 751 1261 1671
f 174 193 256
f 732 655 656
f 1072 2031 3773
f 231 256 193
f 230 309 348
f 370 331 223
f 218 272 286
f 4308 4383 4018
f 217 188 307
f 217 307 363
f 176 167 158
f 1893 534 1772
f 215 247 249
f 2462 1775 2187
f 3706 770 2266
f 242 196 265
f 629 618 2197
f 1133 1022 92
f 493 654 550
f 1035 361 3257
f 239 293 277
f 4971 250 440
f 3519 1532 552
f 751 92 1261
f 1 1446 1404
f 331 316 223
f 256 289 221
f 173 231 193
f 4356 4373 4080
f 708 13 3096
f 217 363 346
f 2706 3328 1642
f 4761 883 4760
f 1771 4716 2260
f 270 143 178
f 143 270 324
f 427 137 1686
f 404 1375 3512
f 299 344 282
f 179 242 302
f 282 210 243
f 209 301 267
f 166 267 277
f 1181 1425 1427
f 1544 659 4086
f 4274 2815 3940
f 2285 2101 4782
f 4286 30 45
f 585 4967 1435
f 4030 1893 1936
f 902 3214 4993
f 237 258 203
f 236 237 203
f 155 174 221
f 1528 1459 1683
f 397 2984 1449
f 2176 1716 1738
f 4989 4990 4911
f 216 4962 4990
f 308 150 253
f 497 535 1130
f 201 215 249
f 201 272 218
f 3096 13 4623
f 14 610 30
f 1139 84 1929
f 174 256 221
f 2294 2338 2754
f 215 179 247
f 163 149 189
f 284 1161 2214
f 179 177 242
f 3678 1030 2963
f 299 243 184
f 167 242 177
f 158 167 93
f 166 209 267
f 1161 717 818
f 1004 743 850
f 767 3960 1716
f 3160 171 4449
f 236 203 290
f 173 193 129
f 2592 3245 2573
f 289 220 221
f 221 172 155
f 221 220 172
f 149 218 189
f 607 587 605
f 1329 3622 1927
f 168 212 176
f 4677 4971 4931
f 346 160 217
f 159 161 147
f 176 212 280
f 220 289 347
f 4056 571 4087
f 184 224 299
f 293 224 184
f 174 129 193
f 749 1557 4976
f 189 230 152
f 201 218 149
f 167 176 196
f 212 168 160
f 1637 776 1040
f 159 177 179
f 1521 1516 1965
f 1982 2433 107
f 4578 1580 3821
f 141 166 293
f 141 293 184
f 1115 1775 4716
f 155 97 174
f 574 2683 2390
f 111 150 138
f 146 125 136
f 172 253 118
f 2186 2091 2122
f 574 2390 1978
f 1719 2386 1714
f 136 188 217
f 217 160 136
f 161 215 201
f 132 143 209
f 121 184 243
f 173 129 105
f 325 311 785
f 772 746 4834
f 131 209 166
f 3719 3005 311
f 867 1363 3153
f 203 223 290
f 2575 4961 4431
f 118 154 172
f 150 118 253
f 3451 4016 1488
f 2259 1479 3376
f 63 111 139
f 183 187 2852
f 2142 2471 3160
f 887 855 981
f 147 144 159
f 178 134 243
f 143 134 178
f 105 59 102
f 121 243 134
f 158 168 176
f 1488 2285 3451
f 3475 2165 392
f 131 166 141
f 114 155 154
f 97 129 174
f 770 1534 1871
f 2997 2994 3205
f 95 163 152
f 111 118 150
f 139 138 163
f 2569 2567 2692
f 136 150 188
f 160 146 136
f 201 148 161
f 146 160 168
f 134 143 133
f 159 156 177
f 3153 832 867
f 120 132 131
f 132 209 131
f 167 177 93
f 184 121 141
f 154 104 114
f 455 437 520
f 2142 4876 1115
f 124 147 148
f 729 734 81
f 2471 171 3160
f 139 163 95
f 4782 3677 4403
f 136 138 150
f 1533 26 273
f 97 155 114
f 152 105 102
f 4716 1775 2260
f 154 118 104
f 1740 1817 1744
f 4355 4638 2548
f 3830 4144 4154
f 1945 876 846
f 2101 2285 3192
f 1701 545 4655
f 124 100 147
f 89 146 99
f 99 146 168
f 816 1887 4431
f 132 120 133
f 121 133 120
f 141 120 131
f 54 104 118
f 309 230 189
f 138 62 163
f 484 658 1025
f 478 383 525
f 70 148 149
f 110 70 149
f 148 31 124
f 31 69 124
f 503 461 530
f 89 125 146
f 124 125 89
f 4432 2015 3753
f 67 156 144
f 86 97 114
f 97 105 129
f 1637 3903 776
f 62 110 163
f 83 138 101
f 147 100 80
f 2856 3117 1870
f 87 93 156
f 396 1629 2428
f 2858 2647 2854
f 621 851 794
f 201 149 148
f 997 925 962
f 56 104 54
f 2210 2186 2122
f 1115 4716 2142
f 139 95 63
f 53 62 138
f 3063 2693 3015
f 69 101 125
f 144 147 80
f 1419 1126 1209
f 67 46 156
f 59 105 97
f 73 87 29
f 1279 246 4913
f 975 2792 389
f 2996 1279 4913
f 101 69 16
f 86 114 104
f 41 44 56
f 4393 2987 1264
f 261 695 1660
f 73 158 93
f 59 97 86
f 1032 1073 1157
f 1870 3117 930
f 1776 4834 213
f 479 1771 3192
f 4447 1913 1218
f 171 2471 1488
f 60 99 158
f 1074 968 1028
f 73 93 87
f 46 87 156
f 104 77 86
f 111 63 54
f 4759 1255 1268
f 53 138 83
f 89 51 100
f 51 99 60
f 1508 3072 3080
f 451 1231 4506
f 1660 3531 3168
f 4383 4980 516
f 1124 2030 773
f 1017 1462 1840
f 63 95 64
f 275 3050 2080
f 243 210 178
f 1296 1238 1155
f 83 101 52
f 2492 3984 809
f 1324 1673 1204
f 427 1686 361
f 95 152 102
f 80 23 67
f 2285 1488 3192
f 504 2482 499
f 53 83 32
f 101 16 52
f 492 417 373
f 3563 1361 1023
f 33 56 54
f 70 110 28
f 32 83 52
f 80 67 144
f 499 3157 504
f 51 23 80
f 77 104 56
f 46 67 23
f 2482 504 3239
f 77 44 86
f 393 205 895
f 54 63 33
f 33 63 64
f 53 28 62
f 727 893 865
f 1488 479 3192
f 3819 4480 386
f 39 52 16
f 15 23 51
f 60 73 37
f 59 44 36
f 86 44 59
f 70 28 11
f 499 2862 444
f 773 199 1244
f 3157 499 444
f 36 33 64
f 504 3157 523
f 2481 4993 980
f 11 31 70
f 37 73 29
f 41 36 44
f 2471 479 1488
f 2862 1520 4932
f 4432 662 2015
f 32 8 28
f 20 8 32
f 2471 2142 479
f 419 375 374
f 1672 395 835
f 1771 2260 3192
f 15 51 60
f 23 21 46
f 60 37 15
f 52 12 32
f 32 28 53
f 12 52 39
f 15 37 21
f 1771 2142 4716
f 502 1590 4655
f 20 32 12
f 1576 1163 2794
f 39 4 12
f 31 10 16
f 59 36 64
f 33 36 41
f 20 5 8
f 382 304 383
f 640 789 596
f 31 11 10
f 252 245 244
f 388 384 387
f 10 11 8
f 371 350 369
f 56 44 77
f 5 3 10
f 46 21 29
f 1289 1665 268
f 10 8 5
f 4 20 12
f 312 4377 232
f 138 139 111
f 3 39 10
f 3 5 4
f 3 4 39
f 1771 479 2142
f 20 4 5
f 785 311 778
f 2540 2179 126
