# Stanford Armadillo
# quadric edge-collapse decimation to 20000 triangles, 10002 vertices
v 14.9532 -42.85786 22.67858
v 2.273712 28.55296 32.9269
v -52.84344 66.64562 -57.53863
v -51.68587 67.2788 -56.5976
v -53.29729 68.24874 -57.47601
v -51.99281 67.87471 -57.64113
v 18.07225 -34.0716 10.5979
v 6.20205 12.11374 27.47284
v -54.611 68.4001 -56.61693
v 26.82693 -9.225696 19.0403
v -54.82241 69.24269 -55.41656
v -7.581328 17.43792 29.18463
v -53.05133 68.82166 -56.68635
v -54.36328 66.62602 -56.64856
v -56.84388 67.1377 -54.64581
v 2.776832 45.39302 34.83559
v -52.43366 66.54897 -56.22285
v 29.48795 -32.344 10.28222
v -52.73947 68.22469 -54.75948
v 29.86357 9.484586 18.36375
v -57.04247 68.95569 -54.10747
v -31.28199 -45.80295 7.161222
v -26.27893 -8.344027 19.26525
v -24.30001 3.53034 25.81633
v -56.73703 60.07068 -54.45649
v -56.00652 65.69397 -53.09446
v -53.27083 66.24999 -56.50552
v -7.680511 44.37102 36.69776
v 16.18504 -32.28738 10.41469
v 16.16537 -8.307469 18.83018
v -40.61835 -31.34766 10.60244
v -21.42631 -31.43963 11.32575
v -52.74077 68.85731 -55.78062
v -57.50693 59.09254 -55.23588
v -46.01081 -46.36483 7.25767
v -57.96818 60.35228 -54.56565
v 4.987161 12.10636 27.3089
v -35.43625 10.73134 17.54994
v 26.34777 67.81241 6.008938
v 20.28929 58.21776 30.49477
v 34.76258 -50.60063 16.77459
v 4.13807 17.35442 29.07593
v -56.2413 69.66677 -53.77747
v 30.05347 -45.70946 7.853029
v 26.65946 -7.5595 19.376
v -58.09568 58.30566 -53.89194
v -59.04667 59.23662 -54.15098
v 31.36974 -46.63956 7.676703
v 13.59967 -29.98172 11.53687
v -28.61668 -6.996942 19.5738
v -9.074291 17.99144 29.09019
v -57.41847 66.23165 -53.16585
v -53.81267 69.1898 -53.6685
v -50.54919 73.72656 -53.76374
v -51.4529 74.16896 -54.15774
v 26.79748 -46.26471 6.832987
v 5.197595 44.54204 36.37047
v -49.96401 74.75303 -54.74534
v -51.46223 75.02191 -54.48368
v -21.63985 -7.408907 19.13297
v -20.73744 -29.50458 10.67462
v -53.43257 75.07427 -53.60043
v -53.03473 75.70303 -53.52308
v -50.38977 75.64252 -54.52244
v -51.19263 76.32039 -53.53352
v -56.60577 58.51948 -54.45333
v 13.17364 -27.59365 11.07148
v -10.81431 61.37434 37.86443
v -34.18897 12.55438 18.10481
v -53.50292 66.3772 -54.6234
v -20.09797 -6.291348 19.15997
v -8.221372 19.56895 30.39423
v -49.30712 74.04884 -53.87233
v -20.57023 -27.26098 9.664569
v 19.80308 -53.56883 10.98065
v -49.67466 75.83024 -53.68094
v -30.67345 -6.301913 19.72361
v -60.38384 59.75855 -51.89568
v 21.47441 -45.29792 6.361401
v 21.34922 -45.67112 7.369229
v 2.92372 57.14052 39.27662
v 16.89615 -6.986478 19.95417
v -54.55087 65.83903 -53.30541
v 32.50602 -26.70407 9.848822
v 5.493815 19.67828 30.5119
v 22.76056 51.9697 25.09777
v -9.926479 19.63276 29.66324
v 7.193526 12.14381 27.17254
v -49.9602 75.83841 -53.06314
v 28.03464 -5.334806 19.50744
v -33.42303 -5.261371 18.62509
v -59.52647 61.35597 -52.88234
v -57.47202 62.28022 -51.7363
v 13.05185 -5.696015 18.15149
v 5.108178 14.12714 28.26016
v -54.07164 68.30493 -52.66527
v -20.77472 -23.71241 10.87289
v -43.5937 -44.89541 7.390331
v -55.91695 69.89317 -51.68304
v -52.05845 73.08134 -51.89776
v 9.398609 21.10358 28.78349
v -49.93763 73.94919 -53.0005
v 22.96875 -53.0632 10.44189
v -20.56844 78.26075 20.28188
v -9.997799 21.48941 29.87161
v -53.17068 76.49149 -52.43565
v -57.8158 58.41025 -52.76859
v -56.87266 59.60445 -52.94046
v -33.37826 -3.58219 19.01247
v -59.22414 68.48964 -50.44376
v 15.79399 42.79811 29.54815
v -55.8953 69.68132 -50.07807
v -57.32211 70.01709 -51.39304
v -53.14615 72.65272 -51.67976
v -21.55169 -20.67136 11.42739
v -53.49975 74.08764 -53.27461
v -54.78792 75.87644 -51.81717
v -41.44249 -43.59142 8.767064
v 27.81471 12.40688 17.96346
v -60.45788 61.17763 -51.88084
v -56.83454 61.1457 -52.55368
v 33.39724 -20.81847 10.36739
v -57.3529 65.14686 -50.36928
v -55.70064 65.48868 -51.64366
v -59.14103 66.83399 -51.21754
v 29.70955 -40.21128 19.97244
v -15.64371 -4.069948 18.04221
v -32.75243 -42.73342 8.441828
v -51.2741 73.8923 -52.07885
v 28.00805 -36.55225 27.09347
v -26.90163 54.09229 24.39869
v -58.56806 58.44476 -51.32104
v -56.9605 59.55418 -50.79943
v -56.62877 60.30043 -51.46214
v -14.81464 -3.147616 18.7451
v -34.36701 -43.01219 7.17707
v -22.54656 4.917577 25.83778
v -6.05742 -2.69993 45.95686
v -37.61268 -43.25707 7.104885
v 33.17509 -18.74497 10.91589
v -22.23848 -18.04435 12.24201
v -55.43891 74.58428 -51.8442
v -51.18432 76.23042 -51.8797
v 32.63088 -17.88237 10.57575
v -41.9294 -16.62562 10.48543
v -58.64632 62.349 -52.00877
v -56.97635 64.92809 -49.70478
v -32.25197 13.93138 17.6476
v 16.2992 -16.344 10.47019
v -55.18343 68.41897 -50.22571
v 29.32335 -1.097622 20.15744
v -35.76845 -38.83041 6.887585
v 8.911906 65.15808 37.35432
v -56.70809 75.19662 -49.60808
v -54.20589 76.4902 -51.00033
v -35.75157 0.808542 18.62024
v -51.83783 76.68461 -52.11893
v -59.86042 58.81476 -50.79547
v 32.76938 -14.91712 9.661096
v -56.65917 62.52439 -49.01154
v -10.93273 25.22384 30.54459
v -21.54187 24.02073 10.20195
v -13.00982 -0.2321573 19.6461
v -59.1328 65.68692 -49.94371
v -13.16501 26.29204 29.54307
v -31.44018 15.20011 17.77533
v -51.38189 75.49592 -51.10107
v -58.88856 58.57048 -49.40077
v -57.4631 59.30008 -47.70666
v -61.54198 61.36299 -47.67698
v 9.942441 0.6092482 19.35201
v 21.29236 15.74954 18.50723
v -56.5012 72.90288 -50.25641
v -13.38909 27.14356 29.51307
v -33.84898 -37.83442 7.124011
v -52.55669 73.16029 -49.80159
v 24.85147 14.25352 18.46287
v -55.31048 76.29005 -48.16322
v -39.56378 -10.18143 10.78626
v -23.62617 -11.80308 10.99251
v 15.11402 -11.51585 11.17627
v -56.27934 61.73259 -48.40696
v -60.38585 62.8168 -49.72943
v -57.7438 63.03968 -49.26935
v -3.565018 1.722775 41.41132
v -59.94971 66.64997 -49.41285
v -20.48034 -10.6672 10.67851
v -55.76234 66.52006 -49.87405
v 11.08997 29.11166 29.9405
v -11.96668 28.46439 30.06316
v -57.42272 73.92576 -49.20341
v 31.63147 -10.70933 11.20932
v -52.01989 75.75959 -49.57794
v -56.61602 75.85652 -48.51476
v -19.39036 -9.269745 10.36312
v -9.742696 3.746162 20.0109
v -19.48835 4.687203 25.64099
v 22.57939 53.04051 24.91729
v -58.44532 69.61469 -50.15431
v -57.71998 70.08175 -49.47133
v -54.91961 71.75432 -49.93863
v -54.30911 71.48145 -49.12883
v 11.18497 31.55658 29.36252
v -39.34467 -9.114204 11.15548
v 13.40901 -8.203488 9.481196
v -52.8694 75.85698 -48.37309
v -60.28195 59.17304 -47.27337
v -12.62316 45.2274 34.93281
v 17.74154 24.19171 9.984614
v 1.03993 61.19852 -48.84162
v -60.01963 63.55559 -48.1562
v 33.56256 -9.192481 9.752937
v -36.50933 -36.95654 7.466758
v 30.30965 3.883278 19.31303
v -57.65047 72.37137 -48.50988
v -53.74189 72.10814 -47.37823
v -14.70025 16.25889 27.37668
v -12.25612 31.59269 29.56137
v -52.20588 74.85311 -48.87214
v -1.352071 59.49841 -48.59848
v 0.8554761 60.18689 -47.95172
v -56.4009 60.75267 -48.12377
v -1.760741 60.6252 -48.63748
v -0.6303385 60.79104 -48.81638
v -38.26525 -8.041354 12.14393
v 2.426188 60.62403 -48.69815
v -16.43397 -6.462135 10.67702
v 28.44938 -53.20807 10.44374
v -0.0462982 61.57677 -48.74179
v -12.70332 47.04378 35.4885
v -56.94288 63.60977 -48.61178
v -58.54976 64.20429 -48.15674
v 11.64868 -5.428659 10.04997
v -37.0009 -35.91651 6.820757
v -58.35319 64.81034 -48.33472
v -35.77117 -36.33372 7.187986
v -56.82854 64.47623 -48.70146
v -60.18644 65.30971 -47.74656
v -56.00617 66.23457 -49.08262
v -34.6217 6.533322 19.69923
v -7.952134 65.34018 38.15715
v -59.70393 68.66193 -48.16118
v -58.72694 69.59089 -47.73889
v -24.47264 -39.92163 19.31622
v -55.10243 70.97464 -48.3184
v -10.07761 14.95699 27.82735
v -37.72415 -35.68567 7.057965
v -1.501157 63.74979 39.19372
v -56.474 76.05865 -47.61011
v 0.8355196 58.55071 -48.02272
v -25.72109 -36.28866 8.070559
v 2.251777 58.90369 -48.15791
v 2.84913 59.46683 -48.152
v -15.47016 -5.006772 10.67393
v 2.891793 60.8875 -48.38918
v 2.19911 61.35726 -48.41925
v -1.282347 61.21976 -48.43049
v 0.4565812 61.65926 -48.32329
v -55.90448 62.74738 -47.83034
v 34.39768 -4.855264 10.20765
v -54.873 66.44382 -47.51909
v 11.32066 33.19099 30.59301
v -55.63474 68.54984 -48.33389
v -56.096 69.93424 -48.33847
v -55.92135 70.7628 -47.98651
v -37.62087 -33.24378 6.784711
v -56.87091 71.17038 -47.65781
v 34.98984 -3.406887 10.21248
v 28.33172 8.950344 20.69492
v -53.34916 73.0545 -47.0487
v -3.577817 45.64233 35.10969
v -20.38307 5.679266 25.68858
v -58.56649 58.88402 -47.47976
v -0.5893032 58.85094 -48.2828
v -2.146352 84.71768 27.38857
v 14.3278 33.74703 27.2588
v 1.483132 61.44576 -45.95801
v -61.30137 62.80939 -47.77553
v -14.26514 34.89883 30.01432
v -56.16716 64.44101 -48.08071
v -60.41835 63.96274 -47.62233
v -14.36959 -2.567363 10.53059
v -60.48785 66.75482 -47.74276
v 28.28757 10.53139 19.64062
v -59.7903 68.87859 -47.58462
v -55.15047 69.21055 -47.58246
v -40.46133 -1.398606 10.98711
v -54.99062 70.39628 -47.70128
v 26.87343 11.54854 19.3478
v 4.087424 44.90529 36.18202
v -58.93488 73.03183 -46.28427
v -33.36708 12.20954 19.6124
v -28.56799 16.23882 18.34245
v -53.07912 74.50825 -46.76466
v 26.52777 13.24854 18.83798
v -53.85633 75.29462 -46.09151
v -12.02615 -0.2047003 11.55011
v -2.032982 58.51477 -46.09175
v -61.20826 60.18758 -47.46118
v -40.41444 -30.54526 6.675114
v -56.44994 60.39686 -47.96818
v 0.1152138 66.9729 37.56065
v -61.98726 62.99543 -46.91184
v -55.89888 62.70419 -46.40359
v -56.19882 64.36633 -46.91445
v -61.08846 64.35816 -47.05884
v -61.43607 66.02957 -46.71098
v 22.86473 13.71431 19.29749
v -59.79383 69.50667 -47.02908
v -57.54828 70.21866 -47.22706
v -12.21755 15.67446 27.34548
v -31.69979 14.26181 19.24198
v -10.4217 2.409382 9.895675
v 7.962666 45.05658 35.23916
v -0.8474454 57.97456 -46.09432
v 2.382419 58.0908 -45.98441
v -9.128243 1.96144 11.50898
v 3.25342 58.5341 -45.96549
v 20.71342 16.03611 19.1065
v -59.96186 58.38396 -45.97222
v -39.82991 2.904835 10.07375
v 3.795089 59.92918 -45.94095
v -55.72414 61.72559 -47.29195
v 4.423417 2.806677 10.80432
v 1.025754 64.31717 39.13785
v 6.449768 2.276005 11.14785
v 19.9596 16.33523 20.53366
v 9.00557 54.53803 37.64531
v -3.767034 -3.912051 55.22081
v -61.12442 67.4183 -46.74478
v -54.61426 67.79441 -46.75181
v -60.59168 69.3226 -46.45412
v 23.76822 -30.47992 7.182568
v -12.78028 17.93167 27.14661
v -53.20843 74.36731 -46.124
v -26.2719 18.26066 18.73929
v -57.67128 75.54876 -45.53053
v -55.96139 75.82118 -45.49207
v -25.47893 55.83387 24.96211
v -25.23232 18.79559 19.72321
v -56.24955 59.74788 -46.58991
v 33.73893 4.537727 10.45527
v -61.66785 59.47907 -46.25303
v -0.2667948 61.58058 -45.99433
v -61.99287 62.50883 -45.71645
v -54.75209 66.22091 -46.51628
v -61.22869 67.83697 -46.14405
v -22.14811 22.33834 18.75559
v 19.01527 22.16619 18.88008
v 9.044494 17.70077 27.62378
v -54.9398 69.88583 -47.2563
v -58.33704 71.07005 -46.54968
v -52.91958 72.35077 -45.59996
v -5.778094 -8.303824 57.13517
v -21.73578 22.81379 19.39888
v -58.15949 58.60639 -46.21058
v -8.168358 68.23886 37.28148
v -3.483187 6.014766 10.30528
v -1.967517 5.908236 9.637385
v -2.559521 59.42413 -46.1166
v -0.1166469 -0.01189248 44.67099
v -62.19419 61.2765 -46.52116
v 28.03485 -34.66864 26.86592
v -22.07721 24.56269 19.06516
v -2.656282 6.778589 11.81921
v -53.83155 67.36732 -44.75635
v -17.32232 40.75503 30.48451
v -61.32436 67.58368 -45.40686
v -60.41248 69.51795 -45.32818
v -59.27865 70.88619 -45.98688
v -42.17303 -52.77929 9.444843
v -24.01458 -46.62317 17.03701
v -0.7242922 6.916665 11.11916
v -20.85605 26.16429 18.37362
v -56.81127 75.94226 -45.20574
v -23.01912 -29.33234 6.402171
v -1.799549 2.131755 41.65371
v -59.4729 58.60282 -45.03496
v -56.25418 60.16566 -45.72906
v -4.193801 45.88232 35.65283
v -20.04195 42.31812 29.52304
v -20.68639 29.06284 17.9104
v -55.75345 64.16638 -45.61433
v -35.21447 11.78196 9.903761
v -61.40095 65.83852 -45.48873
v 30.38117 11.44948 10.52642
v -59.55782 70.67465 -44.86355
v -54.74352 69.51972 -45.83168
v -53.23925 71.39436 -45.60254
v 28.85258 -29.00141 7.067943
v -19.23822 43.95289 29.58671
v -58.88362 73.92266 -45.87994
v -0.9395106 67.76499 37.62991
v 19.87088 19.44378 18.71766
v -49.56458 83.31029 -45.94572
v 28.03846 13.89001 11.24662
v -48.41053 83.42264 -45.30767
v -49.08221 84.29184 -45.60932
v -2.166947 57.01446 -44.72033
v 17.82749 36.56031 20.85317
v -1.071384 44.72639 34.7838
v -3.072939 57.7606 -45.15316
v 0.9003344 57.62546 -45.58476
v -57.33117 58.60208 -44.28948
v -31.47331 15.49597 10.40457
v -27.15056 18.0469 17.42126
v -4.539639 59.05118 -44.76991
v -62.43362 61.6774 -44.89161
v -28.29546 16.49343 8.987129
v -2.084716 60.80961 -45.75549
v 3.301908 60.77233 -45.60695
v -1.56258 61.33598 -44.79299
v -10.77384 45.59253 35.83556
v -55.08171 62.05859 -44.99506
v -20.24396 45.18204 29.591
v 17.75446 -28.43887 7.247133
v 24.69692 16.68387 11.65946
v -61.19795 64.20032 -45.46284
v 19.35758 -28.27088 7.18615
v -54.11806 65.79846 -45.32322
v -60.92209 69.4224 -44.43551
v -21.31773 -27.362 7.121446
v -52.48477 73.86578 -44.79466
v 16.48778 -26.93935 7.219745
v -53.01358 75.78597 -44.86675
v 0.8433824 45.38184 34.84234
v 23.23555 17.95136 9.985932
v -51.64806 81.0422 -45.08522
v -50.10743 81.48262 -44.89332
v -51.94755 82.77528 -45.16963
v -22.64679 41.05637 19.54543
v -3.267951 56.93073 -44.129
v -0.2529174 56.94291 -43.88266
v -24.18674 21.54027 16.57226
v 21.63256 20.24782 11.29893
v 5.39594 58.85996 -44.71539
v -16.82654 7.258426 26.06986
v -25.90512 42.65071 18.76707
v 27.50196 -30.31786 27.3105
v -24.91964 44.09556 21.12728
v -22.08344 25.62051 13.57051
v 22.83423 -31.66161 28.89734
v -59.82247 72.57421 -45.20855
v 16.63675 -26.49369 6.953148
v 11.59253 20.01551 26.57526
v -59.5129 74.6784 -44.68901
v -58.33017 76.15806 -44.45419
v -20.52172 27.00698 10.13646
v -21.29602 -25.95008 7.502221
v -13.36531 20.24578 27.94124
v 30.01922 -26.76973 6.641472
v 6.129699 46.85924 36.50466
v -54.21636 81.13282 -43.71825
v -27.36352 57.63042 24.79205
v -41.41532 -26.39923 7.188494
v -20.84256 28.26805 12.16894
v -52.41645 83.25081 -44.68114
v 16.91564 27.63695 10.00299
v -51.07848 84.29636 -44.29088
v 15.38827 -31.994 25.85532
v 2.214613 56.5772 -43.0501
v 7.170992 46.47089 35.95261
v -13.08579 21.68584 28.15984
v 10.86141 21.36757 27.85929
v -20.98443 25.84612 9.634116
v -61.5352 59.47627 -45.06535
v 19.31252 5.508234 25.36559
v -2.533115 60.41094 -45.85062
v -21.41738 49.71246 29.47311
v 18.01933 32.22137 11.34827
v -20.02979 32.69299 11.7428
v -19.75031 33.02792 9.618517
v 24.2301 51.64949 19.39838
v 17.78593 33.38866 10.47364
v -62.95378 63.12655 -44.22256
v 20.87011 4.923058 25.4368
v 31.58526 -25.5205 7.28243
v -61.9894 64.86125 -43.44601
v 18.7964 34.95388 11.21829
v 3.514833 45.1885 35.17217
v -42.02008 -25.28501 8.246945
v 19.92803 49.96491 29.53592
v -20.64687 35.8732 11.75518
v -21.02158 36.10473 9.767408
v -29.41062 57.17138 19.56652
v -52.17343 72.53184 -43.16985
v -53.08255 75.41773 -43.63609
v -21.59941 36.67485 10.88182
v -26.95791 6.587365 25.43542
v 25.63282 56.68855 19.89525
v -55.7216 76.7165 -44.1716
v -48.73429 82.9929 -44.3384
v 21.66601 52.62213 28.6741
v -21.26115 -24.41559 6.711845
v -48.97099 84.4056 -44.64941
v 19.03759 22.77676 17.43008
v 21.11884 38.69773 12.59384
v 3.884466 56.61208 -44.39502
v -5.015652 57.21286 -43.08177
v -29.85745 59.62438 19.16021
v -1.337747 56.67748 -42.8048
v -23.65428 39.6226 11.35806
v -37.94958 -39.10734 18.98556
v -60.37759 57.80709 -43.65934
v -24.47158 40.56855 9.841367
v 22.34486 40.71459 8.758772
v 6.435045 57.9489 -43.12706
v 25.98457 60.76619 18.75921
v -55.60441 59.97042 -44.18824
v -62.32634 59.76461 -44.01754
v 5.113248 60.87161 -43.71127
v -54.75163 61.23883 -42.20367
v 24.41347 43.54564 10.88108
v 1.582189 62.72218 -44.10056
v -0.4129575 62.8351 -44.32358
v -55.25036 63.74712 -43.45559
v -4.154405 -6.309723 46.23578
v -62.35799 67.51391 -43.83134
v -60.22888 70.44436 -43.9392
v 20.923 56.00844 29.64606
v 17.10922 -21.92702 7.165858
v 31.99131 -22.11427 6.121656
v 25.07065 -32.5781 28.5548
v -22.44189 56.63586 29.747
v -52.38031 83.68768 -43.85883
v -28.60341 65.89107 18.65352
v -49.06165 82.73721 -43.72539
v -50.7604 83.98715 -43.33099
v -18.75949 6.234535 25.56544
v 4.827799 56.62201 -44.06969
v 25.50238 65.46653 19.76473
v -3.406426 56.44304 -42.76526
v -28.17342 46.73323 10.47865
v -57.1349 58.65537 -42.2431
v 33.18081 -22.85606 8.38704
v -55.48671 59.96947 -42.56948
v 6.215464 67.13668 37.76407
v -5.370231 60.17924 -43.75028
v 24.07657 68.36259 19.63378
v -4.797457 61.21543 -43.36107
v -3.096045 61.53667 -43.73252
v 21.31356 60.01545 29.07966
v 23.77484 69.41798 18.48127
v -30.0159 47.91378 10.13171
v -23.509 60.05785 30.25523
v -62.5024 66.53976 -43.99927
v -61.68857 69.23361 -42.82812
v -31.54319 48.36416 9.685725
v -60.71296 70.35689 -42.31612
v -23.36691 61.46194 29.99772
v 23.53155 72.00062 19.12071
v 26.1247 -52.96985 15.20019
v -54.39709 76.49172 -43.34741
v -53.30812 78.99795 -44.0239
v -52.09817 79.0094 -43.89838
v 17.73894 45.35943 29.02004
v 52.94371 80.51341 -43.61188
v -49.80491 81.05591 -43.27047
v 52.02791 81.61308 -43.44781
v -31.39338 51.6162 11.57527
v -49.3914 82.19854 -43.39602
v -5.333672 57.48571 39.23604
v 36.56163 49.63114 10.35667
v 33.01433 -20.96234 6.937566
v 0.2821417 55.12766 -42.80522
v 0.9808292 56.91429 -43.91909
v -22.34716 25.15517 16.53189
v 19.64198 6.547284 25.29236
v 5.238625 56.50692 -41.44092
v 24.40423 58.55043 24.90403
v -22.17878 76.44046 19.90401
v -5.739292 57.7717 -42.63598
v -59.15144 58.24222 -42.6438
v -5.660682 58.51053 -43.54671
v 17.49083 -19.02959 7.942009
v 6.45448 60.02834 -43.46146
v -62.33961 60.52763 -42.62733
v 15.35382 -45.76858 17.53844
v 0.2942624 0.3908334 29.42662
v 20.24805 77.58413 18.78167
v -22.22207 77.08153 18.77679
v -1.114983 62.96995 -42.78038
v 1.082339 63.23501 -42.42639
v 2.390344 62.7733 -42.21294
v -62.65699 63.18206 -42.04139
v -20.57187 78.7631 17.3311
v -62.54855 65.8714 -41.67096
v -53.34929 66.46794 -41.8795
v -34.31157 52.57706 10.36059
v -53.11669 69.78062 -43.90337
v -60.7179 71.47526 -43.33326
v 37.48792 54.79171 10.61268
v -52.07217 71.10288 -42.09115
v -60.20082 73.48681 -43.5457
v -52.48556 73.81973 -42.29973
v 57.67605 75.10311 -43.03559
v -59.19587 75.28813 -43.10099
v -5.086416 82.53331 29.81035
v -34.38115 54.30966 10.63438
v -13.56794 23.15903 28.60416
v 58.52789 75.85703 -43.34039
v 35.86785 63.46743 6.360544
v -56.72053 76.85247 -42.86625
v -53.4703 76.67485 -43.04293
v -51.33251 78.48542 -42.81174
v -36.36354 55.08898 10.18644
v 51.90237 80.90149 -43.09727
v -54.75554 81.43628 -42.76044
v 52.75348 81.57126 -43.83593
v 52.19213 82.19732 -42.46213
v 19.22048 67.75787 29.84192
v -52.9813 83.17819 -42.40159
v -50.8201 82.92331 -42.2745
v 3.197226 55.0058 -42.08078
v 4.001967 56.19471 -42.72735
v -20.46842 27.58899 18.47996
v -2.420328 -6.73707 46.16433
v 33.02682 -17.45719 7.948996
v 5.903583 56.62181 -42.50929
v -23.57297 -17.25185 7.114125
v 7.134739 57.94099 -41.55884
v 17.09741 71.26122 28.92714
v -14.18899 83.24544 19.90701
v 36.80738 58.2938 10.69253
v 3.132805 61.72526 -43.2882
v -4.296131 62.21297 -41.74745
v -42.78855 -17.77089 6.380338
v -36.13011 57.99457 9.953156
v 9.704706 -1.936893 16.6132
v -54.01603 68.56229 -43.51715
v -61.09103 72.33211 -41.02009
v 17.5623 27.3524 18.29103
v 58.49062 73.88659 -42.14915
v 59.51409 74.31322 -42.42305
v 13.17511 25.89867 28.04733
v 10.93309 85.80275 17.99456
v -51.99228 76.89455 -42.31725
v 57.27423 76.81365 -43.00968
v -55.01158 77.06723 -42.81448
v -24.68852 -16.47066 7.008231
v -16.07644 17.71751 26.87734
v 34.78347 61.17474 11.00799
v 53.52788 79.84741 -42.23349
v 54.63889 79.87855 -42.64996
v -15.18521 7.388009 25.75108
v -49.83192 81.18308 -42.34943
v 18.32534 30.15315 18.03521
v 54.24803 81.49007 -43.15339
v 53.82668 82.52683 -42.54423
v 19.11866 69.90338 29.22793
v -19.8658 29.44419 10.36303
v -13.52331 49.89405 36.36415
v 0.240537 54.78141 -42.03166
v 0.8297669 55.17911 -42.15737
v -42.7741 -14.62683 7.25426
v -2.358569 54.79541 -41.63515
v 31.48477 63.17253 10.48513
v -25.03084 -14.66951 6.357709
v 18.28094 70.33408 29.53382
v -12.1187 49.6503 36.0732
v -60.8084 57.91176 -42.82261
v -29.70112 63.89857 11.89337
v -61.47735 59.16673 -41.61944
v -6.438214 59.29368 -41.63291
v 6.83221 60.53167 -41.9607
v -29.21309 65.02289 9.811248
v -5.568032 61.24376 -42.15513
v -54.29317 62.42202 -40.69662
v -9.269074 86.56793 20.82433
v -54.89481 63.74877 -41.93108
v 6.412537 87.75857 17.4947
v -18.77828 72.32683 28.88703
v -52.6847 75.21576 -42.65578
v 24.06043 61.63257 24.50681
v -59.97845 75.31868 -41.71407
v 60.37047 75.35874 -41.7819
v -24.45861 -13.6612 8.038112
v -14.56312 18.54869 26.54129
v -55.98764 77.48366 -42.31884
v -56.34268 78.28988 -41.7668
v 17.19605 -16.22393 7.808955
v -29.58166 68.3144 10.23863
v -4.101603 87.78509 21.16542
v -20.61231 32.41868 18.00708
v 53.4707 79.9246 -40.99169
v 33.15901 -13.39639 6.101033
v -41.80326 -13.44222 7.20432
v 20.60845 -31.30149 28.71398
v 16.09616 72.5365 29.11145
v 1.614337 55.85563 -41.89561
v 3.672748 55.44766 -40.80555
v -5.247205 57.04242 -41.4419
v -41.75155 -12.33659 7.312755
v 24.07107 71.38683 10.0522
v -24.99694 -53.73155 19.4447
v 7.372001 60.23745 -40.6729
v 32.93421 -12.48162 7.766067
v -54.19063 60.94214 -39.70422
v 29.9418 -53.57604 20.49983
v 6.481372 61.56417 -40.53141
v 31.37694 -53.39263 19.64813
v -5.775893 62.11599 -40.7279
v 13.46734 28.61231 27.54806
v 3.969622 62.53871 -39.97428
v -36.46966 -53.29183 20.04262
v -62.65631 64.52899 -40.36426
v -53.62934 65.00107 -41.41139
v -62.35806 66.85911 -41.69031
v -61.98806 68.75762 -41.60326
v 22.69911 73.71038 9.827874
v -24.99036 74.81715 10.96886
v -27.45974 -53.29055 19.4148
v -28.40682 -53.19436 20.69724
v -23.10591 -52.6854 19.55869
v 57.57963 75.35615 -41.4788
v -15.20415 76.32336 29.37814
v -51.00802 77.18859 -40.96142
v 20.44431 76.98132 11.15391
v 60.51924 76.23009 -40.2738
v -58.20657 77.82922 -40.60629
v 58.80152 76.88935 -42.31318
v -57.52342 77.67032 -41.87048
v -50.55928 79.18436 -41.51177
v -56.36141 79.56224 -40.18363
v 55.99713 81.14804 -41.86891
v -54.68581 81.54016 -41.17751
v 52.5677 81.84394 -41.25723
v 56.15331 82.0268 -41.19625
v 2.771359 54.35211 -40.95429
v -0.910448 55.31666 -41.24739
v 1.396117 55.22386 -40.81765
v -31.86985 -52.70909 19.75329
v 4.124753 55.88293 -40.90222
v 15.2614 -11.59745 8.219349
v -60.34489 58.59983 -41.02434
v 13.6353 -52.42249 20.87497
v -23.1083 -10.37568 6.461338
v -22.27641 -9.72392 7.543442
v -62.41162 59.78613 -40.32925
v 20.3366 -52.85058 20.34886
v -2.098146 62.33402 -42.10984
v -62.90775 61.85027 -41.168
v 14.11247 -51.67344 19.4365
v 31.89051 -51.41421 18.78304
v -19.62341 79.74542 11.89908
v -37.96043 -50.49706 20.39943
v 1.799997 63.94767 -41.18283
v 0.03777749 64.09931 -41.49087
v -19.43518 80.87891 10.46509
v -62.67056 68.55058 -40.18535
v 16.43723 81.07317 11.3935
v -52.39437 73.12101 -41.5566
v 33.1554 -10.37776 6.77117
v -18.64311 81.19961 11.87138
v -22.26884 -51.22991 19.58919
v -17.2727 82.08626 8.902767
v 12.0836 80.0799 28.05907
v 15.51098 82.70865 10.32189
v 14.73012 -8.874056 6.526258
v -28.51071 70.99502 7.084783
v -10.47256 81.50225 28.44232
v 8.891675 80.42677 28.75361
v -22.97269 -50.0416 18.42051
v 18.28164 35.61304 17.56975
v 30.29855 -50.90063 20.56617
v 52.94729 81.76199 -40.11918
v 10.17507 78.80399 30.78457
v -3.759695 55.9479 -40.94881
v 12.9655 85.18949 11.42448
v -20.69138 37.26139 17.52978
v 29.3112 -44.00512 16.97811
v -14.19735 86.23173 10.81031
v -40.90409 -9.064651 7.983311
v 24.13039 63.95688 23.81538
v 12.58322 -6.116299 7.876966
v -39.18018 -43.52414 17.87513
v 9.018388 66.63237 36.97973
v -56.30967 59.13689 -41.24144
v -6.846341 61.22251 -40.55847
v 7.552396 82.06199 28.78383
v 2.808921 63.5184 -40.66454
v -62.50651 66.51808 -39.49433
v -38.38783 -46.54576 20.06134
v -51.83982 70.00954 -39.41633
v 8.180006 88.33383 9.571067
v -51.24149 74.24153 -41.06669
v -60.28358 74.50833 -40.45273
v -9.984027 88.72043 11.59602
v -59.52729 75.1511 -40.09678
v -26.86222 62.64347 25.23036
v -58.09863 75.93976 -41.70291
v 57.91953 77.04469 -41.21318
v 59.2997 76.65307 -39.2613
v -9.216137 89.09733 9.27823
v -57.78991 78.90516 -39.6616
v 56.26225 79.50809 -41.26941
v 17.28476 31.31337 9.95494
v 57.61145 80.63173 -40.01877
v -51.49345 81.34304 -40.79726
v 1.931551 89.97331 12.10368
v 23.11754 61.99713 25.1173
v 54.635 82.83614 -41.33121
v 6.378099 89.08266 10.86988
v 2.119941 54.4078 -39.95365
v -6.764608 89.91276 11.5261
v -0.7563111 54.65892 -39.07289
v -24.96986 -44.7948 19.15249
v 5.363926 55.03877 -39.55548
v -0.122333 89.50652 11.82688
v 2.709547 82.69261 29.43106
v -40.64648 -6.05687 7.202051
v -60.14701 58.52611 -39.96559
v 7.71623 60.74023 -39.75876
v 14.33591 -45.03687 20.66907
v -6.944216 61.92457 -39.12946
v -1.214675 90.47504 12.05913
v -1.373927 63.83918 -41.2838
v 28.56153 -43.46277 19.14984
v -53.61168 67.85848 -41.60276
v 15.58069 -43.55613 19.73744
v -60.91937 73.22143 -40.10451
v -48.69002 -53.75417 11.41461
v -47.30182 -53.49529 10.8013
v 13.03831 31.2512 27.47977
v -50.61532 75.20159 -40.04431
v -18.42843 -4.571705 5.619184
v 58.184 75.89963 -38.71067
v -24.99477 -41.16458 19.13902
v 55.00191 78.89348 -40.74521
v -55.74591 79.92839 -39.16298
v 19.04688 -53.41441 10.05643
v -53.37389 81.84317 -40.48825
v 31.39821 -53.36203 13.31549
v -26.13376 -40.83134 21.11598
v -2.114546 54.60608 -41.07558
v -4.755913 55.54584 -40.07129
v -49.68474 -52.99584 10.30352
v -24.23815 -42.37061 17.56831
v -21.28874 37.66789 16.24109
v -58.41049 58.18627 -41.2417
v -7.674725 58.99056 -37.13938
v -55.13063 59.41045 -38.22546
v 6.559693 52.23285 37.65007
v 2.54313 14.34105 29.0402
v -6.32893 62.43262 -38.95607
v -0.3190625 82.93992 29.68545
v -28.95271 -53.22775 11.41828
v 17.84969 32.34028 10.04457
v 8.125102 7.599538 25.24122
v -52.18042 68.87912 -40.12804
v -61.53744 69.84527 -39.48932
v -32.31095 14.25042 11.4384
v 59.87614 72.63703 -40.5957
v 61.01411 73.43357 -40.04828
v 57.48788 74.69081 -38.60717
v 38.50532 -52.90432 10.61645
v -58.19939 76.29397 -40.84
v 21.23652 -42.314 29.27242
v -50.40688 76.78535 -39.98995
v 5.57613 50.7026 37.8716
v -24.53026 -38.53455 19.9184
v -51.03731 78.25106 -39.89988
v 30.31256 -38.52904 19.74971
v -39.31259 -37.33363 18.92205
v -39.16766 -52.70015 10.56382
v -37.01042 -52.69894 13.14026
v 48.93287 86.91685 -39.81676
v 49.45436 87.43639 -40.25853
v 48.47486 87.83843 -39.76011
v 49.5094 88.21767 -40.06921
v 3.381848 54.67203 -39.41279
v 12.07102 7.438198 25.58121
v 13.57981 -37.52484 20.50083
v 31.17939 -36.53316 20.752
v 18.9985 -53.50546 30.17738
v 15.33447 -53.04931 30.47409
v -50.00191 -51.27431 11.22763
v 6.213219 56.78013 -40.06987
v 18.35094 -51.07439 9.862913
v -57.52397 58.64966 -39.81483
v 38.55562 -51.01097 10.43413
v -7.351538 60.20542 -40.02792
v -7.612482 61.07313 -38.44964
v -62.88716 62.68422 -39.70028
v 31.67109 -35.02174 18.9311
v -5.061027 63.49704 -37.46713
v 10.57161 -2.152642 7.272073
v -2.722966 63.10715 -39.03363
v 2.7044 63.86881 -39.22647
v -39.00145 -34.30309 19.78493
v 17.92794 -49.71521 10.69634
v -52.4076 65.53838 -39.16567
v 21.88431 -51.2841 29.6999
v 57.78347 73.65432 -40.14883
v 38.3408 -49.63617 9.895873
v 61.43606 74.44655 -39.66274
v 31.85156 -33.57384 19.0822
v -60.82625 74.72144 -39.10153
v -58.58031 76.93058 -39.10616
v 56.44314 77.97336 -38.93116
v 0.8837812 -1.709026 45.64721
v 54.3768 78.91664 -39.48708
v -13.34549 0.8640032 6.729318
v 18.61444 -52.24464 8.635464
v -38.90734 61.24555 6.166601
v -14.85548 32.20128 27.79823
v 12.78222 -34.03763 19.87602
v -2.676958 46.93799 35.25506
v 12.90868 -31.80875 20.31803
v 8.278249 1.355997 7.304855
v 49.08561 88.72563 -39.50897
v 4.486551 54.27377 -39.0901
v 35.78723 -47.84221 11.08738
v -48.82343 -47.72796 12.10176
v -27.70094 -47.77526 10.72203
v -3.571938 54.87391 -38.80515
v 4.844654 54.31624 -38.67735
v 5.393865 55.63729 -38.84936
v 34.47646 1.264917 6.574464
v -48.37338 -46.34954 11.10629
v 12.87267 -30.79867 21.37052
v -59.29715 58.62086 -38.99686
v 8.109036 59.43348 -38.51883
v 8.17896 60.65716 -37.10682
v 12.35618 -30.75733 18.26413
v -52.76929 63.38382 -38.38633
v 4.048731 62.70103 -38.57649
v 14.7224 -47.07349 30.23969
v 1.176044 64.24494 -39.12103
v -4.009146 -9.100487 57.62715
v -62.04632 68.40672 -38.64597
v 59.71071 70.82531 -37.98433
v 28.70098 -32.97134 26.30812
v -39.87291 -27.86676 19.57215
v -24.84405 -26.29422 20.11786
v -58.88009 75.58207 -39.34753
v -39.78782 2.212682 7.057074
v 12.60613 -28.73571 19.43899
v 16.79843 -46.07055 30.51034
v -50.24748 77.5867 -38.95639
v 18.6327 -46.35341 30.42595
v 4.763206 7.329052 25.09206
v 13.00283 -25.66969 19.1226
v 33.04823 -27.4445 19.96838
v 19.70571 -44.73158 11.67171
v 0.8081447 47.4653 35.2441
v 1.531753 57.45561 39.25444
v -18.86865 40.58159 25.87075
v -11.96847 2.578871 7.144576
v 21.04808 -44.87329 10.73629
v 30.08678 -44.75884 9.618958
v 56.14082 82.58153 -38.15914
v 50.01835 86.4584 -39.55728
v 51.64669 86.41467 -38.90788
v -39.59822 -36.82549 10.96697
v -28.71649 -44.36507 10.04504
v 51.57255 87.71046 -38.97499
v 3.117207 54.24653 -37.78631
v -2.679536 54.72911 -39.23708
v 6.892812 3.194932 7.457224
v -4.992592 56.53827 -38.851
v 5.929063 56.9093 -38.4868
v -5.701999 57.35856 -39.43721
v 7.076583 57.66322 -39.42189
v -40.0265 -25.08835 19.45697
v -6.545449 57.9452 -37.73924
v 21.69615 -43.65155 11.24336
v 33.88504 3.773111 7.161208
v -6.718595 58.2893 -40.10315
v 19.45368 -40.23328 29.43374
v -39.72421 3.651955 7.350647
v 19.55264 -38.92416 30.27183
v 26.915 -43.74884 11.32561
v -42.16473 -43.30495 10.64421
v -62.66089 61.56567 -38.46465
v -25.56484 42.22748 17.95512
v -0.953953 64.39952 -39.21012
v 2.255058 64.29933 -38.82388
v -0.2280328 65.37092 -38.57647
v 23.09221 -39.23335 30.05386
v 13.47386 -23.86181 19.26888
v -61.50619 71.1272 -38.73691
v 23.57333 -38.6362 30.11802
v 61.2248 71.38202 -37.63773
v 57.11739 73.33263 -37.66059
v -61.24261 74.24668 -38.42858
v 18.86175 -36.81409 29.65306
v -50.36533 74.7079 -38.49205
v -59.74274 75.36105 -38.08165
v -15.88916 34.6445 28.27553
v 9.815912 8.205898 25.77973
v 60.47243 76.19416 -37.73941
v -27.11157 -41.33343 10.53609
v -39.13803 5.085763 6.620024
v 58.32364 78.5111 -38.06629
v -39.3405 -41.7463 11.16435
v 23.45507 42.62525 16.42594
v -56.93962 79.59526 -38.26998
v 14.24513 -21.82749 19.42207
v 59.23241 79.5266 -37.15863
v 53.73633 81.76031 -38.24986
v 56.90772 82.33878 -39.20295
v 51.71307 85.31698 -37.91471
v 48.77999 86.96004 -39.09078
v 49.60995 88.48367 -38.15653
v 33.18928 4.961688 7.010607
v 49.84567 88.81444 -38.94107
v -25.43649 -39.39143 10.20744
v -35.81444 62.79536 6.934633
v 1.021544 54.64515 -38.50176
v 1.787838 2.76234 29.0616
v -25.78294 -21.06035 19.44122
v -25.44874 67.94154 24.12407
v 4.636316 56.19097 -37.51666
v -39.80334 -38.35281 11.93389
v -57.48729 58.33797 -38.29633
v -15.26538 50.96405 35.98855
v -61.39514 59.81746 -38.47612
v 20.83745 -35.90382 30.00653
v 2.242555 67.97593 37.55898
v -40.47149 -35.26351 11.37313
v -2.948783 63.44264 -38.03654
v 3.11757 64.65858 -38.28778
v 25.06681 -36.36057 10.82085
v -3.618337 -6.243469 41.47007
v 2.087071 65.53521 -38.26417
v 22.80607 -36.04436 30.1139
v -62.01661 68.60343 -37.09761
v -24.38857 8.713533 26.08258
v -52.1847 71.81566 -39.70009
v 58.55992 71.07066 -38.0598
v 57.5194 71.76117 -37.63322
v -61.00432 72.47191 -38.22292
v -50.954 72.96385 -38.70807
v -5.886197 5.975253 7.489427
v 14.34789 -39.64989 18.98963
v -27.32371 -19.12937 19.74694
v -59.39589 76.65697 -37.7274
v -3.487803 5.55451 6.587159
v -52.1747 78.98543 -38.23399
v -53.26712 79.91867 -38.49668
v -2.596569 67.95076 37.70292
v 17.41639 -34.89754 11.16808
v 21.69865 -34.80704 11.03376
v -39.44213 -19.2085 19.34192
v -1.697173 54.27481 -37.00337
v 1.474346 54.24899 -36.08271
v 1.919988 54.37377 -38.45463
v -0.1089471 -6.232495 42.01406
v -28.85646 -18.56954 19.97168
v -6.096573 55.97159 -37.721
v 17.42336 -17.77313 19.44152
v -7.106152 8.166902 25.03039
v -60.44874 59.49439 -36.93519
v -30.37746 -17.93861 20.4723
v 7.60231 61.46401 -37.60039
v -38.42539 5.33331 9.092839
v -63.10894 63.31511 -37.97935
v 3.926102 62.96158 -37.90195
v -37.34357 -16.54763 19.15573
v 4.910452 48.86309 37.21134
v 12.55098 37.21271 27.14901
v 24.06199 47.88215 17.71758
v 3.257312 65.27301 -37.47775
v -1.596541 65.48931 -38.26167
v -31.57866 -16.56156 19.81211
v -50.83218 70.72865 -36.93038
v 23.46916 -33.95466 29.72161
v 29.35291 -16.9726 19.53695
v -38.03964 7.160884 8.408671
v -35.78174 -16.18896 19.46964
v 62.0224 72.9852 -37.38893
v 61.58171 75.02164 -38.75809
v -50.45802 75.73043 -37.42553
v -26.69608 46.14969 16.53781
v -50.29496 76.29993 -38.06494
v -1.092947 -0.5682121 29.72408
v 14.66172 -31.92092 11.49594
v 55.77911 77.46417 -37.49621
v -57.16052 78.70202 -37.47392
v 9.922306 49.96012 35.82328
v 54.04792 79.56562 -39.06537
v -7.079456 15.66571 29.41316
v -54.33911 79.78104 -38.1662
v 52.56152 85.10126 -37.47345
v -28.32619 -50.88984 10.30629
v 11.85612 37.24799 28.12807
v 49.27884 87.49046 -37.73679
v 31.80799 9.068759 8.240263
v 1.367328 -0.8225774 30.79048
v -36.54489 9.500088 7.090003
v 0.0114925 54.35501 -37.12459
v 3.083498 54.47357 -36.68092
v -5.072549 55.34927 -37.16638
v -6.950425 47.23482 37.17501
v -5.638505 55.39881 -36.68254
v 7.718911 58.10585 -38.1435
v 19.04748 -16.18063 19.22128
v -3.782961 0.1738669 30.23855
v 31.61267 -30.22705 10.43108
v -59.55189 58.828 -36.91428
v 12.67001 38.00657 27.40786
v -62.02698 60.12037 -36.85224
v -8.10079 61.79344 -36.70265
v -32.11743 -14.72745 18.45474
v 16.54622 81.32634 18.96054
v 6.805529 62.45405 -36.93099
v -24.28002 67.10749 25.36629
v -23.13994 -39.93361 17.22014
v -62.56198 64.84956 -37.15774
v -0.1753734 66.03131 -37.77124
v -61.81842 67.46503 -35.99373
v -51.51996 67.0319 -37.57126
v -40.78899 -27.46617 10.82438
v 58.59284 69.90713 -36.94309
v 60.39535 70.15189 -37.10094
v -61.24234 71.27579 -37.60413
v 13.63646 38.57852 28.56876
v 61.72242 71.90989 -37.44696
v -34.98809 11.62141 8.165345
v 61.88394 74.90224 -35.50622
v 61.06765 75.59559 -35.90933
v 3.058644 3.331464 30.34666
v 56.59405 76.89061 -37.13177
v 54.83717 78.117 -36.98829
v -4.98126 68.32798 37.06048
v 12.97416 -25.13634 11.03876
v -54.85671 79.52329 -37.29672
v 53.30849 85.64457 -37.39285
v -20.78065 -25.17623 11.76904
v 51.64169 88.41023 -37.59171
v 29.65248 -39.80803 17.58219
v -5.799915 4.874984 29.53626
v 2.249246 54.34332 -36.08452
v 33.10697 -25.46283 10.83261
v 3.291234 4.746445 29.54843
v -3.61463 55.84426 -37.09446
v 3.251662 55.92352 -35.78843
v 5.474191 56.02458 -35.83195
v -41.70434 -24.47556 9.804083
v -55.7366 58.75406 -35.9288
v -5.679208 8.46592 29.39913
v -8.338862 60.41096 -35.97029
v 3.163399 8.346077 29.92103
v -28.0119 49.62475 18.21495
v 4.2226 63.40786 -36.26664
v 2.04691 65.89476 -37.16559
v -23.12013 -38.21054 16.61865
v 24.78717 -10.60968 19.30806
v 18.95387 45.11198 28.2006
v 62.31577 71.52785 -36.38059
v -60.35703 73.99682 -36.79714
v 14.09982 -21.60284 11.0677
v 20.58907 -11.29015 19.56216
v 33.4567 -22.85727 10.91594
v 57.09863 75.17971 -36.91688
v 58.23899 75.64433 -37.2464
v -41.64241 -20.37828 10.90128
v 57.64618 76.75798 -36.864
v -50.70321 77.69634 -37.89415
v 24.57349 51.28772 18.31297
v 2.986126 11.48072 29.42162
v -58.01276 78.23666 -36.35223
v 25.70278 15.45932 7.288374
v 58.48962 81.28992 -37.50542
v -22.07995 -19.62983 10.5839
v -15.93887 37.05814 26.59179
v 50.41809 85.36866 -37.4971
v 52.93564 87.13623 -37.78983
v 16.44305 -18.42476 11.32361
v 49.84321 87.94758 -37.13566
v -43.00775 -18.39284 11.22977
v 6.19222 56.45849 -36.71814
v -6.016629 57.94639 -36.48234
v -22.94551 41.8069 25.30692
v 7.794964 58.40518 -36.12269
v -57.17654 58.74867 -36.71123
v -54.43151 59.36935 -36.01944
v -51.98066 63.32942 -36.08255
v -62.51935 65.74738 -35.79809
v 32.83587 -16.83493 10.24637
v -1.044734 66.05746 -36.15216
v 3.509333 65.35329 -35.65995
v -61.43252 69.88947 -36.77311
v 1.462761 12.1969 30.35758
v 58.9573 69.37906 -36.09554
v 61.69948 70.7068 -36.80273
v 18.34184 -8.228194 19.82516
v 57.04164 71.04211 -36.75568
v -25.90811 16.65507 7.657919
v 56.31973 72.6322 -36.55729
v 24.81726 -8.184892 20.32387
v 32.15388 -12.99713 10.51765
v -41.12303 -14.15426 11.30572
v -24.33232 -13.86251 11.0695
v -60.08718 74.80844 -35.84275
v 56.10211 74.59368 -36.68728
v -39.84734 -38.1862 16.73538
v 57.91815 75.91521 -36.61353
v -50.5881 76.61568 -36.73273
v 56.13411 76.61463 -36.81829
v 55.10383 77.39867 -36.25132
v 14.47179 -37.18438 16.61859
v -56.19876 78.58514 -36.71692
v 54.18447 80.23439 -37.46066
v -26.05096 -7.254924 19.86819
v -23.22071 -37.78441 17.52338
v -1.406595 66.30936 38.67297
v -1.294582 14.97856 29.82081
v -1.295479 52.99543 -34.91551
v -1.895862 54.49792 -36.28476
v -21.31393 -11.24044 11.05852
v -58.56288 58.90322 -36.15688
v -57.70718 58.58423 -35.30683
v -26.01036 72.00679 6.714334
v -19.38528 -9.624844 11.23661
v -9.867572 8.462243 24.67937
v 32.62609 -9.372275 11.64665
v 8.11883 61.82786 -35.50471
v -7.774268 62.57472 -36.53631
v -21.45528 -6.176725 19.90875
v -17.32245 40.2541 27.38313
v -3.461854 14.98793 29.7435
v -51.3389 65.3646 -35.89578
v 17.99945 40.8154 27.6999
v -0.2073405 66.19548 -36.44603
v -61.63301 66.79416 -34.82336
v -3.461755 69.92794 37.64152
v 60.97933 69.89029 -35.97134
v 57.47303 70.01736 -36.00095
v -23.8463 -35.86514 18.48041
v 61.93142 70.6039 -35.4892
v 56.41278 71.40748 -35.54919
v -60.39863 72.86567 -34.96798
v 56.13555 73.96545 -35.26091
v -1.234265 15.70787 29.99824
v 14.56934 -5.343469 19.87812
v -20.50273 41.0148 27.49843
v 59.30198 75.88921 -36.46415
v -51.70017 77.09199 -35.97878
v 58.26869 76.95696 -36.6079
v -53.30494 77.8115 -36.30179
v -19.53707 -5.243622 20.63292
v 59.85301 77.55444 -35.18928
v 19.53238 20.85817 6.193897
v -57.46402 78.33494 -35.83997
v 54.51519 79.14247 -36.15019
v 54.60426 80.02326 -36.00898
v 55.28004 81.66397 -36.06112
v 1.540859 -4.29792 40.35861
v 51.37549 84.33536 -36.5496
v 13.6498 8.685031 25.75988
v 50.18064 86.82076 -35.41021
v -21.10419 21.91469 5.380658
v -5.902987 15.95974 29.73545
v 18.78309 22.95351 7.808528
v -21.08751 22.99877 7.235041
v -8.493486 59.89743 -33.14593
v -59.57819 59.61991 -35.50194
v -21.95511 72.80263 24.00995
v -52.90896 60.55532 -35.88118
v 8.782704 60.31995 -34.81061
v -60.98246 60.42379 -35.6375
v -4.272079 16.63255 30.33376
v -30.75461 -4.569261 19.97938
v -62.2065 62.7387 -35.91884
v -17.95828 -3.529901 20.94035
v -6.927687 63.51829 -35.81187
v 15.83404 42.11611 29.49008
v -50.54925 65.17171 -34.93715
v 11.20793 50.86835 35.90389
v -0.01940298 66.61223 -35.96222
v 10.4575 -3.608062 10.50939
v -20.68401 41.31084 28.24707
v 34.49055 -2.79823 11.64929
v -2.356534 82.77416 29.94772
v -22.35541 9.383252 25.4265
v -19.82701 24.35973 7.360708
v -61.42528 71.53672 -35.90473
v 62.60499 72.42876 -34.87633
v -50.13751 74.0651 -35.21922
v 62.54912 73.11401 -36.06961
v -13.2108 -1.467249 11.23299
v 28.88873 -2.836439 19.57224
v 54.76006 76.24807 -35.6663
v -15.63636 -2.679195 19.71611
v 16.74493 25.89923 8.648434
v 54.01418 79.38052 -34.4497
v 57.3609 82.12616 -35.71501
v 52.9366 83.30592 -35.59133
v 28.2897 -1.523248 20.60714
v -34.03599 -2.102007 19.54277
v 54.63034 85.14048 -36.11416
v -0.7065613 47.38132 35.21507
v 53.90876 86.95157 -36.47715
v -20.21806 26.15036 7.492072
v -1.343852 53.75314 -36.16774
v -1.680376 53.04627 -34.6145
v 11.12735 -1.743734 19.23803
v -39.49881 -0.5312989 12.25831
v 0.4570822 54.30147 -35.26523
v 16.90784 43.09829 28.04155
v -2.223389 55.2204 -35.11115
v 13.22407 -47.7349 27.09045
v -4.654395 55.54387 -35.32123
v -13.66032 -1.908082 19.23558
v 6.114394 57.76511 -35.403
v -7.006136 58.40882 -35.86374
v 34.76501 0.4753711 10.50844
v -5.709715 17.89902 29.658
v 10.37912 -0.2596703 18.47545
v -3.435141 64.36165 -34.96308
v -2.287332 65.5102 -36.04028
v -50.47906 67.23335 -35.32216
v 1.874821 66.3751 -35.80029
v -1.197836 67.45178 -35.5513
v -20.93672 73.44752 25.59195
v -18.34085 28.17673 7.246643
v 0.6344921 67.78852 -35.50184
v 19.11354 43.14893 26.61745
v -61.66236 68.86075 -34.48116
v 62.60729 69.26911 -33.54155
v -11.80502 0.6295593 19.72776
v 62.37929 73.78725 -34.3626
v -59.24896 75.53687 -34.70721
v 12.22781 51.77123 35.39917
v 1.806278 3.986441 11.82075
v -51.39313 75.83398 -35.32061
v 60.28553 76.49203 -35.19109
v -53.52229 76.98974 -34.55061
v -56.97997 77.51321 -35.05635
v -54.72561 78.48892 -36.1868
v 54.49109 80.03774 -34.97245
v 54.17344 82.79319 -35.11553
v -19.70151 29.0236 7.220211
v -35.35325 1.981277 19.74885
v 51.01453 88.22942 -36.3636
v 1.602707 52.90442 -34.68056
v 2.168381 53.18573 -34.41889
v -4.095199 55.22429 -35.37721
v -19.10441 30.6473 6.921066
v 16.17885 29.8394 6.552127
v -53.04169 57.23461 -34.70221
v -19.98076 31.31755 8.284101
v -0.1287443 6.678043 11.08049
v -51.96522 58.0088 -34.91705
v -55.40359 58.88234 -34.63723
v 4.406661 4.110647 19.94594
v -60.45896 60.19607 -34.59461
v -8.496778 62.71333 -33.09188
v -51.10906 63.53095 -34.90581
v -7.686069 63.216 -34.27023
v 5.689759 63.34792 -35.22845
v 16.6633 32.32341 7.557606
v -61.7375 63.57978 -34.71723
v 26.1698 58.8236 18.05994
v -23.16514 -36.24711 17.02021
v 3.169504 67.15322 -35.10486
v 30.89083 11.47708 11.84828
v -33.9592 13.02666 11.02014
v -49.65972 69.82534 -34.08695
v 56.43396 69.43384 -34.79581
v -61.0475 70.09019 -34.99485
v -60.50286 70.68089 -33.78336
v -35.08462 5.638521 19.73401
v -50.07815 72.87609 -35.82042
v 55.27602 73.29302 -33.87088
v -50.51905 74.44185 -34.75678
v 30.54817 -36.18466 18.02012
v -21.62663 36.43061 7.245191
v -11.64646 9.358537 25.35691
v 29.45673 5.983303 19.81335
v 60.62626 75.73311 -34.38354
v -58.40079 76.82701 -35.35125
v 54.07419 77.19545 -34.70697
v -29.42568 58.33238 17.82258
v 25.85415 16.66578 10.79729
v 59.62475 80.1018 -33.51602
v 19.78766 36.87171 7.467596
v 55.94097 80.96067 -34.05649
v -28.82485 16.78318 11.5683
v 52.68072 81.98363 -33.62876
v 55.0106 82.98017 -34.76408
v -10.92678 23.63925 30.52044
v 51.12354 84.87508 -34.56172
v 21.13041 39.73946 6.834231
v 53.30544 86.94016 -33.10026
v -5.391225 6.544942 19.98054
v -16.33152 47.69899 34.40518
v -2.356558 53.46033 -33.38812
v 2.260357 54.76698 -33.81951
v 2.195435 55.59077 -34.97477
v -26.79263 17.95815 11.06766
v 3.771858 55.84609 -34.54396
v -25.21029 10.68113 25.507
v -50.87567 56.17884 -34.17156
v 9.212758 23.98421 30.01201
v -55.18314 56.82884 -33.77779
v -6.393956 57.22223 -34.77418
v -4.811504 56.57641 -34.45703
v 4.787234 56.76073 -34.53253
v -53.39271 59.22409 -35.01469
v 29.46216 7.77377 18.7733
v -50.61987 57.26593 -33.78758
v -7.219444 58.84825 -33.14787
v 8.651338 59.27561 -34.46392
v -52.56601 59.77524 -35.0594
v -34.71892 8.479747 19.37655
v -60.95475 61.16554 -34.3902
v -24.41107 40.2309 6.87536
v -34.57449 10.72271 18.96707
v 4.486659 64.30327 -34.60144
v 4.180779 65.84631 -34.71664
v -29.48849 61.08469 17.20036
v -17.32136 53.78407 35.36065
v -25.20784 20.74338 12.23164
v 4.246465 66.89525 -33.67673
v 22.04046 40.18998 11.71967
v -3.279263 68.19297 -34.21301
v -1.494981 68.22222 -34.70351
v 9.887921 63.35922 36.76942
v -26.66506 42.97413 7.854117
v 58.11709 67.74638 -34.70648
v 59.96968 68.4798 -34.82553
v -23.44204 10.53943 25.40722
v 3.521299 69.86987 37.52542
v 0.5504796 68.54327 -34.5624
v -1.290168 69.56707 -34.06152
v 61.16179 69.10467 -35.0596
v -28.66111 -49.41386 9.739787
v 55.52377 71.21438 -34.32208
v -4.37675 71.27405 -34.05133
v 17.28731 26.72755 10.87063
v -0.826922 -6.41109 46.43122
v 26.26233 44.84479 7.533515
v 23.92158 13.3122 19.78777
v -52.71628 77.03082 -35.28462
v -55.38736 76.34921 -33.27221
v 60.94841 77.49755 -34.22445
v 60.10497 78.28669 -34.834
v 32.81334 45.5026 8.110027
v -30.72805 13.90771 20.58052
v 58.42471 81.29597 -34.25013
v 20.62317 14.85146 20.24331
v 55.81143 84.76742 -34.19849
v 17.94407 30.30676 10.73691
v -20.73141 31.52145 12.47053
v -29.62232 15.72466 19.49248
v 0.0316833 53.73277 -33.76753
v -3.878603 53.83687 -33.7285
v 34.06016 45.79158 7.189774
v -27.76749 16.58999 19.45134
v 3.758308 54.81563 -33.55567
v 17.28097 29.22512 19.48833
v 5.123165 15.67857 28.45616
v 6.335641 57.3852 -33.67366
v -6.562665 57.85563 -33.75485
v -56.08178 58.9673 -34.14837
v -11.30969 9.985553 25.79717
v -22.71066 49.89826 27.8767
v -51.48102 61.53296 -34.75359
v -50.40091 61.65173 -34.1111
v 8.481268 62.45909 -33.26574
v -49.76742 63.1808 -33.65136
v -6.732853 63.73734 -34.20754
v -61.35712 64.93248 -33.11873
v -23.71462 49.33811 26.94785
v -3.045307 66.07344 -34.59678
v -61.23766 66.4993 -33.45429
v -3.815614 66.75796 -33.99538
v -61.80588 67.90165 -33.76287
v -4.32779 68.03259 -34.25805
v 3.053006 67.92199 -34.30015
v -48.95137 67.19759 -33.67719
v 31.29316 -33.99939 17.72704
v -6.399582 69.75164 -33.24081
v 13.95342 55.18424 35.50236
v -35.94938 48.22643 6.990801
v -32.66969 48.3214 8.117731
v -2.788013 69.74463 -33.54703
v -29.68685 -9.077445 17.83902
v 18.09047 23.45534 20.0074
v -11.95661 29.97844 30.16806
v -24.81254 41.77416 11.19363
v -5.860703 70.70008 -34.56273
v -6.578937 72.16579 -33.73348
v 17.04618 24.42279 20.14911
v 39.43886 48.91047 6.861422
v -49.7804 71.18054 -33.27665
v -49.53292 73.65787 -33.62835
v 17.50569 25.19202 18.49155
v 13.03981 -33.36475 16.5016
v -27.32323 43.50888 10.68019
v -36.44437 -52.78586 15.8231
v -5.950094 74.42891 35.04719
v 54.67957 80.86296 -34.34524
v 54.60184 81.73121 -34.35304
v -12.82474 32.35401 29.37021
v -29.31996 64.44042 17.13502
v -24.39578 11.37821 25.07717
v 19.40728 39.23494 25.04398
v 55.26831 86.18274 -33.21803
v 12.99141 -33.54988 17.46573
v 52.10256 88.14175 -35.92581
v 7.150275 44.14289 35.90964
v 1.552971 52.49123 -33.68936
v 31.47259 -33.15188 16.86691
v -40.7801 -32.25307 16.7349
v -51.49971 55.69681 -33.83518
v 13.13258 -35.06351 19.95589
v 0.239369 -5.485181 46.43926
v 40.45157 53.17697 7.727733
v 8.744912 59.88886 -31.65976
v -29.44236 66.1747 15.48082
v 18.05574 32.54348 18.52887
v 23.90558 71.69074 5.490082
v 7.629372 63.25731 -33.90538
v 5.033804 64.35019 -33.22378
v 9.592677 36.16861 29.83271
v -49.04683 65.8124 -33.30378
v -4.036162 64.88936 -33.44923
v 16.4628 79.09674 24.37758
v 4.671374 68.0222 -33.49872
v 35.2111 49.03746 10.72188
v -48.98245 69.7909 -32.91971
v 58.52779 67.19976 -33.53791
v 6.54843 68.81817 -33.66733
v -22.65336 51.72686 28.47702
v -19.62287 30.89009 19.17046
v 3.915466 69.44768 -33.00133
v 19.50312 38.60248 19.05888
v 2.585714 69.15614 -33.78317
v 1.341475 -3.08184 44.71193
v -40.01103 54.89018 7.665152
v 20.02557 39.106 19.83874
v 36.71899 -48.31006 9.903736
v -33.13612 53.70669 11.39239
v 63.53193 71.87136 -33.04423
v -59.93123 73.88502 -33.79006
v -23.4876 12.03802 25.13404
v -39.56195 58.51921 7.379419
v 61.02133 78.39266 -33.19185
v 53.82683 80.55039 -33.97615
v 55.7378 81.38711 -33.49536
v 56.08787 82.32903 -33.39083
v 51.9213 83.07758 -33.5751
v 51.55194 84.74236 -32.21087
v 36.7834 56.11153 11.37062
v -26.28595 43.21708 18.2273
v -4.2493 54.09912 -33.3699
v -3.756095 53.25137 -32.62605
v -33.7824 58.24519 10.74283
v -52.58013 55.24073 -32.82785
v 23.2377 43.95551 20.05188
v -4.33949 56.64639 -32.86754
v -55.81755 57.78394 -33.72764
v 35.91031 58.15641 11.47048
v -5.676216 -0.2573676 41.27654
v 6.741341 58.09645 -32.49213
v 7.928376 58.24697 -34.38955
v -57.71182 58.91071 -33.001
v -13.565 12.90764 26.83559
v -57.50677 59.28953 -33.60427
v -59.01405 59.95505 -33.07686
v 23.65749 47.48526 20.01018
v -49.63245 60.54822 -33.05212
v -8.808466 61.94151 -32.59506
v -17.49357 78.0591 25.29575
v 11.16741 47.47097 34.87559
v 35.53564 60.00279 10.73279
v 5.136347 66.31718 -32.05472
v -60.43656 67.40006 -32.25524
v -22.88315 53.24435 28.19059
v -5.079743 67.4094 -33.15362
v -16.16159 56.38061 36.33558
v 14.55031 10.99277 25.48408
v 5.878654 67.64088 -32.90533
v -61.46173 69.04627 -33.40363
v 12.40889 56.91958 36.0309
v 55.90574 69.23928 -33.15417
v 15.68578 40.08396 29.45499
v -27.45536 69.01051 19.07763
v 6.150902 70.38284 -33.46933
v -41.24744 -30.97068 17.09119
v 7.538653 71.44367 -32.35002
v -29.6648 62.75485 12.21345
v -1.877423 48.40838 37.09924
v -60.04738 71.95903 -33.16541
v 15.65713 41.26161 29.9728
v 54.01994 75.02804 -33.87224
v -58.19646 74.94155 -32.6606
v -57.21976 76.35837 -33.51717
v -53.27734 76.24543 -32.42086
v -34.8927 63.10237 7.330912
v 59.72382 80.37006 -32.31544
v 25.77803 -50.5119 25.2455
v 32.71655 -30.26885 16.23097
v 51.76762 82.64366 -32.83047
v -29.56425 61.56949 19.7247
v 49.92689 88.68646 -33.27077
v 48.87709 89.92246 -32.98219
v 24.04156 69.36592 17.52348
v -0.5649048 52.36321 -32.98058
v 0.2683484 52.41394 -32.64599
v 1.913898 52.35914 -32.21085
v 4.287992 54.97054 -33.16781
v -15.93105 84.01379 17.17519
v -50.47571 54.41909 -31.55391
v -29.76535 66.94121 12.52587
v 4.437585 56.14978 -33.16119
v 12.0953 -29.55499 16.76152
v -27.10919 66.39181 20.76983
v -6.377672 56.40323 -32.18066
v 19.76938 -44.42112 29.08193
v -59.51167 60.32419 -32.92996
v -27.36553 72.18536 11.55382
v 19.60341 48.40894 29.47304
v -30.87034 63.34417 8.491747
v -48.60599 62.59051 -32.34597
v 32.52927 64.54898 7.783285
v -7.513651 63.79121 -32.84778
v -26.50455 42.64575 9.464548
v -4.088013 65.71978 -32.66231
v -47.88348 66.75238 -32.57326
v -6.727871 67.12153 -32.47746
v 58.82051 67.08361 -31.77697
v 26.42061 -28.99969 27.33958
v 22.02829 74.84729 11.23339
v -16.94799 57.53188 35.07817
v -28.92405 66.09224 6.726018
v 0.9353565 -2.72956 46.39878
v 7.563979 69.6689 -33.20615
v -26.21921 69.08987 20.35529
v 23.99013 70.80487 19.21233
v 3.310501 70.50613 -31.65761
v 63.04098 70.11373 -32.10018
v 4.862302 71.18372 -32.49007
v -7.129293 71.0652 -33.82354
v -2.863947 71.81225 -31.77527
v -59.64942 71.23855 -31.84511
v -59.16283 73.56002 -32.70222
v -5.001972 72.69627 -32.6346
v 27.31336 66.94072 6.383381
v 62.47237 74.13509 -32.03394
v -22.48057 -30.49732 17.38692
v -25.82722 -19.25499 18.98366
v -20.12402 16.32751 24.81817
v 53.36205 76.09197 -32.87606
v 60.77489 75.55935 -33.035
v -51.43979 74.4141 -33.10285
v 18.27592 48.18212 29.75364
v 26.68105 67.89602 8.294563
v 22.31218 53.78736 26.99915
v 53.30923 77.8317 -32.29564
v 53.73421 79.22964 -33.14614
v 21.98133 74.55668 19.60909
v -29.51916 69.42454 7.905524
v 16.31349 82.2352 12.62751
v 56.68859 81.10589 -33.02211
v -23.59883 74.67847 19.51816
v -17.804 83.00822 11.2548
v 56.39042 84.63269 -31.57171
v -1.583702 1.361377 43.47263
v -2.925445 -4.903922 38.19195
v 48.56589 89.21109 -32.58626
v 15.14116 79.41811 24.36313
v 50.01318 89.98988 -32.85847
v -4.046765 53.54933 -31.59028
v 4.115796 54.02167 -32.52839
v 18.36844 51.12547 30.60545
v -21.05397 76.63435 20.81318
v -12.16293 -1.435516 17.6414
v -58.13559 57.41803 -32.38577
v 4.393602 56.90058 -31.926
v -17.92408 51.41189 34.52245
v -58.97941 58.28918 -31.50815
v -25.57023 73.28738 17.07399
v 7.138544 58.61266 -31.41783
v -51.25617 59.12435 -32.84035
v -58.6832 59.19669 -32.34
v -18.82707 80.93478 18.84124
v -48.68412 60.41092 -31.58893
v -49.0067 61.31615 -32.13224
v -60.05443 62.05905 -32.44133
v -48.47615 64.07195 -32.45204
v 9.12604 87.73363 11.89166
v 7.374934 64.25022 -30.90659
v -47.46294 64.66861 -31.59784
v 5.573806 66.04535 -31.37296
v -60.36086 65.28537 -31.53668
v 34.4323 -47.84687 10.26322
v -4.422572 66.41115 -32.56081
v -15.36989 79.93433 24.62125
v -7.605969 68.24898 -32.27351
v 56.75491 67.70779 -32.18427
v 0.1052419 89.65848 7.723873
v 1.22733 89.87822 11.82521
v 20.09229 74.60065 7.930337
v 61.65841 68.54662 -32.13842
v -48.33871 69.01312 -32.34589
v -60.31014 69.54527 -32.4201
v -49.06384 71.04472 -32.30381
v -47.15079 70.28568 -32.13178
v -1.352825 71.2215 -31.86779
v 14.20683 82.3336 19.58129
v -14.85673 80.97615 24.64337
v -15.28448 83.05496 19.86143
v 14.65492 13.80883 25.76887
v 6.060573 72.06404 -31.83202
v -25.0006 73.30652 18.5443
v -49.72349 71.68105 -32.26674
v 35.73821 -53.99814 10.8981
v 18.44212 76.81496 6.498705
v -58.44202 74.02248 -32.09881
v -51.41543 73.0345 -31.38245
v -52.07807 75.7553 -32.92935
v -13.42274 84.74921 19.8852
v -27.74544 -53.4648 13.71133
v 61.58511 75.10533 -31.5956
v 20.22304 54.8459 29.79435
v 62.06906 76.8513 -31.31584
v 61.12967 77.47462 -32.54825
v -20.68438 78.18475 7.74592
v 51.85527 80.9176 -32.73126
v -30.26184 -53.47868 12.97591
v 54.25517 86.84278 -33.27702
v 8.952111 86.04967 20.66725
v -42.91022 -53.07371 12.51139
v 52.20054 87.74326 -30.3614
v 49.56936 90.43949 -31.71112
v 2.396558 53.81395 -31.93867
v -54.50743 55.23665 -32.5303
v -22.33101 58.00501 31.39427
v -24.10221 74.67404 17.84619
v -4.162093 55.25646 -31.58054
v -50.00109 56.06056 -33.2601
v 12.16859 -26.59265 17.73943
v -6.746566 58.88714 -31.89057
v -7.617376 59.87218 -31.62121
v -59.72324 60.2437 -32.07939
v -8.751024 62.84361 -31.0399
v -60.17923 63.64559 -31.62974
v 37.24834 -53.10603 11.86147
v 8.673555 63.03538 -31.11043
v -6.156975 64.53449 -32.4968
v -6.726463 64.28547 -31.75631
v 6.622391 67.77003 -32.0198
v 20.11788 60.46939 30.43251
v 15.78155 80.90001 6.812004
v -47.37073 68.33577 -31.00125
v 7.987201 69.51876 -31.50604
v -45.69664 70.40026 -31.6809
v 54.93974 70.41134 -31.77262
v -46.46624 71.34016 -30.68241
v 14.50694 81.75661 7.140488
v 8.568199 70.97023 -31.64855
v 63.32204 71.36146 -31.49862
v -2.938589 72.5472 -30.86705
v 1.766611 88.56333 19.11298
v 63.07358 72.54244 -31.03138
v -50.51038 72.41489 -31.63163
v 37.01604 -50.73411 12.27292
v 54.58662 72.12996 -31.3846
v -56.1386 74.88385 -31.10627
v -16.40335 83.63201 7.934303
v -54.16261 74.62022 -31.26921
v 36.59049 -49.15294 11.76607
v 61.01243 78.29575 -31.98097
v 60.12102 79.57575 -31.52283
v 51.89432 80.18496 -32.10978
v 18.35406 33.95705 18.75242
v 51.26499 82.06527 -31.92637
v -4.075842 0.2709281 45.18052
v 58.10807 81.23883 -31.88957
v 56.90156 83.22187 -31.65312
v -41.22653 -26.4223 17.36798
v -22.47745 64.33683 29.7864
v 39.92971 60.34075 6.534136
v -49.89282 -47.84033 10.39398
v 51.42289 89.49118 -30.82742
v 49.47149 90.03003 -30.83183
v -1.833956 51.0302 -31.31368
v -1.123314 51.11241 -31.7811
v -2.206923 52.45819 -32.269
v 2.309601 51.57566 -31.03175
v -53.48899 54.11528 -31.24084
v 20.52054 76.19149 17.20801
v -56.29021 55.91534 -31.75218
v -49.53791 54.94522 -31.79188
v -48.93347 55.6964 -31.3456
v -5.900779 55.31245 -31.04957
v 10.27067 86.65112 5.924699
v -22.8693 -27.38776 17.86655
v -37.01554 -52.83538 20.70956
v -19.85067 67.30983 31.1338
v 6.699465 58.21195 -31.22064
v -23.79628 -34.36633 19.00097
v -50.21275 59.44358 -32.29633
v 8.361045 59.34523 -31.02891
v -60.55295 59.79695 -31.06018
v 8.878293 61.88336 -30.65104
v -60.22673 62.42632 -31.34837
v 8.060787 63.75693 -30.79996
v -60.2556 64.76814 -30.88074
v 14.66254 60.81373 35.44469
v -6.522798 65.96943 -31.61526
v 20.74473 75.85231 18.52072
v -11.07828 88.03129 7.223181
v 18.67674 -45.52944 12.5267
v 7.640829 67.30595 -31.22638
v 23.07407 58.15605 27.02025
v -23.51127 76.35418 16.57653
v -47.27554 69.32927 -31.40465
v 8.281049 87.91609 6.890885
v 17.69414 68.79014 30.4099
v -45.95926 69.48053 -31.67786
v -7.797622 70.58178 -31.78209
v -9.267863 87.98315 5.865529
v 20.23042 75.09039 6.370428
v -5.643234 -2.579142 38.4384
v -18.74457 71.34797 30.04209
v -8.005326 71.84325 -32.60841
v -44.24339 -44.53565 11.23423
v -7.661199 72.69059 -32.21965
v -8.350183 89.08268 6.016705
v -4.54708 72.92548 -31.19341
v 29.47872 -49.60643 21.12782
v -52.57836 74.20736 -31.55381
v 13.59455 -49.33582 20.31179
v 20.51725 -42.80092 12.21685
v 52.95212 78.51009 -32.18267
v 51.4 79.05984 -31.09504
v -0.2119521 89.67804 8.260252
v 51.16627 82.89882 -31.19426
v 3.127957 89.98687 8.250769
v 55.36097 85.43632 -30.42317
v 49.72647 86.59904 -30.89904
v 48.82541 89.77078 -31.78286
v -6.11993 -1.840936 38.74575
v 2.145529 -1.284677 40.92003
v 16.81587 70.50835 29.82813
v -21.54069 95.77723 -31.29102
v -23.97713 -46.139 20.42463
v -0.2905531 89.36111 5.710802
v -3.722953 52.50016 -31.40064
v 1.446819 90.19208 8.205089
v 23.22969 -43.04903 11.71051
v -51.66674 54.10127 -30.65641
v -4.082783 90.45292 7.669237
v -17.18844 72.05966 29.90406
v 3.967652 55.80789 -30.80975
v -58.32407 56.43257 -29.96003
v 6.437516 57.3796 -31.14936
v 23.0345 61.59738 26.54125
v -49.40536 58.09658 -30.64291
v -1.340283 90.55669 8.683071
v -59.89251 58.84666 -31.2684
v -21.47739 78.7723 15.799
v -7.251297 59.48106 -30.32952
v -11.62066 84.00326 23.91358
v 39.0546 -53.82301 7.7451
v -7.348472 60.86887 -30.2621
v -35.59276 -53.1555 6.700349
v -39.21061 -39.80842 12.09433
v -33.13878 -53.88043 6.381246
v -24.5969 -40.72669 12.10646
v -60.47191 63.66415 -30.71121
v -31.40693 -53.64135 9.004208
v 14.87655 73.3606 30.3229
v 6.814875 66.02253 -30.70374
v -60.06716 66.62782 -30.41697
v -37.26501 -43.65155 19.82815
v -46.29143 66.18677 -30.03042
v 20.14502 -53.56832 7.998662
v 56.8398 66.57351 -30.30946
v -8.033254 67.41601 -30.51272
v 8.578171 67.90392 -30.48656
v 61.24181 67.84989 -30.86302
v 26.50209 -53.40551 6.034243
v 63.39745 69.92817 -30.40197
v 0.5216159 72.01577 -30.42193
v 26.26143 -37.11252 12.43443
v -48.49228 72.13507 -31.17027
v -25.52166 62.84186 27.15392
v -22.81946 -24.33766 17.38157
v 8.34491 71.89164 -31.0653
v -59.22405 72.59469 -31.02922
v 18.75633 79.18101 18.2209
v 15.28228 75.01537 29.63505
v -8.161473 73.14746 -29.88812
v -18.1663 18.39374 25.12566
v -54.09776 73.91365 -30.50058
v 18.85477 42.06894 26.16295
v -52.24153 73.59649 -30.71532
v 62.23235 74.01546 -30.83191
v 52.96216 76.16723 -30.36602
v -47.62352 -53.34642 8.107803
v 60.85095 78.93447 -30.73558
v 51.29693 81.35892 -31.00077
v 58.39216 80.63445 -30.6773
v -6.279047 -0.6436458 36.63291
v 57.75124 83.4369 -30.39386
v 56.56816 84.49277 -30.38633
v 16.35749 -53.23263 18.18366
v 20.9285 39.81397 23.97254
v -48.9195 -47.28933 7.947737
v 48.78988 87.66031 -30.41955
v -10.22462 83.09044 26.59293
v -14.91226 89.85224 -30.61022
v -15.05076 90.55369 -30.93106
v 16.20792 -30.32871 26.36523
v -20.00155 80.16362 17.34055
v -17.38691 92.88828 -30.91186
v -11.67616 0.1805375 17.03225
v -17.00859 93.15372 -31.10593
v -19.01999 94.80415 -31.35607
v -19.89467 94.82085 -31.17391
v -17.63575 95.86435 -30.52208
v -13.44316 77.05775 30.37095
v 11.34521 77.55646 31.05056
v 31.3777 -35.34338 21.43107
v -20.7198 95.87231 -31.38806
v -2.712801 51.837 -29.99027
v 1.488818 51.45817 -30.20458
v -4.006794 51.83748 -30.45907
v -4.865386 52.8458 -30.47842
v -24.36232 -35.20604 19.91312
v 4.03628 53.15573 -30.5694
v -52.90722 53.58012 -29.65065
v -49.64396 53.55498 -30.20391
v 4.333626 53.98708 -30.67541
v -40.0065 -32.98726 11.25336
v -5.687191 54.07115 -30.19412
v 15.37775 -33.4874 11.96624
v 12.11118 19.00935 25.44372
v -21.5591 -32.6605 12.19636
v -50.57973 58.16348 -31.78465
v -17.62958 82.38417 17.96695
v 27.85575 46.51542 10.19952
v -39.19541 -31.66069 19.86179
v -60.73836 61.25989 -30.60041
v 8.562635 60.54599 -29.85655
v -8.724141 61.57239 -30.88774
v 12.26431 -25.80866 16.25956
v 8.646426 79.16693 30.5036
v 32.5543 -52.7191 7.601298
v 15.91947 81.56777 17.5875
v 13.48811 52.66033 34.82651
v 8.123553 66.53725 -29.61657
v 17.15805 81.23259 17.92681
v -46.7882 68.39648 -30.07825
v 59.44601 66.72155 -30.76466
v 55.44778 67.69302 -30.83337
v -8.685036 70.56483 -29.60825
v 8.925732 68.97117 -29.6218
v -17.17572 19.60516 25.96222
v 8.689664 70.33988 -29.47998
v -40.43948 -30.15952 12.06105
v -45.1076 71.44916 -29.34936
v 3.804902 72.1702 -29.93558
v -47.30016 72.58397 -30.17967
v -1.066476 72.32919 -30.44172
v 32.02046 -28.65588 11.03147
v 7.605279 72.60744 -30.33619
v -16.74838 21.95233 24.80319
v -8.566329 79.97826 31.20191
v -2.645318 72.91711 -30.61964
v 33.04098 -27.16911 11.59999
v -58.65524 73.25436 -30.70806
v 63.2792 73.03311 -29.85841
v -39.91547 -52.75713 8.226529
v 1.778935 73.9208 -30.46452
v -30.65027 -53.13509 7.318802
v 13.28486 21.69688 24.76006
v -6.593082 -5.482025 54.18221
v -40.67121 59.01342 5.738987
v 40.44135 -52.21911 7.177981
v -11.9601 86.87774 -30.56075
v -11.10102 86.553 -30.49462
v 42.46963 55.34341 6.218464
v -12.99575 88.27863 -30.79919
v -12.48471 90.00547 -30.37647
v -16.22403 91.54893 -30.39512
v 33.33978 -24.41007 11.89316
v -14.72799 92.89829 -30.52954
v -41.47092 -22.83511 11.16818
v -17.39766 92.93442 -29.39894
v -22.39786 95.3182 -30.33608
v -5.543446 0.7282598 38.87128
v -16.35006 82.79116 17.47025
v 2.966435 51.88409 -29.76441
v -9.901571 84.00773 25.18761
v -48.20878 54.73294 -30.54532
v 33.36315 -20.94811 12.14956
v -25.44438 -23.83104 20.12397
v 12.54084 -23.84593 16.16207
v -15.86761 21.62497 25.65885
v 18.77712 -50.36823 7.927344
v 5.866732 56.54953 -29.91436
v -6.35341 57.86208 -30.95782
v 5.993203 58.73135 -30.12134
v 33.60075 -51.45389 7.395364
v 7.268971 59.85664 -29.64787
v -47.1031 61.21075 -30.15049
v -61.43343 62.02942 -30.13727
v -46.50926 62.60482 -29.8983
v -8.755982 62.9993 -30.338
v -52.41 -50.47258 7.874806
v -45.60669 65.14407 -28.79483
v -9.054009 63.86373 -29.8493
v -8.095866 64.32684 -30.29378
v 32.26322 -49.10386 7.596888
v 4.373957 10.13194 27.25806
v 55.601 65.67045 -29.33372
v 14.59092 83.47063 17.52714
v -44.36279 69.23745 -30.38879
v -58.66728 70.72563 -29.55671
v 14.41471 -23.15314 21.10567
v -5.380683 2.272683 36.72402
v -39.33018 -22.03176 20.08978
v -0.5383454 72.83069 -30.40549
v 2.723891 72.68685 -29.97818
v -48.3204 72.89439 -29.49337
v -56.43103 73.25953 -29.57195
v -4.720923 73.48893 -30.2705
v -53.56971 73.71619 -29.92085
v 32.30194 -20.41571 20.15187
v 53.2068 73.83073 -30.40757
v -4.79061 75.17351 -30.29889
v -3.435264 74.60428 -30.64053
v 6.780289 84.14564 24.48215
v 29.20786 -36.39995 25.52714
v 15.11095 -21.61016 20.43619
v 50.873 79.05443 -29.33045
v 32.20974 46.76889 10.31542
v 51.7647 84.64918 -30.34534
v 39.09366 -49.8013 6.934171
v -27.02533 -20.63848 20.07592
v 1.326278 3.389501 37.32142
v -20.55357 -10.70827 11.59642
v -13.56294 88.2528 -30.26919
v -15.19065 25.44634 27.14731
v 13.46514 24.31129 26.57498
v -38.47478 -20.7538 20.55946
v -33.9469 -52.61157 16.83593
v -15.04666 90.71739 -29.37246
v -12.27885 91.40185 -30.00438
v -4.242722 58.21757 39.06652
v 15.74421 -19.34215 19.81469
v 13.3249 -50.74337 30.00109
v -50.30309 -47.93275 7.60274
v -22.21244 96.26438 -30.62113
v -19.34096 96.81891 -29.9923
v 13.04734 83.70034 19.66711
v -5.349835 53.50244 -29.54914
v 4.060802 52.64731 -29.64747
v -50.25678 52.98636 -28.61028
v 30.7085 47.24604 11.2281
v -3.56126 57.69732 39.35583
v -57.03063 54.51888 -29.61143
v -55.11131 53.8103 -28.90471
v 4.873477 53.80055 -29.62864
v -16.47523 24.64234 26.19816
v 5.605994 55.42885 -29.11591
v -58.43459 55.39058 -28.65335
v 15.34828 25.83228 24.64932
v 2.101995 84.64546 27.0322
v -21.38226 39.5324 19.60585
v -60.18938 57.84992 -29.85117
v -49.4689 57.40136 -29.94954
v 20.34794 -49.62658 30.97274
v 6.032336 58.20669 -29.70763
v -47.69006 58.94957 -29.52147
v 20.51294 39.44685 17.37067
v -60.79092 58.85267 -29.37883
v 6.62146 59.72622 -29.08919
v 7.364102 60.81139 -29.01217
v -46.36501 60.64785 -29.35324
v -61.43547 63.24315 -29.46203
v 12.13154 -5.688368 12.23746
v 7.475406 16.20667 28.33486
v 34.43951 -6.079404 11.40564
v -35.15653 -17.39944 20.62735
v 54.89566 66.19998 -29.52267
v -38.94042 -4.533625 12.31708
v 60.71869 67.07889 -28.92143
v -45.85192 67.42618 -28.67995
v 53.3526 67.53371 -28.25181
v -8.742205 66.67474 -29.92316
v -45.74911 68.40568 -28.90425
v 54.2761 68.24887 -29.6681
v -13.20137 86.24681 16.80725
v -43.91974 70.15246 -30.09668
v 14.40145 26.24719 26.6107
v -33.32928 -16.05354 19.55511
v -9.051271 72.01121 -29.90768
v 63.48937 70.79591 -30.11759
v -13.43445 -3.816388 11.38885
v -39.78219 -3.002668 11.83703
v 52.50475 70.80706 -27.55365
v 33.32321 -22.76309 17.37093
v -49.88266 73.69395 -29.85743
v -6.189949 73.35724 -30.13594
v -5.927209 74.0204 -29.61765
v -23.17449 69.90839 25.92092
v 62.44683 74.17156 -29.33652
v 3.318586 74.61207 -30.18696
v 52.26011 74.13426 -28.34607
v 19.43322 -16.73304 20.20274
v -46.67121 -45.5551 7.744948
v -0.2039004 74.56341 -30.39678
v 51.68889 75.96018 -28.41495
v -2.549775 3.560374 37.84825
v 24.15088 -16.12403 20.26576
v 59.3421 80.20163 -29.28446
v 58.13565 82.10596 -30.14259
v 25.89214 -15.95445 19.52966
v -44.81908 -45.03928 7.612168
v 23.21657 40.46981 18.35331
v 55.93788 85.00538 -28.44688
v 23.40984 -15.94289 20.25085
v 53.62262 85.1812 -29.61778
v -10.67556 85.66975 -29.97426
v 52.12339 85.82375 -29.99838
v -11.54035 86.08453 -30.00405
v -0.04242601 -4.537885 35.31359
v -12.06693 86.64129 -29.75885
v 49.07142 88.10223 -29.18877
v -10.66435 87.23142 17.704
v -10.49699 88.9301 -29.96677
v -6.082509 -2.515425 42.58935
v 4.493221 84.72885 25.06706
v 26.18922 -45.28812 8.062548
v 20.86508 -15.4522 19.99242
v 23.74682 -15.40613 20.05677
v 4.861302 87.66967 17.46529
v -17.09044 27.78677 26.12017
v -18.42736 93.37732 -28.84117
v -12.95334 94.43461 -28.23724
v 21.56928 -38.71493 30.56106
v -22.71191 95.07673 -29.05848
v -16.4445 96.27188 -29.18139
v 20.47731 -13.55729 19.79143
v -2.650927 52.3484 -28.81396
v 22.64289 -38.52403 30.32155
v -4.440714 53.16435 -28.71045
v 25.09818 -12.35881 19.63605
v 23.04405 -12.80143 20.09407
v 4.043676 2.993236 12.47631
v 5.132991 54.41718 -28.76643
v 14.66898 28.41126 25.74763
v -6.761972 56.38522 -29.25252
v -60.54842 57.95329 -28.71398
v -8.055577 59.68161 -28.63142
v -7.239567 58.81132 -30.14301
v -7.596502 61.4691 -29.07998
v -7.816485 61.7897 -29.56245
v -8.846639 62.19825 -29.65311
v -11.33242 64.58036 -28.13598
v -61.57394 64.62801 -29.53755
v -8.91862 65.83935 -29.68928
v 55.10133 65.74842 -29.24291
v 58.87499 65.51777 -29.23948
v -6.442609 4.017205 12.10771
v 23.24366 -44.65091 7.869477
v -9.449717 66.83363 -29.01355
v -60.69829 67.8408 -28.55493
v -59.37461 69.36168 -29.92933
v -43.53009 69.03469 -28.82484
v 62.76046 69.36345 -29.09096
v -44.02231 70.81881 -29.5981
v 33.64426 5.617206 10.52842
v 19.71167 -46.72502 9.772972
v 22.55325 -10.65559 19.73404
v -45.85747 72.8606 -27.96412
v 4.317281 73.14282 -29.48933
v 5.123945 73.0506 -29.32518
v 19.55926 70.25702 27.06863
v -55.75029 73.47958 -29.64644
v -7.936063 73.97623 -28.50152
v 31.65993 -46.40478 10.65547
v 0.2628077 75.42968 -29.66128
v 62.2976 76.17387 -29.42029
v 32.24934 9.027003 11.20853
v 50.95887 81.2043 -29.22008
v 51.55315 83.9923 -29.84783
v 57.54583 83.35962 -28.58326
v 30.88888 10.05215 10.6525
v 12.54767 85.68129 -29.22897
v -10.93282 85.00554 -29.3863
v -35.96564 10.76154 11.65045
v 50.76029 84.88581 -29.68671
v -10.29596 84.4438 -29.16013
v 11.65575 84.92478 -29.46027
v 18.43186 -6.921605 20.92762
v -36.12867 -42.09466 8.622964
v -23.28979 41.28099 18.3884
v 53.27501 85.47055 -28.77073
v -11.36662 85.38144 -28.94822
v -5.128704 88.35918 18.04165
v -9.969671 87.14339 -29.58831
v 12.46255 86.70414 -29.49141
v -34.41299 -42.07354 8.422709
v -16.54292 30.08562 26.31549
v 13.98443 88.39841 -29.36939
v -23.75734 -6.806647 20.21514
v 12.9691 87.81922 -29.31867
v 14.65507 88.91738 -28.84674
v 15.05949 54.61304 34.67504
v 13.52734 89.17636 -28.96446
v 14.05224 89.46111 -29.31957
v 50.84302 89.85131 -30.3207
v -6.285852 88.682 17.69243
v -0.560618 4.159003 37.49506
v 27.45787 15.24652 10.72749
v 15.61558 90.72133 -29.21308
v 16.32526 92.11968 -29.11757
v 25.16216 -6.659882 21.02927
v -27.582 -5.660409 20.44321
v -15.76735 95.20603 -29.87468
v -30.95985 -39.75419 7.36231
v -17.74221 97.10732 -28.19138
v -51.86535 52.73779 -28.75548
v -29.05708 -5.697136 20.18136
v -48.35772 53.37981 -28.85973
v 22.32105 18.31288 11.84726
v 4.69151 55.04625 -27.45852
v -5.729008 3.849852 30.3482
v -6.640605 -9.485769 55.07357
v -5.612241 55.72986 -27.55214
v -1.499436 86.04618 25.3651
v 20.06089 72.13692 26.31267
v -32.87202 -39.44035 7.403612
v -48.2072 57.0423 -28.67721
v -46.67056 57.94842 -28.33314
v -61.18473 59.62878 -28.45056
v 3.237534 4.689085 30.15771
v 7.299332 59.35061 -28.09477
v -5.961428 3.971495 31.34572
v -5.841468 46.29994 37.68165
v 7.002152 60.7211 -28.50178
v 20.67134 22.33139 12.34728
v 8.647052 62.20686 -28.4635
v -8.456692 61.94441 -28.61113
v -5.520322 6.62663 30.511
v 26.23699 -5.599248 20.22113
v -11.11883 66.94296 -27.81907
v -17.21053 31.36281 24.87986
v -30.26022 -52.9321 18.94801
v 59.67858 65.64005 -28.70344
v -61.27868 66.56761 -29.00056
v 18.99935 24.22239 12.5431
v 17.83322 24.81346 11.12706
v 0.6837681 89.29752 17.45784
v -43.49636 70.40263 -27.82201
v -40.89226 -21.48446 18.07657
v -9.725329 71.5868 -27.79387
v 1.861939 9.272917 31.26008
v 63.34002 72.72438 -29.15956
v 8.816981 72.58011 -28.02984
v -57.92358 72.36859 -29.10226
v -16.0979 26.81377 27.05504
v -16.72394 31.63238 25.56452
v 6.160083 73.5482 -28.45937
v -52.39423 73.89296 -28.44734
v 8.211098 52.70488 37.35451
v -51.45513 74.16174 -29.03695
v -6.947162 75.29009 -29.45736
v 5.341935 74.68344 -29.21053
v 62.75857 75.48531 -28.63702
v 4.694705 75.31044 -29.23744
v -4.585462 11.11667 30.37968
v 28.91399 -3.981651 19.45002
v -6.999005 76.59515 -28.74848
v -3.09492 11.8967 30.78526
v -4.886056 77.49216 -28.40824
v -22.86494 -21.17097 16.58887
v -28.14786 -38.50528 7.48725
v 10.88837 83.27044 -29.17274
v 11.87816 83.96001 -28.422
v 57.03547 84.30988 -28.99143
v -21.27526 76.06448 7.164432
v -17.25717 32.97532 26.23312
v 11.13726 86.29719 -28.58159
v -36.83512 -37.25133 7.840337
v 54.59982 85.24142 -27.91725
v 12.72583 86.05243 -28.67439
v -31.42836 -2.994834 20.63389
v 19.57472 36.51104 12.7913
v 52.96879 87.47995 -28.33006
v -9.509388 88.88425 -29.14491
v 49.66149 88.39102 -28.50518
v 3.84795 9.664773 28.24715
v -13.29296 88.82394 -28.71145
v -15.6802 91.22678 -28.23484
v -3.020288 48.42976 38.40592
v 12.57465 89.69576 -27.93009
v 16.05724 92.44124 -28.94476
v 17.35211 93.72462 -28.83969
v 17.84067 93.26011 -29.0444
v -22.46695 94.38501 -28.51491
v -27.67315 -45.52376 10.21668
v -38.38933 -35.79568 8.466749
v 5.431518 68.36198 36.83171
v -21.02782 97.01906 -29.02417
v 22.71418 -53.57442 25.93188
v 11.34007 -0.1895191 19.86014
v 1.76894 48.63055 38.41049
v -50.9723 52.29656 -27.26546
v -34.04504 1.176421 20.47071
v -2.073107 53.18426 -26.90757
v 2.290305 52.64406 -28.29951
v -39.19919 -52.951 18.80495
v -38.27714 -33.45364 7.666501
v -18.12885 75.18177 27.70274
v -59.31537 56.09614 -28.61102
v -38.35167 -53.11065 19.24938
v -47.83511 55.54881 -27.72268
v -27.53299 44.81664 9.590404
v -40.06413 -53.46513 16.54725
v 16.30208 75.60202 27.58498
v -17.69714 34.01229 25.34186
v -61.90253 60.97127 -28.47628
v -8.455967 61.47217 -27.97694
v 27.9347 48.16119 12.70565
v -9.694643 62.49466 -28.69061
v 30.02704 47.74557 12.40771
v 8.579411 63.32458 -28.8044
v -45.26189 63.14056 -28.22311
v 8.956364 65.0024 -27.68319
v 8.308219 65.86827 -29.11976
v 58.25832 65.27597 -28.30119
v 56.89049 65.74982 -28.61677
v -23.9657 -32.81193 7.456987
v -23.38221 -9.272126 17.81875
v 0.4433281 16.63611 30.51761
v 8.721754 67.68761 -27.94999
v 62.50137 68.55501 -28.19949
v 32.62848 48.2621 12.17067
v -60.36664 69.68019 -28.32809
v 26.92667 -32.69211 7.863425
v 63.11124 70.51912 -28.56353
v 8.594028 70.64943 -26.65945
v 32.03783 -18.67408 17.58408
v -59.0798 71.31533 -27.80453
v 9.157849 71.42672 -28.11236
v 63.04649 70.86056 -27.33788
v -12.43562 66.67012 36.19845
v -17.20007 35.12487 24.71604
v -9.519393 73.08013 -28.20839
v -38.91871 -31.41572 7.088108
v -24.48949 -53.16094 17.6067
v -22.93553 -31.22501 7.469301
v -9.065934 74.2299 -27.50876
v 25.19292 -32.11641 7.993937
v 8.010761 73.53774 -27.21446
v -55.58943 74.10973 -28.01984
v -53.70727 74.40783 -28.43417
v -8.900402 75.53086 -28.17522
v 3.75504 76.07047 -28.37597
v -1.94036 76.69725 -28.9706
v 51.05051 77.32483 -27.95323
v -11.32664 3.182132 20.93901
v 61.42387 77.56609 -28.71236
v -17.11807 35.57968 24.63292
v 26.91841 -31.28638 7.352069
v 51.08006 79.49733 -27.80649
v 7.279261 2.972352 20.08885
v 59.09491 80.55094 -28.57564
v 11.24611 82.08699 -28.44362
v 49.82708 81.69683 -28.03198
v -2.489966 18.0704 30.35943
v 17.45528 -52.89313 20.19165
v 9.453487 84.08141 -27.8209
v -8.699969 85.06839 -28.38903
v 49.95557 84.35678 -28.29987
v 35.77824 54.359 11.8778
v -19.05283 40.69099 28.49696
v 14.08744 88.55 -28.3165
v 52.01667 88.25031 -27.89591
v 15.72769 76.28113 28.32756
v 16.39987 91.34441 -28.59451
v -11.98824 93.13513 -28.45255
v 11.25245 67.68829 35.88189
v 13.22202 -52.35302 28.87396
v 17.54748 92.67418 -28.76566
v 35.44225 55.56906 12.29551
v 16.23882 93.96612 -27.82366
v 19.06721 94.00038 -28.42284
v 18.59233 94.20814 -28.8479
v -23.87582 -19.05951 16.44534
v -31.00481 57.81224 12.53573
v -0.9997742 5.825926 20.28696
v 0.7374818 52.59219 -26.85144
v -53.04765 52.88485 -28.02679
v 22.09894 -30.42115 8.094732
v 28.41323 7.136767 20.51755
v -15.74627 78.00574 27.09394
v 1.417984 17.99875 30.08581
v 31.80905 -18.21185 16.06338
v -59.35419 55.63245 -27.17701
v -48.47958 56.50656 -28.85193
v -60.55593 56.98142 -27.37561
v 6.061091 56.42752 -27.6614
v -41.07087 -30.30126 7.548239
v 6.637085 57.47922 -28.34086
v -7.623157 58.6499 -28.17208
v 33.0445 61.66265 11.80215
v 13.77528 77.75801 29.0561
v 7.475797 61.55207 -27.78329
v -61.89386 62.52352 -28.06813
v 8.012419 62.07502 -27.69225
v -9.979114 62.54359 -27.5951
v 15.70714 38.00817 24.66553
v 50.69028 62.79643 -28.00784
v 20.04867 -30.31378 7.840047
v -62.13952 65.74682 -27.01393
v -44.64176 64.66681 -27.43021
v 55.53522 65.27413 -27.99503
v 20.143 -45.29382 10.65209
v -44.77845 66.98065 -26.96131
v 54.29657 65.80004 -28.01325
v 25.72598 11.07306 21.32244
v 20.48296 -45.03839 10.04973
v 9.840818 67.05101 35.98104
v -61.0118 67.63537 -27.19371
v 3.621488 47.91503 37.93098
v 25.55643 12.55916 19.76655
v -9.367163 69.5242 -28.98868
v 13.26351 -52.88225 22.34227
v 4.991482 18.82362 30.19178
v 62.93591 72.70146 -27.26989
v -17.8494 38.20066 24.70315
v 26.64019 67.57266 9.989115
v 7.07789 74.11501 -27.66644
v 62.58667 74.02356 -27.53873
v 1.18052 -0.7100585 43.21424
v 14.61256 -53.30034 26.69876
v -9.124156 76.88554 -27.6426
v 4.844513 77.37741 -27.35722
v 5.669288 76.36848 -28.35387
v -0.06306361 77.24814 -27.22741
v 1.685819 76.67247 -28.6564
v -3.212263 77.0673 -28.11391
v 1.813134 77.54066 -26.86604
v 59.1955 81.06785 -27.88914
v 10.60715 82.19871 -28.6558
v 9.730571 81.07486 -27.15979
v 11.00792 80.5888 -26.82865
v 11.18692 82.96839 -27.55912
v -6.655477 21.36028 30.97172
v 2.417395 -2.802189 36.91195
v 55.79501 84.10902 -27.17055
v 49.22438 85.74655 -28.13703
v 22.50005 73.57748 11.59306
v 18.83978 39.70002 26.4792
v 6.726301 20.86234 30.08682
v -12.18929 87.38322 -28.07552
v -8.284428 88.20075 -27.23447
v -24.19712 18.09331 21.7592
v -4.447842 49.60155 37.89204
v 13.80455 -53.20941 27.8612
v 14.67405 89.80809 -27.73564
v 14.15372 92.63064 -27.41656
v 16.61748 92.22731 -27.2915
v 24.17857 -52.8183 15.2241
v -19.92718 93.70636 -28.54716
v 17.04449 95.26387 -26.99716
v 19.78701 95.31245 -28.26003
v 17.86832 80.37173 12.05252
v -13.68882 95.57549 -26.84537
v -21.53595 96.58904 -28.43182
v -48.58872 51.90824 -26.69041
v -47.60581 52.08673 -27.16108
v -0.2743637 51.60213 -28.7507
v -23.31376 -52.24338 18.39391
v 0.003445149 49.48456 38.47388
v -47.34289 53.93193 -28.61367
v -21.5797 23.93603 20.78949
v -3.160539 54.02333 -26.68449
v -56.99132 54.25149 -28.00699
v 15.55046 83.13255 11.9367
v 15.75768 -25.5276 7.76676
v 21.66295 -53.0425 29.70512
v -20.17264 28.44419 20.18082
v -45.76595 59.55002 -27.57499
v 21.14023 40.69211 23.85492
v -45.38362 61.40083 -27.66524
v -19.61822 29.12015 21.4203
v 50.31943 60.77343 -27.73107
v 49.8635 61.4163 -27.77085
v 32.56423 -25.15493 8.920112
v -62.09244 63.85348 -27.95063
v 8.811275 62.53548 -27.65129
v 52.08538 62.72354 -27.59406
v 53.92411 64.2243 -27.40989
v -11.4429 63.92125 -27.77186
v -9.844551 68.39282 36.54222
v -12.37829 65.11454 -26.59602
v 52.33239 65.42866 -27.36888
v 56.5713 64.75846 -27.09239
v 10.04034 86.35784 11.90974
v 32.78467 -23.92433 7.814101
v 57.54151 64.67049 -26.39455
v -19.93522 33.55296 19.9019
v 23.06957 44.35822 17.71617
v -42.01914 -23.46546 8.707486
v 52.71854 66.48525 -27.42892
v -19.06833 34.72791 20.36227
v -22.98539 41.30501 23.74599
v 61.18132 67.52798 -27.5247
v 8.87035 69.33651 -26.55668
v -42.95768 68.33284 -27.7511
v -60.88536 68.84308 -26.4916
v -11.00531 69.35714 -27.31463
v -59.92911 70.34751 -27.12423
v -20.20919 37.6311 19.11757
v 10.09076 25.77733 30.42435
v -11.20292 26.87411 30.82455
v -56.79051 73.17783 -27.65618
v -47.76978 73.4806 -27.24681
v -54.92809 74.21137 -26.18037
v 7.811534 76.34133 -27.42415
v -18.369 57.24058 34.17433
v 5.615342 77.4495 -27.11231
v -8.474551 77.63444 -27.521
v -22.70605 41.12597 20.71883
v -2.465082 90.39586 13.07856
v 8.252369 68.89684 35.75733
v 59.33417 79.47439 -28.04798
v 49.78229 79.92296 -27.11989
v 22.35973 42.41049 19.54573
v 29.57883 -16.34676 17.1837
v 58.25818 82.85715 -26.88626
v 33.4635 -53.85187 13.69416
v -10.16127 82.76304 -27.99212
v 15.14329 -52.49504 18.15923
v 49.73097 83.25365 -27.61795
v -8.285618 82.52557 -26.7011
v -10.84533 83.56287 -27.92715
v 9.351638 85.03402 -27.69529
v 23.44372 47.82716 18.8987
v -11.42762 86.01021 -27.06308
v -7.67913 86.03052 -27.14862
v 33.25746 -20.99542 8.501908
v 9.718127 82.23045 26.89904
v 13.06576 87.67732 -27.42938
v -47.86614 -47.11949 7.169331
v 35.95076 -53.37678 12.73926
v -13.57472 88.83658 -26.73444
v 8.27202 83.11501 25.64204
v 23.51902 52.47005 20.92699
v 32.72751 -18.5676 8.449433
v 24.74779 53.65501 19.74167
v -55.01793 52.97511 -27.64003
v -9.511892 31.65866 31.05357
v -46.01758 52.96922 -26.73389
v -41.51822 -49.93355 17.02604
v -22.3322 -19.30301 7.021705
v -46.81708 55.23938 -25.72761
v -47.32401 56.02715 -26.64192
v 5.334466 56.53302 -26.74397
v -46.1264 57.61267 -26.93388
v 7.720774 59.64537 -26.94933
v -8.39156 60.31905 -27.39027
v -27.8701 -51.87252 11.25527
v 51.53349 60.11927 -27.08689
v -44.80679 59.82292 -26.59493
v 49.77671 60.00088 -27.33268
v 53.14845 61.28616 -27.43131
v -62.03978 59.94758 -26.97061
v 7.708246 68.56562 36.02019
v -8.882671 61.84409 -26.40525
v -62.05116 61.45577 -26.80577
v 37.25789 -51.96998 11.87542
v 24.92137 61.75861 19.55351
v -28.84072 60.00627 22.2431
v 49.1157 61.41046 -26.75784
v 33.30111 -50.7053 17.4189
v -44.40738 62.78259 -26.80722
v 9.282303 62.89381 -26.52858
v 50.01431 63.06845 -27.46676
v 55.67368 63.32012 -27.02411
v 17.70742 -50.31321 12.53194
v -12.04562 63.72184 -26.31884
v -27.3982 -50.76141 11.88053
v 51.27361 64.38813 -27.26588
v 54.66805 64.56469 -27.24413
v -29.04963 63.51913 20.01198
v -48.60408 -49.36516 12.85469
v 9.669637 66.70141 -26.58877
v 59.71513 66.10354 -27.00387
v -44.64149 67.51176 -27.30265
v 62.35818 69.24405 -26.30351
v -11.77653 68.38167 -26.56306
v -24.52082 -14.53719 7.900131
v -58.96246 71.48787 -26.66402
v 2.876009 50.07859 37.93263
v -45.17188 72.32993 -26.18903
v -27.6663 67.54095 19.83924
v -57.91881 72.80852 -27.5572
v 21.41871 -44.14957 9.709772
v -19.15416 59.07863 34.32497
v -51.79941 74.08694 -26.23541
v -12.40928 37.09694 29.64064
v 62.08819 74.01186 -26.3753
v 8.742247 75.858 -26.93266
v 34.48191 -46.62945 11.94415
v 23.4465 71.09613 21.07174
v 2.637114 60.26531 39.34405
v -1.563432 77.78157 -27.3454
v -7.421513 79.02273 -26.12841
v -24.63746 72.34432 20.5993
v 16.8002 -52.77564 25.29488
v -4.532019 78.26858 -27.17231
v -1.653432 78.32727 -27.11063
v 0.005197241 77.6968 -26.95715
v -23.09188 44.78782 25.31527
v 10.43823 80.46406 -27.37168
v -11.58775 53.58563 37.30733
v -10.42224 81.52648 -26.40307
v 20.9913 74.75874 20.39953
v 8.729178 83.69806 -26.65729
v 32.15458 -46.18368 11.43128
v 16.09066 -13.55853 8.4408
v 57.03912 83.75012 -27.34101
v 49.32127 84.38444 -26.52545
v 50.8956 87.75072 -26.66082
v 30.34125 -45.07547 11.67713
v -23.80459 -51.92349 17.04348
v -4.256455 1.225616 42.30082
v 9.917093 88.13368 -26.32871
v -23.95404 47.74258 25.85706
v 22.79687 -43.99222 9.674458
v -18.26824 92.11759 -27.05726
v 16.70178 -16.27427 15.9357
v -22.09994 93.58302 -27.74916
v 18.68433 93.78047 -26.89657
v -2.627502 -6.210707 40.41095
v 20.65164 95.03094 -28.02614
v -21.33676 95.55392 -27.3547
v 33.66965 -9.04499 8.250205
v 21.81331 96.08231 -27.01652
v -18.37115 96.7759 -26.52284
v 25.22053 -43.42495 12.46918
v -56.95389 53.55365 -26.24712
v -57.89743 54.95022 -26.93588
v 14.78363 82.05854 20.89147
v 2.637339 54.50613 -26.37604
v -0.1475007 -6.02178 40.71572
v 22.05124 48.00412 25.77607
v -5.663201 56.53753 -26.55168
v 12.83878 82.56613 20.46668
v 6.706501 57.57104 -26.91876
v -45.14962 58.01205 -26.33581
v 1.437383 49.93279 38.60801
v -23.72106 -48.24776 17.79175
v 50.6836 58.11333 -25.60857
v -4.794174 44.75241 34.88759
v 52.78423 59.09621 -26.59332
v -23.5402 -38.551 12.49994
v 8.280721 62.20739 -26.7845
v 20.94836 -53.61948 28.66436
v 55.84721 61.38793 -26.48347
v -18.37188 43.02918 31.41709
v 24.80518 -52.08069 25.71637
v 9.641945 63.46153 -26.88051
v 50.30988 62.94446 -26.07095
v -44.46216 66.21138 -26.31648
v 59.23814 65.8556 -25.96621
v 6.528141 69.43318 36.04962
v -42.06343 67.11738 -25.31675
v -42.39289 69.40458 -26.65895
v 35.041 -7.426631 7.732896
v 51.31561 69.01688 -25.88334
v -60.19019 70.37098 -26.03342
v -44.48309 71.22952 -26.99127
v -10.36787 72.89302 -26.14765
v 62.58261 71.33175 -25.28759
v -46.79274 73.01045 -26.70423
v 9.833289 72.77158 -25.84346
v -56.82786 73.44243 -25.82654
v -55.83328 73.71306 -26.09151
v 21.29094 -36.0444 11.61448
v -9.838443 74.00257 -26.37155
v 23.71389 -36.55062 12.0748
v -50.09614 74.16328 -27.55662
v -5.851235 -1.564552 35.76071
v -6.139746 84.13242 27.56093
v -5.481702 86.91617 21.53303
v 60.28152 77.55561 -25.6811
v 32.58443 -30.49062 20.33298
v -6.440431 49.98559 38.19154
v 31.18663 -47.86146 19.06396
v -5.784398 78.19865 -26.48777
v -2.936372 77.97936 -26.98306
v -4.437855 78.85645 -26.6713
v -1.89728 79.08731 -27.07777
v 2.279867 79.06965 -26.70029
v 59.88793 78.59324 -26.76942
v -41.02801 -4.015276 8.121452
v 17.61488 47.41526 30.73746
v 25.30289 -44.10943 10.30589
v 48.99176 80.18161 -26.18936
v -0.9339114 87.99744 20.85072
v 22.2198 49.10023 24.78424
v 11.69535 85.58295 -26.86785
v 54.76382 84.66552 -26.73989
v -21.56028 52.76075 30.43499
v 53.25966 86.19587 -25.38117
v 49.93995 87.2716 -26.60951
v -25.1184 51.73225 25.0888
v 29.07605 -34.17863 12.3318
v 28.55807 -44.20987 10.38029
v -21.12946 91.93673 -26.20489
v -20.90696 92.25627 -26.99679
v -18.52251 90.36162 -25.60864
v 22.70487 52.28686 26.88756
v -31.27537 -52.50335 25.09798
v -21.34112 92.95538 -26.7688
v 24.73 -53.16375 22.03868
v 21.79558 95.52424 -27.00522
v 21.07796 95.92515 -27.67899
v -30.84895 -52.63706 20.56
v -53.11245 52.16698 -25.77517
v 30.32626 -52.52378 20.16022
v 20.06594 52.94075 30.55474
v -58.55484 54.3887 -24.79296
v 31.78554 -29.71726 12.15651
v 30.30717 -15.43833 16.05547
v -40.9808 -29.44389 13.30426
v -59.0955 55.58559 -26.02729
v -59.90331 56.96101 -25.31273
v -40.55612 -2.279301 7.540061
v -12.82183 61.8911 37.14847
v 6.166211 58.32422 -25.88151
v 49.44787 58.51677 -26.12627
v 54.64239 61.30045 -26.69234
v 8.128416 60.96861 -25.93024
v 57.31964 63.07864 -26.40034
v -62.40615 63.77692 -26.45589
v 4.773945 50.6601 38.07344
v 11.11864 65.57848 -25.67621
v 51.0306 65.51692 -26.17061
v -61.91122 66.00781 -25.47668
v -43.3211 66.5699 -24.96199
v -41.98014 -25.39684 11.79531
v 22.6746 54.18733 25.52894
v -23.34764 55.14767 28.48112
v -13.17453 69.52355 -24.70496
v 20.34591 42.19877 24.02682
v 9.01152 70.46293 -25.82014
v -58.20829 72.7842 -25.83483
v -47.74704 73.69909 -25.79511
v 9.066516 74.58038 -25.68707
v 10.29702 76.1064 -25.36749
v 9.480951 77.51788 -26.08473
v -42.0579 -21.45112 12.81808
v 3.321991 77.70928 -26.30495
v -5.750233 78.69461 -26.06856
v -37.68938 -44.89387 20.40588
v 9.058242 78.76775 -25.93617
v 10.01081 78.15985 -25.86823
v 28.41435 -43.96889 20.11026
v 59.98878 79.39036 -25.3815
v -3.906411 80.22095 -26.10693
v -2.034754 80.49081 -25.30269
v -0.5511967 79.65078 -26.29026
v 59.32492 80.39719 -26.64879
v -9.838336 80.97746 -26.62167
v -39.58765 2.575584 8.020978
v -9.422272 79.528 -26.09567
v 15.1567 -44.173 20.59643
v 58.92542 80.98266 -26.3731
v 30.26543 -45.77953 18.94933
v 48.71314 82.33762 -26.44888
v -8.139438 81.0221 -25.95397
v -29.36503 -43.67215 9.748245
v 15.22985 -19.6658 11.51606
v -10.56365 83.08594 -25.28213
v -7.561453 83.78786 -26.48098
v -40.48807 -31.26376 18.27337
v 8.034881 84.1178 -25.32911
v 57.21508 82.51902 -25.17638
v -41.79244 -18.94072 12.26392
v -16.14275 60.13236 36.12257
v 49.4929 85.47818 -25.53329
v -11.8396 86.64547 -26.08292
v 53.93998 85.7299 -26.65226
v 32.66567 -18.61555 12.37276
v 8.060375 86.76152 -24.6591
v 49.21011 86.52435 -27.05291
v -5.737868 -1.15678 43.17051
v 52.43232 86.34847 -24.77439
v -41.93773 -16.98516 11.46549
v -37.40569 -41.81777 19.71826
v -15.07993 89.79922 -26.07557
v -10.9216 3.780552 7.859493
v 8.187848 70.63472 35.98662
v 14.27291 89.42983 -25.85371
v 16.21113 91.15989 -25.09203
v -23.26816 56.36013 28.22821
v -40.79605 -13.969 12.37813
v -24.71274 -15.31718 10.96147
v 19.63067 63.96826 30.26249
v -28.82986 53.66792 19.20575
v 14.62652 94.30556 -25.89273
v 15.09452 -40.91225 20.70301
v 30.0433 -39.51401 22.1068
v 19.20166 96.5542 -26.37718
v -49.87234 51.14886 -25.76778
v -45.5802 52.54203 -25.4963
v 0.5848962 53.26147 -24.62835
v -36.7096 -39.28839 20.02202
v 0.4173677 5.711909 7.020817
v -1.603363 53.64881 -23.14267
v -1.19813 52.72204 -27.13556
v 1.535787 53.88547 -24.21447
v -2.758844 51.23445 38.1827
v -3.117259 54.12649 -24.16021
v -4.147242 55.2504 -25.39011
v 15.20192 -44.63971 18.83533
v 4.539125 56.22572 -25.88839
v -45.27969 56.34267 -24.97258
v -61.24202 58.14953 -26.12602
v -8.943184 71.33093 35.95159
v 7.090651 58.59522 -25.8672
v 52.50368 58.06273 -25.54037
v 47.93275 58.48804 -25.34337
v 54.4336 58.95553 -25.59741
v -7.074047 59.19243 -26.39015
v -4.414531 6.062101 7.576947
v 48.38692 60.01242 -25.61985
v -38.06037 -36.56503 20.73633
v 57.13642 61.0843 -25.47534
v -63.20372 62.20991 -25.59392
v -44.19028 61.70302 -26.41464
v -21.91867 -11.21578 12.15642
v -9.348451 62.36118 -25.5049
v 50.16768 63.55789 -25.28294
v -25.01852 -36.99579 20.07816
v -43.33248 63.86093 -24.89188
v 50.61239 64.57461 -25.4936
v -43.51886 65.81954 -24.52732
v -25.67564 -34.95959 20.90947
v -61.2257 67.64781 -25.40014
v -37.96796 -34.57789 21.06972
v -41.7357 67.97203 -25.47753
v -42.77639 70.22861 -26.06991
v -31.67052 -49.4533 25.26021
v -41.01335 -43.04426 9.853272
v 27.50715 -28.27591 26.9642
v -53.08228 74.40816 -26.17229
v 61.76978 74.62356 -24.66974
v -13.84125 52.89648 37.00357
v -18.23537 -8.843996 12.0322
v -10.95974 75.70331 -25.98079
v 32.11835 -32.51855 20.3226
v 50.25237 75.50855 -25.5131
v 60.82325 76.38112 -25.37207
v -9.719204 78.49342 -26.27704
v -24.91697 -44.43955 17.46696
v 6.834561 77.33883 -26.10021
v 50.82506 78.19659 -26.71046
v 8.660559 78.17329 -25.8678
v 59.8231 78.3128 -24.44945
v -10.31388 79.78526 -25.62595
v 4.43242 78.24374 -25.92128
v -16.8712 -7.217265 11.99928
v -26.99832 60.6579 25.41818
v 34.12664 -7.517222 11.41818
v 4.703681 79.98285 -25.16565
v 2.076353 79.69849 -26.06023
v -4.769537 80.00841 -26.37459
v 10.71996 79.04112 -25.86993
v -38.80548 -5.915922 12.51275
v -5.564594 81.42851 -24.68002
v 8.337581 81.54239 -25.73033
v 10.3365 81.89331 -25.53715
v 19.39662 -14.45183 19.33257
v 10.3427 83.179 -25.58593
v 29.25374 12.92995 9.286752
v -6.548206 84.34759 -24.8177
v -11.03917 84.13233 -23.86656
v 55.00675 84.91558 -25.3683
v -17.33918 70.94763 30.65371
v -8.072409 13.82538 28.88319
v 32.0556 -19.08945 19.47977
v -20.20868 89.87107 -25.54953
v 27.56003 14.29741 8.721546
v -20.84979 90.87172 -25.71709
v 12.30497 92.4886 -24.85451
v -10.77353 92.81483 -26.36367
v 10.24667 -2.607625 12.61337
v -20.10444 94.70352 -25.46122
v -16.3087 72.04005 30.44043
v 22.16354 94.61466 -25.0521
v -15.52068 73.60383 30.98252
v 22.54126 95.73191 -25.90759
v -8.965228 51.95061 37.90237
v 13.55585 -25.19326 20.61132
v -51.98337 51.46774 -25.10446
v 16.51077 -43.33224 17.89434
v 13.62883 74.21245 30.74483
v -11.18529 -1.280837 12.39741
v -55.57624 52.67267 -24.35717
v -25.84638 -25.41778 20.85373
v -45.77112 55.10758 -24.34824
v -15.45946 74.2401 29.76331
v 2.764644 54.95089 -24.72537
v 28.0832 -42.8879 17.17565
v -38.8388 -40.75726 18.0661
v -15.6137 74.73752 29.55285
v 32.98564 -29.45348 18.62471
v 7.332742 62.99272 38.14601
v -24.62409 -42.8398 18.36748
v 4.963592 57.49269 -24.46127
v 12.57248 -50.72415 28.18993
v 7.638661 60.1119 -25.04343
v -7.527498 60.26094 -25.11892
v 34.05243 0.1742083 12.5987
v -39.624 1.318096 12.19691
v -12.50272 76.38465 31.49503
v 56.00792 60.25475 -25.79257
v 49.87231 62.77057 -24.49069
v 22.94442 16.82678 7.867187
v 23.50829 16.61276 7.207357
v -25.27992 17.77083 8.068081
v -18.0741 81.37893 7.764394
v 58.91177 65.01162 -25.29977
v -36.35817 52.81065 9.814414
v 60.85996 66.71353 -25.92402
v -34.20494 -13.26263 16.20917
v 49.77336 66.90033 -24.63699
v 61.45544 67.58241 -25.76149
v -1.713954 60.79201 39.40146
v 50.71002 72.25085 -25.12831
v -7.340459 71.04983 36.43699
v -59.26396 71.14179 -25.56437
v 15.53667 -21.00312 21.26357
v -55.13563 73.79501 -24.97363
v 9.239182 73.92182 -25.51139
v -52.21189 74.38497 -24.21971
v -28.52822 55.53722 18.27575
v 33.22658 5.161523 13.67969
v 10.64231 78.02443 -24.90017
v 49.28028 78.50173 -25.30997
v 12.96924 -49.4326 28.14811
v -10.25573 79.17882 -24.52263
v 10.51406 14.52487 26.93711
v 6.067324 78.08025 -24.75976
v 9.574965 78.96679 30.5597
v 21.69182 19.36165 9.557556
v -5.253162 14.48277 29.47355
v 59.69914 79.93676 -24.85825
v 48.6416 81.26985 -24.99473
v -7.042882 80.71568 -25.58776
v 56.11621 82.90609 -25.59463
v 28.9901 -41.53303 19.5007
v 55.33091 83.90407 -25.80067
v 20.84716 -52.91527 14.81268
v -24.2049 -41.18833 17.91478
v 32.8689 -23.97347 20.15325
v -16.59853 90.20861 -25.63391
v 17.39455 23.72831 7.569728
v 29.53937 -17.97988 20.676
v 29.69127 13.17277 12.77137
v 22.99232 63.65459 26.14066
v -25.13241 64.61065 25.59453
v 29.54009 13.09484 11.88071
v -28.75623 -41.57776 9.525352
v -18.89673 94.41239 -24.26621
v 7.710609 79.26656 31.56426
v -13.09795 95.20494 -24.84271
v -19.49187 96.19449 -26.12685
v -16.75167 96.10817 -24.40135
v -15.66706 96.57852 -26.00234
v 18.48261 96.42339 -24.97312
v -46.02386 51.4331 -24.34312
v -45.415 53.61337 -24.98328
v -59.47812 55.96733 -23.9996
v 26.34758 15.94876 11.93192
v -30.33738 16.33633 11.78796
v 28.32715 -17.06834 20.17339
v -3.171511 -6.170752 56.41594
v 20.81341 -16.23142 20.6525
v -44.56881 58.52831 -25.53485
v -61.0134 58.14534 -24.57689
v -43.63728 58.47501 -24.35348
v 47.11882 57.87923 -23.50171
v 6.632937 60.33422 -23.74095
v 15.94475 28.39769 7.515928
v 48.97015 60.60083 -23.84236
v -8.629965 61.44765 -24.89389
v 49.52171 61.63151 -24.98859
v 8.573222 87.06218 17.49535
v -43.41771 61.34864 -24.43381
v -2.658582 81.37649 31.18451
v 8.325782 62.70658 -25.57322
v -11.25707 63.20035 -24.54483
v 59.50089 63.76176 -24.70258
v 20.06784 -9.775374 20.16812
v -62.93204 64.89631 -25.10824
v 12.08036 66.04031 -24.16286
v 22.67017 -8.444965 20.39992
v -61.18548 68.36128 -24.00964
v 28.3767 -10.30333 16.83592
v 50.1308 69.17256 -23.86201
v 62.00092 70.21586 -24.57137
v -4.855075 74.68663 35.70308
v -37.80142 -42.14148 9.594922
v 20.25889 -7.606383 20.98278
v -22.06845 23.8776 13.11741
v -44.2785 72.08461 -24.65635
v 16.75978 -52.80975 31.58731
v -4.892174 70.88392 37.11576
v 9.677943 71.77948 -25.01944
v 18.78968 27.56789 11.92258
v -49.57588 74.34651 -25.66742
v -11.18898 74.21065 -24.75344
v 19.11964 -52.94628 31.37609
v -19.81749 34.08675 7.616877
v 7.602721 79.38049 -24.7743
v 20.47955 -52.17081 30.9057
v 14.78947 -52.13531 31.07731
v 58.03706 81.48098 -24.6766
v -7.063963 81.65852 -25.33601
v 10.34966 82.96295 -24.68736
v -11.57743 84.82237 -23.77119
v -22.24179 37.4072 9.546396
v 54.28923 85.58687 -24.2701
v -12.52959 86.77395 -24.77406
v 11.84364 85.91172 -25.17354
v -18.84665 87.9644 -24.51321
v 5.511371 73.26226 36.04427
v -23.29443 -5.493341 21.1227
v 15.28053 89.51986 -24.06164
v 13.5007 -49.20983 30.09294
v -23.01791 39.03372 12.11747
v 19.86207 -48.26121 30.81107
v 1.176908 55.45828 39.28869
v 16.19566 -48.9014 31.94067
v 23.80725 41.50196 11.3065
v 29.52043 -28.02049 25.63081
v 20.74157 96.54687 -24.70864
v -43.76019 53.72795 -24.12895
v -44.89567 55.19044 -23.76002
v 24.18364 44.13701 12.57127
v 25.24243 45.43168 12.04309
v 3.739002 56.3401 -24.00409
v 20.00277 -46.52541 30.4856
v 52.08769 56.52106 -24.53775
v 48.29748 56.24298 -23.95083
v 17.78396 -47.09935 31.10915
v -25.18857 41.93899 7.9199
v 55.66647 58.38463 -24.5361
v -43.00068 60.10132 -23.75457
v 57.29758 59.5053 -24.47851
v -29.33318 -45.88373 24.7021
v 20.62683 69.27634 25.85832
v 58.27767 61.84221 -24.37767
v 16.93548 -11.36978 16.99258
v 23.77441 -44.42863 27.39911
v 34.307 48.8879 11.87236
v 21.23947 -37.83191 30.75276
v 27.59491 -3.046667 20.83197
v -13.21864 65.2878 -24.17121
v 60.09353 66.16128 -24.09435
v 14.31548 32.80319 27.31305
v 30.11964 -38.18128 18.64254
v -13.37946 67.39186 -24.91255
v 61.16988 67.7479 -24.53633
v -41.06876 68.7146 -23.56647
v -3.446366 -5.136509 39.17299
v -0.7456754 -2.101718 31.09038
v 22.93642 55.73131 27.33543
v 35.80564 52.41883 11.76318
v -43.40758 70.68055 -25.35348
v -42.12909 69.2736 -24.43905
v -60.1419 70.07797 -24.3274
v -23.46759 -37.42246 18.24302
v -57.84905 72.69329 -24.65436
v 9.805863 74.29595 -24.33
v -20.83599 71.57001 26.13895
v -33.12454 -0.8876924 20.33192
v -14.89818 -1.665585 20.1501
v -12.33083 75.21839 -23.66108
v -31.75162 54.62173 12.05601
v 11.36643 76.23985 -23.25277
v 5.984443 80.22989 -24.59285
v 2.061625 80.24629 -23.72623
v -9.831645 81.44686 -24.50525
v 36.11081 46.25454 6.996959
v 9.755321 80.13121 -23.11853
v -14.28115 -0.268434 20.37291
v 56.34878 82.03752 -24.05193
v -10.12759 82.4993 -23.52802
v 0.8015602 73.54208 36.62292
v 48.21205 83.03422 -24.60639
v 55.59785 83.66486 -23.6096
v -7.135812 86.71093 -25.64577
v 50.80666 85.75321 -24.0885
v 12.54492 -0.4500791 21.08217
v -19.37145 87.8845 -23.81292
v -29.99451 46.69304 6.181538
v -20.10685 89.51785 -24.65081
v 37.68994 48.23556 7.288813
v 19.61348 93.39127 -25.01965
v -11.4739 93.59612 -23.82424
v 13.393 93.57708 -24.17685
v 21.76044 93.83311 -24.60351
v -3.89231 -6.586401 47.17639
v 15.85844 95.19154 -24.07662
v 21.62483 95.18992 -24.37818
v 32.04331 61.57676 11.99567
v -30.05905 16.4288 10.25144
v -48.62408 50.90688 -24.28952
v -44.83292 51.39208 -23.81813
v -35.97064 49.77145 8.478588
v 10.33661 2.399304 20.5493
v 49.46171 55.83598 -23.50638
v -6.060576 57.22003 -22.66399
v 18.48886 -25.01053 26.04119
v 47.18979 57.17316 -24.04314
v 19.62303 74.66904 24.82024
v 54.26606 57.8309 -24.28625
v 56.01327 57.92642 -23.2806
v -33.66498 4.357471 21.32211
v 57.95973 59.095 -22.86053
v 7.918347 3.673442 21.95397
v 58.46759 60.26102 -23.26976
v -4.636011 8.190709 31.32148
v -37.65209 51.40111 8.008022
v 59.77033 62.13616 -23.41451
v -0.3429884 -5.875897 47.85186
v -9.375941 63.00068 -23.40376
v 11.58325 64.30182 -24.9084
v -42.44551 64.23572 -22.65635
v 22.33229 73.90501 13.1471
v -61.69291 66.92868 -24.05448
v -41.18225 66.40617 -24.45578
v -40.42068 65.55794 -23.1096
v 13.88752 -45.36948 24.71314
v -40.68952 67.26283 -24.25726
v -40.06363 -35.38263 17.66089
v 17.04412 -40.41551 28.27453
v 21.88843 75.71676 12.8
v 61.92773 68.97782 -23.18271
v -5.570809 -5.054539 46.87512
v -14.12831 69.42242 -22.48489
v 61.50025 71.96244 -24.06749
v 11.47587 71.68442 -23.24924
v 2.982787 5.474784 20.1227
v -12.60539 71.39284 -24.58143
v 0.9049575 75.6709 35.64603
v -45.85894 72.42089 -23.934
v 18.37894 78.94524 12.46465
v -47.67301 73.24025 -24.70382
v -53.90443 74.24532 -24.06085
v 10.55334 75.3971 -24.37588
v 49.16576 75.55985 -23.65483
v -11.66258 77.60602 -23.01649
v -10.90323 77.39842 -24.52831
v 17.65599 75.11961 27.45514
v 9.950803 78.97043 -22.54606
v 7.441294 13.83278 26.74736
v 0.7431445 80.83222 -23.55419
v -34.23139 8.081174 20.55179
v 48.67073 82.14497 -24.22975
v 40.56516 55.09575 7.679569
v -40.45564 -33.98247 17.46581
v 7.321706 82.63296 -23.36618
v 49.50391 84.60264 -24.19143
v 10.36896 81.88315 -22.9488
v -4.278761 6.431384 20.45718
v 11.4301 84.21304 -23.5276
v 7.395877 85.13633 -23.19506
v -12.36786 85.0354 -23.24736
v 14.74605 88.07909 -23.29357
v -14.72019 88.14388 -24.45776
v -7.699126 88.81905 -24.2358
v 7.984347 87.8692 -23.08665
v 26.55525 -46.23368 25.87584
v -15.82436 65.57264 34.93919
v -9.058194 90.85298 -24.98847
v -32.86545 11.5934 20.25813
v 10.02035 90.07073 -24.36565
v -19.13311 91.62395 -23.92221
v -39.90427 -32.71956 19.17561
v 21.08828 92.26965 -23.56589
v -2.446033 16.84673 30.53549
v -31.35947 12.52361 20.51817
v 11.51906 86.22928 11.54231
v 25.09747 11.80586 21.57471
v -13.17247 94.69219 -23.37156
v -15.06105 95.85168 -23.92461
v 27.10941 -39.19406 27.32359
v 21.52637 12.66788 21.33905
v -39.30456 -38.83815 10.45759
v -17.56074 33.39838 25.93342
v -52.01778 50.87835 -22.70205
v -50.5025 50.97714 -23.09079
v -54.39841 51.52311 -22.99667
v -56.17989 53.17561 -23.54275
v -8.987932 89.12766 12.71899
v -44.01596 52.36976 -24.31479
v -2.813553 54.04646 -22.73243
v 38.44766 60.08445 7.745555
v -4.113208 55.11839 -22.39134
v -5.13002 56.25398 -24.71497
v 5.464405 88.66123 14.37313
v -37.90651 60.24095 8.037729
v -3.051575 18.39988 30.27043
v 51.30769 55.24266 -23.19077
v 25.85524 -38.96662 28.2666
v 54.40344 56.30116 -23.13976
v -61.955 59.27576 -24.09477
v -11.01032 51.28526 37.41534
v 7.736941 62.00831 -23.86364
v -4.659895 19.80025 30.98243
v -63.31519 63.94719 -24.65044
v -42.47378 62.89158 -22.59915
v -26.28737 16.61787 20.28808
v -49.15561 -53.27443 12.14363
v -24.94843 17.69689 21.29189
v -62.64196 66.49851 -23.13752
v 12.02062 69.06476 -23.36915
v 15.23358 -37.61176 27.30521
v -43.21057 70.64302 -23.23599
v -59.0379 71.44381 -23.22957
v 10.16646 73.44452 -23.73623
v -44.69234 71.86669 -23.20384
v -39.39709 -37.31665 10.22496
v 60.9213 70.64026 -22.4564
v -56.31436 73.46095 -23.68987
v -1.00334 19.70549 30.89108
v -54.90517 73.59744 -23.19597
v -51.15948 73.42124 -22.53986
v 48.60926 75.10568 -22.24276
v 48.82429 78.03895 -23.57054
v 60.01289 77.28046 -23.43392
v -9.800819 79.5775 -23.66247
v 48.69869 79.13576 -22.64295
v 3.105653 19.31275 30.82712
v 26.85764 -38.12148 27.82206
v -0.4695474 80.59018 -23.8159
v 34.461 63.56883 7.356339
v 3.141004 80.62225 -23.15267
v 26.26194 -44.51743 24.95432
v -40.64093 -28.11437 18.48711
v 7.375081 80.71917 -24.47509
v 49.0569 82.26281 -22.81391
v -1.713589 81.42728 -23.48459
v 31.91089 -32.53552 18.09148
v 1.945263 21.13281 31.04971
v 4.03486 20.81447 30.83756
v 54.45389 84.97043 -23.56855
v -28.91857 64.61057 7.985487
v 16.72709 77.55876 25.83614
v -16.86969 87.94274 -24.09998
v 17.16567 -33.53508 28.09259
v -16.65122 76.72595 26.75476
v -26.13392 -51.66643 13.5215
v 17.7011 -52.47101 12.59666
v -19.50869 90.31913 -24.27955
v -9.509171 91.26061 -22.07359
v 18.36307 89.91945 -22.56913
v 11.03252 91.48215 -23.11611
v 20.95835 91.08612 -22.78031
v 21.72289 93.84543 -23.97031
v 13.27192 65.80527 35.32079
v 7.090967 22.45603 30.89751
v 28.53945 66.36782 8.464985
v -16.55656 95.47954 -23.51487
v 19.19589 96.53647 -24.41808
v 18.50704 -47.97344 11.20213
v 47.42958 55.16833 -23.3381
v 36.56887 -49.56113 12.64296
v -58.58705 55.31349 -22.24647
v -19.10312 36.42097 20.696
v 45.91614 56.06392 -23.07582
v 53.40238 56.39445 -23.45797
v 18.2235 -47.18047 12.63833
v 36.11522 -47.92398 12.72315
v -62.55654 58.47298 -22.39996
v -47.07597 -45.95989 11.73335
v -16.13113 77.22234 26.76277
v 3.348166 15.86976 29.92139
v -41.79285 60.10075 -22.05759
v -63.11322 60.40995 -23.05332
v -8.814911 23.2241 31.19774
v 18.67089 38.84963 22.1851
v 48.76515 62.59802 -23.61483
v 9.021309 63.2413 -23.30916
v 10.38482 63.11798 -23.8428
v -13.77633 67.10638 35.30383
v 27.4408 -35.27455 27.63252
v 48.54563 64.42104 -23.22127
v 22.34045 39.69943 20.33922
v 60.64926 64.49932 -23.30987
v 17.33973 -36.58141 28.55777
v 48.8315 66.04097 -23.54077
v -10.9933 55.22337 37.97776
v -26.30544 -17.86412 18.44091
v -25.90293 -45.80548 12.18985
v 48.59154 68.19393 -22.66055
v -61.90573 68.71195 -23.21228
v -23.24703 -35.16626 10.41863
v 24.25888 71.87048 8.435731
v -41.72182 69.22201 -22.59971
v 32.70704 -30.17022 19.12063
v -45.60911 -45.71969 12.20088
v -43.41289 -44.09322 11.72213
v 6.116175 23.96242 31.22637
v -13.69485 70.85725 -23.09988
v 49.48738 71.31982 -23.16387
v -24.55058 73.57788 9.356645
v 5.847984 87.73594 17.87146
v -50.12762 73.60886 -23.70482
v -48.55947 73.33537 -21.81432
v -27.15953 -43.88763 11.84168
v 60.85154 72.76568 -23.03604
v 28.33374 -44.11861 12.3126
v 49.50019 73.6488 -23.54077
v -53.41003 73.93359 -22.90182
v 20.9716 74.05844 7.549669
v 14.9346 -40.28645 24.55515
v 58.6748 79.28726 -22.98459
v 6.888077 25.28688 31.54177
v 4.60552 80.45731 -22.55997
v 27.60042 -40.43786 24.95581
v 1.128452 81.87346 -23.27854
v 5.746195 81.05114 -22.72591
v 49.24018 82.11061 -22.08049
v 13.59078 80.88723 25.40638
v -3.505876 81.39406 -23.16585
v -5.518695 82.56529 -23.58511
v -10.69794 82.95718 -23.03876
v 48.52555 83.58136 -23.60173
v 23.88349 -42.42799 12.59157
v 23.57053 50.44602 20.17971
v -18.08509 85.37537 -23.04056
v -16.90599 84.9408 -22.9807
v 19.45731 75.23633 7.795719
v -18.72222 86.38495 -23.46988
v 19.23104 76.80016 8.094507
v -39.40243 -35.25651 9.697148
v -28.46272 55.39276 19.90298
v 18.9115 -37.53713 12.33846
v -42.45723 53.53155 -22.63425
v -57.32027 53.76033 -22.74984
v -42.58485 54.55908 -22.95615
v 33.18065 -27.65734 17.47944
v -40.877 54.56162 -22.88358
v 48.68222 55.04427 -23.0235
v -40.16633 -36.33243 12.30708
v 25.09569 58.94945 20.7
v -22.85527 -36.11184 11.62464
v -9.691166 28.33154 31.13377
v -40.59597 55.74597 -22.92231
v 3.65252 55.32251 -21.84477
v 19.16168 -36.4281 11.75031
v -42.97572 56.13062 -22.57421
v 20.77106 -36.72778 12.57236
v 26.88638 -32.32514 27.4673
v 14.81813 -39.17254 25.83854
v 55.96392 56.30132 -21.99063
v 9.676881 29.01406 30.94394
v 47.77501 58.48396 -22.70205
v -42.73355 58.62858 -22.28034
v -12.12735 55.0068 37.15961
v -10.33127 29.87689 31.09442
v -6.945131 59.61387 -21.63794
v 14.60125 83.10051 7.842891
v -7.904371 60.86395 -23.25453
v -63.50129 60.30505 -21.59229
v -27.69198 65.66008 21.93609
v 60.60733 62.70358 -22.14679
v -10.40373 64.5419 -22.01407
v 26.68611 -35.70146 11.26674
v -22.5596 -34.35105 12.08205
v 12.42916 65.0384 -22.50824
v -19.41582 -6.597966 17.80649
v -40.15972 66.45342 -22.98977
v -62.40428 68.40628 -22.53641
v -40.44434 67.71545 -22.20109
v 60.82055 67.69036 -22.05622
v 24.18471 66.79124 20.61063
v 14.27667 -7.934136 17.60317
v -61.8119 69.34499 -22.76152
v -10.416 32.34586 30.73254
v -39.94259 -33.93038 12.61999
v -43.29346 70.94185 -22.53891
v -1.073779 -5.511735 36.95412
v 8.953179 31.94433 30.9599
v -2.139011 -6.624003 42.97249
v 60.57237 74.9178 -23.40084
v -40.12362 -31.43492 12.41713
v -12.21717 76.0208 -23.23929
v 17.3914 -31.57006 27.39458
v 31.26537 -32.57583 13.04107
v -13.62609 33.67315 30.2379
v 11.25074 77.32258 -22.15178
v 30.79943 -31.41439 11.65407
v -21.23036 -30.51168 13.34454
v -10.49605 79.48042 -23.00073
v 8.783825 87.00802 6.827476
v -9.799369 81.15145 -23.01996
v 3.871594 80.99691 -22.19816
v 22.21063 72.81971 21.81347
v 56.30899 82.57584 -22.51387
v -11.26182 82.03101 -22.42854
v -13.16978 84.6163 -22.70468
v -4.636644 83.47803 -22.77707
v -8.64771 83.2127 26.52209
v 26.20075 -30.91009 27.7424
v 32.15199 -28.36806 12.75624
v 50.84092 84.78771 -22.33903
v 52.74135 85.617 -22.87432
v -18.24818 86.27684 -22.76068
v -17.94053 87.75768 -22.68722
v 12.23605 -25.05791 12.69984
v 6.434135 84.18467 26.08534
v -6.838616 87.0757 -22.24417
v -17.21809 89.13202 -21.60633
v 8.646018 88.87899 -22.34261
v 25.38371 62.93902 18.77911
v 7.034097 17.62488 28.80495
v -28.29014 64.63862 19.21914
v 21.05531 92.35195 -22.85648
v -16.42745 93.51829 -22.19168
v -6.069577 -2.536313 48.54981
v -41.72108 -23.04678 13.44395
v -15.66829 94.77178 -22.78413
v 20.42694 95.48923 -23.55032
v 15.69026 81.24207 21.48722
v -47.28738 50.29817 -23.1927
v 7.273241 36.95165 30.80653
v -43.47602 51.9842 -22.61959
v 3.986212 84.58575 26.61189
v 4.658154 56.80738 -21.82652
v 52.89221 55.24615 -21.79461
v 45.43379 56.2266 -22.07324
v -11.3513 37.26589 30.31201
v -60.40501 57.10557 -22.34651
v -15.70053 35.9798 26.65157
v 7.838669 38.77175 30.802
v 8.719911 37.28242 30.52024
v -43.46808 57.19978 -22.69063
v -24.50954 59.8478 28.77045
v 8.988476 56.63726 37.79086
v -10.81016 39.23222 31.24716
v 6.684088 56.66939 38.68614
v -33.06018 -53.1065 10.84714
v 6.994841 60.63598 -21.88876
v 48.32141 61.28496 -22.72863
v 16.1815 -17.79511 13.74271
v 7.681517 62.34367 -22.20819
v 32.06935 -16.99168 13.19017
v -39.12552 64.77635 -22.45498
v 9.41871 64.11375 -21.74786
v 11.62451 63.74299 -23.22601
v -42.02522 64.77536 -22.71412
v 29.75101 -5.987228 17.65626
v -23.7705 -16.30267 11.95253
v -12.51655 64.27075 -23.12888
v 60.76691 66.01054 -22.54653
v 61.40906 66.89916 -21.32049
v -6.804345 87.30504 20.98669
v -23.26381 -25.70536 18.58628
v -59.82799 71.25274 -21.46463
v -42.19297 70.20924 -22.1773
v -13.48592 72.44063 -22.20877
v -44.51031 71.52003 -22.59298
v 25.69674 66.17578 18.33058
v -57.66379 72.23465 -22.36188
v -46.87146 73.08504 -23.04151
v -55.28903 72.71773 -21.49429
v 48.08551 73.46262 -21.55471
v -53.2168 73.11842 -21.75753
v -12.73597 73.50577 -23.01007
v -25.70165 -14.20893 13.06097
v 60.4648 74.51723 -21.1944
v 0.5118886 -4.85263 36.54655
v -12.15253 79.47638 -22.44669
v 10.27282 79.2534 -21.85446
v 48.89143 80.35941 -22.59318
v 10.52915 38.59528 30.68373
v 10.6048 80.44506 -21.9114
v 15.40429 -12.54735 11.53968
v 57.0408 81.09515 -22.58655
v -24.01351 -23.92404 18.91
v 2.736173 81.3709 -22.65876
v -32.51403 -53.30876 22.73546
v -13.93187 80.8303 -22.20939
v -45.62168 -52.69822 9.33549
v -14.67444 84.05929 -22.40392
v -23.85202 -11.85596 12.03103
v 1.574739 82.42682 -22.81354
v -15.89883 83.52006 -22.37034
v -2.485524 82.74568 -22.89898
v 0.9754497 0.7950377 41.65977
v 49.23424 82.77955 -22.6866
v 12.58178 84.00623 -22.36612
v 6.816808 57.4923 38.40152
v -16.94911 84.08882 -22.47902
v 15.10018 -11.14491 13.18578
v -36.97113 -10.4144 14.06843
v -5.385342 83.93444 -22.95555
v 53.74067 84.43276 -22.43109
v 31.03967 -10.76108 12.38203
v -35.74547 -52.79426 22.02281
v -17.88815 85.41878 -22.46038
v 23.39327 -53.09649 7.406571
v 20.18428 89.19723 -22.06412
v 20.71902 90.02359 -22.27425
v -0.7496394 85.03072 26.3662
v -22.41738 -51.99554 20.65303
v 14.25229 40.84575 31.07535
v 31.17421 -9.970905 12.54374
v -11.50681 92.60349 -21.99207
v -19.17018 41.2014 29.87731
v 12.81598 92.82324 -22.11645
v -22.44848 -51.29227 21.44996
v 33.31394 -24.01077 17.55446
v 13.58382 -8.568696 12.21346
v -49.8061 50.22442 -22.04578
v 13.33713 -50.25 21.31732
v 50.39475 54.01324 -22.61602
v -40.50147 53.97558 -21.38283
v -1.415628 54.24546 -21.35195
v 13.4784 -22.93952 17.98918
v -3.128539 55.16937 -20.58697
v -22.51823 43.54761 25.26709
v -37.71254 -8.245802 13.04335
v -39.52808 55.63774 -21.41175
v -39.64803 57.39991 -21.91182
v 45.58223 56.68891 -20.00112
v -17.62559 44.34465 31.26569
v 47.0598 57.80314 -21.76834
v -41.40209 58.10787 -22.09453
v 47.5038 58.78338 -21.41691
v 57.36524 58.45941 -22.07062
v 59.08989 59.47455 -22.13623
v 33.91419 -52.20041 8.306535
v -39.11267 60.00593 -22.19508
v -41.49774 62.02065 -21.86337
v -39.67217 62.13006 -21.91407
v -18.40284 -7.411225 15.96144
v 11.02309 -4.254281 12.66275
v -29.63475 -49.22189 25.53986
v 11.21115 64.17058 -22.18949
v 47.57377 65.56524 -21.54241
v -13.88362 66.12994 -21.91212
v 29.72448 -47.85817 20.90876
v -25.59405 -44.47632 21.23117
v 3.425598 88.67563 17.5079
v 12.82286 69.36085 -21.30553
v -14.61679 69.77795 -21.54401
v -5.54983 -11.16057 57.66036
v -45.5381 71.56603 -21.8769
v 20.00057 -35.62013 10.24751
v -12.41184 -2.782942 12.39181
v 26.2497 -27.35724 27.39386
v 11.72087 73.45543 -21.00938
v 10.24424 74.31817 -23.15956
v -4.627431 -10.59136 55.27818
v -13.29672 76.04798 -19.12658
v -11.82429 77.35468 -21.93458
v -28.89841 -51.50853 9.528522
v 9.180729 -1.33887 13.38265
v -19.61575 47.23883 30.89776
v 8.452093 57.89823 37.64342
v -13.43903 79.66372 -21.55538
v -13.4818 80.02218 -22.06431
v 15.20504 -43.7315 21.54785
v 33.96865 -1.252376 12.27624
v 5.500413 82.12758 -21.47903
v -15.03382 81.01229 -21.8552
v 33.37162 -21.58891 18.45861
v 21.79534 -48.96421 29.58344
v 0.9553722 83.53977 -21.36385
v 17.85981 49.26807 31.38158
v 54.53587 83.54592 -21.13865
v -1.959031 83.63404 -21.40965
v 7.074207 83.46434 -21.86175
v 51.51941 83.66205 -21.75212
v 22.21381 -27.25067 27.64214
v -5.751515 84.81133 -22.74844
v 15.04596 84.50387 -21.23451
v 8.435424 -0.7985389 11.42308
v 30.24133 -34.7124 24.21009
v 13.94245 -39.78095 21.20712
v 20.42462 90.93645 -21.91719
v -8.516382 1.889094 13.2389
v 16.06304 94.23453 -22.15814
v -48.21713 50.10443 -20.96078
v -51.21159 50.17103 -20.99577
v -39.41588 2.93174 12.2922
v -45.92658 50.80153 -21.99186
v -45.1115 51.101 -21.70691
v 25.03804 -28.18462 28.0185
v -55.33994 52.28998 -22.05962
v -43.0393 51.43796 -21.16555
v 33.12098 -49.82266 8.635339
v 46.46802 54.29744 -22.04208
v 47.73746 53.85922 -21.69123
v 37.61716 -49.01606 8.017441
v 39.33381 -49.85124 8.195143
v 1.038569 53.93707 -22.42784
v 13.40424 -53.24791 26.47902
v 43.67023 55.01652 -21.15706
v 45.2223 55.0103 -21.97127
v 53.96179 55.1576 -21.28077
v 32.31815 -48.59945 8.380405
v -4.833102 56.66718 -21.11314
v 35.34168 -50.29432 8.060534
v -61.51655 57.27861 -21.7304
v 6.126795 58.53059 -21.65279
v -22.28927 55.44116 30.71209
v 18.41689 55.48529 30.8049
v -38.55438 59.57384 -21.72817
v 33.01179 7.128689 12.49905
v 47.74221 59.96786 -22.15705
v -7.838788 61.86697 -21.7868
v 60.8989 62.60509 -20.82635
v -21.15439 56.58976 31.87921
v 47.33462 63.39383 -21.39892
v 61.74839 64.39217 -20.42449
v -37.43226 8.015752 13.78435
v -12.69997 65.48542 -20.85756
v -7.436456 58.721 38.18734
v 12.70876 66.67334 -20.44335
v 31.90527 8.594406 14.62955
v -36.34937 9.74755 11.90842
v -41.56288 69.15926 -20.73198
v 31.17804 9.91628 12.65418
v 12.62066 70.23332 -21.96631
v 47.37875 69.16096 -21.41907
v -42.93824 70.8721 -21.3425
v 9.76458 68.62791 34.95452
v -34.44835 13.45152 12.57868
v -44.02638 71.34864 -20.90591
v 60.08124 72.51447 -21.39979
v -25.18266 -32.55965 20.61483
v 25.05546 68.1362 18.76747
v 48.49663 75.5578 -20.91527
v 59.12787 76.19988 -21.37679
v 19.53501 59.99226 30.81381
v 48.84219 77.99002 -22.29582
v -11.98826 78.28367 -22.39175
v -12.26917 79.00108 -21.18864
v 57.26021 80.55515 -20.84214
v -15.19316 81.15464 -21.25184
v -31.9708 15.97677 12.95583
v 19.52933 62.74367 30.46955
v -16.38168 82.74222 -21.90977
v 4.628482 82.32997 -21.57908
v -16.49424 83.17901 -21.51937
v 24.59476 16.37208 13.93338
v 23.1006 -27.0877 27.5959
v -27.72242 17.35191 12.49646
v 32.41104 -29.23538 21.01385
v -38.60406 -29.90093 20.59701
v -16.42976 85.7736 -21.50906
v 19.98231 -47.18262 6.854292
v 23.48836 17.48147 13.51577
v -25.17216 -28.26815 20.82331
v 17.31179 88.56188 -22.1954
v 18.52256 62.32839 30.9675
v -38.76249 -28.07006 20.8591
v -8.328349 89.71645 -21.43878
v 18.75179 -53.00312 27.35464
v 18.44835 63.78003 30.82881
v -20.54915 64.96328 31.25497
v 18.21814 95.15424 -22.75903
v -52.90344 50.96032 -21.35606
v 46.42172 52.60496 -20.45563
v 49.10017 52.96158 -21.29955
v 31.53514 -6.775473 15.99822
v -57.69151 54.47964 -20.80876
v -38.55913 -25.88178 20.53622
v 23.85815 -34.97844 11.0399
v 1.449094 54.5992 -20.60642
v 18.49755 25.19318 12.53971
v 8.179181 59.535 38.2943
v -38.1736 -24.45091 21.35958
v -9.930798 59.20473 37.70664
v -45.99764 -44.67741 8.27687
v 18.14196 66.02593 30.37483
v -6.057336 58.32319 -21.08201
v 60.09885 60.26482 -21.32762
v 46.91499 61.22111 -21.8101
v -38.5902 61.6806 -20.97484
v 7.590805 62.62084 -20.47093
v 8.296658 63.44269 -20.71304
v 14.99993 -19.90248 18.2658
v -38.66126 63.25203 -21.00297
v 9.590541 65.32794 -20.07885
v -39.27864 66.89515 -20.99429
v -11.2049 64.9061 -21.10145
v -33.88788 60.06126 9.902037
v 10.77478 65.94584 -19.86904
v -62.09554 68.62898 -20.8016
v 28.01585 -8.988533 17.84294
v -12.59022 69.55397 35.0642
v -46.55566 72.04904 -21.08261
v 47.66556 71.75191 -21.20341
v -49.81209 73.08747 -21.23692
v -26.95272 -22.2395 20.77903
v -50.96008 73.37556 -21.19314
v -13.66986 74.23761 -21.36439
v 27.7433 -44.70013 8.181286
v -35.1512 -4.473699 17.82722
v 12.00915 76.91721 -21.58972
v -18.87782 69.22634 31.01448
v 12.82855 78.05523 -21.06653
v 11.36574 79.96571 -21.4435
v -31.50172 -43.9588 8.448674
v -24.58985 -52.22015 25.4907
v -17.67602 69.42766 31.19028
v 56.17055 81.81148 -21.19849
v -39.48725 -43.37066 8.031031
v 6.37904 82.39175 -21.74157
v -37.68513 -18.53566 20.58869
v -15.50984 83.61438 -20.73543
v -0.3127851 83.90074 -20.48811
v 53.28202 83.18382 -20.52921
v -4.364619 84.52402 -20.87129
v -1.318038 1.919237 28.08741
v 7.436879 85.44952 -19.85545
v -5.497192 85.41477 -20.71323
v 16.97769 83.79496 -20.57746
v 24.06462 42.43356 11.66224
v 18.54872 86.28447 -21.17853
v 2.509603 1.762028 36.97808
v -26.9898 -50.47098 26.15558
v -16.11027 88.01681 -20.64957
v -16.73081 -5.254634 18.00622
v 9.151354 87.99463 -19.19206
v -26.0673 -52.058 25.99195
v 19.84904 88.93854 -21.13071
v -28.57358 49.20816 12.60479
v 19.31353 91.32105 -21.40569
v -29.64446 -50.48061 25.7817
v 15.76786 71.86155 31.11125
v -16.05698 91.40742 -21.08052
v 18.46094 92.47502 -21.0861
v -13.57149 93.22905 -21.6978
v -49.57078 50.40549 -20.2253
v -45.84635 49.92764 -20.08379
v -44.46059 50.92967 -20.37077
v 31.46734 49.0891 12.75747
v -56.6362 52.86003 -21.25355
v 52.44046 53.8676 -20.90405
v -5.465018 -4.807482 48.08664
v -13.66399 74.74474 31.00256
v 34.55395 51.45747 12.77971
v -30.1204 51.83265 12.1615
v 44.85067 55.85282 -21.2344
v 17.19623 -18.78025 20.74039
v 0.3651984 2.420935 27.96108
v -62.04935 57.41527 -20.60522
v 17.80998 -40.21986 28.79432
v -29.06592 -40.49896 8.18268
v 13.73776 75.66068 30.49852
v 46.8285 58.39616 -21.13349
v 58.95402 58.79938 -20.03016
v -32.92594 -18.16455 21.07055
v 6.420668 60.31118 -20.52874
v 24.77944 -51.07395 26.42262
v 46.57975 59.37905 -20.7023
v -38.11873 60.31971 -19.77496
v 45.97685 61.89011 -19.85864
v -9.451 64.16049 -21.68946
v 12.03362 76.01722 31.40201
v 12.46262 65.11545 -21.00871
v 46.89658 66.71582 -20.56918
v 12.83177 68.93517 -19.99202
v 8.87386 60.1472 38.04215
v 46.88836 69.35652 -20.52296
v 12.65711 71.5065 -19.50528
v -44.93256 71.27815 -20.15382
v 12.17854 72.90523 -20.06733
v -58.20423 72.72733 -21.2737
v -56.18495 71.99391 -20.80359
v 34.90464 58.98167 12.31887
v 59.14624 71.6966 -20.06129
v 20.83206 -26.11013 26.98265
v -52.16971 72.93548 -20.18938
v -27.5335 -16.80781 18.71135
v 58.88875 73.52383 -20.10869
v -30.23246 60.02061 12.36793
v 33.60853 60.44972 12.16231
v 47.58136 73.86241 -20.78258
v 58.72455 75.19871 -20.11049
v 58.58426 77.7098 -20.76678
v -11.84873 78.20815 -20.54613
v 7.401125 19.05535 29.39253
v 20.13182 -33.83852 9.772842
v -36.7448 -39.24996 8.471178
v -14.95471 -5.227847 15.71416
v 14.74713 81.87824 -20.80039
v -14.18736 81.29232 -20.69773
v 51.13983 81.87357 -20.48526
v 22.56568 -7.006542 21.22717
v 16.53926 82.06174 -20.1743
v 6.633651 83.4715 -20.06963
v 1.097666 83.73228 -20.2873
v 2.486701 83.22437 -20.88166
v -3.991564 88.96118 18.03653
v -10.26171 69.28358 34.94459
v 17.81211 84.07232 -20.24177
v -10.83142 79.36932 30.40237
v 18.66088 86.21899 -20.53991
v 19.83368 87.8633 -21.08926
v 27.85179 65.04339 11.72038
v 2.968604 4.00707 28.54641
v 18.71145 87.21182 -20.30998
v -7.176777 87.50375 -20.49543
v -25.45693 -5.553006 21.24207
v 26.5541 66.49825 12.37305
v 10.48955 90.08878 -20.32058
v 25.95221 69.63834 11.42219
v -10.37242 90.91293 -20.73052
v 3.53146 5.681042 27.41287
v 15.74657 92.3646 -20.35963
v -11.23307 70.21207 34.43736
v -54.11413 51.3063 -18.73177
v 47.80316 51.82493 -20.23757
v 0.4720224 -4.641385 48.22794
v 12.33397 -49.86827 25.58794
v -7.146842 81.31863 30.65354
v 44.54742 53.05247 -20.57418
v 24.55293 71.86445 11.79205
v 1.563465 54.63034 -19.83636
v 31.81689 -3.618282 16.73343
v 3.56527 56.43805 -20.23539
v 55.7288 55.68361 -19.8315
v -59.23063 56.46529 -20.13916
v -38.96338 56.6223 -19.37659
v -5.579018 56.69088 -19.14612
v 2.326928 -2.983063 39.31806
v 5.375569 58.39389 -20.41287
v 46.29239 57.6539 -20.38758
v -38.26602 58.45846 -19.85166
v -39.87512 -31.73916 8.234767
v 46.0287 58.84767 -20.13011
v 24.46977 -4.686807 20.72019
v -23.24115 76.88698 12.67649
v -37.01536 -14.72442 17.49909
v -7.769036 59.47976 -19.78112
v 60.52052 60.68513 -19.31687
v 25.25177 -48.41398 26.18758
v 61.44748 62.71657 -19.74884
v 26.79729 -4.270109 21.0307
v -63.34137 62.77988 -20.73476
v 19.67265 78.35174 13.18182
v 13.43864 -3.509631 20.13405
v 46.47169 64.4369 -20.62781
v 22.99833 -32.98283 9.651373
v -12.92933 65.8648 -19.16223
v -14.53206 67.02992 -20.37835
v -40.4815 68.03175 -20.49844
v 28.09769 -32.39971 8.727755
v -42.92245 70.23292 -19.60976
v 30.63973 -27.56531 23.99681
v 31.32094 -2.06167 17.63157
v -54.0585 72.28541 -19.51442
v -47.64144 72.23058 -20.34988
v 28.94659 -16.07045 17.58396
v -0.5668658 80.86331 31.91409
v 18.5749 -31.11201 7.949982
v 11.73657 75.03209 -21.76001
v 48.61723 75.78929 -19.74664
v 20.66277 43.88244 25.67312
v 27.30929 -0.9869274 21.81608
v 12.99852 77.79072 -20.28483
v 14.63084 79.69155 -20.56605
v 28.01752 -31.12254 7.933603
v 50.38732 80.40052 -20.19687
v 9.855999 70.45463 35.37992
v 56.12677 80.74418 -19.77457
v 18.07013 -29.40399 7.65928
v 54.31679 81.50926 -19.57722
v 17.12905 82.93292 -19.7641
v 10.68909 85.75715 13.76071
v 19.27304 -52.44667 31.7939
v -12.86447 -2.643493 16.76051
v -1.823672 83.86846 -20.29986
v -25.69073 71.61944 19.46006
v 31.83583 1.415851 17.09269
v 35.34667 61.91479 9.536895
v -5.840854 9.84857 29.02577
v 28.42131 1.505788 21.12105
v 15.47871 -49.79744 31.85248
v -21.61323 -28.97557 8.024262
v -21.20289 -29.84281 9.032492
v 17.66991 90.41711 -19.98035
v -13.70433 85.86265 7.411189
v -11.49112 89.79319 -19.49014
v -14.07965 1.693167 22.4465
v -14.32562 91.61824 -20.43945
v 16.66422 91.17946 -19.7859
v -47.62259 49.5858 -19.14721
v -52.52026 50.66413 -19.34767
v -0.4982135 -0.949817 47.48926
v 29.36164 -30.00139 7.756911
v -40.87112 -29.1917 8.363424
v 16.7465 -28.80734 8.06593
v 50.65308 52.59381 -20.39953
v -55.75693 52.62812 -19.72073
v -42.52517 51.97974 -19.62621
v 44.62441 52.57028 -19.03569
v 52.15359 53.03415 -19.40827
v -56.35829 53.78277 -18.72449
v 30.3941 -28.58207 8.492814
v 53.70956 53.74643 -20.27187
v -1.698817 54.40631 -20.41406
v 42.13638 55.28228 -19.20141
v 55.23218 54.18888 -18.49507
v 42.3396 56.14507 -18.70678
v -1.138831 5.242728 36.3464
v -61.0638 56.84177 -20.16434
v 57.57163 57.02427 -20.1419
v -6.684517 12.20978 28.36179
v 45.45514 58.47841 -19.78048
v 10.90779 -2.799927 16.63886
v 45.75667 59.892 -19.37118
v 7.554497 61.12825 -19.2492
v -38.10574 62.65483 -20.28774
v 8.626547 63.83439 -20.09907
v -10.89126 11.22226 27.54577
v -20.94123 -26.99815 8.541296
v -8.769106 5.421104 21.45448
v 22.58186 -24.8441 26.8257
v 9.361486 64.24811 -18.20168
v -62.83309 65.99874 -20.0535
v -39.01643 64.91004 -19.70962
v 61.85838 65.72004 -19.27264
v -10.88933 65.80472 -18.98599
v -39.63853 67.00505 -20.15865
v 45.58407 67.21327 -19.09572
v 17.94426 -53.06049 12.69045
v 18.29273 -49.34743 31.78111
v -60.05195 69.9185 -18.88482
v -15.36683 69.49363 -19.95401
v 1.182139 60.95587 39.41578
v 46.67513 71.35779 -19.65097
v 60.0452 70.04295 -20.31731
v -7.310887 11.11184 27.30312
v 27.9057 -34.43418 10.64837
v -46.415 71.97004 -19.24803
v -53.10916 71.59226 -18.42551
v -49.56392 72.14085 -19.40003
v 46.58032 73.55394 -20.17584
v 49.32476 77.89816 -20.11111
v -11.79325 77.82046 -19.09633
v -30.10206 62.92412 10.90497
v 57.48026 77.21623 -19.54997
v -30.521 -14.66757 17.80828
v 49.6231 79.1362 -20.04718
v -11.704 79.45013 -19.20551
v 2.445885 5.935934 20.91569
v -8.147841 5.451348 21.01733
v 16.02252 80.78419 -20.07329
v 16.35279 81.30091 -19.63484
v 53.23697 81.1337 -19.52763
v 13.85144 -45.10743 25.77021
v 4.777558 83.08833 -19.76705
v -4.511488 -0.6478214 31.86363
v -5.817383 -3.440652 43.4605
v -5.884728 1.413892 31.55722
v 20.17524 63.24304 29.85966
v -7.042029 6.379238 20.68313
v 17.32366 84.71898 -19.59126
v 14.48101 -44.98589 26.87591
v -5.855588 86.00684 -18.44504
v -5.133198 -1.046254 47.20006
v 12.33372 91.28531 -20.2013
v 13.1783 91.19684 -19.7683
v 14.43134 90.29559 -19.08055
v 15.5701 -43.67356 26.83464
v -48.70382 49.84413 -18.66108
v -10.25909 2.028091 18.72008
v -35.41553 -14.93517 18.78734
v 49.20244 50.85506 -18.61813
v -26.75627 -47.82996 12.153
v 43.62902 53.11566 -19.41665
v -2.18127 -3.214728 53.8545
v -46.1294 -48.54362 13.98355
v -39.76899 54.58205 -19.79064
v 4.120637 13.05217 28.04561
v 33.23488 -22.81906 18.93286
v -61.42394 57.41173 -18.204
v 5.106859 57.02548 -18.63816
v -45.57086 -46.68375 13.22119
v -39.69387 -23.21121 19.62777
v 2.545341 -2.192574 39.43255
v 6.160717 59.41685 -19.54069
v -42.50465 -21.60573 7.635653
v 59.12579 58.11862 -17.70785
v 16.07709 -21.71839 8.308823
v 8.790425 62.24977 -17.69627
v -26.25966 -45.19869 11.87697
v 45.53307 65.15952 -19.02059
v -13.8203 66.03048 -18.30719
v 15.27371 -41.24483 26.53995
v -14.51983 66.52873 -19.29305
v 25.403 -42.53666 26.97221
v 12.63897 66.45883 -19.64787
v 61.06948 67.92548 -19.96046
v -29.20834 14.66163 20.88272
v -27.68251 15.09728 20.68217
v -15.27535 68.65715 -18.9669
v 60.92766 69.6029 -19.10542
v 45.63885 70.67503 -18.8382
v -44.54189 70.43285 -18.52933
v -59.29667 71.30104 -19.23416
v -55.8293 71.11578 -19.08339
v -14.9865 70.97365 -20.00862
v -15.03955 72.37371 -19.44237
v -3.57252 9.529608 31.79012
v -42.39587 -42.92638 12.59322
v 58.72554 71.70766 -18.77449
v 57.3153 73.5319 -17.82377
v 12.18541 74.97395 -20.30726
v -14.29172 74.86719 -18.71724
v 18.8667 20.38903 20.55808
v 47.93175 74.90122 -19.71586
v 14.21636 79.53568 -18.63464
v 56.55108 78.24657 -18.73923
v 21.89263 -42.30742 13.50109
v -21.61367 -19.77985 8.815429
v -22.43327 19.78187 21.34477
v -10.77721 44.06239 35.81431
v -4.739989 85.27967 -19.47417
v 29.8266 -23.71725 25.05454
v -0.7931556 12.37763 30.68636
v -14.58855 86.99114 -19.33639
v 17.49299 20.30151 22.19971
v 3.207904 0.8276445 35.44123
v -9.575187 89.04669 -19.31865
v 16.46607 90.33594 -19.41961
v 9.738453 -0.8198115 16.86571
v 24.19913 -38.95744 13.14809
v 25.17873 -39.31072 13.32224
v -50.95452 50.21923 -18.96977
v 7.915778 72.05727 35.65604
v -20.19666 25.60898 20.63926
v -42.90934 -17.2065 8.253596
v -40.59376 53.08553 -18.35349
v 24.73499 -37.50051 12.47605
v -0.3188583 54.18173 -19.05131
v 42.40659 54.29721 -19.39788
v 2.375238 55.14833 -18.84651
v 3.722218 55.98765 -18.95098
v -59.01493 56.15734 -19.41158
v 57.08358 56.18212 -18.26727
v 27.94118 -39.15637 26.12532
v 58.46495 57.20577 -18.83328
v -61.95905 58.35368 -19.33238
v 44.68557 59.0767 -18.35891
v 22.6194 -37.60903 13.06175
v 6.283783 59.29564 -18.77096
v -8.650997 60.42793 -18.81536
v 44.60514 61.16342 -18.66833
v 17.74525 30.94747 20.59209
v -9.252298 62.25337 -19.05157
v -37.69995 61.71582 -18.60316
v 17.08735 -36.65461 12.69795
v 45.21576 62.96098 -19.10113
v 17.31218 33.22159 21.79492
v -42.10888 -14.3612 8.38612
v 44.64573 65.37567 -18.19092
v -19.79654 32.50281 20.92758
v 17.64742 -11.9146 17.69955
v 27.4287 -13.42792 18.39254
v -6.735261 -9.703618 55.9805
v -39.77287 65.89764 -18.63652
v 61.36703 68.1827 -18.5828
v -15.19772 70.11794 -18.11065
v 15.94331 -10.62719 17.1655
v -51.56 71.93469 -18.74625
v -49.29454 72.06401 -17.80413
v -48.04011 71.81596 -18.45257
v 45.12983 72.50572 -19.18437
v 18.51636 -11.06562 18.58191
v 57.63723 74.25688 -18.29025
v 46.1707 74.82766 -19.19069
v 58.02459 75.68135 -19.19753
v 49.15775 76.17382 -19.21115
v 12.03215 76.57189 -20.35941
v -4.173129 21.11863 31.16952
v 52.05119 78.96972 -18.83909
v 55.23274 78.90236 -18.44508
v 28.4413 -35.00773 12.15029
v -10.52454 13.87539 27.7717
v -12.19376 80.79997 -18.85977
v -0.5908229 22.3115 31.60245
v 54.67761 80.31534 -18.3517
v -13.90526 82.83682 -19.07674
v 6.446511 83.95413 -17.17354
v 2.332192 83.39362 -19.59306
v 15.82982 83.44227 -18.60177
v 16.8766 86.45473 -19.0872
v 20.08718 -23.19614 25.6382
v -24.89827 42.05103 21.0931
v -25.31155 42.72363 20.93296
v 21.84481 42.24204 21.19387
v 13.95837 -33.57135 14.39845
v -13.56269 89.53367 -19.24321
v 8.651068 -0.150147 16.41843
v 10.83732 88.56753 -18.42639
v 1.828858 -3.436723 42.01788
v -50.68407 49.88776 -18.03572
v -45.85629 50.30123 -18.25478
v 22.95188 44.64834 21.84936
v 46.23763 51.34709 -18.63156
v 13.55155 -31.07383 12.89981
v 17.28485 38.81192 26.93199
v 52.45297 51.80786 -18.00689
v 2.739303 -0.9183272 38.24024
v -26.89407 48.09556 20.68048
v 24.07618 50.70586 22.1778
v 29.28866 -8.871187 17.15456
v -39.40129 54.19267 -18.68784
v 31.34181 -30.70489 13.0593
v 41.19528 55.2498 -18.56251
v 4.075606 22.54199 31.5518
v -3.098181 54.99102 -18.95925
v 3.664215 55.97989 -18.46859
v -6.257051 23.1191 31.64786
v 44.93745 57.04493 -18.74563
v 5.860396 57.97459 -18.69136
v 17.69376 -43.88799 29.03582
v -61.84052 60.15029 -18.37816
v -10.46005 1.389164 17.77172
v -9.177649 61.6972 -17.69699
v -38.19829 64.04778 -18.29669
v 61.81957 63.96339 -18.42412
v -20.88821 -26.73618 11.86506
v -10.19543 64.94211 -19.98475
v -24.15912 -22.65818 19.12748
v -41.28165 -27.14874 13.09877
v -11.68463 66.27926 -16.96608
v 24.79747 57.08975 21.27582
v -40.58307 68.69431 -19.02083
v 43.64326 66.95746 -16.41315
v 61.71498 67.07779 -18.46215
v -15.89598 68.88741 -17.74651
v -21.20088 -25.27286 12.87185
v 13.33389 68.89931 -17.71934
v -42.76757 69.86932 -17.8038
v -58.8175 69.61487 -17.41862
v 15.23948 -34.49558 26.09309
v -58.23871 71.54978 -19.20259
v -28.92894 57.36769 21.81793
v -13.20765 14.46026 27.94117
v 13.21073 72.50553 -17.18487
v 43.63835 72.8499 -18.00645
v 47.82904 76.06953 -17.4272
v 32.58534 -23.11373 13.03365
v 11.82291 75.91646 -18.55581
v 56.85511 76.83239 -18.65374
v 12.74089 -23.34459 12.24665
v -11.92956 78.4938 -18.22264
v 11.88866 78.15491 -17.35127
v 53.79035 78.95711 -18.13076
v 15.0954 80.94152 -18.52919
v 4.347781 83.70012 -16.7895
v -3.369916 -4.926379 36.74849
v -1.78329 84.68995 -19.12056
v 0.4799416 84.71341 -18.7767
v 7.683438 85.7 -18.65427
v 8.286868 85.58158 -17.01497
v 15.52957 87.77488 -18.48905
v -8.71479 87.95457 -18.3609
v -17.65514 -5.434054 9.666855
v 13.64975 87.68845 -17.8669
v -9.308876 87.46563 -17.51252
v -26.1753 67.25166 21.28082
v 12.85524 88.74422 -18.2683
v -0.2538418 24.13816 31.26573
v 14.49609 -19.78034 12.36854
v -25.60808 69.89402 21.79972
v 24.19266 69.15437 21.0246
v -6.891649 25.37293 31.58435
v -53.16433 51.29293 -17.26191
v -52.31443 51.0541 -18.04493
v -41.89181 -18.65765 13.64955
v 44.01144 51.29335 -17.80135
v 42.67156 52.20355 -18.21775
v -55.37305 52.28978 -17.90062
v 32.62485 -18.20506 13.45964
v -42.23398 51.52493 -18.38101
v 10.5571 72.23353 34.56199
v 54.63521 53.54856 -16.94353
v -58.00888 55.13204 -18.13629
v -41.51858 -16.3088 12.42319
v 39.96844 55.5202 -17.56712
v -5.901825 44.13296 36.13505
v 3.656061 56.82602 -17.08389
v -14.46858 -0.2745642 6.420279
v 40.63669 56.72203 -18.13164
v -25.06551 -15.66312 13.2322
v -40.92536 -1.320598 8.710763
v -37.95946 57.55161 -17.91912
v -30.81089 -8.870183 17.93981
v 31.86034 -14.57788 13.06545
v -38.22888 60.37675 -18.37489
v 61.63059 62.44181 -17.96945
v 27.9075 -20.61896 24.75434
v 26.45099 -25.62799 27.29136
v 44.50365 63.26736 -17.84921
v 8.346282 0.1395559 8.968638
v -24.69834 -13.0598 12.56018
v -15.09681 66.73282 -18.36099
v 34.58416 -0.1314788 8.168337
v 10.94556 66.76336 -17.57503
v 27.75696 -22.15367 25.55583
v -39.66959 -12.86211 11.76728
v 44.00434 68.75349 -16.85726
v -2.186439 -9.338965 55.63558
v -24.28303 -12.83551 12.83926
v -44.25821 70.25162 -17.15283
v 59.92931 70.89381 -17.96886
v -54.46207 70.70096 -17.98226
v 32.30301 3.090935 16.08936
v -46.51357 71.00707 -17.50468
v -15.41147 71.60176 -17.39391
v 42.94326 70.68809 -17.57883
v -26.73477 -9.013282 18.07836
v 44.75447 74.24673 -17.92163
v 8.763913 27.47189 31.14188
v 48.56132 75.61707 -18.65758
v -12.67817 77.04534 -18.16527
v 11.75034 77.50712 -17.09268
v 50.46503 77.71833 -18.44785
v 51.84468 76.39174 -17.55683
v -9.007206 26.8426 31.59648
v -11.38258 79.30369 -17.09437
v -20.98638 -10.0967 12.6619
v -1.623458 84.75954 -17.67562
v 14.16544 85.4193 -17.69029
v 10.28704 84.82995 21.49856
v -50.00869 49.81704 -16.82016
v 43.64124 50.95749 -16.58296
v 50.80963 51.26888 -17.76721
v -42.3103 52.1989 -16.50525
v -40.4213 53.46064 -17.00945
v 23.05952 -19.96577 24.85411
v 31.07456 3.13825 17.75827
v 41.23022 53.63953 -17.96393
v -1.616501 54.38254 -17.96931
v -36.24895 3.092641 18.55557
v -59.69745 55.71789 -16.82908
v -39.44577 54.3945 -17.22624
v 2.60883 55.9677 -17.49443
v -3.686668 55.83412 -17.32085
v 5.225715 86.96827 19.97839
v 11.83486 -6.855056 13.65403
v -38.39861 56.28155 -16.53762
v 6.427212 86.98912 20.59613
v 16.41113 -29.07439 26.22364
v -6.026311 57.56328 -17.94157
v -61.70202 58.60558 -17.80147
v 1.400448 4.605921 8.803643
v 5.247671 58.19792 -17.04398
v 6.029884 59.60612 -17.17422
v -8.219623 60.04406 -17.73274
v -39.57592 -21.49497 19.6202
v -15.0257 -5.583477 11.89093
v 60.85109 60.80263 -16.87847
v -10.10938 63.59312 -18.44828
v -38.82614 64.70081 -17.58688
v -38.93798 65.65536 -17.32792
v -10.83432 65.75229 -17.33325
v 10.07399 65.80087 -18.49122
v -37.02169 2.294992 16.76955
v -61.94521 66.96323 -18.57942
v 12.34961 67.63951 -17.53456
v -32.18748 -8.334328 17.83083
v 28.62603 -29.62879 26.20539
v 61.33417 68.72425 -16.769
v 60.61889 69.68715 -16.6078
v 0.6610563 87.89575 20.71449
v -43.32375 69.22631 -16.11725
v 27.11256 -53.53842 21.48993
v -14.43189 73.60495 -18.53761
v 33.3853 5.039418 8.977967
v -39.51603 -3.031232 13.36572
v -10.41739 16.87289 28.52491
v 53.1778 76.83274 -17.09507
v -11.35015 80.34459 -17.77636
v 8.256796 0.2825706 13.74608
v -6.369254 -9.11046 56.78844
v 22.66352 -53.01135 21.6194
v -10.43851 83.84668 -16.28603
v 17.89273 -27.43569 26.63874
v 29.6747 -53.1169 21.04162
v -39.03661 -0.2764402 12.90321
v -10.47003 0.7954681 12.70599
v 11.18397 84.18151 -16.28806
v -6.490052 85.94829 -16.76901
v -21.01387 -7.642895 18.45982
v 9.018258 86.38109 -17.31012
v 45.65676 50.22295 -17.41095
v -9.784591 34.44053 32.48434
v 29.63445 65.42919 9.522096
v -44.49457 50.14915 -17.35247
v 33.10874 6.266443 7.658812
v 28.687 -52.01941 21.65713
v 33.52772 3.636035 13.18488
v 53.63386 53.15168 -18.12447
v 11.59957 34.28507 30.38645
v -55.7393 53.40354 -17.00825
v -57.09681 54.68399 -17.09731
v 1.166522 54.71149 -17.74417
v -11.15336 18.15431 28.31185
v -4.766847 56.29067 -17.69931
v -36.89 9.221164 8.827825
v 7.763731 88.40708 7.032309
v -6.921274 56.80959 -16.63008
v -37.7562 59.1365 -16.5198
v -7.04536 58.95466 -18.08405
v -35.84424 10.31585 8.67624
v 43.44853 57.77429 -17.30389
v -11.79149 35.33807 31.62602
v -36.20275 -50.1345 22.15229
v -37.571 -48.43327 20.67291
v -37.54302 60.49791 -16.67019
v 62.69524 62.80998 -15.95612
v -61.76962 63.42218 -17.60908
v -61.25574 64.23733 -15.83663
v -22.90176 -49.5339 21.12926
v 9.963406 64.75408 -16.26534
v 43.77983 64.98201 -16.88863
v -61.71768 65.21124 -17.31627
v 5.388994 3.096496 17.93183
v -12.69166 66.09875 -17.47739
v -3.759659 6.17234 12.38124
v 5.934595 37.21372 31.27199
v -40.09685 66.76686 -17.50266
v -35.88286 -48.14136 22.28279
v -16.34827 66.71032 -16.55632
v -15.96486 69.82287 -16.91042
v -55.52358 70.05044 -17.11152
v -47.59225 70.80541 -16.91695
v -50.95398 71.85085 -17.5039
v -36.16865 5.206182 18.05198
v 13.26882 71.12505 -17.39798
v 42.9899 72.30868 -17.32705
v -14.48125 72.81615 -17.15644
v 57.11313 73.48409 -16.9889
v 12.69019 74.62645 -16.94871
v -13.42051 75.50471 -17.35876
v 55.02002 75.68531 -17.17558
v 12.09314 76.06982 -16.08401
v 49.62469 75.80888 -17.8576
v 10.07843 19.46156 28.0219
v -12.6948 19.17732 27.98699
v 50.37548 76.20212 -17.86822
v 54.79526 77.29736 -17.47669
v 9.077388 38.31378 31.04759
v -30.11101 15.14677 7.282443
v -13.01363 77.59637 -17.26444
v -10.753 81.75993 -16.61528
v 12.90428 80.90772 -16.69283
v -12.20883 83.09894 -17.55115
v 2.188076 84.06316 -17.20336
v 28.46146 -25.91365 26.37224
v -11.95326 85.43303 -17.457
v -37.68234 4.180639 15.98029
v -2.461187 -5.91398 44.02188
v 11.07598 86.87605 -17.18294
v 25.32754 16.69734 8.965159
v -27.66063 18.01605 13.79684
v 19.52593 -25.51509 26.46719
v 41.27332 52.50152 -16.48311
v -1.233944 54.16127 -17.44449
v -13.38423 39.74775 30.27753
v -58.22096 54.99067 -16.26626
v 56.70814 54.66388 -17.3193
v 29.35614 -24.97032 25.42689
v 21.51593 20.37048 13.30397
v 39.33691 56.85391 -17.09578
v -5.844211 -9.513568 53.8457
v -60.9919 57.02637 -15.97358
v -37.83659 57.52751 -16.28383
v 4.960233 75.19646 35.29527
v -8.683716 58.59371 -16.3879
v 22.26549 18.32916 8.475142
v -23.38927 22.73153 13.93744
v 39.66898 58.5571 -16.29332
v -60.59515 59.96482 -15.90239
v -20.85042 2.367232 25.3178
v 43.56369 60.88941 -16.75637
v -38.55901 62.57058 -16.46929
v -9.933452 62.94717 -16.96309
v 18.711 25.49108 13.55328
v -21.08881 26.78588 12.53345
v 10.26775 66.9556 -16.30188
v -37.59105 -35.33163 20.99354
v 19.1564 28.80647 12.64112
v -8.768081 1.983267 16.72077
v 19.15355 30.68485 13.16186
v -41.72764 68.82724 -16.94028
v 13.86719 68.89094 -16.41461
v -17.81721 -5.063251 18.91362
v -46.02547 70.72061 -16.1517
v -22.04133 23.05677 9.343902
v 18.25513 34.13353 12.47171
v -20.42578 35.70839 14.65387
v -15.5187 72.56777 -15.87149
v 59.3072 72.33938 -16.88363
v -7.402125 5.125492 19.48505
v 18.46631 35.28747 13.59076
v 47.1576 75.61632 -16.6577
v 48.90495 76.06541 -16.53296
v 13.43036 -34.33273 21.45357
v -7.322906 74.53427 35.19201
v 53.17644 76.19118 -16.6405
v -12.42554 78.39068 -16.39989
v -21.88614 37.50772 13.06817
v 12.63626 79.53131 -16.87158
v -22.29835 -32.44556 9.84681
v 31.88399 -33.74436 21.36612
v -3.644292 85.33937 -17.68148
v -4.647038 85.54747 -17.18747
v -38.16007 -32.39024 20.98997
v -46.25775 50.28038 -15.72109
v 45.14548 49.95162 -15.88738
v -23.64803 40.64596 15.33937
v -51.52384 50.62958 -16.36624
v -18.49064 45.84802 30.92688
v 48.12276 50.48181 -17.26739
v -52.52663 51.00658 -15.62294
v -43.6377 51.45731 -16.26197
v 42.0303 51.06539 -15.55339
v -38.52679 -31.12165 20.85943
v -54.25433 52.35727 -16.18723
v 22.73112 -22.29208 25.99445
v -39.22909 54.05386 -16.33735
v -3.205852 54.1668 -15.73802
v -5.852309 55.80126 -16.08435
v -27.80107 47.31557 12.0367
v 24.92388 46.0108 13.46921
v 58.03857 57.11845 -16.89817
v -11.21638 47.28704 36.57274
v 26.24341 47.24372 12.99156
v -3.287588 47.17022 37.37235
v 42.76338 58.4307 -16.52557
v 26.9277 -22.87472 26.33547
v 59.44313 58.24774 -14.99376
v -10.88112 61.47866 -15.7133
v -26.22436 -27.40787 21.20189
v 42.7327 60.37368 -16.30358
v 7.681561 61.28964 -16.57287
v 8.182355 62.34443 -15.925
v 8.936545 63.65197 -15.94178
v 43.20689 63.72087 -16.70256
v -60.19943 67.06501 -16.13325
v -15.81004 66.19378 -16.88429
v -14.16923 65.91221 -16.84641
v -59.82454 68.71762 -16.98956
v 13.42369 -27.50674 21.76106
v -56.89 69.54978 -16.88666
v 32.97018 51.90607 13.78888
v -29.47646 50.3991 12.32676
v 41.82456 69.41693 -16.40544
v -52.91357 70.77115 -16.41946
v 41.61046 70.62044 -16.10579
v -50.46715 70.61009 -15.64541
v -48.76926 71.04476 -16.269
v -37.40031 -26.32379 21.66662
v -16.09509 71.58026 -16.41429
v 42.39178 71.69872 -15.80579
v -15.21087 73.95397 -16.2177
v -20.25424 50.85274 32.17544
v -13.9279 75.79925 -16.34268
v 46.31014 75.40288 -15.98455
v 54.34372 75.62218 -16.52309
v 52.04213 75.96529 -16.79621
v 11.285 77.97951 -15.41038
v -27.52662 -24.9706 21.37936
v 18.09143 34.43356 8.437087
v -10.44711 81.1242 -15.59879
v 14.39815 -24.51363 21.71977
v 6.544205 48.64596 37.12314
v -22.52709 -8.21767 18.00646
v -10.98955 87.24821 -17.66002
v -3.213278 86.39387 -14.51835
v -1.800031 85.68669 -16.38345
v 47.50358 49.73619 -16.29876
v -49.75877 50.36395 -15.66483
v -48.07934 50.26337 -16.83473
v -46.35554 49.97062 -16.40722
v 35.13904 57.03496 12.86104
v 50.53322 50.64216 -15.85624
v 40.89977 51.86401 -15.80619
v 53.7832 52.28708 -16.27856
v 0.9924509 53.60913 -15.04935
v -56.66881 54.63765 -15.42267
v 56.02503 54.14951 -15.38902
v 18.42765 56.70261 31.25312
v 31.86248 59.8342 13.2135
v 32.89713 58.94291 13.56321
v 57.54826 55.75166 -15.53972
v -34.99606 -2.914105 17.99045
v 30.51734 61.88864 12.66392
v 19.65018 57.37365 30.87068
v -60.46421 57.16776 -14.90276
v 7.050867 58.52449 -15.35694
v -29.10186 -20.47272 21.2496
v -37.1067 58.41819 -15.64337
v 31.99097 -22.59772 22.4101
v 11.35491 24.08052 28.70405
v 39.45064 59.56525 -15.77736
v 42.05147 60.48553 -15.18691
v 0.8390635 48.19916 35.7102
v 24.74482 -22.55018 26.38875
v 42.84706 61.59928 -15.88931
v 8.873036 63.04741 -15.63562
v -10.83812 63.98232 -15.76582
v 61.88786 66.35964 -16.63188
v -39.63312 66.28306 -16.10181
v 42.76386 65.80054 -15.21506
v -31.06054 -20.62221 21.64497
v -12.61886 66.50744 -15.9823
v 30.22986 5.651809 18.60811
v -41.75299 67.77862 -15.65096
v 11.85339 67.76552 -16.18029
v 17.3905 -20.02112 22.14725
v -28.89336 69.56639 12.47136
v 29.97519 -3.796364 18.79536
v -22.7785 62.69024 30.02231
v -26.60245 73.29403 12.77761
v 25.25493 70.55158 12.52778
v -44.21575 69.5001 -15.21461
v -31.90265 -18.46579 20.86348
v -46.68695 69.9449 -14.40469
v -48.14397 70.37648 -14.08633
v 58.37331 73.18615 -15.89785
v 43.85577 73.34841 -16.46676
v 18.57651 3.320282 25.21866
v 11.50341 -3.015889 17.44754
v 55.45207 74.81921 -16.72001
v -14.24311 75.80855 -14.70884
v 51.75191 75.91489 -14.87116
v 50.36621 76.5508 -15.59132
v 1.533841 66.52911 38.4949
v 11.39343 78.94898 -16.05848
v -10.91674 79.69602 -16.43653
v 30.92187 -19.92956 21.69057
v 9.116648 84.82581 -15.91899
v -5.197196 -12.55116 56.71272
v -8.761921 84.98656 -15.34528
v 15.50095 -45.19345 28.92684
v 1.144767 85.24101 -15.87643
v -7.616528 85.5278 -15.59036
v -48.71005 50.08102 -15.2353
v -20.85508 79.26907 12.5203
v 50.51977 49.80593 -14.72322
v 9.814269 54.30167 36.94026
v -44.97959 51.12358 -15.47622
v 52.04316 51.28394 -14.16606
v 51.8235 50.86039 -16.27777
v -41.71724 51.47126 -15.33205
v -40.77384 52.43267 -15.92292
v -29.51545 47.15107 9.364053
v 29.02554 -18.57477 22.74881
v 39.45247 53.39742 -14.67092
v -54.52955 53.43786 -15.30922
v -1.478415 53.21379 -14.65328
v 39.32025 54.53404 -15.41635
v 16.51434 80.97509 12.54428
v 34.77967 47.42618 9.377218
v -4.515779 54.9924 -14.73372
v -36.05253 55.48279 -14.93449
v -59.75197 55.93432 -15.43663
v 3.679482 56.15557 -15.56731
v 38.77527 56.67592 -15.09775
v 25.25409 -16.93149 21.51439
v 5.092036 56.63445 -15.56122
v 16.76112 82.1251 13.9758
v -36.95457 6.37017 16.7098
v -9.747361 59.07995 -14.84276
v 38.69888 58.77641 -15.88284
v -37.56041 60.50895 -15.17883
v 41.94747 58.91014 -15.81507
v -4.574368 6.426421 16.7153
v -11.93848 60.84421 -14.31957
v 14.63622 83.93824 14.84238
v -35.01466 -1.241473 18.92453
v 20.53797 -5.58219 21.67524
v -16.26311 71.24416 31.95027
v 9.253009 50.05091 36.60327
v -60.51853 62.42184 -15.25756
v 42.67478 63.61577 -15.59171
v 62.76391 64.05522 -16.0932
v -39.01046 64.71704 -15.74802
v -21.51279 3.730198 25.29206
v -14.89666 65.4981 -15.408
v -11.46798 65.74746 -15.34459
v -17.60483 65.88213 -15.50499
v -13.91643 65.90569 -14.53044
v 10.13095 66.84438 -15.35008
v -14.69221 71.82247 32.04639
v 42.66765 67.22885 -15.33535
v -11.41062 87.4331 12.71529
v 10.87914 67.75157 -15.24174
v 13.92565 68.02726 -15.30245
v 7.603451 87.98758 14.29625
v -55.22295 68.67191 -15.46712
v 14.00782 70.30085 -15.46104
v 13.35495 72.75377 -15.89372
v -1.919345 -7.230655 55.71454
v 43.88077 72.74766 -15.18436
v 47.17755 75.07576 -14.55767
v -15.17443 74.7664 -14.22164
v 13.17107 75.07586 -15.16431
v 54.33985 75.84437 -14.81216
v 52.86205 76.05498 -14.24871
v -0.9584768 89.89797 14.85755
v -11.69558 78.69687 -15.14014
v 1.243499 89.51786 14.82517
v 22.69929 -5.528312 21.3597
v -15.15609 54.64078 36.53149
v 11.38377 80.76612 -15.71225
v -26.70772 -3.841878 21.7455
v 3.132027 84.61376 -15.55247
v 10.38274 -1.588145 17.88695
v -6.037285 67.22544 38.02338
v 11.1328 74.95613 31.82461
v 2.026444 84.69911 -15.80324
v 7.588712 83.97282 -15.03268
v -20.82171 -4.354715 21.54751
v -6.068113 85.51425 -14.9688
v 31.2709 -0.67721 18.28952
v -9.700188 44.48061 -15.18455
v -7.643891 42.84456 -14.78509
v -13.80068 44.05597 -14.78085
v -29.29261 -4.345663 21.24985
v -13.51447 48.05347 -15.30587
v -7.291321 45.36491 -14.94789
v -14.63467 28.56493 28.26591
v -25.77604 72.47485 10.23688
v -11.03959 48.2397 -15.21238
v -9.164097 47.74159 -15.09911
v -46.6657 -53.61791 13.03606
v -3.401985 66.61323 38.64006
v 43.0035 49.88795 -15.1916
v 4.639436 89.52056 6.31522
v -39.4569 50.30056 -15.12151
v 39.75607 53.40719 8.513618
v -46.20018 51.09046 -14.41289
v -14.93742 29.5971 28.04273
v 40.71825 51.46356 -15.12072
v -37.02399 51.49423 -13.75842
v 54.88664 52.68092 -15.50377
v -48.21963 -52.94741 12.8402
v -36.87659 52.96192 -14.56878
v 20.87507 66.91915 28.06629
v -29.39929 -2.545988 21.66721
v 8.799874 76.81869 31.89618
v 2.499544 54.31404 -14.89662
v 56.58592 54.9041 -14.38019
v -30.12463 -2.289291 21.26268
v -6.992138 56.38625 -14.9241
v -35.46804 56.71715 -14.73847
v -36.92801 -0.5117567 17.70418
v 9.911264 76.71489 32.05769
v 8.467209 60.12474 -14.95572
v 41.35755 60.73295 -14.63759
v 62.14999 61.82532 -16.19974
v 41.45358 56.66756 6.546434
v -38.12194 62.12125 -15.35789
v -60.16512 64.56579 -14.62962
v 13.02829 -2.210408 20.39921
v 9.933451 65.16015 -14.56094
v -31.00259 -0.08296424 22.33206
v -48.39303 -51.15798 13.01165
v -15.61568 -2.002662 20.9009
v -9.366445 79.44838 30.46396
v -58.83429 67.37271 -14.38282
v -16.8936 68.23047 -15.67234
v 40.44118 56.93627 7.902965
v 40.6482 67.10729 -14.64805
v 36.57671 -51.41287 12.95285
v 40.21516 68.76347 -14.65917
v -57.68232 69.10412 -15.49531
v 14.8579 68.60463 -15.37439
v -33.08797 0.5019572 21.23912
v -26.55027 -49.38693 13.18725
v 12.75717 0.3079944 21.60398
v -12.31325 52.32592 36.83353
v -37.96169 58.02416 8.77883
v 14.66029 71.82459 -13.99624
v -15.91538 73.37517 -14.19316
v -47.79152 -48.53608 13.56779
v -14.68778 31.5106 27.77441
v 56.42411 74.82075 -14.84744
v 49.51593 76.03357 -14.48761
v 11.38801 0.8992957 21.21138
v 10.83709 78.95039 -14.42218
v -11.63034 79.30693 -14.02961
v 35.50199 -47.62337 14.19511
v 17.6929 43.18699 27.44792
v 10.14627 82.41667 -15.1787
v 8.426016 82.82979 -14.06955
v -0.812154 69.3422 37.97198
v 34.13251 -45.94776 12.49538
v -1.823325 86.07969 -14.61942
v -9.197297 39.56508 -14.14767
v -12.66475 42.51334 -14.66451
v 24.12649 -25.35212 27.36683
v -24.71776 5.495641 25.84722
v 9.62229 0.3674597 18.1347
v -16.55659 47.32026 -14.56824
v -35.04543 61.20734 8.455829
v 10.12486 3.673496 21.7096
v -4.911018 45.45091 -14.32311
v -15.92052 48.63872 -14.8294
v -6.241719 47.71382 -14.4466
v -24.75609 -45.11849 14.77561
v -36.11206 9.041249 16.45507
v 44.40054 49.35895 -14.81314
v -14.64756 50.23246 -14.86047
v -12.35532 50.89786 -14.68985
v -9.983414 50.63004 -14.34295
v -26.40499 -44.3733 12.58136
v -33.01326 62.964 8.002075
v -49.06195 50.23769 -14.55325
v -15.26151 52.45929 -14.1
v 30.13457 -45.06287 12.84943
v 5.799684 4.892004 21.48288
v -25.65672 -41.91832 12.95489
v -51.78939 51.92173 -13.70801
v 53.35939 51.69421 -14.9415
v 55.88532 53.50413 -13.54394
v -2.989306 75.40522 35.66936
v -3.709909 53.47069 -14.23334
v 27.17399 4.963029 22.36368
v -34.49266 53.89224 -13.88641
v -58.36311 56.10609 -14.14168
v -5.803727 55.52416 -14.53294
v 38.88001 54.93805 -14.17637
v -21.6429 65.79397 29.68493
v 6.02153 56.9728 -13.92818
v 58.71991 56.82794 -14.30578
v -40.64316 -42.06358 13.06531
v -59.58401 58.50974 -13.80572
v -23.80111 6.817769 25.53731
v 38.43187 60.80393 -14.92774
v 41.59596 62.4992 -14.24434
v -3.33961 5.630587 22.95827
v 9.963993 61.83676 -13.87134
v -38.32344 63.15028 -14.77631
v -14.13531 64.51472 -13.29734
v 62.95744 63.20537 -13.29291
v 41.20221 64.09374 -13.74902
v -18.5489 65.32065 -14.99088
v -21.66424 6.496866 26.28873
v -12.27717 66.37671 -14.81137
v -6.006678 7.270703 21.21417
v 20.16056 -38.08664 13.11095
v -29.02544 67.00426 8.45231
v 21.32203 -38.63066 13.05959
v 62.17454 66.35986 -14.15653
v 22.88814 -38.74776 13.59403
v 18.89687 -51.29481 31.80601
v -56.4451 68.4098 -14.411
v -53.41799 68.88903 -14.08462
v -17.84897 69.14326 -13.81697
v 41.1343 68.58478 -15.37009
v 30.20263 10.93878 16.31501
v 41.21262 69.68327 -14.72553
v -52.28017 68.43734 -12.67497
v 26.58172 -38.29419 12.97962
v 15.48317 70.22496 -13.90417
v -17.16765 70.52476 -13.68376
v 60.48359 70.27909 -15.06628
v -50.08728 70.28509 -14.52437
v -32.24211 11.01702 21.66385
v -26.65782 3.760805 25.06409
v -17.04776 70.63043 -14.62669
v -29.76649 68.02048 7.381474
v 59.29609 72.04153 -14.5007
v -40.8034 -37.75529 13.32809
v 10.68936 80.23912 -14.90855
v -9.375788 83.2278 -14.92982
v 15.50711 -35.27888 13.07749
v 28.87891 -35.93155 13.04965
v 6.122403 83.64024 -14.85315
v 1.171732 85.45715 -13.82268
v -4.88859 85.86957 -13.34503
v -7.233573 40.38135 -14.15015
v -39.99315 -35.83005 14.12614
v -13.48968 40.16337 -13.64971
v 22.20298 11.50081 22.76268
v 3.892384 41.39353 -13.95288
v 6.562671 40.54333 -13.9636
v 11.92031 35.79571 28.22803
v 6.120529 43.07759 -14.50544
v 9.894306 42.8715 -14.15244
v -14.55291 36.64302 28.02758
v -4.477952 42.69226 -14.01581
v -29.27343 13.9701 21.94129
v -15.68434 43.48495 -14.08265
v 29.05007 12.20517 16.73034
v 5.269104 45.90305 -14.40638
v 9.419156 47.02379 -14.50795
v -27.24417 14.08426 22.31677
v -2.674684 -1.654697 31.10885
v -26.58399 14.82685 22.13541
v 29.30232 -53.52303 19.26994
v -6.946156 48.9479 -14.13082
v -40.61231 49.5037 -14.33392
v 46.85912 49.61498 -14.30951
v -43.10223 50.61921 -13.79332
v 30.60467 2.591973 18.74766
v 22.10339 74.18037 8.811296
v -24.35807 74.84078 9.155341
v 11.19161 53.41545 36.48185
v -22.9251 67.32894 27.85794
v -53.34552 52.01057 -14.65737
v -42.12392 -28.67261 14.2111
v 54.10752 51.85573 -14.02438
v -1.735038 52.19155 -13.60315
v -20.97633 -28.34 12.41737
v -6.138728 53.3413 -13.8139
v -21.39175 21.84519 20.60287
v 11.75394 -27.00607 13.57045
v 3.329473 3.542441 31.76517
v -7.506769 56.20731 -14.55535
v -18.55678 8.223209 26.15999
v -8.893119 57.60146 -14.49896
v 7.891235 58.53576 -13.52454
v 38.06541 60.93352 -13.53208
v -11.79829 59.94558 -13.34715
v 16.91692 25.50399 21.24756
v 38.09238 59.54848 -14.77239
v -59.46471 61.51088 -13.42034
v -36.04917 60.38211 -13.73911
v 39.22225 61.74466 -14.19744
v 40.71562 61.1685 -14.43478
v -41.71444 -24.73732 13.51255
v 39.77606 65.21718 -13.64674
v -37.22977 63.20026 -14.18486
v -12.86518 62.60145 -14.1765
v 24.99363 -25.49566 27.15721
v -18.86261 63.92744 -14.41557
v -20.49273 63.50523 -14.2534
v 4.082114 6.801442 25.92848
v -16.57689 64.76054 -14.60082
v 16.84512 27.72606 21.41596
v 13.63541 -21.72486 13.47026
v -19.52033 64.62789 -14.66277
v -38.99514 64.12204 -13.88559
v -15.07419 65.12488 -13.7077
v 16.13294 29.72992 22.00396
v 18.41424 79.41626 10.38156
v -14.76601 39.82535 29.56976
v -12.20926 65.73108 -14.38278
v -40.48201 66.14982 -14.50119
v -41.34498 67.28912 -14.66713
v 8.944508 14.91234 26.80826
v 10.03881 67.24943 -13.45697
v 15.70082 67.04251 -13.83102
v 0.833501 9.589405 31.74577
v 16.11822 67.58793 -14.09475
v 39.83133 67.92239 -14.27525
v -18.91899 67.40133 -14.09326
v 21.86422 47.17302 25.59609
v -43.44619 68.51897 -14.37631
v -22.18429 -19.54274 13.15764
v -6.127848 -4.164622 48.16871
v -16.97397 69.27689 -14.54401
v 15.56177 81.29823 8.880699
v -16.14683 72.15399 -14.24449
v -23.1213 -18.26654 14.96399
v 14.69629 -19.2983 14.17404
v 57.32503 73.93245 -15.60659
v 46.70804 74.76187 -13.5312
v 55.03585 74.7116 -13.40067
v 48.81457 75.21561 -12.3432
v 12.0757 76.23783 -14.04786
v 53.91744 75.33967 -13.104
v -13.116 77.48109 -14.71271
v 28.0073 12.98562 16.35785
v -20.92162 8.519626 25.72228
v 18.14435 38.23599 21.69002
v 9.811263 79.8604 -12.995
v 16.34764 -16.20261 13.51685
v -20.15457 38.84917 21.34012
v -8.903686 83.0643 -13.80778
v -7.660085 84.55982 -14.12526
v -0.803193 86.10166 -14.58577
v -40.73254 -15.65461 13.54814
v 10.46829 40.73587 -13.2937
v -8.29081 3.579412 18.11668
v 22.83469 40.81871 20.1709
v 16.71306 3.544866 25.10166
v 3.86186 44.27339 -14.26902
v 1.666465 45.15204 -13.57714
v 2.544544 46.72681 -13.57322
v -2.821836 47.1573 -13.01893
v 12.62754 45.43556 -13.59796
v 15.23218 82.02888 18.02649
v -19.41788 48.26679 -13.31819
v 31.61762 -53.77577 18.1248
v -2.871085 22.69432 31.73416
v 9.438174 86.79636 9.163327
v 8.932014 48.61058 -14.30973
v 45.94519 49.09798 -13.1082
v 47.29114 48.97878 -12.82909
v 48.88902 49.53603 -12.88315
v 49.10114 49.28543 -14.37655
v 42.72868 50.09605 -14.51526
v 10.44194 86.74861 8.881275
v -37.03636 50.23908 -13.45147
v 1.358227 22.3588 31.51289
v -13.55319 86.1696 8.699392
v -48.04024 51.07628 -13.77315
v 27.16684 13.11848 17.79392
v -16.36675 50.97637 -13.96522
v 2.380808 4.403117 17.86
v 41.35044 51.47677 -13.27423
v 1.649552 53.06047 -14.30319
v 2.305002 51.06642 -13.23559
v 30.47481 -10.23198 14.04508
v -34.70862 52.81329 -13.58952
v 14.13427 -10.66262 14.12383
v -11.01554 52.09242 -13.80269
v -22.74884 8.146792 26.02907
v 3.069903 52.8871 -13.86354
v 40.08273 53.18018 -13.07528
v -53.93009 53.22068 -14.00949
v 2.253164 23.09642 31.6028
v 3.944523 55.86832 -14.21841
v 5.037633 56.26256 -13.79397
v 12.3318 -8.288869 13.61827
v -6.274737 90.13956 9.435242
v 60.16801 58.08999 -13.33517
v -10.30197 59.19292 -14.0153
v -3.919527 25.02388 31.62558
v 8.947572 60.91299 -13.86215
v -35.71682 60.85841 -13.57798
v -4.350847 -3.3809 38.28121
v -21.27546 61.88302 -13.82034
v -35.69978 62.01015 -14.06058
v 25.42138 61.48905 21.3987
v 38.72641 64.05225 -13.57121
v 10.39048 63.4558 -13.75695
v -3.648067 -9.77986 53.87291
v 24.74449 63.22099 20.37702
v 23.91657 65.07964 21.4907
v 11.03321 -6.065766 13.70162
v -14.15615 65.18273 -13.49835
v 41.50551 65.42836 -14.14701
v -41.31516 65.96605 -13.70169
v 33.42588 -6.701161 13.41356
v -42.62496 67.80684 -13.40201
v 12.56976 67.75034 -14.19871
v 16.58677 67.9631 -13.55005
v 39.84702 67.89763 -13.40788
v -51.78528 69.80064 -14.5686
v -4.713465 -7.040149 57.07254
v -22.02934 42.19843 26.84922
v 42.89461 71.61205 -14.27687
v -16.18464 71.87309 -12.91832
v -13.5282 -4.392536 12.95995
v 44.72982 74.00619 -15.03062
v 13.43397 74.92351 -13.24485
v -20.87813 43.75748 27.53016
v 39.80575 -53.39017 8.531713
v -50.42322 -52.75917 9.233251
v -9.819109 81.0465 -14.05692
v 8.773109 81.67325 -13.09695
v -22.75695 74.38852 22.00763
v 9.770918 -2.593817 13.61648
v 7.429283 83.30973 -13.74056
v 5.863773 83.69717 -13.86156
v -6.152148 84.4723 -12.43228
v 2.20956 84.83878 -13.72054
v 3.489014 84.70268 -13.23043
v -11.48779 37.69226 -12.77444
v -9.493239 37.64832 -13.09744
v -7.373439 38.32376 -13.25673
v 2.82652 24.33975 31.56382
v 2.807137 40.06378 -13.17967
v 19.16137 78.05657 21.2018
v 1.815488 42.81224 -13.55956
v -17.58394 42.15596 -12.29273
v -3.436656 43.19569 -13.54287
v -19.04314 78.65809 22.42347
v 1.659011 46.70499 -13.14755
v 18.45889 -38.83321 29.62041
v 32.03068 -53.43486 8.391864
v 11.98666 48.23127 -13.70051
v -38.93987 1.316634 13.68202
v 35.19084 -52.43487 7.78175
v -42.45283 49.4434 -13.20235
v -16.05177 82.43506 20.92728
v 5.880599 48.94969 -13.80156
v 44.5102 49.41208 -13.37112
v 6.437763 2.188061 13.1548
v 50.46327 49.58124 -13.43488
v -44.21516 50.40221 -12.67805
v -19.69623 50.63383 -13.38989
v -5.937595 49.1751 -13.4616
v -14.44686 82.65704 21.30044
v -35.69565 50.2311 -12.89919
v -1.795394 25.12531 31.24445
v 13.23045 82.00701 21.01129
v 0.7628161 24.86424 31.35547
v -12.79717 83.8189 21.43691
v -48.89966 51.40217 -13.04451
v 0.504921 51.13169 -13.28215
v -50.4856 51.58565 -13.20967
v 53.1058 51.52166 -12.94071
v -3.790971 51.56706 -12.80066
v -52.57713 53.6051 -12.7554
v -22.11519 45.14853 27.30422
v -38.44446 5.995268 12.90964
v -7.622522 53.86294 -13.2269
v 6.08236 54.64004 -13.38711
v 33.46388 -53.66392 9.37876
v -55.44969 55.01476 -13.62987
v -33.19091 56.2544 -13.39149
v 7.345515 55.50929 -13.58525
v -3.657471 86.79076 23.27358
v 20.60644 47.29283 27.6615
v -34.34255 57.33231 -13.92771
v -14.09056 56.45928 -12.62657
v -3.031596 -3.864467 34.69237
v 4.202987 87.38036 21.35644
v -11.57185 57.88401 -13.61101
v -34.34889 58.70122 -13.44638
v 38.38295 58.30088 -12.88764
v -52.82105 -52.01836 7.43041
v 2.058639 26.53265 31.72896
v 3.852424 25.66945 31.80852
v -24.20482 -53.47194 22.28248
v 38.64785 61.83303 -13.75928
v -20.27353 61.50736 -13.49687
v -17.78156 63.55321 -13.63324
v 26.16324 -53.49386 23.57434
v 28.39626 14.0182 12.81058
v 28.85322 -53.55466 21.26713
v -40.94967 65.12283 -13.33863
v -32.93137 14.65361 13.0043
v 27.80656 14.94189 12.91819
v 39.36936 65.73295 -13.28086
v 34.01174 -51.37081 8.204588
v -41.50181 65.86347 -12.88982
v -57.51729 67.09573 -12.53283
v 10.68632 67.84985 -13.4042
v -44.78608 68.2517 -12.26533
v -45.67818 68.87754 -13.53401
v 41.80827 69.91736 -13.70289
v 32.09928 -53.71002 18.27051
v 1.410117 -3.522524 35.30385
v 13.71184 73.61885 -13.95071
v 46.42076 73.80267 -12.41375
v 22.71691 15.32771 18.13215
v -14.25266 75.38423 -13.27902
v -13.01762 78.60938 -13.23918
v -4.435037 -3.769968 36.102
v -11.45034 80.30691 -11.99567
v 34.56071 -49.42972 8.734934
v -4.670164 1.669937 39.85147
v -0.5447364 85.85755 -13.07549
v 1.3191 85.18918 -12.83597
v -2.117165 26.15491 31.60989
v -2.862842 86.14419 -12.95595
v 18.94205 -48.67682 8.720901
v 3.900689 37.7357 -12.24788
v 18.8648 24.35596 14.26557
v -5.154449 39.11098 -12.80906
v 6.544243 27.31932 31.65312
v -15.28029 39.95286 -12.73979
v 1.983158 39.76894 -12.48323
v -3.394474 40.90308 -12.62752
v 30.12901 -17.17206 19.06821
v 14.44841 82.81445 18.66922
v 30.99649 7.078576 17.67205
v 14.34697 43.66905 -12.73899
v -18.19886 45.96821 -13.54876
v -23.66505 -47.0021 22.57562
v -20.45081 29.93954 13.34118
v 0.4086372 45.12053 -12.40105
v -39.11176 -16.25337 17.50655
v 37.71015 -48.6959 8.48342
v -1.940018 47.53533 -12.11331
v 29.01689 -7.850436 17.59997
v 3.784845 48.52301 -13.19004
v -39.59688 48.47812 -11.73427
v 18.25316 33.42019 12.62325
v -38.45747 49.30824 -13.21124
v 0.8611265 49.51654 -12.94764
v 3.26877 27.84185 31.70496
v 4.441604 27.98389 31.43562
v 43.23786 50.3217 -12.76718
v 51.70534 50.46922 -12.81522
v 13.27621 51.93314 -12.85688
v 11.52366 10.37928 26.38312
v 28.05057 -44.29181 21.84707
v 21.437 39.68845 14.12178
v 5.478791 53.18066 -13.09355
v -20.40796 51.94227 -12.80816
v -25.68538 -43.31932 20.71768
v -48.07558 -45.8661 8.464136
v -35.79784 7.679526 17.74265
v -24.82648 41.78799 12.61614
v -34.7654 -43.85871 21.44037
v -18.64895 52.34584 -13.26113
v -6.516257 52.57 -12.95194
v 11.19606 53.40215 -12.58693
v -27.08714 43.28065 15.28471
v -7.682059 52.98335 -11.58313
v -27.70955 45.5386 13.08346
v 23.95706 45.07141 14.28409
v -13.76067 53.23284 -13.64098
v -7.740327 28.32359 31.66866
v 39.66238 54.0798 -12.50541
v -8.989438 54.64452 -13.60645
v -15.8454 53.97253 -13.26886
v 20.41856 -46.09889 8.5365
v 31.45399 -45.89913 9.282592
v -27.39678 -44.10769 22.70952
v -16.53071 56.83038 -12.82249
v -13.15579 58.12238 -12.97905
v -59.09765 59.80575 -12.75811
v -33.10892 57.90012 -13.00053
v 29.06699 -40.92009 22.16641
v -16.17722 59.47183 -12.84406
v 7.880641 28.8517 31.74198
v 30.45316 48.94657 13.4253
v 10.5377 58.94155 -12.90512
v -34.63612 60.07811 -12.76578
v -21.76078 60.55003 -13.18661
v -21.43327 59.4548 -12.87119
v 8.977871 59.98766 -13.0816
v -29.109 -45.1982 8.800649
v 20.87604 -44.76517 8.391391
v -13.09236 60.70289 -13.09953
v 10.10571 60.82094 -12.08957
v 18.90227 77.70994 10.85955
v 5.485648 29.34552 31.63203
v -35.2201 -39.298 21.33896
v -44.51745 -44.32468 9.111717
v 38.34987 62.83256 -12.80933
v 14.05156 -39.7686 23.16202
v 13.28163 58.39561 36.28516
v -40.50069 64.624 -12.54411
v -38.10593 64.79839 -12.79719
v -36.45393 64.1474 -12.4388
v -15.51472 64.5877 -13.09681
v -21.89694 64.5593 -12.96234
v -22.1669 77.77169 10.52715
v -29.73339 54.80014 13.17564
v -19.58353 66.91372 -13.29479
v 33.38827 56.65445 14.02666
v -47.48455 68.84007 -12.4536
v 40.60281 67.49699 -11.87903
v -49.77059 68.95329 -12.75062
v 60.43856 68.96872 -12.67501
v 0.9383044 29.73527 31.58561
v -29.84615 57.83776 13.77239
v -15.61881 73.78083 -12.93883
v 57.2955 72.82436 -12.47116
v -27.02349 -35.32444 21.80956
v 13.53874 -35.88502 22.43502
v -29.42313 61.22354 13.63754
v -1.746912 90.14759 6.336573
v 51.16438 75.3023 -12.75867
v 2.325945 0.6540972 38.9073
v -11.27825 79.36186 -13.1642
v -9.785999 81.63164 -12.59283
v -36.97467 -34.42095 21.58934
v -8.699197 82.79983 -11.39788
v 7.255476 82.68622 -12.41707
v 5.934398 83.55289 -12.97559
v 24.31916 -23.69428 26.54852
v 9.850572 55.46748 36.97885
v 4.84353 29.38451 31.78879
v -26.86823 -32.44183 21.89735
v -29.73509 64.57801 13.03815
v 27.68747 63.86725 14.21361
v -26.3958 -30.88156 21.79228
v 13.24913 41.13686 -12.33412
v 31.34258 -32.19246 22.68304
v -1.847433 42.99024 -11.85605
v 15.12599 42.39735 -11.6841
v -2.02888 45.30096 -12.37243
v -1.206003 46.63066 -11.70545
v 31.7465 -29.58976 22.56267
v -20.48077 78.99723 11.23572
v -33.68912 13.00316 18.22989
v -32.01149 -41.05985 8.340477
v -41.34922 48.48058 -12.36016
v -1.084843 49.5312 -12.64943
v -26.91692 71.65148 13.89373
v -35.99826 49.00415 -12.40038
v 2.897586 49.20655 -12.19961
v 0.3153179 30.3631 31.46166
v 14.92894 50.50672 -12.56079
v 44.99436 49.85628 -12.29535
v 13.55835 -29.19539 21.88375
v -13.74328 10.25675 26.17487
v 6.993367 31.45867 31.46964
v -32.19262 13.34908 19.14529
v -34.55563 -40.70937 8.337241
v -6.446378 51.49655 -11.57473
v 8.840982 52.11656 -12.85444
v 32.36371 -28.20377 22.00323
v -7.460575 30.87246 31.90524
v -34.15427 51.24569 -12.05504
v 53.71188 51.98491 -11.90591
v -31.71482 52.81826 -11.83761
v 1.692543 30.86401 31.75885
v -6.730804 52.13871 -11.6735
v 5.200449 51.90066 -11.84529
v 7.406297 52.82165 -11.85861
v 20.68041 17.27809 17.48568
v 55.47106 53.20915 -12.25975
v -17.49439 53.69124 -12.47211
v 2.273574 62.63531 39.24824
v -29.13538 -26.21429 22.25611
v -8.475106 32.34881 31.44409
v 8.322048 54.21201 -11.78988
v 8.172782 54.93672 -12.98585
v -55.18146 56.01314 -12.56765
v -11.11861 55.59301 -13.04321
v -16.8785 55.74605 -11.71716
v 23.70491 14.71857 17.70529
v 11.81613 57.31985 -12.44444
v -27.49838 -39.98923 8.698272
v -57.47581 58.22087 -12.88667
v -30.20177 57.0363 -11.07139
v -18.26762 58.04817 -12.67923
v 12.39181 85.34958 14.46207
v -2.071676 48.62064 38.28423
v -19.08029 61.20809 -12.2417
v -4.717388 -0.9276321 49.35459
v -28.57736 -24.22513 21.89018
v -26.71337 -37.90567 8.367754
v -22.56442 62.09523 -12.67648
v -37.74957 -38.23233 8.560159
v 32.69804 -22.63384 21.14782
v -34.11869 62.29773 -13.12484
v -9.95922 33.56838 31.98303
v -15.93587 63.28186 -12.40636
v -22.36722 64.11754 -12.32428
v 38.50663 64.69538 -12.70038
v -39.45168 64.49908 -12.31961
v -58.90266 65.67487 -12.99705
v 16.81152 65.23957 -12.30358
v 39.34456 66.0956 -12.52332
v 10.32876 66.44355 -12.89392
v -15.66504 62.12229 36.05523
v -37.5127 -37.0494 8.211929
v -20.88799 66.52377 -13.00941
v -34.34949 -52.80214 20.1043
v 13.42174 66.94587 -12.36053
v -16.97226 10.27783 26.26364
v 17.3322 69.39562 -11.53145
v 41.49379 69.57353 -12.92723
v -3.581105 48.49124 38.55191
v -33.10029 -19.67187 21.7372
v -18.71493 69.03542 -12.69407
v 15.97981 70.05629 -12.3223
v 59.0645 71.28989 -12.51768
v 15.12979 72.17657 -12.44704
v -27.42834 -53.67203 16.02006
v 43.52824 72.17294 -13.26457
v -15.76392 75.12899 -11.60734
v 35.21721 -53.40846 13.55841
v -37.36296 -20.07488 21.53084
v -15.08576 75.75471 -11.53342
v 12.70745 75.5657 -12.89557
v -11.98752 78.79945 -12.04031
v -35.25501 -19.24456 21.86508
v -20.365 78.89124 10.33658
v -5.095548 85.80906 -12.27062
v -1.864453 86.23166 -11.66818
v -8.250165 36.38172 -11.88737
v 5.927692 38.78533 -13.209
v 18.38447 -44.58666 29.24089
v 25.23144 -52.8908 13.25526
v 5.540993 36.51884 31.73653
v 18.92349 -17.94077 21.25812
v 9.300043 37.7922 -12.07558
v -39.97585 -33.11312 8.471124
v -1.541365 49.12192 38.63622
v -34.32824 -52.80513 14.98163
v 24.08911 -16.62541 21.95225
v 0.8428064 42.70954 -12.19459
v 15.87427 44.21313 -11.82961
v 4.704123 37.3243 31.6325
v -1.445528 44.90174 -12.02528
v 35.87567 -52.34403 14.62126
v -0.218921 47.31835 -11.59965
v 1.168556 47.76122 -12.22284
v 15.13646 46.48876 -12.65304
v -0.06319648 48.06762 -11.95557
v -2.477666 48.62935 -11.83667
v 0.5573102 48.47021 -12.41897
v -5.837058 6.771879 25.14947
v 2.115544 49.22867 -12.10033
v 47.82874 49.01403 -11.7046
v 19.13156 -4.771821 22.28122
v -37.32513 49.40301 -12.43353
v -33.8138 49.55891 -11.69244
v 4.514774 50.83272 -12.04904
v 36.56434 -50.42757 14.05302
v 50.75253 50.1052 -12.07188
v -44.42814 50.10432 -11.70343
v 18.69735 5.5219 25.12944
v -4.76763 -11.97642 57.66147
v 2.656793 49.9054 -12.12153
v 52.76475 50.84313 -11.28532
v -47.29443 51.01524 -12.04311
v 17.69613 51.85597 -11.29428
v 15.13236 51.6393 -12.21017
v 23.14372 -4.34465 22.39576
v -5.112347 51.78917 -12.24434
v 7.256669 39.60081 31.41354
v -25.69853 -48.8824 14.15477
v 39.82764 52.31161 -12.19082
v -51.28068 52.52102 -12.39151
v 18.48563 -32.18302 9.059474
v 9.053882 53.8029 -11.6709
v -52.14065 54.82711 -11.06851
v 25.30464 -2.814513 22.34998
v 19.85262 -31.37856 8.455461
v 11.13144 55.30036 -11.31345
v -12.24406 54.87331 -11.95208
v -10.23186 54.37124 -12.03742
v -9.04129 53.69151 -12.04665
v 17.54775 -46.47566 14.20344
v -13.14026 55.17959 -11.92589
v 9.563995 55.02895 -11.39601
v -14.79264 40.6011 31.91331
v -15.63988 55.70693 -11.85387
v 57.52805 55.36238 -12.25691
v -18.4603 56.08231 -11.48378
v -43.80478 -45.20646 13.45249
v -22.07929 58.02585 -12.42069
v -17.47534 -2.339268 21.87428
v -12.52812 11.7395 26.67443
v -23.02549 57.4345 -11.92402
v 17.94556 -44.65459 13.90176
v 3.175304 0.1657644 35.6398
v -55.28946 58.60891 -11.56702
v 31.72544 -44.79028 13.30178
v -20.76814 56.86861 -11.70251
v -19.69725 60.0045 -12.02805
v -16.82545 41.44538 31.83506
v -2.489296 0.07032166 47.51008
v -23.19296 59.0148 -11.74933
v -32.51081 60.02673 -11.21468
v 30.00427 -30.46244 9.319327
v 18.53843 24.42604 17.89148
v -18.56019 60.84124 -12.09541
v 13.11451 42.58701 31.76554
v -33.15977 60.58634 -11.777
v 19.34524 -43.76144 13.58901
v -23.93218 61.1828 -11.64261
v -58.06767 61.49731 -11.82257
v -16.43056 62.19157 -11.91714
v 10.71539 61.92303 -12.11023
v -17.12544 62.81876 -12.0204
v 62.80055 62.05211 -12.9878
v 38.4797 63.39172 -11.61514
v -58.20902 64.31828 -11.92974
v 39.11573 64.5018 -11.24217
v -40.80724 65.33885 -11.67631
v -38.30737 64.85744 -11.63444
v 17.55396 64.28685 -11.8406
v -14.97167 0.3897341 21.64446
v -40.83722 -42.43097 13.76735
v 17.35547 65.89745 -12.74623
v 14.35961 -0.8224804 22.68409
v 23.98919 -41.86451 13.74652
v -42.85667 66.49259 -11.62571
v -54.9104 68.14668 -12.32998
v 1.341578 5.797238 19.43926
v -20.16552 68.05942 -11.53836
v 17.72079 66.50802 -12.62078
v -48.92415 68.27622 -12.0636
v 41.72514 69.57545 -11.27325
v 58.61556 71.63786 -10.53699
v 42.94842 70.68847 -12.20828
v -17.8257 70.59258 -12.84506
v -2.336888 2.528652 27.89669
v 27.93163 2.719638 21.81196
v -21.20764 26.55594 15.82037
v -17.3049 71.98223 -11.65027
v 13.94069 73.39432 -11.86139
v 55.74506 73.75086 -11.61073
v 16.25457 46.1823 31.17466
v -39.83638 -39.54778 13.8095
v 13.4263 74.99567 -12.29837
v -22.8645 -38.3512 13.80228
v 13.16304 75.73185 -11.73462
v 12.43443 76.5637 -12.07852
v 12.02927 77.61474 -11.97625
v -12.34918 78.7937 -11.12747
v 20.24533 -39.2962 14.17283
v -9.365825 81.51672 -10.89951
v 2.251448 84.52063 -12.45721
v -3.427066 86.40114 -11.8544
v 7.058592 36.089 -11.21691
v 32.22972 -27.12409 8.238961
v 3.582042 36.9927 -11.21299
v -0.1820746 2.627594 26.59077
v 2.347592 38.24382 -11.72119
v -29.43448 -15.70928 18.87072
v -17.00595 39.74793 -11.35854
v -5.809073 2.572621 34.66678
v -31.64969 4.635546 22.31119
v -1.947748 41.35129 -11.41822
v -4.055774 52.0868 38.78602
v -33.03022 5.496939 21.5845
v -3.86776 -5.847927 48.66563
v -1.573484 48.27007 -11.67726
v -40.60505 -34.32743 14.36717
v 11.5064 13.59478 26.53066
v -24.17322 62.22503 28.97834
v 5.401031 6.397042 23.02148
v -21.9402 -33.85606 13.04032
v -32.73696 6.685986 22.15482
v -21.65995 49.4637 -11.76787
v 42.49906 48.91435 -10.66573
v 48.83035 49.53024 -10.83949
v -4.190984 49.63853 -11.8612
v -3.310889 49.91394 -11.56947
v 33.23461 -23.77715 9.748926
v -3.206644 50.46521 -11.97502
v 16.02547 -22.65672 7.877383
v -2.577527 49.70851 38.65927
v -21.25073 -21.50417 7.1997
v 31.50985 -32.34021 13.8403
v -31.39757 52.32567 -11.32969
v 37.98421 52.74294 -10.45337
v 54.43468 52.89665 -10.72975
v -49.96196 52.59134 -11.55323
v -2.199073 -9.160764 54.31036
v -8.524271 52.65669 -11.79675
v 6.646657 53.19956 -11.96656
v 17.72055 52.57606 32.04247
v -30.49368 55.25456 -11.55287
v -10.5502 53.91151 -11.89066
v -20.0517 55.33473 -11.50581
v 18.59099 54.29843 30.78336
v 13.99888 54.50753 -11.90672
v -53.96947 54.59342 -12.13754
v 12.69682 -28.04849 12.43348
v 32.13062 -29.36857 13.39584
v 25.9358 7.108229 23.30093
v -22.65943 56.00654 -11.85861
v -7.398786 7.640181 21.89143
v -20.81273 27.91794 16.08332
v 39.0813 55.34719 -11.91197
v 10.68513 55.83739 -11.39864
v -21.06233 56.50906 -11.57048
v 12.9421 58.00468 -11.74094
v 38.39293 57.50785 -11.60646
v 11.35953 61.07846 -11.76162
v -21.62691 -23.06004 14.15333
v -42.80799 -20.61613 9.068976
v -21.46847 -20.77195 9.543287
v -30.6832 11.62927 22.10297
v -33.41429 61.72897 -12.72765
v 12.01198 -24.951 14.23196
v 11.69152 63.80408 -11.47204
v 19.05031 63.83326 -11.65749
v 18.66201 59.34382 31.32374
v -30.66343 12.94976 21.71501
v 19.12195 61.85185 -10.84158
v -36.89996 64.40426 -11.57495
v -42.7515 -19.02615 7.89069
v 11.57474 66.06347 -11.14716
v -38.93153 65.07683 -11.81543
v 62.21837 65.50167 -11.81667
v -56.31414 66.82252 -11.53528
v 13.94846 65.49118 -10.37418
v 19.43886 13.09608 22.49974
v -22.03992 66.45595 -11.79431
v 12.12816 66.79188 -11.29475
v -53.35264 67.39145 -11.66494
v 39.86191 66.1658 -11.03574
v -50.89552 68.37378 -12.18047
v -20.50707 63.28983 32.17096
v 16.73955 -18.48612 9.858929
v 18.70896 68.05267 -10.34675
v -19.25104 68.22257 -11.74594
v -19.30097 69.23975 -11.1984
v 19.04208 16.06401 22.28366
v -0.7633771 50.50416 38.892
v -41.37843 -17.38051 12.86705
v 49.76167 74.84136 -11.83394
v -23.88201 -16.33529 9.805833
v -14.46999 76.80716 -12.20388
v 7.740505 81.88188 -10.82727
v -42.3418 -16.06537 9.383772
v 6.038033 82.81545 -11.39825
v 4.087816 84.27852 -12.11701
v -7.265118 84.05856 -12.35206
v -19.53239 66.76913 31.53348
v 2.353433 84.8272 -11.33171
v 0.8201966 85.74753 -11.78693
v -10.97132 35.1965 -10.65233
v -3.846018 38.19534 -11.29154
v -25.79104 -14.84298 13.69187
v 0.969124 39.42519 -10.94365
v -1.12966 38.89895 -10.71324
v 0.9645906 40.60651 -11.56601
v 17.41223 67.43237 31.72677
v 14.91754 40.79429 -10.71778
v -18.01864 41.33805 -11.25778
v -24.24643 -13.72579 9.319608
v -21.21931 46.58209 -11.45845
v 18.24102 48.18362 -11.217
v -41.02083 47.93786 -10.37641
v -23.97516 -11.65553 14.12322
v -37.02052 48.15167 -10.77164
v -21.95829 -11.27241 13.5252
v -38.55757 48.80235 -11.07879
v 40.8916 49.94193 -11.54114
v -5.114949 51.19101 -11.34454
v 38.73866 49.8334 -9.869684
v -31.10832 50.87471 -9.972116
v -3.848512 -5.78979 43.17445
v 37.36019 54.67959 -10.07935
v -29.11542 53.79818 -10.47436
v -18.68581 -8.754059 13.56412
v -18.48881 31.35771 22.63825
v 15.12279 55.51836 -11.07208
v -21.68784 55.24649 -11.20703
v 16.55978 69.61441 31.4044
v -18.51199 55.36789 -11.3632
v 32.35116 -6.471704 14.4934
v -17.20769 16.76793 25.73545
v 12.26817 56.59703 -10.96147
v -14.88444 14.31557 26.56475
v -19.62735 33.46253 21.30494
v 13.19048 57.03125 -10.5998
v -38.31207 -6.310594 13.84717
v 14.40605 58.81464 -11.68796
v 38.6158 60.63021 -10.92291
v -18.17978 35.41149 22.45101
v 61.73385 60.48257 -9.956357
v -31.91495 61.81773 -11.60225
v 12.19593 62.57268 -10.77397
v -24.58072 49.9672 25.97651
v -57.11211 63.84687 -11.32766
v -24.19705 63.90795 -11.25105
v 33.71265 -4.712317 13.1995
v -42.01186 -22.20635 9.393647
v 20.23719 62.53347 -10.9665
v 62.71203 63.86474 -10.42811
v -19.20105 37.80583 22.14006
v -33.60385 63.69792 -10.73819
v 32.69223 -10.73392 8.747054
v 12.41396 16.48206 26.32563
v -35.02776 64.19419 -11.38688
v -36.19755 64.46584 -10.90765
v -38.49078 -3.4854 14.4574
v -22.65229 65.64809 -11.26243
v -54.503 65.27997 -11.00236
v -21.02451 70.92198 27.95497
v -39.22984 65.86045 -11.11687
v 11.1617 67.38598 -12.08428
v 16.12001 6.376117 25.0915
v 21.56793 39.4385 22.21252
v -21.38431 40.57566 21.81703
v 34.0201 -3.580312 13.50981
v 14.4001 -22.70355 9.713468
v -21.87723 67.41455 -10.61643
v -11.05462 65.81535 36.20634
v -20.68113 68.6768 -10.8871
v 61.30783 67.23809 -11.76773
v -18.63089 70.65663 -10.95187
v -24.09935 41.74943 22.47134
v 15.48954 71.93555 -11.19023
v 14.58743 73.11807 -10.56777
v 53.9678 73.82661 -11.02918
v 49.47442 73.63757 -10.5724
v 20.99798 42.433 22.64143
v 52.91897 74.58981 -11.10312
v 11.0022 78.34117 -11.59827
v 10.52165 79.52108 -11.03303
v 18.61587 33.16974 15.34711
v 10.44842 76.54562 32.03054
v 27.40197 -16.12708 18.75285
v -25.2365 45.81595 22.72186
v 3.830959 84.7437 -10.81758
v -3.481393 86.3527 -9.08754
v -2.069381 86.17774 -9.910399
v 18.06817 73.21119 28.27139
v 23.32163 47.3386 22.32733
v -14.57047 37.93448 -11.66831
v -27.59823 50.26548 20.95221
v 1.7569 37.55461 -9.537969
v -38.21307 3.417875 14.01055
v 12.62068 38.62804 -11.3433
v 5.100694 2.545153 13.66786
v -18.45818 39.3234 -9.548843
v -2.412935 39.70673 -10.74512
v 23.74635 52.61572 22.61317
v 17.29162 42.69421 -9.986581
v -9.955695 67.20392 37.11367
v 2.709894 3.691672 14.44647
v -19.59865 34.41386 18.07224
v -20.71919 32.75298 16.88113
v 1.30437 4.82416 13.27143
v -34.2603 48.45386 -10.5028
v -4.950736 5.396034 15.63735
v 46.55145 49.72595 -10.80257
v -46.06354 50.44941 -10.11684
v 19.23764 50.36204 -10.2977
v -22.67297 52.57082 -10.52203
v -18.02115 72.91864 28.1531
v -16.0595 -3.624628 8.813276
v -21.2304 54.71842 -11.25064
v 17.62434 53.71854 -10.71913
v 35.33837 -3.215141 8.537563
v -28.55108 63.12999 22.00874
v -36.60044 8.957457 14.33057
v 31.01208 11.14091 13.74694
v 12.77473 56.10145 -10.92625
v 38.41303 56.52741 -11.208
v 14.58072 57.30948 -10.49744
v -23.92064 57.89105 -10.62835
v 15.20308 58.1589 -11.09044
v -29.82088 59.29034 -9.630282
v -12.87279 -0.5846017 10.10702
v 24.10575 67.76748 21.93864
v -10.7959 68.13682 35.70946
v -30.65057 61.63753 -10.37478
v -25.03819 68.60595 22.76964
v 8.58782 68.08416 36.14658
v -53.7678 62.2318 -10.50223
v 23.33468 69.31068 22.82967
v -29.96035 17.00544 13.20791
v 19.79006 65.04809 -10.92497
v 39.2815 63.82997 -11.06311
v -24.90705 64.59614 -9.923673
v -37.89521 65.54163 -10.56053
v 34.65457 1.236852 8.698106
v -23.65645 65.66587 -10.63065
v 21.85185 18.20265 13.11545
v -41.73643 65.8643 -10.68041
v -44.65573 66.5774 -10.84014
v -39.54399 1.96169 8.300989
v -47.32762 67.942 -10.84779
v 18.41036 -52.37624 32.05448
v -1.651177 52.20444 38.56291
v -17.73549 71.54118 -10.798
v -17.3927 72.65456 -10.37589
v -39.46504 3.185972 8.686022
v 16.75841 -51.89951 31.92746
v 20.48355 76.56415 20.66208
v 15.60622 -53.07657 18.2565
v 48.02037 73.92002 -10.96423
v 50.38052 73.51225 -9.90305
v 14.16538 74.3334 -10.44319
v 50.98681 74.8776 -11.19588
v -14.77092 75.63174 -9.785059
v -14.26823 76.7575 -10.65518
v 11.77661 76.59184 -10.45884
v 8.763834 80.41052 -10.05071
v 18.66601 25.912 13.93713
v 6.533865 3.039874 8.870641
v 8.508065 35.97359 -11.07069
v 11.16805 35.54559 -9.86949
v 4.680225 35.636 -8.921639
v -6.483984 36.16558 -10.52787
v 19.01184 28.16263 13.36386
v -8.351687 4.244354 8.800838
v 0.01677703 37.19014 -10.05548
v -2.971236 38.23133 -9.812848
v -20.94565 32.07138 15.08821
v -1.538596 -2.296654 32.56563
v 1.369693 38.27617 -10.12021
v 0.9090568 -1.781044 31.85524
v -20.23915 42.75282 -10.54984
v -3.015629 -1.731689 32.75139
v -23.25168 48.0977 -9.179109
v 2.494898 -0.2906668 31.66174
v -38.05404 47.60837 -9.679028
v 17.41214 7.045332 24.9012
v -43.52184 48.43416 -11.5151
v 19.46446 36.94269 14.2769
v -33.13492 50.81169 -11.22567
v -22.65058 39.16108 14.14731
v 49.76463 50.05226 -9.1168
v 1.593442 51.27614 38.24489
v 18.49434 71.0158 27.98879
v -6.183676 0.9778691 34.01027
v 50.60821 50.53205 -10.62368
v 51.89362 50.58048 -10.71417
v -30.3259 52.39099 -10.66563
v -49.44544 53.62911 -7.784936
v -23.33752 54.61323 -11.06837
v -5.051111 5.322792 10.4668
v -15.68696 20.31032 25.76951
v 2.753474 6.620065 31.41466
v -51.11793 55.3334 -9.708906
v 16.14383 54.10255 -10.8672
v -16.06206 76.38794 28.34564
v -11.47887 85.40916 21.25945
v 24.24012 45.5794 13.9105
v -54.05347 57.87394 -10.697
v 38.02593 58.64206 -10.23427
v 60.97081 58.71512 -10.40797
v 5.765283 85.82439 22.66913
v 4.076795 53.66556 38.68884
v -53.84511 59.46712 -10.11757
v 17.24715 59.16748 -10.30099
v -3.733898 7.866702 32.70895
v -31.3378 60.54402 -10.3305
v 19.50726 -42.84063 29.30423
v -0.2525966 6.162255 9.070735
v 26.5837 48.23764 14.10225
v -54.67437 60.60829 -10.91295
v 2.079319 8.017676 32.09732
v 13.71949 63.6112 -9.605454
v -32.10569 63.82987 -9.598581
v 15.51305 64.42458 -10.31651
v -52.25582 66.03976 -10.69891
v 30.93725 50.56613 13.79313
v -34.95551 64.30042 -9.797538
v 1.164845 87.45478 22.19794
v 2.432625 87.04639 22.93084
v 61.63797 66.581 -9.802299
v -36.11267 65.41619 -9.732036
v 12.96536 65.00899 -10.2559
v 13.96391 64.87543 -9.975201
v 19.95581 66.75464 -10.13029
v 12.54963 21.81713 26.00057
v -39.86329 66.34976 -9.295244
v -49.76443 66.95871 -10.28749
v -48.52271 67.14898 -10.41976
v 22.93702 7.233102 24.93633
v 41.06415 67.84102 -10.17196
v -35.15956 -53.28842 21.78337
v 45.37021 72.71057 -11.01414
v 13.78244 -53.14278 21.80564
v -1.055597 10.07296 32.14396
v 52.70355 72.67162 -9.668617
v 55.51569 72.97332 -10.21334
v -29.20031 54.45464 13.65756
v 13.45799 75.37725 -9.749157
v 29.63601 -44.42941 19.536
v -10.66996 80.94538 -10.25173
v 5.028972 84.14583 -10.65255
v -7.002985 84.81321 -9.29915
v -5.66664 85.4519 -9.598935
v 1.148868 -4.570347 42.81531
v -1.151776 36.4538 -9.97052
v 9.744702 33.61108 -8.066781
v 13.35841 23.0403 26.12131
v -13.11776 34.55721 -8.761729
v -5.850821 26.63417 31.99787
v -15.73687 36.84539 -9.499317
v -31.92778 14.41482 9.610446
v -17.14474 38.33852 -8.687227
v 18.79957 45.48141 -9.97827
v -22.93037 45.59659 -8.386865
v 29.14387 62.71442 13.47377
v 19.63721 48.74229 -9.664243
v -31.62636 49.10488 -10.11241
v 46.84472 49.51569 -8.126225
v 47.29103 50.12431 -10.02129
v 48.51543 50.20541 -9.267598
v -23.1187 -49.53157 23.27355
v -30.36677 63.81743 14.33981
v -47.03948 50.7641 -9.449585
v -23.8896 51.07653 -8.998524
v 51.21191 51.17599 -9.724949
v 53.08362 51.62362 -9.889531
v 23.93018 16.99622 8.906264
v 0.2262529 26.69491 32.64074
v 13.11727 -47.85125 22.95195
v -28.9613 67.4474 13.82594
v 26.266 67.146 12.97737
v -35.57758 -45.4152 22.01339
v -0.09731544 52.13519 38.13884
v 36.75838 56.609 -9.262367
v -28.43751 68.89782 13.78823
v 24.86002 70.1163 13.64977
v -52.85553 56.93933 -10.4631
v -12.73559 81.67714 26.27161
v 18.2683 58.44469 -9.779451
v -52.26736 59.47607 -9.627928
v 20.3428 60.34081 -10.30474
v 37.69026 59.71645 -9.418868
v -8.223923 69.36269 36.22051
v 18.86054 60.84343 -9.936909
v 15.52363 62.23469 -9.842622
v -29.23339 60.42401 -9.128989
v 38.5347 60.71579 -9.822004
v 21.42208 62.00133 -9.740436
v -24.19851 75.23932 13.89536
v 39.15307 63.29075 -9.921112
v 39.90579 64.88524 -10.36247
v -3.930967 28.19234 31.7944
v -44.14815 65.57396 -9.563365
v -22.98437 22.05848 7.705031
v -20.53279 78.77247 14.08232
v 21.51248 76.69611 15.50926
v 18.70053 7.813796 25.2364
v 42.16457 68.28138 -9.293916
v 17.91007 69.11232 -8.843715
v -16.62415 26.14833 26.03424
v -20.86393 24.47159 9.069182
v 28.87428 -42.26523 22.12943
v -18.60887 70.86102 -9.959871
v -34.68871 -41.46272 21.83656
v 58.44216 71.40513 -8.794195
v 0.01908177 29.0016 31.76066
v 17.05366 24.23634 7.700271
v 45.57126 71.32101 -9.407137
v 17.40291 79.88261 13.65703
v 57.42467 72.00601 -8.76859
v -26.83414 46.07888 19.0188
v 51.29099 73.4432 -9.696698
v -15.92674 74.7522 -9.371908
v -18.00131 81.39085 14.6272
v 21.95668 8.319191 24.58637
v 16.70725 82.16718 14.96389
v -18.20946 82.6919 13.26259
v -1.010597 30.28397 31.96478
v -9.154925 83.0812 -8.593882
v 2.173659 29.74797 33.04699
v 4.646458 30.23351 32.62038
v -42.82107 -53.16377 -9.673781
v 1.803891 32.81066 -9.521671
v 1.963459 35.2362 -9.565388
v -10.68282 34.31448 -9.565546
v -26.32198 -38.93285 21.88073
v -34.27627 -37.80663 22.81652
v 9.572816 87.00712 14.28102
v 15.35757 38.40159 -8.555813
v 16.35915 40.92251 -9.250508
v 20.04172 46.6122 -8.721391
v -36.32515 -37.64324 21.66937
v -40.78142 48.34989 -7.75116
v 30.8269 -36.73857 22.94016
v -39.71699 48.19491 -9.117133
v -35.77001 47.52989 -8.833353
v -31.26794 47.77421 -8.21444
v -26.70988 -37.19233 21.83698
v 40.38121 47.73692 -8.13354
v 18.08591 33.13746 8.090786
v -6.527844 32.11504 32.25373
v 20.96813 54.43237 -7.749239
v 37.04504 49.64892 -9.038987
v 35.19372 51.65842 -9.157716
v 53.81865 52.14918 -9.320473
v -35.56755 -33.80026 22.25159
v -44.21174 -53.53424 13.47375
v -27.47954 55.48002 -9.519295
v -24.96189 55.5407 -9.778052
v -0.867151 32.22655 32.11152
v -26.34514 56.22528 -9.48442
v 36.85822 59.46796 -9.269487
v 19.82364 58.69232 -9.291434
v 21.48334 59.72045 -9.899481
v 21.62875 60.74473 -9.865348
v 18.74929 59.9946 -9.602626
v 18.07842 -53.38887 14.30079
v -28.62302 61.434 -8.667433
v 13.50716 -32.29558 22.39767
v -30.03514 63.12571 -8.785973
v 15.75765 63.24238 -9.689126
v -51.93579 63.14163 -9.4946
v -36.72374 -30.75432 22.13358
v 1.372052 31.58192 31.7005
v -49.76645 65.41537 -9.352535
v -26.23869 45.0317 17.21793
v -32.4485 64.7112 -7.792826
v 34.97661 -53.45065 14.97627
v -6.031566 70.16854 36.39746
v -48.56518 64.9145 -8.786821
v -42.96555 65.77084 -10.1277
v -23.59582 66.49309 -9.652697
v 2.889662 32.922 32.05444
v -22.45394 66.83704 -9.705457
v 40.20027 66.65879 -9.586738
v 60.32559 68.24693 -9.936294
v -27.35699 -29.82118 22.10638
v 16.89556 70.68146 -10.12121
v -46.04251 -52.09982 14.3047
v -6.166408 -2.162543 39.86613
v 17.08452 70.5068 -7.813373
v 15.33761 72.04683 -8.448168
v 47.27741 73.31574 -10.04507
v -27.37341 -28.31598 22.25663
v 5.465706 71.2338 36.73275
v -36.14014 -28.4304 22.35491
v -14.28398 77.50544 -9.512223
v -12.22967 78.89525 -9.082549
v 9.664162 79.7827 -9.289788
v 2.308233 3.422229 27.02611
v -9.627749 82.2247 -8.32851
v 6.602216 82.85087 -9.588485
v 24.20491 43.01842 8.81414
v -43.49833 -52.20647 -9.085272
v -42.57718 -51.78305 -9.173889
v -0.01140758 30.4566 -9.321714
v -27.53328 -27.30553 22.29213
v -5.65317 30.91335 -8.698799
v -2.773741 30.81146 -9.402372
v 35.58958 -49.0043 15.28631
v -5.899598 72.56902 35.8286
v 1.481586 33.77405 32.13488
v 5.129442 32.14533 -8.18298
v -10.19545 33.27677 -6.899974
v -8.08072 34.99354 -9.814927
v -2.784482 35.35877 -9.514528
v 10.63398 34.05518 -8.565041
v 6.974244 34.51825 -8.666395
v 2.783336 36.60633 -9.027998
v -5.28304 36.44918 -8.758674
v 32.17796 -26.71027 22.20379
v 14.68273 -25.78539 23.30071
v 32.99501 -24.88888 20.19845
v 30.03192 45.43713 8.517858
v -3.609749 37.48438 -9.231137
v -30.18703 -25.35451 22.8279
v -19.9224 39.29195 -7.168586
v -22.28469 42.68078 -7.381234
v 33.05113 -45.7983 12.93693
v -36.56845 -23.36599 22.27328
v -36.84241 47.49155 -9.465506
v -33.75671 47.78726 -9.316829
v -44.59541 48.41102 -9.902228
v 4.011035 35.09168 32.04963
v -42.84178 48.30783 -9.355859
v -24.02717 48.90822 -8.246665
v 37.53293 47.64651 -9.048847
v 39.86599 48.34823 -9.242231
v 9.157081 34.1033 32.31519
v -43.07473 -44.65967 14.12747
v 20.65184 50.92298 -8.268498
v -28.59118 54.46491 17.90149
v 16.83634 -44.85374 15.45183
v 48.1547 50.78624 -8.475823
v 4.86358 81.95959 29.55863
v -29.792 50.37786 -8.81254
v -48.4529 51.60545 -10.14374
v -28.69165 52.21433 -9.599355
v -24.09438 52.43531 -9.562216
v -31.32551 -22.15499 22.33178
v 30.19567 -44.69311 14.01369
v -36.35705 -22.37114 22.22112
v -27.00864 54.21398 -9.424243
v 2.293497 35.00335 32.41863
v -25.80301 51.7229 -8.679337
v 15.68277 -22.44033 22.06207
v 28.39406 -43.8664 14.92491
v 36.59767 47.60946 8.969613
v 26.61278 -43.57801 13.33208
v 17.75832 56.50882 -8.46192
v 59.23262 56.22727 -10.64467
v 15.84471 57.35745 -9.874641
v -35.24105 -21.28051 22.76302
v -13.755 56.5431 37.34881
v 31.52961 -53.34982 7.028676
v -51.37716 57.97206 -9.061916
v 17.67811 57.59365 -8.695706
v -13.10808 25.29283 29.04738
v 6.616388 8.296701 25.67782
v 21.34726 58.47642 -9.416342
v -27.88481 58.1536 -9.078706
v -25.25316 59.17984 -9.820339
v -27.22329 48.74165 16.32603
v 17.00954 -21.83581 23.65217
v 38.20744 49.86274 8.306616
v -51.10686 61.92376 -8.676043
v -32.88254 -21.58621 22.35246
v 39.2271 62.22194 -9.026636
v 62.37658 62.67953 -9.410313
v 8.293404 35.97147 32.06113
v 25.11871 55.4464 18.01077
v 39.23968 63.13776 -8.024934
v -26.2706 63.24636 -8.131305
v -40.51448 -41.21759 13.70223
v 40.09519 65.06214 -9.129613
v 20.96888 65.00664 -9.221645
v -46.54548 66.32886 -9.846084
v -40.42235 66.23144 -8.423656
v 6.360827 35.79666 33.36809
v -37.78385 66.07159 -8.495235
v -23.5929 -40.60122 14.34409
v 59.84609 67.93417 -6.903036
v 23.99942 -41.36818 14.10587
v -37.13215 52.48545 9.033216
v -22.27778 69.11969 -8.60451
v 43.98843 70.37939 -9.104979
v 38.68948 53.28442 9.094277
v -17.91713 71.36206 -9.661169
v 26.69261 50.79358 16.22032
v -8.01776 38.52182 32.31024
v 21.96764 -39.9952 14.3426
v -38.67314 53.11292 8.448588
v 12.13113 75.9165 -9.261983
v 12.1459 76.99733 -9.096853
v 11.64855 77.97603 -9.606056
v -11.5839 80.03607 -9.661877
v -38.61034 55.40917 8.808037
v -8.757167 37.52607 31.80685
v 5.781734 83.34192 -8.305813
v 4.178096 84.52567 -8.904595
v 1.213884 85.58763 -8.841271
v -4.783131 85.98727 -9.243905
v -2.076948 86.6298 -9.047489
v -0.7899206 86.21172 -9.201628
v -42.24792 -53.70782 -8.681153
v -41.16751 -50.70061 -7.990342
v 2.502983 28.54141 -8.124705
v 24.83371 -18.5853 23.53622
v 3.80693 29.63066 -8.376977
v 4.775255 30.69405 -8.315597
v -5.903295 33.06892 -8.424976
v 14.39618 34.76041 26.02401
v 21.50983 -17.36128 22.48271
v 39.88969 55.7655 8.320469
v 13.44663 34.34555 -6.939228
v -12.15851 40.33956 32.73271
v -20.10878 41.01537 -8.003423
v -29.7075 61.73244 18.66686
v 19.88083 43.27153 -7.42673
v 0.3147971 53.79213 38.68438
v 16.71355 -4.127045 22.04996
v 38.49435 46.46146 -7.601455
v -38.45806 47.29333 -8.0715
v -1.530576 2.9638 39.4779
v -45.57038 48.07066 -8.122701
v -42.74416 47.94671 -7.685997
v -29.85056 48.16535 -7.504624
v -0.126797 84.31638 28.1421
v -13.67465 40.41237 31.90633
v 44.91759 48.62067 -6.001997
v -21.68518 -3.71359 22.40224
v 35.98782 48.58556 -8.400333
v -21.60882 -31.93585 14.84738
v 12.03373 40.32021 31.82676
v 51.50052 51.55202 -8.685035
v 14.25122 37.94599 25.92541
v 20.51239 56.01792 -8.046674
v -0.2048682 -5.401248 49.28272
v 35.60886 55.34293 -8.948899
v 24.12304 -2.121105 22.81783
v 22.26412 58.94156 -8.674243
v 35.15654 58.94614 -8.430714
v -27.59046 59.77473 -8.921358
v -50.40701 60.92079 -8.206144
v 35.49007 59.89104 -7.765353
v -26.20124 61.14342 -8.996678
v 38.18286 60.60734 -8.560351
v -27.64466 61.82574 -8.242462
v 31.86467 -28.13754 13.84935
v -21.45863 -28.54565 14.62448
v -19.2139 -2.796607 21.83951
v -10.43214 87.86646 10.27363
v -48.9788 64.28482 -8.427467
v -21.34651 -26.78812 13.8652
v -26.36747 64.07791 -7.524524
v 39.69684 64.47607 -8.160232
v 15.88573 -2.295537 22.39917
v -45.38364 65.27641 -8.342395
v -41.77126 -26.75825 14.6111
v 13.90731 43.86752 32.09721
v 36.50033 62.0896 8.412521
v 41.75783 67.04789 -7.95405
v 32.19773 -26.14262 13.10098
v -42.04533 -25.51683 14.98033
v 19.39715 68.40358 -7.92977
v -28.974 63.26776 17.89048
v -18.5892 71.63505 -8.670762
v 54.47936 71.16058 -8.139917
v 48.55229 72.70794 -9.198346
v 13.41944 -22.22739 14.36916
v -17.46112 73.00753 -9.016277
v -3.266655 72.73137 36.81833
v -29.02991 53.58414 16.47594
v 8.65058 80.95128 -7.75322
v 32.62491 -21.52793 13.70767
v -10.69193 81.53666 -7.849373
v 33.93225 62.86305 10.10934
v -7.245764 85.40883 -8.736037
v -5.942929 85.93826 -8.936571
v 32.3741 -20.06354 13.5823
v -41.74622 -19.98411 13.73487
v 2.506516 84.88361 -8.695634
v -32.02683 3.048585 22.53931
v -1.466352 88.75466 -8.364386
v -41.17183 -52.9756 -8.096784
v 33.15267 63.76769 8.701183
v -1.348054 28.68066 -8.512545
v 0.1829297 28.51908 -8.350201
v -5.169314 28.74841 -8.138504
v -8.188082 30.13198 -7.394285
v -23.92065 -17.17643 14.7212
v -11.96273 33.00361 -6.241841
v 11.99772 2.945302 22.4388
v 4.753858 34.78455 -8.016982
v -11.6635 4.233197 22.21146
v 3.482086 35.82709 -8.64065
v 22.30839 -53.29487 28.58162
v -39.002 -13.78407 14.81832
v -36.55989 47.18195 -7.648715
v -23.55456 46.61571 -7.672194
v -26.3067 -14.07018 14.03113
v 44.13268 48.69853 -9.587992
v -29.21815 49.16091 -8.069885
v 17.19041 50.0623 32.14103
v -46.43629 50.10266 -8.4736
v -26.91698 51.52814 -8.477444
v -47.74103 51.62654 -6.947201
v 22.37587 -52.20246 28.33678
v -16.55722 73.1416 28.79117
v 51.84643 51.77838 -7.387941
v -22.54188 -11.43574 13.8991
v 53.80071 53.37382 -7.308995
v -28.7806 70.242 8.842207
v 33.03116 52.88572 -8.468769
v 55.66426 53.79855 -10.55095
v 56.76638 54.29409 -8.838036
v -50.23432 57.09294 -7.609982
v 19.34982 56.63594 -8.139058
v 33.73686 57.30377 -7.611935
v 21.17418 56.86213 -8.039995
v 13.60892 -9.591902 14.19011
v 22.82094 -50.27935 28.68622
v 26.66313 6.180126 22.38794
v 59.65992 57.73458 -7.577464
v 38.88823 61.01238 -8.566744
v 22.54689 62.94177 -7.704292
v -6.284442 -3.182069 50.85431
v 4.08733 6.028481 22.00864
v 27.70373 56.92681 16.45125
v -31.5683 64.01315 -8.154453
v -36.92069 -7.014752 14.67855
v -34.84541 65.24682 -8.759246
v 40.48206 65.21504 -8.148757
v -43.61681 66.42683 -7.383345
v -39.24347 65.94734 -7.597565
v -18.06121 -7.442778 13.29923
v 41.98887 65.61027 -6.918159
v -23.7732 68.87243 -7.120971
v -8.501832 7.179573 21.82731
v 5.67511 55.10573 38.68876
v 47.04463 70.84757 -7.963645
v 20.89966 9.712527 24.60636
v -6.435125 7.552858 22.60882
v 50.9682 72.62862 -8.621348
v 52.02525 71.99407 -8.579045
v -30.48237 9.001837 23.58297
v 49.59354 72.79057 -8.653994
v -26.00124 7.773438 25.44482
v 23.3727 71.32227 17.47886
v -16.22575 75.46644 -8.099085
v -15.2601 76.09151 -8.440014
v 11.05961 78.29387 -8.469939
v -13.80025 78.03041 -7.971093
v -14.66193 -4.87656 14.10067
v 27.19499 10.37387 21.3869
v -22.63283 76.30874 8.229639
v -9.364995 85.87651 -7.783126
v -8.40149 87.07608 -8.274159
v -15.15671 27.38378 28.12991
v -0.2408155 86.7579 -8.645212
v -4.596012 86.61251 -8.473746
v 2.324327 87.61963 -8.257136
v -6.41644 87.46559 -8.662992
v 2.879986 88.26303 -7.791404
v -0.002857782 88.45145 -8.103454
v -41.33348 -53.41335 -6.587577
v -40.51687 -51.18879 -7.638769
v 21.24153 10.7884 23.14344
v 13.50401 -47.67039 28.70352
v 33.62353 -1.158633 13.82781
v -10.51316 -0.7115577 13.77846
v 5.940914 34.46755 -7.715513
v -6.294726 34.60257 -7.821843
v -7.272445 34.97166 -7.844983
v -4.952356 36.19994 -8.384886
v 17.9251 64.51268 31.94873
v 28.1371 -23.34279 25.6114
v 35.64443 47.32946 -7.998221
v 33.25135 47.32448 -7.67277
v -39.62041 47.74809 -7.094642
v -24.136 48.21799 -7.599963
v -18.77658 65.9623 31.99435
v -25.68706 48.89098 -7.377215
v -22.73327 17.31973 22.92182
v 21.33011 51.45219 -7.260838
v 33.43173 50.70327 -7.986982
v 13.75038 84.3665 8.887046
v 28.37049 66.25978 4.465898
v 30.86279 51.47139 -7.316831
v 34.78266 -52.96999 16.83673
v -15.49487 85.09184 10.28244
v 30.90142 52.94602 -7.59069
v 32.71166 55.63769 -7.934554
v 0.2615336 6.260521 12.39165
v 19.39295 57.34018 -8.152054
v -20.12082 20.24238 23.04383
v 10.93045 86.50517 7.897349
v 14.65001 -46.05717 28.74568
v 22.17556 57.09247 -7.924267
v 36.22902 57.64285 -8.546143
v 33.60406 58.83844 -8.042244
v 16.60831 21.82314 22.7136
v -16.4486 75.01548 28.15506
v 35.94494 60.43856 -6.536429
v 8.855267 87.61295 9.184966
v -49.30955 62.02712 -7.816734
v -28.92775 62.35621 -8.247308
v -47.87795 63.76178 -7.758019
v -29.40046 63.18612 -7.77532
v -20.6485 23.72372 22.09017
v 22.76684 65.02212 -6.238322
v 15.80119 23.05277 22.2079
v -11.87257 87.76936 9.984103
v -9.785989 88.09111 8.388983
v -19.43614 24.83026 22.01455
v -34.13033 65.76026 -7.201001
v -25.33461 65.6431 -8.394812
v -37.4568 65.94578 -6.903941
v -41.2772 66.54164 -7.736837
v 20.2682 67.37996 -6.597696
v -36.04559 10.72705 14.64012
v 43.69854 68.44606 -7.162295
v 24.05822 -45.80311 27.85141
v 29.47252 12.96785 14.66772
v -34.17633 13.3431 15.45386
v 58.35001 71.33915 -7.66118
v -19.35516 71.61084 -7.009866
v -4.769542 0.2008136 43.60707
v -18.59194 72.6965 -7.211182
v 14.89865 72.71991 -7.276484
v 12.60008 75.51953 -7.421257
v 12.25981 76.69369 -8.21567
v -32.4258 15.47583 15.22472
v 11.81173 77.403 -7.15615
v 7.509382 82.2999 -7.79073
v -9.146854 83.77777 -8.186394
v 6.411846 83.63623 -7.663897
v 4.34135 84.87094 -8.117054
v -30.45047 16.88531 14.9109
v 5.489447 87.01543 -7.690104
v 3.190629 85.9408 -7.944722
v 14.64397 72.70079 31.57304
v 3.94114 87.29061 -7.384072
v -3.135786 90.66867 10.18089
v -5.999443 88.81564 -7.994908
v -4.493581 88.27188 -7.981599
v -3.374517 88.94334 -8.214416
v -0.2023142 89.49378 -6.99824
v 12.46321 73.51476 32.66424
v -43.95024 -53.45713 -8.668822
v -43.05709 -53.8355 -8.771092
v -42.58197 -50.87858 -8.144342
v 11.36996 74.49793 31.93801
v -30.34727 59.72296 16.33524
v 5.236669 28.50031 -6.854441
v -46.80363 -53.29195 8.289057
v 5.838374 29.37012 -7.217182
v -8.048415 32.90086 -6.872521
v 22.86977 -43.39518 28.33763
v -7.69775 34.3519 -7.292488
v 6.804701 34.06318 -7.412303
v 29.59858 -53.73213 8.185261
v -17.4987 36.5148 -6.483202
v 17.19955 39.18118 -7.201817
v 31.99325 -53.89935 10.29409
v -7.535073 8.561263 25.62373
v -10.31066 57.2442 38.25454
v 36.27755 -53.69555 8.456988
v -37.80365 47.35607 -5.570754
v -34.67238 46.99964 -8.084336
v 36.7595 -53.92423 9.385485
v 22.54908 50.86436 26.74971
v -23.96696 43.91367 22.68376
v -10.7891 75.54476 32.55996
v -46.99023 49.675 -7.087695
v -27.40125 49.77264 -7.537213
v 18.39612 34.73959 15.00692
v 49.10268 50.78757 -7.446883
v 50.43843 50.82752 -8.182833
v 22.06372 -40.46389 29.0915
v -46.57949 -53.2234 6.671768
v -10.94879 77.53659 31.91197
v -21.1064 40.81964 23.68627
v 31.00285 55.58723 -7.19477
v 21.08212 55.64768 -7.694799
v -5.430046 -4.559333 55.39217
v 22.30209 55.85732 -7.36747
v -49.65858 58.85461 -6.743783
v 32.65705 57.26145 -7.002897
v 61.13717 60.88705 -8.454741
v -9.32561 77.27424 32.25107
v 23.42669 40.62778 14.59645
v -48.7784 61.57921 -7.040998
v 7.206081 77.42502 33.06607
v -27.76 63.05249 -7.113111
v 24.14192 53.92264 21.04478
v 61.9934 63.99701 -8.671438
v -2.494287 -6.367847 48.72979
v 4.669519 80.23085 31.78734
v -26.54873 65.90385 -6.2724
v -35.87571 65.73723 -7.550032
v -27.75406 55.57594 22.20552
v -25.35997 67.74737 -6.83956
v -3.396044 -7.032625 49.8075
v 4.615711 77.84198 33.74068
v -22.82154 67.99553 -8.732767
v 45.50568 70.0456 -7.359688
v 46.68013 69.86768 -6.990829
v 48.5322 70.72491 -7.089006
v 16.37882 71.08606 -6.696284
v 13.27512 74.9849 -8.115541
v -4.954571 80.05084 32.37844
v -36.80417 -52.82186 10.27251
v -12.71253 79.63087 -7.333282
v -28.38769 50.5983 13.73515
v 10.15716 79.91066 -7.329637
v -11.98265 84.07192 -7.798914
v 8.128016 82.80424 -7.338205
v -10.91728 85.31591 -7.84098
v 23.55525 66.07979 22.55133
v 7.221515 85.57404 -7.509793
v -9.508092 86.95908 -6.735221
v -8.954338 87.9804 -6.896485
v 1.166675 81.2617 31.458
v 31.99981 52.57921 14.33234
v -7.802608 88.85516 -6.720527
v -4.408325 89.39881 -6.784267
v -6.006162 89.49875 -6.956453
v 1.516541 89.71581 -7.009553
v -41.58778 -49.78935 -6.885219
v 23.40822 -40.72371 28.49385
v -2.336682 27.45035 -6.940314
v 0.2146158 27.41855 -6.964127
v -7.224054 29.04982 -7.460741
v -8.6269 29.32309 -6.664133
v 34.45752 54.04462 13.44873
v -50.18938 -50.83264 9.811242
v -9.041789 31.88456 -6.158168
v -29.86232 56.31694 13.59732
v 5.926396 33.86528 -7.387279
v -21.08262 41.85604 -8.375193
v 17.26668 -38.7642 29.14242
v 40.88865 47.40915 -6.586758
v 29.34535 59.8594 14.28016
v 43.15069 48.00177 -7.373756
v -43.80146 48.13678 -7.222219
v -27.45155 48.92248 -6.763527
v -49.97443 -48.28347 8.989968
v 33.90071 49.06609 -7.406367
v 47.76486 50.25314 -7.195352
v 21.39466 49.6681 -6.639572
v 50.84152 51.05851 -7.184904
v 22.12743 51.2254 -6.616556
v -2.970961 -9.793075 56.8051
v 2.785961 4.139411 34.23125
v 11.07898 83.29539 21.96668
v 24.68463 56.09754 -6.469337
v 26.74746 65.03198 14.8716
v 58.35346 56.37413 -6.734763
v 15.95161 -38.62108 27.78712
v 36.02633 -48.39306 9.522316
v 22.90067 58.10673 -7.013157
v 31.60185 59.20258 -7.110946
v -5.258297 5.43246 32.61945
v 34.03714 60.04182 -7.522797
v 22.6589 60.67829 -7.364021
v -10.72779 84.33569 22.99145
v 37.30947 61.21144 -6.322032
v -25.7776 59.14405 25.89597
v 8.893675 83.96187 23.08034
v -29.06422 62.52326 17.11576
v 32.6095 -47.67116 10.07842
v 39.33488 62.28615 -6.837596
v -30.41275 64.03922 -7.078902
v 60.26249 63.26895 -6.677322
v 23.27326 72.91561 13.90769
v 2.176215 6.408633 33.19845
v -25.98758 66.75599 -6.079878
v -40.03681 66.23555 -6.359873
v 20.7031 66.77106 -7.7836
v 5.069338 86.09068 22.78158
v 20.18383 68.33836 -5.496907
v -26.35517 9.824455 25.34527
v -25.05025 58.10929 27.4016
v 53.05975 71.29761 -7.821715
v 18.0887 70.11868 -6.568787
v 49.37189 70.59768 -6.896638
v 51.16463 70.49472 -7.215167
v 54.8063 70.05702 -5.969287
v 57.36055 70.34334 -6.144048
v -5.959969 -2.178165 37.44703
v 55.91741 70.80706 -6.39659
v -2.579483 9.987264 32.11751
v 19.94762 78.44143 15.8881
v -15.02588 77.34944 -6.945152
v -14.73648 80.68362 -7.129026
v -13.61502 78.51441 -7.340868
v 11.23639 78.72223 -6.913552
v 18.76269 79.51817 14.9414
v -11.55827 80.69097 -7.539552
v 10.16179 80.74663 -7.032009
v -13.10066 82.97107 -7.345202
v 17.21335 80.41689 14.87587
v -13.3049 84.04822 -6.679241
v 8.163056 84.74301 -7.197254
v -29.0906 -47.00917 8.813579
v 10.23293 84.13797 -6.844209
v 9.108829 85.43561 -6.389136
v -10.72604 86.42271 -7.040186
v -26.77818 -53.80538 21.70352
v 5.558643 88.05655 -6.657755
v 4.388245 88.04853 -6.555366
v -1.46376 89.89225 -7.187736
v -37.88692 -51.37687 -4.168121
v -34.00508 -53.23743 23.23098
v 12.53939 84.72785 17.52
v -15.54831 85.40669 13.56106
v -4.564901 27.27553 -6.62243
v -2.824305 -10.432 56.00194
v 24.9374 -38.66087 29.22287
v -5.428553 27.74246 -6.599455
v -25.83761 62.37963 25.948
v -7.646128 27.92535 -5.690854
v 2.919335 -1.261636 36.80596
v 27.38656 -52.67388 23.10762
v -34.63462 -52.23244 22.98261
v -47.11049 -45.15336 9.416473
v -23.00213 -52.40023 23.21858
v 8.745603 32.69974 -5.512757
v 11.4797 32.90826 -6.317697
v -8.888762 33.47964 -6.465507
v -13.6586 86.6501 14.01905
v -14.71683 33.64042 -5.043373
v 18.09667 40.5538 -6.610409
v 26.60297 -36.00961 28.1949
v 12.45082 -50.51247 23.34632
v -30.61643 -44.39186 8.31548
v -22.99376 -51.29246 22.8669
v 34.62716 46.00176 -6.228438
v -32.90389 47.2423 -7.240798
v -32.01938 46.75152 -6.237929
v -6.144163 -5.069047 49.49424
v -40.38068 47.44907 -5.406571
v -30.6361 47.31236 -6.101061
v 29.69467 47.45181 -5.840423
v 31.92072 47.33741 -6.952657
v 17.09399 -35.28709 28.04354
v -45.56293 48.95629 -5.753276
v -42.12343 48.55197 -5.567409
v -46.50645 48.87459 -7.443328
v 31.58459 48.91814 -6.382336
v 28.47741 -48.76892 22.5405
v 23.63283 50.42229 -6.292133
v 1.878343 89.5918 14.81688
v 28.96734 51.88974 -6.599586
v 3.558943 29.33585 32.77789
v 24.00936 52.52044 -6.672615
v 25.52534 52.00641 -6.182097
v 29.16976 -45.87894 21.9155
v -46.05715 -53.18607 14.30442
v -43.07245 -53.4262 15.31336
v 26.27235 55.96932 -6.55418
v 55.24588 54.24963 -6.779656
v -26.67847 -53.70705 15.64958
v -49.22956 55.16185 -5.911955
v -39.52003 -53.05003 15.42144
v 30.67289 59.304 -6.845653
v 25.28059 -44.6077 8.542223
v 58.96671 60.90806 -6.012268
v -5.362301 30.47839 32.10227
v 26.80947 -43.94029 8.949004
v 32.20678 60.4503 -6.279145
v 16.59776 -53.04582 15.79021
v -34.732 -44.90228 22.39991
v -45.20754 65.07021 -7.472854
v -35.18268 65.90672 -5.773887
v 3.571532 31.67028 33.33292
v 52.54609 68.92129 -6.408548
v -30.87007 -43.11302 8.899964
v 11.14761 27.5407 29.62259
v -2.209677 32.47792 32.64497
v -22.1447 70.84374 -5.508344
v 5.560349 31.99389 33.06838
v 16.91956 70.80214 -5.595111
v 12.16687 76.14634 -6.752786
v -16.26973 76.37436 -6.390327
v 12.02199 78.46738 -6.418828
v -16.76711 78.79507 -6.423395
v -25.39645 -51.17466 14.90808
v 11.28349 79.55353 -6.334629
v -15.06078 81.83238 -6.581279
v 11.80403 81.17585 -6.708788
v -13.58097 82.18172 -6.874455
v 12.7291 82.01975 -6.005808
v -12.46619 85.45016 -5.412333
v -27.64862 -40.56733 22.17673
v 26.45003 -33.51829 28.32511
v 7.774223 86.84878 -6.722082
v -9.699912 86.99747 -5.944583
v 3.20933 89.22391 -6.692238
v -51.00087 -53.21769 -6.327601
v -51.67587 -52.78071 -6.451102
v 27.84658 -52.46614 -6.340041
v -29.43883 -40.19809 22.74405
v 28.09928 -50.69035 -5.979678
v -43.21404 -51.69081 -6.333279
v 7.795737 33.20333 32.73968
v -0.06887732 21.24181 -6.186088
v 22.55281 66.39892 25.38634
v 2.731489 24.08487 -6.378134
v -0.2114139 24.36567 -6.707025
v 29.76741 -39.51892 23.3452
v -36.70839 -41.32186 9.273285
v -3.932759 24.56412 -6.325491
v -7.284793 23.96721 -5.411822
v -6.423491 26.27162 -6.125282
v 2.972525 27.37704 -6.601948
v -28.0662 -38.48495 22.57017
v -9.312428 29.92332 -5.15042
v 0.06502479 -4.779264 38.25435
v 7.649219 30.6805 -6.35273
v -32.16881 -39.675 22.47443
v 7.70498 32.82559 -5.952025
v 34.25738 -47.41224 15.28671
v -11.7869 -0.04909477 18.09738
v -23.80241 67.85097 26.54121
v 15.13608 35.72555 -6.289849
v -32.12193 -38.36634 23.23191
v 19.23965 41.39677 -6.470363
v -24.00384 45.73188 -5.413414
v -35.79957 46.42291 -6.333625
v 36.43513 46.36777 -6.063
v 25.31517 66.86954 17.23022
v 40.50727 46.30191 -4.570713
v -29.21067 -36.54502 22.97087
v 30.05817 49.03069 -5.607008
v -2.92499 34.33842 32.65042
v 22.13524 49.76698 -6.093495
v -25.48141 -44.18313 14.43818
v 28.28445 48.78529 -5.13913
v 48.64858 51.37771 -6.169209
v 18.38224 -43.46384 15.45507
v -36.77044 -40.279 9.116865
v 26.98222 52.08529 -5.957078
v 50.55425 52.22697 -5.900824
v -24.79512 -43.11639 15.59244
v 52.39083 53.4489 -6.606936
v 3.988235 33.71127 32.41931
v 27.46536 54.7871 -6.200465
v 28.19036 54.83847 -6.359014
v -35.76958 -35.65272 22.29816
v 27.91629 55.83465 -6.075586
v -33.09133 -34.95541 23.09492
v 31.35564 57.97808 -6.344194
v 27.26435 57.3973 -6.158215
v 25.97253 59.43322 -5.653163
v 20.38135 -42.55001 14.60876
v 23.94636 57.38658 -6.472494
v 28.91941 58.40969 -5.453817
v -27.76778 -35.91886 22.81052
v 28.06446 59.42309 -5.470166
v 31.10576 -34.40148 22.58646
v 28.86568 60.95001 -4.840882
v -47.77587 60.82919 -5.14289
v 0.1248954 -2.674969 49.01053
v -3.737463 3.003337 37.88393
v -24.67788 -36.81858 9.747079
v -46.7093 62.9755 -5.940689
v 40.13234 63.13568 -5.333651
v -25.76063 60.42675 27.13237
v 22.31078 -41.73367 14.31928
v -28.70617 64.75253 -4.960818
v 40.53264 64.94469 -7.040921
v -29.83071 64.76023 -5.574144
v 20.81456 -40.39918 14.55784
v -27.15042 -33.88652 22.22236
v -12.10932 57.33364 36.97646
v 18.24018 -30.49789 27.94117
v 25.62985 -41.59455 14.78249
v -38.52553 66.38479 -6.042546
v -13.57939 30.2219 29.01327
v 22.11554 66.49585 -5.145428
v 43.19937 67.48509 -6.252606
v -34.19164 -32.60514 23.03181
v 5.659299 34.81833 33.70333
v 47.70928 69.46267 -5.780662
v 26.29282 -39.57798 14.05197
v 58.28951 68.61108 -5.113753
v -38.85988 -34.81876 8.728616
v -29.93085 -33.03226 23.23297
v -40.30426 -33.67959 9.515887
v -17.22006 75.23369 -6.185019
v 13.98556 79.39986 -6.091849
v -34.88816 -31.11194 22.52867
v 12.63499 80.4005 -5.947
v -13.79555 83.30545 -5.459361
v 27.4015 -39.6335 14.9927
v 10.38476 84.73133 -6.198663
v -20.90542 11.13143 25.57372
v 28.89437 -38.5265 14.67151
v -8.365079 35.87149 32.94517
v 25.38458 -34.15053 9.793979
v -9.194963 87.76263 -6.279103
v -8.58046 88.46033 -5.699972
v 0.04748345 89.65073 -5.314064
v -52.15351 -53.27575 -5.906492
v -49.85077 -53.27958 -5.204187
v 27.51023 -38.07675 14.03369
v -43.26704 -52.85746 -6.266007
v -40.33564 -53.04556 -5.877559
v -40.25349 -37.68179 14.67216
v 27.06859 -52.41846 -5.926572
v 27.81014 -53.1077 -5.436953
v 28.94364 -52.4042 -5.664506
v -11.65007 59.75381 36.84779
v -39.91269 -49.94611 -6.464716
v 14.41448 -28.24859 23.84772
v -39.49347 -48.34015 -3.683735
v -0.7166894 19.54595 -5.794422
v -35.50951 -29.24244 22.70798
v -29.7102 -29.63943 22.86056
v -2.222519 21.28685 -5.965111
v 1.981134 20.71535 -5.650248
v -6.741353 8.820731 26.69707
v -2.240592 23.12456 -5.481436
v 0.3512392 22.88018 -5.754266
v 1.805354 22.61037 -5.537366
v 24.73039 70.07483 16.76179
v 25.15201 -30.96121 28.39727
v 5.240375 27.67804 -5.575651
v -21.99239 -35.14126 14.14983
v -8.338196 28.08519 -5.067357
v 14.05921 -35.61873 15.30421
v -9.618684 32.51321 -5.491981
v -29.13166 -28.01741 22.5405
v -34.95332 -27.78305 22.5641
v 32.7212 46.03977 -5.005974
v 38.924 45.8289 -5.206765
v -36.37774 -26.36405 22.41283
v -34.20119 46.43084 -5.298222
v 2.753956 36.6598 32.13963
v 4.45165 39.9189 33.03237
v -30.86214 46.70322 -5.052008
v 13.0929 -32.17043 14.36838
v 21.63735 47.57378 -5.348065
v -29.2348 47.6141 -6.066068
v 16.86342 -30.7619 8.985858
v -43.10707 49.03163 -4.358028
v -30.52328 -26.67431 22.90714
v 22.08936 -31.61231 8.818318
v -47.13352 49.16201 -5.56404
v 31.59836 -29.74523 14.5843
v 24.4106 -30.82539 28.51392
v -0.2314551 58.65713 38.27143
v 49.18994 52.37107 -5.860471
v 33.06785 -53.40777 17.93802
v 29.4465 57.14699 -5.763649
v 19.80235 -27.83638 27.64719
v 31.8756 -24.99376 22.42015
v 25.03143 60.41287 -5.258456
v -34.86211 -25.01755 22.9178
v -22.16929 -27.91935 15.56626
v 30.9581 60.85858 -5.767263
v 36.73984 61.72222 -4.27861
v -27.70915 64.63231 -5.343123
v 58.47818 67.10508 -4.801549
v 42.78247 66.16923 -5.512039
v -31.49132 -24.81008 22.91402
v -32.9557 -25.38247 22.84559
v -25.87244 69.14284 -3.95659
v -22.24882 -22.22035 15.82712
v 49.65004 69.19133 -5.802497
v 4.654455 58.44192 38.48614
v 20.83391 -27.60267 27.63704
v -3.552453 -0.4144697 48.903
v 6.137589 40.93196 32.54243
v -21.50339 13.15381 24.72409
v 19.17091 -52.81002 7.275965
v 18.91006 69.66801 -4.352879
v -14.51488 41.02732 32.52736
v -20.28428 71.70118 -5.966157
v -27.1241 70.8557 17.44543
v -41.74911 -21.05693 15.47909
v 13.72144 -21.99773 15.58904
v -17.35547 77.53682 -5.68174
v -19.04611 77.28552 -5.58263
v 12.79338 41.10539 31.99439
v 12.76199 76.72576 -6.16496
v 14.65547 -27.29942 9.012109
v -17.26198 79.27038 -5.718417
v 14.33775 79.73026 -5.843563
v -34.53681 -22.93797 22.79088
v 13.31389 80.67811 -5.569276
v 11.60006 42.37085 32.6749
v -41.44752 -18.61841 14.71523
v -22.69164 -19.15892 15.02238
v -11.14901 86.7277 -5.671017
v 4.588067 88.45001 -4.622565
v 15.47167 -18.28626 14.80153
v 3.586881 89.19551 -4.801738
v 32.02643 -18.91802 14.88022
v -48.97952 -52.5913 -5.091733
v -39.55531 -52.37056 -6.017952
v -43.75973 -51.96865 -5.150131
v -42.58273 -51.01451 -4.481794
v -50.57419 -50.97698 -5.658139
v -41.93544 -49.86028 -5.713866
v -16.93682 43.23313 32.68178
v -40.90133 -49.03286 -5.431134
v 31.15189 -17.22762 14.94284
v 4.171025 20.34335 -4.415832
v -5.765218 22.77684 -4.920659
v -16.58615 44.55666 32.49092
v 24.94924 -29.70096 28.14482
v 5.018044 23.11068 -4.815401
v -34.33297 -20.74151 22.72159
v -7.934064 24.27762 -4.945379
v -8.15195 26.28652 -5.375187
v -3.364083 1.011077 44.07773
v 32.17943 -16.19376 12.96226
v 22.04079 74.16484 17.2293
v 8.673304 29.47808 -4.997673
v 13.16812 32.80028 -4.375611
v 29.4331 -19.51389 23.2541
v -19.40533 37.57801 -3.999085
v 20.23943 -18.37158 22.59288
v -26.90468 -13.99498 15.18086
v 14.0885 45.93599 32.74845
v 20.73151 42.80695 -5.58972
v -23.43996 43.13208 -4.973899
v 21.06302 45.48634 -6.423716
v 21.84039 45.7825 -4.290153
v -24.86735 46.95608 -5.335543
v 23.10565 -29.70904 28.67449
v 23.51328 73.46557 16.09803
v -37.56399 -12.55439 14.03853
v -25.39384 -13.00312 13.98997
v 27.10418 -17.67374 22.16028
v -26.08201 47.41914 -4.930661
v -27.7793 47.91724 -5.302748
v 30.02401 -10.48505 14.73169
v 22.34296 46.71887 -4.326239
v 23.40597 -17.99063 23.51127
v -25.3939 -12.09171 14.94245
v 16.01312 -12.44215 14.83763
v 24.35286 48.3339 -5.082301
v 45.97095 49.35783 -4.120629
v -48.14643 51.01402 -5.204098
v -48.45402 54.18673 -5.450332
v 52.16979 55.0449 -4.780354
v -48.70958 55.93523 -4.845832
v 53.62438 54.94808 -5.083675
v -22.78762 -3.413 22.8413
v -18.7916 49.54095 32.48513
v 26.58586 61.80854 -4.384562
v 24.12476 61.81078 -5.116015
v -21.76628 -10.3861 14.23079
v -20.47938 -23.96716 8.559314
v 16.24291 48.64288 32.27714
v -24.37632 -2.728759 23.17065
v 23.71402 62.87372 -5.101379
v -21.2636 -10.28898 14.28517
v 58.23545 64.17315 -4.579742
v -39.69424 -51.87888 18.32616
v -28.2536 66.30669 -3.341336
v -42.21096 66.05668 -5.146402
v -36.43237 66.44624 -4.512423
v 19.89779 -3.194504 22.74487
v 43.42636 66.19821 -4.969801
v -39.36302 66.24976 -4.724236
v -37.6287 66.23479 -5.067461
v 44.82262 67.2968 -5.250771
v -26.33927 68.09671 -3.770919
v 13.6309 -9.199255 14.38864
v 50.63607 68.65746 -5.189137
v -19.12423 -8.081176 15.16219
v 52.08301 67.89559 -5.046274
v 1.510528 47.43933 35.78658
v 15.12974 74.13545 -4.780196
v 13.66214 75.22245 -5.712135
v -20.51551 75.66197 -5.186204
v 15.06318 75.48843 -5.2059
v 13.73958 76.13675 -5.305661
v 15.61649 77.2757 -4.829544
v 15.18258 78.29897 -5.522129
v 15.31443 78.78129 -5.377833
v 12.6602 -6.817753 15.13835
v 11.0793 84.65777 -4.533983
v -21.19875 54.96058 32.50105
v -10.27884 86.00399 -3.852978
v -7.660175 88.9261 -5.168739
v -37.91896 -4.729663 14.28618
v -1.308141 90.01415 -5.362769
v -52.33222 -53.41765 -4.954934
v -51.48687 -53.82565 -5.666487
v -51.73548 -51.39164 -5.308006
v -48.79129 -51.44141 -5.105901
v -42.98742 -51.65264 -3.121133
v 29.06857 -52.01583 -3.600854
v 28.53869 -51.01499 -5.187203
v 26.25116 -51.58813 -4.48834
v 32.23904 -4.736367 14.95727
v -15.4601 0.6417695 22.39228
v 17.17095 -10.15347 18.70381
v 27.03579 -50.34473 -4.931983
v -2.156301 17.4787 -4.702152
v -1.23583 18.30473 -4.765217
v -3.629398 19.36079 -5.164217
v 1.42419 19.25539 -5.471031
v 17.37203 55.6101 32.26075
v 9.459627 -2.797271 14.24628
v 32.68999 -52.93571 18.19822
v 17.65998 57.13727 32.99029
v -29.69811 1.560888 23.39112
v -22.33493 -17.64132 9.258014
v 8.958394 46.46497 35.72621
v -6.307681 59.27109 38.33054
v -42.4791 -17.8892 9.575852
v 9.264668 32.0957 -4.51166
v 13.74286 0.5859108 22.86808
v -11.1141 32.46559 -4.667024
v -16.8466 34.7002 -4.152418
v -21.13177 58.35385 32.60171
v -38.58071 -1.152292 14.31478
v 17.31423 36.18011 -2.411303
v 18.37952 38.90459 -4.827052
v -21.66616 40.38648 -4.146785
v -22.85192 41.68339 -4.785907
v 27.34715 1.023147 21.67052
v 12.38223 1.896049 22.66275
v 33.72483 45.74516 -3.958738
v -33.33729 45.962 -4.212964
v -29.4712 46.70248 -4.413022
v -9.713738 0.7752408 14.42941
v -21.22237 59.47848 32.64703
v 26.15022 48.87483 -4.494362
v 33.37868 1.899219 13.929
v -47.66085 50.04749 -4.197511
v -48.22626 51.19583 -4.131648
v -48.92133 52.46763 -3.965774
v 50.91636 52.95171 -4.996162
v 50.16062 54.00596 -4.201565
v -49.16187 55.6944 -2.952549
v -19.99838 61.71944 32.58489
v 57.98999 58.11875 -5.337472
v 6.449779 2.258877 15.42724
v 18.27958 59.09436 32.4785
v 57.73936 62.06959 -4.203471
v 34.38036 62.04395 -4.426144
v 38.52012 62.2712 -4.434946
v 32.87437 3.696411 14.0941
v 41.13149 63.72476 -5.019546
v -46.34095 64.5534 -5.139772
v 17.69148 62.52589 32.67749
v -44.96244 65.78736 -5.778448
v -41.60909 65.50834 -4.193481
v 32.4396 5.002081 15.13988
v -31.93354 65.74434 -5.181012
v 44.6149 65.85561 -4.441858
v 22.05573 67.37283 -4.483002
v -5.411591 -4.533223 41.04721
v -37.71391 5.659778 14.75516
v 46.0979 67.58052 -4.490496
v 48.00047 67.85524 -4.610025
v 49.16451 67.44678 -4.770092
v -31.49552 5.725164 22.78739
v -0.8301142 7.438584 14.0509
v -24.384 69.71576 -5.125501
v -22.92663 69.91247 -5.303948
v -1.921514 7.475229 13.93248
v -19.38751 63.78795 32.4723
v -19.66015 73.34376 -5.086026
v -23.68481 -11.991 8.685895
v -1.131543 -4.793741 53.77454
v -39.58651 -49.38359 18.82136
v -5.356258 4.227211 28.43747
v 15.89937 78.75964 -4.73302
v 14.74898 80.50519 -4.624828
v 9.489733 85.43535 -4.930764
v -9.375293 86.74046 -4.559175
v -8.489298 87.7607 -4.326454
v 16.21647 65.9153 33.17517
v -6.718402 88.61335 -4.014418
v -5.937346 89.50556 -5.333647
v -4.570338 89.53262 -5.494224
v -3.375692 89.94461 -5.23956
v 1.757077 89.57449 -4.276396
v -41.04669 -53.36139 -4.76154
v 26.5782 -52.47744 -3.725459
v 28.28016 13.68387 14.62414
v -41.81158 -49.92199 -3.699198
v -38.49472 -49.39473 -4.342216
v -8.067109 7.991285 22.92989
v -50.23091 -49.95926 -4.769657
v -1.588708 16.11409 -4.84416
v -3.785124 16.07754 -4.551364
v -6.046 18.08022 -3.51758
v 0.9707599 17.72902 -4.302513
v -3.754887 18.13491 -4.342411
v -21.80871 -9.66498 9.136215
v -6.846336 19.68074 -4.305524
v -6.38521 20.88754 -4.969585
v -16.88855 70.01215 32.38482
v 23.47196 10.08656 23.49197
v -6.938825 22.47722 -4.26051
v 6.039661 25.61321 -4.822087
v 7.632467 28.26142 -4.445262
v 15.38147 70.58715 31.38759
v -10.75291 30.80038 -4.509021
v 11.68762 32.01088 -2.661246
v 20.33779 21.68555 15.26424
v -49.14751 -53.42972 9.40543
v 0.5322371 -4.798124 44.30063
v 4.479991 60.07425 39.05775
v -19.08301 -6.875268 9.028803
v -5.772146 7.42091 28.12917
v -20.89982 38.73432 -4.423213
v 19.12567 40.23135 -4.180815
v -40.12756 -6.691444 9.389654
v 5.468229 45.7723 37.17557
v 35.05952 45.59506 -4.651795
v 31.10211 46.08247 -5.246613
v 39.89463 45.76521 -3.08202
v -37.0087 46.29205 -3.104739
v -34.80616 46.35743 -4.192419
v -37.02617 46.69647 -4.921244
v -23.05656 -48.11095 19.88126
v 27.76378 47.50936 -4.757141
v 18.10333 27.84693 14.53081
v 51.58883 55.82651 -4.027207
v -41.05955 -47.16135 17.20145
v 56.33132 55.62264 -6.091071
v 18.98171 30.03459 14.85974
v -48.97635 58.49978 -3.026831
v -48.41676 60.35599 -2.630771
v 56.99057 59.92115 -3.985576
v -47.87253 62.05137 -3.740519
v 24.45199 64.55015 -3.377503
v -19.78245 33.96398 16.24946
v 23.67962 64.4611 -4.244538
v -43.59656 65.55425 -4.126019
v -33.73467 65.67429 -5.266808
v 44.14951 64.8626 -3.670572
v 9.790172 75.33676 32.35257
v 35.08662 -4.433769 8.600619
v 50.79868 66.63774 -3.937826
v -2.216909 0.8351519 44.98529
v -24.07354 16.33754 22.80726
v 8.515177 75.65006 32.40755
v 55.56541 68.36435 -4.054162
v -23.14056 70.82323 -3.492902
v 18.32654 69.90142 -3.634845
v -21.51904 71.73664 -4.152829
v -20.89732 72.62733 -4.622262
v -9.322288 75.88857 32.82231
v -25.98207 42.22572 16.00372
v 16.79532 76.35871 -4.690607
v -17.682 78.62301 -4.828254
v -16.84666 80.47227 -4.636494
v -15.18825 82.45912 -4.843639
v 13.09142 82.5205 -4.422635
v -13.36848 83.10793 -4.100817
v 8.589612 86.87943 -4.74949
v 6.376079 88.16948 -4.659534
v 1.260197 14.82797 29.44323
v -4.936224 -5.313937 41.4376
v -51.77639 -53.21068 -3.69638
v -51.52929 -53.67867 -4.00952
v -48.18084 -53.57855 -1.255995
v -42.67083 -52.50056 -3.345773
v -46.84782 -52.64525 -2.840388
v -38.2001 -52.48248 -3.934213
v 28.80705 -52.66996 -4.256382
v -51.49371 -50.75078 -3.865608
v 28.69521 50.30902 14.22279
v -2.104508 14.30913 -3.562092
v 0.1064106 15.87945 -4.503741
v -3.852097 84.90892 25.88295
v 30.85026 51.66327 14.6277
v 3.797714 18.71568 -4.136952
v 4.135357 21.93976 -4.226513
v -9.135729 28.88719 -4.777564
v -9.180024 60.69829 38.39871
v -29.26651 56.00712 15.4526
v 33.26773 55.20005 13.91384
v -18.45712 29.7626 23.18919
v 14.61348 -47.29224 19.03821
v -24.04807 44.68176 -3.237911
v -18.9292 32.46204 22.95423
v -29.51515 59.28812 14.61779
v 31.19935 58.97784 14.26494
v -18.85706 33.21181 23.41049
v 25.29661 47.58659 -4.209862
v -39.38737 47.59498 -3.393123
v 16.55679 33.25638 23.27017
v 28.30841 59.05618 15.52456
v -48.86116 52.62947 -2.864751
v 49.0941 53.82342 -4.150323
v 50.02672 55.07624 -3.455127
v 27.80712 62.11773 15.19953
v 54.86731 57.19965 -3.591707
v 55.72092 57.84943 -3.755116
v -8.628587 12.08283 28.22446
v 27.77554 61.74038 -3.944111
v 34.54657 62.52585 -3.065376
v -30.4899 62.44555 14.56095
v -40.08307 -45.71327 18.459
v 31.97769 62.52953 -3.767104
v -5.064024 -3.18369 54.32939
v -46.9092 63.50188 -2.823457
v 41.38479 63.8123 -2.88273
v 43.08148 65.00992 -3.851421
v 1.489572 85.12941 25.97753
v -29.02839 65.64294 14.01791
v -39.07916 65.75989 -3.579419
v 52.27262 66.51188 -3.055366
v -26.32042 68.49823 -3.338036
v -7.46055 12.36234 28.14024
v 19.96135 68.88734 -3.75801
v 16.15873 72.49298 -4.386099
v 24.66016 71.32425 14.71551
v -24.1717 42.49269 23.44389
v 14.19995 16.47868 25.26625
v 0.9967973 -1.766331 33.09443
v -22.02026 74.86383 -4.459096
v -18.7531 78.31384 -3.929956
v -17.3131 78.83989 -3.439688
v -16.03118 80.39335 -3.615393
v -25.27346 73.12121 14.57235
v 14.34798 80.57823 -3.501319
v 13.66925 81.29497 -4.569028
v 11.2116 83.88482 -3.240257
v 9.87352 80.96468 28.6184
v -11.68993 85.30109 -4.085394
v 22.764 74.75674 14.6694
v 2.877323 0.1137101 33.61466
v -24.31116 75.75115 15.15745
v -47.57288 -53.29638 -2.196272
v -38.54706 -53.10663 -2.912018
v -46.50735 -51.45699 -3.192381
v 23.7786 -53.47033 26.36376
v 25.9046 -49.03083 -2.585456
v -48.96156 -48.67759 -3.29395
v -41.07256 -48.96136 -4.069835
v -4.111966 12.36555 -3.472252
v -2.180537 12.20806 -3.705952
v -19.96136 79.3651 14.73179
v 0.07904987 12.60066 -3.606512
v -18.70371 80.09505 13.86658
v -3.878122 14.15871 -3.3193
v 0.7516932 14.04618 -3.154975
v 2.784035 14.78547 -3.063075
v -1.399223 48.01779 35.83389
v 24.56821 54.02849 22.925
v -28.25364 54.07355 21.80755
v 3.160608 15.75868 -3.227972
v -17.14402 82.28314 14.93297
v 5.10615 22.01327 -2.613255
v -8.931556 28.25632 -3.637159
v -2.421165 8.19762 33.45242
v -11.87102 32.26432 -3.989237
v -13.40713 32.98409 -3.532353
v 25.25642 58.09756 22.6764
v -11.9948 12.85599 27.96371
v 14.81946 34.26867 -4.54813
v -18.7999 36.20407 -2.965923
v 32.81028 7.180415 9.580882
v -20.79406 38.50254 -2.333019
v 20.64036 41.29815 -3.598881
v -23.02429 41.91662 -2.865762
v 35.47848 45.04355 -3.790794
v 24.87682 63.2718 22.30787
v 36.98167 45.50848 -4.028712
v 22.77345 45.82261 -3.086495
v 29.25798 46.17563 -4.125138
v 27.6571 46.22011 -2.884595
v -28.01121 47.26494 -3.45343
v 25.70364 46.82603 -3.113428
v 26.43456 47.39894 -4.00507
v -11.59694 86.83274 14.48184
v -10.59889 88.17877 14.37763
v -44.97896 49.29002 -3.849173
v -47.60896 51.01797 -3.512036
v -0.803008 26.96796 32.70447
v -0.9475708 -5.697479 43.91122
v -6.500657 63.60677 38.67914
v 52.97658 56.67254 -3.324983
v 30.78212 10.36207 8.64922
v -2.292568 29.07868 33.15959
v 6.911611 10.51637 26.74394
v 27.92781 62.95094 -2.482269
v 30.18062 62.38948 -3.264749
v 0.1048877 28.0153 32.56134
v 41.91048 64.13718 -3.591507
v -45.94169 65.0132 -4.023719
v -43.81246 64.75618 -2.714626
v -41.15304 65.51604 -2.670199
v 45.04202 65.31964 -3.405083
v 21.01376 72.70426 24.15948
v 48.62893 65.80121 -3.419351
v -32.5695 65.95484 -3.722496
v -34.55566 66.31835 -3.358316
v 47.11408 66.52347 -3.384581
v -1.192118 29.21148 32.89836
v 54.68791 67.92272 -4.078341
v 21.18177 68.60497 -1.928934
v 16.49492 73.11319 -3.900894
v -22.47159 73.58651 -3.753736
v 17.92325 75.99538 -3.950282
v -21.11021 76.40141 -3.244513
v 17.82692 76.84784 -2.748927
v 16.74985 77.55345 -3.444032
v -41.34158 -52.11809 16.84775
v -43.75454 -52.96305 15.51773
v -2.233839 30.91318 33.31004
v 12.91323 82.48481 -3.664035
v -14.36 82.49881 -3.738139
v 12.57563 -52.41291 25.95235
v 9.613319 84.60694 -3.176824
v -28.70664 -53.13 17.08574
v -11.9652 85.96822 -2.967216
v 8.895783 85.47562 -3.195471
v 3.823394 87.81604 -3.580416
v -6.118496 89.20772 -2.952338
v -4.128271 88.53709 -3.720867
v 0.04335046 88.71491 -3.590856
v 36.12527 -53.19124 -3.32721
v -41.87003 -53.26556 -4.438489
v -36.11353 -52.0601 -0.9086519
v -16.62915 80.97291 22.61214
v -14.98533 81.67764 22.37696
v 14.02756 81.46339 22.06951
v -25.99982 -53.26518 15.57615
v 25.29897 -49.97979 -2.855318
v 27.5254 -49.73719 -3.759529
v -11.04716 58.76612 37.07023
v -37.75308 -8.775031 -3.211548
v -36.31189 -7.451794 -3.179563
v -24.82872 63.98552 27.4408
v -2.982077 11.133 -3.094299
v -0.7832675 10.42685 -2.220174
v 6.343288 64.03736 38.3275
v -5.805779 14.10612 -2.542431
v -26.20623 17.65648 9.555474
v -6.462855 15.76539 -3.49837
v -46.36241 -50.73007 14.49697
v -2.197426 -1.378666 50.75165
v 2.606643 17.47266 -3.554496
v 7.029632 85.64416 23.30213
v -44.34025 -51.21952 15.51556
v 6.956622 27.7513 -3.038929
v 8.887189 28.52251 -2.879099
v -11.5056 29.28722 -3.199674
v -45.17334 -49.15978 14.87171
v -12.6383 31.70079 -3.078324
v 9.636568 31.24932 -3.571531
v 24.15108 -49.76811 27.14556
v 14.44782 33.32233 -2.638421
v 4.352896 86.24907 23.87017
v -40.83467 -11.82601 9.250118
v -20.19374 37.86969 -3.045582
v 16.6736 37.87269 -5.77265
v 21.89353 43.28575 -2.470005
v 35.67565 44.77591 -2.525947
v 31.84801 45.44983 -2.967727
v 17.26454 -47.70064 14.10506
v -34.3631 45.78466 -2.910989
v -2.835225 47.24289 35.99215
v -31.82954 46.23141 -3.662337
v -24.64361 48.87206 24.73733
v 42.23602 47.46233 -2.931271
v -38.62764 47.00514 -1.942198
v 20.45794 22.28678 9.765878
v -46.17849 49.88471 -3.975619
v 19.80087 23.08735 10.01258
v -43.38319 -47.6639 15.37782
v -30.22441 -53.53619 23.319
v 50.29106 55.76835 -3.014464
v -28.50803 -53.66477 24.42875
v 54.94137 58.33441 -3.029481
v 56.50835 61.13359 -3.396032
v 17.90783 23.71593 8.801789
v 30.6212 63.07114 -2.24022
v 32.9268 63.27612 -1.920419
v -45.3687 63.60765 -2.576303
v 24.86789 -47.51467 26.85796
v 42.07498 64.05544 -2.687181
v 14.37032 -53.25009 22.414
v 49.97465 64.75533 -2.662351
v 47.11272 64.92259 -2.757852
v -39.03952 65.78732 -2.534168
v -0.3882375 48.27352 35.16639
v 23.78019 66.3458 -1.866569
v -36.9621 66.10912 -2.834759
v 56.48192 67.96007 -3.783237
v 18.6839 -52.78251 23.13659
v -24.16002 70.75947 -2.790902
v -20.48226 27.5527 8.440713
v -23.0457 71.72677 -3.067033
v 17.77037 71.385 -2.868909
v -24.90915 72.34242 -2.70944
v 18.25717 71.94704 -2.678962
v 19.11153 73.29096 -3.14143
v -23.91689 73.6124 -3.153125
v 28.05019 -50.68422 23.13614
v -18.63185 77.96062 -2.676944
v 19.02111 -12.20272 18.72019
v -40.31251 -43.04544 15.9899
v -16.79102 80.35639 -2.26895
v 13.57552 80.36835 -2.774415
v 12.73555 82.38529 -2.713953
v 11.39546 83.63311 -2.659711
v -20.30953 30.70921 9.510577
v -10.42138 86.46395 -2.549775
v 5.356341 87.39458 -2.995728
v -9.829519 87.67415 -2.995555
v -9.234933 88.19329 -3.13613
v 2.611023 88.46233 -3.075203
v -1.922375 34.54197 32.54041
v -2.300566 88.99892 -3.584759
v 1.417485 88.69339 -3.295757
v -20.14845 31.54768 9.088062
v -51.36918 -53.18473 -2.773769
v 15.887 -40.19917 16.69902
v -45.05575 -51.97233 -1.419926
v 36.42694 -52.02493 -2.804729
v 27.94166 -46.51231 23.93386
v 28.59656 -50.9936 -2.610561
v 19.56481 -40.71198 14.77781
v 26.87988 -41.7285 15.66239
v 27.7652 -49.66669 -2.659095
v -40.74753 -49.20527 -1.567725
v -3.531721 35.70731 32.83198
v -49.82349 -48.86938 -3.047286
v -34.48361 -45.57351 23.01883
v -39.55913 -11.22131 -2.613735
v -1.482901 -7.285436 51.13948
v -37.28609 -10.08473 -3.044006
v -20.22336 34.37126 9.888245
v -38.96608 -6.987365 -2.559976
v -40.93357 -7.14724 -1.641074
v -25.39589 -46.25501 23.88682
v -18.77692 20.94667 24.70467
v 18.67455 -41.20564 15.58494
v 26.9966 -6.614986 -2.67933
v 25.40105 -45.77249 26.72586
v -34.17816 -3.933686 -2.525372
v -31.5475 -4.553185 -2.494544
v 28.12596 -4.683846 -2.294332
v 18.90876 35.23877 9.083132
v 26.11878 -5.217702 -2.536123
v 23.39387 -2.521737 -2.573913
v 25.80814 -2.190303 -2.785988
v 28.61986 -2.853399 -2.162254
v -32.93892 -2.159165 -2.207951
v -31.68594 -1.519749 -2.759854
v -26.81687 -44.35519 22.28873
v -29.84733 -2.536247 -2.534639
v -32.54897 -1.054641 -2.47097
v 15.89052 -37.91751 14.96682
v 0.003046445 48.92192 36.75582
v -31.30663 -43.96944 22.86041
v -30.27194 -0.5113463 -2.535162
v 24.74576 0.9743063 -2.616423
v -29.99343 0.7312856 -2.590467
v -2.149913 10.15119 -1.928692
v -0.103581 11.45825 -3.235644
v 2.257945 12.11456 -2.115975
v 2.439246 13.42337 -1.997656
v 3.250306 14.62883 -2.632919
v 14.94731 -44.0229 22.52873
v 3.335241 17.26609 -2.915789
v 28.52909 -36.79971 14.2718
v -7.767922 20.71324 -2.528222
v -7.454031 22.24524 -3.024903
v -8.293761 23.72889 -2.821721
v 6.940184 27.05304 -2.580236
v -10.32006 26.30439 -2.421599
v -3.518721 36.84503 32.70391
v -8.643196 26.35304 -3.418786
v 20.48757 38.27508 10.08968
v -11.48814 28.27585 -1.733956
v 30.37105 -34.67294 14.87636
v -0.4742617 36.79105 32.67107
v 10.90661 30.53899 -2.148531
v -23.50602 39.07634 8.667789
v -22.23839 -32.39862 15.99112
v 30.43232 -33.86662 14.32518
v 14.05167 33.02557 -0.9886639
v -15.8608 34.30652 -2.567986
v -17.18976 35.42308 -2.087821
v -41.15641 -32.04059 15.00542
v -28.83742 -43.38717 23.01098
v 31.75931 -49.02513 18.60197
v -19.93186 36.16367 -2.196432
v -21.41315 39.34585 -2.612975
v -31.6853 -41.50031 22.78712
v 14.93248 -41.08631 23.11152
v 32.62248 44.63053 -1.917111
v -33.12084 45.95561 -1.95887
v 12.38705 -30.05577 14.84646
v -30.37257 46.00429 -2.426398
v 31.0768 -31.3081 14.81677
v -40.45833 48.22616 -1.56443
v 0.7374356 37.28805 32.56055
v -42.0139 48.42577 -2.824517
v 47.79953 51.55192 -4.029433
v -30.96927 -38.15213 23.32728
v -47.12114 52.33733 -2.226697
v -48.18396 52.13692 -2.467202
v -6.071581 37.62817 32.8859
v 51.06715 57.62079 -2.958251
v -29.61407 -38.26186 23.39865
v 56.41152 63.591 -2.910975
v 13.76904 -37.88733 22.74274
v 25.6091 45.7797 10.49108
v -42.54896 64.86254 -2.67179
v 11.93005 -26.74752 15.66383
v 26.4498 46.30955 10.496
v -32.68316 -36.95038 23.14081
v 53.97937 65.52599 -2.134681
v -26.38782 68.36645 -2.984954
v 20.14415 69.15987 -1.647955
v 18.49413 71.03738 -2.320684
v 20.02554 72.0288 -2.320177
v -23.768 74.52962 -2.276046
v -31.58652 -36.06943 22.86967
v -22.20675 74.53193 -2.960315
v 19.35195 75.28848 -1.800229
v 32.44555 -24.45454 14.24641
v -41.92872 -23.50744 14.51108
v 15.39542 78.87317 -1.966095
v 15.96164 79.37388 -3.299014
v 7.558125 86.58473 -2.993808
v -0.4530587 -6.157831 50.66698
v 33.52767 47.04377 10.34536
v 4.025977 87.70427 -2.892533
v -7.813301 88.97508 -0.9504783
v 34.72654 -53.53697 -2.453567
v 35.98409 -54.19745 -2.93153
v 37.24279 -53.50967 -2.358143
v -40.62301 -53.55942 -2.738273
v -22.1341 -20.62731 14.68512
v 36.85057 -52.4552 -2.041409
v 34.60876 -51.84301 -2.48385
v -50.34903 -50.53494 -1.024242
v -35.98005 -51.11508 -1.30696
v -29.85794 -34.5497 23.03149
v 35.14645 -50.53617 -1.730739
v -50.28574 -49.39235 -2.217782
v -47.65125 -49.23425 -3.280146
v -39.29016 -48.00841 -1.254001
v -37.62981 -12.48862 -2.492577
v -40.91548 -12.08166 -1.60888
v -32.34149 -32.8558 23.00084
v -31.37037 -34.18034 23.15341
v 22.91654 -8.902585 -1.724399
v 25.21253 -9.048188 -2.05346
v 27.65644 -8.377713 -2.290308
v -34.25816 -6.533992 -1.936672
v 24.70902 -6.335696 -2.299987
v 29.22431 -7.228112 -1.920662
v -33.18578 -5.793043 -2.445571
v -31.00122 -6.938862 -2.187522
v 1.54117 53.49478 39.09457
v 28.86462 -5.776288 -2.29513
v -8.545794 38.92837 32.47285
v -28.41359 -3.872152 -2.335475
v -30.98 -3.666425 -2.238996
v 21.72082 -3.297905 -2.53541
v -34.95459 -1.838399 -2.143898
v -27.12602 -2.482232 -2.020661
v -33.99187 -0.6237066 -2.586242
v -26.39196 -1.325837 -2.206903
v -28.26245 -1.069993 -2.196155
v -32.52945 -31.40838 23.14523
v 21.50582 -1.698059 -2.326564
v 24.8786 -0.8908669 -2.480116
v -28.92718 0.1592699 -2.61445
v 22.07349 0.29799 -2.410725
v 37.65927 49.30321 9.254886
v 20.52945 -0.1768364 -2.372971
v -31.59334 0.3745944 -2.159735
v -24.81027 0.7659158 -2.186371
v -30.90459 1.216323 -2.306873
v -28.29242 1.469526 -2.370265
v -29.43671 2.381842 -2.103298
v -28.97967 -31.6289 22.74704
v -32.52585 2.029928 -2.328524
v -3.531868 -5.68392 44.23486
v -34.16188 50.12544 9.320587
v -26.42299 3.915332 -2.218224
v -35.99867 51.25615 9.095944
v -5.954428 11.55098 -2.571949
v 21.26136 68.19245 26.67809
v -32.84657 -30.21812 23.01625
v 8.519142 40.03578 32.48341
v 38.51778 51.2965 8.503882
v 4.389076 15.62457 -1.539837
v 4.696011 18.21928 -2.13845
v -7.2605 18.53062 -2.271403
v -31.1644 -31.24401 22.96706
v 29.78831 -13.69086 16.22654
v 7.611087 22.44341 -1.499096
v -9.05603 22.5555 -1.950131
v 5.881068 23.30362 -2.813712
v -11.18389 24.3468 -1.911969
v 10.54846 41.02873 32.98735
v -26.5849 -12.77859 14.82206
v 8.620744 27.75286 -1.654854
v -14.82244 31.91943 -1.394853
v -35.53175 -12.47868 15.39863
v -37.25506 55.11358 9.489603
v 17.14971 35.45467 -1.086578
v 17.89387 37.73107 -2.108241
v 19.37137 38.50175 -1.13791
v -24.24324 -11.00346 15.33314
v 37.44712 45.55598 -1.992797
v -25.97188 46.2953 -2.88514
v 22.62692 45.39453 -2.179332
v 29.24912 45.46365 -1.927897
v 41.37455 45.81443 -2.165799
v 14.38548 -10.42112 15.3243
v -35.49425 46.11846 -2.956214
v -31.48096 -27.96891 22.99746
v -30.48576 -28.01253 23.15572
v 24.00243 44.99508 -0.676936
v -27.3901 46.55189 -2.076746
v 9.159667 9.838116 26.55389
v -33.14196 -28.44925 23.25759
v -23.0658 -9.995945 15.59722
v -45.93375 51.65655 -1.895264
v 12.10525 43.71815 33.42063
v -48.69373 54.23114 -2.194964
v -48.77543 55.50812 -1.702254
v -19.53419 -9.838165 14.28647
v 48.83777 56.52864 -2.278204
v 48.69405 55.38722 -2.613427
v 31.24084 -8.770063 14.59519
v 49.59444 58.38374 -2.345314
v 53.17012 58.32703 -2.245403
v 51.06305 59.22762 -2.35978
v 40.39703 63.04595 -2.623705
v 12.99769 -7.914429 15.47926
v 43.60174 63.70317 -2.817683
v 48.17299 64.12302 -2.864136
v -44.02464 62.36615 -0.8877202
v -23.60598 -32.55631 19.01101
v 45.37671 64.29804 -2.223815
v 26.18474 64.27884 -2.718235
v 14.27265 -26.74397 22.60782
v 55.38643 65.08193 -2.302681
v 56.07494 66.20212 -2.842243
v -36.14713 66.21597 -1.069436
v -35.27552 66.09477 -1.911888
v -30.6038 65.61649 -3.662303
v -29.18308 65.93843 -2.785785
v -27.44992 67.28671 -3.478689
v 18.90512 69.28716 -2.211216
v -25.63119 69.62754 -2.197908
v -17.73728 46.16988 32.80548
v 20.51755 72.48308 -2.096595
v -24.79465 73.50524 -2.568082
v -21.25852 75.27937 -1.918565
v -37.10472 -5.393593 14.89466
v 16.69449 76.902 -1.734947
v 38.07012 57.51837 9.771101
v 23.95196 -37.66233 30.01106
v -15.09856 81.12656 -2.48043
v -33.9149 -26.28631 23.09153
v 6.019104 88.11682 -1.653544
v 10.06793 -4.259796 14.02453
v -36.18659 60.15507 8.959011
v -2.617737 89.60017 -2.240364
v -0.2853263 89.62637 -2.483503
v -7.286482 88.56241 17.61148
v -44.01969 -52.71312 1.073895
v -42.07495 -52.56804 -1.232197
v 27.63255 -52.45167 -1.725215
v -42.23058 -51.69528 -1.82063
v 15.57141 50.47837 33.07568
v 33.71771 -50.37158 -1.380272
v 36.23035 -50.64867 -0.9161105
v -41.35706 -50.11816 -1.02091
v -4.375526 -4.818498 43.87676
v -4.942128 88.48831 16.63887
v 30.56748 -14.15298 -1.774615
v -39.55777 -13.3777 -1.699947
v -51.94312 -52.57107 7.795156
v 28.91134 -13.52277 -1.73493
v 8.479972 -0.8131692 14.93248
v -35.53191 -11.41725 -2.12023
v -40.72275 -9.805746 -2.310194
v -34.83992 -8.653195 -2.209555
v 19.05172 -19.18573 23.41939
v -33.45484 -7.046257 -1.986335
v -31.92881 -7.846534 -1.771103
v -28.61775 -6.784672 -1.751741
v 22.72173 -6.875002 -1.951069
v 19.72094 -5.438268 -1.571037
v -38.93088 -4.959104 -1.552944
v -35.92695 -6.932378 -2.783278
v -28.86098 -5.055938 -2.062765
v -26.25992 -4.709174 -1.657552
v -36.14472 -2.646792 -1.906835
v -15.79472 33.71749 28.45272
v 18.33234 -2.713646 -1.186696
v 17.26363 -42.07114 28.94118
v 17.963 -0.4907198 -1.588944
v 26.98478 -0.3139023 -2.076369
v -22.89717 -1.634622 -1.213206
v 30.9179 64.78493 7.899738
v -25.47733 -0.5576173 -1.97875
v 21.17088 -3.041885 23.10531
v -26.74081 0.7452845 -1.997165
v -35.67566 0.3213609 -1.843184
v -33.11843 1.147044 -2.169309
v -25.12897 2.572418 -2.043813
v 10.88962 22.57363 28.76243
v -23.31338 2.38381 -1.878075
v 19.68867 1.72923 -1.827562
v 26.14131 2.93482 -1.66435
v -34.48582 3.293266 -1.339685
v 23.07603 2.859473 -2.083838
v 22.72762 -2.204081 23.28072
v -31.27775 3.117851 -2.025394
v -17.56896 -7.901259 10.38909
v 29.78916 65.7125 8.534379
v -30.38338 3.754465 -2.071616
v -27.20489 5.063739 -1.771448
v 21.50938 3.923829 -1.98452
v -31.67086 4.629357 -1.643924
v 14.58397 56.27225 34.45898
v -6.380766 3.73673 14.88655
v -20.93418 -2.451185 22.80458
v 25.86224 -40.46229 26.78354
v -28.20473 5.767637 -1.719267
v -0.1789298 89.38911 17.47548
v -12.34546 50.81931 36.35607
v 19.21281 -1.74471 23.07395
v -24.58956 5.453966 -1.789309
v -2.551805 8.751331 -1.67238
v 0.2064141 9.815287 -1.12466
v 1.483246 10.6879 -1.89695
v 26.87119 -10.56915 18.36193
v -27.74271 -2.165111 22.86323
v -3.232722 6.98667 15.88811
v -7.019166 15.28813 -2.080188
v -19.44671 56.91891 32.81324
v -7.493889 16.28018 -2.015882
v 4.345231 17.1715 -1.688122
v -8.567868 18.12305 -1.51384
v 6.478353 18.25843 -1.596055
v 5.286822 20.20365 -2.376957
v 17.68294 -2.123135 23.04696
v 6.60025 20.03034 -1.92706
v 8.970678 19.27552 -1.332472
v -9.217351 21.18893 -1.926781
v -19.70645 58.26556 33.05577
v -11.98778 23.16989 -1.761355
v 7.775929 24.52886 -1.595459
v -11.61476 25.01639 -1.465234
v -29.15136 68.3657 9.20052
v -12.86805 28.98382 -0.9422569
v 11.62969 28.78482 -0.6520528
v -13.13555 29.6604 -1.858411
v -16.57627 33.96541 -1.107653
v 24.98235 -0.6959854 23.11287
v 31.13114 9.449241 14.90195
v -16.53904 28.92742 26.37025
v -24.44025 43.869 -1.608523
v 31.01336 44.82755 -1.182437
v 33.79198 45.05609 -2.531849
v -20.28594 59.84004 32.83273
v -19.89385 59.85961 33.03697
v -31.54395 45.71785 -1.068223
v 41.71918 45.7753 -0.6268337
v -36.85541 46.51458 -1.110015
v 43.19631 48.21542 -1.197213
v -43.76454 49.88022 -2.653591
v -46.16453 52.87608 -1.213822
v -28.50253 0.4186401 23.29528
v 48.066 57.30261 -1.44352
v 48.82698 59.47898 -1.610911
v 54.05382 60.45453 -1.900424
v -23.81295 -29.03782 19.24732
v -47.93748 61.4224 -2.055262
v -47.51776 62.52245 -2.2067
v -17.38669 -0.1116779 23.07591
v 49.14343 62.67062 -1.865319
v 16.5123 -0.4864797 23.71216
v 20.31623 76.03757 9.647982
v -0.5520811 63.19819 38.88768
v 37.88365 62.0267 -2.270731
v -42.51868 -52.81234 7.026219
v 53.91052 64.57287 -1.759186
v 43.87516 62.84471 -0.8742922
v -28.80616 16.97723 16.31292
v 31.30515 63.53971 -0.8176908
v 46.73118 63.83588 -2.003574
v 50.863 64.04147 -1.489062
v -41.70043 64.29962 -0.8536144
v 28.03388 -31.98327 26.54573
v -28.35521 66.21749 -0.8769556
v -16.16934 1.159612 22.65197
v -25.96742 20.24462 14.12084
v 19.56321 69.78929 -1.31534
v -24.95802 70.54054 -2.013554
v -17.97929 67.04304 32.92985
v 20.87689 71.24843 -0.9150318
v -20.79437 77.74688 9.354348
v 16.15497 77.44534 -1.877153
v 9.953631 51.18122 36.08642
v 26.61165 2.593296 22.7695
v 13.92177 79.78954 -1.914068
v 11.0113 84.18103 -1.823553
v -22.15172 23.76291 14.67089
v 10.00171 84.88112 -1.55106
v 5.249097 88.258 -1.588452
v -5.219812 89.34654 -1.155326
v 2.739019 89.1873 -1.992435
v -1.46421 90.03827 1.1201
v 1.354406 89.6278 -1.133808
v 34.0863 -53.72734 -0.9571457
v -49.50684 -53.314 -0.8369936
v 13.55133 3.762897 23.67439
v -36.49379 -52.68191 -0.624433
v 25.54112 -52.46334 -0.7983267
v -14.15708 3.50779 23.55337
v -20.81469 28.87077 14.46283
v 25.98787 4.318019 23.19457
v -23.94649 -45.97603 19.06158
v -30.94192 3.908131 22.8214
v 23.3347 -50.88366 -0.2964741
v -20.36014 30.6587 16.40306
v 17.26553 80.81474 10.30327
v -36.24867 -49.54191 -1.517369
v -3.703017 6.838865 18.13926
v 26.88913 -48.85804 -1.399748
v -19.97869 33.45697 14.09837
v 14.10995 68.53704 33.86722
v 29.72637 -16.18346 -1.469034
v -13.05493 6.14497 24.40455
v 19.93495 38.03439 16.34181
v 31.46549 -11.05947 -0.8162012
v 30.32386 -11.44969 -1.005364
v -33.42189 -11.40628 -1.142528
v -22.78807 40.00694 16.62854
v 26.00493 -11.15145 -1.421706
v -31.9747 -10.26698 -1.056614
v 27.23512 -9.887066 -1.385314
v 7.42418 4.702972 22.84855
v -33.67763 -9.787216 -1.600605
v 23.97613 -10.50829 -1.138269
v 24.65842 5.429799 23.83395
v -9.862859 6.371126 22.50161
v -29.57026 -7.867842 -1.654266
v 30.22264 -6.30604 -1.354457
v -27.17098 -6.250162 -1.097064
v -24.29274 41.65224 15.69978
v -36.1486 -4.455658 -1.357708
v 29.63156 -4.32796 -1.162843
v -25.68617 -3.437754 -1.560545
v -24.16779 -2.889332 -1.456821
v -14.33909 73.31496 32.3245
v -13.78114 31.70827 28.29812
v 16.87185 -0.704074 -0.9425672
v 29.27356 -1.236983 -1.307662
v -21.45492 0.3564332 -1.13426
v 27.72372 1.031704 -1.383193
v 17.64084 1.093467 -1.312476
v -21.24665 2.039183 -1.036742
v 19.04832 3.232331 -1.923834
v -33.31184 4.250783 -0.9830414
v -23.47062 3.795779 -1.505956
v -6.831473 7.636529 22.53585
v 33.47396 -25.25463 18.10077
v -5.553834 -1.752655 50.08448
v -9.13111 8.124181 23.20569
v 24.76958 4.751627 -1.697561
v -29.60611 6.556137 -1.297986
v -22.60222 6.811907 -1.384683
v 19.71753 5.576099 -1.39992
v 9.949773 74.4749 33.57037
v 21.15574 6.146837 -1.497781
v -11.25793 74.60686 33.50773
v -27.23426 6.81347 -1.269396
v -26.04488 5.883031 -1.41426
v -24.1509 7.66429 -1.242488
v -26.34057 7.607777 -1.428408
v -0.3567042 8.418153 -0.9563635
v -28.77961 52.38538 14.27816
v 2.125731 10.35231 -0.8383184
v -7.152307 14.01666 -1.33442
v 31.1782 54.00295 15.00044
v 6.483111 16.36842 -1.367957
v -8.939062 16.52124 -1.362589
v 19.33015 11.05227 23.1831
v 8.707228 22.0358 -1.334954
v -11.6509 26.23388 -1.173876
v 31.52856 56.90148 14.7408
v 18.14672 14.0487 23.46923
v 17.96726 36.92946 0.2918671
v -26.70102 45.96055 -0.8432918
v -29.83272 61.00847 15.46407
v -35.10279 45.70737 -1.157419
v 25.41366 46.0517 -1.4004
v 42.47628 46.35325 -0.6398904
v -43.2276 49.94788 -1.038227
v -44.88024 51.92025 -1.021161
v -47.35859 55.6003 -1.120073
v -48.78714 58.56089 -1.618496
v 49.58575 61.06906 -1.52554
v 47.45936 60.37764 -1.415922
v 50.26756 60.36917 -1.640669
v 52.54767 60.40219 -1.554659
v -46.35017 61.61666 -1.387667
v 47.58071 62.02267 -1.721033
v 46.73546 61.59771 -1.406281
v -44.81273 62.8757 -1.482747
v 35.05514 62.858 -1.218986
v 44.19727 63.1247 -1.644205
v 44.8116 62.27973 -1.074253
v 52.01956 63.34943 -1.322819
v 50.46172 62.97613 -1.243694
v -1.185546 54.53874 39.2803
v 30.02162 63.84076 -0.6937598
v -27.27365 71.72518 15.30349
v -33.45763 66.38343 -1.561594
v -26.04739 69.21385 -1.375992
v 12.83371 53.94141 35.89426
v -26.28705 72.07829 -1.631655
v 20.4856 73.71128 -1.495312
v -19.41655 76.89306 -0.6341302
v -19.76591 76.47034 -1.927398
v 0.1130589 65.56606 38.31429
v 13.97579 81.55834 -1.24825
v -14.67856 82.79346 -2.637289
v 12.98597 82.84455 -1.543277
v 9.183496 86.33743 -2.013579
v 38.58844 -53.45652 9.877339
v -18.25762 23.11126 23.59051
v 4.083677 88.16813 -1.179576
v -3.740379 88.81287 -2.047501
v -2.984324 89.80617 0.2852996
v 36.51087 -53.98007 -1.325118
v -47.42419 -53.35966 2.076534
v -39.84215 -53.85458 1.769368
v 32.90457 -52.44089 -1.222324
v -50.7559 -52.62553 -1.483282
v -44.03084 -52.00455 -0.1263787
v 16.57469 26.81157 22.07475
v 28.49844 -51.57332 -0.9815399
v -3.279346 -7.752615 51.76884
v -34.60889 -50.79377 -0.9231499
v 23.39687 -49.43755 0.2949048
v -47.87915 -47.66613 1.354761
v 20.84189 -24.59966 26.6783
v -49.18935 -48.29285 -1.714369
v -45.98882 -49.16404 -2.032433
v -38.24367 -47.51948 -1.226328
v -35.47684 -47.99306 -1.171333
v -45.64577 -47.0499 -0.232493
v -47.3137 -47.39342 -1.154479
v -36.72941 -18.11198 -0.9301418
v -36.36857 -17.29371 -0.864123
v 27.94977 -15.41445 -1.022946
v -38.11624 -14.06816 -1.422542
v 0.223662 -2.256556 32.82342
v -34.58212 -12.51455 -1.275482
v 28.12043 -12.78455 -0.9120109
v -16.11506 83.79447 14.79045
v -8.848191 81.78014 28.31138
v 27.20066 -12.11821 -0.6443624
v 23.92013 -11.97335 -0.9730767
v -4.687175 -0.4758148 33.6292
v 22.26343 -10.84956 -0.3874249
v 29.2774 -10.38391 -0.6242489
v -30.07155 -8.731555 -1.150197
v 11.20837 84.86843 15.77356
v 20.3616 -7.609657 -0.6629086
v 16.63614 36.13169 22.9073
v 30.33433 -8.847959 -0.2067516
v 22.36003 -23.44027 26.41116
v -25.48436 -5.460195 -0.9941643
v -23.81536 -20.35386 17.89897
v 30.86027 -4.104241 -0.6209123
v 31.35697 -5.378576 -0.690605
v -40.29279 -5.088505 -0.4483651
v 20.46069 39.26434 23.44047
v -36.57869 -1.640631 -1.31426
v 21.84907 39.87495 22.50786
v -36.99611 0.5657985 -0.6374675
v 28.45789 -0.003974818 -0.9970968
v -10.15434 88.30116 14.71877
v -7.608326 89.24949 14.65721
v 15.18934 3.949766 -0.5092312
v -5.463525 89.68583 14.94024
v 0.1919679 89.3484 14.28021
v 27.03633 3.590306 -0.6171126
v -8.162933 82.78106 28.30634
v 17.50848 5.059467 -1.22521
v -22.30069 5.410055 -1.311881
v -21.14466 4.639514 -1.282578
v 21.10358 42.9783 23.27583
v 17.91434 6.424998 -0.8057878
v -3.506437 89.73011 15.25299
v 26.70718 -24.15955 26.56804
v -29.60819 8.404693 -0.113956
v -28.08943 7.36865 -0.9612489
v -2.053228 7.278368 -0.7440445
v 21.73859 44.69271 23.06726
v 22.95915 47.38371 23.26605
v -24.79604 9.018372 -0.9950424
v -4.805475 8.321172 -0.70349
v -3.372622 6.547745 34.36685
v -6.84417 11.36703 -0.477658
v 3.127687 11.59861 -0.09068733
v 3.253631 13.05152 -0.5476945
v 3.601917 13.99049 -1.303111
v 5.148306 14.15054 -0.7906424
v -8.060704 14.23822 -0.9315017
v -25.71509 48.42107 23.6651
v 23.67489 51.2147 24.1199
v -11.99099 19.00356 -1.0361
v -10.76231 19.29175 -1.113021
v 12.27335 38.05042 28.54599
v -6.660633 -4.825125 52.18073
v 33.2307 -48.92296 9.189364
v -5.779384 -12.03432 56.25118
v 8.249044 26.1777 -1.02142
v -15.34113 30.18229 0.2875501
v 11.3105 55.47097 37.08399
v -19.4257 34.98735 -0.6119164
v -20.89472 37.32671 -0.3953785
v -21.71256 38.40901 -1.27809
v 19.71799 39.81788 -0.6131262
v -23.991 42.11552 -1.740307
v 34.37537 44.97964 -0.6730292
v 36.05541 45.00894 -1.043485
v 38.25596 45.4778 -0.1187085
v -26.66189 64.34185 24.79071
v 24.31752 64.64149 23.04918
v 46.89698 53.47808 -0.3767319
v 19.29041 -47.7593 9.952692
v 16.47377 -52.29635 15.1402
v -47.20435 58.43993 -0.746892
v -2.963448 28.87355 32.93458
v -46.55713 59.69913 -0.8669952
v 22.7678 66.22638 23.46122
v 38.77289 62.41925 -0.3886463
v 17.25345 -49.4482 14.03387
v 28.21555 64.03351 -0.6141941
v 23.00495 68.78401 23.4725
v -40.13487 65.07971 -0.9522953
v -49.2956 -46.80207 9.698338
v -31.7224 65.97939 -0.7760181
v -27.12491 68.41493 -0.9262589
v -26.31757 70.96835 -1.009241
v -3.0261 32.13396 33.545
v 4.332104 32.23647 33.31455
v 20.091 74.38197 -0.9897148
v -23.68273 74.13657 -0.4981429
v -22.7305 74.84265 -1.353451
v -5.304255 32.43739 33.3701
v 16.49464 77.25058 -1.323965
v -19.07138 78.23101 -1.411946
v 14.51471 79.51956 -0.6489137
v 14.24619 80.01195 0.03148798
v -15.98782 81.07232 0.199712
v 21.12844 72.72135 22.52289
v -15.02227 81.86574 0.3179106
v 13.74153 82.09965 -0.2997031
v 11.67434 83.88644 0.6572291
v -6.177233 -7.310117 53.20792
v -6.840998 33.39637 33.24092
v -10.33568 86.68752 -0.9044177
v -9.225237 88.37005 -0.9594687
v -4.037657 88.94872 -0.5813334
v 33.02103 -46.37364 14.82767
v -42.43086 -46.41783 16.13332
v -44.22823 -50.88209 -0.8387619
v 10.35225 37.05243 29.02484
v 34.71344 -49.21106 -0.2805385
v 35.1133 -49.24386 0.5215117
v -47.62451 -47.21038 0.4591787
v -38.69124 -47.23777 -0.8633693
v 25.07321 -48.53111 -1.201557
v -42.00198 -44.07334 14.8268
v -24.9271 -44.13186 16.14676
v -37.27778 -46.62832 -0.5304686
v 6.810963 34.32951 33.54059
v -33.22371 -19.68799 -0.2008624
v -34.18515 -19.3544 -0.7416885
v -35.46107 -18.69824 -0.4931811
v -33.3901 -18.07512 -0.5093641
v -32.47757 -19.04155 0.1724271
v -32.26928 -17.2266 -0.917612
v 29.16138 -17.49827 -0.7313911
v -37.14475 -17.47529 -0.7321926
v -35.34121 -17.49259 -0.4546944
v 31.38553 -16.1089 -1.100853
v -33.98001 -16.82921 -0.4644638
v -31.56924 -17.48131 -0.720894
v -36.59514 -16.0016 -0.1204095
v -2.359977 2.669845 26.56534
v 14.89661 80.94557 22.5773
v -36.5455 -15.23384 -0.3123357
v 27.24349 -15.44751 -0.6311068
v 15.96378 80.24436 23.47581
v -31.20157 -12.08537 -0.00356999
v 25.81251 -12.59942 -0.5545295
v 14.1371 81.09672 23.85016
v -24.76812 -41.84301 14.65338
v 12.50573 82.64736 23.02175
v -40.15624 -41.62138 16.07821
v 20.95618 -9.362166 -0.6816615
v -13.71358 83.3945 22.51884
v -42.207 -9.056889 -0.3018375
v -28.25737 -9.225365 0.01080599
v -27.09195 -8.001426 -0.9052848
v 18.28498 -39.48658 14.2582
v 18.19553 -5.945368 -0.543832
v 31.41345 -6.977598 -0.5314487
v 9.549624 57.88499 36.70246
v 6.983295 84.33156 24.06621
v -23.49872 -4.106265 -0.523081
v -38.84414 -4.11263 -0.00418883
v -10.09928 84.49892 23.32603
v -37.2741 -3.884611 -0.8398469
v 15.86807 -18.76673 18.50006
v 29.01219 -39.07615 16.26416
v 17.45456 -3.982895 -0.4900719
v -39.56925 -38.97929 15.25305
v -21.80091 -2.304379 -0.3471388
v 30.6733 -2.802697 -1.025309
v 5.70922 84.66724 23.89297
v 29.2023 1.347113 -0.6574973
v 15.9651 1.311406 -0.6357408
v -35.19606 2.067795 -0.9027328
v 29.83751 -37.22019 16.42426
v -40.05619 -37.43334 16.16151
v 28.32823 4.339203 0.3280946
v -22.3553 -36.60608 15.1408
v -18.21594 4.157582 0.1844814
v -29.77766 -41.68607 9.111288
v 26.46435 5.208085 -0.307027
v -19.61234 5.683227 -0.2694031
v -2.848593 38.49681 33.4826
v -31.01116 7.582028 -0.3389436
v 15.53548 6.549035 -0.4613003
v 0.7891567 86.17449 25.06824
v -21.79394 8.01559 -0.6919646
v -0.1952566 7.349909 -0.230691
v 18.54416 7.758415 -0.6652467
v 21.51754 7.766255 -0.6874481
v 19.91256 8.51924 -0.7921845
v -23.02414 9.113378 -0.248251
v -28.52694 9.11345 -0.4282897
v 29.95882 -35.74785 15.47772
v 21.54075 9.247417 -0.431113
v -4.820653 10.11451 -1.170147
v -24.02577 10.08286 -0.1581422
v 0.9001665 9.472108 -0.386922
v 30.55964 -34.05766 15.9276
v 9.011863 12.46239 -0.6324912
v 21.15876 -53.08645 25.14881
v 4.275961 12.16713 0.04766206
v 9.503908 13.39399 -0.7227855
v 6.712026 13.26417 -0.3725153
v 30.74027 -32.31832 15.23167
v -9.215174 13.60111 -0.599078
v -12.91223 16.44755 -0.4702022
v 11.05554 16.2319 -0.7028014
v 8.94528 15.0967 -0.5025906
v -14.73196 19.08902 -0.007742907
v 10.45448 17.20488 -0.7479038
v -11.74383 17.61086 -0.7652484
v -13.81376 20.56286 -0.8616571
v 10.11843 20.44823 -0.8060328
v 9.036568 23.13723 -0.6109822
v -12.81888 22.43759 -1.18181
v -13.13746 23.84619 -0.0325735
v 0.4832266 39.88398 33.76639
v 8.928217 24.78565 -0.2578929
v -34.83266 -50.29272 23.36444
v 10.51165 27.67877 -0.2615436
v -13.12429 27.55555 -0.2853308
v -38.34797 -40.35308 10.76935
v -41.33175 -30.04735 15.42037
v 15.49436 34.09097 -0.1358057
v -17.90377 35.11818 -0.5523221
v -20.6372 36.29427 -1.512119
v 18.36532 37.52115 0.04225876
v 10.58621 57.07741 36.51074
v -23.11512 39.92519 -1.231554
v -41.35039 -28.47882 16.68704
v 22.62446 44.17883 -0.4806043
v -1.541155 -5.257153 38.23873
v -38.84945 -36.56899 9.013226
v 27.98521 45.38629 -0.7722013
v -37.7091 46.75364 0.7010807
v -41.65921 49.55613 0.514091
v 33.03265 -26.0761 15.1121
v 45.39886 50.22817 -0.8448849
v 27.66882 -48.76205 23.70301
v -45.40507 55.0084 0.2347584
v -6.064373 39.94756 33.47023
v -22.05569 -24.27058 15.13811
v 46.71366 59.39319 -0.7131488
v -33.61138 -48.31523 24.00752
v 36.88721 63.11093 0.2920251
v 41.11006 63.23838 -1.423386
v -1.035085 -2.256388 51.05193
v 12.95895 -47.73587 24.26294
v -36.77662 65.90723 0.89408
v -34.66874 66.48533 -0.1172379
v -10.1317 41.78929 34.6729
v 22.40321 68.42145 0.4767727
v -26.72479 69.5678 -0.218602
v 13.55802 -45.36777 23.16428
v 20.97956 69.60046 -0.5386872
v -4.333724 -2.104837 53.16678
v 33.20147 -21.94566 16.14839
v -14.39033 57.89841 36.28031
v -25.5264 73.4365 -1.009938
v 24.41298 -33.07748 9.391386
v 18.3463 75.30853 -0.7849222
v 17.70393 76.03212 -0.9858717
v 15.84886 78.88849 -0.7054305
v 13.96416 -21.01312 16.93201
v -17.94467 77.70792 0.462997
v 27.9835 -33.29211 9.868745
v -10.83272 86.48229 -0.04418376
v 3.042025 89.23126 0.4245579
v 18.32058 -33.18598 9.50136
v 20.91844 -32.36258 8.731564
v -41.13084 -53.32204 0.5605133
v -37.85412 -53.5275 -0.2477405
v -32.20227 -45.18702 23.72639
v 36.55934 -53.45171 -0.2050893
v -36.2793 -53.09176 0.1510402
v 6.906566 42.34525 34.69528
v -34.64421 -52.54946 0.1787599
v -40.76782 -18.6479 17.13248
v 31.92723 -52.27317 -0.3199688
v -49.83283 -52.03059 0.7153573
v 25.30336 -52.01199 -2.358166
v 26.46311 -52.42612 1.739217
v -42.1801 -52.29429 0.4822735
v 31.37189 -51.3996 -0.09416032
v -43.30937 -50.93667 -0.2724729
v 34.66838 -6.801706 9.73175
v -42.35979 -50.94087 -0.2684594
v -33.99653 -51.30407 0.2368791
v -40.84816 -16.38866 15.03492
v 23.99757 -48.216 0.5861325
v -34.58892 -48.58821 -0.2872538
v -19.48995 72.33501 27.11341
v -38.96003 -46.58173 0.1943658
v -9.196825 8.851924 26.41041
v -35.14235 -20.61995 0.04636645
v 27.19382 -42.0498 25.16576
v -24.00341 -7.991147 18.72213
v -35.63637 -16.45664 -0.2256617
v -31.51467 -15.44212 0.281278
v -32.41039 -15.48237 -0.1198384
v -38.36131 -15.71623 0.3050626
v -34.19565 -15.79534 -0.2030666
v 26.03987 -14.50359 -0.3238022
v -30.73134 -13.61838 0.01731552
v -40.23572 -34.36751 10.68931
v -40.15937 -14.84639 0.1370674
v 24.60615 -13.08808 -0.369966
v -41.8624 -13.51669 0.7135415
v 21.03798 -12.61224 0.03683721
v 23.24556 -12.74705 -0.1990066
v 32.63248 -12.60143 -0.5022836
v 17.7468 -16.18828 18.07914
v -42.34277 -11.47387 0.04452941
v 20.4738 -11.19261 0.08065926
v -25.87653 -12.36714 14.56723
v 30.78396 -9.828808 0.02053217
v 19.5357 -9.451675 -0.1660733
v -26.61489 -8.681438 0.3815069
v -34.46665 -10.39766 15.75754
v -40.50037 -30.74761 9.106899
v -41.73921 -6.777108 -0.3090776
v -25.29106 -7.288303 -0.3445773
v -12.91548 58.20697 36.70959
v -21.43668 -31.05373 9.552532
v -23.85235 -6.355521 -0.3044911
v -27.37404 -11.31998 15.44669
v -30.08333 -35.713 23.25629
v -14.98426 43.37014 33.86001
v 13.87066 -36.44035 24.56042
v 30.30768 -35.84929 23.77727
v 13.85498 -33.95005 23.48066
v -40.65701 -29.32754 9.934986
v 16.36065 -2.501269 -0.6822532
v -35.09531 -9.760534 15.33102
v 15.62548 -29.95861 9.006271
v 15.77539 -1.168603 -0.6448053
v 31.37859 -1.431576 0.4668949
v 15.16048 0.1691509 -0.3014781
v 13.87424 -31.3774 23.28625
v -19.53311 0.1418029 0.3561376
v 14.32218 1.670752 -0.3929271
v -18.83076 2.17824 -0.2747674
v -36.10958 4.005854 0.265963
v -17.39999 2.973175 0.8198407
v -40.60462 -4.863012 9.753015
v 13.02982 3.826892 0.3433055
v -34.52319 4.914585 0.3014881
v 14.77835 5.015571 -0.04315057
v -32.93732 5.711877 -0.6231924
v -35.94511 -8.722888 14.91337
v -17.1697 4.752563 0.4144013
v -18.84597 6.68962 -0.1061178
v 14.91707 -8.942937 16.39698
v 24.07161 6.958495 -0.8535539
v -42.24917 -50.74287 16.62102
v -4.082491 7.224421 -0.4124018
v 31.34014 -28.5263 9.465665
v -20.6908 6.756904 -0.1893379
v -21.08773 8.75224 -0.5389112
v 0.9822021 7.95738 0.512456
v 17.8212 9.265711 -0.1045738
v 31.26187 -26.19256 23.63989
v -41.45141 -27.27759 9.039555
v 16.33919 -24.73101 24.59988
v -27.54887 11.0322 0.6430528
v -25.82106 9.964042 -0.5646817
v -22.03899 10.41671 0.1357306
v 19.136 10.14974 -0.1223468
v 8.532446 10.23947 -0.02395104
v 10.85455 10.16652 -0.03876927
v -16.58404 -6.000414 14.16399
v -7.941286 11.43549 0.4260087
v -8.02444 12.93086 -0.6134382
v 11.4407 12.06678 -0.05850652
v -36.18461 -5.52192 15.94004
v 11.69199 -5.97259 15.43159
v 11.34625 -3.986797 16.75639
v -14.25832 16.52503 0.4342007
v -20.61839 -25.83921 9.019375
v 14.56548 47.6568 32.80702
v 11.74774 18.26162 0.02883376
v 14.75625 -49.80167 18.08451
v 10.23603 22.4341 0.5054026
v -14.5051 20.58019 -0.1138939
v 26.97572 -18.91867 23.69809
v 32.43357 -3.085241 15.66384
v 11.0838 28.08195 -0.115898
v -12.34931 -2.903801 13.65178
v -12.07788 -1.435205 16.08803
v 14.19348 -24.59776 8.78263
v -20.34406 35.3434 0.3385462
v 17.63016 35.92327 0.7437882
v -10.56954 -0.2083792 15.5704
v 21.04619 40.942 -0.412306
v 33.72753 -1.929779 14.16729
v -23.07 42.34295 25.38401
v 29.37908 44.58799 -0.1237431
v 35.21159 44.9405 0.804958
v -33.87776 45.86363 0.2129586
v 42.5909 46.34081 1.125693
v 47.15524 56.06364 0.323588
v -25.04984 -1.387193 23.39627
v -45.02845 61.3058 -0.5197453
v -44.54321 59.87559 -0.00488971
v 45.25287 61.04506 -0.4438939
v -43.50063 61.61428 0.6509639
v 7.586451 1.268814 15.27017
v -19.29241 52.3039 32.98965
v -19.36404 -1.220739 23.52666
v -42.70174 63.10465 0.09300891
v -41.34632 63.31056 0.6820753
v 29.13012 64.50797 1.038871
v -19.80495 55.12045 33.06314
v 15.12227 52.82502 33.79803
v -27.78568 67.13754 0.06041682
v 23.55158 67.10539 -0.8250128
v -26.91875 70.35895 -0.1089413
v 23.17396 70.7941 -0.03388106
v 20.99981 72.26363 -0.3503515
v -24.82282 72.70266 0.9260992
v 19.75739 73.29623 0.3992114
v -21.92081 75.85737 -0.6840096
v 21.12818 -1.104889 23.56454
v 14.5463 79.28212 1.020252
v -42.45133 -20.64136 9.701232
v -50.12439 -49.05786 10.85225
v 7.593862 87.51694 0.395239
v 4.31158 88.61349 3.131526
v 9.568132 11.46657 26.92397
v -42.33189 -19.54496 9.897266
v 23.26261 -52.20165 1.000721
v 23.48472 -51.79774 -0.04533913
v 30.61567 -51.53425 0.6645774
v 15.68243 57.99069 34.78283
v 31.20204 -50.85575 0.1547903
v -42.26475 -50.28208 0.4184269
v 28.58163 -50.67869 2.850543
v -43.16978 -49.84273 0.2058001
v 0.6731416 6.544184 15.53136
v 26.91642 -48.73839 0.5939869
v 33.44252 -19.62757 9.325805
v 22.58885 -0.4276873 23.28831
v 31.3655 7.792124 15.94782
v 26.25324 -48.15461 0.9554711
v -1.546775 7.408633 14.98448
v -40.53729 -48.75797 0.3877042
v -34.60883 -46.1788 0.901174
v -37.85813 -46.12753 0.9609795
v 5.117698 9.096179 26.04752
v -33.9082 -22.30418 0.4377275
v -36.71258 -21.15299 0.1623259
v -33.31783 -21.05303 0.3972237
v 30.57475 8.728269 16.46471
v -36.89323 -19.34178 0.1223545
v 29.15529 -19.05358 0.246187
v 30.44964 -18.86996 -0.1252442
v -38.05568 -17.86544 0.3102169
v -37.61374 -16.37184 0.3406373
v -30.63919 -16.69569 0.4347594
v 32.3474 -15.02312 -0.848835
v 24.19047 -15.16204 0.1613694
v -39.28929 -15.70992 0.9741392
v 22.25787 -13.77939 0.5219507
v 11.40385 58.88904 37.03334
v -32.81886 14.18134 15.51263
v -28.85246 -10.86056 0.4177071
v 32.47406 -10.93536 0.7735613
v -42.34193 -9.080732 0.8368575
v 26.08488 16.04643 14.35884
v 31.65336 -9.327167 1.132292
v -17.31077 1.496673 23.50262
v 17.51083 -7.989447 0.6996972
v -22.65022 -5.500805 0.2514238
v -21.47911 -4.576457 0.2859824
v 15.38982 -4.391587 0.9159023
v -38.58103 -3.302064 0.5087537
v 31.96337 -4.131031 0.5385914
v -20.72203 -3.07911 0.2119113
v 23.5434 16.81964 15.42098
v 14.44822 2.235204 24.03155
v 21.2693 18.28168 15.11606
v -24.55801 -15.73748 9.075725
v 29.93526 0.09721899 -0.2248046
v -42.0092 -14.34496 10.04821
v -28.57065 2.021478 23.60237
v -38.48408 1.89914 1.217393
v -5.282037 15.29218 29.51114
v -24.35867 21.71657 15.13568
v -33.92908 6.171158 0.3228138
v -17.13482 6.975105 0.60321
v -3.79101 6.390202 0.5232334
v -1.547784 5.987645 0.7201018
v 11.05725 4.134414 23.01836
v 13.75785 6.461252 0.3138801
v 24.2951 8.377294 0.5666299
v -40.88178 -12.97405 9.449927
v -18.76185 8.788955 0.4926275
v 15.84219 8.126412 -0.2407629
v -6.207785 8.971965 1.038578
v 12.97331 5.862516 24.42272
v -18.65591 9.777206 0.57806
v 18.00941 25.78967 16.26516
v 24.02299 9.65849 0.9221946
v -6.268719 10.24818 0.5259465
v -16.23482 67.70383 33.95227
v 18.03379 28.65611 15.81123
v 22.11337 11.07328 0.6954043
v 8.957764 4.254887 22.86768
v 10.72947 6.774379 25.23713
v -3.35297 4.633072 24.99363
v 15.02414 11.2121 0.4201821
v 13.70295 69.5656 33.11338
v 14.19388 15.22383 0.2244881
v -9.948236 12.81281 0.3203521
v 15.76967 14.28449 0.4967807
v -16.02001 14.56393 0.3713876
v 1.77231 5.478415 22.72671
v -15.40219 16.99814 0.5841225
v 13.02425 16.97504 -0.3378363
v -14.93839 70.65089 33.30576
v 25.20533 -36.26994 29.58569
v -22.91442 -11.19031 9.781872
v -12.64771 70.96517 33.5594
v 10.41366 25.44209 0.3844401
v 38.26466 -52.2162 5.951904
v -14.24545 28.40272 0.8223462
v 23.00804 40.09872 16.78415
v -14.42057 29.13714 0.7363605
v 23.70405 41.36715 15.34286
v -15.66587 59.37743 36.35522
v 16.30861 34.98403 1.466661
v -20.42882 36.55623 1.074114
v 20.92899 40.47817 1.969416
v 32.97288 44.62532 0.109904
v 34.17007 44.42772 1.862634
v 39.52623 45.38431 -0.2107311
v 32.20311 -47.94489 17.74872
v 42.00129 46.18831 0.4117428
v -39.87448 47.47536 0.02857234
v 43.7568 47.7694 0.9795083
v 43.89383 49.39738 -0.001611423
v 24.47508 46.84673 14.88377
v -45.15501 56.86437 0.2702419
v -45.04917 58.41384 0.3309073
v -28.05001 48.38907 14.8566
v 41.98346 62.91149 0.2572194
v -5.733799 -6.88322 51.51268
v 43.1838 62.9997 0.1472246
v -28.74593 52.03976 16.1686
v 25.98081 66.17278 0.5037141
v 21.60335 68.87173 -0.1903331
v -26.20023 72.05564 0.3600065
v 20.7421 72.7021 0.7109369
v 18.2544 75.29206 1.079087
v 17.73743 76.5106 0.5159944
v -17.21709 79.93566 -0.1993569
v 15.73442 78.88005 1.157494
v 5.356427 76.13115 33.68003
v -11.97426 86.01065 0.6371752
v -10.78424 86.51753 1.558012
v -9.875043 87.95434 -0.2147844
v 7.454049 75.74631 33.02721
v -3.973685 89.47339 2.430689
v -5.47622 89.65216 0.999
v -48.81137 -52.94294 1.520326
v -45.27194 -53.14715 1.289651
v 35.97834 -53.10067 1.780726
v 29.18953 57.07739 15.38961
v 25.7226 -52.72615 1.621072
v -43.24593 -52.4744 1.254811
v 35.86855 -52.51619 1.056035
v -32.97028 -51.13873 1.32343
v -33.70207 -49.41572 0.7327702
v 36.12963 -51.01093 0.1829366
v 35.29665 -5.843761 8.589426
v -27.7364 12.33076 23.81613
v 27.47176 -50.29139 0.6699714
v -47.9634 -49.78389 3.344329
v -8.047799 77.89637 33.20237
v 32.27405 -49.45872 0.08805509
v 34.127 -48.46546 1.140589
v 25.09171 -47.61407 1.490201
v 25.70362 -47.97958 0.4061407
v -24.6122 14.68696 23.25426
v -30.41722 62.72491 15.25271
v -23.66745 15.24656 23.62367
v -31.82618 -21.29014 1.299612
v 26.83224 62.31131 16.62143
v -31.56422 -20.29141 0.7521102
v -29.86095 -20.07478 0.3331879
v 16.93144 15.429 23.60777
v -30.85833 -18.24597 0.5975038
v 26.84474 -17.80232 0.4322923
v 32.55903 -17.47344 0.2946993
v -39.49586 -17.55656 0.8553684
v -40.41857 -3.393635 10.19417
v -29.96473 -15.45118 0.8941813
v -20.70523 17.86935 23.75111
v 25.95689 68.0374 14.92779
v 19.61203 -13.61246 2.673304
v -28.98281 -12.08188 0.9930543
v -27.40244 -10.26137 1.071471
v 15.86744 18.40589 24.27485
v -0.8639231 78.59616 34.01106
v 33.34332 -6.802248 1.683506
v -41.63842 -6.709898 1.604112
v 33.10284 -4.259478 1.498196
v 9.632541 -1.933477 9.121293
v 34.93351 -1.877628 10.65814
v -39.83816 -4.179606 2.364308
v -20.4229 -3.618643 0.8700257
v 14.57805 22.32333 23.31192
v -18.90961 -2.428534 1.211029
v -25.28433 74.2384 15.63175
v -17.85718 0.500727 0.6773842
v 34.71236 -0.5228561 10.09105
v 11.08439 2.86253 1.633095
v -18.32634 24.05079 23.37837
v -15.70359 6.362059 1.117096
v 12.68761 5.495598 0.2424661
v -2.27604 5.374057 1.725445
v -17.82618 25.16061 24.56676
v 27.58348 5.808883 0.4215022
v -15.61607 7.191672 0.9991936
v -0.3423502 5.877788 2.038378
v -32.59976 8.268472 0.9863333
v -5.249517 7.585308 0.3057982
v -40.1114 1.265358 9.549972
v 27.83552 -8.414488 18.11311
v 9.667057 8.283908 0.5386212
v 15.704 27.22896 24.23506
v -11.45857 1.832028 9.316812
v 12.69629 8.359632 0.8888506
v 13.83489 8.259921 0.8018125
v 16.01393 9.767604 0.5911174
v 25.30772 9.142804 1.530255
v 1.755384 9.543978 1.283994
v -16.72886 9.654018 0.628859
v -14.83242 10.28625 1.006221
v 16.5846 31.8784 23.43853
v 3.260196 10.31137 1.117629
v -17.45665 12.78971 0.6124987
v -13.19673 11.19175 0.8813011
v -16.92446 11.59502 26.15037
v 4.42896 10.45728 1.007939
v -19.57646 10.71077 0.5260544
v 16.46605 12.10053 0.7979121
v 18.74035 11.28824 0.7166574
v -23.99248 11.89136 0.5275172
v 15.45633 34.41389 24.41185
v -11.5019 13.39136 0.4041381
v -25.50676 54.45962 25.24716
v -13.39219 85.68693 15.36925
v 10.5586 85.41252 15.28226
v -19.20589 13.93406 0.9456411
v 3.044348 0.1024961 34.63958
v -17.41502 16.37486 0.6335498
v 15.24304 16.34679 0.524379
v -17.72937 17.86856 1.201146
v 14.33636 19.47722 1.281467
v -15.58481 18.09592 0.9640895
v 16.54795 38.36049 23.84362
v -15.56468 20.49205 1.202743
v -39.29051 4.29896 10.30437
v 18.80208 39.0883 24.13082
v -16.8858 33.04899 0.7069947
v -6.575425 88.66056 16.19538
v 15.51344 33.14665 1.590785
v -19.52363 34.56144 0.6654953
v -6.138182 44.44933 36.64153
v -20.27508 40.44824 23.64784
v -21.7374 37.43693 1.731347
v 11.22797 60.26758 37.19466
v -24.76329 43.50453 0.05704772
v 0.5283278 88.77886 15.96476
v 31.42262 44.86159 0.5936218
v 25.32853 45.05418 0.7199898
v 36.82417 44.86816 0.7926158
v -35.0701 46.39558 2.688632
v -29.80676 46.22732 -0.4883504
v 40.69152 45.73807 -0.1701462
v -35.8998 46.22168 0.5421441
v -28.04142 46.38578 0.3081377
v 1.695201 88.84341 16.24145
v -44.06096 51.78749 0.7330124
v -23.33735 44.09437 23.45532
v -45.15191 53.28054 -0.442431
v -29.34851 -7.72658 18.40004
v 21.41862 43.6568 24.13428
v -44.42917 54.98719 1.904595
v 47.13001 58.67969 -0.672926
v 34.9896 63.57063 0.5755651
v -1.448978 8.203601 33.64999
v -38.24891 65.70873 0.6318516
v 9.82601 60.26097 37.09396
v -30.10523 65.90578 2.106346
v 33.31815 -53.86554 15.39335
v -27.07924 68.88046 0.5936536
v -38.27447 6.376548 9.902112
v -27.55914 70.9414 0.5982995
v 22.88333 72.2016 0.8920549
v -23.73863 74.23779 1.396447
v -17.28989 78.87739 0.9140928
v -0.1914382 6.228811 10.08641
v 27.59792 -53.06984 18.31459
v 35.72977 -53.66238 1.000744
v 30.14557 -52.49054 1.891653
v -37.19566 8.53548 10.47371
v 24.03255 -52.82072 1.802125
v -49.5676 -52.1023 1.504784
v 30.9161 -49.00019 1.320025
v 11.25568 63.2153 36.84118
v -41.15257 -48.96607 1.147166
v -43.71524 -47.56489 1.12503
v -36.03592 9.764729 10.45435
v 31.83503 9.036935 9.772951
v -46.07592 -46.48377 1.112321
v -39.07657 -46.33046 2.148468
v -36.023 -46.25311 0.7166347
v -29.01656 -24.36843 1.110569
v -36.27865 -25.17878 1.985496
v -34.53405 -23.73858 1.299692
v -29.38287 -21.95236 1.27087
v -35.89863 -22.90607 0.9690647
v 24.9083 59.47958 23.63632
v -32.60891 -22.42682 1.260649
v -28.3638 -20.30827 1.196122
v -26.47377 -21.13569 1.000803
v -39.04262 -19.73796 1.587453
v -5.012616 34.48217 34.05156
v -29.51385 -17.6517 1.311829
v -43.10555 -48.90055 15.93573
v 35.42104 -50.558 15.63432
v 22.41509 -15.70283 1.041102
v 33.66973 -14.94002 0.726615
v 28.03095 14.14823 10.15316
v 34.27211 -48.88591 16.20503
v -28.1445 -14.24258 1.624558
v -42.56636 -11.4828 1.402388
v -7.642807 34.76239 33.4086
v 22.14847 67.39506 24.18824
v -26.23212 -9.496465 1.35906
v -24.10958 -7.016194 1.618119
v -40.1315 -4.992836 1.418726
v -22.20648 -5.193213 1.393905
v -20.79805 -3.896359 1.898563
v 33.42735 -47.26305 16.72662
v -38.94599 -2.106994 0.7364493
v 13.38947 -2.124833 1.310904
v -5.269682 36.29313 33.73159
v 26.60912 15.67552 8.759823
v 13.05892 -0.861866 1.262114
v -18.6339 -0.833184 0.8077857
v -17.04275 -0.291296 1.679967
v 22.34711 70.67018 23.26304
v 30.5044 1.004542 0.8822164
v -39.12552 -0.3392514 1.455071
v 21.26822 71.44542 23.40691
v -24.3894 -45.4207 15.62608
v -15.52808 2.616474 1.467807
v -37.34104 2.875545 0.8805054
v -16.50496 3.530833 1.059921
v -37.42414 4.507343 1.768374
v 29.67808 4.279755 1.627869
v 30.81595 -45.27295 15.3879
v -14.73991 5.578133 1.821275
v -4.927979 37.46323 33.06517
v 10.21121 6.277798 1.892263
v -31.49568 -6.980846 18.52206
v 11.96477 7.341322 1.101174
v 26.44921 7.940514 1.057449
v -20.95957 75.96556 23.17744
v -30.71293 8.86151 1.163332
v -9.192062 10.30301 1.042813
v -24.22131 -41.53532 16.65856
v -24.52061 20.46581 8.635955
v -25.22323 11.24605 0.7382503
v 23.39538 -51.68715 27.30793
v -22.81586 -40.20204 16.50135
v 27.75402 -41.27208 16.46094
v -20.83088 12.66637 1.092544
v 17.12465 12.87781 1.016372
v 19.80918 12.86774 1.291583
v -24.14575 21.81747 10.3293
v 11.33536 20.62933 0.707552
v 14.43178 21.16299 2.427138
v -9.027964 39.72746 33.31502
v -39.34891 -39.32131 16.80684
v 12.54321 23.26679 2.021615
v 12.26964 27.9314 1.290326
v -6.924651 41.1174 33.71027
v 14.51799 29.30528 2.875746
v -0.2358976 53.28354 38.32915
v -16.83339 30.54674 2.357536
v -1.261565 39.38897 33.59749
v 17.49365 35.45228 1.380526
v 18.24166 37.12313 0.9164275
v -22.52492 -37.55843 15.88145
v 19.19378 37.9916 1.287696
v -24.18726 40.89801 1.590353
v 23.16161 56.20776 25.71596
v 30.543 44.55687 1.950001
v 32.25574 44.44068 2.403705
v -38.81131 47.61685 2.335162
v -40.19798 -35.39258 15.61448
v 44.25654 50.01095 0.9485683
v -4.12325 54.93567 39.09364
v -24.85913 56.38527 25.76937
v -40.637 -33.13161 14.90066
v -7.705467 85.74021 23.58875
v 45.37352 59.75438 0.6553417
v -5.605361 86.02952 23.24061
v -40.15321 64.25446 1.67099
v 27.76905 65.27537 1.793332
v 22.54178 69.11196 0.7067281
v 23.91827 69.96641 1.348961
v 12.61602 -32.05183 16.31022
v -0.9646837 87.10403 23.0936
v 16.64376 29.73548 9.077371
v 2.311997 85.99468 24.9086
v 14.33266 79.15563 2.423436
v -16.1855 80.29596 1.546591
v -3.433099 -7.799802 52.60666
v -10.06422 87.79566 2.424742
v 32.69513 -53.59377 1.030909
v -33.36241 -52.88863 1.736373
v 31.9496 -28.51911 15.07351
v 27.96978 -50.77896 1.98263
v 29.91283 -50.39892 1.75538
v 8.993572 41.23746 33.5131
v 30.13309 -49.17018 2.067826
v 34.11985 -48.37501 2.978832
v -42.62414 -47.45213 1.716143
v 32.19195 -47.40539 2.558613
v -40.71146 -47.34431 1.607973
v 33.03448 -27.19925 16.03835
v -38.67445 -45.67996 2.070454
v -21.87128 -25.98162 15.34128
v -37.5423 -44.8835 1.779844
v -27.98392 -25.61023 1.906394
v 33.10145 -24.99185 16.11492
v 26.80897 -51.80576 23.68472
v -11.62196 62.07152 36.96395
v -32.46756 -23.90628 1.940422
v -37.51236 -23.63878 2.127981
v -30.58991 -23.56087 1.542104
v -39.44741 -22.7445 1.569322
v -37.96767 -21.41883 1.170361
v -27.91709 -22.39065 1.40456
v 33.45756 -23.58583 16.16899
v -25.87843 -22.36132 1.727179
v 27.76258 -20.31432 2.06342
v 26.88537 -49.61168 24.01644
v 24.53043 -19.17777 1.500171
v -22.44687 -23.20494 16.98473
v 31.91695 -19.37459 1.658295
v -26.51779 -19.52515 1.281635
v -27.91251 -18.50778 1.954674
v 23.2394 -19.14011 2.050187
v -27.42266 -18.15894 2.209506
v -32.73135 -51.20281 24.63961
v 33.58819 -17.63193 1.883502
v -28.83424 -16.74812 1.422596
v -28.27306 -15.35772 2.063563
v 34.05492 -12.71109 2.084505
v 19.14441 -12.63843 1.951532
v 18.10619 -11.73294 2.442725
v 33.55277 -11.12858 2.594584
v 18.76841 -10.16289 0.6312481
v 32.56812 -10.07773 2.55827
v -42.1935 -11.14662 2.774874
v 33.31795 -20.71288 15.48595
v 10.2829 42.99311 33.64367
v -24.64242 -8.676182 2.529474
v 17.50074 -8.558016 1.592776
v 32.92233 -8.665426 2.389155
v 15.84941 -6.110656 1.185943
v 14.68118 -4.866646 2.311425
v -34.04352 -47.14764 23.43642
v 9.781751 64.73243 36.557
v 33.19164 -2.80233 1.600105
v -14.3968 44.83766 34.07272
v -18.12356 -1.212604 2.218073
v 20.57935 -33.81838 29.41169
v 10.83832 44.98404 34.33404
v -16.27323 1.188658 1.613857
v -12.55929 64.25727 36.67018
v 10.82357 17.67473 26.0386
v -35.80284 5.667 1.572019
v -4.49402 6.142661 1.858886
v -39.47406 -15.71069 16.18917
v -14.51188 46.0895 35.00952
v 7.708912 6.181437 2.139252
v 28.75916 6.08278 1.721053
v -35.30408 7.014342 1.675744
v 0.3254968 6.400096 2.835502
v -29.8586 -44.98979 24.07956
v -0.175149 55.24837 38.89643
v 1.980684 8.670689 2.400166
v -26.99746 -14.97679 15.75857
v 14.27959 -6.757575 18.19128
v 27.53233 8.146849 2.137898
v 16.30658 -14.24134 15.28434
v -10.18739 8.473072 2.088059
v -28.0227 45.75438 9.127558
v -29.96341 9.912844 1.251869
v -31.70188 10.74515 2.414481
v 25.40861 10.08599 1.637926
v 12.90384 46.55529 33.36447
v -28.84302 11.78092 2.139262
v 23.03276 11.37343 1.591489
v 20.66441 12.24367 1.294475
v -24.99031 13.1494 1.822969
v -35.89442 -13.20023 15.84994
v 15.7609 77.56914 26.01162
v 14.8378 -42.15669 24.58019
v 31.74675 45.06883 7.898648
v -19.60314 18.08732 2.017241
v -27.74743 -12.85277 15.68342
v -17.92256 49.47257 33.80531
v 13.15094 19.68404 1.192576
v -33.15947 -12.92896 16.27777
v 29.07683 -39.1107 25.19381
v -15.11756 25.2218 1.72499
v -29.27126 -11.44908 16.0807
v -17.54435 34.1609 1.21711
v -19.43601 33.91883 3.268956
v -18.20437 34.43966 1.650454
v -20.0918 35.53741 2.947752
v 16.53876 34.8807 2.859582
v 15.58519 -11.52697 15.22613
v 11.96241 -3.800322 18.32433
v 19.72488 39.44951 1.263629
v -25.96489 -11.34658 15.52683
v -25.25361 42.91616 2.421677
v 21.89102 42.65558 1.590681
v 25.3359 44.59475 2.748814
v 30.45196 -32.35787 23.99193
v -36.74973 46.31758 1.887583
v -40.411 48.22185 1.3971
v 31.25453 -31.05883 23.60605
v -6.278956 -6.702938 52.75003
v -18.75779 52.26389 34.06076
v -14.1714 19.02528 26.66888
v 15.16811 -28.67121 24.88347
v -32.97139 49.48958 10.0367
v -21.65123 -9.46026 16.0588
v -44.08284 58.4276 1.910498
v 45.64512 58.15393 1.446794
v 44.71621 61.4865 1.647301
v -41.89062 61.81094 1.88113
v 42.72849 62.01312 2.128172
v 15.29577 -26.6822 24.07724
v -37.70012 64.87671 2.493498
v -33.62271 -9.288448 16.14142
v -35.27443 66.04873 2.591427
v -33.65867 65.57154 3.16015
v -32.8982 66.13613 0.7281821
v -28.70394 66.22433 1.948689
v -28.02424 66.58702 1.667773
v 23.29383 67.96079 1.640219
v 24.73779 68.94028 1.910492
v -28.23842 69.72668 1.765928
v -24.31006 73.04928 2.35274
v 20.15458 74.2132 1.6383
v 30.61008 -24.80345 23.93537
v 15.93726 78.03599 1.991318
v -17.25279 79.66574 1.499169
v 30.44109 -21.61471 23.78266
v 19.12647 -51.27369 6.589889
v -20.9769 -8.01217 16.87199
v -14.5432 83.10423 1.320241
v -19.30512 55.64193 34.2807
v 17.02457 -23.36621 24.30393
v 10.08199 85.72585 1.499373
v -4.455698 46.06079 37.06039
v -43.76502 -53.11789 2.134361
v 35.19797 -52.86418 2.963101
v -55.32939 -52.29309 1.972031
v 22.40216 -51.92202 2.329574
v 23.89599 -47.64253 2.411606
v 23.12744 -34.16292 10.31727
v 3.786681 46.10611 37.42489
v 31.13128 -5.02402 16.84362
v -41.96075 -46.07084 2.279455
v -35.39027 -45.65336 2.320954
v -30.84022 -26.37508 2.220525
v -29.00368 -26.15885 1.988737
v -33.82286 -25.47309 1.569139
v -0.1854938 -4.748549 51.12988
v -13.59756 -3.175833 15.25641
v -27.23169 -24.06309 1.734389
v -25.51065 -23.9447 1.891943
v -24.68004 -22.98153 2.420773
v -24.85909 -21.67065 2.527192
v -40.0919 -21.05769 2.743509
v -25.75465 -19.93189 1.599666
v -39.61702 -20.23596 2.240591
v -7.356831 55.3541 38.77
v 24.7817 -20.47649 2.49408
v -23.14095 -1.251612 23.71332
v 38.81824 56.80872 8.915459
v -24.71849 -0.2667516 23.79736
v 14.87268 79.23319 26.14842
v 34.42254 -14.71739 3.001959
v -27.09039 -46.02718 10.70602
v -22.00231 -0.2315265 24.49394
v 3.325207 55.59589 39.16529
v -26.6517 -12.12845 2.936006
v 11.84126 -2.62484 18.61007
v -24.88883 -9.72206 2.864858
v 16.07664 -7.446133 2.191827
v 23.19682 59.54055 25.47099
v -23.07619 -5.969754 1.750702
v 33.95744 -5.195382 2.818439
v -39.95999 -2.364601 2.336076
v -38.00804 0.6792169 15.82262
v 37.12309 60.65226 9.224436
v -4.281979 3.647127 27.3207
v 32.77053 -0.7980915 1.847094
v 21.03985 0.03522056 24.22709
v 11.7563 0.8054724 1.32427
v 31.98974 0.4413823 1.963167
v 31.91939 1.735949 2.130391
v 30.63285 4.396721 2.182844
v 10.37029 4.437304 1.663911
v -27.02145 0.04819283 23.9026
v -14.0644 4.96392 2.15609
v 17.79086 -0.1820907 23.88108
v -11.83556 8.870273 1.98469
v 31.94353 4.791469 16.90594
v 5.613675 7.643764 1.911425
v 16.0403 1.246785 23.69127
v -11.30092 8.259167 2.191541
v 22.46309 0.8070324 24.07448
v -18.05024 64.90707 33.83852
v 24.99775 0.9867501 23.58413
v -7.731607 8.618188 1.91056
v 26.79617 9.064197 2.561441
v 28.49685 -6.743099 18.97487
v -26.36437 11.97404 2.201343
v 23.95275 12.18528 2.258527
v -26.10073 1.535752 24.63554
v -21.98964 14.36387 2.100202
v 21.65928 12.98126 2.455081
v 32.80833 63.21826 10.35663
v 16.95336 18.42706 1.985376
v -16.79318 20.08339 2.459841
v -16.61965 2.916003 24.47387
v -29.25477 64.48834 9.513953
v -35.37214 11.06955 16.1418
v 10.59343 -1.334086 18.65792
v -16.11055 4.037032 24.76948
v 19.96809 38.60047 2.516818
v 14.61289 4.436423 24.06658
v 22.51287 42.53618 2.748201
v -33.94956 12.9554 16.59084
v 28.46931 44.86291 1.538079
v -31.4502 45.71715 1.549738
v -27.94479 45.74217 2.700396
v 38.76329 46.25119 1.906107
v 40.74876 46.5455 2.322538
v -1.40559 4.846563 23.40151
v -31.7874 16.0302 15.94429
v 45.11021 50.31662 3.51184
v 44.80864 51.79075 1.347309
v 0.293122 4.324471 24.18348
v 24.40196 15.81221 15.38646
v 25.75658 69.22999 9.421284
v 45.41337 54.06949 2.038469
v 45.63122 56.25559 2.118524
v -44.11067 56.43246 1.921711
v 43.76141 62.37237 1.350375
v 34.10113 64.21176 1.749941
v -39.66252 64.12443 2.92316
v 29.47218 64.91811 3.050655
v 31.12917 64.9146 2.231987
v 10.76277 69.23791 34.60002
v -26.32643 72.70645 9.005848
v 21.75099 17.37187 15.68224
v -27.89501 67.81115 2.295898
v 24.98909 70.24429 9.236665
v 25.06017 69.77447 2.386744
v -28.41804 70.90759 3.882454
v 21.27741 73.54294 2.263259
v -5.664938 -2.623088 52.62103
v 17.94443 75.77575 1.949361
v -18.96641 77.28682 2.252622
v 12.38469 70.04239 33.78877
v -18.59548 78.19232 2.14305
v 14.74455 78.77816 2.797546
v -13.27616 69.95121 34.56673
v -24.20932 -38.58974 19.01199
v -14.86887 81.41697 1.900778
v 11.03456 84.00483 3.050613
v 10.68828 84.17482 1.605694
v 10.85011 84.30971 3.779478
v -30.3115 5.598874 23.92975
v -8.629515 88.71297 2.942675
v -34.26359 -53.69309 2.122733
v 32.74705 -53.83056 1.920609
v 34.23955 -53.81923 1.754354
v -43.02057 -53.34267 2.39439
v 34.59678 -53.18687 3.428093
v -54.87042 -52.88271 2.448252
v 26.4018 -52.4503 3.543052
v 18.08566 27.1239 16.60842
v 28.09597 -51.32683 3.125904
v -55.50279 -51.05165 2.530117
v -54.53164 -51.10906 2.382525
v 22.05825 -49.66132 2.847367
v 4.778332 6.883429 24.1875
v -33.6221 -46.70382 2.652243
v -40.48193 -46.61154 2.833667
v -44.16161 -46.48481 2.078926
v -39.68016 -45.65525 3.402854
v -11.01997 72.04516 34.8506
v -38.88131 -45.57304 2.808607
v -38.38682 -45.02061 2.67938
v -29.85082 -27.81002 1.964924
v 6.453502 7.207274 24.56313
v -37.22805 -26.25735 2.378554
v 19.58173 76.22766 8.935891
v 24.18332 7.516492 23.9593
v -34.85296 -26.7182 2.757355
v -25.55267 -25.57271 2.638988
v -38.40227 -24.01899 2.695261
v 25.02071 8.17827 23.71856
v 27.23693 -23.62277 2.999093
v -39.91702 -22.93887 3.466329
v -6.362314 68.60959 36.66408
v 27.34034 -22.43524 2.284876
v 24.42781 -22.14128 2.198095
v 25.9131 -22.00776 2.530838
v 21.24196 39.58607 15.76391
v 28.41023 -21.01107 2.943654
v 22.96506 -20.40086 3.117214
v 22.39553 9.583493 23.70135
v -8.809615 74.93748 34.47273
v 31.00211 1.118691 18.8681
v 20.85028 -17.81638 3.604265
v 20.73787 -15.18858 2.139066
v -40.63026 -15.40704 2.332925
v -26.72372 42.59301 14.58961
v -27.31626 45.10058 15.17339
v 6.397484 74.44707 34.42811
v 17.26471 -10.73338 2.611531
v -28.09328 9.713529 24.16933
v 9.38466 2.034102 18.9206
v -22.87509 -8.335178 3.710809
v 33.68076 -7.355615 3.283244
v -40.80119 -6.579253 3.504177
v -53.41401 -51.32519 6.656592
v 15.62088 81.7319 10.29184
v 10.96262 0.07406163 2.848338
v 32.84444 0.3033757 3.528015
v -16.62232 0.4700721 2.97366
v -7.286415 76.03003 33.79178
v -5.907249 75.84471 34.04265
v -36.3239 5.912685 3.035937
v -13.09249 6.07954 2.528193
v 28.70225 53.63573 15.53303
v 17.46906 10.20388 24.10251
v -28.6454 11.42963 23.87711
v -6.030081 7.522294 2.498473
v 29.88999 6.160004 2.357397
v -6.812572 8.293678 2.182165
v 4.148163 7.765986 2.483192
v -25.69351 12.25954 24.03607
v -33.82296 9.202008 2.387083
v -32.19094 9.644412 2.290988
v -6.280237 77.74939 33.8563
v -25.40026 13.71225 23.64776
v -26.00448 12.87196 2.56521
v -24.08864 13.60076 23.91343
v 13.61281 -35.64781 17.17706
v 1.863143 78.49131 33.89335
v 17.10529 20.64209 3.277158
v -21.94202 16.22747 24.13728
v -17.29782 22.88569 3.269991
v 18.83724 -34.3339 28.92339
v 12.28662 25.01462 1.989107
v -16.10509 29.6979 3.342997
v 14.07578 31.44303 1.004152
v -19.9302 34.47605 2.646618
v 25.57742 64.47027 17.39196
v 19.85213 37.15091 2.388021
v -28.74107 68.78876 15.27306
v 24.18805 44.289 1.10483
v 35.92942 45.53401 2.392258
v -33.01818 45.70887 1.803627
v 41.93438 46.87593 2.100203
v 43.47784 46.93399 1.938507
v -39.61235 49.1982 3.907296
v 44.34867 48.81633 3.456046
v -42.53836 51.79906 2.294338
v 13.75026 21.04077 24.27131
v -43.28306 54.82102 2.890981
v 45.62902 58.85584 2.993702
v -42.84354 59.54822 2.316779
v -25.65176 72.69793 16.20074
v 40.1165 62.31818 1.987352
v 16.96154 -53.50924 29.04789
v 32.52056 64.41512 1.910701
v -24.66117 75.18693 16.20344
v -27.90075 66.399 3.351925
v 26.0361 66.9926 2.123979
v 25.75662 68.06093 2.619439
v 23.72283 70.71375 2.356749
v 21.86409 72.26167 1.930506
v -19.98975 77.25299 1.175418
v 16.59763 76.56568 2.224206
v 15.44112 24.20216 23.93994
v -14.23928 82.18811 2.620054
v 14.16162 80.55533 2.422498
v 12.85033 82.87288 2.379199
v -18.48758 26.80231 23.49614
v 16.82735 80.36288 16.18514
v -13.1239 84.8379 1.740442
v -11.97423 85.62977 2.404576
v -10.18392 87.02818 3.64712
v 8.972431 87.16525 3.418077
v 6.384926 88.54652 3.678347
v -2.575567 90.06718 3.713738
v 3.111213 89.60671 3.705759
v -36.22731 -53.75011 2.106071
v 31.17181 -53.65482 2.852039
v -18.43608 27.99807 24.09337
v 24.88579 -53.51167 5.145598
v -55.90618 -52.60523 2.674227
v -32.54721 -52.47363 2.822618
v 28.20718 -53.07264 4.179516
v -54.10272 -52.1618 2.656876
v 27.65463 -51.24416 2.993464
v -51.14217 -50.95899 3.592869
v 21.51409 -51.43687 3.14371
v -51.03295 -50.41759 3.562732
v 14.8245 30.71958 24.8233
v -54.02325 -49.82463 2.956428
v 27.63254 -50.39922 2.908478
v -54.80541 -49.82049 3.479917
v -33.10181 -49.12779 2.347378
v 15.59197 32.28628 25.36849
v 34.94079 -50.24756 2.874154
v -51.91413 -48.53583 4.21063
v 26.4668 -48.67789 3.944871
v 3.281056 1.531718 33.62585
v 14.59732 83.16764 16.08582
v 22.68799 -48.24623 2.8686
v 31.11684 -47.33034 3.027312
v -32.97798 -46.98831 3.552929
v -31.34216 -30.88577 3.079306
v -31.75181 -30.0717 2.887657
v 15.3825 36.55236 24.67129
v -30.76059 -29.14308 2.864311
v -31.49683 -28.25671 2.945853
v -28.83873 -29.38034 3.004839
v -35.1209 -27.87337 2.961029
v -26.80297 -27.96211 2.977148
v -32.09678 -25.84955 2.445141
v -39.11929 -25.7089 3.960566
v 17.3199 38.82417 24.91545
v 25.28876 -24.4448 2.885978
v 22.54246 -22.40887 3.23285
v 25.13984 -23.1785 2.727852
v -1.321012 57.07669 39.43812
v 28.5128 -22.39692 3.116112
v -41.66067 -20.47918 3.089395
v -23.95272 -21.22427 3.094941
v 27.34631 -20.84957 2.479466
v 29.2255 -20.79631 2.865557
v -29.98747 -53.0641 9.4015
v 31.27743 -20.39741 4.044772
v 1.784311 4.589421 35.65065
v -41.35015 -19.24525 2.671532
v -4.070815 4.873549 35.46046
v -26.01005 -18.64408 2.751651
v -40.53507 -17.95623 2.452653
v -26.83853 -17.12242 2.661315
v 18.84428 -49.85297 7.14046
v 3.389626 88.503 16.06108
v -1.099074 89.32236 15.90817
v -41.62231 -9.346738 4.807157
v 13.94554 -5.674826 3.826578
v -4.123666 34.47016 33.98614
v -21.76204 -5.067657 2.46966
v 13.61735 -4.032587 2.764008
v -19.4513 -2.783356 2.795177
v -26.39411 -53.791 16.62278
v 21.78207 46.07629 23.75244
v -24.09792 46.40007 23.99025
v 30.8903 -53.26293 16.40573
v -15.19414 2.139301 2.23894
v 8.509823 4.960701 3.195133
v -37.71586 4.641076 2.787123
v -1.027233 5.304197 3.506341
v -11.12785 6.409863 3.39532
v -26.12965 51.02051 24.1942
v -35.68136 7.370185 3.089823
v 28.64159 8.550003 2.834845
v 26.23445 10.83305 2.926055
v -28.11276 12.62486 3.000049
v -24.88981 14.15026 3.072792
v 21.55371 14.95872 3.587228
v 24.18899 55.10578 24.71295
v 0.004185387 56.9948 38.92986
v -0.35658 41.45666 34.44472
v 35.18042 -52.18393 15.69697
v 16.61233 38.45113 25.54883
v -50.20067 -49.62193 9.652707
v 13.38132 27.3562 2.919607
v -15.8306 28.63127 3.282591
v -18.22127 33.70485 3.01781
v -7.950446 41.87717 35.04688
v 18.44119 34.85072 2.740539
v 19.22239 35.45227 2.632918
v -24.48582 -49.83977 15.84555
v -3.086288 40.74288 34.40272
v 16.26589 -47.47851 15.80567
v 34.47611 44.94972 3.527271
v 35.99832 45.74455 3.276172
v 37.48458 45.77905 3.077403
v -29.08593 46.2535 2.377931
v 38.74741 46.27277 2.80309
v 42.98735 46.98749 2.598865
v -37.80649 47.08112 3.522248
v -41.05855 49.54432 2.654254
v -40.30371 51.7795 5.277165
v -24.91095 -47.42852 15.39057
v -41.74856 60.65906 3.309449
v -41.35897 62.46859 2.779686
v 41.1194 62.39101 2.604045
v -7.311922 41.27317 33.88884
v -38.72149 63.88509 3.70229
v 26.57719 67.35707 3.210909
v -28.22023 67.85402 3.755699
v -28.95928 70.01743 3.536925
v -24.3947 -45.21725 17.07037
v 1.533507 43.00038 34.43737
v 18.60028 75.84524 3.003212
v -41.25174 -45.09645 16.59688
v 3.105989 41.23206 33.89037
v 21.33084 68.30257 24.73786
v 15.95387 77.8456 2.887189
v -16.07515 81.76738 3.649458
v 12.12858 83.0753 3.752687
v -5.628456 89.77606 3.056757
v -41.77519 -53.67021 3.196175
v -22.72202 70.34732 24.55513
v 21.21045 70.3115 24.23291
v -55.24325 -53.03018 3.157357
v -53.95531 -52.61447 3.135086
v 34.95192 -52.2594 3.115587
v -55.86101 -52.56692 3.447765
v -23.29179 72.14406 23.65309
v -21.72724 73.7354 23.53256
v -55.3733 -51.07858 3.798635
v 28.00661 -49.92047 4.012924
v -1.864037 6.590051 18.03427
v -45.30619 -46.59738 3.26603
v -41.29587 -45.30709 3.268471
v -38.27369 -44.60119 3.452248
v -28.87007 -30.39769 3.267263
v -37.59328 -27.91888 3.817312
v -25.18653 -27.03426 2.902761
v 26.20694 -25.29401 3.621605
v 28.11902 -25.14185 3.232293
v 28.66736 -23.37792 3.624503
v 14.97986 -38.49269 16.66021
v 29.57312 -21.02412 3.425238
v -23.14824 -19.90404 4.555651
v -25.06093 -19.86421 2.677299
v -42.11283 -19.96677 3.611867
v -24.89356 -19.10912 3.467199
v -41.97052 -18.53221 4.041864
v 4.957004 42.65955 33.63948
v -41.13582 -16.73683 2.715202
v -41.57901 -14.29116 4.124557
v -41.44352 -13.80782 3.488412
v 34.30216 -13.0037 3.314754
v -22.74697 -35.05386 17.17148
v 30.35663 -34.90985 16.769
v 16.43283 -9.359393 3.441036
v 9.264703 83.61017 24.81943
v -22.49853 -33.10069 17.038
v -23.57241 -9.242369 4.586122
v 9.255196 42.99691 33.83796
v 8.214644 83.81437 23.80484
v -19.08218 -3.912809 4.177982
v 33.7156 -3.235336 3.012622
v 11.79522 -2.259748 3.795519
v -1.941223 59.08866 38.88252
v -39.80116 -1.42574 3.286696
v -17.85259 -1.271401 3.269697
v -39.54229 0.543547 3.003355
v 32.69159 1.679476 3.598241
v -15.84366 1.161563 3.644689
v -14.5517 3.202265 3.707221
v -38.47599 2.60622 3.186995
v 31.8766 3.665034 3.279953
v -13.5528 4.999137 3.407287
v -8.157205 84.17579 24.49285
v 31.1426 6.208952 3.863754
v 9.18743 44.66469 34.16208
v -34.35929 9.261155 3.657933
v -4.15281 85.91295 24.92768
v 34.28246 3.309903 10.07381
v 18.87499 14.91877 2.863176
v -41.30022 -23.5695 17.2296
v -31.71891 -53.52036 23.9425
v 18.18272 18.69442 3.460461
v 24.32338 -53.54435 25.32599
v -33.49722 -52.99075 24.08857
v -16.60267 25.478 3.621969
v 16.57094 33.8378 4.749002
v 18.38146 33.88682 5.553755
v -20.38573 35.33089 6.125794
v 21.54096 40.30078 2.964098
v -25.52298 43.17411 4.624455
v 23.16909 42.13149 5.273929
v 15.0617 -18.93346 15.84592
v 32.50881 -20.07961 16.95709
v -35.90939 46.92691 4.212466
v 41.23995 47.13709 3.416492
v 42.326 47.9552 3.076191
v 26.46475 -52.97219 24.06163
v 45.22714 51.94534 3.89842
v -41.83961 53.9079 5.024296
v 15.42606 -18.28554 17.11997
v 45.67523 56.1189 4.498087
v -42.90487 57.30768 2.973281
v -23.799 -35.01465 8.736976
v 44.74402 60.30127 3.170095
v -25.40734 -16.98371 15.88149
v 16.2596 -17.60263 15.79605
v 35.4138 64.00954 4.350694
v -37.67996 64.47331 4.347051
v -32.72516 65.49725 3.755553
v -26.36955 72.43041 1.611228
v 22.5488 72.19557 3.755482
v -23.82798 73.51329 4.643825
v 17.06783 76.17359 3.394305
v -19.1033 78.01741 3.561573
v -16.87414 80.53824 3.134309
v 28.714 11.59171 18.65837
v 26.92641 -47.38029 24.82663
v 14.04849 50.61453 34.33586
v -12.0191 85.49236 3.210435
v 10.41819 85.69095 4.188166
v -6.886962 88.77607 4.4395
v -24.75447 -48.96266 25.37588
v -0.4113038 90.12474 3.96311
v 31.0479 -53.5559 5.748566
v -37.41144 -13.97006 16.1513
v 21.93094 -52.72127 3.473852
v 22.75711 -53.0534 3.24083
v -31.64036 -46.73894 24.64087
v -54.81821 -52.4231 4.650565
v 14.62164 53.26799 34.42457
v -28.89095 -13.83485 16.25851
v 20.28442 -52.70438 4.121306
v -48.54123 -51.96113 4.136643
v -31.84179 -52.50495 3.973745
v -52.30178 -51.93734 3.521837
v -49.82516 -50.40257 4.028977
v -32.07907 -51.03664 4.24023
v -46.87851 -48.63185 4.016471
v -31.73064 -49.64903 4.081042
v -26.88137 -45.35803 23.87301
v 22.10354 -47.97617 3.397104
v 23.57633 -47.28739 3.724403
v 16.88243 54.12928 33.14829
v 21.82351 -33.13013 9.947864
v 21.94546 -46.57069 3.988949
v 29.41864 -47.50758 4.015585
v -43.05032 -45.45306 3.356498
v -29.47685 -13.18534 16.39006
v -37.48404 -44.89023 3.628235
v -30.25786 -31.70373 3.794684
v -32.30474 -31.08684 3.462691
v -27.66461 -30.93661 3.966662
v -33.04406 -28.81577 3.767767
v -37.85991 -29.4269 3.768033
v -35.89222 -29.50077 3.934702
v -26.1302 -29.55504 3.724007
v -31.96728 -11.48119 16.56503
v -23.28687 -26.14684 4.334877
v 24.05959 -24.6776 3.49324
v 28.88267 -25.30304 4.29563
v 14.99851 -43.84406 25.11599
v -39.31756 -23.77508 3.652683
v -22.83985 -23.38725 4.15391
v 29.50435 -22.43354 3.504251
v -40.75748 -21.93163 3.91191
v 21.36896 -21.63278 3.914073
v -31.87152 -10.11048 16.21479
v 32.97866 -19.20208 3.043836
v 33.75716 -17.66168 3.683564
v -26.50963 -14.76152 3.543288
v 17.93271 -12.04382 3.996114
v 14.33154 -37.32283 25.20741
v 33.06625 -10.76498 3.763271
v -41.93664 -11.57377 3.922186
v 33.04831 -9.554571 3.69736
v 15.29212 -8.026047 3.441427
v 24.4686 -34.83124 29.3658
v 29.61359 -9.862854 15.41133
v 34.17831 -0.7095283 4.214873
v 10.21555 -0.2964502 4.216607
v -39.96633 1.564706 4.36641
v 9.683547 1.411756 3.653889
v 14.55213 -33.10549 25.13714
v -19.28274 61.39168 33.79299
v 8.735079 3.040876 3.325097
v -38.64264 4.678152 3.669509
v 7.830273 4.463115 4.090231
v 31.58445 4.663601 3.919127
v -1.888675 5.146594 4.981019
v 30.62877 -29.16099 24.27486
v -37.26298 6.168088 4.021978
v 22.09121 -46.63829 29.13774
v -35.78499 -6.881347 16.32113
v -5.578751 6.612092 4.829016
v -9.4401 7.345405 3.721907
v 30.06869 -8.242979 15.95402
v 29.66445 8.792148 3.902247
v 28.01447 9.62379 3.554734
v -32.96943 10.09427 4.006721
v -24.8107 52.19778 26.29596
v 27.47986 11.24006 3.869432
v -32.25766 11.81671 4.57197
v -30.5102 12.59869 3.932479
v 13.30941 -6.743493 16.25899
v -27.32811 13.59851 3.23316
v 22.96514 13.33971 3.067926
v 22.23262 15.26833 4.426114
v -23.50411 15.50769 4.136143
v -21.90955 16.67939 2.94017
v 20.53188 18.75945 5.450756
v -17.58589 -6.209383 16.64382
v 4.994729 47.44055 37.28973
v -20.25474 20.38398 3.414714
v 15.78501 22.29315 4.129088
v -37.57309 -4.088576 15.75454
v 14.14172 24.81562 4.087789
v 18.60844 -21.49296 24.4386
v 13.52721 28.26458 2.6677
v 16.93442 44.11434 29.59991
v -17.98278 30.93087 4.346015
v -24.96352 54.50025 26.58982
v 15.92647 31.46798 4.566789
v 19.59749 36.03995 3.21558
v 28.49112 -21.28531 25.05563
v -22.5961 37.76522 4.706511
v 22.14743 41.39421 4.858713
v -36.53165 -3.746783 16.75853
v 32.90055 44.81418 4.105414
v 1.799439 58.85854 38.76501
v -32.60565 46.18323 4.071071
v 20.68284 -21.05159 25.23674
v 39.92964 47.85251 4.235547
v 21.12936 -20.27127 24.69458
v 43.55673 48.27869 3.696117
v 43.06755 49.92889 4.833568
v 26.35201 -19.62715 24.87398
v 45.66762 53.4363 3.906127
v -42.67232 55.50203 4.111512
v -41.15078 60.66684 4.181755
v 25.22705 -20.79217 25.33836
v 38.74047 62.64139 3.991874
v 36.59719 63.12014 2.904318
v 37.37782 63.10797 2.788464
v 31.75103 64.84803 4.221221
v 29.85469 65.09169 4.174019
v -28.82068 69.32746 4.460639
v 25.67791 69.37528 4.648101
v 31.99879 -1.44407 16.43575
v -22.41036 74.0181 4.541473
v 32.96112 0.03358201 15.69903
v 16.25469 -44.03086 28.15748
v 13.92322 80.80084 3.479831
v 12.70778 81.69107 3.8261
v 17.83566 -44.65062 29.49626
v 8.635664 1.055416 16.83732
v -19.2845 0.76766 24.39221
v 5.54418 88.73871 3.691187
v 7.283237 2.487449 17.26512
v -47.0057 -53.25008 3.968679
v -32.61409 -53.69216 4.890174
v -23.81893 0.6929173 24.51875
v -53.14881 -52.61088 5.25785
v 26.96997 -52.82769 4.289054
v -51.25199 -52.12083 4.854488
v -48.32692 -50.82417 4.326102
v 19.71675 -50.02096 4.713213
v -50.63667 -48.92419 4.474643
v -48.87512 -48.99607 5.159204
v 19.4681 -48.16682 4.926308
v -50.05578 -49.19173 4.408674
v 21.77565 2.039089 24.50841
v 32.94389 -48.43841 5.730548
v -32.38488 -48.16662 4.931683
v 20.91192 -48.98538 3.354133
v 25.21739 -47.5714 4.054873
v 34.45609 -22.05696 9.799455
v -19.23627 2.956526 24.6262
v 15.67352 2.745454 24.33983
v -39.94866 -44.40387 4.239437
v 18.10898 1.923358 24.51015
v -29.7899 -32.60028 4.001972
v -32.18076 -32.25219 4.567168
v 1.223725 5.077937 16.32239
v 24.30805 3.337336 24.34148
v 12.14301 71.49881 33.99059
v -26.61569 -32.09378 4.606248
v -37.17367 -30.66555 4.750057
v 14.50502 -21.42499 10.0932
v 0.4880602 6.296599 16.85075
v -24.63604 -28.0875 4.137478
v -23.43005 -27.45445 5.31007
v 24.37572 -26.70232 4.340433
v 22.24828 -24.31496 3.276822
v 29.77147 -24.10011 4.767291
v -40.85503 -23.3691 4.127481
v -6.003948 -11.58186 57.1459
v -22.54204 -20.99519 5.151242
v 19.74672 -21.84751 4.245563
v 20.87088 -21.69897 4.057448
v 31.0818 -21.02415 4.804335
v -36.33421 8.270292 15.61077
v 20.72747 -19.89607 4.607532
v 31.78941 -20.37245 5.596011
v -23.87086 -18.83377 5.105031
v 33.03592 -17.10367 6.210391
v -15.79902 79.45999 24.43904
v -24.97545 -17.30863 3.884947
v -26.35614 -15.86569 4.146839
v 18.38655 -14.43089 4.606639
v -25.22877 -13.29059 5.51894
v -28.57118 3.898495 24.55425
v 16.67039 -10.32039 4.700291
v -24.55719 -10.9287 4.898829
v -22.29019 -7.228612 3.790092
v -21.03883 -5.813816 3.870836
v -40.60866 -5.200363 4.843768
v 12.40868 -3.805487 4.197131
v 7.742336 74.82731 34.38335
v -32.37795 14.9801 16.63653
v 34.6284 -2.634158 4.069152
v 6.692528 58.91386 38.41288
v 25.46422 14.75612 16.98868
v -15.87438 -0.5781449 4.84425
v -4.702483 -7.553251 52.75572
v 33.6347 0.4510324 4.503036
v -30.42838 16.57161 16.91639
v -4.06743 60.87924 39.18752
v -24.63865 65.69076 26.6311
v -3.337522 5.215152 3.839942
v 6.193342 5.500674 3.139615
v -36.82324 7.725739 4.346121
v 1.788659 6.953108 4.022421
v 1.070087 7.176709 3.523011
v 2.575739 4.846816 24.85425
v -29.75923 13.38925 5.332982
v 24.92141 12.50718 3.50505
v 23.91003 13.4788 4.075276
v -26.49319 14.19526 3.738499
v 19.07131 16.51094 3.095425
v -22.10895 23.16286 16.56198
v 2.311694 76.70172 34.33785
v 15.31651 25.55399 5.895973
v -17.15739 29.96739 5.152333
v -18.43802 33.14299 4.090737
v 17.12277 34.41571 4.556869
v 18.66904 36.14247 5.361604
v -24.90787 41.33288 3.737735
v 30.54794 44.30331 3.83375
v -27.91162 45.38601 4.902641
v -37.87641 47.96071 4.700436
v 44.20611 49.31335 4.602539
v -3.710436 76.61866 34.51274
v -42.16126 58.51236 4.167088
v 43.65836 59.62708 4.069373
v 45.02466 59.26792 4.029266
v 41.83392 61.11185 3.834682
v 40.10178 62.04198 3.412945
v -40.6163 62.17061 4.005377
v -38.73045 5.125584 11.12541
v 32.56131 64.96276 5.953471
v -29.67725 8.241157 23.94358
v -28.4741 66.469 4.985255
v -22.05501 -10.57914 9.878349
v -27.41715 71.82924 4.706018
v 24.92478 70.4181 3.568798
v 22.99144 71.10383 2.856044
v -13.394 60.13279 37.23482
v 23.64433 43.77233 16.15146
v 1.57638 77.91095 34.22843
v 17.01797 77.63711 4.070273
v -8.351299 8.644382 24.26979
v 14.79784 80.79456 4.093413
v 24.54397 48.28418 16.61462
v 8.16558 86.8501 5.303546
v 6.70473 88.0706 5.052683
v -3.859434 89.27121 4.490727
v -2.902983 78.22413 34.22958
v 21.17852 -53.50947 4.848889
v 32.82051 -53.32356 5.224137
v 16.985 9.274464 24.28561
v 35.01971 -51.95582 4.691356
v 18.08734 9.409907 24.45482
v -48.91055 -51.22177 4.977165
v -54.22888 -49.82761 5.013851
v 27.34968 -48.88218 4.524159
v -52.40346 -48.41536 5.472777
v -19.47424 -7.749504 9.549789
v 28.25259 -48.16637 4.679621
v 20.46547 -47.42943 4.597592
v 32.56122 -47.03818 4.240658
v -44.61214 -45.98468 4.793391
v -26.73481 11.20439 24.52809
v 21.20907 -46.32559 4.567311
v -18.4494 -7.078806 9.765896
v -35.92441 -44.82342 4.121412
v -1.46237 -4.467962 34.78268
v -42.42539 -44.24419 4.735769
v -31.24042 -33.1742 4.518876
v -29.83532 -33.98493 4.677126
v -29.15915 55.06752 16.8465
v -27.56783 -32.78475 4.530319
v -33.87746 -30.43399 4.69228
v 16.6082 12.48148 24.46021
v -23.89496 -29.02877 4.780421
v -38.56212 -27.38212 4.452889
v 27.14526 -26.51146 4.554146
v -40.27487 -26.63831 4.670746
v 22.9701 -25.62693 4.457607
v -40.62244 -24.56535 4.821001
v 21.40737 -24.73071 4.641659
v -23.30343 -24.87467 3.790037
v 20.97405 -23.16173 4.435713
v 31.34316 -22.02746 4.918766
v -21.69769 -22.3388 5.50358
v 20.58751 -20.63777 4.550872
v -29.30972 64.09108 15.8784
v 15.31868 15.89123 25.14076
v -42.76861 -16.41863 4.216683
v 24.90795 -39.43282 28.78666
v 34.3695 -15.02748 3.999912
v 25.8208 67.30641 16.39619
v -19.94934 -6.454744 6.114704
v 34.8142 -4.171963 5.018705
v -1.243598 -7.228985 53.72883
v 35.14588 -3.175903 5.555816
v 14.3819 19.22019 25.05151
v -40.72254 -2.618433 4.388365
v -16.39431 -2.288076 5.708626
v 11.21349 -1.84282 5.778946
v 24.84734 70.96526 15.83901
v 35.00227 -0.9231702 6.103921
v -40.62595 -0.465637 4.646535
v -39.51175 2.799985 5.084661
v 32.58916 -32.17121 19.25384
v -12.25581 4.149514 5.129247
v 21.79578 75.81836 16.40739
v -11.46552 4.835711 5.110872
v 0.9107 6.323935 5.199836
v -16.22942 23.09073 26.06409
v -34.448 10.52675 5.381445
v -32.14756 12.50903 5.32392
v 26.68708 13.47191 5.543966
v 25.40169 14.16579 5.334012
v -28.52809 14.42276 4.782394
v -27.62453 15.3993 6.783945
v -25.53419 14.89988 3.799283
v 17.91132 79.70033 16.87996
v 20.02973 15.43174 3.995703
v -22.7101 18.99492 4.749584
v -19.57152 80.8293 15.77409
v -18.68026 81.74256 16.19271
v 17.60053 21.8363 4.523549
v -17.79382 21.59705 3.64411
v 15.60481 81.75643 16.45685
v -16.93622 82.42251 16.43655
v 16.35294 31.60697 6.072958
v -19.81118 34.67168 5.895032
v 19.37878 37.28848 3.722213
v 12.78376 84.29725 16.29905
v 21.21462 39.35094 3.853975
v -16.26819 84.07144 16.15898
v 25.34058 44.38694 4.571737
v 28.35809 44.69292 4.125107
v 34.89256 45.0219 4.600493
v -0.2668526 7.84603 33.63969
v -31.20676 46.57414 4.440296
v -29.59032 46.33505 4.737366
v 38.83641 46.76102 4.778336
v 9.983389 86.0973 16.36948
v 41.61525 48.2758 4.234161
v 41.86455 49.88834 5.707169
v 9.325695 86.29711 15.79997
v 44.28421 50.35992 4.981642
v 45.30726 54.24255 5.218955
v 45.15059 56.82355 5.08818
v 6.929248 87.19221 15.84551
v -9.72055 87.48253 16.00275
v -39.4193 62.18349 4.695427
v 37.20587 62.75586 4.749239
v -29.64922 65.10212 6.397309
v -24.68886 73.19481 6.169688
v -21.89969 75.17034 3.767508
v -20.26423 76.02316 4.265285
v -20.63416 77.06899 5.396041
v -3.217234 89.09256 16.44651
v -14.47218 82.26345 3.752744
v -13.6994 83.72532 3.312571
v 11.70788 85.18223 5.04447
v -13.50264 85.24905 5.056233
v -1.118848 89.19049 16.42098
v -8.250776 88.01796 4.330837
v 4.357861 88.39905 4.881431
v 1.686679 89.49232 4.975855
v -44.91289 -53.28854 6.370854
v -3.977259 42.31071 34.55381
v -1.996883 41.93107 34.57943
v 29.7764 -53.70874 4.98428
v -41.6159 -53.17309 5.213155
v -37.47379 -53.17698 3.639778
v 19.72098 -52.94162 5.397972
v 34.34632 -53.61874 16.66845
v -53.29369 -52.43092 6.341592
v 34.04167 -52.96031 4.980048
v -41.43938 -52.95432 16.84964
v -47.96376 -52.66969 6.188178
v -31.45818 -52.84578 5.672582
v 33.44937 -49.75895 5.782092
v 27.58029 -47.49593 5.582324
v 29.21321 -46.66778 6.087698
v 26.38455 -47.58669 5.180374
v -31.35529 64.90388 5.406129
v 30.90429 -46.45569 4.717553
v -5.809633 43.36496 34.6854
v -5.832998 42.72715 34.38807
v 22.63805 -45.42774 5.200283
v 24.35796 -46.35902 4.520808
v -34.1714 -45.1702 4.951773
v -37.91733 -44.42098 5.285205
v -41.80796 -44.06957 6.067421
v -30.01075 -35.15667 4.960678
v -5.486011 5.662866 26.92178
v -32.38138 -33.99047 4.494011
v -28.5425 -34.1613 5.193397
v -35.33451 -32.68015 4.759983
v -3.779293 -11.51554 56.52889
v -38.6322 -29.6631 4.503358
v -37.82744 -30.91244 5.664448
v -24.02091 -30.56972 5.986457
v -21.82876 47.72094 28.41783
v -39.18366 -28.10839 5.064611
v 25.74196 -27.62513 4.155825
v 21.77384 -26.57992 5.129859
v 20.68809 -24.91546 4.983471
v 20.67676 -23.92696 4.804601
v 33.8994 -52.25414 16.98662
v 19.08095 -21.08448 5.369958
v -26.78551 55.61126 23.9603
v -42.12812 -19.78594 4.931833
v -42.47791 -17.97338 5.533967
v -25.05786 -16.74081 5.501736
v 33.15704 -10.29386 4.588124
v 34.2281 -8.318675 4.880515
v -23.95571 -30.54652 19.53915
v 13.33964 -5.078494 5.544782
v 9.841534 0.4161941 5.611352
v -0.2330568 60.87211 38.78649
v 23.06407 63.70927 24.53673
v 7.882794 3.77941 5.355624
v 33.59536 2.032071 4.722238
v 5.84251 43.02743 35.08837
v -39.40391 4.031241 5.202085
v 5.671164 4.01865 5.720112
v 32.57072 4.379919 4.688161
v 3.187966 5.506693 5.479788
v -35.74614 9.193322 4.665768
v -33.78802 11.55268 5.546199
v -23.58495 69.04021 24.5135
v 31.43022 -46.08368 16.7451
v 24.8047 15.26934 5.372861
v 4.319522 43.75338 34.26207
v 21.15222 18.10357 6.095542
v -19.82308 22.81817 5.833565
v -21.9532 71.14467 24.6581
v 20.92649 71.12697 25.38564
v -33.38397 13.61032 9.559035
v -17.06194 27.34504 5.078146
v 27.51562 45.00759 6.618126
v 16.55791 -41.08104 17.56109
v 33.52532 45.20468 6.090129
v -34.45593 46.28596 4.327872
v 45.20712 53.44073 5.402735
v -40.90268 55.7226 6.329007
v -41.6003 56.94897 5.079926
v 43.70115 56.80884 5.365842
v 42.57593 59.14387 5.13981
v -39.59257 61.15291 5.071792
v -35.43859 64.58947 4.91539
v -33.842 64.58487 5.662175
v 18.89878 -32.39279 28.40313
v 22.54644 72.29443 5.127107
v -23.07317 74.09422 5.413406
v -17.81456 79.65411 5.100823
v -15.62658 83.77498 6.696351
v 13.20625 83.30018 5.019313
v -10.90292 87.61182 4.939713
v -40.0706 -30.01133 19.50314
v 2.944166 89.26476 5.121087
v 39.9242 -53.86481 6.070675
v -44.42988 -53.55223 4.424455
v 40.06495 -53.14721 5.167002
v -50.93743 -52.86217 6.962863
v 40.64464 -52.17172 5.799123
v 39.6583 -51.88759 5.325535
v -31.6034 -50.02271 5.60587
v -31.81428 -48.86652 5.730576
v -49.74719 -48.56051 5.348802
v -50.17928 -47.83981 5.846245
v 19.76778 -48.04903 6.202141
v 31.70073 -31.62026 17.22151
v 9.791475 47.4528 34.93806
v -32.61509 -46.95568 5.122917
v 25.93237 -46.22919 6.443384
v -33.00304 -46.19551 4.949918
v 24.75007 -44.88543 6.267537
v 20.62683 -46.03177 5.043056
v -5.837402 84.6704 24.67058
v -44.08738 -45.09288 6.280937
v -38.92469 -45.03204 4.63355
v -30.27999 -37.23484 6.202279
v -33.13109 -34.92464 5.959769
v -36.11983 -30.68029 4.773413
v -25.14731 -30.77378 5.040876
v -38.5802 -29.93637 5.583089
v 23.8163 -27.75957 5.276381
v 26.17143 -28.76392 5.645837
v -41.04324 -27.45133 5.675139
v 4.280699 63.35656 38.76987
v -41.25218 -26.51055 5.562725
v 20.24774 -26.19183 5.798736
v -41.6655 -24.50352 6.960823
v 18.74936 -24.40376 5.623751
v 30.36351 -23.10679 4.662438
v -41.43878 -22.98715 5.231198
v 18.69795 -22.20082 5.610799
v -41.74487 -21.01327 5.131457
v -6.312778 -3.645302 52.84273
v -42.85234 -19.51293 6.009036
v 19.50444 -19.45809 5.603221
v -42.25044 -14.92062 6.207248
v -25.13297 -15.68852 6.815498
v 13.3549 49.01133 34.16486
v 33.23528 -11.8069 4.587944
v -21.10954 -8.204462 7.101878
v 34.75884 -7.457104 6.369297
v 15.41133 -8.363669 5.064704
v 35.04024 -6.010861 4.701638
v -40.47711 1.099372 6.074422
v -23.76048 -51.64049 24.96472
v 32.27864 6.355367 5.595766
v -38.01495 6.208575 5.916429
v -9.336708 6.076954 5.463797
v -6.747014 6.824134 4.975262
v 12.55966 50.40641 34.79983
v 30.37709 8.847054 5.241653
v 29.13916 9.752826 4.96761
v 29.89234 10.14338 6.367051
v 28.45222 11.23248 5.080097
v -24.46566 -50.99784 24.80859
v 16.64407 -17.26824 17.30276
v -29.04469 14.67715 5.975306
v 23.84014 16.2943 5.917007
v 21.39998 16.2494 5.528457
v -0.02314741 62.56251 38.87552
v -7.53188 84.43031 26.37768
v -19.0055 23.62438 5.959686
v 14.99314 28.35329 5.353622
v -18.83764 55.75934 34.75695
v 16.77556 33.14911 6.317339
v -19.77122 33.59467 4.972724
v 18.36865 35.41403 6.210644
v 20.38593 37.9036 5.226367
v -26.87275 -47.87531 25.35238
v -7.776614 45.11818 36.93036
v 32.09771 44.54367 5.722239
v 35.72144 45.50808 5.20557
v -28.72721 -14.62545 16.82915
v -32.14727 47.30751 5.981963
v -38.93306 48.77255 5.256112
v 40.54253 49.04128 5.307169
v 43.73593 53.48458 5.68331
v -40.79731 53.58722 5.935625
v 42.70099 56.81439 6.13176
v -31.69239 -13.81998 16.77317
v -38.63338 62.66992 5.585956
v -37.05783 62.9849 6.526374
v -36.22557 64.46299 5.176804
v -28.56606 65.72918 4.830001
v -28.65743 67.45227 5.201915
v -29.62331 68.80886 5.488912
v -27.99435 70.79305 5.553743
v 21.37774 73.8768 5.269986
v 18.16666 76.01406 5.601743
v -19.4927 78.12997 5.024999
v -17.00589 81.61256 6.034398
v 13.96421 81.5718 5.448565
v -1.387991 89.52417 5.226646
v -28.74892 -10.75453 16.30092
v 41.19596 -53.58529 6.427271
v -27.51485 -9.995064 17.62164
v 38.77835 -53.28243 6.207695
v 28.63431 -40.46923 23.61835
v -49.48585 -52.43489 6.156968
v 40.0811 -50.72174 6.681085
v 19.28082 -49.26328 6.239352
v 34.15682 -51.02811 6.242852
v -25.09115 -10.63725 16.65035
v -4.826612 84.7995 26.6993
v -31.14767 -47.46328 6.531206
v 20.48384 -46.5368 5.978109
v -24.06027 -9.766824 17.20277
v -32.36957 -37.13887 6.071438
v -31.91575 -35.54136 5.617605
v -28.19392 -36.84894 6.544694
v 29.60475 -31.69987 25.61865
v -34.52706 -35.41822 6.147673
v -33.52403 -33.15312 5.30557
v -26.59641 -35.06151 6.408198
v -26.515 -33.33653 5.603492
v -34.82151 -6.422303 17.01676
v -24.20347 -32.08182 6.257871
v -38.11316 -31.96035 6.126705
v 23.8024 -29.18685 5.947414
v 27.59169 -28.95214 6.155189
v -40.36668 -28.64953 6.649067
v 28.76655 -27.99946 5.774693
v 25.048 53.96427 18.30646
v 28.50254 -26.2944 5.175204
v -21.69437 -25.52557 5.699815
v 31.22403 -24.94179 6.06589
v 17.29343 -23.46739 6.255768
v 29.94592 -26.25832 24.5156
v -42.44323 -20.85695 6.348638
v 18.7782 -17.64873 6.005526
v -42.61244 -16.40289 6.492233
v 16.06063 -11.82473 6.382229
v -23.79071 -11.67688 7.466609
v 18.56084 -23.08471 25.43763
v -41.37579 -9.028395 6.217924
v -6.502941 -6.205102 54.70837
v -40.95116 -3.725675 6.247588
v -40.82166 -1.904118 5.939641
v 6.711666 72.08128 35.48931
v 34.48677 0.2502402 6.350881
v -13.23881 2.580921 5.4312
v -37.23624 -2.104526 16.4056
v -0.5071113 5.739804 6.670732
v 38.0217 52.56446 9.972124
v 29.05641 12.10344 6.940512
v -32.7695 13.22858 7.34024
v -30.78657 14.01839 6.900708
v -25.93623 15.97034 5.758228
v 22.14502 16.85036 6.181468
v -24.27449 16.6239 6.054911
v 16.55138 23.55784 6.132674
v -17.56834 28.41126 6.390803
v -17.95195 30.16783 6.698026
v 24.00175 -52.80098 26.9086
v -20.05294 32.74662 6.898754
v 18.30003 33.50269 7.037086
v 18.96563 34.76905 5.085119
v 21.00846 -44.82809 28.70862
v -25.21202 42.17218 5.94264
v 19.0933 0.3148761 24.55549
v 29.46408 44.79638 5.784859
v -28.72918 45.96895 7.412264
v 24.84326 -53.09198 25.79556
v -37.74474 48.45313 6.005445
v -38.24195 49.81689 7.0678
v -39.60899 51.54149 6.546969
v -39.90507 56.68235 7.05041
v 41.26105 59.51582 5.398066
v -39.27001 60.3773 6.627466
v 2.722534 46.55789 37.21627
v -29.75196 -52.78164 25.5941
v 20.00343 2.994619 24.71111
v 34.08641 64.30067 5.701422
v 30.62743 65.01095 6.654421
v 25.62416 69.91409 7.859062
v -20.91701 75.25185 5.785223
v 18.90922 75.52331 5.918448
v -27.5499 -52.79962 25.77487
v -15.71365 82.23721 6.226424
v 7.04453 88.43998 5.937125
v 17.62141 -14.15842 17.76098
v 1.593898 90.0266 6.133142
v -4.741215 90.10084 5.717019
v -8.821484 46.04121 36.45225
v 21.77721 -53.53514 6.506665
v -31.05669 61.99979 10.73174
v -48.34697 -52.86611 6.885424
v -30.33793 -51.2001 7.434324
v -3.756172 84.43031 27.50439
v 24.01777 5.128966 24.50252
v -32.67259 13.68656 16.63666
v 37.18221 -50.50299 6.830598
v -30.1333 -50.15657 7.484155
v 27.53008 14.4214 15.66476
v -51.81037 -49.08064 7.755256
v -46.89223 -48.01744 6.279678
v 31.18485 -46.6023 6.79864
v -45.3371 -46.68144 6.356589
v 15.91924 4.842212 24.83729
v -25.29153 -52.89836 24.87956
v -31.91471 -44.83265 6.618148
v 22.56301 -44.75528 6.125294
v -39.3313 -43.59888 6.269762
v -35.49387 -43.64328 6.459907
v -34.28206 -36.69676 6.773669
v -6.242995 -4.738916 54.5351
v -36.30845 -33.64047 6.313184
v -34.98333 -34.23839 6.218912
v -25.07928 -33.87631 6.913898
v -39.05019 -29.75689 6.366112
v 26.5472 -30.37223 5.940711
v 24.96281 -30.55697 6.849083
v -30.06693 66.44211 10.6109
v 20.74052 -27.49685 6.486921
v 18.28978 -27.2768 6.797922
v 19.22325 -27.02375 5.959009
v 18.23767 -25.97485 6.33639
v 8.969398 5.918976 24.63335
v -42.66584 -22.85595 6.514778
v 18.05679 -20.60336 6.19275
v -41.80134 -13.64871 6.473678
v -28.07504 69.963 9.80678
v 35.05017 -5.647791 6.61059
v 14.01521 6.732131 24.6112
v -8.249463 48.04438 37.45705
v 34.7773 -4.438925 6.874575
v -4.278482 76.1661 34.85878
v 35.11527 -1.749299 7.618904
v -3.707304 3.042248 28.6803
v 7.309112 3.807118 6.002462
v 4.979553 3.04149 7.984424
v 3.213731 4.098226 7.578079
v 17.32049 -13.03038 17.2441
v 24.37291 -21.07704 25.77406
v -10.87136 7.573321 24.10461
v -18.47792 26.38005 7.190282
v -18.8518 31.29304 6.413045
v -1.582518 76.60092 34.60629
v 18.62643 35.75515 6.819792
v 21.81478 40.91882 6.371604
v 1.465953 47.86122 37.83793
v -27.24466 44.51302 6.855525
v -27.96929 51.9429 17.43256
v 37.04852 46.75465 5.629047
v -34.01781 47.26768 5.943677
v 39.02093 47.93018 5.908392
v 40.16284 50.1522 6.918678
v 40.75502 50.51611 6.169449
v -39.77143 52.71997 7.355826
v 42.39671 53.47464 6.448365
v 15.53347 8.416711 24.59501
v -37.72265 61.54844 7.090973
v 38.27669 60.94739 7.059029
v -30.16921 57.63086 16.58345
v -29.69256 61.64294 16.27018
v -25.96136 70.85806 18.65929
v 33.6083 -51.90217 6.909268
v -30.28307 -48.45061 7.773134
v 31.98111 -48.04492 7.353199
v -2.013137 -7.690043 53.01368
v 28.51376 -45.70961 7.198807
v 23.42375 72.23911 18.52767
v 21.88821 -45.02189 7.43243
v -33.36429 -44.00915 6.957006
v -36.10988 -38.23062 6.864092
v -35.15451 -37.58224 6.642206
v -31.6307 -38.34878 6.996099
v -29.87665 -38.66733 7.327451
v -35.63835 -35.10842 6.543206
v -37.22163 -34.97961 6.507235
v -37.88141 -34.94115 7.005901
v 22.72705 -29.51047 7.241531
v -23.85915 -37.29005 10.79189
v 22.51456 -28.32053 6.52477
v 20.89094 -29.61914 6.668623
v -21.85415 -28.22321 6.686052
v -21.77283 -26.57561 6.214018
v 17.20323 -25.2924 6.547338
v 32.36657 -19.52602 6.751701
v 18.89708 78.67604 16.86194
v 33.9366 -8.897012 7.160502
v -40.31088 0.4041912 7.689884
v 15.30925 -40.10636 26.14796
v 21.85432 75.03242 18.6709
v -9.893486 87.54244 16.65317
v 4.845727 87.6047 16.02882
v 41.38997 53.47579 6.669297
v -47.41196 -49.12208 4.262231
v -48.39587 -48.19282 5.937602
v 50.87949 86.89183 -31.68759
v 51.3896 85.03267 -32.00367
v 51.2573 86.49713 -33.64026
v 52.0689 86.09678 -32.18733
f 5943 5320 5697
f 5943 6125 5320
f 6125 5624 5320
f 5320 5004 5697
f 4680 1299 8797
f 6696 4343 5330
f 2808 1 7318
f 2808 3576 1
f 9859 9325 9324
f 9859 9565 9325
f 5043 2 5788
f 5043 5103 2
f 2002 9811 2012
f 8615 8364 9027
f 8364 9033 9027
f 9021 8224 8895
f 911 1005 1007
f 2124 2192 9999
f 2036 2192 2124
f 10000 10001 1547
f 10001 10000 10002
f 10002 10000 2036
f 2036 2122 10002
f 9999 1729 2124
f 1600 1729 9999
f 1385 1547 10001
f 2198 2036 2124
f 2198 2122 2036
f 1440 1542 1439
f 8080 8233 8622
f 9249 9381 8497
f 8365 8497 9381
f 9252 9022 9024
f 9998 9905 9997
f 9998 9997 9384
f 9252 9383 9386
f 9381 9384 9997
f 9252 9386 9384
f 9384 9381 9252
f 9997 9905 9254
f 8074 8072 8223
f 8074 8223 7504
f 7504 7500 8074
f 8500 7504 8223
f 8500 8233 7504
f 8365 9381 9997
f 1004 1088 869
f 5376 4676 4333
f 54 73 102
f 8622 8901 8903
f 8903 8505 8622
f 8905 8906 8624
f 9149 8905 9724
f 79 9815 80
f 3666 80 9815
f 79 9721 9815
f 9505 9815 9721
f 9505 9385 9815
f 9505 9721 9509
f 9714 9815 9385
f 9721 79 9911
f 3666 5130 80
f 4967 4691 4873
f 4691 4689 4873
f 4873 5055 4967
f 4967 5055 5261
f 5055 4873 4849
f 3515 3516 3742
f 6370 5954 6298
f 5529 6757 4225
f 6757 5529 6764
f 6764 7437 8721
f 6757 3482 4217
f 6764 5529 7437
f 3482 6757 6121
f 7437 9812 8721
f 6764 8721 8102
f 7281 1587 7073
f 7281 7073 7212
f 7281 5297 1587
f 7281 2477 5297
f 5297 5245 1587
f 7193 7195 2242
f 152 175 5215
f 2221 9976 9977
f 2233 5215 175
f 1127 67 5461
f 9446 8680 9081
f 9976 2233 175
f 5771 852 405
f 9914 236 9821
f 2233 9976 2221
f 3095 4684 3086
f 3404 1100 2729
f 139 136 9913
f 139 9913 9634
f 4480 8195 6809
f 9912 118 3723
f 9429 9426 8796
f 3719 6457 9910
f 6488 9911 2165
f 35 2118 9907
f 6457 5146 22
f 2629 3323 4736
f 79 80 9972
f 98 9723 2118
f 9935 6965 9932
f 8583 8318 8179
f 44 9906 9625
f 4343 6696 6662
f 9853 592 3077
f 6426 9814 22
f 35 9905 2548
f 6609 2303 3347
f 9906 48 9968
f 8122 49 67
f 4814 4013 4809
f 4186 3891 1633
f 8144 3917 5417
f 7912 5949 5999
f 3609 9809 2037
f 1155 4163 1984
f 9616 6698 8757
f 852 3642 5053
f 4166 1127 3422
f 9896 1897 9707
f 7796 3973 3971
f 6476 5188 5841
f 9240 9495 5975
f 9804 4977 1861
f 2550 2797 2295
f 7109 7868 7104
f 6288 9806 1861
f 9240 5975 6282
f 1856 5177 9892
f 1153 5582 4166
f 1856 9892 1849
f 1696 1846 9891
f 4944 9892 1825
f 1814 9889 4323
f 6857 9366 6190
f 1493 1422 1622
f 9891 1844 1696
f 4736 5961 5358
f 7113 5788 2
f 358 4342 5710
f 6217 9604 1792
f 9953 9109 9584
f 9604 3374 9700
f 497 7301 1418
f 7113 7109 7104
f 7169 4246 1727
f 9888 1765 9699
f 9901 3617 3608
f 1231 2841 8880
f 9357 1778 9473
f 8617 4365 7428
f 5725 4023 3132
f 6332 3833 8366
f 9503 7547 195
f 2904 1869 1889
f 7109 7113 7124
f 9886 9798 3344
f 6905 6904 7145
f 2734 9846 2701
f 4733 9694 1594
f 4788 9795 1630
f 2779 1170 5498
f 39 1643 9122
f 3247 9882 1620
f 2790 144 3459
f 3549 6796 6156
f 9979 266 9916
f 9627 1618 9596
f 602 6081 9962
f 4421 8118 5879
f 909 4421 5879
f 9847 9846 2734
f 3593 2808 7318
f 1594 9694 9693
f 192 1218 3520
f 6319 8964 6325
f 1745 1623 1521
f 4677 9877 1778
f 4677 9788 9877
f 7124 7135 7109
f 9876 1541 1976
f 9788 4677 1980
f 7124 5826 5838
f 9876 9688 1534
f 9206 8722 9463
f 9787 1534 9688
f 9587 9959 9957
f 2054 6376 2653
f 9785 9956 1488
f 5051 5049 4289
f 4487 9948 7270
f 3490 149 4895
f 2831 2652 2920
f 6018 6010 7387
f 765 7314 2694
f 3105 1479 9783
f 5200 5162 4563
f 8972 8714 9775
f 8271 8283 4074
f 1451 9685 9580
f 4421 5175 8118
f 8704 5934 9870
f 9870 5934 9683
f 8537 8554 7331
f 9868 9951 9206
f 9317 9763 9761
f 6843 7569 7579
f 9204 9573 3022
f 3664 5906 3671
f 1410 9341 1370
f 1379 9777 1386
f 1379 9462 9777
f 1379 9948 9462
f 9865 5860 1354
f 1344 9946 1341
f 9864 3022 9573
f 1410 7306 505
f 2841 861 8880
f 9459 9862 9946
f 9945 1318 9861
f 5115 240 1408
f 3634 2184 3637
f 7634 6849 5399
f 2965 9860 5827
f 9860 1287 5827
f 1257 9771 9678
f 180 9479 1212
f 4677 3170 9996
f 9996 1980 4677
f 1256 9568 9860
f 6115 2363 3935
f 7583 1657 4788
f 9326 4393 9677
f 4365 3488 7428
f 4393 9326 1245
f 6748 8696 6080
f 9865 1354 9774
f 1628 718 3147
f 9767 9858 2927
f 711 3850 5162
f 611 3690 2805
f 251 9819 9823
f 297 2905 1283
f 9565 1254 9329
f 3897 2353 376
f 7912 6527 5949
f 3018 3685 1433
f 9749 9538 6935
f 9447 1070 1091
f 5940 4476 6681
f 1827 4313 765
f 6103 5424 3128
f 3380 1882 1024
f 5940 3687 4476
f 2992 8606 458
f 9865 9866 9776
f 3410 1656 2622
f 9849 919 4219
f 9696 3326 4823
f 9305 1039 9445
f 214 1372 5399
f 4402 456 448
f 1945 2952 762
f 9940 9941 9668
f 5789 1829 3528
f 4204 5641 282
f 9549 937 971
f 9551 949 9850
f 5485 6838 4051
f 9661 910 9664
f 9991 937 9753
f 5054 2215 2982
f 9847 2734 9991
f 6028 4584 5299
f 4534 5294 3761
f 9507 9723 9263
f 8132 2876 2085
f 1661 754 5837
f 5877 75 2961
f 814 5789 8041
f 4656 1512 3170
f 1906 5114 2548
f 3006 3140 3226
f 6833 7553 6830
f 6776 6386 6781
f 9748 697 686
f 9426 9429 9842
f 9426 9842 677
f 971 994 9667
f 9930 687 693
f 9426 677 658
f 9060 8643 9284
f 655 9745 9840
f 2085 2099 8383
f 9284 9988 9419
f 5502 327 4029
f 8092 1021 1932
f 9823 9918 251
f 1420 1319 1316
f 9421 618 9988
f 1607 1990 1707
f 9988 522 9419
f 4068 1454 647
f 9743 9838 5485
f 5445 2559 4034
f 9211 8979 9212
f 2559 5445 9413
f 2773 7291 3576
f 2325 4451 7339
f 2099 1300 287
f 3347 955 1021
f 1652 39 9363
f 7074 4147 7083
f 9772 9334 8579
f 477 451 9835
f 6175 5463 269
f 9987 9926 444
f 9986 9834 449
f 9926 9924 444
f 8940 9618 5042
f 9862 1318 1341
f 9798 9486 1713
f 533 2319 4447
f 3917 390 451
f 6591 6003 5387
f 3880 390 3908
f 5690 7044 7789
f 9831 390 9829
f 9923 9983 9984
f 3917 5365 3908
f 9830 9646 9919
f 1658 758 2482
f 300 2405 9830
f 2327 2325 1939
f 7885 7896 5861
f 9919 300 9830
f 862 940 859
f 6225 4914 3407
f 834 5132 5113
f 9102 8717 8583
f 3847 8107 2405
f 9644 2353 9826
f 9921 9920 2366
f 2351 9919 9643
f 6607 4780 6628
f 5688 5692 4815
f 9005 1947 1950
f 1517 1463 1219
f 9823 9824 9918
f 266 9979 9980
f 234 213 247
f 9914 175 9975
f 9941 9940 4268
f 3816 3742 3819
f 4003 575 521
f 118 9912 9635
f 1705 2653 5016
f 234 9978 236
f 2109 5294 6746
f 175 9914 9817
f 1906 7876 5114
f 6617 6628 6620
f 321 8415 3599
f 9978 9821 236
f 9975 152 9974
f 5684 2798 9553
f 1833 1856 809
f 9720 9911 6488
f 6154 6495 6875
f 22 5146 6426
f 9911 79 9972
f 9723 9907 2118
f 5651 5810 5811
f 5257 5379 5261
f 9905 35 9907
f 2173 3666 5078
f 326 5008 324
f 4489 5966 2018
f 3723 118 2851
f 4131 4260 4321
f 9906 9968 9388
f 2278 5249 5240
f 6732 6925 6535
f 5846 6516 834
f 5962 5973 5281
f 3563 4973 2098
f 9384 9713 9998
f 2686 1024 4053
f 865 1728 371
f 9502 9500 9904
f 1345 373 8491
f 2272 3132 4023
f 873 7335 5175
f 9618 8940 9245
f 5975 9966 1946
f 9618 7509 5042
f 760 1215 9796
f 9707 7509 9378
f 9056 9158 9413
f 8486 9475 5026
f 1879 3514 9016
f 9016 3514 9894
f 4066 3852 4326
f 9806 9704 1861
f 1897 9896 6301
f 9705 7615 9610
f 592 1548 2377
f 9240 6282 9613
f 771 818 5759
f 9804 1861 9704
f 4978 7509 9707
f 6788 7575 5314
f 4654 9891 1835
f 5177 1844 9802
f 4866 4962 5052
f 5337 5328 3849
f 5917 5904 4457
f 1818 9701 1808
f 6829 6918 6827
f 9539 9932 9752
f 4921 1792 3407
f 115 5475 1166
f 955 3233 1015
f 1755 9700 3374
f 7299 7253 6557
f 3410 2622 7891
f 4428 6582 1921
f 5840 7113 2
f 9799 1723 9698
f 5174 2845 6596
f 3856 5337 3849
f 9660 9071 9292
f 8082 8241 7915
f 9600 2282 1723
f 9600 9885 2282
f 9697 6176 2282
f 1698 1819 9886
f 9884 1652 9363
f 2055 1925 1923
f 1516 9696 4823
f 9198 9568 1245
f 9796 1215 9480
f 181 2625 3490
f 1516 9884 9481
f 1267 4684 5352
f 2983 3655 5649
f 9694 4733 9627
f 1009 9792 9791
f 9224 9121 9790
f 9595 602 9962
f 9692 9878 905
f 2858 5199 5194
f 9866 9462 9776
f 9876 9689 9688
f 7609 5352 6823
f 3194 2423 2428
f 9787 9875 9958
f 3663 5199 2692
f 9957 9956 9785
f 8760 8730 9773
f 9874 9875 9784
f 9957 9785 9587
f 9874 9784 9873
f 1344 1335 7218
f 1478 9873 9954
f 8524 41 8520
f 9922 662 5190
f 6637 8740 7471
f 5593 4110 7832
f 9756 1057 1070
f 7595 6864 7594
f 2982 1377 417
f 1451 9580 9781
f 8053 2713 3952
f 9780 8704 9870
f 5904 5897 4457
f 9922 1609 682
f 9777 9462 9574
f 9338 9572 1342
f 9204 8716 9573
f 1843 5091 4336
f 9948 9776 9462
f 9774 1354 9572
f 1616 4648 9931
f 7881 5841 6503
f 1874 103 75
f 8554 7253 7299
f 1296 9945 1278
f 1033 1117 1152
f 9860 9330 9458
f 5248 5231 4486
f 1254 9565 5814
f 9462 9339 9574
f 3935 2363 196
f 5170 5840 5223
f 2310 6103 3128
f 1164 9767 2927
f 2733 2988 2825
f 9857 1190 9859
f 9037 8618 9262
f 9677 9858 9768
f 8075 8078 8360
f 9766 9451 9856
f 2940 2033 5966
f 4863 3157 5150
f 9763 9558 9854
f 1120 9672 9556
f 441 448 465
f 9755 1089 4312
f 9854 9762 9763
f 9655 9162 9654
f 4309 8527 6621
f 2815 9670 9941
f 9310 2832 9758
f 9305 9852 359
f 9669 1006 968
f 9850 949 903
f 2353 4427 2334
f 775 9751 759
f 8083 3331 7556
f 4216 887 8395
f 9667 9549 971
f 9582 8846 9110
f 9849 9441 919
f 3292 4893 1531
f 9753 9847 9991
f 9544 9439 4204
f 9753 9548 9847
f 474 4413 5100
f 9822 9917 9640
f 3210 2652 2821
f 9547 9937 9541
f 8654 9287 9428
f 3115 657 4511
f 9501 9145 9033
f 887 9660 775
f 9539 9935 9932
f 968 9665 9669
f 9432 811 9846
f 2888 5086 2966
f 761 3814 4685
f 9752 9932 9750
f 4757 2393 8850
f 9750 9990 9658
f 9173 8937 738
f 9429 737 9842
f 260 1275 5562
f 9428 759 9751
f 9428 9841 759
f 737 9173 738
f 4515 4529 5248
f 9657 753 9748
f 2239 5423 6384
f 693 9844 9070
f 8310 4609 8307
f 9067 8757 1998
f 4914 1686 2502
f 9285 9536 9421
f 9425 9839 681
f 9840 9745 9534
f 9195 9455 9564
f 9655 9743 627
f 3244 2431 85
f 390 9831 451
f 9652 9740 9929
f 575 9744 9929
f 9416 9419 522
f 9740 9836 521
f 5465 6159 3975
f 9736 2507 9928
f 3965 6159 3935
f 9737 9987 9836
f 5017 5043 5788
f 5960 4529 5272
f 9650 9649 9737
f 522 2503 9835
f 8383 2099 287
f 9279 494 9834
f 1479 9954 9783
f 146 184 93
f 1594 1009 4721
f 455 9736 9734
f 9925 9735 9923
f 9986 422 9985
f 9734 9732 455
f 419 9925 9923
f 9920 9731 9829
f 9559 9675 1164
f 9640 9917 9916
f 3973 5704 2239
f 8717 9102 9461
f 4953 3357 2576
f 9920 9921 9731
f 376 2353 9644
f 9829 3880 9920
f 9643 9919 9729
f 2351 9643 9827
f 1808 6234 1818
f 2339 2035 7356
f 9919 9646 9729
f 9818 9914 9726
f 5544 7661 5522
f 9917 9978 9916
f 9917 9821 9978
f 5692 2688 7796
f 136 128 9973
f 136 2203 128
f 9817 9725 9976
f 9912 139 9634
f 7387 6010 8578
f 8574 6036 3452
f 9717 9719 9910
f 9913 136 9973
f 2121 2986 6033
f 4935 4731 4730
f 3666 9815 9714
f 9388 9506 9906
f 2117 2114 4584
f 9897 1973 9622
f 9717 22 9814
f 9628 9625 9906
f 3077 1524 563
f 5377 5257 5154
f 2121 6033 5299
f 56 9970 9624
f 321 3599 8451
f 9709 9901 2037
f 7164 1416 8563
f 9482 9227 9696
f 9718 56 9626
f 9998 9713 1906
f 9712 9713 9384
f 1906 2548 9998
f 9711 9814 9967
f 9713 9502 2051
f 9902 9711 9967
f 2071 893 3581
f 9565 9859 2928
f 9709 8312 9901
f 8038 6036 8574
f 794 788 805
f 785 4323 4654
f 8757 9067 9810
f 9811 2002 9966
f 9889 9491 9608
f 8312 9706 9806
f 8824 6849 7634
f 5788 5015 5017
f 9619 9966 5975
f 3766 2409 1920
f 3821 3036 6773
f 9622 1973 9376
f 4331 746 4330
f 687 8283 693
f 9616 1874 6698
f 7218 465 448
f 9615 1865 1863
f 1863 1971 9615
f 6488 2165 2703
f 5812 5769 4947
f 9892 9802 9492
f 861 2841 5846
f 9613 6282 1879
f 1681 4997 7150
f 2209 9259 6830
f 9677 4393 2926
f 6571 4404 5852
f 6049 6036 6700
f 624 1548 7487
f 9494 9894 1874
f 2828 2658 2660
f 3036 6051 6773
f 9892 5177 9802
f 9609 1844 9891
f 5328 4628 3849
f 9889 4654 4323
f 9008 9701 1818
f 9889 1814 9490
f 3407 9490 1814
f 5018 623 5013
f 5252 6679 2963
f 9490 3407 1792
f 4596 5314 2195
f 3900 9701 9605
f 6222 1482 1487
f 2483 8177 5443
f 9801 9700 1755
f 7299 6557 7239
f 7339 4451 3049
f 6051 4638 6071
f 7934 6566 4738
f 9066 8651 9424
f 1158 1986 2758
f 9885 9697 2282
f 4665 4644 4631
f 6222 4041 1482
f 3357 4147 490
f 6631 5405 7954
f 1392 1093 1138
f 1657 760 9795
f 9071 8799 9292
f 9794 1630 9795
f 1630 9794 9478
f 602 9223 9882
f 1218 212 2871
f 5200 745 5286
f 1216 2040 187
f 6077 3859 6041
f 313 8419 2798
f 1570 3794 3787
f 8662 9170 9292
f 6740 3459 1181
f 3959 1586 662
f 3317 9597 1215
f 6125 6295 6127
f 3550 2080 4959
f 9860 2965 1256
f 8115 6728 5361
f 3288 1455 42
f 1512 9956 9957
f 9787 9115 9875
f 5013 7938 5018
f 9692 1976 9878
f 5132 834 6516
f 3401 2713 18
f 1372 4744 5399
f 1586 3959 9895
f 5788 7104 5015
f 7814 7958 8270
f 7453 5368 6080
f 9465 9871 3105
f 7304 7299 7239
f 9463 1410 9868
f 1386 9576 9949
f 246 1083 12
f 5041 5471 5554
f 9461 9203 9774
f 4973 6174 4273
f 903 5641 4204
f 1195 3498 4217
f 6118 4222 2803
f 9866 9865 9203
f 5865 5449 6135
f 2242 435 7193
f 9861 9862 9459
f 9458 9772 2992
f 8696 7453 6080
f 8876 8299 6928
f 9945 9682 9771
f 5820 9015 9004
f 9228 9365 8751
f 4896 2517 3280
f 9561 1190 9857
f 9768 9323 9564
f 7215 7341 7473
f 7472 7473 7341
f 5302 6661 5944
f 3713 2133 6491
f 8344 8754 8342
f 9922 682 7583
f 3868 4640 1284
f 1123 1011 3818
f 9560 9766 9561
f 9757 1035 5684
f 9451 9557 9856
f 3663 5218 5199
f 9557 9672 9855
f 1318 9945 1335
f 9762 9761 9763
f 9756 1070 9447
f 1091 9671 9447
f 4479 4700 4621
f 9268 9517 9397
f 9755 9760 1089
f 9760 9313 9761
f 3902 6823 5383
f 4312 1006 9755
f 5540 4243 1216
f 5606 5422 5083
f 2470 4863 7656
f 4767 3349 3362
f 2815 9554 9670
f 9755 1006 9669
f 4515 5248 3710
f 9551 2798 949
f 9732 9523 9646
f 2798 9551 9553
f 9668 9670 9446
f 968 919 9665
f 5831 440 5600
f 1218 5568 212
f 955 3356 1021
f 39 1652 1643
f 694 2455 3835
f 3349 4071 3362
f 6211 1661 6437
f 903 4204 9850
f 2008 9500 8940
f 4097 3380 3952
f 9595 9358 9223
f 7636 7759 7232
f 9990 753 9658
f 7501 9747 6779
f 6211 6437 772
f 2558 8142 7133
f 1565 4125 5605
f 6276 1897 6301
f 1549 4109 440
f 8796 8525 8388
f 9290 9930 693
f 9165 9745 9930
f 620 9420 9656
f 9012 9608 8215
f 575 9929 521
f 1275 5581 5562
f 9929 9744 9652
f 4476 3671 5906
f 7306 1410 1370
f 9740 521 9929
f 1696 1833 809
f 6264 805 7818
f 6010 6018 7331
f 6163 3975 4766
f 2460 3225 6968
f 3381 1936 5434
f 9876 4698 1541
f 5840 5170 7113
f 6779 5404 2702
f 8523 396 2970
f 9735 9926 9737
f 6661 5302 6662
f 564 2545 535
f 4953 7083 3357
f 9926 9735 9925
f 9831 9833 451
f 4534 3761 2049
f 816 6264 2528
f 1932 1021 3392
f 823 4651 822
f 9983 9730 9828
f 1659 1545 1775
f 2577 5632 1599
f 9923 9735 9648
f 9407 376 9520
f 9828 9731 9921
f 6758 4584 6028
f 9923 9648 9983
f 3627 524 3620
f 3997 3312 3286
f 9644 9520 376
f 8201 7501 5454
f 7082 6841 7081
f 6929 7173 7586
f 900 796 995
f 5056 3545 1946
f 7356 3064 2339
f 9728 9644 9826
f 9856 9557 9855
f 268 8396 1275
f 9728 9826 9824
f 9826 9918 9824
f 419 2416 3884
f 6858 6859 6768
f 9822 9726 9821
f 9821 9917 9822
f 3389 7464 8140
f 9823 9639 9824
f 9511 9634 9913
f 9818 9725 9817
f 8951 4809 5482
f 3362 3562 3364
f 8676 8130 8550
f 9720 9631 9911
f 355 364 9456
f 2149 324 5008
f 1309 9194 4314
f 1100 1963 2729
f 9970 9625 9624
f 4487 9776 9948
f 774 8512 7092
f 2913 2909 3757
f 9905 9907 9507
f 9709 9809 9708
f 8195 8200 6809
f 9626 56 9624
f 9497 9623 9811
f 2724 3494 732
f 80 5147 9972
f 3021 3024 3888
f 4145 1114 2731
f 3932 3699 3937
f 9382 8757 9810
f 9710 9897 9622
f 9307 9082 9302
f 9808 9499 9621
f 9804 9708 1977
f 9548 9182 9180
f 5003 3617 9901
f 9082 9307 8947
f 865 866 1728
f 9032 9713 9383
f 9804 9706 9708
f 7317 5824 5117
f 2747 4145 4848
f 9497 9811 9966
f 9706 8312 9709
f 9619 9497 9966
f 9707 9380 9808
f 3225 3223 6968
f 9619 5975 9495
f 730 565 653
f 9806 9706 9704
f 8200 3627 6809
f 6225 785 1686
f 9615 1971 9614
f 9705 6301 9375
f 9706 9804 9704
f 960 9668 9939
f 9613 1879 9019
f 7553 2209 6830
f 2196 139 3011
f 2392 1552 1537
f 7962 7954 1198
f 9219 9918 2334
f 1743 2575 4690
f 4654 9889 9608
f 9607 1818 1825
f 3264 2584 879
f 7444 7598 6944
f 2566 1086 2586
f 6124 7501 6779
f 1792 9236 9490
f 9236 1792 9604
f 9727 9271 9518
f 9491 9889 9490
f 9700 9801 9369
f 6707 7428 6054
f 3898 74 61
f 6833 6830 4506
f 6211 4924 3900
f 3655 5053 6253
f 634 854 853
f 7301 1379 1386
f 9365 9697 9885
f 9365 9885 9598
f 317 5684 2164
f 2613 9142 4981
f 9868 1410 3055
f 9696 1516 9482
f 6294 7706 6975
f 973 2703 2645
f 9790 905 9961
f 6314 8349 6969
f 9597 9697 9228
f 9793 9596 1630
f 6413 5725 7080
f 8491 5728 4268
f 9996 9959 1980
f 6518 6428 6341
f 512 414 668
f 9357 9962 1778
f 9595 9962 9357
f 9045 9271 9151
f 7594 6843 7579
f 1850 1821 2886
f 2068 4896 5580
f 7927 3436 2648
f 616 4050 9004
f 2905 3563 1283
f 9691 9788 9690
f 9876 1976 9689
f 9207 9578 1435
f 9354 9688 9689
f 1794 5751 3512
f 3401 7308 2713
f 9690 9786 9590
f 9591 9690 9590
f 9690 1980 9786
f 9215 9688 9354
f 6855 7594 6864
f 9687 9590 9786
f 6855 6843 7594
f 9040 9042 9039
f 9788 1980 9690
f 9959 9786 1980
f 9215 9115 9787
f 9687 9786 9589
f 9210 9954 9466
f 1520 1270 1474
f 9042 9150 9039
f 9959 9587 9351
f 3820 4178 3978
f 8140 4083 30
f 5583 5894 6326
f 7970 7829 7701
f 9784 9875 9115
f 9785 9955 9348
f 4902 4417 196
f 9914 9975 236
f 1529 7006 5541
f 5840 2 6476
f 149 1170 4895
f 9117 9474 9118
f 2071 3024 893
f 9783 9346 9582
f 485 3348 4158
f 234 9979 9978
f 9583 9783 9582
f 2973 6319 6314
f 1181 4210 6740
f 8914 9048 9278
f 9683 9579 9870
f 1243 4638 1221
f 9780 9870 9464
f 9683 1435 9578
f 9949 9342 9207
f 2226 3667 427
f 9868 9206 9463
f 9263 9148 8772
f 9621 9249 9375
f 9876 6017 4698
f 3465 5506 4206
f 1554 1565 4118
f 9341 1410 9463
f 2714 3323 951
f 9780 1441 8704
f 9202 9461 9774
f 3000 2585 2413
f 3313 1823 3312
f 9202 9774 9572
f 8809 8128 8539
f 9459 9946 9336
f 9333 9347 7515
f 5883 5866 6614
f 9562 9561 9857
f 9341 9204 1370
f 4412 1278 1257
f 5555 3280 2509
f 6319 6325 6314
f 3199 5251 8009
f 4893 7802 400
f 7880 7868 7109
f 5248 4529 5960
f 4535 5205 4538
f 3357 7083 4147
f 9562 9857 9324
f 9039 9150 9266
f 9761 9762 9760
f 1864 996 4752
f 9318 9556 9672
f 9672 9557 9318
f 8417 8157 8420
f 2487 7812 4903
f 9439 9181 9184
f 3093 1451 9781
f 3818 1136 1123
f 8399 6222 6232
f 9190 9760 9755
f 5092 651 456
f 4767 3362 3364
f 5094 8065 1045
f 9554 2815 9852
f 8167 8696 6748
f 4882 141 6111
f 472 7242 471
f 9447 9307 9756
f 9185 9850 9184
f 955 1015 3356
f 9553 9551 9188
f 3358 2661 9982
f 9304 9669 9187
f 9749 738 8937
f 2805 3974 611
f 5688 5037 5692
f 9753 9549 9297
f 6106 1620 7532
f 9665 919 9441
f 9441 9849 9295
f 3800 7 8056
f 417 8256 2982
f 9548 9543 9847
f 9547 9541 9436
f 3013 4412 8571
f 9846 9847 9543
f 9539 9541 9935
f 3054 941 9370
f 4486 5231 5917
f 738 6893 737
f 9430 9538 9749
f 5541 2248 7009
f 5950 4024 3313
f 9705 8764 8890
f 4292 2099 2085
f 3043 1418 506
f 4071 1043 3362
f 4330 3512 6446
f 9289 9657 9748
f 9287 9425 9841
f 9290 693 9070
f 4125 3341 5614
f 2552 5614 3341
f 9167 686 9536
f 9290 9165 9930
f 3283 1809 3276
f 967 945 1830
f 9534 9745 9165
f 9746 9424 658
f 705 5751 1794
f 9424 9746 9656
f 9426 658 9286
f 8798 9429 8529
f 7702 7973 7823
f 627 9840 9655
f 9838 9743 9741
f 9743 9654 9741
f 9284 9421 9988
f 805 788 3205
f 9655 9654 9743
f 9531 9414 9652
f 5213 6503 5841
f 9413 9158 2559
f 9928 9838 9741
f 4511 6364 4507
f 9741 9281 9739
f 9414 9740 9652
f 9414 9528 9650
f 9740 9737 9836
f 9279 9530 494
f 9738 9835 9410
f 451 9410 9835
f 9740 9650 9737
f 9739 9525 9736
f 9527 9279 9834
f 4331 4330 4345
f 6143 2397 5463
f 1128 1242 1040
f 451 9276 9410
f 9559 2890 9558
f 9525 9734 9736
f 9925 419 9924
f 9650 9526 9649
f 9730 9648 9524
f 9522 9831 9829
f 3194 6924 2423
f 9210 9686 9954
f 9649 9648 9735
f 9239 9011 9802
f 4529 4541 5272
f 8002 7999 8171
f 3865 2341 2366
f 9732 9734 9523
f 9642 9729 9646
f 4957 7092 4953
f 9643 9727 9827
f 9520 9644 9728
f 9642 9643 9729
f 4597 6923 8307
f 9727 9643 9403
f 266 9827 9727
f 4958 7092 4957
f 9642 9403 9643
f 9916 266 9727
f 9445 1039 9310
f 9640 9916 9727
f 9158 9159 9161
f 5208 5826 5170
f 7411 8733 589
f 9639 9636 9515
f 6964 7704 6273
f 9821 9726 9914
f 9960 5578 5696
f 9636 9639 9819
f 9515 9636 9514
f 9818 9514 9636
f 9636 9725 9818
f 5642 4958 3388
f 9395 9635 9912
f 9953 9955 3107
f 4831 32 61
f 6795 6885 6966
f 3198 4801 1436
f 5960 5936 5248
f 9628 9906 9506
f 3522 367 5361
f 9389 9717 9711
f 9385 9810 9714
f 9401 6262 6269
f 8510 8514 8636
f 9713 9032 9502
f 3932 3461 3699
f 9388 9623 9031
f 9385 9382 9810
f 9253 9710 9622
f 9712 9383 9713
f 8508 8912 8909
f 2545 8228 122
f 9378 9380 9707
f 1537 589 560
f 5491 7718 3198
f 416 3884 3910
f 9016 9894 9494
f 9304 8812 9190
f 9609 9891 9703
f 7891 2622 5667
f 9609 9703 9012
f 2133 56 9718
f 1986 1140 2747
f 97 4152 1130
f 9133 9700 9369
f 4997 104 8559
f 8537 7253 8554
f 9602 9888 9699
f 9597 4824 9697
f 1370 3030 7306
f 9790 9121 9594
f 4152 115 5473
f 9799 9230 9600
f 8579 1342 9772
f 9599 9885 9600
f 4412 5821 1278
f 9365 9228 9697
f 9547 9849 9937
f 9883 9361 6208
f 9796 9480 8871
f 3380 4097 4794
f 9795 9362 9794
f 9478 9794 9123
f 9360 9361 9883
f 3593 7318 5155
f 9711 9902 9710
f 4128 3401 3404
f 9868 3055 1422
f 8483 9596 9793
f 8655 9167 8652
f 9883 9476 9360
f 9225 8744 9694
f 8744 9693 9694
f 874 5854 2809
f 4769 4767 3364
f 5549 217 641
f 7152 7927 2648
f 9790 9692 905
f 3572 4480 469
f 6262 1869 6269
f 9692 9355 1976
f 9581 4871 5754
f 9471 9470 9690
f 1516 3309 9884
f 9690 9470 9691
f 9691 9472 9877
f 9590 9217 9591
f 9949 506 1386
f 9690 9591 9471
f 396 2215 5054
f 9689 1976 9469
f 4685 6311 8366
f 1164 2890 9559
f 8533 8400 9075
f 905 9878 3212
f 9353 9687 9214
f 9351 9467 9589
f 6368 9097 1779
f 9351 9589 9786
f 9699 9605 9603
f 4222 1194 2803
f 9949 9576 9342
f 8839 1299 1311
f 9586 9351 9587
f 8981 9784 9115
f 5050 6910 2967
f 9025 4862 8427
f 9783 9954 9346
f 5812 6490 5126
f 5219 5126 6490
f 9583 9465 3105
f 1195 5525 180
f 9206 9951 9465
f 7706 6294 3757
f 9580 9685 9344
f 4365 8617 7417
f 9579 9683 9578
f 5966 2033 2018
f 6311 6302 6294
f 8489 7883 8207
f 669 8597 3469
f 669 5716 8597
f 945 5370 1830
f 6332 8366 8959
f 1310 1083 1255
f 9460 9775 8714
f 9460 9864 9775
f 9458 9330 9332
f 1342 8579 9338
f 9682 9459 9099
f 9861 9459 9682
f 9098 9332 8969
f 4614 9995 9592
f 9201 9771 9682
f 2165 2634 2703
f 618 9421 159
f 1866 4738 993
f 9678 9329 1254
f 7880 7109 7135
f 3326 9797 1819
f 9930 9745 655
f 1726 1502 1295
f 9677 9455 9326
f 2397 6143 4744
f 9323 9858 9767
f 9768 9858 9323
f 9857 9859 9324
f 9323 9675 9453
f 9560 9561 9454
f 4179 6935 9538
f 9454 9561 9562
f 5038 4287 5739
f 9766 9856 4366
f 623 1707 5013
f 1594 9693 1009
f 9318 9557 9319
f 5769 5812 5126
f 2245 6384 3132
f 1847 4033 3340
f 2040 4243 2838
f 6071 1267 5352
f 4504 4581 4383
f 2040 1216 4243
f 9554 9852 8683
f 9852 9083 8683
f 9084 8691 9311
f 3212 9961 905
f 204 179 3508
f 9757 5684 9553
f 5076 5812 4947
f 3272 3256 2457
f 9667 994 9302
f 9672 1120 9855
f 6188 4801 3198
f 9664 9301 9298
f 9303 9301 9664
f 9660 887 9545
f 7259 7660 483
f 9448 9449 8686
f 9849 9547 9295
f 9660 9545 9433
f 2051 9904 6368
f 9539 9436 9541
f 9176 9544 826
f 9543 9432 9846
f 8811 8543 8812
f 9433 9071 9660
f 811 9432 9844
f 8939 9844 9432
f 8938 9658 9291
f 7001 6643 6647
f 4476 5906 6659
f 4309 6621 4329
f 3043 6312 1418
f 8366 1966 4685
f 9905 9998 2548
f 2983 3116 405
f 2018 981 2901
f 9751 9292 9170
f 4469 2339 3064
f 8531 8393 8939
f 9166 9165 9290
f 788 6072 4611
f 9476 9883 1620
f 658 9424 9286
f 1718 5277 1725
f 9536 686 9421
f 9177 9752 8802
f 9420 9423 9656
f 9534 9162 9655
f 9160 9654 9162
f 3528 736 6456
f 4489 7471 5932
f 9158 9420 2559
f 4336 5781 6458
f 9419 9416 9060
f 9675 9767 1164
f 4694 4682 6103
f 6929 7586 7175
f 5688 7789 9512
f 522 9738 9529
f 9409 9524 9526
f 7345 7630 7344
f 2779 3457 1170
f 9558 2890 9854
f 9267 9039 9266
f 8568 8436 8831
f 2098 4973 4273
f 6413 5754 2275
f 1847 3340 2645
f 9411 9525 9739
f 6208 1643 3273
f 7548 6208 3273
f 4638 1267 6071
f 3247 6097 3893
f 9741 9160 9055
f 451 9833 9276
f 1984 6083 1135
f 1335 1296 7218
f 9986 9407 9274
f 2809 5137 126
f 1442 312 3192
f 9983 9648 9730
f 1300 4302 2922
f 9728 9824 9402
f 9408 9647 9730
f 9730 9647 9731
f 2967 6910 6244
f 140 1994 122
f 1815 3690 611
f 9406 9728 9272
f 4041 4029 1482
f 3746 8876 6928
f 2815 5728 9852
f 3532 981 999
f 9398 9822 9518
f 8415 1300 2922
f 9640 9518 9822
f 3273 1643 1652
f 1633 4182 5645
f 9913 9633 9511
f 9509 9721 9631
f 7255 6494 5792
f 3192 5476 5482
f 6902 6196 5522
f 9818 9638 9514
f 9720 9718 9632
f 3982 3904 3827
f 4809 1442 5482
f 6357 837 877
f 9631 9720 9632
f 6447 920 3286
f 9626 9632 9718
f 9261 9509 9631
f 9633 9719 8773
f 9507 9254 9905
f 3506 3659 3513
f 9263 9723 9513
f 9258 9632 9391
f 8242 8639 8380
f 9383 9712 9386
f 4701 3286 914
f 9626 9033 9391
f 9632 9626 9391
f 5753 2537 5668
f 5666 3015 5661
f 5113 5132 7277
f 9712 9384 9386
f 9504 9501 9624
f 8787 8924 8646
f 6456 5789 3528
f 9255 9710 9253
f 9500 9028 9144
f 2019 9063 5423
f 9499 9022 9252
f 9248 9616 8757
f 2172 2945 342
f 9618 9245 9378
f 9019 1879 9379
f 9616 9248 9494
f 9174 7428 8660
f 9621 9375 6301
f 1091 1070 4322
f 9705 9610 6301
f 9239 9802 9609
f 400 4073 1771
f 4342 358 365
f 1335 9945 1296
f 9976 175 9817
f 9010 9373 9491
f 8537 7331 6621
f 1671 8559 104
f 9608 9373 8215
f 9607 1825 9237
f 7843 4124 5600
f 9604 8884 9236
f 8390 5502 4041
f 9009 9490 9236
f 904 3264 879
f 9003 9369 9002
f 1545 1497 1383
f 8022 8591 8326
f 5144 5047 5246
f 9901 3608 2037
f 9488 9368 9801
f 9614 7768 9615
f 9132 9800 9888
f 7317 6542 5152
f 6214 373 1345
f 9127 9229 9886
f 9692 9790 9594
f 6448 3524 6458
f 3524 6448 3518
f 348 2460 4035
f 5614 7844 4125
f 9988 618 2553
f 6393 5988 6145
f 9122 1643 6208
f 8993 9793 9478
f 9478 8868 8993
f 1009 9693 9792
f 9478 9123 8868
f 494 9530 5445
f 9882 8991 9476
f 8483 9627 9596
f 9693 9224 9792
f 9223 8991 9882
f 5847 5152 6542
f 2552 6316 5614
f 5999 5949 5990
f 9595 9359 9358
f 6975 8366 6311
f 9780 9464 9344
f 122 1994 1155
f 9473 9877 9472
f 2998 3872 1276
f 8283 7180 693
f 9218 9689 9469
f 5054 5050 396
f 6698 831 904
f 9348 9586 9785
f 9215 9354 8985
f 9115 9215 8983
f 9218 9354 9689
f 4677 1778 4688
f 9217 9590 9353
f 9353 9590 9687
f 9589 8852 9214
f 9687 9589 9214
f 8852 9589 9467
f 2890 1164 8538
f 9829 9731 9522
f 9467 9351 9350
f 9212 9586 9211
f 5847 5852 5152
f 9873 9784 9466
f 9954 9686 9346
f 9781 9108 9953
f 5620 6214 1327
f 9108 9781 9580
f 8847 9465 9583
f 8722 9206 9465
f 9579 9578 8724
f 5476 3192 4785
f 6903 6811 6901
f 9205 9342 9576
f 9341 9463 8587
f 9777 9576 1386
f 9204 9341 8716
f 1713 3344 9798
f 3635 2191 8502
f 9102 9203 9461
f 5358 2629 4736
f 9202 8717 9461
f 8717 9202 8455
f 1393 1381 3662
f 6571 5866 5182
f 4264 4261 5721
f 5913 7336 513
f 9460 9336 9946
f 5858 6580 6538
f 9839 9744 575
f 4264 5721 7169
f 435 2242 4386
f 9458 9098 9772
f 9678 9771 9569
f 3157 4863 2470
f 6497 6476 5841
f 9795 760 9796
f 4246 6376 2054
f 9329 9678 9569
f 6072 6233 4611
f 9781 9953 3093
f 465 162 3013
f 465 3013 441
f 9091 9564 9323
f 9323 9767 9675
f 9332 9330 8573
f 9559 9558 9452
f 9453 9559 9452
f 717 825 786
f 9089 9451 9560
f 9317 9558 9763
f 9451 9319 9557
f 9455 9677 9564
f 9761 9313 9314
f 3589 3424 3732
f 5192 7408 5189
f 9315 9192 9556
f 9315 9556 9318
f 4163 6083 1984
f 9190 9313 9760
f 9311 9758 9757
f 6010 8028 8578
f 8683 9449 9554
f 6010 7331 8028
f 2470 4577 5829
f 6081 602 3247
f 9084 9311 9757
f 2434 3824 3822
f 5412 7942 4767
f 4407 1446 470
f 994 9756 9302
f 9755 9669 9304
f 5751 705 3494
f 9305 9083 9852
f 2991 2919 3219
f 9850 9185 9188
f 9186 9182 9297
f 9850 9188 9551
f 8520 9095 5304
f 5775 6364 4511
f 4757 4766 3175
f 9439 9850 4204
f 8944 9080 9184
f 9850 9439 9184
f 616 9004 2485
f 9090 9454 9562
f 212 5568 2642
f 7081 7175 7082
f 3769 2095 3986
f 218 1483 2556
f 9177 9436 9539
f 1733 524 3627
f 3895 6849 1291
f 4097 3952 2713
f 9073 9176 9431
f 740 7216 2373
f 3005 1192 3806
f 8539 9178 8942
f 722 680 603
f 6311 6294 6975
f 9883 7532 1620
f 9748 686 9167
f 6605 7881 6503
f 8937 9430 9749
f 6605 6568 7881
f 564 9988 2545
f 5858 6538 5846
f 269 2397 1403
f 9688 9215 9787
f 6696 7417 8063
f 9840 9534 9655
f 2702 3583 6779
f 9744 9418 9531
f 4185 2779 1153
f 3043 513 3734
f 9744 8928 9418
f 9161 9420 9158
f 1827 6472 4313
f 9125 8546 7910
f 925 909 921
f 1827 3555 6472
f 234 247 9979
f 2502 1686 5848
f 8924 9282 9418
f 9284 9419 9060
f 3898 3934 74
f 9414 9531 9415
f 9575 4594 5244
f 2392 3088 6359
f 9243 9242 8767
f 3170 4688 6034
f 8438 7993 8301
f 9738 9416 9529
f 9530 9279 9413
f 5248 5936 5231
f 9526 9650 9528
f 6891 6864 9300
f 8403 2921 3577
f 9134 7358 8886
f 6527 7912 6503
f 6479 6472 3555
f 9986 9274 9834
f 9524 9408 9730
f 9642 9646 9521
f 3247 1620 6106
f 9521 9523 9048
f 5285 5272 3769
f 297 8419 4303
f 9523 9521 9646
f 5399 4744 7634
f 9403 9271 9727
f 9520 9406 9407
f 8676 8682 8134
f 9406 9520 9728
f 386 2970 1359
f 9270 9403 9642
f 9267 9518 9269
f 7761 1712 6291
f 4517 6679 5252
f 3674 2805 3690
f 3591 8395 1273
f 9518 9640 9727
f 8923 9057 8639
f 9545 887 9661
f 9398 9514 9638
f 9395 9513 9635
f 9513 9395 9148
f 7225 4313 6472
f 6113 8280 4722
f 9263 9147 9507
f 4896 3280 5566
f 5992 5810 5988
f 3130 7672 4737
f 9628 9262 9625
f 9504 9624 9625
f 228 5292 103
f 9147 9254 9507
f 711 1616 4538
f 8618 9504 9262
f 9505 9390 9385
f 2483 5443 9987
f 9853 3077 563
f 9276 9154 9410
f 9389 9711 9710
f 3194 2428 1436
f 9252 9381 9499
f 9622 9250 9253
f 9074 9433 9178
f 9703 9608 9012
f 9245 9141 9138
f 9381 9249 9499
f 3018 4405 4401
f 8757 9382 9248
f 552 8492 4298
f 8891 9497 9619
f 6736 5987 5272
f 6316 2552 2554
f 3088 560 3759
f 3088 1537 560
f 9379 1879 9016
f 8350 9492 9011
f 9032 9383 9252
f 9240 9613 9014
f 9016 9494 9243
f 473 2554 2552
f 9492 9134 9237
f 9491 9490 9009
f 5285 5973 6736
f 2110 35 5114
f 9607 9008 1818
f 9235 9701 9008
f 5987 5960 5272
f 9009 8762 8214
f 9701 9235 9605
f 9605 9235 9603
f 9231 9698 9132
f 9236 8762 9009
f 2282 6176 5162
f 1537 3088 2392
f 9801 9368 9369
f 7671 7378 7379
f 9131 9486 9229
f 5862 6057 6305
f 9488 9486 9131
f 4695 3263 2586
f 384 8502 2191
f 8773 8900 8234
f 1135 84 2492
f 7299 7304 7969
f 9598 9599 8998
f 9186 8550 8548
f 39 9122 8995
f 3793 3702 1552
f 9362 9796 8871
f 8995 9363 39
f 5634 7589 3637
f 811 9844 773
f 8864 9361 9360
f 6445 4313 7225
f 7536 7813 7960
f 7969 8554 7299
f 8991 9360 9476
f 3168 5435 4785
f 8861 8991 9223
f 3702 3793 9895
f 5731 2258 4871
f 5074 4796 4899
f 9594 9121 9474
f 9591 8986 9471
f 9224 9791 9792
f 5798 2398 1919
f 8675 5569 1935
f 3794 642 2408
f 8244 7785 8241
f 8480 6413 7080
f 6028 5299 6763
f 3787 4499 1557
f 9217 8986 9591
f 4638 1243 1267
f 4833 6216 2479
f 8582 7304 7325
f 8852 9467 8982
f 9466 9784 8981
f 9922 5190 1609
f 9467 9350 8982
f 9351 9586 9212
f 9257 9258 9036
f 32 3405 1936
f 9109 9953 9108
f 9586 9348 9211
f 6665 6371 6558
f 8466 9686 9210
f 6580 5858 5174
f 9357 9359 9595
f 9107 9580 9344
f 9464 9870 9579
f 6276 9610 3496
f 9414 9650 9740
f 7660 7259 471
f 7769 8071 7365
f 8974 9574 9339
f 682 1609 4535
f 8716 9341 8459
f 9103 9866 9203
f 9465 8847 8722
f 7092 4958 7863
f 8455 9202 9338
f 8579 8971 9338
f 5194 4428 2858
f 8970 9459 9336
f 9459 8970 9099
f 9198 8965 9568
f 9750 9932 2674
f 3013 162 4412
f 9410 9155 9738
f 5109 7247 6479
f 8967 9569 9771
f 4958 6340 7863
f 5482 5476 8951
f 2252 3685 5080
f 9946 1344 9864
f 2883 2781 2544
f 3263 1718 2566
f 4378 7626 1393
f 9491 9009 9010
f 1977 9708 9809
f 8909 9521 9048
f 4083 8718 3062
f 4667 4930 4503
f 9098 9458 9332
f 831 6698 1874
f 4033 1847 967
f 655 687 9930
f 7579 2524 2603
f 9319 8694 9318
f 9089 9319 9451
f 8344 8342 8050
f 8569 9195 8570
f 4609 4597 8307
f 3627 3620 6809
f 9610 7615 3496
f 2566 2586 3263
f 9452 8829 9453
f 2856 5540 1216
f 3227 3004 2743
f 9087 9314 9313
f 3664 5883 5906
f 9192 9671 9556
f 9920 3880 2366
f 9192 9447 9671
f 177 9438 5238
f 760 6133 8866
f 8680 8555 9081
f 6071 7555 6051
f 9449 9448 9554
f 9446 8955 8819
f 497 2289 7301
f 9725 9636 9819
f 4575 4445 4381
f 6001 1866 2661
f 9225 9694 9627
f 374 364 4050
f 9755 9304 9190
f 2608 913 1691
f 9549 9667 9302
f 7668 4434 5700
f 3545 5056 3617
f 9661 9298 9296
f 3256 85 2457
f 9661 9664 9298
f 3935 7676 6115
f 9665 9441 9183
f 5692 3971 4815
f 6568 6497 7881
f 8807 8943 9295
f 9441 9295 8943
f 9178 9545 9296
f 9431 9538 9430
f 9292 9751 9660
f 5997 5890 6078
f 6216 6230 2479
f 9176 9075 9181
f 8397 9432 9543
f 8670 8944 9181
f 9684 820 2808
f 8944 9184 9181
f 9895 4733 3702
f 8313 9099 8315
f 2876 8132 225
f 4013 1442 4809
f 8530 8801 9430
f 6384 7836 5725
f 9657 9291 9658
f 4669 4665 4682
f 1021 3356 3392
f 4303 2905 297
f 9657 9289 8657
f 9428 9751 9170
f 4732 956 3321
f 5383 6823 4684
f 6714 5368 7453
f 9827 266 2351
f 5936 5960 6688
f 8653 8387 9287
f 2944 2806 3348
f 7868 5076 7104
f 9004 9015 2485
f 9839 9425 8928
f 1705 5016 2648
f 8757 6698 1998
f 9064 9066 9423
f 9285 9421 9284
f 3856 2273 3066
f 5116 8931 1622
f 9415 9531 9282
f 4793 1043 4071
f 4862 4068 8427
f 8985 9218 8859
f 9531 9418 9282
f 3353 5933 944
f 9409 9526 9528
f 9280 9416 9738
f 9056 9413 9279
f 9528 9415 9282
f 9051 9528 9282
f 5690 5688 3075
f 1762 3278 4690
f 9524 9409 9275
f 9525 9048 9523
f 5003 9901 8312
f 9278 9048 9525
f 9379 8893 9021
f 4781 5274 4966
f 3224 822 4651
f 6113 4705 6850
f 1630 3258 4768
f 9522 9153 9154
f 9808 9022 9499
f 18 3404 3401
f 9408 9524 9275
f 9408 9153 9647
f 3459 4195 2790
f 9154 9276 9833
f 9072 6501 6557
f 9153 9522 9647
f 3116 2983 1381
f 4489 8151 5966
f 8909 9045 9151
f 4507 4508 3794
f 8540 8127 8402
f 3075 5688 4815
f 4111 4120 1078
f 1557 1570 3787
f 9044 9268 9150
f 1761 1650 1715
f 2845 1927 3645
f 9272 9728 9402
f 9271 9403 9270
f 1761 1490 1650
f 9402 9517 9268
f 9266 9398 9267
f 7837 8291 8159
f 4858 4185 1153
f 9266 9397 9514
f 9514 9398 9266
f 9514 9397 9515
f 9511 9265 9634
f 9255 9389 9710
f 9724 8905 8903
f 9148 9263 9513
f 209 2252 7195
f 2747 1114 4145
f 4303 8419 313
f 2020 5962 2044
f 6712 6681 7490
f 9398 9638 9822
f 2973 4666 1945
f 9056 8781 8782
f 9389 9255 9029
f 9033 9626 9501
f 9037 9262 9628
f 7607 7608 6957
f 9268 9266 9150
f 8465 9109 8977
f 5582 1153 9404
f 6733 7481 3539
f 7672 5433 4737
f 9937 4219 8403
f 7879 8204 8339
f 9509 9390 9505
f 9261 9390 9509
f 9031 9623 9140
f 9502 9032 9028
f 9501 9504 9145
f 9609 9012 9239
f 4772 2071 3945
f 9390 9382 9385
f 6942 6465 6466
f 9032 9252 9024
f 3997 3286 3991
f 9248 9382 9390
f 9368 9002 9369
f 9808 9380 9022
f 8893 9016 8356
f 9017 9138 9141
f 9603 9602 9699
f 9144 9028 8896
f 9253 9250 9018
f 4109 7042 440
f 2782 1940 9702
f 9140 9497 8891
f 5152 5824 7317
f 3653 3328 3491
f 9016 8893 9379
f 3452 2605 3444
f 6387 5716 1717
f 9378 9245 9138
f 9376 9250 9622
f 9134 8886 9237
f 9613 9019 9014
f 9376 1865 8887
f 8887 1865 9013
f 9013 1865 9615
f 9492 9237 9892
f 6148 8304 3964
f 9491 9373 9608
f 7453 8660 6714
f 823 822 1897
f 9607 8886 9008
f 4683 877 4662
f 6728 8115 6733
f 9604 9700 8884
f 6148 5433 8899
f 9133 8884 9700
f 2301 2467 2637
f 9800 9132 9698
f 8257 8392 8663
f 7945 3780 3573
f 9488 8878 8608
f 9623 9388 9968
f 8503 7087 1089
f 9002 9368 8608
f 9488 8608 9368
f 8875 9599 9230
f 8304 8850 2393
f 9123 9794 9362
f 9228 9226 9480
f 8996 9481 8870
f 9878 1976 1541
f 8734 7456 8758
f 8872 9797 9227
f 9124 9362 8871
f 8871 9480 9226
f 9362 9124 9123
f 9718 9720 2133
f 8750 9123 9124
f 9369 9003 9133
f 9713 2051 1906
f 8773 8506 8626
f 3276 2584 7872
f 8746 9793 8993
f 9693 8744 8743
f 9224 8741 9121
f 2584 3276 891
f 8390 9533 8378
f 9223 9358 8861
f 9470 9220 8860
f 8213 2590 914
f 9074 9071 9433
f 9121 8862 9474
f 2586 3988 4695
f 6033 6763 5299
f 9355 9474 9117
f 9355 9469 1976
f 9224 9693 8741
f 9469 9117 8987
f 8913 8779 8780
f 2608 3284 913
f 9581 5754 8480
f 8985 9354 9218
f 8858 9217 9353
f 1090 5694 5690
f 9212 9350 9351
f 4366 3116 409
f 2608 6392 2624
f 6923 8292 8307
f 2608 2624 4713
f 9112 9350 9212
f 2982 2215 1377
f 8978 8846 9346
f 9210 9113 8726
f 9110 9583 9582
f 9583 9110 8847
f 6773 6780 3821
f 9610 6276 6301
f 8569 8570 8435
f 9108 9580 9107
f 8843 8976 9207
f 9207 8724 9578
f 8976 8724 9207
f 7365 8071 7502
f 9205 9576 8841
f 9726 9638 9818
f 9411 9739 9281
f 9714 9067 5078
f 8898 8767 9023
f 9103 9339 9866
f 9100 9460 8714
f 9091 9322 8832
f 9721 9911 9631
f 2219 50 1206
f 524 2749 3620
f 5352 4684 6823
f 9633 9913 9973
f 1866 993 1008
f 913 1767 1536
f 4596 4628 5328
f 9201 8967 9771
f 5328 7534 4596
f 5925 5930 6194
f 5502 5491 1444
f 6774 8730 8195
f 9330 9568 8965
f 8960 4816 4814
f 3821 6780 4631
f 9758 8954 8952
f 8350 9011 7765
f 8004 7325 6661
f 9297 9548 9753
f 5087 2653 1705
f 8697 9319 9089
f 8821 8691 9084
f 9761 9314 9317
f 8694 9315 9318
f 9317 9314 9088
f 8958 9192 9315
f 8953 9087 9313
f 9315 8694 8958
f 2195 1188 3012
f 7855 8319 8459
f 5443 9836 9987
f 1015 1864 4790
f 9670 9448 8955
f 8952 9310 9758
f 2110 2118 35
f 6156 2856 2869
f 2080 3526 4262
f 8521 8928 8929
f 9083 8408 8412
f 9083 9305 9445
f 8677 9445 9310
f 6602 6400 6240
f 3753 2339 4469
f 8385 6216 4035
f 4029 4041 5502
f 3308 3358 9982
f 9087 8689 9314
f 8826 9314 8689
f 9186 9302 9082
f 9081 9301 9303
f 5211 6637 4467
f 9882 3247 602
f 9183 8811 9187
f 8397 9543 8803
f 8574 9120 9101
f 9298 8942 9296
f 4788 4768 7583
f 5099 5855 5528
f 5787 4393 427
f 9295 9177 8807
f 9548 9180 9543
f 9182 9548 9297
f 8928 9744 9839
f 7577 8000 8168
f 9545 9178 9433
f 9799 9600 1723
f 9411 9278 9525
f 8812 8543 8551
f 44 48 9906
f 8803 9543 9180
f 9819 9977 9725
f 754 1661 756
f 2080 3550 1273
f 2894 1273 3550
f 1767 3278 1762
f 4014 1448 4013
f 9752 8938 8802
f 4359 4485 4888
f 4263 4390 4580
f 9070 8939 8393
f 2099 4292 1300
f 7889 8211 7888
f 8496 9243 8218
f 9290 9070 8658
f 9289 9748 9167
f 9430 8801 9073
f 4050 6230 6235
f 9287 8387 9425
f 9426 9286 8796
f 8930 9165 9166
f 9470 9472 9691
f 9164 9534 9165
f 9425 8387 8929
f 9424 9423 9066
f 9425 8929 8928
f 2929 9888 9800
f 9162 9164 9065
f 8924 9418 8928
f 8924 8928 8646
f 9786 9959 9351
f 8193 8190 8191
f 9064 8784 8644
f 8869 694 8856
f 2945 4314 342
f 9584 9109 9111
f 8609 8343 8490
f 9060 9157 9058
f 8643 9060 9058
f 9055 8783 9281
f 8924 9051 9282
f 4412 1257 5814
f 9155 9280 9738
f 8544 9180 9182
f 9281 8917 9411
f 9526 9648 9649
f 9526 9524 9648
f 9528 9051 9409
f 2524 7579 7569
f 9279 9527 8781
f 9154 9155 9410
f 126 5137 2959
f 9954 9873 9466
f 9050 9275 9051
f 4128 3404 2729
f 5562 4963 2082
f 7802 7015 4073
f 9275 9153 9408
f 9407 9152 9274
f 9518 9271 9269
f 7579 2603 7595
f 9521 9270 9642
f 2509 2349 5555
f 6746 2986 2109
f 9406 9272 9046
f 7509 4978 5042
f 9151 9271 9270
f 8767 8218 9243
f 2624 5939 4713
f 9268 9272 9402
f 6301 9896 9621
f 2808 3593 1036
f 9397 9266 9268
f 8773 9511 9633
f 139 2196 2203
f 2064 2150 2062
f 8900 8773 9719
f 9724 8903 9395
f 5208 5838 5826
f 8900 9719 9038
f 9719 9717 9038
f 9628 9506 9037
f 563 7401 9853
f 8368 8621 9506
f 9656 640 620
f 9261 9258 9257
f 8487 8339 8204
f 8768 9258 9391
f 9140 9623 9497
f 1130 4152 4142
f 105 3291 1384
f 9086 9447 9192
f 5117 6494 7282
f 8616 9145 9504
f 8999 9229 8874
f 9032 9026 9028
f 5215 3801 152
f 3372 2556 1483
f 9029 9255 9253
f 3367 3839 3614
f 9139 9378 9138
f 9021 9027 8224
f 9023 9248 9390
f 8224 9027 9145
f 9378 9139 9380
f 8616 8224 9145
f 9022 9380 9251
f 4109 4108 7042
f 9242 9248 9023
f 3945 5666 4772
f 9379 8895 9019
f 8895 9379 9021
f 856 7761 4977
f 8891 8765 9140
f 6874 6902 1805
f 9619 9495 8889
f 8891 9619 8889
f 7712 5757 4470
f 9494 9248 9242
f 3945 3042 5666
f 6159 7699 7676
f 9135 7768 9614
f 9135 9705 8890
f 9239 7642 9011
f 8886 9607 9237
f 3713 9970 56
f 6891 7629 6202
f 877 3224 4662
f 244 834 828
f 8828 8700 8564
f 8762 9236 8884
f 4510 109 1292
f 5176 1586 3793
f 9001 9132 9602
f 8875 8998 9599
f 4269 4585 4203
f 9488 9131 8878
f 9230 9698 8877
f 9376 1868 1865
f 139 2203 136
f 8389 8529 9429
f 1805 5156 8221
f 7408 6610 6596
f 2785 2758 6101
f 5725 7836 7080
f 8751 9226 9228
f 8997 8872 9227
f 8996 8870 8603
f 8997 9227 9482
f 7124 5838 7135
f 1516 9481 8996
f 8996 9482 1516
f 6241 2191 3635
f 8870 9363 8995
f 9360 8991 8864
f 7325 8004 8582
f 6913 6159 5465
f 8483 9793 8746
f 6835 141 1166
f 8483 9225 9627
f 7038 7023 3951
f 8743 8741 9693
f 3494 7197 9197
f 7074 6316 4147
f 7450 6640 6614
f 3507 3526 181
f 7459 3520 1218
f 2612 2695 2274
f 9353 9214 8853
f 9114 8981 9115
f 9215 8985 8983
f 1283 3563 2098
f 5656 2226 435
f 5244 769 3193
f 8964 3872 8391
f 9346 8846 9582
f 9111 8848 8849
f 2690 8599 683
f 9741 9654 9160
f 9109 9108 8977
f 9346 9686 8978
f 8322 9107 9344
f 5792 4345 8666
f 5990 5293 5999
f 9342 8843 9207
f 2803 1194 4200
f 8969 9332 8576
f 8711 9201 9099
f 9103 8179 8584
f 8455 9338 8971
f 3312 3997 5350
f 1946 5000 5975
f 2804 1195 3482
f 8455 8011 8318
f 9098 8577 9334
f 5642 6340 4958
f 8098 7665 8254
f 8707 6774 7481
f 9259 2209 9246
f 5314 4596 6788
f 4947 4188 4913
f 98 5153 118
f 9719 9633 9910
f 8553 8948 8815
f 2307 3103 4705
f 3685 2252 2253
f 6964 6273 4635
f 9198 9455 8834
f 1327 2149 5620
f 9142 2613 4186
f 484 3030 1370
f 6527 6503 5213
f 6494 8060 7282
f 151 8927 3895
f 9715 7323 1597
f 384 1360 9681
f 9090 8831 8700
f 9334 9772 9098
f 5117 7282 7317
f 2416 5338 3873
f 9090 9562 9324
f 44 951 5131
f 7030 6957 7608
f 9390 9261 9257
f 7685 4609 8310
f 214 5399 3895
f 2252 209 2253
f 7674 7937 7377
f 9321 9454 8961
f 8269 658 2596
f 9322 9453 8829
f 9732 9830 455
f 9452 9088 8829
f 535 522 564
f 7150 7151 5005
f 9143 8559 1671
f 571 9143 1671
f 449 8166 3934
f 8686 8955 9448
f 3535 225 204
f 9088 9314 8826
f 6920 738 9749
f 4902 3985 4406
f 9083 8412 8683
f 9446 9081 9303
f 225 3535 2876
f 9083 9445 8408
f 8273 9182 9186
f 9549 9302 9186
f 9186 9082 8550
f 9547 9436 9295
f 9184 9080 9185
f 9080 8944 8673
f 9441 8943 9183
f 8810 9183 8943
f 300 9919 2351
f 9808 9896 9707
f 9668 9446 9303
f 4963 2871 2082
f 9177 9295 9436
f 2082 260 5562
f 9807 5137 6532
f 4480 6774 8195
f 9177 8668 8807
f 2366 2341 2355
f 8926 6975 7706
f 9616 9494 1874
f 9176 9073 9075
f 8957 9192 8958
f 3077 6356 3758
f 8933 8349 8345
f 9177 9539 9752
f 9910 6457 22
f 9897 9902 3570
f 8938 9752 9658
f 8724 8464 8845
f 3498 4225 4217
f 3132 6384 5725
f 8662 8259 8104
f 8661 9173 8798
f 2200 683 3811
f 3888 4772 5661
f 1275 8182 5581
f 8657 9289 8655
f 8103 8257 8254
f 8792 9167 9536
f 9285 8792 9536
f 9330 9860 9568
f 6376 7935 5016
f 9164 9165 8930
f 9534 9164 9162
f 8322 7859 8185
f 8929 8387 8250
f 9286 9424 8651
f 3428 3799 2431
f 2549 5280 1712
f 4179 9538 826
f 9162 9065 9062
f 9160 9162 9062
f 9560 9321 9089
f 7880 6501 9072
f 8134 7694 7543
f 2690 683 2200
f 8645 9064 8644
f 9062 9055 9160
f 3847 2405 300
f 9056 9159 9158
f 9055 9062 8785
f 3205 7101 7815
f 9157 8923 9058
f 9639 9515 9397
f 8920 8924 8787
f 8923 9280 9054
f 9157 9280 8923
f 1891 7263 6216
f 4182 1633 2600
f 6857 2921 4314
f 1309 4314 2921
f 8919 9054 8916
f 9397 9517 9639
f 8916 9153 9050
f 8554 8028 7331
f 9280 9155 9054
f 9054 9155 8916
f 9056 9279 8781
f 4788 1657 9795
f 8914 9278 8917
f 8916 9154 9153
f 9051 9275 9409
f 9045 8912 9269
f 8780 8781 9527
f 9527 9274 8913
f 9153 9275 9050
f 2790 140 144
f 2896 4609 2898
f 7595 9300 6864
f 5038 6401 4261
f 9269 8912 9047
f 32 4831 3405
f 1480 1428 1419
f 9406 9046 9152
f 9046 8907 8775
f 8713 8715 8012
f 9040 9043 9042
f 9268 9044 9272
f 9045 9269 9271
f 5581 8173 6822
f 8907 9044 9042
f 9044 9150 9042
f 8773 8626 9511
f 913 1536 6381
f 4981 9143 571
f 4833 348 4035
f 8646 8641 8787
f 9040 9039 9267
f 8903 8901 9148
f 9149 9265 8906
f 9966 2002 1946
f 881 2575 856
f 8620 8902 9263
f 9254 9147 7777
f 9263 8772 8620
f 8621 9037 9506
f 9029 8900 9038
f 9506 8619 8368
f 9678 1254 1257
f 3494 9197 5751
f 1968 1135 6083
f 9033 8231 9391
f 3103 2307 4680
f 6499 2778 956
f 3223 8371 6968
f 8855 8266 5067
f 3223 4014 4816
f 8616 9504 8618
f 8898 9023 9390
f 9026 8897 8896
f 6831 3928 629
f 9022 9251 9020
f 9251 9380 9139
f 2724 7197 3494
f 9029 9253 9018
f 4896 5566 8458
f 4814 4816 4014
f 9141 8896 9017
f 9828 9981 9983
f 6445 5049 5051
f 8959 9493 6332
f 9766 9560 9451
f 9139 9138 8892
f 8527 7896 8517
f 7767 8764 9705
f 6773 6051 7555
f 9495 9240 8888
f 8888 9240 9014
f 8352 7767 9375
f 8371 3223 4816
f 3433 1986 2747
f 7643 9239 9012
f 8348 8611 8886
f 8886 8611 9008
f 8098 8652 8522
f 8124 8668 8264
f 5617 4928 9399
f 8883 8884 8882
f 5171 3793 2392
f 9001 9602 9603
f 6604 6614 5866
f 416 419 3884
f 2373 2614 7208
f 8881 9231 9132
f 7331 6018 6621
f 3042 3896 5666
f 3835 4539 3824
f 8999 8874 8342
f 9127 8874 9229
f 4298 7216 740
f 419 416 9924
f 8069 9021 8893
f 9228 9480 9597
f 647 632 8293
f 9008 9007 9235
f 8487 9226 8339
f 9122 8994 8995
f 3655 2983 852
f 405 852 2983
f 8755 8609 8490
f 8211 7889 8608
f 8750 8868 9123
f 8337 8994 8601
f 9482 8488 8997
f 6733 8679 7481
f 5067 172 308
f 6388 6067 6224
f 9357 8989 9359
f 2970 2967 1359
f 3018 4401 3685
f 6041 7575 6077
f 8741 8862 9121
f 1044 2686 2684
f 7253 8537 9072
f 9472 8739 9119
f 4330 6446 8006
f 9118 8738 9117
f 9471 8986 9220
f 417 3667 3660
f 8987 8735 9218
f 9117 8738 8987
f 2503 2492 477
f 5775 4511 657
f 8858 8986 9217
f 6343 6624 6346
f 4330 8006 4345
f 8857 8858 9353
f 7566 4665 4631
f 8977 9108 9107
f 9353 8853 8857
f 3492 1995 3470
f 8853 9214 8852
f 8591 9113 8981
f 8980 8982 9350
f 9211 8849 8979
f 2795 5504 4200
f 9985 422 3897
f 8981 9113 9466
f 5368 3519 1589
f 12 1083 1310
f 9210 8726 8466
f 3460 3142 3384
f 9730 9731 9828
f 1446 4407 4405
f 8978 9686 8466
f 9630 9120 8578
f 8322 9344 8590
f 9464 9579 8589
f 8845 8589 9579
f 8347 8348 7897
f 9342 9205 8843
f 5854 874 1921
f 956 4732 2302
f 1190 7164 2928
f 4121 9096 9049
f 9103 9203 9102
f 5906 6640 6656
f 8275 8571 1416
f 8459 9341 8587
f 8841 9574 8974
f 8459 8319 8716
f 7365 7147 7359
f 5897 7408 5192
f 4222 6118 6756
f 42 2431 2399
f 5792 2761 4345
f 9336 9100 8713
f 8571 4394 3013
f 4888 4622 4359
f 2408 3115 3794
f 8446 8448 8305
f 7473 7472 7334
f 688 6694 6678
f 1009 9961 4721
f 1245 9326 9198
f 7490 6659 6656
f 8591 8022 9113
f 8835 9569 8967
f 8835 9329 9569
f 4577 2470 751
f 8834 8965 9198
f 9624 9501 9626
f 9329 8705 9325
f 4537 7159 5432
f 7056 8443 7044
f 3910 424 416
f 8578 9120 7387
f 9089 8961 8828
f 8831 9090 9324
f 8961 9090 8700
f 8938 9291 8663
f 9321 8961 9089
f 8697 9089 8828
f 8689 8681 8410
f 2969 7862 790
f 9319 8697 8694
f 7880 7135 6501
f 3576 7291 1
f 8695 9088 8826
f 9941 4268 2815
f 7625 6823 3902
f 4607 4604 4465
f 8944 8670 8541
f 9736 9928 9739
f 8821 9084 8948
f 9758 9311 8954
f 2722 2723 2643
f 9489 8329 5729
f 5100 4407 470
f 9086 9192 8682
f 1658 751 8941
f 9307 9447 9086
f 5688 5690 7789
f 6778 494 5445
f 9442 8851 166
f 2434 3822 3817
f 1720 3621 5458
f 1112 1363 1184
f 3794 4508 3787
f 247 5264 2303
f 6712 5940 6681
f 497 1418 5110
f 8948 9553 9188
f 5172 5401 5279
f 4448 3049 4451
f 8551 8953 8812
f 4448 4451 5729
f 9081 8813 9301
f 5137 9807 5822
f 9188 8815 8948
f 2239 5704 5423
f 5884 5870 5208
f 8810 8811 9183
f 2730 4210 7423
f 6524 6542 7317
f 8813 9298 9301
f 7636 7894 7759
f 9392 2545 122
f 3211 803 800
f 8013 7855 7088
f 8544 8803 9180
f 9544 9176 9181
f 4507 3115 4511
f 8668 9177 8394
f 141 3465 6111
f 1691 6392 2608
f 9075 9073 8533
f 9430 9073 9431
f 8665 9071 9074
f 513 3048 3734
f 3824 4539 5791
f 8802 8394 9177
f 8934 8654 9428
f 8397 8939 9432
f 8799 9071 8665
f 6538 6524 6516
f 4846 4519 4755
f 8392 8802 8938
f 2396 2416 9984
f 6879 7118 7123
f 9070 8393 8658
f 9892 9237 1825
f 8533 9073 8532
f 6591 3340 4033
f 9289 9167 8655
f 9166 8526 8095
f 5867 4651 823
f 2319 5123 4447
f 9166 9290 8658
f 8654 8653 9287
f 8930 9166 8093
f 9838 4001 5485
f 9161 9064 9423
f 3765 9977 2278
f 8349 6314 8345
f 9064 8647 9066
f 8026 8640 7225
f 5598 1920 767
f 9105 8578 8028
f 8649 9285 9284
f 4555 8756 4517
f 3753 2327 2058
f 9594 9474 9355
f 4788 1630 4768
f 8517 7885 7868
f 1681 104 4997
f 856 1743 7761
f 7880 8517 7868
f 9281 9741 9055
f 9163 6696 9666
f 9159 9056 8782
f 3743 4470 544
f 3161 3239 3240
f 8909 8914 8632
f 8923 9054 9057
f 8785 8783 9055
f 9281 8783 8917
f 9052 9051 8920
f 181 3526 205
f 49 1078 4120
f 9052 8916 9050
f 9278 9411 8917
f 3720 9754 9764
f 6571 5852 5847
f 8909 9048 8914
f 8913 9274 9152
f 8913 9152 9046
f 5447 5220 5222
f 8912 9045 8909
f 9148 9395 8903
f 1203 1036 873
f 2524 7569 8760
f 8907 9043 8774
f 2690 3469 8599
f 8125 8539 8128
f 8907 9042 9043
f 1856 1833 1844
f 9043 9040 9269
f 8907 9046 9044
f 7368 8114 6555
f 9072 8517 7880
f 3353 944 2914
f 8626 9265 9511
f 2729 3417 5462
f 8424 7838 8428
f 5738 2705 8605
f 847 1718 1725
f 2986 6746 6033
f 9389 9029 9038
f 8617 7428 9174
f 5866 6571 6573
f 9390 9257 8898
f 9677 9768 9564
f 9391 8369 8768
f 4666 2973 6314
f 1341 1318 1335
f 8227 8231 9033
f 3259 3164 3125
f 9588 5848 4614
f 8805 1570 624
f 9145 9027 9033
f 7896 7885 8517
f 9032 9024 9026
f 5163 6359 3088
f 9024 8897 9026
f 9242 9023 8767
f 8895 8494 9019
f 627 4051 9840
f 9022 9020 8897
f 2188 1359 3637
f 9021 8069 8615
f 8358 9140 8765
f 9031 9140 8358
f 1175 7042 5588
f 3022 1370 9204
f 9683 1939 1435
f 5983 8332 1075
f 8752 8997 8340
f 8898 9036 7776
f 6159 7676 3935
f 9013 9615 7768
f 9138 9017 8892
f 8118 8126 5879
f 8356 9016 8496
f 8887 9018 9376
f 9981 333 2396
f 8748 8994 8337
f 8889 9495 8888
f 7775 7782 8078
f 1157 1156 1199
f 8055 7643 9012
f 8611 8347 9008
f 3351 3279 2728
f 9014 9019 8494
f 2528 6264 7818
f 5628 826 9544
f 8054 9007 8347
f 9003 8882 9133
f 9840 4051 655
f 1145 5831 4124
f 5045 3518 6448
f 5404 9335 2702
f 9072 6557 7253
f 8877 9698 9231
f 4814 4014 4013
f 8878 8754 8344
f 3278 1767 3284
f 9841 9425 681
f 8754 9131 8999
f 9127 8872 8752
f 8999 9131 9229
f 5999 6605 7912
f 5199 8728 5194
f 8126 5211 5879
f 9797 8872 9127
f 8207 8751 8489
f 8871 8487 9124
f 8863 8601 9122
f 8517 8537 8527
f 9124 8487 8750
f 5366 1491 1482
f 736 2430 6456
f 8747 8746 8993
f 9598 8998 8209
f 8537 6621 8527
f 8601 8994 9122
f 8863 9361 8864
f 2785 2795 1172
f 9357 9473 8989
f 8679 6733 8669
f 9470 8739 9472
f 8735 8859 9218
f 8954 9311 8825
f 8736 8986 8858
f 8967 9201 8711
f 578 7007 2822
f 8477 8985 8859
f 8857 8853 7864
f 8188 8858 8857
f 1522 4993 7930
f 8695 8826 8423
f 8849 8848 8323
f 1616 4535 4538
f 8982 8980 8327
f 417 427 3667
f 9008 8347 9007
f 7087 3623 2172
f 8852 8982 8593
f 8981 9114 8727
f 8593 8982 8327
f 7803 7382 7678
f 6640 5906 5883
f 6655 6641 5897
f 8582 7969 7304
f 9183 9187 9669
f 8977 8185 8465
f 8848 9111 9109
f 6655 5897 5904
f 1393 7626 1416
f 8845 9579 8724
f 3139 1628 3147
f 8843 9205 8320
f 4638 3036 1221
f 9842 737 6893
f 5917 6655 5904
f 8720 8320 8841
f 9488 9801 1749
f 718 3858 3147
f 8320 8723 8843
f 3482 1195 4217
f 8583 9103 9102
f 9195 8832 8570
f 9935 9541 9937
f 8318 8717 8455
f 8714 8715 9100
f 8326 7192 8022
f 3381 4427 1936
f 1622 1422 3055
f 6659 5906 6656
f 718 5150 3858
f 805 4944 794
f 5917 5231 6655
f 3186 4785 3192
f 3508 3535 204
f 8572 8573 8708
f 6661 6662 8004
f 4467 6637 7471
f 4541 4529 1055
f 5432 3450 550
f 8313 8711 9099
f 9675 9559 9453
f 2548 5114 35
f 7625 7609 6823
f 2470 5829 3157
f 8961 8700 8828
f 1493 1622 8931
f 8834 9455 9195
f 5933 6679 5931
f 8436 8700 8831
f 9090 8961 9454
f 8167 9747 8696
f 2483 6709 8177
f 734 9841 2625
f 8221 6867 1805
f 9307 9302 9756
f 8698 8832 9322
f 9522 9833 9831
f 1389 8707 7481
f 479 4418 4413
f 6501 7135 5838
f 1847 2634 967
f 6325 8964 9485
f 8356 7648 8069
f 5405 4790 1864
f 7056 9034 8443
f 6516 7313 5132
f 3902 2363 6115
f 9110 8470 8847
f 9485 9457 6325
f 1451 3093 4578
f 7706 3757 7685
f 415 391 3572
f 7428 6707 6714
f 6689 6712 7490
f 9311 8691 8825
f 4694 2310 3085
f 8683 8147 8686
f 2785 4191 5504
f 5987 6689 6688
f 3392 3356 4799
f 6620 7952 6617
f 8689 8410 8558
f 1882 4780 4047
f 4921 2502 3887
f 9187 8812 9304
f 229 224 257
f 3859 1237 6041
f 456 4402 5400
f 5056 1946 2002
f 1897 6932 9707
f 3364 4064 4769
f 8004 6662 9129
f 8813 9081 8555
f 8408 9445 8677
f 5427 5424 6886
f 5960 5987 6688
f 8953 9190 8812
f 8619 9506 9388
f 3249 3183 7247
f 8670 8540 8541
f 3975 6159 3965
f 9298 8404 8942
f 3364 2684 4064
f 9249 8352 9375
f 8943 8807 8810
f 8539 8942 8809
f 4118 7833 7832
f 8088 7508 7788
f 5694 9034 7056
f 3012 3005 3806
f 3036 2206 1221
f 5987 6712 6689
f 7758 7892 8759
f 8801 8532 9073
f 5489 5389 5058
f 3119 9874 1478
f 8802 8392 8394
f 8531 8939 8397
f 1697 6474 800
f 8799 8665 8664
f 8417 8819 8156
f 7704 6969 8349
f 3539 4436 391
f 7775 8078 8075
f 6712 6736 5973
f 8799 8662 9292
f 6736 6712 5987
f 2237 5712 4835
f 8662 8934 9170
f 8254 8657 8655
f 9429 8796 8389
f 6700 6036 8038
f 3340 5387 2645
f 94 1237 3859
f 9155 9154 8916
f 8525 8796 9286
f 9523 9734 9525
f 109 1265 2288
f 1712 5280 2535
f 6886 6166 5435
f 9163 9676 9129
f 8647 8650 9066
f 9151 9521 8909
f 9064 9161 9159
f 8782 8784 9159
f 9065 8785 9062
f 9129 6662 9163
f 5008 5611 2149
f 8242 9058 8639
f 9057 8787 8639
f 9058 8923 8639
f 8063 7417 8617
f 2952 4666 4673
f 196 4417 3965
f 4683 7166 2590
f 8063 9666 6696
f 8787 9057 8921
f 8787 8921 8920
f 8644 8514 8645
f 9057 8919 8921
f 8634 8917 8783
f 8924 8920 9051
f 2589 1599 5632
f 8919 9052 8921
f 8920 8921 9052
f 2377 6356 3077
f 7340 5847 6548
f 8947 8550 9082
f 9050 9051 9052
f 8780 9527 8913
f 3801 6563 5251
f 8768 8077 9036
f 7704 8349 9434
f 5285 5281 5973
f 5461 49 4120
f 8760 7569 8200
f 7703 7826 7976
f 9475 5609 5026
f 8913 9046 8627
f 8120 8262 8536
f 5240 993 2971
f 8627 9046 8775
f 3697 999 2033
f 1963 1968 3417
f 6333 3454 866
f 2524 8760 9773
f 9060 9416 9157
f 6758 6028 8172
f 9265 8626 8906
f 8772 9148 8622
f 8624 8505 8905
f 9830 9732 9646
f 8901 8622 9148
f 4582 4259 4203
f 8772 8622 8620
f 7657 7782 7775
f 7777 9147 8504
f 8529 8105 8661
f 3422 5461 4834
f 6083 3417 1968
f 7718 6188 3198
f 1044 2684 3562
f 8619 7905 8368
f 8898 9257 9036
f 7456 5540 6796
f 3417 2729 1963
f 7290 7076 7419
f 9028 9026 8896
f 2804 5518 4206
f 4110 2487 4903
f 2387 1557 4499
f 8616 8220 8224
f 9251 9139 9020
f 6300 9535 980
f 8359 9029 9018
f 6788 4596 7534
f 8896 8897 8766
f 3192 5482 1442
f 8224 8494 8895
f 5189 7408 6596
f 8896 8766 9017
f 3861 2355 8047
f 3410 7891 8545
f 8892 9017 8766
f 8887 8064 8613
f 2886 3716 3721
f 4435 4739 4438
f 9415 9528 9414
f 8354 8765 8891
f 9249 8497 8352
f 8452 5579 7810
f 8887 8613 9018
f 9556 4327 1120
f 8764 7767 8353
f 3637 7589 3634
f 8351 7358 9134
f 7575 6041 5314
f 9006 8759 9001
f 8214 9010 9009
f 9007 9006 9235
f 9001 9603 9006
f 9603 9235 9006
f 8762 8884 8883
f 7894 8883 8882
f 6835 2559 620
f 9001 8759 8881
f 8889 8493 8891
f 5101 4819 4655
f 9904 2008 9097
f 2590 877 4683
f 4701 914 2590
f 7453 8672 8660
f 1050 1037 3791
f 895 1762 881
f 3120 6113 4722
f 9482 8996 8488
f 8341 8874 8752
f 8829 8695 8698
f 8997 8752 8872
f 8207 9226 8751
f 5964 5893 5944
f 8115 8669 6733
f 8496 8218 8068
f 8994 8748 8995
f 8748 8749 8995
f 141 4877 1166
f 8871 9226 8487
f 8096 8250 8387
f 7107 6952 7021
f 8864 8199 8863
f 8863 8199 8601
f 6640 5883 6614
f 8741 8600 8862
f 8739 8333 9119
f 9119 8989 9473
f 644 725 796
f 8198 8738 9118
f 5586 5169 5896
f 8737 9220 8598
f 9348 9584 9111
f 8598 8986 8736
f 8341 8342 8874
f 8823 7629 6891
f 6344 3872 8964
f 8472 8985 8477
f 8591 8981 8727
f 8983 8985 8472
f 8593 8853 8852
f 7927 7930 3436
f 4185 4883 3457
f 4185 3457 2779
f 1779 7876 6368
f 9549 9186 9297
f 3128 1365 1336
f 5555 2349 2365
f 8470 9110 8467
f 8469 8466 8726
f 8465 8848 9109
f 5254 3402 3391
f 8463 8590 8589
f 9114 8983 8023
f 7207 8033 8333
f 5950 3313 5350
f 919 5654 4219
f 5218 5931 3867
f 8581 8970 9336
f 8841 8586 8720
f 7349 8048 7882
f 1569 8672 8696
f 8974 9339 9103
f 8974 9103 8584
f 8972 8456 8714
f 8577 7585 8579
f 2927 9858 2926
f 3710 2038 4515
f 9561 9766 409
f 5037 2688 5692
f 8969 8577 9098
f 937 5659 2771
f 6208 8863 9122
f 8576 9332 8573
f 3377 1013 4182
f 3727 4173 4174
f 5199 5218 3867
f 3498 1212 2838
f 1830 4033 967
f 8450 8835 8967
f 1841 659 622
f 8965 8834 8447
f 2760 2874 2697
f 5531 6131 2838
f 9105 7969 8582
f 7588 5337 3877
f 3507 4934 3526
f 2645 5969 973
f 2489 7006 1529
f 7359 7644 7769
f 8834 9195 8445
f 971 937 2771
f 5445 4034 5475
f 5721 6401 7957
f 2289 4418 479
f 4336 5091 5781
f 5550 4076 7012
f 919 968 5654
f 9325 8831 9324
f 9016 9243 8496
f 4073 400 7802
f 8697 8828 8152
f 6838 8217 1172
f 8829 9088 8695
f 8937 9173 8661
f 2871 4963 1218
f 8424 8428 8686
f 8957 8958 8413
f 8432 8819 8955
f 8686 8428 8955
f 6834 6103 4682
f 4705 6840 6850
f 8689 8423 8826
f 4047 4053 1882
f 8817 8691 8821
f 8817 8821 8948
f 8413 8276 8682
f 9802 9011 9492
f 8406 8817 8948
f 3349 7942 4071
f 9313 9190 8953
f 9446 8819 8680
f 5407 2661 3358
f 8551 8410 8681
f 8681 8953 8551
f 8682 8957 8413
f 8553 8815 8549
f 4744 7651 7634
f 7547 2856 1216
f 6115 7663 7649
f 7042 4108 5588
f 9080 8815 9188
f 8810 8124 8543
f 8548 8273 9186
f 2487 4110 5593
f 8942 8404 8809
f 8955 9446 9670
f 8144 5365 3917
f 7813 8544 8273
f 8273 8544 9182
f 9178 9296 8942
f 5508 6094 5676
f 8536 9074 9178
f 2992 1287 9458
f 3599 5609 9475
f 8664 8665 8262
f 8451 3599 9475
f 769 6207 6217
f 8397 8803 8535
f 8664 8259 8799
f 7956 8124 8264
f 3012 3002 3005
f 8205 8206 8488
f 7651 4744 6143
f 4794 7293 3380
f 9657 8657 9291
f 8257 8663 9291
f 8798 8529 8661
f 8257 9291 8657
f 204 225 6939
f 1733 3627 6843
f 9809 3609 1977
f 8389 8796 8388
f 1188 3002 3012
f 8653 8101 8096
f 9600 9230 9599
f 8521 8646 8928
f 1670 3583 1651
f 8504 9147 8902
f 4447 3743 533
f 8384 8525 8651
f 9164 8930 8249
f 8649 8522 8792
f 3591 5008 326
f 767 4673 5598
f 9072 8537 8517
f 4785 3186 3168
f 8516 9065 8382
f 6696 9163 6662
f 2049 7951 3697
f 2905 4303 6191
f 9087 8681 8689
f 9058 8242 8243
f 324 2149 1327
f 8649 9284 8643
f 4766 4757 6163
f 8638 8779 8636
f 2940 5984 4534
f 8641 8380 8639
f 8200 8730 8760
f 8243 8643 9058
f 8787 8641 8639
f 8515 8784 8638
f 8766 9020 8892
f 8190 8193 7467
f 8785 8634 8783
f 4382 6049 4864
f 4953 8512 7083
f 8626 8235 8624
f 8627 8779 8913
f 8632 8634 8635
f 8909 8632 8508
f 8631 8633 9047
f 8633 8774 9047
f 8507 8779 8627
f 8775 8507 8627
f 8775 8633 8507
f 8633 8775 8774
f 8540 8400 8265
f 3656 1748 3974
f 7809 8108 8531
f 8775 8907 8774
f 8905 8505 8903
f 1454 4068 4862
f 9043 9047 8774
f 9389 9038 9717
f 6628 4780 1882
f 9036 9258 8768
f 2703 1847 2645
f 8620 8622 8500
f 4210 1193 3511
f 7920 7786 7785
f 8498 8618 9037
f 7108 1089 9762
f 8621 8498 9037
f 8360 9029 8359
f 8364 8227 9033
f 3422 1127 5461
f 8222 8616 8498
f 2218 4628 3806
f 9031 8358 8361
f 8220 8494 8224
f 7497 8357 8764
f 1994 2790 6100
f 8545 8542 3410
f 8354 8358 8765
f 8613 8359 9018
f 8612 9014 8494
f 8406 8948 8553
f 6396 5796 4539
f 8612 8889 8888
f 8890 8058 9135
f 8298 8420 8157
f 7643 7642 9239
f 7642 7765 9011
f 8350 8351 9134
f 8215 7763 8055
f 4848 3433 2747
f 1359 5634 3637
f 8959 8945 8946
f 7894 8882 9003
f 8883 7638 8762
f 4163 1994 6095
f 7870 7874 8528
f 2834 4404 890
f 7892 8881 8759
f 8755 9231 8609
f 7891 5667 7119
f 7888 8211 8344
f 7889 9002 8608
f 8344 8211 8878
f 5346 4864 6049
f 7356 1441 1451
f 8244 7920 7785
f 8561 8691 8430
f 9003 9002 7893
f 9366 8182 6190
f 3824 5791 3822
f 8997 8488 8340
f 9344 9464 8590
f 8256 5054 2982
f 7722 5491 5502
f 8400 8533 8398
f 8870 8749 8603
f 9717 9814 9711
f 8749 8748 8603
f 9738 522 9835
f 7767 9705 9375
f 9225 8483 8745
f 9225 8745 8744
f 8744 8745 8743
f 8037 8036 8743
f 4916 4917 5313
f 4569 4250 4570
f 8991 8861 7204
f 7747 8864 7619
f 9358 8479 8861
f 3850 5809 5815
f 3850 711 4538
f 8739 8335 8333
f 9359 8032 9358
f 8032 8479 9358
f 8335 8739 8860
f 9469 8987 9218
f 8598 9220 8986
f 6085 6406 6402
f 3872 2998 8391
f 2785 5504 2795
f 8738 8193 8987
f 5223 5884 5208
f 8330 8735 8331
f 8478 8736 8858
f 4339 4679 4463
f 8683 8412 8147
f 9766 4366 409
f 8027 8474 8477
f 8436 8564 8700
f 8052 8343 7887
f 8323 8848 7861
f 8187 8980 9112
f 3655 852 5053
f 8979 8849 8468
f 8468 8849 8323
f 8848 8465 7861
f 7631 2282 5162
f 3482 5518 2804
f 8186 8978 8466
f 8977 8322 8185
f 4331 783 6951
f 8292 6923 7629
f 3368 6500 189
f 8464 8724 8976
f 8723 8976 8843
f 9807 3331 5822
f 8587 9463 8722
f 8720 7857 8320
f 8320 9205 8841
f 8459 8016 7856
f 8453 8581 9336
f 7852 8453 7431
f 8586 8974 8584
f 7665 8103 8254
f 8319 8972 8716
f 8318 8583 8717
f 8715 8714 8456
f 6232 4842 9000
f 8453 7852 8581
f 6662 5302 4343
f 8970 7852 8315
f 390 3917 3908
f 7852 8970 8581
f 1060 1071 3851
f 2838 6131 3498
f 5897 6641 7408
f 8969 8576 8311
f 8170 8311 8576
f 8576 8573 8170
f 8450 8711 8003
f 8450 8967 8711
f 2838 4243 5531
f 8573 8572 8170
f 9099 8970 8315
f 8448 8835 8450
f 8494 8066 8612
f 8446 8705 8835
f 3276 2173 7865
f 8597 8599 3469
f 8369 8231 8370
f 9197 6435 5751
f 9473 9472 9119
f 8446 8835 8448
f 8444 8705 8446
f 9152 9407 9406
f 8442 8831 9325
f 8697 8693 8694
f 9195 8569 8302
f 4076 7009 7012
f 910 960 9939
f 8831 8442 8568
f 8302 8569 8434
f 8241 8082 8238
f 8828 8564 8152
f 6148 3964 3153
f 8817 8426 8430
f 7607 6955 7732
f 2533 3871 5086
f 8430 8691 8817
f 8286 8954 8291
f 8694 8693 8958
f 5361 6728 3522
f 8560 8958 8693
f 465 5821 162
f 3668 5192 9659
f 9258 9261 9632
f 8428 8432 8955
f 3380 7293 1882
f 6080 5404 6748
f 8561 8825 8691
f 7347 6555 8114
f 8413 8958 8560
f 8558 8423 8689
f 8458 5580 4896
f 7199 9197 7197
f 8817 8411 8426
f 444 424 2483
f 8389 8388 8253
f 8411 8817 8406
f 2876 3535 5552
f 8819 8417 8680
f 3323 973 5969
f 8547 8673 8549
f 7822 8135 7971
f 8279 8412 8408
f 8680 8417 8555
f 8555 8557 8407
f 8677 8278 8408
f 8813 8404 9298
f 4828 2731 8010
f 2257 1954 2429
f 7435 6845 7182
f 4541 1066 2095
f 8549 8815 8547
f 8547 8815 9080
f 2549 1743 4690
f 4107 7804 4443
f 1554 4118 4110
f 8673 8547 9080
f 8673 8402 8131
f 4110 4118 7832
f 8884 9133 8882
f 8810 8543 8811
f 4772 5666 5661
f 8673 8944 8541
f 4790 3356 1015
f 8904 7706 7685
f 7719 8001 8000
f 8613 8075 8359
f 9416 9280 9157
f 9139 8892 9020
f 8262 9074 8536
f 8414 8143 8278
f 2424 2420 950
f 8400 8398 8265
f 4298 7987 7216
f 5858 2845 5174
f 8402 8673 8541
f 576 511 665
f 8261 8533 8532
f 9428 9170 8934
f 124 147 123
f 8105 8109 8530
f 8530 8661 8105
f 8530 8937 8661
f 8662 8104 8656
f 8255 8658 8393
f 9873 1478 9874
f 5985 1488 9956
f 8656 8654 8934
f 8254 8257 8657
f 5969 2645 5387
f 8101 8654 8656
f 8832 8294 8699
f 5607 9085 7075
f 4857 8418 7772
f 7988 7990 8432
f 6497 5840 6476
f 5698 2289 497
f 8522 8652 8792
f 8156 8157 8417
f 9166 8095 8093
f 2922 4302 5002
f 9286 8651 8525
f 8934 8662 8656
f 6316 7074 5614
f 6605 6503 7912
f 8382 9164 8249
f 7418 5985 9956
f 9572 1354 1342
f 8415 2922 3599
f 8650 8647 8518
f 9065 9164 8382
f 5003 3545 3617
f 833 6285 2535
f 7231 7759 7757
f 3994 2027 5252
f 7986 8157 8156
f 1052 5294 2109
f 8514 8518 8645
f 2339 3753 2058
f 8516 8785 9065
f 8511 8508 8632
f 8784 8515 8644
f 8638 8784 8782
f 240 5427 5435
f 8311 8005 8007
f 8933 8345 4391
f 8782 8781 8638
f 6401 5721 4261
f 6472 6479 7247
f 8785 8516 8635
f 7699 6159 6913
f 8515 8638 8636
f 8638 8781 8780
f 8374 8510 8633
f 8374 8633 8513
f 8635 8634 8785
f 8513 8509 8237
f 9348 8849 9211
f 8513 8633 8631
f 5937 6937 6847
f 8507 8633 8510
f 8507 8636 8779
f 4953 7092 8512
f 9036 8077 7776
f 8241 8516 8244
f 9087 8953 8681
f 8945 6975 8926
f 8509 8776 8508
f 2408 8833 657
f 8501 7780 7783
f 8234 8506 8773
f 3402 1498 3391
f 5033 2705 683
f 8231 8369 9391
f 7777 8504 7906
f 8360 8900 9029
f 8367 8498 8621
f 9350 9112 8980
f 8077 8768 8369
f 8829 8698 9322
f 8484 4912 9079
f 7905 9031 8361
f 8619 9031 7905
f 8763 2240 8457
f 4437 4495 4308
f 373 6890 365
f 8129 7824 7965
f 8220 8616 8222
f 7350 6083 4163
f 9018 9250 9376
f 9926 9987 9737
f 8357 8890 8764
f 8028 8554 7969
f 7806 1646 1012
f 662 1586 5190
f 7648 8356 8496
f 8959 8366 8945
f 7447 7727 8464
f 4708 3284 2608
f 5648 3410 8542
f 4053 4046 4064
f 9091 9195 9564
f 8074 8070 8357
f 1441 7356 2035
f 8887 9013 8062
f 7768 9135 8058
f 9012 8215 8055
f 5648 2609 3410
f 7358 7898 8886
f 2549 1712 7761
f 5661 3021 3888
f 8890 8070 8058
f 9002 7757 7893
f 6661 7325 5964
f 4342 6890 7567
f 8054 8346 9007
f 8868 8750 8485
f 9272 9044 9046
f 8881 7890 8609
f 8490 8877 8755
f 8875 8877 8052
f 4981 1260 9143
f 2303 2314 9980
f 1609 5795 4535
f 7194 6671 6468
f 8209 8489 9598
f 2841 1927 2845
f 6810 7054 7141
f 8488 8996 8603
f 3433 2758 1986
f 8487 8204 8750
f 8603 8748 8602
f 8868 8485 8202
f 8202 8747 8868
f 6819 7773 7499
f 6577 4033 5370
f 4033 1830 5370
f 7313 7317 7282
f 8748 8337 8203
f 6204 2460 6968
f 8600 8481 7875
f 9962 3208 1778
f 8864 7747 8199
f 8199 7873 8601
f 4287 2705 5738
f 6303 2510 2527
f 8195 8730 8200
f 589 8733 560
f 8333 8989 9119
f 8193 8738 8197
f 3817 4310 2434
f 2785 6101 4191
f 8030 8192 8598
f 9665 9183 9669
f 8859 8330 8477
f 8027 8477 8330
f 4386 5656 435
f 8391 2998 9493
f 8472 8477 8474
f 8849 9348 9111
f 5531 4243 6782
f 8727 9114 8023
f 5078 3666 9714
f 8326 8591 8727
f 8022 8726 9113
f 1765 756 1661
f 5200 4563 745
f 6263 6432 6431
f 8187 8979 8325
f 8325 8979 8468
f 7599 7728 7191
f 8322 8977 9107
f 4330 1794 3512
f 7067 4563 5815
f 8467 9110 8846
f 9592 9995 671
f 8322 8590 8321
f 745 7069 754
f 9875 3133 9958
f 8463 8589 8184
f 8589 8845 8184
f 7447 8976 8723
f 8319 7855 8013
f 6235 6230 7762
f 8663 8392 8938
f 8587 8722 8461
f 7732 7731 7867
f 8181 8723 8320
f 1658 8941 758
f 2066 9000 7772
f 7869 7867 8331
f 8584 8014 8586
f 771 5759 2775
f 6863 7455 7732
f 8972 8319 8178
f 8716 8972 9775
f 7309 8011 8455
f 6430 7197 713
f 8311 8007 8577
f 3662 2983 5649
f 8971 7309 8455
f 847 2566 1718
f 6538 7333 6524
f 5113 2862 2916
f 8577 8969 8311
f 9512 5037 5688
f 8003 8711 8008
f 1292 2288 3085
f 7767 8352 7645
f 5130 3666 2173
f 131 7075 9085
f 6387 5018 7938
f 2602 2165 9972
f 8350 7765 7899
f 4046 4771 4064
f 8066 8494 8220
f 6163 7696 5465
f 9066 8650 8651
f 9928 2507 4001
f 483 7660 4414
f 8447 8834 8445
f 8168 8708 8447
f 8695 8423 8290
f 8433 8568 8442
f 4614 803 3211
f 9985 9407 9986
f 1255 1083 8274
f 2856 6156 5540
f 8430 8301 8561
f 658 8269 9746
f 8435 8570 8699
f 9586 9587 9785
f 8698 8290 8294
f 1441 9780 9685
f 9596 1618 3258
f 1171 1088 1253
f 8152 8693 8697
f 7819 809 4625
f 8380 7929 7919
f 9080 9188 9185
f 2705 5033 8605
f 847 1725 1868
f 7842 7993 7998
f 8693 7829 8560
f 7179 5038 5739
f 681 9839 575
f 7329 7601 7731
f 9077 7825 7832
f 5404 6080 9335
f 7942 3349 4767
f 8557 8555 8417
f 7368 6555 6580
f 8670 9075 8400
f 8873 9742 7029
f 2196 6533 5215
f 8394 8264 8668
f 7282 8060 8684
f 9924 424 444
f 8557 8281 8407
f 6596 7368 6580
f 8406 8277 8411
f 4722 8295 3130
f 8284 8411 8277
f 8682 8276 8134
f 8407 8813 8555
f 8549 8406 8553
f 266 9980 2314
f 8813 8133 8404
f 8407 8133 8813
f 8550 8130 8548
f 7965 8549 8131
f 8549 7965 8138
f 8404 8133 8809
f 2079 1867 2005
f 6269 4197 9401
f 4451 2325 5729
f 8811 8812 9187
f 1114 1958 2731
f 6269 7704 4197
f 2923 3757 6294
f 5423 9063 6384
f 8131 8549 8673
f 5018 1717 623
f 5140 2327 3753
f 8810 8807 8124
f 8402 8541 8540
f 3107 9955 1488
f 5435 6166 4785
f 6384 9063 7836
f 7812 7810 5579
f 2927 4377 1164
f 9061 6397 9581
f 2373 7216 2614
f 4470 3743 6335
f 6297 4418 5698
f 8540 8265 7955
f 8263 8535 7811
f 8262 8665 9074
f 8265 8398 8261
f 8544 8535 8803
f 8398 8533 8261
f 945 1809 5370
f 8108 8393 8531
f 1829 814 7007
f 5544 1815 1841
f 7939 8255 8393
f 1759 4287 5038
f 1442 1448 312
f 6604 6573 7375
f 4609 2896 4597
f 8277 8139 8284
f 8618 8498 8616
f 8254 8655 8652
f 8654 8101 8653
f 5370 6562 6577
f 8384 8246 8086
f 8148 8285 8422
f 5292 2961 103
f 8521 8929 8250
f 9285 8649 8792
f 208 4036 413
f 2702 1651 3583
f 6705 6508 6506
f 8650 8518 8246
f 8245 8244 8382
f 7396 6604 7375
f 4107 9333 9843
f 3263 7153 1718
f 8522 8649 8381
f 4814 8363 8956
f 9956 1512 7418
f 8516 8382 8244
f 8379 8518 8377
f 7268 7267 7275
f 7275 7389 7268
f 8644 8515 8514
f 8514 8510 8377
f 4801 6924 3194
f 8631 8509 8513
f 8515 8636 8514
f 8374 8377 8510
f 8239 8513 8237
f 1534 9787 9958
f 8511 8632 8238
f 8635 8238 8632
f 8638 8780 8779
f 9417 4587 5115
f 8636 8507 8510
f 8509 8511 8237
f 8634 8632 8914
f 8631 9047 8776
f 8508 8511 8509
f 8624 8235 8505
f 8501 8620 8225
f 3934 422 449
f 8626 8624 8906
f 8235 8080 8505
f 8234 8900 8360
f 8078 8234 8360
f 5496 5735 5747
f 7396 7375 7422
f 8500 8622 8233
f 7950 7525 7681
f 9246 1948 9234
f 3115 4507 3794
f 8500 8223 8620
f 3994 5252 2963
f 7503 7905 8361
f 3030 488 3039
f 7366 8067 8497
f 7776 7654 8898
f 8064 8075 8613
f 8223 8225 8620
f 8364 8615 7773
f 8075 8360 8359
f 8366 6975 8945
f 4835 6375 9034
f 1565 5605 4118
f 8730 6774 8707
f 8041 7291 814
f 8219 8218 7654
f 8546 9125 372
f 4272 3998 2020
f 3283 3276 7872
f 4186 1633 5645
f 8352 8497 8067
f 7422 7416 7396
f 7648 8496 8068
f 6758 8172 4572
f 4499 5165 7005
f 8069 8893 8356
f 7520 7519 7801
f 7247 8026 6472
f 9091 8832 9195
f 3877 8824 7588
f 8358 8354 8493
f 3278 5318 4690
f 8059 9013 7768
f 6641 7422 7408
f 3817 5191 5775
f 7763 8215 9373
f 9094 9612 8582
f 3988 3305 9116
f 7758 8759 9006
f 8346 7758 9006
f 8231 8227 7659
f 5913 9949 9207
f 8122 1078 49
f 7566 7602 4665
f 8490 8052 8877
f 4450 413 9893
f 7757 9002 7889
f 8344 8050 7888
f 8343 8052 8490
f 9094 8582 8004
f 7754 8998 8052
f 8603 8205 8488
f 8048 8342 8341
f 8875 8052 8998
f 7486 8049 7131
f 2983 3662 1381
f 8340 8206 8208
f 2206 3821 1206
f 449 9834 494
f 1809 5355 5370
f 8748 8203 8039
f 5350 3313 3312
f 8745 8037 8743
f 8746 7877 8483
f 7877 8745 8483
f 7446 7422 6641
f 655 4051 4074
f 6396 4539 3835
f 6069 6083 8024
f 5274 4781 5276
f 8198 8600 7875
f 3133 6012 9958
f 6640 7450 6656
f 8479 7204 8861
f 4182 1013 5645
f 7617 8737 8192
f 8989 7871 9359
f 8193 8191 8987
f 8735 8987 8191
f 4738 6559 3321
f 8331 8735 8191
f 8188 8478 8858
f 4736 3323 5961
f 8805 7487 3208
f 4024 5384 4752
f 8025 7864 8853
f 8328 8025 8853
f 8023 8472 7729
f 8593 8328 8853
f 981 943 2901
f 6524 7317 7313
f 8469 8726 8022
f 8606 1446 458
f 8846 8978 7596
f 8845 8464 8021
f 8474 7730 8472
f 8321 8590 8463
f 8847 8470 7724
f 8464 8976 7447
f 8723 8018 7447
f 6667 3910 3884
f 8461 7858 8587
f 6923 3721 7629
f 8016 8459 8587
f 1658 4586 4577
f 8584 8179 7723
f 6532 5137 2809
f 6532 8710 9807
f 2629 2624 2181
f 7587 8453 8713
f 8456 8972 8178
f 7376 8114 7368
f 8971 8579 7585
f 2865 2863 2951
f 9775 9573 8716
f 6607 4047 4780
f 8008 8711 8313
f 8174 8577 8007
f 8447 8445 8306
f 8919 9057 9054
f 2355 3861 333
f 3039 4434 502
f 8000 8572 8168
f 8572 8000 8001
f 4064 2684 2686
f 8450 7996 8448
f 8302 8445 9195
f 2809 5854 6532
f 8165 8305 8448
f 8446 8305 8444
f 8165 8448 7996
f 9325 8705 8442
f 8300 8306 8445
f 8444 8442 8705
f 8835 8705 9329
f 9423 9424 9656
f 8444 8305 8303
f 8291 8825 8159
f 8444 8303 8429
f 7340 7328 7347
f 3675 4749 1777
f 8919 8916 9052
f 6571 5847 7340
f 8444 8429 8442
f 6202 7629 3721
f 8676 8947 8682
f 8290 8698 8695
f 5337 3066 3877
f 9756 994 1057
f 8303 8430 8429
f 8303 8438 8430
f 8442 8429 8433
f 7326 8023 7729
f 8038 8115 6700
f 5813 5891 5658
f 4366 405 3116
f 6614 7416 7450
f 6452 4611 6233
f 8569 8435 8434
f 9883 6208 7548
f 8430 8426 8429
f 8568 8433 8154
f 8155 8699 7981
f 8434 8435 8422
f 8434 8422 8298
f 1265 2224 4644
f 3682 965 934
f 8304 2393 3964
f 7532 9883 7548
f 3205 788 7101
f 8429 8288 8433
f 8154 8436 8568
f 9684 2808 1036
f 2109 2986 2134
f 8152 8564 8153
f 8429 8426 8425
f 8429 8425 8288
f 8261 8532 8260
f 6573 6571 7340
f 1696 809 7819
f 2218 2246 3849
f 8436 8154 7983
f 8819 8432 8156
f 1454 4862 4857
f 4296 3591 3571
f 1697 1696 4627
f 6573 7340 7347
f 4512 3621 1720
f 8298 8422 8421
f 8298 8421 8420
f 4627 1696 7819
f 3128 1336 2310
f 1310 3213 3220
f 6115 7676 7663
f 8414 8286 7835
f 8285 8421 8422
f 3381 6651 7964
f 8114 7376 7347
f 8424 8147 7984
f 7829 7970 8560
f 8288 8411 8284
f 8425 8411 8288
f 8282 8423 8558
f 8147 8412 7974
f 8560 7970 8413
f 8285 8281 8421
f 8952 8286 8414
f 1388 3975 4417
f 40 542 1748
f 4097 7303 4794
f 2173 3276 1809
f 8138 8277 8406
f 7831 7974 8279
f 7163 7714 7568
f 8766 8897 9020
f 9213 6445 8629
f 1856 816 809
f 7944 8392 8257
f 3721 5513 6202
f 8421 8281 8557
f 718 4823 7612
f 5281 5285 2083
f 5281 2083 3725
f 907 4421 909
f 8551 7963 8410
f 7893 7757 7759
f 8139 8138 7968
f 814 2773 2822
f 2724 713 7197
f 4365 3447 3448
f 7076 7292 7419
f 9968 2012 9623
f 7706 8904 8926
f 5049 6445 9213
f 8124 8270 8543
f 8124 8807 8668
f 189 203 3395
f 6143 7675 7651
f 8544 7813 8535
f 7376 7375 6573
f 2554 490 6316
f 8263 7950 7948
f 890 4431 1940
f 228 552 5292
f 699 5051 4289
f 4578 3093 5968
f 833 552 228
f 8755 8877 9231
f 8397 8263 7948
f 8530 8112 8801
f 1215 760 8866
f 8260 8532 8801
f 8392 8264 8394
f 8112 8260 8801
f 7943 8259 8664
f 8109 8112 8530
f 8108 7939 8393
f 9191 9174 8660
f 9191 8660 8672
f 7554 3595 2164
f 481 9736 455
f 8902 9147 9263
f 8656 8104 8101
f 3944 75 5877
f 8098 8254 8652
f 8679 8669 208
f 9597 3317 4824
f 5781 9764 6458
f 2419 2422 2162
f 8525 8384 8091
f 7577 7997 7716
f 7422 7375 6610
f 8090 8248 8094
f 7925 8245 8088
f 7924 8086 8246
f 816 4625 809
f 6490 7885 5861
f 8641 8521 8248
f 8292 8879 8307
f 8381 8649 8643
f 5933 5931 944
f 5523 5850 6284
f 7924 8379 7917
f 7726 8469 7598
f 8641 8248 8380
f 7924 8246 8379
f 8643 8243 8381
f 8635 8516 8241
f 7408 7422 6610
f 9996 3170 1512
f 8518 8514 8377
f 8379 8377 8376
f 8379 8376 7917
f 7917 8376 7913
f 8241 8238 8635
f 8376 8377 8374
f 2218 45 2246
f 8239 8376 8374
f 8511 8238 8237
f 8374 8513 8239
f 8501 7783 8902
f 8902 7783 8504
f 1158 2758 2785
f 8648 8031 8006
f 8077 8369 8370
f 2483 424 6709
f 8506 8078 7782
f 8493 8061 8358
f 7555 8794 8788
f 8995 8749 8870
f 6721 6100 4195
f 5000 5029 6285
f 4264 7169 1727
f 7416 6614 7396
f 8979 9112 9212
f 3499 3332 3501
f 5566 5555 2433
f 7366 8497 8365
f 5331 4695 3988
f 6968 8371 8373
f 7773 8615 8069
f 8917 8634 8914
f 8767 7654 8218
f 6077 7575 7611
f 7775 8075 8064
f 4695 5331 9104
f 4310 5775 657
f 8059 8062 9013
f 8312 6288 5003
f 3545 5029 5000
f 8067 7645 8352
f 8062 8064 8887
f 6624 6623 6900
f 7058 8353 6989
f 8493 7766 8061
f 7899 7640 8351
f 8351 8350 7899
f 7044 5064 7789
f 9630 9629 9120
f 3800 3562 7
f 8684 7313 7282
f 4421 907 1510
f 8214 7491 9010
f 7146 7495 7241
f 8214 8762 7760
f 7191 6554 6363
f 8347 8611 8348
f 5866 5883 5182
f 3847 2351 2314
f 7890 8343 8609
f 9231 8881 8609
f 7445 7416 7422
f 8385 4035 6204
f 8878 8211 8608
f 1675 8730 8707
f 4005 4726 3305
f 9227 9797 9696
f 9705 9614 7615
f 944 5218 3663
f 7976 8282 8141
f 8048 8208 7882
f 8207 8339 9226
f 8339 8207 8046
f 3296 8879 3184
f 8488 8206 8340
f 1492 4111 8963
f 8485 8750 8204
f 8602 8748 8039
f 5386 6077 7611
f 8602 8042 8205
f 8186 8466 8469
f 8602 8338 8042
f 3577 8182 1275
f 8204 8040 8485
f 8603 8602 8205
f 477 2492 5417
f 7878 8202 8485
f 8746 8747 7624
f 7446 7445 7422
f 2602 950 967
f 8199 7747 7873
f 8738 8198 8197
f 8991 7619 8864
f 971 2771 5665
f 8033 8989 8333
f 7750 7342 7878
f 8134 8130 8676
f 8192 8737 8598
f 4975 4622 4888
f 8598 8736 8030
f 3668 7606 935
f 6850 8267 6113
f 756 1765 9888
f 9105 8028 7969
f 8191 8190 7869
f 1844 9609 9802
f 2998 6332 9493
f 9612 9105 8582
f 8023 8983 8472
f 7712 4470 6335
f 2485 9015 2489
f 7324 8727 8023
f 8022 7598 8469
f 8593 8327 8328
f 5531 6777 6131
f 7728 8327 8980
f 8727 7324 8326
f 8980 8187 7728
f 6060 5337 7588
f 2635 2467 2138
f 7728 8187 8325
f 3556 7262 5091
f 9094 8004 9126
f 971 1057 994
f 5110 1418 6312
f 3822 6378 5191
f 1755 4880 1749
f 7859 8322 8321
f 6669 7445 7446
f 9336 8713 8453
f 5167 5750 5394
f 7724 8461 8847
f 8320 7857 8181
f 7436 8720 8586
f 7434 7723 8179
f 9103 8583 8179
f 7587 8713 8012
f 3051 941 3040
f 6955 7607 6957
f 8013 8178 8319
f 7854 8178 8013
f 3048 3049 4448
f 7854 8715 8456
f 3377 1612 2589
f 8971 7585 7305
f 6571 5182 4404
f 9493 9468 9947
f 3675 5513 1795
f 8764 8353 7497
f 5522 1815 5544
f 6669 6689 7445
f 695 5045 6430
f 8032 7741 8479
f 8170 8005 8311
f 8170 8572 8001
f 4771 4769 4064
f 6688 6689 6669
f 5936 6688 6669
f 2080 4262 4959
f 7996 8450 8171
f 7996 8171 7999
f 5231 5936 6669
f 9460 9100 9336
f 6438 6534 6536
f 8306 8300 7994
f 7179 6401 5038
f 8168 8447 8306
f 8250 8248 8521
f 5932 7471 8740
f 9159 8784 9064
f 9632 9261 9631
f 8825 8561 8159
f 3877 3066 1291
f 8305 8165 8303
f 8445 8302 8300
f 4378 3662 5649
f 4701 3991 3286
f 7672 3130 8295
f 8302 8434 8298
f 8302 8298 8300
f 9144 8896 9141
f 9300 7595 2603
f 317 3595 4303
f 8422 8435 8148
f 8148 8435 8155
f 8159 7992 8160
f 7992 8159 8301
f 8300 8298 8161
f 904 1998 6698
f 1808 3900 4924
f 9936 9468 8946
f 4384 4509 4505
f 8298 8157 8161
f 4944 1825 794
f 8753 8149 6679
f 7838 7988 8428
f 8564 8436 7983
f 9676 9126 9129
f 8294 7981 8699
f 5814 1257 1254
f 8435 8699 8155
f 7846 7717 7845
f 8424 7713 7838
f 6204 8373 8966
f 8433 8146 8154
f 8294 8290 7981
f 6294 6302 2923
f 7976 7977 7981
f 3284 1767 913
f 8425 8426 8411
f 8038 4036 8115
f 1805 6867 6874
f 7835 8286 7982
f 4517 8753 6679
f 6311 3814 6302
f 3381 5434 6651
f 8146 8288 8284
f 3867 5931 8149
f 8143 8414 7835
f 3392 3398 1932
f 5600 6293 8473
f 8307 8879 8310
f 5824 2796 5117
f 4064 2686 4053
f 8761 5984 5966
f 1835 9891 1846
f 5966 5984 2940
f 3398 3392 8596
f 7376 6573 7347
f 8145 7824 7823
f 8276 7970 8136
f 8420 8557 8417
f 8558 8410 8282
f 3599 5002 5609
f 8279 8408 8278
f 6582 4428 5194
f 4572 6744 4555
f 837 822 3224
f 6190 2921 6857
f 8139 8277 8138
f 7831 8279 8278
f 8281 8135 8407
f 6190 3577 2921
f 7968 7965 7824
f 9300 5263 8823
f 2894 4982 3571
f 9378 7509 9618
f 8135 8133 8407
f 7968 8138 7965
f 7543 8130 8134
f 1958 3398 7312
f 6381 1691 913
f 6435 3512 5751
f 8105 8529 8389
f 7965 8131 8129
f 6325 8345 6314
f 8809 8133 8128
f 6803 6802 6800
f 9003 7893 7894
f 7211 7875 8481
f 2903 9684 6562
f 3236 3220 3213
f 8129 8402 8127
f 1868 3454 1865
f 8119 1958 1114
f 6812 2085 2876
f 9752 9750 9658
f 5620 2149 5617
f 8823 8292 7629
f 3368 4235 6500
f 2731 4828 4145
f 9254 7777 8365
f 7948 8531 8397
f 7693 7541 7691
f 4785 6166 5476
f 3417 6069 5462
f 8264 8392 7808
f 6083 6069 3417
f 4152 6074 4142
f 7803 8257 8103
f 8389 7940 8105
f 9127 8752 8874
f 7939 8526 8255
f 8253 7940 8389
f 8382 8249 8245
f 8999 8342 8754
f 3422 4834 5478
f 7939 8100 8526
f 3634 3623 2184
f 8600 8198 9118
f 8097 8250 8096
f 2129 669 7496
f 7375 7376 6610
f 3725 1045 2044
f 7265 7386 7379
f 6614 6604 7396
f 7545 7534 5328
f 8086 8091 8384
f 8091 8086 8087
f 4631 6780 8189
f 7924 7918 8086
f 7920 8245 7925
f 8090 8380 8248
f 8086 7918 8087
f 8381 8247 8522
f 8380 8090 7929
f 1753 1953 2091
f 7920 8244 8245
f 9129 9126 8004
f 3572 391 4436
f 8243 7919 7662
f 8646 8521 8641
f 6788 7560 7575
f 7534 7560 6788
f 3422 5478 4166
f 8239 8082 7913
f 8376 8239 7913
f 4877 115 1166
f 7555 6071 8196
f 8082 8237 8238
f 8239 8237 8082
f 8506 7911 8235
f 7911 8080 8235
f 7906 7779 7777
f 8506 8234 8078
f 8231 7659 8370
f 7908 8077 8370
f 7659 7062 8370
f 9267 9398 9518
f 9676 9163 9666
f 3488 6054 7428
f 2790 4195 6100
f 7905 7503 7904
f 8876 8865 8299
f 8080 7907 8233
f 8225 8223 8072
f 7931 8388 8091
f 8071 8220 8222
f 4553 4168 4426
f 4074 687 655
f 1170 3457 4895
f 7722 5502 8378
f 856 2575 1743
f 8071 8066 8220
f 1713 1749 4863
f 8353 7058 7497
f 8368 8367 8621
f 8357 7497 7771
f 5888 5280 5304
f 8879 3828 8310
f 1977 4977 9804
f 5280 2549 5304
f 1648 1375 1590
f 7767 6989 8353
f 6902 3271 1805
f 7897 8054 8347
f 7370 7777 7779
f 8406 8549 8138
f 5400 5466 7650
f 7666 8103 7665
f 7644 7360 8889
f 9010 7639 9373
f 9373 7639 7763
f 4900 6118 2803
f 5016 2653 6376
f 9372 8196 7609
f 9796 9362 9795
f 8883 7636 7638
f 7894 7893 7759
f 7894 7636 8883
f 7489 7890 7892
f 8343 7890 7229
f 8209 8998 7754
f 6968 8373 6204
f 8208 8752 8340
f 714 5045 695
f 8208 8206 7753
f 8602 8039 8338
f 807 1843 7652
f 8036 8037 7474
f 8206 8205 7630
f 5358 2624 2629
f 8518 8379 8246
f 4405 5683 4401
f 7625 8836 8258
f 3096 3491 2784
f 388 590 630
f 826 9431 9176
f 8860 7617 8335
f 2688 5704 7796
f 4665 7602 4682
f 7749 8037 8745
f 2083 3769 1071
f 7474 8481 8036
f 7875 7622 8198
f 6834 4682 7602
f 874 885 1921
f 3498 5529 4225
f 8793 4005 3305
f 1582 9965 6702
f 2175 2680 2599
f 1086 2566 3570
f 8335 7207 8333
f 8860 8737 7617
f 9736 481 2507
f 9996 1512 9957
f 4053 4047 4046
f 6964 4673 4666
f 9612 401 271
f 8330 8859 8735
f 7739 8030 7734
f 7772 9000 4842
f 6121 8687 5518
f 5150 718 7612
f 1977 856 4977
f 8331 7867 8330
f 4401 5683 5677
f 7867 7731 8330
f 9259 9246 8201
f 7649 3902 6115
f 937 9991 5659
f 4939 4827 5024
f 8027 8330 7731
f 7446 6641 6655
f 7446 6655 5231
f 7313 6516 6524
f 7601 8474 8027
f 8586 8841 8974
f 7592 8463 8184
f 4197 7704 9434
f 8577 8174 7585
f 4932 3511 3520
f 6390 7935 6376
f 7728 7599 8327
f 4833 4035 6216
f 6293 5600 440
f 7599 8328 8327
f 7598 8022 7192
f 7100 4611 6452
f 8325 8468 7597
f 8186 8469 7726
f 4243 5540 7456
f 8465 8185 7859
f 7591 8461 7724
f 6816 6726 6522
f 8467 8846 7596
f 8530 9430 8937
f 7459 4932 3520
f 5343 3283 7186
f 4680 6077 5386
f 8011 7434 8318
f 8459 7856 7855
f 5418 5079 5416
f 8342 8049 8050
f 4076 5541 7009
f 9061 6375 6397
f 8178 7854 8456
f 4448 5717 3048
f 1118 1581 3519
f 5063 6676 701
f 3311 3254 9715
f 7653 6103 6834
f 7586 7852 7431
f 8577 8579 9334
f 1327 6214 1345
f 9434 8349 8933
f 7430 8007 7851
f 6681 6659 7490
f 6156 2869 8158
f 8005 7581 7851
f 8280 6113 7646
f 6995 2327 5140
f 8005 8170 8001
f 7136 6981 7052
f 9427 7653 8272
f 2869 4273 8158
f 8572 8708 8168
f 701 4301 699
f 8438 8165 7993
f 7989 7994 8300
f 8885 6886 7653
f 251 5249 9819
f 8300 8161 7989
f 7837 8159 8160
f 8159 8561 8301
f 7841 7990 7988
f 7837 8160 7714
f 101 464 7539
f 7993 7992 8301
f 5598 4635 3776
f 7988 7838 7839
f 8161 8157 7986
f 7990 7986 8156
f 7711 8147 7974
f 560 4470 3759
f 5424 6103 7653
f 9560 9454 9321
f 8286 8291 7982
f 1174 1400 1399
f 8432 8428 7988
f 8693 8152 7979
f 8154 7978 7983
f 9468 8959 8946
f 8153 8564 7983
f 7984 7713 8424
f 5045 714 3518
f 4050 6235 9004
f 8155 7981 7977
f 8155 7977 8148
f 6830 9259 5458
f 1793 935 7606
f 8154 8146 7978
f 8433 8288 8146
f 7981 8282 7976
f 8290 8282 7981
f 8148 7975 8285
f 7569 3627 8200
f 3392 4799 5430
f 5645 9673 9136
f 3577 6190 8182
f 7825 5593 7832
f 7831 7562 7711
f 8284 8145 8146
f 2083 5285 3769
f 8278 8677 8414
f 8117 1921 6582
f 4128 7323 5446
f 6854 6191 4303
f 6166 6886 9477
f 8756 4555 6744
f 8281 8285 7971
f 7963 7820 7967
f 2002 3605 5056
f 8139 7968 8145
f 7971 8135 8281
f 8899 8304 6148
f 7963 7967 8410
f 7958 7963 8551
f 7822 7817 8135
f 4128 5446 3401
f 3595 6854 4303
f 8279 7974 8412
f 3609 2037 3608
f 7817 8133 8135
f 8133 7817 8128
f 5607 7843 9085
f 1973 1868 9376
f 8130 7960 8548
f 7543 7960 8130
f 3447 4365 7417
f 9932 6965 8362
f 2114 2121 5299
f 9493 8959 9468
f 5614 86 7844
f 8357 8072 8074
f 3787 4508 4499
f 7689 8127 7955
f 7955 8265 8261
f 5463 6175 8915
f 8539 8125 8123
f 7531 7689 7955
f 8123 7687 8120
f 8262 8120 7953
f 7076 6997 7168
f 6918 7168 6997
f 3599 2922 5002
f 7678 7807 7808
f 7955 8261 7947
f 9348 9955 9584
f 7524 7683 7805
f 7808 7807 8264
f 7943 8262 7953
f 3184 8292 8823
f 7943 8664 8262
f 988 1074 1281
f 7944 7808 8392
f 1407 1402 1178
f 5424 7653 6886
f 5852 2814 5152
f 7937 8104 7801
f 7941 8109 8105
f 7931 7799 8253
f 8696 8672 7453
f 161 2519 165
f 7798 7803 8103
f 8964 8391 9485
f 8509 8631 8776
f 8101 8104 7937
f 3179 3176 3033
f 8253 8388 7931
f 8101 7797 8096
f 7797 8097 8096
f 7666 7794 7798
f 8526 8100 8095
f 9967 6426 1430
f 8247 8098 8522
f 2015 4910 9570
f 199 242 243
f 6241 3635 5633
f 2451 105 72
f 9810 9067 9714
f 8089 7923 8085
f 7928 8085 7925
f 8089 8085 7928
f 1634 2609 4187
f 8956 8960 4814
f 2967 2970 5050
f 7923 8089 8087
f 3799 2457 85
f 8381 8243 7922
f 7870 7863 6340
f 7786 7915 7785
f 6241 3642 2191
f 8380 7919 8242
f 8243 8242 7919
f 4883 4185 4858
f 8902 8620 8501
f 7512 7514 7673
f 7882 7753 7349
f 213 234 236
f 4858 6090 4883
f 6235 8405 8409
f 7783 7784 8504
f 8202 7478 7624
f 7914 8082 7915
f 3583 1670 5454
f 417 3660 8256
f 7372 8233 7907
f 7907 7781 7372
f 7764 7240 7145
f 8368 7904 8367
f 7905 7904 8368
f 9340 6744 4213
f 5343 5355 1809
f 8866 9931 4648
f 9757 9553 9084
f 7773 8069 7499
f 4314 2945 6871
f 9617 5063 8484
f 2392 3793 1552
f 126 863 2809
f 5088 8240 1403
f 8210 9869 7560
f 8210 7560 7534
f 7245 7902 7771
f 8358 7364 8361
f 7499 8069 7648
f 7245 7060 7902
f 2126 7789 5064
f 7770 7645 8067
f 7641 8055 7763
f 8058 8070 7498
f 8059 7768 7362
f 4730 4649 4645
f 7766 8889 7360
f 1416 7626 8275
f 7764 7899 7765
f 7640 7358 8351
f 7491 7639 9010
f 8263 8397 8535
f 3897 3898 2353
f 8054 7141 8346
f 5147 80 5130
f 8405 6235 7762
f 8886 7898 8348
f 6948 7095 7096
f 1121 1282 1072
f 7229 7887 8343
f 7886 7352 8050
f 7887 7754 8052
f 2399 3244 3236
f 7886 8050 8049
f 7346 8046 7883
f 1971 371 7615
f 7753 7882 8208
f 5070 2688 5037
f 7752 7879 8339
f 7879 7628 7750
f 7630 8205 8042
f 7750 7628 7480
f 7263 6230 6216
f 7059 8059 7362
f 3689 5153 2118
f 7333 6538 6555
f 6958 7213 8337
f 5704 2688 1901
f 7213 8203 8337
f 5155 3327 7335
f 7624 7477 8746
f 8746 7477 7877
f 8129 8131 8402
f 6783 7334 6868
f 8385 6204 8966
f 7328 6542 6524
f 4751 4945 5971
f 6113 8267 7646
f 4577 6423 5829
f 5086 2888 2344
f 6999 7715 8949
f 4525 4456 4851
f 9034 4042 8443
f 7614 7741 8032
f 7871 7614 8032
f 1541 3212 9878
f 7624 8747 8202
f 7617 7743 7742
f 9004 6235 8409
f 5131 48 44
f 7604 8030 8478
f 8587 7858 8016
f 8600 9118 8862
f 7126 8039 8203
f 662 666 3959
f 2038 1050 4515
f 9307 9086 8947
f 7737 7869 8190
f 8550 8947 8676
f 6259 3655 8851
f 8978 8186 7596
f 4425 5700 3039
f 5116 1622 1484
f 3861 6670 333
f 7729 7730 7600
f 4035 2460 6204
f 7438 7861 7860
f 3591 2894 3571
f 7861 8465 7860
f 7860 8465 7859
f 3043 3734 6312
f 7723 8014 8584
f 6452 6233 772
f 333 9921 2355
f 7859 8321 7319
f 7319 8321 7592
f 8321 8463 7592
f 5208 5870 5838
f 3765 2221 9977
f 1484 502 5116
f 7183 8018 8723
f 5294 1052 3761
f 5211 8126 6637
f 4246 7169 6390
f 3048 5124 3734
f 8014 7723 7435
f 7946 6390 7169
f 9420 9161 9423
f 7316 7856 8016
f 7311 7587 8012
f 8013 7315 7854
f 8012 7854 7086
f 636 6436 9585
f 5848 3887 2502
f 642 3794 1570
f 7584 7302 8313
f 2365 2433 5555
f 7720 7302 7298
f 8007 7430 8174
f 7851 8007 8005
f 7401 563 5968
f 9887 9909 3741
f 8449 4893 3292
f 5566 2433 8458
f 7434 7178 7085
f 8388 8525 8091
f 5579 8452 3292
f 7996 7998 7993
f 7994 7995 7997
f 7997 8306 7994
f 9105 9612 9611
f 7995 7994 7989
f 7842 7992 7993
f 8165 8438 8303
f 7840 7841 7839
f 7995 7989 7990
f 7842 7714 8160
f 6303 5580 8458
f 7842 8160 7992
f 7841 7988 7839
f 7989 7986 7990
f 7837 7982 8291
f 2191 3642 1360
f 5280 5888 2535
f 7713 7984 7564
f 7563 7564 7984
f 9588 8441 5848
f 7983 7978 7834
f 6430 7199 7197
f 8950 7718 5491
f 7978 7709 7834
f 7977 7975 8148
f 2373 7208 1904
f 7521 7522 7158
f 6812 5572 2085
f 9287 9841 9428
f 7977 7976 7975
f 4118 5605 7833
f 7450 7445 6689
f 1430 2586 1086
f 7823 7973 8145
f 7976 7826 7975
f 7975 7971 8285
f 8145 7973 8146
f 7975 7826 7971
f 8136 7970 7552
f 7552 7694 8136
f 7700 8141 7967
f 7967 8141 8282
f 7391 7275 7267
f 7720 7427 7582
f 7824 8145 7968
f 7826 7822 7971
f 8679 1389 7481
f 8651 8650 8384
f 7632 7132 7353
f 6435 6446 3512
f 7967 7820 7700
f 9349 6746 7515
f 4448 8329 5717
f 5607 4124 7843
f 2841 5858 5846
f 7963 7958 7820
f 8128 7817 7959
f 7958 8543 8270
f 7813 8273 8548
f 7692 8129 8127
f 7690 7542 7820
f 9352 4213 6744
f 6480 4662 4651
f 6480 5899 4662
f 8128 7959 8125
f 6053 5434 3405
f 7689 7692 8127
f 8125 7687 8123
f 7959 7687 8125
f 7688 8270 7956
f 7524 7679 7523
f 4166 5478 6090
f 7813 7811 8535
f 7399 7283 7285
f 8270 7688 7814
f 8540 7955 8127
f 7527 8120 7687
f 999 2018 2033
f 8391 9493 9485
f 7525 8263 7811
f 7807 7956 8264
f 8260 7947 8261
f 9653 4158 6322
f 5899 4683 4662
f 5550 7012 2322
f 7947 8260 8112
f 7386 7682 7678
f 7950 7521 7948
f 7521 7809 7948
f 7805 7947 8112
f 7807 7678 7682
f 5868 5455 5242
f 5901 6406 6085
f 7805 8112 8109
f 7225 6472 8026
f 7801 7943 7520
f 7678 7944 7803
f 9623 2012 9811
f 9653 454 4158
f 6624 6900 6901
f 3765 2278 5240
f 3452 6018 7387
f 7913 7916 7917
f 2758 3433 6101
f 7273 7274 7269
f 9630 9105 9611
f 7940 7677 7941
f 8101 7937 7797
f 9968 3615 2012
f 7795 8094 8097
f 7798 8103 7666
f 7670 7799 7931
f 7376 7368 6610
f 7939 7374 8100
f 7667 7673 7670
f 3670 6874 6867
f 7795 7797 7674
f 9220 9470 9471
f 2206 3036 3821
f 7795 8097 7797
f 6855 5497 550
f 9671 1091 9556
f 4959 7492 3550
f 7398 7284 7530
f 7794 8090 7932
f 7794 7929 8090
f 7647 8059 7059
f 8091 8087 7790
f 8093 8095 7508
f 7929 7791 7787
f 736 3528 1829
f 7790 8087 8089
f 7790 8089 7928
f 4921 3887 3193
f 1183 1315 1358
f 8088 8249 8093
f 8088 7788 7928
f 6447 3312 1823
f 7919 7929 7787
f 7923 8087 7918
f 8247 8381 7922
f 7007 814 2822
f 5759 2764 6479
f 7925 8088 7928
f 8952 8677 9310
f 3700 3942 3939
f 7925 8085 7786
f 7920 7925 7786
f 7918 7916 7923
f 8085 7921 7786
f 7923 7916 7921
f 7786 7921 7915
f 7922 8243 7662
f 7924 7917 7918
f 8741 8036 8481
f 7917 7916 7918
f 7916 7914 7921
f 7921 7914 7915
f 7916 7913 7914
f 8036 8741 8743
f 7785 7915 8241
f 6768 6671 6858
f 9094 401 9612
f 4539 5796 5791
f 7781 7907 7911
f 5132 7313 8684
f 9104 9116 2657
f 7784 7779 7906
f 5205 7049 5809
f 8370 7062 7908
f 7330 6859 7103
f 426 9094 9126
f 7277 5132 9256
f 7777 7370 7366
f 7366 8365 7777
f 8186 7320 7596
f 8090 8094 7932
f 8233 7252 7504
f 7502 8367 7904
f 7251 8227 8364
f 711 4648 1616
f 6867 8221 6833
f 2384 8299 8865
f 7372 7252 8233
f 8367 7502 8222
f 8072 7902 8225
f 9246 9234 8201
f 9629 9630 9611
f 2659 9629 9611
f 2659 9611 9612
f 6026 6636 6187
f 6784 7133 9620
f 8067 7366 7770
f 4005 4732 4726
f 2126 9512 7789
f 5984 9843 9333
f 7766 8493 8889
f 6036 6049 4382
f 7768 8058 7362
f 3850 4538 5809
f 8055 7641 7643
f 7643 7495 7642
f 7899 7764 7640
f 1634 4187 539
f 2399 3236 2372
f 7491 8214 7760
f 7321 4834 5461
f 2371 2531 2704
f 3550 4982 2894
f 7459 1218 5546
f 8526 9166 8658
f 3271 7661 2384
f 7161 7287 7564
f 7635 7889 7888
f 6396 2455 3139
f 6580 6555 6538
f 8071 8222 7502
f 7352 7886 7632
f 4740 4502 4661
f 7754 7887 7755
f 1548 592 7487
f 6622 8047 2341
f 7524 7805 7679
f 2351 266 2314
f 7883 8046 8207
f 7884 7883 8209
f 426 401 9094
f 9974 213 9975
f 7482 8206 7630
f 5205 4535 5795
f 5782 1586 7026
f 7630 8042 7627
f 7750 7878 8040
f 7752 8339 8046
f 7475 8037 7749
f 7478 8202 7878
f 6938 6454 6549
f 7477 7476 7877
f 7474 8037 7475
f 7204 8479 7741
f 4046 4047 6003
f 471 1447 7660
f 7620 7469 7743
f 6533 996 8009
f 7207 8335 7617
f 7031 7463 8033
f 9191 1505 9174
f 7467 7622 7337
f 7469 7742 7743
f 9535 7556 3215
f 2364 1721 1768
f 8939 9070 9844
f 7739 7620 7743
f 8192 7743 7617
f 7740 7737 8190
f 8030 7739 8192
f 7608 7607 7737
f 751 1658 4577
f 7869 8331 8191
f 3498 6131 5529
f 2888 2027 3580
f 7869 7607 7867
f 7803 7798 7382
f 2011 2010 2161
f 7347 7328 7333
f 8116 8118 5175
f 7731 7601 8027
f 7935 7152 5016
f 7127 7220 7040
f 8474 7601 7730
f 16 9126 9676
f 7837 7414 7982
f 8188 7864 7458
f 480 16 9676
f 9312 3680 3464
f 4128 2729 5462
f 7448 8470 8467
f 8021 7441 8184
f 7320 8186 7726
f 4862 2151 4857
f 7442 8468 8323
f 5109 5822 8083
f 1706 7938 7151
f 7088 7855 7856
f 4790 6631 4799
f 5847 6542 6548
f 8856 1652 9884
f 6851 6941 7091
f 7436 8586 8014
f 5465 3975 6163
f 7042 6293 440
f 376 9407 9985
f 7857 7436 6938
f 8720 7436 7857
f 799 832 1041
f 7435 7723 6845
f 9167 8792 8652
f 5498 681 575
f 7101 788 4611
f 7949 8597 5716
f 6401 2132 7957
f 6401 7179 2132
f 3438 3447 4343
f 8011 7178 7434
f 8453 7587 7431
f 6559 4738 6566
f 9979 247 9980
f 8139 8145 8284
f 9828 9921 333
f 7584 7173 7302
f 9134 9492 8350
f 8003 7720 7582
f 8008 7302 7720
f 9652 9744 9531
f 1697 4627 6474
f 8003 8008 7720
f 7298 7427 7720
f 3499 3658 3493
f 8249 8930 8093
f 7582 7580 8002
f 7993 8165 7996
f 8002 8003 7582
f 683 8599 5033
f 9151 9270 9521
f 4336 755 763
f 7586 7584 7852
f 1055 4529 4515
f 8002 7846 7845
f 8002 7845 7999
f 4292 2085 5572
f 7014 6946 7192
f 6606 6328 6792
f 8168 7997 7577
f 2657 763 9104
f 8315 7852 7584
f 3401 5446 7308
f 7717 7998 7845
f 5738 8605 7972
f 1377 5787 417
f 4120 4111 6664
f 7717 7842 7998
f 7716 7995 7841
f 7841 7995 7990
f 8371 4816 8960
f 5931 6679 8149
f 9716 9191 8672
f 6264 4944 805
f 7840 7839 7289
f 7714 7163 7414
f 7414 7837 7714
f 7713 7288 7838
f 8153 7983 7834
f 634 633 596
f 7710 7979 8153
f 7563 7984 7711
f 5218 944 5931
f 6143 5463 7675
f 9372 7609 8258
f 7562 7286 7563
f 8696 9747 1569
f 7835 7562 8143
f 7974 7831 7711
f 7979 7830 7829
f 592 2377 3077
f 7702 7709 7973
f 8143 7562 7831
f 3873 5334 6667
f 9077 7832 7833
f 7557 7830 7707
f 7707 7550 7557
f 2306 2721 4289
f 2260 2942 2681
f 7976 7705 7703
f 2721 7987 4298
f 7701 7829 7830
f 6591 5387 3340
f 7976 8141 7705
f 1318 9862 9861
f 7005 6356 2387
f 6446 6435 9200
f 3873 6667 3884
f 5781 5091 9238
f 8276 8136 8134
f 7831 8278 8143
f 1710 1734 8992
f 7700 7820 7542
f 7959 7817 7693
f 7822 7693 7817
f 199 110 242
f 7824 8129 7692
f 7958 7690 7820
f 7693 7691 7959
f 4142 6074 4831
f 61 8111 3898
f 5208 5170 5223
f 9105 9630 8578
f 7690 7958 7814
f 7691 7687 7959
f 1045 3725 5094
f 7404 7689 7531
f 2355 9921 2366
f 8640 8629 7225
f 2466 2961 5292
f 8120 7527 7953
f 7947 7684 7955
f 7531 7955 7684
f 8263 7525 7950
f 7527 7520 7953
f 5318 5304 2549
f 7947 7805 7683
f 693 7180 9844
f 5109 2764 5822
f 6188 7718 6162
f 7808 7944 7678
f 8109 7679 7805
f 2549 4690 5318
f 7269 7682 7386
f 8109 7941 7679
f 6776 6781 6958
f 2577 4158 454
f 422 3934 3897
f 7377 7801 7519
f 7518 7941 7677
f 7384 7677 7517
f 6214 8226 6887
f 7801 7377 7937
f 8006 8031 4345
f 7722 9519 5491
f 7799 7940 8253
f 1689 1810 1870
f 2319 8692 9951
f 5922 5870 5884
f 7670 7931 7667
f 7797 7937 7674
f 9747 7501 9234
f 4701 7166 3991
f 9764 9238 3737
f 8080 8622 8505
f 7671 7798 7794
f 7671 7794 7669
f 7674 7669 7795
f 7932 7669 7794
f 7667 7790 7512
f 7666 7510 7791
f 7665 7510 7666
f 3537 3622 3841
f 3213 1310 1264
f 9985 3897 376
f 8989 8033 7871
f 7871 8033 7614
f 7931 7790 7667
f 1872 2761 5117
f 4732 4005 2302
f 5973 5962 6712
f 7461 7021 7200
f 7255 8060 6494
f 6840 4696 5386
f 7087 2184 3623
f 4708 2608 4713
f 8085 7923 7921
f 3200 990 2322
f 7662 7919 7787
f 2773 814 7291
f 4631 4644 2219
f 9469 9355 9117
f 2457 3799 101
f 3671 4476 3682
f 724 608 680
f 1973 9059 1868
f 7784 7906 8504
f 8881 7892 7890
f 7462 7332 7461
f 7781 7782 7657
f 7154 6821 7654
f 4669 2288 4644
f 7908 7776 8077
f 7622 8197 8198
f 7775 7367 7657
f 7502 7904 7369
f 8225 7780 8501
f 1675 9773 8730
f 8889 8612 7644
f 6340 7874 7870
f 7775 8064 7149
f 7364 7503 8361
f 9936 1495 3010
f 7174 3997 3991
f 7588 8229 6060
f 4662 3224 4651
f 7500 7498 8074
f 4752 5994 1864
f 8219 8068 8218
f 7497 6991 7771
f 494 6778 8166
f 7878 8485 8040
f 7765 7494 7764
f 8432 7990 8156
f 7149 8064 8062
f 3828 8879 3706
f 5080 2242 2252
f 5185 5510 5184
f 7151 9422 1693
f 6989 7767 7645
f 2506 1565 1554
f 7642 7494 7765
f 7490 6656 7450
f 2690 2213 3469
f 7763 7639 7357
f 6525 6825 7155
f 2118 5153 98
f 8310 8904 7685
f 7758 7489 7892
f 5463 2397 269
f 7888 8050 7352
f 1386 506 7301
f 7886 8049 7486
f 7754 7484 8209
f 521 5443 4003
f 8338 7343 8042
f 3659 3657 3654
f 8272 6834 7602
f 8122 6667 29
f 7884 8209 7484
f 3433 4848 7351
f 8338 7126 7343
f 7346 7883 7884
f 7349 7753 7129
f 2209 7553 1477
f 8309 9479 180
f 7482 7753 8206
f 7630 7345 7482
f 5782 5190 1586
f 7342 7750 7480
f 1106 3436 4993
f 745 4563 7067
f 7470 8337 7873
f 7474 7211 8481
f 734 181 205
f 7875 7117 7622
f 7616 7341 7744
f 7744 7341 7621
f 8046 7483 7752
f 7621 7745 7744
f 7740 7116 7205
f 7467 7337 7116
f 7649 7625 3902
f 7619 7203 7747
f 213 9974 2285
f 8033 7207 7031
f 7621 7610 7745
f 4943 3526 6141
f 144 8228 2553
f 7032 7114 7207
f 7340 6548 7328
f 4011 3703 3777
f 7203 7204 7028
f 7603 8478 8188
f 3847 300 2351
f 6430 713 712
f 7610 7733 7745
f 7734 7738 7739
f 3526 4934 6141
f 7733 7610 7738
f 7483 7221 7752
f 7616 7744 7736
f 7744 7745 7736
f 7745 7733 7735
f 7180 179 773
f 7737 7607 7869
f 7997 7995 7716
f 7745 7735 7736
f 6555 7347 7333
f 7738 7734 7733
f 1693 1706 7151
f 7604 7735 7733
f 7733 7734 7604
f 7607 7732 7867
f 7603 7604 8478
f 5175 7335 8116
f 7329 7731 7454
f 6784 2317 746
f 4935 5452 5012
f 7452 7601 7329
f 7151 7938 5013
f 8326 7324 7192
f 1055 5421 1066
f 6452 772 6437
f 6232 9000 8399
f 8467 7596 7322
f 4534 7515 5294
f 1479 7411 3119
f 7592 8184 7441
f 7444 7726 7598
f 4793 4071 7280
f 7596 7189 7322
f 8021 7727 7096
f 199 200 113
f 7320 7726 7187
f 8323 7861 7438
f 7440 7447 8018
f 3791 5421 1050
f 7860 7859 7184
f 7184 7859 7593
f 6406 6504 6699
f 7008 7090 7591
f 7858 8461 7591
f 8325 7597 7728
f 8014 7435 7436
f 6797 7125 6498
f 3391 5232 5254
f 4422 1495 8945
f 6845 7723 7434
f 7315 7086 7854
f 8416 3705 4126
f 3085 2288 4669
f 8011 7309 7178
f 627 5485 4051
f 9937 5631 9935
f 4486 1995 3710
f 8946 1495 9936
f 7305 7585 7172
f 7423 4078 3871
f 8612 8066 7644
f 897 2858 4428
f 9909 3720 3741
f 2704 2531 2947
f 7042 8473 6293
f 7445 7450 7416
f 7430 7851 7297
f 9120 9629 4202
f 7979 7829 8693
f 6689 7490 7450
f 9513 9723 9635
f 6805 6897 6804
f 5151 5082 5139
f 7581 7297 7851
f 5354 5363 5143
f 9723 98 9635
f 1603 1298 1210
f 8473 9078 5600
f 7424 8001 7719
f 7424 7581 8001
f 3392 5430 8596
f 640 5506 620
f 8911 7675 5463
f 7719 8000 7577
f 6637 8732 8740
f 8002 8171 8003
f 6252 6172 6254
f 7421 7578 7294
f 7572 7846 7580
f 7576 7577 7573
f 7998 7999 7845
f 7577 7716 7573
f 7419 7716 7841
f 7572 7717 7846
f 7717 7572 7570
f 7573 7716 7571
f 7421 7570 7572
f 7571 7716 7419
f 8596 7312 3398
f 7570 7842 7717
f 7372 7781 6638
f 8753 4517 8756
f 7108 9762 9854
f 9457 8345 6325
f 8203 7213 6880
f 1294 7073 908
f 7419 7840 7290
f 7570 7568 7842
f 1569 9716 8672
f 7714 7842 7568
f 4292 4302 1300
f 7288 7713 7564
f 8167 5404 6779
f 4903 3299 2119
f 7161 7563 7286
f 7835 7982 7562
f 7563 7711 7562
f 6686 7334 6783
f 7834 7710 8153
f 955 3347 3233
f 5771 9681 852
f 7710 7709 7708
f 7834 7709 7710
f 7709 7702 7561
f 7709 7561 7708
f 7710 7708 7707
f 7557 7701 7830
f 713 2724 2249
f 7705 7700 7551
f 7822 7826 7703
f 7707 7708 7550
f 7701 7552 7970
f 5462 6672 4128
f 1078 29 1934
f 7047 7046 7226
f 7701 7549 7552
f 7803 7944 8257
f 3914 3678 4119
f 7702 7823 7561
f 8146 7973 7978
f 4391 8345 9457
f 7703 7693 7822
f 7824 7695 7823
f 7823 7695 7561
f 7841 7840 7419
f 7695 7538 7561
f 7700 7542 7544
f 816 2528 4625
f 7552 7546 7694
f 6652 7002 6539
f 9421 686 159
f 7824 7692 7695
f 7546 7543 7694
f 2878 2783 2623
f 244 861 5846
f 7695 7692 7540
f 7960 7543 7409
f 9300 8823 6891
f 4152 5473 6074
f 7687 7691 7529
f 7602 8814 8272
f 7130 7226 7046
f 8088 8245 8249
f 7402 7527 7529
f 8925 4801 6188
f 9758 2832 1035
f 5232 5861 5254
f 8788 6780 6773
f 8935 8951 5476
f 6773 7555 8788
f 7956 7274 7688
f 7684 7533 7531
f 8210 7534 7545
f 7811 7813 7536
f 7956 7807 7682
f 7684 7947 7683
f 156 2310 1336
f 8189 7566 4631
f 7943 7953 7520
f 7035 7211 7214
f 7522 7950 7681
f 4036 208 8115
f 560 548 544
f 7523 7679 7518
f 115 7363 5473
f 9244 8060 7255
f 759 205 775
f 7517 7677 7799
f 9759 9747 9234
f 7516 7517 7673
f 6359 5171 2392
f 8108 7261 7939
f 7382 7798 7379
f 7513 7939 7261
f 7269 7274 7682
f 7517 7799 7673
f 7674 7377 7378
f 7956 7682 7274
f 8814 7566 8189
f 8196 8794 7555
f 7378 7671 7674
f 7799 7670 7673
f 7671 7669 7674
f 7673 7667 7512
f 7790 7373 7512
f 7932 8094 7669
f 3641 2384 8865
f 7791 7929 7794
f 8094 7795 7669
f 6060 8229 7545
f 2659 4202 9629
f 7374 7508 8095
f 7665 8098 7507
f 7665 7507 7510
f 7928 7788 7790
f 7510 7787 7791
f 6937 5937 6745
f 5792 8666 7255
f 9595 9223 602
f 7507 7662 7510
f 7662 7787 7510
f 7180 773 9844
f 7303 4097 2713
f 8993 8868 8747
f 8378 5502 8390
f 5837 6437 1661
f 7659 8227 7251
f 7908 7154 7776
f 7370 6994 7366
f 7369 7904 7503
f 8814 7602 7566
f 8166 449 494
f 7776 7154 7654
f 7248 7251 7773
f 5202 5215 2233
f 8489 8209 7883
f 481 455 8150
f 5504 4900 4200
f 2114 2135 2121
f 8062 8059 7647
f 7647 7149 8062
f 9875 9874 3133
f 8071 7769 8066
f 7647 7059 6992
f 3482 6121 5518
f 6730 6721 4195
f 7769 7644 8066
f 9722 8599 8597
f 7766 7361 8061
f 7362 8058 7498
f 3213 2372 3236
f 7359 7360 7644
f 703 2094 2151
f 7641 7495 7643
f 7495 7494 7642
f 7491 7354 7235
f 7144 7358 7640
f 8443 4042 5356
f 8876 9401 3882
f 7357 7639 7235
f 3490 6765 3507
f 9259 8201 5454
f 3882 8865 8876
f 7636 7232 7638
f 8820 6840 7611
f 7234 7897 8348
f 7236 7234 8348
f 7357 7641 7763
f 7234 7141 8054
f 7357 7238 7641
f 7588 8824 8822
f 7141 7758 8346
f 7357 7143 7238
f 9984 2416 419
f 7328 6524 7333
f 7230 7635 7352
f 9394 8842 8267
f 441 4402 448
f 7349 8049 8048
f 5789 814 1829
f 3511 6761 4210
f 2341 8047 2355
f 8348 7898 7236
f 7480 7628 7217
f 7479 7344 7627
f 6785 7477 7624
f 7220 7222 7344
f 811 773 6939
f 1525 1624 1474
f 7478 6785 7624
f 7475 7214 7474
f 7466 7210 7620
f 7343 7627 8042
f 7344 7630 7627
f 7616 7472 7341
f 7337 7622 7117
f 598 2998 1276
f 6930 8971 7305
f 4943 6794 6807
f 8033 7463 7614
f 4771 4046 6003
f 8926 8904 2826
f 7617 7465 7207
f 7472 7616 7605
f 7738 7610 7466
f 4705 4696 6840
f 7112 7111 7203
f 811 6939 8132
f 7741 7025 7204
f 7030 7737 7205
f 7030 7608 7737
f 7736 7605 7616
f 7454 7731 7455
f 7653 9427 8885
f 8464 7727 8021
f 7172 8174 7430
f 5546 1218 4963
f 1055 4515 1050
f 6906 6905 7240
f 3205 7815 7816
f 7711 7984 8147
f 7452 7102 7600
f 2349 2509 5550
f 7107 7461 7332
f 7735 7460 7462
f 7864 8025 7327
f 7460 7735 7604
f 6758 4572 2966
f 6069 8614 6672
f 7603 8188 7458
f 7732 6954 6863
f 6174 4973 8175
f 359 8491 373
f 7458 7457 7603
f 6011 4769 4771
f 5092 5687 1447
f 5465 7696 6913
f 8025 6767 7327
f 7452 7600 7730
f 695 6430 712
f 7191 7728 7442
f 4191 6101 6715
f 4614 1686 803
f 7097 7448 8467
f 5611 6866 4340
f 9101 8038 8574
f 7129 7131 7349
f 1948 1477 7751
f 7724 7448 7439
f 7320 7189 7596
f 7187 7726 7444
f 7440 8018 6752
f 8468 7442 7597
f 7442 8323 6943
f 6943 8323 7438
f 3514 1874 9894
f 7440 7094 7447
f 1893 2487 2751
f 6812 2876 5552
f 4422 8945 8926
f 7593 7859 7319
f 8946 8945 1495
f 6802 7127 6799
f 1342 1354 8606
f 8181 7183 8723
f 811 2701 9846
f 7858 7090 8016
f 7088 7856 7316
f 7316 8016 7090
f 3550 7492 4982
f 7597 7442 7728
f 6966 6797 6795
f 6554 7191 7442
f 7311 8012 7086
f 4204 5628 9544
f 9449 8683 8686
f 7311 7310 7587
f 8115 208 8669
f 8971 6930 7309
f 6743 7178 7309
f 4206 9221 6111
f 5285 6736 5272
f 6104 6268 6185
f 7296 7425 7427
f 6835 620 5506
f 4219 9937 9849
f 5771 4366 9856
f 7427 7425 7578
f 7427 7578 7580
f 7847 6054 3488
f 7578 7425 7294
f 7578 7572 7580
f 7572 7578 7421
f 7574 7576 7573
f 2734 4207 9991
f 7573 7420 7574
f 7573 7571 7420
f 7568 7570 7165
f 8679 1017 1389
f 8282 8410 7967
f 677 9842 5525
f 5463 8915 8911
f 943 1737 938
f 6995 2325 2327
f 4302 6844 5002
f 2851 4752 996
f 7290 7289 7072
f 7288 7289 7838
f 7071 7289 7288
f 9067 1998 5078
f 5458 3621 6830
f 7414 7160 7982
f 1069 3871 2984
f 7982 7286 7562
f 5509 4074 4051
f 1360 3642 852
f 2110 5114 6447
f 254 4273 227
f 7705 7551 7703
f 7708 7561 7412
f 7708 7412 7550
f 7557 7550 7549
f 7540 7538 7695
f 7561 7538 7412
f 7549 7550 7407
f 7700 7544 7551
f 7703 7551 7693
f 9485 9947 9457
f 921 938 925
f 7552 7549 7546
f 1670 5458 5454
f 6771 6769 6863
f 7551 7544 7541
f 7551 7541 7693
f 7549 7407 7546
f 7546 7409 7543
f 7541 7544 7400
f 7538 7540 7404
f 6345 6999 5736
f 6175 6924 8915
f 7405 7546 7407
f 7409 7537 7960
f 7404 7535 7538
f 6844 4302 4292
f 7529 7541 7402
f 7540 7689 7404
f 7690 7530 7284
f 7533 7535 7404
f 5476 6166 8935
f 6676 6832 701
f 7533 7404 7531
f 3801 9974 152
f 7274 7530 7688
f 7536 7391 7811
f 7393 7391 7536
f 2012 3615 3605
f 3985 2363 1323
f 4688 3170 4677
f 7533 7684 7394
f 373 365 359
f 2629 951 3323
f 7402 7397 7527
f 7684 7683 7394
f 7683 7392 7394
f 8419 949 2798
f 8136 7694 8134
f 7525 7811 7391
f 7367 7775 7149
f 2659 9612 271
f 6690 7217 6888
f 7390 7520 7527
f 6434 7657 7367
f 7683 7524 7392
f 7392 7524 7388
f 8626 8506 8235
f 7390 7519 7520
f 4858 4166 6090
f 4342 5622 2164
f 6653 1203 8963
f 2709 469 4480
f 7388 7524 7523
f 874 863 1369
f 7383 7516 7380
f 1155 5441 9392
f 7681 7380 7522
f 7521 7158 7260
f 4690 2575 1762
f 6964 6969 7704
f 7678 7382 7386
f 7809 7261 8108
f 7384 7518 7677
f 5352 8196 6071
f 7517 7516 7383
f 2289 5698 4418
f 6177 6342 6343
f 140 8228 144
f 8922 6312 8314
f 7032 6789 6687
f 7516 7673 7514
f 7256 7374 7513
f 7380 7516 7514
f 8210 7545 8229
f 4733 1618 9627
f 5416 5928 5418
f 6144 5720 5556
f 7275 7279 7276
f 7611 7560 8816
f 2372 1264 3191
f 7507 7922 7662
f 8247 7922 7507
f 7788 7373 7790
f 968 9194 5654
f 8247 7507 8098
f 7788 7508 7373
f 7371 7784 7783
f 7463 7031 6870
f 7044 8443 5064
f 7779 7784 7063
f 7308 5446 7991
f 5634 1359 2967
f 2609 1634 551
f 9498 6162 7718
f 8342 8048 8049
f 7371 7063 7784
f 4499 4508 5165
f 8208 8048 8341
f 7251 8364 7773
f 7503 7246 7369
f 6840 5386 7611
f 6097 8833 2408
f 7780 7902 7060
f 9948 1379 7270
f 6796 5540 6156
f 7529 7527 7687
f 9333 7515 4534
f 7248 7773 6819
f 7489 7229 7890
f 7246 7503 7364
f 6145 6067 6388
f 7243 7770 7366
f 7359 7769 7365
f 2399 2336 3288
f 7647 6992 7149
f 7500 6990 7498
f 7498 6990 7148
f 7361 7364 8061
f 7058 6991 7497
f 8543 7958 8551
f 6903 7144 7145
f 5645 9136 4186
f 7764 7494 7240
f 7764 7144 7640
f 2172 4291 7087
f 6582 8725 3592
f 7358 7237 7898
f 7491 7235 7639
f 4486 5917 2907
f 8904 8310 3828
f 7354 7491 7760
f 8421 8557 8420
f 5789 8035 8041
f 2556 5219 5232
f 7231 7757 7230
f 7758 6982 7137
f 1100 5365 8144
f 8867 5656 8268
f 7230 7757 7635
f 7229 7226 7887
f 3125 5667 4993
f 7352 7050 7230
f 8707 1017 1675
f 7231 7232 7759
f 6514 6713 6615
f 9824 9639 9402
f 7886 7486 7632
f 5656 4386 8268
f 7226 7755 7887
f 7223 7129 7482
f 7349 7131 8049
f 7484 7348 7884
f 4222 6756 3508
f 7348 7346 7884
f 7222 7223 7345
f 6782 4243 7456
f 7480 7217 6690
f 7217 7628 7221
f 1341 1335 1344
f 7879 7752 7628
f 5861 5232 5219
f 8338 8039 7126
f 6108 6027 6353
f 7772 8418 2066
f 7341 7036 7621
f 7749 7122 7475
f 7476 7749 7877
f 7122 7214 7475
f 7474 7214 7211
f 7627 7343 7479
f 4811 119 9232
f 7036 6966 7209
f 16 426 9126
f 7211 7117 7875
f 8197 7622 7467
f 4111 1934 4793
f 456 7650 5092
f 8337 7470 6958
f 9352 8172 6028
f 7210 7469 7620
f 4312 4291 1006
f 7120 7466 7209
f 7348 7484 7755
f 6961 7337 6876
f 7553 6833 8221
f 5080 4401 5677
f 4742 9936 3010
f 8060 9244 8684
f 7747 7203 7111
f 6859 7017 6860
f 8297 8806 9637
f 7467 7116 7740
f 7111 7873 7747
f 7605 7334 7472
f 5104 5151 5103
f 7204 7203 7619
f 4405 6953 5683
f 8427 4073 7015
f 8424 8686 8147
f 9267 9269 9040
f 7735 7462 7736
f 5015 7104 5076
f 456 5400 7650
f 4708 5318 3284
f 7461 7200 7605
f 7461 7736 7462
f 9661 887 910
f 5318 3278 3284
f 7462 7460 7332
f 6593 6589 6872
f 5100 5597 4407
f 7732 7455 7731
f 5254 4309 3402
f 7454 7017 7330
f 7864 7327 7018
f 6859 7330 7017
f 7329 7194 7452
f 2027 4517 5252
f 7194 7102 7452
f 8790 8189 8788
f 7730 7729 8472
f 7802 4893 8449
f 8328 7599 8025
f 9452 9558 9317
f 4457 935 2907
f 7014 7324 7326
f 7097 8467 7322
f 1267 1286 4684
f 7598 7192 6944
f 7441 8021 7096
f 7095 7441 7096
f 7094 7727 7447
f 6554 7442 6943
f 8885 9477 6886
f 7184 7093 7438
f 7724 8470 7448
f 3119 1478 1479
f 7185 7592 7441
f 7593 7319 7185
f 2701 811 8132
f 8329 4448 5729
f 7591 7090 7858
f 8259 7801 8104
f 5631 6965 9935
f 7172 7585 8174
f 6938 8181 7857
f 9101 9120 4202
f 5837 754 5834
f 7182 6846 7435
f 8725 5194 8728
f 7311 7086 6842
f 2209 1948 9246
f 1493 5121 5123
f 5717 5124 3048
f 818 2959 5822
f 7176 7305 7172
f 6731 7001 7574
f 7054 6717 6515
f 7430 7171 7172
f 7825 9077 8476
f 7580 7582 7427
f 8002 7580 7846
f 8001 7581 8005
f 7298 7302 7300
f 7296 7298 7300
f 3563 2905 6191
f 7298 7296 7427
f 7581 7424 7426
f 3893 8805 6081
f 230 8679 208
f 7294 7425 7295
f 885 874 1369
f 7574 7078 7424
f 1629 2524 9773
f 7570 6917 7165
f 6917 7570 7421
f 7568 7165 7163
f 3447 5330 4343
f 7079 7302 7173
f 5140 3753 5736
f 7160 7286 7982
f 7412 7407 7550
f 7635 7757 7889
f 7563 7161 7564
f 7286 7160 7161
f 9485 9493 9947
f 7833 5605 4125
f 7541 7400 7402
f 7542 7284 7544
f 7412 7538 7406
f 7412 7406 7407
f 903 949 8419
f 7405 7407 7285
f 7542 7690 7284
f 6924 4801 8925
f 7406 7538 7535
f 7755 7484 7754
f 7407 7406 7285
f 9174 1505 8617
f 1069 5086 3871
f 7409 7405 7537
f 7544 7284 7400
f 7406 7535 7399
f 9953 9584 9955
f 7405 7285 7403
f 7405 7403 7537
f 7535 7395 7399
f 7285 7283 7403
f 7402 7400 7397
f 7399 7285 7406
f 7537 7403 7279
f 7537 7279 7393
f 7535 7533 7394
f 7535 7394 7395
f 6609 2314 2303
f 7283 7276 7403
f 7403 7276 7279
f 7400 7398 7397
f 6871 6857 4314
f 7399 7395 7283
f 6356 4469 3758
f 1063 3341 2542
f 7398 7530 7273
f 7395 7394 7392
f 8538 1164 4377
f 8013 7181 7315
f 7398 7272 7397
f 5977 5970 5972
f 7604 7734 8030
f 8013 7088 7181
f 7279 7275 7393
f 7393 7275 7391
f 7272 7390 7397
f 7395 7278 7283
f 1612 526 3429
f 2288 1265 4644
f 1505 9191 314
f 7278 7389 7276
f 7276 7389 7275
f 7392 7388 7278
f 7278 7388 7523
f 7278 7523 7389
f 7272 7381 7390
f 3132 1142 2245
f 8950 5491 9519
f 7267 7383 7380
f 7389 7523 7268
f 7269 7386 7271
f 4596 2195 3012
f 7390 7381 7519
f 908 271 401
f 7271 7386 7265
f 7518 7384 7523
f 7523 7384 7268
f 8538 4377 1377
f 7271 7265 7381
f 7527 7397 7390
f 7268 7384 7383
f 8870 9481 9363
f 7536 7537 7393
f 7386 7382 7379
f 7265 7379 7381
f 7380 7514 7522
f 7522 7514 7158
f 7381 7379 7378
f 7381 7378 7377
f 3402 4309 4329
f 6214 6887 373
f 373 6887 6890
f 7513 7261 7260
f 7512 7373 7258
f 7268 7383 7267
f 7373 7508 7256
f 7374 7256 7508
f 7862 1013 3377
f 5176 3793 5171
f 82 6041 1237
f 7371 7783 7780
f 6829 6731 7000
f 7781 6912 6638
f 7504 7252 6911
f 7365 7502 7369
f 7243 7366 6994
f 6772 7107 6770
f 6818 6990 7500
f 1759 5038 3557
f 7934 6001 8562
f 1994 4163 1155
f 7147 7246 7361
f 7362 7498 7148
f 1356 508 3357
f 7874 5648 8542
f 7515 9347 9349
f 7246 7364 7361
f 7361 7766 7360
f 6910 5050 5054
f 7229 7489 7048
f 7146 7240 7495
f 7240 7494 7495
f 1586 5176 7026
f 7641 7238 7241
f 7641 7241 7495
f 7236 7898 7237
f 8363 4809 8951
f 8647 8645 8518
f 7760 7142 7354
f 6810 7141 7234
f 4981 9142 1260
f 7638 7139 7142
f 6678 4300 6598
f 3822 5191 3817
f 3292 1531 1535
f 7137 7489 7758
f 7101 4611 7100
f 7353 7352 7632
f 4971 4478 5062
f 7132 7632 7486
f 866 6486 1728
f 7130 7755 7226
f 9517 9402 9639
f 7755 7130 7348
f 1565 2506 2542
f 7610 7621 7209
f 7224 7221 7483
f 7219 7217 7221
f 7344 7222 7345
f 6836 314 9191
f 7221 7224 7219
f 7628 7752 7221
f 6622 3952 3380
f 7343 7126 7039
f 8095 8100 7374
f 7037 7342 7480
f 7760 8762 7638
f 7341 7215 7036
f 7476 7121 7749
f 7214 7122 6787
f 6493 3944 5877
f 7035 7117 7211
f 4628 4596 3806
f 7209 7466 7610
f 7465 7118 6963
f 7742 7465 7617
f 2253 1433 3685
f 7114 7031 7207
f 6456 2430 7138
f 2691 2866 3241
f 7933 7152 7935
f 7028 7112 7203
f 9967 9814 6426
f 908 380 271
f 3356 4790 4799
f 7614 6684 7741
f 7741 6684 7025
f 7605 7201 7334
f 6361 5938 5691
f 6593 6872 6157
f 2795 4200 145
f 7107 7332 6950
f 9970 3713 951
f 7457 7019 7198
f 7458 7019 7457
f 5155 7318 3327
f 7458 7864 7018
f 3147 3858 5816
f 7739 7738 7620
f 7600 7326 7729
f 7727 7098 7096
f 6387 7938 1860
f 9957 9959 9996
f 2044 5962 5281
f 749 2929 1723
f 7860 7184 7438
f 7441 7095 7185
f 8957 8682 9192
f 7069 745 7067
f 3674 6196 3670
f 6658 6554 6943
f 6943 7438 7093
f 7439 7008 7591
f 5829 3858 3157
f 8954 8825 8291
f 7183 6752 8018
f 1342 8606 2992
f 8181 6938 7089
f 6946 6551 6945
f 1905 7812 2487
f 7169 5721 7957
f 9750 2674 9990
f 6847 7316 7090
f 9116 3305 4726
f 6845 7434 7085
f 7181 7088 6937
f 7576 7719 7577
f 7435 6846 7436
f 7584 7586 7173
f 7082 7310 6842
f 9876 1534 6017
f 8299 2384 7661
f 6743 7309 6930
f 7431 7310 7082
f 7792 8440 6437
f 9776 4487 9865
f 2882 7108 9854
f 7300 7302 7079
f 5614 198 86
f 9401 3746 6262
f 7078 7001 6735
f 3743 8332 6335
f 7424 7719 7576
f 5497 6864 6891
f 7978 7973 7709
f 3348 2806 7075
f 7290 7072 7076
f 9245 9144 9141
f 4447 5123 8332
f 7335 9288 8116
f 3317 8866 4648
f 7289 7290 7840
f 7163 7070 7065
f 9837 3867 8149
f 7068 7071 7288
f 7065 7414 7163
f 179 7180 4222
f 7065 7160 7414
f 7160 7287 7161
f 8832 8698 8294
f 628 606 599
f 1294 401 426
f 946 1294 426
f 7199 5045 9909
f 6322 7075 131
f 7398 7400 7284
f 946 426 16
f 4301 5051 699
f 7283 7278 7276
f 3701 4143 3941
f 7273 7272 7398
f 7530 7274 7273
f 7273 7271 7272
f 7273 7269 7271
f 7272 7271 7381
f 5639 5799 5977
f 7799 7677 7940
f 2577 790 5632
f 480 9879 6798
f 7560 7611 7575
f 7514 7512 7158
f 7158 7157 7260
f 6514 6808 6981
f 9928 9741 9739
f 7513 7258 7256
f 1575 8045 1629
f 7365 7246 7147
f 7372 6638 7064
f 7051 6711 6713
f 7258 7373 7256
f 1294 908 401
f 7659 7155 7062
f 2746 3141 3463
f 7064 7252 7372
f 3654 3575 3574
f 7659 7251 7155
f 208 413 4450
f 2293 1162 1144
f 8006 6446 9200
f 8029 8625 6074
f 8029 6074 5473
f 5045 6448 9909
f 7500 7504 6725
f 6821 8068 8219
f 1256 1245 9568
f 7051 6898 6711
f 7530 7814 7688
f 7648 8068 6909
f 7909 7228 5384
f 1947 9005 9570
f 7060 7245 6991
f 6994 6987 7243
f 7361 7360 7147
f 6627 6991 7058
f 9238 9764 5781
f 4413 6297 5100
f 6732 6534 6645
f 7648 6909 7499
f 6625 7146 7241
f 7645 7770 7243
f 7645 7243 6988
f 551 1656 2609
f 7358 7144 7237
f 9333 4534 5984
f 7962 6631 7954
f 7144 6903 7237
f 3581 3040 2071
f 6982 7758 7141
f 7354 6984 7235
f 2603 2524 8317
f 6744 4572 8172
f 7638 7142 7760
f 9890 9942 8690
f 6899 7139 6808
f 8684 3059 9256
f 7232 7139 7638
f 7136 7052 7232
f 8035 5789 6456
f 7121 7122 7749
f 7229 7047 7226
f 7136 7232 7231
f 3806 4596 3012
f 7352 7353 7050
f 6727 6526 6725
f 7346 7348 7224
f 7482 7345 7223
f 4584 6758 2117
f 8571 5814 8563
f 3264 6493 7866
f 7223 7222 7127
f 7128 6973 7219
f 6175 2423 6924
f 7219 6971 7217
f 6584 6588 6313
f 5202 2203 5215
f 7480 6690 7037
f 8203 6880 7126
f 7215 7125 7036
f 8189 6780 8788
f 7209 7621 7036
f 4190 4048 4116
f 745 754 749
f 7986 7989 8161
f 2584 3264 7872
f 1491 632 1487
f 7123 7210 7120
f 1136 5712 2237
f 4329 6621 6018
f 7123 7118 7210
f 1144 5712 1136
f 800 6474 3211
f 4790 5405 6631
f 6876 7337 7117
f 7032 7465 6963
f 6775 7470 7111
f 9951 1422 2319
f 7030 7205 7115
f 5532 5695 5855
f 4489 5932 8151
f 3891 4186 2613
f 5109 3249 7247
f 7614 7463 6870
f 8823 5263 3184
f 3143 7291 8041
f 7111 7024 6775
f 434 340 348
f 5920 5318 4708
f 3690 6196 3674
f 8210 8808 9869
f 6396 7041 5796
f 6954 7732 6955
f 8789 592 9853
f 7107 7021 7461
f 1948 1326 9759
f 8367 8222 8498
f 7457 7198 7332
f 7454 7455 6863
f 726 608 724
f 7332 7198 6950
f 7194 7103 6858
f 6370 6561 6767
f 9377 8830 8790
f 5913 9207 1435
f 7019 6950 7198
f 6863 7017 7454
f 7907 8080 7911
f 8132 2085 8383
f 5311 6163 4757
f 6668 7600 7102
f 7099 7098 7013
f 7192 7324 7014
f 7498 8070 8074
f 7322 6853 7097
f 6466 6199 6657
f 7592 7185 7319
f 6852 7189 7320
f 7187 6945 6852
f 6852 7320 7187
f 6658 6943 7093
f 7093 7184 7091
f 5433 7672 8908
f 7593 7091 7184
f 8820 7611 8816
f 1653 520 1720
f 6887 8232 6890
f 6847 6937 7316
f 4434 5116 502
f 6449 5928 5766
f 8296 8280 8287
f 6716 7363 4877
f 1671 104 586
f 1415 9773 1675
f 6842 7310 7311
f 3405 6070 6053
f 5358 7900 5939
f 8126 8732 6637
f 6722 6521 6817
f 163 3095 3086
f 7001 7078 7574
f 8728 5199 9306
f 8820 9394 8267
f 7173 7002 7079
f 1609 7034 5790
f 7172 7171 6927
f 5405 1864 5994
f 7168 7000 7292
f 6559 4732 3321
f 4726 4732 6559
f 4828 6079 4145
f 7581 7426 7297
f 4571 3105 9871
f 7292 7000 7420
f 4024 5950 7909
f 6957 7030 6588
f 7425 7296 7295
f 7000 7574 7420
f 7072 7289 7071
f 5961 3323 5967
f 1448 4014 1452
f 6070 4831 6074
f 5370 5355 6562
f 5343 5953 5355
f 3576 820 2773
f 1415 1575 9773
f 745 749 5286
f 9837 8149 8753
f 7564 7068 7288
f 531 4957 3427
f 7160 7066 7287
f 765 744 7314
f 7065 7066 7160
f 7512 7258 7158
f 7513 7157 7258
f 5015 4184 5017
f 5368 6714 6707
f 7612 8910 5150
f 7157 7513 7260
f 7158 7258 7157
f 6079 4848 4145
f 6084 4848 6079
f 9829 390 3880
f 6820 7251 7248
f 4631 2219 3821
f 7371 7780 7060
f 2049 2940 4534
f 3132 3894 1142
f 6888 6158 6323
f 6725 7504 6911
f 9434 4049 4197
f 7365 7369 7246
f 7060 6722 6817
f 7149 6992 7367
f 6954 6584 6771
f 3685 4401 5080
f 6281 6543 6360
f 6819 7499 6993
f 8869 8856 9884
f 7223 6977 7129
f 6992 6723 6434
f 6932 4978 9707
f 7646 8267 8842
f 6821 8219 7654
f 7362 7148 6908
f 6989 7645 6988
f 6907 6625 7241
f 6718 7143 7235
f 5219 2556 3372
f 7241 7238 6907
f 7059 7362 6908
f 2721 2306 7987
f 6903 6901 7237
f 5870 6501 5838
f 7737 7740 7205
f 7139 6899 7142
f 6001 7934 4738
f 8317 2524 1629
f 1415 4629 1575
f 7235 7143 7357
f 7599 6767 8025
f 473 2552 3341
f 7354 6983 6984
f 7052 6981 6808
f 6212 6209 6475
f 5513 5497 6202
f 6978 7048 6979
f 8566 6001 8585
f 7353 6898 7050
f 7136 7231 7230
f 9496 8950 9519
f 1635 1637 1530
f 6979 7048 6980
f 7047 7048 6978
f 6706 7046 6978
f 7048 7137 6980
f 6810 6717 7054
f 9300 2603 2786
f 7132 7131 7129
f 1569 9747 9759
f 7132 6804 6897
f 7034 1609 5190
f 7045 7128 7348
f 7478 7878 7342
f 6971 7219 6973
f 7040 7220 6972
f 6971 6888 7217
f 7210 7466 7120
f 4771 6003 6011
f 6972 7220 7479
f 6843 6855 1733
f 1273 2894 3591
f 6699 6972 7039
f 6972 7479 7039
f 7478 7342 6793
f 1383 1293 1445
f 7039 7479 7343
f 5202 128 2203
f 7118 7465 7742
f 7469 7118 7742
f 1718 6484 5277
f 6793 7342 7037
f 5595 6015 5675
f 7473 6686 6608
f 7473 6608 7215
f 7215 6970 7125
f 5412 4769 6011
f 4769 5412 4767
f 3896 2050 3025
f 6884 7123 6885
f 2634 2602 967
f 7244 7280 7942
f 6795 6797 6498
f 7120 7209 6966
f 5091 7262 9238
f 3867 9306 5199
f 7262 3556 7277
f 6962 7122 7121
f 9682 9099 9201
f 1944 1737 943
f 1 8703 7318
f 7035 6876 7117
f 6961 7115 7205
f 5497 6855 6864
f 8189 8790 8814
f 7032 6687 7114
f 3193 769 6217
f 7465 7032 7207
f 7873 7111 7470
f 7469 7210 7118
f 6075 6685 6320
f 6873 7030 7115
f 7025 7028 7204
f 5513 3675 5497
f 7200 7201 7605
f 8830 8814 8790
f 6870 6684 7614
f 7112 6583 7024
f 4895 2636 8690
f 6956 7022 6865
f 7201 7022 6956
f 7022 7200 7021
f 6771 6863 6954
f 8808 8229 8822
f 7727 7094 7098
f 6860 7017 6863
f 7103 6859 6858
f 7194 7329 7103
f 6768 6859 6860
f 5899 7170 7166
f 6759 7439 7448
f 7599 7191 6767
f 5888 9095 6210
f 7098 7099 7096
f 9653 6322 131
f 3331 8083 5822
f 7097 6759 7448
f 6367 6759 6760
f 9924 416 424
f 7094 7013 7098
f 7192 6946 6944
f 6914 7371 6817
f 6762 7013 7094
f 6367 6203 6759
f 9944 7663 7676
f 6751 7183 6749
f 6945 7444 6944
f 1807 2622 1656
f 6808 6514 6618
f 7090 7008 6750
f 6012 3133 6004
f 7943 7801 8259
f 7089 6749 7183
f 6507 6418 6510
f 6846 6938 7436
f 4577 4586 6423
f 7897 7234 8054
f 2731 7312 8010
f 1936 3405 5434
f 7094 6752 6762
f 9716 6836 9191
f 1044 3683 2686
f 5633 3635 3630
f 9393 9372 8258
f 7303 2713 7308
f 5352 7609 8196
f 7900 6544 5939
f 7081 6929 7175
f 6742 7176 7172
f 6275 6742 6927
f 8983 9114 9115
f 4831 6070 3405
f 5462 6069 6672
f 8141 7700 7705
f 6926 7171 7297
f 7294 6921 7421
f 6925 7294 7295
f 7571 7292 7420
f 8814 8830 8272
f 6742 6541 6839
f 7168 7292 7076
f 4179 254 227
f 6995 6009 5729
f 6122 5623 5778
f 8816 9396 8820
f 7070 7165 6916
f 9394 8820 9396
f 6653 4793 7280
f 7165 7070 7163
f 7078 6735 7426
f 5893 5922 5884
f 4507 6364 7011
f 6997 7071 6996
f 7071 7068 6996
f 7070 6996 7066
f 6996 7068 7066
f 7066 7065 7070
f 2834 5852 4404
f 8830 9427 8272
f 7287 7066 7068
f 2665 3522 6728
f 7779 7063 7254
f 707 670 516
f 7154 7908 7062
f 6914 6994 7254
f 6818 7500 6725
f 6714 8660 7428
f 5879 921 909
f 8272 7653 6834
f 7060 6817 7371
f 3812 3828 5643
f 6813 7240 7146
f 7901 5350 7196
f 8678 8076 8065
f 7058 6989 6815
f 6720 6907 7238
f 9502 9028 9500
f 5767 1974 8399
f 3444 6018 3452
f 2895 2641 2720
f 3706 5643 3828
f 7323 6672 1597
f 7145 7240 6905
f 6718 6720 7143
f 8607 5739 5738
f 7237 6901 6900
f 4752 5384 5994
f 3433 7351 6703
f 6899 6983 7142
f 3660 3667 8266
f 8355 6364 7016
f 3291 105 2451
f 8480 3923 9581
f 9743 5485 627
f 6553 1602 3646
f 2826 8904 3828
f 8287 8280 7646
f 6710 6978 6979
f 2424 5130 2173
f 6740 4210 2730
f 6804 7132 6977
f 7132 7129 6977
f 4877 7363 115
f 7139 7052 6808
f 5417 3917 451
f 7998 7996 7999
f 474 479 4413
f 1175 5588 2510
f 6456 3832 8035
f 5828 6327 6161
f 7657 6912 7781
f 6003 6599 5387
f 1389 1017 8707
f 5008 3591 4296
f 6793 7037 6690
f 8119 8150 3909
f 7039 6880 6402
f 5818 5394 5750
f 7522 7521 7950
f 7213 6960 6880
f 6966 6885 7120
f 7123 6884 6883
f 8679 230 652
f 6879 6963 7118
f 6878 7121 7476
f 6787 6791 7035
f 6791 6790 7035
f 8373 8962 8966
f 3021 5661 3015
f 6785 6685 6592
f 7476 7477 6592
f 2205 2210 2211
f 6786 6961 6876
f 6577 7264 6595
f 6958 6960 7213
f 6592 7477 6785
f 7318 8703 3327
f 6602 6960 6231
f 7024 7111 7112
f 6885 6692 6884
f 6961 7116 7337
f 6740 6730 3459
f 6783 6868 6489
f 6787 7035 7214
f 8280 8296 8295
f 7112 6683 6583
f 6684 6869 7025
f 4973 3563 8175
f 5913 1435 7336
f 6870 6388 6684
f 8794 9377 8788
f 4049 8933 9848
f 7107 6772 6952
f 6862 6861 6770
f 6770 6950 6862
f 6767 6561 7327
f 7019 6862 6950
f 1105 1066 3961
f 6680 6576 6578
f 8210 8229 8808
f 5757 7004 6359
f 2159 2010 2158
f 9937 8403 8396
f 6469 7326 6668
f 7326 7600 6668
f 7013 6762 6766
f 1320 3876 1150
f 736 1829 743
f 6463 7014 7326
f 7099 6948 7096
f 5620 9399 6214
f 2143 7227 2880
f 9434 8933 4049
f 6753 7439 6759
f 7322 6663 6853
f 6696 5330 7417
f 5266 3494 705
f 7322 7189 6663
f 6945 6944 6946
f 6851 7185 6657
f 6942 6657 7185
f 6751 6752 7183
f 4422 8926 2826
f 5244 3193 3887
f 9450 8304 8899
f 7090 6750 6848
f 8390 4041 6222
f 3511 4932 6761
f 6782 6777 5531
f 4793 1934 1043
f 5053 3642 6245
f 3683 1044 8769
f 8725 6582 5194
f 8486 8495 1070
f 7431 7175 7586
f 6745 6283 7086
f 1053 9487 6913
f 873 3593 7335
f 5151 5104 5082
f 7085 7178 6743
f 5837 7077 7792
f 8820 8267 6840
f 7175 7431 7082
f 5036 5344 5347
f 6930 6839 6450
f 8450 8003 8171
f 7176 6839 6930
f 7696 1053 6913
f 1510 873 5175
f 2600 1612 4182
f 1495 5921 3010
f 6737 7296 7300
f 7295 7296 6925
f 6523 6632 6525
f 7296 6737 6925
f 6913 9487 7699
f 4469 6356 6345
f 6925 6922 7294
f 1397 3329 3314
f 5925 5682 5930
f 6826 6827 6918
f 7168 6918 6829
f 6916 6919 6826
f 5428 6462 3756
f 6997 7076 7072
f 6917 6916 7165
f 7564 7287 7068
f 5368 111 6080
f 7071 6997 7072
f 9468 9936 4742
f 7424 7576 7574
f 7070 6916 6996
f 6901 6811 6624
f 8163 4262 6807
f 6632 6909 6821
f 8935 6166 9477
f 6820 7155 7251
f 7254 7063 6914
f 5835 5749 8925
f 7062 7155 6825
f 1998 904 879
f 6825 7154 7062
f 6636 6912 6434
f 6636 6434 6187
f 8158 4273 6174
f 6630 6723 7059
f 6991 6627 6722
f 6816 6987 6994
f 8375 3427 508
f 6987 6816 6814
f 7499 6909 6633
f 8536 8123 8120
f 6650 6926 6530
f 4963 5562 5546
f 826 5628 4179
f 6815 6989 6988
f 6720 7238 7143
f 6813 6906 7240
f 8099 1098 2880
f 8437 7015 7802
f 7145 6904 6903
f 6904 6811 6903
f 6994 7370 7254
f 3769 5272 4541
f 8486 5026 8495
f 8776 8912 8508
f 2248 5541 7006
f 6810 6900 6519
f 2826 3828 3812
f 6900 7236 7237
f 5796 9546 8386
f 7457 7460 7603
f 6964 4666 6969
f 8925 6188 6162
f 9604 6217 6207
f 7344 7479 7220
f 3065 987 972
f 7048 7047 7229
f 6616 6980 6982
f 8897 9024 9022
f 7040 6250 6799
f 6897 7353 7132
f 7032 6963 6789
f 6711 6806 6805
f 7260 7261 7521
f 7460 7604 7603
f 6801 7130 6706
f 5151 5188 5103
f 7771 6991 7245
f 9508 8956 8363
f 6802 7223 7127
f 6801 6892 7045
f 2904 6273 6269
f 483 4425 488
f 7127 7040 6799
f 6974 7045 6892
f 7045 6974 7128
f 6972 6699 6504
f 1433 2253 1287
f 7660 1447 5687
f 6973 6502 6971
f 2487 5593 2751
f 6908 7148 6186
f 7310 7431 7587
f 6971 6889 6888
f 7126 6880 7039
f 6402 6699 7039
f 1063 473 3341
f 1818 6234 1825
f 340 434 336
f 6966 7036 6797
f 7120 6885 7123
f 4296 3571 7511
f 6793 6690 6323
f 5882 5800 5986
f 2210 2205 2207
f 6602 6880 6960
f 6792 6789 6879
f 8962 8373 8371
f 1271 9759 1326
f 1568 7150 4997
f 6876 7035 6790
f 3988 2586 915
f 1882 7293 6628
f 6592 6594 7476
f 6961 6875 7115
f 7040 6504 6330
f 4342 2164 5710
f 7030 6873 6588
f 6781 6960 6958
f 7112 7028 6683
f 9230 9799 9698
f 6589 6870 7031
f 5219 3372 5126
f 2661 1866 1008
f 2542 3341 1565
f 4506 6830 3621
f 6869 7028 7025
f 6584 6957 6588
f 5116 4434 7680
f 505 3055 1410
f 4179 282 254
f 6489 6868 6956
f 4882 6716 4877
f 3372 3359 5126
f 2659 271 380
f 6955 6957 6584
f 1904 7208 5753
f 6409 6498 7125
f 6584 6954 6955
f 6952 7022 7021
f 6599 6003 4047
f 1808 4924 6233
f 7005 6345 6356
f 6770 7107 6950
f 5611 5617 2149
f 6769 6860 6863
f 7019 7018 6862
f 7609 7625 8258
f 465 1296 5821
f 3346 1713 4863
f 7102 7194 6468
f 6767 7191 6050
f 6856 7099 7013
f 3736 4042 6375
f 7941 7518 7679
f 4042 9034 6375
f 1283 2098 282
f 5622 4342 7567
f 6948 7099 6856
f 7014 6289 6946
f 6759 7097 6760
f 6941 6552 7093
f 6464 6666 6853
f 6427 6618 6514
f 7444 6945 7187
f 8822 8229 7588
f 4414 4425 483
f 6814 6988 6987
f 7083 8512 570
f 6663 7189 6852
f 6941 7093 7091
f 9967 1430 9902
f 7095 6942 7185
f 9372 8794 8196
f 6550 6750 7008
f 960 5678 9940
f 7089 6938 6549
f 412 582 515
f 6450 6743 6930
f 6841 7082 6453
f 1236 2336 3191
f 1965 8405 7762
f 581 571 1671
f 6742 7172 6927
f 7171 6650 6927
f 6650 7171 6926
f 7079 6738 7300
f 6738 6737 7300
f 6916 6826 6915
f 6737 6535 6925
f 7001 6731 6643
f 7419 7292 7571
f 946 4521 7212
f 7000 6731 7574
f 8121 6756 7432
f 6921 7294 6922
f 7000 7168 6829
f 6922 6642 6828
f 6921 6828 6917
f 1886 1585 1964
f 3213 1264 2372
f 484 483 488
f 6827 6826 6919
f 6918 6915 6826
f 6918 6997 6915
f 4857 2151 8418
f 9015 7006 2489
f 6916 6917 6919
f 4078 2117 5599
f 6915 6996 6916
f 3682 934 3671
f 6912 7657 6434
f 4262 8163 4959
f 6729 7064 6638
f 9101 4202 8457
f 6727 6725 6911
f 505 502 1484
f 6820 7248 6819
f 9210 9466 9113
f 6816 6994 6914
f 6821 7154 6825
f 6725 6724 6818
f 6992 7059 6723
f 6724 6990 6818
f 7212 4521 7281
f 6633 6634 6993
f 6633 6993 7499
f 4508 7721 5165
f 6814 6815 6988
f 6349 6625 6907
f 6996 6915 6997
f 9457 3155 4391
f 8847 8461 8722
f 3484 5064 2452
f 6348 6347 6265
f 8449 9041 7802
f 6982 6515 6616
f 7080 3923 8480
f 6982 6980 7137
f 6979 6980 6511
f 9775 9864 9573
f 8850 8304 8854
f 6898 6897 6711
f 6097 2408 642
f 9422 7151 7150
f 7045 7348 7130
f 6191 8175 3563
f 2246 45 90
f 8449 3292 8452
f 7224 7348 7128
f 6804 6977 6802
f 6607 7250 6599
f 3799 4361 101
f 948 8458 2433
f 6799 6250 6800
f 3445 3618 3285
f 6701 6974 6892
f 6141 4934 7443
f 7488 8308 1027
f 1808 6233 6072
f 7812 1905 7810
f 6889 6158 6888
f 7501 8201 9234
f 6011 6591 6595
f 7036 7125 6797
f 6402 6406 6699
f 9666 290 9676
f 6795 6498 6408
f 5100 6297 5597
f 6795 6692 6885
f 6459 6552 6941
f 7478 6320 6785
f 3534 8473 8183
f 7042 8183 8473
f 6793 6320 7478
f 1666 7930 7927
f 1888 4993 580
f 6883 6879 7123
f 6600 6399 6790
f 6875 6873 7115
f 1066 5421 3961
f 3822 5791 6378
f 1505 8063 8617
f 9077 4875 8476
f 6875 6961 6786
f 7121 6878 6962
f 6589 7114 6872
f 3024 2484 893
f 6589 6393 6870
f 7879 8040 8204
f 6680 6775 6576
f 7028 6869 6492
f 6359 5163 5757
f 7190 7843 9078
f 7466 7620 7738
f 6775 6680 6776
f 6583 6775 7024
f 6776 6578 6382
f 6776 6680 6578
f 4940 4923 4130
f 3035 9848 8933
f 6221 6574 6383
f 6862 7018 6675
f 8684 9244 3059
f 5104 5103 5044
f 6675 7018 7327
f 3850 5815 4563
f 6861 6567 6770
f 6584 6313 6308
f 7536 7960 7537
f 2414 9096 6056
f 7933 8791 1666
f 3147 5816 7055
f 2396 9984 9981
f 6753 7008 7439
f 946 16 480
f 6856 7013 6766
f 6295 6768 6127
f 6856 6560 6948
f 4450 230 208
f 6762 6665 6558
f 6135 6132 5865
f 6666 6760 7097
f 6123 5777 5956
f 6666 7097 6853
f 380 908 7188
f 6665 6762 6752
f 8984 6222 8399
f 5064 3484 2126
f 6852 6945 6660
f 7710 7707 7830
f 6459 6941 6657
f 6941 6851 6657
f 6798 946 480
f 5191 8375 7020
f 518 421 368
f 5729 2325 6995
f 6753 6550 7008
f 6549 6749 7089
f 6037 6847 6848
f 6745 7181 6937
f 4695 6509 3263
f 8117 6532 5854
f 4586 4594 5836
f 2719 9200 9197
f 7862 5632 790
f 6841 6453 6112
f 6929 7081 6841
f 6652 7079 7002
f 6841 6539 6929
f 6654 6539 6841
f 1477 1948 2209
f 6437 5837 7792
f 8332 5123 8932
f 7625 7649 8840
f 6054 3519 6707
f 6650 6275 6927
f 84 1968 1963
f 6850 6840 8267
f 4289 9199 2306
f 6738 6535 6737
f 7721 4508 7011
f 7699 9944 7676
f 6225 1814 4323
f 3991 7166 7174
f 6547 6845 7085
f 9972 5147 2602
f 9061 3923 2214
f 7001 6647 6735
f 774 7870 9663
f 6922 6925 6732
f 8531 7948 7809
f 5156 7553 8221
f 9904 2051 9502
f 1294 7212 7073
f 2614 2438 7208
f 7212 1294 946
f 4262 3526 4943
f 7064 6727 6911
f 6820 6525 7155
f 7063 7371 6914
f 6525 6632 6825
f 504 510 466
f 6817 6726 6914
f 956 6457 6499
f 9653 8439 339
f 8317 2786 2603
f 6725 6526 6724
f 6798 4521 946
f 6990 6629 7148
f 6819 6634 6820
f 8358 8061 7364
f 8528 7874 9130
f 6488 6491 2133
f 7059 6908 6630
f 7488 2145 983
f 6625 6813 7146
f 4039 1185 6985
f 6811 6346 6624
f 6267 6433 6104
f 6518 6983 6428
f 6618 6899 6808
f 8612 8888 9014
f 7891 7119 8545
f 2145 3065 2140
f 632 4857 7772
f 6705 6978 6508
f 6713 6514 6981
f 6710 6508 6978
f 119 289 9232
f 9754 6458 9764
f 6898 7051 7050
f 6979 6511 6710
f 6802 6803 6804
f 1596 8629 8640
f 6708 6804 6803
f 6505 6803 6800
f 7195 2252 2242
f 7223 6802 6977
f 5249 2278 9819
f 6899 6618 6428
f 5126 3359 4241
f 6612 6892 6801
f 6250 7040 6330
f 5867 6481 4651
f 1282 1151 1072
f 6240 6402 6880
f 1879 228 3514
f 6409 6970 6412
f 6970 6410 6412
f 7215 6410 6970
f 6595 6591 6577
f 983 2145 980
f 1081 1569 1271
f 9759 1271 1569
f 6949 5677 5683
f 6487 6683 6383
f 9774 9203 9865
f 4944 1849 9892
f 2151 4862 9025
f 7020 5775 5191
f 4418 6297 4413
f 1666 7927 7933
f 5888 8484 2535
f 6364 5775 7020
f 6883 6606 6792
f 6493 3264 3944
f 6889 6971 6502
f 6792 6242 6603
f 6608 6686 6002
f 6792 6879 6883
f 3753 4469 5736
f 6323 6398 6793
f 5823 5585 6005
f 6792 6603 6789
f 3144 3386 3384
f 6962 6496 7122
f 6791 6600 6790
f 6496 6787 7122
f 6790 6399 6876
f 6399 6786 6876
f 6785 6320 6685
f 7615 371 3496
f 6594 6878 7476
f 8666 9244 7255
f 6960 6781 6146
f 6231 6960 6146
f 6603 6687 6789
f 6776 6382 6386
f 7028 6492 6683
f 7440 6752 7094
f 6388 6870 6393
f 5798 1860 7938
f 6620 6628 7293
f 9175 2551 9171
f 6865 6489 6956
f 6583 6581 6775
f 8168 8306 7997
f 6574 6677 6579
f 9175 9171 6390
f 7022 6379 6865
f 1522 7930 1666
f 6677 6570 6572
f 6650 6530 6537
f 5121 1493 8931
f 5976 5800 5797
f 5130 2424 5147
f 5809 4538 5205
f 6772 6770 6567
f 6265 6266 6183
f 6478 6856 6766
f 6565 6861 6675
f 4793 6653 4111
f 3765 5202 2221
f 8890 8357 8070
f 6457 956 5146
f 3147 7055 3139
f 8088 8093 7508
f 6856 6478 6564
f 6856 6564 6560
f 6668 7102 6468
f 6558 6766 6762
f 7946 7169 7957
f 6560 6465 6948
f 6556 6465 6560
f 5536 5447 5707
f 6666 6367 6760
f 9104 6509 4695
f 6465 6942 7095
f 6853 6663 6464
f 7430 7297 7171
f 6461 6663 6852
f 7418 6007 9853
f 6466 6657 6942
f 6660 6945 6551
f 5080 6931 2242
f 6201 6550 6753
f 6039 6751 6749
f 5033 8599 9193
f 7553 1579 1477
f 359 1039 9305
f 4128 6672 7323
f 7002 6929 6539
f 9219 2334 4427
f 6743 6035 7085
f 6460 6461 6852
f 4110 2532 1554
f 8512 774 674
f 6841 5924 6654
f 2583 2501 2504
f 6450 6839 6449
f 5049 9199 4289
f 6277 6541 6742
f 3758 4469 3064
f 3374 8941 1755
f 6194 5930 6195
f 6738 6536 6535
f 8126 9299 460
f 623 1607 1707
f 72 3220 2451
f 1430 6426 2302
f 6530 6735 6647
f 9200 6435 9197
f 6732 6535 6534
f 6652 6738 7079
f 7830 7979 7710
f 6645 6642 6732
f 6732 6642 6922
f 5753 7208 2430
f 6608 6002 6246
f 6829 6643 6731
f 9909 9887 7199
f 6827 6828 6639
f 7900 8552 9674
f 6827 6639 6829
f 379 356 341
f 5596 5676 5909
f 3605 2002 2012
f 8625 1793 6682
f 8728 9820 8725
f 6816 6626 6814
f 6746 9349 6033
f 4036 8038 28
f 5911 5183 5413
f 6522 6815 6626
f 6632 6633 6909
f 6475 6570 6212
f 6271 7148 6629
f 6630 6908 6186
f 6625 6268 6813
f 8715 7854 8012
f 6814 6626 6815
f 6346 6904 6348
f 6347 6905 6906
f 6349 6720 6520
f 6904 6346 6811
f 7 3562 3362
f 6984 6431 6718
f 6431 6432 6718
f 6810 6519 6717
f 6983 6899 6428
f 2653 5087 2054
f 6424 6616 6515
f 9754 6448 6458
f 6035 5849 6547
f 4535 1616 682
f 6513 6416 6511
f 5211 4467 938
f 6713 6981 7051
f 4614 5848 1686
f 7046 7047 6978
f 8162 9825 3714
f 6512 6514 6615
f 1012 1037 2038
f 6806 6711 6897
f 6711 6613 6713
f 6804 6708 6805
f 6801 7045 7130
f 9500 2008 9904
f 6612 6705 6506
f 6800 6802 6799
f 6706 6612 6801
f 6705 6612 6706
f 2058 2035 2339
f 6879 6789 6963
f 6158 6326 5892
f 5818 6242 6006
f 6606 6692 6407
f 6407 6329 6606
f 7593 7185 6851
f 3664 3671 934
f 8026 9233 8640
f 3690 5522 6196
f 6486 5867 1728
f 8797 3859 4680
f 6085 6402 6240
f 5082 5104 5044
f 6236 6496 6962
f 2320 6481 5867
f 3867 3044 9306
f 9244 8666 8031
f 1725 5298 3454
f 6793 6398 6320
f 6787 6496 6791
f 1775 1662 1903
f 2051 6368 1906
f 7334 7201 6868
f 7933 7935 3335
f 4405 4407 6953
f 6873 6495 6588
f 5979 849 7110
f 6775 6776 6958
f 6686 6783 6395
f 6028 6763 4252
f 9356 9352 6028
f 6602 6240 6880
f 6386 6146 6781
f 2452 5064 8443
f 6684 6224 6869
f 6224 6385 6869
f 5043 5044 5103
f 6130 6567 6565
f 5412 7249 7942
f 6310 6489 6865
f 2181 9968 5131
f 6492 6383 6683
f 6144 6310 6865
f 1934 7 1043
f 1494 6486 866
f 6487 6581 6583
f 6579 6487 6574
f 6581 6575 6576
f 5298 1494 866
f 6581 6579 6575
f 6771 6584 6308
f 2336 2372 3191
f 7935 6390 9171
f 6139 6059 6213
f 6379 6144 6865
f 6579 6572 6575
f 6139 6213 6309
f 7087 4291 4312
f 145 1194 8271
f 6574 6304 6677
f 287 1300 8415
f 6579 6677 6572
f 9968 48 5131
f 9175 6390 7946
f 6610 7368 6596
f 3296 3184 8674
f 3535 6151 5552
f 5808 6386 5875
f 935 4457 3668
f 5040 5136 5035
f 1548 624 1557
f 5716 6387 7949
f 6862 6675 6861
f 8911 9899 7675
f 6565 6372 6130
f 7327 6561 6675
f 6372 6565 6561
f 2883 3027 2781
f 6477 6478 6473
f 6560 6564 6475
f 6372 6561 6298
f 7291 3143 9277
f 5860 797 1354
f 6478 6766 6473
f 6495 6078 6228
f 6475 6556 6560
f 7074 7083 9092
f 2590 8213 877
f 8703 1 9277
f 7849 3605 3615
f 6766 6558 6473
f 6468 6671 6470
f 7095 6948 6465
f 6882 3630 5026
f 6712 5962 5940
f 6974 6973 7128
f 1422 9951 9868
f 5296 6609 6611
f 6753 6759 6203
f 2507 1986 5563
f 7326 6469 6463
f 5709 5464 5543
f 9189 8597 7949
f 7093 6552 6658
f 6752 6751 6665
f 6926 7426 6735
f 6552 6459 6198
f 6828 6827 6919
f 3427 4957 2576
f 6828 6919 6917
f 2414 8449 9096
f 6454 6938 6846
f 7335 3327 9288
f 3706 3296 2348
f 7174 7196 3997
f 6273 2904 4635
f 9400 9387 8822
f 455 3909 8150
f 2746 2669 2421
f 7085 6035 6547
f 6460 6852 6660
f 3327 9992 3366
f 6450 6035 6743
f 9106 5953 5343
f 6358 6654 6451
f 6449 6839 6543
f 6541 5923 6543
f 7980 4794 7303
f 5939 6544 4713
f 4397 9372 9393
f 9880 9197 7199
f 7605 7736 7461
f 6355 6539 6358
f 6742 6275 6277
f 9903 6910 5054
f 6355 6443 6652
f 5643 3706 2348
f 6443 6441 6738
f 6650 6537 6275
f 6441 6536 6738
f 4726 8546 9116
f 6735 6530 6926
f 6531 6646 6645
f 3882 3641 8865
f 6530 6647 6646
f 6982 7141 7054
f 7876 920 5114
f 6647 6643 6528
f 6647 6528 6646
f 6646 6528 6645
f 8552 5358 5961
f 3971 3973 1099
f 6645 6528 6642
f 7354 7142 6983
f 6638 6912 6636
f 6643 6829 6528
f 6642 6639 6828
f 6922 6828 6921
f 6639 6642 6528
f 2851 4024 4752
f 6825 6632 6821
f 6638 6636 6729
f 7224 7483 7346
f 7625 8840 8836
f 6525 6820 6634
f 6632 6523 6633
f 3299 4903 5579
f 6639 6528 6829
f 6526 6629 6724
f 6523 6634 6633
f 6682 6070 6074
f 6521 6522 6726
f 5748 5660 5393
f 6521 6627 6815
f 6905 6348 6904
f 5984 8761 9843
f 3674 3670 3656
f 8648 8006 9200
f 480 290 9879
f 5704 1901 5423
f 67 49 5461
f 6416 6508 6511
f 6510 6512 6615
f 4049 2799 3882
f 6616 6513 6511
f 2165 2602 2634
f 8753 4038 4385
f 6616 6511 6980
f 6898 7353 6897
f 6422 6513 6616
f 8753 8756 4038
f 6615 6713 6613
f 6978 6705 6706
f 6615 6613 6507
f 6615 6507 6510
f 6805 6708 6613
f 7050 7051 7230
f 6805 6613 6711
f 6613 6708 6507
f 7224 7128 7219
f 6607 6599 4047
f 6577 6591 4033
f 6708 6803 6505
f 6170 6612 6506
f 6505 6800 6251
f 8962 8371 8960
f 8842 9933 8287
f 6892 6612 6249
f 6892 6249 6701
f 6330 5902 6250
f 6247 6701 6249
f 6409 7125 6970
f 3609 3608 5095
f 308 1444 3198
f 4049 3882 4197
f 6692 6795 6408
f 3084 8079 1317
f 8026 7247 9233
f 7651 7675 9400
f 7144 7764 7145
f 3132 2272 3894
f 3743 544 533
f 6003 6591 6011
f 3674 3656 2805
f 6594 6592 6315
f 6315 6592 6685
f 6961 7205 7116
f 3535 8137 6151
f 6237 6398 6323
f 6239 6154 6786
f 6962 5887 6236
f 6496 6238 6791
f 6154 6875 6786
f 5834 9571 7077
f 5887 6962 6878
f 9340 8756 6744
f 6317 6686 6395
f 6884 6692 6606
f 6400 6602 6231
f 6033 9349 6763
f 7264 7942 7249
f 6873 6875 6495
f 2425 2384 3641
f 1149 2147 7565
f 4847 4849 4762
f 3454 5298 866
f 6999 6345 7715
f 6771 6308 6485
f 5032 4942 4750
f 9303 9939 9668
f 7525 7267 7681
f 4992 4802 5290
f 6028 4252 9356
f 9356 4252 9943
f 5407 6001 2661
f 2967 6244 5634
f 6686 7473 7334
f 6576 6575 6482
f 6482 6377 6576
f 6569 6482 6575
f 6952 6483 6136
f 9581 3923 9061
f 5933 2963 6679
f 6575 6572 6569
f 3404 18 5365
f 6572 6570 6569
f 6136 6379 6952
f 776 7228 9128
f 6564 6569 6475
f 7048 7489 7137
f 5769 4241 4188
f 5916 5843 6029
f 6482 6564 6478
f 9221 4206 5518
f 9377 8790 8788
f 6675 6561 6565
f 5365 1100 3404
f 6205 6373 6371
f 6956 6868 7201
f 6471 6556 6475
f 6373 6473 6558
f 9940 324 4268
f 1118 6054 7847
f 8225 7902 7780
f 6366 6046 6469
f 5215 6563 3801
f 5853 5855 6200
f 6464 6461 5857
f 6469 6668 6366
f 6047 6666 6464
f 6289 6463 6200
f 5082 5044 3329
f 7316 6937 7088
f 7103 7329 7330
f 5815 1858 7067
f 6289 6200 6043
f 6460 6660 6290
f 9194 968 4291
f 6946 6289 6551
f 9396 8816 9869
f 6658 6552 6042
f 6657 6199 6459
f 6550 6120 6750
f 6151 8137 9309
f 6611 8092 1932
f 9666 8063 57
f 1053 7696 6163
f 5937 5772 6745
f 9021 8615 9027
f 8808 8822 9387
f 5434 6053 6651
f 7005 7715 6345
f 6842 6283 6453
f 9947 9468 4742
f 1958 7312 2731
f 6450 5927 6035
f 5092 7650 7655
f 5924 6451 6654
f 5924 6841 6112
f 6358 6451 6278
f 6442 1884 9444
f 6839 6541 6543
f 5614 7074 198
f 4758 4460 4524
f 1712 6285 5029
f 1286 3086 4684
f 4943 6807 4262
f 6536 6534 6535
f 6531 6645 6534
f 6530 6646 6531
f 7323 7991 5446
f 6525 6634 6523
f 6817 6521 6726
f 5895 5811 5995
f 6723 6630 6105
f 7812 5579 4903
f 9899 9881 9387
f 247 213 5264
f 844 1185 1162
f 6629 6990 6724
f 2560 2824 2908
f 6815 6627 7058
f 4378 5649 7618
f 6186 7148 6271
f 6815 6522 6521
f 6813 6433 6906
f 6433 6347 6906
f 205 759 734
f 3049 513 7336
f 6105 6630 6186
f 5473 7363 6691
f 6905 6347 6348
f 3908 5365 3880
f 3271 6902 7661
f 6342 6429 6519
f 6624 6343 6623
f 6518 6260 6431
f 5070 5037 4172
f 7191 6365 6050
f 6365 7191 6363
f 4991 3314 5044
f 6744 8172 9352
f 6616 6424 6422
f 6427 6428 6618
f 6006 5394 5818
f 5552 7485 6812
f 5076 4947 5015
f 6514 6512 6427
f 4991 4130 3314
f 6512 6510 6421
f 7064 6911 7252
f 5486 5742 5479
f 6415 6417 6173
f 6415 6506 6508
f 6254 6507 6708
f 6507 6254 6418
f 6708 6505 6254
f 2396 6670 5338
f 5832 6164 6165
f 4848 6084 7351
f 6083 7350 8024
f 7825 2751 5593
f 2519 190 174
f 6608 6246 6410
f 6088 6409 6412
f 6410 7215 6608
f 5902 5901 5590
f 6412 6410 6246
f 6504 6406 6330
f 5473 6691 8029
f 1278 5821 1296
f 4163 6095 7350
f 6326 6502 6005
f 6498 6405 6408
f 645 8840 7663
f 9219 251 9918
f 5909 6418 6172
f 6886 5435 5427
f 6101 3433 6703
f 6329 6328 6606
f 6599 5969 5387
f 8659 6095 6100
f 6603 6082 6687
f 2314 6609 5296
f 6786 6399 6239
f 6191 8180 8175
f 6791 6238 6600
f 6321 6238 6496
f 7800 3887 8441
f 6594 5887 6878
f 4721 4733 1594
f 6315 6394 6594
f 6589 6076 6393
f 6730 4195 3459
f 660 230 4450
f 6065 6385 6224
f 6310 6395 6489
f 6373 6205 5862
f 3025 2050 2385
f 1647 8385 8966
f 7254 7370 7779
f 6595 7249 5412
f 7080 7836 3923
f 4406 6854 3595
f 2786 5263 9300
f 4900 5504 8076
f 8984 8399 1974
f 6574 6487 6383
f 544 4470 560
f 6574 6221 6309
f 8385 1891 6216
f 6137 6485 6308
f 839 4425 4414
f 6059 6220 5794
f 5049 9213 9199
f 6395 6783 6489
f 1384 463 105
f 6307 6578 6377
f 9653 131 8439
f 8057 3800 8056
f 6377 6482 6477
f 5813 5658 5997
f 500 485 4158
f 6720 6349 6907
f 6477 6482 6478
f 6769 6485 5708
f 6045 6470 5943
f 6570 6475 6569
f 6377 6477 6307
f 6470 6671 6295
f 5708 6127 6769
f 3105 4571 548
f 4225 6757 4217
f 3155 9457 9947
f 9940 9668 960
f 6477 6473 6373
f 6765 4895 8690
f 755 3524 3518
f 6209 6471 6475
f 6295 6671 6768
f 6373 6558 6371
f 9542 6222 8984
f 184 231 160
f 6665 5776 6371
f 3044 3867 9837
f 6367 6666 6123
f 6050 6370 6767
f 6666 6047 6123
f 1436 308 3198
f 854 634 676
f 8912 8776 9047
f 6469 5853 6463
f 8121 3508 6756
f 6463 5853 6200
f 5850 6549 6454
f 6046 5853 6469
f 6471 6199 6466
f 6465 6556 6471
f 7082 6842 6453
f 6658 6363 6554
f 6201 6120 6550
f 8562 6001 8566
f 6551 6289 6119
f 9666 57 290
f 3965 4417 3975
f 9455 9198 9326
f 7972 8607 5738
f 6198 5947 6042
f 7176 6742 6839
f 90 2273 3856
f 5938 6848 6750
f 3223 3225 336
f 1505 57 8063
f 7006 9015 7590
f 6845 6547 7182
f 480 9676 290
f 686 697 159
f 5849 6284 7182
f 6890 4342 365
f 7131 7132 7486
f 8573 8965 8447
f 6715 6101 6703
f 5766 6450 6449
f 6358 6278 6110
f 6727 6350 6526
f 5843 6030 6029
f 6687 6157 6872
f 4265 8732 1911
f 9496 9498 8950
f 6539 6355 6652
f 5851 6751 6039
f 9751 775 9660
f 6275 6029 6277
f 6443 6738 6652
f 6275 6537 6027
f 9893 413 4036
f 6537 6530 6353
f 6352 6534 6438
f 6353 6530 6531
f 6531 6534 6352
f 7346 7483 8046
f 6353 6531 6352
f 8925 6162 5835
f 1415 1675 1017
f 6634 6819 6993
f 6729 6636 6350
f 6625 6349 6268
f 6723 6187 6434
f 5914 6629 6526
f 6186 6271 6025
f 6433 6813 6268
f 56 2133 3713
f 6180 6023 6185
f 6723 6105 6187
f 2497 2326 2413
f 8855 3660 8266
f 8732 8126 460
f 6441 6354 6109
f 6432 6184 6520
f 6429 6424 6717
f 6184 6432 6263
f 6441 6443 6354
f 4202 2659 380
f 6026 6272 6350
f 6343 6342 6623
f 2396 5338 2416
f 5767 5745 1974
f 6284 6846 7182
f 4024 7909 5384
f 6177 6429 6342
f 7166 4683 5899
f 5680 6035 5927
f 3865 2366 3880
f 6424 6515 6717
f 6337 6424 6339
f 5171 7004 7010
f 6184 6263 6182
f 6425 6428 6427
f 8119 31 1958
f 7234 7236 6810
f 6427 6338 6425
f 5967 5969 6599
f 6427 6512 6338
f 6511 6508 6710
f 5832 5594 5672
f 6422 6420 6513
f 6512 6421 6338
f 6338 6421 6255
f 6331 6800 6250
f 8962 1500 1540
f 6513 6334 6416
f 6420 6334 6513
f 6416 6334 6417
f 8960 8956 8962
f 2484 3021 875
f 8962 8956 1500
f 7040 6972 6504
f 5978 161 165
f 5177 1856 1844
f 6416 6417 6415
f 6331 6251 6800
f 6171 6506 6415
f 314 6836 462
f 6088 6412 5830
f 8476 2751 7825
f 6900 6810 7236
f 6242 6792 6327
f 6087 6247 6249
f 7675 9899 9400
f 5817 9498 9496
f 7492 3928 6831
f 3927 3929 3848
f 6087 6502 6247
f 5901 6330 6406
f 6088 6405 6409
f 6660 6551 6290
f 6345 5736 4469
f 1850 6129 5627
f 6502 6701 6247
f 7492 6831 4982
f 5572 6844 4292
f 3255 4923 4100
f 5043 5017 4991
f 6949 5683 6953
f 4241 5769 5126
f 6687 6082 6157
f 6399 6155 5998
f 783 4331 4345
f 6238 6321 6000
f 6321 6236 6152
f 6238 6155 6600
f 6600 6155 6399
f 6082 6593 6157
f 5002 6844 8804
f 5504 6715 8076
f 6308 6313 6064
f 8390 9542 7043
f 6593 6153 6076
f 3571 6831 7511
f 9726 9822 9638
f 6588 6228 6313
f 7086 6283 6842
f 6226 6313 6228
f 7188 908 7073
f 6068 5878 6315
f 6227 6315 5878
f 3583 6124 6779
f 6574 6309 6304
f 6709 3910 8122
f 424 3910 6709
f 6492 6869 6385
f 4414 7660 6959
f 3898 3897 3934
f 2425 3641 5646
f 6385 6383 6492
f 1106 2648 3436
f 1891 8385 1647
f 7325 7304 5964
f 6163 5311 1053
f 6307 6219 6382
f 8745 7877 7749
f 5008 6866 5611
f 6308 6064 6137
f 1102 1087 1062
f 6570 6677 6304
f 3346 3344 1713
f 6866 5008 8194
f 5944 5893 6568
f 6485 5713 5708
f 4296 8194 5008
f 9288 3327 3366
f 6304 6212 6570
f 6305 6307 5862
f 6565 6567 6861
f 5861 7896 5254
f 6477 6373 6307
f 6307 6373 5862
f 454 2870 2577
f 6132 6567 6130
f 6312 8922 5110
f 6515 6982 7054
f 6203 6367 6296
f 3258 1618 8837
f 598 6332 2998
f 6298 6561 6370
f 6298 6299 6372
f 3359 190 2519
f 6206 6369 6209
f 4235 3329 2518
f 5778 6370 6050
f 4425 839 5700
f 1064 1023 1026
f 6221 6139 6309
f 6365 6122 6050
f 6367 6123 6296
f 8692 9871 9951
f 6366 6468 6045
f 6470 6045 6468
f 4940 4184 4923
f 1430 915 2586
f 6466 6465 6471
f 5857 6047 6464
f 5776 6665 5851
f 4336 6458 3524
f 4794 7980 7293
f 6665 6751 5851
f 5774 5938 6750
f 5834 7077 5837
f 5749 8911 8925
f 1805 3271 8499
f 3882 2529 3641
f 5044 3314 3329
f 5199 2858 2692
f 1937 2070 1790
f 1271 7633 1081
f 5772 5937 5612
f 9779 9893 4036
f 8008 8313 7302
f 7429 8721 8113
f 5772 5770 6283
f 5517 5289 5081
f 7006 2204 2248
f 9025 8427 9030
f 5927 6450 5766
f 4900 8076 6118
f 8670 9181 9075
f 6278 6280 6193
f 6278 6451 6280
f 6280 6451 5924
f 1651 482 1670
f 5923 6277 6030
f 1704 1635 1532
f 1582 2600 1633
f 6541 6277 5923
f 6272 6526 6350
f 5873 5724 5876
f 6794 7464 6807
f 3508 8137 3535
f 2322 2349 5550
f 8057 5338 6670
f 6537 6353 6027
f 6108 6353 6352
f 5485 5474 8217
f 6441 6352 6438
f 8950 9498 7718
f 9508 8951 8935
f 1326 4825 1271
f 6350 6636 6026
f 6347 6267 6266
f 6267 6347 6433
f 4512 520 40
f 6346 6348 6265
f 6433 6268 6104
f 6184 6182 6185
f 8493 8354 8891
f 6431 6260 6263
f 6424 6429 6339
f 6260 6518 6341
f 1326 1948 7751
f 6816 6914 6726
f 6626 6816 6522
f 5912 6019 6257
f 6599 7250 5967
f 6425 6257 6341
f 9990 2674 8073
f 5912 6257 6255
f 6337 6422 6424
f 6407 6692 6408
f 9508 6403 1395
f 8363 8951 9508
f 6425 6338 6257
f 5760 6096 5911
f 8966 6697 1647
f 6255 6257 6338
f 9049 9096 8449
f 7819 8462 4627
f 3964 2393 5390
f 1326 7751 4825
f 4873 4689 4849
f 5733 5887 6150
f 6096 6420 6422
f 6421 6510 6336
f 3024 3021 2484
f 6016 5908 6334
f 7005 5165 7721
f 5777 5699 5956
f 6220 5872 5719
f 4386 2242 6931
f 6952 6772 6483
f 477 5417 451
f 6252 6254 6505
f 6505 6251 6252
f 5485 4001 5474
f 9234 1948 9759
f 6274 9963 1376
f 7356 1524 3064
f 5901 5902 6330
f 9898 598 1276
f 6408 6405 6165
f 6889 6502 6326
f 8473 2618 9078
f 6413 4023 5725
f 7262 7277 9256
f 2527 4108 2197
f 5217 5006 5317
f 5866 6573 6604
f 7637 441 3013
f 5005 7151 5013
f 9809 9709 2037
f 6400 6231 5996
f 5474 4001 5563
f 5998 6239 6399
f 6236 6321 6496
f 6398 6237 6320
f 1451 4578 7356
f 6237 6075 6320
f 5795 5790 8975
f 1568 4997 8559
f 7022 6952 6379
f 6150 5887 6394
f 5699 5536 5956
f 5646 777 2425
f 6229 6394 6315
f 6073 6228 5890
f 9175 2031 2551
f 6685 6075 6315
f 6589 6593 6076
f 4313 2726 765
f 6229 6315 6227
f 6313 6226 6064
f 6061 6386 6382
f 5634 4777 7589
f 6062 6221 6385
f 5874 5875 6061
f 640 8269 5506
f 5097 45 8416
f 6059 6139 6220
f 6304 6309 6213
f 4675 4591 4519
f 7931 8091 7790
f 6132 6130 5865
f 3314 4130 3272
f 5780 5701 6298
f 7083 570 9092
f 6057 6138 6215
f 7011 8355 7721
f 1444 172 319
f 3734 8316 6312
f 3734 9484 8316
f 5005 1681 7150
f 6174 3802 8158
f 6125 6470 6295
f 5525 8269 2596
f 8520 5318 5920
f 6200 5855 6043
f 7022 7201 7200
f 6363 5859 6365
f 2577 2870 790
f 6369 6199 6471
f 2529 5646 3641
f 5123 5121 8932
f 2674 9932 8362
f 8512 674 570
f 6119 6289 6043
f 677 5525 2596
f 2973 780 5955
f 6120 5774 6750
f 6132 6135 6136
f 5938 6361 6848
f 5527 5851 5773
f 5090 5526 4911
f 9015 2137 7590
f 5917 4457 2907
f 3910 6667 8122
f 2283 3200 7012
f 6051 3036 4638
f 236 9975 213
f 3191 1264 1236
f 6112 6453 5768
f 6114 6116 5681
f 8430 8438 8301
f 6606 6883 6884
f 1278 9771 1257
f 6449 6543 6281
f 5801 5980 5873
f 6193 6031 6278
f 5736 6999 6995
f 6281 5928 6449
f 6281 6360 6192
f 5923 6360 6543
f 6110 6278 6031
f 7009 2283 7012
f 1911 8732 460
f 6110 5918 6109
f 181 3490 3507
f 5839 5911 6256
f 6355 6354 6443
f 6029 6275 6027
f 6441 6109 6352
f 7064 6729 6727
f 8552 7900 5358
f 5950 5350 7901
f 4327 1091 4322
f 8542 9130 7874
f 4436 7481 6774
f 6629 5914 6270
f 558 723 605
f 6329 6407 6167
f 6104 6023 6267
f 6266 6265 6347
f 6184 6349 6520
f 6182 6263 6261
f 8545 9680 9137
f 6265 6178 6346
f 6260 6261 6263
f 2855 1415 1017
f 9679 1260 9142
f 3664 4441 5883
f 6260 6258 6261
f 8545 7119 9680
f 6260 6341 6258
f 6021 6261 6102
f 6341 6257 6258
f 6102 6261 6258
f 6180 6024 6023
f 6833 4506 6867
f 6339 6256 6337
f 6984 6518 6431
f 6258 6257 6019
f 8629 1596 2666
f 8289 632 1491
f 133 169 132
f 6096 5760 6016
f 6337 6256 6096
f 6256 5911 6096
f 2913 2923 716
f 6508 6416 6415
f 8151 8761 5966
f 6173 6417 6334
f 6249 6612 6091
f 6252 6015 6172
f 6612 6170 6091
f 6091 6170 5833
f 9274 9527 9834
f 3858 5829 6419
f 6249 6091 6087
f 6328 6327 6792
f 6246 5830 6412
f 5043 4991 5044
f 2307 171 1311
f 8084 2335 4491
f 1843 807 3556
f 7011 6364 8355
f 3593 5155 7335
f 6089 6329 6167
f 1475 885 1369
f 5395 5830 5825
f 1266 1110 1058
f 6328 6161 6327
f 6498 6409 6405
f 6242 6327 6006
f 7663 8840 7649
f 6167 6407 6164
f 6603 6242 6082
f 9990 2642 753
f 2334 9918 9826
f 6082 6242 5818
f 6047 5857 5777
f 428 429 555
f 6240 6400 6085
f 9962 8805 3208
f 5782 7026 8372
f 1754 1883 1961
f 2188 2184 8503
f 6000 6155 6238
f 5314 6041 2195
f 6593 6082 6153
f 5293 6605 5999
f 5606 5612 5422
f 6152 6236 5887
f 6228 6078 5890
f 6224 6067 6065
f 489 9477 8885
f 4235 5139 5082
f 6393 6076 5992
f 5993 6315 6075
f 6229 5880 6394
f 5880 6150 6394
f 5989 6395 6310
f 5989 6317 6395
f 8443 5356 6444
f 4768 9922 7583
f 7748 5205 5795
f 5993 6068 6315
f 6065 6062 6385
f 7661 6902 5522
f 6343 6346 6178
f 2140 3065 972
f 6383 6385 6221
f 6061 6382 6219
f 1992 6387 1860
f 5980 6219 6140
f 6221 6220 6139
f 6753 6203 6201
f 6305 6140 6219
f 6144 6379 5971
f 6140 6305 6057
f 6140 6057 6215
f 6134 6209 6212
f 6576 6775 6581
f 6564 6482 6569
f 2132 2031 7957
f 4586 5836 6423
f 7179 5739 8607
f 8573 9330 8965
f 6213 6134 6212
f 5786 6130 6055
f 6055 6130 6372
f 3139 7055 6396
f 3263 6509 7153
f 5783 6125 6127
f 6126 5965 6203
f 6206 6209 6134
f 2184 2188 3637
f 6205 6371 5951
f 6296 6126 6203
f 5965 5946 6203
f 2031 7946 7957
f 3858 6414 5816
f 6871 2945 6877
f 7291 9277 1
f 6123 6047 5777
f 6350 6727 6729
f 1965 9555 8405
f 342 4314 9194
f 6369 6052 6199
f 4184 4100 4923
f 6046 6366 6045
f 230 660 652
f 6052 6198 6199
f 5695 6043 5855
f 8118 8116 4156
f 9537 6378 8386
f 5942 6460 6290
f 5420 5418 5608
f 6198 6459 6199
f 1776 6084 6079
f 317 2164 3595
f 887 775 233
f 6551 6119 6290
f 6483 6132 6136
f 2799 2572 2529
f 6749 6549 6039
f 5938 5774 5691
f 9132 9888 9602
f 2231 8605 5033
f 3895 4822 214
f 5693 6120 6201
f 5229 4735 4927
f 2671 2572 2799
f 9635 98 118
f 6284 5849 5523
f 9427 8830 4786
f 6283 6745 5772
f 1939 5934 2058
f 9762 1089 9760
f 477 9835 2503
f 2522 2357 2520
f 6194 6193 6280
f 6195 6193 6194
f 6114 6192 6360
f 5923 6114 6360
f 6192 5928 6281
f 2459 3101 2544
f 8534 6544 7900
f 6194 6280 5925
f 6031 6193 5926
f 7863 7870 774
f 9842 6893 5525
f 6073 5986 6226
f 9848 2671 2799
f 6272 6026 5915
f 6848 6361 6037
f 429 492 558
f 6583 6683 6487
f 840 534 880
f 8648 9200 2719
f 6025 6105 6186
f 1919 3814 5798
f 5568 753 2642
f 9679 9142 9136
f 5263 8674 3184
f 6023 6104 6185
f 7721 7715 7005
f 6185 6182 6180
f 8096 8387 8653
f 6266 6267 5602
f 7987 2614 7216
f 6266 6181 6183
f 6178 6265 6183
f 8728 9306 4284
f 8570 8832 8699
f 5769 4188 4947
f 4049 9848 2799
f 6182 6021 6180
f 6178 6183 6098
f 6261 6021 6182
f 8629 2666 9213
f 6339 6177 6256
f 6965 5631 268
f 5159 5158 5484
f 290 57 8770
f 6178 6098 6256
f 887 4216 910
f 6258 6020 6102
f 5290 4803 5295
f 5652 5561 5993
f 6421 6336 6094
f 6519 6623 6342
f 6332 598 3833
f 6016 6420 6096
f 6094 6336 5909
f 7051 7136 7230
f 6016 6334 6420
f 6173 6334 5908
f 1013 9673 5645
f 5909 6336 6418
f 2567 2658 2569
f 6161 6329 6089
f 6171 6170 6506
f 6415 6173 5907
f 6171 5673 5833
f 6015 6252 6014
f 5865 5786 5449
f 6415 5907 6171
f 6013 6014 6252
f 7637 3013 4394
f 3730 579 1077
f 6013 6252 6251
f 6170 6171 5833
f 6008 6087 6091
f 6165 6164 6408
f 6480 4651 6481
f 8415 9991 4207
f 8877 8875 9230
f 5755 6165 6405
f 7034 5190 5782
f 1192 45 2218
f 5636 5538 5794
f 7176 6930 7305
f 8756 9340 4038
f 4774 5389 4779
f 8648 2850 8031
f 9387 9881 9869
f 6085 5819 5901
f 6006 6327 5828
f 8484 9079 833
f 2535 8484 833
f 6701 6502 6973
f 239 263 261
f 3593 873 1036
f 5744 6085 6400
f 8295 8296 9927
f 8933 4391 3035
f 3010 5921 3016
f 6480 6481 7134
f 6000 5746 6155
f 5746 5998 6155
f 6082 5895 6153
f 4357 4479 4481
f 127 1286 1267
f 6154 6078 6495
f 5741 5653 6000
f 6226 6228 6073
f 6073 5890 5885
f 6150 5880 5733
f 6444 5356 4123
f 9137 8542 8545
f 5790 7034 1514
f 4745 4933 4663
f 6068 5993 6066
f 9333 4107 9347
f 6452 8440 7100
f 600 463 1384
f 6064 6226 5986
f 9753 937 9549
f 5806 5878 5981
f 9991 8415 5659
f 5875 6386 6061
f 6144 5556 6310
f 7129 7753 7482
f 5799 5873 6215
f 2771 5659 5665
f 5765 5520 5685
f 3706 8879 3296
f 1717 2092 1607
f 5977 6138 5970
f 6215 6138 5977
f 6607 6617 8567
f 6388 6224 6684
f 6134 6213 6059
f 7383 7384 7517
f 4120 7321 5461
f 6775 6958 7470
f 6620 7293 7961
f 5865 6130 5786
f 5951 5862 6205
f 5864 6206 6134
f 5963 5965 6126
f 7866 7872 3264
f 8276 8413 7970
f 6299 6298 5701
f 6298 5954 5780
f 6370 5778 5954
f 5958 6126 6296
f 6296 5956 5958
f 5954 5778 5779
f 6578 6576 6377
f 6369 6206 5864
f 6371 5776 5951
f 6296 6123 5956
f 6052 6369 5864
f 5946 5965 5784
f 5863 5947 6052
f 6201 5946 5693
f 5859 6122 6365
f 9104 2630 6509
f 6201 6203 5946
f 3734 5124 9484
f 6757 6764 8102
f 6009 9489 5729
f 5853 6046 5945
f 5947 6198 6052
f 7174 7166 7170
f 5717 8329 5124
f 2174 1154 2148
f 5693 5774 6120
f 8585 7964 9168
f 5856 6119 5941
f 6119 6043 5941
f 5941 6043 5695
f 5856 6290 6119
f 2008 8940 5042
f 6532 8117 8710
f 6476 2 5103
f 6284 5850 6454
f 1995 2907 935
f 5612 5937 6037
f 2797 2138 2295
f 9288 4156 8116
f 9749 6935 6920
f 5768 6453 6283
f 863 3070 1369
f 5935 5926 6195
f 1834 2186 10000
f 4391 3155 3098
f 5768 5845 6112
f 5930 5935 6195
f 9101 8457 28
f 409 1190 9561
f 9496 5696 5817
f 6116 6114 5923
f 6193 6195 5926
f 7793 4685 1966
f 1006 4291 968
f 3882 2799 2529
f 5928 6192 5681
f 6114 5681 6192
f 5242 5136 5640
f 1188 6824 3002
f 9512 3394 4172
f 4188 3291 4133
f 6111 3465 4206
f 2126 3394 9512
f 5845 5924 6112
f 1520 1685 1270
f 767 1920 757
f 6029 6030 6277
f 6031 5918 6110
f 7186 9106 5343
f 6109 6107 6352
f 6109 6354 6110
f 1259 1563 1564
f 6027 5916 6029
f 3072 2594 3009
f 6109 5918 5919
f 6108 6352 6107
f 9614 9705 9135
f 5929 6116 5844
f 6187 6105 5842
f 5602 6267 6023
f 1863 6333 1971
f 6180 6021 6024
f 5602 6181 6266
f 6099 6022 5763
f 6183 6099 6098
f 5763 5762 6099
f 6429 6717 6519
f 6181 5602 6022
f 6022 6099 6181
f 9754 3720 6448
f 6074 8625 6682
f 6177 6178 6256
f 6519 6900 6623
f 5912 5761 6020
f 3210 2920 2652
f 8800 570 674
f 9852 5728 359
f 7051 6981 7136
f 6702 9965 8988
f 5671 5758 6250
f 5596 6172 6015
f 5674 6171 5907
f 6172 5596 5909
f 6331 5758 6013
f 6251 6331 6013
f 6158 5892 6323
f 5581 6822 5562
f 8842 4904 9908
f 4913 4133 4094
f 6088 5830 5756
f 6087 6008 5823
f 6088 5755 6405
f 5921 1495 4422
f 8499 8460 1805
f 5623 5313 5779
f 5830 6246 5825
f 6161 6089 5903
f 7228 7936 5994
f 5898 5901 5819
f 1089 7087 4312
f 5834 754 7069
f 8297 4757 8850
f 6400 5996 5744
f 5405 5994 7954
f 5457 5545 5229
f 8443 6444 2452
f 5998 5891 6239
f 5891 6154 6239
f 6076 5995 5992
f 8017 6079 4828
f 6152 5741 6321
f 5411 5284 5069
f 5741 6000 6321
f 5813 6078 6154
f 1395 8956 9508
f 6237 5652 6075
f 6076 6153 5995
f 6075 5652 5993
f 4187 5648 5642
f 3736 5356 4042
f 9862 1341 9946
f 5644 5733 5880
f 5017 4184 4940
f 1154 2143 2148
f 7264 7249 6595
f 500 2577 1599
f 8378 9519 7722
f 6229 6227 5880
f 9043 9269 9047
f 8842 8287 7646
f 4394 8275 434
f 6068 6066 6063
f 6068 6063 5878
f 5802 5872 6067
f 1120 4327 384
f 5878 6063 5981
f 5407 8585 6001
f 5976 6064 5986
f 5872 6062 6065
f 6219 6307 6305
f 6220 6062 5872
f 9256 9778 7262
f 6221 6062 6220
f 6067 5872 6065
f 6140 5873 5980
f 6219 5980 6061
f 6144 5971 5720
f 8041 8035 3143
f 3125 7119 5667
f 5827 1287 2253
f 9372 4397 8794
f 5292 552 2466
f 5959 5965 5869
f 4184 4947 4100
f 4598 4490 6836
f 5708 5957 6127
f 6059 5864 6134
f 9893 9934 4450
f 2214 2039 9061
f 5282 5673 5507
f 3923 7836 9063
f 4598 6836 9716
f 5312 5102 5323
f 7432 6756 8701
f 5784 5965 5959
f 5862 5951 5625
f 5951 5776 5625
f 8908 849 5979
f 6127 5957 5783
f 1557 624 1570
f 9881 9396 9869
f 6125 5783 5624
f 9377 24 8830
f 7041 6396 7055
f 6271 6629 6270
f 8628 7350 8637
f 6052 5864 5863
f 5946 5784 5693
f 5778 6050 6122
f 3183 9233 7247
f 6697 8966 8962
f 6991 6722 7060
f 1284 3066 2273
f 1091 4327 9556
f 8718 4934 3507
f 2245 6936 1133
f 652 1017 8679
f 8038 9101 28
f 8718 7443 4934
f 5528 5853 5945
f 7324 8023 7326
f 6046 6045 5943
f 50 2219 2224
f 1479 8733 7411
f 5859 6042 5948
f 5948 6042 5947
f 8824 7634 9400
f 5773 5851 6039
f 7052 7139 7232
f 3507 6765 8718
f 5615 5773 6039
f 9396 9881 4546
f 6037 6361 5524
f 1956 7762 7263
f 5849 7182 6547
f 1620 9882 9476
f 1190 409 7164
f 5608 5418 5929
f 6794 7443 8140
f 5681 6116 5929
f 2098 254 282
f 9899 9387 9400
f 5658 5388 5060
f 3592 8725 9820
f 6116 5923 5844
f 3015 876 875
f 5924 5845 5925
f 2518 635 6500
f 5924 5925 6280
f 8158 3549 6156
f 5923 5843 5844
f 5923 6030 5843
f 5372 5241 5730
f 6272 5915 5914
f 1231 1927 2841
f 5916 6108 6107
f 57 6940 8770
f 5916 6027 6108
f 6940 57 1505
f 6107 6109 5919
f 5915 6026 6187
f 5842 5915 6187
f 6023 6024 5603
f 8454 7816 7815
f 5889 3016 5921
f 8151 5932 8740
f 5762 6098 6099
f 6687 6872 7114
f 6256 6098 5839
f 6019 6020 6258
f 6098 5762 5839
f 1066 4541 1055
f 5912 6020 6019
f 5546 6822 3680
f 6255 6094 5508
f 8024 7350 8628
f 5228 5348 6135
f 1881 1635 1704
f 5411 6173 5908
f 1217 9944 7699
f 5673 6171 5674
f 4834 7338 5478
f 2966 2984 6758
f 6167 5670 5592
f 5592 6089 6167
f 5411 5907 6173
f 5832 5670 6164
f 5671 6250 5902
f 82 8688 30
f 431 2527 2197
f 6164 5670 6167
f 1573 2709 2749
f 6132 6483 6772
f 6090 5478 1996
f 380 8763 4202
f 2195 6041 82
f 9522 9731 9647
f 7454 7330 7329
f 8637 7350 6095
f 9968 2181 3615
f 5129 5344 5125
f 5744 5499 6085
f 6082 5750 5895
f 5740 5896 6002
f 5423 1901 2019
f 162 5821 4412
f 6237 6323 5892
f 6721 8659 6100
f 5746 5891 5998
f 6237 5892 5652
f 8682 8947 9086
f 5811 5810 5995
f 8484 5888 9617
f 5202 3765 7966
f 5992 5995 5810
f 5596 4894 5676
f 5644 5880 6227
f 5083 4800 4988
f 1384 161 5978
f 5986 5885 5882
f 5986 6073 5885
f 7193 435 2953
f 6158 6889 6326
f 5988 5807 6145
f 1108 9673 1013
f 9519 8378 9533
f 5800 5647 5723
f 6066 5982 6063
f 6617 7952 8567
f 6772 6567 6132
f 5986 5800 5976
f 1306 163 3086
f 4103 3731 3808
f 5996 5808 5650
f 481 1140 2507
f 5806 5981 5640
f 489 8885 9427
f 4895 3457 2636
f 6063 5982 5871
f 5981 6063 5871
f 1265 77 2224
f 5982 5869 5871
f 6747 6121 7429
f 6215 5873 6140
f 5871 5868 5981
f 8519 7901 7196
f 1275 260 268
f 9899 8911 5749
f 6057 5630 6138
f 1308 841 1174
f 5332 4929 5533
f 1795 1821 5575
f 8527 4309 5254
f 5869 5965 5871
f 5578 9933 9908
f 6005 6087 5823
f 30 6824 1188
f 5864 6059 5538
f 4184 5015 4947
f 1063 9484 5124
f 4834 7321 7338
f 6836 4490 462
f 9864 1344 7242
f 5963 6126 5958
f 6337 6096 6422
f 9535 6300 6351
f 2866 2955 3328
f 5494 5735 5496
f 5786 6055 5785
f 5779 5780 5954
f 6055 6299 5785
f 4142 4831 74
f 2965 7202 1256
f 5785 6299 5705
f 427 4393 2953
f 6877 2945 3634
f 6299 5701 5705
f 5857 6460 5942
f 5779 5438 5780
f 2706 2651 9077
f 5535 5947 5863
f 9396 4904 9394
f 2397 1372 1403
f 5948 5947 5535
f 652 660 7559
f 5856 5621 5942
f 2529 2572 5646
f 1749 4880 7656
f 6290 5856 5942
f 6366 6668 6468
f 5527 5776 5851
f 598 2689 3833
f 2224 77 50
f 5850 6039 6549
f 6039 5850 5615
f 4777 5634 6244
f 5615 5850 5523
f 8137 3508 8121
f 3347 2303 8020
f 4949 4845 4952
f 9085 2712 131
f 689 1889 1869
f 7521 7261 7809
f 5935 5930 5682
f 6794 6141 7443
f 6664 8604 7321
f 6035 5680 5610
f 4377 2927 5787
f 9496 9960 5696
f 1252 9933 9960
f 5451 4224 6439
f 5490 5493 5267
f 2063 5820 8409
f 7938 1706 5798
f 7301 506 1418
f 7493 4698 628
f 6031 5926 5919
f 2825 2403 2733
f 6151 9309 8162
f 5916 6107 5919
f 5842 5914 5915
f 6357 877 8213
f 5914 5842 6270
f 6105 6025 5842
f 3133 7413 6004
f 4598 1081 7633
f 8623 6069 8024
f 5676 6094 5909
f 1768 1769 1898
f 6728 6733 3539
f 3218 2620 7559
f 8935 9477 6168
f 4722 8280 8295
f 7590 2204 7006
f 1576 9960 9496
f 8111 61 32
f 7306 3030 502
f 5282 5279 5833
f 6091 5833 5664
f 5709 5626 5959
f 5903 5828 6161
f 7363 6716 2277
f 3055 1484 1622
f 9349 4252 6763
f 5664 6008 6091
f 5273 5501 5587
f 5589 5590 5898
f 7387 9120 8574
f 5740 5586 5896
f 5819 5269 5898
f 7016 6364 7020
f 6085 5499 5819
f 6844 5572 9851
f 9508 8935 6403
f 5890 5748 5747
f 4991 4940 4130
f 7374 7939 7513
f 5895 5995 6153
f 5748 5890 5997
f 5746 5657 5891
f 6002 6317 5740
f 3988 9116 5331
f 6129 2898 2909
f 762 2546 2551
f 3746 9401 8876
f 6697 8962 1540
f 6595 5412 6011
f 5737 5741 6152
f 4777 8240 7589
f 4427 2353 8111
f 7339 7336 1435
f 5887 5733 5567
f 5580 2527 431
f 6831 629 7511
f 5743 5732 5742
f 5737 6152 5887
f 5881 5804 5876
f 5732 5881 5805
f 8180 6191 6854
f 6329 6161 6328
f 5371 6066 5993
f 5881 5876 5805
f 4296 7511 8194
f 7202 7195 1256
f 5192 3668 4457
f 5882 5647 5800
f 5989 6310 5556
f 6067 6145 5807
f 5878 5806 5644
f 9041 8437 7802
f 7810 1501 8452
f 5723 5647 5730
f 5726 5806 5640
f 2303 5264 8020
f 1477 7853 7751
f 5802 6067 5807
f 441 5400 4402
f 948 6303 8458
f 5873 5799 5724
f 1149 7565 10
f 2834 864 5852
f 3084 9679 9136
f 2806 9952 1145
f 5182 5883 4431
f 1175 8183 7042
f 5970 5714 5972
f 482 1651 1617
f 5630 5970 6138
f 5972 5714 5542
f 5981 5868 5242
f 1416 8571 8563
f 6882 5609 4374
f 4807 4864 1167
f 5794 5538 6059
f 5538 5448 5864
f 5963 5871 5965
f 5871 5963 5868
f 5974 8045 1575
f 5970 5630 5714
f 6747 8687 6121
f 6035 5610 5849
f 9399 5620 5617
f 5083 5422 4995
f 6877 4229 6871
f 5448 5863 5864
f 3107 7401 5968
f 2387 2377 1548
f 3021 3015 875
f 7493 9961 3212
f 8304 9450 8854
f 5779 5778 5623
f 5776 5527 5625
f 5156 1579 7553
f 5876 5724 5805
f 4571 544 548
f 9077 7833 2706
f 6122 5859 5437
f 5942 5777 5857
f 8908 8236 942
f 5621 5777 5942
f 7663 9944 1371
f 6131 7437 5529
f 5856 5941 5530
f 5855 5853 5528
f 8597 9189 9722
f 8317 1629 8045
f 7018 7019 7458
f 5693 5526 5774
f 7589 8240 3634
f 3630 8495 5026
f 5774 5526 5691
f 5584 5643 2348
f 6369 6471 6209
f 6009 6995 8949
f 4396 4137 4267
f 8734 7451 6777
f 7456 8734 6782
f 9828 333 9981
f 6822 8771 3680
f 5757 7712 7004
f 5994 5384 7228
f 8258 8836 9393
f 6372 6299 6055
f 6049 6700 5346
f 5681 5418 5928
f 5836 9035 9570
f 5418 5681 5929
f 5685 5844 5765
f 5765 5926 5935
f 4697 652 7559
f 2826 3812 5803
f 2572 2671 2304
f 9004 8409 5820
f 5927 5679 5680
f 5803 3812 2498
f 3812 5643 2498
f 5766 5679 5927
f 8031 2850 9244
f 5492 5256 5573
f 5925 5845 5289
f 881 1762 2575
f 5844 5843 5765
f 5649 6259 7618
f 5765 5843 5916
f 5765 5916 5926
f 5926 5916 5919
f 3186 3192 5214
f 1898 1769 2115
f 6363 6658 6042
f 5842 6271 6270
f 4825 7633 1271
f 1427 1319 1420
f 6022 5287 5763
f 5601 6102 6020
f 5761 5601 6020
f 5763 4985 5762
f 9142 4186 9136
f 5413 5760 5911
f 6089 5669 5903
f 5672 5505 5670
f 6015 6014 5675
f 5282 5833 5673
f 5408 5758 5671
f 8523 2970 386
f 5832 5755 5594
f 5672 5670 5832
f 5905 2304 2671
f 5832 6165 5755
f 5592 5669 6089
f 5830 5403 5756
f 6012 6004 7433
f 9958 6012 1534
f 5903 5752 5828
f 6008 5663 5823
f 6006 5828 5396
f 5269 5274 5898
f 1360 384 2191
f 2263 7009 2248
f 5583 6326 6005
f 5583 6005 5585
f 4656 3170 6034
f 9193 8599 9722
f 8475 23 50
f 4510 3714 109
f 5499 5650 5392
f 9545 9661 9296
f 6326 5894 5892
f 5191 6378 8375
f 5997 5660 5748
f 5660 5658 5060
f 5894 5573 5655
f 826 9538 9431
f 8844 6245 8838
f 5890 5747 5885
f 5490 5742 5493
f 3200 2322 7012
f 1252 872 9933
f 5166 5061 4543
f 5790 1514 8975
f 3407 4914 4921
f 9041 6032 8437
f 2546 762 7053
f 1080 899 1163
f 9465 9951 9871
f 5989 5565 6317
f 5887 5567 5737
f 4407 5597 6953
f 5964 7304 5922
f 5804 5881 5734
f 5706 5319 5324
f 4425 3039 488
f 3317 1215 8866
f 6520 6720 6432
f 6432 6720 6718
f 1876 1694 1806
f 6358 6110 6355
f 5376 5556 5720
f 5801 5483 5564
f 3271 2384 8499
f 5988 5554 5807
f 5921 2938 5889
f 2938 5921 4422
f 5644 5806 5726
f 5801 5804 5483
f 5700 839 7668
f 5876 5801 5873
f 5371 5982 6066
f 5802 5719 5872
f 5802 5807 5719
f 5874 5980 5801
f 5058 5378 5489
f 5639 5724 5799
f 5723 5797 5800
f 7304 7239 5922
f 5972 5639 5977
f 5980 5874 6061
f 3979 3432 7698
f 5718 5797 5723
f 5638 5869 5982
f 5242 5640 5981
f 5637 5972 5542
f 9453 9322 9323
f 2348 8674 5584
f 5976 5797 5713
f 6254 6172 6418
f 84 1135 1968
f 5963 5539 5868
f 5868 5539 5455
f 3534 2618 8473
f 3856 3066 5337
f 5963 5958 5539
f 5326 5630 6057
f 4579 4747 4446
f 5626 5784 5959
f 6707 3519 5368
f 5786 5706 5324
f 159 1193 4210
f 9770 2689 9813
f 3047 3046 2980
f 9077 2651 4875
f 8476 4875 3876
f 6124 3583 5454
f 5440 5439 5534
f 2139 2471 2893
f 522 9988 564
f 5701 5780 5438
f 8674 2348 3296
f 6046 5943 5945
f 5437 5948 5533
f 5316 5777 5621
f 8524 8520 5920
f 7844 2706 7833
f 5956 5536 5958
f 2728 2732 2647
f 5863 5448 5535
f 6388 6393 6145
f 5301 5527 5773
f 2706 7844 86
f 2384 2425 8667
f 4922 5206 5315
f 8949 6995 6999
f 4126 5097 8416
f 4883 8051 9208
f 5519 5689 5685
f 8166 97 1130
f 2304 537 2572
f 4947 4913 4100
f 5608 5685 5689
f 5520 5765 5686
f 5517 5686 5935
f 5685 5520 5519
f 5768 5770 5606
f 4172 3394 8019
f 2712 8439 131
f 5767 8399 9000
f 4814 4809 8363
f 5928 5416 5766
f 372 9125 7652
f 5510 5511 5761
f 6363 6042 5859
f 5911 5839 5183
f 6024 5288 5603
f 5602 5415 6022
f 2031 9175 7946
f 5287 6022 5415
f 5514 5601 5511
f 1819 9127 9886
f 6282 228 1879
f 5912 6255 5508
f 5071 5760 5181
f 1203 7280 9156
f 5242 5031 5136
f 454 9653 339
f 4894 4980 5508
f 9328 6940 452
f 6016 5411 5908
f 6016 5760 5071
f 3551 3737 9778
f 5516 5289 5845
f 5758 5408 5675
f 5758 5675 6013
f 5571 5653 5741
f 5675 6014 6013
f 5066 4885 4974
f 8927 4822 3895
f 5902 5590 5671
f 259 323 222
f 8842 9394 4904
f 3416 1627 6734
f 762 780 1945
f 8079 5627 1317
f 5825 5896 5395
f 5274 5589 5898
f 1446 797 470
f 5587 5501 5823
f 5501 5585 5823
f 3225 2460 340
f 5394 6006 5396
f 5060 5166 5660
f 5819 5499 5269
f 6146 5996 6231
f 5736 6995 5140
f 5735 5885 5747
f 5660 5997 5658
f 2938 5803 5889
f 5493 5742 5486
f 5743 5742 5490
f 5576 5380 5657
f 5744 5996 5650
f 5811 5895 5495
f 5949 6527 262
f 5488 5740 5565
f 5735 5574 5647
f 5741 5737 5571
f 5655 5652 5892
f 5885 5735 5882
f 5734 5881 5490
f 4787 4782 4972
f 5743 5490 5881
f 5567 5570 5737
f 5570 5571 5737
f 5479 5742 5732
f 5881 5732 5743
f 5735 5647 5882
f 9061 3736 6375
f 3635 8495 3630
f 7782 7781 7911
f 5376 5565 5989
f 8117 3592 2032
f 5556 5376 5989
f 5483 5804 5734
f 5810 5651 5377
f 5580 6303 2527
f 5558 5732 5805
f 45 10 8416
f 5796 7041 9546
f 5993 5561 5371
f 5557 5644 5726
f 5159 4952 4850
f 7049 5205 7748
f 5564 5483 5480
f 8232 9405 9146
f 7532 4310 657
f 9079 552 833
f 2684 3364 3562
f 6268 6349 6185
f 7049 8988 8401
f 5471 5807 5554
f 5801 5876 5804
f 7751 7853 4825
f 5553 5805 5724
f 2938 4422 2826
f 5726 5640 5364
f 5839 5512 5183
f 5807 5471 5719
f 7487 8789 3208
f 5637 5551 5639
f 5363 5638 5982
f 5719 5636 5794
f 5558 5479 5732
f 5375 5246 5048
f 4823 3309 1516
f 6177 6339 6429
f 5637 5639 5972
f 710 3309 4823
f 7782 7911 8506
f 8437 276 7015
f 5794 6220 5719
f 8457 2240 28
f 5636 5467 5538
f 5294 7515 6746
f 5709 5638 5354
f 5709 5869 5638
f 6005 6502 6087
f 5304 9095 5888
f 5809 7057 5815
f 3125 2232 7119
f 9143 1260 1317
f 1081 4598 9716
f 7405 7409 7546
f 2923 2913 3757
f 4705 6113 3120
f 5535 5533 5948
f 1018 975 739
f 5625 5326 6057
f 8898 7654 8767
f 1864 1015 3199
f 1043 7 3362
f 5785 5705 5706
f 5786 5785 5706
f 3344 3346 8910
f 7312 8596 3171
f 3005 1149 1192
f 9422 7150 1568
f 5326 5625 5527
f 2485 2489 382
f 5316 5699 5777
f 5526 5693 5436
f 7697 8628 3525
f 5436 5693 5784
f 5530 5621 5856
f 4103 4637 4176
f 5206 5316 5621
f 7868 6490 5812
f 7885 6490 7868
f 8336 6335 8332
f 5945 5697 5528
f 5707 5958 5536
f 652 2855 1017
f 6344 846 3872
f 3155 4742 3098
f 6794 8140 7464
f 3259 1522 1666
f 1357 9168 1231
f 2092 8440 9577
f 4571 533 544
f 9085 7190 2712
f 5530 5941 5695
f 9879 290 8770
f 6244 6910 4891
f 5686 5765 5935
f 6452 6437 8440
f 6579 6581 6487
f 3098 3035 4391
f 5772 5612 5606
f 839 4414 770
f 5976 5713 6137
f 5682 5517 5935
f 2959 5137 5822
f 5967 3323 5969
f 7493 3212 4698
f 5680 5679 5295
f 3398 1958 31
f 4536 3464 8771
f 1868 1725 3454
f 3673 2614 7987
f 9778 3059 3551
f 1433 458 3018
f 3775 3625 4069
f 9171 3335 7935
f 5768 5606 5516
f 5766 5416 5679
f 2365 2349 3446
f 5119 5329 5224
f 2901 4467 7471
f 5515 5288 6024
f 5603 5415 5602
f 5515 6024 6021
f 1908 1992 1860
f 5601 5514 6102
f 5512 5839 5762
f 4588 4392 4838
f 8941 4880 1755
f 5508 5510 5912
f 1593 1330 1438
f 5575 4826 4749
f 659 1841 1815
f 5150 3157 3858
f 9189 7949 1992
f 5674 5411 5507
f 4205 4387 4395
f 5279 5664 5833
f 2031 2132 3423
f 5755 5756 5591
f 5403 5591 5756
f 5395 5403 5830
f 5395 5173 5403
f 1039 2832 9310
f 5664 5279 5401
f 5401 5663 5664
f 5396 5752 5278
f 5896 5825 6246
f 3416 6734 6649
f 5782 9532 7034
f 3365 3416 6649
f 2387 6356 2377
f 5823 5663 5587
f 2148 2135 2147
f 5501 5391 5585
f 7002 7173 6929
f 5581 8182 8173
f 2688 6411 1901
f 5393 5496 5747
f 5393 5747 5748
f 2826 5803 2938
f 5746 5576 5657
f 5488 5586 5740
f 5583 5573 5894
f 9193 2231 5033
f 774 9663 801
f 9149 9724 9634
f 3900 9699 1765
f 5388 5057 4964
f 7179 8607 2132
f 5487 5380 5576
f 5891 5657 5388
f 4680 2307 1299
f 5381 5487 5576
f 5260 5734 5490
f 5507 5069 4890
f 5655 5561 5652
f 5099 5101 5532
f 3247 3893 6081
f 5564 5650 5808
f 9798 9229 9486
f 5651 5811 5379
f 7655 5687 5092
f 5810 5377 5988
f 5557 5733 5644
f 5574 5560 5647
f 5698 7664 6297
f 3935 196 3965
f 1725 7140 5298
f 2752 3227 2512
f 9950 9879 8770
f 5647 5560 5730
f 4467 2901 943
f 5561 5250 5371
f 5570 5253 5159
f 920 1779 914
f 5561 5655 5573
f 3690 1815 5522
f 8150 1140 481
f 3609 881 1977
f 5805 5553 5558
f 935 3470 1995
f 5730 5357 5723
f 6987 6988 7243
f 5357 5718 5723
f 28 9779 4036
f 9909 6448 3720
f 5471 5636 5719
f 6843 3627 7569
f 5548 5551 5635
f 6607 6628 6617
f 5468 5239 5548
f 3358 3308 3381
f 153 1421 8667
f 8441 9588 9585
f 5468 5548 5635
f 1808 9701 3900
f 3016 6092 3010
f 4951 5256 5161
f 5345 5234 5468
f 6135 5348 6136
f 5706 5705 5319
f 808 733 569
f 911 870 869
f 5327 5459 5542
f 441 7637 567
f 6135 5449 5228
f 5626 5709 5543
f 5553 5724 5639
f 5994 7936 7954
f 5449 5786 5221
f 5705 5701 5438
f 5783 5325 5624
f 3059 2850 3551
f 7451 7437 6777
f 5313 5438 5779
f 7909 5950 7901
f 31 1932 3398
f 3344 7612 1698
f 5945 5943 5697
f 5621 5530 5206
f 5532 5855 5099
f 1158 1172 8217
f 6092 4742 3010
f 5691 5526 5090
f 5301 5773 5615
f 5615 5523 5196
f 2416 3873 3884
f 5867 823 3496
f 9104 5331 9116
f 5307 5527 5301
f 6336 6510 6418
f 5520 5521 5519
f 5085 5613 5517
f 5520 5613 5425
f 5523 5610 5193
f 4452 380 7188
f 8542 9137 9130
f 9352 4221 4213
f 2173 945 2420
f 5689 5420 5608
f 5084 5689 5519
f 9893 9779 1095
f 6316 490 4147
f 3887 5848 8441
f 5425 5613 5085
f 8763 380 4452
f 3604 3601 3439
f 7196 5350 3997
f 2850 3059 9244
f 2686 3683 1024
f 4427 3308 9219
f 5478 7338 1944
f 7606 3668 9659
f 2779 5498 9404
f 5515 6021 5514
f 5288 5415 5603
f 383 516 414
f 187 195 1216
f 6796 8758 7456
f 4985 5512 5762
f 5514 5511 5414
f 2353 2334 9826
f 5510 5761 5912
f 5975 6285 6282
f 8778 6174 8175
f 3183 3854 9233
f 5827 2253 209
f 5000 6285 5975
f 7664 5698 8922
f 5676 4894 5508
f 5410 5675 5409
f 5071 5284 5411
f 5596 6015 5595
f 4886 4889 5591
f 4975 5406 5402
f 6812 7485 9331
f 5669 5592 4887
f 4887 5592 5505
f 5590 5402 5671
f 6812 9331 5572
f 5066 5903 5669
f 5752 5903 5066
f 6559 7910 4726
f 5589 5402 5590
f 5905 9848 3035
f 6288 1861 6291
f 4977 6291 1861
f 5640 5136 5364
f 3327 8703 4008
f 5492 5265 5161
f 5501 5500 5391
f 9933 8842 9908
f 5166 5393 5660
f 4300 8740 4265
f 6090 6704 4883
f 8051 4883 6704
f 8044 6095 8659
f 9294 3007 6761
f 6949 6953 8293
f 9396 4546 4904
f 5167 5261 5495
f 5261 5379 5495
f 1749 7656 4863
f 8083 3249 5109
f 5494 5489 5574
f 5057 5388 5380
f 5388 5658 5891
f 8527 5254 7896
f 5493 5486 5577
f 5494 5574 5735
f 9393 4603 4397
f 2226 427 2953
f 5267 5260 5490
f 2671 9848 5905
f 3611 7138 2430
f 5811 5495 5379
f 5791 8386 6378
f 5380 5487 5258
f 5489 5560 5574
f 5561 5573 5256
f 5571 5484 5381
f 5480 5650 5564
f 5488 5565 4761
f 8102 7429 6121
f 5437 5859 5948
f 5379 5377 5651
f 5567 5253 5570
f 7972 8605 2231
f 8073 260 2082
f 9222 6719 9208
f 2174 2148 2147
f 4156 9299 8118
f 4761 5565 5376
f 8341 8752 8208
f 3313 4024 974
f 5480 5483 5382
f 5558 5472 5374
f 3670 3649 3656
f 5560 5372 5730
f 5988 5377 5554
f 7488 3065 2145
f 5734 5382 5483
f 3759 5163 3088
f 5557 5726 5369
f 5357 5730 5241
f 5553 5472 5558
f 5363 5982 5371
f 6288 5029 5003
f 5609 8804 4280
f 5553 5639 5470
f 5639 5551 5470
f 7539 3272 101
f 5359 5469 5351
f 5363 5354 5638
f 6136 5348 5971
f 5545 5457 5469
f 5464 5709 5354
f 5237 5545 5349
f 5349 5545 5469
f 5003 5029 3545
f 6597 8110 5974
f 7964 8585 5407
f 5235 5460 5718
f 5718 5460 5797
f 5543 5464 5469
f 1493 5123 2319
f 5339 5468 5635
f 5469 5457 5543
f 5797 5460 5336
f 5459 5339 5635
f 5468 5339 5345
f 5120 5339 5459
f 7280 1203 6653
f 5543 5457 5629
f 7559 660 3218
f 6631 7962 4799
f 4989 4988 4715
f 5234 5345 5233
f 3448 5990 1519
f 5249 1008 5240
f 6053 7307 6651
f 5666 3896 3025
f 2855 652 4697
f 8728 4284 9820
f 5538 5127 5448
f 6341 6428 6425
f 5447 5222 5707
f 5714 5630 5326
f 5456 5452 4935
f 5786 5324 5221
f 5442 5534 5329
f 5220 5447 5536
f 5220 5536 5699
f 3177 3731 3182
f 7308 7985 7303
f 5209 5326 5527
f 837 4978 6932
f 5442 5440 5534
f 5535 5448 5332
f 4891 6910 9903
f 4775 4874 5273
f 5323 5102 4931
f 5783 5957 5325
f 2850 8648 2719
f 5533 5105 5437
f 9059 1973 9897
f 8592 4799 7962
f 8761 8151 3123
f 8449 8452 9049
f 5319 5705 4918
f 5210 5623 6122
f 6331 6250 5758
f 5530 5532 5315
f 5336 5460 5024
f 5010 5004 5320
f 5528 5697 5203
f 8761 3123 9843
f 5508 5184 5510
f 8010 7312 1584
f 5197 5198 5303
f 1856 1849 6264
f 2008 5042 6357
f 5196 5523 5193
f 9365 9598 8751
f 5093 5300 5303
f 5653 5576 5746
f 5746 6000 5653
f 272 137 4603
f 5425 5521 5520
f 190 3359 1483
f 6622 3380 1024
f 5295 4901 5610
f 9566 586 1912
f 5679 5416 5290
f 5682 5289 5517
f 5606 4988 5516
f 4301 2726 4313
f 5680 5295 5610
f 5925 5289 5682
f 4565 7633 4825
f 783 4345 2761
f 9097 2008 6357
f 4629 1415 2855
f 3723 2851 996
f 5075 5514 5414
f 441 567 5400
f 6949 8289 5677
f 5815 7057 1858
f 4475 4784 4543
f 1995 4144 1012
f 2734 8383 4207
f 5817 5696 5321
f 5075 5515 5514
f 3011 139 3723
f 2114 2117 2135
f 5411 5069 5507
f 5408 5409 5675
f 5591 5594 5755
f 8163 7492 4959
f 5406 5408 5671
f 4397 9377 8794
f 5594 4889 5178
f 5594 5178 5672
f 8520 41 9095
f 5289 5516 4989
f 3383 4410 71
f 5430 4799 8592
f 3912 4194 4317
f 5401 5397 5663
f 5173 5395 5275
f 5397 5587 5663
f 5393 5168 5496
f 5587 5397 5273
f 5276 5589 5274
f 24 4603 137
f 4603 9377 4397
f 5269 4966 5274
f 2196 5215 2203
f 9377 4603 24
f 5583 5585 5391
f 5499 5392 5269
f 1519 5990 4316
f 5265 5391 5164
f 9947 4742 3155
f 9943 4522 9356
f 731 804 1048
f 6381 5072 7849
f 5389 5494 4779
f 5500 5164 5391
f 5494 5496 4779
f 5750 5495 5895
f 5072 6381 3608
f 5486 5262 5577
f 3065 7488 1027
f 5389 5489 5494
f 5492 5583 5265
f 5495 5750 5167
f 1536 895 5095
f 5657 5380 5388
f 5012 5439 5309
f 5479 5262 5486
f 5489 5378 5560
f 9884 3309 8869
f 1587 7188 7073
f 5650 5480 5392
f 5487 5381 5258
f 197 9393 8836
f 6562 7264 6577
f 5037 9512 4172
f 5571 5159 5484
f 5570 5159 5571
f 2084 2422 2088
f 4241 161 4188
f 5255 5373 5375
f 4587 9417 6882
f 4907 4906 4998
f 5698 497 5110
f 5372 5560 5378
f 5154 5554 5377
f 8111 2353 3898
f 5374 5472 5149
f 489 6168 9477
f 5141 5149 5472
f 1298 1783 1784
f 843 4490 4598
f 5367 5138 5243
f 5431 7043 5569
f 9899 476 9881
f 1579 8015 7853
f 5472 5553 5470
f 8117 2032 8710
f 5551 5548 5470
f 4920 5105 4929
f 5470 5548 5239
f 274 220 221
f 5357 5235 5718
f 2387 4499 7005
f 1919 716 2923
f 5636 5471 5467
f 9685 9780 9344
f 5351 5469 5464
f 5862 5625 6057
f 8297 5311 4757
f 551 9971 9993
f 8045 5974 8110
f 140 2790 1994
f 5512 4898 4897
f 8840 197 8836
f 1447 651 5092
f 5345 5335 5233
f 3218 4450 2900
f 3344 8910 7612
f 4639 4898 4985
f 5720 5971 4945
f 5340 5341 5456
f 5237 5229 5545
f 5030 4939 5460
f 5467 5127 5538
f 6769 6771 6485
f 7244 7942 7264
f 5345 5339 5335
f 8226 6214 9399
f 1576 9496 9519
f 5321 4904 4546
f 5321 4546 467
f 5455 5539 5222
f 8113 8706 7429
f 7743 8192 7739
f 5457 5229 5118
f 5335 5226 5233
f 5233 5226 5453
f 2540 2536 2621
f 769 4594 2482
f 8251 8015 1579
f 5542 5714 5327
f 5456 5342 5452
f 951 44 9970
f 197 8840 529
f 5453 5226 5225
f 2487 2456 1905
f 6587 5249 251
f 5333 5021 5450
f 5220 4933 5222
f 9583 3105 9783
f 1379 7301 7270
f 5323 4931 5111
f 5460 4939 5024
f 5329 5216 5224
f 5714 5326 5327
f 8355 8949 7715
f 2456 1501 1905
f 5323 5225 5317
f 5842 6025 6271
f 5957 5450 5019
f 5316 5014 5699
f 5699 5014 5220
f 5452 5122 5224
f 5112 5436 5626
f 6691 7363 2277
f 5216 5329 5534
f 5957 5019 5325
f 7945 8015 8251
f 4746 4513 4581
f 6983 6518 6984
f 4536 2273 3464
f 8706 6747 7429
f 6288 6291 5029
f 3308 6587 9219
f 5209 5327 5326
f 6768 6769 6127
f 5118 5011 5112
f 5624 5325 5010
f 8251 1579 5156
f 5437 5210 6122
f 7195 7193 1256
f 6411 2688 5070
f 5236 5341 5340
f 5308 5440 5442
f 5207 5317 5098
f 6777 6782 8734
f 5321 9908 4904
f 5440 5429 5309
f 5308 5429 5440
f 5440 5309 5439
f 5316 5206 5014
f 5675 5410 5595
f 5974 1575 4629
f 5209 5527 5307
f 2040 2838 1212
f 7307 6070 6682
f 5309 5096 4908
f 5308 5305 5429
f 5530 5315 5206
f 5528 5203 5099
f 8121 8742 8137
f 5309 5429 5096
f 6651 9168 7964
f 2533 6730 2730
f 5305 5198 5429
f 5787 2927 2926
f 5247 7698 8043
f 4235 5082 3329
f 7308 7991 7985
f 538 407 574
f 5197 5195 4996
f 5691 5090 4995
f 5578 9908 5321
f 8317 8045 8110
f 5303 5300 5195
f 8162 7485 6151
f 5195 5300 5425
f 5749 476 9899
f 3806 1192 2218
f 4009 4007 4218
f 9533 8390 7043
f 5300 5521 5425
f 5422 5612 5524
f 803 4654 1835
f 9552 5816 1787
f 5696 5578 5321
f 5135 4844 4753
f 2727 1720 5458
f 3395 3368 189
f 5079 5290 5416
f 7055 5816 6755
f 5606 5083 4988
f 872 8296 8287
f 9417 3630 6882
f 9483 2786 8317
f 5288 5515 5074
f 4984 5511 5185
f 5288 5077 5415
f 5263 2786 9483
f 4985 5763 5287
f 5074 5515 5075
f 8754 8878 9131
f 9617 5888 6210
f 5601 5761 5511
f 5075 5414 4986
f 5185 5511 5510
f 849 8908 7672
f 4475 4474 4784
f 4688 8789 6034
f 6197 4038 9340
f 5411 5674 5907
f 5180 5284 5071
f 4932 9294 6761
f 5817 5321 568
f 5283 5409 5408
f 6949 8293 8289
f 5406 5283 5408
f 5591 4889 5594
f 5066 4887 4885
f 5178 5505 5672
f 5401 4972 4782
f 5128 5342 5341
f 5979 8236 8908
f 3016 5889 1126
f 5896 5169 5395
f 4975 5402 5065
f 5402 5276 5065
f 5403 4886 5591
f 6822 5546 5562
f 7492 8164 3928
f 5402 5589 5276
f 9960 9933 5578
f 128 6499 3719
f 9127 1819 9797
f 5223 6497 5893
f 5187 4565 4825
f 5056 5072 3617
f 3605 5072 5056
f 4783 5275 5169
f 3570 847 9059
f 5270 5394 5396
f 3011 996 6533
f 5202 6499 128
f 4965 5267 5059
f 9364 8173 8182
f 5202 7966 6499
f 9483 8110 6635
f 5524 5612 6037
f 3539 2665 6728
f 8180 8176 8175
f 5583 5492 5573
f 5501 5273 5500
f 5577 5267 5493
f 4964 5060 5388
f 5059 5577 4869
f 5796 8386 5791
f 3085 4669 4682
f 6831 3571 4982
f 5378 5058 5259
f 1421 8460 8499
f 1832 1831 1896
f 6501 7239 6557
f 9487 1217 7699
f 5492 5161 5256
f 872 8287 9933
f 5385 5480 5382
f 5392 5480 5385
f 5385 5382 5260
f 5835 5817 568
f 5484 5158 5381
f 5380 5258 5157
f 7663 1371 5212
f 5256 5250 5561
f 2275 4039 1209
f 9222 9765 2636
f 5378 4844 5372
f 3909 2405 8107
f 4265 8740 8732
f 5375 5367 5246
f 189 6500 703
f 5143 5250 4951
f 5246 5367 5360
f 5363 5250 5143
f 5367 5243 5360
f 3765 5240 2971
f 5373 5367 5375
f 5241 5135 4753
f 5040 5142 5364
f 5360 5351 5144
f 5135 5241 5372
f 8935 6168 6403
f 5364 5142 5369
f 5360 5359 5351
f 8804 5609 5002
f 5566 3280 5555
f 5611 4340 5617
f 2901 4489 2018
f 5351 5464 5354
f 9487 6286 1217
f 4188 4133 4913
f 5655 5892 5894
f 5469 5359 5349
f 5237 5349 5133
f 5032 5239 5234
f 8667 1421 8499
f 9881 467 4546
f 5471 4748 5467
f 5450 5336 5333
f 5036 5347 5133
f 4786 4718 489
f 5344 5236 5340
f 5336 5450 5713
f 5943 6470 6125
f 5708 5713 5450
f 5237 5129 5229
f 5030 5460 5235
f 8778 8175 8176
f 5112 5626 5629
f 476 467 9881
f 5221 5228 5449
f 2285 5264 213
f 5339 5120 5335
f 5539 5707 5222
f 5344 5340 5125
f 6715 6703 8065
f 8667 8499 2384
f 5453 5111 5028
f 5456 4935 5125
f 5122 5452 5342
f 753 5568 9748
f 7306 502 505
f 5333 5336 5024
f 5290 4802 4803
f 8226 9405 6887
f 1470 1472 1419
f 9724 9912 9634
f 4121 1501 2456
f 5575 4749 1795
f 5127 4938 5332
f 5119 5224 5122
f 5107 5459 5327
f 6092 3098 4742
f 5668 7866 6493
f 5019 5450 5021
f 5215 6533 6563
f 6136 5971 6379
f 1540 1500 1425
f 1777 4537 3675
f 5225 5226 5217
f 1501 7810 1905
f 5332 5533 5535
f 5209 5107 5327
f 4565 5187 3451
f 5329 5119 5023
f 4146 4278 4605
f 3745 9880 9887
f 5633 9417 4727
f 8667 2425 777
f 6697 1540 6619
f 5315 5101 4922
f 4830 5204 5023
f 5022 5324 5106
f 8548 7960 7813
f 4918 5009 5319
f 5623 5210 4916
f 7437 6131 6777
f 5001 5107 5209
f 5705 5438 4918
f 3714 9343 8162
f 5317 5207 5323
f 5323 5207 5312
f 5438 5313 4918
f 7190 9078 2633
f 5101 5315 5532
f 467 568 5321
f 4819 5099 5203
f 5306 5312 5207
f 5312 5306 5310
f 8180 6854 4406
f 5616 357 2498
f 5306 5093 5305
f 8252 6253 5053
f 5310 5306 5308
f 5436 4911 5526
f 5307 5301 5089
f 44 9625 9970
f 3655 6253 8851
f 5646 2572 537
f 5306 5305 5308
f 3667 8867 8266
f 1805 8460 5156
f 5684 317 313
f 1140 1114 2747
f 5524 4995 5422
f 5303 5195 5197
f 8460 8251 5156
f 5138 5367 5373
f 8110 9483 8317
f 5425 5085 5195
f 7680 6976 8931
f 7748 5795 8975
f 6544 8524 5920
f 1779 920 7876
f 4726 7910 8546
f 4994 4992 5084
f 2019 6586 9063
f 5081 5289 4990
f 5085 5517 5081
f 5686 5517 5613
f 8439 8595 339
f 570 8588 9092
f 5889 8918 1126
f 5889 5803 8918
f 4348 4472 4228
f 4988 4989 5516
f 5077 4797 5415
f 4386 6931 8268
f 5287 5415 4797
f 5288 5074 5077
f 2106 2183 2270
f 4797 4639 4985
f 4987 5414 5511
f 5300 4994 5521
f 8674 5263 2735
f 5185 5184 4984
f 8984 1974 1935
f 3464 2273 90
f 8984 1935 9542
f 1297 1210 1298
f 5595 4894 5596
f 3484 2452 6540
f 5406 5671 5402
f 5713 6485 6137
f 3934 8166 74
f 9927 849 7672
f 5283 4888 5409
f 4624 5178 4889
f 5279 5282 5068
f 5068 5172 5279
f 4703 5403 5173
f 5265 5583 5391
f 9480 1215 9597
f 9069 7819 4625
f 1377 2215 8538
f 3723 139 9912
f 5278 5066 4974
f 9987 444 2483
f 4431 2847 5182
f 5248 4486 3710
f 5835 568 5749
f 4866 4867 4962
f 3902 163 1323
f 5168 5393 4543
f 5166 4543 5393
f 5168 4968 5496
f 3969 9277 3143
f 5767 9000 2043
f 5060 5061 5166
f 5027 5122 5342
f 4272 2256 3998
f 5392 4872 4966
f 5500 5273 5164
f 4073 1515 1771
f 3035 1426 5905
f 5269 5392 4966
f 5401 5172 4972
f 13 33 6
f 5261 5167 4967
f 861 244 8880
f 1277 4892 6619
f 5836 4594 9035
f 4870 5385 5260
f 5635 5551 5542
f 5637 5542 5551
f 2850 2719 3745
f 5262 5479 4955
f 4760 5255 5160
f 5564 5808 5875
f 5381 5158 5258
f 9601 9606 9069
f 479 7301 2289
f 4860 5052 5157
f 5106 5009 4564
f 1181 3459 144
f 5375 5048 5160
f 5267 4870 5260
f 6529 7870 8528
f 4844 5378 5259
f 5160 5255 5375
f 5479 5558 5374
f 4619 4974 4545
f 5255 5148 5373
f 5860 848 797
f 8629 6445 7225
f 5887 6594 6394
f 4840 5554 5154
f 4844 5135 5372
f 5145 4948 5149
f 5808 6146 6386
f 109 3714 91
f 9137 3060 9130
f 4927 4724 5118
f 2283 7009 2263
f 6162 5817 5835
f 2971 7966 3765
f 5145 5149 5141
f 5369 5142 4949
f 1050 2038 1037
f 2751 8476 3876
f 2105 9136 9673
f 4840 5041 5554
f 3035 3098 1426
f 5565 5740 6317
f 5040 5364 5136
f 68 5584 8630
f 68 5616 5584
f 736 5753 2430
f 3711 3238 3480
f 5360 5243 5359
f 1053 6286 9487
f 5138 5133 5243
f 7945 5187 8015
f 2433 2365 1167
f 5243 5133 5359
f 810 6344 6319
f 5455 5031 5242
f 5348 4751 5971
f 5133 5347 5237
f 8230 6877 3634
f 5241 5235 5357
f 5459 5635 5542
f 5344 5036 5236
f 4874 4606 4763
f 6484 9076 5277
f 4668 5348 4741
f 5271 8763 4452
f 8710 3331 9807
f 7134 6481 9620
f 5584 8674 8630
f 4069 4066 4139
f 144 2553 1181
f 5226 5335 5217
f 357 5803 2498
f 7140 1725 5277
f 1501 9049 8452
f 5120 5217 5335
f 6106 6097 3247
f 1243 1221 71
f 9724 9395 9912
f 7041 6755 9546
f 5112 5629 5457
f 5022 5221 5324
f 1537 599 589
f 7312 3171 1508
f 2847 4431 890
f 7715 7721 8355
f 1889 3766 2904
f 5812 5076 7868
f 5332 5448 5127
f 5225 5323 5111
f 5216 5012 5452
f 5439 5012 5216
f 4915 5006 5217
f 5176 7010 7725
f 3394 3484 6540
f 7853 5187 4825
f 5220 5014 4660
f 5317 5225 5217
f 5325 5019 4925
f 4463 5259 4686
f 5198 5096 5429
f 5533 4929 5105
f 2914 944 3311
f 9299 8126 8118
f 9887 9880 7199
f 5112 5011 5436
f 6255 6421 6094
f 4993 1522 3125
f 5320 5624 5010
f 1276 3872 846
f 4918 5313 4917
f 9464 8589 8590
f 8936 4719 171
f 4855 9450 8899
f 7 1934 29
f 5210 5007 4916
f 4911 5436 5011
f 895 3609 5095
f 5171 6359 7004
f 2537 743 8169
f 5782 8372 9532
f 4998 5306 5207
f 9964 7026 7725
f 7026 5176 7725
f 4010 7556 6351
f 4579 4321 4260
f 1269 111 5368
f 5381 5576 5653
f 4916 5313 5623
f 9106 7872 7866
f 5306 4998 5093
f 5319 5106 5324
f 5198 4908 5096
f 5303 5305 5093
f 5197 4908 5198
f 6213 6212 6304
f 5001 5209 5307
f 4503 4575 4381
f 4722 2368 3120
f 4994 5300 5093
f 5196 5193 5089
f 452 1061 9328
f 7872 9106 7186
f 6444 3999 2452
f 5085 4996 5195
f 412 515 344
f 9092 8588 2748
f 4901 5193 5610
f 9092 2748 198
f 860 4490 843
f 4901 5295 4803
f 628 1552 3702
f 4992 5079 5420
f 5694 1123 4835
f 5290 5295 5679
f 4206 5506 2804
f 5181 4979 5071
f 4990 5289 4989
f 5163 3759 5757
f 4796 5075 4986
f 9061 2039 3736
f 7134 7170 5899
f 4987 4986 5414
f 4984 4987 5511
f 4980 5184 5508
f 5184 4980 4983
f 5441 2503 535
f 5181 4897 4979
f 4983 4984 5184
f 5178 4550 4704
f 4281 3938 4339
f 5180 5069 5284
f 771 8552 5961
f 4485 5410 5409
f 2503 5441 2492
f 8162 9331 7485
f 4485 5409 4888
f 1444 5491 3198
f 4975 5283 5406
f 4704 4887 5505
f 4099 3804 3652
f 4886 5403 4703
f 5172 4621 4700
f 4699 5276 4781
f 8800 674 801
f 5173 5275 4789
f 2134 2986 2121
f 7069 9566 5834
f 4782 4775 5397
f 8860 9220 8737
f 1287 9860 9458
f 4782 5397 5401
f 5270 5396 5062
f 148 166 9435
f 5167 5394 5270
f 4881 4477 4787
f 5342 5456 5341
f 24 4786 8830
f 5577 5059 5267
f 5389 4774 4773
f 5389 4773 5058
f 9392 535 2545
f 9575 9035 4594
f 3167 3493 3248
f 5262 4869 5577
f 5919 5918 6031
f 4962 4867 4964
f 801 674 774
f 4770 5586 5488
f 5385 4870 4872
f 5392 5385 4872
f 28 2240 9779
f 7870 6529 9663
f 5055 4954 5257
f 843 4598 2266
f 4760 5160 4960
f 9995 4614 3211
f 4380 4440 4501
f 9592 9588 4614
f 1218 192 5568
f 5158 4850 4860
f 5257 4954 5154
f 5159 4850 5158
f 5445 5475 6778
f 7800 9575 5244
f 4679 4844 5259
f 5257 5261 5055
f 6456 7138 3832
f 5256 4951 5250
f 4865 4760 4960
f 1013 7862 1108
f 1596 3771 2666
f 4955 5479 5374
f 2148 2134 2135
f 4851 5255 4760
f 5154 5046 4840
f 5148 5255 4851
f 4866 5052 4860
f 8932 5121 1549
f 4861 4960 5160
f 3371 2855 4697
f 4949 5142 4845
f 5148 4593 4841
f 1261 698 926
f 5477 4952 5253
f 950 2420 945
f 697 1193 159
f 5369 5477 5557
f 5720 4945 5376
f 9770 9189 3415
f 4011 3777 3633
f 5351 5143 5144
f 4229 6857 6871
f 5148 5134 5133
f 4841 5134 5148
f 5148 5133 5138
f 7452 7730 7601
f 4839 5145 5141
f 5039 5036 5134
f 5349 5359 5133
f 7259 1370 3022
f 1260 3084 1317
f 4839 5141 5032
f 5134 5036 5133
f 3936 7804 7778
f 5141 5239 5032
f 4625 2528 7827
f 5041 4583 5471
f 4583 4748 5471
f 9522 9154 9833
f 5143 5351 5354
f 1500 1395 1425
f 7293 7980 7961
f 2199 2543 2127
f 1492 6664 4111
f 4548 4884 4355
f 198 2748 1653
f 4741 5348 5228
f 5348 4668 4751
f 9778 3737 9238
f 5111 4937 5028
f 5234 5453 5032
f 5453 5028 5032
f 5974 2855 3371
f 4929 4938 4659
f 4956 6439 3567
f 5027 4832 5119
f 1666 8702 3259
f 8719 94 3859
f 5119 5122 5027
f 7567 6890 8232
f 4933 5220 4660
f 1492 8604 6664
f 2451 4094 4133
f 5959 5869 5709
f 4468 4155 4692
f 159 1181 618
f 4829 5221 5022
f 5442 5023 5204
f 5332 4938 4929
f 9934 9893 1095
f 4739 5021 5333
f 3663 3311 944
f 7321 8604 1611
f 4811 4777 6244
f 8212 8217 5474
f 4735 5229 5129
f 4521 6798 9950
f 2071 4772 3024
f 5210 5105 5007
f 4567 5022 5106
f 4660 4922 4655
f 4706 4894 5595
f 4937 4931 4930
f 5007 5105 4920
f 9483 2735 5263
f 4329 6018 3444
f 4739 5024 4827
f 1792 4921 6217
f 3350 3352 3354
f 2134 2121 2135
f 5310 5020 5102
f 3738 4112 3747
f 5319 5009 5106
f 4919 5009 4918
f 8375 7016 7020
f 2546 3335 9171
f 5098 5317 5006
f 1587 5245 4452
f 7188 1587 4452
f 4906 4994 5093
f 2712 7190 5559
f 7026 9964 8372
f 5004 5203 5697
f 1712 2535 6285
f 2735 8630 8674
f 5309 4908 5012
f 4661 4829 4740
f 4350 4474 4085
f 4908 5197 4996
f 5093 4998 4906
f 8017 4828 8010
f 2900 4450 9934
f 5307 5089 4909
f 4906 4812 4905
f 4434 3039 5700
f 9722 6998 9193
f 2155 2324 2156
f 4995 5090 4810
f 8519 7174 7170
f 228 103 3514
f 5089 4806 4909
f 7100 9593 7101
f 2598 9328 1061
f 5770 5768 6283
f 6248 1558 2793
f 5089 5193 4806
f 4806 5193 4901
f 13 9 11
f 7101 9593 7815
f 6597 5974 3371
f 6721 2400 9209
f 7443 4083 8140
f 19 17 4
f 2556 3391 218
f 4798 4808 5081
f 3450 1733 545
f 6691 8642 8029
f 8383 2734 2701
f 3450 6404 1733
f 4495 4437 4919
f 4708 6544 5920
f 4306 71 60
f 4992 5290 5079
f 4044 3982 4180
f 9542 8390 6222
f 4493 4797 5077
f 9779 2240 1095
f 4714 5077 5074
f 5818 5750 6082
f 5074 5075 4796
f 7208 3611 2430
f 454 339 6389
f 4897 5181 5183
f 4108 2527 5588
f 7100 8440 9994
f 9199 9872 7061
f 9213 9872 9199
f 4376 4307 4556
f 4485 4706 5410
f 4001 2507 5563
f 4176 4556 4307
f 9213 2666 9872
f 738 8309 6893
f 6597 7156 8110
f 8733 1479 548
f 3326 1698 7612
f 895 1536 1767
f 4884 5173 4789
f 1095 2240 5271
f 3123 4107 9843
f 4968 4779 5496
f 5167 5270 4967
f 6174 8778 3802
f 4688 3208 8789
f 91 8556 77
f 3085 4682 4694
f 4687 4874 4775
f 5293 3438 4343
f 5771 9856 9855
f 4964 5057 4962
f 537 777 5646
f 5157 5057 5380
f 5164 4859 5265
f 7156 3688 6635
f 9328 2427 6940
f 8687 9221 5518
f 5145 4839 4674
f 4962 5057 5052
f 4615 4472 4348
f 4443 4522 9943
f 4301 4313 6445
f 4761 4770 5488
f 5052 5057 5157
f 4395 4387 4589
f 1108 7862 2969
f 4854 5161 4859
f 9294 4932 7459
f 5878 5644 6227
f 5874 5801 5875
f 5564 5875 5801
f 4854 4951 5161
f 5157 5258 4860
f 5365 3865 3880
f 7152 7933 7927
f 7264 9684 7244
f 7633 328 2266
f 5154 4954 5046
f 7239 6501 5870
f 2148 2143 2134
f 4845 5040 4516
f 5047 5144 4951
f 4221 9352 9356
f 5420 5689 5084
f 3551 2850 3745
f 7633 2266 4598
f 4946 5039 4841
f 7961 7952 6620
f 5413 5181 5760
f 4841 5039 5134
f 4222 3508 179
f 8362 8073 2674
f 1408 3168 3186
f 5035 5136 5031
f 1966 8366 3833
f 4839 5032 4750
f 3002 2174 3005
f 5036 5039 5236
f 7432 8709 8106
f 5241 4746 5235
f 5128 5236 5039
f 4746 5030 5235
f 328 7633 4565
f 9168 1357 8585
f 4746 4581 4504
f 5032 5028 4942
f 4745 5222 4933
f 3311 3663 2692
f 5342 5128 5027
f 5112 5457 5118
f 5020 4830 4930
f 4747 4832 5027
f 1748 542 3974
f 462 1061 452
f 5974 4629 2855
f 4939 4574 4827
f 5228 4829 4741
f 3143 8035 3969
f 3059 9778 9256
f 568 467 476
f 5023 4832 4743
f 5119 4832 5023
f 452 6940 1505
f 7312 1508 1584
f 5022 4740 4829
f 3888 3024 4772
f 4937 5111 4931
f 1568 3262 9422
f 5120 4915 5217
f 9990 8073 2642
f 4269 4270 4514
f 5229 4927 5118
f 4933 4660 4663
f 9858 9677 2926
f 6297 7664 764
f 5442 5329 5023
f 4083 7443 8718
f 5211 921 5879
f 8703 9277 3983
f 4931 5102 5020
f 3893 6097 642
f 5325 4925 4657
f 5120 5107 4915
f 4566 4821 4657
f 7933 3335 8791
f 5014 4922 4660
f 4821 5010 4657
f 9709 9708 9706
f 4089 4026 3792
f 3327 4008 9992
f 1956 1965 7762
f 4922 5101 4655
f 3682 4476 3687
f 4435 4116 4247
f 7321 1611 7338
f 4820 4918 4917
f 6079 8017 1776
f 5363 5371 5250
f 4603 9393 197
f 4908 4818 5012
f 9722 9189 9770
f 8332 8932 1075
f 385 478 546
f 5307 4909 5001
f 5325 4657 5010
f 1132 8567 7952
f 2847 890 4404
f 4810 5083 4995
f 2805 3656 3974
f 4994 4802 4992
f 4605 4765 4146
f 2272 2954 3926
f 9254 8365 9997
f 460 9299 4156
f 5081 4808 5085
f 7849 6392 1691
f 9982 2661 1008
f 6704 6090 1996
f 8637 6095 8044
f 4988 4800 4715
f 5179 4123 5356
f 4715 4990 4989
f 9216 9208 8051
f 4898 5512 4985
f 3573 3451 7945
f 5940 5962 2020
f 4754 6168 4718
f 4798 5081 4990
f 4987 4632 4986
f 4560 4986 4636
f 4632 4987 4984
f 529 272 197
f 570 8800 8588
f 6168 489 4718
f 4216 8395 3591
f 4983 4795 4984
f 5452 5224 5216
f 4980 4791 4710
f 5071 4979 5180
f 4980 4894 4791
f 2320 5867 6486
f 4259 4319 4056
f 4707 5069 5180
f 5068 5282 5507
f 5507 4890 5068
f 5084 5519 5521
f 5283 4975 4888
f 954 1003 953
f 6497 5223 5840
f 5068 4549 4621
f 703 203 189
f 5276 4699 5065
f 7471 4489 2901
f 9209 8659 6721
f 5065 4622 4975
f 9208 6719 4883
f 5616 241 357
f 437 8840 645
f 5396 5828 5752
f 9331 9851 5572
f 4700 4881 4972
f 4881 4787 4972
f 9837 4385 3044
f 5183 5512 4897
f 4784 5168 4543
f 3218 660 4450
f 529 437 4837
f 4879 4775 4782
f 1019 8671 8968
f 7650 382 7655
f 1089 7108 8503
f 4775 5273 5397
f 5659 8415 321
f 4285 4783 5169
f 4691 4967 5270
f 4615 4773 4774
f 7849 3615 6392
f 3745 2719 9880
f 9015 5820 2137
f 6709 67 1127
f 2391 6716 4882
f 9222 2636 3457
f 4686 5259 5058
f 8798 737 9429
f 4681 4869 5262
f 4363 4240 4239
f 9855 9681 5771
f 4865 4960 4765
f 9546 6755 6648
f 9343 4510 9851
f 4604 4607 4861
f 4961 4762 4849
f 5160 5048 4861
f 4602 4866 4860
f 4856 5048 4853
f 4856 4853 4763
f 4763 4853 4859
f 4850 4759 4860
f 5178 4624 4550
f 5079 5418 5420
f 5629 5626 5543
f 4849 4846 4954
f 4333 4761 5376
f 5046 4954 4846
f 4951 4854 4853
f 4951 4853 5047
f 4679 4599 4844
f 4593 5148 4851
f 4756 4675 4847
f 8706 9247 6747
f 9928 4001 9838
f 5376 4945 4676
f 8734 2335 7451
f 4949 4952 5477
f 4674 4948 5145
f 4843 5041 4840
f 8396 3577 1275
f 6897 6805 6806
f 5684 313 2798
f 5563 1158 8212
f 3371 4697 2620
f 4836 5128 5039
f 4946 4838 5039
f 3510 3419 3587
f 4838 4836 5039
f 4753 4746 5241
f 4753 4513 4746
f 971 5665 1057
f 4941 4937 4667
f 8808 9387 9869
f 4883 6719 3457
f 8630 2735 6635
f 4646 4650 4725
f 5929 5685 5608
f 5128 4747 5027
f 4942 5028 4941
f 4504 5030 4746
f 8123 8536 8539
f 4941 5028 4937
f 7152 2648 5016
f 4938 5127 4748
f 4786 24 4718
f 7926 8850 8854
f 4505 4741 4661
f 7991 1507 7985
f 1461 1179 1351
f 8709 7432 2933
f 6644 1053 5311
f 4573 4659 4938
f 4930 4931 5020
f 5905 1426 2304
f 5485 8217 6838
f 8712 8706 8113
f 4575 4930 4830
f 5105 5210 5437
f 5125 4735 5129
f 2399 2372 2336
f 2841 2845 5858
f 5192 5189 3645
f 1483 6601 190
f 5022 4567 4740
f 2868 2699 2872
f 4096 4169 4364
f 4830 5020 5204
f 3894 2272 3926
f 7545 5328 6060
f 9803 8712 8113
f 5275 5395 5169
f 8314 6312 8316
f 5301 5615 5196
f 5106 4564 4567
f 4567 4564 4500
f 4908 4723 4725
f 5004 5010 4821
f 5118 4724 5011
f 5099 4819 5101
f 5012 4818 4731
f 4704 5505 5178
f 5107 4813 4915
f 4919 4918 4820
f 4917 4916 4820
f 4916 5007 4728
f 4821 4569 5004
f 272 4603 197
f 2014 1953 1875
f 6070 7307 6053
f 4911 4720 5090
f 5691 4995 5524
f 4720 4911 5011
f 4812 4907 5006
f 4720 4810 5090
f 5305 5303 5198
f 4996 4723 4908
f 1665 1600 1837
f 2832 1039 359
f 1277 4936 4892
f 8024 8628 8623
f 4906 4905 4994
f 5187 7853 8015
f 4905 4802 4994
f 5141 5472 5239
f 8721 7429 8102
f 5098 5006 4907
f 4808 4996 5085
f 4803 4806 4901
f 6686 6317 6002
f 4992 5420 5084
f 153 8667 777
f 9312 9294 7459
f 890 1940 3189
f 5610 5523 5849
f 4899 4714 5074
f 4796 4986 4560
f 4715 4798 4990
f 6419 9005 9563
f 885 4428 1921
f 386 2188 7108
f 4897 4898 4792
f 4711 4980 4710
f 4979 4488 4707
f 8818 8230 5088
f 5103 5188 6476
f 4626 5069 4707
f 4887 4620 4885
f 153 777 537
f 4623 4624 4889
f 5173 4884 4703
f 4890 4549 5068
f 4884 4548 4703
f 4889 4886 4623
f 8881 9132 9001
f 3931 4070 3773
f 9837 8753 4385
f 8850 7926 8297
f 4881 4700 4415
f 1302 556 9335
f 4416 4544 4789
f 5060 4876 5061
f 4078 3007 7565
f 4781 4409 4616
f 4542 5061 4540
f 5189 2845 3645
f 1020 537 2304
f 4770 5169 5586
f 4692 4686 4773
f 5148 5138 5373
f 4779 4968 4774
f 4252 4443 9943
f 6697 6619 8431
f 2869 7547 227
f 7078 7426 7424
f 4378 7618 406
f 5267 4613 4870
f 4872 4870 4613
f 6197 4385 4038
f 2649 2394 2312
f 5664 5663 6008
f 5207 5098 4998
f 405 4366 5771
f 7666 7791 7794
f 4463 4679 5259
f 4028 4290 4357
f 4607 4960 4861
f 5164 4874 4763
f 3025 876 3015
f 4760 4525 4851
f 3015 5666 3025
f 74 1130 4142
f 4605 4525 4865
f 4604 4861 4856
f 4860 4759 4602
f 9349 9347 4443
f 4856 4861 5048
f 6730 6740 2730
f 4528 4961 4610
f 2248 2204 2263
f 4755 4840 4846
f 1693 9422 3287
f 6844 9851 8804
f 8460 8482 8251
f 4892 529 4837
f 6274 7010 9963
f 4756 4847 4762
f 8566 8585 1148
f 4678 4759 4850
f 4172 1664 4950
f 8482 7945 8251
f 4849 4847 4846
f 4763 4859 5164
f 4755 4843 4840
f 4455 4449 4002
f 9910 22 9717
f 8918 5803 357
f 6411 4172 4950
f 4750 4514 4839
f 9791 9790 9961
f 4514 4674 4839
f 4516 4590 4845
f 4389 4257 4581
f 1155 1984 1135
f 1708 9519 9533
f 5035 4516 5040
f 4750 4585 4514
f 4751 4668 4509
f 8194 7511 4113
f 6178 6177 6343
f 6857 4229 9366
f 872 991 8296
f 4745 4671 5035
f 5433 8908 8899
f 7956 8270 8124
f 2735 9483 6635
f 4580 4745 4663
f 5756 5755 6088
f 4505 4661 4198
f 4579 4832 4747
f 4747 5128 4836
f 4743 4575 4830
f 4573 4938 4748
f 4667 4937 4930
f 4939 5030 4574
f 3016 1126 1228
f 8839 4633 1299
f 4503 4930 4575
f 1021 8092 3347
f 4829 4661 4741
f 950 2602 2424
f 4105 3976 4106
f 1421 8482 8460
f 5310 5204 5020
f 5125 4935 4730
f 5125 4730 4735
f 6877 8818 4229
f 4568 4740 4567
f 5356 3736 5179
f 164 26 123
f 4758 5374 5149
f 4735 4729 4927
f 5337 6060 5328
f 4657 4925 4432
f 4935 5012 4731
f 4521 9950 7281
f 4922 5014 5206
f 4329 3444 279
f 4592 5622 7567
f 4390 4671 4580
f 5009 4919 4564
f 4731 4818 4725
f 4728 5007 4920
f 4724 4720 5011
f 6111 2391 4882
f 4915 4812 5006
f 3630 9417 5633
f 5567 5477 5253
f 6168 1029 6403
f 4812 4915 4813
f 4729 4735 4730
f 5347 5129 5237
f 5633 4727 6241
f 4245 4304 4369
f 4813 4806 4805
f 4812 4805 4905
f 3733 3886 3807
f 4720 4643 4810
f 4723 4808 4646
f 8606 1354 797
f 9309 8137 8742
f 4643 4716 4810
f 4806 4803 4805
f 4905 4805 4802
f 4716 4800 4810
f 4800 5083 4810
f 4803 4802 4805
f 5257 5377 5379
f 4808 4798 4642
f 4642 4798 4715
f 5749 568 476
f 4716 4715 4800
f 1576 1252 9960
f 6276 823 1897
f 4797 4493 4639
f 4898 4639 4561
f 4714 4494 4493
f 5005 1707 1938
f 4983 4711 4637
f 4632 4636 4986
f 151 4640 8927
f 4983 4637 4795
f 117 62 142
f 6092 4712 3098
f 5180 4979 4707
f 1414 9964 7725
f 6349 6184 6185
f 2049 1052 7951
f 2262 2137 5820
f 4792 4488 4979
f 4791 4894 4706
f 5817 6162 9498
f 4890 5069 4626
f 3873 5338 5334
f 4550 4551 4704
f 3488 7903 7847
f 5001 4813 5107
f 9000 2066 2043
f 4704 4620 4887
f 4620 4974 4885
f 8855 9438 8256
f 9570 9005 5836
f 8973 8375 6378
f 4617 4699 4616
f 2258 1162 1185
f 8851 9442 6259
f 3584 3510 3728
f 7015 276 9030
f 1245 1256 7193
f 1150 4709 1320
f 4980 4711 4983
f 4787 4879 4782
f 3561 3474 3232
f 4474 4968 4784
f 5270 5062 4778
f 4781 4966 4693
f 4409 4781 4693
f 1540 1425 6619
f 4540 5061 4876
f 4872 4693 4966
f 4285 5169 4770
f 4692 4155 4466
f 5677 5366 5080
f 8019 1664 4172
f 3234 3950 3387
f 5273 4874 5164
f 4613 4965 4533
f 4533 4965 4612
f 4965 5059 4612
f 5059 4869 4608
f 4608 4612 5059
f 4985 5287 4797
f 4606 4346 4464
f 9963 7010 7004
f 670 668 516
f 4689 4610 4961
f 920 914 3286
f 465 7218 1296
f 6722 6627 6521
f 4687 4346 4874
f 4961 4849 4689
f 4337 4869 4681
f 4608 4869 4337
f 4530 4765 4607
f 6635 8110 7156
f 7016 6149 8355
f 6540 8019 3394
f 4605 4865 4765
f 4866 4527 4867
f 5381 5653 5571
f 4607 4765 4960
f 4961 4528 4600
f 4601 4770 4761
f 3386 3073 3310
f 4525 4760 4865
f 4853 4854 4859
f 5046 4846 4840
f 4955 4524 4681
f 4600 4756 4762
f 4335 4599 4679
f 5047 4853 5048
f 3353 8614 8623
f 4520 4756 4523
f 4460 4758 4948
f 1344 7218 7233
f 4590 4952 4845
f 4952 4590 4678
f 4758 4955 5374
f 4844 4599 4396
f 8293 8894 8289
f 4455 4274 4676
f 4675 4519 4847
f 4519 4846 4847
f 4841 4593 4946
f 6411 4950 1820
f 4396 4513 4753
f 4838 4324 4670
f 4946 4588 4838
f 327 5502 1444
f 5035 4671 4516
f 5346 367 1222
f 4945 4751 4455
f 1344 7233 7242
f 7660 5619 6959
f 3444 2605 279
f 4750 4942 4585
f 4748 5127 5467
f 4942 4941 4585
f 6499 6457 3719
f 942 8899 8908
f 9879 9950 6798
f 4438 4739 4827
f 2173 5078 7865
f 4748 4583 4576
f 1236 1255 1223
f 7043 1708 9533
f 4505 4668 4741
f 645 7663 5212
f 4574 5030 4504
f 8230 8240 5088
f 4576 4573 4748
f 4017 3943 4223
f 4743 4445 4575
f 4743 4579 4445
f 3022 472 7259
f 4574 4442 4827
f 4570 4444 4663
f 399 501 532
f 807 5113 3556
f 4734 4925 5019
f 4569 4821 4566
f 2105 9673 1108
f 5021 4739 4496
f 4739 4435 4496
f 4730 4645 4729
f 4734 4432 4925
f 7043 9542 5569
f 4722 3130 2368
f 4819 5004 4569
f 8992 7057 8401
f 4728 4920 4653
f 4731 4725 4650
f 4650 4649 4730
f 4729 4724 4927
f 4433 4820 4728
f 4820 4916 4728
f 2039 5179 3736
f 5019 5021 4734
f 4645 4720 4724
f 1158 2785 1172
f 1956 7263 1891
f 489 9427 4786
f 4806 4813 4909
f 4167 4242 3963
f 4645 4643 4720
f 8838 6241 4727
f 8675 1935 445
f 4641 4716 4643
f 6721 6730 2400
f 485 2944 3348
f 4641 4642 4716
f 445 1935 1974
f 4642 4715 4716
f 3923 9063 2113
f 2113 9063 6586
f 1893 2751 1320
f 4304 4556 4710
f 4650 4730 4731
f 4795 4171 4632
f 4477 4415 4231
f 4556 4637 4711
f 5004 4819 5203
f 3721 3716 5513
f 4488 4554 4707
f 4424 4890 4626
f 4553 4706 4485
f 4378 1393 3662
f 6619 1425 1277
f 5258 5158 4860
f 4484 4363 4551
f 9785 1488 9955
f 3453 3451 3505
f 4886 4548 4623
f 4482 4620 4419
f 4621 4549 4481
f 4479 4621 4481
f 7108 2882 386
f 4622 5065 4617
f 4479 4415 4700
f 4416 4789 4783
f 4411 4542 4540
f 5152 2814 5824
f 5062 4478 4473
f 4542 4411 4349
f 4778 5062 4473
f 9555 2063 8409
f 9316 8439 2712
f 4776 4691 4778
f 4778 4473 4471
f 135 3889 1306
f 4876 4288 4540
f 4778 4471 4776
f 7077 9577 7792
f 3909 455 9830
f 4867 4532 4964
f 9571 9577 7077
f 4686 4466 4463
f 5613 5520 5686
f 4968 4472 4774
f 2484 875 2663
f 5961 5967 771
f 4876 4532 4288
f 2094 8418 2151
f 4408 4288 4532
f 5343 1809 3283
f 4686 5058 4773
f 4403 4612 4608
f 4693 4872 4613
f 4692 4466 4686
f 3039 502 3030
f 4689 4776 4610
f 6566 7934 8562
f 4527 4866 4602
f 4606 4874 4346
f 5264 5251 8020
f 240 3168 1408
f 4526 4770 4601
f 7712 8336 6093
f 8073 2082 2871
f 4604 4856 4464
f 4455 4676 4945
f 4856 4763 4606
f 4961 4600 4762
f 3653 3960 3797
f 4337 4681 4461
f 4524 4461 4681
f 4333 4601 4761
f 4678 4399 4759
f 4758 4524 4955
f 7010 6274 7725
f 4545 4478 4619
f 495 397 398
f 5214 292 3186
f 2240 8763 5271
f 3448 3447 3438
f 4675 4756 4520
f 4599 4137 4396
f 4520 4591 4675
f 818 2764 5759
f 4396 4389 4513
f 5045 7199 6430
f 4139 4066 4271
f 8770 6940 2427
f 5687 5619 7660
f 4390 4516 4671
f 4691 4776 4689
f 4971 5062 5396
f 6444 4123 3999
f 4582 4941 4667
f 4585 4941 4582
f 4836 4670 4747
f 8053 6622 2341
f 6474 8471 9068
f 6303 1238 2510
f 7270 7301 479
f 1501 4121 9049
f 4580 4663 4444
f 1507 1475 9169
f 1950 1106 4993
f 5312 5310 5102
f 7619 8991 7204
f 3423 2551 2031
f 4380 4501 4573
f 4501 4659 4573
f 490 5991 1356
f 4663 4660 4570
f 3307 3226 3385
f 1765 6211 3900
f 6017 6012 7433
f 4660 4655 4570
f 4569 4570 4655
f 7437 9816 9812
f 8401 1677 8992
f 4725 4723 4646
f 9130 3060 7415
f 5021 4496 4734
f 3978 4178 4305
f 4655 4819 4569
f 3664 934 9702
f 1670 482 2727
f 4432 4734 4562
f 4495 4820 4433
f 4645 4724 4729
f 6286 8081 1217
f 2461 9934 1095
f 4650 4641 4649
f 4650 4646 4641
f 4649 4641 4645
f 4645 4641 4643
f 4558 4561 4181
f 9806 6288 8312
f 7067 1858 586
f 4249 3915 4122
f 3915 4249 3911
f 2900 9934 2693
f 4175 4103 4176
f 4791 4630 4710
f 4488 4792 4368
f 4304 4710 4630
f 4103 4795 4637
f 6794 4943 6141
f 6423 6419 5829
f 4707 4554 4626
f 4670 4324 4446
f 645 5268 437
f 4630 4791 4426
f 1195 2804 8269
f 4426 4791 4553
f 4554 4242 4626
f 7262 9778 9238
f 636 1727 4246
f 4238 4485 4359
f 548 1479 3105
f 4704 4420 4620
f 4420 4419 4620
f 8855 8256 3660
f 4623 4548 4483
f 7307 9172 6651
f 4974 4620 4482
f 2633 5559 7190
f 4474 4350 4968
f 2706 6292 2651
f 4616 4699 4781
f 2532 4110 4903
f 4968 4350 4472
f 2197 4108 976
f 6389 6590 6442
f 4540 4288 4226
f 314 462 452
f 2870 6389 6442
f 4783 4285 4286
f 7264 6562 9684
f 5310 5308 5204
f 4615 4468 4773
f 8164 4547 3928
f 4610 4149 4528
f 3043 506 5913
f 4532 4867 4527
f 2352 2630 2476
f 9575 2015 9035
f 4530 4607 4465
f 4679 4339 4335
f 8431 6619 5268
f 4850 4952 4678
f 5898 5590 5901
f 1356 6149 7016
f 372 9116 8546
f 3889 8778 8176
f 7100 9994 9593
f 4673 767 2952
f 5685 5929 5844
f 4593 4851 4456
f 3784 3874 4027
f 6368 7876 1906
f 4600 4523 4756
f 4844 4396 4753
f 4139 4456 4400
f 860 2742 1061
f 2870 454 6389
f 4461 4460 4004
f 9532 1514 7034
f 7153 6484 1718
f 4589 4755 4519
f 4523 4458 4520
f 3303 3371 2620
f 7411 7413 3119
f 283 307 330
f 6442 790 2870
f 5530 5695 5532
f 9095 41 9651
f 5196 5089 5301
f 9130 6529 8528
f 4449 4455 4751
f 4589 4583 4843
f 8454 7818 7816
f 1660 1734 1710
f 4389 4581 4513
f 6670 9260 8057
f 4201 4576 4387
f 4579 4446 4321
f 4387 4576 4583
f 801 9663 2968
f 5144 5246 5360
f 7827 9069 4625
f 4668 4505 4509
f 2302 5146 956
f 7954 8575 1198
f 4444 4263 4580
f 2969 9444 1108
f 801 1854 8800
f 4972 5172 4700
f 4653 4248 4433
f 4542 4543 5061
f 4784 4968 5168
f 4907 4998 5098
f 4913 4094 4100
f 4383 4257 4199
f 4424 4242 4367
f 9189 1992 3415
f 7559 2620 4697
f 9233 3854 1596
f 3321 956 2778
f 4432 4311 4566
f 904 3944 3264
f 4566 4439 4569
f 4250 4569 4439
f 4568 4567 4500
f 9084 9553 8948
f 8789 6007 6034
f 4562 4734 4496
f 4566 4657 4432
f 9820 7623 933
f 4432 4562 4498
f 4498 4562 4497
f 4497 4562 4496
f 9601 9069 7827
f 4561 4305 4178
f 6118 8678 9241
f 4493 4430 4639
f 4558 4898 4561
f 3517 7033 7972
f 4368 4299 4370
f 7910 2862 9125
f 4477 4347 4787
f 4879 4787 4347
f 5468 5234 5239
f 4632 4171 4371
f 4103 4171 4795
f 9137 9680 3060
f 4792 4299 4368
f 9674 8534 7900
f 4369 4304 4630
f 3211 6474 9068
f 4710 4556 4711
f 7153 9076 6484
f 4233 8475 1481
f 6939 225 8132
f 3303 2620 3218
f 4550 4624 4484
f 2618 5025 2633
f 4553 4485 4238
f 4424 4367 4890
f 4423 4484 4624
f 7228 7909 9128
f 4367 4481 4549
f 4423 4483 4294
f 4623 4483 4423
f 4548 4886 4703
f 5216 5534 5439
f 3084 1260 9679
f 4544 4355 4884
f 7439 7591 7724
f 4356 4622 4617
f 2477 2656 5503
f 4352 4160 4617
f 2438 3611 7208
f 4542 4475 4543
f 6017 7433 4698
f 4693 4613 4409
f 5455 4745 5031
f 4107 4443 9347
f 4226 4411 4540
f 4879 4347 4151
f 4202 8763 8457
f 9172 7307 1645
f 9863 9872 2666
f 4610 4776 4223
f 4632 4371 4636
f 4151 4687 4879
f 7464 3389 9320
f 7133 7170 7134
f 4409 4613 4533
f 2249 2045 5298
f 1827 765 2694
f 4149 4338 4528
f 4533 4612 4403
f 4281 4463 4466
f 4526 4285 4770
f 9585 7800 8441
f 4146 4765 4530
f 4606 4464 4856
f 3287 9422 3262
f 3572 6774 4480
f 4403 4608 4337
f 4528 4338 4600
f 4277 4527 4602
f 4087 3949 4017
f 4462 4523 4600
f 4462 4600 4338
f 1320 2751 3876
f 9337 8595 8439
f 2742 2598 1061
f 4602 4759 4399
f 4334 4599 4335
f 4456 4525 4400
f 8142 7170 7133
f 3687 965 3682
f 2898 3757 2909
f 4593 4456 4588
f 4524 4460 4461
f 3737 3745 9887
f 860 1061 4490
f 7901 9128 7909
f 4332 4590 4325
f 4455 4002 4274
f 3451 328 4565
f 4395 4519 4591
f 4519 4395 4589
f 4591 4520 4453
f 3439 3601 3118
f 4325 4590 4516
f 3303 6597 3371
f 4269 4514 4585
f 7220 7127 7222
f 218 6601 1483
f 4325 4516 4390
f 9820 933 3592
f 3426 3268 3187
f 4446 4747 4670
f 4589 4387 4583
f 2896 2886 4597
f 5330 3447 7417
f 4597 2886 3721
f 4380 4576 4201
f 537 7162 153
f 4326 4266 4324
f 7401 5985 7418
f 3741 3720 9764
f 3854 7177 1596
f 4427 32 1936
f 4505 4198 4384
f 7945 3451 5187
f 4380 4573 4576
f 4258 4444 4251
f 9663 6529 2968
f 4504 4317 4574
f 7433 2931 606
f 9813 9722 9770
f 1728 3496 371
f 5262 4955 4681
f 4442 4189 4827
f 4189 4438 4827
f 6368 9904 9097
f 4437 4249 4500
f 4381 4255 4054
f 2702 556 1651
f 4728 4653 4433
f 2132 3440 3423
f 7818 7827 2528
f 6951 9128 7901
f 4497 4496 4247
f 9722 9813 6998
f 7033 3440 2132
f 6436 636 2054
f 2054 2015 6436
f 4621 5172 5068
f 4429 4430 4493
f 4430 4305 4639
f 4304 4376 4556
f 7972 2231 3517
f 4560 4494 4899
f 3847 5296 31
f 1491 1487 1482
f 4164 4359 4356
f 2320 9620 6481
f 3853 3768 3692
f 4368 4370 4099
f 4554 4368 4295
f 4554 4488 4368
f 4010 3249 8083
f 7323 9715 7991
f 522 535 2503
f 4357 4481 4237
f 4890 4367 4549
f 1599 6038 500
f 4441 3664 9702
f 4423 4624 4623
f 4367 4237 4481
f 4363 4360 4551
f 4457 5897 5192
f 5877 1904 6493
f 9499 9249 9621
f 7556 3331 4060
f 4420 4162 4419
f 4426 4369 4630
f 4358 4483 4548
f 4356 4359 4622
f 2477 5503 5297
f 8567 7250 6607
f 4974 4482 4545
f 3780 1421 153
f 4416 4355 4544
f 4234 4161 4545
f 9872 9863 7061
f 7991 9715 1507
f 2903 6562 5953
f 3042 928 3896
f 4471 4473 4232
f 4065 4000 3930
f 521 9836 5443
f 4615 4348 4468
f 9262 9504 9625
f 8740 3123 8151
f 3829 3912 3677
f 4610 4223 4149
f 4151 4346 4687
f 4465 4604 4464
f 4908 4725 4818
f 4403 4279 4220
f 4408 4532 4344
f 2926 4393 5787
f 7162 2915 153
f 4530 4465 4341
f 529 8840 437
f 4460 4674 4459
f 4461 3937 4337
f 4276 4277 4602
f 6121 6757 8102
f 4275 4139 4400
f 4276 4602 4399
f 4326 3691 4266
f 4034 6835 1166
f 6084 1776 9196
f 4551 4360 4420
f 3281 2990 3124
f 4590 4332 4678
f 3698 3694 3548
f 4459 4004 4460
f 4332 4399 4678
f 7740 8190 7467
f 4398 4458 4523
f 4271 4392 4588
f 5024 4739 5333
f 7351 6084 9196
f 5584 5616 5643
f 5616 2498 5643
f 8575 7954 7936
f 1612 2600 526
f 933 363 3592
f 3676 3827 3748
f 3258 8837 666
f 1860 5798 1908
f 3885 3883 3722
f 2032 3592 363
f 68 241 5616
f 4208 4325 4390
f 4838 4392 4324
f 4203 4585 4582
f 4509 4449 4751
f 4667 4319 4582
f 4319 4259 4582
f 5481 4506 4512
f 8113 9805 9803
f 4581 4257 4383
f 3208 4688 1778
f 4318 4383 4199
f 2102 1761 1715
f 935 1793 3470
f 9208 9216 9222
f 9764 3737 3741
f 4318 4317 4504
f 4198 4661 4502
f 404 379 509
f 8035 3832 1304
f 827 1239 992
f 4440 4380 4193
f 8297 9637 5311
f 4311 4439 4566
f 8592 8596 5430
f 4440 4193 4248
f 2282 7631 1723
f 4050 364 2479
f 4111 6653 8963
f 4249 4568 4500
f 4190 4435 4189
f 4496 4435 4247
f 4501 4440 4659
f 4248 4308 4433
f 4311 4432 4498
f 4561 4178 4181
f 3227 3638 3558
f 4181 4492 4558
f 5341 5236 5128
f 6635 3688 68
f 293 1452 406
f 4176 4637 4556
f 4057 4056 3836
f 4251 4570 4250
f 4492 4373 4558
f 4639 4305 4561
f 4494 4560 4244
f 4030 4092 3875
f 9277 3977 3983
f 4494 4714 4899
f 7206 7266 6243
f 7266 3183 3249
f 6758 2984 2117
f 7945 8482 3780
f 68 8630 6635
f 2780 3097 2884
f 4031 4369 4426
f 1421 3780 8482
f 4242 4554 4295
f 85 3255 3244
f 4553 4238 4168
f 760 1657 6133
f 5150 3346 4863
f 4240 4363 4484
f 3640 3866 3636
f 4358 4294 4483
f 4360 4236 4420
f 4236 4162 4420
f 9747 8167 6779
f 7556 4010 8083
f 4140 3939 4276
f 7415 6529 9130
f 4545 4482 4234
f 5670 5505 5592
f 4415 4479 4354
f 4354 4231 4415
f 9199 7061 2306
f 7583 6133 1657
f 4475 4542 4349
f 456 651 448
f 4223 4232 4017
f 448 651 7218
f 4226 4230 4411
f 4350 4084 4472
f 4157 4155 4468
f 3980 3981 3596
f 4153 4352 4616
f 6597 6287 7156
f 4060 3197 7556
f 9221 8687 3791
f 4454 9356 4522
f 4714 4493 5077
f 2431 42 3428
f 4463 4281 4339
f 6069 8623 8614
f 4526 4150 4285
f 4075 4149 3943
f 4338 4075 4215
f 4712 6092 1228
f 6302 3814 1919
f 4341 4465 4007
f 4527 4277 4344
f 3737 9887 3741
f 4149 4075 4338
f 4278 4400 4605
f 4279 4403 4337
f 1020 393 302
f 4215 4462 4338
f 4275 4400 4278
f 3353 1597 8614
f 4462 4215 4398
f 4676 4212 4333
f 4462 4398 4523
f 4137 4599 4334
f 4072 4215 4075
f 5470 5239 5472
f 4270 4459 4674
f 4274 4212 4676
f 4398 4063 4458
f 4588 4456 4271
f 2517 4896 2068
f 3596 3827 3676
f 4458 4328 4453
f 4328 4458 4063
f 1083 2887 8274
f 4458 4453 4520
f 3677 3598 3906
f 4267 4389 4396
f 10 7565 3705
f 8712 9803 9283
f 5113 828 834
f 4591 4453 4395
f 3733 3813 3886
f 8106 8709 9273
f 4205 4201 4387
f 3551 3745 3737
f 9306 3044 4284
f 5957 5708 5450
f 4255 4445 4260
f 4971 4619 4478
f 3916 4317 4318
f 5109 6479 2764
f 4317 4194 4442
f 4344 4532 4527
f 9851 4672 8804
f 4381 4319 4503
f 6253 9435 8851
f 4502 4315 4198
f 5005 1938 1681
f 1914 8176 8180
f 3002 1154 2174
f 4442 4194 4189
f 4792 4979 4897
f 7972 7033 8607
f 4248 4193 4192
f 3615 2181 6392
f 5846 834 244
f 4592 1388 4417
f 4754 4718 137
f 4438 4189 4435
f 4372 4284 3044
f 7828 6197 4454
f 4433 4308 4495
f 9765 9222 9216
f 4385 4372 3044
f 4376 4114 4307
f 4493 4494 4429
f 3386 3700 3384
f 2315 1568 8559
f 9746 640 9656
f 7266 7206 3183
f 3978 4305 4430
f 9404 5498 4003
f 4244 4560 4371
f 3702 4733 4721
f 4107 3123 4379
f 4105 4245 4369
f 4103 3970 4171
f 3249 4010 3063
f 4105 4369 4170
f 7547 1216 195
f 4626 4242 4424
f 9247 9782 8687
f 4240 4294 4169
f 2283 2263 906
f 4364 4169 4294
f 4294 4240 4423
f 6197 4221 4454
f 6419 9989 6414
f 4164 4238 4359
f 4892 4936 4764
f 4548 4026 4358
f 4954 5055 4849
f 9789 9782 9247
f 4353 4478 4545
f 4545 4161 4353
f 9247 8687 6747
f 863 874 2809
f 4160 4356 4617
f 4290 4354 4479
f 537 1020 4552
f 4372 4385 6197
f 4353 4161 4232
f 3771 8565 9863
f 3922 3760 3612
f 4443 4252 9349
f 960 910 5678
f 4349 4086 4475
f 3954 4472 4084
f 4355 4416 4025
f 1029 6168 4754
f 4230 3953 4086
f 4411 4230 4349
f 5458 1670 2727
f 4085 4475 4086
f 4372 6197 7828
f 4018 4230 4226
f 4783 4286 4416
f 4228 4020 4348
f 4409 4153 4616
f 4016 4227 4286
f 758 3374 6207
f 9264 9247 8706
f 4454 4221 9356
f 4223 4471 4232
f 6234 1808 6072
f 4213 4221 9340
f 4155 3946 4466
f 1228 1126 1042
f 8706 8712 9264
f 145 4051 6838
f 7511 4045 4113
f 4227 4025 4416
f 4533 4220 4282
f 3941 4278 4146
f 9264 8712 9273
f 3879 3966 4031
f 4464 4007 4465
f 7153 6509 2630
f 3937 4279 4337
f 4141 4526 4601
f 4339 4334 4335
f 2852 439 4284
f 4141 4601 4333
f 3937 4461 4004
f 4212 4141 4333
f 2915 3686 3780
f 9805 8113 8721
f 1723 5286 749
f 4398 4215 4067
f 4211 4399 4332
f 9327 3549 8158
f 851 931 1028
f 4332 4325 4211
f 4718 24 137
f 289 295 2428
f 4271 4326 4392
f 8918 4634 1126
f 4634 8918 357
f 9283 8106 9273
f 4127 3841 4263
f 4002 4449 4061
f 9283 9273 8712
f 4399 4140 4276
f 6234 6072 794
f 4267 3995 4389
f 3922 4453 4328
f 3922 4328 4134
f 4977 7761 6291
f 4263 4258 4127
f 4132 4203 4259
f 3846 4208 3841
f 4808 4723 4996
f 4059 4449 4509
f 5353 1371 1459
f 8414 8677 8952
f 4384 4059 4509
f 4444 4258 4263
f 4324 4266 4321
f 291 443 392
f 9149 9634 9265
f 5609 4280 4374
f 4667 4503 4319
f 6460 5857 6461
f 4317 4442 4574
f 9961 7493 4721
f 4201 4129 4254
f 4193 4380 4254
f 6291 1712 5029
f 7451 9816 7437
f 3989 4193 4055
f 3098 4712 1426
f 3318 671 9995
f 4248 4192 4308
f 8596 8592 3171
f 4192 4193 3989
f 3829 4189 4194
f 4568 4122 4502
f 9816 7451 2335
f 4371 4174 4244
f 3987 4249 4437
f 6286 6644 3951
f 4190 4116 4435
f 4311 4498 4117
f 4498 4497 4117
f 4376 4183 4114
f 3984 4497 4247
f 3725 2044 5281
f 8742 8121 8106
f 4764 4754 137
f 4180 4376 4304
f 8492 2721 4298
f 4180 4304 4245
f 699 4289 4817
f 4177 4180 4245
f 3978 4430 4037
f 4712 393 1020
f 4373 4102 4370
f 4815 3971 1099
f 4244 4173 4429
f 1248 1333 1496
f 4636 4371 4560
f 6936 5311 9637
f 4174 4371 4104
f 641 1891 5547
f 4764 4936 4754
f 4032 3883 4096
f 4426 4168 4031
f 4364 4358 4165
f 4221 6197 9340
f 2200 2213 2690
f 8158 3802 9327
f 4165 4358 4089
f 4026 4089 4358
f 74 4831 61
f 8769 1044 9260
f 6796 3549 8758
f 4356 4027 4164
f 311 678 217
f 4356 4160 4027
f 4482 4419 4234
f 6807 7464 9320
f 9565 9329 9325
f 942 4855 8899
f 4691 5270 4778
f 4290 4479 4357
f 4227 4016 4025
f 3568 3569 3399
f 1708 7043 5431
f 4348 4157 4468
f 4151 4347 4082
f 2296 4452 5245
f 4018 4226 4154
f 8163 9320 94
f 4226 4288 4154
f 4408 4148 4154
f 8163 6807 9320
f 4081 4016 4286
f 4409 4533 4282
f 989 986 1152
f 4150 4081 4285
f 4344 4277 4080
f 1029 4754 4936
f 8296 991 9927
f 3941 4143 4278
f 4143 4275 4278
f 2714 2703 973
f 9450 5419 8854
f 437 5268 4837
f 3754 3603 3912
f 2858 897 9550
f 4274 3853 4212
f 4004 4270 4065
f 4209 1481 8475
f 4070 4399 4211
f 4139 4271 4456
f 4067 4063 4398
f 9343 9851 9331
f 4269 4065 4270
f 4203 3996 4269
f 9494 9242 9243
f 6036 4382 3452
f 2019 1901 1989
f 4453 4205 4395
f 9973 3719 9910
f 4269 4135 4065
f 4205 4453 3922
f 4063 4134 4328
f 4392 4326 4324
f 1935 5569 9542
f 8230 3634 8240
f 8173 9364 3868
f 4058 4257 3995
f 3841 4208 4263
f 8275 7626 406
f 3837 6822 8173
f 4257 4058 4199
f 1927 1797 3645
f 3454 6333 1863
f 1459 1371 9944
f 8771 6822 3837
f 8252 6245 8844
f 4811 6244 4891
f 4127 4258 4052
f 4445 4255 4381
f 4198 4315 3921
f 3514 103 1874
f 4052 4258 4251
f 3912 4317 3916
f 4251 4196 4052
f 4437 4308 4119
f 9900 8252 8844
f 4091 4165 4089
f 5481 3649 3670
f 942 2013 4855
f 4176 4307 3740
f 4181 4178 4043
f 4043 4492 4181
f 1252 5108 872
f 240 1365 5427
f 5108 991 872
f 5922 7239 5870
f 1395 6403 1029
f 2898 4609 7685
f 5275 4783 4789
f 2043 2066 2094
f 1846 1696 1697
f 3776 1920 5598
f 1277 1029 4936
f 2214 3923 2113
f 4384 4198 3921
f 4429 4037 4430
f 4173 4037 4429
f 8194 9371 6866
f 4174 4173 4244
f 6882 4374 4587
f 3040 3945 2071
f 4104 4371 4171
f 865 371 1971
f 4452 2296 5271
f 4099 3963 4295
f 824 9025 3069
f 2427 2308 8770
f 6923 4597 3721
f 3963 4242 4295
f 4101 4169 4096
f 3957 4239 3962
f 1576 9519 1708
f 9869 8816 7560
f 4164 4093 4168
f 4031 4168 3878
f 4364 4032 4096
f 1971 6333 865
f 3715 3486 3717
f 9374 4340 6866
f 5041 4843 4583
f 9364 9366 3892
f 4239 4240 4095
f 4192 4119 4308
f 6381 7849 1691
f 4168 4238 4164
f 4090 4419 4162
f 4360 4363 4092
f 7806 2277 2391
f 6241 8838 6245
f 9400 8822 8824
f 1212 3498 180
f 7459 3680 9312
f 4290 4022 4231
f 4290 4231 4354
f 4355 4025 4026
f 4340 4928 5617
f 4161 4087 4232
f 3782 4160 4352
f 2427 9328 2598
f 3869 4228 3954
f 4230 4018 3953
f 3954 4228 4472
f 4892 4764 272
f 4157 4019 4155
f 8925 8915 6924
f 6874 6196 6902
f 4223 4776 4471
f 9500 9144 8940
f 1154 7227 2143
f 4286 4285 4081
f 1839 1901 6411
f 3946 4281 4466
f 3471 3704 3946
f 4218 4346 4151
f 4230 4086 4349
f 4220 4011 4282
f 4080 4148 4344
f 4006 4075 3943
f 4150 4526 4141
f 8226 9399 9405
f 4146 4341 3862
f 3862 4341 4007
f 4080 4277 4276
f 4067 4215 4072
f 4646 4642 4641
f 5108 7449 991
f 8423 8282 8290
f 3855 4212 3853
f 3472 3640 3636
f 4274 4002 3853
f 2414 6056 9041
f 7233 651 1447
f 4270 4004 4459
f 2742 860 5722
f 5268 6619 4837
f 6619 4892 4837
f 4414 6959 770
f 2585 3067 2499
f 4063 3927 4134
f 4134 3927 3538
f 4062 4267 4137
f 1222 948 2433
f 3846 4325 4208
f 4062 3995 4267
f 3925 4061 4059
f 4389 3995 4257
f 8845 8021 8184
f 4203 4132 3996
f 5622 7554 2164
f 4099 4370 4102
f 8838 4727 38
f 4057 4132 4056
f 4259 4056 4132
f 7748 8988 7049
f 1342 2992 9772
f 849 9927 991
f 6357 5042 4978
f 1880 1699 1636
f 2245 1142 6936
f 3836 4319 4054
f 3836 4056 4319
f 9364 8182 9366
f 95 1455 3288
f 12 1310 51
f 1705 2648 1106
f 51 1310 72
f 198 1653 2718
f 4122 4568 4249
f 3792 3644 3483
f 2019 5073 6586
f 3521 3266 3109
f 4311 4196 4439
f 3987 4437 4119
f 4048 3984 4116
f 6253 8252 9435
f 4190 4189 3906
f 3906 4189 3829
f 6756 6118 9241
f 4497 3905 4117
f 3984 4247 4116
f 1576 5108 1252
f 1760 1970 2097
f 4044 4180 4177
f 2461 2693 9934
f 45 8827 90
f 4492 3901 4112
f 4112 4373 4492
f 5147 2424 2602
f 2834 890 864
f 7011 4508 4507
f 7686 218 1498
f 3966 3879 3803
f 3808 3970 4103
f 4473 4478 4353
f 3755 3915 3911
f 4373 4040 4102
f 3970 4104 4171
f 843 2266 6160
f 2598 2742 5702
f 5431 1576 1708
f 9030 3069 9025
f 3885 3968 4101
f 9973 128 3719
f 4095 4240 4169
f 4095 4101 3968
f 4589 4843 4755
f 406 434 8275
f 4169 4101 4095
f 116 142 62
f 4813 4805 4812
f 5549 1647 8431
f 2936 9662 7613
f 9662 9769 7613
f 3568 4237 3958
f 9606 2254 8462
f 3878 4168 4093
f 5547 1647 5549
f 1965 1997 9555
f 837 6357 4978
f 4236 4030 4162
f 2896 6129 1850
f 4028 4357 3568
f 4090 4234 4419
f 2907 1995 4486
f 3949 4087 3956
f 4162 4030 4090
f 4085 4084 4350
f 4021 4231 4022
f 4348 4020 4157
f 4232 4087 4017
f 4021 4082 4231
f 41 2579 9651
f 6222 1487 6232
f 5080 5366 496
f 3866 4018 4154
f 4153 3779 4352
f 4015 4151 4082
f 2969 790 6442
f 4218 4015 4009
f 3946 3704 4281
f 4015 4218 4151
f 4011 4153 4282
f 8106 9283 8742
f 4282 4153 4409
f 1008 6587 9982
f 6381 5095 3608
f 3942 4148 4080
f 3778 4006 3943
f 4183 3981 4114
f 3941 4146 3862
f 4150 4141 3940
f 180 3498 1195
f 4080 4276 3939
f 3940 4141 3629
f 3608 3617 5072
f 4970 8183 1175
f 3629 4141 3855
f 4212 3855 4141
f 5754 6413 8480
f 303 278 170
f 2849 2673 2255
f 3699 4279 3937
f 4334 3857 4137
f 3774 3929 4067
f 4260 4131 4255
f 4063 4067 3929
f 4271 4066 4326
f 78 47 158
f 3846 4211 4325
f 5665 5659 321
f 9897 3570 9059
f 3921 3839 4059
f 4127 3992 3841
f 3924 4058 3995
f 4266 3842 4321
f 1371 5353 5212
f 3921 4059 4384
f 4444 4570 4251
f 3303 6287 6597
f 8879 8292 3184
f 2110 6447 3689
f 7655 684 5687
f 1797 7468 3645
f 4738 3321 993
f 4321 3842 4131
f 4205 3922 3920
f 4129 4205 3920
f 1843 3556 5091
f 1569 1081 9716
f 4031 4170 4369
f 4254 4129 4055
f 8213 9097 6357
f 4255 3919 4054
f 5752 5066 5278
f 4054 4319 4381
f 1841 3746 6928
f 9149 8906 8905
f 5509 4051 145
f 4055 4193 4254
f 4315 4122 3915
f 3868 3837 8173
f 2313 9620 2320
f 586 9566 7067
f 5153 3689 6447
f 1974 5745 445
f 6287 3632 7156
f 1997 1965 5711
f 4119 4192 3914
f 4196 4311 4117
f 3906 4048 4190
f 3632 3688 7156
f 3904 3982 4044
f 3687 3998 965
f 4183 3982 3981
f 4180 3982 4183
f 3980 4114 3981
f 3412 3406 3485
f 4043 3901 4492
f 3505 3573 9437
f 9283 1481 4209
f 974 5153 1823
f 3829 3677 3906
f 3738 3665 4040
f 5559 2633 1467
f 6148 3153 1348
f 7792 9577 8440
f 860 843 5722
f 3816 3515 3742
f 12 4293 246
f 4105 3886 3976
f 8269 5525 1195
f 3710 1995 1012
f 3731 4103 4175
f 9078 2618 2633
f 4104 3809 4174
f 469 9645 3572
f 4792 4558 4299
f 5353 1562 5212
f 3686 3573 3780
f 6491 6488 2703
f 4109 1549 438
f 4379 3123 4300
f 2308 9950 8770
f 4109 438 4108
f 3960 4032 4165
f 7004 7712 6093
f 2178 3060 9680
f 8355 6149 8949
f 5251 3199 8020
f 4165 4091 3960
f 3303 3218 2900
f 4363 4239 3957
f 4236 4360 4092
f 3636 3310 3472
f 3568 3958 3798
f 4093 4164 4027
f 3647 3795 4030
f 4161 4234 4087
f 3368 5139 4235
f 4234 4090 4087
f 1250 1049 2650
f 9963 7004 9516
f 3795 3949 3956
f 328 6160 2266
f 8163 8164 7492
f 5121 8931 1549
f 4086 3955 4085
f 4084 4085 3955
f 3462 3552 3295
f 3950 3788 4025
f 3011 3723 996
f 8047 3683 8769
f 4016 4081 4012
f 6774 3572 4436
f 9371 8194 4113
f 4592 7567 7658
f 2714 3713 6491
f 3782 4352 3779
f 4021 3947 4082
f 4740 4568 4502
f 4148 3866 4154
f 3781 4017 3949
f 3182 3731 3426
f 9172 9168 6651
f 3947 4015 4082
f 9994 8440 2092
f 9885 9599 9598
f 3942 3864 4148
f 4012 4081 4150
f 4012 4150 3940
f 1062 9041 6056
f 4011 4220 3703
f 3703 4220 4279
f 7162 6934 2915
f 7195 7202 209
f 7725 6274 1414
f 8009 996 1864
f 3938 3857 4339
f 2634 1847 2703
f 8372 6391 9532
f 6391 8372 9964
f 3937 4004 3932
f 3270 3114 3435
f 4140 4070 3931
f 3774 4067 4072
f 3775 4275 4143
f 6297 764 5597
f 4065 3930 4004
f 8232 6887 9405
f 4069 3852 4066
f 4627 8471 6474
f 3773 4070 4211
f 7089 7183 8181
f 1514 9532 1499
f 1611 8604 925
f 3547 3142 3548
f 4062 4137 3857
f 2518 1397 4518
f 3768 4002 4061
f 3283 7872 7186
f 9537 8973 6378
f 3773 4211 3846
f 4000 4065 4135
f 3838 3996 4057
f 3691 3842 4266
f 3941 3631 3701
f 1798 2073 1855
f 641 1956 1891
f 4061 4449 4059
f 6391 1499 9532
f 3840 4058 3924
f 3616 3533 3842
f 3179 3669 3590
f 4131 3919 4255
f 1014 1173 1139
f 9546 9537 8386
f 2510 1238 1175
f 6566 7910 6559
f 4055 4129 3920
f 2285 9974 3801
f 5251 6563 8009
f 2457 101 3272
f 1225 2487 1893
f 7818 8454 7506
f 4196 4117 3913
f 3913 3992 4052
f 3534 4970 4976
f 3534 8183 4970
f 4249 3987 3911
f 4119 3678 3830
f 3752 3913 4117
f 3904 3748 3827
f 3751 4117 3905
f 6741 6755 9552
f 6755 7041 7055
f 5711 1965 1956
f 3903 4112 3901
f 3686 9437 3573
f 3823 3740 4114
f 4632 4984 4795
f 6837 3688 3632
f 4040 4112 3738
f 3819 3899 4106
f 3823 4114 3980
f 3740 4175 4176
f 3732 4037 3729
f 3429 6086 2589
f 3532 6704 1996
f 4887 5066 5669
f 3810 3970 3658
f 4105 3967 3807
f 3967 4105 4170
f 5983 8336 8332
f 3665 3726 4040
f 3890 4173 3727
f 4037 4173 3729
f 3883 3885 4101
f 3968 3885 3728
f 3726 4102 4040
f 4946 4593 4588
f 4615 4774 4472
f 3347 8020 3233
f 331 388 366
f 3290 3285 3376
f 5836 9005 6423
f 4099 4102 3804
f 7003 3688 6837
f 4099 3652 3963
f 976 4108 438
f 4363 3957 4092
f 4617 5065 4699
f 3805 3881 4095
f 4095 3881 3962
f 68 3688 7003
f 3879 4031 3878
f 3958 4167 3963
f 6292 2706 86
f 6609 3347 6611
f 5768 5516 5845
f 5498 1170 149
f 6703 2256 8065
f 4237 3568 4357
f 4170 4031 3966
f 7004 6093 9516
f 86 198 2718
f 3834 3989 4055
f 4030 3875 3647
f 3113 3523 3596
f 3792 4026 4025
f 3712 4290 4028
f 4318 4199 3916
f 4050 616 374
f 3870 3709 3955
f 3784 4160 3782
f 3063 7266 3249
f 4634 357 241
f 3869 3954 3790
f 3792 4025 3788
f 3953 3870 4086
f 3870 3955 4086
f 3869 4020 4228
f 3869 3786 4020
f 6436 9575 7800
f 4020 3785 4157
f 3377 2589 5632
f 4018 3866 3783
f 7926 8806 8297
f 1956 641 5711
f 3863 4009 4015
f 9812 9816 4233
f 9593 7496 8454
f 4279 3699 3703
f 3862 4007 4009
f 6590 1884 6442
f 3931 3939 4140
f 127 135 1286
f 3696 3932 3695
f 3775 4069 4275
f 1908 3415 1992
f 3770 3930 4000
f 363 3365 6517
f 4659 4440 4920
f 4440 4653 4920
f 3395 5139 3368
f 3996 4132 4057
f 3770 4000 3844
f 3927 4063 3929
f 2590 7166 4701
f 3466 3067 2585
f 3109 3195 3521
f 1108 9444 6546
f 8462 9069 9606
f 761 5798 3814
f 4135 3996 3844
f 3995 4062 3763
f 153 2915 3780
f 7980 7303 7985
f 3733 3669 3735
f 4058 3681 4199
f 3836 4054 3684
f 3505 3451 3573
f 3992 4127 4052
f 5063 4912 8484
f 4052 4196 3913
f 4580 4671 4745
f 3956 4090 3795
f 2880 9890 8099
f 5940 2020 3687
f 1269 5368 1589
f 5334 5338 8057
f 9116 372 2657
f 3598 4048 3906
f 3597 3751 3905
f 3266 3521 3825
f 2980 2812 2557
f 5421 3791 9782
f 3883 4101 4096
f 3981 3982 3827
f 3749 3903 3901
f 4112 3903 3747
f 3904 4044 3899
f 9079 8492 552
f 3397 3322 2854
f 3816 3819 3815
f 2605 3452 4382
f 3978 4037 3732
f 600 1384 5978
f 3815 3819 3976
f 4106 3976 3819
f 4373 4112 4040
f 279 7526 3402
f 5698 5110 8922
f 3259 3125 1522
f 7626 4378 406
f 3813 3815 3976
f 8519 8142 2558
f 5107 5120 5459
f 3890 3729 4173
f 3886 3813 3976
f 3510 3587 3728
f 3809 3727 4174
f 6497 6568 5893
f 7827 7506 9601
f 1042 1126 4634
f 3810 4104 3970
f 3886 4105 3807
f 4105 4106 4245
f 8056 29 5334
f 3724 3578 3808
f 4712 1042 393
f 4074 8283 687
f 3967 3966 3807
f 3142 3460 3548
f 3545 5000 1946
f 2733 2732 2981
f 3183 7206 3854
f 3559 3150 3863
f 3968 3805 4095
f 3652 3798 3963
f 6755 6169 6648
f 3653 4032 3960
f 3798 3958 3963
f 3878 3717 3879
f 1467 1460 5559
f 8431 1647 6697
f 3792 4091 4089
f 3960 4091 3796
f 3796 4091 3792
f 3909 8107 8119
f 7980 9169 7961
f 1356 3357 490
f 4090 4030 3795
f 8592 7962 3145
f 3956 4087 4090
f 2981 3279 3445
f 4290 3712 4022
f 3708 3949 3795
f 4160 3784 4027
f 3955 3790 4084
f 2445 2442 2617
f 3524 755 4336
f 4383 4318 4504
f 4958 531 3388
f 3785 4019 4157
f 3788 3950 3644
f 4187 5642 539
f 2433 1167 1222
f 6480 7134 5899
f 4484 4423 4240
f 3558 3782 3779
f 8588 8800 1811
f 4705 3120 171
f 761 1908 5798
f 4017 3781 3943
f 9106 7866 8169
f 9733 537 4552
f 3779 4153 3633
f 3633 4153 4011
f 7704 6269 6273
f 3306 3553 3778
f 4586 2482 4594
f 3939 3942 4080
f 105 87 72
f 4006 3778 3860
f 3468 3940 3629
f 5759 3555 2775
f 3631 3941 3862
f 6544 8534 8524
f 4072 4006 3860
f 9819 2278 9977
f 3698 3939 3931
f 7901 8519 6951
f 2806 5607 7075
f 3860 3553 3628
f 3770 3695 3930
f 3930 3695 3932
f 3853 3626 3855
f 68 7003 241
f 780 2973 1945
f 4339 3857 4334
f 4993 3436 7930
f 3376 4062 3857
f 4326 3852 3691
f 2904 6269 1869
f 4034 2559 6835
f 2551 2546 9171
f 2804 5506 8269
f 8670 8400 8540
f 3540 3538 3845
f 7756 4552 302
f 3844 3996 3838
f 3995 3763 3924
f 3838 4057 3836
f 4058 3840 3681
f 4446 4324 4321
f 1020 302 4552
f 3836 3684 3838
f 3902 1323 2363
f 4134 3760 3922
f 5953 9106 578
f 9260 6670 3861
f 4131 3533 3919
f 3536 3841 3992
f 363 933 7623
f 3612 3920 3922
f 3919 3531 4054
f 3918 3915 3755
f 3916 4199 3681
f 3834 3914 3989
f 3912 3916 3754
f 3754 3916 3681
f 3365 7623 439
f 3678 3914 3834
f 3678 3679 3830
f 3830 3987 4119
f 3987 3830 3911
f 3604 3913 3752
f 4871 6397 5731
f 3984 3750 3905
f 4048 3750 3984
f 3750 4048 3598
f 3596 3981 3827
f 3164 2232 3125
f 3899 3748 3904
f 7140 2249 5298
f 4039 6985 1209
f 4043 3825 3901
f 6566 8562 838
f 3596 3523 3980
f 4167 3958 4237
f 3899 3819 3744
f 3516 3594 3742
f 8708 8573 8447
f 2950 3166 8216
f 3672 4043 3820
f 3424 3672 3820
f 3298 3302 2840
f 3820 4043 4178
f 4250 4439 4196
f 1494 5266 6486
f 2315 8559 1317
f 1996 1944 3532
f 7449 849 991
f 3732 3820 3978
f 539 5642 3388
f 3968 3728 3805
f 3771 1596 7177
f 4634 4652 1042
f 3584 3728 3885
f 8642 6691 2277
f 5071 5411 6016
f 5454 5458 9259
f 3489 3590 3803
f 1327 1345 8491
f 1698 9886 3344
f 3832 2948 1304
f 1426 4712 1020
f 3313 974 1823
f 4341 4146 4530
f 3715 3878 4093
f 7778 4379 3789
f 400 1531 4893
f 8256 9438 9903
f 3353 8628 7697
f 3650 3875 3957
f 4092 3957 3875
f 3471 3946 4019
f 1148 8585 1357
f 8309 738 6920
f 3479 3708 3795
f 3955 3709 3711
f 1228 1042 4712
f 5419 7926 8854
f 1656 551 9993
f 3707 3953 3783
f 4107 7778 7804
f 3707 3783 3561
f 8736 8478 8030
f 3300 3134 3001
f 4358 4364 4294
f 3638 3784 3782
f 8592 3145 3171
f 3640 3643 3866
f 6423 9005 6419
f 3983 4008 8703
f 3783 3866 3643
f 3708 3639 3781
f 3947 4021 3559
f 4477 4231 4347
f 8337 8601 7873
f 3633 3558 3779
f 6092 3016 1228
f 3947 3863 4015
f 1652 8856 2434
f 2231 6998 3517
f 3317 711 4824
f 4167 4367 4242
f 2576 4957 4953
f 1971 7615 9614
f 3636 3866 4148
f 3554 3631 4009
f 4522 5186 7828
f 737 8798 9173
f 6441 6438 6536
f 2427 2656 2308
f 4522 7828 4454
f 282 4179 5628
f 3862 4009 3631
f 3701 3775 4143
f 3554 4009 3863
f 2239 2245 1133
f 3860 3774 4072
f 3629 3855 3626
f 2891 2889 3106
f 3774 3860 3628
f 5186 4522 4443
f 4288 4408 4154
f 3932 4004 3930
f 3625 3852 4069
f 4177 3899 4044
f 3698 3548 3460
f 4060 3331 8710
f 8314 2119 3299
f 3027 2883 3509
f 151 1284 4640
f 9288 3366 3228
f 3772 3929 3774
f 1483 3359 3372
f 4619 5278 4974
f 3767 3848 3772
f 3865 18 8053
f 5498 575 4003
f 6881 1820 4950
f 5739 4287 5738
f 6540 2452 3843
f 2656 2477 2308
f 3538 3760 4134
f 9288 3228 4156
f 2352 9076 7153
f 3279 3681 3840
f 3735 3816 3815
f 2461 5426 2693
f 3530 3536 3992
f 7338 1737 1944
f 3166 2081 1455
f 8844 38 69
f 38 8844 8838
f 7202 2965 5827
f 3920 3612 4055
f 3684 4054 3531
f 308 172 1444
f 4644 4665 4669
f 9450 4855 3826
f 3530 3992 3913
f 6765 8690 9942
f 9789 8709 2933
f 1989 1901 1839
f 3829 4194 3912
f 7623 4284 439
f 3752 4117 3751
f 3905 3750 3597
f 3527 3750 3598
f 8228 9988 2553
f 6672 8614 1597
f 8709 9789 9264
f 3747 3903 3431
f 4820 4495 4919
f 3980 3523 3823
f 8029 1885 8625
f 3742 3744 3819
f 1911 3400 6598
f 4390 4263 4208
f 3672 3825 4043
f 3425 3738 3747
f 1395 1029 1425
f 2714 973 3323
f 5694 7056 7044
f 2522 2683 2941
f 3424 3820 3732
f 3045 3275 3435
f 3554 3067 3466
f 3672 3266 3825
f 8642 1885 8029
f 8718 6765 3062
f 910 4216 5678
f 3729 3509 3589
f 5497 3675 4537
f 6586 6044 2113
f 3890 3585 3729
f 3810 3499 3582
f 3584 3885 3722
f 3727 3585 3890
f 8044 2101 8637
f 3281 3606 3613
f 1627 439 2852
f 4316 5990 5949
f 3590 3733 3807
f 1425 1029 1277
f 3587 3805 3728
f 3590 3807 3803
f 2317 2313 2320
f 3807 3966 3803
f 5557 5567 5733
f 4165 4032 4364
f 3804 3726 3654
f 4170 3966 3967
f 4898 4558 4792
f 4233 9805 9812
f 5793 5503 5702
f 5793 2819 5503
f 4468 4692 4773
f 3487 3962 3881
f 4852 7828 5186
f 4964 4876 5060
f 3803 3879 3718
f 3715 3717 3878
f 4858 1153 4166
f 3481 3020 2678
f 2020 3998 3687
f 2391 2277 6716
f 4005 8793 2302
f 3648 3796 3483
f 4028 3399 3712
f 4084 3790 3954
f 8216 7449 5108
f 4379 7778 4107
f 5296 6611 31
f 3565 3874 3784
f 3786 3785 4020
f 3270 3111 2897
f 3320 3709 3870
f 3478 3786 3869
f 3480 3869 3790
f 3565 3784 3638
f 4180 4183 4376
f 9825 8742 4283
f 3783 3953 4018
f 5618 2505 2509
f 3640 3474 3643
f 3638 3782 3558
f 3655 6259 5649
f 3596 3676 3275
f 3549 3383 8758
f 3510 3100 3257
f 7819 9069 8462
f 5775 4310 3817
f 8818 6877 8230
f 2477 9950 2308
f 4148 3864 3636
f 4012 3468 3387
f 3387 3950 4012
f 3781 3639 3778
f 3385 3938 3704
f 4443 7804 5186
f 3943 3781 3778
f 5444 5271 2296
f 355 2479 364
f 7385 5702 2742
f 3778 3639 3306
f 3700 3939 3698
f 3461 3932 3696
f 3622 3694 3773
f 3694 3546 3548
f 3696 3695 3458
f 3553 3860 3778
f 2477 7281 9950
f 3455 3695 3770
f 8431 5268 5212
f 3692 3626 3853
f 3694 3931 3773
f 1122 1373 1121
f 3619 3844 3441
f 1503 8604 1492
f 4286 4227 4416
f 3767 3542 3540
f 8213 914 1779
f 3770 3844 3619
f 3624 3693 3456
f 3773 3846 3622
f 3376 3763 4062
f 3852 3373 3691
f 6384 2245 2239
f 3844 4000 4135
f 3848 3767 3845
f 3624 3772 3693
f 9479 187 1212
f 3269 3190 3430
f 3443 3760 3538
f 3209 3207 3533
f 5358 5939 2624
f 4061 3925 3768
f 7338 1611 1737
f 3614 3839 3918
f 3612 3760 3613
f 2577 500 4158
f 4473 4353 4232
f 3460 3384 3700
f 9247 9264 9789
f 3679 3755 3911
f 3442 3918 3755
f 3604 3530 3913
f 5161 5265 4859
f 8395 887 233
f 9273 8709 9264
f 4002 3768 3853
f 3751 3597 3600
f 3597 3750 3527
f 3521 3749 3825
f 5710 2164 5684
f 1095 5271 2461
f 821 787 631
f 2819 2461 5444
f 174 165 2519
f 1053 6644 6286
f 3424 3181 3672
f 3426 4175 3740
f 1787 5816 6414
f 3426 3740 3823
f 3889 8176 1672
f 1989 5073 2019
f 8236 2013 942
f 3453 328 3451
f 3731 4175 3426
f 3669 3733 3590
f 9413 5445 9530
f 3813 3733 3735
f 3813 3735 3815
f 6241 6245 3642
f 2598 5702 2656
f 5569 2950 5431
f 3601 3600 3118
f 2997 3222 3057
f 6761 3007 7423
f 3648 3797 3960
f 3810 3582 3809
f 9283 9803 1481
f 3808 3586 3724
f 3731 3586 3808
f 3809 3582 3727
f 3582 3585 3727
f 3659 3726 3665
f 3653 3883 4032
f 3602 3564 4852
f 3578 3658 3970
f 3604 3439 3530
f 9025 703 2151
f 3726 3659 3654
f 5567 5557 5477
f 4373 4370 4299
f 3623 2945 2172
f 3722 3653 3491
f 9608 9703 4654
f 5035 5031 4745
f 8841 9576 9777
f 3808 3578 3970
f 9283 4209 8742
f 3243 3962 3487
f 681 5498 149
f 3718 3879 3717
f 3962 3243 3957
f 3957 3243 3650
f 2871 212 8073
f 3653 3797 3328
f 3569 3568 3798
f 3650 3647 3875
f 3565 3566 3874
f 3647 3479 3795
f 8734 8758 2335
f 3996 4135 4269
f 5712 6375 4835
f 2962 1109 244
f 3234 3644 3950
f 4019 3785 3471
f 3644 3234 3322
f 3870 3707 3320
f 3230 3471 3785
f 3473 4021 4022
f 3949 3708 3781
f 3708 3316 3639
f 72 1310 3220
f 3863 3150 3554
f 3310 3636 3864
f 5117 2761 5792
f 7701 7557 7549
f 3947 3559 3863
f 5792 6494 5117
f 450 1997 5711
f 3631 3554 3466
f 1919 2923 6302
f 7038 2954 8274
f 3777 3703 3552
f 3775 3701 3379
f 5245 5444 2296
f 3703 3699 3461
f 3942 3700 3864
f 6928 8299 5544
f 3460 3700 3698
f 3626 3378 3629
f 5426 2900 2693
f 3694 3622 3546
f 5582 1127 4166
f 4248 4653 4440
f 3378 3626 3692
f 4420 4704 4551
f 4244 4429 4494
f 3693 3772 3774
f 5410 4706 5595
f 5212 5268 645
f 3767 3540 3845
f 3455 3770 3619
f 3542 3772 3624
f 3767 3772 3542
f 2917 2991 3619
f 3369 3540 3542
f 3763 3618 3924
f 3622 3537 3546
f 7086 7181 6745
f 8162 9343 9331
f 8082 7914 7913
f 3841 3622 3846
f 5662 2819 5793
f 5431 5108 1576
f 3840 3924 3618
f 2510 5588 2527
f 3537 3841 3536
f 915 8793 3305
f 3925 3839 3367
f 3684 3361 3838
f 5503 2819 5444
f 8778 127 3802
f 3919 3533 3531
f 2682 2941 2683
f 3122 3373 3375
f 3361 3684 3610
f 3391 1498 218
f 2960 3096 2958
f 3678 3607 3679
f 3834 3606 3678
f 3834 3613 3606
f 3351 3204 3754
f 4868 3166 2950
f 8625 1885 1793
f 3203 3677 3603
f 3604 3752 3601
f 4284 7623 9820
f 3201 3598 3677
f 3601 3752 3751
f 2109 1098 1052
f 5549 8431 1562
f 3749 3521 3195
f 3185 3266 3672
f 5641 903 8419
f 4207 287 8415
f 3749 3434 3903
f 6287 3303 8786
f 7434 8179 8318
f 8580 5662 5793
f 359 358 2832
f 8580 5793 5702
f 2953 4393 1245
f 4698 7433 628
f 4177 4245 4106
f 3738 3425 3421
f 9645 2633 5025
f 2924 2835 3058
f 4219 1309 8403
f 5654 1309 4219
f 3267 3515 3735
f 3267 3735 3669
f 3421 3665 3738
f 3515 3816 3735
f 1653 2748 3076
f 3849 2246 3856
f 3339 3503 3418
f 5549 1562 4159
f 4460 4948 4674
f 2824 2989 3449
f 3732 3729 3589
f 948 1238 6303
f 9041 1062 6032
f 9563 1888 9989
f 3584 3100 3510
f 2178 9680 2232
f 3333 3578 3724
f 7110 8236 5979
f 3805 3334 3881
f 7987 2306 2663
f 3414 3509 3729
f 2098 4273 254
f 5547 5549 641
f 8675 4868 2950
f 5569 8675 2950
f 3585 3582 3501
f 9664 9939 9303
f 3411 3100 3584
f 3493 3332 3499
f 4835 9034 5694
f 3334 3805 3587
f 3411 3584 3722
f 1011 1123 5694
f 8232 7658 7567
f 7651 9400 7634
f 8637 3525 8628
f 3722 3883 3653
f 3504 3489 3174
f 3803 3718 3489
f 8274 2887 7038
f 3717 3486 3718
f 496 6931 5080
f 3487 3881 3334
f 567 364 374
f 3654 3579 3575
f 2301 2641 2472
f 3718 3486 3489
f 3505 6693 3453
f 3574 3575 3651
f 3575 3485 3651
f 3574 3651 3652
f 775 205 233
f 3486 3715 3403
f 3874 3715 4093
f 3569 3798 3651
f 3328 3797 3648
f 3483 3397 3648
f 3239 3647 3650
f 384 9681 1120
f 3647 3239 3479
f 3483 3644 3322
f 3711 3480 3790
f 3712 3481 3473
f 8786 2900 5426
f 6644 5311 6936
f 3476 3786 3478
f 3870 3953 3707
f 3320 3707 3477
f 8952 8954 8286
f 8731 5711 678
f 4022 3712 3473
f 7423 3871 2730
f 3559 4021 3473
f 2928 7164 8563
f 3643 3474 3783
f 3474 3561 3783
f 445 4361 8675
f 3393 3474 3640
f 3229 3393 3472
f 3217 3445 3285
f 3869 3480 3478
f 3864 3386 3310
f 5745 464 445
f 5678 324 9940
f 3914 4192 3989
f 3386 3864 3700
f 8081 1459 1217
f 3633 3777 3382
f 3226 3221 3938
f 6160 5722 843
f 3468 3629 3467
f 2368 4737 1348
f 3694 3698 3931
f 3467 3629 3378
f 3461 3696 3294
f 3701 3631 3466
f 3458 3695 3455
f 3693 3774 3628
f 3096 2960 3100
f 3628 3293 3456
f 184 232 231
f 3303 2900 8786
f 6419 6414 3858
f 9825 8162 9309
f 8177 5582 5443
f 2275 2954 2272
f 3786 3476 3785
f 997 2532 4903
f 3763 3376 3285
f 1068 1027 9293
f 1057 5665 8451
f 3544 3768 3543
f 7315 7181 7086
f 7618 6259 9442
f 5861 5219 6490
f 5820 2063 2042
f 3367 3543 3925
f 4223 3943 4149
f 5361 367 5346
f 3122 3616 3691
f 3840 3445 3279
f 4506 5481 6867
f 3840 3618 3445
f 8431 5212 1562
f 6784 2313 2317
f 362 299 343
f 472 9864 7242
f 4871 2258 1185
f 3760 3443 3613
f 3209 3533 3616
f 1193 192 3511
f 8121 7432 8106
f 3530 3354 3536
f 7680 976 6976
f 3529 3755 3679
f 3361 3610 2818
f 9484 2506 997
f 3678 3606 3607
f 8932 1549 5886
f 6160 328 3453
f 3751 3600 3601
f 9484 997 8316
f 3676 3748 3435
f 3744 3594 3435
f 272 4764 137
f 2748 8588 3076
f 3072 3009 3148
f 3069 9030 276
f 9900 148 9435
f 8252 9900 9435
f 3594 3430 3435
f 9294 4126 3007
f 3265 3425 3188
f 2832 358 1035
f 3516 3269 3594
f 276 8437 6032
f 3516 3515 3267
f 3810 3809 4104
f 8855 5067 5238
f 9565 8563 5814
f 3120 8936 171
f 9435 166 8851
f 3513 3659 3665
f 3513 3420 3342
f 3418 3587 3419
f 1748 3656 3649
f 3177 3586 3731
f 6985 844 3288
f 7061 2663 2306
f 3587 3418 3503
f 1062 6056 1102
f 9989 6419 9563
f 6985 3288 2336
f 9593 8454 7815
f 3658 3499 3810
f 947 9093 3041
f 2797 3180 2964
f 262 4316 5949
f 6287 562 3632
f 3257 3419 3510
f 3654 3657 3579
f 9715 3254 1507
f 3658 3578 3409
f 3658 3409 3493
f 3174 3486 3094
f 6529 4664 2968
f 1108 6546 2105
f 3334 3503 3252
f 2811 2309 2473
f 3579 3495 3575
f 2431 3244 2399
f 2125 1978 1979
f 8791 2381 8702
f 3241 3648 3397
f 3162 3569 3651
f 3240 3239 3650
f 3918 3921 4315
f 3842 3533 4131
f 3399 3087 3712
f 3169 3339 3099
f 3709 3238 3711
f 1035 358 5710
f 3708 3479 3316
f 1238 4970 1175
f 3478 3480 3237
f 3316 3479 3324
f 3478 3237 3235
f 2256 9196 3998
f 3638 3152 3565
f 3785 3476 3230
f 2890 2882 9854
f 3390 3230 3080
f 3640 3472 3393
f 5466 616 382
f 3704 3390 3385
f 9437 6693 3505
f 1304 3977 3969
f 3559 3315 3150
f 3639 3316 3306
f 1310 1255 1264
f 3385 3390 3307
f 3467 3387 3468
f 4025 4016 3950
f 3150 3071 3554
f 3938 3385 3226
f 5539 5958 5707
f 6953 5597 1515
f 42 2399 3288
f 302 1208 7756
f 6553 9537 6648
f 9818 9817 9914
f 3552 3462 3777
f 3461 3552 3703
f 3696 3458 3294
f 3136 3625 3775
f 3136 3775 3379
f 3938 3221 3857
f 294 296 335
f 3693 3628 3456
f 3221 3376 3857
f 3547 3222 3138
f 3692 3134 3378
f 7067 9566 7069
f 3548 3289 3547
f 3289 3222 3547
f 1304 3969 8035
f 3548 3546 3289
f 3852 3625 3373
f 3619 2991 3455
f 2321 3259 8702
f 2677 1959 2175
f 3289 3546 3541
f 3369 3624 2993
f 51 72 87
f 3129 3544 3543
f 3369 3542 3624
f 3122 3691 3373
f 3289 3541 3370
f 635 2043 2094
f 3763 3285 3618
f 3546 3537 3541
f 3370 3541 3449
f 3441 2917 3619
f 2526 2861 2612
f 3541 3537 3360
f 695 2352 714
f 4892 272 529
f 8975 1514 1582
f 3936 5186 7804
f 2375 2539 2536
f 3216 3614 3442
f 3360 3537 3536
f 3210 3209 3616
f 3529 3214 3755
f 4815 1077 3075
f 3216 3442 3282
f 3354 3360 3536
f 1255 1236 1264
f 2000 2152 2155
f 5078 879 891
f 6694 3588 3789
f 2823 2917 3050
f 3835 3824 8856
f 3351 3681 3279
f 4789 4544 4884
f 2746 3138 2844
f 3681 3351 3754
f 1075 8932 5886
f 4060 2032 130
f 3350 3530 3439
f 5433 6148 4737
f 2517 2509 3280
f 9316 9337 8439
f 3598 3201 3202
f 3202 3527 3598
f 3201 3677 3203
f 3597 3437 3600
f 6440 7488 983
f 3654 3574 3804
f 438 6976 976
f 6976 438 8931
f 3969 3977 9277
f 8800 1854 1811
f 2977 2974 2471
f 8922 2074 7664
f 3071 2750 2595
f 2976 3274 3196
f 3473 3481 3154
f 3431 2972 3747
f 8595 6404 6389
f 3425 3747 2972
f 6389 6404 6590
f 3823 3268 3426
f 3594 3269 3430
f 7961 9169 1369
f 3037 3267 3669
f 4218 4007 4464
f 3517 6998 275
f 3421 3104 3420
f 3590 3504 3179
f 3665 3421 3513
f 3421 3265 3104
f 1854 801 2968
f 3441 3838 3361
f 3102 3418 3419
f 2520 2024 2261
f 6497 5841 7881
f 2969 6442 9444
f 3506 3343 3500
f 3506 3513 3342
f 94 9320 8688
f 8336 5983 9952
f 3413 3412 3497
f 3659 3506 3657
f 3590 3489 3504
f 5665 321 8451
f 3657 3506 3500
f 3587 3503 3334
f 3582 3499 3501
f 3497 3495 3500
f 3338 3097 3408
f 3412 3495 3497
f 5544 8299 7661
f 5051 4301 6445
f 3446 1167 2365
f 3493 3409 3248
f 6529 7415 4664
f 3485 3575 3495
f 363 6517 3297
f 1759 2705 4287
f 3330 3578 3333
f 793 827 992
f 3330 3248 3409
f 3167 3248 3091
f 9674 8324 8534
f 3495 3412 3485
f 3026 3491 3328
f 5506 3465 141
f 3094 3486 3165
f 4680 3859 6077
f 8742 4209 4283
f 3240 2947 3161
f 3403 3089 3165
f 3648 3241 3328
f 3918 4315 3915
f 3397 2860 3241
f 3561 3477 3707
f 3481 3712 3087
f 3322 3397 3483
f 3566 3565 3231
f 5149 4948 4758
f 6285 833 6282
f 3237 3480 3325
f 2173 2420 2424
f 1245 7193 2953
f 3310 3229 3472
f 3554 3071 3067
f 3148 3234 3387
f 1897 822 6932
f 3230 3390 3471
f 3315 3559 3473
f 3006 3307 3390
f 224 229 210
f 3558 3004 3227
f 5814 8571 4412
f 3558 3633 3004
f 4006 4072 4075
f 3004 3633 3382
f 8623 8628 3353
f 3302 3553 3306
f 6110 6354 6355
f 349 5366 1482
f 3462 3382 3777
f 3463 3142 3547
f 1255 8274 1223
f 3628 3553 3293
f 3294 3552 3461
f 3287 5715 2398
f 316 498 403
f 3378 3134 3300
f 776 9128 7027
f 6097 6106 8833
f 3463 3547 3138
f 3298 3293 3553
f 3379 3466 3000
f 3375 3625 3136
f 3222 3289 3057
f 3373 3625 3375
f 91 3714 9825
f 8791 8702 1666
f 3127 3543 3367
f 2722 2899 2897
f 5034 4875 2651
f 3289 3370 3057
f 3540 2990 3538
f 167 89 143
f 241 7003 7106
f 5910 5419 9450
f 2695 2612 2760
f 3449 3541 3363
f 3541 3360 3363
f 3281 3613 3443
f 251 9219 6587
f 2990 3443 3538
f 9546 6648 9537
f 3367 3614 3216
f 6702 7748 8975
f 3121 3529 3355
f 3606 3277 3607
f 3675 1795 4749
f 7506 7827 7818
f 3350 3439 3206
f 3207 2816 3531
f 4256 156 1336
f 4196 4251 4250
f 3206 3439 3118
f 8401 8988 1677
f 3354 3530 3350
f 3117 3437 3527
f 3903 3434 3431
f 3565 3152 3231
f 3437 3597 3527
f 3431 3434 3274
f 3434 3749 3196
f 3114 3045 3435
f 2326 2497 2159
f 3274 2972 3431
f 1178 842 1261
f 3839 3921 3918
f 1482 4029 349
f 2801 3037 2800
f 8588 1811 3076
f 3748 3744 3435
f 1133 2228 2239
f 3268 3110 2892
f 2589 1612 3429
f 1658 2482 4586
f 4156 3400 460
f 1160 1040 1240
f 9685 1451 1441
f 7057 1812 1858
f 3425 2972 3188
f 6934 9437 3686
f 4464 4346 4218
f 3669 3179 3037
f 5117 2796 1872
f 9606 9601 7558
f 5298 2045 1494
f 3177 3182 2791
f 2714 6491 2703
f 3345 3420 3104
f 3034 3343 3345
f 3424 3589 3101
f 2911 5967 7250
f 3180 3413 3260
f 3265 3421 3425
f 2013 8236 37
f 3413 3497 3260
f 3260 3497 3343
f 9552 1787 6741
f 3504 3176 3179
f 2915 6934 3686
f 3506 3342 3343
f 3418 3173 3339
f 3899 4177 4106
f 3497 3500 3343
f 8019 2639 1664
f 3585 3501 3414
f 209 7202 5827
f 9567 1912 1938
f 3677 3912 3603
f 3177 3172 3586
f 3413 3338 3412
f 1671 586 581
f 4832 4579 4743
f 3337 3414 3336
f 3412 3338 3408
f 3501 3336 3414
f 9169 7985 1507
f 866 865 6333
f 3586 3172 3724
f 6920 9479 8309
f 3312 6447 3286
f 7061 6117 2663
f 3493 3167 3332
f 9529 9416 522
f 6117 7061 9863
f 4919 4437 4564
f 3162 3406 3163
f 3162 3651 3406
f 1869 3746 689
f 3089 3715 3874
f 3162 3399 3569
f 9585 9588 2996
f 299 207 343
f 4475 4085 4474
f 3089 3403 3715
f 3874 3160 3089
f 3791 8687 9782
f 3874 3566 3160
f 5628 4204 282
f 2738 2924 2830
f 3161 3324 3239
f 2943 3325 3238
f 3479 3239 3324
f 6358 6539 6654
f 3325 3159 3237
f 3335 2409 8791
f 3320 3319 3709
f 3319 3238 3709
f 3596 3275 3113
f 7177 3854 7206
f 105 450 87
f 3561 3232 3156
f 7092 7863 774
f 3474 3393 3232
f 3393 3229 3232
f 3374 9604 6207
f 1236 1223 1209
f 3993 2293 2013
f 3471 3390 3704
f 3366 9992 6380
f 5822 2764 818
f 4315 4502 4122
f 3128 5427 1365
f 3006 3226 3307
f 3226 3140 3003
f 537 9733 7162
f 3526 2080 233
f 4634 241 4652
f 8471 8462 2254
f 7539 1397 3272
f 1510 5175 4421
f 3701 3466 3379
f 3219 3294 3458
f 3552 3294 3295
f 3136 3379 3000
f 9601 7506 3811
f 3134 3544 3131
f 3126 3282 2828
f 7387 8574 3452
f 2321 3164 3259
f 3134 3692 3544
f 3964 5390 3153
f 2991 3458 3455
f 3290 3376 3221
f 7481 4436 3539
f 3129 3131 3544
f 4833 355 348
f 3057 3370 3449
f 3129 3543 3127
f 2961 1904 5877
f 8566 1109 2962
f 2912 8575 7936
f 3441 3050 2917
f 3126 3127 3216
f 3367 3216 3127
f 673 637 717
f 3197 3215 7556
f 312 5214 3192
f 2852 4284 4372
f 1040 862 799
f 3214 3282 3442
f 8710 2032 4060
f 2694 3555 1827
f 3366 6380 3228
f 393 4652 1208
f 2728 3279 2981
f 3360 3354 3352
f 3360 3352 3363
f 7164 409 1393
f 3606 3281 3277
f 7413 2931 6004
f 8880 1109 1207
f 3082 2753 2939
f 3206 3046 3350
f 3118 3600 2979
f 1148 1109 8566
f 3527 3202 3117
f 3529 3679 3607
f 3435 3275 3676
f 6676 6210 6832
f 6148 1348 4737
f 3274 3434 3196
f 9552 6755 5816
f 5361 6700 8115
f 6578 6307 6382
f 8704 1441 2035
f 6730 2533 2400
f 8685 8580 6040
f 3185 3672 3181
f 9309 8742 9825
f 182 259 222
f 3426 3187 3182
f 3269 3516 3267
f 3704 3938 4281
f 763 2630 9104
f 8523 2215 396
f 939 3054 9370
f 4842 632 7772
f 9125 807 7652
f 474 5860 4487
f 1207 1148 1357
f 3424 3101 3181
f 2067 3440 7033
f 3413 3180 3178
f 3343 3034 3260
f 3345 3104 3034
f 3345 3343 3342
f 6678 4379 4300
f 6210 6676 9617
f 641 678 5711
f 939 4559 928
f 3017 3152 2752
f 3174 3489 3486
f 3337 3509 3414
f 6072 788 794
f 2095 1105 3986
f 7487 8805 624
f 3100 3411 3096
f 3096 3411 3491
f 4265 6598 4300
f 3501 3253 3336
f 3501 3332 3253
f 3174 3094 3028
f 3333 3724 3251
f 5213 5139 3395
f 3330 2872 3248
f 9874 3119 3133
f 3332 3246 3253
f 1145 4124 5607
f 3437 2979 3600
f 3406 3412 3408
f 3242 3163 3406
f 3241 2866 3328
f 7307 6682 1645
f 543 1634 539
f 3843 1250 6540
f 3481 3087 3020
f 7177 8565 3771
f 4617 4616 4352
f 2778 6499 7966
f 2694 8324 9674
f 2943 3159 3325
f 3557 9995 9068
f 4214 2852 4372
f 2933 3851 3986
f 8117 6582 3592
f 578 9106 7007
f 3477 3158 3320
f 3358 7964 5407
f 4074 5509 8271
f 3322 3234 3151
f 2407 2831 2565
f 3082 3476 3235
f 3315 3473 3154
f 6289 7014 6463
f 3156 3232 3014
f 765 2726 744
f 1969 2017 2261
f 7413 7411 589
f 4214 4372 7828
f 3008 3306 3316
f 2750 3150 3315
f 2564 2739 2827
f 4447 8332 3743
f 3073 3386 3144
f 2934 3306 3008
f 1194 4222 8283
f 3463 3141 3142
f 3166 88 8216
f 3068 3387 3467
f 7244 9156 7280
f 2286 2789 2708
f 3475 3646 531
f 508 3427 2576
f 5662 7746 5426
f 3138 2746 3463
f 2759 2868 2440
f 3250 2782 9702
f 4138 1914 8180
f 3462 3137 3382
f 2842 2997 2580
f 2110 3689 2118
f 1654 1896 1831
f 2925 3293 3298
f 2979 2812 3206
f 2842 3138 3222
f 474 5100 470
f 3001 3061 2930
f 3061 3131 2835
f 9439 9544 9181
f 3127 3056 3129
f 5910 3762 5419
f 3129 3058 3131
f 2989 3057 3449
f 3369 2990 3540
f 340 336 3225
f 1633 9965 1582
f 2920 3210 3122
f 3127 3126 3056
f 5278 4619 4971
f 2890 8538 2215
f 3361 3050 3441
f 6986 3074 1025
f 3038 3896 928
f 3052 3282 3214
f 3449 3047 2824
f 3355 3277 3053
f 3124 3277 3281
f 95 88 3166
f 7698 6147 8873
f 6099 6183 6181
f 3207 3209 2820
f 9853 6007 8789
f 828 5113 2916
f 3683 6622 1024
f 3204 3351 2646
f 1223 2954 2275
f 2818 3610 2813
f 3350 3046 3352
f 2113 6044 2214
f 3203 3603 3204
f 2902 3202 3201
f 2032 363 130
f 8867 3667 5656
f 2978 3113 3275
f 5503 5444 5297
f 1930 1993 2225
f 2461 5271 5444
f 1459 8081 3933
f 3110 3523 3113
f 2636 9890 8690
f 6467 3261 4156
f 460 3400 1911
f 6715 8065 8076
f 3190 3111 3270
f 3443 2990 3281
f 5245 5297 5444
f 3195 3196 3749
f 657 6106 7532
f 6467 3228 3301
f 3266 3185 3109
f 3268 2892 3187
f 3823 3523 3268
f 8678 6118 8076
f 945 2173 1809
f 3529 3121 3214
f 2254 9606 7558
f 3265 3106 3104
f 3033 2800 3037
f 2781 2539 2375
f 2794 3102 3419
f 3345 3342 3420
f 393 1042 4652
f 1444 319 327
f 8604 1503 925
f 1194 8283 8271
f 3419 3031 2794
f 3257 3031 3419
f 3589 2883 3101
f 3041 6040 7385
f 3951 7023 6286
f 3238 3325 3480
f 2418 2421 2669
f 41 8524 2579
f 3509 2883 3589
f 37 8236 7110
f 7449 88 7110
f 2884 3338 3178
f 3178 3029 2884
f 3097 3338 2884
f 4125 7844 7833
f 3169 3503 3339
f 9146 5390 2393
f 9903 4926 4891
f 5176 5171 7010
f 409 3116 1381
f 4717 5186 3936
f 2877 3027 3337
f 3092 3408 3097
f 3253 2767 3336
f 3092 3242 3408
f 3804 3574 3652
f 6176 9697 4824
f 2767 3253 3246
f 2946 3165 3089
f 3333 3090 3330
f 3251 3090 3333
f 2956 3243 3487
f 5702 6040 8580
f 3487 3334 3252
f 2956 3240 3243
f 7385 2742 5722
f 2857 3399 3163
f 8216 88 7449
f 3999 3843 2452
f 3319 2943 3238
f 1611 925 1737
f 3638 3227 3152
f 5820 2042 2262
f 635 2094 703
f 3476 3082 3230
f 3651 3485 3406
f 3148 3009 3234
f 3310 3079 3078
f 1107 1219 1056
f 3151 3234 3009
f 589 2931 7413
f 771 9674 8552
f 2750 3315 3154
f 3006 3390 3080
f 8255 8526 8658
f 5952 2944 9516
f 3073 3079 3310
f 4537 550 5497
f 9516 6093 5952
f 4713 6544 4708
f 3387 3072 3148
f 3142 3144 3384
f 6676 5063 9617
f 1562 5353 7084
f 3467 3300 3068
f 3137 3004 3382
f 3226 3003 3221
f 8988 7748 6702
f 2848 3073 3144
f 5728 2815 4268
f 4121 1118 9096
f 8081 6286 7023
f 803 785 4654
f 4253 4229 8818
f 2925 2995 3293
f 2993 3293 2995
f 3293 2993 3456
f 4852 4214 7828
f 8795 7385 5722
f 6682 1793 1645
f 8523 386 2882
f 5419 5398 7926
f 8142 8519 7170
f 4280 4351 4374
f 9316 1573 9337
f 3456 2993 3624
f 3126 2828 2830
f 3216 3282 3126
f 4126 9312 5097
f 2981 3445 2988
f 9312 4126 9294
f 3124 3053 3277
f 2824 3047 2908
f 3121 3355 3053
f 2821 2820 3210
f 3210 2820 3209
f 1618 4733 9895
f 3203 3204 2906
f 8659 9209 8044
f 2817 2813 2816
f 2813 3610 2816
f 3351 2728 2646
f 3771 9863 2666
f 2977 3196 2974
f 4299 4558 4373
f 8556 9825 4283
f 3196 3195 2974
f 3483 3796 3792
f 9345 6674 947
f 1227 1466 1469
f 1105 2095 1066
f 7321 4120 6664
f 2897 3114 3270
f 3108 3111 3190
f 4807 3446 990
f 1208 302 393
f 3523 3110 3268
f 6500 4235 2518
f 2644 2975 2976
f 3304 9221 3791
f 4310 7548 3273
f 2040 1212 187
f 311 334 678
f 30 4083 6824
f 8594 8786 5426
f 3304 2391 9221
f 5503 2656 5702
f 9698 1723 2929
f 8731 678 334
f 2533 2730 3871
f 2519 161 4241
f 1613 1555 1735
f 3418 3102 3173
f 3109 2974 3195
f 3257 3100 3031
f 7027 1872 776
f 4265 1911 6598
f 3174 3028 3176
f 4813 5001 4909
f 2819 5662 5426
f 2130 2201 1979
f 3925 4059 3839
f 3173 3099 3339
f 1752 2171 2093
f 3308 4427 3381
f 3027 3509 3337
f 8188 8857 7864
f 2565 2920 2994
f 3026 3328 2955
f 562 8786 8594
f 9931 6133 7583
f 3169 3252 3503
f 3336 2766 2877
f 3246 2768 2767
f 3091 2873 3167
f 2949 3242 3092
f 3453 6693 81
f 3330 3090 2872
f 3240 2704 2947
f 3961 9789 1105
f 7926 5398 9938
f 2829 2737 3053
f 3241 2860 2691
f 8152 8153 7979
f 3163 3399 3162
f 2678 3020 2685
f 3083 3160 3566
f 3161 2937 3324
f 3083 3566 3231
f 8869 710 694
f 3319 3158 3019
f 3227 2752 3152
f 2854 3322 3151
f 3158 3477 3156
f 1597 3353 2914
f 8915 8925 8911
f 2679 3151 3009
f 6765 9942 3062
f 3310 3078 3229
f 2846 3080 2676
f 2843 3302 2934
f 3070 7952 7961
f 3073 2848 3079
f 3079 2849 3078
f 947 6674 9093
f 2128 2292 1781
f 9805 8721 9812
f 4362 87 450
f 2769 2446 2774
f 3144 3141 2848
f 1938 1990 9571
f 6985 1236 1209
f 2591 3227 2743
f 2446 2187 2534
f 3141 3144 3142
f 4672 4280 8804
f 1221 60 71
f 69 292 5201
f 3137 2743 3004
f 2844 3138 2842
f 7980 7985 9169
f 4512 3649 5481
f 3295 2581 3462
f 4702 2263 4658
f 4026 4548 4355
f 3295 3294 2999
f 3222 2997 2842
f 69 1411 292
f 3294 3219 2999
f 6040 5702 7385
f 6095 1994 6100
f 2839 2994 3136
f 2994 2920 3375
f 3057 2987 2997
f 2836 3217 3290
f 8927 3892 4822
f 5390 9399 4928
f 3290 3217 3285
f 3058 3129 3056
f 3052 3214 3121
f 701 2726 4301
f 2987 2989 2824
f 4656 6007 7418
f 9946 9864 9460
f 3361 2910 3050
f 5115 4727 9417
f 4484 4551 4550
f 233 1273 8395
f 3538 3927 3845
f 2980 2908 3047
f 276 4804 4316
f 2902 3201 3203
f 2906 3204 2646
f 3453 8795 6160
f 3045 2810 3275
f 3326 7612 4823
f 3936 3588 3661
f 3117 3202 2811
f 4804 6032 1062
f 3045 3114 2899
f 2976 3196 2977
f 2897 2899 3114
f 2447 2279 2370
f 2474 2557 2812
f 3267 3108 3190
f 3269 3267 3190
f 6287 8786 562
f 5013 1707 5005
f 2975 3274 2976
f 9605 9699 3900
f 2897 3111 2722
f 3109 3185 2893
f 3108 3267 2801
f 3258 666 4768
f 9437 6934 6693
f 756 2929 749
f 3037 2801 3267
f 3106 3265 2891
f 3032 3178 3180
f 3389 8688 9320
f 9096 1118 6056
f 3802 3739 9327
f 1943 2157 2158
f 2960 2885 3100
f 2632 2791 3187
f 3037 3179 3033
f 1369 9169 1475
f 3181 3101 2459
f 2797 2550 3032
f 2885 2960 2708
f 3032 3029 3178
f 2789 2290 2710
f 3173 3102 2787
f 4415 4477 4881
f 3176 2881 3033
f 3028 2881 3176
f 2791 2783 3177
f 2783 3172 3177
f 6319 6344 8964
f 9443 7003 6837
f 2784 2958 3096
f 2713 8053 18
f 5668 1904 5753
f 2780 3092 3097
f 3099 2956 3169
f 844 6985 1185
f 2877 2957 3027
f 5809 7049 7057
f 2784 3491 3026
f 3830 3679 3911
f 6411 1820 1839
f 8248 8250 8094
f 2767 2766 3336
f 1320 4709 1893
f 8675 4361 350
f 3167 2768 3246
f 5745 5767 464
f 2956 3252 3169
f 9438 4926 9903
f 1078 8122 29
f 3248 2873 3091
f 2872 2873 3248
f 8017 8010 1584
f 3441 3844 3838
f 2704 3240 2956
f 3251 3023 3090
f 2765 2955 2866
f 3090 3023 2951
f 3242 2949 3163
f 2105 3084 9136
f 3363 3046 3047
f 9931 8866 6133
f 9345 9662 6674
f 9805 1481 9803
f 3251 3724 3172
f 31 8107 3847
f 3161 2859 2937
f 9571 9567 1938
f 2329 2580 2488
f 7529 7691 7541
f 210 256 226
f 4976 2618 3534
f 3020 3087 2857
f 3074 4950 1664
f 3159 2941 3237
f 9571 5834 9567
f 2941 2682 3235
f 3158 2754 3019
f 8176 1914 1672
f 2681 3083 3231
f 2941 3235 3237
f 3082 3235 2682
f 3230 2939 3080
f 6855 550 545
f 2385 3611 2462
f 8266 8867 5067
f 4976 5025 2618
f 3154 3481 2678
f 2937 2100 2675
f 4627 8462 8471
f 3229 3078 3014
f 4210 6761 7423
f 3014 3232 3229
f 4684 3095 5383
f 5034 3876 4875
f 2178 650 7415
f 3008 2675 2934
f 4138 3985 1323
f 4842 6232 1487
f 1236 6985 2336
f 2410 2662 2564
f 2393 3175 9146
f 8685 6040 3041
f 8685 3041 9093
f 823 6276 3496
f 6693 9345 81
f 7590 4658 2204
f 2934 3302 3306
f 5831 5600 4124
f 3154 2678 2515
f 7033 2132 8607
f 3185 2459 2291
f 4406 4138 8180
f 5214 9900 5201
f 440 5831 5886
f 3892 4640 9364
f 3061 3001 3134
f 9025 824 703
f 3578 3330 3409
f 5390 9405 9399
f 3137 3462 2581
f 3300 3001 2930
f 2670 2930 2504
f 2925 3298 2840
f 9053 6674 9179
f 2581 3295 2999
f 3136 3000 2839
f 3458 2991 3219
f 3221 2836 3290
f 3165 3486 3403
f 3058 2835 3131
f 3227 2591 2512
f 4253 3892 4229
f 6292 86 2718
f 3058 2830 2924
f 2987 3057 2989
f 2993 2990 3369
f 3568 3399 4028
f 2990 2829 3124
f 8346 9006 9007
f 3445 3217 2988
f 2919 2991 2736
f 3052 3121 2658
f 2988 2733 2981
f 6882 5026 5609
f 9645 1467 2633
f 2990 2993 2833
f 8017 3250 1776
f 6546 9444 7159
f 8797 4547 8719
f 2792 2711 2128
f 4351 4587 4374
f 7681 7267 7380
f 2816 3207 2820
f 6837 2048 9179
f 241 7106 4652
f 104 1681 1912
f 8880 3081 1231
f 5622 4592 4417
f 2311 2820 2480
f 2979 3206 3118
f 800 1846 1697
f 4929 4659 4920
f 2473 2474 2979
f 3203 2725 2902
f 2906 2725 3203
f 3202 2902 2811
f 2740 3061 2835
f 2895 2972 2975
f 1835 1846 800
f 4480 3620 2709
f 2961 2373 1904
f 3110 3113 2807
f 2801 2638 3108
f 4019 3946 4155
f 2225 1993 2478
f 3109 2893 2974
f 2947 2859 3161
f 4291 2172 342
f 5668 6493 1904
f 4965 4613 5267
f 3094 2879 3028
f 1045 4272 2044
f 3748 3899 3744
f 9443 6837 9179
f 6056 1118 1102
f 981 2018 999
f 4964 4532 4876
f 3034 3106 2889
f 3152 3017 3231
f 3104 3106 3034
f 9093 6674 9053
f 3260 3034 2717
f 2628 2711 3102
f 3182 3187 2791
f 2789 2710 3031
f 2710 2794 3031
f 8685 9053 7746
f 3955 3711 3790
f 2864 2859 2947
f 3513 3421 3420
f 2701 8132 8383
f 9232 20 4777
f 3031 3100 2885
f 2490 2569 2491
f 3173 2627 2776
f 2883 2544 3101
f 3172 2783 2878
f 2621 3092 2780
f 1687 1689 1870
f 2461 2819 5426
f 7057 7049 8401
f 3684 3531 3610
f 2879 3094 2875
f 3027 2957 2777
f 2867 2949 3092
f 3023 2762 2865
f 3167 2873 2768
f 4236 4092 4030
f 9443 9179 2936
f 7796 3971 5692
f 2875 3094 2946
f 2868 2951 2525
f 2466 740 2961
f 2872 2951 2868
f 3163 2949 2861
f 2756 2946 3089
f 1874 75 831
f 1672 1306 3889
f 3397 2854 2860
f 3089 3160 2756
f 3160 2755 2756
f 3083 2942 2755
f 9374 6866 9371
f 3019 2604 3319
f 3319 2604 2943
f 2943 2853 3159
f 2853 2941 3159
f 3008 3316 2937
f 2606 2854 3151
f 2710 2290 2380
f 2681 3231 3017
f 5604 2178 2232
f 2599 3156 3014
f 3078 2677 2599
f 8268 5227 8867
f 9566 1912 9567
f 3009 2594 2679
f 2937 2675 3008
f 849 7449 7110
f 2750 3071 3150
f 947 81 9345
f 6931 394 5227
f 5227 8268 6931
f 3006 3080 2846
f 5834 9566 9567
f 2745 3140 2846
f 2048 3632 562
f 3673 7987 2663
f 3068 2930 2670
f 2843 2934 2744
f 2843 2840 3302
f 4824 711 5162
f 2935 3072 2932
f 2936 6674 9662
f 3375 3136 2994
f 1812 1660 581
f 2580 2997 2837
f 2924 2664 2835
f 1376 9963 9516
f 2987 2837 2997
f 9041 8449 2414
f 2571 3217 2574
f 3219 2919 2739
f 2833 2993 2995
f 4924 772 6233
f 2990 2833 2829
f 3056 2830 3058
f 9197 9880 2719
f 400 764 1531
f 3053 3124 2829
f 6436 7800 9585
f 5466 5400 374
f 3652 3651 3798
f 3121 2737 2658
f 3053 2737 3121
f 2298 2297 2464
f 2440 2271 2360
f 2728 2981 2732
f 6951 7027 9128
f 4069 4139 4275
f 4536 1284 2273
f 5 9 13
f 2812 2980 3046
f 3046 3206 2812
f 3005 2174 1149
f 3093 9953 3107
f 214 4253 4531
f 7106 7003 9443
f 2979 3117 2473
f 8072 8357 7771
f 3948 9769 9662
f 3275 2810 2978
f 2977 2644 2976
f 3122 3210 3616
f 1070 1057 8486
f 2474 2225 2478
f 5711 8731 450
f 6553 8973 9537
f 8685 9093 9053
f 3108 2722 3111
f 3355 3607 3277
f 1077 579 3075
f 1090 3075 579
f 1123 1136 2237
f 3265 2715 2891
f 3187 2892 2632
f 9478 9793 1630
f 2875 2449 2879
f 5978 2063 600
f 3180 3260 2964
f 2889 2717 3034
f 3415 1908 761
f 9977 9976 9725
f 7162 9733 6934
f 3029 3032 2788
f 3103 5386 4696
f 3423 780 2551
f 2792 2787 2711
f 2550 2788 3032
f 2885 2789 3031
f 2884 2788 2543
f 2791 2541 2783
f 2784 2626 2958
f 3099 3173 2776
f 2787 2627 3173
f 6080 111 9335
f 2881 3028 2879
f 6064 5976 6137
f 2776 2956 3099
f 1001 1205 1249
f 2774 3026 2955
f 2774 2955 2769
f 1710 8992 1677
f 6741 6169 6755
f 2872 3090 2951
f 2621 2867 3092
f 2769 2955 2765
f 1844 1833 1696
f 3309 710 8869
f 3251 2878 3023
f 2873 2872 2699
f 2700 2765 2866
f 8992 1734 1812
f 325 5230 9733
f 2867 2861 2949
f 2865 2951 3023
f 2756 2763 2946
f 7746 5662 8580
f 3025 2385 876
f 2757 2763 2756
f 2964 3260 2717
f 2386 2300 2389
f 3158 3319 3320
f 2942 3083 2681
f 2604 2853 2943
f 2853 2522 2941
f 6622 3683 8047
f 3151 2679 2606
f 9902 1430 3570
f 9229 9798 9886
f 2599 2680 3156
f 333 6670 2396
f 2343 3017 2752
f 2680 3158 3156
f 1086 3570 1430
f 2083 1060 3725
f 9972 2165 9911
f 2932 3072 3068
f 4167 4237 4367
f 3141 2672 2848
f 2672 3141 2746
f 2027 4555 4517
f 4012 3940 3468
f 3832 7138 2918
f 4652 7106 9443
f 941 5291 9370
f 9832 6149 5991
f 2458 2543 2788
f 248 4652 9443
f 3395 262 6527
f 1990 1607 9577
f 7467 8193 8197
f 2843 2587 2668
f 9720 6488 2133
f 3003 2836 3221
f 2740 2504 2930
f 2668 2925 2840
f 2664 2740 2835
f 2574 3217 2836
f 2662 2999 2739
f 4214 3564 2852
f 3219 2739 2999
f 2381 2321 8702
f 2995 2578 2833
f 6932 822 837
f 2988 3217 2571
f 3729 3585 3414
f 2917 2736 2991
f 5632 7862 3377
f 2736 2827 2919
f 2830 2828 2660
f 3107 5968 3093
f 6189 6218 1304
f 3977 1304 6218
f 891 3276 7865
f 1375 1285 1590
f 2824 2655 2987
f 3052 2658 2828
f 2655 2824 2560
f 990 7526 279
f 2823 2910 2649
f 2908 2980 2560
f 2048 2059 9179
f 4717 4852 5186
f 3117 2979 3437
f 4656 7418 1512
f 8731 334 4362
f 6279 3063 4010
f 3300 3467 3378
f 3929 3772 3848
f 4010 6351 6279
f 2474 2812 2979
f 2811 2473 3117
f 6935 4179 9510
f 3602 4852 4717
f 2643 2810 3045
f 3522 2665 381
f 2640 2469 2723
f 9068 8471 3557
f 4012 3950 4016
f 1019 3065 1027
f 2974 2893 2471
f 7623 3365 363
f 6984 6718 7235
f 3188 2895 2720
f 4050 2479 6230
f 2854 2606 2860
f 1208 4652 248
f 3160 3083 2755
f 7352 7635 7888
f 2716 2889 2891
f 7952 3070 1132
f 636 4246 2054
f 2181 5131 951
f 1356 8375 508
f 5146 2302 6426
f 2800 3033 2547
f 2042 2063 5978
f 3611 2385 7138
f 2247 2166 2161
f 2119 8316 997
f 2630 2352 7153
f 2797 3032 3180
f 613 527 495
f 1766 1764 1892
f 3085 2310 156
f 3033 2707 2547
f 18 3865 5365
f 3102 2794 2628
f 3102 2711 2787
f 1776 3250 965
f 4594 769 5244
f 1864 3199 8009
f 2789 2885 2708
f 3050 2910 2823
f 6467 4156 3228
f 2481 2647 2065
f 325 7756 9769
f 2708 2960 2958
f 3395 6527 5213
f 2540 2780 2543
f 163 6545 1323
f 1302 1893 4709
f 130 363 3297
f 2450 2881 2879
f 9757 9758 1035
f 2704 2956 2776
f 7853 1477 1579
f 4921 4914 2502
f 2459 3185 3181
f 8931 438 1549
f 2762 3023 2448
f 6605 5293 5944
f 2770 2867 2621
f 3391 2556 5232
f 6605 5944 6568
f 2777 2957 2772
f 3321 2778 2971
f 3321 2971 993
f 2763 2619 2875
f 2957 2874 2760
f 3270 3430 3190
f 3400 4156 3261
f 2013 37 3993
f 2868 2759 2699
f 2772 2957 2612
f 2972 3274 2975
f 118 5153 974
f 2861 2867 2772
f 2691 2700 2866
f 3933 7023 7084
f 2763 2875 2946
f 2763 2865 2762
f 2972 2895 3188
f 2957 2760 2612
f 6998 9813 9898
f 2865 2763 2757
f 295 289 4926
f 119 4926 289
f 9651 6210 9095
f 6926 7297 7426
f 2756 2607 2757
f 2390 2389 2300
f 2863 2525 2951
f 5953 6562 5355
f 9769 3948 325
f 3673 2438 2614
f 8274 2954 1223
f 3603 3754 3204
f 9659 7468 9172
f 3060 2178 7415
f 4133 3291 2451
f 803 1835 800
f 3172 2878 3251
f 2757 2607 2523
f 2861 2857 3163
f 4441 9702 1940
f 2687 2604 3019
f 2937 2859 2108
f 3519 1581 1589
f 9563 1950 1888
f 9489 6009 1161
f 7584 8313 8315
f 7339 1435 1939
f 3017 2346 2681
f 7147 7360 7359
f 5754 4871 4039
f 2676 2597 2516
f 8019 2650 2639
f 2345 2516 2597
f 2347 2679 2594
f 7866 2537 8169
f 3609 895 881
f 2514 2846 2676
f 2673 2849 3079
f 2848 2673 3079
f 4159 217 5549
f 2594 3072 2935
f 580 4993 5667
f 1372 214 4531
f 2744 2934 2675
f 3052 2828 3282
f 2196 3011 6533
f 9571 1990 9577
f 9035 2015 9570
f 2667 2330 2743
f 2744 2587 2843
f 3137 2667 2743
f 2741 3003 2745
f 3539 391 2665
f 3789 6678 6694
f 2843 2668 2840
f 9470 8860 8739
f 3137 2581 2667
f 3000 3466 2585
f 1630 9596 3258
f 7756 7613 9769
f 2669 2844 2842
f 3003 2741 2836
f 2836 2741 2574
f 4214 4852 3564
f 2413 2839 3000
f 3041 7385 8795
f 5116 7680 8931
f 684 5619 5687
f 3764 970 4999
f 5690 5694 7044
f 4971 5396 5278
f 6951 8519 2558
f 2830 2660 2738
f 2546 757 3335
f 2833 2737 2829
f 2987 2568 2837
f 3352 3046 3363
f 2823 2736 2917
f 2672 2746 2593
f 7418 9853 7401
f 2919 2827 2739
f 8797 8719 3859
f 4717 3936 3661
f 5435 3168 240
f 2541 2791 2632
f 2561 2655 2560
f 6160 8795 5722
f 671 2996 9588
f 2480 2821 2230
f 2394 2818 2813
f 2817 2816 2311
f 2311 2816 2820
f 2394 2813 2817
f 2309 2902 2725
f 2902 2309 2811
f 2398 1693 3287
f 2643 2723 2810
f 8454 7496 2213
f 9092 198 7074
f 2156 1859 2155
f 8806 6896 9637
f 684 5550 2505
f 8562 2962 838
f 3826 5910 9450
f 7558 9601 3811
f 2810 2468 2807
f 463 600 9555
f 1997 463 9555
f 2716 2891 2715
f 5162 3850 4563
f 2807 2464 2892
f 7496 9593 9994
f 2716 2717 2889
f 2103 2180 2104
f 2717 2716 2635
f 3646 3475 6553
f 600 2063 9555
f 9144 9245 8940
f 776 7936 7228
f 7756 325 4552
f 46 34 66
f 4231 4082 4347
f 1606 1851 1931
f 4855 2293 3826
f 192 1193 5568
f 3951 6644 3894
f 7652 1843 6947
f 3033 2881 2707
f 2877 3337 3336
f 4871 9581 6397
f 2937 3316 3324
f 2958 2626 2453
f 2453 2708 2958
f 3531 2816 3610
f 2881 2450 2707
f 2770 2539 2772
f 3026 2534 2784
f 2784 2534 2626
f 2777 2539 2781
f 2540 2621 2780
f 2450 2879 2449
f 1031 633 853
f 1656 3410 2609
f 2777 2772 2539
f 2391 1646 7806
f 4268 324 1327
f 2059 562 8594
f 2700 2769 2765
f 2762 2619 2763
f 9316 5559 1460
f 2770 2772 2867
f 452 1505 314
f 1397 2518 3329
f 37 7110 8
f 2873 2699 2768
f 2531 2864 2947
f 2612 2861 2772
f 4329 279 3402
f 6380 9992 3146
f 2697 2695 2760
f 3413 3178 3338
f 2697 2615 2695
f 8594 5426 7746
f 2523 2865 2757
f 2863 2865 2523
f 3588 6754 3661
f 8685 7746 8580
f 2269 2441 2523
f 2521 2754 2680
f 2435 2755 2942
f 8 7110 88
f 2521 3019 2754
f 3543 3768 3925
f 1306 1286 135
f 2683 2520 2682
f 5291 941 3051
f 2606 2679 2432
f 2515 2678 2257
f 2939 3230 3082
f 2682 2601 2753
f 3134 3131 3061
f 2601 2597 2753
f 2939 2753 2597
f 4958 4957 531
f 2933 3986 1105
f 757 2409 3335
f 4210 1181 159
f 1627 2852 3564
f 2676 2939 2597
f 9293 1027 8308
f 8336 9952 6093
f 3082 2682 2753
f 3889 127 8778
f 2778 7966 2971
f 2343 2752 2512
f 2088 2675 2100
f 2512 2591 2337
f 2945 3623 3634
f 2426 2846 2514
f 2499 3071 2595
f 2670 2932 3068
f 7177 6128 8565
f 2592 2932 2670
f 4239 4095 3962
f 2745 2846 2417
f 2499 3067 3071
f 2417 2741 2745
f 2930 3061 2740
f 2364 2700 2691
f 4868 350 2081
f 2137 6179 7590
f 2397 4744 1372
f 2581 2494 2667
f 2418 2669 2842
f 2668 2587 2582
f 8324 2579 8524
f 3936 3789 3588
f 2418 2842 2580
f 2034 2112 2362
f 2500 2587 2744
f 2413 2573 2839
f 2995 2668 2578
f 4405 3018 1446
f 2571 2574 2323
f 1548 1557 2387
f 2660 2570 2738
f 204 773 179
f 9444 1884 7159
f 2825 2988 2571
f 8177 6709 1127
f 9053 8594 7746
f 2486 2568 2655
f 8678 8065 5094
f 2655 2568 2987
f 2736 2654 2827
f 4868 8675 350
f 2957 2877 2874
f 2407 2152 2230
f 9345 3948 9662
f 1796 1559 1678
f 2652 2230 2821
f 2465 2801 2800
f 2649 2227 2823
f 196 2363 3985
f 6661 5964 5944
f 2410 2412 2662
f 4406 3985 4138
f 8097 8094 8250
f 2980 2557 2560
f 2492 5441 1135
f 4891 119 4811
f 2646 2555 2906
f 2431 3799 85
f 2725 2906 2555
f 8216 5431 2950
f 2301 2637 2641
f 2977 2222 2644
f 3892 4253 4822
f 2464 2632 2892
f 2472 2975 2644
f 6934 2610 9345
f 2213 7506 8454
f 2469 2810 2723
f 2213 2200 7506
f 2722 2638 2640
f 5770 5772 5606
f 4949 5477 5369
f 2637 2720 2641
f 3188 2720 2715
f 2313 6784 9620
f 2916 7910 838
f 6034 6007 4656
f 2899 2722 2643
f 5143 4951 5144
f 3348 6322 4158
f 3442 3614 3918
f 9823 9819 9639
f 2058 2327 1939
f 2637 2716 2720
f 2911 818 771
f 2715 2720 2716
f 2715 3265 3188
f 757 7053 767
f 2298 2217 2216
f 4055 3612 3834
f 5627 2315 1317
f 8758 4491 2335
f 2043 4518 5767
f 2628 2794 2380
f 8562 8566 2962
f 2379 2287 2205
f 8107 31 8119
f 2792 2627 2787
f 2783 2541 2623
f 2781 2375 2544
f 81 3041 8795
f 2538 2776 2627
f 2540 2543 2199
f 2263 2204 4658
f 1388 4592 7658
f 2623 2448 2878
f 1055 1050 5421
f 1735 1926 1933
f 2247 2161 2159
f 2534 3026 2774
f 2536 2770 2621
f 2770 2536 2539
f 1560 1678 1559
f 2768 2699 2698
f 7015 9030 8427
f 4817 2721 8492
f 2059 8594 9053
f 2874 2766 2698
f 6588 6495 6228
f 2449 2875 2619
f 3270 3435 3430
f 2767 2698 2766
f 2206 60 1221
f 2698 2697 2874
f 2699 2445 2617
f 2699 2617 2698
f 2526 2612 2274
f 9316 1460 1528
f 2398 5798 1706
f 2759 2445 2699
f 3006 2846 3140
f 81 947 3041
f 2525 2440 2868
f 4280 156 4256
f 556 2702 9335
f 6540 1250 2650
f 7962 1198 3145
f 5582 4003 5443
f 2691 2860 2364
f 3453 81 8795
f 2439 2857 2861
f 8057 9260 3800
f 2364 2860 2606
f 3789 3936 7778
f 2359 2857 2439
f 4088 3062 4077
f 2685 2857 2359
f 1207 1357 3081
f 2257 2678 2685
f 2522 2853 2358
f 325 9733 4552
f 9765 8099 2636
f 2435 2942 2356
f 5603 5602 6023
f 2669 2746 2844
f 2682 2520 2601
f 1250 4115 5764
f 3080 2939 2676
f 2429 2515 2257
f 3017 2343 2346
f 2255 2677 2849
f 2516 2514 2676
f 2636 8099 9890
f 2595 2750 2515
f 9241 8678 3851
f 7910 2916 2862
f 2595 2515 2247
f 4633 3928 8797
f 2513 2673 2848
f 4868 2081 3166
f 2511 2594 2935
f 2421 2593 2746
f 2848 2672 2513
f 1840 3999 4123
f 2331 2591 2330
f 2247 2499 2595
f 2744 2675 2500
f 2419 2333 2501
f 2417 2846 2426
f 9367 4008 3983
f 2247 2159 2499
f 2592 2670 2504
f 2284 2210 2207
f 2788 2884 3029
f 2048 562 2059
f 2578 2668 2582
f 2583 2504 2740
f 2662 2494 2581
f 2412 2494 2662
f 2413 2585 2497
f 9510 9503 6935
f 2999 2662 2581
f 2738 2664 2924
f 2664 2583 2740
f 1475 1507 3254
f 2664 2738 2583
f 2564 2662 2739
f 2564 2238 2410
f 2582 2415 2491
f 94 8688 1237
f 7242 1447 471
f 2567 2570 2660
f 2837 2568 2488
f 9179 2059 9053
f 2737 2569 2658
f 2660 2658 2567
f 4400 4525 4605
f 2426 2514 2340
f 8701 3851 2933
f 4130 4923 3256
f 325 3948 5230
f 1222 2378 948
f 1198 8575 503
f 2823 2227 2562
f 8166 6778 97
f 1185 4039 4871
f 2732 2401 2647
f 1995 3492 4144
f 2560 2557 2318
f 2647 2646 2728
f 2807 2892 3110
f 1238 1274 4970
f 1265 91 77
f 2646 2647 2481
f 1893 1269 1225
f 2474 2473 2225
f 2029 2268 2274
f 2394 2649 2818
f 2475 2394 2817
f 2555 2646 2481
f 6934 9345 6693
f 2100 2028 1763
f 5189 6596 2845
f 6234 794 1825
f 2222 2305 2644
f 2977 2471 2142
f 4361 445 464
f 1728 5867 3496
f 2465 2638 2801
f 5582 8177 1127
f 2507 1140 1986
f 3007 4078 7423
f 3492 1885 8642
f 2468 2388 2807
f 3406 3408 3242
f 5366 8289 1491
f 2297 2632 2464
f 773 204 6939
f 2893 3185 2291
f 1285 1201 1197
f 2717 2635 2964
f 1885 3470 1793
f 5475 115 6778
f 2893 2383 2139
f 2547 2463 2800
f 2800 2463 2465
f 2547 2379 2463
f 2642 8073 212
f 1820 5900 1839
f 2297 2284 2632
f 8283 4222 7180
f 2068 2197 7668
f 446 447 392
f 6893 180 5525
f 2454 2627 2792
f 535 9392 5441
f 1019 987 3065
f 2286 2708 2453
f 2120 2286 2453
f 2370 2280 2450
f 2454 2538 2627
f 2374 2623 2541
f 5563 8212 5474
f 2534 2187 2626
f 1293 1383 1334
f 3262 1568 2315
f 2371 2776 2538
f 3287 3262 6223
f 2370 2449 2447
f 2818 2910 3361
f 2446 2534 2774
f 2700 2530 2769
f 2776 2371 2704
f 1148 1207 1109
f 2878 2448 3023
f 2446 2769 2530
f 877 837 3224
f 2444 2276 2615
f 1706 1693 2398
f 2617 2616 2698
f 2615 2697 2696
f 4003 5582 9404
f 3490 2625 149
f 2696 2616 2611
f 8791 2409 2381
f 2276 2695 2615
f 3464 8827 5097
f 2617 2442 2611
f 2440 2360 2759
f 2611 2442 2182
f 2439 2861 2526
f 2115 1769 1900
f 2361 2444 2611
f 2611 2616 2617
f 2023 2102 2521
f 2208 2382 2463
f 2258 5731 1144
f 2441 2440 2525
f 2643 3045 2899
f 1814 6225 3407
f 2400 2533 2344
f 1162 3993 844
f 2254 3557 8471
f 2112 2108 2859
f 2435 2607 2755
f 6934 9733 2610
f 2857 2685 3020
f 2356 2264 2435
f 2942 2260 2356
f 2687 2267 2604
f 2358 2357 2522
f 2520 2683 2522
f 3019 2521 2687
f 5475 4034 1166
f 2260 1964 2356
f 6404 8595 2802
f 2175 2599 2677
f 4801 3194 1436
f 1503 1492 8963
f 1231 9168 1797
f 4071 7942 7280
f 8678 5094 3851
f 2440 2441 2271
f 2338 2594 2511
f 4123 5179 1840
f 14 27 26
f 2933 1105 9789
f 2475 2312 2394
f 581 1858 1812
f 2675 2508 2500
f 2932 2592 2511
f 1234 1279 1364
f 5230 3948 2610
f 5455 5222 4745
f 1619 1464 1685
f 2583 2738 2496
f 2504 2501 2333
f 4777 20 8240
f 313 317 4303
f 2588 2419 2501
f 3722 3491 3411
f 2499 2497 2585
f 2500 2496 2495
f 2508 2496 2500
f 2493 2741 2417
f 2667 2328 2330
f 6106 657 8833
f 9733 5230 2610
f 2588 2583 2496
f 55 59 58
f 2599 3014 3078
f 5955 3423 3440
f 2570 2496 2738
f 3359 2519 4241
f 1993 2402 2318
f 2411 2574 2741
f 9241 3851 8701
f 2580 2837 2488
f 2490 2495 2567
f 2324 2565 2573
f 2495 2570 2567
f 2491 2569 2578
f 2569 2737 2833
f 2833 2578 2569
f 2488 2568 2486
f 938 1737 925
f 2490 2567 2569
f 2190 2125 2123
f 4077 3062 9942
f 2571 2236 2825
f 6151 7485 5552
f 2406 2564 2654
f 3517 275 6048
f 2230 2652 2831
f 2877 2766 2874
f 2806 1145 5607
f 1054 1103 1018
f 4136 5291 1614
f 2560 2318 2561
f 864 1198 503
f 2007 2010 2011
f 8818 4531 4253
f 2555 2481 2061
f 7762 6230 7263
f 8949 9832 6009
f 3487 3252 2956
f 1432 1485 1486
f 8187 9112 8979
f 2975 2641 2895
f 2644 2305 2472
f 2810 2469 2468
f 3649 4512 40
f 6314 6969 4666
f 2920 3122 3375
f 3673 8990 2438
f 6778 115 97
f 6207 769 2482
f 5547 1891 1647
f 2299 2468 2390
f 2468 2469 2390
f 2163 1952 2250
f 3960 3796 3648
f 2298 2464 2388
f 4673 6964 4635
f 2048 6837 3632
f 5598 4673 4635
f 2467 2635 2716
f 2616 2696 2698
f 945 967 950
f 2795 6838 1172
f 23 9816 8084
f 3047 3449 3363
f 2382 2465 2463
f 2475 1923 1782
f 6849 3895 5399
f 2797 2964 2635
f 5860 9865 4487
f 2710 2380 2794
f 3074 6986 6881
f 2292 2711 2628
f 3457 6719 9222
f 2294 2458 2788
f 6965 8073 8362
f 2380 1780 2212
f 6596 6580 5174
f 2292 2128 2711
f 447 446 597
f 2290 2789 2198
f 2544 2375 2291
f 2541 2632 2284
f 185 6586 5073
f 6893 8309 180
f 6272 5914 6526
f 2707 2450 2280
f 2095 3769 4541
f 6851 7091 7593
f 3716 2886 1821
f 3697 9216 8051
f 2668 2995 2925
f 2623 2447 2448
f 2367 2185 2034
f 2367 2531 2371
f 2367 2864 2531
f 2364 2530 2700
f 2367 2362 2864
f 4191 6715 5504
f 2523 2525 2863
f 3355 3529 3607
f 2767 2768 2698
f 2276 2274 2695
f 2698 2696 2697
f 2400 2344 9209
f 7528 9992 4008
f 2637 2467 2716
f 2443 2442 2445
f 7277 3556 5113
f 2606 2436 2270
f 2444 2696 2611
f 2364 2606 2270
f 4647 4658 7590
f 2441 2525 2523
f 764 7664 1531
f 3802 127 3739
f 2265 2604 2267
f 2265 2853 2604
f 2432 2679 2347
f 4491 60 2206
f 2260 2681 2346
f 3739 3383 9327
f 2685 2350 2257
f 2884 2543 2780
f 2677 2255 2171
f 2516 2345 2340
f 3074 1664 2639
f 1060 2083 1071
f 2342 2347 2594
f 8164 8719 4547
f 2169 2673 2513
f 2594 2338 2342
f 2343 2512 1955
f 2340 2514 2516
f 2593 2513 2672
f 1955 2512 2337
f 1140 8150 1114
f 2508 2675 2088
f 2513 2593 2169
f 2039 6044 377
f 2932 2511 2935
f 1989 1839 1558
f 6335 8336 7712
f 2009 2087 2421
f 2493 2417 2251
f 2588 2496 2508
f 2421 2418 2009
f 2588 2422 2419
f 2250 2592 2332
f 2422 2588 2508
f 1978 2125 2127
f 248 9443 2936
f 2583 2588 2501
f 2504 2332 2592
f 2159 2497 2499
f 9503 195 9479
f 640 9746 8269
f 9503 9479 6920
f 2354 2350 2685
f 2587 2500 2495
f 9770 3415 7821
f 2587 2495 2415
f 2582 2587 2415
f 629 4633 4045
f 2410 2077 2412
f 2411 2741 2493
f 2495 2496 2570
f 2423 289 2428
f 2582 2491 2578
f 2077 2243 2412
f 2324 2573 2244
f 2495 2490 2415
f 2415 2490 2491
f 2208 2463 2379
f 2410 2238 2241
f 238 186 164
f 2241 2238 2076
f 1903 1836 2120
f 4113 4045 4719
f 2323 2236 2571
f 9232 284 20
f 275 6998 9898
f 2238 2564 2406
f 4531 1403 1372
f 2561 2235 2563
f 2235 2486 2563
f 6198 6042 6552
f 4664 650 611
f 2462 876 2385
f 2404 2562 2150
f 4506 3621 4512
f 2134 2143 2880
f 2065 2647 2401
f 2146 2311 2480
f 1287 2992 458
f 1365 4256 1336
f 2432 2259 2106
f 3517 2067 7033
f 3502 2039 377
f 5626 5436 5784
f 2144 2311 2146
f 2725 2395 2309
f 2754 3158 2680
f 2181 951 2629
f 2472 2641 2975
f 2473 2309 2057
f 3892 9366 4229
f 2438 2462 3611
f 2723 2722 2640
f 2469 2640 2389
f 2472 2141 2301
f 6117 9863 6128
f 2797 2635 2138
f 4584 2114 5299
f 2389 2638 2465
f 7177 6142 6128
f 5604 5703 2178
f 7658 3175 1388
f 6931 496 394
f 109 91 1265
f 2345 2597 2601
f 3832 2918 2948
f 88 95 8
f 3164 5604 2232
f 6142 7177 7206
f 560 8733 548
f 2295 2046 2294
f 1840 5179 3502
f 7940 7941 8105
f 2297 2210 2284
f 4902 4406 7554
f 2550 2295 2294
f 1781 2292 2212
f 5900 1820 6881
f 2004 2073 1682
f 2284 2202 2194
f 2208 2379 2205
f 2291 2459 2544
f 2792 2128 2454
f 2374 2194 2279
f 260 8073 6965
f 7113 5826 7124
f 1532 1473 1427
f 2198 2789 2286
f 2707 2287 2547
f 2026 2265 2267
f 2541 2284 2374
f 2536 2540 2193
f 2190 2193 2540
f 2376 2192 2186
f 2626 2281 2453
f 2376 2538 2454
f 2376 2186 2538
f 2279 2447 2374
f 5712 6397 6375
f 5618 6959 5619
f 6380 6362 3301
f 1839 5900 1558
f 2449 2370 2450
f 2619 2447 2449
f 888 817 741
f 2910 2818 2649
f 2367 2371 2185
f 2369 2446 2530
f 2364 2115 2530
f 669 3469 7496
f 2615 2696 2444
f 2360 2443 2445
f 1558 5073 1989
f 2685 2359 2354
f 2268 2180 2354
f 3504 3174 3176
f 2129 9994 2092
f 2270 2183 2364
f 2176 2269 2264
f 4343 5302 5293
f 2435 2269 2607
f 2269 2523 2607
f 4766 3975 1388
f 2445 2759 2360
f 684 2505 5619
f 2265 2358 2853
f 1952 2086 2250
f 2521 2175 2023
f 7692 7689 7540
f 2654 2562 2404
f 2375 2193 2123
f 2261 2601 2520
f 2259 2432 2347
f 2281 2626 2187
f 3078 2849 2677
f 7756 1208 7613
f 1957 2346 2343
f 2017 2345 2261
f 2017 2340 2345
f 1025 3074 2639
f 340 2460 348
f 4115 1250 3843
f 2169 2255 2673
f 9855 1120 9681
f 5419 3762 3730
f 4322 8502 4327
f 2167 2426 2340
f 161 1384 3291
f 7848 1975 9742
f 4188 161 3291
f 2214 6044 2039
f 2250 2511 2592
f 2166 2247 2515
f 248 7613 1208
f 2511 2250 2086
f 2197 2068 431
f 295 9438 177
f 2332 2504 2333
f 195 187 9479
f 3818 1011 3762
f 2508 2088 2422
f 2667 2494 2328
f 2418 2329 2009
f 9907 9723 9507
f 3894 3926 3951
f 1149 10 1192
f 1602 6553 6648
f 45 1192 10
f 8769 9260 3861
f 2328 2494 2243
f 5129 5347 5344
f 2573 2413 2244
f 6546 4826 2105
f 2243 2494 2412
f 3826 3818 5910
f 3245 130 3297
f 2323 2574 2411
f 2077 2410 2241
f 2006 2488 2078
f 5366 349 496
f 2155 2154 2324
f 2506 9484 1063
f 2154 2407 2565
f 2078 2486 2073
f 2153 2403 2825
f 2236 2153 2825
f 2562 2227 2150
f 2402 2234 2561
f 2561 2234 2235
f 6663 6461 6464
f 3742 3594 3744
f 3189 1940 2782
f 2004 1682 1683
f 2808 820 3576
f 2064 2404 2150
f 2447 2623 2374
f 5985 3107 1488
f 5983 1075 1145
f 2312 2227 2649
f 2404 2406 2654
f 2557 2474 2478
f 2555 2061 1929
f 2807 2978 2810
f 2057 2225 2473
f 2407 2230 2831
f 2725 2555 2395
f 2144 2817 2311
f 2222 2977 2142
f 6009 9832 1161
f 2389 2390 2469
f 2298 2388 2299
f 1627 3416 439
f 2299 2388 2468
f 2610 3948 9345
f 6093 9952 5952
f 2593 2090 2169
f 3525 8637 2101
f 8150 8119 1114
f 1652 2434 3273
f 9475 1057 8451
f 3892 8927 4640
f 1987 2046 2295
f 9516 2944 1376
f 23 8084 1206
f 8894 632 8289
f 2047 2383 2291
f 297 5641 8419
f 3074 6881 4950
f 2134 2880 1098
f 2211 2210 2297
f 2380 2212 2628
f 2292 2628 2212
f 2479 355 4833
f 7554 5622 4417
f 1828 1715 1650
f 2823 2562 2736
f 9194 4291 342
f 2280 2189 2287
f 2137 2262 6179
f 3993 37 95
f 2406 2072 2238
f 2168 1640 1701
f 9944 1217 1459
f 7547 2869 2856
f 2199 2190 2540
f 719 896 676
f 1795 3716 1821
f 2192 2036 2186
f 6044 6586 185
f 2370 2279 2194
f 2194 2280 2370
f 2448 2447 2619
f 6044 185 377
f 4680 5386 3103
f 4642 4646 4808
f 2115 2369 2530
f 2538 2186 2185
f 2362 2367 2034
f 4670 4836 4838
f 2611 2182 2361
f 2559 9420 620
f 6959 5618 770
f 2439 2526 2274
f 2443 2182 2442
f 2359 2268 2354
f 2268 2359 2439
f 1582 1514 526
f 2271 2441 2269
f 7903 1519 4804
f 2264 2269 2435
f 2382 2386 2465
f 2486 2078 2488
f 964 878 621
f 2521 2102 2687
f 2179 2024 2357
f 2937 2108 2100
f 2368 1348 4340
f 2680 2175 2521
f 1964 2264 2356
f 2208 2216 2382
f 906 4702 7686
f 1961 2023 2175
f 3990 329 2985
f 2074 1531 7664
f 2269 2176 2107
f 1959 2677 2171
f 2406 1999 2072
f 2259 2347 2342
f 4417 4902 7554
f 7267 7525 7391
f 7668 2197 7680
f 2255 2093 2171
f 2064 2406 2404
f 1955 1957 2343
f 1297 1046 1092
f 2817 2144 2475
f 1626 1875 1695
f 2170 2342 2338
f 5266 2320 6486
f 2515 2429 2166
f 7951 9216 3697
f 3868 4536 3837
f 2591 2331 2337
f 3843 3999 4115
f 3228 6380 3301
f 9651 2579 744
f 2558 6784 6895
f 2338 2511 2086
f 2250 2332 2163
f 2333 2419 2014
f 2419 2162 2014
f 7849 5072 3605
f 3762 5910 3818
f 2251 2160 2493
f 8495 8502 4322
f 2639 3396 1025
f 3502 2437 1840
f 2156 2324 2244
f 2154 2565 2324
f 3620 4480 6809
f 2244 2326 2158
f 2003 2076 2001
f 2158 2157 2244
f 2235 2073 2486
f 1923 2146 2055
f 2235 2234 2073
f 4323 785 6225
f 182 160 231
f 2395 2223 2309
f 2401 2316 2065
f 7771 7902 8072
f 1077 4815 5398
f 3984 3905 4497
f 6208 9361 8863
f 9952 5983 1145
f 2230 2055 2146
f 1222 1167 4864
f 2146 2480 2230
f 2561 2318 2402
f 4518 7539 5767
f 2555 1929 2395
f 3561 3156 3477
f 7650 5466 382
f 1524 3758 3064
f 3450 6590 6404
f 3526 233 205
f 2471 2139 2142
f 3926 7038 3951
f 2142 2139 2220
f 2640 2638 2389
f 2368 4340 9374
f 2467 2301 1988
f 2390 2300 2299
f 3933 7084 5353
f 2057 2309 2223
f 3399 2857 3087
f 2066 8418 2094
f 2299 2300 2386
f 2217 2299 2386
f 2217 2298 2299
f 9682 9945 9861
f 2087 2090 2593
f 2217 2386 2382
f 2130 2291 2201
f 2383 2893 2291
f 2488 2006 2329
f 8068 6821 6909
f 378 356 404
f 2456 2487 1225
f 2290 1780 2380
f 2379 2547 2287
f 4111 1078 1934
f 2123 2201 2375
f 1907 2454 2128
f 2362 2112 2859
f 1356 7016 8375
f 2127 2458 2294
f 1729 2290 2198
f 2287 2189 2205
f 2536 2193 2375
f 2127 2543 2458
f 3502 5179 2039
f 6953 1515 647
f 2375 2201 2291
f 2124 1729 2198
f 636 9585 2996
f 2707 2280 2287
f 2286 2122 2198
f 766 1082 1001
f 3027 2777 2781
f 2190 2123 2193
f 1381 1393 409
f 377 1663 3502
f 1562 7084 4159
f 2194 2189 2280
f 6391 6086 1499
f 2185 2371 2538
f 2369 1900 2116
f 939 9370 4559
f 5900 6881 2131
f 3478 3235 3476
f 1701 1588 1364
f 2261 2345 2601
f 791 936 857
f 1558 5900 2131
f 311 4159 7084
f 2361 2276 2444
f 4717 3661 3602
f 2274 2268 2439
f 2108 2112 1896
f 4595 1292 3085
f 3085 156 4595
f 5537 6986 1025
f 2267 2687 2102
f 2177 2176 2264
f 2350 2354 2180
f 2358 2265 2026
f 7774 9969 8610
f 2591 2743 2330
f 2179 2358 2026
f 1602 6169 543
f 1532 1530 1523
f 246 311 4098
f 5073 1558 2631
f 2096 2257 2350
f 2097 2259 2342
f 3200 2283 7526
f 2342 2170 1880
f 2168 2340 2017
f 4514 4270 4674
f 9965 1677 8988
f 2093 2255 2169
f 1677 3891 1710
f 7556 9535 6351
f 2016 2169 2090
f 2167 2340 2168
f 2429 2089 2166
f 9355 9692 9594
f 2038 3710 1012
f 2084 2162 2422
f 1873 2087 2009
f 2091 2088 2100
f 1949 2337 2331
f 3255 4100 3236
f 2326 2159 2158
f 2159 2161 2010
f 1309 2921 8403
f 9550 3254 3311
f 2160 2079 2493
f 1049 3396 2639
f 2650 1049 2639
f 2079 2411 2493
f 493 482 6292
f 2003 2001 1678
f 1954 1876 2429
f 7174 8519 7196
f 5251 2285 3801
f 2234 2402 2070
f 1878 2338 2086
f 2153 2316 2403
f 2075 2153 2236
f 2631 185 5073
f 2154 2152 2407
f 2153 2069 2316
f 9965 1633 3891
f 2060 2065 1852
f 1999 2406 2064
f 1541 4698 3212
f 1786 1929 2061
f 1246 1374 1331
f 8020 3199 3233
f 2060 2061 2481
f 2227 2056 2150
f 2478 1993 2318
f 2053 2142 1918
f 5139 5213 5151
f 1929 2223 2395
f 2225 2057 1930
f 9156 7244 1036
f 2056 2312 1991
f 8731 4362 450
f 2057 2223 1848
f 2290 1729 1780
f 1924 1991 2312
f 2312 2475 1924
f 1848 2223 1929
f 2222 2053 2305
f 3416 3365 439
f 2222 2142 2053
f 2220 1918 2142
f 3887 7800 5244
f 2472 2052 2141
f 1987 1913 1983
f 1917 2138 2467
f 8523 2882 2890
f 503 5852 864
f 2821 2480 2820
f 2047 2139 2383
f 2050 2918 2385
f 2216 2217 2382
f 2211 2298 2216
f 2297 2298 2211
f 2212 1730 1781
f 2208 2211 2216
f 2047 2291 2130
f 6243 6142 7206
f 2211 2208 2205
f 3933 8081 7023
f 260 6965 268
f 1781 1838 2128
f 2286 2120 2122
f 2579 8324 7314
f 2190 2199 2125
f 948 2378 1238
f 2284 2194 2374
f 2027 2888 4555
f 2898 7685 3757
f 746 1794 4330
f 611 3974 4664
f 5431 8216 5108
f 2207 2189 2202
f 2205 2189 2207
f 2256 6703 9196
f 2376 2454 1907
f 2189 2194 2202
f 2120 2453 2281
f 2123 1979 2201
f 495 492 397
f 1903 2120 2281
f 7505 6986 5537
f 1926 2055 1933
f 2388 2464 2807
f 1902 2281 2187
f 2446 2116 2187
f 2116 2446 2369
f 4928 3153 5390
f 2276 2029 2274
f 1896 1648 2028
f 1593 1828 1716
f 938 4467 943
f 819 588 630
f 311 7084 4098
f 2107 2182 2443
f 2360 2107 2443
f 2436 2106 2270
f 185 2631 6739
f 9975 175 152
f 1895 2106 1970
f 1280 1282 1324
f 2793 1558 2131
f 2357 2358 2179
f 2264 1964 2177
f 1883 2023 1961
f 2105 4826 5575
f 2108 2028 2100
f 2966 5086 1069
f 2520 2357 2024
f 2131 6881 3972
f 2257 2096 1954
f 246 334 311
f 6128 9863 8565
f 2097 2342 1880
f 990 3200 7526
f 6702 8975 1582
f 9735 9737 9649
f 4115 1840 1533
f 3146 6362 6380
f 4078 2147 2117
f 2016 2093 2169
f 7583 682 9931
f 2091 1953 2084
f 705 2317 2320
f 1877 1955 2337
f 7395 7392 7278
f 2437 3502 361
f 2994 2573 2565
f 1877 2337 1949
f 979 929 977
f 1027 8671 1019
f 2307 4705 171
f 2163 2332 2333
f 2202 2284 2207
f 2014 2162 2084
f 2333 1875 2163
f 2014 1875 2333
f 2428 177 1436
f 2330 1687 2331
f 2631 1558 6248
f 1687 2330 2328
f 2006 2009 2329
f 2244 2157 2156
f 9079 4817 8492
f 7506 2200 3811
f 1942 2077 2003
f 2005 2411 2079
f 2005 2323 2411
f 2167 2168 1871
f 2076 2072 2001
f 2078 2004 2006
f 1941 2075 2236
f 2070 2073 2234
f 2076 2238 2072
f 2154 2155 2152
f 6319 2973 5955
f 4757 3175 2393
f 1993 1790 2402
f 1581 1118 4121
f 2961 740 2373
f 2101 8044 3580
f 9683 5934 1939
f 185 1663 377
f 1669 1928 1731
f 2153 2075 2069
f 1898 2115 2364
f 503 8575 2912
f 3788 3644 3792
f 1759 3557 2254
f 7105 3396 1049
f 2052 1988 2141
f 2062 2150 2056
f 1988 1917 2467
f 3999 1840 4115
f 2139 2047 2220
f 1625 1694 1476
f 406 7618 293
f 1025 3396 5537
f 1909 1983 1910
f 4375 5537 3396
f 3845 3927 3848
f 1867 2079 2160
f 3396 7105 4375
f 1188 2195 82
f 4923 3255 3256
f 7233 7218 651
f 1786 2060 1788
f 2288 1292 109
f 1837 2192 2376
f 1836 2122 2120
f 1205 1001 1082
f 1287 458 1433
f 6951 2558 6895
f 1902 1903 2281
f 1902 2187 2116
f 9670 9554 9448
f 1899 2034 2185
f 2034 1832 2112
f 1571 1577 1747
f 2030 2029 2361
f 2428 295 177
f 2111 2030 2361
f 6538 6516 5846
f 1896 2028 2108
f 1972 2182 2107
f 60 4491 4306
f 951 3713 2714
f 1719 2183 2106
f 1970 2106 2259
f 2106 2436 2432
f 2107 2271 2269
f 2029 2025 2104
f 1895 1719 2106
f 1049 1250 5764
f 1894 2026 2267
f 6674 2936 9179
f 1411 69 38
f 1668 1550 1551
f 2261 2024 1969
f 2102 1894 2267
f 885 1475 897
f 2026 1892 2179
f 2136 9995 3557
f 1895 1760 1644
f 8293 6953 647
f 2107 2176 2022
f 8314 3299 8922
f 2651 6292 5034
f 214 4822 4253
f 1964 1709 2177
f 2259 2097 1970
f 1883 1761 2023
f 1961 2175 1959
f 130 3197 4060
f 4098 7023 2887
f 1964 2260 1886
f 3549 9327 3383
f 5991 490 2554
f 2022 2176 1960
f 1960 2176 2177
f 2088 2091 2084
f 1763 2091 2100
f 2622 580 5667
f 3533 3207 3531
f 1753 2091 1763
f 2104 2180 2268
f 578 2822 2903
f 2170 1878 1880
f 2087 1951 2090
f 1878 2170 2338
f 1162 2258 1144
f 5860 474 848
f 1873 1951 2087
f 9118 9474 8862
f 1875 1952 2163
f 1877 1949 1810
f 8079 3084 5575
f 2014 2084 1953
f 2160 2251 1804
f 838 2962 2916
f 901 3907 1631
f 533 8692 2319
f 1688 2009 2006
f 2105 5575 3084
f 2328 1744 1803
f 2158 2010 2007
f 7847 1087 1102
f 571 1660 4981
f 3532 1944 943
f 2147 2135 2117
f 1801 2243 1942
f 1862 2156 2157
f 9076 712 5277
f 2073 2004 2078
f 1862 1859 2156
f 1503 907 925
f 1593 1437 1330
f 2236 2323 1941
f 5537 4375 7410
f 2069 2075 1857
f 1800 1857 2075
f 2481 2065 2060
f 4100 4094 3236
f 9563 9005 1950
f 547 709 549
f 1848 1930 2057
f 1923 2144 2146
f 1785 1991 1924
f 2475 2144 1923
f 1924 2475 1782
f 2301 2141 1988
f 7961 1369 3070
f 1922 2053 1918
f 2423 6175 289
f 3145 1198 864
f 6590 3450 1884
f 1907 1837 2376
f 2948 6189 1304
f 3570 2566 847
f 2220 2047 1985
f 1918 2220 1985
f 1915 1985 1910
f 3581 6142 6243
f 1503 8963 1510
f 1969 1887 2017
f 3933 5353 1459
f 1854 2968 3974
f 6396 3835 2455
f 1985 2047 1982
f 2047 2130 1982
f 1983 1909 2046
f 1981 1909 1910
f 1019 8968 987
f 199 21 110
f 1855 2073 2070
f 21 199 113
f 1838 1907 2128
f 1981 1978 2041
f 1978 2127 2041
f 2294 2041 2127
f 685 643 829
f 6973 6974 6701
f 149 2625 681
f 2125 1979 2123
f 3189 1508 3171
f 1468 1521 1623
f 432 402 399
f 6881 6986 7505
f 5764 4115 1533
f 2369 2115 1900
f 2186 1899 2185
f 1721 2364 2183
f 1584 1508 2782
f 2053 2052 2305
f 3254 897 1475
f 7381 7377 7519
f 2268 2029 2104
f 1584 2782 8017
f 1484 3055 505
f 2103 2104 2025
f 1972 2111 2182
f 2029 2030 2025
f 1556 1398 1788
f 2413 2326 2244
f 1549 440 5886
f 763 2657 6947
f 1895 1970 1760
f 2827 2654 2564
f 6086 526 1499
f 2107 2022 1972
f 2180 1890 2350
f 2749 2709 3620
f 3428 350 4361
f 7793 3415 761
f 1824 2096 1890
f 1793 7606 1645
f 2025 1967 1758
f 1972 2022 2021
f 2093 2016 1752
f 2022 1960 1881
f 2022 1881 2021
f 1525 1474 1361
f 1881 1962 2021
f 2024 2179 1764
f 1756 2260 2346
f 1709 1637 1960
f 1754 1959 2171
f 1756 2346 1957
f 1751 1955 1877
f 1751 1957 1955
f 7843 7190 9085
f 141 6835 5506
f 4719 4045 1311
f 2167 1871 2251
f 4807 1167 3446
f 1949 2331 1870
f 3007 3705 7565
f 9980 247 2303
f 1801 2328 2243
f 1943 2158 2007
f 2076 2077 2241
f 907 909 925
f 3602 3661 6734
f 1859 1862 1739
f 2003 1799 1942
f 1941 1800 2075
f 1799 2003 1678
f 1678 2001 1796
f 1796 2001 2072
f 3448 7903 3488
f 2315 6223 3262
f 1790 2070 2402
f 1832 1770 1831
f 1933 2152 1791
f 9986 449 422
f 1518 1412 1413
f 1351 1224 1270
f 1851 2062 1931
f 2041 2046 1909
f 1999 1853 2072
f 1289 1249 1380
f 5631 8396 268
f 5808 5996 6146
f 2055 1926 1925
f 2061 2060 1786
f 2062 2056 1928
f 3769 3986 1071
f 1928 1991 1785
f 1243 4410 1267
f 1928 2056 1991
f 5990 3438 5293
f 2335 8084 9816
f 2472 2305 2052
f 1496 1249 1248
f 1608 1848 1553
f 579 1011 1090
f 4029 327 394
f 5509 145 8271
f 8167 6748 5404
f 7433 606 628
f 284 289 6175
f 1918 1985 1915
f 1915 1913 1916
f 1551 1845 1668
f 6225 1686 4914
f 1910 1985 1982
f 3972 6881 7505
f 1916 1918 1915
f 1910 1982 1981
f 2131 3972 138
f 1982 2130 1981
f 2041 1909 1981
f 2277 3492 8642
f 2130 1979 1981
f 7505 5537 7410
f 1303 1137 1211
f 1981 1979 1978
f 1490 1489 1366
f 901 2437 361
f 1646 2391 3304
f 7468 9168 9172
f 2041 2294 2046
f 141 4882 4877
f 7266 3063 6243
f 2122 1387 10002
f 1049 5764 7105
f 1836 1387 2122
f 9999 2192 1837
f 1662 1836 1903
f 40 1748 3649
f 1595 1774 1900
f 8324 2694 7314
f 1832 2034 1899
f 2131 138 2793
f 1511 3831 3135
f 1896 1654 1648
f 4126 3705 3007
f 1394 1139 1401
f 1401 1139 1307
f 23 8475 4233
f 1555 1457 1400
f 2914 9715 1597
f 38 4727 5115
f 2179 1892 1764
f 1828 1766 1892
f 2111 1972 2021
f 2111 2021 1967
f 2111 1967 2030
f 2025 2030 1967
f 2103 1642 1824
f 2096 2350 1890
f 2102 1715 1894
f 5599 3871 4078
f 678 641 217
f 2021 1962 1967
f 1967 1962 1758
f 2024 1764 1714
f 7821 3415 7793
f 1826 1639 1642
f 1761 2102 2023
f 90 8827 3464
f 3702 7493 628
f 1637 1635 1960
f 1754 2171 1752
f 1883 1702 1711
f 9371 4113 4719
f 1704 1639 1758
f 1881 1960 1635
f 1817 1954 2096
f 1959 1754 1961
f 1757 2097 1880
f 8992 1812 7057
f 1751 1756 1957
f 798 725 728
f 8534 8324 8524
f 9782 3961 5421
f 3739 4410 3383
f 6739 6967 1663
f 658 677 2596
f 4879 4687 4775
f 2016 2090 1951
f 3464 3680 8771
f 3944 904 831
f 617 517 7410
f 1306 3086 1286
f 5095 6381 1536
f 2689 9898 9813
f 1873 1750 1951
f 2631 6248 6739
f 5575 672 8079
f 6739 6248 1773
f 3983 3977 9367
f 2089 1746 2161
f 1695 1875 1953
f 2655 2563 2486
f 1663 361 3502
f 2011 2161 1746
f 2005 1867 1802
f 2426 2167 2251
f 1887 1640 2017
f 1744 2328 1801
f 2323 2005 1941
f 1862 2157 1943
f 6004 2931 7433
f 1801 1942 1513
f 1563 1561 1680
f 2069 1857 1676
f 9926 9925 9924
f 2155 1859 2000
f 2316 2069 1852
f 7355 6058 8777
f 4088 4083 3062
f 1917 1913 2138
f 5764 6933 7105
f 1862 1943 1739
f 2069 1676 1852
f 1608 1789 1993
f 9789 3961 9782
f 378 466 320
f 5627 672 1850
f 2125 2199 2127
f 2000 1791 2152
f 1756 1886 2260
f 4431 5883 4441
f 1784 1782 1845
f 217 4159 311
f 1037 3304 3791
f 1928 1931 2062
f 1930 1848 1608
f 1848 1929 1786
f 3532 999 8051
f 1922 1916 1917
f 6936 1142 6644
f 1987 2295 2138
f 2053 1922 2052
f 1782 1923 1925
f 827 792 715
f 1918 1916 1922
f 2140 6300 980
f 1988 2052 1842
f 6598 3400 9695
f 1987 2138 1913
f 1749 1713 9486
f 1915 1910 1913
f 1910 1983 1913
f 2052 1922 1842
f 1780 1729 1667
f 672 5627 8079
f 3973 7796 5704
f 827 793 792
f 827 855 1157
f 1896 2112 1832
f 622 689 1841
f 4749 4826 1777
f 1547 1834 10000
f 2186 2036 10000
f 1533 2437 901
f 1834 1772 1899
f 177 308 1436
f 1774 1902 2116
f 1834 1899 2186
f 3645 9659 5192
f 6533 8009 6563
f 1914 6545 1672
f 2437 1533 1840
f 1721 2183 1719
f 1764 1591 1714
f 4094 2451 3220
f 2025 1758 1826
f 1535 5579 3292
f 663 661 735
f 1826 2103 2025
f 1894 1828 1892
f 1585 1709 1964
f 1890 2103 1824
f 4491 8758 4306
f 1826 1642 2103
f 91 9825 8556
f 2177 1709 1960
f 6058 6318 3135
f 1816 1752 2016
f 4114 3740 4307
f 5650 5499 5744
f 1760 2097 1757
f 3146 9992 7528
f 1962 1704 1758
f 1761 1883 1711
f 1824 1822 2096
f 5067 308 5238
f 4410 3739 127
f 9367 7528 4008
f 2409 3766 1889
f 2484 6128 893
f 2364 1768 1898
f 1663 6967 361
f 2017 1640 2168
f 1632 1756 1751
f 3581 6243 9308
f 5246 5047 5048
f 3383 4306 8758
f 9196 965 3998
f 2145 2140 980
f 3215 3197 3245
f 1880 1878 1699
f 8475 8556 4209
f 1876 1954 1694
f 1813 1951 1750
f 8650 8246 8384
f 895 1767 1762
f 3588 6694 6754
f 9550 897 3254
f 2096 1822 1817
f 1646 3304 1037
f 1585 1583 1709
f 1074 1200 1328
f 617 7410 4375
f 1751 1877 1810
f 2517 770 5618
f 1572 1871 2168
f 3580 2027 3994
f 6440 3245 6455
f 1602 6648 6169
f 5202 2233 2221
f 4382 4864 4807
f 1871 1690 1804
f 1806 1625 1692
f 2011 1741 2007
f 1741 2011 1746
f 1687 2328 1803
f 1804 1742 1867
f 1867 1742 1802
f 1741 1943 2007
f 2004 1683 1619
f 1941 1802 1800
f 1802 1740 1800
f 2044 4272 2020
f 1942 1799 1513
f 599 2931 589
f 6768 6860 6769
f 1003 1085 1251
f 3909 9830 2405
f 3714 4510 9343
f 2000 1859 1739
f 1559 1796 1853
f 2076 2003 2077
f 1937 1855 2070
f 4907 4812 4906
f 1851 2064 2062
f 127 3889 135
f 8047 8769 3861
f 2064 1851 1999
f 2421 2087 2593
f 3250 934 965
f 8771 3837 4536
f 1676 1673 1852
f 1851 1674 1999
f 2389 2465 2386
f 1791 1735 1933
f 6517 6455 3297
f 833 228 6282
f 1790 1993 1789
f 5703 622 659
f 348 355 9456
f 1659 1289 1380
f 1806 1746 2089
f 7167 8034 3907
f 1182 1272 1226
f 1926 1735 1668
f 1788 1732 1786
f 1845 1926 1668
f 9695 3400 3261
f 1605 1731 1785
f 8818 5088 4531
f 1925 1926 1845
f 8973 531 3427
f 2401 2403 2316
f 3581 9308 3051
f 1783 1924 1782
f 9364 4640 3868
f 1842 1922 1917
f 4510 4672 9851
f 1517 1803 1744
f 5234 5233 5453
f 2231 9193 6998
f 1837 1907 1665
f 1780 1667 1730
f 9999 1837 1600
f 5813 5997 6078
f 776 2912 7936
f 1726 1836 1502
f 1836 1726 1387
f 5955 3440 2067
f 9405 5390 9146
f 6611 3347 8092
f 4144 7806 1012
f 1648 1590 2028
f 817 748 582
f 757 2546 7053
f 8910 3346 5150
f 9659 3645 7468
f 5991 6149 1356
f 1438 1764 1766
f 8837 1618 3959
f 1895 1644 1719
f 1590 1367 1763
f 3979 6248 2793
f 1714 1969 2024
f 1894 1892 2026
f 3273 2434 4310
f 1583 1637 1709
f 1490 1368 1650
f 3661 6754 6734
f 3851 1071 3986
f 1902 1775 1903
f 9438 295 4926
f 4073 4068 1515
f 1317 8559 9143
f 6734 3564 3602
f 1209 1223 2275
f 9489 1063 8329
f 1627 3564 6734
f 1636 1757 1880
f 2283 906 7526
f 1024 1882 4053
f 3793 1586 9895
f 1810 1949 1870
f 1816 1951 1813
f 324 5678 326
f 1872 7027 2761
f 1951 1816 2016
f 1572 2168 1701
f 5398 5419 3730
f 2553 618 1181
f 1810 1747 1751
f 1699 1878 1952
f 1626 1699 1952
f 6292 2718 493
f 1624 1750 1873
f 6103 2310 4694
f 617 4375 7105
f 1689 1571 1747
f 9371 8936 9374
f 1871 1572 1690
f 4088 1154 3002
f 1876 1806 2089
f 1694 1625 1806
f 1810 1689 1747
f 4140 4399 4070
f 1873 1688 1624
f 1301 1338 1449
f 1136 3818 3826
f 1790 1789 1736
f 1690 1742 1804
f 4408 4344 4148
f 2004 1619 2006
f 8973 6553 3475
f 3972 7505 517
f 1941 2005 1802
f 1740 1802 1684
f 1742 1684 1802
f 2368 3130 4737
f 6001 4738 1866
f 1921 8117 5854
f 1798 1682 2073
f 1533 1511 6933
f 1738 2000 1739
f 3056 3126 2830
f 1798 1855 1937
f 2060 1852 1788
f 1852 1673 1788
f 3255 3236 3244
f 434 348 9456
f 1853 1999 1674
f 2000 1613 1791
f 1735 1791 1613
f 1845 1782 1925
f 1848 1786 1553
f 9703 9891 4654
f 1669 1931 1928
f 7548 4310 7532
f 1608 1993 1930
f 1782 1784 1783
f 1845 1551 1784
f 1731 1928 1785
f 1298 1603 1783
f 2793 138 3979
f 1783 1605 1785
f 2869 227 4273
f 5764 1533 6933
f 6517 3365 523
f 8053 2341 3865
f 1775 1902 1774
f 3255 85 3256
f 1502 1662 1445
f 6678 6598 688
f 1659 1775 1774
f 638 596 715
f 492 495 527
f 9641 4557 3567
f 827 715 855
f 1900 1769 1595
f 4331 6895 746
f 578 2903 5953
f 616 5466 374
f 1655 1654 1831
f 9316 2712 5559
f 1828 1894 1715
f 1438 1592 1764
f 4362 4320 87
f 1591 1539 1641
f 1085 1003 954
f 4777 4811 9232
f 1768 1721 1722
f 1590 1763 2028
f 248 2936 7613
f 4098 7084 7023
f 1711 1702 1489
f 4144 3492 7806
f 1538 1760 1757
f 1821 1850 672
f 1591 1641 1714
f 8 95 37
f 464 101 4361
f 6467 3301 987
f 1638 1817 1822
f 1525 1703 1700
f 1703 1754 1752
f 1804 2251 1871
f 5893 5964 5922
f 2775 3555 2694
f 1953 1753 1580
f 1717 1607 623
f 1816 1813 1703
f 1703 1752 1816
f 4093 4027 3874
f 4130 3256 3272
f 1577 1751 1747
f 202 176 216
f 9442 293 7618
f 1750 1700 1813
f 1745 1746 1806
f 1687 1803 1517
f 5023 4743 4830
f 7558 3811 2705
f 1147 1183 1064
f 1517 1744 1463
f 1685 2006 1619
f 1566 1683 1682
f 1744 1801 1262
f 1567 1943 1741
f 1262 1801 1513
f 805 7816 7818
f 1564 1563 1680
f 1680 1857 1740
f 1678 1560 1799
f 7159 4826 6546
f 1676 1857 1680
f 5361 5346 6700
f 1674 1559 1853
f 1790 1404 1937
f 5200 7631 5162
f 5600 9078 7843
f 3972 4878 138
f 8894 8293 632
f 9808 9621 9896
f 1550 1668 1735
f 1931 1669 1606
f 1786 1732 1553
f 1924 1783 1785
f 1267 4410 127
f 1533 901 1631
f 4351 240 4587
f 3428 2081 350
f 1783 1604 1605
f 1667 1729 1600
f 9489 1161 1063
f 5673 5674 5507
f 1726 1504 1387
f 1659 1380 1544
f 1659 1544 1545
f 4921 3193 6217
f 561 527 613
f 1775 1445 1662
f 1598 1772 1547
f 4362 334 4320
f 1768 1542 1595
f 246 4098 2887
f 1595 1769 1768
f 1543 1655 1770
f 1764 1592 1591
f 1724 1772 1598
f 1721 1649 1722
f 1649 1721 1719
f 6659 6681 4476
f 2316 1852 2065
f 3464 5097 9312
f 580 1787 9989
f 5597 1771 1515
f 1538 1644 1760
f 1824 1642 1486
f 1650 1716 1828
f 8777 6585 6894
f 1538 1757 1636
f 7530 7690 7814
f 1588 1640 1887
f 1641 1588 1887
f 5597 764 1771
f 3341 4125 1565
f 1529 7655 382
f 1824 1486 1822
f 1754 1703 1702
f 5619 2505 5618
f 1588 1701 1640
f 1944 1996 5478
f 1480 1639 1704
f 1703 1813 1700
f 1702 1703 1525
f 1694 1817 1476
f 1954 1817 1694
f 1414 1376 6038
f 1624 1700 1750
f 308 177 5238
f 751 4880 8941
f 1150 556 4709
f 1305 1174 966
f 839 770 2068
f 1526 1626 1695
f 1417 1577 1571
f 1464 1270 1685
f 1572 1578 1471
f 7105 1434 617
f 1455 95 3166
f 1692 1623 1806
f 1434 7105 6933
f 1469 1690 1572
f 1689 1518 1571
f 1806 1623 1745
f 1355 1684 1742
f 1062 1087 4804
f 517 7505 7410
f 1520 1688 1685
f 1621 1741 1746
f 1434 6933 1511
f 2068 7668 839
f 1690 1466 1742
f 3149 3972 517
f 1687 1517 1518
f 9645 1460 1467
f 3831 1533 1631
f 1679 1407 1461
f 1258 1943 1567
f 1682 1798 1566
f 976 7680 2197
f 6408 6164 6407
f 1457 1738 1405
f 8316 2119 8314
f 1740 1857 1800
f 4878 3972 3149
f 1746 1745 1621
f 3432 3979 138
f 1673 1680 1561
f 1613 2000 1738
f 235 147 237
f 539 3388 3646
f 1606 1610 1851
f 7053 762 2952
f 2862 807 9125
f 1322 1636 1699
f 1555 1550 1735
f 1601 1665 1838
f 1772 1834 1547
f 1509 1608 1553
f 1628 4823 718
f 4039 2275 5754
f 2050 3896 3038
f 6601 7686 4658
f 5884 5223 5893
f 1604 1783 1603
f 1600 1601 1667
f 1546 1598 1547
f 1775 1545 1445
f 5641 297 1283
f 4099 4295 4368
f 5677 8289 5366
f 2116 1900 1774
f 7686 4702 4658
f 1542 1768 1722
f 5831 1145 1075
f 3979 1773 6248
f 361 6967 3907
f 7415 650 4664
f 8867 172 5067
f 523 3365 6649
f 5362 3907 6967
f 1766 1828 1593
f 3577 8396 8403
f 9363 9481 9884
f 543 3646 1602
f 1592 1325 1591
f 1756 1585 1886
f 6246 6002 5896
f 1324 1644 1538
f 1761 1711 1490
f 2055 2230 2152
f 906 7686 1498
f 906 1498 3402
f 3119 7413 3133
f 1807 1787 580
f 276 262 3069
f 3112 517 617
f 4928 1348 3153
f 6858 6671 7194
f 3135 1434 1511
f 1489 1702 1361
f 9841 681 2625
f 9994 2129 7496
f 1632 1585 1756
f 1585 1632 1583
f 1704 1428 1480
f 4256 4351 4280
f 1361 1702 1525
f 4976 415 5025
f 1578 1701 1364
f 1530 1532 1635
f 1577 1632 1751
f 1701 1578 1572
f 388 630 366
f 4804 276 6032
f 1414 6038 6391
f 8941 3374 758
f 9664 910 9939
f 3427 8375 8973
f 963 966 969
f 1699 1626 1526
f 1574 1625 1476
f 2948 2918 2050
f 1637 1583 1530
f 1577 1417 1523
f 1533 3831 1511
f 1700 1624 1525
f 1692 1625 1574
f 1258 1567 1143
f 1687 1518 1689
f 1690 1469 1466
f 1514 1499 526
f 2580 2329 2418
f 5034 482 1617
f 8701 2933 7432
f 7656 751 2470
f 3317 4648 711
f 1567 1741 1350
f 5034 6292 482
f 1683 1464 1619
f 1409 1615 1684
f 7816 805 3205
f 336 434 406
f 1740 1684 1615
f 1405 1739 1258
f 1739 1405 1738
f 1615 1564 1680
f 1665 1601 1600
f 4320 334 4293
f 3635 8502 8495
f 1563 1458 1561
f 9651 6832 6210
f 496 349 394
f 1456 1560 1559
f 1457 1613 1738
f 1394 1610 1453
f 1673 1556 1788
f 1610 1674 1851
f 1375 1648 1654
f 1398 1732 1788
f 1736 1789 1509
f 30 8688 3389
f 7140 712 2249
f 1613 1457 1555
f 1677 9965 3891
f 1838 1730 1601
f 3581 3051 3040
f 1382 1543 1724
f 6765 3490 4895
f 3907 901 361
f 7655 1529 4076
f 10002 1387 10001
f 1544 1380 1496
f 1804 1867 2160
f 121 160 182
f 1770 1772 1724
f 1870 2331 1687
f 1655 1375 1654
f 1439 1722 1649
f 1812 1734 1660
f 1238 2378 1274
f 75 103 2961
f 654 690 731
f 1246 1163 1374
f 1509 1396 1736
f 1773 5362 6967
f 2077 1942 2243
f 1324 1649 1644
f 1686 785 803
f 1539 1588 1641
f 1868 9059 847
f 1753 1763 1367
f 1432 1642 1639
f 1302 4709 556
f 4912 699 4817
f 1360 852 9681
f 1532 1428 1704
f 1583 1632 1527
f 4910 1947 9570
f 1638 1476 1817
f 856 1977 881
f 1068 8671 1027
f 1530 1583 1523
f 1472 1574 1476
f 1439 1244 1440
f 4470 5757 3759
f 1570 8805 3893
f 584 781 704
f 1150 3876 5034
f 879 5078 1998
f 542 1811 1854
f 3520 3511 192
f 1526 1695 1423
f 1404 1790 1736
f 1470 1623 1692
f 1413 1417 1571
f 1474 1624 1520
f 1413 1571 1518
f 1745 1521 1312
f 1717 5716 2092
f 8163 94 8164
f 4537 1777 7159
f 990 3446 2322
f 5432 7159 1884
f 2049 3761 1052
f 1461 1407 1261
f 1615 1680 1740
f 1566 1798 1462
f 1679 1461 1798
f 2349 2322 3446
f 1407 1679 1404
f 1699 1429 1322
f 4855 2013 2293
f 1556 1673 1561
f 3318 2136 4261
f 2263 4702 906
f 1458 1556 1561
f 1118 7847 1102
f 979 978 929
f 1305 1550 1400
f 1606 1453 1610
f 2228 3973 2239
f 552 4298 2466
f 4298 740 2466
f 6048 275 846
f 1453 1606 1669
f 1731 1391 1669
f 1779 9097 8213
f 2361 2029 2276
f 1732 1398 1553
f 1453 1669 1391
f 1075 5886 5831
f 1573 9316 1528
f 1506 1338 1339
f 1391 1731 1605
f 1850 2886 2896
f 1450 1551 1550
f 7468 1797 9168
f 1390 1784 1551
f 561 613 646
f 5302 5944 5293
f 1598 1546 1382
f 1724 1543 1770
f 1598 1382 1724
f 1290 1546 1251
f 650 2178 5703
f 1544 1497 1545
f 1595 1378 1443
f 6739 1663 185
f 10001 1337 1253
f 2609 5648 4187
f 1144 5731 5712
f 5712 5731 6397
f 1542 1440 1378
f 1595 1542 1378
f 1443 1774 1595
f 1330 1332 1438
f 1288 1375 1655
f 1439 1542 1722
f 7119 2232 9680
f 2802 524 6404
f 1593 1716 1437
f 1592 1374 1325
f 7865 5078 891
f 1376 1414 6274
f 1302 1269 1893
f 6587 3308 9982
f 6391 9964 1414
f 1649 1324 1373
f 989 1038 899
f 1056 927 1107
f 1280 1324 1538
f 1490 1711 1489
f 1486 1642 1432
f 9577 1607 2092
f 1822 1486 1638
f 2215 8523 2890
f 1432 1639 1480
f 1631 3907 6585
f 8595 9337 2802
f 1431 1362 1580
f 2749 2802 9337
f 2089 2429 1876
f 1580 1753 1431
f 1577 1527 1632
f 5277 712 7140
f 1580 1362 1695
f 1322 1538 1636
f 6739 1773 6967
f 482 493 2727
f 1364 1363 1578
f 2537 7866 5668
f 4172 6411 5070
f 1480 1419 1432
f 1621 1350 1741
f 1583 1527 1523
f 1476 1638 1472
f 1638 1485 1472
f 1577 1523 1527
f 5432 1884 3450
f 1429 1699 1424
f 82 30 1188
f 1987 1983 2046
f 1472 1470 1574
f 1470 1692 1574
f 1428 1532 1427
f 1273 233 2080
f 1523 1417 1473
f 8329 1063 5124
f 1227 1469 1471
f 6548 6542 7328
f 4260 4445 4579
f 1312 1465 1745
f 1465 1621 1745
f 732 5266 1494
f 1683 1462 1464
f 1352 1350 1621
f 1463 1744 1262
f 1262 1513 1406
f 891 879 2584
f 1566 1462 1683
f 1556 1458 1347
f 1404 1396 1346
f 1404 1679 1937
f 1513 1560 1406
f 1917 1916 1913
f 1674 1610 1456
f 1774 1443 1659
f 2914 3311 9715
f 1610 1394 1401
f 237 239 261
f 5852 503 2814
f 2775 9674 771
f 1391 1392 1453
f 3135 3831 6058
f 1308 1457 1405
f 1448 1442 4013
f 1736 1396 1404
f 1162 2293 3993
f 1390 1450 1340
f 3567 2229 4388
f 1339 1391 1605
f 2749 9337 1573
f 148 5214 312
f 1506 1604 1449
f 517 3112 3149
f 1497 1382 1334
f 1445 1295 1502
f 1352 1621 1465
f 1496 1543 1497
f 915 1430 2302
f 1496 1497 1544
f 7838 7289 7839
f 1288 1543 1333
f 8427 4068 4073
f 3149 3756 4878
f 2579 7314 744
f 1343 1509 1553
f 336 406 1452
f 3591 326 4216
f 244 828 2962
f 3199 1015 3233
f 1234 1364 1588
f 1234 1588 1539
f 1281 1490 1366
f 2249 732 2045
f 1638 1486 1485
f 1420 1316 1468
f 1411 5115 1408
f 5025 415 9645
f 1617 1150 5034
f 2315 5627 6129
f 9949 5913 506
f 1695 1362 1423
f 1315 1319 1358
f 5481 3670 6867
f 372 7652 2657
f 2218 3849 4628
f 1523 1473 1532
f 1419 1428 1420
f 1526 1423 1424
f 6447 5114 920
f 1321 1471 1578
f 2237 4835 1123
f 3579 3500 3495
f 2321 689 5604
f 4664 3974 2968
f 6128 2484 6117
f 5247 1773 3979
f 1132 2959 8567
f 864 890 3145
f 1623 1470 1468
f 9877 9788 9691
f 9588 9592 671
f 783 7027 6951
f 1227 1355 1466
f 1270 1464 1351
f 3287 6223 5715
f 1220 1352 1268
f 1352 1220 1350
f 1518 1517 1353
f 6622 8053 3952
f 716 5715 2913
f 5790 5795 1609
f 2401 2732 2403
f 1143 1567 1350
f 1104 1143 1350
f 5454 7501 6124
f 1349 1615 1409
f 1615 1349 1564
f 1563 1259 1214
f 1461 1462 1798
f 3544 3692 3768
f 1773 5247 6695
f 1394 1453 1392
f 1399 1400 1457
f 1401 1456 1610
f 1343 1396 1509
f 8713 9100 8715
f 1662 1502 1836
f 1390 1551 1450
f 1047 1134 1338
f 2381 2409 1889
f 1340 1303 1390
f 1340 1550 1305
f 2962 828 2916
f 1337 10001 1387
f 1340 1450 1550
f 6318 5428 3112
f 1008 993 5240
f 617 1434 6318
f 1506 1449 1338
f 2912 776 1872
f 2181 2624 6392
f 3135 6318 1434
f 8880 1207 3081
f 1431 1235 1233
f 1385 10001 1253
f 4696 4705 3103
f 8051 999 3697
f 1240 1328 1200
f 8567 2959 2911
f 1383 1497 1334
f 2911 7250 8567
f 5428 3756 3112
f 1333 1543 1496
f 5977 5799 6215
f 3525 3994 2963
f 832 830 1084
f 1014 1138 1093
f 1437 1716 1328
f 1285 1367 1590
f 4952 5159 5253
f 1288 1655 1543
f 7821 7793 1966
f 1325 1196 1234
f 1490 1281 1368
f 5524 6361 5691
f 1325 1234 1539
f 2851 118 974
f 2035 5934 8704
f 1838 1665 1907
f 1432 1419 1485
f 1363 1364 1279
f 1743 2549 7761
f 1419 1472 1485
f 1109 8880 244
f 1420 1428 1427
f 1468 1316 1313
f 1203 9156 1036
f 1361 1474 1314
f 2086 1952 1878
f 8827 45 5097
f 1419 1420 1468
f 1473 1417 1358
f 2072 1853 1796
f 1419 1468 1470
f 1353 1146 1412
f 1180 1355 1227
f 472 3022 9864
f 1314 1474 1270
f 1244 995 1000
f 1468 1312 1521
f 3063 9308 6243
f 1518 1353 1412
f 6048 810 2067
f 4559 3977 6218
f 1319 1473 1358
f 1462 1351 1464
f 846 275 1276
f 1355 1266 1409
f 6048 2067 3517
f 8968 3261 6467
f 1259 1564 1349
f 1350 1220 1104
f 1214 1259 1213
f 1346 1407 1404
f 1052 9765 7951
f 1704 1962 1881
f 1399 1457 1308
f 3189 3171 3145
f 9473 1778 9877
f 1402 1398 1556
f 1401 1307 1456
f 1307 1560 1456
f 907 1503 1510
f 1776 965 9196
f 5362 1773 6695
f 1390 1298 1784
f 2606 2432 2436
f 1604 1603 1449
f 1303 1298 1390
f 1449 1603 1210
f 1385 1168 1251
f 1445 1293 1295
f 1168 1385 1253
f 1508 3189 2782
f 1251 1546 1385
f 1290 1334 1382
f 1373 1329 1439
f 9293 6517 523
f 1546 1290 1382
f 3842 3691 3616
f 1659 1443 1289
f 1204 1246 1331
f 7138 2385 2918
f 1248 1249 1205
f 1000 1165 1378
f 1440 1000 1378
f 3764 3146 7528
f 3814 6311 4685
f 3068 3300 2930
f 804 729 871
f 1332 1330 1242
f 1496 1380 1249
f 2101 3580 3994
f 1244 1329 1241
f 1374 1592 1331
f 138 4878 3432
f 53 99 112
f 1121 1373 1324
f 1122 1329 1373
f 3250 8017 2782
f 1650 1368 1328
f 1285 1235 1367
f 1281 1328 1368
f 1631 6585 3831
f 1431 1367 1235
f 6362 3146 3764
f 3834 3612 3613
f 1538 1232 1280
f 15 21 9
f 1538 1322 1232
f 9771 1278 9945
f 4981 1660 2613
f 3650 3243 3240
f 1283 282 5641
f 2948 3038 6189
f 1650 1328 1716
f 1366 1489 1361
f 9209 2344 3580
f 5955 810 6319
f 1353 1517 1219
f 1219 1107 1353
f 1424 1423 1186
f 1319 1427 1473
f 1554 2532 2506
f 1321 1227 1471
f 1413 1183 1358
f 1417 1413 1358
f 3580 8044 9209
f 1022 1312 1313
f 9535 3215 6440
f 1468 1313 1312
f 8973 3475 531
f 1312 1268 1465
f 2533 5086 2344
f 1462 1461 1351
f 1684 1355 1409
f 1263 1349 1409
f 4136 9367 9370
f 3902 5383 163
f 8563 9565 2928
f 605 723 717
f 1899 1772 1770
f 8019 6540 2650
f 1841 689 3746
f 1258 1308 1405
f 9359 7871 8032
f 4261 4264 3318
f 924 1406 1176
f 1556 1347 1402
f 1343 1398 1402
f 1407 1346 1402
f 1141 1347 1458
f 6279 1614 9867
f 3302 3298 3553
f 1402 1346 1343
f 1823 5153 6447
f 1863 1865 3454
f 78 120 47
f 8990 3673 2663
f 1394 1392 1138
f 1392 1391 1134
f 1134 1391 1339
f 1504 1726 1295
f 1338 1134 1339
f 9540 7257 7355
f 3095 163 5383
f 1301 1047 1338
f 772 4924 6211
f 1291 151 3895
f 9668 9941 9670
f 1000 1440 1244
f 3261 8968 9695
f 1385 1546 1547
f 1202 1375 1247
f 418 306 303
f 6849 3877 1291
f 1375 1288 1247
f 1069 2984 2966
f 1333 1248 1288
f 3907 5362 7167
f 3749 3901 3825
f 7806 3492 2277
f 741 412 541
f 1244 1439 1329
f 1374 1196 1325
f 1285 1197 1235
f 1481 9805 4233
f 1445 1545 1383
f 1282 1121 1324
f 6673 523 6649
f 3756 6462 4878
f 1819 1698 3326
f 8051 6704 3532
f 1423 1362 1230
f 1424 1229 1429
f 1272 1319 1315
f 6129 2896 2898
f 7951 9765 9216
f 1112 1227 1321
f 1189 1115 1230
f 6703 7351 9196
f 1183 1413 1412
f 9916 9978 9979
f 886 1268 1312
f 726 612 608
f 1147 1315 1183
f 1179 1461 1261
f 524 1733 6404
f 710 1628 2455
f 1463 1262 1219
f 6454 6846 6284
f 924 1262 1406
f 473 1063 1161
f 1258 841 1308
f 1402 1347 1178
f 6644 1142 3894
f 1141 1458 1214
f 1343 1346 1396
f 1174 1399 1308
f 1139 1394 1138
f 3756 3149 3112
f 1298 1211 1297
f 1612 3377 4182
f 1171 1253 1337
f 7355 7257 6058
f 9910 9633 9973
f 7 29 8056
f 6706 7130 7046
f 952 1249 1289
f 1424 1186 1229
f 1443 1378 1165
f 1248 1247 1288
f 1375 1202 1285
f 1244 1241 995
f 1204 1331 1332
f 591 594 443
f 1332 1331 1438
f 126 1132 3070
f 1128 1040 1041
f 611 650 1815
f 1163 1196 1374
f 9172 1645 7606
f 1160 1240 1200
f 682 1616 9931
f 1592 1438 1331
f 1211 1298 1303
f 4388 9440 4956
f 1314 1067 1366
f 1233 1362 1431
f 1151 1282 1280
f 1429 1229 1232
f 1151 1280 1232
f 6888 6323 6690
f 1232 1322 1429
f 1229 1116 1187
f 188 263 239
f 1186 1423 1230
f 1279 1184 1363
f 1363 1112 1321
f 9260 1044 3800
f 4878 6462 6147
f 1319 1272 1316
f 2129 5716 669
f 8692 4571 9871
f 1361 1314 1366
f 1224 1314 1270
f 1272 1182 1316
f 2294 2788 2550
f 6694 688 442
f 1226 1272 1315
f 3318 9995 2136
f 1313 1316 1182
f 1182 1226 1111
f 1146 1183 1412
f 4976 381 391
f 6585 8777 3831
f 4394 8571 8275
f 1110 1266 1355
f 1239 1329 1122
f 8308 6440 6455
f 3595 7554 4406
f 3432 4878 6147
f 1240 1040 1437
f 1266 1263 1409
f 1407 1178 1261
f 1046 1211 916
f 9832 8949 6149
f 841 1258 1143
f 1347 1141 1178
f 1146 1353 1107
f 2081 42 1455
f 1392 1134 1093
f 1176 1560 1307
f 1400 1174 1305
f 1920 2409 757
f 3851 5094 1060
f 1305 1096 1340
f 1297 1211 1046
f 8111 32 4427
f 5417 84 8144
f 1293 1334 1085
f 6847 6037 5937
f 1251 1085 1290
f 638 715 792
f 1443 1165 1289
f 3730 3762 579
f 2887 7023 7038
f 6611 1932 31
f 659 1815 650
f 538 540 468
f 1952 1875 1626
f 680 608 679
f 46 158 47
f 667 540 538
f 3432 6147 7698
f 1285 1202 1201
f 1196 1163 1038
f 6587 1008 5249
f 1074 1328 1281
f 1241 1239 1199
f 1239 1241 1329
f 1755 1749 9801
f 8144 1963 1100
f 1197 1191 1235
f 1152 1234 1196
f 1191 1233 1235
f 1191 1189 1233
f 4138 6545 1914
f 6545 163 1672
f 1230 1233 1189
f 6390 6376 4246
f 1147 1226 1315
f 1676 1680 1673
f 1186 1116 1229
f 9172 7606 9659
f 1112 1184 1028
f 4023 2275 2272
f 2448 2619 2762
f 1227 1112 1180
f 1224 1113 1314
f 1268 1352 1465
f 6754 6694 442
f 2293 1144 3826
f 1179 1113 1224
f 1110 1355 1180
f 8556 4283 4209
f 1082 1125 1247
f 6455 6517 9293
f 1437 1040 1242
f 1259 1349 1263
f 924 1219 1262
f 6054 1118 3519
f 604 555 637
f 1259 1263 1054
f 1266 1103 1263
f 8144 84 1963
f 6455 3245 3297
f 4672 4510 4595
f 1141 1214 1177
f 1177 1214 1213
f 8334 6462 6324
f 1307 1139 1173
f 1340 1137 1303
f 513 3049 3048
f 972 987 4999
f 1340 1096 1094
f 2206 1206 8084
f 142 116 173
f 1178 1141 842
f 1560 1513 1799
f 3831 8777 6058
f 1297 1092 1301
f 1169 1295 1293
f 4077 7227 4088
f 1504 1295 1131
f 9938 5398 1099
f 1334 1290 1085
f 1129 1293 1085
f 7698 5247 3979
f 1720 520 4512
f 939 3042 3054
f 998 1204 1128
f 1289 1165 1002
f 8166 1130 74
f 952 1001 1249
f 1242 1128 1332
f 5428 6324 6462
f 844 3993 95
f 1159 1199 1156
f 9572 9338 9202
f 4518 2043 635
f 1281 1366 988
f 1184 851 1028
f 1241 1199 1159
f 1124 1156 1201
f 1239 1157 1199
f 1197 1156 985
f 421 549 519
f 87 4320 51
f 989 1196 1038
f 1152 1279 1234
f 985 1191 1197
f 7874 5642 5648
f 538 468 407
f 1191 985 1032
f 1151 1119 1072
f 1187 1151 1232
f 1189 1032 1031
f 3766 1920 3776
f 1119 1187 984
f 1111 1313 1182
f 4991 5017 4940
f 6324 6318 7257
f 1312 1022 886
f 3040 3054 3945
f 1056 1219 924
f 9374 8936 2368
f 1261 926 1179
f 1247 1248 1205
f 1259 1054 1101
f 1263 1103 1054
f 1097 1176 1307
f 842 1141 1177
f 90 3856 2246
f 1173 1097 1307
f 966 1096 1305
f 3826 1144 1136
f 1139 1138 1014
f 5441 1155 1135
f 1094 1137 1340
f 966 1174 841
f 4094 3220 3236
f 8084 4491 2206
f 1504 1131 1337
f 1337 1005 1171
f 1131 1005 1337
f 1247 1125 1202
f 4633 8797 1299
f 1292 4595 4510
f 4293 334 246
f 2558 7133 6784
f 2750 3154 2515
f 1004 1168 1088
f 1168 1253 1088
f 7257 6318 6058
f 1204 1332 1128
f 51 4320 4293
f 165 2042 5978
f 1202 1079 1201
f 5563 1986 1158
f 995 1241 1159
f 1204 1080 1246
f 2271 2107 2360
f 1124 1201 1079
f 9068 9995 3211
f 1122 1121 1073
f 1159 1156 1124
f 1076 1200 1074
f 1531 2074 1535
f 1841 6928 5544
f 989 1152 1196
f 2851 974 4024
f 240 4351 1365
f 2492 84 5417
f 9371 4719 8936
f 1034 1366 1067
f 1279 1152 1117
f 2605 4807 279
f 1119 1151 1187
f 1117 1184 1279
f 1184 1117 851
f 1186 1230 1115
f 1115 1189 1031
f 1169 1293 1129
f 1297 1301 1210
f 931 1110 1112
f 1147 1111 1226
f 6479 3555 5759
f 1107 1059 1146
f 886 845 1268
f 450 105 463
f 5428 6318 6324
f 1220 1268 845
f 1601 1730 1667
f 1058 1103 1266
f 1179 1224 1351
f 883 1143 1104
f 9962 6081 8805
f 841 1143 883
f 1018 922 1101
f 963 961 1051
f 1094 1051 961
f 1101 1213 1259
f 923 1176 1097
f 1177 1213 1016
f 1016 1213 1101
f 5362 6695 7167
f 1059 1064 1146
f 746 6895 6784
f 4555 2888 2966
f 1051 1096 966
f 504 661 510
f 9841 734 759
f 1137 916 1211
f 1134 1047 1048
f 1047 1301 1010
f 1301 1092 1010
f 1169 1131 1295
f 958 917 1093
f 8217 8212 1158
f 656 501 730
f 1289 1002 952
f 8666 4345 8031
f 998 1128 830
f 1041 1084 1128
f 1082 1247 1205
f 9800 9698 2929
f 166 293 9442
f 998 1080 1204
f 4500 4564 4437
f 4547 8797 3928
f 1202 1125 1079
f 1125 902 1079
f 9438 8855 5238
f 9900 8844 5201
f 1160 1200 1076
f 9404 1153 2779
f 1155 9392 122
f 1520 1624 1688
f 1239 827 1157
f 855 985 1157
f 1156 1157 985
f 1073 1121 1072
f 1191 1032 1189
f 986 1033 1152
f 1702 1883 1754
f 990 279 4807
f 1031 932 1115
f 6196 6874 3670
f 984 1116 932
f 1115 1116 1186
f 3799 3428 4361
f 4578 1524 7356
f 784 1314 1113
f 931 1112 1028
f 979 1111 1026
f 106 63 117
f 1452 293 1448
f 1064 1059 1023
f 5308 5442 5204
f 3977 4559 9367
f 1087 7847 7903
f 1023 1059 889
f 926 892 1179
f 2655 2561 2563
f 5631 9937 8396
f 1080 1163 1246
f 927 1059 1107
f 975 1018 1103
f 975 1103 1058
f 813 1056 924
f 962 1097 1173
f 1220 815 1104
f 923 924 1176
f 1403 8240 20
f 6601 4658 4647
f 1528 2709 1573
f 1064 1183 1146
f 1016 1101 922
f 1094 1096 1051
f 38 5115 1411
f 7244 9684 1036
f 6585 3907 8034
f 1093 918 1014
f 806 1092 1046
f 958 1093 1134
f 1048 958 1134
f 6935 9503 6920
f 2545 9988 8228
f 9695 688 6598
f 140 122 8228
f 4633 8839 1311
f 1084 830 1128
f 1225 1589 1581
f 5201 8844 69
f 1651 1150 1617
f 1239 1122 992
f 7257 7774 6324
f 5497 6891 6202
f 1887 1969 1714
f 5084 5521 4994
f 736 743 2537
f 940 1160 1076
f 1887 1714 1641
f 262 276 4316
f 148 9900 5214
f 992 1122 1073
f 1076 1074 988
f 899 1038 1163
f 4976 4970 381
f 2607 2756 2755
f 7113 7104 5788
f 984 1187 1116
f 1067 1030 1034
f 1003 1251 1168
f 337 194 392
f 8867 5227 172
f 1067 1314 784
f 4970 1274 381
f 7903 4804 1087
f 784 1030 1067
f 374 5400 567
f 1111 1147 1026
f 1115 932 1116
f 4068 647 1515
f 1111 1065 1313
f 1578 1363 1321
f 7821 1966 3833
f 888 1022 1065
f 111 1302 9335
f 889 1059 927
f 1220 845 815
f 815 883 1104
f 9658 753 9657
f 1180 1112 1110
f 6306 7029 9915
f 8489 8751 9598
f 842 1177 1016
f 1101 1054 1018
f 782 1110 931
f 841 969 966
f 111 1269 1302
f 962 1173 1014
f 312 166 148
f 869 1088 911
f 871 958 804
f 961 1137 1094
f 394 349 4029
f 2456 1225 1581
f 1048 1047 1010
f 806 1046 959
f 959 1046 916
f 3076 520 1653
f 4121 2456 1581
f 2795 145 6838
f 7401 3107 5985
f 1007 1131 957
f 9915 4297 6306
f 7698 8873 8043
f 1168 953 1003
f 1649 1373 1439
f 3518 714 755
f 723 799 862
f 795 1080 998
f 902 1125 1082
f 900 1124 1079
f 900 1159 1124
f 940 825 859
f 989 899 936
f 2625 181 734
f 6695 5247 8043
f 6695 8043 7167
f 514 344 515
f 819 850 1113
f 782 931 750
f 1169 957 1131
f 1033 982 1117
f 982 851 1117
f 7774 9440 8334
f 8334 6324 7774
f 997 4903 2119
f 7850 4079 2229
f 1022 1313 1065
f 2542 2506 1063
f 1367 1431 1753
f 886 1022 888
f 5227 394 319
f 812 739 663
f 1056 813 700
f 616 2485 382
f 878 962 918
f 5550 2509 2505
f 145 4200 1194
f 2692 2858 9550
f 3974 542 1854
f 8647 9064 8645
f 1591 1325 1539
f 4635 2904 3766
f 1393 1416 7164
f 870 1007 957
f 1113 1179 892
f 8169 743 1829
f 6462 8334 8729
f 1168 1004 953
f 795 998 724
f 3120 2368 8936
f 4647 7590 6179
f 899 1080 795
f 6585 8034 6894
f 6462 7848 6147
f 1079 829 900
f 190 6601 4647
f 825 1076 988
f 898 821 986
f 303 345 418
f 853 984 932
f 3018 458 1446
f 821 1033 986
f 1034 988 1366
f 1742 1466 1355
f 9922 4768 666
f 3299 2074 8922
f 469 1528 1460
f 633 1031 1032
f 2806 5952 9952
f 850 784 1113
f 285 283 332
f 978 1023 889
f 4023 6413 2275
f 819 1113 892
f 782 706 1110
f 1608 1509 1789
f 1111 979 1065
f 706 1058 1110
f 1026 978 979
f 1065 977 888
f 1653 493 2718
f 884 975 1058
f 1899 1770 1832
f 812 1018 739
f 700 927 1056
f 2978 2807 3113
f 975 884 739
f 1026 1147 1064
f 7031 7114 6589
f 923 696 813
f 1261 842 698
f 882 841 883
f 9440 7774 8610
f 257 258 229
f 880 1016 922
f 710 2455 694
f 917 918 1093
f 871 912 958
f 684 7655 4076
f 3448 3438 5990
f 916 961 836
f 8595 6389 339
f 808 917 912
f 961 916 1137
f 227 7547 9510
f 958 1048 804
f 806 959 835
f 917 958 912
f 2638 2722 3108
f 2478 2318 2557
f 1007 870 911
f 8043 3990 7167
f 1040 799 1041
f 1002 728 802
f 1357 1231 3081
f 5684 1035 5710
f 6462 8729 7848
f 846 6344 810
f 724 998 830
f 979 977 1065
f 1171 1005 1088
f 2136 5038 4261
f 1040 1160 862
f 1079 902 829
f 1160 940 862
f 5952 2806 2944
f 992 719 793
f 1159 900 995
f 857 936 899
f 898 789 787
f 787 821 898
f 1000 995 798
f 1119 984 854
f 853 854 984
f 855 894 985
f 7547 9503 9510
f 854 896 1119
f 756 9888 2929
f 2009 1688 1873
f 896 1073 1072
f 1072 1119 896
f 2180 2103 1890
f 4179 227 9510
f 1781 1730 1838
f 672 5575 1821
f 931 851 750
f 962 964 1097
f 929 978 889
f 1849 4944 6264
f 888 626 886
f 700 704 927
f 3030 484 488
f 3076 1811 40
f 813 924 923
f 842 880 778
f 923 1097 964
f 815 845 702
f 370 291 352
f 922 812 840
f 6038 1376 500
f 906 3402 7526
f 868 957 954
f 878 918 808
f 912 871 733
f 2352 2476 714
f 394 327 319
f 952 766 1001
f 6391 6038 6086
f 868 870 957
f 911 1088 1005
f 119 4891 4926
f 868 954 953
f 867 1004 869
f 1014 918 962
f 953 867 868
f 1634 6169 9971
f 2721 4817 4289
f 1165 1000 798
f 1506 1605 1604
f 796 798 995
f 1082 685 902
f 870 868 869
f 900 829 796
f 2226 5656 3667
f 9993 6741 1787
f 9440 8729 8334
f 6566 838 7910
f 4595 156 4672
f 1452 4014 3223
f 6741 9993 9971
f 789 989 936
f 789 898 989
f 7090 6848 6847
f 825 988 1034
f 719 992 1073
f 1007 1005 1131
f 706 884 1058
f 1454 4857 632
f 821 631 1033
f 8034 7167 3990
f 892 707 588
f 1031 853 932
f 631 982 1033
f 586 1858 581
f 258 210 229
f 748 817 977
f 926 707 892
f 586 104 1912
f 917 808 918
f 622 5703 5604
f 626 845 886
f 1912 1681 1938
f 1426 1020 2304
f 815 779 883
f 7821 2689 9770
f 779 882 883
f 3646 543 539
f 778 698 842
f 922 1018 812
f 6169 1634 543
f 9456 364 567
f 9969 7774 7257
f 716 1919 2398
f 1010 731 1048
f 9440 7895 8729
f 5824 2814 2796
f 1010 1092 654
f 336 1452 3223
f 1939 2325 7339
f 2321 2381 689
f 2381 1889 689
f 6741 9971 6169
f 5891 5813 6154
f 1041 832 1084
f 9898 1276 275
f 1794 746 2317
f 726 830 832
f 867 869 868
f 899 795 720
f 5618 2509 2517
f 245 288 265
f 717 862 859
f 447 337 392
f 281 306 238
f 719 1073 896
f 720 857 899
f 789 936 791
f 986 989 898
f 894 855 715
f 1034 786 825
f 1076 825 940
f 921 5211 938
f 7594 7579 7595
f 4537 5432 550
f 255 256 277
f 5125 5340 5456
f 1082 766 685
f 631 851 982
f 668 926 698
f 2352 695 9076
f 588 819 892
f 587 706 782
f 929 748 977
f 889 747 929
f 889 704 781
f 927 704 889
f 696 923 964
f 779 664 882
f 698 778 536
f 739 884 742
f 4088 3002 6824
f 841 882 969
f 663 735 812
f 3314 3272 1397
f 836 768 959
f 836 963 692
f 761 4685 7793
f 2315 6129 6223
f 688 9695 8671
f 1950 1947 1106
f 691 733 871
f 966 963 1051
f 731 1010 654
f 4216 326 5678
f 768 835 959
f 762 2551 780
f 798 728 1002
f 1165 798 1002
f 34 36 25
f 3070 863 126
f 8503 2184 7087
f 724 830 726
f 1382 1497 1543
f 4379 6678 3789
f 722 720 795
f 875 876 8990
f 723 862 717
f 719 721 793
f 717 859 825
f 8990 2462 2438
f 3988 915 3305
f 7487 592 8789
f 786 1034 752
f 1034 1030 752
f 780 3423 5955
f 3063 9867 9308
f 695 712 9076
f 1504 1337 1387
f 708 782 750
f 894 633 1032
f 598 9898 2689
f 4300 3123 8740
f 961 963 836
f 747 748 929
f 742 706 585
f 781 747 889
f 854 676 896
f 742 884 706
f 8777 6894 9540
f 702 845 626
f 702 667 779
f 6147 7848 9742
f 2948 2050 3038
f 8799 8259 8662
f 882 664 969
f 840 812 735
f 569 878 808
f 1733 6855 545
f 40 1811 542
f 1550 1555 1400
f 835 730 806
f 727 766 802
f 656 835 768
f 796 829 644
f 832 799 613
f 2045 732 1494
f 1807 9993 1787
f 648 728 725
f 725 798 796
f 1190 2928 9859
f 685 829 902
f 8169 7007 9106
f 808 912 733
f 9323 9322 9091
f 8405 9555 8409
f 810 6048 846
f 791 675 789
f 6279 6351 6300
f 792 793 721
f 142 173 191
f 7668 7680 4434
f 633 894 596
f 2484 2663 6117
f 593 752 1030
f 709 750 851
f 705 1794 2317
f 708 587 782
f 707 926 670
f 4956 9440 8610
f 700 813 696
f 1061 462 4490
f 9867 3063 6279
f 858 1614 6279
f 5111 5453 5225
f 952 1002 802
f 696 621 665
f 7159 1777 4826
f 1655 1831 1770
f 3112 617 6318
f 536 512 698
f 3557 5038 2136
f 4207 8383 287
f 585 577 742
f 778 880 534
f 696 964 621
f 878 619 621
f 836 959 916
f 7457 7332 7460
f 731 690 804
f 729 690 614
f 1057 9475 8486
f 871 729 691
f 1092 806 653
f 653 806 730
f 832 612 726
f 613 495 528
f 648 649 728
f 1628 710 4823
f 2067 810 5955
f 4912 4817 9079
f 9797 3326 9696
f 646 613 799
f 9748 5568 697
f 766 727 685
f 644 829 643
f 4559 6218 928
f 885 897 4428
f 795 680 722
f 637 605 717
f 675 791 597
f 3245 6440 3215
f 73 76 89
f 763 2476 2630
f 4956 8610 9969
f 722 857 720
f 9867 3051 9308
f 637 673 604
f 1309 5654 9194
f 595 673 786
f 786 673 717
f 5826 7113 5170
f 755 2476 763
f 593 1030 784
f 851 631 549
f 593 784 850
f 3051 1614 5291
f 670 926 668
f 1458 1563 1214
f 709 708 750
f 755 714 2476
f 817 582 741
f 721 719 676
f 747 584 583
f 741 626 888
f 584 704 625
f 4327 8502 384
f 702 779 815
f 701 699 4912
f 696 665 700
f 580 9989 1888
f 584 747 781
f 5728 8491 359
f 577 739 742
f 3450 545 550
f 739 577 663
f 969 664 572
f 664 574 572
f 735 661 573
f 768 836 692
f 969 572 692
f 840 735 573
f 8873 6147 9742
f 692 963 969
f 619 878 569
f 5694 1090 1011
f 499 532 692
f 569 733 615
f 7528 9367 4136
f 615 691 614
f 3494 5266 732
f 729 614 691
f 835 656 730
f 5727 4136 1614
f 654 1092 653
f 1330 1437 1242
f 9540 9969 7257
f 5266 705 2320
f 832 613 612
f 6832 9651 744
f 649 802 728
f 610 727 802
f 3764 7528 5727
f 3245 3197 130
f 6218 6189 928
f 7007 8169 1829
f 778 534 536
f 646 799 723
f 7029 329 8043
f 2657 7652 6947
f 7895 9440 4388
f 4431 4441 1940
f 2254 7558 1759
f 6111 9221 2391
f 786 752 595
f 675 594 631
f 634 853 633
f 631 787 675
f 752 593 486
f 630 590 819
f 590 850 819
f 6673 6754 442
f 547 708 709
f 478 706 587
f 1990 1938 1707
f 478 585 706
f 700 511 625
f 2224 2219 4644
f 7895 2229 9845
f 6455 9293 8308
f 2775 2694 9674
f 2117 2984 5599
f 3442 3755 3214
f 700 625 704
f 626 667 702
f 121 134 108
f 6012 6017 1534
f 661 663 510
f 7496 3469 2213
f 1553 1398 1343
f 2733 2403 2732
f 661 504 573
f 532 768 692
f 5727 7528 4136
f 612 613 528
f 1070 8495 4322
f 768 532 656
f 3877 6849 8824
f 2903 2822 820
f 6300 858 6279
f 9791 9961 1009
f 6734 6673 6649
f 1628 3139 2455
f 609 559 610
f 607 727 610
f 646 723 558
f 1649 1719 1644
f 644 643 557
f 8034 3990 6894
f 3175 4766 1388
f 5727 970 3764
f 787 789 675
f 8963 1203 873
f 679 603 680
f 6434 7367 6992
f 597 791 447
f 6467 987 8968
f 1232 1229 1187
f 612 525 608
f 492 561 558
f 915 2302 8793
f 7029 8043 8873
f 486 595 752
f 442 688 8671
f 5568 1193 697
f 262 824 3069
f 1068 442 8671
f 5264 2285 5251
f 3811 683 2705
f 329 3990 8043
f 414 516 668
f 4264 1727 2996
f 1885 3492 3470
f 807 2862 5113
f 576 665 621
f 9695 8968 8671
f 576 621 507
f 577 510 663
f 850 590 593
f 540 626 541
f 1011 579 3762
f 3311 2692 9550
f 534 840 573
f 692 572 499
f 461 690 566
f 2219 1206 3821
f 614 690 461
f 8099 9765 1052
f 2015 2054 5087
f 2803 4200 4900
f 5787 1377 4377
f 3250 9702 934
f 4268 1327 8491
f 802 649 610
f 649 609 610
f 648 609 649
f 607 610 559
f 953 1004 867
f 648 644 557
f 727 607 685
f 8963 873 1510
f 643 607 557
f 4956 9969 5451
f 622 5604 689
f 679 639 603
f 2959 818 2911
f 721 676 601
f 638 792 721
f 603 857 722
f 4388 2229 7895
f 603 639 553
f 3189 3145 890
f 1133 6896 2228
f 417 5787 427
f 6936 9637 1133
f 6917 7421 6921
f 523 442 1068
f 691 615 733
f 4533 4403 4220
f 676 634 601
f 487 673 595
f 2912 1872 2796
f 2188 8503 7108
f 7697 5933 3353
f 591 631 594
f 591 549 631
f 435 2226 2953
f 7895 9845 1975
f 1231 1797 1927
f 1037 1012 1646
f 366 630 588
f 478 587 546
f 546 587 708
f 596 894 715
f 5063 701 4912
f 8729 7895 1975
f 582 748 583
f 584 625 514
f 1975 7848 8729
f 6894 4618 9540
f 668 698 512
f 665 511 700
f 523 6673 442
f 1780 1730 2212
f 667 538 664
f 3525 2963 7697
f 7697 2963 5933
f 1077 5398 3730
f 9915 9742 1975
f 404 534 573
f 5296 3847 2314
f 615 614 461
f 565 654 653
f 433 565 501
f 501 565 730
f 459 528 495
f 566 654 565
f 381 2665 391
f 621 619 507
f 459 612 528
f 459 525 612
f 1099 5398 4815
f 3395 203 262
f 609 557 559
f 1559 1674 1456
f 646 558 561
f 648 557 609
f 2228 6896 9938
f 608 453 679
f 3128 5424 5427
f 555 605 637
f 721 601 638
f 1060 5094 3725
f 604 639 554
f 1133 9637 6896
f 604 487 553
f 554 555 604
f 9938 8806 7926
f 840 880 922
f 604 553 639
f 491 447 603
f 597 594 675
f 603 447 791
f 638 601 596
f 3944 831 75
f 9456 4394 434
f 634 596 601
f 1727 636 2996
f 603 553 491
f 541 626 741
f 2068 5580 431
f 797 1446 8606
f 518 546 708
f 2344 2888 3580
f 9742 9915 7029
f 475 585 478
f 584 514 583
f 514 515 583
f 2188 386 1359
f 1526 1424 1699
f 741 582 412
f 667 626 540
f 515 582 583
f 4864 5346 1222
f 475 577 585
f 1230 1362 1233
f 436 576 507
f 9903 5054 8256
f 509 536 534
f 432 399 532
f 4956 5451 6439
f 532 499 432
f 625 411 277
f 5913 513 3043
f 619 569 530
f 388 351 389
f 6896 8806 9938
f 501 656 532
f 690 654 566
f 457 453 608
f 499 572 574
f 608 525 457
f 10 3705 8416
f 9684 2903 820
f 2984 3871 5599
f 851 549 709
f 7038 3926 2954
f 607 559 557
f 531 3646 3388
f 554 679 453
f 2802 2749 524
f 3994 3525 2101
f 604 673 487
f 1311 171 4719
f 423 595 486
f 549 421 547
f 9540 5451 9969
f 518 708 547
f 95 3288 844
f 591 519 549
f 4088 6824 4083
f 590 389 593
f 2996 671 4264
f 1869 6262 3746
f 2796 503 2912
f 468 540 541
f 4272 1045 8065
f 475 408 577
f 3115 2408 657
f 625 511 411
f 536 509 512
f 503 2796 2814
f 408 510 577
f 2940 2049 3697
f 509 534 404
f 499 402 432
f 574 402 499
f 619 530 507
f 530 569 615
f 615 498 530
f 565 433 566
f 615 461 498
f 525 459 457
f 9942 7227 4077
f 725 644 648
f 3428 42 2081
f 527 561 492
f 643 685 607
f 1098 8099 1052
f 816 1856 6264
f 6601 218 7686
f 428 555 554
f 51 4293 12
f 553 487 425
f 479 4487 7270
f 353 423 486
f 6667 5334 29
f 5767 7539 464
f 6673 6734 6754
f 7242 7233 1447
f 7259 484 1370
f 389 486 593
f 421 519 387
f 591 387 519
f 4672 156 4280
f 7798 7671 7379
f 4536 3868 1284
f 7658 8232 9146
f 293 166 1448
f 2182 2111 2361
f 23 4233 9816
f 2518 4518 635
f 1679 1798 1937
f 414 512 509
f 8140 30 3389
f 797 848 470
f 3383 71 4306
f 574 407 402
f 7259 483 484
f 573 504 404
f 433 501 399
f 4331 6951 6895
f 2147 1149 2174
f 397 429 395
f 4647 174 190
f 428 554 430
f 338 375 491
f 457 430 453
f 3140 2745 3003
f 1449 1210 1301
f 3042 939 928
f 2147 4078 7565
f 1975 9845 9915
f 447 491 375
f 981 3532 943
f 446 594 597
f 558 605 429
f 421 387 369
f 421 518 547
f 8600 8741 8481
f 165 6179 2262
f 6306 4297 354
f 420 366 588
f 7637 9456 567
f 420 588 707
f 341 356 169
f 1397 7539 4518
f 3800 1044 3562
f 418 475 478
f 4956 3567 4388
f 5968 1524 4578
f 466 378 504
f 1243 71 4410
f 2262 2042 165
f 2994 2839 2573
f 378 404 504
f 954 1129 1085
f 1129 954 1169
f 576 322 411
f 77 8556 8475
f 635 703 6500
f 1639 1826 1758
f 461 566 498
f 566 433 403
f 498 566 403
f 4487 479 474
f 6179 165 174
f 4845 5142 5040
f 429 397 492
f 453 430 554
f 5690 3075 1090
f 4647 6179 174
f 2773 820 2822
f 605 555 429
f 491 553 425
f 337 447 375
f 94 8719 8164
f 1403 20 269
f 420 707 516
f 1519 4316 4804
f 2378 3522 1274
f 486 389 353
f 446 392 443
f 3381 7964 3358
f 2015 5087 4910
f 9488 1749 9486
f 518 368 546
f 369 368 421
f 7133 7134 9620
f 5369 5726 5364
f 5322 9412 4557
f 514 277 344
f 277 514 625
f 4297 9915 9845
f 824 262 203
f 511 576 411
f 410 468 541
f 783 2761 7027
f 2166 2089 2161
f 574 664 538
f 639 679 554
f 3893 642 1570
f 408 466 510
f 541 412 410
f 322 576 436
f 318 436 530
f 2362 2859 2864
f 163 1306 1672
f 6340 5642 7874
f 7227 9890 2880
f 4618 4224 9540
f 7637 4394 9456
f 8475 50 77
f 1395 1500 8956
f 3246 3332 3167
f 7227 9942 9890
f 433 399 403
f 8057 8056 5334
f 1787 6414 9989
f 3928 4633 629
f 459 495 398
f 457 459 398
f 457 398 430
f 296 338 425
f 3068 3072 3387
f 443 594 446
f 3702 4721 7493
f 771 5967 2911
f 4365 3448 3488
f 9981 9984 9983
f 419 9923 9984
f 367 3522 2378
f 443 370 387
f 590 388 389
f 4272 8065 2256
f 385 418 478
f 385 546 368
f 269 20 284
f 23 1206 50
f 1284 1291 3066
f 385 368 347
f 338 491 425
f 4560 4899 4796
f 408 475 345
f 398 395 430
f 309 243 285
f 1945 4666 2952
f 418 345 475
f 352 309 370
f 246 2887 1083
f 436 507 530
f 4571 8692 533
f 408 343 466
f 2035 2058 5934
f 8252 5053 6245
f 407 468 360
f 9540 4224 5451
f 320 466 343
f 169 356 273
f 318 322 436
f 2319 1422 1493
f 2006 1685 1688
f 378 320 356
f 530 316 318
f 978 1026 1023
f 1519 7903 3448
f 4829 5228 5221
f 6306 329 7029
f 430 395 428
f 398 397 395
f 337 375 249
f 221 220 224
f 5213 5841 5151
f 487 423 425
f 1237 8688 82
f 425 335 296
f 7750 8040 7879
f 425 423 335
f 423 353 335
f 332 369 370
f 370 369 387
f 1222 367 2378
f 1201 1156 1197
f 1225 1269 1589
f 341 304 379
f 1528 469 2709
f 8640 9233 1596
f 304 414 379
f 9339 9462 9866
f 516 383 420
f 362 170 299
f 9641 3567 6439
f 362 408 345
f 76 58 64
f 1795 5513 3716
f 303 306 281
f 379 414 509
f 423 487 595
f 8122 67 6709
f 1284 151 1291
f 1323 6545 4138
f 530 498 316
f 360 402 407
f 298 402 360
f 5841 5188 5151
f 403 399 315
f 391 415 4976
f 1506 1339 1605
f 402 298 315
f 338 249 375
f 1479 1478 9954
f 335 353 270
f 370 443 291
f 563 1524 5968
f 347 369 332
f 368 369 347
f 356 379 404
f 331 366 420
f 307 385 347
f 305 346 420
f 1274 3522 381
f 414 304 383
f 3804 4102 3726
f 3299 1535 2074
f 303 362 345
f 983 980 6440
f 3054 3042 3945
f 4928 4340 1348
f 3985 4902 196
f 343 408 362
f 9031 8619 9388
f 9146 3175 7658
f 318 316 252
f 3394 2126 3484
f 250 316 403
f 250 403 315
f 2229 3567 7850
f 4256 1365 4351
f 399 402 315
f 296 178 338
f 2228 9938 1099
f 3165 2946 3094
f 288 286 264
f 1651 556 1150
f 280 237 261
f 353 389 270
f 4201 4205 4129
f 2228 1099 3973
f 4382 4807 2605
f 261 331 346
f 420 346 331
f 346 305 261
f 330 307 347
f 4079 9845 2229
f 307 306 385
f 306 418 385
f 305 383 304
f 255 277 411
f 258 257 344
f 323 304 341
f 411 322 255
f 468 410 223
f 223 360 468
f 337 249 194
f 9574 8841 9777
f 628 599 1552
f 469 1460 9645
f 253 322 318
f 280 304 259
f 606 2931 599
f 320 273 356
f 1720 2727 493
f 269 284 6175
f 1098 2109 2134
f 395 429 428
f 662 9922 666
f 4635 3766 3776
f 352 267 310
f 270 294 335
f 305 420 383
f 389 216 270
f 351 216 389
f 6894 3990 2985
f 4555 2966 4572
f 201 245 267
f 359 365 358
f 310 309 352
f 354 4969 6306
f 1580 1695 1953
f 370 309 332
f 351 388 331
f 281 278 303
f 344 257 410
f 277 258 344
f 194 117 154
f 647 1454 632
f 223 410 257
f 301 323 341
f 320 207 273
f 2985 4618 6894
f 252 253 318
f 274 315 298
f 6947 4336 763
f 713 2249 712
f 252 316 250
f 315 274 250
f 206 296 294
f 178 249 338
f 1524 3077 3758
f 5992 5988 6393
f 215 352 291
f 222 301 133
f 288 216 351
f 267 265 310
f 265 264 310
f 5183 5181 5413
f 245 202 288
f 243 309 310
f 331 286 351
f 332 309 285
f 330 347 332
f 261 286 331
f 305 280 261
f 307 283 306
f 238 306 283
f 292 5214 5201
f 281 211 278
f 280 305 304
f 258 277 256
f 303 170 362
f 493 1653 1720
f 221 226 252
f 301 222 323
f 255 322 253
f 320 343 207
f 301 341 169
f 580 2622 1807
f 298 220 274
f 294 219 206
f 880 842 1016
f 4297 9845 4079
f 351 286 288
f 215 173 267
f 288 202 216
f 232 281 238
f 312 1448 166
f 4969 329 6306
f 632 4842 1487
f 267 352 215
f 286 263 264
f 1943 1258 1739
f 8539 8536 9178
f 9540 7355 8777
f 285 242 283
f 4706 4553 4791
f 252 226 253
f 261 263 286
f 172 5227 319
f 304 323 259
f 603 791 857
f 238 235 232
f 3076 40 520
f 178 296 206
f 291 392 191
f 392 194 154
f 154 191 392
f 7850 3567 4557
f 294 270 219
f 176 270 216
f 3579 3657 3500
f 5715 716 2398
f 245 265 267
f 6374 6439 4224
f 310 200 243
f 8684 9256 5132
f 7672 8295 9927
f 2613 1660 1710
f 4224 4618 6374
f 186 238 283
f 523 1068 9293
f 232 184 211
f 255 253 226
f 231 280 182
f 182 280 259
f 1618 9895 3959
f 226 221 210
f 258 256 210
f 5260 5382 5734
f 224 210 221
f 1710 3891 2613
f 250 221 252
f 289 284 9232
f 1634 9971 551
f 223 220 298
f 221 250 274
f 223 298 360
f 206 219 193
f 878 964 962
f 176 219 270
f 129 176 100
f 591 443 387
f 243 242 285
f 954 957 1169
f 264 200 310
f 928 6189 3038
f 977 817 888
f 2909 2913 6223
f 186 283 242
f 110 186 242
f 238 164 235
f 164 123 235
f 223 257 224
f 985 894 1032
f 231 237 280
f 232 235 231
f 235 237 231
f 281 232 211
f 629 4045 7511
f 7949 6387 1992
f 120 170 278
f 2654 2736 2562
f 3049 7336 7339
f 106 157 65
f 169 273 168
f 224 220 223
f 168 273 207
f 157 178 206
f 178 194 249
f 1437 1328 1240
f 191 173 215
f 3299 5579 1535
f 200 199 243
f 112 264 263
f 150 263 188
f 235 123 147
f 211 184 146
f 278 183 120
f 1154 4088 7227
f 255 226 256
f 5715 6223 2913
f 183 278 211
f 158 207 299
f 770 2517 2068
f 848 474 470
f 5797 5336 5713
f 1471 1469 1572
f 330 332 283
f 744 2726 6832
f 1988 1842 1917
f 129 219 176
f 168 207 158
f 4076 5550 684
f 219 167 193
f 5703 659 650
f 858 5727 1614
f 4079 7850 9412
f 3040 941 3054
f 4380 4201 4254
f 4079 9412 4297
f 245 201 202
f 267 173 201
f 112 200 264
f 125 164 186
f 6102 5514 6021
f 1161 2554 473
f 110 125 186
f 147 239 237
f 183 211 146
f 2426 2251 2417
f 5088 1403 4531
f 3833 2689 7821
f 120 78 170
f 6832 2726 701
f 155 194 178
f 154 142 191
f 100 176 202
f 132 158 46
f 2554 1161 9832
f 2952 767 7053
f 5991 2554 9832
f 112 113 200
f 239 147 124
f 157 206 193
f 5050 2970 396
f 73 89 102
f 9773 1575 1629
f 485 1376 2944
f 4152 97 115
f 133 301 169
f 132 169 168
f 155 178 157
f 2056 2227 2312
f 2909 6223 6129
f 8856 694 3835
f 108 134 133
f 99 113 112
f 188 239 124
f 3572 9645 415
f 930 5322 6374
f 8856 3824 2434
f 5182 2847 4404
f 114 202 201
f 329 4969 2985
f 78 299 170
f 134 182 133
f 133 182 222
f 2152 1933 2055
f 8837 3959 666
f 132 168 158
f 78 158 299
f 193 143 157
f 143 193 167
f 8520 5304 5318
f 202 114 100
f 997 2506 2532
f 6436 2015 9575
f 112 263 150
f 526 2600 1582
f 160 93 184
f 2663 875 8990
f 121 182 134
f 93 160 121
f 485 500 1376
f 3581 893 6142
f 893 6128 6142
f 876 2462 8990
f 194 155 117
f 164 125 52
f 6439 6374 9641
f 3348 7075 6322
f 9224 9790 9791
f 5541 4076 1529
f 133 132 107
f 43 21 113
f 4557 9412 7850
f 106 155 157
f 736 2537 5753
f 2033 2940 3697
f 201 173 116
f 526 6086 3429
f 410 412 344
f 116 114 201
f 2598 2656 2427
f 150 188 96
f 7459 5546 3680
f 121 25 93
f 5018 6387 1717
f 2831 2920 2565
f 824 203 703
f 55 116 59
f 215 291 191
f 146 36 92
f 4999 3301 6362
f 6440 980 9535
f 4618 2985 6374
f 972 4999 970
f 112 150 53
f 188 83 96
f 188 124 83
f 8701 6756 9241
f 124 123 26
f 52 26 164
f 117 155 106
f 133 107 108
f 952 802 766
f 107 132 46
f 2249 2724 732
f 54 102 100
f 1660 571 581
f 63 62 117
f 100 102 129
f 125 110 21
f 1807 1656 9993
f 9367 4559 9370
f 53 150 96
f 146 92 183
f 970 6300 972
f 154 117 142
f 9370 5291 4136
f 93 36 146
f 167 219 129
f 120 92 47
f 47 92 36
f 4999 987 3301
f 9902 9897 9710
f 6362 3764 4999
f 143 89 157
f 2307 1311 1299
f 1705 1106 4910
f 764 400 1771
f 55 114 116
f 100 114 54
f 54 114 55
f 99 43 113
f 2589 6086 6038
f 1438 1766 1593
f 102 89 129
f 2985 930 6374
f 7656 4880 751
f 5286 1723 7631
f 70 96 83
f 5087 1705 4910
f 25 36 93
f 108 107 66
f 65 76 64
f 76 65 89
f 6176 4824 5162
f 157 89 65
f 125 21 15
f 4910 1106 1947
f 970 5727 858
f 1529 382 2489
f 92 120 183
f 6300 970 858
f 58 54 55
f 972 6300 2140
f 3186 1411 1408
f 4993 1888 1950
f 15 52 125
f 26 83 124
f 26 27 83
f 6374 5322 9641
f 66 107 46
f 73 58 76
f 4969 930 2985
f 671 3318 4264
f 1614 3051 9867
f 4633 1311 4045
f 53 11 43
f 33 11 53
f 1411 3186 292
f 4969 354 930
f 804 690 729
f 667 664 779
f 27 70 83
f 758 6207 2482
f 5322 4557 9641
f 6947 1843 4336
f 6669 7446 5231
f 25 121 108
f 36 34 47
f 108 66 25
f 59 64 58
f 2129 2092 5716
f 63 64 59
f 62 63 59
f 116 62 59
f 9088 9452 9317
f 96 19 53
f 53 43 99
f 9412 5322 3560
f 19 96 70
f 63 106 65
f 6038 1599 2589
f 25 66 34
f 3560 4297 9412
f 1661 6211 1765
f 11 21 43
f 5286 7631 5200
f 7488 6440 8308
f 930 3560 5322
f 33 53 19
f 3164 2321 5604
f 70 17 19
f 52 14 26
f 65 64 63
f 4297 3560 354
f 54 58 73
f 11 9 21
f 33 13 11
f 1132 126 2959
f 747 583 748
f 1406 1560 1176
f 70 27 17
f 52 15 14
f 7259 472 471
f 756 749 754
f 14 15 9
f 724 680 795
f 129 89 167
f 5 3 14
f 47 34 46
f 2576 3357 508
f 14 9 5
f 4 33 19
f 7558 2705 1759
f 463 1997 450
f 264 265 288
f 6 5 13
f 3 27 14
f 9401 4197 3882
f 3 6 4
f 3 17 27
f 3560 930 354
f 33 4 6
f 1552 599 1537
f 3 4 17
f 5115 4587 240
f 5 6 3
