OFF
5002 10000 0
15.01115 -43.87933 22.30205
2.273712 28.55296 32.9269
-52.84344 66.64562 -57.53863
-51.74961 66.96137 -56.71034
-52.31884 68.2928 -57.7915
17.43299 -34.26805 10.89265
6.959859 11.62008 27.1963
-54.43335 68.82276 -56.51198
-8.573123 17.69898 29.06026
-54.36328 66.62602 -56.64856
-56.84388 67.1377 -54.64581
-52.73947 68.22469 -54.75948
29.86357 9.484586 18.36375
-26.27893 -8.344027 19.26525
-56.73703 60.07068 -54.45649
-55.68453 65.37413 -51.84335
16.18504 -32.28738 10.41469
-40.61835 -31.34766 10.60244
-21.49254 -32.05637 11.72144
-52.74077 68.85731 -55.78062
-57.50693 59.09254 -55.23588
-46.55908 -47.55353 6.709267
-57.96818 60.35228 -54.56565
4.996531 14.10328 28.23835
-35.43625 10.73134 17.54994
20.07817 59.54124 30.64958
4.13807 17.35442 29.07593
-56.71232 69.45327 -54.09732
-58.09568 58.30566 -53.89194
-28.48795 -6.438688 19.86239
-58.55144 65.98163 -51.41962
-53.81267 69.1898 -53.6685
-50.54919 73.72656 -53.76374
26.37532 -46.35492 6.705814
5.593022 43.44272 35.53728
-50.19011 75.15645 -54.90175
-56.60577 58.51948 -54.45333
-10.81431 61.37434 37.86443
-53.0389 66.17608 -55.72896
-8.221372 19.56895 30.39423
-49.30712 74.04884 -53.87233
-20.57249 -26.72999 9.366162
19.19974 -53.59194 10.6191
-49.62168 75.79447 -53.50111
-29.82958 -5.882003 20.08888
-59.95562 59.61158 -53.04899
21.47441 -45.29792 6.361401
21.63675 -45.17373 7.299861
15.6249 -6.752101 19.47448
-34.21265 -4.916986 18.35379
-56.98707 61.99699 -51.79503
-54.07164 68.30493 -52.66527
-55.96464 69.87266 -50.69113
-52.16648 73.04373 -51.49512
9.398609 21.10358 28.78349
-51.2214 73.82602 -52.09854
-20.82698 76.98284 22.18061
-9.997799 21.48941 29.87161
-53.20433 76.56997 -52.49104
-56.86537 59.58471 -52.86601
15.77896 42.56883 29.40866
-57.61707 70.05563 -50.66784
-54.48975 71.93853 -50.36335
-52.67718 74.72287 -54.26164
-41.77305 -43.80108 8.452599
27.47623 12.11951 18.53322
-60.111 61.26209 -52.57062
33.47741 -21.2611 11.34868
-57.00109 64.92147 -49.90316
-59.49579 66.82365 -50.61283
-15.64371 -4.069948 18.04221
-26.90163 54.09229 24.39869
-58.23017 58.42338 -51.90885
-14.81464 -3.147616 18.7451
-23.71251 4.226092 25.9901
-22.29264 -17.99708 12.16335
-51.26065 75.90763 -51.36787
32.83525 -18.13812 10.73524
-41.9294 -16.62562 10.48543
-58.64632 62.349 -52.00877
-31.89154 14.74485 17.76373
15.83982 -14.38057 10.72107
-55.18343 68.41897 -50.22571
28.04942 -0.900805 21.18145
8.911906 65.15808 37.35432
-51.83783 76.68461 -52.11893
-59.86042 58.81476 -50.79547
32.76938 -14.91712 9.661096
-56.69431 62.68125 -48.78284
-10.93273 25.22384 30.54459
-20.6636 24.36979 8.292517
-14.14658 26.97943 29.05489
-59.47408 58.77154 -47.41033
20.82995 15.10559 19.78353
-56.81633 72.795 -49.90256
-33.84898 -37.83442 7.124011
-55.31048 76.29005 -48.16322
14.91139 -10.91269 12.72026
-56.27934 61.73259 -48.40696
-57.7438 63.03968 -49.26935
-56.04586 66.21659 -49.24991
-56.51927 74.61589 -50.64212
31.71998 -11.10393 10.82022
-51.94857 75.52285 -49.37108
-56.61602 75.85652 -48.51476
-19.31209 -9.686831 10.88489
-9.43785 5.190459 21.64601
-19.48835 4.687203 25.64099
22.66301 52.90593 24.90044
-59.01795 69.01817 -50.47151
-54.9865 70.89637 -48.05733
-39.22895 -9.95476 11.33712
13.91645 -9.151691 9.006995
-52.8694 75.85698 -48.37309
-12.62316 45.2274 34.93281
17.82643 24.3356 10.68395
34.37646 -7.351885 11.07317
-53.55624 72.40479 -47.25119
-16.27818 18.09957 26.79125
0.8554761 60.18689 -47.95172
-1.781108 60.28097 -48.81585
-37.74542 -8.323953 12.93906
-37.6312 -35.45582 6.752552
-58.27371 64.53492 -48.15384
-56.82854 64.47623 -48.70146
-34.59938 6.591844 19.78878
-24.57103 -39.16945 19.90451
-1.582859 66.026 38.83907
-56.474 76.05865 -47.61011
-25.72109 -36.28866 8.070559
2.609031 59.08208 -48.18526
2.770399 60.90473 -48.76926
1.623952 61.39081 -48.7767
-0.4031845 61.60938 -48.61352
34.39768 -4.855264 10.20765
-54.873 66.44382 -47.51909
11.32066 33.19099 30.59301
-55.88899 69.73092 -48.49253
-56.17783 70.93689 -47.90358
34.59651 -3.047429 11.42997
-0.1527697 58.60948 -48.13378
14.3278 33.74703 27.2588
1.483132 61.44576 -45.95801
-61.03156 63.14966 -48.08696
-14.26514 34.89883 30.01432
-56.16716 64.44101 -48.08071
-60.14079 63.65309 -47.91835
-60.60495 65.87234 -47.72973
-59.9472 68.98481 -47.31544
-55.01886 69.88731 -47.0793
-40.16536 -1.180038 11.41266
-59.0203 73.49326 -46.06368
-33.39828 11.57878 19.97778
-53.07912 74.50825 -46.76466
-53.85633 75.29462 -46.09151
-61.49502 60.79507 -47.61542
-40.41444 -30.54526 6.675114
-56.81094 59.77515 -47.9014
-61.98726 62.99543 -46.91184
-56.0991 64.27161 -46.51829
-61.08846 64.35816 -47.05884
22.86473 13.71431 19.29749
-57.65508 70.34974 -47.10338
-12.21755 15.67446 27.34548
7.88722 45.35207 35.37712
2.961007 58.25802 -45.98996
-59.29912 58.22167 -45.98364
-55.76229 62.06493 -47.20794
3.980616 2.844263 11.79291
1.048947 65.82812 38.82816
-3.767034 -3.912051 55.22081
-53.04269 73.12943 -46.17178
-57.67128 75.54876 -45.53053
-55.96139 75.82118 -45.49207
-26.5207 55.52832 24.19711
-56.43329 59.74763 -45.83079
-62.07425 59.95301 -46.22321
-0.2667948 61.58058 -45.99433
-62.29819 61.875 -45.40196
-22.14811 22.33834 18.75559
7.422571 16.80987 28.59089
-21.73578 22.81379 19.39888
-1.967517 5.908236 9.637385
-2.187175 58.53682 -46.23188
28.59794 -35.32953 26.33251
-22.31349 24.93394 17.80054
-1.974375 7.385524 13.0928
-54.27767 67.89647 -45.94183
-59.33184 70.84455 -45.61769
-24.11895 -46.07925 16.77423
-0.2778991 6.761409 10.76473
-20.75712 26.54233 18.06959
-56.81127 75.94226 -45.20574
-21.91192 -29.13122 7.475583
-1.399373 2.616057 40.44372
-57.71664 58.63156 -44.83219
-4.176101 45.60725 35.10166
-20.04195 42.31812 29.52304
-20.34756 30.68408 17.00243
-35.19003 11.8205 9.339936
-61.43367 67.05825 -46.30212
29.12314 -28.85989 6.829223
-49.10233 83.92973 -45.96611
28.25464 14.25864 12.83361
17.82749 36.56031 20.85317
-0.5914022 45.19969 34.8484
-26.55411 18.39898 18.20746
-28.29546 16.49343 8.987129
3.807165 60.47607 -45.83799
-1.931549 61.9423 -43.15364
-10.77384 45.59253 35.83556
-55.08171 62.05859 -44.99506
-19.86814 43.8643 29.14496
24.63337 16.64333 12.20502
-61.19795 64.20032 -45.46284
18.91435 -27.58951 6.649182
-54.31061 65.87769 -45.71311
-60.81182 69.02122 -45.28625
-21.59233 -25.92091 6.086445
-52.48477 73.86578 -44.79466
-53.01358 75.78597 -44.86675
23.23555 17.95136 9.985932
-48.567 83.28476 -45.44708
-2.748392 57.0409 -44.7739
-24.25557 21.75993 15.78198
-16.02246 6.897689 25.89129
-24.91964 44.09556 21.12728
-22.08344 25.62051 13.57051
21.64267 -31.57257 28.94123
-59.81341 73.37928 -45.11437
-58.33017 76.15806 -44.45419
-12.74173 19.72125 28.26996
30.01922 -26.76973 6.641472
5.504284 48.02456 36.86774
-21.05769 26.93781 12.02567
-52.79295 82.84701 -44.69026
-51.75604 84.08701 -44.13522
15.13085 -33.49888 25.84208
2.214613 56.5772 -43.0501
11.70692 21.11468 26.73464
-20.85753 26.07481 9.71211
-61.5352 59.47627 -45.06535
-2.3482 60.63504 -45.81397
-19.99065 32.16368 9.916041
-19.73509 33.70277 8.587712
24.54357 51.47128 18.44324
-62.95378 63.12655 -44.22256
31.21444 -25.5267 6.612098
-61.9894 64.86125 -43.44601
18.15074 33.93787 12.1334
2.525684 46.11023 35.11588
-20.59615 35.5033 10.30578
-52.17632 72.02384 -43.77952
-26.42348 7.377084 25.46743
25.63282 56.68855 19.89525
-55.7216 76.7165 -44.1716
-49.00015 82.63896 -43.85804
-49.34901 84.43752 -44.36714
19.41421 21.48355 18.33326
20.09388 37.2524 12.6261
-29.75546 58.13673 19.60433
-1.337747 56.67748 -42.8048
-24.22727 40.3154 10.73079
-37.94958 -39.10734 18.98556
-60.65848 57.70499 -43.26099
22.34486 40.71459 8.758772
6.048193 58.40076 -44.00875
25.98457 60.76619 18.75921
24.51624 43.36094 9.469631
1.582189 62.72218 -44.10056
-0.7018246 63.06266 -43.39348
-62.54237 66.90014 -44.01719
20.15618 56.8592 30.57016
-22.44189 56.63586 29.747
-27.93872 66.92243 19.67923
-18.75949 6.234535 25.56544
4.468461 56.54202 -44.22035
25.68744 65.83644 19.40162
32.92963 -23.44473 7.948612
-55.42593 60.20586 -43.85012
6.215464 67.13668 37.76407
-4.768223 61.09843 -43.80673
23.99767 68.9707 19.11583
-30.22525 47.73807 9.821232
-23.41514 60.29268 30.34605
-61.74515 69.07673 -42.20289
-60.71296 70.35689 -42.31612
24.93516 -52.86389 14.16528
-53.53259 76.15798 -43.40413
-52.74932 79.8462 -44.43691
-30.50419 51.31277 11.83403
-5.554719 57.33939 39.26508
0.5640132 57.07061 -44.42386
20.32253 5.287577 25.49998
4.25385 56.29386 -42.4029
-22.16691 76.7301 19.51145
-5.410642 57.39759 -42.93779
-58.85159 58.18787 -41.78255
-5.479378 58.8911 -43.99766
17.49083 -19.02959 7.942009
6.62919 60.18494 -43.12922
-62.19476 59.70999 -43.57873
20.24805 77.58413 18.78167
1.818902 63.13534 -42.35448
-62.84126 62.39907 -41.49327
-20.57187 78.7631 17.3311
-53.08981 65.84136 -40.88052
-52.19357 70.55131 -42.89884
-60.50433 72.61932 -43.56
57.67605 75.10311 -43.03559
-34.30725 53.29887 10.62631
-13.60472 22.16738 28.09087
58.52789 75.85703 -43.34039
35.62567 63.94255 5.562642
-57.00681 76.96065 -42.74826
-53.49151 76.93659 -43.03911
51.51917 81.57355 -43.04862
-54.75554 81.43628 -42.76044
52.40761 81.6692 -43.81974
-20.38948 27.56686 18.86254
-1.737052 -6.711739 46.04719
-23.57297 -17.25185 7.114125
6.814422 57.19912 -41.93932
3.810211 62.35794 -40.92258
-36.13011 57.99457 9.953156
-53.78353 68.06033 -42.11478
-61.25688 72.16507 -39.87817
58.49062 73.88659 -42.14915
59.61958 73.62786 -41.94001
10.08754 86.37782 17.72241
-51.89487 77.28883 -42.34326
57.27423 76.81365 -43.00968
-24.5905 -15.92725 8.756594
34.92631 59.80613 11.75239
52.91899 80.3784 -43.48784
55.68645 79.58998 -41.828
53.451 82.01143 -43.52025
18.89386 70.03365 29.46064
-19.8658 29.44419 10.36303
-13.49619 53.0509 37.16619
0.3240191 54.94013 -42.60449
31.48477 63.17253 10.48513
-12.2335 48.06682 35.79292
-6.438214 59.29368 -41.63291
-10.95069 85.64557 21.44112
-55.02126 63.6827 -42.32133
-52.5681 74.30749 -42.47688
-59.61942 75.20828 -42.43247
-55.69852 77.30266 -42.53481
-56.34268 78.28988 -41.7668
17.19605 -16.22393 7.808955
-29.58166 68.3144 10.23863
-4.101603 87.78509 21.16542
53.94804 79.56057 -39.72563
33.15901 -13.39639 6.101033
-41.76135 -13.10459 7.527311
16.09616 72.5365 29.11145
-5.836251 57.53364 -41.46232
-54.02254 61.24696 -39.71845
6.481372 61.56417 -40.53141
14.3349 28.01598 26.63169
-36.46966 -53.29183 20.04262
-53.62934 65.00107 -41.41139
-62.5119 66.04974 -41.62989
-24.59859 75.1157 10.40099
-27.70366 -53.24257 20.07879
-51.00802 77.18859 -40.96142
20.60566 76.45767 10.41833
-58.1422 78.21613 -40.48519
-50.09775 80.24828 -42.23475
-56.10244 79.92778 -39.66294
-53.49716 82.79155 -42.02966
52.80232 81.8284 -40.69151
2.916248 54.4757 -41.46149
1.515948 55.43987 -41.32955
-60.98416 58.73344 -41.20391
-22.55533 -9.88429 6.970433
-62.41162 59.78613 -40.32925
18.73838 -52.8068 20.04214
33.16011 -50.81428 17.58981
-18.82842 80.05706 13.70001
2.366927 63.8529 -40.93151
-0.9570933 63.97164 -41.75746
-19.43518 80.87891 10.46509
-62.67056 68.55058 -40.18535
16.43516 81.08249 12.08803
-18.64311 81.19961 11.87138
-17.2727 82.08626 8.902767
10.25149 80.68861 28.86394
-28.51071 70.99502 7.084783
8.891675 80.42677 28.75361
-22.97269 -50.0416 18.42051
18.28164 35.61304 17.56975
-3.802973 56.27972 -41.74041
13.73385 84.52919 9.837091
-20.55469 36.36493 16.65981
29.3112 -44.00512 16.97811
-40.84079 -9.649278 8.322526
13.88512 -7.986838 7.326651
-39.24799 -43.41791 17.8091
-6.201968 61.16173 -41.46157
7.552396 82.06199 28.78383
-62.61206 65.27606 -39.89533
-38.38783 -46.54576 20.06134
-51.92078 69.34277 -39.81106
8.811804 88.05693 10.84462
-60.74442 73.79249 -40.31021
-26.85309 63.25816 25.06726
-58.50284 75.79413 -40.33558
57.82165 77.33243 -42.33544
59.83117 76.86957 -40.13014
-9.514713 88.97614 10.0987
17.43827 31.43619 10.03598
56.75521 81.35116 -41.14181
-51.20939 82.10465 -41.50278
23.12069 62.78717 24.90008
54.635 82.83614 -41.33121
6.378099 89.08266 10.86988
2.119941 54.4078 -39.95365
-0.7899667 54.98632 -40.80697
0.03586792 89.35081 14.43998
2.709547 82.69261 29.43106
-40.54778 -6.359309 8.553297
7.541903 60.66428 -40.18727
-1.214675 90.47504 12.05913
-47.30182 -53.49529 10.8013
13.03831 31.2512 27.47977
-50.88631 74.45394 -40.62342
58.184 75.89963 -38.71067
55.50352 78.47668 -40.00597
-53.57985 81.16714 -39.71251
30.68553 -53.29805 12.66684
-26.13376 -40.83134 21.11598
-2.218648 54.64359 -41.41082
-4.755913 55.54584 -40.07129
-8.26964 59.71748 -35.84333
-55.13063 59.41045 -38.22546
2.54313 14.34105 29.0402
-6.599242 62.14841 -39.41067
17.76737 32.69762 10.79782
7.59469 8.140806 25.48048
-61.58479 69.8966 -39.17291
-32.31095 14.25042 11.4384
21.96047 -42.73223 28.99448
-51.70496 79.07044 -38.89492
48.37184 87.37505 -39.68591
49.35006 87.44315 -40.44138
3.48961 55.07246 -40.06929
13.57981 -37.52484 20.50083
30.7513 -37.45407 20.22591
15.80443 -52.95747 31.05118
-50.2092 -50.03783 11.0499
5.90275 56.36997 -40.49682
18.35094 -51.07439 9.862913
-56.84677 58.79721 -40.3906
-7.344169 60.44304 -39.91445
31.67109 -35.02174 18.9311
-4.854666 62.85865 -39.60854
2.718431 63.91857 -38.99131
-39.51865 -33.70038 19.3189
57.66384 74.45605 -40.74433
38.48006 -50.217 10.33844
60.73239 75.02771 -41.38214
-61.23453 74.46059 -38.63889
-58.58031 76.93058 -39.10616
1.11364 -1.052157 43.86041
-12.86753 1.742892 6.480933
18.79914 -52.65801 8.279809
12.98176 -31.10428 21.47135
-26.80273 -48.54384 12.40689
4.786761 54.12748 -38.84944
34.29416 1.477205 5.820612
-60.02181 58.67843 -39.46229
8.013482 61.07911 -37.57768
12.35618 -30.75733 18.26413
-52.76929 63.38382 -38.38633
4.048731 62.70103 -38.57649
-0.743557 64.51334 -39.17556
-4.009146 -9.100487 57.62715
-61.76434 68.70695 -36.79792
60.0891 70.25845 -37.27662
-24.97977 -27.67332 20.57957
12.60613 -28.73571 19.43899
15.14183 -46.36669 30.18188
-50.15279 77.35173 -39.34367
4.445451 7.308568 25.40214
33.05041 -29.19799 19.02518
2.059159 57.07839 39.43964
-20.66097 40.62803 23.46101
20.12675 -45.28361 10.81173
30.95431 -45.22894 9.467288
56.14082 82.58153 -38.15914
51.67563 87.14241 -39.1819
-3.311874 54.76277 -38.69028
-5.428737 56.94543 -39.22518
7.047528 57.60815 -39.35564
-39.55535 -22.9292 19.94356
-6.38626 58.13767 -37.10499
19.45368 -40.23328 29.43374
-26.00122 42.58195 18.97447
13.52839 -23.08475 18.56321
23.3351 -38.90031 30.17194
57.24741 73.98321 -37.87515
19.27091 -38.73953 30.31346
-59.78717 75.60144 -37.97216
-16.83852 33.82411 27.451
-39.53722 4.523483 6.757704
58.32364 78.5111 -38.06629
-39.3405 -41.7463 11.16435
-56.93381 79.3832 -37.99826
59.23241 79.5266 -37.15863
53.73633 81.76031 -38.24986
56.90772 82.33878 -39.20295
33.4234 5.126551 7.493701
49.30771 88.86026 -39.23168
-36.08738 63.07528 6.797174
-24.35948 -22.7913 19.21487
-25.44874 67.94154 24.12407
4.946117 56.29633 -37.87722
-57.48729 58.33797 -38.29633
-15.86188 52.24794 36.00051
-62.07623 60.34905 -37.20404
21.15184 -38.32858 30.81549
2.242555 67.97593 37.55898
-2.846893 63.25195 -38.61562
25.06681 -36.36057 10.82085
-24.38857 8.713533 26.08258
-52.32486 72.19224 -40.20769
58.55992 71.07066 -38.0598
57.5194 71.76117 -37.63322
14.34789 -39.64989 18.98963
-3.303529 5.202553 4.438495
-3.933416 68.01065 37.51763
21.53627 -34.35534 10.7171
-40.58268 -18.84017 17.63927
-1.706009 54.21065 -36.59459
-0.09027356 -6.226053 41.37959
-7.106152 8.166902 25.03039
-30.60458 -17.5161 20.29242
-38.42539 5.33331 9.092839
-63.15667 62.80141 -38.24212
3.926102 62.96158 -37.90195
24.43515 48.65314 17.1245
-50.98813 71.91822 -37.75414
23.43485 -34.58671 29.8118
61.89889 74.38756 -37.95194
-50.22668 75.181 -38.1558
9.920631 50.27219 35.89955
-7.303741 15.07158 29.33998
51.96695 85.25769 -37.81819
31.31954 9.34236 7.204246
1.852085 -0.8952563 31.04755
-36.45204 8.871492 5.093604
0.7786706 54.48971 -37.42225
2.336781 54.23938 -36.13031
-5.997486 55.55894 -37.26147
7.919524 58.36466 -38.21175
19.29287 -16.16344 19.4054
31.61267 -30.22705 10.43108
6.805529 62.45405 -36.93099
-24.28002 67.10749 25.36629
-22.83332 -40.18551 16.59608
-62.41725 65.48561 -36.12066
-1.203978 65.79944 -38.20519
-40.78899 -27.46617 10.82438
-61.30381 71.63236 -35.97601
12.5803 38.38884 28.80717
61.50681 71.57254 -37.53788
61.45861 75.39905 -35.80302
55.30275 77.50861 -36.64562
13.032 -26.50411 10.85423
-20.84442 -24.81486 11.66502
51.64169 88.41023 -37.59171
-5.835106 4.086062 30.25126
33.31785 -24.80026 11.53544
-3.988041 55.88814 -37.61446
5.930884 56.16818 -36.27884
-41.77729 -25.20996 8.939229
4.504278 63.97815 -34.73173
2.611348 65.57859 -38.09913
18.00206 45.61559 29.05667
62.63254 72.4718 -36.18573
-60.35703 73.99682 -36.79714
14.41501 -21.50375 10.30112
20.31916 -11.40517 19.5072
33.4567 -22.85727 10.91594
57.82135 75.56225 -36.85837
-41.80166 -20.22391 11.03222
-50.34893 77.22464 -37.67767
2.144832 9.572382 30.84582
58.48962 81.28992 -37.50542
-21.67023 -20.43978 11.44355
16.26584 -18.22696 12.32638
49.9428 87.46821 -36.15075
-43.00775 -18.39284 11.22977
7.794964 58.40518 -36.12269
-55.38823 58.91734 -35.24153
-53.68985 59.33522 -35.01963
-51.98066 63.32942 -36.08255
33.05457 -17.03899 9.05997
3.578471 65.32824 -35.7334
58.68302 69.50079 -36.34773
24.97447 -6.911114 20.88567
-40.94014 -14.04992 11.81494
56.18207 74.32267 -36.74002
-39.97457 -37.97689 16.52263
56.33474 76.77681 -36.9582
-54.76823 78.88103 -36.7005
54.18447 80.23439 -37.46066
-25.80387 -6.648777 20.4222
-23.30229 -37.89388 17.52483
-20.89684 -11.08956 10.84989
-57.90216 58.66522 -35.60673
-26.01036 72.00679 6.714334
-10.11594 8.419656 24.4457
32.62609 -9.372275 11.64665
7.763445 62.9296 -34.42827
-21.16 -7.205325 19.00544
-15.57601 40.03143 29.05535
17.05754 41.05374 28.71081
-61.59502 66.63334 -34.13007
-4.744519 70.6527 37.25029
57.10907 70.71901 -36.45215
61.54395 70.24518 -36.11045
56.13555 73.96545 -35.26091
-22.52865 41.22274 24.35687
-51.98956 76.60652 -35.30946
57.98196 76.89831 -36.81043
-19.24479 -4.906704 20.66667
60.66216 77.80212 -34.35059
-57.82889 78.40956 -36.14011
54.49722 79.44577 -35.77414
55.28004 81.66397 -36.06112
50.66238 85.10455 -37.31855
-21.14074 22.07866 5.660093
-21.75754 22.97446 8.099161
-59.76742 59.44489 -36.11232
-22.77126 74.05579 22.37084
-52.90896 60.55532 -35.88118
8.832445 59.78994 -34.57523
-4.843297 16.48208 30.14358
-62.2065 62.7387 -35.91884
-7.795248 62.95835 -36.10189
11.32526 52.38352 36.22762
11.01075 -4.454004 10.22097
-19.81791 41.20914 29.33959
-2.695729 82.62169 30.01746
62.6837 73.2947 -34.47788
-12.4165 -0.7025207 11.42206
-15.63636 -2.679195 19.71611
57.3609 82.12616 -35.71501
53.39794 82.20297 -34.22047
-34.2655 -2.914019 18.86709
54.08272 86.33046 -36.96078
-1.427264 53.21831 -35.29284
0.792706 54.39876 -35.88033
-2.223389 55.2204 -35.11115
13.76403 -45.65352 26.33326
-13.66032 -1.908082 19.23558
6.114394 57.76511 -35.403
-7.006136 58.40882 -35.86374
11.40951 -0.2785634 20.06213
-3.665246 64.46409 -34.42918
-50.61008 67.28161 -35.57671
0.2331917 66.38164 -36.21404
-20.93672 73.44752 25.59195
-61.72468 68.88534 -33.70377
62.56951 69.3485 -33.41676
-11.80502 0.6295593 19.72776
-59.68364 75.29502 -35.15892
1.761793 4.162569 12.14302
60.4354 75.86281 -35.71902
-53.52229 76.98974 -34.55061
-57.49738 77.02696 -34.4897
1.912161 52.78896 -34.54731
-4.474628 55.19239 -35.29997
-52.05689 57.4967 -35.00261
-19.98076 31.31755 8.284101
4.959307 3.548279 19.47426
-61.10902 60.74072 -35.13994
26.1698 58.8236 18.05994
-23.6067 -35.95336 18.02176
2.609155 68.66352 -34.23333
30.74972 11.21048 11.0451
-33.9592 13.02666 11.02014
-49.65972 69.82534 -34.08695
56.43396 69.43384 -34.79581
-60.698 70.76326 -34.08259
-50.07815 72.87609 -35.82042
55.27602 73.29302 -33.87088
-50.1747 74.12411 -35.02808
30.34772 -37.33902 18.50184
-21.62663 36.43061 7.245191
30.32055 4.255003 19.25682
-29.42568 58.33238 17.82258
55.94097 80.96067 -34.05649
-29.41113 16.58002 10.2851
54.54698 82.74069 -35.01267
21.75737 40.79533 5.728638
52.45255 87.93193 -35.22465
2.255788 55.62644 -34.94136
-26.79263 17.95815 11.06766
-51.14932 55.95178 -34.13741
7.480587 23.90366 30.86793
-55.18314 56.82884 -33.77779
-6.393956 57.22223 -34.77418
-4.811504 56.57641 -34.45703
29.36184 7.573386 19.04314
-6.862908 58.73171 -32.49347
-52.44118 59.90938 -34.84896
-34.25715 8.170034 20.41324
-24.41107 40.2309 6.87536
-24.2524 21.72711 10.45833
4.272139 67.53949 -33.6154
-3.084589 69.07999 -34.05628
9.867983 60.83432 37.07126
-26.66506 42.97413 7.854117
58.11709 67.74638 -34.70648
60.9925 69.04403 -35.11811
-22.63136 11.01181 25.34239
3.521299 69.86987 37.52542
-0.6104019 67.69001 -35.57692
-0.9717214 69.007 -34.47242
55.72075 71.52548 -34.72313
-4.823151 72.18041 -33.70014
17.28731 26.72755 10.87063
-56.07113 75.75253 -32.4078
60.90796 78.33588 -33.26594
-31.16998 14.35659 19.79762
55.81143 84.76742 -34.19849
-20.4143 31.16297 10.07256
-0.04334327 53.42905 -33.64484
33.7912 45.47695 6.6935
-28.88975 16.01784 19.28572
3.812123 55.90781 -34.39828
17.98627 29.25301 18.01002
5.123165 15.67857 28.45616
6.335641 57.3852 -33.67366
-6.562665 57.85563 -33.75485
-55.82583 58.88762 -34.16848
-11.48365 9.879172 25.5773
-50.90076 61.74644 -34.469
-49.243 63.12129 -33.09701
-7.481859 63.7029 -33.16128
-61.55938 64.38882 -33.87775
-24.3483 49.51797 26.12796
-2.542688 65.59495 -35.41182
-6.399582 69.75164 -33.24081
-32.66969 48.3214 8.117731
-31.57854 -8.534911 18.01401
-13.19958 29.70758 29.36534
-5.593281 70.06132 -34.55759
-7.091987 71.59801 -34.14974
39.65017 49.22235 7.004398
-49.53292 73.65787 -33.62835
17.1618 24.58184 20.02201
-5.932416 74.08742 35.26442
54.69473 81.18505 -34.13867
-12.67733 32.11969 29.26585
-24.81085 11.15391 25.28055
20.02133 39.27811 24.17624
55.05325 86.40239 -33.08936
7.150275 44.14289 35.90964
12.9467 -34.6017 20.06994
18.05574 32.54348 18.52887
23.90558 71.69074 5.490082
11.27413 35.80537 28.75259
-50.77619 65.33111 -35.0915
16.14177 79.93524 23.78847
34.70839 48.67008 11.20857
59.17944 67.07947 -31.77036
-22.15841 50.90067 28.87276
-18.52222 30.81779 22.49482
1.341475 -3.08184 44.71193
-39.52594 55.07126 8.205244
19.65389 38.98335 19.29503
37.1326 -48.3914 9.278908
-32.72455 53.95142 11.58999
63.50483 71.38322 -32.73841
-59.91386 73.47787 -33.71776
-40.07726 58.78389 6.549452
53.97998 80.32366 -34.06935
56.02831 81.50953 -33.28705
51.93773 82.93288 -33.25855
-33.7824 58.24519 10.74283
-4.144549 56.13625 -32.28803
-5.539458 0.4495392 39.79443
6.741341 58.09645 -32.49213
7.928376 58.24697 -34.38955
-57.40915 59.21773 -33.40927
-59.24807 60.11499 -32.59785
-8.716238 62.66609 -32.45924
5.17716 66.27028 -31.93478
-60.43656 67.40006 -32.25524
-22.46209 53.02576 28.74402
-4.44354 67.43577 -33.54561
12.40889 56.91958 36.0309
-27.45536 69.01051 19.07763
6.150902 70.38284 -33.46933
-41.18487 -31.05489 17.20352
-29.6648 62.75485 12.21345
54.29056 75.81803 -34.92338
-58.19679 74.32773 -32.08252
59.56347 80.37374 -32.71433
32.71655 -30.26885 16.23097
49.92689 88.68646 -33.27077
49.5612 90.04145 -33.25135
1.913898 52.35914 -32.21085
-15.05522 84.50712 18.06792
-50.51771 54.46905 -31.49526
-29.42358 68.33102 12.59369
4.437585 56.14978 -33.16119
-6.123481 55.7577 -31.48402
-27.36553 72.18536 11.55382
19.70761 48.9198 29.49518
-32.13386 62.68722 8.688947
32.52927 64.54898 7.783285
-27.15956 43.06166 10.6625
-48.19706 66.99473 -32.87725
-6.727871 67.12153 -32.47746
21.78372 75.55532 11.96105
-28.92405 66.09224 6.726018
0.9353565 -2.72956 46.39878
7.107671 69.12108 -33.59282
-26.21921 69.08987 20.35529
3.513683 69.83878 -32.58056
27.01061 67.32429 8.092641
53.68008 76.52032 -33.88513
60.64647 75.58137 -33.63572
-51.43979 74.4141 -33.10285
18.43222 49.77966 30.23509
22.31218 53.78736 26.99915
53.32435 77.82752 -32.2177
21.9371 74.94465 18.90418
16.88547 82.16202 14.6662
56.68859 81.10589 -33.02211
56.81228 83.94743 -31.194
-2.486531 -5.195886 38.30233
48.49436 89.37376 -32.57065
15.38567 78.81452 24.94757
4.280334 54.28785 -32.90567
-21.45599 75.15815 22.51995
-58.13559 57.41803 -32.38577
4.393602 56.90058 -31.926
-59.34777 58.57712 -31.50512
-25.4692 73.97818 16.44325
6.902187 58.46053 -31.43512
-49.35923 60.27287 -32.30934
-59.9452 62.55732 -31.78262
-47.46294 64.66861 -31.59784
-60.72422 65.99201 -32.32468
35.42133 -47.70908 10.69854
-4.259758 66.00068 -32.39402
-7.605969 68.24898 -32.27351
56.75491 67.70779 -32.18427
19.74409 74.92699 8.025201
-60.18557 69.89141 -32.3341
-48.9876 70.22612 -32.91326
-1.400151 72.28371 -30.47491
-14.85673 80.97615 24.64337
14.47768 13.61095 25.77443
5.432768 71.73307 -32.26666
36.08238 -54.00226 10.18041
-52.13518 73.49737 -31.05623
-52.82181 76.27964 -32.54535
61.8338 74.961 -31.13112
20.22304 54.8459 29.79435
62.06906 76.8513 -31.31584
-30.26184 -53.47868 12.97591
-42.91022 -53.07371 12.51139
51.88486 88.90806 -30.80363
49.44218 90.37601 -31.44717
2.396558 53.81395 -31.93867
-53.916 54.40146 -31.66676
-22.33101 58.00501 31.39427
-24.02797 74.28513 18.87082
12.08316 -26.60115 17.12026
-8.265682 59.91874 -32.64148
36.36511 -53.0396 12.82272
8.844571 62.74413 -31.13297
-6.156975 64.53449 -32.4968
-6.726463 64.28547 -31.75631
15.78155 80.90001 6.812004
-47.20054 68.58413 -30.72501
7.987201 69.51876 -31.50604
-46.30596 70.45174 -31.88488
55.24602 69.48048 -32.04263
-46.46624 71.34016 -30.68241
63.04147 73.25036 -29.52699
-49.6296 71.73701 -32.0947
54.58662 72.12996 -31.3846
-16.25193 83.68436 7.681505
-53.12554 74.51367 -31.33596
51.95835 80.62323 -32.51372
18.35406 33.95705 18.75242
51.12926 82.47339 -31.56249
-41.26491 -27.08516 17.09697
-22.76559 64.71709 29.22324
39.92971 60.34075 6.534136
-1.33712 50.97166 -31.5668
-2.332397 52.83935 -32.65254
20.52054 76.19149 17.20801
-56.29021 55.91534 -31.75218
-50.01234 56.24239 -33.44095
10.34976 86.72977 6.315403
-22.8693 -27.38776 17.86655
-37.88711 -52.99972 19.76977
8.593282 59.72214 -30.64022
7.539292 64.2146 -30.74636
-60.23584 64.58357 -31.03232
-6.522798 65.96943 -31.61526
18.6119 -45.63141 12.61237
8.428125 86.80734 5.420185
17.69414 68.79014 30.4099
-9.267863 87.98315 5.865529
20.48918 74.91576 6.50705
-44.48117 -44.21166 9.570658
-8.350183 89.08268 6.016705
-3.032008 72.7239 -30.69986
51.48903 79.08368 -31.18825
-0.06325778 89.61851 7.972756
55.36097 85.43632 -30.42317
2.60635 -1.768483 39.39997
16.81587 70.50835 29.82813
-22.18023 96.0405 -30.98765
-0.5323801 89.42345 5.428328
-3.811952 52.82764 -31.7796
1.7407 90.24332 7.099463
22.47145 -43.26292 11.31448
-16.62845 72.81875 29.08483
3.967652 55.80789 -30.80975
-58.32407 56.43257 -29.96003
5.931674 56.72028 -30.1514
23.07471 59.63736 26.86075
-1.340283 90.55669 8.683071
-21.47739 78.7723 15.799
39.0546 -53.82301 7.7451
-39.21061 -39.80842 12.09433
-32.88139 -53.95223 5.746935
-24.5969 -40.72669 12.10646
-29.88251 -53.34594 10.32902
-60.06716 66.62782 -30.41697
-37.26501 -43.65155 19.82815
-46.29143 66.18677 -30.03042
-9.00927 68.99649 -29.51757
8.910979 68.32637 -30.10456
26.50209 -53.40551 6.034243
-25.81858 61.54482 27.12496
8.605029 71.47021 -31.36834
15.01425 73.58644 30.23674
-7.991887 72.9527 -30.79514
-48.92393 -53.5314 9.520831
60.72347 79.03078 -31.22887
58.09057 81.1618 -31.81328
57.59554 83.68565 -30.25748
16.35749 -53.23263 18.18366
21.44753 40.18813 23.54167
48.78988 87.66031 -30.41955
-20.0159 79.93211 18.39444
-17.10026 92.77837 -31.1207
-11.58329 0.1642204 17.16984
-19.18481 94.6725 -31.381
-11.27036 77.51029 31.87596
-20.21805 96.3425 -31.06496
3.05509 51.61388 -30.36447
-3.961175 52.10216 -30.28803
-40.09949 -33.5789 10.31561
-5.464523 53.58988 -30.19213
15.43723 -34.42895 12.53517
-50.69459 58.38765 -31.8696
-17.62958 82.38417 17.96695
27.7748 47.38433 11.81796
-60.929 61.32042 -30.6853
-8.690199 62.16284 -29.86551
8.93611 78.86004 30.53
31.68611 -53.29587 7.161356
14.80932 82.26413 18.75236
12.73382 51.64657 35.01019
7.710306 65.91071 -30.07946
17.21916 81.12364 17.9279
55.44778 67.69302 -30.83337
-8.28885 70.40158 -30.63816
-40.56732 -29.70432 12.36139
-47.92818 72.60039 -30.29966
32.02046 -28.65588 11.03147
7.602597 72.03534 -31.76342
-8.566329 79.97826 31.20191
33.04098 -27.16911 11.59999
-58.93192 73.09582 -30.77915
-39.50627 -52.69083 9.345638
-31.28141 -53.11038 6.087629
41.08348 -53.56313 6.346062
-14.3488 89.71802 -30.88449
-12.58661 91.35512 -30.2237
-16.22403 91.54893 -30.39512
-17.92371 93.25132 -29.07732
-22.8153 95.12597 -29.66886
-16.35006 82.79116 17.47025
-10.26136 84.03981 25.17009
-48.52161 55.07436 -31.09983
-25.86402 -24.40696 20.60064
12.41566 -24.36513 15.88981
-6.35341 57.86208 -30.95782
-46.46528 61.15455 -29.51965
-8.746093 62.94645 -30.44693
-8.357273 64.65039 -30.23528
32.5235 -49.49459 8.209626
56.56799 66.19255 -29.78827
-45.11765 69.42639 -31.3134
14.34242 -23.49484 21.09459
-5.380683 2.272683 36.72402
-56.19724 73.37365 -29.60095
-53.79968 73.69469 -30.22547
32.61504 -22.23115 21.11192
53.2068 73.83073 -30.40757
-3.967734 74.83494 -30.57451
14.63741 -21.74952 19.90105
38.84631 -50.24462 6.310843
-27.547 -20.87138 20.5915
1.528527 3.46417 37.03453
-14.36001 89.17683 -30.49588
-16.57541 25.78643 25.97812
-32.74753 -52.64903 18.43425
-15.43964 91.2512 -29.03746
13.40416 -49.75314 30.17905
-51.84819 -48.23751 5.94141
13.31983 83.50822 19.49487
-5.138964 53.25293 -29.40333
-50.90454 52.50594 -27.66731
30.7085 47.24604 11.2281
-53.42663 53.70381 -29.72252
4.507597 53.06143 -30.0115
-16.52294 24.12761 26.15702
-59.99963 56.18104 -27.73624
13.87973 26.04328 27.34835
2.125908 84.91116 26.48378
20.1898 -49.20918 30.96478
6.086804 58.93609 -29.74332
-47.69006 58.94957 -29.52147
21.08211 39.5701 16.028
54.94733 65.94238 -29.41799
60.89804 67.46987 -30.23677
53.78673 67.64937 -28.75696
-45.74911 68.40568 -28.90425
-43.91974 70.15246 -30.09668
-32.82144 -15.00708 18.75972
-8.511819 72.0262 -31.39644
63.5108 70.12409 -30.40778
-13.43445 -3.816388 11.38885
52.50475 70.80706 -27.55365
33.33727 -22.98022 16.03743
-5.319254 73.54514 -30.01361
-23.17449 69.90839 25.92092
3.020218 74.35181 -30.3344
52.19923 75.16553 -28.64447
-3.151901 3.224056 38.07028
59.3421 80.20163 -29.28446
58.05382 82.58384 -29.40168
26.47615 -15.99977 19.31702
-45.53714 -45.03162 7.635926
56.39316 84.86588 -28.69209
23.75999 -15.78678 20.11117
53.62262 85.1812 -29.61778
-11.07771 86.24981 -30.43678
-11.40685 85.55973 -29.38166
-0.2981873 -5.340463 36.12832
-12.20627 86.82152 -30.43507
-6.164403 -1.975324 38.51833
5.570561 84.58111 24.13171
4.662448 87.77622 16.1607
-17.09742 96.09679 -30.17145
25.09818 -12.35881 19.63605
5.202613 54.39977 -28.80193
-6.761972 56.38522 -29.25252
-60.71486 58.54743 -29.14437
-7.205544 59.10704 -30.32229
-7.517871 61.58712 -29.54928
-11.0564 64.92355 -28.38254
-61.43016 64.20221 -29.7275
23.00134 -44.47879 8.500243
-60.69829 67.8408 -28.55493
-59.37461 69.36168 -29.92933
-43.37876 68.74032 -28.49705
-44.41632 71.17488 -29.15099
33.55947 6.08198 11.45883
20.14054 -46.09809 9.335485
22.50264 -10.67336 19.87038
-45.85747 72.8606 -27.96412
3.312931 72.19679 -29.84275
-7.936063 73.97623 -28.50152
31.66848 -46.32931 10.89106
0.09799864 76.14683 -28.76618
51.00596 81.39061 -29.48057
12.5283 85.49064 -29.09703
51.66296 84.57576 -30.09433
-10.2751 83.71207 -28.69447
11.65575 84.92478 -29.46027
18.43186 -6.921605 20.92762
-36.35933 -42.11284 8.764869
53.02361 85.49651 -29.01918
-5.128704 88.35918 18.04165
-10.39124 88.68653 -29.95039
-34.41299 -42.07354 8.422709
13.02771 87.48972 -29.51022
-23.76039 -6.679128 20.30956
14.82702 89.91461 -29.33225
51.21917 89.51809 -29.80935
-6.285852 88.682 17.69243
-0.560618 4.159003 37.49506
26.76733 16.05586 10.66314
16.32526 92.11968 -29.11757
-17.74221 97.10732 -28.19138
-52.09821 52.81108 -28.70266
-49.14866 53.26665 -29.39599
-6.750197 -9.653212 55.51136
-5.612241 55.72986 -27.55214
-2.360713 86.05765 25.2362
-31.29307 -39.45875 7.309328
3.286774 4.242425 30.24645
7.376083 58.96117 -27.82025
-5.961428 3.971495 31.34572
-6.945627 45.3566 37.25313
27.53307 -5.632549 19.68906
-17.99133 31.50722 23.86576
59.31775 65.44473 -28.98973
-61.27868 66.56761 -29.00056
19.89091 23.41419 12.72618
0.2053023 89.38702 17.53229
-43.07737 70.38562 -26.5721
-41.04486 -22.15192 17.92038
-9.725329 71.5868 -27.79387
-57.84748 72.44614 -28.91991
-16.66549 27.40832 26.69884
5.425323 73.40764 -29.07785
7.326323 52.06685 37.4013
-50.62988 74.08821 -29.58061
62.58866 75.64925 -28.7601
-4.112768 11.76214 30.63256
29.25227 -3.78272 19.23511
-28.2523 -39.98084 8.087111
-21.27526 76.06448 7.164432
-36.40207 -36.72524 7.393561
54.59982 85.24142 -27.91725
13.71793 87.79373 -28.89863
-29.56947 -4.027947 21.22919
52.96879 87.47995 -28.33006
-9.245588 88.85348 -28.80324
49.25349 88.31407 -28.90211
3.84795 9.664773 28.24715
13.22972 89.65343 -28.49376
14.7571 92.39817 -28.21052
18.22848 94.08304 -28.94588
5.431518 68.36198 36.83171
-21.02782 97.01906 -29.02417
2.427271 48.48513 38.368
-35.23624 2.027401 19.80447
2.290305 52.64406 -28.29951
-39.29499 -52.91633 18.62925
-18.09546 75.42019 27.62521
-47.59298 55.73906 -26.73551
-27.63012 45.21244 8.968987
-40.06413 -53.46513 16.54725
16.30208 75.60202 27.58498
-61.90253 60.97127 -28.47628
-8.837234 61.90864 -27.4949
30.26588 48.31193 13.10333
-45.23863 63.80343 -28.23453
8.619032 63.56112 -28.28045
57.40848 65.31187 -27.74071
-24.02149 -32.1398 6.685699
62.45579 68.63105 -28.4025
-60.36664 69.68019 -28.32809
32.03783 -18.67408 17.58408
-59.19705 71.31227 -27.01643
8.852507 70.99445 -29.19356
62.90754 70.23943 -27.10848
-38.54527 -32.38922 7.479627
24.49423 -30.86939 7.150406
-8.419491 74.57122 -28.40458
-2.300615 75.51272 -30.21368
50.94747 78.06096 -28.34226
-11.32664 3.182132 20.93901
61.42387 77.56609 -28.71236
-17.27696 35.32023 24.31103
7.279261 2.972352 20.08885
59.2553 80.76312 -27.49565
11.47306 82.47499 -28.32887
49.15036 81.2716 -27.26737
-1.186732 16.91511 30.59891
9.248893 84.83267 -27.62791
-8.134637 85.12031 -27.88657
-18.75318 40.73997 29.20107
16.39987 91.34441 -28.59451
-13.05022 94.92291 -27.86745
11.25245 67.68829 35.88189
13.22202 -52.35302 28.87396
18.33093 93.51279 -28.82295
15.8077 94.76206 -26.73013
-31.00481 57.81224 12.53573
1.417984 17.99875 30.08581
-49.00682 57.11285 -29.43428
5.953463 56.49784 -27.42398
-41.07087 -30.30126 7.548239
-8.183571 59.68083 -28.15764
15.38682 76.87585 28.36682
7.117445 61.1101 -28.4088
50.18639 63.13075 -27.84488
19.94855 -30.53335 8.055502
-62.13952 65.74682 -27.01393
-44.22884 62.89692 -26.75001
54.90616 64.87903 -27.43117
9.776409 66.61578 36.20692
24.8545 13.0436 19.80304
13.42764 -53.00599 22.09283
4.562675 19.38615 30.75647
62.58006 73.40768 -26.94954
-18.6443 37.90439 23.30852
26.64019 67.57266 9.989115
8.767347 73.80549 -26.11926
-8.342936 75.76219 -28.75732
4.457614 75.59965 -29.15032
1.685819 76.67247 -28.6564
1.813134 77.54066 -26.86604
10.75346 82.79583 -29.04168
11.00792 80.5888 -26.82865
-6.655477 21.36028 30.97172
22.12414 74.10566 12.375
18.24319 39.06066 26.62052
-24.46223 17.92763 21.70226
-4.447842 49.60155 37.89204
14.0815 -53.40458 27.50847
17.42304 93.04484 -27.21174
19.78701 95.31245 -28.26003
18.07333 79.58759 13.05929
-21.53595 96.58904 -28.43182
-47.75049 52.13169 -27.12103
-0.2743637 51.60213 -28.7507
0.4476398 49.78027 38.79172
-47.34289 53.93193 -28.61367
-21.5797 23.93603 20.78949
-56.84479 54.37007 -29.37768
16.57862 -26.66589 7.141598
-45.35726 59.73084 -27.16594
-19.27669 28.55615 22.65581
50.05026 61.05458 -27.84359
-62.00262 63.28946 -28.06942
8.623327 62.39959 -28.1142
52.08538 62.72354 -27.59406
54.65089 63.88299 -27.31181
-11.79868 63.74445 -27.17423
-9.707466 68.23801 36.9431
-12.72467 64.85653 -25.92095
10.36191 86.06969 12.96535
58.29606 64.68776 -25.86382
23.16571 44.9637 17.75361
52.56667 66.05268 -27.29663
-19.06833 34.72791 20.36227
8.881965 68.0821 -27.13429
-11.0603 69.27475 -27.24502
9.523334 25.95743 30.75871
-11.99809 26.90339 30.46666
-47.51239 73.65293 -26.22764
8.154799 76.13126 -27.43867
-18.04331 57.2986 34.50273
-7.561658 76.67975 -28.60498
-2.465082 90.39586 13.07856
59.66209 78.934 -27.30925
22.35973 42.41049 19.54573
29.35018 -16.14701 17.32634
14.17683 -52.25429 19.6054
49.92827 83.90562 -27.83097
33.04248 -21.30135 7.398872
13.74627 88.64569 -27.65958
-48.55879 -47.25815 7.425794
-14.53887 89.73918 -26.64876
8.27202 83.11501 25.64204
23.51902 52.47005 20.92699
32.89127 -18.56672 8.822778
24.74779 53.65501 19.74167
-56.15703 53.09757 -26.98542
-10.10247 32.10983 30.76184
-45.47967 52.7442 -25.7179
-22.3322 -19.30301 7.021705
-46.10167 58.08528 -27.59079
-28.47753 -51.547 10.1966
52.79863 60.93472 -27.38265
-62.07862 60.06307 -26.63467
6.841752 68.79161 36.11099
24.92137 61.75861 19.55351
49.1157 61.41046 -26.75784
9.524374 63.09546 -26.89411
17.46909 -49.99245 13.44999
-27.3982 -50.76141 11.88053
51.50675 65.05791 -26.79776
-44.64149 67.51176 -27.30265
1.916573 51.05556 38.23076
-44.53356 72.16101 -25.00662
-58.05488 72.89823 -26.22373
20.97982 -44.42987 9.044591
-19.15416 59.07863 34.32497
-51.97144 74.02567 -27.02903
23.72648 70.03688 21.6998
-2.158724 77.78674 -27.14651
-5.657166 78.54301 -26.1798
10.29859 80.75036 -27.52515
-10.42224 81.52648 -26.40307
20.8892 75.60658 19.38523
8.505338 82.63665 -26.07062
16.09066 -13.55853 8.4408
57.92524 83.29908 -26.96692
49.37688 84.73094 -27.17328
50.71598 86.20276 -24.58321
-23.68083 -52.60859 17.4519
-4.313234 1.73561 40.6718
9.917093 88.13368 -26.32871
-19.14911 93.02772 -27.80811
-22.25822 93.92939 -28.02897
-20.7735 96.01593 -26.88586
21.49616 96.07198 -27.38548
26.0607 -43.41799 13.06228
-59.15715 55.66628 -26.07768
2.756609 55.05404 -25.68262
22.02966 48.26442 26.22301
-6.20976 57.5045 -26.60076
6.831377 57.98717 -26.53714
8.221934 62.20898 -27.25711
20.94836 -53.61948 28.66436
55.03472 61.07852 -26.52426
26.19457 -51.57782 24.27109
50.48492 63.41588 -25.60468
-45.08983 67.06014 -27.45425
59.39296 66.0096 -26.30228
-41.77042 67.60415 -25.61969
-42.04183 69.03927 -25.87505
35.16806 -6.863658 8.329027
51.31561 69.01688 -25.88334
-60.49242 69.89475 -26.35318
-43.74205 70.84902 -25.76421
62.24073 70.92565 -24.69943
-46.79274 73.01045 -26.70423
9.333384 72.27913 -27.44489
21.28295 -36.52934 12.22256
-9.835536 74.10659 -26.43944
-5.851235 -1.564552 35.76071
-5.481702 86.91617 21.53303
60.5681 76.83406 -25.33206
-6.440431 49.98559 38.19154
-4.352172 78.67845 -26.84603
-1.89728 79.08731 -27.07777
2.279867 79.06965 -26.70029
17.50763 46.83115 30.5441
26.51202 -43.94639 10.93849
-0.7456324 88.03284 20.73954
22.2198 49.10023 24.78424
11.69535 85.58295 -26.86785
52.6881 86.3511 -24.87911
-20.90696 92.25627 -26.99679
-17.31503 90.27601 -25.50248
-21.16292 92.19741 -26.36764
21.37667 95.43465 -27.47978
-30.84895 -52.63706 20.56
-53.11245 52.16698 -25.77517
20.06594 52.94075 30.55474
29.98346 -14.11985 16.09366
-40.55612 -2.279301 7.540061
-13.2955 60.48828 37.27259
49.58529 58.68256 -26.16432
3.939345 51.50533 38.39986
10.01892 65.31874 -26.7337
-41.98014 -25.39684 11.79531
22.6746 54.18733 25.52894
-23.34764 55.14767 28.48112
-13.40842 67.97373 -24.86553
4.330456 78.2903 -25.9731
-37.68938 -44.89387 20.40588
9.423584 78.17506 -26.02732
28.55786 -43.51693 19.28314
-2.034754 80.49081 -25.30269
-0.5511967 79.65078 -26.29026
-39.58633 2.191332 8.191905
-9.639106 79.84816 -26.12266
-27.71844 -43.99166 11.18309
57.6477 81.93354 -24.61943
49.55502 84.76103 -24.53913
-11.88916 87.19039 -27.74808
54.08738 85.77209 -25.56468
-41.79391 -16.73596 11.74008
-37.40569 -41.81777 19.71826
-11.80601 4.651064 5.236039
8.599211 70.41445 35.97563
15.13161 90.1823 -24.85837
-24.61282 -15.21592 10.66796
19.6234 65.83615 29.93644
-28.81729 53.27505 19.20538
15.09452 -40.91225 20.70301
29.95849 -39.52173 22.88019
19.33554 96.86904 -25.22732
-49.87234 51.14886 -25.76778
0.8885312 53.39143 -24.55296
-35.3207 -39.39022 21.24093
0.1887496 5.91271 6.591481
-1.832673 51.67269 38.32337
-1.986978 53.10263 -26.75534
14.92549 -45.39767 18.88551
4.566618 56.94363 -24.72497
-45.27969 56.34267 -24.97258
-61.26072 58.40297 -25.44173
52.18512 57.21956 -25.04734
53.16676 59.10291 -26.36806
-5.255503 6.186462 7.446854
48.03498 59.23574 -25.53911
-38.88041 -36.69563 19.95345
57.16577 62.58201 -26.33317
-63.20372 62.20991 -25.59392
-9.378559 62.59657 -24.24598
-25.01852 -36.99579 20.07816
-43.19548 63.36422 -24.62542
-43.52707 66.13381 -24.6255
-61.19588 67.73352 -26.20513
-41.53611 -43.07782 10.43595
27.81597 -28.91751 26.8025
-53.59154 74.46108 -27.89763
61.76978 74.62356 -24.66974
-10.95974 75.70331 -25.98079
50.25237 75.50855 -25.5131
-9.719204 78.49342 -26.27704
51.00769 78.61132 -27.15249
59.81971 77.93532 -23.77975
-16.02535 -6.461826 11.83322
-27.31662 58.35059 25.0306
2.788219 79.68345 -25.99921
-4.1795 80.10342 -26.42041
-38.88728 -4.832735 12.45444
-5.875814 81.79621 -24.2732
18.37985 -14.57183 18.70737
10.31397 83.08781 -25.64293
30.57919 10.82472 8.72634
-19.57357 88.96398 -25.03322
-20.44717 90.09228 -25.13582
-10.77353 92.81483 -26.36367
9.792454 -2.050283 12.79433
-19.59706 94.6195 -24.9159
22.54126 95.73191 -25.90759
-8.965228 51.95061 37.90237
-51.98337 51.46774 -25.10446
15.93972 -43.42549 18.80242
-11.18529 -1.280837 12.39741
-55.50555 52.66705 -24.28339
28.0832 -42.8879 17.17565
-25.02177 -44.4301 18.40904
12.35829 -50.3103 26.91776
7.878681 60.23305 -25.21943
33.77782 0.1010096 13.3119
22.94442 16.82678 7.867187
23.50829 16.61276 7.207357
-17.5005 81.60309 7.046382
-34.46112 -13.09218 16.02858
48.84247 66.23595 -23.6094
61.30922 67.3525 -26.02825
-1.713954 60.79201 39.40146
-7.340459 71.04983 36.43699
15.55435 -20.35756 20.82336
-55.69894 73.97072 -27.11419
10.56547 78.31276 -25.23789
48.95375 78.24298 -24.61774
-10.35372 79.25476 -25.30594
10.4279 14.10388 26.92386
6.016994 78.08994 -24.80504
21.69182 19.36165 9.557556
59.88629 79.82226 -25.08089
48.46142 82.14597 -25.78344
-7.042882 80.71568 -25.58776
55.88717 83.45684 -26.29673
29.24942 -40.95433 19.7545
55.04938 84.45495 -26.43119
20.84716 -52.91527 14.81268
-24.15644 -41.55229 17.53921
32.93561 -24.61331 20.23485
29.77204 -17.15442 19.36389
29.68396 13.17506 12.53803
22.99232 63.65459 26.14066
-28.70512 -41.67376 9.496056
-17.25966 96.44641 -25.14937
-15.66706 96.57852 -26.00234
-47.9599 51.09309 -24.62978
-45.69664 54.91903 -24.27477
-31.26238 15.77472 11.23554
-3.171511 -6.170752 56.41594
20.66797 -15.8287 20.05224
-44.56881 58.52831 -25.53485
46.99878 57.57453 -23.97029
6.632937 60.33422 -23.74095
16.55495 28.74155 9.10824
48.97015 60.60083 -23.84236
49.77647 62.09331 -24.84795
8.325782 62.70658 -25.57322
-11.25707 63.20035 -24.54483
19.89538 -8.691206 20.48735
-62.47898 64.56261 -26.12777
22.67017 -8.444965 20.39992
28.3767 -10.30333 16.83592
50.1308 69.17256 -23.86201
8.781146 70.68564 -26.06152
18.78968 27.56789 11.92258
-49.54793 74.32994 -25.79594
-10.44306 73.85057 -25.49932
19.03514 -52.58681 31.87962
21.18264 -52.69753 30.34485
14.78947 -52.13531 31.07731
-7.508438 81.66085 -25.72248
-22.69185 37.9679 9.342856
-13.17886 86.68743 -23.90043
11.84364 85.91172 -25.17354
5.061806 74.99148 35.44317
-22.35322 38.20642 12.76138
15.87857 -49.42011 32.07648
23.64927 41.07208 12.42862
24.18118 43.85613 11.97548
25.76709 46.14651 12.03818
20.00277 -46.52541 30.4856
18.17431 -46.70106 30.78529
-25.18857 41.93899 7.9199
56.36886 59.08341 -25.01566
-43.37302 59.01031 -24.15427
20.34875 69.52726 26.33148
58.27767 61.84221 -24.37767
23.77441 -44.42863 27.39911
60.09353 66.16128 -24.09435
14.31548 32.80319 27.31305
-41.48042 69.00363 -23.33959
-3.314087 -6.224075 40.61856
-0.7456754 -2.101718 31.09038
22.93642 55.73131 27.33543
35.80564 52.41883 11.76318
-60.1419 70.07797 -24.3274
9.452106 74.46837 -25.16486
-22.08437 70.89384 24.83446
-33.12454 -0.8876924 20.33192
7.068338 80.46292 -24.33513
2.499366 80.57324 -23.08309
-10.25427 82.17005 -25.569
36.11081 46.25454 6.996959
9.716277 79.48183 -22.64711
-13.61844 -0.5633068 19.81464
56.34878 82.03752 -24.05193
1.236663 75.26446 35.93485
55.40629 83.95165 -23.57901
-7.135812 86.71093 -25.64577
-19.37145 87.8845 -23.81292
-29.83579 46.50432 5.647089
19.61348 93.39127 -25.01965
-12.45279 94.70682 -24.5038
11.65631 92.15777 -24.3524
15.85844 95.19154 -24.07662
21.9762 93.88238 -24.32522
-44.29299 51.88519 -24.29649
-36.81242 48.66154 7.183208
-6.060576 57.22003 -22.66399
20.9211 72.45583 25.00932
55.16119 57.76751 -23.84933
59.77033 62.13616 -23.41451
-0.07948785 -5.846839 47.42932
11.81027 64.62337 -24.75767
-42.40578 64.55359 -22.65763
-61.55694 67.10108 -24.29124
-40.73837 66.69971 -24.54648
-40.42068 65.55794 -23.1096
61.92773 68.97782 -23.18271
-4.555168 -6.333047 46.80754
-13.66155 70.47011 -23.72889
1.493632 5.834692 19.46482
-45.72952 72.29742 -23.70303
-47.67301 73.24025 -24.70382
-52.9897 74.43458 -23.85715
11.09133 76.09248 -24.20536
17.38382 75.76605 27.17493
7.441294 13.83278 26.74736
-40.33552 -34.18378 17.30726
7.090708 82.97821 -22.64123
-5.165325 6.666349 20.1761
7.493749 84.7121 -24.02298
-12.81485 84.44432 -22.60319
-8.119836 89.67729 -24.2569
7.842628 87.39976 -23.77295
-19.63791 90.82022 -24.42
-31.35947 12.52361 20.51817
11.51906 86.22928 11.54231
25.13123 11.54284 21.63851
-14.22486 95.5816 -23.80784
26.19473 -39.08249 28.14605
21.52637 12.66788 21.33905
-51.31542 50.90068 -22.86585
-54.5412 51.68006 -22.9863
-2.847738 53.97249 -22.65868
-5.060597 56.18461 -25.00637
5.464405 88.66123 14.37313
-4.037909 18.26845 30.13873
51.30769 55.24266 -23.19077
-11.08088 52.30549 37.54196
7.736941 62.00831 -23.86364
-4.851269 19.9563 30.95652
-63.31519 63.94719 -24.65044
-42.13753 62.66411 -22.02896
-26.28737 16.61787 20.28808
12.00816 70.75852 -22.87266
15.28737 -37.83626 27.32032
-59.0379 71.44381 -23.22957
-39.33022 -37.92966 10.06163
-55.81572 73.53774 -23.51464
-1.00334 19.70549 30.89108
48.5013 75.20717 -21.84301
-9.890397 79.46482 -23.81158
26.26194 -44.51743 24.95432
-40.36036 -27.99119 19.03637
-0.07928075 80.80703 -23.74256
31.56988 -33.29822 17.55995
5.241012 20.91141 30.746
-28.91857 64.61057 7.985487
-16.86969 87.94274 -24.09998
-26.13392 -51.66643 13.5215
17.76056 -52.84198 12.5693
21.06821 91.36018 -22.74362
14.35003 61.81135 35.52323
7.090967 22.45603 30.89751
-16.29474 95.3573 -23.27831
48.06369 55.76083 -23.55997
36.71771 -49.7277 12.30589
-59.27906 55.72702 -23.48297
-19.63808 37.06808 19.93214
-45.90146 -45.83831 12.24489
3.348166 15.86976 29.92139
-41.89487 60.00586 -22.07601
-62.85116 60.21268 -23.55309
-8.814911 23.2241 31.19774
9.021309 63.2413 -23.30916
11.1037 63.30596 -23.68363
22.34045 39.69943 20.33922
60.16828 63.83966 -24.14719
-26.964 -17.46648 18.84968
-26.22156 -45.63661 11.67463
48.59154 68.19393 -22.66055
-23.1162 -35.82505 10.87888
23.30365 73.01925 9.113327
32.68892 -30.32052 19.67195
49.76225 71.81144 -23.42706
-24.55058 73.57788 9.356645
-50.64741 73.49506 -23.09473
-47.69848 73.30654 -22.20988
60.93499 72.17667 -23.0983
29.62347 -44.67551 11.67376
49.26696 74.11869 -23.31161
58.6748 79.28726 -22.98459
6.892601 26.09628 31.70126
-3.505876 81.39406 -23.16585
-10.3948 82.45366 -22.7678
48.21096 83.34616 -24.07728
23.57053 50.44602 20.17971
-18.72222 86.38495 -23.46988
19.25402 76.59112 7.923844
-28.49593 55.27271 18.8359
-58.26365 54.22971 -24.53828
-42.50409 54.39513 -23.09471
33.18065 -27.65734 17.47944
-40.24398 -36.74489 12.17877
25.09569 58.94945 20.7
3.65252 55.32251 -21.84477
19.17555 -36.57916 11.78155
-43.34267 56.90887 -22.46875
55.40076 56.18236 -22.4627
-12.18981 53.72492 37.12629
-10.60424 28.68537 30.88684
14.774 83.06193 8.249589
-7.943154 60.95485 -23.4777
-63.50129 60.30505 -21.59229
-27.69198 65.66008 21.93609
60.60733 62.70358 -22.14679
-9.672113 64.4496 -21.67622
27.67929 -34.97847 11.26636
12.48384 64.81442 -21.4353
-20.31855 -7.686428 16.8568
-62.5255 67.70769 -22.73967
-40.24122 67.31753 -22.54746
60.82055 67.69036 -22.05622
14.01433 -7.893373 17.27256
-42.87474 70.79888 -22.39317
9.906832 31.87347 30.48297
-2.139011 -6.624003 42.97249
60.57237 74.9178 -23.40084
-39.93898 -32.31199 12.36241
-12.21717 76.0208 -23.23929
17.29001 -32.61312 27.74686
31.54732 -32.48614 13.49459
-13.62609 33.67315 30.2379
11.90035 76.82256 -21.76604
31.17154 -31.04226 12.08874
-9.756341 80.55462 -23.00969
4.480115 80.54095 -22.32026
22.21063 72.81971 21.81347
57.08667 81.09998 -22.3889
-5.50326 83.72518 -22.99494
25.09281 -31.82684 28.4435
32.11948 -28.85556 12.67665
51.73226 85.30156 -22.29718
6.016467 84.27841 26.18125
8.646018 88.87899 -22.34261
25.38371 62.93902 18.77911
-16.16252 92.20338 -21.35007
20.93991 96.3311 -24.30043
15.01916 81.92886 21.05691
6.859077 37.05289 30.84717
-43.03508 51.59342 -21.55657
53.87518 54.54248 -20.73023
45.60767 56.14212 -22.84447
-12.10197 37.1776 29.85314
7.690619 39.11099 30.99006
8.719911 37.28242 30.52024
-25.05189 58.7744 27.93914
8.764422 57.64956 37.60744
-12.56219 39.57294 30.55975
-33.06018 -53.1065 10.84714
48.46147 62.04867 -23.06806
7.69901 62.34022 -22.01566
32.27309 -17.42699 12.78313
-39.12552 64.77635 -22.45498
31.01642 -5.204349 16.94548
-12.51655 64.27075 -23.12888
61.25492 66.89969 -21.67281
-6.804345 87.30504 20.98669
-61.14092 70.11594 -22.55487
-13.2198 73.58234 -22.33319
-44.61207 71.42245 -21.03779
-57.66379 72.23465 -22.36188
47.79508 72.88515 -21.17166
-53.2168 73.11842 -21.75753
60.4648 74.51723 -21.1944
-12.90952 79.65506 -22.20962
48.73148 79.70721 -22.69121
10.52915 38.59528 30.68373
9.956358 80.81025 -22.40058
-14.81139 81.00806 -22.11733
-45.62168 -52.69822 9.33549
-23.69209 -11.82309 11.2946
1.258788 82.20958 -23.14056
-16.11348 83.76538 -22.41768
-2.485524 82.74568 -22.89898
0.6710312 0.4695981 42.58725
49.14539 82.64496 -22.63139
12.95478 85.86746 -23.12739
6.54157 58.26631 38.27777
-17.91268 85.18729 -22.88417
-18.13052 85.88654 -22.65089
23.2231 -53.132 7.938668
20.5708 89.74014 -22.20022
-1.234698 84.90985 26.87914
30.26425 -10.15999 14.18669
-22.17937 -51.80525 20.17816
13.58382 -8.568696 12.21346
13.283 -48.96365 21.29772
50.39475 54.01324 -22.61602
-40.26126 54.58414 -22.47285
-1.50238 54.34814 -20.86961
-39.90945 57.39483 -22.25381
45.49127 56.74924 -19.58332
57.53777 58.64636 -22.41966
58.85511 59.4263 -22.30651
-38.81981 59.71174 -22.14654
-39.67217 62.13006 -21.91407
-18.40284 -7.411225 15.96144
11.66786 -5.030421 12.25759
29.87759 -48.30095 20.63976
-5.133825 -11.88083 57.81998
20.00057 -35.62013 10.24751
-12.52112 -3.189138 12.84575
10.15898 74.19325 -23.30856
-4.627431 -10.59136 55.27818
-19.09674 47.6358 31.43418
-13.43903 79.66372 -21.55538
33.37162 -21.58891 18.45861
0.7061837 83.75798 -20.92984
17.75842 49.59731 31.63954
-1.636927 83.78036 -20.88632
52.66092 84.26085 -21.79199
15.04596 84.50387 -21.23451
8.435424 -0.7985389 11.42308
13.89841 -39.86526 22.2878
-9.302873 1.284299 12.77882
-47.50501 50.14785 -22.5069
-39.10671 2.433738 13.24959
-45.76286 50.86328 -21.89983
24.6783 -28.89426 28.14255
46.49437 52.74963 -20.57205
39.33381 -49.85124 8.195143
13.39697 -53.28986 25.15173
44.02396 55.2489 -21.42647
45.48997 54.69606 -22.08326
-3.809903 55.62219 -20.72574
-62.03403 57.23514 -21.14891
5.735216 58.03099 -21.63353
-21.45705 55.11684 32.31223
47.34056 60.75799 -22.1036
-7.838788 61.86697 -21.7868
-21.15439 56.58976 31.87921
47.48389 63.85668 -21.50722
61.67258 64.30439 -20.46593
-6.753535 59.02763 38.22202
-42.44622 70.0512 -19.85344
31.53227 9.055158 15.00263
9.76458 68.62791 34.95452
-34.44835 13.45152 12.57868
-25.27486 -33.93526 20.62856
25.05546 68.1362 18.76747
49.00948 78.14176 -20.88857
-11.82926 78.06945 -22.48048
-12.26917 79.00108 -21.18864
57.26021 80.55515 -20.84214
-15.19316 81.15464 -21.25184
-16.38168 82.74222 -21.90977
3.794823 82.70636 -21.56222
-16.49424 83.17901 -21.51937
22.56401 -26.90978 27.54213
-27.80341 17.79743 13.68654
-16.78276 86.32045 -21.77963
23.6303 17.18726 14.63323
18.03519 89.55523 -22.44436
18.68442 59.86443 31.22054
-8.679555 90.26013 -21.61574
17.61945 -52.74568 26.01293
18.26079 65.36906 30.48634
17.70497 95.11421 -22.67998
-52.90344 50.96032 -21.35606
31.71125 -7.17462 15.53075
-38.30802 -27.15715 21.09651
23.68965 -35.43901 11.29719
0.9012892 54.38592 -20.42154
18.49755 25.19318 12.53971
8.662607 59.8266 38.17127
-37.19164 -25.96777 22.02863
-6.450095 58.78014 -21.32315
60.09885 60.26482 -21.32762
15.41345 -18.46767 17.21854
9.488607 64.96465 -20.42156
-11.2049 64.9061 -21.10145
-33.88788 60.06126 9.902037
-62.51691 67.60666 -20.2322
27.20774 -8.103305 18.87318
-13.39845 70.12319 34.46206
-14.3249 74.41056 -19.61304
-19.61052 66.66502 31.60181
10.45749 79.32531 -21.71976
-24.63265 -52.37247 25.44574
-17.41813 70.28054 30.96775
-38.21592 -43.36913 6.995945
6.464095 83.08372 -20.85711
-37.59919 -19.19413 21.09723
54.06678 83.4923 -20.57078
-5.130103 85.08202 -20.45471
-1.046046 1.467212 28.29429
7.436879 85.44952 -19.85545
18.54872 86.28447 -21.17853
-16.96667 88.93467 -21.37813
-26.47736 -52.43194 25.99181
20.13965 89.84793 -21.44546
-30.75591 -49.66464 25.56103
15.76786 71.86155 31.11125
17.52214 91.21808 -20.06363
-50.28005 50.2583 -21.76883
-45.72233 50.06695 -20.28097
31.52125 48.33433 12.36648
-56.6362 52.86003 -21.25355
-15.27211 74.39067 29.98463
34.0641 51.51027 13.22022
0.8594075 2.551769 28.18263
17.57217 -40.40375 28.7974
58.95402 58.79938 -20.03016
-32.71005 -17.85602 20.78888
7.675216 62.63831 -20.59181
45.91468 59.3383 -19.92659
-38.17496 60.58248 -20.1828
45.90778 63.05324 -19.89185
45.99897 66.97761 -19.56543
12.73289 69.97941 -21.63856
47.20468 69.18367 -21.09604
12.17372 73.25743 -20.19764
-58.20423 72.72733 -21.2737
59.46255 71.98064 -20.61784
-51.52305 73.26042 -20.62868
-30.46554 61.86735 11.363
47.58136 73.86241 -20.78258
58.54177 74.66254 -19.77733
58.93629 76.44299 -20.97002
-11.85414 78.10971 -20.59676
7.112568 18.10244 29.05436
19.39099 -33.79893 9.63589
-37.0523 -38.84752 8.358327
-14.95471 -5.227847 15.71416
-14.18736 81.29232 -20.69773
50.84971 81.24788 -20.26614
21.59502 -7.087138 21.26152
16.40855 81.18461 -20.00813
-3.991564 88.96118 18.03653
-10.26171 69.28358 34.94459
19.5013 87.48406 -20.80877
-6.889339 87.30684 -20.86671
26.85055 66.0796 11.55029
11.9606 92.05252 -21.47624
3.191235 4.513853 28.26855
15.98101 91.79742 -19.92409
-53.89632 51.33611 -18.44881
48.68846 51.0235 -19.26776
0.4720224 -4.641385 48.22794
-6.425004 80.8155 31.4243
44.54742 53.05247 -20.57418
25.57249 70.52334 11.69437
1.88057 54.8073 -20.0321
-59.96129 56.80259 -21.94631
-38.96338 56.6223 -19.37659
-5.361171 56.42679 -19.0658
2.138792 -3.41037 39.90415
5.793198 59.02655 -20.2643
47.53395 58.2639 -21.8404
-37.98749 57.59373 -17.71212
-39.87512 -31.73916 8.234767
24.46977 -4.686807 20.72019
-23.24115 76.88698 12.67649
-38.38358 -15.38349 17.39096
-8.327004 59.97885 -19.22869
25.09802 -49.72114 26.18002
61.26262 61.91928 -19.49156
26.94875 -4.158291 21.04445
-63.34137 62.77988 -20.73476
19.67265 78.35174 13.18182
-14.23434 66.59736 -20.93714
27.09081 -32.67997 7.899214
30.62272 -26.96717 24.03575
0.05628571 81.76785 31.07868
18.82423 -31.73832 8.456451
11.73657 75.03209 -21.76001
20.25209 43.66887 26.06686
13.31215 78.08662 -20.81267
27.18745 -31.29024 7.456247
56.39955 81.01191 -20.27285
17.73989 -30.02878 7.967172
17.37709 83.18378 -20.19067
-12.86447 -2.643493 16.76051
-25.65782 71.42589 19.75496
-5.837786 8.478507 28.95362
-13.95663 85.71057 7.872921
-12.90404 92.25363 -21.02232
-14.0173 1.896383 22.55103
-51.48318 50.39956 -18.95335
-0.4982135 -0.949817 47.48926
49.90856 52.76056 -21.12531
-55.47233 52.36707 -18.30108
-42.52517 51.97974 -19.62621
45.10663 52.19097 -19.17033
52.28319 53.43869 -20.20675
-57.25654 54.12878 -20.04388
30.94365 -28.76336 9.134535
-0.7129361 6.85107 34.75366
-6.959856 12.36068 28.15292
-11.72354 12.47559 27.96566
9.361486 64.24811 -18.20168
-38.58286 63.83783 -20.69759
-39.38423 66.92967 -20.97658
18.29273 -49.34743 31.78111
-15.28479 69.67284 -20.1623
1.493589 60.70484 39.45466
46.67513 71.35779 -19.65097
-7.238756 9.474546 26.29754
-53.83038 71.82959 -18.87653
-49.79794 72.70092 -20.36819
46.14334 74.42216 -19.81753
-11.70838 80.25165 -18.74051
-7.155134 6.085918 20.57326
53.96478 81.49012 -19.45949
3.307516 83.13437 -19.64744
-6.076037 -3.022437 43.26511
-5.884728 1.413892 31.55722
-4.591783 -0.7203462 49.1236
12.36405 90.91528 -19.77037
-48.20944 49.72421 -18.77424
-9.172398 1.767193 17.10519
-35.29343 -15.00553 18.78476
-45.91388 -47.58964 13.64111
-39.76899 54.58205 -19.79064
4.120637 13.05217 28.04561
-61.73035 57.74404 -18.71811
4.323223 56.32344 -18.66074
8.790425 62.24977 -17.69627
-12.74652 65.89593 -19.54034
15.26866 -40.22364 26.18634
25.68649 -40.59285 27.07854
12.71453 66.4362 -19.86502
-29.36033 14.13001 21.63621
-27.14462 14.48788 21.8575
60.26852 69.90378 -20.41168
45.63885 70.67503 -18.8382
-43.9949 70.0975 -17.41
-59.0699 71.51151 -19.30737
-56.12422 71.98624 -20.6126
-15.09564 72.0237 -19.42168
-42.39587 -42.92638 12.59322
58.72554 71.70766 -18.77449
12.18541 74.97395 -20.30726
18.73089 20.09317 20.97427
48.61929 75.48502 -19.15133
14.86152 80.3314 -18.55216
56.55108 78.24657 -18.73923
20.57213 -42.90378 12.28513
-22.43327 19.78187 21.34477
-10.77721 44.06239 35.81431
29.82689 -23.67718 24.91665
-0.7931556 12.37763 30.68636
-9.621905 89.33286 -19.58136
9.738453 -0.8198115 16.86571
7.793451 74.4449 34.69784
-20.19666 25.60898 20.63926
-42.85808 -16.90221 7.949875
24.96925 -37.84691 12.5664
42.23075 54.81687 -19.46653
56.62294 55.99732 -18.86792
58.10893 56.98564 -19.33817
44.01224 57.83462 -17.71464
22.54436 -39.22231 13.90872
6.37387 59.15902 -19.07231
44.00952 60.41576 -17.68399
-37.6869 62.85126 -18.85592
17.31218 33.22159 21.79492
-42.49014 -14.54401 7.248206
-19.70102 32.99884 21.64641
27.4287 -13.42792 18.39254
61.51695 68.43178 -17.45817
15.94331 -10.62719 17.1655
-51.56 71.93469 -18.74625
-47.16814 72.19269 -19.81859
57.41008 73.54714 -17.92995
12.03215 76.57189 -20.35941
53.39832 78.69505 -18.18193
-10.46148 14.78335 27.72248
-0.5908229 22.3115 31.60245
54.66113 80.08067 -18.47231
-14.43557 83.24755 -19.52125
6.446511 83.95413 -17.17354
14.29893 82.02166 -17.57466
18.15547 86.1498 -19.91362
-24.95993 42.15304 21.53521
20.97367 42.35914 22.8756
-14.20955 90.87222 -19.97487
8.651068 -0.150147 16.41843
-46.52275 50.17397 -17.97225
23.13331 43.80802 20.81198
14.12345 -31.20327 11.68785
24.01684 50.27482 21.65811
29.70002 -7.935752 16.82228
-39.56063 53.98733 -18.36116
3.233055 22.71618 31.60106
-5.091634 22.92434 31.75506
61.85934 63.22137 -18.35918
-21.03587 -27.39006 12.80684
-10.58057 65.56288 -19.34296
24.79747 57.08975 21.27582
-40.58078 68.59252 -19.21367
42.93622 66.75724 -15.4203
61.57488 67.00968 -19.25629
-15.38378 69.36412 -18.36432
-59.54093 69.37359 -17.39926
-28.92894 57.36769 21.81793
-13.20765 14.46026 27.94117
13.39546 72.53191 -16.13504
57.25058 76.84385 -18.94287
12.20234 -24.26214 12.94206
-11.81778 78.03311 -18.9686
2.931423 83.79188 -17.45296
-1.78329 84.68995 -19.12056
0.4799416 84.71341 -18.7767
7.683438 85.7 -18.65427
8.298611 85.7024 -17.13233
-9.033068 87.98041 -18.03199
13.90512 87.87356 -17.8567
-27.28707 66.20423 20.62017
14.60019 -19.52968 13.13791
-25.60808 69.89402 21.79972
-5.863196 25.92853 31.8446
45.05983 50.51057 -17.62117
42.67156 52.20355 -18.21775
32.25867 -19.11223 14.62699
-42.23398 51.52493 -18.38101
11.27293 71.68507 34.48916
54.31192 53.42004 -17.25213
-58.37963 55.46056 -18.42486
42.02507 55.84778 -19.00132
-24.42277 -15.87598 12.31349
-40.92536 -1.320598 8.710763
26.24653 -26.05584 27.34979
44.83183 64.56728 -18.32311
-14.78262 66.67257 -18.84673
34.84462 -0.4919123 10.12146
11.5677 67.07039 -17.52427
-39.66959 -12.86211 11.76728
44.00434 68.75349 -16.85726
-2.110133 -9.402871 54.79119
-24.61595 -13.08849 12.59388
60.10952 70.6167 -17.82286
31.94032 3.128787 16.61813
-47.19476 70.96374 -16.85198
43.70484 71.51562 -18.30438
-26.73477 -9.013282 18.07836
44.75447 74.24673 -17.92163
-12.7951 76.864 -18.46462
11.76153 76.69124 -17.05789
49.90245 78.79604 -19.45208
51.87484 76.10648 -17.34484
-9.047684 28.0969 31.54664
-10.73283 80.3607 -16.12185
-21.42517 -10.52156 12.69671
-1.507079 84.98779 -17.47392
9.175606 85.44975 21.92076
-49.10421 50.03691 -15.37422
44.5351 50.17864 -16.17676
51.77873 51.68199 -18.17198
24.45808 -20.67008 25.35485
41.16949 54.47928 -18.48835
-1.334698 54.24811 -17.73585
-36.36177 3.880246 18.15059
-59.76702 55.63447 -16.12519
6.079524 87.8759 18.07783
16.38312 -29.65873 26.44177
1.482945 4.796695 7.611839
5.247671 58.19792 -17.04398
6.76482 60.24692 -16.96528
-8.848227 60.94321 -17.6513
60.85109 60.80263 -16.87847
-9.793407 62.96051 -18.58007
-38.88587 65.19329 -17.59556
10.1598 65.96366 -19.59706
-36.12883 1.09473 18.2964
-61.57167 67.15166 -18.18434
-14.49886 73.36978 -17.77441
33.67424 4.601488 10.18948
-39.51603 -3.031232 13.36572
7.136829 1.821526 14.4284
-6.073301 -8.7895 57.11581
22.3971 -53.06675 23.34591
-10.55412 82.77611 -16.26667
18.34946 -25.9529 26.33859
30.038 -53.45262 20.7084
-11.07041 0.9820969 11.48992
10.89659 82.45864 -15.71509
29.33026 65.9173 9.122407
29.23104 -51.06734 21.49145
33.40034 4.142256 13.26127
10.84683 34.20313 31.18667
-56.28841 54.20002 -16.53046
1.166522 54.71149 -17.74417
-11.92739 17.8267 27.71694
-4.336285 56.06179 -17.46553
-37.72475 7.823934 9.541129
8.019155 88.31944 7.32006
-6.451833 58.2579 -18.13048
-11.60803 35.11028 31.81357
-37.95892 60.99229 -17.51123
62.48305 62.22874 -16.14193
-61.79516 64.96518 -17.37096
-61.11274 64.19427 -15.80309
-22.90176 -49.5339 21.12926
9.831291 64.73229 -15.07891
-40.12662 66.78753 -17.7866
-54.96693 70.2504 -17.37775
-49.90561 72.10777 -17.62396
43.28092 72.60829 -17.7097
57.11313 73.48409 -16.9889
-13.42051 75.50471 -17.35876
10.07843 19.46156 28.0219
50.37443 76.0777 -17.76625
54.57616 76.42607 -17.09132
9.077388 38.31378 31.04759
28.85448 -25.51413 26.04314
-13.15307 85.87624 -18.22127
-37.37184 5.505157 16.39513
-3.227587 -5.876528 44.02635
9.379638 85.04669 -16.13208
25.86722 16.25422 8.549861
20.3624 -25.2581 26.66581
56.42361 54.61064 -17.52212
21.68063 20.38743 12.68075
39.52959 56.27821 -17.343
-5.844211 -9.513568 53.8457
-60.70584 56.85203 -15.29218
-38.01769 56.95265 -16.39923
-7.937796 57.66153 -16.58048
22.26549 18.32916 8.475142
-22.1412 23.86197 13.37942
-38.55901 62.57058 -16.46929
10.24377 66.96186 -16.15517
-42.05877 69.35843 -17.2549
13.45161 68.94232 -17.0387
-17.42147 -5.451412 18.15405
-15.54649 73.17357 -15.81142
47.74882 75.96973 -17.39138
53.12864 76.27958 -16.80774
-22.29835 -32.44556 9.84681
31.64993 -34.37909 21.56963
-5.103902 85.47939 -17.90597
-38.77918 -30.8592 20.57005
-45.12764 49.92499 -16.94579
-22.64974 39.71464 16.42111
-50.73939 49.87461 -17.62983
48.12276 50.48181 -17.26739
-52.94109 51.34094 -15.11334
41.27753 52.00519 -16.10311
-54.40732 52.99313 -15.6695
22.73112 -22.29208 25.99445
-39.68587 53.96992 -16.621
-27.78563 46.75654 11.09686
59.05333 58.01993 -17.35212
-11.21638 47.28704 36.57274
-3.287588 47.17022 37.37235
-11.8187 61.15181 -14.65796
8.615421 63.11624 -15.85733
42.98544 62.91765 -16.16006
-12.49363 66.34231 -16.84664
13.22915 -26.64533 20.74335
-28.8097 49.75079 12.69782
41.82456 69.41693 -16.40544
-52.91357 70.77115 -16.41946
-15.52832 71.73544 -17.28805
41.73749 71.00782 -16.05801
-20.25424 50.85274 32.17544
-14.28195 75.8327 -15.60102
5.833186 49.60135 37.56857
-10.98955 87.24821 -17.66002
-3.826084 86.39718 -13.83754
35.40451 56.82307 12.49152
-55.99062 54.60685 -14.75691
56.37899 54.63967 -14.89
18.42765 56.70261 31.25312
32.0897 61.22767 12.2048
32.16215 58.94205 13.87009
58.09235 56.37969 -15.00689
-37.09386 -2.106057 16.56075
30.51734 61.88864 12.66392
8.311064 59.78068 -15.00999
-29.53906 -20.66079 21.40671
-37.1067 58.41819 -15.64337
41.97432 59.38828 -15.45924
24.47424 -21.67943 26.11906
-10.12034 63.07981 -16.63224
61.88786 66.35964 -16.63188
-39.20077 65.80979 -16.51206
-41.75299 67.77862 -15.65096
11.53358 67.71252 -16.02984
17.23822 -19.09073 21.13128
-26.60245 73.29403 12.77761
-48.14397 70.37648 -14.08633
59.04019 72.69312 -16.5102
43.94537 73.31673 -16.33525
55.10445 75.09329 -16.56677
11.71721 78.61142 -16.50683
31.6938 -19.43837 20.25828
-5.197196 -12.55116 56.71272
50.15097 49.36146 -14.30366
-43.86206 51.3086 -16.03863
50.95882 50.67248 -15.75476
-41.22503 51.88137 -15.81135
0.08715625 53.307 -14.87215
34.77967 47.42618 9.377218
-3.894169 54.27523 -14.7589
-35.6811 56.22281 -14.88161
3.352797 56.62966 -17.0189
39.06488 54.22488 -14.57025
5.092036 56.63445 -15.56122
38.92874 58.63927 -16.14181
-37.56041 60.50895 -15.17883
-4.574368 6.426421 16.7153
19.55114 -5.308975 21.94639
8.988583 47.48496 36.15143
-60.25647 60.88568 -15.16502
62.95069 63.71089 -15.51434
-21.0337 3.046579 25.34182
-16.73858 65.99153 -15.98364
-15.95821 64.99305 -14.72331
-14.69221 71.82247 32.04639
-55.28385 68.70946 -15.52701
13.7845 70.62905 -15.6638
-1.919345 -7.230655 55.71454
46.23835 75.21571 -15.93569
54.51675 75.60009 -14.36438
52.2184 75.96228 -14.45528
-0.9549405 89.80616 15.02275
-12.91759 77.8164 -16.09599
1.508985 89.84414 13.70761
22.69929 -5.528312 21.3597
-26.70772 -3.841878 21.7455
2.252259 84.81394 -15.64011
9.062776 75.45535 32.50755
7.319579 83.36032 -13.93863
-21.08464 -4.060555 21.90594
-6.640081 85.52455 -15.55699
-8.373804 44.13591 -15.11216
-15.04654 43.65403 -14.44399
-13.51447 48.05347 -15.30587
-25.77604 72.47485 10.23688
-10.03558 47.98985 -15.1845
-48.34674 -53.7193 11.81475
-3.934607 66.75416 38.53071
4.639436 89.52056 6.31522
-39.77551 49.98388 -15.13295
39.60399 53.63407 8.659574
-48.39855 51.12924 -13.41419
41.4129 50.81585 -15.07579
-37.02399 51.49423 -13.75842
54.1391 52.37356 -15.90787
-48.88373 -53.22868 12.32304
-29.61432 -2.416824 21.52717
-36.85973 -0.4807345 17.76858
41.45358 56.66756 6.546434
13.33624 -2.501535 20.50317
-47.28575 -50.47254 13.99332
-9.366445 79.44838 30.46396
-58.85837 66.20862 -13.14482
-16.74452 67.3551 -16.11968
40.40379 56.8473 7.9626
40.02532 68.48958 -14.53635
-57.68232 69.10412 -15.49531
-37.96169 58.02416 8.77883
14.66029 71.82459 -13.99624
-16.05068 73.13056 -13.00218
-47.95603 -48.66408 13.5554
-14.89047 31.81222 27.56431
56.42411 74.82075 -14.84744
50.15617 76.48428 -15.57737
11.73677 0.9378865 21.46055
10.69871 79.29089 -14.63273
35.95806 -47.84984 13.3593
17.44846 42.98449 27.5279
-0.812154 69.3422 37.97198
33.96168 -46.01208 12.54341
-1.126333 86.10029 -14.66115
-9.197297 39.56508 -14.14767
-12.74229 40.84894 -14.23745
9.794739 0.6532658 19.01161
-35.87147 60.14848 9.013633
10.12486 3.673496 21.7096
-5.524195 45.40005 -14.57189
-16.30368 48.32815 -14.76413
-6.623359 48.66147 -14.27888
-24.54206 -45.18724 15.20468
-36.36723 8.199879 15.7691
-15.24068 49.24553 -14.96833
-15.32409 53.56324 -13.70155
30.3571 -44.71999 14.30512
55.88532 53.50413 -13.54394
27.08873 3.730512 22.60279
-34.88489 53.44829 -13.9708
-58.36311 56.10609 -14.14168
-6.069587 55.62881 -14.61193
5.549834 56.53305 -13.83213
-59.58401 58.50974 -13.80572
-23.80111 6.817769 25.53731
38.05008 60.21398 -14.98909
41.49702 61.23062 -14.41005
-3.33961 5.630587 22.95827
10.33819 62.51033 -13.8305
-38.21851 62.81294 -15.08502
-14.49916 65.02463 -13.15825
41.12372 64.47364 -13.70278
-19.25528 64.8163 -14.75984
-21.19408 6.288163 26.10211
-29.182 67.19889 8.533844
62.09785 66.29562 -13.10952
-56.4451 68.4098 -14.411
41.14025 68.53171 -15.35966
15.95037 69.67114 -13.24128
-17.33732 70.01894 -13.70144
-50.89822 70.30018 -15.09978
-32.24211 11.01702 21.66385
-25.276 5.143386 25.77791
59.79794 71.5437 -14.69538
-40.7714 -37.79133 13.33883
-39.99315 -35.83005 14.12614
22.20298 11.50081 22.76268
3.033818 40.97798 -13.67955
6.218287 39.77953 -13.75486
5.257012 43.93949 -14.53761
9.894306 42.8715 -14.15244
-14.73144 36.58205 27.803
29.72435 11.596 16.66464
5.269104 45.90305 -14.40638
9.419156 47.02379 -14.50795
-3.868038 -0.9363858 30.95503
47.35244 49.73834 -15.79949
31.10804 0.6879532 18.7643
22.10339 74.18037 8.811296
-42.12392 -28.67261 14.2111
-1.735038 52.19155 -13.60315
-6.519047 52.92521 -13.4718
-21.39175 21.84519 20.60287
-18.48039 8.606935 26.2169
-9.124426 57.9359 -14.53629
7.891235 58.53576 -13.52454
-12.45251 60.42629 -13.22691
-59.46471 61.51088 -13.42034
-36.077 60.56094 -13.70905
39.3756 61.65862 -14.34281
-41.72039 -23.78804 13.4427
39.49573 65.48662 -13.56015
-36.05588 62.29616 -14.24642
-12.86518 62.60145 -14.1765
-38.99514 64.12204 -13.88559
-11.83631 66.20787 -14.77702
-40.89232 66.97631 -14.78108
8.944508 14.91234 26.80826
1.131821 10.01611 31.3408
15.83424 67.2982 -14.15772
-19.6352 66.74293 -13.50411
21.47864 44.0899 24.49856
-43.73745 68.80178 -14.61471
-16.21938 71.91928 -12.9642
-23.13509 -18.08567 14.90781
57.32503 73.93245 -15.60659
45.30204 74.40429 -14.64989
48.23324 74.99876 -12.22746
11.54286 77.18285 -15.46548
-13.71879 76.65771 -14.53062
28.76839 13.3434 14.93213
-20.92162 8.519626 25.72228
9.811263 79.8604 -12.995
-21.08386 39.29717 19.90439
-9.064909 83.08964 -14.43652
-8.093418 84.61883 -14.76438
-40.49678 -15.31269 14.13694
11.82465 39.85106 -12.54283
-7.887567 4.402556 18.80622
22.83469 40.81871 20.1709
16.71306 3.544866 25.10166
1.68983 43.71721 -13.7005
4.818093 48.41257 -13.7623
-2.821836 47.1573 -13.01893
13.62895 46.00978 -13.31069
-18.59371 46.63625 -13.52724
31.85134 -53.78872 18.19449
8.932014 48.61058 -14.30973
47.40957 48.87183 -12.23209
48.88902 49.53603 -12.88315
9.422627 86.86697 8.864273
26.56535 13.25791 18.7238
1.620535 4.762897 17.53029
41.6904 51.16064 -13.18156
2.024162 53.62551 -14.6118
-11.25895 51.53894 -14.33204
-22.79879 8.600819 25.81066
2.972247 52.55164 -13.78131
3.944523 55.86832 -14.21841
12.3318 -8.288869 13.61827
-7.091207 89.95445 10.36447
59.89702 58.45564 -14.5878
-1.892867 25.36604 31.32862
9.049335 60.23607 -13.0353
-21.27546 61.88302 -13.82034
25.42138 61.48905 21.3987
38.46252 64.00436 -13.27412
-3.648067 -9.77986 53.87291
24.74449 63.22099 20.37702
23.89385 65.3085 21.56216
11.63246 -6.730749 13.63843
32.69143 -6.144925 14.40089
-42.62496 67.80684 -13.40201
13.68334 67.79621 -14.9023
16.14541 68.12819 -14.11167
40.04277 67.31074 -12.61665
-4.713465 -7.040149 57.07254
-23.22498 42.1553 25.22661
-14.26234 -4.790223 13.56986
12.77325 75.40262 -15.87832
-21.99317 43.58524 26.0467
8.79069 81.95953 -13.53613
-6.152148 84.4723 -12.43228
2.444448 84.89682 -13.75245
-9.541495 36.56802 -12.46499
-6.803644 39.17564 -13.67564
19.16137 78.05657 21.2018
17.45237 -38.82149 29.192
34.14566 -51.89873 8.14292
-16.21616 81.93999 21.64976
44.35734 49.23441 -14.33115
50.9661 49.88022 -12.91935
-43.07184 50.3756 -13.63952
-20.13715 51.26647 -13.14848
-14.59007 82.53695 21.48537
13.23045 82.00701 21.01129
0.1958282 24.45217 31.24925
-13.95361 83.33433 20.28955
1.300944 50.41876 -13.16636
-51.14537 51.82787 -13.29822
-4.520903 51.69871 -12.66626
-38.44446 5.995268 12.90964
6.268913 53.97134 -13.17996
32.8007 -53.57885 9.226052
7.919496 55.14634 -13.37242
-33.60002 57.46103 -13.50892
-13.97534 56.52194 -12.68073
-3.762521 -4.612784 36.12325
3.684546 88.54215 18.23469
-11.70932 56.19981 -13.21408
38.50339 57.03332 -11.43014
2.058639 26.53265 31.72896
3.555714 25.3507 31.74319
38.09153 61.14574 -13.43732
-18.41505 63.49035 -14.06136
28.50444 -53.69519 21.15278
-40.94967 65.12283 -13.33863
-32.93137 14.65361 13.0043
-41.47896 65.91515 -13.17027
10.18955 67.62608 -13.05152
-45.73888 68.43058 -12.14215
-46.21283 69.57774 -14.16344
41.3883 69.79156 -14.50731
2.045826 -3.286493 36.00269
22.71691 15.32771 18.13215
-14.25266 75.38423 -13.27902
-13.01762 78.60938 -13.23918
-11.45034 80.30691 -11.99567
34.98673 -49.72102 8.458
-2.684588 86.27137 -12.71345
19.65897 -47.61132 6.960961
18.8648 24.35596 14.26557
2.143363 38.94723 -12.15526
-3.76242 42.47131 -13.72749
-23.35289 -47.91525 23.17514
-20.45081 29.93954 13.34118
0.4086372 45.12053 -12.40105
-1.226648 47.45208 -11.62435
28.54585 -7.056752 18.67964
13.59288 51.92759 -12.786
13.28961 8.267316 25.77925
28.05057 -44.29181 21.84707
21.82783 39.88953 12.66976
-25.74146 -44.15637 20.93288
-46.91888 -44.95213 8.725626
-35.79784 7.679526 17.74265
-24.78134 41.75392 11.8365
-34.7654 -43.85871 21.44037
-17.12761 51.61718 -13.68942
-7.682059 52.98335 -11.58313
-27.68827 45.81849 14.29302
40.0266 53.32621 -12.82401
-8.181124 54.32876 -13.60531
-27.33067 -44.21936 22.70686
-16.53071 56.83038 -12.82249
-59.09765 59.80575 -12.75811
7.880641 28.8517 31.74198
11.91781 57.7127 -12.56015
-22.52868 58.92111 -12.435
-20.921 60.80731 -13.35661
-29.109 -45.1982 8.800649
19.40316 76.54666 9.266783
-40.50069 64.624 -12.54411
-37.88082 64.69216 -12.75349
32.1968 56.68291 14.55634
-49.25969 68.40188 -12.17033
-29.84615 57.83776 13.77239
58.39038 71.87261 -12.34171
13.53874 -35.88502 22.43502
-29.42313 61.22354 13.63754
2.415325 1.224059 37.94608
-11.51499 79.28952 -13.39692
-9.651861 81.38893 -13.97196
-37.79243 -34.69392 21.08721
-7.967049 83.58349 -12.07465
6.240771 83.58734 -13.92643
24.49485 -24.94627 27.09566
9.649576 54.38693 37.19299
4.38218 28.44895 31.48227
-27.25766 -33.66493 22.20061
-29.82104 64.10428 12.70265
27.98651 63.24452 14.44791
-26.3958 -30.88156 21.79228
14.58888 43.09381 -12.47114
-3.392009 43.21085 -13.50724
31.31097 -30.6196 23.48817
-20.63047 79.41419 12.37173
-32.01149 -41.05985 8.340477
-40.7538 48.00301 -11.28482
0.3044133 48.3406 -12.36818
-36.31654 49.22062 -12.67084
2.386648 49.18117 -12.01549
-0.3841811 29.88887 31.54426
17.32553 51.29085 -11.59686
43.9187 50.00649 -12.66207
13.64357 -30.04695 22.36767
-13.03083 12.08073 26.69101
6.993367 31.45867 31.46964
-33.52296 13.14447 18.303
-34.55563 -40.70937 8.337241
-6.446378 51.49655 -11.57473
10.19251 52.71961 -12.88062
32.32157 -28.45508 21.92838
53.58321 51.70751 -13.05839
1.107749 29.9719 31.64095
-6.730804 52.13871 -11.6735
4.919232 51.58638 -11.83052
6.836137 52.96989 -11.66395
-28.63389 -24.77672 21.96964
-6.695312 32.22404 32.18789
-55.18172 56.98344 -12.00029
23.986 15.05247 16.94016
-57.47581 58.22087 -12.88667
-18.03498 58.6036 -12.72402
13.21601 84.96007 14.67302
-2.390116 48.92393 38.66391
-19.18175 60.82181 -12.06773
-22.56442 62.09523 -12.67648
-16.83162 62.73858 -11.84046
-22.31933 63.97202 -12.5271
38.77742 65.19945 -12.57031
-15.57674 61.22249 36.30595
-38.86052 -35.50282 8.87077
-20.88799 66.52377 -13.00941
-34.34949 -52.80214 20.1043
17.3322 69.39562 -11.53145
41.49379 69.57353 -12.92723
-3.581105 48.49124 38.55191
-25.69217 -53.82386 18.16224
43.46894 72.1265 -13.41588
-15.36848 75.60167 -11.55423
35.20801 -53.38043 14.0241
-11.98752 78.79945 -12.04031
-35.07547 -20.39622 22.71031
-5.095548 85.80906 -12.27062
5.540993 36.51884 31.73653
-40.31112 -33.28324 8.865651
-36.13624 -52.69501 14.35913
23.94406 -16.24215 21.02821
0.9352911 41.54436 -11.94355
4.704123 37.3243 31.6325
-1.445528 44.90174 -12.02528
0.04321541 47.60345 -11.7175
1.043768 47.5154 -12.3187
-3.278321 49.04422 -11.92627
-37.62654 49.27858 -12.25952
-34.51203 49.68291 -12.18075
36.4936 -51.19083 14.08962
2.656793 49.9054 -12.12153
-45.43934 50.39822 -10.76449
23.14372 -4.34465 22.39576
8.666902 54.13793 -11.51284
-52.24417 54.67243 -11.32664
24.98618 -2.730811 22.49885
-9.564672 54.00104 -12.05767
-14.70329 55.58057 -11.84103
10.97621 55.73663 -11.14643
56.03246 53.91553 -11.48782
-43.73762 -44.621 13.01867
-22.47206 56.61314 -12.05236
-16.58895 -1.509568 22.10485
18.01101 -44.64841 13.9486
31.72544 -44.79028 13.30178
-20.91927 56.78332 -11.64633
-16.51639 41.20698 31.83745
-2.607812 -0.3142775 48.68008
-23.80606 57.97812 -10.83053
-33.80666 59.945 -12.25872
30.00427 -30.46244 9.319327
18.49361 23.85782 19.07154
13.11451 42.58701 31.76554
-23.69092 62.81976 -12.01871
-58.06767 61.49731 -11.82257
10.21829 60.8718 -12.05582
62.80055 62.05211 -12.9878
38.4797 63.39172 -11.61514
39.5922 64.35163 -10.70798
-38.74619 64.81369 -11.99725
17.74693 63.87639 -11.58733
-15.4291 0.6364153 22.33787
-40.77442 -42.11264 13.27711
17.03027 65.41972 -12.59308
24.26356 -41.54507 14.10507
17.72079 66.50802 -12.62078
41.64263 69.06506 -10.87662
58.25849 71.53079 -7.915926
42.94842 70.68847 -12.20828
-18.33603 69.97849 -12.67007
-2.71112 2.593926 28.01083
-17.37376 71.8964 -11.57626
13.76019 73.6318 -13.1729
55.83673 73.39501 -10.8365
12.88507 75.83552 -12.19781
-22.97127 -38.41861 13.44722
11.48317 77.94917 -11.48634
-12.34918 78.7937 -11.12747
20.53622 -38.2786 13.14998
-9.365825 81.51672 -10.89951
2.480762 84.54309 -12.19839
7.902636 35.91959 -11.13279
32.13108 -27.13205 8.208682
3.628513 37.2805 -11.80901
-0.1820746 2.627594 26.59077
-29.60056 -15.57057 18.77937
-17.189 41.09773 -12.03813
-6.245555 0.54126 35.86974
-1.968034 41.33161 -11.45784
-4.055774 52.0868 38.78602
-33.37662 5.060182 21.46401
-25.23704 63.62339 27.23068
4.900159 6.150679 22.44129
-22.11489 -34.23219 13.16537
-32.73696 6.685986 22.15482
-21.44706 48.11273 -11.83844
40.08828 48.1205 -9.090117
49.52179 50.03678 -9.171883
32.7936 -24.63409 9.096516
-3.361521 50.20965 -11.6121
15.96533 -22.43428 8.012919
-21.30664 -21.98424 6.259739
-29.37755 52.37526 -10.12051
37.63707 53.72558 -10.32735
-49.83407 52.47562 -11.55808
-8.524271 52.65669 -11.79675
17.6335 53.49537 32.35602
-30.49368 55.25456 -11.55287
-11.22801 54.34141 -11.89899
-20.86284 55.48351 -11.27699
18.60162 54.90629 30.65676
14.57316 54.93472 -11.59622
-54.12267 54.11916 -12.77519
11.81229 -27.09119 13.70651
25.25816 6.860362 23.75258
12.9421 58.00468 -11.74094
-21.8771 -21.74677 14.62686
-42.75684 -20.64274 9.195415
-21.53474 -20.35171 8.815792
-31.09815 12.28619 21.58303
11.69152 63.80408 -11.47204
-42.87192 -19.40032 6.430011
11.59894 66.97565 -11.28168
-56.65029 67.04222 -11.73882
13.94846 65.49118 -10.37418
19.43886 13.09608 22.49974
-22.72031 65.8938 -11.14039
-54.69073 68.10239 -12.24487
40.13548 66.56423 -10.07267
-52.06439 68.75814 -12.90987
-20.50707 63.28983 32.17096
16.73955 -18.48612 9.858929
19.24348 67.53478 -10.2821
-19.39758 68.32573 -11.88373
19.2877 16.13059 22.06533
-0.7633771 50.50416 38.892
-41.80554 -18.43802 12.49744
50.22597 74.90902 -11.84587
-23.88201 -16.33529 9.805833
-14.46999 76.80716 -12.20388
7.584658 81.9024 -10.76046
0.6652289 85.67059 -12.72837
-25.99084 -14.34325 13.51473
1.071335 39.02397 -10.69205
-0.640488 37.40053 -10.19315
15.71175 40.93642 -10.00711
18.24102 48.18362 -11.217
-24.75915 -12.0595 14.43003
-37.86577 47.61989 -9.755669
-22.18289 -11.38385 13.72132
-5.114949 51.19101 -11.34454
38.73866 49.8334 -9.869684
-27.48668 54.02966 -9.531614
-18.60505 -8.793888 13.06217
-18.3085 55.72203 -11.26292
-17.36367 16.99622 25.71974
-38.31207 -6.310594 13.84717
14.72655 58.52981 -11.62466
38.6158 60.63021 -10.92291
61.14475 59.01295 -10.13503
-33.22236 61.91916 -12.64608
11.26473 61.50785 -11.65035
-57.78698 63.81978 -11.52177
-41.5891 -23.06146 10.51922
19.78924 63.0345 -11.26131
62.58744 63.46241 -9.477164
32.74224 -10.89149 8.359632
13.64191 18.17894 25.66653
-34.05236 63.93551 -10.82078
-35.54342 64.39364 -10.37463
-53.51154 63.60779 -10.50912
-19.32074 71.82982 29.24188
33.88592 -4.45367 13.1526
-22.59594 66.9043 -9.994424
15.83833 71.69285 -10.92474
14.96345 72.72448 -9.844991
53.79564 73.46288 -10.59739
10.52165 79.52108 -11.03303
18.61587 33.16974 15.34711
10.67015 77.24121 31.82224
4.565735 84.30867 -11.59801
18.35092 73.4164 28.038
-14.75555 38.69493 -12.29872
-27.34721 49.21434 20.61461
1.7569 37.55461 -9.537969
-38.21307 3.417875 14.01055
11.90762 36.71411 -10.49596
23.74635 52.61572 22.61317
18.32236 43.59821 -9.61986
-19.74513 34.22141 17.23755
-20.81861 32.74067 17.50937
-34.82614 48.02622 -9.85648
-4.950736 5.396034 15.63735
46.55145 49.72595 -10.80257
-22.67297 52.57082 -10.52203
-15.29611 -3.529236 10.27928
17.62434 53.71854 -10.71913
35.30925 -2.530648 8.161652
-28.75511 62.26118 22.06889
-36.69399 8.876211 14.37307
31.01208 11.14091 13.74694
13.14683 56.87275 -10.53975
24.21433 68.21945 21.68366
-10.79452 67.98471 35.76046
-29.80333 61.51897 -9.663502
-25.03819 68.60595 22.76964
9.023525 67.19236 36.70658
-31.40286 16.48234 13.11341
20.56125 65.00936 -9.935994
-24.90705 64.59614 -9.923673
-39.47068 66.17239 -10.46312
34.53369 2.422272 9.447392
22.15636 18.34195 11.99917
-41.20761 65.72808 -11.22907
-43.4216 66.69281 -11.39454
-47.30356 67.15312 -10.33447
17.27536 -52.12918 32.03302
20.48355 76.56415 20.66208
47.42634 73.36096 -10.26804
51.02346 73.4522 -9.640372
13.65167 75.35634 -10.50569
51.75123 74.78213 -10.83002
-14.77092 75.63174 -9.785059
-13.92146 77.46394 -10.81712
8.763834 80.41052 -10.05071
18.74876 25.77822 13.73754
6.368072 2.773222 9.421708
3.29767 36.17048 -8.804389
-4.13241 37.84816 -11.24667
19.31851 29.65255 13.19675
-8.351687 4.244354 8.800838
-20.23915 42.75282 -10.54984
-3.838579 -1.229508 32.73058
18.15872 6.020412 25.03415
17.68297 71.29987 28.60923
-6.17249 0.6875772 34.16008
50.75483 50.6456 -10.45032
53.08445 51.29746 -10.13935
-23.33752 54.61323 -11.06837
-3.990253 5.897428 10.3939
2.848764 7.019506 30.82818
-51.10574 55.0935 -9.787545
16.14383 54.10255 -10.8672
-16.04635 76.40064 28.47159
24.10908 45.83542 14.29141
-53.77983 56.89773 -10.96717
17.64008 58.7036 -10.23556
-4.030513 8.685584 31.88118
-31.67709 60.55369 -10.6534
19.5484 -44.38682 29.14454
-0.2804162 6.242099 9.875024
26.5837 48.23764 14.10225
-54.67437 60.60829 -10.91295
13.71949 63.6112 -9.605454
-32.10569 63.82987 -9.598581
31.27983 52.12564 14.56306
0.9161326 87.21295 22.92643
-35.10759 65.2602 -8.991158
12.96536 65.00899 -10.2559
13.96391 64.87543 -9.975201
-50.71352 66.73884 -10.34534
-35.39925 -53.10006 22.18681
45.37021 72.71057 -11.01414
-29.28689 54.56055 13.422
29.61116 -44.55474 19.36846
1.148868 -4.570347 42.81531
-1.151776 36.4538 -9.97052
10.1753 33.81547 -8.422896
-11.66449 34.26866 -9.470621
-15.73687 36.84539 -9.499317
-17.14474 38.33852 -8.687227
-23.09902 46.85426 -8.931198
29.14387 62.71442 13.47377
-30.9092 48.5802 -9.300928
47.35595 49.81314 -7.6788
48.12766 50.61705 -8.880956
-30.36677 63.81743 14.33981
-47.00526 50.53812 -7.865477
-23.8896 51.07653 -8.998524
23.93018 16.99622 8.906264
-0.09444386 26.54348 32.62623
-29.10738 65.8737 13.82332
-27.4717 70.91348 13.86816
25.56974 68.619 13.57295
-10.79085 81.96147 27.85769
-52.98403 59.62805 -9.87701
-8.223923 69.36269 36.22051
19.90266 60.55217 -10.32162
15.52363 62.23469 -9.842622
-28.80094 60.88353 -8.946968
38.57643 60.5964 -9.587424
-24.19851 75.23932 13.89536
39.15307 63.29075 -9.921112
-3.9962 28.30442 31.81453
-43.15239 65.75424 -10.06916
21.67902 76.46352 15.94641
19.73792 9.30932 25.03252
17.26577 70.3642 -7.922872
29.09163 -41.14983 22.33987
-19.12689 70.2093 -10.42672
-34.68871 -41.46272 21.83656
-0.04942466 28.20771 32.34246
17.02078 24.28277 7.920039
45.57126 71.32101 -9.407137
-26.83414 46.07888 19.0188
-18.00131 81.39085 14.6272
22.55575 7.584891 24.8155
-18.20946 82.6919 13.26259
2.173659 29.74797 33.04699
-42.82107 -53.16377 -9.673781
1.963459 35.2362 -9.565388
-26.32198 -38.93285 21.88073
-35.50997 -37.72157 22.26242
9.282409 87.27584 14.34164
16.70461 39.24461 -7.81945
30.50526 -36.38565 23.56769
-40.09844 48.2857 -8.749474
-27.77721 -36.48245 22.68885
40.52711 47.50434 -7.478166
37.04504 49.64892 -9.038987
35.19372 51.65842 -9.157716
-35.92149 -35.06035 22.20199
-43.14441 -53.63078 14.81212
-24.96189 55.5407 -9.778052
-27.38277 56.34144 -9.260763
37.70366 59.76789 -9.570739
19.61705 59.0359 -9.523653
18.07842 -53.38887 14.30079
-29.71396 63.06845 -8.44898
15.75765 63.24238 -9.689126
-36.60134 -31.22722 22.13401
2.261446 32.3498 31.85259
-26.45466 45.28527 16.71994
-32.4485 64.7112 -7.792826
60.26531 68.74592 -11.26049
5.465706 71.2338 36.73275
-35.79235 -28.88644 22.58444
10.15031 79.36663 -9.147555
2.308233 3.422229 27.02611
1.387862 31.07642 -9.370152
-27.43536 -27.76176 22.20175
-6.380406 30.97789 -8.454111
-2.773741 30.81146 -9.402372
35.12451 -49.96201 16.17211
5.129442 32.14533 -8.18298
-9.873813 32.77672 -5.479367
-8.08072 34.99354 -9.814927
-2.784482 35.35877 -9.514528
-5.066577 36.37417 -8.387909
14.72411 -26.47902 23.48626
30.03192 45.43713 8.517858
-3.27219 37.73801 -9.439072
-19.00746 39.4153 -8.9181
-23.01662 42.06852 -5.262771
-33.37903 47.24632 -7.928526
-45.28818 48.00081 -8.57494
3.800804 33.95364 32.17676
-43.93753 48.54307 -11.09276
-23.99901 48.52925 -8.071316
37.53293 47.64651 -9.048847
19.29993 48.56466 -10.30215
-28.79863 54.5359 17.42183
16.17527 -45.1047 16.15807
4.86358 81.95959 29.55863
-30.21101 50.50183 -9.164179
-24.09438 52.43531 -9.562216
-32.33396 -21.09305 22.22414
-36.40782 -22.8943 22.28515
1.790345 35.20421 32.41883
-25.80301 51.7229 -8.679337
15.68277 -22.44033 22.06207
28.39406 -43.8664 14.92491
59.23262 56.22727 -10.64467
15.28682 57.32925 -10.25393
-14.27381 56.57387 37.28352
18.15033 57.13883 -7.99937
-11.27499 24.30924 30.47563
21.44006 58.93266 -9.703236
-28.338 58.50335 -9.06343
-25.25316 59.17984 -9.820339
-49.91839 60.96577 -7.763673
39.2271 62.22194 -9.026636
8.293404 35.97147 32.06113
25.11871 55.4464 18.01077
39.36829 63.65058 -8.023686
-26.21638 61.86934 -8.822508
-39.91226 -39.50894 13.94494
40.23473 65.17303 -8.674363
-40.64341 66.41644 -7.899075
-37.78385 66.07159 -8.495235
-23.5929 -40.60122 14.34409
61.22654 66.81989 -8.627802
-36.71001 52.80441 9.507064
-22.27778 69.11969 -8.60451
44.11076 70.05461 -8.585681
-17.99338 71.55749 -9.410012
26.69261 50.79358 16.22032
11.90408 76.30839 -10.04543
12.05829 77.32374 -9.071048
-11.10316 80.62006 -10.00668
-8.757167 37.52607 31.80685
6.167476 83.18691 -8.497547
0.4632751 85.9464 -8.822949
-3.743572 86.352 -9.035565
-1.620486 86.35537 -9.120383
-40.75537 -50.80708 -7.844993
1.080523 28.54155 -8.434537
23.94374 -18.84363 24.11929
4.650274 30.06293 -8.271925
21.50983 -17.36128 22.48271
14.06881 34.62547 -6.609143
-13.77537 40.50251 32.1969
-20.13135 41.00913 -8.070447
-29.67552 62.34049 18.85341
-0.02982199 54.56142 38.78399
16.71355 -4.127045 22.04996
38.49435 46.46146 -7.601455
-37.26194 47.10849 -8.034941
-43.16418 47.96258 -7.49728
44.91759 48.62067 -6.001997
-21.47004 -31.39938 14.54463
13.02932 37.94568 26.96585
-0.2048682 -5.401248 49.28272
35.60886 55.34293 -8.948899
34.87985 58.80132 -8.392849
31.86909 -28.4947 13.95018
-21.87865 -28.0156 15.12759
-20.41185 -2.570074 22.55015
-10.67522 87.87808 11.00525
-26.36747 64.07791 -7.524524
-45.15411 65.13782 -7.891996
-41.63626 -26.52577 13.91116
13.95438 44.25488 32.27517
36.9352 61.47367 8.875608
41.75783 67.04789 -7.95405
32.19773 -26.14262 13.10098
-41.98516 -24.42463 14.74161
-28.974 63.26776 17.89048
54.47936 71.16058 -8.139917
49.01213 72.7088 -8.926767
13.60653 -21.85669 14.37125
-16.46451 74.20683 -9.328868
-4.267615 75.0558 35.80533
-28.91305 52.89333 16.37014
8.153513 81.6046 -7.71166
32.56409 -22.49766 13.41244
34.93615 62.15522 9.953662
-7.095944 84.90069 -8.87203
-5.616957 85.69322 -9.088583
32.3741 -20.06354 13.5823
2.657065 84.94128 -8.331612
-32.37416 1.674331 22.29545
-41.17183 -52.9756 -8.096784
-5.726338 28.78754 -8.040525
12.18182 2.785774 22.64285
-11.27148 4.722284 22.27137
-39.10866 -14.05568 14.94665
43.59569 48.35115 -8.741149
-47.83314 51.76899 -6.725926
21.85474 -53.24191 28.95208
51.97813 51.82906 -7.482215
54.1014 53.97525 -6.360003
-29.26297 69.92934 8.393829
55.38912 53.65205 -10.44436
56.76638 54.29409 -8.838036
-50.96496 57.70841 -8.698127
22.1265 56.08221 -7.487915
22.47762 -49.95504 29.13438
27.11197 6.46443 22.01154
58.77496 56.76095 -6.807816
-6.118787 -2.621005 50.20057
27.70373 56.92681 16.45125
-30.93261 63.97967 -7.625059
-36.4618 -8.325587 14.59557
-44.11774 66.30455 -6.792048
-40.04208 66.2105 -6.642117
-18.06121 -7.442778 13.29923
-8.771452 7.842118 22.56967
6.362939 56.30417 38.78166
51.0635 72.14009 -8.309048
-30.48237 9.001837 23.58297
23.13013 72.16451 17.33723
-15.24681 77.1016 -6.888152
27.81312 10.0161 21.13749
-22.39427 77.20185 9.520104
-9.364995 85.87651 -7.783126
-7.464764 87.37072 -8.668491
-4.548064 87.8439 -8.13191
2.324327 87.61963 -8.257136
-10.2291 -0.1714045 15.1009
-6.880553 34.9967 -7.466371
26.92011 -22.98613 26.23311
35.77762 47.55625 -8.213232
-38.21617 47.41294 -6.197888
-18.77658 65.9623 31.99435
-25.68706 48.89098 -7.377215
-22.82165 15.80641 23.87304
32.08242 52.2615 -8.065937
-17.14567 83.57027 9.89164
0.2615336 6.260521 12.39165
19.28419 56.99542 -7.996055
-20.12082 20.24238 23.04383
36.35063 57.68034 -8.670199
16.60831 21.82314 22.7136
-16.52021 75.66464 27.7826
35.14018 59.63912 -7.998605
-48.41602 64.20019 -8.244036
-20.6485 23.72372 22.09017
15.80119 23.05277 22.2079
-11.45664 87.98436 8.888266
-34.13033 65.76026 -7.201001
-36.69111 65.89451 -6.957842
20.7362 66.85564 -7.284739
-35.94065 10.80219 14.87847
-33.23843 13.64896 16.2308
-5.416544 -0.3940292 43.35037
-19.371 71.72676 -7.082913
14.89865 72.71991 -7.276484
12.73707 75.55707 -7.384896
-32.20981 15.73873 15.7915
-9.394064 82.84397 -8.238736
4.239256 84.57159 -8.267055
-30.59272 16.69599 16.48363
4.232001 87.87742 -6.983986
-3.135786 90.66867 10.18089
-5.984588 89.31499 -7.558303
0.09535677 89.11781 -7.732606
11.50985 73.98028 33.04245
-43.95024 -53.45713 -8.668822
-42.79183 -53.87835 -8.893258
-43.25522 -51.84472 -9.232097
-30.08121 60.82552 16.23954
5.750177 28.95009 -7.078473
-8.330877 33.87704 -6.953009
5.855197 34.29729 -7.503814
-17.4987 36.5148 -6.483202
30.9545 -53.81516 9.52108
-7.663463 8.637616 25.63368
-10.79393 56.98263 38.18986
36.27755 -53.69555 8.456988
22.68964 52.13219 27.18849
-23.47506 44.14785 23.38119
-27.23549 50.52298 -8.032884
18.37566 35.0731 13.98572
22.70132 -40.49791 28.91482
31.90708 55.60865 -7.556391
20.75168 55.92172 -7.898919
-5.430046 -4.559333 55.39217
-49.65858 58.85461 -6.743783
32.84837 57.66129 -7.029903
7.231376 77.97228 32.91411
-27.54083 62.26748 -8.01379
24.14192 53.92264 21.04478
4.669519 80.23085 31.78734
-25.59343 65.58704 -7.916163
-27.75406 55.57594 22.20552
-25.35997 67.74737 -6.83956
-2.80546 -6.435007 48.6391
4.615711 77.84198 33.74068
-22.90999 68.33183 -8.345175
45.79702 69.69744 -7.018486
-12.81408 78.74701 -7.662143
10.15298 80.06285 -7.107649
6.993021 83.35321 -7.526576
-11.3979 84.72351 -7.951947
-8.716838 88.39911 -6.669283
-4.408325 89.39881 -6.784267
2.294627 89.58347 -7.146468
-41.58778 -49.78935 -6.885219
-0.8168562 27.41619 -7.023799
-8.509711 29.6935 -7.167237
-49.97183 -52.65151 9.879192
-8.934361 32.08713 -6.328753
-29.86232 56.31694 13.59732
28.93404 59.41264 14.74621
-27.50544 48.21132 -5.881636
-50.10779 -48.57878 9.243268
21.73783 50.72621 -6.637077
50.61421 51.10462 -6.98429
-2.873558 -10.61004 56.45288
2.785961 4.139411 34.23125
11.07898 83.29539 21.96668
24.68463 56.09754 -6.469337
26.74746 65.03198 14.8716
36.84899 -48.70686 8.695431
23.01503 57.55744 -6.896238
31.21068 59.21125 -7.005878
-5.352178 6.382369 31.48685
21.68503 61.45692 -9.583296
36.79127 61.4804 -4.899551
-25.7776 59.14405 25.89597
-29.16223 62.21394 17.1574
39.33488 62.28615 -6.837596
58.5937 62.94883 -5.028319
2.176215 6.408633 33.19845
5.422298 86.33299 21.74209
19.69971 68.40147 -6.913039
52.40516 71.36399 -7.92414
57.97401 69.04141 -5.129458
-13.71116 81.90035 -7.053243
-13.6771 78.18656 -7.377393
19.32235 79.1293 15.53137
-11.09145 81.17303 -7.705568
17.2577 80.19684 14.36488
-13.21604 83.65657 -7.279279
7.88713 84.92052 -7.296259
-29.2138 -47.61516 8.691665
-10.72604 86.42271 -7.040186
-24.842 -53.84983 21.25757
5.622447 87.5886 -7.457503
-2.291576 89.61626 -7.911733
-5.225363 27.6375 -6.578194
-25.80302 62.54635 25.92008
27.38656 -52.67388 23.10762
8.273883 32.75858 -5.56664
11.4797 32.90826 -6.317697
-14.22706 86.47288 13.80911
-13.04247 33.05838 -5.885287
27.787 -36.18131 27.33768
12.45082 -50.51247 23.34632
-31.08144 -43.69526 8.683408
-22.92582 -52.21166 23.24031
-6.050996 -4.370661 48.27515
-40.38068 47.44907 -5.406571
29.69467 47.45181 -5.840423
32.56551 47.35953 -7.329611
17.11518 -35.52352 28.12194
-42.48804 48.74951 -4.970953
-46.57181 48.78776 -7.082146
32.61989 48.97841 -6.846935
27.94093 -50.35746 23.24306
1.866738 89.39193 15.49047
4.288672 29.9278 32.69995
24.73186 52.04523 -6.423876
29.16976 -45.87894 21.9155
-45.79344 -53.18068 14.34032
26.57089 56.31141 -6.506438
-39.52003 -53.05003 15.42144
25.45651 -44.65033 8.625509
27.34226 -44.12634 8.847678
31.59635 60.44287 -6.273278
15.74742 -53.01307 17.74905
-34.22293 65.78598 -5.313512
4.079791 32.29293 33.35323
10.47585 28.87247 30.39884
-22.1447 70.84374 -5.508344
16.52243 71.02683 -6.347834
-16.44579 76.21804 -6.313058
-16.76711 78.79507 -6.423395
-24.79879 -50.00258 15.38055
-15.46901 82.29376 -5.77202
12.52503 81.82147 -6.397898
-28.83549 -40.45999 22.67323
26.66615 -31.96026 27.79648
-9.565916 87.12263 -6.319883
-51.37449 -53.65959 -6.396746
-51.82585 -52.98152 -6.444661
28.09928 -50.69035 -5.979678
-43.5463 -52.24351 -5.592876
6.831775 33.45263 33.36796
-0.5522066 21.237 -6.240972
22.55281 66.39892 25.38634
1.876204 24.0169 -6.605975
-3.932759 24.56412 -6.325491
2.972525 27.37704 -6.601948
-29.36671 -38.3642 23.1619
-9.199599 29.0363 -4.892411
0.06502479 -4.779264 38.25435
34.14295 -47.31242 15.27064
-24.26431 46.7167 -5.686807
-35.79957 46.42291 -6.333625
35.45725 46.50424 -6.908151
25.60149 65.62437 16.99611
40.49939 46.01817 -3.840519
29.55185 48.84493 -5.476367
-24.97972 -44.01142 15.64371
48.69603 51.11928 -6.580116
19.10701 -43.59968 14.5969
-37.23413 -40.36243 9.553728
27.25949 52.04639 -5.984199
52.39083 53.4489 -6.606936
27.78179 55.00269 -6.21619
-33.09133 -34.95541 23.09492
29.30858 57.97715 -5.430028
28.06446 59.42309 -5.470166
-47.51142 61.58282 -5.265256
0.1248954 -2.674969 49.01053
-25.31585 -38.23753 9.68874
21.20522 -42.01628 14.4082
-29.01166 64.67396 -5.101972
40.53264 64.94469 -7.040921
-12.2162 58.01179 36.77444
-38.92462 66.47316 -5.316346
23.00814 65.24228 -5.497361
-33.71969 -32.08686 23.12018
6.080458 35.51185 33.67513
47.90435 70.30508 -6.78167
26.85369 -39.52235 14.4274
11.28961 79.21509 -6.460255
-13.79555 83.30545 -5.459361
10.17303 84.58435 -6.73927
28.89437 -38.5265 14.67151
-8.365261 35.16485 33.21588
25.38458 -34.15053 9.793979
0.9730024 89.69493 -4.821383
26.85288 -37.69018 13.22079
-40.68434 -53.25676 -5.544826
27.4488 -52.89419 -6.274261
-11.65007 59.75381 36.84779
-39.49347 -48.34015 -3.683735
-1.312604 19.44314 -5.674505
-29.12735 -31.09288 22.74877
1.593229 19.79858 -5.785059
0.7126331 22.97455 -5.843093
5.240375 27.67804 -5.575651
-22.24131 -36.01776 14.64689
-8.212666 28.03331 -5.407477
14.60896 -37.29037 16.20591
32.7212 46.03977 -5.005974
38.924 45.8289 -5.206765
2.753956 36.6598 32.13963
3.881705 40.73854 33.57476
13.21138 -33.16132 15.4336
-29.36293 48.49306 -7.691104
-0.3888003 58.49353 38.37193
34.48879 -53.39188 17.02086
19.80235 -27.83638 27.64719
31.95894 -25.38462 22.35064
25.08348 60.08779 -5.423892
-27.70915 64.63231 -5.343123
58.47818 67.10508 -4.801549
43.0317 66.70137 -5.728339
-30.66757 -25.15246 22.9554
-32.9557 -25.38247 22.84559
-25.78172 69.32278 -3.489097
-22.39986 -21.94155 16.17985
21.10156 -26.83331 27.37088
6.137589 40.93196 32.54243
-21.50339 13.15381 24.72409
-27.28217 71.70323 15.76138
-41.73173 -20.11178 15.12887
-18.18469 78.01929 -5.503125
13.59511 40.81761 31.53257
12.19341 76.74961 -6.484839
-34.54556 -25.02325 22.98691
13.51684 81.82281 -4.852831
9.731403 41.44056 33.48402
-11.36452 86.62465 -5.599093
4.455805 88.57233 -4.753565
-49.25071 -52.91262 -5.141689
-38.85861 -51.93205 -5.454928
-42.38087 -50.53019 -5.46851
-50.47906 -50.49559 -5.313732
-17.6741 43.11774 32.13239
31.34318 -17.54207 14.82332
3.979976 19.45674 -4.506458
-17.1176 44.4 31.96429
5.018044 23.11068 -4.815401
-7.744449 24.26051 -5.41614
-3.432961 0.7956548 44.61701
32.10685 -15.4029 12.92928
8.566674 29.87121 -5.434696
13.16812 32.80028 -4.375611
29.02449 -18.80947 22.93995
-19.40533 37.57801 -3.999085
19.51339 -17.85971 21.65751
-26.97155 -14.52026 15.35347
20.39946 41.88148 -5.391907
20.63189 43.79675 -6.717892
23.10565 -29.70904 28.67449
24.73628 71.31131 15.99141
26.46637 -17.40283 22.05204
-25.93584 47.00158 -4.246555
22.08336 46.1217 -4.037021
23.86826 49.26171 -5.822563
45.97095 49.35783 -4.120629
-48.73818 55.43274 -4.896201
-18.98896 51.0469 32.90803
-20.47938 -23.96716 8.559314
15.64552 49.44965 32.84354
-23.76944 -2.87626 23.19821
24.0401 63.28215 -4.60065
-21.2636 -10.28898 14.28517
-28.29138 66.25898 -3.330407
-42.21096 66.05668 -5.146402
-36.43237 66.44624 -4.512423
-37.6287 66.23479 -5.067461
44.82262 67.2968 -5.250771
-26.78112 68.20422 -3.019045
49.6243 69.02536 -5.564837
-19.12423 -8.081176 15.16219
52.62347 68.79831 -6.170412
14.42132 75.01307 -5.266092
13.43619 75.71791 -5.468771
-20.51551 75.66197 -5.186204
15.61649 77.2757 -4.829544
14.95367 79.08664 -5.733423
12.77387 -6.771761 15.3576
11.0793 84.65777 -4.533983
-10.62635 85.91155 -3.846506
-8.146022 88.75204 -5.335471
-38.35785 -4.153959 14.10127
-2.355578 90.0838 -5.078142
-52.33222 -53.41765 -4.954934
-51.72637 -51.03443 -4.681372
-48.79129 -51.44141 -5.105901
-42.47263 -51.68401 -2.170452
28.60092 -51.06691 -3.829212
24.94569 -51.50374 -2.6597
16.72595 -9.167006 18.8414
-2.187531 17.89826 -4.66166
17.37203 55.6101 32.26075
32.31473 -53.24367 18.64779
17.65998 57.13727 32.99029
-30.32484 0.7738533 23.06485
-22.33493 -17.64132 9.258014
-42.46073 -18.84396 9.541964
9.557336 31.97507 -4.130987
13.90596 0.286429 22.837
-16.8466 34.7002 -4.152418
-21.28467 59.06547 32.66398
-38.86755 -0.7149074 13.81825
18.37952 38.90459 -4.827052
-21.14901 39.45502 -4.501654
27.92941 1.415039 21.40805
-32.38528 46.24073 -4.821557
-49.02514 52.5195 -3.287612
50.90723 53.11335 -4.923248
18.27958 59.09436 32.4785
41.97308 65.40204 -6.720742
-46.20215 65.03879 -4.317006
32.02881 6.228237 15.60456
-31.93354 65.74434 -5.181012
22.05573 67.37283 -4.483002
-37.71391 5.659778 14.75516
-31.17491 4.159831 22.69718
-23.35733 70.17608 -4.883993
-21.08452 72.06954 -4.477094
-1.131543 -4.793741 53.77454
-38.32382 -49.87082 20.03296
16.39337 78.93184 -3.670074
9.532429 85.52151 -5.781866
-8.914854 87.36896 -4.541377
17.62226 65.8997 32.09398
-6.718402 88.61335 -4.014418
-4.978128 89.59129 -5.593676
-39.28496 -49.61849 -5.525881
-0.9059102 16.04472 -4.80327
-3.785124 16.07754 -4.551364
-6.046 18.08022 -3.51758
-0.5573939 18.11799 -4.710332
-6.846336 19.68074 -4.305524
-6.38521 20.88754 -4.969585
-16.55502 70.79712 32.2302
-6.650628 22.6171 -4.669101
6.039661 25.61321 -4.822087
8.71464 28.36138 -2.962027
20.33779 21.68555 15.26424
0.5322371 -4.798124 44.30063
18.85049 40.34981 -5.242347
31.10211 46.08247 -5.246613
-36.26994 46.21854 -2.811352
-23.72347 -46.33843 19.35464
26.12239 47.40821 -3.881574
18.12856 28.24718 14.65436
-41.05955 -47.16135 17.20145
56.3143 57.21005 -4.423841
-49.10148 58.44376 -2.030542
57.11411 59.03827 -4.266055
35.06148 -4.580612 8.174879
49.44388 65.69928 -3.431007
-2.216909 0.8351519 44.98529
55.74963 70.40298 -5.817071
18.32654 69.90142 -3.634845
-9.563426 75.98773 32.82631
-26.84005 42.65413 15.53204
16.79532 76.35871 -4.690607
-17.68075 78.89383 -4.475211
-17.44215 79.71945 -4.948976
-13.87044 82.75242 -3.96037
8.557258 86.93074 -5.786626
6.376079 88.16948 -4.659534
-0.4863024 15.1847 29.7884
-5.168639 -4.991327 41.30666
-48.54453 -53.58598 -2.299152
-42.23705 -52.59168 -2.361285
29.16988 -52.55936 -5.00289
28.69521 50.30902 14.22279
-4.260828 85.10799 25.67814
4.135357 21.93976 -4.226513
-9.180024 60.69829 38.39871
-29.26651 56.00712 15.4526
34.24542 54.11155 13.50442
-29.51515 59.28812 14.61779
-37.61943 46.86492 -4.590222
49.06514 54.33039 -3.624482
-8.628587 12.08283 28.22446
34.36248 62.34161 -3.812351
-30.52138 62.35842 14.94727
-40.08307 -45.71327 18.459
43.38061 65.9774 -4.766254
-39.07916 65.75989 -3.579419
52.27262 66.51188 -3.055366
19.67123 69.12202 -3.576924
16.29621 72.70845 -3.908868
23.88521 72.17096 14.05992
0.6247297 -2.032688 32.72776
-17.99847 78.44811 -2.98771
13.93262 81.09376 -4.694342
22.764 74.75674 14.6694
-38.57742 -52.80277 -4.011605
-46.50735 -51.45699 -3.192381
-41.02233 -48.85629 -4.918857
-3.951398 13.77943 -3.432668
-19.85148 79.3593 14.24657
0.01041275 14.16382 -3.488647
-1.026218 48.0252 35.3751
24.56821 54.02849 22.925
-28.25364 54.07355 21.80755
-17.14402 82.28314 14.93297
-1.878615 9.06795 32.97075
-11.85865 32.36154 -4.108133
25.25642 58.09756 22.6764
-18.7999 36.20407 -2.965923
32.16385 9.039655 10.68086
-23.02429 41.91662 -2.865762
24.28046 64.61009 23.36285
36.15374 45.45724 -4.252707
29.25798 46.17563 -4.125138
27.64977 45.82733 -1.81525
-28.01121 47.26494 -3.45343
-11.47153 86.72056 15.15742
-43.58965 49.52613 -2.92047
-0.9475708 -5.697479 43.91122
-7.36249 64.60281 38.42329
53.17837 57.71169 -2.54229
27.45166 61.79053 -4.120579
29.18995 61.17368 -4.745038
41.3462 63.93974 -4.166627
-33.96087 66.26072 -3.239481
46.73135 67.1904 -3.800484
-1.799417 29.48129 33.258
54.47495 69.26083 -5.452558
21.54705 68.91856 -0.09969774
-22.19831 74.4241 -4.197334
17.92325 75.99538 -3.950282
-21.11021 76.40141 -3.244513
16.78785 77.61316 -3.341107
-42.08231 -52.97193 16.36845
12.57563 -52.41291 25.95235
-28.7214 -53.1186 17.52088
-11.9652 85.96822 -2.967216
8.45408 86.0869 -3.128334
-5.611852 89.25328 -2.589282
-4.128271 88.53709 -3.720867
-1.696103 88.9868 -3.632284
36.01247 -54.11194 -3.272878
-41.4453 -53.40277 -4.248666
-26.4403 -53.51306 15.32584
26.25929 -50.13681 -4.131742
-10.40678 58.6973 37.40815
-2.911857 11.55339 -3.561579
-0.1681369 11.78351 -3.57081
6.123965 63.73384 38.41752
-6.134429 14.17848 -2.234187
-25.93123 17.19049 8.513723
-6.462855 15.76539 -3.49837
7.029632 85.64416 23.30213
-44.34025 -51.21952 15.51556
6.956622 27.7513 -3.038929
-43.46972 -47.89125 15.49912
14.39849 33.41776 -3.680571
4.352896 86.24907 23.87017
-20.73257 38.39267 -2.523452
16.6736 37.87269 -5.77265
22.65024 44.37348 -0.7647144
31.26283 45.4329 -2.694519
16.76241 -47.64553 14.95477
-34.72952 45.63666 -2.112028
-2.818903 46.95399 35.29471
-24.78676 49.31269 24.75768
42.23602 47.46233 -2.931271
-38.62764 47.00514 -1.942198
-47.51927 49.77509 -4.643724
20.02261 22.807 9.498291
51.64044 55.77619 -3.896281
-29.12742 -53.78072 24.01138
32.53401 62.92586 -3.087022
-44.15338 65.22481 -3.583434
41.88408 63.7796 -2.104636
45.87021 65.07657 -2.759321
-39.03952 65.78732 -2.534168
56.61073 67.44493 -3.438622
-24.39743 70.72759 -2.561026
-20.5192 26.96217 7.768081
-23.16147 71.12111 -3.01832
18.57612 71.00761 -2.206829
-24.31012 73.29244 -3.102923
19.11153 73.29096 -3.14143
-40.43682 -42.97751 15.80537
-16.79102 80.35639 -2.26895
12.70728 82.37219 -2.899953
10.91908 83.89473 -2.784125
-9.331806 88.38889 -2.802942
-2.067544 33.04758 32.40027
2.330561 88.5918 -3.109694
-51.62536 -53.42852 -3.430668
15.887 -40.19917 16.69902
-44.56253 -52.16167 -0.7273608
27.80245 -46.71056 24.11999
19.52463 -41.11016 14.9787
27.39954 -41.61243 16.16165
-49.39925 -48.73562 -3.403645
-37.22957 -9.119522 -3.275724
-39.32411 -5.608673 -1.957627
-18.77692 20.94667 24.70467
26.22092 -5.509431 -2.553065
25.41737 -45.84421 26.83117
-34.17816 -3.933686 -2.525372
-29.83484 -5.072102 -2.204351
19.31178 36.00558 8.463581
25.58027 -2.244624 -2.774671
28.61986 -2.853399 -2.162254
-32.93892 -2.159165 -2.207951
-33.30524 -0.6675395 -2.552223
16.5791 -37.31387 13.60743
0.2548388 48.56938 35.59509
-29.53254 1.201039 -2.394242
-1.363397 9.949601 -1.818316
3.168089 15.1504 -3.129687
3.020221 17.38505 -3.307472
28.65207 -36.70797 14.12491
-7.622235 22.05063 -2.782129
-8.293761 23.72889 -2.821721
6.940184 27.05304 -2.580236
-10.98432 24.69361 -1.980824
-3.847636 36.6809 32.71857
-8.971147 28.15345 -3.562166
20.48757 38.27508 10.08968
0.1357034 37.16499 32.64322
11.35572 31.76796 -2.451821
-22.44474 -31.50018 16.97207
30.42302 -33.97805 14.48581
14.05167 33.02557 -0.9886639
-17.50272 35.5398 -1.862209
-29.72898 -43.83524 23.16285
32.07463 -48.35725 18.10503
-20.53927 36.09984 -1.626739
-32.13093 -39.7008 22.56126
14.85877 -40.73654 23.92723
32.26734 44.65912 -1.73884
-31.94427 45.81086 -1.317885
12.13549 -29.66583 15.47418
-29.87819 46.22931 -3.40336
-40.45833 48.22616 -1.56443
-42.0139 48.42577 -2.824517
47.79953 51.55192 -4.029433
51.06715 57.62079 -2.958251
55.24093 65.32039 -2.110878
13.81045 -36.42518 24.36109
-42.54401 65.06617 -2.991939
25.87048 45.99388 10.40211
-32.09873 -38.04792 23.30231
-31.58652 -36.06943 22.86967
-0.9068142 -6.999822 51.24524
33.27564 46.90759 10.28917
4.092069 87.66339 -3.136147
-50.17018 -51.60277 -0.05421227
-35.98005 -51.11508 -1.30696
-30.17193 -34.07537 23.18913
36.18327 -51.58013 -2.59176
-49.77607 -48.72169 -1.958207
-47.65125 -49.23425 -3.280146
-39.47687 -48.09369 -0.6588885
-37.62981 -12.48862 -2.492577
-40.91548 -12.08166 -1.60888
-31.69284 -33.50407 23.09609
23.95133 -9.181875 -1.957737
27.624 -9.116244 -1.825036
-34.25816 -6.533992 -1.936672
-33.18578 -5.793043 -2.445571
-30.4974 -8.113399 -1.714065
1.408877 53.7769 39.15858
29.09421 -6.446584 -2.233501
-27.44464 -3.372619 -2.157097
-30.21914 -2.98567 -2.432437
21.72082 -3.297905 -2.53541
-35.50725 -0.346609 -2.092921
-25.71003 -0.37439 -2.151059
-27.3927 -0.5229687 -2.068263
21.50582 -1.698059 -2.326564
26.07081 -0.4905162 -2.448675
24.50461 0.9139972 -2.640698
37.08076 48.37633 9.513828
19.23456 0.5982241 -1.991457
-30.57455 -0.8517324 -2.650312
-32.7963 1.576103 -2.257463
-34.16188 50.12544 9.320587
-26.52213 4.021252 -2.136005
-5.954428 11.55098 -2.571949
20.8057 68.37031 27.66974
-32.32636 -30.52659 23.02433
38.21456 49.37194 8.078566
-7.2605 18.53062 -2.271403
5.561655 22.39569 -2.561292
-14.82244 31.91943 -1.394853
-36.42196 55.1404 10.08636
17.47727 35.81208 -1.469586
19.37137 38.50175 -1.13791
37.9997 45.46293 -0.1910052
41.86203 45.7632 -0.8446561
13.89071 -10.32781 14.49238
-30.54291 -27.6735 22.9686
9.346418 10.91677 26.89436
-33.22067 -28.42449 23.21302
-22.58676 -10.18251 14.95031
-49.17806 55.11637 -2.470397
-19.53419 -9.838165 14.28647
48.42959 56.94157 -1.873088
50.42808 58.48163 -2.706792
44.06723 64.51149 -3.630849
48.03401 64.27013 -2.676279
-44.31893 61.83172 -0.4222645
-23.85506 -34.18276 19.26857
24.99639 64.5569 -3.100509
-36.45055 66.09345 -2.56379
-30.17516 65.71589 -2.948333
-17.73728 46.16988 32.80548
20.51755 72.48308 -2.096595
-25.53598 73.50263 -1.366666
-36.81745 -5.588078 15.14015
-15.17118 80.99144 -3.166328
9.552572 -2.914613 14.17888
-2.030043 89.66223 -2.737249
-7.286482 88.56241 17.61148
27.63255 -52.45167 -1.725215
34.26797 -51.07071 -2.078035
-41.04245 -49.60426 -1.054093
-4.942128 88.48831 16.63887
28.91134 -13.52277 -1.73493
8.479972 -0.8131692 14.93248
-35.53191 -11.41725 -2.12023
-40.48813 -10.33053 -2.51036
18.97103 -19.59161 23.60249
-33.85131 -7.607738 -1.913439
-27.08174 -5.505414 -1.54703
22.72173 -6.875002 -1.951069
19.72094 -5.438268 -1.571037
-36.24704 -7.363909 -3.120603
-36.32099 -2.410609 -1.725836
11.67079 22.84777 28.11759
-24.04368 2.453988 -1.971706
26.14131 2.93482 -1.66435
-34.48582 3.293266 -1.339685
22.06656 -2.606903 23.31877
-17.34178 -7.558349 10.46776
22.77763 2.965455 -2.104731
-31.34685 3.542481 -2.033368
14.58397 56.27225 34.45898
-6.647447 3.324831 14.16301
26.1398 -10.53843 18.87098
-3.232722 6.98667 15.88811
-7.444456 15.90763 -2.01771
-19.39872 56.99345 32.86642
4.422631 17.32488 -1.738037
-9.2115 17.69661 -1.270267
18.69634 -2.07418 23.07866
5.418468 19.99967 -2.17903
-9.124494 22.46318 -1.99378
-12.32744 22.86631 -1.526435
8.078668 22.88876 -1.358872
-12.32619 28.47711 -1.07596
11.62969 28.78482 -0.6520528
-12.33328 29.43185 -2.537876
-16.38866 33.27482 -0.4549071
31.05497 9.406448 15.11852
-16.57343 29.2578 26.34498
-23.98674 44.00757 -2.56609
34.11485 45.20473 -2.956116
-19.94206 61.31863 32.81656
43.19631 48.21542 -1.197213
-47.33625 52.13003 -2.371817
48.00984 59.61071 -1.299628
-23.97955 -30.02107 19.54999
-48.12492 61.84636 -2.458919
-47.38478 62.76182 -2.310193
49.14343 62.67062 -1.865319
16.44743 -1.354743 23.31053
37.47844 61.86799 -3.035564
-28.62243 16.7871 17.16211
30.75981 63.37558 -1.543349
-41.40205 65.16689 -1.838408
-25.96742 20.24462 14.12084
18.91086 69.46986 -1.925684
-17.97929 67.04304 32.92985
20.87689 71.24843 -0.9150318
-20.57353 78.39525 10.13761
13.64268 80.23912 -2.568572
10.09801 84.69053 -1.746167
5.637347 88.26837 -1.605319
2.274575 89.41564 -1.921239
13.88918 3.865307 23.79446
-36.43545 -53.08726 -0.1392657
25.86474 -52.26947 -2.499246
-21.08916 27.2022 14.47391
25.30124 5.0972 23.49503
17.94015 80.51355 11.1996
-36.24867 -49.54191 -1.517369
-3.703017 6.838865 18.13926
27.55746 -49.49624 -2.881435
-19.97869 33.45697 14.09837
16.22313 69.28837 32.0205
-13.05493 6.14497 24.40455
19.91664 37.82547 15.33356
31.46549 -11.05947 -0.8162012
30.32386 -11.44969 -1.005364
26.00493 -11.15145 -1.421706
7.826228 3.971191 22.38666
-33.41164 -10.78508 -1.301983
23.97613 -10.50829 -1.138269
31.44695 -6.310991 -0.6950232
-23.70464 41.44486 17.51258
-37.4773 -3.636061 -0.7454196
28.20793 -4.625811 -2.20879
-23.30315 -2.112713 -1.254715
-15.18257 73.46585 31.64071
29.59769 0.07455569 -0.5311434
-21.06615 1.599016 -1.002441
19.04832 3.232331 -1.923834
-6.484732 7.508198 21.89537
33.39686 -23.90856 18.29209
24.67511 5.482381 -1.519066
-28.91148 5.975704 -1.661483
20.76618 7.042946 -1.043043
-11.25793 74.60686 33.50773
-26.86557 6.50859 -1.34169
0.4362059 8.16597 -0.4641276
-28.58514 51.55388 13.99432
1.926949 10.42548 -1.332423
31.1782 54.00295 15.00044
6.219776 16.82284 -1.456973
20.0654 11.24819 22.78839
9.516775 20.37429 -1.239398
-12.18513 24.99115 -0.74318
18.14672 14.0487 23.46923
-26.79465 46.37822 -1.736094
-44.95877 51.88694 -1.07877
-48.41911 55.82126 -1.62049
49.95528 60.59004 -1.546776
53.51747 59.94973 -1.723557
47.28771 61.8147 -1.684352
35.27197 63.40649 0.3926161
50.92982 63.54399 -1.195239
-1.185546 54.53874 39.2803
-33.45763 66.38343 -1.561594
-26.83674 68.93849 -0.2982564
-26.28705 72.07829 -1.631655
-19.41655 76.89306 -0.6341302
-20.00452 76.11421 -1.678451
-0.05054135 67.28523 37.59926
13.92013 81.90324 -1.077816
-14.67856 82.79346 -2.637289
11.89564 83.78755 -1.73442
9.183496 86.33743 -2.013579
39.16877 -53.27195 9.603412
-17.26158 22.40192 24.39788
4.338389 88.56943 2.482969
-2.656294 89.95903 0.4207421
-39.84215 -53.85458 1.769368
16.67861 27.42382 21.91329
28.49844 -51.57332 -0.9815399
-34.60889 -50.79377 -0.9231499
23.33602 -50.42761 -0.3385768
-45.98882 -49.16404 -2.032433
-38.24367 -47.51948 -1.226328
-35.27807 -48.22335 -1.13211
-45.64577 -47.0499 -0.232493
-47.3137 -47.39342 -1.154479
28.64476 -15.7308 -1.329606
-38.77484 -13.81003 -1.755317
-0.4264436 -2.397985 32.55207
-34.58212 -12.51455 -1.275482
28.12043 -12.78455 -0.9120109
-8.709329 82.76518 27.22197
27.20066 -12.11821 -0.6443624
10.63935 85.33868 15.44662
16.63614 36.13169 22.9073
29.3271 -10.15776 -0.6039491
22.52622 -24.10479 26.61587
-23.81536 -20.35386 17.89897
21.75652 39.52653 22.45196
-36.99611 0.5657985 -0.6374675
-10.47369 88.23024 14.55332
14.37518 1.95923 -0.4272438
-6.358069 89.53634 14.92037
27.81063 4.803757 0.2114259
-7.638756 82.93941 28.70642
17.41296 6.083665 -0.8859495
-23.43741 5.918217 -1.693124
-21.42982 4.317788 -1.307406
-3.506437 89.73011 15.25299
-29.3515 8.220703 -0.3747956
-2.419496 8.036659 -1.434439
23.0458 46.72914 22.83144
-3.971087 5.113492 35.27763
3.226878 11.8645 -0.1024892
2.86757 13.56843 -1.691813
4.543872 14.91923 -1.256417
-7.695938 12.87318 -0.7086317
-25.43239 46.97544 23.22191
23.67489 51.2147 24.1199
-11.27277 17.74162 -0.9526393
-6.545511 -6.021849 52.45082
33.19115 -48.46565 9.545152
8.468527 25.65363 -0.6685888
-15.34113 30.18229 0.2875501
11.3105 55.47097 37.08399
-19.50382 34.72738 0.04435058
-23.991 42.11552 -1.740307
33.66701 44.79352 -0.541574
35.45595 44.81502 -2.960775
18.12559 -49.57471 10.61333
16.47377 -52.29635 15.1402
-47.20435 58.43993 -0.746892
-2.963448 28.87355 32.93458
-46.29397 61.19156 -1.197812
39.66991 62.41663 1.178795
22.78548 69.22821 23.64517
-40.13487 65.07971 -0.9522953
-49.4217 -47.01429 10.79368
-31.7224 65.97939 -0.7760181
-26.31757 70.96835 -1.009241
-4.257338 34.37066 34.05749
20.21637 74.35354 -1.245966
-23.06854 74.85227 -1.834897
-22.03197 74.75003 -2.65613
16.4392 77.12829 -1.715287
-19.07138 78.23101 -1.411946
14.29924 79.67161 -0.272529
21.32275 71.20973 23.63187
-14.83588 82.56525 1.116822
-6.177233 -7.310117 53.20792
-6.177176 33.32729 33.42174
-10.30574 86.60654 -2.192122
-9.850955 88.17713 2.075503
-3.809581 88.80438 -1.913929
-43.60948 -51.01574 -0.3351583
11.65473 37.08661 28.04767
34.9663 -49.09204 0.05610771
-47.89784 -47.48739 1.037496
-38.39508 -46.52678 -0.427321
25.44812 -48.71296 -1.845523
-35.31534 -17.99524 -0.5817927
-33.30306 -18.54573 -0.4625204
-36.83511 -17.78242 -1.045624
30.22017 -16.04321 -1.532903
-31.81722 -17.32633 -0.9489475
-2.866821 2.831164 26.60988
14.52313 81.0148 22.61697
-36.50403 -15.69938 -0.0936234
26.38245 -15.26268 -0.3039427
-29.41629 -12.11935 0.7404099
23.92542 -12.89148 -0.3968465
-25.06317 -41.88953 13.83064
12.50573 82.64736 23.02175
20.88884 -8.211091 -0.8417183
-13.71358 83.3945 22.51884
-42.207 -9.056889 -0.3018375
-26.02633 -7.763478 -0.5421437
18.28498 -39.48658 14.2582
-25.15142 -3.673163 -1.315235
-10.28477 84.43384 23.27352
29.5352 -39.603 17.3488
18.01393 -3.36102 -0.9109515
-39.40024 -39.19883 16.63339
-21.23241 -2.900627 0.004881331
30.6733 -2.802697 -1.025309
29.10292 1.488993 -0.6471711
-35.19606 2.067795 -0.9027328
29.92145 -36.18798 15.87135
-2.659585 38.79755 33.54584
-31.01116 7.582028 -0.3389436
-22.53692 7.857129 -0.9755527
-4.820653 10.11451 -1.170147
30.36074 -34.71266 16.36205
9.127296 12.79915 -0.7010001
4.77638 11.44979 0.5072685
6.805576 13.37063 -0.4069434
30.89877 -31.7437 15.14505
-12.91223 16.44755 -0.4702022
11.0491 17.1843 -0.6981625
0.626582 41.62019 34.3138
-35.24177 -50.18032 23.05732
-41.33175 -30.04735 15.42037
15.77134 34.38717 0.1141702
18.03822 37.3805 -0.5821182
9.682891 57.41817 36.57311
-23.22488 40.13941 -1.155824
-42.18839 49.60613 -0.03731018
44.28095 50.08765 0.6673807
-5.403173 37.72914 33.04194
-22.03905 -25.26337 15.50721
45.26321 60.63054 -0.2618133
-1.777438 -2.980478 53.25426
13.44026 -46.05325 24.52616
-37.57903 65.71001 1.118548
-35.24274 66.37083 -0.3755664
-10.1317 41.78929 34.6729
13.7359 -45.26086 22.34794
-4.333724 -2.104837 53.16678
-15.21195 57.81646 36.05171
23.71973 -33.17097 9.650141
15.45683 78.94353 -1.767015
13.96416 -21.01312 16.93201
-17.79348 77.80587 0.6344472
28.63573 -32.94429 9.909906
3.129314 89.58197 3.736723
20.91844 -32.36258 8.731564
-41.13084 -53.32204 0.5605133
37.2302 -53.75224 -2.084731
-42.35979 -50.94087 -0.2684594
-18.32891 72.90835 27.94162
-9.196825 8.851924 26.41041
-34.48988 -19.70494 -0.4477233
27.94019 -40.49758 24.71498
-23.18688 -8.105422 18.41039
-32.09894 -15.40803 -0.04051997
-38.71821 -15.79363 0.5518512
-34.11784 -15.81312 -0.2206694
-30.73134 -13.61838 0.01731552
-40.15937 -14.84639 0.1370674
-41.8624 -13.51669 0.7135415
21.03798 -12.61224 0.03683721
17.51898 -16.726 18.08159
-42.34277 -11.47387 0.04452941
20.48376 -11.05103 0.1013563
-41.43173 -6.735116 -1.077301
-20.90549 -30.36504 10.05996
-26.57757 -11.73349 15.03737
-14.98426 43.37014 33.86001
13.85498 -33.95005 23.48066
-40.70142 -29.88361 9.008334
-36.41426 -9.932289 14.57168
15.62548 -29.95861 9.006271
16.60657 -1.575089 -1.006578
16.18247 0.728152 -0.7176692
-18.78652 -0.7222822 0.814212
-18.83076 2.17824 -0.2747674
-36.10958 4.005854 0.265963
-17.58925 3.730459 0.4798321
-40.9005 -4.480958 9.242422
13.683 4.004579 0.115058
-33.45611 4.744535 -0.7591158
-19.26606 5.425333 -0.3099375
14.12798 -9.058886 15.09451
-4.789579 7.607696 -0.4576181
-20.6908 6.756904 -0.1893379
-41.58644 -26.80719 8.568283
16.33919 -24.73101 24.59988
-27.67903 10.28062 -0.1663164
-25.16288 9.654119 -0.8340074
-23.21765 9.847343 -0.1682416
19.65954 9.325444 -0.6290838
9.326596 8.823424 0.2845007
10.6351 10.337 -0.1054163
-16.58404 -6.000414 14.16399
-7.024825 11.66218 -0.5212791
11.86498 -5.322731 16.63749
-14.66662 16.85857 0.4896133
14.75625 -49.80167 18.08451
-14.61221 19.89787 -0.2460041
32.31868 -3.706609 15.45099
10.51276 27.83973 -0.3591053
-11.81914 -0.9233677 17.13274
14.31213 -25.39123 8.734308
20.97161 41.25337 -2.416457
29.37908 44.58799 -0.1237431
35.51725 45.03796 1.229545
-34.36794 46.01338 1.086654
-44.54321 59.87559 -0.00488971
44.60667 62.52605 -1.007188
-41.78672 62.80182 1.256722
28.39102 64.22298 -0.09988832
-19.80495 55.12045 33.06314
14.27641 52.42054 34.44002
23.66316 66.8271 -1.332209
23.17396 70.7941 -0.03388106
20.99981 72.26363 -0.3503515
-25.81012 72.27089 0.3807062
19.16893 73.86939 0.2456507
-21.92081 75.85737 -0.6840096
14.44678 78.96989 2.475898
7.593862 87.51694 0.395239
23.44292 -52.68334 1.672199
31.32093 -51.76644 -0.03882455
15.68243 57.99069 34.78283
32.16356 -49.76319 -0.1044229
28.37097 -50.61625 3.124755
26.73105 -48.34098 0.2345604
24.95242 0.05737082 23.26553
-1.064928 7.544598 14.20433
-34.60883 -46.1788 0.901174
-36.57604 -46.12012 0.6468228
4.831038 9.810893 26.46673
-33.52587 -21.25859 0.1752594
-36.71258 -21.15299 0.1623259
-36.89323 -19.34178 0.1223545
30.1574 -18.87108 -0.2382996
-38.29516 -17.60877 0.4336543
-30.36 -15.83076 0.6841435
31.54515 -14.8469 -1.575795
22.55818 -14.07707 0.3447766
12.08687 58.51402 36.87528
-27.35606 -9.341994 0.463375
32.54979 -12.01538 -0.4566768
-42.34193 -9.080732 0.8368575
30.92871 -9.50512 0.2892204
-16.36632 1.273726 22.86693
17.65546 -7.318197 0.1911186
-23.33634 -6.049103 -0.06777114
-21.17239 -4.246254 0.4906247
31.18509 -4.081899 -0.3171475
14.94418 2.733053 24.23739
21.19847 17.67654 15.7748
-42.0092 -14.34496 10.04821
-28.11014 1.409728 23.6862
-38.10314 2.445091 1.225269
-5.322539 14.84316 29.39943
-34.10311 5.463129 0.16481
-4.283629 6.080009 1.445862
-2.024338 5.461354 1.392296
10.42976 4.245908 22.98287
13.49663 5.45295 -0.02905143
-18.58606 9.189004 0.5812186
15.84219 8.126412 -0.2407629
-6.32242 9.950484 0.718491
13.60327 6.147581 24.57098
17.90521 25.98854 16.6821
24.27152 8.624535 0.6691949
-16.13283 66.64784 34.45134
22.17786 10.45586 0.2333865
9.340256 6.485766 25.04789
-3.35297 4.633072 24.99363
14.71415 70.19066 32.02644
-8.821219 12.06572 0.3942721
-16.86737 15.53144 0.336969
1.77231 5.478415 22.72671
14.5258 16.76299 0.186302
-11.81011 70.55292 34.15795
10.41366 25.44209 0.3844401
38.41357 -52.75608 5.993455
23.31801 40.29047 17.3511
-14.29727 28.88907 0.8237484
20.36998 39.89673 1.697619
34.19196 44.5414 2.299617
39.6164 45.41692 -0.2179811
-40.23508 47.7369 0.7066736
43.29198 47.02047 0.3872147
-45.02655 58.02756 0.418284
-28.05001 48.38907 14.8566
43.1251 63.13029 -0.2121434
-5.733799 -6.88322 51.51268
21.53805 72.46016 1.533329
18.14827 75.57093 1.314467
-16.44049 80.79636 0.1729943
15.77284 78.77896 1.380723
6.470203 75.77989 33.3663
-10.78202 86.52609 1.060439
-3.973685 89.47339 2.430689
35.74297 -53.02415 2.165786
29.18953 57.07739 15.38961
26.25739 -52.58403 1.483583
35.86855 -52.51619 1.056035
-33.10105 -52.32898 1.252649
-33.60459 -50.49617 0.4983238
36.40715 -50.90709 -0.8090088
27.7518 -50.88625 1.982211
-7.719858 77.69642 33.49937
33.48752 -48.07166 1.524368
24.54722 -47.74999 0.6256949
26.83224 62.31131 16.62143
-31.56422 -20.29141 0.7521102
-29.86095 -20.07478 0.3331879
16.93144 15.429 23.60777
-30.85833 -18.24597 0.5975038
26.84474 -17.80232 0.4322923
32.55903 -17.47344 0.2946993
-39.49586 -17.55656 0.8553684
-40.20803 -3.075126 10.76846
-20.16665 16.76451 24.74396
15.64043 17.84936 24.56572
-2.398737 78.28437 34.24936
33.26722 -7.052244 1.784651
-41.63842 -6.709898 1.604112
9.818271 -1.895109 8.471973
-39.83816 -4.179606 2.364308
14.13733 21.9453 23.74881
-18.90961 -2.428534 1.211029
10.62428 4.148547 1.570272
-19.0423 24.53909 22.53029
-15.78501 6.66583 1.012868
-32.06554 9.300866 1.69248
-40.1114 1.265358 9.549972
15.73204 9.84934 0.6297964
26.00201 8.880774 1.675069
2.05515 9.407292 1.7649
-16.01615 10.54982 0.7347801
17.36012 31.42405 21.83964
-18.22706 13.74915 0.611397
-16.92446 11.59502 26.15037
-20.13473 11.7176 0.729311
17.94328 10.10974 0.251874
-24.44639 12.38819 0.8908283
-11.5019 13.39136 0.4041381
-25.50676 54.45962 25.24716
-14.30004 85.23357 15.32591
3.257342 0.5053364 34.76735
13.97525 20.60163 1.833953
-15.72772 18.26628 0.9186055
16.03416 38.14556 24.36957
-16.57393 19.62486 2.084647
-39.69222 3.544199 10.15387
18.05769 38.79473 22.77299
-6.575425 88.66056 16.19538
14.83137 31.68079 1.86651
-20.95058 37.35924 -0.6316348
-25.1546 42.85063 2.316895
0.9602894 88.82017 16.10509
31.42262 44.86159 0.5936218
25.39109 45.13501 0.5917211
36.82417 44.86816 0.7926158
-36.25878 46.25332 1.298856
-28.48948 46.40417 0.5174512
-45.35205 54.7836 0.2006297
47.13001 58.67969 -0.672926
33.48849 -53.81221 14.20502
-38.27447 6.376548 9.902112
-27.80731 70.45369 0.7245665
22.88333 72.2016 0.8920549
-23.0666 74.51464 2.604517
26.75146 -53.10041 19.68754
35.20935 -53.75681 1.359074
-49.51733 -52.37611 1.733777
11.27272 60.98636 37.16142
-41.88959 -49.68739 1.07189
-36.08264 10.01807 10.28328
30.92981 10.04011 10.267
-46.07592 -46.48377 1.112321
-38.89951 -46.00015 2.413812
-36.27865 -25.17878 1.985496
-35.06606 -23.65829 1.220206
24.47337 59.06526 24.78324
-31.93838 -21.55637 1.279916
-27.98676 -19.44529 1.281261
-26.21234 -20.44238 0.9775592
-39.04262 -19.73796 1.587453
-41.89666 -50.00491 16.81546
33.66973 -14.94002 0.726615
27.81972 14.31539 9.232066
-28.1445 -14.24258 1.624558
-42.56636 -11.4828 1.402388
22.80826 66.24202 23.52971
-40.19698 -4.864927 0.1773387
-23.3823 -6.249747 1.692283
33.42735 -47.26305 16.72662
-38.94599 -2.106994 0.7364493
-5.269682 36.29313 33.73159
12.99047 -1.187229 1.390241
-16.97962 0.1038264 1.319062
-39.35554 -0.05008335 1.96163
-15.09699 2.382425 1.811483
30.23872 4.280199 1.961231
9.235339 5.512166 2.511373
-30.95593 -7.015014 18.72895
12.55021 7.631228 1.055845
-11.15548 10.85974 0.9464877
-23.70414 21.61289 8.22123
-25.72624 11.52434 1.305377
16.78937 12.67237 0.8445405
20.52728 12.4062 1.291587
10.45194 22.17937 0.6231181
-8.529108 38.71136 32.37839
13.05267 28.10907 2.040319
14.51799 29.30528 2.875746
-0.2409408 52.44678 38.08864
17.48896 35.67736 0.8744167
-22.52492 -37.55843 15.88145
23.25128 56.94723 25.75389
30.543 44.55687 1.950001
32.25574 44.44068 2.403705
-38.22646 46.97035 1.355457
-24.74381 56.27575 25.92452
-40.80321 -33.11785 14.93794
-7.705467 85.74021 23.58875
-5.605361 86.02952 23.24061
-39.91931 64.19527 2.459445
28.95156 64.923 2.54535
1.193947 86.11259 25.10766
-16.79529 79.89525 1.211226
-3.438081 -7.88346 52.50752
32.58514 -53.75104 1.61205
31.73356 -29.14323 14.75087
30.71361 -49.34747 1.33817
8.733044 40.52418 33.05146
-43.05132 -47.64762 1.569891
-40.71146 -47.34431 1.607973
33.07434 -26.61231 15.43891
-28.97115 -25.12126 1.461229
32.86697 -24.77341 15.23121
-11.62196 62.07152 36.96395
-37.98443 -23.93093 2.421952
-31.9165 -23.66992 1.856115
-39.44741 -22.7445 1.569322
-37.96767 -21.41883 1.170361
-28.13406 -22.26153 1.267962
28.07077 -20.93926 2.633979
23.74158 -19.29031 1.746124
-23.02234 -24.75208 18.05018
31.91695 -19.37459 1.658295
-32.89973 -49.91099 24.62526
33.74656 -18.09627 2.851835
-29.50787 -16.55022 1.234144
18.83147 -12.52697 2.181497
34.04186 -11.99298 2.573009
19.07317 -9.9136 0.1829327
32.95568 -10.14894 3.78919
33.31795 -20.71288 15.48595
11.24104 43.40937 33.65842
17.16127 -8.546326 1.901573
15.18319 -4.679493 1.1911
13.88908 -5.387952 3.771872
-35.07289 -47.78476 22.91211
-14.3968 44.83766 34.07272
-17.47888 -0.66865 3.09707
19.82029 -34.19503 29.35595
10.98391 46.77525 34.73868
-12.3883 66.16062 36.27401
11.76192 18.58803 25.64427
-14.51188 46.0895 35.00952
28.25102 7.726605 2.153466
-35.73852 6.112938 1.582385
-0.1481979 5.998957 2.153718
-29.62568 -45.50014 24.51664
13.7555 -6.511841 18.01524
-10.49599 7.941 2.5171
-30.68726 9.102435 1.225679
-31.70188 10.74515 2.414481
13.98456 46.75455 32.85649
-37.07274 -12.62428 14.57281
15.03777 -43.73022 25.57146
31.97027 45.0661 7.871869
-20.19286 19.38762 2.73184
-18.42985 51.35248 34.1148
28.90985 -38.98655 25.33393
-15.11756 25.2218 1.72499
-28.84676 -11.06963 15.99623
-17.98806 34.36166 1.821542
-18.54857 33.31921 4.009485
-20.0918 35.53741 2.947752
15.97438 -12.23193 14.83513
11.6804 -2.714725 18.25592
19.32879 38.46305 1.381913
21.92454 42.5441 1.745037
29.54094 -31.85168 25.59843
-15.24315 20.07977 26.06448
14.67733 -28.42168 24.34488
-32.97139 49.48958 10.0367
-21.65123 -9.46026 16.0588
-44.08284 58.4276 1.910498
45.67942 58.39325 1.613528
-37.16845 64.51119 4.523569
-35.27443 66.04873 2.591427
-33.30925 65.61205 3.258833
-31.2238 65.85933 1.419674
-28.70394 66.22433 1.948689
-28.02424 66.58702 1.667773
23.29383 67.96079 1.640219
20.54429 74.0232 1.733307
30.81615 -21.72293 23.46452
20.00842 -52.89388 4.479965
-19.14383 55.71451 34.51519
17.05401 -22.07526 23.77444
10.08199 85.72585 1.499373
-5.620431 44.82304 36.72445
-43.8833 -52.93483 1.722
-55.63045 -52.41012 2.029362
-42.27925 -45.40625 2.934916
-34.05224 -46.33034 2.245828
-31.87596 -25.80594 2.419319
-33.82286 -25.47309 1.569139
-0.1854938 -4.748549 51.12988
-13.59756 -3.175833 15.25641
-25.42685 -23.65136 1.971157
-23.57684 -23.23448 3.183429
-39.86813 -20.53734 2.440548
25.08462 -20.59326 2.484878
38.78806 57.29807 8.957818
-23.91538 -1.253716 23.60901
14.3032 80.54626 25.20832
34.52636 -14.83254 3.607377
-22.00231 -0.2315265 24.49394
-24.81237 -9.297316 2.637315
-40.07072 -2.368669 2.974754
-38.00804 0.6792169 15.82262
32.58941 -0.861305 1.71921
21.42999 -0.4993631 23.88214
31.75163 0.6765872 1.762056
-27.37398 -1.166174 23.4862
-13.86912 5.28564 2.293952
31.62972 5.918721 17.31782
17.34936 1.669701 24.16179
-6.657627 8.408106 2.023867
24.85633 11.02125 1.729253
-22.10184 14.66779 2.355631
21.83664 12.6006 2.20128
33.18645 62.81622 10.79495
17.05271 18.24326 2.002732
-16.51971 3.19759 24.54114
-29.30208 64.43923 10.11456
10.60021 -1.740013 18.4338
28.46931 44.86291 1.538079
-29.17125 46.2173 2.412383
-27.94479 45.74217 2.700396
39.65445 46.5833 2.578674
-0.5676506 4.771183 23.31453
45.33727 53.103 1.924414
45.6928 55.76332 2.284919
-43.60256 55.06423 2.676327
44.36776 62.01597 1.379984
34.10113 64.21176 1.749941
31.38127 64.76843 2.075342
11.75035 69.42347 34.15416
-26.32643 72.70645 9.005848
-27.98253 67.75975 2.667397
25.30915 69.76583 9.270362
-28.90758 70.30706 3.619356
-5.205582 -2.600312 53.53642
-19.01656 77.3714 2.516396
-18.59548 78.19232 2.14305
10.68828 84.17482 1.605694
10.85011 84.30971 3.779478
-30.3115 5.598874 23.92975
-41.87248 -53.14796 1.292134
-55.18134 -53.05737 2.547005
-55.50279 -51.05165 2.530117
-54.39045 -51.84384 2.376466
-44.16161 -46.48481 2.078926
-40.34006 -46.31468 3.040248
-9.925276 71.72566 35.48062
-38.19267 -44.93829 2.311824
-29.85082 -27.81002 1.964924
5.173832 7.104192 24.18942
-37.22805 -26.25735 2.378554
24.30368 9.194548 23.69314
-39.76351 -23.2756 3.678798
-6.21242 68.8715 36.4587
27.40161 -22.8653 2.623429
24.45862 -22.12851 2.280396
22.39553 9.583493 23.70135
-7.727311 74.92636 34.95333
21.15736 -16.38228 2.396667
17.26471 -10.73338 2.611531
-28.09328 9.713529 24.16933
9.836357 2.18244 19.84693
-22.30815 -7.84578 4.256669
-40.80119 -6.579253 3.504177
-53.03312 -52.25237 7.14184
14.64986 81.65887 7.32981
11.62231 0.7489917 1.532387
-6.429341 75.85822 33.97444
-36.27605 6.028582 2.954502
-12.4541 6.059073 2.920505
28.70225 53.63573 15.53303
-28.23038 11.77852 24.02323
4.753172 7.940217 2.059588
-25.33632 12.93513 23.76224
-33.94685 9.349561 3.039453
-24.8467 14.88348 23.1091
-25.65843 14.31447 3.430743
13.3069 -34.67274 16.95244
1.788134 78.20336 34.13551
17.51451 21.73206 4.318519
-17.29782 22.88569 3.269991
12.24104 24.10298 2.016649
-19.98777 34.60939 2.102118
-29.35989 67.08691 15.11747
25.03445 44.61221 1.885929
-33.14521 45.899 3.336675
42.09956 47.12192 2.398367
-39.61235 49.1982 3.907296
44.89857 49.67604 3.562636
-43.04866 51.33132 1.388447
-25.44657 73.00163 15.0433
18.92184 -53.62053 29.76679
-24.41825 75.7246 15.51742
25.88642 66.86432 1.747111
24.07012 70.17455 1.551321
-19.98975 77.25299 1.175418
15.13591 24.23823 24.4763
-14.63796 81.74115 2.165194
13.87612 81.68361 1.716673
-18.48758 26.80231 23.49614
17.18115 80.18807 16.3538
-12.33235 85.71294 1.763145
-10.18392 87.02818 3.64712
8.972431 87.16525 3.418077
5.870961 88.72989 3.666537
-1.907637 90.24592 3.71747
-34.81896 -53.79605 2.326885
24.88579 -53.51167 5.145598
28.61776 -52.94572 3.76922
15.13727 30.47461 24.22662
-54.86854 -49.90832 3.032981
-33.10181 -49.12779 2.347378
16.00169 32.20266 24.68305
34.76732 -49.28117 2.72669
-51.73179 -48.48302 4.309066
26.67646 -48.74417 4.331638
-30.35492 -31.53465 3.672406
-32.03973 -30.75239 3.049321
14.61865 35.0877 25.50887
-30.90043 -28.62797 2.800131
-28.91984 -29.80097 3.096577
-35.3863 -26.85764 2.669312
-25.20696 -27.17346 3.077505
-39.11929 -25.7089 3.960566
16.75455 38.57566 25.61936
25.28876 -24.4448 2.885978
-1.567727 56.81446 39.53779
-40.5077 -17.99989 2.375459
19.10214 -49.39271 6.61631
-41.49919 -9.358298 5.85193
-20.68271 -4.078832 2.63038
13.61735 -4.032587 2.764008
21.70708 45.38529 23.53906
31.01725 -53.30787 16.51746
-37.70832 4.557305 2.509963
-1.429428 5.11991 4.480169
-26.12965 51.02051 24.1942
20.16821 15.69925 4.132773
24.18899 55.10578 24.71295
14.02525 27.85686 3.703784
-7.950446 41.87717 35.04688
18.81421 34.94463 2.640463
38.59899 46.31825 4.064604
43.32266 46.83333 2.338576
-37.66272 47.01651 3.350173
-41.05855 49.54432 2.654254
-40.30371 51.7795 5.277165
-24.33321 -47.49876 16.51174
41.44135 62.32126 2.805674
-6.727391 41.92433 34.09566
25.93873 67.79456 2.707116
18.60028 75.84524 3.003212
-41.4636 -44.44854 15.95879
21.33084 68.30257 24.73786
15.95387 77.8456 2.887189
-16.07515 81.76738 3.649458
11.83571 83.45212 3.638308
-5.628456 89.77606 3.056757
-41.77519 -53.67021 3.196175
-51.88051 -52.06873 4.140438
34.95192 -52.2594 3.115587
-23.29179 72.14406 23.65309
-54.80872 -50.19787 4.434778
-1.052566 6.081882 19.37729
26.20694 -25.29401 3.621605
28.23188 -25.20092 3.296634
-23.30962 -19.86675 4.573854
-41.97607 -20.20719 3.178495
-26.08062 -18.2952 2.815192
-42.1688 -18.51496 4.37416
4.56305 43.3286 34.04533
-40.53249 -15.95052 2.147434
-41.36165 -13.98104 3.832605
15.89267 -8.800425 3.450305
9.282778 83.44984 25.24922
-22.61408 -34.37996 17.21832
9.255196 42.99691 33.83796
7.365986 84.03285 24.09442
33.34896 -3.757442 1.862576
11.79522 -2.259748 3.795519
-1.941223 59.08866 38.88252
33.01126 0.3230583 3.654509
-39.29174 2.644163 4.538043
32.14082 5.005131 4.599814
-13.85271 4.381179 3.64596
-8.157205 84.17579 24.49285
30.13733 7.572401 3.279488
9.18743 44.66469 34.16208
18.87499 14.91877 2.863176
-32.13671 -53.53087 23.70081
23.34196 -53.62729 25.75647
-33.53318 -53.06031 24.02508
-19.90493 34.86687 6.062388
21.54096 40.30078 2.964098
15.29413 -18.4957 15.169
32.50881 -20.07961 16.95709
26.44661 -53.37691 23.80756
-41.83961 53.9079 5.024296
45.67523 56.1189 4.498087
-42.92896 58.76449 2.668991
-23.799 -35.01465 8.736976
-24.61072 -18.26776 16.48079
16.63086 -16.85394 15.71741
-26.36955 72.43041 1.611228
22.84747 71.8186 4.273548
-23.27069 73.55546 3.817742
16.72789 76.24681 2.817742
-16.87414 80.53824 3.134309
28.73489 11.06336 19.0109
-11.90547 85.51591 3.074532
10.41819 85.69095 4.188166
-7.539165 88.47894 4.371837
-24.75447 -48.96266 25.37588
22.06688 -52.16677 2.989654
22.75711 -53.0534 3.24083
-33.71154 -45.49744 23.46123
-55.79619 -52.57797 3.498575
14.51525 54.9623 35.09415
-48.54123 -51.96113 4.136643
-32.16737 -52.57694 3.498206
-50.33268 -50.47704 3.785864
-32.07907 -51.03664 4.24023
-31.73064 -49.64903 4.081042
-26.05616 -45.62649 23.7915
22.14133 -48.80864 2.966993
24.2709 -47.2081 3.737846
21.96071 -46.1289 4.354076
-30.43688 -13.80145 16.56892
-36.31017 -28.90899 3.665252
-26.45524 -29.94036 3.836571
-31.96728 -11.48119 16.56503
23.69418 -25.09919 3.790983
29.65203 -20.99594 3.380909
-40.99231 -22.11202 4.258518
-33.23723 -9.84707 16.10818
32.97866 -19.20208 3.043836
-26.35005 -15.81979 4.110738
19.45633 -13.64064 2.875503
14.57768 -38.47664 25.61774
-41.94941 -11.40151 3.82045
25.16739 -36.20457 29.49824
34.56097 -1.899889 4.043602
9.83404 0.5761842 3.980016
-40.48896 0.7221733 4.751169
-18.78346 63.29644 33.79618
7.846488 4.571158 3.615521
30.2187 -28.73199 24.76456
22.09121 -46.63829 29.13774
-6.119025 6.854821 4.853
28.5296 9.69751 3.983993
-32.96943 10.09427 4.006721
-25.04692 54.3143 26.47761
-28.05407 12.65372 2.79245
21.35692 15.79848 4.819932
20.29294 19.3453 5.723706
5.230371 46.1492 37.35538
16.0329 22.76149 4.658548
-37.42149 -3.964898 16.01144
14.88641 25.22272 5.089563
16.93442 44.11434 29.59991
-17.46386 30.74862 3.344478
16.11469 31.05812 5.427999
19.79239 36.79536 2.526555
28.55878 -21.29388 24.9903
-22.5961 37.76522 4.706511
35.12761 45.18796 4.905082
1.799439 58.85854 38.76501
40.44102 47.97194 4.39818
20.70739 -20.89221 25.10258
44.14059 49.449 4.741685
43.06755 49.92889 4.833568
26.35201 -19.62715 24.87398
45.53826 53.02443 3.783018
32.5335 64.91574 5.890304
30.15699 65.22485 5.50067
31.54625 -1.821329 17.23933
33.37178 -0.971285 14.84464
16.13184 -43.99079 28.07784
17.84323 -44.22078 29.11251
7.92095 0.9658125 15.81144
-19.03247 -0.5229127 23.90279
6.25664 2.291771 15.27325
-47.57727 -53.29902 1.941387
-25.48119 1.080514 24.60437
-52.25227 -52.60351 5.960874
27.29936 -51.98953 3.48967
-48.32692 -50.82417 4.326102
19.48977 -48.25078 4.942971
23.32248 2.067511 24.43101
33.08034 -47.34443 4.189535
-31.71663 -49.3028 5.646898
20.91192 -48.98538 3.354133
34.45609 -22.05696 9.799455
-19.23627 2.956526 24.6262
-39.94866 -44.40387 4.239437
-32.18076 -32.25219 4.567168
0.6215061 6.397734 16.18538
-23.71387 -26.57787 4.314718
25.70158 -27.62318 4.279801
22.24828 -24.31496 3.276822
-40.64609 -24.35805 4.649787
-6.043599 -12.13902 56.52495
19.74672 -21.84751 4.245563
22.26415 -20.53013 3.544162
31.31113 -21.01479 4.890845
20.28912 -19.90883 4.953499
33.03592 -17.10367 6.210391
-15.60459 79.68652 24.34618
18.38655 -14.43089 4.606639
-25.07763 -14.95331 6.651005
-28.57118 3.898495 24.55425
16.67039 -10.32039 4.700291
-25.60264 -11.58023 3.918861
-40.79932 -4.887219 5.991561
12.40868 -3.805487 4.197131
5.599655 59.83246 38.82495
25.07261 14.44713 17.87587
-4.702483 -7.553251 52.75572
-4.06743 60.87924 39.18752
6.509643 5.654574 2.772135
1.248133 7.198841 3.794083
2.575739 4.846816 24.85425
-29.69352 13.45221 5.146196
25.51928 11.6541 2.969807
22.9502 13.52196 3.297822
19.07131 16.51094 3.095425
-22.20158 23.52789 15.18115
2.311694 76.70172 34.33785
-17.96631 30.23476 6.566362
16.6815 34.5458 4.068635
-24.90787 41.33288 3.737735
31.3475 44.35581 5.04304
-38.79417 48.52145 5.080856
-41.80419 59.48536 4.263515
43.19634 58.92478 4.883658
45.00556 59.42872 3.928298
39.81386 62.35203 3.342664
-41.02516 62.42404 3.462824
-38.73045 5.125584 11.12541
-29.67725 8.241157 23.94358
-22.48685 -10.80012 9.821157
-27.41715 71.82924 4.706018
25.20709 69.93205 2.691257
22.99144 71.10383 2.856044
23.56615 42.79843 16.05955
17.01797 77.63711 4.070273
14.5768 80.71963 3.752005
-3.859434 89.27121 4.490727
32.82051 -53.32356 5.224137
35.09096 -52.33503 4.540263
17.2363 9.6677 24.21991
-48.84017 -51.77177 5.543784
-20.93029 -8.821723 9.32309
20.70484 -46.09196 4.996765
-45.10458 -46.50304 3.446146
-26.67806 10.35546 25.05194
-18.05738 -5.916588 9.591396
-42.83595 -44.36513 5.046298
-33.68564 -29.84631 4.296104
16.6082 12.48148 24.46021
-24.02747 -28.56292 4.644025
22.25801 -22.37175 3.347202
-29.34934 63.43134 16.53252
-42.76861 -16.41863 4.216683
25.07601 68.06864 17.22613
-18.99295 -5.226117 5.690795
34.9222 -3.982556 5.207112
-1.16537 -7.252321 53.20444
-16.39431 -2.288076 5.708626
10.46949 -0.7133621 5.808361
32.39268 -32.50048 19.43787
-32.14229 12.14724 4.80845
27.19667 12.47975 4.570694
25.40169 14.16579 5.334012
-28.82192 14.50293 5.305719
-27.62453 15.3993 6.783945
-22.7101 18.99492 4.749584
-19.293 81.2663 15.8153
-18.5552 22.82822 4.812357
14.91927 82.80627 16.23285
-16.93622 82.42251 16.43655
19.78436 37.93173 2.909216
14.6372 83.43831 17.17032
-16.26819 84.07144 16.15898
25.34058 44.38694 4.571737
28.46894 44.68796 4.384796
45.22032 53.47701 5.362571
45.15059 56.82355 5.08818
8.766075 86.62379 15.79287
-38.98968 63.28225 4.217671
36.91378 63.17751 3.556981
-30.48605 64.87385 5.854613
-24.68886 73.19481 6.169688
-20.76222 75.37099 5.323621
-13.6994 83.72532 3.312571
11.70788 85.18223 5.04447
-13.50264 85.24905 5.056233
-2.458039 89.23531 16.3266
4.357861 88.39905 4.881431
2.439428 89.43839 4.980965
-46.3176 -53.25093 7.331608
-3.100669 41.23547 34.49586
30.33139 -53.73071 4.84173
-42.4423 -52.97618 6.25462
-37.17874 -53.20759 3.673041
-48.01366 -52.74764 6.4441
33.44937 -49.75895 5.782092
27.95669 -48.01793 5.041436
29.21321 -46.66778 6.087698
30.60073 -46.72774 3.991099
24.66919 -45.17474 5.874227
-35.31656 -44.85204 4.534351
-38.57752 -44.65616 4.995442
-5.500699 6.315004 25.77497
-32.38138 -33.99047 4.494011
-29.67277 -33.75775 4.529939
-35.33451 -32.68015 4.759983
-38.17785 -29.90488 4.060455
-25.59255 -31.37322 4.894941
-22.92665 45.54397 26.44592
-38.9795 -27.73698 4.809004
21.14942 -24.54675 4.697029
34.60127 -52.18198 16.43142
-42.03385 -20.43637 5.262024
-25.28583 -17.16213 3.815054
-0.1889604 61.97528 38.893
7.693125 3.98268 5.406815
-39.00384 4.483043 4.085149
-34.22419 10.81034 5.308691
-23.58495 69.04021 24.5135
31.43022 -46.08368 16.7451
24.39801 15.8407 5.588897
21.15222 18.10357 6.095542
-16.71332 26.8088 4.254698
26.66218 45.05287 7.13697
16.55791 -41.08104 17.56109
-41.10455 55.91854 6.023991
43.62619 56.65212 5.502717
-35.05593 64.53159 5.197575
18.07662 -31.02427 27.92501
-23.07317 74.09422 5.413406
-17.81456 79.65411 5.100823
13.20625 83.30018 5.019313
-10.90292 87.61182 4.939713
-44.42988 -53.55223 4.424455
40.15867 -53.57157 5.309212
31.70073 -31.62026 17.22151
9.791475 47.4528 34.93806
-32.70081 -46.51264 5.039025
-5.837402 84.6704 24.67058
-30.27999 -37.23484 6.202279
-33.60679 -33.50543 5.479876
-36.11983 -30.68029 4.773413
-38.33597 -30.74626 6.102989
23.0373 -27.23703 5.171092
26.17143 -28.76392 5.645837
-41.067 -27.08011 5.306446
19.68749 -25.39841 5.534222
-41.6655 -24.50352 6.960823
29.88243 -23.78264 4.638355
18.51814 -21.21565 5.728299
-6.512799 -4.799735 54.09133
13.3549 49.01133 34.16486
33.23528 -11.8069 4.587944
-21.10954 -8.204462 7.101878
14.45088 -6.814461 5.306831
35.0023 -6.604161 4.726488
-37.7491 6.217775 4.631788
-9.336708 6.076954 5.463797
-24.31391 -51.16995 24.76788
-7.53188 84.43031 26.37768
16.67402 32.76732 6.847142
-19.90647 33.57534 5.490194
20.75849 38.4902 4.513207
-26.32512 -49.55368 25.94099
-28.56745 -14.15884 16.20647
-31.42775 46.75717 5.118243
43.73593 53.48458 5.68331
-28.11549 66.07987 3.912949
-28.57669 66.99802 5.278526
-29.62331 68.80886 5.488912
-28.88115 69.95214 4.759833
-20.90776 77.13261 6.066089
12.84874 81.62875 3.866367
-27.51485 -9.995064 17.62164
40.31518 -51.62152 5.525529
33.73565 -51.35529 7.320619
-24.72447 -10.91453 16.04551
-4.330389 84.77407 26.93018
20.48384 -46.5368 5.978109
-23.4891 -9.34398 17.69115
-32.80924 -37.58561 6.530958
-30.38286 -35.5568 5.174408
-28.19392 -36.84894 6.544694
-26.11464 -34.86574 6.604969
-35.5884 -6.610663 16.50237
23.2116 -28.93088 6.317421
-40.36668 -28.64953 6.649067
25.048 53.96427 18.30646
27.57466 -26.55294 4.715401
-42.61162 -21.18283 7.092227
18.7782 -17.64873 6.005526
16.06063 -11.82473 6.382229
-24.03088 -12.74292 8.575612
18.74385 -23.20105 25.39651
-40.95282 -2.368988 5.147567
6.618464 73.67796 34.92435
34.78497 -0.416062 6.092506
37.83411 53.17434 10.26407
28.86417 11.69852 6.126945
-33.17395 13.57617 8.792976
-30.487 14.51823 7.007023
-23.84744 16.12125 4.968274
22.14502 16.85036 6.181468
24.11597 -53.22072 26.59976
18.22741 33.48706 7.402085
18.76357 34.16781 5.288378
21.00846 -44.82809 28.70862
-25.40991 42.85888 4.990196
19.0933 0.3148761 24.55549
-38.726 50.12095 6.893656
-39.90507 56.68235 7.05041
41.26105 59.51582 5.398066
-30.34484 -52.6939 25.45277
19.38908 3.164615 24.90071
34.2223 64.19818 6.258873
30.89264 64.93775 7.545769
25.9233 69.38907 7.348458
18.36296 75.77872 5.744838
-15.00952 82.30702 4.831884
6.868034 88.04838 5.137793
-4.567166 90.23173 5.953162
-7.97506 46.48298 36.7652
20.74419 -53.6279 6.130566
24.01777 5.128966 24.50252
-30.33602 -50.42491 7.232551
26.71053 15.63037 14.88559
-52.1506 -49.71804 8.009798
31.46868 -46.82323 7.031247
16.09716 6.001462 25.07787
-32.04971 -44.67645 6.681501
22.56301 -44.75528 6.125294
-35.00798 -43.51903 6.663553
-34.28206 -36.69676 6.773669
-37.1499 -33.2432 6.487385
26.5472 -30.37223 5.940711
-30.06693 66.44211 10.6109
20.74052 -27.49685 6.486921
-42.66584 -22.85595 6.514778
-29.05549 68.70981 9.468464
-8.249463 48.04438 37.45705
4.949582 3.112042 7.718281
17.53638 -11.52859 17.60598
-18.09508 27.4747 7.240769
-19.17504 31.32758 6.944637
-3.269758 76.59478 34.59614
18.36077 35.46986 6.485365
2.953592 46.48936 37.48977
-27.4281 44.75481 6.83941
-27.36244 49.26676 16.5594
36.82277 46.25097 4.905845
-34.32692 46.42809 4.616824
40.9016 49.90548 5.998093
-40.00893 52.95395 7.103861
15.53347 8.416711 24.59501
-38.44213 61.21548 6.988601
38.3916 60.6148 7.471828
-30.16921 57.63086 16.58345
-25.96136 70.85806 18.65929
-30.80043 -47.69419 7.070117
28.51376 -45.70961 7.198807
23.84506 71.46288 18.83523
-35.7994 -38.47199 6.597738
-35.33999 -34.4411 6.268257
22.19749 -30.51947 8.168199
20.89094 -29.61914 6.668623
17.32524 -23.78082 6.24121
32.36657 -19.52602 6.751701
18.98201 78.66029 17.06379
33.51472 -9.610902 7.140895
-40.31088 0.4041912 7.689884
-12.35037 86.72211 16.99479
41.78756 53.74012 6.658438
-47.38226 -49.2061 3.971083
-49.23962 -47.93014 5.998217
50.35739 87.31743 -32.20228
50.985 86.30379 -33.73299
51.48933 85.78902 -32.12802
3 2967 2643 2969
3 2967 2889 2643
3 2643 2486 2969
3 2316 4431 4372
3 3349 1709 1714
3 1394 0 3661
3 4926 4790 4425
3 2505 1 2892
3 2505 2572 1
3 1099 1094 4999
3 1094 1062 5001
3 4999 870 1099
3 805 870 4999
3 1099 1062 1094
3 3962 3685 4317
3 4632 4700 4254
3 4997 4254 4700
3 4998 21 4997
3 4634 4528 4998
3 4700 4998 4997
3 4998 4700 4634
3 4032 3958 4256
3 4032 4256 3749
3 3749 3418 4032
3 4256 3685 3749
3 32 40 55
3 4459 4260 4317
3 4461 4260 4826
3 46 4903 47
3 2524 47 4903
3 46 4767 4903
3 4767 4701 4903
3 4542 4903 4701
3 4767 46 4955
3 2524 1085 47
3 2322 2405 2469
3 2469 2405 2614
3 2886 2887 3288
3 2759 4901 4050
3 2759 2754 2101
3 3638 2609 3528
3 3638 1237 2609
3 4986 95 2593
3 1117 2593 95
3 4905 1117 95
3 4925 442 1486
3 4957 1141 4987
3 1694 558 1701
3 1851 4956 4826
3 2227 3389 1798
3 3250 4955 1079
3 21 1059 4771
3 3232 2554 4954
3 64 4771 1059
3 490 4952 4822
3 1709 3349 3333
3 3218 4983 4954
3 4055 2051 570
3 2081 1944 824
3 3271 2151 3307
3 1791 4899 1017
3 585 3057 574
3 442 1808 2511
3 4819 951 4698
3 2847 1977 2844
3 4816 4762 975
3 991 3876 936
3 3553 3936 2892
3 3151 4162 936
3 4816 975 3148
3 934 925 4945
3 2454 4945 917
3 912 4944 2157
3 927 925 920
3 2913 2892 1
3 4809 1671 4856
3 259 3650 2536
3 2913 3553 2892
3 1017 2522 3196
3 681 1415 610
3 4315 2175 3358
3 4766 3767 105
3 1364 4727 4062
3 815 4852 515
3 2368 4894 821
3 1767 3402 3088
3 313 3045 4980
3 763 4052 468
3 4919 4727 1364
3 1784 1394 3661
3 102 615 1754
3 3165 4492 3170
3 880 852 662
3 2315 4936 898
3 2315 4851 4936
3 4851 2315 4996
3 3553 2913 2586
3 4935 4850 774
3 4932 4238 4744
3 4977 774 4850
3 1549 748 4890
3 4496 4369 4886
3 4136 355 2028
3 763 2562 4052
3 4362 2962 4799
3 4799 2962 4848
3 4786 4923 4663
3 2203 2948 1831
3 711 4678 692
3 3632 4887 698
3 3632 4970 4887
3 4886 244 4606
3 711 1510 262
3 1415 126 610
3 2539 125 710
3 635 4792 634
3 1741 4754 611
3 2315 2307 4996
3 3596 4493 4670
3 3067 1181 106
3 4963 3074 2368
3 4668 2190 4846
3 2175 1737 3358
3 4845 4927 1454
3 364 1923 3096
3 129 4907 4908
3 4790 634 4363
3 1503 1834 725
3 4878 4779 4770
3 2979 1836 3356
3 3063 3447 2702
3 1677 3317 525
3 1697 833 1306
3 4921 471 2096
3 4618 855 2392
3 466 648 2807
3 4596 1379 506
3 2733 3428 2017
3 4783 2838 4840
3 4994 1379 4657
3 4919 1364 4994
3 3019 3383 2632
3 4768 4771 4398
3 3110 386 2919
3 2939 42 1475
3 3425 3770 3423
3 4877 2778 354
3 4723 4726 4917
3 4646 4330 4649
3 4649 4991 4718
3 4720 599 4991
3 808 997 2491
3 2713 1282 2730
3 1282 2713 4580
3 971 1518 3673
3 826 4564 4941
3 3529 2060 3534
3 4553 4294 4295
3 4742 4967 4968
3 4942 4759 1658
3 1957 201 232
3 4961 4910 4989
3 1957 2662 201
3 4911 4834 4867
3 156 1202 4911
3 4867 156 4911
3 2157 2444 912
3 432 2547 2537
3 4555 4743 4297
3 1921 4053 1202
3 1177 4959 1939
3 3892 2844 2389
3 4514 976 979
3 4957 95 4986
3 2712 299 4990
3 64 1851 4771
3 976 1026 2489
3 122 4987 1141
3 95 4957 4905
3 1273 3941 2538
3 3309 3317 3313
3 4233 4214 1787
3 920 934 420
3 4824 4955 3250
3 4954 2554 3218
3 4955 46 47
3 2838 2140 168
3 1851 64 1419
3 2923 3264 432
3 2979 2627 1853
3 1772 2472 1048
3 1832 525 2018
3 1025 4576 4951
3 448 3671 2562
3 389 613 4895
3 4248 4752 2495
3 946 1751 4521
3 4521 1751 4947
3 4162 4859 936
3 951 4819 4814
3 4858 4817 4814
3 396 1376 2876
3 991 936 4859
3 3183 4478 4698
3 2410 2512 2510
3 2647 2644 1922
3 914 4857 3121
3 4780 3481 4880
3 2444 904 912
3 4479 4856 1671
3 1697 1306 3951
3 2920 2913 1
3 1928 2647 1922
3 4879 4342 4587
3 4035 4118 3964
3 4896 4807 1140
3 4854 3096 1140
3 855 915 4942
3 765 4618 2392
3 4428 4493 4668
3 4895 613 4755
3 97 1308 81
3 765 4941 4756
3 4852 815 4805
3 4382 4803 4979
3 4804 313 4980
3 4784 2579 2201
3 4930 4970 4929
3 2596 2579 1643
3 4976 753 4681
3 4934 4746 1556
3 677 4968 3606
3 4881 539 2156
3 4745 4362 4799
3 4960 810 351
3 4887 4970 4795
3 3474 2528 2164
3 813 2301 4963
3 3255 3244 3271
3 4947 1751 42
3 3606 4967 90
3 326 565 582
3 634 4790 4288
3 4970 4676 4795
3 1155 3063 2702
3 2181 4845 1454
3 4846 4927 4667
3 4788 4736 4925
3 1461 1016 2982
3 3818 1233 2555
3 4597 550 513
3 4549 1400 182
3 4841 4596 506
3 4921 4595 471
3 4657 4919 4994
3 4782 4345 466
3 4865 4987 4830
3 4921 2809 4780
3 4334 4651 4725
3 2236 341 2240
3 4206 4879 398
3 513 471 4597
3 2896 962 2318
3 4880 3481 1334
3 2361 4577 4436
3 1334 4993 4880
3 4413 4476 376
3 4726 376 4917
3 134 139 2784
3 4725 398 4879
3 4725 4916 398
3 4337 4993 4877
3 1120 2699 3199
3 4160 2281 1845
3 2444 405 1252
3 4332 4411 4720
3 4722 4915 350
3 2017 2028 4777
3 4602 4739 4551
3 4583 2733 2017
3 299 4719 4874
3 3841 3089 1973
3 4872 2775 4962
3 1973 3089 106
3 2490 2505 2892
3 4718 278 247
3 748 4975 4890
3 79 99 50
3 4069 4872 4870
3 215 4871 4961
3 4959 4869 201
3 4787 4845 2181
3 4830 4987 4958
3 1977 2847 1120
3 2459 1664 1288
3 4959 1177 4869
3 193 1169 4832
3 201 1939 4959
3 3121 3040 914
3 4906 4957 4865
3 2844 1343 2847
3 4956 3232 4954
3 4956 1102 3232
3 4293 3023 1718
3 1061 1488 3021
3 2524 4903 4542
3 1058 2632 3383
3 4862 4954 4983
3 4823 4822 4952
3 1533 769 3705
3 2669 2614 2460
3 1061 3021 2632
3 33 4984 4821
3 3577 712 4288
3 4949 4704 4983
3 1036 1507 3079
3 4790 4926 3577
3 4899 4162 1017
3 4019 3023 4293
3 405 2157 2305
3 4111 3436 2352
3 2892 2456 2490
3 4763 4900 975
3 609 1104 3392
3 4391 4947 467
3 3250 1079 1351
3 2905 2082 2456
3 4945 925 4761
3 126 1415 2923
3 4816 3148 946
3 958 56 2483
3 4631 2718 3423
3 4846 2190 1453
3 2933 2567 2924
3 333 2232 4408
3 1407 1366 1408
3 1104 2296 3392
3 4813 925 927
3 2644 2291 1922
3 4944 2305 2157
3 4516 4857 914
3 1013 3339 1477
3 1946 4857 4810
3 3115 2663 755
3 1241 4086 2712
3 4897 4856 4479
3 4582 4333 4650
3 4807 4854 1140
3 2313 1144 2292
3 3115 2004 2663
3 1664 2060 254
3 2378 2998 3986
3 3074 389 4894
3 4342 4340 4587
3 4893 821 4894
3 2580 380 3808
3 3799 2316 3027
3 3372 1722 599
3 4430 800 2574
3 1645 4806 613
3 4670 2914 3596
3 4051 3365 2658
3 1630 736 26
3 2307 753 4976
3 4977 4560 4934
3 2488 3978 2491
3 4803 780 4979
3 2547 432 3264
3 1691 1677 4027
3 800 4430 1886
3 4339 2664 3044
3 4972 1160 1549
3 3651 3648 3616
3 4744 711 4932
3 2038 548 8
3 4743 4930 4885
3 1391 1741 2101
3 3068 2098 603
3 1126 2184 3596
3 4672 4553 1492
3 4359 4339 3044
3 4967 4847 4792
3 1021 1243 4513
3 4789 3577 4926
3 2634 3332 2968
3 4960 351 4963
3 4689 2391 1138
3 1118 1871 1905
3 4882 1409 2842
3 4736 4785 4925
3 4785 4842 4924
3 550 4663 4923
3 4881 2156 552
3 2197 2326 2228
3 550 4600 4663
3 2765 2114 105
3 2242 2602 1018
3 4965 2127 4733
3 2916 226 3921
3 615 2778 116
3 4446 1226 1912
3 4951 4576 4478
3 3810 3874 3614
3 3110 3228 3121
3 499 2045 226
3 4726 4271 3973
3 4586 2028 355
3 321 4580 4838
3 4028 4812 3878
3 299 4874 4990
3 1836 1831 2948
3 1510 711 692
3 3136 2454 3906
3 4293 3012 4012
3 4935 2324 780
3 2920 2598 2913
3 4270 203 1479
3 3332 2634 3333
3 2459 3534 1664
3 1241 4871 215
3 201 4913 232
3 424 3136 1265
3 966 1663 1688
3 835 782 836
3 4961 4871 4868
3 4711 193 4774
3 4910 4869 1177
3 4961 4868 4910
3 1801 273 1798
3 4832 4774 193
3 4096 3391 2718
3 429 335 507
3 3677 769 1867
3 4925 4785 4924
3 1169 4908 4832
3 215 1207 1941
3 4908 4829 4832
3 4825 4826 4956
3 4906 4864 4905
3 4485 1993 2731
3 1666 1771 1341
3 4352 4060 4548
3 4824 4640 4955
3 181 185 4740
3 2096 2823 2150
3 558 984 1701
3 4984 4822 4821
3 21 4771 4768
3 3389 4095 1798
3 4529 33 4821
3 4763 4820 4900
3 1360 4603 1022
3 3043 564 982
3 1875 1840 1961
3 4701 4391 4542
3 4704 4949 990
3 4881 4548 4841
3 4657 4281 4414
3 2482 2522 1017
3 4548 4881 4482
3 989 2631 869
3 991 4859 4899
3 3660 2912 2541
3 1369 3043 2404
3 4859 4162 4899
3 4698 4573 4765
3 1228 1603 4489
3 4763 975 4762
3 4095 1801 1798
3 4818 989 4817
3 4858 4814 4696
3 2838 4965 4840
3 4816 946 4522
3 3770 4631 3423
3 1198 784 777
3 4614 4908 1169
3 2305 4944 4812
3 4625 914 917
3 1620 1291 453
3 904 4624 912
3 4624 904 4809
3 4866 4642 4772
3 193 41 4049
3 3425 3423 2235
3 2819 2511 3131
3 3650 3632 698
3 4619 4854 4807
3 4619 4807 4251
3 1785 2842 3771
3 1944 4575 637
3 4932 711 1521
3 4618 765 4757
3 3162 4178 2294
3 4806 4854 4619
3 4892 4805 821
3 3492 3453 3217
3 279 211 358
3 4750 4980 898
3 4804 4980 4750
3 3791 3432 3775
3 929 2783 1850
3 319 2016 4513
3 1446 1772 648
3 4935 780 4850
3 698 4798 4848
3 1691 3654 1677
3 4851 4891 4800
3 4801 4851 4800
3 4851 4996 4891
3 4611 4850 4439
3 4531 4533 4530
3 4611 4560 4977
3 4800 4891 4683
3 4558 4975 4746
3 4533 4534 4530
3 4996 4976 4684
3 1902 2077 2202
3 4066 2032 3421
3 3993 3913 3844
3 4746 4934 4560
3 4957 4986 1141
3 2920 1 3244
3 81 592 4616
3 260 1659 2066
3 4322 4537 4466
3 628 2296 617
3 2824 1822 221
3 4819 4632 4696
3 4935 774 2324
3 4678 711 4744
3 3251 1649 490
3 1496 1249 1164
3 2652 916 1629
3 4743 4885 4675
3 4480 3905 4279
3 4742 4968 4674
3 4490 4789 4926
3 4678 4606 692
3 1183 1628 1256
3 3165 3170 3162
3 1607 1893 3290
3 4234 3898 204
3 3944 3936 3553
3 2602 2242 2978
3 810 2894 2252
3 1664 3534 2060
3 937 508 2674
3 4075 4076 4286
3 956 3902 2433
3 1541 732 4679
3 4208 3115 3120
3 4600 550 4597
3 2529 338 234
3 2690 1666 1341
3 4598 466 4345
3 4878 376 4476
3 3892 2501 2844
3 4427 816 4940
3 4595 4921 4655
3 213 4950 1109
3 4921 4780 4655
3 2191 635 712
3 1000 2602 2952
3 4476 4779 4878
3 4858 4396 4454
3 2139 4200 1432
3 1516 2536 265
3 3637 5 1666
3 4651 4722 4916
3 4653 355 4543
3 2052 1656 2799
3 1276 2799 1656
3 4335 354 4411
3 4653 4586 355
3 928 489 2008
3 4777 2028 4586
3 361 2873 906
3 4650 4723 4838
3 4914 2733 4837
3 4649 4720 4991
3 4583 4837 2733
3 4719 4716 4874
3 2591 3271 3244
3 4962 4914 4837
3 2240 3186 2236
3 4716 4775 4835
3 4874 4871 4990
3 4405 2713 218
3 232 4873 247
3 4874 4835 4871
3 4647 4714 4872
3 3451 4004 4343
3 607 626 444
3 232 4579 4873
3 4787 4270 4786
3 4714 4870 4872
3 4835 4868 4871
3 2242 1874 2978
3 4831 4867 4834
3 2462 3538 2459
3 4866 4867 4831
3 4958 4867 4866
3 2463 3538 2462
3 4830 4958 4866
3 2586 2913 2598
3 3709 4378 310
3 4987 4865 4957
3 4978 4953 2845
3 4906 4829 4907
3 4708 4771 1851
3 4974 753 3714
3 2058 18 4049
3 1590 2380 1212
3 2978 3344 2602
3 4823 4952 4703
3 645 1191 2658
3 4998 4528 1025
3 4703 4820 4527
3 4635 4704 990
3 4261 4535 4464
3 1271 1277 67
3 777 310 290
3 2737 3853 1590
3 215 1941 1241
3 4597 4283 4600
3 3951 1306 2829
3 2775 577 1369
3 4570 4856 4897
3 4278 3648 4012
3 4806 364 4854
3 571 591 2728
3 4295 4675 4553
3 4895 4755 4447
3 4894 4895 4893
3 4687 4688 4940
3 4932 1521 716
3 4385 4805 4892
3 449 2927 1395
3 1775 2227 771
3 4803 4747 780
3 1958 2412 3532
3 4749 4748 4851
3 765 1642 4941
3 4748 4562 4936
3 4800 4612 4801
3 4851 4801 4749
3 4850 780 4747
3 2318 3486 4189
3 2181 4270 4787
3 4132 4209 4544
3 4684 4683 4891
3 891 4810 4808
3 4681 4684 4976
3 4501 4746 4560
3 4890 4975 4499
3 1391 4917 1741
3 3846 3486 1869
3 4799 4848 4798
3 2982 1016 1009
3 4251 3946 4100
3 344 4305 1727
3 489 3289 2008
3 1596 548 640
3 4847 4742 4164
3 4967 4742 4847
3 4553 4672 4495
3 2925 1069 4802
3 599 4720 87
3 939 3975 1481
3 4846 4739 4668
3 4667 4927 4845
3 4667 4845 4738
3 4788 4789 4490
3 2502 1352 2868
3 2082 2905 2112
3 928 2008 2676
3 3039 628 2654
3 2233 2124 2152
3 1400 4549 4353
3 4882 2842 1388
3 4842 199 4924
3 3853 2380 1590
3 4840 4659 4656
3 4879 4206 4783
3 4879 4783 4728
3 1025 4951 3188
3 4544 4782 4779
3 4728 4342 4879
3 422 4727 4543
3 4477 4543 4727
3 4204 4880 4337
3 3501 3324 3325
3 4189 986 2318
3 21 4998 1273
3 1009 500 2221
3 1870 1867 769
3 4274 4205 4477
3 4687 4940 816
3 3570 2622 868
3 4411 354 4720
3 4581 4837 4583
3 1757 1269 3231
3 2164 2528 3233
3 4713 4645 4835
3 4786 4270 4923
3 4222 4224 4425
3 1048 2472 1428
3 928 2676 1319
3 4688 826 2148
3 2296 628 3039
3 232 4913 4579
3 1395 2910 1473
3 4868 4712 4869
3 1479 203 2424
3 913 1827 1392
3 4774 4832 4643
3 1863 4443 4155
3 4709 4865 4772
3 4214 150 3433
3 4830 4772 4865
3 824 2079 2817
3 4906 4828 4829
3 1993 728 2731
3 2538 3941 1629
3 4529 4824 33
3 4825 4862 4399
3 4768 4997 21
3 1749 1818 1750
3 4119 4327 4197
3 2327 1629 3941
3 4824 4529 4639
3 1213 1269 3253
3 4407 4717 4328
3 4636 4704 4635
3 1010 3916 2699
3 1084 2150 2138
3 4478 4630 4698
3 4522 946 4699
3 4590 3358 4339
3 4819 4696 4814
3 4519 925 4813
3 204 2027 894
3 4968 4967 3606
3 4278 4012 3314
3 4812 4518 3878
3 4809 4452 4624
3 4202 2746 2004
3 4517 912 4624
3 467 1620 453
3 782 757 697
3 4817 3880 4818
3 4569 1455 4943
3 4565 4620 4942
3 179 1228 2009
3 2799 3922 2052
3 4991 599 1277
3 3204 2993 2902
3 4564 826 4688
3 4893 4445 4892
3 515 4852 4382
3 4939 4442 4687
3 313 4442 4939
3 2924 1399 3660
3 1276 3164 2799
3 3307 2151 2994
3 4750 4936 4562
3 4613 4850 4747
3 4560 4611 4503
3 4613 4439 4850
3 2315 898 2321
3 4612 4800 4686
3 4683 4502 4686
3 4800 4683 4686
3 201 4869 4913
3 4434 4972 1549
3 4238 4932 4972
3 4799 4798 4498
3 2731 1585 2375
3 3456 3412 3454
3 4607 698 4887
3 4678 4744 4009
3 4606 4678 4370
3 1658 855 4942
3 4555 4930 4743
3 2656 1649 2350
3 701 696 1820
3 4369 4674 4968
3 4915 4719 299
3 2125 3207 3579
3 4894 389 4895
3 2116 3193 1026
3 4363 634 4792
3 4679 4974 1541
3 240 90 2191
3 240 2191 227
3 4672 4670 4229
3 4787 4786 4737
3 4738 4787 4737
3 4666 4736 4788
3 4739 4846 4551
3 2576 3323 2573
3 4664 4488 4842
3 4664 4842 4785
3 3057 3047 574
3 4356 4662 4882
3 4293 4012 4563
3 4353 4734 1400
3 1233 385 3215
3 3045 313 4939
3 4483 4356 4882
3 1217 1912 1903
3 2841 412 439
3 506 4881 4841
3 2873 361 4603
3 1491 1451 1599
3 4596 4281 4657
3 466 4598 1388
3 2955 4836 2641
3 2884 3186 2240
3 2361 3841 1579
3 116 2778 4993
3 1874 1045 1982
3 758 750 1280
3 4592 4655 4780
3 874 273 1801
3 1499 602 1897
3 4279 4593 4480
3 4877 354 4335
3 3307 3255 3271
3 3307 2968 3255
3 2929 3277 2923
3 3095 3080 707
3 4850 4611 4977
3 3349 4315 34
3 2017 4777 4583
3 1350 1779 3391
3 2080 592 583
3 1516 268 1517
3 1769 3242 2149
3 189 2346 3287
3 1252 405 2925
3 4649 4718 4646
3 4716 4719 4717
3 1198 777 3185
3 4225 4001 4156
3 2713 4405 4580
3 4571 3615 3956
3 3246 3242 1769
3 4645 4712 4868
3 4939 816 4427
3 4834 4870 4537
3 2627 2978 1874
3 4831 4642 4866
3 4390 3339 1013
3 1783 4206 644
3 4772 4830 4866
3 4709 4829 4828
3 4771 4708 4398
3 3066 4143 2342
3 2427 1628 1216
3 2996 2904 2993
3 431 287 1751
3 364 813 2252
3 4314 4821 4823
3 4767 4705 4701
3 1241 2712 4990
3 4922 1533 3705
3 4634 4700 4765
3 990 4633 4635
3 4545 4728 4593
3 4813 4812 4028
3 4700 4632 4765
3 1503 2841 2837
3 287 4252 2142
3 3164 1276 1278
3 4699 946 4521
3 4180 4761 4519
3 4521 4947 4628
3 245 1278 1276
3 4761 4571 4625
3 4944 912 4517
3 1059 21 2538
3 4625 4516 914
3 4623 4857 4516
3 4517 4394 4104
3 4857 4623 4810
3 4810 4623 4808
3 4621 4855 4569
3 4624 4394 4517
3 4568 4759 4620
3 4760 4759 4568
3 469 1619 1292
3 574 2694 2710
3 3648 3651 3992
3 4251 4807 4509
3 4596 4548 4138
3 1886 1842 784
3 2812 3787 1806
3 422 4543 397
3 4442 4688 4687
3 3225 2149 3242
3 3699 3903 3990
3 3992 4012 3648
3 710 2706 2375
3 4441 4442 313
3 2523 2753 2337
3 4801 4381 4749
3 2896 2855 962
3 4120 3966 4118
3 4612 4381 4801
3 2396 3113 1239
3 4960 2574 810
3 4684 4681 4500
3 4090 4975 4558
3 4716 4835 4874
3 3822 251 243
3 4370 4678 4237
3 4972 4434 4238
3 4236 4743 4675
3 4295 4236 4675
3 2191 90 635
3 2535 3621 3246
3 2463 4273 3538
3 1126 1834 2525
3 4968 677 4886
3 1699 1509 1190
3 1619 3570 1284
3 1820 3804 701
3 4944 4517 4518
3 4464 4834 4537
3 2032 4371 4966
3 42 467 4947
3 3775 1263 1299
3 4736 4358 4785
3 4177 4175 4024
3 4290 4602 4291
3 2281 3465 1845
3 4814 4817 1740
3 1284 1292 1619
3 4737 4424 4738
3 1604 1562 1368
3 4351 4663 4600
3 2203 2942 2948
3 4488 552 4842
3 389 3074 4444
3 4864 4906 4907
3 2264 2266 2122
3 3002 939 2687
3 4384 4852 4805
3 191 185 2016
3 4783 4840 4656
3 4416 4595 4655
3 4593 4783 4656
3 2827 3118 3042
3 3113 3119 1239
3 4207 4727 4919
3 4849 1445 1394
3 1886 815 1842
3 1432 4062 121
3 3199 3916 2859
3 2146 1446 648
3 4725 4879 4587
3 3358 2664 4339
3 4867 4958 1176
3 3936 2456 2892
3 4513 1243 319
3 4915 4722 4472
3 976 2489 1708
3 4391 467 4542
3 4332 4720 4649
3 2540 3487 817
3 968 5 3637
3 1662 1477 486
3 4713 4835 4775
3 4646 4718 4873
3 3518 3892 1531
3 4714 4537 4870
3 2482 1017 4162
3 4466 4537 4714
3 821 1617 2368
3 4913 4578 4579
3 4027 1694 1691
3 4578 4913 4712
3 1009 4070 2982
3 4464 4535 4642
3 2236 2237 333
3 1531 3892 2389
3 889 829 863
3 889 754 829
3 4832 4829 4643
3 4530 4709 4531
3 4078 4147 4156
3 3052 2080 583
3 4829 4709 4530
3 4825 4461 4826
3 4826 4260 4459
3 115 1126 3596
3 1369 564 3043
3 496 2979 1853
3 4709 4828 4865
3 3162 2294 974
3 4704 4636 4525
3 4643 4530 4534
3 4242 4556 4089
3 3943 4249 4100
3 4640 4705 4767
3 4527 4820 4574
3 1025 4528 4524
3 4529 4821 4109
3 4813 4028 4519
3 1506 1036 1964
3 3472 3236 3237
3 4391 4701 4705
3 4760 4512 4897
3 4765 4573 4634
3 4699 4521 4183
3 4397 4455 4630
3 4808 4943 891
3 4576 4524 4456
3 2045 2471 226
3 4574 4763 4253
3 1399 2912 3660
3 1814 1651 1698
3 3983 344 808
3 4698 4630 4455
3 938 4633 990
3 4571 3956 4625
3 4816 4522 4312
3 4520 938 4818
3 4761 4625 4945
3 2704 4158 1570
3 4944 4518 4812
3 425 2303 951
3 4625 3956 4516
3 2317 451 2312
3 3365 4051 3368
3 4809 4856 4452
3 4570 4452 4856
3 1455 4569 4855
3 4008 1835 1717
3 4820 4703 4952
3 4258 3536 550
3 4512 4760 4103
3 4158 4436 4577
3 4445 4893 4895
3 4619 4617 4755
3 4379 3729 1679
3 4389 915 4618
3 4447 4755 4617
3 4895 4447 4445
3 33 4824 3250
3 4249 4445 4447
3 4897 4512 4570
3 4998 1025 1273
3 4399 4114 4461
3 4852 4384 4383
3 313 4804 4441
3 4748 4749 4440
3 451 2327 3941
3 4545 4342 4728
3 4803 4307 4751
3 3021 3019 2632
3 2336 2333 851
3 4438 4612 4686
3 4500 4683 4684
3 4925 696 207
3 2336 3925 1090
3 3465 4151 1845
3 4557 4683 4500
3 4433 1549 4890
3 1549 4433 4434
3 4290 4291 4223
3 4974 4679 4166
3 4374 4498 698
3 698 4498 4798
3 4607 4887 4795
3 4865 4828 4906
3 4555 4676 4930
3 4551 4738 4426
3 4767 4955 4640
3 273 1371 1798
3 4825 4956 4954
3 939 1481 3299
3 851 1626 776
3 2274 2291 2644
3 4847 4494 4792
3 2644 3766 2274
3 2958 2960 3102
3 2746 2737 93
3 609 3392 2292
3 4180 4519 3879
3 4003 3651 3332
3 4358 4664 4785
3 4786 4663 4737
3 4213 4488 4664
3 4664 4358 4213
3 1097 1497 1897
3 1663 937 2378
3 2127 4734 4486
3 3088 2765 1428
3 1768 1756 2464
3 4549 4142 4353
3 4141 531 4662
3 4201 3113 2009
3 4351 4216 4663
3 4596 4841 4548
3 2589 4377 2221
3 4595 4418 4597
3 4207 4919 4414
3 4293 4563 4554
3 2891 2190 221
3 4655 4592 4416
3 4657 4414 4919
3 4472 4719 4915
3 4783 4593 4728
3 4907 1117 4864
3 386 3110 387
3 1440 644 1768
3 1994 733 1993
3 4880 4204 4592
3 4543 4477 4205
3 4200 2139 150
3 4337 4877 4335
3 4476 4275 4544
3 2016 3119 4211
3 4723 4650 4726
3 4585 4777 4586
3 4722 4651 4472
3 4650 4838 4582
3 4583 4585 4541
3 4717 4719 4472
3 4717 4472 4328
3 4891 4996 4684
3 4582 4266 4265
3 4310 4176 4026
3 4330 4646 4327
3 4581 4406 4647
3 4468 4646 4873
3 4647 4466 4714
3 4835 4645 4868
3 4579 4468 4873
3 4975 1556 4746
3 4539 4645 4775
3 2784 2465 116
3 3898 4526 2027
3 4645 4578 4712
3 3775 1299 3791
3 3377 1488 557
3 4774 4643 4536
3 4627 4105 4628
3 1394 1784 530
3 4829 4530 4643
3 1851 1098 1102
3 4826 4459 4708
3 4838 332 321
3 4640 4639 4638
3 4574 4820 4763
3 57 1633 2988
3 4482 552 4488
3 2541 4629 3657
3 4314 4109 4821
3 2593 1893 4986
3 1670 1280 750
3 4525 4636 4635
3 1668 2020 1711
3 4573 4698 4455
3 4699 4188 4109
3 4627 4391 4705
3 1964 2828 1506
3 4253 4181 4574
3 4763 4762 4253
3 3849 2875 2222
3 4947 4391 4627
3 1964 1515 2828
3 4572 3880 4817
3 4572 4858 4454
3 3251 4984 33
3 3791 3806 3106
3 126 432 1476
3 4394 4624 4452
3 2563 800 1886
3 4511 4569 4943
3 4449 4509 4807
3 2128 2270 2268
3 4760 4568 4103
3 4449 4855 4450
3 1851 1102 4956
3 4125 4413 4726
3 1622 4124 4107
3 3323 3681 2573
3 2748 587 3352
3 2859 3916 3532
3 4174 4389 4618
3 4174 4618 4757
3 765 4756 4508
3 4508 4757 765
3 4756 4941 4564
3 3651 4003 3992
3 4385 4892 4386
3 3427 75 591
3 4385 4384 4805
3 1959 3508 1968
3 4383 4382 4852
3 3529 3164 2060
3 3726 2948 2942
3 1830 1754 615
3 4559 4501 4560
3 4611 4439 4503
3 648 1772 1048
3 2608 394 1586
3 4492 1934 4203
3 4499 4433 4890
3 1344 4306 352
3 4556 4974 4089
3 2994 2629 3307
3 4366 4847 4164
3 4555 4297 4373
3 1629 1983 2652
3 2814 4273 2463
3 4364 3389 3739
3 2456 2082 2056
3 4862 4825 4954
3 1834 1126 115
3 4575 1944 2081
3 251 1510 692
3 83 2391 3436
3 4860 4000 804
3 199 684 4924
3 4490 4425 4224
3 2541 3657 3660
3 4705 4640 4638
3 3837 2281 4160
3 693 2352 3436
3 3831 3977 3689
3 4870 4911 4069
3 278 4718 1271
3 4217 4486 4734
3 4737 4663 4216
3 4766 376 4878
3 4733 4284 4659
3 4549 531 4142
3 4138 4281 4596
3 4345 4282 4598
3 4282 4345 4280
3 156 4867 1176
3 4765 4819 4698
3 4965 4733 4659
3 116 134 2784
3 4036 2910 1395
3 1939 1932 1177
3 4471 3486 3846
3 1533 3504 1870
3 4592 4780 4880
3 4498 4241 4432
3 4340 4130 4336
3 1100 352 1899
3 139 4690 2784
3 3193 3976 2489
3 4777 4585 4583
3 4166 3931 4089
3 4472 4651 4123
3 878 2625 862
3 4581 4583 4541
3 4140 4064 3765
3 1344 352 1100
3 1921 1202 156
3 4405 4582 4580
3 4581 4541 4406
3 4469 4717 4407
3 4327 4646 4468
3 2767 3627 3113
3 2079 824 274
3 2096 2150 1452
3 4468 4578 4539
3 2368 3074 4894
3 4468 4579 4578
3 4775 4645 4713
3 4405 4711 4404
3 4578 4645 4539
3 929 2281 3837
3 4772 4535 4400
3 18 2058 3032
3 4536 4462 4319
3 4535 4772 4642
3 4462 4534 4533
3 4399 4461 4825
3 851 776 3196
3 637 841 295
3 2396 179 2009
3 461 878 3876
3 4316 4458 4398
3 4997 4768 3961
3 4190 4823 4703
3 4525 4399 4862
3 4703 4527 4190
3 987 574 3047
3 4529 4110 4639
3 2605 1822 2518
3 1603 1994 4489
3 4638 4627 4705
3 4524 4457 4456
3 3744 4372 4431
3 4634 4573 4457
3 1360 3598 4603
3 4525 4635 4633
3 2427 1216 488
3 4630 4456 4397
3 3225 4610 2509
3 4189 4203 1910
3 3314 3954 3944
3 4696 4396 4858
3 3392 2296 3039
3 4762 4816 4312
3 2404 2775 1369
3 3812 4519 4028
3 4126 4335 4269
3 4416 4592 4133
3 4451 4452 4570
3 2560 1886 1198
3 4511 4943 4808
3 3306 2942 2933
3 378 1826 1792
3 4511 4621 4569
3 4012 3012 3314
3 4565 4175 4620
3 2142 1826 378
3 4619 4755 4806
3 735 4149 3476
3 4249 4617 4100
3 2819 1486 442
3 4757 4250 4174
3 3368 4350 3739
3 2518 93 161
3 3201 2937 3117
3 4750 3938 4804
3 1503 2837 1834
3 3027 3778 3799
3 4382 4307 4803
3 533 1832 1341
3 3648 4278 3944
3 4751 4093 4747
3 4747 4093 4613
3 278 2710 247
3 2884 2240 341
3 4438 4381 4612
3 4437 4438 4686
3 4419 2313 2292
3 4089 4974 4166
3 4686 4011 4437
3 516 1000 4329
3 4011 4686 4502
3 4302 4558 4501
3 4557 4502 4683
3 4681 4435 4500
3 4501 4558 4746
3 2664 3354 619
3 8 548 1596
3 4558 4243 4090
3 1723 1566 1681
3 4868 4869 4910
3 4499 4975 4090
3 4166 4679 4301
3 4745 4799 4300
3 4432 4300 4799
3 4179 3956 3955
3 698 4607 4374
3 2927 449 2201
3 4237 4678 4009
3 2952 3323 2576
3 2098 3068 4360
3 26 1214 1199
3 4629 1374 4343
3 4674 4369 4368
3 4427 2236 333
3 228 3348 3338
3 515 4979 2341
3 3356 1836 3726
3 4232 4792 4494
3 4232 4363 4792
3 4666 4490 4289
3 4425 4490 4926
3 4216 4351 3907
3 4736 4666 4358
3 3944 3553 3616
3 4424 4737 4216
3 4129 2673 1948
3 4872 4962 4647
3 4662 4356 4423
3 542 2856 2863
3 249 2841 439
3 4482 4488 4352
3 834 385 4479
3 4881 552 4482
3 3390 218 2713
3 3134 3131 80
3 4483 1388 4598
3 2326 2683 2624
3 1517 1518 2863
3 4284 4210 4659
3 4598 4420 4483
3 1120 2847 2699
3 2943 3616 2586
3 4210 4656 4659
3 4706 1271 67
3 1595 417 2290
3 3659 4237 3585
3 4782 4544 4345
3 75 2091 2418
3 851 3925 2336
3 4473 4334 4725
3 4207 4477 4727
3 4988 1207 4989
3 3732 3602 3552
3 4543 4205 4653
3 4945 4625 917
3 4132 4544 4275
3 3300 2676 2008
3 4586 4272 4043
3 2934 2303 425
3 1160 2544 2213
3 4585 4586 4042
3 3621 1328 3242
3 4815 4563 4012
3 1867 1165 1029
3 4803 4751 4747
3 3944 3954 3936
3 4647 4837 4581
3 4584 3349 34
3 1650 1610 1464
3 4647 4406 4466
3 97 1756 112
3 4469 4468 4539
3 4464 4537 4322
3 4404 4711 4536
3 4398 4708 4459
3 3329 530 448
3 1263 3775 4392
3 4462 4533 4400
3 1344 1727 4306
3 4057 4279 3905
3 934 920 925
3 4533 4531 4772
3 4462 4536 4534
3 940 3570 868
3 1488 3377 3021
3 4704 4525 4862
3 4315 3358 4590
3 4846 4667 4551
3 3045 3058 333
3 4109 4188 4529
3 4528 4634 4524
3 2875 3185 777
3 4634 4457 4524
3 4258 683 1806
3 4699 4183 4188
3 4184 4574 4181
3 4527 4574 4184
3 244 692 4606
3 4973 4171 2944
3 3089 3067 106
3 4520 4818 3880
3 4052 2589 468
3 4183 4521 4105
3 4520 4633 938
3 4253 4762 4312
3 3956 4179 4516
3 1265 3136 3906
3 2807 4779 4782
3 1393 2916 2795
3 3220 1755 3233
3 3944 3616 3648
3 4450 4855 4621
3 4916 4722 350
3 4177 4568 4620
3 915 4389 4565
3 4100 4619 4251
3 3944 4278 3314
3 1269 1213 3231
3 4387 4386 4892
3 4251 4509 4102
3 4308 4507 4564
3 4308 4688 4442
3 2748 1386 594
3 4350 3368 4344
3 4748 4440 4562
3 4380 4439 4613
3 4494 4847 4366
3 813 810 2252
3 4502 4557 4169
3 213 221 1822
3 4516 4179 4623
3 4501 4559 4168
3 4011 4502 4169
3 3899 3695 3832
3 3724 3323 2952
3 701 3804 712
3 4432 4799 4498
3 4374 4607 4165
3 2296 1104 617
3 4373 4165 4795
3 4760 4897 882
3 367 1930 820
3 2754 1391 2101
3 4602 4426 4291
3 3481 4780 2809
3 4006 4743 4236
3 4168 3594 4302
3 2705 2200 18
3 817 716 1521
3 1836 2948 3726
3 367 2555 1930
3 2952 2602 3724
3 152 2375 1585
3 4054 121 111
3 3332 3333 4003
3 2221 4377 2961
3 1874 2242 538
3 2703 1716 284
3 4845 4787 4738
3 1273 2538 21
3 4129 2654 2673
3 4490 4224 4289
3 4428 4739 4602
3 112 4916 1308
3 4107 3440 1622
3 3616 3553 2586
3 2998 2378 937
3 3264 3657 2547
3 1948 1181 3067
3 4433 4244 4434
3 4492 4741 3170
3 732 1541 2265
3 3846 1869 3837
3 3063 1155 1537
3 4353 3848 4217
3 2978 3345 3344
3 1688 1663 2379
3 3313 3984 3309
3 2316 48 3027
3 2482 975 4900
3 1341 2023 2690
3 4142 531 4141
3 1612 3629 3621
3 4345 4058 4280
3 4656 4210 4480
3 4632 4254 4696
3 4595 4416 4418
3 2050 3915 4546
3 2978 3356 3345
3 4274 4477 4207
3 4340 4342 4341
3 3139 2294 4178
3 3368 1775 212
3 3883 3887 4186
3 2627 3356 2978
3 4340 4473 4587
3 4126 4337 4335
3 2658 3023 4019
3 4355 48 2316
3 4271 4726 4650
3 652 44 1144
3 862 2625 4247
3 3447 3092 2706
3 4642 4834 4464
3 4405 4266 4582
3 2140 4695 168
3 974 2294 2791
3 106 2432 1973
3 4327 4468 4407
3 4324 4466 4406
3 4717 4469 4775
3 4468 4469 4407
3 2232 3504 1533
3 4539 4775 4469
3 4639 4191 4638
3 3139 4178 2015
3 4392 3775 4095
3 4752 2797 2495
3 4404 4536 4319
3 4056 4341 4279
3 984 987 1701
3 989 1719 2631
3 3383 3019 3375
3 4911 4870 4834
3 4459 4317 4398
3 4398 4317 4316
3 3819 3887 3883
3 3961 4768 4259
3 3047 1701 987
3 533 1341 1771
3 4527 3960 4190
3 3729 2765 3402
3 1391 2754 2091
3 2046 956 2433
3 4314 4106 4109
3 3156 1589 501
3 4185 4525 4633
3 3778 2274 3766
3 4456 4457 4397
3 1585 2731 728
3 4109 4522 4699
3 2206 2493 2208
3 4717 4775 4716
3 4234 3902 760
3 4520 4185 4633
3 4842 4257 199
3 3565 3615 4571
3 3778 3027 2274
3 4515 3952 4511
3 4104 4518 4517
3 4511 4808 4515
3 4808 4623 4515
3 4394 4452 4451
3 3874 4451 4570
3 3427 1282 321
3 2327 451 2317
3 4475 3066 2342
3 4757 4508 4250
3 4100 4617 4619
3 2980 2943 2968
3 4051 4344 3368
3 4507 4388 4564
3 4447 4617 4249
3 4044 4123 4651
3 4442 4094 4308
3 4440 4172 4562
3 4562 3938 4750
3 4440 4749 4014
3 4658 3806 3791
3 4302 4501 4168
3 3970 768 1708
3 2702 125 1155
3 4242 4435 4556
3 3954 1692 1280
3 4240 4301 4300
3 4559 4503 4010
3 471 2823 2096
3 2596 3339 1933
3 4676 4555 4373
3 4496 3929 4369
3 4294 3784 4295
3 1454 4927 1453
3 4789 4788 207
3 2501 1343 2844
3 4495 4294 4553
3 4688 4308 4564
3 4495 4672 4229
3 1674 517 2079
3 1780 2073 2074
3 2579 2596 1933
3 1741 611 2114
3 923 337 2846
3 4493 4428 4229
3 1303 1431 1347
3 4111 2647 83
3 97 3723 1756
3 4428 4602 4159
3 259 3155 249
3 471 513 2823
3 4521 4628 4105
3 2027 204 3898
3 4666 4289 4071
3 116 2465 615
3 2331 3430 3066
3 4213 4140 4352
3 925 4519 4761
3 4212 4356 4483
3 1666 3981 3637
3 4283 3907 4351
3 4351 4600 4283
3 4352 4488 4213
3 3767 2765 105
3 3067 3824 1948
3 4282 4420 4598
3 4486 4733 2127
3 3903 4281 4138
3 4593 4656 4480
3 2752 3056 2836
3 4279 4545 4593
3 1492 2914 4672
3 1787 2797 4752
3 4233 1787 4752
3 4207 4414 4277
3 4341 4130 4340
3 3988 4416 4133
3 1897 1497 1499
3 4098 4099 4250
3 3817 2352 3080
3 4128 4204 4337
3 111 121 422
3 874 1801 3432
3 4899 1791 991
3 4125 4726 3973
3 4334 4047 4044
3 4896 4449 4807
3 4123 4328 4472
3 4259 4768 4458
3 4121 4271 4333
3 4332 4269 4411
3 1783 2140 2838
3 2375 152 710
3 4267 4541 4199
3 3349 4584 3333
3 1446 2146 3101
3 4332 4649 4330
3 1461 4393 2251
3 4328 4197 4327
3 4095 4364 4392
3 4119 4330 4327
3 4407 4328 4327
3 4397 4457 4455
3 1718 3023 618
3 2459 4263 3534
3 4319 4326 4404
3 4322 4324 4325
3 4464 4322 4261
3 4323 4319 4400
3 4058 4209 3987
3 4319 4462 4400
3 735 4219 4523
3 1351 928 1319
3 4316 4317 4256
3 3372 102 1754
3 4190 4314 4823
3 4186 4525 4185
3 4188 4110 4529
3 2070 570 2725
3 602 2291 1897
3 4527 4184 4187
3 4106 4522 4109
3 67 1722 3061
3 3951 3939 1697
3 4212 4483 4420
3 3517 2895 1912
3 4454 4030 4572
3 4215 4286 4076
3 3812 3879 4519
3 4180 3565 4571
3 683 2812 1806
3 3874 4570 4512
3 4451 3810 4394
3 1411 2567 459
3 3951 2829 1558
3 3950 4103 4177
3 3950 4512 4103
3 3677 4362 732
3 1912 2895 1903
3 4679 4745 4301
3 4950 203 1109
3 3856 2737 2746
3 4756 4564 4508
3 4862 4983 4704
3 4564 4388 4508
3 4873 4718 247
3 4384 4385 4383
3 4018 4017 4383
3 4442 4441 3599
3 4804 3863 4441
3 1923 2903 3526
3 1923 364 2252
3 4014 4749 4381
3 1934 646 4203
3 4093 3734 4613
3 2598 2943 2586
3 4246 4381 4438
3 2162 2163 2136
3 4788 4925 207
3 4026 4176 3949
3 4167 4435 3721
3 2819 442 2511
3 4500 4435 4167
3 4435 4242 3721
3 3808 1140 3096
3 3451 403 3477
3 4151 3465 3806
3 4009 4744 4238
3 4165 4607 4795
3 3927 3786 3717
3 3826 4128 4126
3 4237 4496 4370
3 4006 4297 4743
3 4368 4369 3929
3 3120 755 4510
3 3786 3927 4674
3 3333 2634 1709
3 4742 3927 4164
3 3927 4742 4674
3 1853 1982 1924
3 2114 2761 1741
3 4292 4161 4495
3 4495 4229 4292
3 4232 4366 3855
3 4232 4494 4366
3 4522 4106 4312
3 4230 4363 4232
3 4305 4306 1727
3 4603 4605 2873
3 4157 4363 4230
3 4536 4711 4774
3 4666 4357 4358
3 2029 1123 505
3 4425 4220 4222
3 4118 4035 4117
3 4356 4218 4287
3 4358 4357 4213
3 2658 3365 645
3 481 2576 3795
3 4639 4640 4824
3 4217 3998 4486
3 1677 3643 3317
3 4287 4423 4356
3 3675 2929 3681
3 4356 4212 4218
3 1432 121 2768
3 4486 4075 4733
3 1649 1351 1319
3 4282 4280 4061
3 3909 4063 4144
3 4733 4075 4284
3 4284 4286 4144
3 2393 982 4005
3 1130 981 944
3 4007 3719 3586
3 1874 538 1045
3 4061 4420 4282
3 4918 3900 2211
3 2046 2050 4546
3 4460 3846 3837
3 4573 4455 4457
3 4341 4545 4279
3 4209 4132 3987
3 2929 1809 2573
3 4725 4587 4473
3 4125 3980 4275
3 4275 4413 4125
3 4275 4476 4413
3 4127 4653 4205
3 4336 4334 4473
3 4126 4128 4337
3 4047 4334 4336
3 4426 4152 4291
3 2795 4550 3530
3 3255 2920 3244
3 4269 4335 4411
3 4586 4043 4042
3 4650 4333 4271
3 4473 4340 4336
3 3164 3529 2799
3 4199 4585 4039
3 4214 3433 1787
3 4541 4585 4199
3 431 3148 4247
3 3613 3874 3872
3 3997 4076 4075
3 4045 3377 557
3 4267 4406 4541
3 4262 4261 4322
3 4404 4266 4405
3 125 2702 2706
3 4161 3926 4084
3 4920 4178 1513
3 3242 3246 3621
3 4406 4267 4325
3 4266 4404 4326
3 4264 4326 4323
3 4325 4324 4406
3 4264 4262 4116
3 4319 4323 4326
3 2459 3538 4263
3 4638 4191 3884
3 4118 4267 4120
3 4481 3486 4471
3 4262 4401 4261
3 4316 3885 3888
3 4113 4114 4399
3 1692 758 1280
3 1116 1352 352
3 4110 4191 4639
3 4186 4399 4525
3 4108 4314 4190
3 4424 4426 4738
3 4247 2440 4547
3 3960 4527 4187
3 2207 2390 2083
3 4059 3911 4065
3 4106 4314 4108
3 4320 3047 3057
3 1241 4990 4871
3 3901 1638 516
3 3815 4183 4105
3 1301 1697 3939
3 4032 4454 4396
3 3880 4572 4030
3 878 862 3876
3 3332 3651 2980
3 2851 186 3773
3 4179 4515 4623
3 4445 4249 3867
3 4643 4534 4536
3 4511 4176 4310
3 4026 4450 4310
3 4449 4450 4026
3 2616 1176 122
3 1415 3735 1809
3 2404 587 2775
3 4508 4388 3555
3 3867 4387 4445
3 3498 3882 3747
3 3300 2008 3289
3 4388 4507 4097
3 3108 1228 4489
3 4307 4017 3940
3 4442 3802 4094
3 3389 4364 4095
3 310 4378 290
3 4172 3938 4562
3 1903 2148 1217
3 471 4595 4597
3 4245 4439 4170
3 4503 4439 4245
3 4435 4681 4556
3 2761 2114 3394
3 4168 4559 4010
3 4302 4243 4558
3 891 387 3110
3 3722 4500 4167
3 3792 4169 3593
3 4004 906 2873
3 4802 1069 2125
3 4166 4301 3931
3 4934 3004 4977
3 4240 4300 4088
3 4300 4432 4088
3 3587 4498 4374
3 4211 3119 3877
3 3479 3859 3935
3 4087 4374 4165
3 834 4479 1671
3 1034 4510 3881
3 3937 3935 4170
3 3728 3859 3479
3 4370 4496 4886
3 3655 4006 4236
3 3220 3598 365
3 4161 4084 4294
3 1820 1486 2819
3 940 1284 3570
3 4294 4495 4161
3 1065 2501 3892
3 3855 4366 3783
3 652 1144 1537
3 71 3530 4550
3 3983 2491 3978
3 1298 1079 47
3 4180 3879 3957
3 4962 2775 4914
3 251 3822 395
3 4229 4428 4159
3 4424 4216 4150
3 2925 417 1595
3 640 548 4139
3 4426 4150 4152
3 4362 4745 732
3 4805 815 1617
3 4071 4357 4666
3 4197 3972 3890
3 1352 1116 2868
3 3920 4001 3923
3 3584 2502 2868
3 350 4915 299
3 1350 3044 4673
3 3981 1666 2690
3 4286 4284 4075
3 4345 4544 4209
3 3657 4629 4354
3 2573 3681 2929
3 2342 4143 3829
3 4145 4212 4065
3 4144 4210 4284
3 4061 4212 4420
3 4958 122 1176
3 4144 4063 4210
3 4548 4060 4138
3 4210 4063 4480
3 1078 848 972
3 1518 971 2863
3 4418 4283 4597
3 962 1869 3486
3 2699 3916 3199
3 2706 3092 2375
3 1019 3206 1958
3 3834 4277 3761
3 4341 4342 4545
3 4281 4277 4414
3 489 911 3289
3 4048 4205 4274
3 1757 4020 1403
3 3823 913 923
3 3979 4127 4205
3 1127 1352 2502
3 3306 3294 3688
3 2281 929 3465
3 4223 4146 4215
3 287 1475 1751
3 114 2010 210
3 1350 830 1779
3 3353 3260 3259
3 4269 4332 4198
3 1994 4485 4487
3 753 2307 3714
3 4267 4199 4120
3 4196 4333 4194
3 3631 3630 3635
3 3635 3697 3631
3 4265 4326 4194
3 2380 4465 1587
3 4323 4262 4264
3 4266 4326 4265
3 4264 4194 4326
3 4262 4322 4117
3 4325 4117 4322
3 2347 2178 2539
3 4323 4400 4401
3 4461 4114 4260
3 4114 3962 4260
3 4113 4399 4186
3 3887 4113 4186
3 3306 3688 3713
3 4256 4317 3685
3 4631 977 4096
3 3842 1013 1477
3 4189 3486 4481
3 1118 3192 4228
3 2052 3915 2050
3 3420 4105 3884
3 911 3933 1291
3 2081 824 2817
3 2232 2558 3504
3 3759 3758 3977
3 4551 4426 4602
3 4184 4181 4253
3 1626 2641 878
3 3814 4520 3880
3 1903 2575 2884
3 4003 4815 3992
3 469 1639 4561
3 3873 3952 4515
3 4419 4137 2313
3 2215 210 4946
3 3872 4512 3950
3 4177 4024 3950
3 3869 4509 4026
3 4508 4098 4250
3 4449 4026 4509
3 1486 1820 696
3 4174 4099 4101
3 911 2655 3289
3 4388 4097 3555
3 4385 4018 4383
3 4386 3942 4385
3 3724 3713 3323
3 3037 3047 4318
3 4093 4307 3940
3 3863 3599 4441
3 2079 517 2817
3 4172 4440 4092
3 3734 4091 4613
3 4380 4613 4091
3 3975 3287 1381
3 4170 4380 4091
3 3045 4408 4980
3 3264 3660 3657
3 4433 4499 3663
3 4432 4241 3541
3 4245 3858 4503
3 3931 4301 4240
3 4434 4244 3857
3 4241 4498 3587
3 4238 3930 4009
3 3465 1850 3806
3 4373 4297 4007
3 1395 4365 4036
3 4236 4295 3784
3 4886 4606 4370
3 3309 2018 3317
3 3783 4366 4164
3 1514 2205 262
3 3854 4292 4002
3 2023 1341 1832
3 4232 4082 4230
3 4290 4159 4602
3 4230 4080 4157
3 4080 4230 4082
3 4425 4363 4220
3 4157 4220 4363
3 4147 4423 4156
3 2933 2924 3674
3 3106 3806 1850
3 4150 4426 4424
3 2647 1928 83
3 4881 506 539
3 4157 4287 4220
3 4157 4225 4287
3 4019 4051 2658
3 4925 1486 696
3 2942 3713 3726
3 3228 3040 3121
3 4940 4688 2148
3 4287 4218 4220
3 4074 4291 4152
3 4290 4223 4215
3 44 29 1144
3 1831 496 1613
3 4158 4577 1570
3 2454 411 3904
3 4220 4145 4222
3 4073 4224 4222
3 4849 1394 530
3 4071 4289 4072
3 4220 4218 4145
3 4132 4275 4131
3 3294 2933 3674
3 602 1122 1922
3 4486 3998 4075
3 735 4523 3881
3 2140 1783 1440
3 3294 3674 3675
3 272 2722 866
3 2290 920 420
3 4146 4286 4215
3 3681 3688 3675
3 3913 3993 4357
3 4218 4212 4145
3 4357 3993 4213
3 4146 4144 4286
3 4423 4147 4067
3 1579 1973 2432
3 1677 3654 3643
3 1085 3933 911
3 4061 4065 4212
3 3914 3848 4142
3 4610 3225 1328
3 934 424 420
3 3832 4204 4128
3 1850 1847 3106
3 4020 0 1403
3 1360 365 3598
3 2175 1714 1715
3 3641 3642 3919
3 4952 1006 4820
3 3846 4460 4471
3 4416 3838 4418
3 4281 3903 4277
3 1278 254 3164
3 2265 1541 3705
3 4310 4450 4621
3 613 389 4444
3 4204 4133 4592
3 3980 4131 4275
3 4048 3979 4205
3 4601 4590 4339
3 4601 4339 4347
3 577 4872 4069
3 4458 4768 4398
3 1620 42 2939
3 4350 4344 114
3 4806 1645 364
3 2528 4883 3233
3 4271 4121 4041
3 3854 4002 3852
3 3713 3688 3681
3 3972 4123 3974
3 3971 4120 4039
3 3968 4038 4121
3 424 2288 420
3 2905 3954 2603
3 4198 4332 4330
3 1477 3339 486
3 3968 4196 3965
3 3590 4243 3473
3 4328 4123 4197
3 3968 4121 4196
3 4330 4119 4198
3 4325 4267 4118
3 3323 3713 3681
3 4333 4265 4194
3 4196 4194 4193
3 4196 4193 3965
3 3965 4193 4116
3 4118 4117 4325
3 4193 4194 4264
3 602 1844 1122
3 4116 4193 4264
3 4262 4117 4116
3 4316 3888 4458
3 4458 3888 4259
3 4253 4031 4184
3 3039 4412 4409
3 2125 3579 2116
3 3713 2942 3306
3 3679 4254 4997
3 3882 4188 4183
3 4466 4324 4322
3 4627 3884 4105
3 3883 4186 4185
3 2148 2884 341
3 4162 3151 2482
3 3679 4696 4254
3 3814 4185 4520
3 3412 3266 3454
3 3565 4180 3957
3 3518 2517 3892
3 1892 1771 5
3 4104 3811 4518
3 3567 3745 3617
3 4104 4394 3875
3 3593 3285 2930
3 2933 2942 2567
3 4621 4511 4310
3 4201 2009 3108
3 3845 4150 3843
3 4348 1845 4151
3 4250 4099 4174
3 1452 4690 139
3 4508 3555 4098
3 247 2710 2694
3 4386 4387 3395
3 1298 489 928
3 3601 3938 4172
3 4140 4060 4352
3 4092 4440 4014
3 387 891 4943
3 4815 4012 3992
3 4091 3734 3937
3 646 1910 4203
3 3666 4168 4010
3 4302 3473 4243
3 4557 3722 4169
3 2537 4637 2528
3 1903 3195 2575
3 4674 4368 3786
3 3857 4238 4434
3 3719 4007 4297
3 3786 4368 3656
3 1519 1520 1036
3 3659 4496 4237
3 3929 4496 3659
3 1674 2079 3025
3 4236 3784 3652
3 3455 913 3823
3 4292 3926 4161
3 3344 3345 3724
3 2602 3344 3724
3 3223 3275 3370
3 3584 3207 2502
3 4002 4229 4159
3 4423 4287 4156
3 2327 1983 1629
3 4290 4215 4159
3 4576 4456 4630
3 4658 3791 1299
3 4156 3920 4078
3 4159 4215 4076
3 3054 4969 4481
3 2183 2238 2234
3 2454 917 411
3 2011 1933 3339
3 3917 3998 4217
3 4289 4224 4073
3 4584 4003 3333
3 4288 635 634
3 4223 4291 4074
3 4217 3850 3917
3 4222 3994 4073
3 3845 4074 4152
3 2333 1626 851
3 4019 2010 4051
3 1622 3440 3455
3 4067 4147 3995
3 4390 2011 3339
3 2912 1387 2541
3 2023 1832 2018
3 2982 4393 1461
3 3688 3294 3675
3 4068 3911 3910
3 4140 3993 4064
3 4216 3907 4150
3 3183 2303 2312
3 3914 4142 4141
3 3765 4060 4140
3 982 1688 4304
3 4065 4061 4059
3 3170 4178 3162
3 4480 4063 3905
3 4512 3872 3874
3 3603 3940 4017
3 1445 4849 3289
3 1609 1600 1596
3 4059 4280 4058
3 940 1719 938
3 4053 982 564
3 4658 4151 3806
3 982 2393 3043
3 3834 4274 4207
3 3840 3706 4057
3 2375 3092 2731
3 4133 4204 3832
3 3047 3037 1701
3 4565 4389 4175
3 3979 4272 4127
3 4199 4039 4120
3 4620 4175 4177
3 3979 4046 4272
3 1806 1084 3536
3 4307 4093 4751
3 3974 4123 4044
3 4995 344 3746
3 3628 3695 3690
3 4038 4041 4121
3 2292 3392 4409
3 3966 4120 3971
3 3972 4197 4123
3 4198 4122 4269
3 886 980 1042
3 4119 3890 3967
3 4035 4116 4117
3 4114 4113 3887
3 3963 4191 4110
3 3821 3963 4110
3 4531 4709 4772
3 1737 3354 3358
3 1722 2085 3061
3 3856 2746 4195
3 1658 882 3818
3 2625 878 2641
3 4696 3496 4396
3 3827 4128 3826
3 4518 3811 3878
3 2430 3068 603
3 2489 1026 3193
3 3874 3810 4451
3 3743 4176 3952
3 4102 4509 3869
3 4101 4389 4174
3 1755 3220 2622
3 4101 4099 3945
3 4099 4098 3807
3 2656 1090 1649
3 4333 4196 4121
3 1544 1698 1382
3 149 307 325
3 4779 4476 4544
3 2313 4137 3426
3 3866 4018 4385
3 2627 1874 1982
3 3940 3803 4093
3 449 456 2201
3 1741 2759 2101
3 797 4982 3351
3 1087 1339 1296
3 4872 577 2775
3 4996 2307 4976
3 4815 205 196
3 4170 4439 4380
3 3862 4014 3794
3 3881 4510 755
3 3935 3859 4170
3 2718 4631 4096
3 2724 2208 2646
3 4245 4170 3859
3 4373 4795 4676
3 3662 4240 4088
3 2087 3139 2015
3 4294 4084 3784
3 4591 3976 3193
3 2396 2009 3113
3 3153 3921 226
3 3792 4011 4169
3 3473 4302 3594
3 3543 3040 3228
3 4090 4243 3590
3 2114 2765 3729
3 4242 4089 3931
3 3789 4238 3857
3 3416 3364 3268
3 4244 4433 3663
3 2655 911 3589
3 2316 3799 3430
3 4175 3948 4024
3 1019 3192 3206
3 2440 3337 3424
3 1643 1615 4860
3 3447 3063 3426
3 3785 3927 3717
3 670 3111 190
3 2015 4178 4920
3 3088 1428 4077
3 4143 3066 3813
3 3613 3357 3614
3 4724 3447 4137
3 4292 4229 4002
3 4225 4080 4001
3 3997 4002 4159
3 129 1139 4907
3 4159 4076 3997
3 3919 3999 3998
3 54 239 3762
3 4001 3920 4156
3 3999 3997 4075
3 4788 4490 4666
3 497 706 705
3 4969 4189 4481
3 4072 4289 4073
3 3848 3850 4217
3 2016 4211 4513
3 3423 2718 2722
3 905 481 3795
3 4222 4145 3994
3 4152 4150 3845
3 4223 3909 4146
3 3775 1801 4095
3 1688 2379 4304
3 2817 4843 1536
3 4145 4068 3994
3 1694 4000 1691
3 1785 3101 2146
3 3092 3447 4753
3 4390 2258 3375
3 4900 1006 2482
3 4463 4158 2704
3 3989 3907 4283
3 3909 3905 4063
3 4142 3848 4353
3 1791 1017 3196
3 2795 3921 4550
3 990 940 938
3 4060 3990 4138
3 3765 3990 4060
3 1714 2175 4315
3 4203 4189 4969
3 2799 108 3922
3 4396 3958 4032
3 333 2237 2232
3 3839 4058 3987
3 2726 3095 4465
3 4279 4057 4056
3 3836 3839 3987
3 4341 4056 3985
3 3641 3459 3642
3 3462 3642 3459
3 3987 4132 3982
3 4681 753 4556
3 4130 4341 3985
3 3973 3693 4125
3 4359 4347 4339
3 89 1260 91
3 4262 4323 4401
3 4047 4336 3977
3 4047 3974 4044
3 3827 3896 3899
3 4272 4046 4043
3 4122 4126 4269
3 4796 976 4793
3 109 148 162
3 3125 4257 2811
3 1225 57 39
3 4040 3964 3971
3 4985 1301 2814
3 4487 4489 1994
3 1891 1616 1214
3 4198 4119 3967
3 3125 1808 4257
3 4197 3890 4119
3 3753 3756 3830
3 3888 3889 4259
3 3867 3400 3395
3 1779 830 2718
3 3962 3886 3685
3 3957 3567 3566
3 4190 3960 4108
3 4444 4963 2301
3 4882 1388 4483
3 3882 4183 3747
3 3337 2440 4247
3 1198 1886 784
3 1473 449 1395
3 4421 3787 707
3 4417 4933 3778
3 4417 3778 3766
3 4184 4031 4187
3 3747 4183 3815
3 3620 3523 3958
3 1065 3892 2517
3 3618 4696 3679
3 3812 4028 3878
3 4030 4454 3497
3 3814 3880 3569
3 2449 2302 2300
3 4031 4253 3568
3 712 3804 224
3 3834 4207 4277
3 4179 3563 4515
3 1298 47 1085
3 3475 3540 3541
3 568 581 545
3 3612 3949 4176
3 3949 3869 4026
3 1199 1214 1609
3 3868 3943 4100
3 3943 3605 3867
3 3807 4098 3555
3 3867 3605 3346
3 3627 3119 3113
3 3522 3814 3569
3 2538 916 1059
3 3736 4097 4507
3 2847 1343 2699
3 1784 3661 3671
3 3395 3738 4386
3 4386 3738 3942
3 4059 4061 4280
3 3674 3660 3264
3 2238 2455 2984
3 3066 4134 3813
3 1478 2258 1172
3 2867 3851 4484
3 2246 2217 2407
3 3938 3800 3863
3 3395 4387 3867
3 4513 4211 1032
3 3794 4014 4246
3 4548 4482 4352
3 3134 2819 3131
3 4499 4090 3663
3 4023 4988 1177
3 4010 3858 3544
3 2009 1228 3108
3 3721 4242 3932
3 3932 4242 3931
3 3931 4240 3662
3 3377 4045 2251
3 2116 3579 4591
3 4580 4582 4838
3 3585 4237 4009
3 3656 3929 3535
3 3855 3783 3647
3 3973 4271 4041
3 4082 3923 4001
3 3999 4002 3997
3 4080 4225 4157
3 3918 3919 3917
3 3920 3576 4078
3 3919 3998 3917
3 4078 3995 4147
3 4257 1808 684
3 3640 3850 3848
3 4802 3897 2925
3 4764 3853 2737
3 4073 3994 4072
3 4074 3909 4223
3 378 1792 955
3 4651 4916 4725
3 4074 3845 3909
3 3726 3724 3345
3 3218 1292 1284
3 3910 3994 4068
3 3909 4144 4146
3 4064 3993 3769
3 3907 3843 4150
3 3699 3635 3630
3 3911 4068 4065
3 4350 4364 3739
3 3948 3559 3452
3 4682 3377 3755
3 1415 2929 2923
3 3989 4418 3838
3 3839 4059 4058
3 3989 3764 3907
3 4685 4677 3375
3 3247 2312 2303
3 3903 3761 4277
3 4131 3982 4132
3 174 2066 3167
3 3247 2317 2312
3 3695 3835 3832
3 3626 4274 3834
3 3757 3982 4131
3 4133 3832 3835
3 3757 4131 3980
3 3977 4130 3759
3 4820 1006 4900
3 174 1429 2066
3 1718 3012 4293
3 587 2404 3352
3 3633 3634 3835
3 3899 4128 3827
3 3830 3693 3973
3 3979 3687 4046
3 1824 3455 3440
3 3974 4047 3831
3 3432 2742 284
3 2464 3744 1768
3 3896 3972 3974
3 4041 4038 3893
3 4042 4043 3891
3 3972 3894 3890
3 3893 4038 4040
3 3893 4040 3971
3 2444 1252 1586
3 600 664 682
3 4039 3891 3971
3 2538 1629 916
3 4040 4038 3968
3 4122 4198 3967
3 2876 1376 3246
3 4423 4141 4662
3 3971 3964 3966
3 3968 3965 4040
3 4040 3965 3964
3 3965 4035 3964
3 3965 4116 4035
3 4017 4382 4383
3 3966 3964 4118
3 4003 205 4815
3 2547 3657 4354
3 3889 3683 3961
3 2894 4504 2903
3 3961 3683 3679
3 3679 4997 3961
3 3748 4108 3960
3 3821 4110 4188
3 364 2301 813
3 3440 4107 3425
3 1194 4155 4443
3 196 4563 4815
3 1639 1381 2346
3 4393 4918 3755
3 3880 4030 3569
3 1923 2252 2903
3 3812 3745 3879
3 4985 2814 282
3 1199 1609 1188
3 3811 4104 3875
3 1768 3744 1440
3 1830 615 2465
3 4272 4586 4653
3 1622 3823 1194
3 4106 4108 3748
3 3869 3949 3870
3 2232 4922 4408
3 3315 4023 1932
3 3946 3741 4100
3 3947 3946 4102
3 3740 4099 3807
3 2888 800 3510
3 3807 3555 3805
3 3868 4100 3741
3 3737 4018 3866
3 243 730 3822
3 3733 3602 4092
3 1098 508 3290
3 4601 762 4590
3 3734 3803 3672
3 1182 867 952
3 3862 3733 4092
3 4014 3862 4092
3 3797 3796 3937
3 3937 4170 4091
3 1741 2761 2759
3 2258 1013 1777
3 3937 3796 3935
3 3675 3674 3277
3 3671 4052 2562
3 3859 3793 4245
3 3976 3970 2489
3 4245 3793 3858
3 250 4003 4584
3 4078 3711 3995
3 4438 4437 3507
3 2053 1830 1724
3 1694 1701 3037
3 3541 3588 4088
3 3663 4090 3590
3 4523 360 3881
3 2535 2910 4036
3 859 3978 2488
3 2924 3660 3674
3 4446 826 4941
3 3790 3539 3932
3 3720 4373 4007
3 2471 3153 226
3 193 4711 218
3 4165 3720 3471
3 4373 3720 4165
3 2743 350 299
3 3904 411 3040
3 3983 4305 344
3 3207 3584 1068
3 4006 3583 3719
3 4065 4068 4145
3 4571 4761 4180
3 1742 1817 1539
3 4039 4585 4042
3 4001 4080 4082
3 352 4306 1116
3 4642 4831 4834
3 2164 1755 391
3 3785 3783 3927
3 3781 3777 3923
3 3781 3923 4082
3 2139 1432 3413
3 3308 3172 3399
3 4561 391 3261
3 4164 3927 3783
3 1109 2891 213
3 3777 3920 3923
3 3852 3999 3919
3 4861 4601 4347
3 3711 4078 3576
3 3850 3918 3917
3 328 327 309
3 3847 4071 4072
3 2596 486 3339
3 3080 2726 3817
3 4694 2654 4129
3 4359 4876 4347
3 4922 2232 1533
3 3844 3913 3847
3 3847 3710 3844
3 4604 4252 2509
3 3914 4141 4067
3 845 875 4506
3 3843 3907 3764
3 4057 3905 3840
3 3909 3840 3905
3 3911 4059 3839
3 534 1853 1924
3 3700 3839 3836
3 3982 3836 3987
3 355 397 4543
3 2535 1376 2910
3 2810 2066 1429
3 218 41 193
3 3689 3977 3758
3 3757 3980 3693
3 3111 4710 4112
3 4004 4331 4343
3 3856 4773 2737
3 2980 3616 2943
3 4047 3977 3831
3 4876 3391 4096
3 2327 2317 1983
3 4883 4626 4888
3 3962 4317 4260
3 3690 3899 3896
3 3690 3896 3828
3 3831 3828 3974
3 3974 3828 3896
3 3830 3893 3753
3 3827 3751 3894
3 3826 3751 3827
3 1761 1765 1915
3 3938 3601 3800
3 3973 3893 3830
3 942 1374 2541
3 2627 2979 3356
3 2292 1144 29
3 1616 1891 54
3 370 317 349
3 3889 3961 4259
3 4511 3952 4176
3 3731 3669 3547
3 3886 3887 3819
3 3571 3420 3884
3 3963 3884 4191
3 3883 3680 3819
3 3748 3960 3682
3 4256 3885 4316
3 4253 4312 3568
3 3883 4185 3814
3 3418 3497 4032
3 2674 2998 937
3 3420 3815 4105
3 218 3390 41
3 3879 3745 3957
3 3998 3999 4075
3 2569 2752 2295
3 1254 2052 2050
3 1344 1107 1727
3 3878 3811 3678
3 3269 3571 3821
3 1059 916 64
3 4160 4460 3837
3 3873 3743 3952
3 2726 3080 3095
3 698 265 3650
3 3869 3870 4102
3 1818 1816 1815
3 4055 1941 16
3 3947 4102 3870
3 3740 3945 4099
3 3807 3608 3740
3 2888 2574 800
3 3400 3867 3346
3 979 1708 2480
3 380 2580 3526
3 3736 4507 4094
3 4018 3603 4017
3 3734 3672 3600
3 2453 1756 3723
3 3512 3550 3601
3 1992 2134 1678
3 3730 4246 4438
3 1921 156 1176
3 3798 3860 3864
3 3860 3798 3862
3 3741 3609 3868
3 3670 3864 3861
3 4002 3999 3852
3 3864 3860 3861
3 2929 3675 3277
3 3862 3794 3860
3 4721 859 2488
3 3796 3479 3935
3 3730 3794 4246
3 3793 3859 3728
3 1157 906 3451
3 2449 2717 2345
3 4168 3666 3594
3 3120 4510 4208
3 4244 3663 3665
3 2251 3755 3377
3 748 3709 1556
3 3662 4088 3588
3 3663 3437 3665
3 1638 2697 1018
3 3932 3931 3790
3 2909 3258 3515
3 3930 4238 3789
3 1280 2603 3954
3 4471 756 4481
3 3659 3535 3929
3 1537 1144 2313
3 4006 3655 3583
3 4481 756 3054
3 3652 3784 3468
3 1363 2030 1268
3 4312 4106 3568
3 3724 3726 3713
3 4084 3926 3646
3 4071 3913 4357
3 3345 3356 3726
3 3408 3452 3407
3 2572 1652 2550
3 3782 3646 3926
3 3782 4292 3854
3 332 2750 321
3 3781 4082 3855
3 3715 3780 3644
3 3779 3854 3852
3 3715 3774 3777
3 3776 3852 3919
3 3774 3920 3777
3 3685 3886 3321
3 1436 550 4923
3 4741 4178 3170
3 3919 3918 3641
3 3576 3920 3774
3 2139 3433 150
3 4359 1350 3391
3 2433 1636 4163
3 4067 3995 3914
3 3640 3848 3914
3 3342 3670 3205
3 1663 2616 1607
3 4925 4924 442
3 4072 3994 3847
3 3994 3910 3847
3 365 1360 3562
3 3845 3843 3768
3 3844 3769 3993
3 3037 4313 1694
3 2051 16 968
3 3899 3832 4128
3 1513 4178 4741
3 3845 3840 3909
3 3911 3763 3910
3 3843 3764 3768
3 424 1265 2288
3 4720 354 87
3 3769 3765 4064
3 3911 3839 3763
3 3990 3765 3708
3 571 2728 2058
3 3558 3519 3489
3 3706 3985 4056
3 4470 2380 3853
3 4474 4485 2731
3 3392 3039 4409
3 3988 3634 3838
3 3761 3903 3699
3 3988 4133 3835
3 4409 4419 2292
3 4130 3985 3759
3 3513 3603 3737
3 2010 114 4051
3 977 4876 4096
3 3185 2560 1198
3 3695 3899 3690
3 3754 3979 4048
3 3756 3693 3830
3 3988 3835 3634
3 4694 4412 3039
3 3689 3690 3831
3 3690 3828 3831
3 3893 3686 3753
3 1807 1194 4443
3 3894 3972 3896
3 2647 4111 3766
3 196 4395 4563
3 3687 3891 4043
3 3826 4126 4122
3 3826 4122 3751
3 3971 3891 3893
3 3751 3890 3894
3 3435 2964 3376
3 4122 3967 3751
3 3967 3890 3751
3 4892 4445 4387
3 4195 2746 4202
3 2919 3228 3110
3 3963 3571 3884
3 3683 3416 3679
3 3682 3960 4187
3 3419 3821 3882
3 2581 2593 1117
3 4251 4102 3946
3 2748 2430 1386
3 4863 4306 4305
3 3569 4030 3497
3 1596 1188 1609
3 3811 3564 3678
3 4443 2087 1389
3 81 4371 97
3 4422 3430 3799
3 3615 3955 3956
3 3678 3812 3878
3 3955 3563 4179
3 3678 3617 3812
3 3563 3873 4515
3 4989 1207 215
3 3674 3264 3277
3 227 234 240
3 3945 3948 4101
3 1932 4023 1177
3 3608 3807 3805
3 2453 4066 3409
3 2023 2018 2676
3 4172 3732 3601
3 3862 3798 3733
3 3549 3548 3802
3 3863 3509 3599
3 3797 3937 3600
3 3447 4724 4453
3 538 2242 1018
3 3414 3457 3567
3 2454 3904 3906
3 1183 1256 2029
3 4437 4011 3668
3 3731 3860 3794
3 3383 3375 1478
3 3730 4438 3507
3 182 2862 190
3 2529 2802 730
3 4011 3387 3668
3 2622 3220 365
3 3593 4169 3722
3 2925 405 417
3 3542 3857 4244
3 4554 4019 4293
3 3557 3559 3945
3 3722 4167 3285
3 3285 4167 3721
3 2334 956 2046
3 3413 1432 2768
3 3790 3931 3662
3 4675 4885 1492
3 4087 3587 4374
3 422 4062 4727
3 3930 3537 4009
3 3585 4009 3537
3 3482 3403 3401
3 3285 3593 3722
3 466 2807 4782
3 4734 4353 4217
3 4051 114 4344
3 4236 3652 3655
3 3374 3583 3655
3 2091 4615 2418
3 3645 3780 3647
3 3427 321 2750
3 2096 2809 4921
3 3647 3780 3781
3 566 3354 1737
3 3780 3777 3781
3 3777 3780 3715
3 1364 2092 4994
3 3852 3776 3779
3 4350 520 4364
3 2221 876 482
3 3499 971 1165
3 1419 2674 508
3 3711 3573 3995
3 3995 3640 3914
3 684 1808 442
3 2807 1428 3767
3 3847 3910 3710
3 3844 3710 3769
3 3910 3763 3710
3 3769 3710 3639
3 3845 3768 3840
3 4492 4969 4741
3 468 482 474
3 830 2722 2718
3 3768 3706 3840
3 3769 3708 3765
3 3706 3768 3704
3 3700 3701 3763
3 3763 3839 3700
3 3989 3703 3704
3 2731 3092 4474
3 3634 3703 3838
3 1981 1181 668
3 2321 2307 2315
3 190 186 182
3 3706 3702 3985
3 3836 3982 3700
3 3982 3696 3700
3 2146 466 1388
3 3680 3883 3814
3 3346 3605 3448
3 3698 3759 3985
3 3362 3819 3680
3 3982 3757 3696
3 3698 3758 3759
3 2851 2804 3771
3 794 771 2227
3 3696 3757 3631
3 3692 3756 3691
3 585 2710 4706
3 3834 3691 3760
3 2654 4694 3039
3 259 3825 3155
3 3097 3266 3177
3 1039 1516 4163
3 4417 3766 4111
3 2693 3146 2695
3 3635 3636 3707
3 3891 3686 3893
3 3684 3889 3888
3 3518 4228 2517
3 3683 3889 3624
3 3654 1691 4000
3 2812 683 1479
3 4764 2908 3853
3 4175 4101 3948
3 3684 3624 3889
3 2232 2237 2558
3 3821 4188 3882
3 3885 3958 3523
3 3402 2765 3088
3 3419 3882 3498
3 3743 3612 4176
3 3682 4187 4031
3 2902 2937 3201
3 3568 4106 3748
3 1199 1188 1630
3 3496 3620 4396
3 4418 3989 4283
3 3456 3565 3566
3 2817 1536 2081
3 3957 3745 3567
3 1084 2138 3536
3 2201 4375 2927
3 3564 3811 3875
3 1757 4016 4020
3 1280 2112 2603
3 3613 3872 3809
3 558 2662 1957
3 3612 3519 3949
3 1558 2829 2480
3 3613 3614 3874
3 3263 3357 3310
3 2824 2184 4135
3 3519 3870 3949
3 3610 3557 3740
3 3945 3559 3948
3 2098 4360 4054
3 3394 2114 3729
3 3943 3868 3605
3 3881 360 1034
3 3670 3514 3864
3 3866 3551 3737
3 3738 3866 3942
3 4018 3737 3603
3 2386 65 4622
3 250 205 4003
3 3603 3803 3940
3 4093 3803 3734
3 234 3816 2529
3 4685 3375 3019
3 3770 3425 4107
3 4154 3969 4827
3 3548 4094 3802
3 4219 2027 4526
3 3860 3731 3861
3 3547 3478 3861
3 3547 3861 3731
3 4783 4206 2838
3 2641 1626 2333
3 3302 3550 3441
3 249 2790 2841
3 3954 2159 1692
3 3728 3438 3793
3 4437 3668 3507
3 3595 3793 3438
3 3793 3595 3858
3 3595 3544 3858
3 3858 4010 4503
3 3898 4234 4231
3 2952 481 1000
3 3506 3666 3667
3 3542 4244 3665
3 628 649 2654
3 3540 3588 3541
3 3385 4241 3587
3 4453 4753 3447
3 3932 3539 3721
3 3790 3662 3588
3 2856 1517 2863
3 3789 3537 3930
3 4130 3977 4336
3 3468 3784 4084
3 3471 4087 4165
3 4554 4563 4395
3 2919 386 2917
3 3586 3434 4007
3 4375 2201 2579
3 3656 3535 3431
3 817 3487 2544
3 1376 1473 2910
3 3429 3652 3468
3 3367 3501 3779
3 4084 3581 3468
3 2046 4546 2415
3 3781 3855 3647
3 4292 3782 3926
3 3647 3783 3649
3 3645 3647 3649
3 1772 1446 3101
3 342 4350 114
3 456 449 691
3 3779 3716 3782
3 3774 3461 3578
3 3461 3774 3715
3 3774 3578 3576
3 3649 3783 3785
3 1165 1867 2867
3 3573 3640 3995
3 3809 3872 3950
3 3640 3574 3850
3 3640 3573 3574
3 4492 4203 4969
3 3764 3704 3768
3 3710 3763 3639
3 3764 3989 3704
3 4465 2380 4470
3 3639 3763 3701
3 4590 762 4315
3 3639 3701 3707
3 4974 4556 753
3 3639 3707 3708
3 3706 3704 3702
3 3708 3707 3636
3 3704 3703 3702
3 542 1656 1254
3 3701 3700 3696
3 3703 3633 3702
3 3636 3635 3699
3 3633 3698 3702
3 3701 3697 3707
3 762 4601 164
3 3707 3697 3635
3 3697 3696 3631
3 3633 3628 3698
3 2859 1945 3199
3 4764 2737 4773
3 3630 3692 3691
3 3835 3695 3628
3 2274 1097 1897
3 3698 3628 3758
3 3591 196 205
3 3757 3693 3631
3 3985 3702 3698
3 3631 3693 3692
3 3699 3708 3636
3 3691 3756 3760
3 3628 3690 3689
3 3111 4112 190
3 190 4112 186
3 3754 4048 3626
3 3753 3686 3625
3 3631 3692 3630
3 3686 3891 3754
3 3687 3754 3891
3 407 517 1674
3 2563 1886 2560
3 3684 3888 3885
3 3886 3458 3321
3 3618 3679 3416
3 3073 3547 3597
3 3975 3002 1476
3 67 3057 585
3 3568 3682 4031
3 680 267 1664
3 800 2563 3510
3 3812 3617 3745
3 4582 4265 4333
3 3411 3563 3955
3 3810 3614 3564
3 3338 2144 4853
3 3491 3743 3873
3 3904 3040 3543
3 3452 4024 3948
3 2623 2226 2516
3 2631 3249 869
3 3558 3870 3519
3 3870 3558 3947
3 3798 3864 3482
3 3607 3605 3609
3 2275 164 4601
3 3605 3868 3609
3 3315 4027 1677
3 3805 3555 3515
3 4043 4046 3687
3 3875 4394 3810
3 3670 3604 3514
3 3738 3551 3866
3 3737 3551 3397
3 3253 1620 2939
3 3513 3803 3603
3 2291 2274 1897
3 3482 3733 3798
3 4092 3732 4172
3 115 725 1834
3 3231 1213 3561
3 3599 3549 3802
3 1663 2378 2379
3 3800 3201 3863
3 3863 3201 3509
3 3861 3480 3670
3 3024 2965 2843
3 3547 3669 3597
3 4984 3251 490
3 3507 3597 3730
3 820 1930 2907
3 3544 3667 4010
3 4241 3475 3541
3 3983 3978 998
3 383 1455 4896
3 1827 3455 1824
3 3285 3721 3539
3 3215 1930 1233
3 3506 3282 3473
3 3579 3207 1068
3 3435 3585 3537
3 4561 1639 2346
3 4007 3434 3720
3 3533 3656 3431
3 4155 1194 3823
3 3374 3655 3652
3 3717 3656 3533
3 2087 1863 3139
3 3716 3501 3369
3 2222 4171 3849
3 3782 3854 3779
3 1659 1393 3530
3 2213 2544 4171
3 1645 4444 2301
3 3574 3527 3918
3 3525 3711 3576
3 111 397 2098
3 3525 3573 3711
3 324 3718 310
3 3638 3528 205
3 3598 3220 1849
3 3167 3530 71
3 3638 205 250
3 3703 3634 3633
3 3633 3835 3628
3 2769 2858 2987
3 3756 3753 3760
3 3760 3625 3626
3 3263 3410 3357
3 4962 4837 4647
3 2986 4022 1263
3 3748 3682 3568
3 3685 3321 3524
3 3520 3408 3357
3 3625 3686 3754
3 3528 3591 205
3 1417 1565 1563
3 3524 3749 3685
3 1815 1735 1776
3 114 210 2215
3 1148 589 2852
3 4004 2873 4605
3 4013 2058 2728
3 3220 3233 1849
3 3418 3749 3363
3 3596 4668 4493
3 4566 3611 2674
3 976 4514 4793
3 3361 3620 3496
3 4626 4883 2528
3 3466 3275 3325
3 3316 3567 3617
3 4985 833 1301
3 3755 2251 4393
3 605 2378 3986
3 3565 3456 3615
3 3491 3873 3563
3 3564 3493 3678
3 1299 1263 4022
3 3810 3564 3875
3 1434 4966 4371
3 3453 3614 3410
3 4016 1757 3231
3 4024 3452 3809
3 3946 3947 3609
3 3740 3608 3610
3 1620 3253 3934
3 3610 3608 3516
3 3556 3449 3607
3 3095 1587 4465
3 2581 1102 2593
3 4097 3445 3555
3 3604 3554 3514
3 3482 3864 3514
3 380 386 383
3 3552 3602 3482
3 2159 3314 3012
3 2290 3243 1595
3 4972 716 1160
3 3797 3600 3442
3 2639 2760 2928
3 1009 2961 4070
3 2535 1612 3621
3 4658 2615 4151
3 4016 0 4020
3 224 206 179
3 2955 2641 2333
3 3730 3597 3669
3 371 317 370
3 2886 3288 3387
3 268 698 4848
3 4062 1432 4200
3 4827 3841 2361
3 3594 3666 3506
3 3497 4454 4032
3 3590 3473 3437
3 3437 3663 3590
3 3331 3285 3539
3 2704 3829 4463
3 831 272 866
3 2205 2540 262
3 3226 3146 2879
3 4153 4143 4148
3 2418 2728 75
3 841 56 305
3 520 4392 4364
3 2656 3280 2336
3 3361 3267 3417
3 3501 3716 3779
3 3785 3278 3649
3 2346 1381 3287
3 3782 3716 3646
3 283 1549 1160
3 3642 3367 3776
3 2001 2652 4566
3 3796 3797 3297
3 3780 3645 3644
3 3367 3779 3776
3 3641 3918 3527
3 2350 1649 2983
3 520 2986 4392
3 380 383 3808
3 3850 3574 3918
3 277 2462 1705
3 2149 379 3658
3 3753 3625 3760
3 2664 3358 3354
3 3625 3754 3626
3 3048 2404 3043
3 2292 29 609
3 3684 3885 3523
3 3448 3171 3168
3 3523 3361 3417
3 3814 3522 3680
3 3479 3297 3388
3 1834 2837 2525
3 3610 3488 3557
3 951 3183 4698
3 3496 4696 3618
3 2112 1280 1670
3 3522 3569 3318
3 4252 4604 2142
3 3456 3454 3615
3 3937 3734 3600
3 3614 3453 3564
3 520 339 2986
3 3792 3387 4011
3 245 1276 1656
3 3564 3492 3493
3 3614 3357 3410
3 1847 2742 3106
3 3489 3743 3490
3 561 3002 4298
3 3452 3520 3809
3 3490 3743 3262
3 3519 3743 3489
3 3743 3491 3262
3 4658 1299 2615
3 4347 4876 977
3 3559 3407 3452
3 2893 810 2574
3 3516 3608 3485
3 3607 3448 3605
3 3602 3733 3482
3 3485 3608 3805
3 644 1440 1783
3 3485 3805 3515
3 697 653 729
3 2581 3232 1102
3 3602 3732 4092
3 2688 3010 3009
3 3604 3342 3210
3 3604 3484 3554
3 1515 1024 1508
3 3401 3552 3482
3 1079 1298 928
3 3619 3637 3981
3 2528 4637 4626
3 1933 4660 2579
3 4637 2537 2547
3 1001 876 2221
3 0 4361 3661
3 3513 3672 3803
3 2742 3432 3791
3 3512 3343 3550
3 1586 394 904
3 3732 3512 3601
3 4094 3548 3736
3 3041 3341 3166
3 3478 3480 3861
3 4697 4419 4409
3 3388 3728 3479
3 4417 4111 4702
3 4241 3385 3475
3 3070 3595 3438
3 3247 3580 2317
3 3792 3593 3387
3 2625 4836 3337
3 174 3167 71
3 3542 3384 3857
3 3594 3506 3473
3 3364 3684 3417
3 3187 3107 3384
3 614 3824 3067
3 3380 3587 3379
3 3410 3263 3312
3 3537 3789 2965
3 4087 3379 3587
3 3434 3471 3720
3 385 834 3215
3 982 4304 4005
3 18 3032 2705
3 4861 2275 4601
3 4707 4694 4129
3 3373 3429 3468
3 3144 3373 3468
3 4503 4559 4560
3 2058 3038 3032
3 3467 3581 3646
3 3644 3463 3715
3 4419 4697 4137
3 4770 2807 3767
3 3499 3008 2863
3 3069 2805 2886
3 3525 3578 3460
3 3329 968 3637
3 3578 3525 3576
3 2236 3186 2237
3 3525 3527 3573
3 3527 3574 3573
3 1411 2924 2567
3 4697 4724 4137
3 3364 3416 3624
3 4137 3447 3426
3 3523 3417 3684
3 1900 4160 2815
3 3068 2430 534
3 3360 3316 3617
3 1025 4524 4576
3 3762 239 4208
3 1713 3012 1718
3 1441 1317 1358
3 1845 2815 4160
3 4000 4313 804
3 3566 3567 3457
3 2404 3048 3352
3 3453 3492 3564
3 1633 57 1225
3 3284 4778 1810
3 4148 4143 3813
3 3407 3559 3488
3 3559 3557 3488
3 75 2728 591
3 2694 1957 232
3 2471 2045 625
3 3231 1450 4016
3 2915 3172 3308
3 3819 3458 3886
3 3515 3445 3208
3 3760 3626 3834
3 4097 3393 3445
3 4350 342 339
3 3444 3551 3738
3 3397 3398 3513
3 3398 3304 3513
3 1506 2828 450
3 3395 3341 3301
3 1103 1149 1105
3 3396 3600 3672
3 3736 3393 4097
3 3301 3738 3395
3 3372 3366 1722
3 3397 3513 3737
3 268 4848 3673
3 4412 4697 4409
3 3547 3073 3478
3 3387 3288 3668
3 1045 538 2697
3 2875 3503 3185
3 3667 3544 3239
3 3475 3385 3386
3 3235 3506 3667
3 670 2446 3111
3 3349 1714 4315
3 2618 4603 361
3 3790 3588 3330
3 3472 3330 3588
3 3380 3385 3587
3 2608 1586 1252
3 4735 4158 4463
3 4202 2004 3115
3 3394 3727 2761
3 2511 1808 3126
3 3717 3533 3785
3 3376 3147 3535
3 537 3149 3089
3 448 1784 3671
3 2919 3531 4227
3 4422 4134 3430
3 3652 3429 3227
3 4232 3855 4082
3 3841 537 3089
3 763 448 2562
3 3370 3645 3649
3 3644 3645 3466
3 3645 3370 3466
3 1870 3504 2867
3 3466 3464 3644
3 2958 2840 2960
3 3642 3462 3324
3 3461 3460 3578
3 2664 60 3044
3 3527 3459 3641
3 3525 3460 3527
3 4079 2464 3409
3 3319 3815 3420
3 4474 3092 4753
3 3963 3821 3571
3 4542 467 453
3 3458 3362 3017
3 4077 1428 2472
3 3318 3362 3522
3 4192 1705 267
3 3618 3416 3415
3 3747 3815 3319
3 3326 3467 3274
3 4779 2807 4770
3 3267 3496 3618
3 3360 3617 3678
3 4045 557 1434
3 4532 4526 3898
3 3566 3457 3456
3 3457 3412 3456
3 3416 3683 3624
3 4248 2495 2156
3 4401 4535 4261
3 3411 3454 3266
3 4460 4160 1900
3 4470 3853 2908
3 4809 904 394
3 3743 3519 3612
3 3311 3262 3491
3 3516 3129 3404
3 3731 3794 3730
3 3406 3558 3353
3 4769 4487 4485
3 3404 3610 3516
3 3406 3449 3556
3 949 2294 3139
3 3485 3515 3258
3 725 115 2914
3 3822 730 2802
3 3449 3257 3607
3 3656 3717 3786
3 3555 3445 3515
3 542 245 1656
3 914 3040 917
3 3482 3514 3403
3 2140 1440 3752
3 3400 3346 3168
3 2782 2897 2992
3 3305 3445 3393
3 3399 3512 3732
3 4487 3108 4489
3 1158 2483 56
3 3672 3513 3304
3 3600 3086 3442
3 3797 3442 3297
3 3549 3599 3252
3 4449 4896 4855
3 3550 3800 3601
3 2687 939 3299
3 1254 1656 2052
3 2235 3423 2722
3 2540 2205 3833
3 262 1521 711
3 3479 3796 3297
3 955 1792 1213
3 3388 3438 3728
3 3597 3507 3439
3 240 3606 90
3 3544 3595 3240
3 3387 3593 3031
3 2564 4228 3192
3 648 1048 2807
3 2804 2851 3773
3 3384 3542 3187
3 3437 3335 3665
3 395 1514 251
3 4983 3218 4949
3 3540 3472 3588
3 3281 2965 3789
3 4087 3471 3379
3 3227 3374 3652
3 3581 3326 3468
3 3326 3581 3467
3 3328 3370 3649
3 3460 3422 3459
3 3501 3367 3324
3 3919 3642 3776
3 4054 4360 1456
3 3463 3644 3464
3 3367 3642 3324
3 3464 3272 3322
3 3463 3322 3461
3 1596 640 1188
3 3462 3459 3422
3 3460 3461 3422
3 3459 3527 3460
3 3458 3819 3362
3 3363 3270 3418
3 3270 3497 3418
3 3319 3498 3747
3 3415 3267 3618
3 4741 1545 1513
3 4231 4532 3898
3 3491 3359 3311
3 3520 3452 3408
3 3058 4427 333
3 4721 2488 2483
3 3556 3947 3558
3 3609 3947 3556
3 3407 3488 3404
3 3309 3623 2676
3 1891 2172 54
3 3404 3129 3405
3 501 4654 544
3 3902 956 760
3 2023 3300 3622
3 3514 3554 3403
3 3208 2909 3515
3 3401 3403 3209
3 249 3155 2790
3 3400 3166 3395
3 2474 3153 2471
3 839 768 3970
3 4992 2480 302
3 1903 2895 3195
3 762 34 4315
3 3086 3600 3396
3 3551 3444 3254
3 3550 3204 3800
3 3943 3867 4249
3 3599 3509 3252
3 3592 3921 3153
3 3548 3340 3393
3 3393 3340 3197
3 3036 3161 3198
3 3439 3507 3288
3 3288 3507 3668
3 1923 3526 2580
3 3439 3292 3597
3 3297 2992 3160
3 3699 3990 3708
3 4231 4538 3033
3 3970 4410 839
3 820 2907 3521
3 3281 3789 3384
3 2215 342 114
3 3075 3073 2849
3 3335 3187 3542
3 3335 2885 2976
3 3335 3542 3665
3 3283 3539 3330
3 3539 3790 3330
3 2863 971 3499
3 3024 3435 2965
3 3376 3585 3435
3 469 3261 1619
3 4937 4605 4603
3 3328 3649 3278
3 2957 3278 3533
3 3228 2919 4227
3 4129 1948 4429
3 3326 3144 3468
3 2694 987 984
3 3066 3430 4134
3 3089 614 3067
3 1983 2317 3582
3 3022 3719 3583
3 1019 1958 1108
3 3501 3325 3369
3 3538 4273 415
3 4124 3770 4107
3 1826 1230 1792
3 2464 1756 2453
3 3524 3363 3749
3 3419 3269 3821
3 3624 3684 3364
3 3269 3319 3571
3 264 301 241
3 4022 2615 1299
3 3497 3270 3569
3 4273 3939 4567
3 3316 3414 3567
3 2012 2412 3494
3 3312 3453 3410
3 3353 3489 3260
3 3490 3260 3489
3 3404 3405 3407
3 3355 3407 3405
3 3610 3404 3488
3 3259 3449 3406
3 3129 3516 3258
3 3124 3208 3445
3 946 431 1751
3 3604 3210 3484
3 547 4347 643
3 977 643 4347
3 3476 2837 2841
3 4885 4930 4929
3 3186 2884 2575
3 3552 3308 3399
3 3448 3607 3257
3 3399 3006 3343
3 3210 3342 3003
3 3399 3732 3552
3 1867 1870 2867
3 3168 3166 3400
3 2911 2745 3005
3 3399 3343 3512
3 3254 3397 3551
3 3304 3087 3672
3 3087 3396 3672
3 3395 3166 3341
3 4817 989 1740
3 3301 3444 3738
3 3305 3393 3200
3 3393 3197 3200
3 3201 3800 3204
3 2896 998 3978
3 3313 3317 3643
3 4591 1275 4588
3 3549 3296 3548
3 3478 3081 3480
3 3326 3274 3276
3 3077 2897 2857
3 2903 2252 2894
3 3073 3597 3292
3 3137 3099 3098
3 3245 3475 3386
3 3190 3439 3288
3 968 3329 3334
3 1139 2581 1117
3 3232 1381 2554
3 820 3521 1226
3 4039 4042 3891
3 3475 3245 3291
3 3475 3291 3286
3 3239 3544 3240
3 3189 3386 3385
3 4591 3579 1068
3 3286 3236 3475
3 3236 3472 3540
3 4084 3646 3581
3 3714 2307 4922
3 3237 3330 3472
3 3437 3473 3282
3 2525 3469 1126
3 1116 4306 3500
3 3770 796 4631
3 182 531 4549
3 1694 4313 4000
3 4614 1169 2200
3 3374 3022 3583
3 2046 1267 2050
3 1248 1210 1253
3 3227 3429 3226
3 4610 4604 2509
3 39 1600 1225
3 3274 3369 3325
3 3466 3370 3275
3 3913 4071 3847
3 3325 3272 3466
3 3466 3272 3464
3 3210 3003 2679
3 1849 1860 3598
3 3280 2350 4844
3 3462 3322 3324
3 2789 2836 2949
3 4013 905 3038
3 3416 3268 3415
3 3377 4682 3021
3 2010 4019 1121
3 3132 2568 2691
3 3291 3293 3109
3 3141 3569 3270
3 3316 3138 3414
3 4368 3929 3656
3 3415 3268 3267
3 3177 3457 3137
3 3178 3457 3414
3 3457 3177 3412
3 5 1771 1666
3 3493 3221 3360
3 3221 3135 3360
3 3411 3266 3359
3 3216 3311 3359
3 810 813 351
3 2589 2221 482
3 3742 4909 49
3 3408 3310 3357
3 3407 3355 3408
3 3406 3556 3558
3 3353 3259 3406
3 1029 3677 1867
3 3308 3401 3091
3 2203 1831 1613
3 3249 2934 869
3 1652 2572 2506
3 4629 4343 4331
3 868 2631 1719
3 3397 3254 3398
3 1025 3188 1273
3 3670 3480 3205
3 3970 3976 4410
3 3442 3042 3297
3 3548 3393 3736
3 2120 4685 3019
3 3305 3124 3445
3 3201 3117 3509
3 2505 2506 2572
3 3072 3292 3190
3 2690 3622 3981
3 2777 3205 3480
3 1090 4952 490
3 3081 2777 3480
3 3198 3296 3549
3 3295 3198 3161
3 3296 3248 3340
3 3296 3295 3248
3 3388 3297 3160
3 3976 4591 4588
3 3161 3035 3157
3 3295 3293 3248
3 3536 2138 513
3 78 603 4136
3 3161 3157 3295
3 121 3085 2768
3 2726 4948 3817
3 0 4016 4361
3 4929 412 4885
3 3529 3534 4552
3 3540 3475 3236
3 3446 2811 2495
3 716 4972 4932
3 3281 3384 3107
3 3667 3239 3235
3 2850 2653 2721
3 4599 4305 3983
3 3539 3283 3331
3 3467 3716 3369
3 3322 3462 3422
3 1705 2462 1288
3 3322 3422 3461
3 3671 3661 4652
3 3661 1990 4652
3 3227 3022 3374
3 3589 2974 2655
3 3184 2957 3145
3 3373 2956 3226
3 3991 3643 3654
3 2278 4694 4707
3 4937 4603 3598
3 3182 3278 3184
3 2815 1845 4348
3 3326 3276 3144
3 3223 3370 3328
3 3369 3274 3467
3 1389 1807 4443
3 3491 3563 3411
3 3325 3324 3272
3 2844 1977 2389
3 3464 3322 3463
3 1419 2001 2674
3 3571 3319 3420
3 3321 3458 3524
3 3609 3741 3946
3 3269 3419 3498
3 1636 2433 3902
3 3322 3272 3324
3 3267 3268 3364
3 2872 2827 2559
3 1827 1824 25
3 4331 4004 4605
3 250 34 4971
3 570 2051 2725
3 3211 3260 3262
3 3311 3211 3262
3 3216 3211 3311
3 3408 3355 3310
3 3609 3556 3607
3 3309 2676 2018
3 3355 3405 3130
3 3449 3259 3128
3 3258 2787 3129
3 1791 3196 776
3 161 93 1590
3 2015 1389 2087
3 1536 4033 665
3 3565 3957 3566
3 2859 1137 1945
3 2222 283 2213
3 2676 3300 2023
3 1827 25 1392
3 3163 3301 3341
3 3000 3086 3396
3 3254 2945 3122
3 3254 3123 3398
3 2917 4794 3531
3 2945 3254 3444
3 4677 4390 3375
3 2777 3342 3205
3 3021 4682 3019
3 3442 3086 3042
3 1211 1194 1807
3 2360 2405 2365
3 4659 4840 4965
3 3761 3630 3834
3 1479 2424 2812
3 3342 3604 3670
3 3248 3194 3340
3 3478 3073 3076
3 1694 4027 2662
3 3076 3081 3478
3 399 3611 4566
3 3248 3291 3245
3 4615 2091 2754
3 2662 558 1694
3 3241 3286 3291
3 4965 168 2127
3 4256 3958 3885
3 2593 3290 1893
3 3437 2966 2885
3 2823 513 2138
3 3506 3105 3282
3 4422 3799 4933
3 3331 3283 3028
3 3330 3237 3283
3 3281 2970 2965
3 2964 2882 3376
3 2705 3032 3327
3 3504 3851 2867
3 3431 3147 3229
3 3227 2879 3022
3 2529 3816 198
3 2957 3533 3229
3 3224 947 2703
3 3429 3373 3226
3 2799 3529 108
3 862 3148 2497
3 649 1543 2654
3 2453 3409 2464
3 3274 3325 3275
3 3269 3498 3319
3 3417 3267 3364
3 2740 2670 2999
3 3362 3318 3064
3 4948 4938 4702
3 122 1141 2616
3 437 2412 589
3 1159 1405 1485
3 3267 3361 3496
3 1820 2819 3801
3 3318 3569 3141
3 3222 3178 3414
3 1518 268 3673
3 3457 3178 3137
3 201 2662 1939
3 1622 3455 3823
3 3412 3177 3266
3 3593 3069 3031
3 3069 3593 2930
3 2768 3742 3413
3 2506 2055 703
3 3263 3310 3174
3 2734 2870 2732
3 3094 3259 3260
3 3047 4320 4318
3 3050 3554 3484
3 3484 3210 2679
3 2728 3347 4013
3 3171 3257 3005
3 225 4429 3824
3 4614 129 4908
3 3447 2706 2702
3 4338 3057 3061
3 1176 2616 2630
3 3396 3087 3000
3 3398 3123 3304
3 3301 2945 3444
3 2341 815 515
3 3163 3084 3301
3 3550 2996 3204
3 3366 2085 1722
3 1508 1024 1195
3 3532 3916 1958
3 283 2222 290
3 4201 2767 3113
3 3077 3388 3160
3 2205 1514 395
3 2988 311 57
3 3078 3197 3194
3 174 71 4226
3 3194 3248 3245
3 2906 2826 2827
3 3360 3179 3316
3 3194 3245 3078
3 3240 3595 2889
3 2853 3070 3388
3 1545 4741 4969
3 3245 3386 3189
3 3109 3241 3291
3 2889 3595 3070
3 2779 3115 4208
3 3385 2972 3189
3 3031 2886 3387
3 1212 161 1590
3 4535 4401 4400
3 3239 2928 3235
3 3235 2928 3105
3 2757 3379 3471
3 3030 2928 3239
3 3236 3286 3241
3 3533 3431 3229
3 3331 2930 3285
3 1476 3002 561
3 3282 3105 3029
3 4739 4428 4668
3 3104 2971 3028
3 1122 1138 1928
3 1603 1228 206
3 772 1243 3788
3 3719 3022 3586
3 250 4584 34
3 354 2778 87
3 2879 3227 3226
3 3363 3180 3270
3 3278 3182 3328
3 3144 3276 3018
3 4946 210 2010
3 3276 3274 3181
3 3181 3275 3223
3 3274 3275 3181
3 4470 2908 2918
3 3524 3458 3180
3 3316 3179 3138
3 3222 3414 3138
3 33 3250 3251
3 3014 3016 3138
3 3362 3064 3017
3 1249 973 1164
3 2605 213 1822
3 4377 2589 237
3 3219 3216 3359
3 3223 3328 3065
3 3017 3142 3180
3 2926 3434 3586
3 2001 4566 2674
3 3097 3219 3266
3 2798 3022 2879
3 2560 3503 3505
3 3179 3135 3100
3 3217 3453 3312
3 4053 17 982
3 3955 3615 3411
3 3312 3175 3217
3 2983 1319 2676
3 3312 3263 3175
3 3262 3260 3490
3 3216 3214 3211
3 3263 3174 3175
3 3175 3174 3056
3 3130 3405 3129
3 3214 3173 3211
3 3211 3173 3212
3 1507 1506 4505
3 3516 3485 3258
3 2988 89 91
3 3211 3212 3094
3 3050 3484 2679
3 3454 3411 3615
3 3006 3399 3172
3 3817 4948 4702
3 3050 3209 3554
3 3437 3282 2966
3 3413 3433 2139
3 1616 2055 2039
3 2505 2490 2506
3 3343 3046 3441
3 403 3451 4343
3 3123 3122 2869
3 3123 3087 3304
3 3046 3302 3441
3 1787 3433 4415
3 2748 3352 2430
3 3302 2999 2996
3 1440 3744 3752
3 3297 3118 2992
3 3535 3147 3431
3 2816 3163 2901
3 4086 1241 4055
3 3252 3509 3117
3 395 3822 2801
3 1211 1807 2818
3 3117 3198 3252
3 3841 4827 537
3 4385 3942 3866
3 3160 2992 3077
3 3293 3295 3157
3 4695 2140 4693
3 3157 3109 3293
3 3190 3292 3439
3 3245 3189 3078
3 3078 3189 3158
3 3073 3292 3072
3 1516 1039 2536
3 3359 3491 3411
3 3107 3187 3154
3 1617 815 4430
3 3908 1910 646
3 3187 3335 3154
3 3030 3240 2967
3 3218 469 1292
3 3237 3236 3241
3 2885 3335 3437
3 2164 3233 1755
3 3385 3380 2972
3 2917 3531 2919
3 2918 2726 4470
3 1389 1287 1807
3 2506 703 1652
3 2579 4784 1643
3 969 1200 999
3 1121 4946 2010
3 2882 2881 3147
3 2840 2478 2479
3 772 3788 1123
3 4523 4219 4526
3 3184 3145 3102
3 2956 3144 3020
3 858 825 682
3 797 274 824
3 3373 3144 2956
3 3142 3270 3180
3 4066 1683 3409
3 4054 3085 121
3 505 1183 2029
3 4029 1207 4988
3 3276 3181 3018
3 2733 2729 3428
3 4769 4485 4474
3 3180 3458 3017
3 3178 3222 3099
3 3179 3100 3138
3 3216 3219 3176
3 3221 3492 3217
3 2676 3623 2983
3 3013 3175 3056
3 3091 3401 3209
3 3011 3214 3132
3 3108 3350 4201
3 420 4239 2290
3 2322 2371 2405
3 2866 2945 3084
3 2184 1126 3469
3 247 2694 232
3 2733 4914 2729
3 3143 4981 694
3 2909 2787 3258
3 4902 3908 646
3 3448 3257 3171
3 488 2045 3833
3 2595 2436 2600
3 2933 3294 3306
3 4740 227 2191
3 3124 3305 2820
3 2729 4914 2775
3 3122 3123 3254
3 732 2265 3677
3 2894 2893 4497
3 2940 3084 3163
3 3341 3041 3163
3 3550 3302 2996
3 2940 3163 2816
3 2812 2386 3787
3 2989 3200 3197
3 3035 3161 3114
3 3973 4041 3893
3 3073 3072 2849
3 703 2055 1623
3 3534 4263 4552
3 2237 4182 2558
3 1517 4163 1516
3 1517 4758 4163
3 2472 1894 4077
3 4917 332 4723
3 3105 2928 3029
3 2810 1429 407
3 1287 2818 1807
3 3162 401 2975
3 2970 2883 2965
3 3073 3075 3076
3 2758 2972 2800
3 1243 1132 3788
3 1241 1941 4055
3 4287 4225 4156
3 3308 3552 3401
3 90 4792 635
3 2899 2989 2938
3 3102 2953 3184
3 2956 3146 3226
3 3182 3184 2953
3 2126 4377 237
3 3182 2953 3065
3 3182 3065 3328
3 3020 3144 3018
3 3223 3065 3181
3 2350 3280 2656
3 4257 552 2156
3 1775 3739 3389
3 3270 3142 3140
3 3308 3091 3051
3 3099 3137 3178
3 3100 3135 3062
3 3137 3098 3177
3 3221 3062 3135
3 1536 637 4575
3 3221 3133 3062
3 3221 3217 3133
3 3217 3175 3133
3 3425 2235 3440
3 3493 3492 3221
3 3133 3175 3013
3 59 157 72
3 3176 3132 3214
3 1869 962 2855
3 3260 3211 3094
3 4070 4393 2982
3 3128 3259 3053
3 3355 3010 2949
3 4711 4405 218
3 1930 3215 3213
3 3474 1449 2537
3 2237 3186 4182
3 1615 456 691
3 641 562 540
3 3403 3554 3209
3 3824 4429 1948
3 3343 3006 3046
3 3046 3006 2678
3 289 222 315
3 887 889 983
3 3001 3087 3123
3 2274 3027 1097
3 3302 3046 2999
3 2794 2964 2698
3 2869 3122 2945
3 253 4753 4453
3 1259 2550 1652
3 2997 3163 3041
3 2368 4960 4963
3 3198 3117 3036
3 3036 3114 3161
3 3281 3107 2970
3 3078 3158 3112
3 3340 3548 3296
3 3291 3248 3293
3 3584 2868 4309
3 4229 4670 4493
3 1226 3521 3517
3 1619 3261 3570
3 3154 2981 3107
3 3536 4258 1806
3 2981 2970 3107
3 1930 3213 2907
3 3180 3363 3524
3 3877 1032 4211
3 2138 2150 2823
3 3241 3104 3237
3 2490 2039 2055
3 2760 3029 2928
3 4052 3671 237
3 4778 3195 3382
3 2526 2695 2796
3 3104 3283 3237
3 896 3048 3043
3 4206 398 644
3 3282 3029 2966
3 2965 2883 2843
3 3436 2391 693
3 2542 2349 2348
3 4724 4697 2376
3 3147 3376 2882
3 971 2962 1029
3 1146 1547 1190
3 3102 3145 2958
3 2953 3102 2959
3 4920 1287 1389
3 222 256 369
3 3549 3252 3198
3 4331 4605 4937
3 3141 3064 3318
3 2615 4348 4151
3 3016 3222 3138
3 2558 3851 3504
3 3138 3100 3014
3 4044 4651 4334
3 3099 3222 3015
3 2579 4660 1420
3 2015 4920 1389
3 3062 3014 3100
3 3176 3097 3132
3 3481 2809 139
3 3098 3059 3132
3 2821 2665 2997
3 3056 3174 2949
3 3520 3613 3809
3 3011 3173 3214
3 517 4843 2817
3 2949 3174 3310
3 3094 3053 3259
3 3094 3212 2835
3 3094 2834 3053
3 3009 3010 3355
3 3009 3355 3130
3 3007 3128 3053
3 3247 2303 2934
3 4214 4994 2092
3 2788 3091 3209
3 2893 2574 2888
3 2504 2715 3114
3 4390 4677 2011
3 4702 4938 4933
3 3006 3172 2915
3 4247 4547 431
3 3128 3257 3449
3 100 137 135
3 1784 448 530
3 2744 3208 3124
3 3054 756 621
3 3247 2934 3560
3 3001 2822 3087
3 2822 3000 3087
3 3046 2740 2999
3 2171 2197 2228
3 70 649 628
3 2869 2822 3001
3 3084 2940 2866
3 3755 4918 4682
3 3228 4227 3543
3 4657 1379 4596
3 4994 4214 1379
3 3081 2771 2777
3 3557 3945 3740
3 2858 2938 3112
3 3109 3157 3035
3 3692 3693 3756
3 2051 3664 2725
3 3313 3643 3991
3 2972 3158 3189
3 2764 2981 3154
3 3934 1291 1620
3 4140 4213 3993
3 3190 3288 2709
3 3288 2887 2709
3 3154 2976 2714
3 3197 3340 3194
3 3241 3109 2932
3 3154 3335 2976
3 3104 3241 2932
3 2970 2981 2890
3 2931 2971 3104
3 1517 2856 4758
3 3008 542 2863
3 2928 3030 2969
3 3582 2317 3580
3 4298 3327 4589
3 2803 2966 3029
3 1395 2927 4365
3 3244 1 2572
3 2926 2757 3471
3 1274 995 1023
3 4652 237 3671
3 4878 4770 4766
3 2880 3229 3147
3 2963 2959 2960
3 895 1094 5001
3 4554 4395 1121
3 207 3577 4789
3 4764 2845 2908
3 2839 3146 2956
3 3102 2960 2959
3 3895 2318 986
3 2936 2499 2990
3 2082 1633 2056
3 2880 2957 3229
3 3065 3018 3181
3 636 789 790
3 3018 2951 3020
3 1458 1175 1338
3 3065 2953 2954
3 4817 4858 4572
3 3017 3064 2921
3 3015 3222 3016
3 3098 3060 3059
3 3219 3359 3266
3 3015 3060 3099
3 4883 1849 3233
3 2058 4013 3038
3 3097 3098 3132
3 3013 2792 3133
3 1594 1672 1323
3 1400 2862 182
3 3520 3357 3613
3 3351 4982 4504
3 2789 2949 3010
3 3130 2832 3009
3 3171 2785 3168
3 3813 2434 4953
3 3050 2679 2685
3 3128 3007 2911
3 3050 2788 3209
3 2805 2442 2887
3 3308 3051 2830
3 550 3536 513
3 2917 386 380
3 4154 2361 4436
3 3124 2820 2744
3 2721 2766 2542
3 2906 3086 3000
3 896 3043 2393
3 2689 2626 2520
3 2869 3001 3123
3 2906 3042 3086
3 759 4487 4769
3 3166 2821 3041
3 3041 2821 2997
3 2816 2866 2940
3 260 2810 3025
3 4195 4773 3856
3 4533 4772 4400
3 3163 2997 2990
3 3163 2990 2901
3 2687 4298 3002
3 2937 3036 3117
3 3114 3036 2937
3 3078 2938 2989
3 3078 2989 3197
3 3081 2984 2771
3 4694 2278 4412
3 2977 2981 2935
3 2490 2456 2039
3 2853 2716 3070
3 3035 2932 3109
3 4946 4964 2215
3 2624 2834 2751
3 2585 2492 2642
3 2890 2981 2977
3 3070 2716 2889
3 4938 4422 4933
3 3141 3270 3140
3 3104 2932 2931
3 2970 2890 2883
3 2886 3031 3069
3 3350 3108 4487
3 3620 3361 3523
3 552 4257 4842
3 4371 3723 97
3 3199 1945 573
3 339 520 4350
3 4019 4554 1121
3 2582 2928 2969
3 3666 4010 3667
3 748 4378 3709
3 2930 3028 2708
3 2708 3028 2971
3 4111 2352 4702
3 2800 2972 3380
3 118 3877 3627
3 2926 3586 3022
3 816 4939 4687
3 2796 2695 2839
3 2839 2956 2922
3 2957 2880 2958
3 1259 1034 3256
3 2957 2958 3145
3 4077 1767 3088
3 2956 2951 2922
3 2956 3020 2951
3 2666 2606 2864
3 681 3735 1415
3 34 4669 4971
3 4669 34 762
3 3018 3065 2954
3 2921 3142 3017
3 4235 3906 3904
3 4467 621 756
3 3343 3441 3550
3 2465 4083 1830
3 1088 825 858
3 2689 3212 3173
3 2834 3094 2835
3 2725 876 2070
3 3051 2831 2830
3 2689 2835 3212
3 2832 3129 2787
3 48 4355 3421
3 3091 2831 3051
3 3052 2070 1001
3 1097 3027 48
3 4913 4869 4712
3 1050 4320 3057
3 4952 1090 1006
3 3046 2678 2740
3 3166 3168 2785
3 2085 4338 3061
3 2822 2906 3000
3 3166 2785 2821
3 2670 2904 2999
3 4247 2625 3337
3 2581 1139 1481
3 2996 2999 2904
3 2789 2426 2836
3 2794 2339 2478
3 2992 3118 2782
3 3596 2184 1468
3 560 4843 517
3 4773 4195 4202
3 2997 2991 2990
3 3309 3984 3623
3 2992 2897 3077
3 2042 1857 1852
3 253 4453 4724
3 2990 2991 2936
3 2991 2935 2936
3 3378 2754 4050
3 3112 2938 3078
3 4948 2726 2918
3 3158 2808 3112
3 660 435 497
3 3314 2159 3954
3 2935 2981 2936
3 3005 3128 2911
3 2932 3035 2715
3 542 4758 2856
3 2725 3664 876
3 2275 2229 164
3 4886 677 243
3 2764 3154 2714
3 3176 3214 3216
3 1427 1469 1651
3 2739 2872 2741
3 2849 3072 2848
3 3072 3190 2848
3 2914 115 3596
3 221 2190 1468
3 3443 2150 1806
3 3190 2709 2848
3 1353 1322 4546
3 2763 2971 2931
3 4422 2434 4134
3 3080 693 707
3 2708 2971 2763
3 339 342 1669
3 882 4479 3818
3 3030 3239 3240
3 2757 3380 3379
3 3380 2757 2800
3 2386 2812 2424
3 4550 3592 71
3 3626 4048 4274
3 2963 2960 2840
3 2181 1454 2891
3 4764 4978 2845
3 2534 4148 4978
3 3978 859 2896
3 3650 265 2536
3 2341 2324 324
3 2953 2959 2954
3 1406 1033 1320
3 3085 4909 3742
3 2951 3018 2954
3 3142 2921 3140
3 3064 3141 2921
3 2836 3056 2949
3 4474 4753 253
3 860 4978 4764
3 2850 2806 2977
3 2830 2915 3308
3 2728 2418 3347
3 1521 2540 817
3 4682 2120 3019
3 3003 2369 2946
3 2909 2619 2786
3 3208 2744 2909
3 3433 3413 2239
3 3687 3979 3754
3 2872 3118 2827
3 2822 2825 2906
3 929 3837 1869
3 390 4588 1275
3 1863 2087 4443
3 3350 4487 759
3 3622 2690 2023
3 2200 1169 4049
3 2945 2866 2780
3 3744 4431 3752
3 2871 2865 2870
3 2781 2869 2945
3 2941 2899 2938
3 2865 2941 2900
3 2941 2938 2900
3 2140 3752 4693
3 2576 481 2952
3 2897 2782 2864
3 2860 2901 2990
3 4631 3928 977
3 227 3816 234
3 2567 2942 2203
3 2987 2854 2985
3 2808 2987 3112
3 2985 2854 2723
3 3446 2797 2178
3 3114 2715 3035
3 2764 2936 2981
3 2987 2808 2854
3 3022 2798 2926
3 2446 670 168
3 3443 2103 2150
3 2715 2931 2932
3 1506 450 4505
3 4158 4735 4436
3 2887 2886 2805
3 4124 796 3770
3 2938 2858 2900
3 4546 3915 1353
3 3069 2930 2708
3 4463 4115 485
3 2803 2885 2966
3 3824 614 740
3 2761 4901 2759
3 2803 3029 2760
3 4305 4599 4863
3 2811 2156 2495
3 2883 2707 2843
3 3008 3499 4484
3 2276 1986 2187
3 3729 4379 3394
3 4910 1177 4988
3 4083 1724 1830
3 2875 3849 3503
3 2998 2674 3611
3 4129 4429 4707
3 2839 2695 3146
3 2756 2922 2878
3 2878 2959 2963
3 4460 1900 2898
3 4513 1032 1021
3 2879 2693 2798
3 2898 1900 1250
3 1900 2815 1250
3 4331 1862 4629
3 2958 2880 2478
3 461 1626 878
3 2922 2951 2878
3 2819 3134 3801
3 2878 2951 2959
3 2959 2951 2954
3 152 1585 2592
3 2930 3331 3028
3 2921 3141 3140
3 3015 2628 3060
3 2792 3062 3133
3 3060 2476 3059
3 4575 2081 1536
3 2691 3011 3132
3 2833 2749 2831
3 2624 3053 2834
3 4270 1479 683
3 2831 2788 2833
3 2947 1152 1287
3 2831 3091 2788
3 4977 3004 774
3 2830 2874 2915
3 3007 2683 2911
3 3006 2915 2680
3 2619 2372 2786
3 684 199 4257
3 2785 3171 3005
3 2785 3005 2745
3 3500 4306 4863
3 4285 13 29
3 2239 49 652
3 2744 2820 2677
3 2575 3195 4192
3 2827 2826 2514
3 2736 2870 2734
3 2514 2515 2253
3 4588 390 388
3 509 464 630
3 2945 2780 2781
3 2899 2941 2672
3 1645 613 4444
3 3179 3360 3135
3 944 853 910
3 1622 1194 4255
3 2993 2770 2902
3 756 1460 4467
3 1460 756 4471
3 2816 2901 2860
3 2665 2991 2997
3 3651 3616 2980
3 2985 2769 2987
3 2660 2935 2991
3 3077 2857 2853
3 3355 2949 3310
3 2694 574 987
3 2936 2764 2719
3 2474 4833 3153
3 2587 2808 3158
3 2806 2890 2977
3 87 102 3372
3 4884 3908 4902
3 4546 1322 2415
3 2711 2638 2762
3 4718 4991 1271
3 3030 2967 2969
3 2640 2885 2803
3 3922 1353 3915
3 2931 2715 2763
3 3201 3204 2902
3 2577 2758 2800
3 1353 3922 108
3 4484 3499 2867
3 2053 2532 1844
3 2080 4025 4608
3 1152 280 1287
3 2456 2056 2039
3 2796 2756 2755
3 2756 2878 2963
3 2880 2881 2794
3 2501 1065 837
3 3592 4226 71
3 3762 4208 4510
3 1994 1993 4485
3 3146 2693 2879
3 2628 3015 2523
3 915 4565 4942
3 3148 431 946
3 3013 3056 2752
3 2521 3011 2566
3 2426 2475 2752
3 3011 2689 3173
3 2832 2686 3009
3 2781 2822 2869
3 3813 4134 2434
3 1700 1420 1789
3 390 401 974
3 2678 3006 2680
3 2909 2744 2619
3 3200 2820 3305
3 2867 3499 1165
3 1460 2898 4467
3 2871 2870 2736
3 2151 3271 136
3 2369 3003 2777
3 2738 2821 2785
3 3118 2872 2782
3 2672 2941 2736
3 2871 2736 2941
3 2732 2870 2865
3 2941 2865 2871
3 1019 2564 3192
3 4257 2156 2811
3 3887 3886 3962
3 2771 2668 2777
3 2904 2670 2669
3 2773 2865 2900
3 2895 3517 3382
3 2772 2816 2860
3 4504 2894 3351
3 4112 4710 4577
3 4940 2148 341
3 4547 287 431
3 2504 2902 2770
3 977 3928 643
3 2769 2900 2858
3 1460 4471 4460
3 2860 2990 2661
3 2902 2504 2937
3 2985 2813 2769
3 2937 2504 3114
3 2773 2732 2865
3 2612 2610 2508
3 2392 1642 765
3 3097 3176 3219
3 3887 3962 4114
3 4532 141 4526
3 2850 2660 2552
3 2850 2935 2660
3 3005 3257 3128
3 2641 4836 2625
3 2903 4506 3526
3 841 637 665
3 547 2275 4861
3 3639 3708 3769
3 2331 3066 4475
3 2763 2447 2708
3 521 540 377
3 2972 2587 3158
3 4638 3884 4627
3 937 1663 1607
3 855 1658 2555
3 1499 3772 602
3 4721 2483 1158
3 2587 2972 2758
3 319 1243 198
3 2640 2976 2885
3 2707 2883 2890
3 2042 2295 2076
3 2584 2640 2803
3 3954 2905 3936
3 3055 3849 4171
3 1575 768 839
3 4995 4227 4797
3 3295 3296 3198
3 2882 2964 2794
3 2983 1649 1319
3 2341 4979 2324
3 2798 2693 2431
3 1688 982 17
3 940 868 1719
3 4888 4354 1862
3 725 1492 1503
3 1676 1800 2132
3 4588 4410 3976
3 2395 2494 2599
3 2753 2523 3016
3 3016 2523 3015
3 2753 3016 3014
3 2792 2692 3062
3 2568 3132 3059
3 864 672 726
3 337 923 913
3 2555 1233 1930
3 4599 3983 998
3 2835 2689 2751
3 2090 2185 2271
3 2624 3007 3053
3 4591 1068 1703
3 2679 2561 2685
3 531 1409 4662
3 3007 2624 2683
3 2680 2874 2623
3 2888 4776 2893
3 1086 1061 1071
3 3278 3785 3533
3 2784 4690 4083
3 1343 1067 2699
3 2559 2741 2872
3 4460 2898 1460
3 2826 2512 2466
3 3584 4309 1068
3 2671 2825 2822
3 2906 2825 2826
3 2316 661 4431
3 2675 2672 2736
3 2751 2520 2423
3 2738 2665 2821
3 4939 3058 3045
3 2776 2820 3200
3 4942 4620 4759
3 198 2802 2529
3 2904 2669 2993
3 2772 2866 2816
3 868 3562 2631
3 1502 1604 1257
3 2782 2774 2864
3 2780 2772 2557
3 1827 913 3455
3 1791 461 991
3 2900 2769 2773
3 481 4329 1000
3 2864 2604 2897
3 2604 2857 2897
3 3432 1801 3775
3 84 715 1211
3 3121 4857 1946
3 3075 2651 3076
3 2849 2848 2485
3 452 447 294
3 514 446 445
3 227 4740 185
3 2806 2850 2721
3 2998 3611 3986
3 3075 2849 2597
3 2442 2709 2887
3 4566 2652 3582
3 17 966 1688
3 2803 2760 2584
3 2639 2928 2582
3 587 594 3428
3 2843 2707 2439
3 2800 2757 2577
3 1207 1935 1941
3 2934 425 1740
3 3261 469 4561
3 2438 2758 2577
3 2756 2633 2755
3 2527 2700 2840
3 2757 2798 2431
3 2216 196 3591
3 3939 3951 4567
3 4685 3103 4677
3 2755 2526 2796
3 3164 254 2060
3 1252 2925 3897
3 4395 196 2216
3 3582 2652 1983
3 1862 4354 4629
3 2200 1641 4614
3 2070 876 1001
3 592 2743 583
3 2753 3014 2692
3 159 345 211
3 3402 1679 3729
3 2476 2568 3059
3 2752 2792 3013
3 4403 2472 1772
3 3629 1926 3621
3 2497 3148 975
3 2836 2426 2752
3 2688 3009 2686
3 2521 2626 2689
3 2789 3010 2688
3 2473 2686 2684
3 3413 3742 4671
3 2421 2830 2749
3 2787 2684 2832
3 2874 2830 2421
3 2786 2684 2787
3 2947 4920 1513
3 3151 936 862
3 3876 862 936
3 2990 2499 2661
3 3661 4361 1990
3 2738 2617 2613
3 4148 3813 4953
3 2514 2559 2827
3 2144 2961 2126
3 4025 2080 3052
3 1050 3057 4338
3 4422 4938 2434
3 2469 2614 2740
3 2614 2670 2740
3 4036 1612 2535
3 2739 2735 2782
3 2512 2826 2825
3 2739 2782 2872
3 2824 221 1468
3 2734 2675 2736
3 1287 4920 2947
3 1792 3561 1213
3 2895 3382 3195
3 2735 2774 2782
3 2665 2738 2613
3 2369 2777 2277
3 4309 2868 1116
3 1334 134 116
3 2277 2777 2668
3 4175 4389 4101
3 2652 2001 1419
3 2776 2899 2672
3 2774 2666 2864
3 2993 2669 2770
3 290 2875 777
3 2604 2864 2606
3 2660 2991 2665
3 3151 2497 2482
3 2797 4415 2135
3 2769 2813 2727
3 3762 1623 54
3 3076 2651 2984
3 2766 2721 2657
3 2653 2850 2552
3 3327 4298 2687
3 2604 2724 2857
3 2721 2653 2657
3 817 2544 1160
3 2857 2724 2646
3 2723 2650 2813
3 2595 2650 2723
3 1669 342 1598
3 2378 605 2379
3 2498 2650 2645
3 1715 2994 766
3 3032 3653 3327
3 2828 1515 1508
3 2579 1420 4375
3 2854 2808 2587
3 2720 2717 2449
3 2711 2762 2494
3 1580 1857 1583
3 2763 2715 2545
3 2424 203 4950
3 2373 2414 2681
3 2642 2492 2451
3 2889 2716 2643
3 1862 4331 4937
3 2447 2588 2708
3 940 990 4949
3 1577 2379 605
3 4393 4070 2144
3 4231 4234 4538
3 2485 2848 2443
3 2588 2805 3069
3 3130 3129 2832
3 4393 2144 4918
3 4005 4304 799
3 2578 2531 2635
3 934 4945 3136
3 4951 4478 3183
3 2577 2757 2431
3 2530 2633 2635
3 2367 74 2278
3 2700 2633 2756
3 3315 1677 525
3 4791 305 958
3 2794 2478 2880
3 2145 3424 2149
3 2958 2478 2840
3 2571 547 643
3 403 4343 1374
3 3188 4951 3183
3 1851 1419 508
3 227 185 3816
3 3476 4149 2837
3 3526 4506 935
3 2104 2374 2253
3 1364 4200 2092
3 2632 1058 1061
3 2689 2520 2751
3 4079 3744 2464
3 2278 4697 4412
3 2833 2286 2749
3 1679 2196 617
3 4304 2379 1577
3 2681 2911 2683
3 2619 2468 2372
3 1098 2593 1102
3 4697 2278 74
3 2744 2677 2619
3 766 2994 2151
3 2617 2745 2414
3 4969 3054 1545
3 374 418 553
3 3196 2522 3925
3 522 501 544
3 2738 2785 2617
3 2740 2678 2469
3 2732 2513 2734
3 4941 1642 4446
3 2820 2776 2677
3 107 4707 4429
3 3289 3622 3300
3 2781 2557 2671
3 2780 2557 2781
3 1040 1210 1042
3 2112 89 2082
3 2178 2347 3446
3 2436 2435 2637
3 3825 259 2536
3 2460 2770 2669
3 4049 1169 193
3 2551 2667 2773
3 654 899 900
3 1134 2229 2275
3 1466 4202 2779
3 4948 293 4938
3 796 4008 3928
3 2773 2769 2727
3 2927 184 4365
3 2813 2650 2727
3 2309 2588 2447
3 2727 2650 2551
3 140 120 119
3 732 4745 4679
3 4154 4827 2361
3 4022 2986 3303
3 77 1722 67
3 2568 2429 2428
3 730 338 2529
3 1598 2215 1443
3 855 2555 367
3 2297 2429 2476
3 2771 2984 2455
3 2504 2545 2715
3 3619 3981 3622
3 4710 3111 2446
3 860 4764 4773
3 2845 2434 4938
3 2845 4938 293
3 2719 2764 2714
3 1064 1095 1305
3 394 2608 834
3 4124 4008 796
3 2723 2854 2533
3 2720 2648 2717
3 107 4429 275
3 3299 1139 129
3 2976 2353 2714
3 2642 2451 2496
3 2494 2594 2599
3 2854 2587 2533
3 4182 4484 3851
3 1227 760 956
3 2717 2543 2599
3 2487 2707 2806
3 2594 2494 2762
3 2716 2308 2643
3 2354 2187 2124
3 4889 3378 4050
3 3151 862 2497
3 1641 3299 4614
3 2708 2588 3069
3 1067 1343 2501
3 2503 2648 2720
3 2585 2600 2436
3 3727 3394 4379
3 2845 4953 2434
3 2711 2531 2638
3 2636 2531 2711
3 2587 2758 2438
3 105 2114 611
3 2638 2531 2437
3 2760 2639 2584
3 4054 4648 3085
3 1268 3366 1363
3 2891 1454 1453
3 1978 3082 4021
3 3654 4000 3996
3 2843 2439 2698
3 2635 2633 2700
3 2918 293 4948
3 417 2305 927
3 2549 2401 2357
3 1362 866 2722
3 2695 2382 2693
3 3521 2907 3382
3 2534 4153 4148
3 2347 2811 3446
3 1365 2615 4022
3 2476 3060 2628
3 4177 4103 4568
3 2753 2692 2477
3 2569 2792 2752
3 440 4463 3829
3 3103 2011 4677
3 2565 2626 2521
3 2908 2845 293
3 2788 2286 2833
3 2683 2417 2373
3 440 4115 4463
3 621 4467 532
3 2685 2286 2788
3 4083 2465 2784
3 3744 4079 4372
3 4978 4148 4953
3 2598 3255 2943
3 1006 2522 2482
3 2377 2561 2946
3 2620 2678 2680
3 2467 2734 2513
3 4689 4083 4690
3 2581 1481 3232
3 1365 3303 3320
3 2698 2964 3024
3 3101 4085 1772
3 2911 2681 2745
3 2466 2514 2826
3 1537 2313 3426
3 2774 2735 2319
3 3149 614 3089
3 2675 2776 2672
3 2677 2776 2675
3 2918 2908 293
3 2825 2671 2556
3 3824 740 2590
3 2613 2611 2665
3 1137 2012 3494
3 2774 2401 2666
3 2126 2961 4377
3 2552 2611 2458
3 2660 2611 2552
3 2606 2549 2357
3 2610 2653 2553
3 2549 2606 2666
3 4474 253 4769
3 2610 2657 2653
3 4415 2797 1787
3 1216 1628 1183
3 4695 678 168
3 1211 715 4255
3 2500 2649 2548
3 2649 2503 2720
3 2646 2716 2853
3 2967 3240 2889
3 2766 2349 2542
3 2233 2724 2604
3 4403 1772 4085
3 2487 2806 2721
3 2597 2651 3075
3 2650 2595 2645
3 2649 2720 2349
3 1211 4255 1194
3 2720 2449 2349
3 2543 2717 2648
3 4993 2778 4877
3 795 751 714
3 2783 897 1847
3 2395 2599 2543
3 2308 2716 2493
3 2593 1098 3290
3 3076 2984 3081
3 2600 2601 2595
3 2545 2447 2763
3 1862 4937 1860
3 3350 759 719
3 2394 2583 2494
3 2597 2849 2485
3 4138 3990 3903
3 2805 2588 2442
3 4901 2761 3727
3 2438 2533 2587
3 2848 2709 2443
3 49 4671 3742
3 2600 2585 2642
3 2709 2442 2443
3 3592 3153 745
3 2585 2637 2583
3 3101 1785 1981
3 2637 2530 2636
3 3126 3131 2511
3 2583 2637 2636
3 490 4822 4984
3 2818 1287 280
3 1622 4255 4124
3 2842 1785 2146
3 577 564 1369
3 2635 2700 2578
3 2607 2610 2612
3 3303 1365 4022
3 3351 2894 4497
3 2435 2381 2526
3 1010 1055 3916
3 2527 2840 2479
3 2963 2840 2700
3 4226 4303 174
3 4263 4299 4552
3 2184 3469 4135
3 2628 2523 2231
3 2231 2297 2476
3 2477 2692 2792
3 4348 2615 1365
3 4208 239 4349
3 1724 1138 1122
3 4208 4349 2779
3 2688 2426 2789
3 1065 2517 3279
3 2686 2832 2684
3 2853 3388 3077
3 4153 440 3829
3 2287 2749 2286
3 2519 2326 2624
3 2329 2685 2561
3 2617 2785 2745
3 4755 613 4806
3 2623 2421 2420
3 2602 1000 1018
3 1948 1543 668
3 2514 2253 2559
3 2559 2374 2741
3 657 4361 4016
3 2546 2543 2648
3 2677 2413 2468
3 2745 2681 2414
3 2027 764 894
3 1513 720 2947
3 2619 2677 2468
3 2683 2326 2417
3 2450 2425 719
3 834 2608 4793
3 2985 2723 2813
3 2513 2732 2362
3 249 3650 259
3 2408 2510 2556
3 599 1722 77
3 2612 2508 2364
3 2734 2413 2675
3 2401 2774 2319
3 2732 2773 2667
3 4929 439 412
3 1328 3225 3242
3 2945 3301 3084
3 2507 2770 2460
3 2401 2549 2666
3 3951 1524 4567
3 2348 2344 2542
3 2457 2667 2551
3 2860 2661 2402
3 2046 2415 1937
3 1052 1536 4843
3 2507 2504 2770
3 1513 1545 720
3 37 2815 4321
3 37 1250 2815
3 1885 1646 1733
3 2610 2607 2657
3 1216 1183 2385
3 2607 2548 2657
3 421 1934 3165
3 2719 2499 2936
3 2651 2238 2984
3 2548 2649 2766
3 2649 2500 2503
3 2414 2279 2366
3 2234 2651 2351
3 2621 4395 2216
3 2815 4348 4321
3 2132 1925 2130
3 77 1277 599
3 2601 2645 2595
3 3562 868 2622
3 760 4538 4234
3 4427 3058 4939
3 4826 4708 1851
3 2567 2203 459
3 3851 2558 4182
3 2905 2456 3936
3 2600 2642 2496
3 2594 2345 2717
3 2638 2345 2594
3 2441 2436 2595
3 2563 3505 3143
3 3928 2571 643
3 2976 2640 2310
3 237 2589 4052
3 1860 4937 3598
3 2480 768 1558
3 4745 4300 4301
3 485 4735 4463
3 5 968 16
3 2588 2484 2442
3 2439 2707 2487
3 461 1791 776
3 2560 3185 3503
3 2888 3510 4776
3 3510 2563 3143
3 3589 1291 3934
3 2635 2636 2530
3 2578 2437 2531
3 2342 1184 4475
3 2435 2633 2530
3 4228 922 2517
3 2527 2578 2700
3 209 270 177
3 4552 4299 1370
3 4552 1370 108
3 324 784 1842
3 2381 2695 2526
3 2382 2431 2693
3 2091 2750 1391
3 3560 3580 3247
3 2569 2477 2792
3 2475 2295 2752
3 2749 2287 2330
3 2136 1843 2162
3 2565 2520 2626
3 2422 2688 2686
3 93 2737 1590
3 2330 2421 2749
3 1972 1895 1813
3 2286 2685 2329
3 2325 2786 2372
3 4299 4263 415
3 380 4791 2917
3 2914 4670 4672
3 2373 2681 2683
3 2620 2680 2516
3 2469 2678 2620
3 2417 2225 2373
3 74 2376 4697
3 2739 2741 2370
3 2739 2370 2735
3 4706 278 1271
3 4796 4793 2608
3 2512 2410 2466
3 415 4263 3538
3 2677 2675 2413
3 4273 3273 415
3 2405 2460 2614
3 1069 2925 1595
3 615 102 2778
3 2557 2406 2408
3 2713 2730 3390
3 3897 4796 2608
3 2163 2401 2319
3 3231 3561 1450
3 2613 2458 2611
3 517 407 560
3 2362 2732 2667
3 1086 1488 1061
3 2407 2612 2364
3 2400 2612 2407
3 2410 2510 2408
3 2544 3487 499
3 638 358 475
3 2778 102 87
3 2771 2455 2668
3 4884 4599 3895
3 2653 2552 2553
3 2103 1452 2150
3 2400 2500 2548
3 2400 2548 2607
3 2399 2457 2551
3 2766 2657 2548
3 251 692 244
3 637 1536 665
3 2399 2551 2498
3 2288 1265 3912
3 1064 1384 1066
3 2256 2419 2170
3 108 1370 831
3 2651 2234 2238
3 2601 2496 2498
3 2986 339 1669
3 2447 2545 2309
3 2461 3191 1774
3 4372 4355 2316
3 2395 2543 2546
3 3773 186 4112
3 2353 2976 2310
3 1225 1600 2056
3 2977 2935 2850
3 2282 2065 2323
3 2711 2494 2583
3 2596 1643 486
3 3638 250 4971
3 1036 1506 1507
3 2262 2597 2485
3 2310 2584 2306
3 2332 2426 2688
3 2484 2588 2309
3 2159 3012 1713
3 2493 2646 2208
3 1859 2047 1706
3 2260 2485 2443
3 4192 3186 2575
3 3528 2609 2216
3 3591 3528 2216
3 2486 2582 2969
3 862 4247 3148
3 1365 4321 4348
3 2638 2437 2345
3 2530 2637 2435
3 896 2393 4005
3 1443 2215 4964
3 2435 2387 2383
3 1075 1164 1076
3 2698 2439 2299
3 4268 3582 3580
3 2577 2384 2438
3 1295 4669 233
3 2881 2880 3147
3 2577 2431 2384
3 3303 2986 1669
3 2085 3366 4609
3 3723 2032 4066
3 1716 874 284
3 3347 4329 4013
3 4200 1364 4062
3 2390 2207 2260
3 2333 3280 2955
3 2381 2382 2695
3 1864 1906 2078
3 2779 4202 3115
3 1429 174 3202
3 2428 2566 2568
3 3543 4227 4995
3 4610 4928 4604
3 2422 2332 2688
3 4610 1328 4928
3 376 4754 4917
3 4378 748 283
3 461 776 1626
3 2419 2561 2377
3 4946 1121 2621
3 2472 4403 1894
3 2321 4980 4408
3 49 4285 44
3 1537 3426 3063
3 2320 2414 2373
3 2556 2512 2825
3 2414 2366 2617
3 3378 4615 2754
3 2457 2399 2241
3 2282 2224 2167
3 2145 2149 3225
3 2510 2512 2556
3 560 407 3224
3 2989 2899 3200
3 2776 3200 2899
3 2366 2458 2613
3 2556 2671 2408
3 2662 1932 1939
3 3622 4849 3619
3 547 2571 1134
3 1086 584 1488
3 2402 2661 2243
3 3103 4685 2120
3 547 1134 2275
3 2398 2503 2400
3 3991 3984 3313
3 2691 2566 3011
3 2400 2503 2500
3 2098 4054 111
3 986 4189 1910
3 2399 2498 2356
3 1497 1086 1499
3 2606 2354 2604
3 2354 2233 2604
3 4589 681 4298
3 2354 2124 2233
3 2498 2496 2356
3 2487 2721 2542
3 2492 2394 2448
3 2355 2395 2546
3 2724 2210 2208
3 2651 2597 2351
3 4354 4888 4637
3 2494 2395 2266
3 233 4669 762
3 4304 1577 799
3 1158 3116 4721
3 2128 2129 2241
3 4927 4846 1453
3 3155 3825 392
3 2032 3723 4371
3 2595 2533 2441
3 2261 2486 2308
3 2640 2584 2310
3 2584 2639 2306
3 2390 2443 2442
3 2660 2665 2611
3 2278 4707 107
3 4863 4599 4884
3 4171 2544 2944
3 200 248 271
3 2643 2308 2486
3 2299 2794 2698
3 1137 4139 1959
3 1641 2687 3299
3 2478 2339 2338
3 2564 922 4228
3 2338 2479 2478
3 1839 4608 4025
3 2429 2568 2476
3 2358 253 2376
3 2293 2477 2569
3 275 2367 107
3 2717 2599 2594
3 2475 2332 2147
3 2521 2566 2565
3 2475 2426 2332
3 1161 2934 3249
3 2268 2153 1987
3 2519 2624 2751
3 2751 2423 2519
3 2526 2755 2633
3 2686 2473 2422
3 492 549 446
3 3255 2598 2920
3 2519 2423 2228
3 360 1685 3256
3 2786 2325 2684
3 2961 1009 2221
3 4609 4338 2085
3 2680 2915 2874
3 4671 2239 3413
3 1933 2176 4660
3 2374 2559 2253
3 1598 342 2215
3 275 225 2397
3 550 1436 4258
3 1379 4214 4233
3 2031 2377 2946
3 2322 2469 2620
3 2282 2370 2741
3 1243 1021 1132
3 4413 376 4726
3 2173 2111 2110
3 2248 2410 2408
3 2280 2508 2366
3 2406 2363 2408
3 2405 2403 2460
3 2161 2277 2668
3 2507 2460 2403
3 2458 2366 2508
3 2458 2508 2553
3 2163 2276 2401
3 2217 2400 2407
3 2668 2455 2161
3 4379 4904 3727
3 2402 2406 2772
3 2359 2504 2507
3 2096 1452 139
3 2842 2146 1388
3 2775 587 2729
3 2398 2546 2503
3 2357 2354 2606
3 2357 2187 2354
3 506 1379 539
3 2452 2451 2448
3 4417 4702 4933
3 2080 4608 592
3 4321 1365 3320
3 2343 2302 2345
3 2839 2756 2796
3 2356 2496 2452
3 2452 2496 2451
3 3970 1708 2489
3 2234 2351 2311
3 4000 1615 3996
3 741 598 767
3 1968 537 4827
3 2269 2309 2545
3 2448 2451 2492
3 2947 720 1152
3 4367 4889 4050
3 2264 2448 2394
3 1415 1809 2929
3 2576 2573 1809
3 1373 1349 1430
3 2040 2037 2174
3 2394 2492 2583
3 1945 1137 1959
3 3766 2644 2647
3 2561 2679 2946
3 2485 2260 2262
3 2437 2343 2345
3 2542 2344 2487
3 2582 2306 2639
3 2533 2388 2441
3 2260 2443 2390
3 2367 2278 107
3 3038 3653 3032
3 2344 2439 2487
3 2344 2299 2439
3 2636 2635 2531
3 2578 2343 2437
3 838 805 4999
3 1409 531 182
3 2571 3928 4008
3 2383 2381 2435
3 2382 2384 2431
3 3342 2777 3003
3 84 1211 2818
3 2053 1754 1830
3 2798 2757 2926
3 2753 2477 2293
3 683 4258 1436
3 2566 2113 2565
3 2289 2520 2565
3 2421 2285 2420
3 84 2818 280
3 2561 2419 2329
3 2419 2256 2329
3 1933 2011 2176
3 4436 3969 4154
3 2417 2326 2197
3 2334 580 4673
3 2514 2416 2515
3 2030 1500 3772
3 2372 2195 2283
3 523 280 1152
3 2323 2319 2370
3 2400 2607 2612
3 2120 2211 2245
3 3350 719 4221
3 1820 3801 206
3 2734 2467 2413
3 3103 2176 2011
3 1321 1398 1156
3 2585 2436 2637
3 3827 3894 3896
3 2136 2163 2319
3 1846 2137 2171
3 2364 2246 2407
3 450 2828 1508
3 41 571 2058
3 2408 2363 2248
3 2280 2364 2508
3 3366 3372 1363
3 2359 2507 2403
3 3433 2239 4415
3 4255 715 4124
3 2425 275 2397
3 3143 3505 4981
3 561 4298 610
3 715 4008 4124
3 2405 2360 2403
3 4467 2898 1250
3 1067 2501 837
3 2356 2241 2399
3 2243 2272 2402
3 860 4773 4202
3 2499 2243 2661
3 2356 2270 2241
3 4693 3752 2048
3 3098 3097 3177
3 1452 2103 4690
3 2353 2267 2499
3 3988 3838 4416
3 2685 2788 3050
3 2234 2311 2088
3 2266 2395 2355
3 2355 2546 2398
3 2266 2264 2394
3 2724 2233 2210
3 1663 966 2616
3 2597 2311 2351
3 3443 4421 2103
3 30 15 68
3 2159 1713 144
3 2273 2804 3773
3 2441 2387 2436
3 253 526 4769
3 2387 2441 2388
3 2348 2349 2449
3 2649 2349 2766
3 2811 2347 3125
3 2078 2147 2043
3 2388 2384 2383
3 1492 4885 412
3 4909 3085 4648
3 2384 2382 2383
3 2339 2794 2299
3 2382 2381 2383
3 2614 2669 2670
3 2527 2479 2298
3 2298 2479 2338
3 860 2534 4978
3 4814 425 951
3 2337 2115 2231
3 2483 2491 970
3 58 63 101
3 3054 2335 1545
3 3203 3510 3143
3 1461 4045 1839
3 2428 2113 2566
3 2423 2520 2289
3 1737 3959 566
3 2438 2388 2533
3 2330 2285 2421
3 2605 4730 4950
3 4793 4514 834
3 3284 4192 3195
3 2068 2325 2283
3 580 2334 1937
3 1571 1730 1684
3 2195 2372 2468
3 2031 2946 2369
3 2837 2663 2525
3 1648 1995 1682
3 2467 2513 2250
3 2193 2250 2513
3 2476 2628 2231
3 4981 3505 3503
3 2371 2062 2365
3 2365 2405 2371
3 2193 2513 2165
3 2220 2409 2280
3 3320 3303 3572
3 3186 3083 4182
3 3279 837 1065
3 2671 2822 2781
3 2280 2409 2364
3 2365 2062 2219
3 2246 2364 2409
3 2362 2218 2165
3 2219 2360 2365
3 1662 4313 4318
3 2244 2360 2219
3 2218 2362 2457
3 677 3606 730
3 2272 2406 2402
3 2406 2272 2363
3 2455 2131 2161
3 2244 2403 2360
3 2400 2217 2398
3 2276 2187 2357
3 2398 2189 2355
3 2499 2267 2243
3 3023 1191 618
3 677 730 243
3 3822 2802 2801
3 2269 2545 2504
3 2356 2452 2270
3 1085 2524 3933
3 1188 640 3494
3 225 3824 2590
3 3443 3787 4421
3 1996 1879 2099
3 2263 2212 2353
3 223 261 393
3 2263 2486 2261
3 1052 4843 560
3 2493 2206 2117
3 2449 2300 2348
3 2117 2204 2308
3 2342 3829 1184
3 2306 2486 2263
3 2118 2390 2484
3 2390 2442 2484
3 2308 2493 2117
3 587 2748 594
3 118 3627 2767
3 253 4724 2376
3 2384 2388 2438
3 2071 2113 1972
3 2300 2299 2344
3 2298 2339 2299
3 2298 2338 2339
3 1958 3916 1055
3 2334 2046 1937
3 2302 2449 2345
3 2569 2072 2293
3 2180 2295 2475
3 2486 2306 2582
3 2257 2332 2422
3 2671 2557 2408
3 2111 2173 2330
3 3090 1717 1748
3 2473 2684 2068
3 2104 2515 2416
3 4665 4226 3592
3 2371 2322 2516
3 2516 2226 2223
3 73 1943 658
3 2516 2223 2371
3 3531 4797 4227
3 4053 4069 4911
3 2410 2249 2466
3 4794 4797 3531
3 2319 2065 2136
3 2700 2756 2963
3 2374 2224 2741
3 1507 4505 1326
3 2350 2983 396
3 2416 2249 1997
3 2194 1997 2249
3 2319 2735 2370
3 2468 2413 2467
3 2323 2065 2319
3 1514 262 1510
3 3287 3975 1476
3 2279 2414 2320
3 2616 1893 1607
3 2247 2369 2277
3 2280 2366 2279
3 1814 2069 1889
3 257 222 202
3 1121 4395 2621
3 1715 1714 1709
3 4971 4669 1154
3 2188 2243 2267
3 2623 2516 2680
3 2268 2452 2448
3 2270 2452 2268
3 4027 3315 1932
3 3632 3650 249
3 760 1227 4538
3 2267 2353 2212
3 2585 2583 2492
3 3802 4442 3599
3 1703 1275 4591
3 2209 2309 2269
3 254 2995 680
3 2353 2310 2263
3 891 3110 1946
3 774 3004 3718
3 2310 2306 2263
3 4567 1524 3712
3 2202 2077 2297
3 830 814 1362
3 2300 2344 2348
3 3149 4034 614
3 1229 4964 4946
3 2302 2343 2298
3 2302 2298 2300
3 2300 2298 2299
3 2429 2297 2077
3 3526 935 305
3 1955 2119 1951
3 1443 4964 1346
3 2075 2042 2076
3 2113 2428 2143
3 2042 2569 2295
3 4066 2453 3723
3 2565 2113 2289
3 2147 2332 2257
3 4637 4888 4626
3 2109 2422 2473
3 283 748 1549
3 2330 2198 2285
3 2605 4950 213
3 3653 4589 3327
3 1353 3152 1322
3 2283 2325 2372
3 1267 2046 2433
3 2374 2168 2224
3 3833 2045 499
3 3202 947 3224
3 1429 3202 3224
3 2377 2031 2102
3 3622 3289 4849
3 1516 265 268
3 2249 2410 2248
3 4221 719 2397
3 2786 2787 2909
3 680 3083 3186
3 189 4561 2346
3 1943 4403 4085
3 2756 2839 2922
3 1882 1936 2003
3 3188 3941 1273
3 2401 2276 2357
3 2130 2217 2246
3 2229 1367 233
3 4776 4497 2893
3 2271 2359 2403
3 2219 2025 2244
3 3150 1669 1598
3 3709 3004 1556
3 3224 407 1429
3 4567 3273 4273
3 2214 2455 2238
3 2271 2269 2359
3 4988 533 4029
3 2266 2355 2155
3 1639 2554 1381
3 2212 2188 2267
3 3224 2703 560
3 415 933 4299
3 2056 1600 2039
3 2152 2124 2089
3 4599 998 3895
3 4408 2307 2321
3 2261 2308 2204
3 2204 2117 2049
3 4811 2288 3912
3 2231 2202 2297
3 1753 1035 4309
3 3287 1449 189
3 2225 2064 2373
3 2650 2498 2551
3 2042 2072 2569
3 3951 1558 1524
3 4844 4276 3280
3 2147 2180 2475
3 2106 4285 749
3 422 121 4062
3 2257 2422 2109
3 2199 2111 2287
3 2289 2228 2423
3 2286 2256 2199
3 2256 2286 2329
3 2594 2762 2638
3 2254 2170 2419
3 3384 3789 3857
3 2515 2104 2253
3 774 3718 2324
3 2468 2467 2195
3 2719 2353 2499
3 4918 2211 4682
3 1997 2104 2416
3 2062 2371 2099
3 2064 2320 2373
3 2195 2467 2250
3 3562 1022 2631
3 1769 2149 3658
3 2247 2031 2369
3 1775 3389 2227
3 2105 1967 1996
3 4665 4303 4226
3 1367 1295 233
3 2248 2363 2192
3 2162 2276 2163
3 4268 3580 3560
3 1836 496 1831
3 4888 1862 1860
3 2160 2272 1920
3 2455 2214 2131
3 2271 2403 2244
3 1710 1788 1555
3 1920 2272 2243
3 3150 3303 1669
3 2128 2241 2270
3 1920 2243 2188
3 2271 2185 2269
3 929 1850 3465
3 280 3575 84
3 1860 1849 4883
3 2234 2088 2183
3 4008 1717 2571
3 2209 2269 2185
3 415 3273 1480
3 2233 2152 2210
3 4902 4863 4884
3 869 1740 989
3 2513 2362 2165
3 2210 1907 2208
3 2207 2119 2262
3 1350 580 830
3 2484 2309 2118
3 3906 3912 1265
3 3477 4566 3582
3 4863 4902 3500
3 1035 1703 1068
3 1026 4796 329
3 2228 2326 2519
3 4309 1116 1753
3 2293 2115 2337
3 1921 2630 17
3 1161 3560 2934
3 1927 1873 1838
3 2143 2041 1972
3 1991 1612 4036
3 2171 2228 2108
3 2199 2287 2286
3 2289 2108 2228
3 2939 955 3253
3 4765 4632 4819
3 1991 4036 4365
3 2257 2043 2147
3 1237 2747 2609
3 2420 2285 2255
3 1835 715 84
3 2107 2169 2255
3 4000 4860 1615
3 1445 3289 2974
3 2223 2226 2105
3 4823 4821 4822
3 2961 2144 4070
3 1907 1952 1829
3 2220 2280 2279
3 2193 2134 2097
3 2194 2249 2166
3 1453 2190 2891
3 275 4429 225
3 2218 2241 2129
3 2218 1961 2165
3 2754 2759 4050
3 2132 2130 2246
3 2133 2248 2192
3 2730 3427 591
3 3048 896 1129
3 2272 2160 2363
3 1962 1877 1766
3 2129 1988 2218
3 2160 2192 2363
3 2130 2189 2398
3 2646 2493 2716
3 4375 184 2927
3 1828 1906 1864
3 37 3546 1250
3 2448 2153 2268
3 1824 2235 272
3 4050 4898 4367
3 4980 2321 898
3 1135 889 863
3 481 905 4329
3 4608 1839 4616
3 4883 4888 1860
3 195 175 279
3 4016 1450 657
3 2209 2084 2118
3 1140 3808 4896
3 2016 185 1239
3 3334 3329 4491
3 1949 2206 1907
3 2077 2230 2429
3 2648 2503 2546
3 3320 3572 37
3 3801 733 206
3 2076 2295 2180
3 2212 2263 2261
3 2230 2177 2429
3 3383 1478 1058
3 4008 715 1835
3 37 4321 3320
3 2006 2043 2257
3 2555 1658 3818
3 2174 2199 2256
3 2173 2005 2330
3 2005 2198 2330
3 4876 4359 3391
3 2026 1962 2133
3 3712 3273 4567
3 2255 2285 2107
3 2831 2749 2830
3 2137 2225 2197
3 234 338 240
3 2099 2105 1996
3 240 338 3606
3 2168 2033 2224
3 1998 2065 2282
3 3303 3150 3572
3 4365 1589 1991
3 4615 3378 1638
3 3103 2120 2245
3 2337 2231 2523
3 1214 26 1891
3 3037 4318 4313
3 2247 2063 2031
3 2094 2062 1879
3 2335 3054 621
3 2248 2133 2166
3 2134 2193 2165
3 2094 2219 2062
3 2132 2246 2409
3 1662 804 4313
3 2219 2094 2025
3 1986 2276 2162
3 2727 2551 2773
3 2131 2057 2161
3 2398 2217 2130
3 2025 2022 2244
3 1829 1865 1949
3 2537 1476 432
3 4648 1456 4644
3 2122 2266 2155
3 2623 2255 2226
3 2535 3246 1376
3 2152 1952 2210
3 2166 2249 2248
3 2239 2314 4415
3 2122 2153 2264
3 2483 970 958
3 960 4085 3101
3 1497 584 1086
3 2210 1952 1907
3 2118 2084 2083
3 1006 1090 3925
3 2923 432 126
3 2273 1579 2432
3 2358 2376 74
3 2208 1907 2206
3 2176 1420 4660
3 2118 2083 2390
3 4045 4616 1839
3 2180 1979 2076
3 2231 2115 2202
3 4723 332 4838
3 583 2743 2712
3 2115 2293 2072
3 1842 815 2341
3 4918 2144 2182
3 2042 1975 2072
3 1612 1991 1526
3 2111 2199 2037
3 505 1123 2328
3 2174 2037 2199
3 2425 2450 2367
3 2256 2035 2174
3 2169 2226 2255
3 280 523 169
3 2211 2120 4682
3 1969 2224 2033
3 2170 2254 2002
3 526 253 2358
3 2722 830 1362
3 2168 2104 2034
3 2377 2102 2254
3 2099 2223 2105
3 4889 4367 4641
3 78 2017 3428
3 3752 2014 2048
3 2102 2002 2254
3 2059 2409 2220
3 4641 4367 4644
3 1938 1898 2006
3 2279 1989 2220
3 3570 3261 1312
3 1961 2134 2165
3 2057 2247 2277
3 2057 2277 2161
3 1961 2218 1988
3 4896 3808 383
3 2196 1767 4077
3 65 2445 1212
3 2130 2158 2189
3 4467 2304 532
3 2304 4467 1250
3 2054 1915 2188
3 4648 4644 4367
3 2192 2026 2133
3 2090 2244 2022
3 2090 2022 1762
3 2527 2343 2578
3 2020 2214 2238
3 4067 4141 4423
3 2183 2020 2238
3 2212 2054 2188
3 2189 2158 2155
3 2797 2135 2178
3 2448 2264 2153
3 2084 2209 2121
3 3727 4904 4901
3 1954 2084 2019
3 1545 2335 720
3 2083 2084 1954
3 2262 2119 2311
3 2072 2074 2115
3 1908 2119 2207
3 2180 2078 1979
3 1980 2049 2117
3 2367 2358 74
3 2078 2180 2147
3 2145 2509 4547
3 2335 3871 523
3 2115 2073 2202
3 2074 2072 1975
3 2367 2450 2358
3 2007 1940 2040
3 1100 1107 1344
3 4077 1894 2196
3 2069 2174 2035
3 41 2058 4049
3 3402 1767 1679
3 2473 2003 2109
3 163 4376 118
3 2473 2068 2003
3 2285 2198 2107
3 4790 4363 4425
3 2322 2620 2516
3 2137 2197 2171
3 2102 1995 2002
3 2108 1890 1689
3 860 4202 1466
3 2167 1998 2282
3 4079 3409 4355
3 2031 1995 2102
3 2195 2250 2097
3 504 463 582
3 526 2358 2450
3 2059 2132 2409
3 4735 2696 4436
3 1868 1592 1952
3 2131 1927 2057
3 1988 2129 2024
3 2026 2192 2160
3 2128 2024 2129
3 2268 1987 2128
3 4947 4627 4628
3 1010 2699 786
3 2244 2090 2271
3 3443 1806 3787
3 2089 2124 1986
3 1915 1920 2188
3 224 3804 206
3 1719 989 4818
3 1952 2152 1956
3 2212 2086 2054
3 2207 2083 1954
3 2013 2230 2077
3 759 4769 526
3 927 920 2290
3 1108 1958 1055
3 2073 1855 2202
3 2074 2073 2115
3 2216 2609 2621
3 426 4523 1528
3 4933 3799 3778
3 2109 2036 2257
3 2006 2257 1938
3 2174 2007 2040
3 1693 1848 1938
3 2504 2359 2269
3 4689 4690 2103
3 2110 2111 2037
3 3196 3925 851
3 3901 3347 4615
3 2137 2000 2225
3 2170 2002 2035
3 678 2446 168
3 1882 2068 2283
3 1154 4669 1295
3 2104 1997 2034
3 1969 2167 2224
3 2099 2371 2223
3 1998 2136 2065
3 1728 1843 1998
3 2095 2320 2064
3 2063 2247 2057
3 2025 2094 1878
3 2534 3725 4153
3 2131 2214 1927
3 4231 3033 4532
3 719 2425 2397
3 2022 1876 1762
3 618 488 1216
3 2187 1986 2124
3 4432 3541 4088
3 3125 2347 24
3 4675 1492 4553
3 1047 667 778
3 1913 2153 1833
3 1913 1987 2153
3 23 736 1630
3 976 1708 979
3 8 1596 39
3 108 831 3152
3 1888 1884 1734
3 1010 1313 1055
3 1588 1825 1551
3 2204 2086 2261
3 1908 2207 1954
3 1949 1980 2206
3 3131 3126 80
3 1980 2117 2206
3 1229 1346 4964
3 1844 2532 1122
3 2230 1947 2047
3 2047 2177 2230
3 1898 1938 1848
3 1852 1975 2042
3 4526 1528 4523
3 2037 2040 1974
3 2388 2383 2387
3 2767 4201 4221
3 4811 1127 4239
3 1938 2257 2036
3 3877 4376 1032
3 1846 2171 2108
3 1971 2107 2198
3 1967 2105 1971
3 2198 2005 1971
3 2167 1999 1998
3 2000 2064 2225
3 2955 379 4836
3 3115 755 3120
3 2525 2663 258
3 1805 1997 2194
3 2195 1880 2283
3 1998 1843 2136
3 1965 2095 2064
3 1992 2195 2097
3 1963 2061 2166
3 2059 2220 1989
3 2166 2133 1962
3 2063 2057 1803
3 1803 2057 1927
3 158 143 155
3 1840 2134 1961
3 2162 1929 1986
3 1878 1876 2025
3 2155 1916 2122
3 2022 2025 1876
3 2130 1925 2158
3 4949 1284 940
3 2054 1984 1915
3 1796 2089 1986
3 2158 1916 2155
3 3975 1381 1481
3 2121 2090 2019
3 3474 2537 2528
3 4347 547 4861
3 451 3188 3183
3 2122 1760 1833
3 2874 2421 2623
3 1833 2153 2122
3 923 1863 4155
3 2019 2084 2121
3 2088 2119 1955
3 4689 1724 4083
3 1157 3560 1161
3 305 4791 3526
3 3150 1804 3572
3 2086 2204 2049
3 2078 1906 1979
3 1654 1695 1735
3 2013 1947 2230
3 1748 1717 4729
3 1907 1829 1949
3 1859 1821 2177
3 2704 1570 678
3 2229 1134 1367
3 1901 1752 1861
3 2043 1942 2044
3 332 4917 1391
3 1018 1000 516
3 1857 2042 2075
3 3153 4833 745
3 1975 1778 2074
3 771 4833 1775
3 2428 2429 2143
3 3251 3250 1351
3 3503 3849 3055
3 4182 3083 4484
3 3150 1598 1443
3 2173 2110 1811
3 1805 1529 1684
3 2108 2071 1890
3 2036 2109 2003
3 1610 1887 2005
3 2169 2107 2105
3 3256 2550 1259
3 2107 1971 2105
3 4981 3503 2973
3 1887 1967 1971
3 2571 3090 1134
3 2034 1970 2168
3 2033 2168 1970
3 1995 1884 2002
3 1098 1851 508
3 1995 2031 2063
3 2273 3773 3820
3 1882 2283 1880
3 2000 1965 2064
3 2597 2262 2311
3 2061 1805 2194
3 1881 1996 1967
3 1583 1857 1704
3 3959 4532 3033
3 1992 2097 2134
3 3290 508 937
3 1843 1929 2162
3 1079 928 1351
3 3510 3203 4776
3 1961 1988 1875
3 1676 2132 2059
3 3155 392 2790
3 2290 4239 3243
3 1877 2026 2160
3 3664 3334 474
3 1602 1566 1766
3 1259 703 3762
3 1873 2214 2021
3 911 1291 3589
3 4778 3284 3195
3 1877 2160 1920
3 1837 1916 2158
3 2059 1989 1841
3 969 1038 1200
3 2021 2214 2020
3 1914 2089 1796
3 1747 1823 1782
3 1916 1760 2122
3 1141 4986 1893
3 1616 54 1623
3 619 956 2334
3 3906 4235 3750
3 2086 2049 1953
3 1953 1984 2054
3 2119 1908 1951
3 1954 1790 1908
3 1866 1953 2049
3 1866 2049 1980
3 3093 3382 2907
3 3382 3517 3521
3 4376 3877 118
3 1835 4729 1717
3 1904 2076 1979
3 2177 2047 1859
3 1901 1864 2044
3 2079 3049 3025
3 500 3052 1001
3 1898 2043 2006
3 4973 3055 4171
3 1821 2041 2177
3 1940 1974 2040
3 2282 2741 2224
3 1632 1796 1673
3 834 4514 3215
3 1972 2041 1895
3 3502 3572 1804
3 2173 1811 2005
3 2068 2684 2325
3 2037 1896 2110
3 37 3572 3502
3 3152 1353 108
3 2743 592 81
3 3352 1129 534
3 3503 3055 2973
3 1911 1954 2019
3 1553 1904 1828
3 1888 2035 2002
3 2152 2089 1956
3 2016 319 191
3 1526 3629 1612
3 2304 1250 3546
3 1888 2002 1884
3 1969 1999 2167
3 329 4796 3897
3 1999 1883 1998
3 1674 3025 2810
3 1997 1805 1730
3 1931 2095 1965
3 4901 4904 2106
3 3543 3746 4235
3 70 73 649
3 1875 2024 1918
3 1685 2550 3256
3 1725 1251 1249
3 4239 2288 4811
3 2024 1987 1918
3 84 3575 1835
3 3991 3654 3996
3 1942 1823 1858
3 2054 2086 1953
3 2979 496 1836
3 60 2664 619
3 1935 1207 4029
3 1786 1866 1980
3 1825 1588 2013
3 2697 1638 4889
3 4547 4252 287
3 1687 1648 1422
3 144 505 1692
3 3825 2536 1039
3 1575 1558 768
3 3804 1820 206
3 2533 2595 2723
3 1780 1855 2073
3 1778 1780 2074
3 3255 2968 2943
3 3912 3750 4811
3 1942 2043 1898
3 2043 2044 2078
3 1892 16 1935
3 2335 532 3871
3 1566 1723 1766
3 2482 2497 975
3 1965 1569 1931
3 1974 1896 2037
3 1813 1890 1972
3 3382 3093 4778
3 1814 2007 2069
3 1890 2071 1972
3 4221 4201 3350
3 1888 2069 2035
3 680 1664 254
3 1971 2005 1887
3 2137 1846 2000
3 1732 1967 1887
3 2068 1882 2003
3 1970 1885 2033
3 1222 1091 1302
3 1216 2385 618
3 2331 4475 2340
3 1996 1881 1879
3 3589 3934 4081
3 3575 280 169
3 1880 2195 1992
3 1640 1802 1879
3 1962 1963 2166
3 57 231 39
3 2094 1879 1878
3 1726 2063 1803
3 3280 4276 2955
3 4907 1139 1117
3 3582 4268 3477
3 1393 2795 3530
3 37 3502 3546
3 401 3162 974
3 2480 1708 768
3 1673 1986 1929
3 2158 1925 1837
3 2730 1282 3427
3 1391 2750 332
3 4345 4209 4058
3 1918 1987 1913
3 2089 1914 1956
3 2355 2189 2155
3 523 3871 169
3 1948 668 1181
3 1762 1793 2090
3 533 4988 4023
3 1916 1795 1760
3 1759 1915 1984
3 1793 2019 2090
3 1952 1956 1868
3 1790 1954 1911
3 1790 1951 1908
3 1710 1953 1866
3 2412 3206 589
3 1949 1865 1980
3 1828 1979 1906
3 1575 2793 1558
3 1828 1904 1979
3 1466 1576 3725
3 1825 2013 1902
3 1902 2013 2077
3 2631 2618 3249
3 1158 56 665
3 3725 440 4153
3 1855 1902 2202
3 282 2814 2463
3 1974 1854 1896
3 2521 2689 3011
3 1738 1782 1848
3 670 190 2862
3 720 2335 523
3 2652 1419 916
3 1693 1938 2036
3 204 775 4234
3 1662 4320 3842
3 610 4298 681
3 4754 376 4766
3 621 532 2335
3 2696 3969 4436
3 4918 2182 3900
3 2034 1730 1571
3 4381 4246 4014
3 1684 1730 1805
3 3215 4514 3213
3 4507 4308 4094
3 826 4446 1217
3 1116 3500 1753
3 2071 2289 2113
3 1288 2462 2459
3 1931 1989 2095
3 2245 2570 3103
3 1841 1676 2059
3 1120 3199 573
3 2570 2245 2211
3 1875 1988 2024
3 1800 1925 2132
3 1962 1766 1723
3 83 1138 2391
3 2255 2623 2420
3 2743 299 2712
3 3495 1067 837
3 3279 2517 1917
3 4652 1605 237
3 1312 2622 3570
3 1627 1956 1914
3 1858 1901 2044
3 1229 2701 1346
3 1576 180 736
3 3126 24 2592
3 24 3126 3125
3 4735 485 1905
3 1759 1984 1953
3 786 2699 1067
3 4375 1420 3265
3 1980 1865 1786
3 1861 1864 1901
3 2126 1690 4853
3 759 526 719
3 3251 1351 1649
3 551 4228 3518
3 1931 1251 1725
3 2742 1847 897
3 1817 1742 1778
3 1854 1974 1940
3 1782 1942 1898
3 719 526 2450
3 1781 1896 1854
3 1782 1898 1848
3 906 1157 1161
3 2772 2780 2866
3 2069 2007 2174
3 1895 2041 1815
3 2106 4898 4901
3 4296 2747 1295
3 4296 1401 2747
3 2282 2323 2370
3 1736 2110 1896
3 2466 2416 2514
3 3052 583 2070
3 4615 3347 2418
3 1889 1888 1734
3 2033 1885 1969
3 1647 1970 2034
3 1733 1969 1885
3 4909 4648 749
3 1730 2034 1997
3 2801 2802 1256
3 420 2288 4239
3 2884 2148 1903
3 1237 4971 1154
3 2063 1726 1682
3 1682 1995 2063
3 2211 3900 2570
3 181 1239 185
3 3694 1295 1367
3 1879 1881 1640
3 1877 1765 1766
3 1840 1875 1721
3 1802 1878 1879
3 1237 3638 4971
3 4221 2397 2590
3 1838 1803 1927
3 1875 1918 1797
3 1877 1920 1765
3 1673 1796 1986
3 1712 1793 1762
3 2656 2336 1090
3 2810 260 2066
3 2226 2169 2105
3 1723 1681 1963
3 1710 1759 1953
3 2613 2617 2366
3 4644 1456 4641
3 2214 1873 1927
3 1866 1786 1788
3 1588 1947 2013
3 2851 3771 2842
3 4946 2621 1229
3 1401 1229 2609
3 537 1968 3149
3 1902 1582 1825
3 1704 2075 2076
3 901 2907 3213
3 1704 2076 1904
3 786 1313 1010
3 3090 2571 1717
3 1857 2075 1704
3 1823 1942 1782
3 1942 1858 2044
3 3125 3126 1808
3 1416 1602 1523
3 1754 1500 1363
3 4648 4367 749
3 1857 1578 1852
3 1818 2041 1821
3 1814 1940 2007
3 1789 2093 2570
3 1852 1817 1975
3 2041 1818 1815
3 2177 2041 2143
3 1940 1814 1698
3 4812 4813 2305
3 350 2743 81
3 2110 1736 1811
3 1814 1889 1651
3 1811 1610 2005
3 1882 1773 1936
3 1610 1732 1887
3 4379 1679 4904
3 1987 2024 2128
3 2852 3192 1118
3 1476 561 126
3 1648 1884 1995
3 1998 1883 1728
3 1606 1728 1883
3 1967 1732 1881
3 1732 1644 1881
3 39 1596 1600
3 1529 1805 2061
3 2541 1374 4629
3 1989 1931 1725
3 1723 1963 1962
3 2701 1443 1346
3 583 570 2070
3 2118 2309 2209
3 1675 1803 1838
3 1799 1876 1878
3 2590 2397 225
3 1721 1875 1797
3 1919 1876 1799
3 1404 1491 1797
3 3535 3585 3376
3 1915 1765 1920
3 1466 2534 860
3 625 2045 488
3 1761 1915 1759
3 2021 2020 1668
3 1833 1665 1913
3 2747 1401 2609
3 4403 70 1894
3 1557 1837 1672
3 1665 1833 1398
3 1474 1544 1472
3 1911 1794 1790
3 1660 1447 1868
3 2411 1576 1466
3 4013 4329 905
3 1710 1866 1788
3 1591 1865 1829
3 2767 4221 2590
3 648 466 2146
3 2092 150 4214
3 1947 1624 2047
3 3719 4297 4006
3 182 2851 1409
3 1468 2190 4668
3 2324 3718 324
3 1823 1752 1858
3 1752 1901 1858
3 831 1370 1532
3 1922 1122 1928
3 1655 1746 1702
3 2767 2590 2067
3 2218 2457 2241
3 1405 1523 1667
3 1854 1546 1781
3 1524 1558 2793
3 6 4115 440
3 2142 4604 1326
3 1048 1428 2807
3 4349 2411 1466
3 2779 4349 1466
3 1780 1778 1744
3 1698 1546 1854
3 1118 4228 551
3 1746 1896 1781
3 1698 1854 1940
3 1871 1118 551
3 4112 3820 3773
3 3817 4702 2352
3 1050 3842 4320
3 4139 548 1959
3 258 3469 2525
3 1736 1896 1746
3 1815 1739 1735
3 1316 1317 1234
3 1776 1735 1812
3 1776 1812 1813
3 398 112 644
3 1936 1693 2036
3 1734 1687 1889
3 1734 1884 1648
3 291 1443 2701
3 1968 4827 1945
3 2000 1846 1729
3 1965 2000 1729
3 1632 1914 1796
3 1969 1733 1999
3 2061 1681 1529
3 2838 168 4965
3 1681 2061 1963
3 4034 740 614
3 1680 1601 1843
3 3090 1367 1134
3 1184 2704 678
3 1877 1962 2026
3 1726 1803 1675
3 1841 1989 1725
3 1799 1878 1802
3 1544 1474 1546
3 99 123 88
3 3150 1443 291
3 4086 583 2712
3 1999 1731 1883
3 4758 1267 2433
3 539 1379 4233
3 1764 1873 1763
3 3659 3585 3535
3 2603 2112 2905
3 1668 1763 2021
3 2099 1879 2062
3 2658 1191 3023
3 1557 1795 1837
3 2235 1824 3440
3 244 4886 243
3 1793 1712 1794
3 4054 1456 4648
3 3833 499 3487
3 1758 1955 1951
3 2544 499 2944
3 1828 1864 1707
3 1864 1861 1707
3 1370 4299 1532
3 1458 1338 1567
3 1528 4526 141
3 1861 1621 1707
3 1754 2053 1500
3 1752 1621 1861
3 1817 1778 1975
3 1750 1818 1821
3 1580 1578 1857
3 3494 437 1630
3 4928 1326 4604
3 1781 1702 1746
3 4992 3213 4514
3 3494 1630 1188
3 3543 4235 3904
3 487 3336 3694
3 1274 1511 1357
3 3150 291 1804
3 1546 1702 1781
3 1815 1816 1739
3 1817 1852 1696
3 1817 1696 1539
3 1738 1848 1542
3 3273 3712 1480
3 560 2703 1052
3 1397 1028 1235
3 1064 1066 1063
3 4410 1204 839
3 1427 1889 1687
3 1464 1610 1811
3 1711 2183 2088
3 1689 1729 1846
3 1970 1646 1885
3 1999 1733 1608
3 1644 1732 1650
3 1880 1604 1882
3 1883 1731 1606
3 4270 1436 4923
3 1728 1606 1534
3 191 319 198
3 1843 1728 1680
3 1881 1644 1640
3 1569 1372 1931
3 2841 2790 764
3 26 1199 1630
3 4906 4905 4957
3 1840 1678 2134
3 1840 1721 1634
3 1414 1800 1676
3 1843 1601 1929
3 153 154 171
3 1799 1802 1720
3 1601 1673 1929
3 1838 1560 1675
3 3526 4791 380
3 1766 1631 1602
3 1766 1765 1631
3 1925 1800 1837
3 1797 1491 1721
3 1162 1575 839
3 1337 1083 1087
3 1631 1765 1761
3 1919 1799 1493
3 8 39 231
3 1631 1761 1667
3 1264 1425 1303
3 2622 1312 1755
3 2425 2367 275
3 1190 1509 1095
3 1594 1593 1795
3 1758 1597 1955
3 2389 1856 1531
3 1002 1073 1075
3 2524 453 3933
3 1660 1956 1627
3 2377 2254 2419
3 1956 1660 1868
3 4365 184 3230
3 1661 1759 1710
3 1591 1829 1592
3 1815 1776 1895
3 1483 1551 1193
3 1482 1624 1588
3 4303 1716 3202
3 1859 1706 1441
3 3202 1716 947
3 1904 1552 1704
3 3991 3996 691
3 2095 1989 2279
3 1821 1548 1750
3 1821 1584 1548
3 933 415 1480
3 1797 1913 1665
3 1818 1749 1816
3 1782 1738 1747
3 1816 1749 1743
3 1778 1742 1744
3 1581 1739 1743
3 1654 1739 1581
3 2509 2145 3225
3 184 3265 3230
3 410 428 671
3 4844 3658 4276
3 1739 1654 1735
3 1382 1698 1651
3 2750 2091 75
3 1693 1574 1542
3 1889 1427 1651
3 1711 2088 1955
3 1687 1345 1427
3 1571 1647 2034
3 1648 1687 1734
3 2667 2457 2362
3 1608 1733 1573
3 1085 489 1298
3 4668 3596 1468
3 1931 1372 1251
3 1567 1648 1682
3 1569 1965 1729
3 1564 1680 1728
3 120 133 132
3 1880 1562 1604
3 4288 712 635
3 1880 1992 1562
3 1562 1992 1678
3 4318 4320 1662
3 1457 1802 1640
3 1563 1566 1602
3 640 4139 3494
3 1634 1678 1840
3 165 276 292
3 1675 1560 1637
3 399 4566 3511
3 1457 1720 1802
3 1676 1725 1496
3 1672 1800 1414
3 1602 1631 1523
3 1837 1800 1672
3 1559 1763 1668
3 1359 1442 1554
3 1919 1490 1762
3 2950 2696 4735
3 129 4614 3299
3 1490 1712 1762
3 1794 1625 1790
3 3750 3912 3906
3 1661 1710 1555
3 2123 2135 1155
3 2086 2212 2261
3 1484 1786 1865
3 2047 1624 1706
3 1882 1604 1773
3 1624 1947 1588
3 973 1249 1077
3 1624 1441 1706
3 597 436 638
3 2020 2183 1711
3 2663 2004 258
3 4299 933 1532
3 588 444 626
3 1859 1441 1584
3 2279 2320 2095
3 1823 1747 1390
3 2541 1387 942
3 1657 1750 1548
3 1437 1743 1657
3 1902 1855 1547
3 1448 2983 3623
3 1511 1581 1618
3 1584 1821 1859
3 1618 1581 1743
3 2907 901 3093
3 3575 4729 1835
3 1702 1383 1655
3 1864 2078 2044
3 1780 1744 1699
3 4791 958 970
3 1829 1952 1592
3 841 305 295
3 1433 1699 1653
3 1744 1653 1699
3 4928 3071 1326
3 1539 1614 1742
3 1812 1695 1611
3 949 1863 356
3 1574 1693 1936
3 1812 1689 1890
3 3897 4802 329
3 155 92 176
3 2104 2168 2374
3 1638 3378 4889
3 1936 1773 1574
3 1327 1522 1408
3 1732 1610 1650
3 3184 3278 2957
3 1647 1646 1970
3 1828 1396 1553
3 1671 4809 394
3 1985 1148 4115
3 4652 1990 1605
3 2088 2311 2119
3 1680 1564 1498
3 1756 1768 644
3 3762 703 1623
3 1841 1725 1676
3 1599 1634 1721
3 1678 1634 1635
3 1414 1676 1496
3 4811 3750 1899
3 1559 1668 1407
3 1560 1838 1764
3 1632 1673 1601
3 3739 1775 3368
3 2396 181 179
3 1523 1631 1667
3 1475 955 2939
3 399 3986 3611
3 1797 1321 1404
3 346 330 366
3 728 2592 1585
3 1597 1668 1711
3 3871 2304 127
3 1761 1759 1661
3 1761 1661 1667
3 3577 207 701
3 1794 1712 1625
3 1555 1788 1484
3 1865 1591 1484
3 1758 1951 1790
3 1707 1396 1828
3 98 167 157
3 1704 1552 1583
3 1621 1752 1823
3 391 1312 3261
3 4270 1109 203
3 483 1520 4692
3 755 4149 3881
3 189 1449 3474
3 439 4929 4970
3 1902 1547 1582
3 1743 1437 1618
3 1657 1548 1437
3 1657 1743 1749
3 3338 2182 2144
3 4408 3045 333
3 1546 1698 1544
3 2126 4853 2144
3 1744 1614 1653
3 1744 1742 1614
3 1696 1852 1538
3 2591 2550 1685
3 1696 1430 1539
3 4934 1556 3004
3 1786 1484 1788
3 1381 3232 1481
3 2502 1069 3243
3 2093 1420 2176
3 1456 1924 1982
3 2974 3589 1403
3 1641 3327 2687
3 2028 2017 4136
3 1297 1731 1608
3 3105 3506 3235
3 1571 1684 1296
3 2149 3424 379
3 3004 3709 310
3 2093 2176 3103
3 1501 1640 1644
3 1119 1451 1324
3 2213 4171 2222
3 1529 1681 1565
3 1457 1640 1501
3 603 2098 355
3 1563 1565 1566
3 1576 6 3725
3 1527 1682 1726
3 3619 3329 3637
3 1142 1385 1474
3 267 1705 1288
3 1401 3865 2701
3 1613 799 2203
3 1635 1562 1678
3 1494 1720 1457
3 1484 1281 1555
3 1416 1563 1602
3 1637 1525 1253
3 1525 1764 1412
3 1559 1522 1763
3 2950 1871 2696
3 1763 1522 1764
3 824 4982 797
3 1672 1594 1557
3 4270 2181 1109
3 1665 1321 1797
3 1024 1515 483
3 1407 1668 1597
3 1667 1485 1405
3 1490 1625 1712
3 23 6 1576
3 3060 3098 3099
3 4922 2307 4408
3 1476 2537 1449
3 1832 3315 525
3 1447 1660 1279
3 3494 4139 1137
3 1055 194 1108
3 4135 1822 2824
3 1229 2621 2609
3 740 4034 1960
3 1552 1904 1553
3 4616 1434 4371
3 3238 1690 237
3 237 1690 2126
3 3352 534 2430
3 341 4427 4940
3 1825 1582 1551
3 489 1085 911
3 1758 1625 1597
3 1584 1438 1548
3 1355 1311 1702
3 1657 1749 1750
3 3871 532 2304
3 3334 4491 474
3 603 355 4136
3 1702 1385 1355
3 1546 1385 1702
3 1855 1699 1547
3 1968 3508 3149
3 1646 1573 1733
3 23 4115 6
3 2052 3922 3915
3 1470 1746 1655
3 4950 2445 2424
3 2563 2560 3505
3 1540 1695 1654
3 1614 1377 1653
3 1540 1611 1695
3 1895 1776 1813
3 3096 4854 364
3 1463 1542 1574
3 1295 3026 4296
3 1470 1464 1736
3 1423 1689 1611
3 922 1917 2517
3 3664 474 876
3 1731 1297 1606
3 1812 1735 1695
3 1567 1338 1648
3 1529 1333 1337
3 559 616 473
3 396 4844 2350
3 1564 1728 1534
3 4127 4272 4653
3 897 284 2742
3 2336 3280 2333
3 1682 1458 1567
3 1566 1565 1681
3 1726 1637 1527
3 1680 1498 1601
3 1332 1529 1565
3 2862 1400 2127
3 1227 566 4538
3 4034 3149 3508
3 417 405 2305
3 1493 1720 1494
3 2570 2093 3103
3 487 3694 1367
3 3038 905 3653
3 4270 683 1436
3 2696 2682 3969
3 2135 2123 2178
3 1720 1493 1799
3 1559 1407 1408
3 1627 1914 1406
3 1594 1402 1593
3 4338 4609 1050
3 1402 1398 1593
3 1926 4928 1328
3 1483 1588 1551
3 2143 2429 2177
3 4285 4909 749
3 4680 3336 487
3 620 744 850
3 3664 2051 3334
3 163 2154 4376
3 4540 291 2701
3 2747 1237 1295
3 4855 4896 1455
3 1260 89 2112
3 1702 1311 1383
3 3511 942 399
3 885 1083 1044
3 1641 2200 2705
3 1509 1699 1433
3 1203 1672 1414
3 1382 1651 1469
3 1653 1431 1433
3 1614 1378 1377
3 1539 1430 1614
3 1465 1611 1540
3 3090 1748 487
3 1696 1538 1430
3 2697 4641 1045
3 1410 1366 1625
3 1611 1689 1812
3 1535 1574 1773
3 1646 1572 1504
3 1572 1647 1571
3 804 1662 486
3 4465 4470 2726
3 1529 1337 1684
3 1418 1534 1336
3 691 3984 3991
3 1529 1332 1333
3 1333 1128 1337
3 4898 4050 4901
3 970 997 4794
3 1185 1057 1309
3 2314 2135 4415
3 1417 1563 1416
3 272 25 1824
3 2035 2256 2170
3 1635 1634 1495
3 1634 1599 1495
3 3026 1295 3694
3 3057 67 3061
3 1523 1489 1416
3 1407 1597 1625
3 1489 1523 1405
3 4968 4886 4369
3 2111 2330 2287
3 1762 1876 1919
3 141 766 2151
3 1444 1591 1592
3 855 367 2392
3 1484 1591 1397
3 766 4532 3959
3 1707 1554 1442
3 1482 1588 1483
3 1823 1550 1554
3 1621 1823 1554
3 2488 2491 2483
3 1317 1624 1482
3 4810 891 1946
3 1551 1582 1439
3 1550 1823 1390
3 1617 4430 2368
3 387 1455 383
3 1683 4355 3409
3 4538 566 3033
3 1314 1583 1552
3 1390 1747 1512
3 691 3996 1615
3 1582 1547 1146
3 1511 1654 1581
3 1385 1145 1355
3 2197 2225 2417
3 1747 1435 1512
3 1738 1435 1747
3 3165 1934 4492
3 4732 3502 1804
3 1382 1472 1544
3 3253 955 1213
3 437 3494 2412
3 1433 1471 1509
3 2903 4504 4506
3 1377 1431 1653
3 4349 2172 180
3 4730 2445 4950
3 2051 4055 16
3 896 4005 799
3 1797 1918 1913
3 1187 1464 1470
3 1667 1661 1485
3 4963 4444 3074
3 4680 4839 3336
3 4898 749 4367
3 1538 1852 1578
3 17 4053 1921
3 1650 1424 1644
3 4794 4791 970
3 4056 4057 3706
3 1505 1729 1423
3 1573 1462 1608
3 4794 2917 4791
3 1572 1261 1504
3 1340 1535 1773
3 1297 1608 1462
3 1606 1173 1534
3 1195 1792 1230
3 1822 4135 2518
3 1569 1729 1505
3 1644 1049 1335
3 1684 1337 1296
3 3372 1754 1363
3 2654 1543 2673
3 1322 1937 2415
3 1524 337 3712
3 1501 1335 1457
3 960 1981 668
3 1205 1325 1119
3 3026 3694 3336
3 425 4814 1740
3 1748 4680 487
3 2916 3921 2795
3 1569 1505 1258
3 1035 1068 4309
3 1981 960 3101
3 226 2916 2944
3 2103 2391 4689
3 1525 1637 1560
3 4523 426 360
3 1570 4710 2446
3 1562 1635 1290
3 1494 1457 1329
3 4540 3336 4594
3 1290 1635 1495
3 1721 1491 1599
3 1601 1413 1632
3 1542 1848 1693
3 1522 1412 1764
3 1604 1368 1257
3 1493 1490 1919
3 2108 1689 1846
3 1914 1632 1406
3 1451 1491 1324
3 1407 1625 1366
3 1406 1320 1627
3 3446 2495 2797
3 1490 1493 1410
3 1383 1311 1147
3 3834 3630 3691
3 1804 291 4594
3 2804 2273 2432
3 1592 1361 1444
3 1447 1361 1592
3 1591 1444 1397
3 2227 1798 794
3 1475 378 955
3 1552 1553 1197
3 1390 1231 1550
3 1113 999 1238
3 1464 1424 1650
3 1542 1435 1738
3 534 496 1853
3 4732 1804 4594
3 500 1009 1016
3 2466 2249 2416
3 1604 1502 1773
3 1548 1438 1437
3 1618 1437 1357
3 3026 4540 3865
3 1426 1424 1464
3 4622 12 2386
3 1385 1546 1474
3 1383 1310 1470
3 1699 1190 1547
3 1578 1580 1307
3 908 792 978
3 1229 1401 2701
3 4506 4504 845
3 1833 1760 1398
3 1435 1542 1463
3 1614 1430 1378
3 4732 4594 1459
3 287 378 1475
3 1430 1467 1373
3 1611 1465 1425
3 4085 658 1943
3 1687 1422 1345
3 1504 1300 1646
3 1646 1300 1573
3 1421 1462 1573
3 1215 1422 1648
3 1355 1145 1106
3 1340 1773 1502
3 1644 1335 1501
3 440 3725 6
3 3469 258 4135
3 1564 1534 1418
3 1826 2142 1326
3 1527 1253 1331
3 1329 1457 1293
3 1459 3336 4839
3 4506 875 295
3 1522 1327 1412
3 694 4981 2973
3 1489 1209 1416
3 1410 1493 1494
3 204 392 775
3 1625 1490 1410
3 1813 1812 1890
3 1660 1627 1320
3 3477 3511 4566
3 1281 1485 1661
3 1661 1555 1281
3 1499 1086 3772
3 1541 4974 3714
3 693 2103 707
3 3546 3502 4732
3 3958 4396 3620
3 1557 1594 1795
3 2156 539 4248
3 1235 1113 1238
3 3026 3336 4540
3 1550 1359 1554
3 1856 551 1531
3 1584 1358 1438
3 4893 4892 821
3 1463 1224 1435
3 2988 1032 311
3 1511 1618 1357
3 3895 998 2896
3 1117 4905 4864
3 1654 1511 1384
3 661 3430 2331
3 1703 401 1275
3 1274 1384 1511
3 1583 1189 1580
3 1382 1309 1472
3 1655 1383 1470
3 3044 60 4673
3 511 608 632
3 1185 1382 1469
3 1430 1538 1467
3 1305 1465 1540
3 1266 1469 1427
3 1375 1467 1538
3 1574 1375 1463
3 3865 1401 4296
3 1508 1195 450
3 1572 1646 1647
3 1218 1535 1340
3 1300 1421 1573
3 3315 1832 4023
3 1648 1338 1215
3 4949 3218 1284
3 1296 1339 1571
3 1339 1572 1571
3 47 1079 4955
3 2071 2108 2289
3 1332 1565 1417
3 1013 2258 4390
3 2304 3546 4732
3 4912 3083 2995
3 127 2304 4732
3 1685 136 3271
3 997 808 4797
3 1498 1413 1601
3 1286 1632 1413
3 1325 1495 1451
3 1599 1451 1495
3 1204 1162 839
3 1494 1289 1410
3 951 2303 3183
3 1406 1632 1286
3 1855 1780 1699
3 1404 1324 1491
3 2810 407 1674
3 3714 3705 1541
3 1405 1283 1489
3 1283 1405 1159
3 4376 2154 231
3 443 1526 1991
3 1637 1726 1675
3 1991 3156 443
3 1235 1281 1484
3 1397 1235 1484
3 1318 1396 1707
3 645 3365 197
3 1359 1232 1318
3 3243 4239 2502
3 1551 1439 1193
3 4375 3265 184
3 3493 3360 3678
3 1584 1441 1358
3 2016 1239 3119
3 1422 1215 1345
3 4024 3809 3950
3 1356 1437 1438
3 329 2116 1026
3 680 4192 267
3 2554 1639 3218
3 1390 1512 1272
3 1021 1032 2988
3 1792 1195 3561
3 414 256 257
3 892 726 1012
3 1537 1155 2135
3 1512 1354 1272
3 4027 1932 2662
3 896 1613 496
3 937 1607 3290
3 3238 237 1605
3 1240 1320 1033
3 169 3871 4839
3 1685 3271 2591
3 1064 1540 1384
3 1543 960 668
3 4882 4662 1409
3 3928 4631 796
3 1375 1538 1304
3 3307 2629 2968
3 1380 1465 1305
3 1509 1471 1380
3 1375 1304 1463
3 1471 1431 1303
3 4115 23 1985
3 1380 1471 1303
3 1441 1624 1317
3 64 916 1419
3 1425 1465 1380
3 1345 1266 1427
3 3467 3646 3716
3 1574 1262 1375
3 2974 3289 2655
3 4839 1966 169
3 1592 1868 1447
3 3795 3735 4589
3 2056 1633 1225
3 417 927 2290
3 1578 1307 1538
3 1425 1423 1611
3 1644 1424 1054
3 4514 979 4992
3 542 3008 245
3 3673 4848 971
3 1502 1174 1340
3 3532 2412 2012
3 837 536 1530
3 3934 1269 4081
3 2067 118 2767
3 302 2480 2829
3 1293 1457 1335
3 4794 997 4797
3 1290 1167 1368
3 1562 1290 1368
3 3368 212 3365
3 1496 1725 1249
3 821 4805 1617
3 1330 1417 1416
3 1413 1498 1286
3 1164 1414 1496
3 2540 3833 3487
3 1872 498 2481
3 4588 388 4410
3 1489 1242 1209
3 1332 1417 1294
3 3714 4922 3705
3 2570 3900 1819
3 2706 710 125
3 1189 1583 1314
3 3090 487 1367
3 2125 329 4802
3 1402 1594 1115
3 1028 1444 1361
3 1444 1028 1397
3 2855 4721 3116
3 4235 3746 1107
3 4552 108 3529
3 3969 573 4827
3 1905 2950 4735
3 1127 4811 1899
3 4376 311 1032
3 1356 1438 1358
3 3096 1923 2580
3 1197 1150 1552
3 3746 3543 4995
3 1356 1357 1437
3 1357 1356 1315
3 1810 277 3284
3 4576 4630 4478
3 28 20 36
3 840 930 1031
3 485 1148 1905
3 1512 1435 1354
3 2412 1958 3206
3 1760 1593 1398
3 1435 1186 1354
3 1064 1305 1540
3 1186 1435 1224
3 528 327 328
3 833 1697 1301
3 4615 1638 3901
3 2127 168 670
3 1266 1185 1469
3 233 762 164
3 703 1259 1652
3 1430 1349 1378
3 1187 1426 1464
3 1303 1425 1380
3 2159 144 1692
3 1605 1990 1872
3 4540 2701 3865
3 1467 1375 1262
3 3026 3865 4296
3 1133 1220 1262
3 1763 1873 2021
3 658 649 73
3 4692 1520 1519
3 1258 1505 1130
3 1173 1606 1297
3 1560 1764 1525
3 2463 2462 277
3 1456 1982 1045
3 388 1204 4410
3 3372 599 87
3 1943 70 4403
3 1042 1335 1049
3 2150 1084 1806
3 1251 1372 1258
3 1331 1458 1527
3 1926 3071 4928
3 1564 1418 1208
3 1208 1498 1564
3 1253 1525 1412
3 1182 1266 1345
3 1132 91 3788
3 3080 2352 693
3 1209 1330 1416
3 1329 1293 1206
3 3658 379 2955
3 3900 3348 1819
3 1494 1329 1289
3 2841 1503 412
3 1408 1285 1327
3 3068 534 1924
3 1283 1242 1489
3 2411 4349 180
3 1471 1433 1431
3 1203 1073 1115
3 4680 1966 4839
3 1323 1115 1594
3 1321 1072 1404
3 106 1181 1981
3 3332 2980 2968
3 1485 1281 1159
3 2424 65 2386
3 1361 1447 1279
3 1483 1111 1482
3 1150 1314 1552
3 1234 1317 1482
3 4729 1966 4680
3 1107 3750 4235
3 1232 1396 1318
3 1107 1100 3750
3 2881 2882 2794
3 2402 2772 2860
3 1316 1358 1317
3 1449 3287 1476
3 1442 1359 1318
3 2552 2458 2553
3 1659 3167 2066
3 4908 4907 4829
3 1029 1165 971
3 1316 1356 1358
3 1448 1376 396
3 1150 1110 1105
3 2019 1793 1911
3 4033 1158 665
3 1679 4037 4904
3 1311 1355 1106
3 1580 1189 1307
3 1270 1470 1310
3 1123 3788 2328
3 1579 2273 3820
3 538 1018 2697
3 1309 1382 1185
3 1095 1380 1305
3 1380 1095 1509
3 788 846 787
3 1378 1349 1348
3 3297 3042 3118
3 1224 1463 1304
3 1554 1707 1621
3 1377 1348 1431
3 1348 1347 1431
3 1349 1222 1302
3 1349 1302 1348
3 4665 745 771
3 2855 2896 859
3 1373 1222 1349
3 580 1350 4673
3 3279 1917 536
3 1219 1423 1425
3 4029 533 1892
3 1182 1345 1215
3 3348 3900 2182
3 1178 1423 1219
3 1342 1423 1178
3 1130 1505 1342
3 1462 1131 1297
3 1534 1173 1336
3 944 1258 1130
3 4616 4045 1434
3 4360 3068 1924
3 1082 1333 1332
3 2411 180 1576
3 1330 1294 1417
3 978 1368 1167
3 1077 1251 1258
3 1293 1335 1255
3 4691 1990 4361
3 1289 1329 1206
3 1248 1253 1412
3 1325 1246 1290
3 1495 1325 1290
3 1327 1248 1412
3 1119 1325 1451
3 1209 1242 1166
3 4594 291 4540
3 1408 1366 1285
3 1418 1336 1171
3 4360 1924 1456
3 169 1966 3575
3 618 1191 488
3 605 3986 263
3 1404 1072 1201
3 41 3390 571
3 1320 1279 1660
3 625 645 2471
3 1279 1320 1240
3 2334 60 619
3 1015 1219 1264
3 1236 1398 1402
3 4729 4680 1748
3 1049 1014 890
3 3040 411 917
3 1111 1153 1482
3 1483 1193 1070
3 2172 4349 239
3 869 2934 1740
3 583 4086 570
3 1500 2030 1363
3 2663 4149 755
3 1149 1314 1150
3 397 111 422
3 1439 1582 1146
3 801 606 604
3 2730 591 3390
3 1390 1272 1231
3 4993 1334 116
3 1149 1103 1314
3 355 2098 397
3 2427 3833 2205
3 229 230 151
3 278 4706 2710
3 1142 1474 1472
3 1060 1142 1472
3 1187 1470 1270
3 1186 1224 1223
3 1398 1321 1665
3 1307 1304 1538
3 451 3183 2312
3 859 4721 2855
3 1219 1425 1264
3 1056 952 953
3 983 1135 1261
3 1143 1192 1272
3 1318 1707 1442
3 3366 1268 1172
3 589 1985 437
3 1127 2502 4239
3 1218 1262 1535
3 4729 3575 1966
3 1423 1342 1505
3 1504 1135 1300
3 1340 985 1218
3 1087 1296 1337
3 2380 1587 1212
3 681 4589 3735
3 1170 1175 1458
3 9 38 15
3 1456 1045 4641
3 1236 1156 1398
3 295 935 4506
3 779 565 687
3 2719 2714 2353
3 1253 1210 1168
3 2386 12 3787
3 1255 1248 1247
3 1245 1498 1208
3 1285 1248 1327
3 1670 1260 2112
3 999 1200 1159
3 1245 1286 1498
3 1244 1247 1285
3 1244 1366 1289
3 1410 1289 1366
3 482 876 474
3 1244 1285 1366
3 1286 1074 1406
3 3085 3742 2768
3 1411 605 263
3 1004 1077 1005
3 4421 707 2103
3 1279 1240 1030
3 3877 3119 3627
3 4484 4912 3008
3 1736 1746 1470
3 724 751 752
3 3722 4557 4500
3 1482 1153 1234
3 1396 1232 1197
3 1826 4505 1230
3 3390 591 571
3 1197 1232 1151
3 2069 1888 1889
3 1386 3428 594
3 13 4904 4037
3 1192 1231 1272
3 1236 965 899
3 1274 1357 1315
3 592 4608 4616
3 230 229 347
3 1145 1385 1099
3 1189 1314 1103
3 4917 4754 1741
3 1354 1186 1093
3 1847 1850 2783
3 1307 1223 1304
3 1426 1092 1180
3 1262 1373 1467
3 1625 1758 1790
3 1377 1378 1348
3 1347 1264 1303
3 1348 1302 1347
3 3366 1172 4609
3 1316 1315 1356
3 1221 1091 1222
3 1182 1215 1136
3 750 2328 3788
3 1220 1373 1262
3 392 3825 775
3 1894 70 2196
3 1215 1338 1175
3 4037 617 1104
3 1654 1384 1540
3 1337 1128 1083
3 1336 1173 1171
3 1853 2627 1982
3 1502 1257 945
3 1294 1082 1332
3 577 4069 564
3 1255 1335 1042
3 1245 1208 1125
3 1210 1248 1255
3 1330 1209 1166
3 1124 1331 1168
3 127 4732 1459
3 1253 1168 1331
3 1077 1249 1251
3 4766 105 4754
3 1293 1255 1247
3 4884 3895 3908
3 1293 1247 1206
3 1247 1248 1285
3 1587 65 1212
3 1206 1244 1289
3 1205 1246 1325
3 1247 1244 1206
3 147 69 30
3 1205 1119 1037
3 954 921 1060
3 2048 2014 2340
3 1163 1074 1286
3 1753 3500 4902
3 3104 3028 3283
3 3712 337 1392
3 1230 450 1195
3 2235 2722 272
3 1488 584 1434
3 125 2123 1155
3 1745 1019 194
3 2806 2707 2890
3 965 1402 1027
3 1361 1112 1028
3 1261 1572 1339
3 1090 490 1649
3 1232 1359 1196
3 1234 996 1316
3 1274 1315 995
3 1926 3079 3071
3 2793 2846 1524
3 652 49 44
3 3079 1926 3629
3 290 4378 283
3 922 2564 1745
3 3693 3980 4125
3 2432 1981 3771
3 1274 1023 1384
3 871 1147 1106
3 1003 1038 847
3 1383 1147 1310
3 1189 1096 1223
3 134 1334 3481
3 1099 1385 1142
3 1354 1143 1272
3 1012 1300 1135
3 1063 1095 1064
3 1309 1060 1472
3 2852 3206 3192
3 1605 2481 3238
3 1304 1223 1224
3 524 382 209
3 1426 1187 1092
3 1182 1056 1266
3 344 1727 3746
3 1220 1221 1222
3 1219 1089 1178
3 1709 2634 2629
3 1218 1133 1262
3 3841 1973 1579
3 1222 1373 1220
3 770 1041 1124
3 1261 1087 983
3 1190 1095 1063
3 888 1215 1175
3 1060 1309 1057
3 3871 127 4839
3 1131 1171 1173
3 206 1228 179
3 1082 1128 1333
3 2696 1871 1856
3 1080 1418 1171
3 89 2988 1633
3 2082 89 1633
3 1108 194 1019
3 1124 1458 1331
3 1005 1077 1258
3 1458 1124 1041
3 105 611 4754
3 1255 1042 1210
3 1290 1246 1167
3 1945 1959 1968
3 3772 1844 602
3 1832 533 4023
3 2703 897 1052
3 1163 1286 1245
3 1075 1203 1164
3 1254 4758 542
3 1003 1242 1038
3 1074 1033 1406
3 1159 1200 1283
3 459 2203 799
3 1394 1445 0
3 1223 1307 1189
3 4973 2944 1393
3 1156 1072 1321
3 1201 1119 1324
3 1281 1235 1238
3 1028 1113 1235
3 1203 1115 1323
3 1361 1279 1112
3 1111 1483 1070
3 3008 4912 245
3 1196 1151 1232
3 1150 1197 1151
3 1420 1700 3265
3 3055 4973 2973
3 1294 1043 1082
3 4069 4053 564
3 826 1217 2148
3 4752 539 4233
3 2973 1659 694
3 13 4037 609
3 993 1193 1146
3 1530 3495 837
3 1488 1434 557
3 1147 1311 1106
3 1239 181 2396
3 3771 2804 2432
3 892 863 829
3 1404 1201 1324
3 3767 1428 2765
3 194 1055 1313
3 1186 1223 1096
3 1096 1093 1186
3 2316 3430 661
3 2298 2343 2527
3 1056 1185 1266
3 1270 1094 1092
3 1302 1091 1179
3 1282 4580 321
3 797 4497 274
3 1192 1196 1231
3 1242 1003 1166
3 495 452 322
3 1261 1135 1504
3 1644 1054 1049
3 1339 1087 1261
3 985 1133 1218
3 1143 1105 1192
3 4015 170 1487
3 1039 775 3825
3 1133 1088 1053
3 1119 932 1037
3 3630 3761 3699
3 1128 1044 1083
3 1072 1119 1201
3 945 1174 1502
3 654 535 553
3 1402 965 1236
3 770 1007 854
3 2618 1161 3249
3 1258 944 1005
3 4689 1138 1724
3 1368 978 1257
3 4268 1157 3451
3 1170 1458 1041
3 1168 1210 1007
3 1210 1040 1007
3 3925 2522 1006
3 1871 2950 1905
3 1125 1078 1245
3 1745 465 922
3 1283 1038 1242
3 1283 1200 1038
3 1856 2389 2682
3 1027 1402 1115
3 1279 1030 1112
3 3816 191 198
3 1756 644 112
3 1359 1231 1196
3 1184 678 4695
3 1315 1316 996
3 1689 1423 1729
3 1110 1151 1196
3 1110 1150 1151
3 1330 1043 1294
3 1110 1196 1192
3 1193 1439 1146
3 1227 956 619
3 1145 870 1106
3 3334 2051 968
3 1063 1101 1190
3 957 1310 1147
3 1180 1054 1424
3 680 3186 4192
3 870 1145 1099
3 1143 1093 1103
3 1745 2564 1019
3 2841 764 735
3 1190 1101 1146
3 1354 1093 1143
3 1142 1062 1099
3 372 353 511
3 696 701 207
3 2590 1960 2067
3 3203 3049 4776
3 1092 1187 1270
3 1185 953 1057
3 483 4692 4691
3 1999 1608 1731
3 1131 1173 1297
3 163 2067 1960
3 1179 1347 1302
3 2570 1819 1789
3 2314 652 1537
3 1537 2135 2314
3 2179 3495 1530
3 1342 1178 1089
3 1421 1300 1012
3 1011 1421 1012
3 4778 3093 282
3 682 825 713
3 1046 1130 1342
3 1047 888 1175
3 1175 1170 1047
3 1081 1171 1131
3 4982 845 4504
3 1044 1128 1082
3 1991 1589 3156
3 1008 1082 1043
3 1080 1171 1081
3 943 1330 1166
3 1616 2039 1609
3 4784 1615 1643
3 536 1686 1530
3 907 1037 846
3 4982 824 1944
3 1240 1033 931
3 932 1119 1072
3 780 2324 4979
3 1238 999 1159
3 2550 2591 2572
3 3329 3619 530
3 1031 1156 964
3 1028 1112 809
3 1156 1236 964
3 809 1112 1030
3 1111 963 1153
3 1111 1070 963
3 1252 3897 2608
3 1234 924 996
3 995 959 994
3 961 995 1315
3 263 2924 1411
3 1024 1450 1195
3 1105 1110 1192
3 1149 1150 1105
3 993 1146 1101
3 1105 1143 1103
3 1960 4034 3508
3 134 3481 139
3 871 838 1147
3 1142 1060 1062
3 488 1191 625
3 1103 1096 1189
3 3451 906 4004
3 1466 3725 2534
3 1270 1310 957
3 1093 1096 1103
3 257 256 222
3 1976 3495 2179
3 954 1060 1057
3 1347 1015 1264
3 832 827 1014
3 163 1960 2038
3 1053 1091 1221
3 1220 1053 1221
3 1215 888 1136
3 3127 786 1067
3 1462 1421 1011
3 1052 897 2783
3 1054 1014 1049
3 1131 1462 1011
3 1067 3495 1976
3 1130 1046 981
3 2038 2154 163
3 3351 4497 797
3 1917 922 773
3 1872 2481 1605
3 2030 1071 1058
3 1008 1044 1082
3 1042 980 1040
3 361 906 1161
3 3701 3696 3697
3 1414 1164 1203
3 945 1257 978
3 544 4346 522
3 661 2331 2340
3 1168 1007 1124
3 1167 908 978
3 1313 786 3127
3 3750 1100 1899
3 972 1245 1078
3 972 1163 1245
3 1080 1081 941
3 1203 1075 1073
3 3165 3162 2975
3 2361 1579 4577
3 3354 566 1227
3 4848 2962 971
3 840 1031 872
3 952 1056 1182
3 263 3986 399
3 3545 1686 536
3 996 961 1315
3 1193 993 1070
3 819 853 747
3 1530 1686 2179
3 1020 994 992
3 1686 3545 2179
3 1497 1097 48
3 730 3606 338
3 873 1240 902
3 4999 1094 1270
3 921 1062 1060
3 608 511 353
3 2914 1492 725
3 3477 4268 3451
3 2127 1400 4734
3 1180 919 1054
3 1212 2445 4730
3 3277 3264 2923
3 832 1014 1054
3 865 1136 888
3 1053 1220 1133
3 536 1917 2877
3 863 1012 1135
3 3336 1459 4594
3 152 2592 24
3 1131 1011 988
3 456 1615 4784
3 3476 2841 735
3 4163 1636 1039
3 693 2391 2103
3 985 861 1133
3 983 1087 1083
3 3230 1589 4365
3 2038 3508 548
3 985 1340 948
3 1767 2196 1679
3 2995 254 1278
3 890 1042 1049
3 1306 302 2829
3 1795 1593 1760
3 886 1042 890
3 1051 1089 1219
3 2974 1403 1445
3 1170 1041 1047
3 1330 883 1043
3 943 883 1330
3 1007 770 1124
3 4033 1536 2783
3 1007 1040 980
3 1078 1125 909
3 465 1950 822
3 849 1166 1003
3 1052 2783 1536
3 1167 879 908
3 973 1077 1004
3 566 3959 3033
3 295 875 637
3 500 1001 2221
3 1071 1061 1058
3 879 1246 907
3 4491 763 474
3 864 626 672
3 1074 1163 972
3 972 844 1074
3 2039 1600 1609
3 809 1113 1028
3 964 1236 899
3 1587 3095 65
3 1577 605 1411
3 957 4999 1270
3 959 993 992
3 1960 2590 740
3 933 1480 1392
3 3517 1912 1226
3 994 1020 1023
3 522 4346 503
3 27 109 61
3 838 957 1147
3 992 1066 1020
3 1384 1020 1066
3 353 334 429
3 81 1308 350
3 746 662 852
3 2877 1917 773
3 1185 1056 953
3 867 1182 1136
3 963 924 1153
3 3628 3689 3758
3 1219 1015 1051
3 2540 1521 262
3 1053 1179 1091
3 739 704 902
3 1164 973 1076
3 499 226 2944
3 391 4561 3474
3 3049 274 4776
3 1089 950 1342
3 1371 794 1798
3 1891 180 2172
3 905 3795 3653
3 1053 1088 858
3 1044 1008 885
3 857 818 685
3 948 1340 1174
3 884 1174 945
3 3921 3592 4550
3 75 3427 2750
3 2340 2014 661
3 1080 941 1125
3 1500 1844 3772
3 879 1167 1246
3 763 468 474
3 1075 1076 877
3 1715 3959 1737
3 967 1073 812
3 650 632 695
3 2809 2096 139
3 1027 967 965
3 1030 1240 873
3 2994 1709 2629
3 1234 1153 924
3 757 632 631
3 2004 2746 258
3 2017 78 4136
3 4359 3044 1350
3 4622 65 3095
3 1070 993 959
3 2157 405 2444
3 961 1070 959
3 993 1101 992
3 3347 516 4329
3 1101 1063 992
3 656 575 535
3 992 1063 1066
3 754 889 688
3 1020 1384 1023
3 1062 699 5001
3 536 2877 3545
3 921 699 1062
3 836 921 954
3 919 1180 1092
3 1067 1976 3127
3 2053 1844 1500
3 734 576 659
3 13 4285 2106
3 785 738 706
3 486 4860 804
3 24 2347 2539
3 1011 1012 726
3 1179 1053 858
3 1179 858 918
3 1179 918 1015
3 1051 1015 918
3 1051 724 950
3 1046 1342 950
3 1058 1268 2030
3 1011 726 802
3 889 1135 983
3 1122 2532 1724
3 1842 2341 324
3 861 825 1088
3 887 1083 885
3 4693 2048 2340
3 1083 887 983
3 884 948 1174
3 4276 3658 2955
3 3371 3483 194
3 1008 1043 883
3 1620 467 42
3 320 1568 2179
3 658 1543 649
3 1313 3127 3371
3 4361 657 4691
3 854 1007 980
3 1418 1080 1125
3 988 856 1131
3 1033 1074 931
3 3676 3034 4402
3 961 959 995
3 2877 3470 3545
3 1076 973 877
3 1074 844 931
3 809 903 999
3 4641 2697 4889
3 195 241 166
3 4033 2783 929
3 1002 812 1073
3 900 899 926
3 118 2067 163
3 809 1030 873
3 500 1016 4025
3 428 409 460
3 1070 961 963
3 522 3156 501
3 882 1658 4759
3 992 994 959
3 428 410 409
3 428 502 586
3 832 1054 919
3 2846 356 923
3 4730 161 1212
3 953 954 1057
3 895 1092 1094
3 1809 3795 2576
3 465 773 922
3 867 1136 865
3 775 3902 4234
3 863 892 1012
3 4037 1679 617
3 918 724 1051
3 49 4909 4285
3 1133 861 1088
3 3034 3169 1561
3 888 1047 778
3 2518 161 2605
3 4691 1872 1990
3 1204 2791 949
3 194 3483 1745
3 1131 856 1081
3 823 948 884
3 3079 3629 4661
3 2610 2553 2508
3 1047 1041 667
3 944 981 853
3 1819 3348 3381
3 985 798 861
3 546 588 626
3 884 945 978
3 1628 395 2801
3 793 941 1081
3 1777 1013 3842
3 1718 618 2385
3 941 850 909
3 910 819 852
3 1004 1005 881
3 1003 847 742
3 848 790 972
3 3070 3438 3388
3 4053 4911 1202
3 49 2239 4671
3 1002 1075 877
3 787 846 932
3 1037 907 1205
3 2436 2387 2435
3 930 1072 1031
3 70 1943 73
3 1072 930 932
3 844 842 931
3 930 843 932
3 812 785 967
3 179 181 4740
3 835 650 695
3 910 881 1005
3 2659 4015 1950
3 967 785 926
3 807 872 964
3 965 967 926
3 3284 277 1705
3 3079 4661 1519
3 924 963 961
3 616 908 879
3 2498 2645 2601
3 4999 957 838
3 870 806 871
3 2906 2827 3042
3 921 761 699
3 2975 1703 1035
3 4710 1570 4577
3 2630 2616 966
3 827 801 1014
3 3795 1809 3735
3 2995 3083 680
3 801 689 890
3 802 988 1011
3 754 690 829
3 1819 3381 1789
3 2027 4219 764
3 665 56 841
3 1420 2093 1789
3 525 3317 2018
3 942 3511 1374
3 793 1081 856
3 2682 2696 1856
3 978 792 884
3 667 1041 770
3 818 883 943
3 320 2179 3545
3 4693 4475 4695
3 941 793 850
3 4966 584 1497
3 944 910 1005
3 853 819 910
3 943 849 818
3 655 674 731
3 2194 2166 2061
3 1184 3829 2704
3 3002 3975 939
3 969 847 1038
3 773 1561 3470
3 708 1002 877
3 1522 1559 1408
3 1240 931 902
3 931 842 902
3 1616 1609 1214
3 224 179 4740
3 926 899 965
3 809 873 702
3 4813 927 2305
3 809 999 1113
3 872 1031 964
3 654 731 899
3 3127 1976 1978
3 899 807 964
3 2877 773 3470
3 836 954 953
3 761 836 729
3 3338 4853 228
3 835 836 953
3 331 309 460
3 3191 2259 1774
3 428 460 502
3 953 952 803
3 4665 3592 745
3 952 867 727
3 801 890 1014
3 127 1459 4839
3 2038 1960 3508
3 239 54 2172
3 752 981 1046
3 909 1125 941
3 2876 1769 3658
3 1008 883 885
3 2036 2003 1936
3 2055 1616 1623
3 110 53 117
3 880 881 910
3 2494 2266 2394
3 1127 1899 1352
3 791 973 1004
3 639 879 907
3 846 788 907
3 843 787 932
3 999 903 969
3 2580 3808 3096
3 628 2196 70
3 773 465 822
3 2123 125 2178
3 899 731 807
3 806 870 805
3 2834 2835 2751
3 835 695 782
3 2444 1586 904
3 783 895 5001
3 952 727 803
3 781 832 893
3 726 673 802
3 893 895 783
3 867 828 727
3 828 867 865
3 1724 2532 2053
3 302 901 4992
3 2790 894 764
3 778 865 888
3 950 724 752
3 829 864 892
3 4402 3298 3450
3 3703 3989 3838
3 687 856 988
3 779 687 988
3 2790 392 894
3 950 752 1046
3 887 885 857
3 714 918 858
3 885 883 857
3 853 981 747
3 3203 694 3025
3 818 857 883
3 161 4730 2605
3 2205 395 2427
3 793 666 620
3 736 23 1576
3 320 3545 3470
3 910 852 880
3 744 848 909
3 1568 1976 2179
3 767 849 742
3 743 1004 881
3 320 3470 1561
3 850 744 909
3 908 616 578
3 1909 773 822
3 877 973 791
3 790 844 972
3 3234 1976 1568
3 881 880 743
3 3082 1978 1976
3 842 790 789
3 812 1002 708
3 123 68 124
3 282 2463 1810
3 840 811 930
3 388 390 974
3 820 2392 367
3 2012 1137 3532
3 836 782 729
3 1972 2113 2143
3 2837 4149 2663
3 2916 1393 2944
3 1978 3371 3127
3 1745 3483 1950
3 4135 93 2518
3 2659 1950 3483
3 282 1810 4778
3 673 669 802
3 2679 3003 2946
3 647 865 778
3 1027 1115 1073
3 2328 758 1692
3 1306 901 302
3 141 136 1528
3 2446 678 1570
3 889 857 685
3 4916 350 1308
3 823 985 948
3 985 823 798
3 858 722 714
3 2474 212 4833
3 666 856 687
3 792 823 884
3 856 666 793
3 149 325 187
3 766 141 4532
3 1705 4192 3284
3 494 497 357
3 795 819 747
3 861 798 825
3 773 1909 1561
3 852 819 795
3 877 791 435
3 908 578 792
3 4497 4776 274
3 3818 385 1233
3 1645 2301 364
3 1322 3152 814
3 679 790 848
3 838 806 805
3 4836 3424 3337
3 737 788 787
3 738 812 708
3 842 739 902
3 811 843 930
3 704 873 902
3 3421 4355 1683
3 812 738 785
3 845 4982 1944
3 838 871 806
3 3079 1519 1036
3 651 781 893
3 4371 81 4616
3 1950 465 1745
3 198 772 2029
3 5001 699 5000
3 782 695 757
3 909 848 1078
3 50 88 98
3 629 727 828
3 625 1191 645
3 42 1751 1475
3 3371 2659 3483
3 1205 907 1246
3 647 828 865
3 886 890 689
3 2440 2145 4547
3 684 442 4924
3 682 722 858
3 752 747 981
3 3876 991 461
3 825 798 713
3 751 795 747
3 2222 2875 290
3 303 381 323
3 580 1937 1322
3 453 2524 4542
3 770 854 717
3 713 792 578
3 808 344 4995
3 1461 2251 4045
3 741 709 638
3 847 969 741
3 709 741 969
3 1183 505 2385
3 485 4115 1148
3 739 842 789
3 675 926 706
3 840 734 811
3 573 1977 1120
3 2142 378 287
3 872 700 840
3 3941 3188 451
3 1179 1015 1347
3 873 704 702
3 734 840 700
3 794 4665 771
3 700 872 807
3 256 414 369
3 2634 2968 2629
3 783 651 893
3 651 783 633
3 337 1524 2846
3 3371 194 1313
3 2852 589 3206
3 672 607 726
3 781 827 832
3 4303 273 1716
3 694 3203 3143
3 473 476 559
3 4797 808 4995
3 724 918 714
3 822 1950 3298
3 723 686 886
3 1371 4303 4665
3 2622 365 3562
3 886 686 854
3 814 3152 1362
3 1269 3934 3253
3 743 791 1004
3 798 823 713
3 747 752 751
3 792 713 823
3 2703 947 1716
3 48 3421 1497
3 995 994 1023
3 722 682 721
3 662 743 880
3 1022 2618 2631
3 847 741 742
3 3933 453 1291
3 903 702 676
3 903 709 969
3 907 788 639
3 843 811 737
3 953 803 835
3 486 1643 4860
3 124 100 135
3 2924 263 1399
3 2876 4844 396
3 1561 1909 3034
3 660 738 708
3 733 728 1993
3 589 1148 1985
3 900 926 675
3 1774 1114 2186
3 674 700 807
3 1371 4665 794
3 80 2592 728
3 757 651 697
3 729 653 761
3 469 3218 1639
3 1783 2838 4206
3 690 754 688
3 722 721 746
3 152 2539 710
3 814 580 1322
3 1158 4033 929
3 698 268 265
3 854 686 717
3 664 721 682
3 189 3474 4561
3 602 1922 2291
3 770 717 718
3 1162 356 2793
3 3712 1392 1480
3 3984 1473 3623
3 1411 459 1577
3 852 795 746
3 4936 4851 4748
3 403 3511 3477
3 2893 2894 810
3 642 435 791
3 2718 3391 1779
3 789 636 612
3 1764 1838 1873
3 705 706 738
3 734 737 811
3 836 761 921
3 655 554 674
3 675 656 900
3 593 5000 699
3 3169 3234 1568
3 3299 1481 1139
3 1561 3169 320
3 4025 1016 1839
3 3623 1473 1448
3 631 781 757
3 2987 2858 3112
3 430 370 607
3 518 700 554
3 2406 2557 2772
3 3908 3895 986
3 2698 3024 2843
3 3677 2962 4362
3 724 714 751
3 561 610 126
3 685 818 663
3 714 722 746
3 1037 932 846
3 714 746 795
3 562 744 620
3 663 818 767
3 629 507 510
3 1526 4661 3629
3 1753 421 1035
3 4691 657 483
3 741 767 742
3 1934 1753 646
3 744 641 679
3 4346 1690 3238
3 636 790 679
3 676 709 903
3 705 738 660
3 4750 898 4936
3 597 704 739
3 734 659 737
3 659 788 737
3 896 496 1129
3 2659 3371 1978
3 656 654 900
3 633 5000 593
3 1577 459 799
3 633 783 5000
3 828 671 629
3 4654 3265 1700
3 1916 1837 1795
3 835 803 650
3 607 630 673
3 3561 1195 1450
3 631 632 608
3 510 590 803
3 727 510 803
3 962 3486 2318
3 1527 1637 1253
3 418 373 447
3 607 672 626
3 757 695 632
3 1050 1777 3842
3 629 671 627
3 1976 3234 3082
3 568 828 647
3 568 671 828
3 1613 896 799
3 829 690 626
3 801 624 689
3 822 3298 1909
3 723 689 624
3 1911 1793 1794
3 778 623 647
3 10 27 7
3 778 667 623
3 4792 90 4967
3 637 875 1944
3 1811 1736 1464
3 1450 1024 657
3 829 626 864
3 688 889 685
3 4609 1172 1777
3 2975 421 3165
3 616 559 578
3 718 717 601
3 2050 1267 1254
3 713 600 682
3 1777 1050 4609
3 524 662 746
3 662 642 743
3 1268 1478 1172
3 848 744 679
3 1948 2673 1543
3 4288 4790 3577
3 330 369 366
3 1092 895 893
3 837 3279 536
3 923 356 1863
3 877 660 708
3 4804 3938 3863
3 3207 2125 1069
3 473 639 595
3 739 596 597
3 676 704 597
3 709 676 597
3 443 2861 4931
3 4818 938 1719
3 4505 1826 1326
3 554 700 674
3 699 761 653
3 3121 1946 3110
3 510 727 629
3 1690 4346 4853
3 5000 783 5001
3 569 827 631
3 214 160 158
3 827 781 631
3 3901 516 3347
3 801 604 624
3 749 4898 2106
3 729 782 697
3 581 568 647
3 4025 3052 500
3 717 686 622
3 479 620 666
3 3352 3048 1129
3 600 713 578
3 4958 4987 122
3 457 642 662
3 579 664 600
3 598 741 638
3 273 874 1716
3 1642 820 1226
3 879 639 616
3 3471 3434 2926
3 877 435 660
3 596 739 612
3 497 705 660
3 576 734 700
3 5 16 1892
3 3353 3558 3489
3 491 632 650
3 718 601 623
3 827 569 801
3 629 627 507
3 607 673 726
3 1473 3984 691
3 607 444 430
3 1392 337 913
3 630 669 673
3 4589 3653 3795
3 351 813 4963
3 535 654 656
3 2186 4731 2461
3 663 543 688
3 581 647 623
3 3448 3168 3346
3 623 667 718
3 601 717 622
3 565 479 687
3 687 479 666
3 685 663 688
3 746 721 664
3 2474 197 212
3 3298 4402 1909
3 2191 712 224
3 562 641 744
3 4654 1589 3230
3 1785 3771 1981
3 709 597 638
3 4912 4484 3083
3 180 26 736
3 595 788 659
3 706 497 675
3 2791 1204 388
3 4049 18 2200
3 653 697 549
3 3435 3024 2964
3 633 549 651
3 331 460 409
3 803 590 650
3 1856 1871 551
3 548 3508 1959
3 2630 966 17
3 349 317 348
3 28 86 45
3 801 569 606
3 669 630 504
3 546 626 690
3 627 671 586
3 4479 882 4897
3 1957 984 558
3 582 779 669
3 604 723 624
3 604 622 723
3 960 1543 4085
3 4591 3193 2116
3 844 790 842
3 601 480 623
3 620 479 562
3 642 791 743
3 3381 3348 228
3 1148 2852 1905
3 598 663 767
3 353 569 631
3 3230 3265 4654
3 473 616 639
3 636 679 521
3 641 521 679
3 1957 2694 984
3 4173 3234 3169
3 675 575 656
3 268 1518 1517
3 675 555 575
3 1104 609 4037
3 101 63 94
3 597 596 436
3 1909 4402 3034
3 654 553 655
3 699 653 572
3 697 651 549
3 483 1515 1520
3 650 590 512
3 491 511 632
3 437 1985 23
3 3762 4510 1034
3 690 688 546
3 604 586 502
3 217 286 188
3 231 2154 8
3 582 565 779
3 3939 2814 1301
3 281 242 298
3 604 502 529
3 581 567 545
3 622 529 528
3 563 746 664
3 2506 2490 2055
3 662 524 457
3 1036 1520 1964
3 4695 4475 1184
3 638 475 598
3 556 595 659
3 576 556 659
3 497 555 675
3 1905 2852 1118
3 576 700 518
3 2710 585 574
3 699 572 593
3 572 514 593
3 652 2314 2239
3 4268 3560 1157
3 1372 1569 1258
3 633 593 445
3 3676 3169 3034
3 8 2154 2038
3 91 1021 2988
3 607 509 630
3 3243 1069 1595
3 627 586 606
3 923 4155 3823
3 504 582 669
3 4693 2340 4475
3 1713 2385 144
3 567 581 623
3 479 565 441
3 601 622 528
3 579 563 664
3 3246 1769 2876
3 559 541 578
3 457 438 642
3 231 57 311
3 540 521 641
3 455 435 642
3 521 472 636
3 575 555 494
3 596 612 519
3 519 612 636
3 541 600 578
3 4916 112 398
3 575 493 535
3 554 655 553
3 3428 2729 587
3 433 261 419
3 650 512 491
3 509 607 370
3 353 631 608
3 80 3801 3134
3 2262 2260 2207
3 585 4706 67
3 767 818 849
3 671 428 586
3 604 529 622
3 463 326 582
3 857 889 887
3 505 144 2385
3 528 480 601
3 2265 769 3677
3 477 563 579
3 600 541 579
3 2636 2711 2583
3 579 541 458
3 475 306 598
3 476 541 559
3 495 556 576
3 556 473 595
3 707 3787 12
3 519 636 472
3 24 2539 152
3 3619 4849 530
3 3298 1950 4015
3 419 553 535
3 1271 4991 1277
3 77 67 1277
3 830 580 814
3 3676 4311 3169
3 2742 3791 3106
3 2526 2633 2435
3 988 802 779
3 136 141 2151
3 80 3126 2592
3 671 568 545
3 464 504 630
3 2474 2471 197
3 1262 1574 1535
3 567 623 480
3 172 104 151
3 543 663 404
3 2471 645 197
3 404 527 543
3 191 3816 185
3 4219 735 764
3 3908 986 1910
3 60 2334 4673
3 458 541 476
3 438 455 642
3 4880 4993 4337
3 3159 4448 4875
3 436 596 519
3 402 562 479
3 435 357 497
3 495 576 518
3 447 554 418
3 1227 619 3354
3 419 535 493
3 1532 272 831
3 1386 78 3428
3 514 572 492
3 4875 2141 3159
3 3082 4448 4021
3 633 446 549
3 369 414 444
3 429 606 569
3 429 627 606
3 504 464 408
3 1308 97 112
3 1978 4021 2659
3 269 177 270
3 325 404 663
3 402 479 384
3 653 492 572
3 326 441 565
3 4311 4731 4173
3 4173 3169 4311
3 4758 2433 4163
3 524 746 563
3 689 723 886
3 4135 258 93
3 472 377 375
3 473 423 359
3 452 495 518
3 2029 1256 2802
3 78 1386 603
3 1392 25 933
3 802 669 779
3 2294 949 2791
3 701 712 3577
3 446 514 492
3 663 598 306
3 4081 1269 1757
3 3234 4173 3924
3 633 445 446
3 368 509 370
3 750 3788 91
3 464 509 368
3 3298 4015 3450
3 3234 3924 3082
3 427 588 546
3 158 178 214
3 328 567 480
3 1503 1492 412
3 406 326 463
3 543 546 688
3 4960 2368 4430
3 327 528 529
3 1393 2973 4973
3 2859 3532 1137
3 325 663 306
3 809 702 903
3 402 540 562
3 579 458 477
3 563 477 524
3 1092 893 919
3 472 521 377
3 359 476 473
3 1396 1197 1553
3 540 304 377
3 638 436 358
3 454 519 472
3 1642 1226 4446
3 470 518 554
3 447 470 554
3 2802 198 2029
3 1715 1709 2994
3 493 494 434
3 4303 3202 174
3 494 493 575
3 554 553 418
3 419 493 433
3 1231 1359 1550
3 1238 1159 1281
3 4021 4015 2659
3 444 414 430
3 512 413 416
3 2842 1409 2851
3 593 514 445
3 1069 2502 3207
3 588 484 444
3 2973 1393 1659
3 627 429 507
3 463 408 406
3 510 507 413
3 328 462 567
3 3767 4766 4770
3 387 4943 1455
3 1166 849 943
3 545 567 462
3 1089 1051 950
3 479 441 384
3 4945 2454 3136
3 359 323 476
3 1510 251 1514
3 1532 933 25
3 423 473 556
3 188 151 162
3 3025 694 260
3 2328 1692 505
3 258 2746 93
3 491 372 511
3 3203 3025 3049
3 65 2424 2445
3 4252 4547 2509
3 590 510 413
3 674 807 731
3 335 413 507
3 833 3093 901
3 4731 3924 4173
3 733 1994 1603
3 3093 833 4985
3 408 463 504
3 3537 2965 3435
3 427 546 543
3 410 671 545
3 402 304 540
3 735 3881 4149
3 528 328 480
3 305 935 295
3 475 362 306
3 305 56 958
3 470 452 518
3 720 523 1152
3 438 400 455
3 454 358 436
3 3093 4985 282
3 4781 4311 3676
3 4731 3953 3924
3 2912 1399 1387
3 206 733 1603
3 1162 1204 356
3 1204 949 356
3 4902 646 1753
3 371 370 430
3 2801 1256 1628
3 366 444 484
3 230 172 151
3 146 160 147
3 410 545 462
3 368 408 464
3 588 427 484
3 468 2589 482
3 897 2703 284
3 131 132 142
3 458 381 477
3 458 323 381
3 476 323 458
3 423 556 495
3 400 343 455
3 358 454 279
3 4966 1497 3421
3 435 455 357
3 434 393 493
3 434 494 357
3 2896 2318 3895
3 1158 929 3116
3 228 4853 4346
3 497 494 555
3 374 553 340
3 393 433 493
3 390 1275 401
3 590 413 512
3 20 22 14
3 691 449 1473
3 651 757 781
3 2182 3338 3348
3 369 444 366
3 366 484 427
3 427 543 527
3 401 1703 2975
3 1526 4931 4661
3 363 402 384
3 460 327 529
3 381 382 477
3 4402 3450 4781
3 3082 3924 4875
3 455 343 357
3 297 472 375
3 874 3432 284
3 926 785 706
3 1306 833 901
3 353 429 569
3 4081 1403 3589
3 452 470 447
3 4667 4738 4551
3 421 1753 1934
3 327 460 309
3 1507 1326 3071
3 285 384 441
3 362 475 345
3 2461 4731 4311
3 233 164 2229
3 4931 1526 443
3 2496 2601 2600
3 491 512 416
3 423 322 300
3 832 919 893
3 1568 320 3169
3 2092 4200 150
3 423 495 322
3 3730 3669 3731
3 539 4752 4248
3 553 419 340
3 820 1642 2392
3 1035 421 2975
3 915 855 4618
3 335 429 334
3 456 4784 2201
3 368 349 314
3 391 1755 1312
3 2461 4311 4781
3 314 408 368
3 4931 1519 4661
3 330 346 315
3 427 346 366
3 307 527 404
3 441 326 286
3 1519 2861 4692
3 345 475 358
3 739 789 612
3 285 363 384
3 382 270 209
3 409 410 462
3 209 457 524
3 3424 2145 2440
3 423 300 359
3 301 377 304
3 377 301 375
3 357 343 296
3 343 298 296
3 375 264 297
3 393 434 357
3 4448 3082 4875
3 322 452 294
3 296 393 357
3 1872 4691 4692
3 294 447 373
3 4603 2618 1022
3 2618 361 1161
3 430 414 371
3 3424 4836 379
3 336 416 413
3 316 372 416
3 1403 4081 1757
3 4448 170 4021
3 3953 4731 2186
3 427 527 346
3 347 308 326
3 326 406 347
3 527 307 252
3 307 404 325
3 1700 3381 228
3 248 402 363
3 997 970 2491
3 248 304 402
3 359 208 323
3 3953 1114 4875
3 2876 3658 4844
3 1711 1955 1597
3 457 400 438
3 264 375 301
3 3746 1727 1107
3 702 704 676
3 2861 1872 4692
3 371 414 257
3 83 3436 4111
3 2861 498 1872
3 406 408 347
3 4491 3329 448
3 348 314 349
3 3362 3680 3522
3 347 408 230
3 3238 503 4346
3 371 236 317
3 252 346 527
3 136 426 1528
3 544 228 4346
3 2616 1141 1893
3 1899 352 1352
3 170 4015 4021
3 211 345 358
3 2125 2116 329
3 300 322 266
3 238 374 292
3 373 374 238
3 4796 1026 976
3 603 1386 2430
3 2891 1109 2181
3 2127 670 2862
3 416 336 316
3 336 318 316
3 336 335 334
3 372 316 353
3 4491 448 763
3 2461 4781 2100
3 2846 2793 356
3 1473 1376 1448
3 409 462 312
3 2186 1114 3953
3 314 348 288
3 213 2891 221
3 1945 4827 573
3 3461 3715 3463
3 1700 228 544
3 2250 2193 2097
3 462 328 312
3 399 942 1387
3 3842 1477 1662
3 308 286 326
3 2184 2824 1468
3 1018 516 1638
3 187 325 306
3 248 363 271
3 3924 3953 4875
3 270 382 303
3 303 323 269
3 3450 2284 4781
3 300 208 359
3 870 871 1106
3 400 281 343
3 195 454 297
3 2630 1921 1176
3 294 373 238
3 292 340 261
3 261 340 419
3 197 3365 212
3 236 371 257
3 787 843 737
3 336 334 318
3 317 235 348
3 409 312 331
3 315 348 289
3 297 454 472
3 315 288 348
3 255 230 314
3 314 230 408
3 331 312 309
3 4740 2191 224
3 328 309 312
3 314 288 255
3 281 457 209
3 2427 488 3833
3 1172 2258 1777
3 246 304 248
3 269 270 303
3 770 718 667
3 400 457 281
3 246 301 304
3 622 686 723
3 2461 2100 3191
3 393 296 223
3 323 208 142
3 322 294 276
3 573 3969 2682
3 261 433 393
3 374 340 292
3 317 236 235
3 1478 1268 1058
3 441 286 285
3 316 318 334
3 277 1810 2463
3 289 348 235
3 4303 1371 273
3 315 346 288
3 219 346 252
3 286 217 285
3 271 363 285
3 23 1630 437
3 308 188 286
3 4966 3421 2032
3 949 3139 1863
3 1387 263 399
3 246 178 301
3 2236 4427 341
3 263 1387 1399
3 279 454 195
3 298 223 296
3 322 276 266
3 294 238 276
3 413 335 336
3 1891 26 180
3 334 353 316
3 424 934 3136
3 750 758 2328
3 249 4970 3632
3 171 219 252
3 1941 1935 16
3 1700 1789 3381
3 3820 4112 4577
3 3801 80 733
3 13 2106 4904
3 1259 3762 1034
3 4066 3421 1683
3 297 264 195
3 292 261 223
3 1071 3772 1086
3 750 1260 1670
3 173 192 255
3 731 654 655
3 1071 2030 3772
3 230 255 192
3 229 308 347
3 369 330 222
3 217 271 285
3 4307 4382 4017
3 216 187 306
3 216 306 362
3 175 166 157
3 1892 533 1771
3 214 246 248
3 2461 1774 2186
3 3705 769 2265
3 241 195 264
3 628 617 2196
3 1132 1021 91
3 492 653 549
3 1034 360 3256
3 238 292 276
3 4970 249 439
3 3518 1531 551
3 750 91 1260
3 0 1445 1403
3 330 315 222
3 255 288 220
3 172 230 192
3 4355 4372 4079
3 707 12 3095
3 216 362 345
3 2705 3327 1641
3 4760 882 4759
3 1770 4715 2259
3 269 142 177
3 142 269 323
3 426 136 1685
3 403 1374 3511
3 298 343 281
3 178 241 301
3 281 209 242
3 208 300 266
3 165 266 276
3 1180 1424 1426
3 1543 658 4085
3 4273 2814 3939
3 2284 2100 4781
3 4285 29 44
3 584 4966 1434
3 4029 1892 1935
3 901 3213 4992
3 236 257 202
3 235 236 202
3 154 173 220
3 1527 1458 1682
3 396 2983 1448
3 2175 1715 1737
3 4988 4989 4910
3 215 4961 4989
3 307 149 252
3 496 534 1129
3 200 214 248
3 200 271 217
3 3095 12 4622
3 13 609 29
3 1138 83 1928
3 173 255 220
3 2293 2337 2753
3 214 178 246
3 162 148 188
3 283 1160 2213
3 178 176 241
3 3677 1029 2962
3 298 242 183
3 166 241 176
3 157 166 92
3 165 208 266
3 1160 716 817
3 1003 742 849
3 766 3959 1715
3 3159 170 4448
3 235 202 289
3 172 192 128
3 2591 3244 2572
3 288 219 220
3 220 171 154
3 220 219 171
3 148 217 188
3 606 586 604
3 1328 3621 1926
3 167 211 175
3 4676 4970 4930
3 345 159 216
3 158 160 146
3 175 211 279
3 219 288 346
3 4055 570 4086
3 183 223 298
3 292 223 183
3 173 128 192
3 748 1556 4975
3 188 229 151
3 200 217 148
3 166 175 195
3 211 167 159
3 1636 775 1039
3 158 176 178
3 1520 1515 1964
3 1981 2432 106
3 4577 1579 3820
3 140 165 292
3 140 292 183
3 1114 1774 4715
3 154 96 173
3 573 2682 2389
3 110 149 137
3 145 124 135
3 171 252 117
3 2185 2090 2121
3 573 2389 1977
3 1718 2385 1713
3 135 187 216
3 216 159 135
3 160 214 200
3 131 142 208
3 120 183 242
3 172 128 104
3 324 310 784
3 771 745 4833
3 130 208 165
3 3718 3004 310
3 866 1362 3152
3 202 222 289
3 2574 4960 4430
3 117 153 171
3 149 117 252
3 3450 4015 1487
3 2258 1478 3375
3 62 110 138
3 182 186 2851
3 2141 2470 3159
3 886 854 980
3 146 143 158
3 177 133 242
3 142 133 177
3 104 58 101
3 120 242 133
3 157 167 175
3 1487 2284 3450
3 3474 2164 391
3 130 165 140
3 113 154 153
3 96 128 173
3 769 1533 1870
3 2996 2993 3204
3 94 162 151
3 110 117 149
3 138 137 162
3 2568 2566 2691
3 135 149 187
3 159 145 135
3 200 147 160
3 145 159 167
3 133 142 132
3 158 155 176
3 3152 831 866
3 119 131 130
3 131 208 130
3 166 176 92
3 183 120 140
3 153 103 113
3 454 436 519
3 2141 4875 1114
3 123 146 147
3 728 733 80
3 2470 170 3159
3 138 162 94
3 4781 3676 4402
3 135 137 149
3 1532 25 272
3 96 154 113
3 151 104 101
3 4715 1774 2259
3 153 117 103
3 1739 1816 1743
3 4354 4637 2547
3 3829 4143 4153
3 1944 875 845
3 2100 2284 3191
3 1700 544 4654
3 123 99 146
3 88 145 98
3 98 145 167
3 815 1886 4430
3 131 119 132
3 120 132 119
3 140 119 130
3 53 103 117
3 308 229 188
3 137 61 162
3 483 657 1024
3 477 382 524
3 69 147 148
3 109 69 148
3 147 30 123
3 30 68 123
3 502 460 529
3 88 124 145
3 123 124 88
3 4431 2014 3752
3 66 155 143
3 85 96 113
3 96 104 128
3 1636 3902 775
3 61 109 162
3 82 137 100
3 146 99 79
3 2855 3116 1869
3 86 92 155
3 395 1628 2427
3 2857 2646 2853
3 620 850 793
3 200 148 147
3 996 924 961
3 55 103 53
3 2209 2185 2121
3 1114 4715 2141
3 138 94 62
3 52 61 137
3 3062 2692 3014
3 68 100 124
3 143 146 79
3 1418 1125 1208
3 66 45 155
3 58 104 96
3 72 86 28
3 1278 245 4912
3 974 2791 388
3 2995 1278 4912
3 100 68 15
3 85 113 103
3 40 43 55
3 4392 2986 1263
3 260 694 1659
3 72 157 92
3 58 96 85
3 1031 1072 1156
3 1869 3116 929
3 1775 4833 212
3 478 1770 3191
3 4446 1912 1217
3 170 2470 1487
3 59 98 157
3 1073 967 1027
3 72 92 86
3 45 86 155
3 103 76 85
3 110 62 53
3 4758 1254 1267
3 52 137 82
3 88 50 99
3 50 98 59
3 1507 3071 3079
3 450 1230 4505
3 1659 3530 3167
3 4382 4979 515
3 1123 2029 772
3 1016 1461 1839
3 62 94 63
3 274 3049 2079
3 242 209 177
3 1295 1237 1154
3 82 100 51
3 2491 3983 808
3 1323 1672 1203
3 426 1685 360
3 94 151 101
3 79 22 66
3 2284 1487 3191
3 503 2481 498
3 52 82 31
3 100 15 51
3 491 416 372
3 3562 1360 1022
3 32 55 53
3 69 109 27
3 31 82 51
3 79 66 143
3 498 3156 503
3 50 22 79
3 76 103 55
3 45 66 22
3 2481 503 3238
3 76 43 85
3 392 204 894
3 53 62 32
3 32 62 63
3 52 27 61
3 726 892 864
3 1487 478 3191
3 3818 4479 385
3 38 51 15
3 14 22 50
3 59 72 36
3 58 43 35
3 85 43 58
3 69 27 10
3 498 2861 443
3 772 198 1243
3 3156 498 443
3 35 32 63
3 503 3156 522
3 2480 4992 979
3 10 30 69
3 36 72 28
3 40 35 43
3 2470 478 1487
3 2861 1519 4931
3 4431 661 2014
3 31 7 27
3 19 7 31
3 2470 2141 478
3 418 374 373
3 1671 394 834
3 1770 2259 3191
3 14 50 59
3 22 20 45
3 59 36 14
3 51 11 31
3 31 27 52
3 11 51 38
3 14 36 20
3 1770 2141 4715
3 501 1589 4654
3 19 31 11
3 1575 1162 2793
3 38 3 11
3 30 9 15
3 58 35 63
3 32 35 40
3 19 4 7
3 381 303 382
3 639 788 595
3 30 10 9
3 251 244 243
3 387 383 386
3 9 10 7
3 370 349 368
3 55 43 76
3 4 2 9
3 45 20 28
3 1288 1664 267
3 9 7 4
3 3 19 11
3 311 4376 231
3 137 138 110
3 2 38 9
3 2 4 3
3 2 3 38
3 1770 478 2141
3 19 3 4
3 784 310 777
3 2539 2178 125
