OFF
2502 5000 0
-52.31725 67.95635 -58.1273
-56.1905 66.76017 -55.29427
-26.5416 -7.307505 19.87399
-55.68453 65.37413 -51.84335
17.02769 -33.64426 10.71661
-40.66252 -30.26199 9.594625
-21.32284 -31.40771 10.83298
-53.02796 68.89266 -54.60223
-46.55908 -47.55353 6.709267
-57.58 59.41265 -55.35841
-36.4416 8.563394 16.12499
20.07817 59.54124 30.64958
2.403642 17.94304 29.86666
-56.32538 69.30696 -54.74828
5.593022 43.44272 35.53728
-56.95037 58.13697 -54.52872
-10.47464 60.81461 38.1247
-51.78044 66.74598 -56.80366
-49.18832 75.04518 -54.71942
-59.95562 59.61158 -53.04899
16.968 -5.3228 21.36965
-34.21265 -4.916986 18.35379
-56.9933 61.18912 -53.3396
-55.96464 69.87266 -50.69113
-52.56577 72.56476 -51.75567
6.932124 21.97806 30.68987
-51.14897 73.33727 -52.47127
-20.82698 76.98284 22.18061
-53.20433 76.56997 -52.49104
-56.86537 59.58471 -52.86601
17.06212 42.71565 28.09991
-57.61707 70.05563 -50.66784
-52.67718 74.72287 -54.26164
-42.6033 -43.62696 10.04889
29.21116 11.72922 17.51705
-59.97718 62.12258 -52.00465
-57.17254 64.79439 -49.19666
-59.41013 66.16136 -50.66883
-58.87677 58.26924 -51.3747
-23.71251 4.226092 25.9901
32.90256 -18.10234 9.887778
-42.50716 -17.66575 9.518931
8.825978 60.37327 38.15432
-51.00869 76.49026 -52.1552
-59.34811 58.61209 -46.93767
-56.81633 72.795 -49.90256
14.91139 -10.91269 12.72026
-56.40188 62.39635 -48.68442
-57.7438 63.03968 -49.26935
-55.68695 67.2263 -49.21425
-56.51927 74.61589 -50.64212
32.47834 -11.28432 8.965849
-56.45023 76.18676 -47.72818
22.66301 52.90593 24.90044
-59.01795 69.01817 -50.47151
-55.25684 70.79938 -48.27709
12.96256 -7.453429 9.618696
-52.12514 75.72606 -49.03981
-12.50118 45.59234 35.10526
17.42536 24.22716 9.079807
34.1469 -7.58436 11.49217
-53.55624 72.40479 -47.25119
-16.27818 18.09957 26.79125
-1.781108 60.28097 -48.81585
-37.47223 -33.78861 6.560512
-58.27371 64.53492 -48.15384
-25.54979 -39.34396 20.94997
1.822086 58.35591 -47.96313
2.747593 60.81534 -48.2275
0.3261778 61.75947 -48.88068
34.00839 -4.1017 12.86797
-55.88899 69.73092 -48.49253
14.31906 33.32097 27.55867
1.408006 61.6443 -46.0243
-61.01002 63.73798 -47.1566
-61.24967 66.18396 -46.93815
-59.9472 68.98481 -47.31544
-55.01886 69.88731 -47.0793
-33.75654 12.52846 19.02318
-62.11547 61.72145 -46.36557
-40.90919 -30.59726 6.963587
-56.55744 59.83301 -46.58198
-55.99563 64.48459 -47.31629
23.71436 14.54277 17.91998
-57.65508 70.34974 -47.10338
7.197473 46.05006 35.89355
1.048947 65.82812 38.82816
-1.758855 61.05881 -45.89415
-21.92168 22.56803 18.77762
28.61332 -34.34326 26.45838
-22.52699 25.28346 16.1539
-54.21535 66.67386 -46.26764
-0.2277695 6.361995 9.93595
-57.47326 76.39259 -44.60705
-21.91192 -29.13122 7.475583
-60.04102 57.85397 -44.0828
-20.42942 41.16362 28.85176
-20.34756 30.68408 17.00243
-49.10233 83.92973 -45.96611
-3.176868 46.59689 35.21261
-28.01997 16.61654 18.81225
-28.91257 16.66 9.812729
3.807165 60.47607 -45.83799
-9.288838 45.65298 36.29698
-19.86814 43.8643 29.14496
24.63337 16.64333 12.20502
19.35959 -27.48674 6.58369
-59.65066 70.63335 -45.40261
-21.59233 -25.92091 6.086445
-52.49375 73.03816 -45.10468
-53.32415 75.32551 -45.86644
22.31776 18.60535 10.4685
-48.47703 83.10101 -44.85925
-2.105286 57.77408 -45.82682
-25.29124 21.0043 14.88803
-24.06518 44.04379 22.68396
-59.54385 73.28304 -45.42018
28.20589 -26.70918 5.106469
11.70692 21.11468 26.73464
-21.09056 27.16204 12.31834
-19.90834 34.09003 8.818363
24.60565 50.81309 18.107
-62.95378 63.12655 -44.22256
18.15074 33.93787 12.1334
2.525684 46.11023 35.11588
-25.96328 6.305874 25.67932
-49.34901 84.43752 -44.36714
-29.67513 57.68723 19.93255
-0.1801475 56.99422 -44.04054
6.416366 59.76701 -43.96102
24.51624 43.36094 9.469631
-62.54237 66.90014 -44.01719
19.81035 55.63737 30.46566
-27.62191 67.7143 19.95819
3.273629 57.26727 -45.2465
25.68744 65.83644 19.40162
-55.02045 60.87315 -44.28587
6.215464 67.13668 37.76407
-5.034614 61.19618 -43.29152
-31.85366 48.56603 9.279565
-21.6517 59.16559 32.46612
-61.38792 70.14196 -40.02464
-53.53259 76.15798 -43.40413
-29.63128 50.57112 12.09599
19.71336 4.731762 25.38614
-5.782145 58.00727 -43.32334
-62.16472 59.76892 -44.91598
-62.84126 62.39907 -41.49327
-53.18531 65.60681 -41.04506
-52.19357 70.55131 -42.89884
-60.21003 74.57113 -42.98847
-13.60472 22.16738 28.09087
57.48134 77.2615 -43.14985
-57.00681 76.96065 -42.74826
-52.44991 76.96603 -42.71347
51.60463 81.17251 -43.94958
-52.92965 83.42159 -44.43429
-20.58724 27.04401 18.15684
6.672001 57.18145 -41.14848
-53.78353 68.06033 -42.11478
58.70191 73.99727 -42.78853
10.08754 86.37782 17.72241
55.68645 79.58998 -41.828
52.93566 82.51331 -43.4958
-13.49619 53.0509 37.16619
0.3240191 54.94013 -42.60449
-8.866892 85.9145 22.98874
-55.02126 63.6827 -42.32133
-51.68053 73.63951 -41.51677
-54.95497 77.11155 -43.04081
-56.36223 79.85152 -40.3063
-4.80677 87.39255 21.38883
-41.76358 -12.27279 7.12586
16.09616 72.5365 29.11145
-54.02254 61.24696 -39.71845
-24.59859 75.1157 10.40099
-28.98818 -52.89218 19.97926
-50.77949 78.37922 -40.76988
-53.50024 82.52712 -41.30555
1.726913 56.21193 -42.46094
-62.00689 59.3381 -40.32997
-23.89507 -12.10465 8.092623
21.72822 -52.74133 16.2513
34.07181 -51.80825 16.89407
-19.05435 79.97541 14.00194
2.688009 63.49353 -40.32102
-0.8868148 63.72049 -42.1868
-18.68678 81.70185 11.07165
-62.43995 68.56393 -40.56702
17.13538 80.43431 14.05101
-18.34359 82.22967 12.99356
9.359582 81.10642 28.78427
-23.38444 -50.02444 17.51585
18.09411 36.25635 19.91536
28.81427 -43.43953 19.25329
-39.98659 -44.01353 17.43875
7.552396 82.06199 28.78383
-62.62467 64.98796 -41.06202
-51.31616 67.85681 -37.13396
59.83117 76.86957 -40.13014
-8.958344 89.36821 9.751021
17.61397 32.03338 10.17792
57.58839 81.75913 -39.89127
23.12069 62.78717 24.90008
2.845057 54.44078 -41.32081
3.774457 82.14247 29.76662
-40.64004 -6.016604 8.766551
7.340255 61.17137 -40.39355
14.31265 30.86576 25.79945
54.20997 78.90564 -40.56936
-1.417101 54.86039 -41.07304
-8.26964 59.71748 -35.84333
-57.46398 58.49018 -40.93177
4.219635 13.71712 28.23329
-34.31415 13.40186 12.68399
-51.93852 80.02128 -39.64717
48.37184 87.37505 -39.68591
49.97006 87.43661 -40.30585
4.075075 56.01575 -41.52166
13.1628 -35.61242 20.53945
15.38564 -52.70539 31.3079
-50.14417 -47.92416 10.93208
18.13119 -49.74481 10.49946
-5.844557 62.71773 -39.3613
60.73239 75.02771 -41.38214
-61.05226 73.98433 -39.16205
1.404836 -2.299828 44.61693
-26.57918 -45.87669 11.59779
4.786761 54.12748 -38.84944
7.889199 62.04918 -36.30813
12.40269 -30.02845 19.14821
-51.39916 64.11227 -35.56197
4.100887 63.37615 -36.48332
-4.753903 -11.17337 57.95388
-24.53847 -28.44368 20.24739
33.14324 -28.73643 18.55935
-20.66097 40.62803 23.46101
30.95431 -45.22894 9.467288
56.77937 82.43371 -36.91042
-4.821262 56.15413 -39.75346
7.620477 58.05804 -38.82712
-6.38626 58.13767 -37.10499
18.17827 -39.5363 29.4667
21.7842 -38.38217 30.88308
-59.3937 75.49454 -38.85399
-16.83852 33.82411 27.451
-40.75662 -41.80761 12.80238
-58.00304 78.63668 -39.22133
53.16409 81.7833 -39.66614
33.9835 4.17637 8.779791
49.84247 88.94354 -38.98626
-23.96538 -21.2281 18.50787
-26.36858 66.69085 24.23433
4.946117 56.29633 -37.87722
-58.25635 58.45433 -36.92356
-18.2316 52.26519 34.62204
-61.72237 60.33809 -36.56059
3.326913 68.51037 37.64576
-2.551037 62.85332 -40.20727
-52.32486 72.19224 -40.20769
57.87594 72.17334 -38.82569
14.43619 -40.82044 22.17334
-40.58268 -18.84017 17.63927
-1.493719 54.01323 -36.79917
-0.09027356 -6.226053 41.37959
-50.35129 72.18063 -36.51735
22.9226 -32.50858 29.32063
-50.13334 74.26614 -36.11171
50.52191 85.45352 -38.23704
31.31954 9.34236 7.204246
-35.7116 9.827431 5.625762
1.854758 54.27728 -35.74609
-5.345617 55.58721 -36.29887
-62.08227 66.95168 -36.01811
-1.381312 65.18417 -38.66116
-41.10357 -27.02319 12.13962
12.27453 37.9569 28.14532
61.20679 69.85722 -36.2999
61.19502 75.6307 -35.51974
-20.8667 -26.19509 12.29477
-5.835106 4.086062 30.25126
33.45131 -23.78228 10.98466
-2.407266 55.37419 -35.51962
5.930884 56.16818 -36.27884
2.762971 65.71574 -37.37053
19.05311 47.7846 29.62284
62.68685 73.14217 -35.30726
-61.08426 71.63169 -35.57948
13.69706 -21.55888 11.69659
20.31916 -11.40517 19.5072
57.32115 74.85858 -37.34254
-41.80166 -20.22391 11.03222
-50.34893 77.22464 -37.67767
2.688737 8.583428 30.75436
-21.40479 -20.60575 9.613216
49.9428 87.46821 -36.15075
-55.33353 58.8803 -34.48016
-52.79467 60.03518 -35.22718
25.55022 -7.119494 20.55227
55.68049 77.11079 -36.87449
-54.76823 78.88103 -36.7005
54.65359 80.91906 -35.83818
-21.43798 -11.12383 10.76945
-25.29405 72.58758 6.986207
-10.53407 8.369884 24.33535
-14.99559 39.92941 29.43816
-61.70298 68.16125 -33.93389
57.9097 68.77705 -35.59452
56.32374 74.26089 -36.53565
-23.77484 41.7608 24.29242
-52.38702 76.9908 -35.25065
58.2594 77.08863 -36.77402
-18.57737 -5.165109 19.8935
60.47319 77.89515 -34.57659
-57.82889 78.40956 -36.14011
-21.23824 20.04891 3.565635
-20.92644 23.82354 8.402866
8.622471 59.44206 -35.29318
-6.360246 16.02273 29.73381
-63.10935 62.7791 -37.79619
-7.586632 62.09285 -38.85238
-14.03472 -1.80835 19.41023
54.08272 86.33046 -36.96078
0.1030386 53.98526 -34.39732
13.76403 -45.65352 26.33326
6.114394 57.76511 -35.403
10.575 -0.5782052 19.0973
-20.93672 73.44752 25.59195
-11.5143 0.7358534 19.02196
-59.87009 74.45517 -34.42244
2.882847 3.268693 11.66006
-57.49738 77.02696 -34.4897
1.7761 52.41852 -33.32593
-52.53343 57.2918 -35.01865
4.959307 3.548279 19.47426
26.22385 58.37083 17.72979
2.609155 68.66352 -34.23333
-49.31162 70.08908 -33.27021
30.64594 -37.58205 19.60758
-23.87088 39.19562 5.74317
-29.86481 57.88114 16.9376
54.32953 82.47001 -34.91869
21.64858 40.58524 6.260644
52.45255 87.93193 -35.22465
2.255788 55.62644 -34.94136
5.692276 23.46115 31.54799
29.57283 5.617149 19.71297
-33.8988 6.34288 21.11836
4.272139 67.53949 -33.6154
10.17451 62.01434 37.2043
-0.2257021 66.79733 -36.12985
-2.617562 69.35169 -33.92082
56.04053 70.31476 -34.88471
-4.823151 72.18041 -33.70014
-56.07113 75.75253 -32.4078
60.90796 78.33588 -33.26594
-31.71197 14.20948 18.97483
-20.25625 31.32265 9.757139
3.812123 55.90781 -34.39828
-6.769515 58.03107 -34.26076
-12.64406 11.48369 26.562
-6.864209 64.18298 -32.36446
-61.13265 65.14249 -32.95849
-3.180788 64.55593 -35.08315
-6.996029 68.47797 -32.78473
-11.76144 28.45669 30.47286
-4.59959 68.73777 -34.40847
-7.091987 71.59801 -34.14974
16.93826 24.2323 20.67796
-6.590133 75.1826 34.91111
-12.92654 32.08723 29.28383
-24.05818 11.54805 25.15162
21.35992 39.7355 23.68065
6.219894 45.26108 36.82115
34.23408 47.73639 11.01058
59.17944 67.07947 -31.77036
-22.15841 50.90067 28.87276
-18.04828 31.16587 23.57131
-34.02575 53.3762 10.83505
63.24593 69.88222 -33.05864
-39.00225 60.10618 7.276144
-4.251685 56.5232 -32.70387
-5.433546 0.1528521 41.29685
4.94016 56.68229 -33.20023
-59.01803 59.90224 -32.69032
5.17716 66.27028 -31.93478
-22.46209 53.02576 28.74402
12.90813 56.75037 35.76751
-58.97843 73.17345 -31.23627
59.56347 80.37374 -32.71433
32.45793 -30.53993 16.56582
49.51918 89.53146 -33.6874
-51.12602 55.86271 -33.96606
-27.36553 72.18536 11.55382
31.09223 65.10127 7.290155
-27.126 43.08358 9.481354
0.354165 -3.295537 48.99519
-26.09164 69.32492 21.07824
3.513683 69.83878 -32.58056
26.76337 67.73246 9.105398
53.8957 76.11815 -34.45968
60.64647 75.58137 -33.63572
18.43222 49.77966 30.23509
22.31218 53.78736 26.99915
21.06126 75.73331 19.04243
16.88547 82.16202 14.6662
56.01748 81.03092 -33.51185
-2.486531 -5.195886 38.30233
48.53856 89.05326 -32.19026
15.71863 79.78312 24.26054
4.280334 54.28785 -32.90567
-21.45599 75.15815 22.51995
7.714873 58.25727 -32.6414
-60.2836 64.56884 -31.11381
35.863 -47.97421 10.45808
55.48006 68.27414 -31.57086
20.22339 74.95818 8.186792
-59.46436 69.06378 -30.24155
-2.541644 72.46942 -30.62415
-13.98743 83.14226 22.8766
15.03494 13.51713 25.52195
5.631863 71.32804 -32.92877
-52.01831 73.71748 -31.17643
-52.82181 76.27964 -32.54535
62.68432 73.78953 -29.73604
51.84952 89.37338 -30.40162
2.396558 53.81395 -31.93867
-21.62662 57.18281 31.71489
-22.37163 76.46906 19.56884
-8.265682 59.91874 -32.64148
14.73946 80.86399 4.224859
-47.20054 68.58413 -30.72501
7.050921 69.02164 -33.36388
-46.38277 70.50009 -31.81707
-49.62403 71.97286 -31.96552
55.02641 72.50038 -32.57968
-16.81635 83.58815 8.807042
53.71851 80.42118 -34.03175
18.32929 32.65896 17.67434
51.47491 83.26051 -32.52854
-40.78824 -27.59608 18.44436
-24.6522 64.77888 27.3092
-1.292207 50.77826 -31.20849
19.57353 77.7923 16.9246
-57.79778 57.24093 -32.41505
-50.01234 56.24239 -33.44095
8.593282 59.72214 -30.64022
8.663455 63.7159 -29.91179
-4.922242 65.82025 -32.29022
18.16909 -44.35749 14.58119
17.28534 69.37353 30.45102
-8.350183 89.08268 6.016705
0.1089369 89.60207 11.82114
56.38917 85.20151 -31.91512
2.60635 -1.768483 39.39997
-22.71679 95.75597 -30.62441
-0.5323801 89.42345 5.428328
-3.811952 52.82764 -31.7796
1.7407 90.24332 7.099463
-16.98945 72.9414 28.87551
3.917482 56.47288 -31.48986
5.793896 55.56042 -28.44932
23.07471 59.63736 26.86075
-20.48833 79.48235 15.81773
-25.29573 -41.84405 12.97084
-29.88251 -53.34594 10.32902
-36.42803 -43.83664 20.61401
-47.67965 66.6478 -32.21239
8.910979 68.32637 -30.10456
-25.82548 59.78149 27.26814
8.655451 71.6324 -31.30419
15.01425 73.58644 30.23674
-7.991887 72.9527 -30.79514
58.09057 81.1618 -31.81328
-16.12766 91.44966 -30.87033
-19.18481 94.6725 -31.381
-11.27036 77.51029 31.87596
-18.23841 96.40528 -30.57608
15.43723 -34.42895 12.53517
-50.15142 58.23919 -31.79302
10.59643 50.31227 35.82886
7.710306 65.91071 -30.07946
17.16723 80.87684 17.42108
-8.606128 69.80973 -29.91163
-46.53447 72.84872 -28.97459
-9.098092 80.79001 29.63824
-39.50627 -52.69083 9.345638
-12.58661 91.35512 -30.2237
-16.9441 82.72196 17.63199
-48.3366 54.45692 -30.8837
-25.86402 -24.40696 20.60064
12.27704 -25.13933 16.85939
-47.22315 61.74375 -30.71585
-9.041084 62.61502 -30.01448
-7.637886 63.95106 -30.92581
32.5235 -49.49459 8.209626
55.25558 66.21032 -29.75119
-44.48914 69.55579 -31.07561
-54.71712 73.832 -29.96052
52.83302 75.91161 -30.20051
14.04576 -21.35695 18.3903
1.1992 2.205194 38.93724
-16.98851 25.08234 25.69524
-16.59705 92.41102 -28.75725
13.40416 -49.75314 30.17905
-51.84819 -48.23751 5.94141
14.59635 82.48297 18.96093
-5.047003 52.66785 -30.07572
-51.49866 52.56379 -28.01464
31.56213 44.8121 7.566354
-53.74968 54.29927 -31.30966
4.00658 52.17729 -30.12512
-59.94366 56.75052 -28.69604
0.3554462 84.93237 26.91204
6.086804 58.93609 -29.74332
20.65515 39.35772 17.19441
53.01644 68.67192 -27.89341
-45.74911 68.40568 -28.90425
-8.511819 72.0262 -31.39644
33.35369 -21.39105 15.83951
-5.319254 73.54514 -30.01361
3.67901 74.91967 -30.07691
57.30185 84.24988 -29.39287
-11.57927 86.38427 -30.52858
-0.2981873 -5.340463 36.12832
-13.0547 87.99819 -30.78885
-6.164403 -1.975324 38.51833
5.027178 84.85743 25.12944
4.662448 87.77622 16.1607
23.90353 -10.69546 19.84663
-5.934698 54.61798 -30.36553
-60.9916 60.13408 -30.25754
-6.843915 58.67887 -30.84392
-7.517871 61.58712 -29.54928
-11.60979 64.03651 -27.96912
-43.37876 68.74032 -28.49705
19.93499 -45.83089 10.23902
4.766617 72.89066 -29.43819
-8.660196 74.04794 -28.06965
31.66848 -46.32931 10.89106
51.06451 79.11918 -30.32036
11.5818 82.93411 -28.59047
-35.69892 -41.7092 8.697234
52.9371 85.18426 -29.25302
-10.39124 88.68653 -29.95039
13.02771 87.48972 -29.51022
-1.370494 3.904428 38.1323
-17.1376 97.08003 -27.50467
-6.605237 -9.352632 54.28625
-5.779087 56.66863 -26.80213
-2.360713 86.05765 25.2362
7.142565 57.8355 -27.37177
-8.138611 44.53476 36.83755
28.57903 -6.432575 18.83165
59.31775 65.44473 -28.98973
0.2053023 89.38702 17.53229
-43.95482 71.07192 -28.59469
-40.58354 -22.62072 18.80696
-9.762319 71.05083 -28.04451
-57.13368 73.35134 -28.14358
-16.01554 27.41502 27.48865
62.52771 76.07263 -29.66188
-28.59395 -41.21813 8.944451
-35.72555 -35.46002 6.734498
13.71793 87.79373 -28.89863
-29.65429 -5.190089 20.56629
-9.245588 88.85348 -28.80324
49.25084 90.17605 -31.18868
14.23658 89.61003 -29.35659
14.7571 92.39817 -28.21052
-21.43516 96.90882 -28.83633
2.427271 48.48513 38.368
-38.65156 -52.9335 19.19245
-18.09546 75.42019 27.62521
-27.671 45.42 9.434539
-38.10279 -53.33976 18.3027
-62.04035 61.75327 -28.42627
-8.837234 61.90864 -27.4949
30.78413 48.17971 12.65228
-24.78501 -31.91554 5.671267
63.22664 69.44065 -29.29296
31.77696 -18.05965 14.69776
-39.37766 -32.11141 8.060107
26.301 -30.80947 6.483438
-3.420955 75.16995 -30.54876
61.21527 78.43254 -30.08335
-17.27696 35.32023 24.31103
7.820544 3.514896 21.83592
59.30695 80.24847 -28.36495
49.15036 81.2716 -27.26737
-1.186732 16.91511 30.59891
-8.134637 85.12031 -27.88657
-12.69352 94.72988 -27.66841
11.25245 67.68829 35.88189
17.73821 93.17351 -29.0318
15.8077 94.76206 -26.73013
-48.49651 56.53053 -28.44981
-8.183571 59.68083 -28.15764
8.11581 62.48137 -27.42438
52.26597 65.35751 -27.47478
20.7186 -31.2073 8.282887
-61.47796 66.88652 -27.97051
9.768925 67.08044 36.15089
25.93533 13.50054 18.86425
4.624974 19.64546 30.69795
62.58006 73.40768 -26.94954
-18.6443 37.90439 23.30852
-7.83733 76.19367 -28.97036
10.92383 83.24525 -29.19457
22.12414 74.10566 12.375
17.87024 39.00052 26.77726
-24.46223 17.92763 21.70226
-1.938213 51.60146 38.43411
13.06622 -53.31905 26.98983
0.4476398 49.78027 38.79172
-21.12187 23.72331 21.69718
16.57862 -26.66589 7.141598
-45.63131 57.96611 -26.88265
-19.27669 28.55615 22.65581
8.848719 62.87282 -27.82421
54.89624 64.79337 -27.3526
-9.707466 68.23801 36.9431
23.16571 44.9637 17.75361
8.941688 67.0876 -27.37816
8.154799 76.13126 -27.43867
-1.573139 89.78247 15.74318
60.24382 77.77377 -25.94261
22.35973 42.41049 19.54573
29.26466 -16.01129 17.487
14.26882 -51.56543 19.02134
-48.55879 -47.25815 7.425794
-56.79297 53.95042 -28.56246
-46.16108 53.00617 -26.74688
-27.6501 -51.52067 11.44124
53.05051 59.8701 -27.00292
6.658349 68.73923 36.19856
49.60151 61.92376 -27.87078
17.35174 -48.752 13.83979
-44.64149 67.51176 -27.30265
1.916573 51.05556 38.23076
-58.16564 72.38249 -23.43341
-20.13885 59.50978 33.25917
-53.10698 74.28322 -27.9359
23.52748 72.13283 20.42882
-1.003972 77.48268 -27.31424
-5.657166 78.54301 -26.1798
-10.35582 81.76248 -27.28638
9.219389 84.86871 -27.52929
57.85509 83.16065 -26.59704
49.46775 84.24929 -27.26106
51.32708 86.86386 -25.09493
-4.79672 2.313829 38.18446
8.098618 87.67222 -24.34652
-22.25822 93.92939 -28.02897
-20.03027 95.32253 -25.583
21.7342 -53.64794 27.78477
55.84775 59.37877 -25.5814
26.32313 -52.02985 24.12556
50.11757 62.68902 -25.19092
-45.08983 67.06014 -27.45425
57.85379 64.97265 -26.62825
-41.77042 67.60415 -25.61969
-42.70724 69.828 -25.99069
35.16806 -6.863658 8.329027
-60.52171 69.61193 -26.55449
62.24073 70.92565 -24.69943
9.439804 73.45898 -25.61827
19.78126 -37.09285 12.34213
-5.004408 -0.6191007 33.58282
-7.519935 48.78958 37.73688
-4.352172 78.67845 -26.84603
-1.112792 79.3144 -26.96159
2.521774 79.48114 -26.44121
17.50763 46.83115 30.5441
26.51202 -43.94639 10.93849
-21.2409 92.03337 -26.63348
-18.76717 92.11444 -26.79203
21.38012 95.81636 -27.89785
20.06594 52.94075 30.55474
-14.15525 60.50235 37.18035
49.58529 58.68256 -26.16432
4.95692 50.52683 38.00032
23.07695 56.28637 27.1002
3.696651 77.96067 -26.20509
-38.27413 -45.43839 20.16866
9.423584 78.17506 -26.02732
-0.7524024 80.94476 -23.82074
-27.71844 -43.99166 11.18309
49.55502 84.76103 -24.53913
-11.88916 87.19039 -27.74808
54.60882 85.2859 -24.56764
-37.46183 -39.36588 19.58516
-11.80601 4.651064 5.236039
9.591668 71.12114 35.63575
14.71539 90.36885 -25.67818
-24.49383 -15.75185 9.930315
19.082 69.65896 29.63264
-28.81729 53.27505 19.20538
-48.92283 51.54942 -26.5289
0.8885312 53.39143 -24.55296
0.181966 5.836219 6.892874
-1.986978 53.10263 -26.75534
15.91382 -44.96876 16.82189
-61.26072 58.40297 -25.44173
51.86299 55.97059 -23.87125
-5.860122 6.360656 6.388189
-38.40612 -36.26646 20.54822
-63.01577 63.0838 -26.13682
-44.16937 63.1029 -26.58902
-43.52707 66.13381 -24.6255
28.40581 -26.77621 26.43686
61.14429 74.67342 -23.92178
-11.84243 75.5812 -24.72886
-10.1365 79.10069 -25.78061
50.73881 78.09193 -26.89741
59.76397 79.37935 -24.64552
-27.31662 58.35059 25.0306
-4.1795 80.10342 -26.42041
-4.338243 81.84691 -23.1827
10.46072 83.47718 -26.00916
29.94457 11.28867 7.392783
-19.18034 88.62695 -24.68522
-20.44717 90.09228 -25.13582
-52.16272 51.5526 -24.88946
16.68638 -41.98352 17.77435
8.212066 62.35985 -24.13378
33.21151 -0.5538409 15.0489
23.06327 16.94755 7.988308
48.84247 66.23595 -23.6094
-6.132813 68.90674 36.61053
15.90894 -19.99188 20.81336
10.56547 78.31276 -25.23789
48.86549 76.04059 -23.08024
10.4279 14.10388 26.92386
6.016994 78.08994 -24.80504
48.46142 82.14597 -25.78344
54.81435 84.76528 -27.3809
-24.15644 -41.55229 17.53921
33.23791 -24.21408 19.27498
-16.2981 96.05047 -23.88576
-45.69664 54.91903 -24.27477
47.2277 57.90686 -24.29883
4.534968 56.93406 -24.96945
16.55495 28.74155 9.10824
-9.456508 62.47007 -24.75643
19.36589 -7.991017 20.60429
21.44739 -7.465382 21.01952
50.3446 70.14479 -24.02987
8.781146 70.68564 -26.06152
18.26994 25.59207 11.91108
-10.03924 73.98736 -26.03854
18.51899 -52.32108 32.15099
21.10657 -52.93258 30.27279
-7.317625 81.34298 -25.47955
-22.35322 38.20642 12.76138
14.83891 -48.30074 31.56681
23.64927 41.07208 12.42862
24.18118 43.85613 11.97548
26.08249 46.52874 11.65509
19.85625 -47.22271 30.76381
-42.09562 59.4291 -22.1749
60.41779 66.45177 -24.38777
-4.16637 -6.229115 41.40811
1.249225 -1.882148 31.24582
-22.08437 70.89384 24.83446
-33.72837 -2.071866 19.5693
7.068338 80.46292 -24.33513
4.272662 80.59799 -22.33095
9.643403 79.76864 -22.12705
1.236663 75.26446 35.93485
-5.547111 83.79888 -23.01718
-30.72622 46.83157 5.367758
17.48155 92.98043 -25.90616
-10.38161 92.61085 -22.87786
11.65631 92.15777 -24.3524
18.91867 96.78585 -25.11609
22.45919 95.10859 -25.2255
20.9211 72.45583 25.00932
55.4719 56.50515 -22.67845
60.39135 62.23645 -23.07374
11.81027 64.62337 -24.75767
-61.55694 67.10108 -24.29124
-3.646811 -6.976491 46.63819
-13.61818 69.90325 -24.08932
-44.64937 72.12379 -24.78486
-48.49001 74.01924 -26.02031
11.09133 76.09248 -24.20536
16.62787 76.65405 27.07814
-40.17768 -34.10008 18.1532
7.139012 82.80241 -23.03704
-12.48919 85.01382 -22.86555
-7.681648 89.08059 -23.14522
-19.63791 90.82022 -24.42
-55.00012 52.09103 -23.47613
-2.847738 53.97249 -22.65868
-6.120406 57.48431 -23.09685
8.681427 88.12426 13.06858
-6.245305 17.72377 29.64933
-6.903517 19.91985 30.85691
-63.16739 65.52245 -23.02994
-42.06042 63.57349 -22.21205
12.56474 70.07166 -22.35146
15.30481 -37.24912 27.1217
-39.33022 -37.92966 10.06163
-53.59199 74.38011 -23.80669
0.2658066 21.41086 31.46223
-9.694682 80.25341 -23.1884
27.3184 -44.51932 23.44355
32.28709 -33.11622 19.1088
18.41388 -53.42759 11.48158
48.06369 55.76083 -23.55997
36.88395 -49.89769 12.38372
-59.92843 56.71191 -22.29765
-18.74118 35.49889 20.75711
-44.61075 -45.33295 12.61063
3.348166 15.86976 29.92139
-62.85116 60.21268 -23.55309
-7.745097 22.35738 31.25291
11.1037 63.30596 -23.68363
47.78619 68.62584 -21.77965
32.76918 -29.63326 20.36791
-47.50165 72.73688 -20.85031
60.46603 71.5625 -22.03383
30.96318 -44.8938 13.09994
58.90057 77.7526 -21.78937
-10.3948 82.45366 -22.7678
23.52449 51.84078 20.72407
-18.97884 86.89275 -23.45929
-58.74405 54.94984 -25.35915
-42.50409 54.39513 -23.09471
3.044493 55.42173 -20.60005
-43.34267 56.90887 -22.46875
-12.18981 53.72492 37.12629
15.28025 83.23626 9.981998
-7.943154 60.95485 -23.4777
-63.50129 60.30505 -21.59229
27.67929 -34.97847 11.26636
-39.98588 66.22692 -23.38995
-2.925546 -6.121943 44.02261
-40.22626 -31.00031 12.35871
18.42611 -33.76698 28.78711
31.37659 -31.55789 12.73327
12.09952 76.63497 -21.3015
32.33525 -29.04361 11.34
51.99073 85.04693 -22.26646
20.93991 96.3311 -24.30043
-43.42246 51.83951 -22.85267
53.87518 54.54248 -20.73023
45.22065 55.37265 -22.33018
8.738212 37.46287 30.24398
8.209485 57.87753 37.93563
-31.46939 -53.30346 12.04899
48.89242 60.55225 -23.65823
32.18961 -18.4901 13.4952
-38.77719 64.11837 -21.76835
30.44252 -4.39484 17.99353
-12.51655 64.27075 -23.12888
61.01529 67.61727 -22.16325
-61.14092 70.11594 -22.55487
-43.04601 71.00866 -22.37827
-51.81113 73.51016 -22.37416
60.07828 74.5472 -21.1503
48.91667 78.85277 -21.65152
-45.68389 -52.8061 9.465839
0.450324 82.27097 -23.21434
-16.11348 83.76538 -22.41768
48.51575 83.46876 -23.69249
24.65048 -53.20226 5.936025
30.26425 -10.15999 14.18669
-22.22533 -52.03341 19.54165
12.78015 -6.999976 12.0596
-40.26126 54.58414 -22.47285
-0.2870237 54.17305 -19.70181
-39.90945 57.39483 -22.25381
45.49127 56.74924 -19.58332
58.5466 59.2509 -22.37218
-18.24229 -7.007326 15.87525
29.84961 -49.97103 20.88505
-11.95398 -2.653639 12.5859
9.904188 74.00046 -24.00852
-2.837125 -10.89173 55.83907
-19.09674 47.6358 31.43418
17.75842 49.59731 31.63954
12.58389 84.47766 -22.39806
9.769913 -2.397897 12.06646
-10.03634 0.09504781 14.65663
-47.47991 50.31629 -23.02124
13.35902 -53.24181 22.9565
42.18227 55.25937 -19.71864
-4.200516 55.74947 -20.45571
-62.03403 57.23514 -21.14891
-21.45705 55.11684 32.31223
47.54188 61.10451 -22.1399
-7.838788 61.86697 -21.7868
61.90178 65.32714 -20.31745
31.28147 9.314209 14.94487
-24.27543 -34.23855 19.8035
-13.0904 79.33927 -22.08736
-17.62931 84.74448 -22.32379
2.171225 82.96752 -21.89344
-27.49175 18.01643 13.15401
-17.71342 89.20713 -22.22152
18.03519 89.55523 -22.44436
18.68442 59.86443 31.22054
17.61945 -52.74568 26.01293
18.26079 65.36906 30.48634
-51.50547 50.31817 -21.34043
22.52358 -35.13865 11.40571
-6.450095 58.78014 -21.32315
15.10955 -18.3637 15.79448
-33.90938 58.87209 10.57612
-15.72834 70.88575 32.97531
-14.25467 74.74402 -18.86246
-19.00131 67.51152 31.66097
-38.21592 -43.36913 6.995945
6.464095 83.08372 -20.85711
-37.59919 -19.19413 21.09723
54.06678 83.4923 -20.57078
8.204116 88.14577 -21.78849
-25.61036 -52.38165 25.95362
20.71178 89.59081 -21.88375
-30.75591 -49.66464 25.56103
-15.27211 74.39067 29.98463
34.1759 52.4437 13.49802
0.2044221 2.229796 27.6532
-34.10168 -15.65262 19.60216
7.770454 62.73648 -20.82645
45.75508 60.69638 -19.75765
-38.6076 60.1093 -21.96672
-50.64224 72.60389 -19.19542
-32.05967 62.06687 9.718483
-11.86578 77.83885 -22.02826
-35.77554 -38.44813 6.811554
-14.95471 -5.227847 15.71416
-15.17944 80.98756 -21.9163
50.84971 81.24788 -20.26614
16.44745 81.22829 -19.87215
-9.258306 69.20178 35.78562
26.85055 66.0796 11.55029
11.9606 92.05252 -21.47624
3.23555 4.487978 29.5332
16.11512 92.86379 -20.58891
0.3313384 -5.321607 48.06325
-7.027108 78.70719 33.31985
45.10803 53.05495 -20.68945
25.57249 70.52334 11.69437
2.138792 -3.41037 39.90415
47.53395 58.2639 -21.8404
-38.10357 57.64314 -17.97935
23.48331 -5.096898 21.15319
-39.5746 -14.48965 15.19762
-8.627664 60.30132 -17.82117
-62.80754 66.19895 -19.36748
18.40162 79.80998 14.52518
-13.42998 65.95239 -24.16359
27.66451 -32.81493 8.602859
31.37587 -26.30924 23.22252
-0.7080715 82.21442 30.63378
19.74871 -34.38766 9.767331
20.25209 43.66887 26.06686
57.27201 80.48556 -20.79924
16.30087 -29.5176 8.223897
18.70552 85.36157 -20.42124
-25.97766 71.05548 19.1416
-5.837786 8.478507 28.95362
-14.14391 95.03756 -23.04503
-54.91235 51.91085 -18.18305
-42.37342 51.80871 -18.99576
45.10663 52.19097 -19.17033
50.58879 53.52386 -21.86287
-56.78522 53.2594 -21.08247
31.85458 -27.67765 8.748939
-0.7129361 6.85107 34.75366
-12.22569 13.16732 28.12687
-39.9165 67.89789 -20.12613
1.612306 59.42587 39.10154
47.61487 74.33051 -20.7002
-11.40221 78.85463 -19.39142
-6.066433 6.681676 20.2168
3.313214 83.52097 -18.32968
-6.076037 -3.022437 43.26511
-5.884728 1.413892 31.55722
-4.591783 -0.7203462 49.1236
12.36405 90.91528 -19.77037
-46.66681 49.65601 -19.71291
-39.55482 54.16474 -18.59831
-61.74732 57.86946 -18.63417
9.063751 63.01671 -17.61266
-13.8747 66.12312 -19.80135
15.26866 -40.22364 26.18634
24.05793 -40.69456 28.33148
12.54621 65.27087 -20.97174
-28.98209 12.92568 23.13567
-26.4352 15.40679 21.22818
60.26852 69.90378 -20.41168
45.63885 70.67503 -18.8382
-45.41484 70.71532 -17.14246
-58.85797 72.2825 -20.17745
-55.60642 71.59863 -19.50737
-14.56923 72.71779 -20.45618
12.38903 73.73029 -19.57571
18.73089 20.09317 20.97427
56.92101 77.57063 -18.85236
21.44434 -42.77596 12.05056
0.31373 11.01515 31.19158
-9.73158 88.89963 -19.03743
-19.48182 25.59096 21.85464
-42.85808 -16.90221 7.949875
41.49979 54.63089 -18.87246
42.58976 58.66183 -16.14529
23.96882 -38.70149 13.30069
5.999732 58.81293 -20.1446
-37.77093 62.34792 -18.23824
-42.49014 -14.54401 7.248206
-19.70102 32.99884 21.64641
16.14702 -11.98963 15.80718
57.62604 73.23495 -18.02724
-10.89378 14.75673 27.56026
54.45931 80.4485 -18.64967
-14.43557 83.24755 -19.52125
6.261013 83.72727 -15.23024
11.88788 81.49759 -16.00351
20.97367 42.35914 22.8756
-15.24387 91.90027 -20.68419
-46.52275 50.17397 -17.97225
23.13331 43.80802 20.81198
14.12345 -31.20327 11.68785
24.02889 51.0277 23.45308
-5.072999 22.50399 31.64176
61.71214 62.55424 -18.46712
-10.18541 64.97201 -20.7671
24.86196 56.45133 21.34494
43.0432 67.0251 -15.54752
-15.41744 69.27964 -18.93061
-59.54093 69.37359 -17.39926
13.71458 71.6951 -15.4479
-1.127955 84.55348 -19.34996
8.032752 85.56899 -17.2374
16.59505 90.49163 -19.33232
-27.43267 66.16129 20.83248
-5.863196 25.92853 31.8446
44.4926 50.56315 -17.30093
54.38424 53.07243 -16.75163
-58.24769 54.91333 -16.622
-25.63289 -14.81659 12.92063
45.24005 65.798 -18.71189
34.84462 -0.4919123 10.12146
-23.99585 -12.15514 12.50624
59.2685 72.32983 -16.95782
43.15648 72.64677 -17.95486
-26.93984 -9.635482 17.76256
11.50176 78.00626 -16.59116
49.27308 75.93678 -18.39467
53.70558 76.13343 -16.71019
-9.047684 28.0969 31.54664
-19.12114 -9.120874 12.74254
-0.9750655 85.67828 -16.08072
-49.10421 50.03691 -15.37422
49.38545 51.20388 -19.36875
-1.334698 54.24811 -17.73585
-37.15659 5.27666 16.72428
17.30528 -30.38426 27.42942
6.08492 59.41395 -17.15251
-10.26622 63.1007 -16.38174
-39.31085 65.77537 -17.04479
9.91856 65.56624 -20.01044
-36.42139 0.4672806 18.24753
-5.648599 -8.173827 57.35657
23.61803 -53.07955 22.38205
17.85095 -23.07526 25.04947
-11.07041 0.9820969 11.48992
29.33026 65.9173 9.122407
33.40034 4.142256 13.26127
11.25956 33.82921 30.94956
-56.20258 54.26164 -15.72823
-12.74834 19.08839 27.94009
-36.88925 9.036108 10.24104
-5.853428 57.14163 -18.07057
-13.47599 34.60154 30.94081
-59.95251 65.83138 -14.365
9.368288 64.18277 -15.48447
-14.13976 74.99377 -16.99402
7.971211 17.53164 28.55954
9.379638 85.04669 -16.13208
26.81213 15.82143 9.694625
57.06029 55.80711 -18.60596
21.68063 20.38743 12.68075
39.52959 56.27821 -17.343
-60.46829 56.68621 -15.01854
-37.8971 56.99959 -16.28091
-22.20942 23.80325 14.04709
-42.16426 69.0319 -16.88574
13.45161 68.94232 -17.0387
31.64993 -34.37909 21.56963
-4.833021 85.34724 -18.99207
-38.77918 -30.8592 20.57005
-45.12764 49.92499 -16.94579
-51.14861 50.20538 -18.14301
41.17066 51.10069 -15.14833
23.69524 -24.30447 26.92045
-39.68587 53.96992 -16.621
59.05333 58.01993 -17.35212
-11.1458 47.96766 36.79838
-13.17501 60.93702 -13.08952
43.51886 61.61541 -16.98207
-12.49363 66.34231 -16.84664
40.68814 69.26448 -15.35427
-15.45288 72.32802 -16.64591
-20.25424 50.85274 32.17544
-12.73753 86.98884 -18.02823
-3.454737 86.38084 -13.17428
34.04709 57.80101 13.61817
18.42054 55.45248 30.90742
57.37927 55.63855 -14.96704
-37.44421 -3.185418 16.08878
-29.45228 -19.6863 21.13015
-37.47148 59.66287 -15.5415
61.68012 67.71375 -16.66018
10.53793 67.3251 -15.89146
-25.99576 74.0925 12.85819
-47.87885 69.72935 -13.40345
32.60956 -20.09545 19.61626
-5.744424 -12.59452 56.67583
-43.86206 51.3086 -16.03863
50.43939 49.8331 -14.4969
-41.22503 51.88137 -15.81135
4.062937 56.69195 -17.57377
39.06488 54.22488 -14.57025
7.26473 58.1963 -15.07267
9.110432 48.39931 36.23403
62.97808 62.93408 -15.87309
-20.62527 3.897759 25.43302
-16.72929 64.62227 -14.32023
-55.22745 68.96816 -15.75182
-2.240494 -6.67661 56.08266
50.76059 76.35749 -15.30072
-12.91759 77.8164 -16.09599
2.227571 84.97232 -15.18639
9.062776 75.45535 32.50755
7.16947 82.39977 -11.86982
-7.146771 85.24204 -14.78005
-24.76129 73.47381 9.961362
-8.356824 45.76376 -15.33564
-48.58435 -53.80454 11.18673
-1.999402 66.46443 38.81022
7.564896 88.55796 6.346122
-39.77551 49.98388 -15.13295
39.60399 53.63407 8.659574
-47.88513 -53.21618 13.14774
-27.55858 -1.889865 22.91369
12.49852 -2.651659 19.70413
-16.5834 66.42948 -16.42998
12.86794 1.335948 22.76263
35.95806 -47.84984 13.3593
-2.679088 67.95528 37.96304
33.96168 -46.01208 12.54341
-12.74229 40.84894 -14.23745
-36.69076 58.94769 9.464277
10.60704 4.225351 22.86201
-3.814727 43.42613 -14.09876
-14.78022 48.21272 -15.21232
-6.623359 48.66147 -14.27888
-24.94498 -44.28284 15.18543
-14.57999 53.19024 -14.04632
30.90988 -44.98163 15.1256
-34.88489 53.44829 -13.9708
-4.428826 54.67402 -14.77044
11.36498 61.67288 -11.58544
-38.00641 62.91623 -14.95997
-16.4786 63.28278 -12.01129
41.03103 62.7833 -13.68099
-20.47394 64.84019 -14.20495
61.92622 66.59655 -13.36358
-56.32874 67.51351 -12.02458
15.95037 69.67114 -13.24128
-17.33732 70.01894 -13.70144
-51.85597 70.3183 -15.36775
59.59219 71.1988 -13.62978
-40.40486 -37.30718 13.15986
5.140917 40.0534 -13.8965
7.29852 43.0739 -14.74305
-14.1408 36.79815 28.54817
8.410665 47.56837 -14.59818
-3.868038 -0.9363858 30.95503
47.5807 49.88495 -16.27396
31.10804 0.6879532 18.7643
21.55383 75.29122 9.964132
-41.81198 -29.00218 14.27971
-3.761817 51.6757 -13.0056
-21.06333 20.76656 21.75383
-20.14792 7.46039 25.99127
-9.124426 57.9359 -14.53629
-41.96364 -22.12404 14.88319
-11.83631 66.20787 -14.77702
-41.46063 67.17173 -14.26039
7.312464 13.81466 26.94853
15.65116 67.72515 -14.6394
-19.72722 67.19246 -12.90284
21.54162 45.09117 25.12542
55.73893 75.19502 -14.90332
46.15364 75.41563 -16.12276
48.23324 74.99876 -12.22746
11.1925 78.24547 -14.97375
-20.93284 37.40571 16.83232
-9.637634 82.84252 -15.32327
11.82465 39.85106 -12.54283
1.68983 43.71721 -13.7005
4.818093 48.41257 -13.7623
-3.33892 45.52279 -13.78451
13.62895 46.00978 -13.31069
-16.78615 45.82409 -14.4102
33.45734 -53.80737 16.22174
47.43945 48.96887 -12.4929
8.485678 87.077 5.831093
1.759362 53.30179 -14.46638
-22.86579 7.986135 25.85551
6.002586 56.8444 -13.85348
59.89702 58.45564 -14.5878
-0.633204 24.5475 31.22337
9.049335 60.23607 -13.0353
-21.34879 60.91478 -13.616
25.51198 60.68583 21.9093
38.79061 65.36245 -13.2984
23.89385 65.3085 21.56216
11.81037 -6.917444 13.63189
32.17926 -6.556486 15.05392
-14.54506 -5.152521 12.62336
13.29042 74.45438 -14.73923
-21.99317 43.58524 26.0467
9.179938 80.70632 -12.73429
-9.541495 36.56802 -12.46499
-7.948366 38.80654 -13.89618
33.68758 -51.51623 8.047851
-16.21616 81.93999 21.64976
44.35734 49.23441 -14.33115
-43.07184 50.3756 -13.63952
-20.13715 51.26647 -13.14848
14.4341 81.54956 22.11956
-13.95361 83.33433 20.28955
0.9278576 48.97377 -12.5757
-52.6669 51.52127 -14.72796
-39.29467 4.395517 11.08899
6.959425 54.58706 -13.36588
34.14798 -54.08311 10.68675
-33.60002 57.46103 -13.50892
-3.762521 -4.612784 36.12325
3.684546 88.54215 18.23469
-11.70932 56.19981 -13.21408
38.50339 57.03332 -11.43014
3.093527 27.35225 31.78888
38.04206 60.11232 -14.86497
-32.58021 15.40312 14.16021
10.18955 67.62608 -13.05152
2.045826 -3.286493 36.00269
-15.30545 74.34712 -12.88071
33.81996 -49.14985 9.132745
20.06866 -47.12548 6.138216
18.77535 24.76656 13.89462
2.873645 37.72171 -12.01384
-23.1437 -47.41947 21.94678
-20.20946 29.68909 11.69982
0.4086372 45.12053 -12.40105
-1.205384 46.27587 -11.90624
13.28961 8.267316 25.77925
21.82783 39.88953 12.66976
-25.82412 -44.08254 21.24028
-46.2399 -44.6686 8.333708
-24.93288 41.71893 11.23408
-16.27112 50.39081 -14.40545
-27.99166 47.96195 14.08216
40.92742 51.73632 -13.22269
-7.364278 53.73899 -13.62299
8.815059 27.35347 31.53284
-22.83044 56.09221 -11.87281
19.5619 76.18753 8.235197
31.75651 55.78068 14.85318
-29.39506 60.53055 13.45975
-11.63689 79.24305 -13.04178
-10.33705 80.62022 -15.10535
-7.069117 84.27441 -12.27694
9.872602 55.31084 37.32973
-26.90499 -32.65714 22.07571
-29.72953 63.58507 11.74167
16.67348 43.95532 -11.43061
31.20562 -29.91212 23.73439
2.960273 49.98126 -11.95786
43.9187 50.00649 -12.66207
13.31821 -31.70547 22.15395
9.04618 32.18357 31.0903
-33.42179 -40.6308 8.111126
10.19251 52.71961 -12.88062
53.32904 51.37623 -11.01585
1.740524 31.11955 31.65744
9.454858 54.74126 -11.46145
-27.70136 -26.94974 22.12176
-55.05898 58.49859 -11.24946
-58.39634 61.91206 -11.73426
-17.54403 57.54741 -12.92391
12.76131 85.32502 14.36777
-19.18175 60.82181 -12.06773
-39.95912 -34.31662 9.412027
-33.31633 -52.62213 19.61093
41.97739 69.77365 -11.64801
-2.691793 48.86253 38.69542
43.9766 72.35241 -12.56884
36.02424 -53.09232 13.19761
-35.07547 -20.39622 22.71031
25.60843 -15.94282 19.88934
0.9352911 41.54436 -11.94355
0.6449178 47.61974 -12.02385
-38.096 48.67656 -11.41075
-35.73495 49.53257 -12.80974
36.4936 -51.19083 14.08962
-54.05616 54.93378 -11.9893
25.90371 -2.894419 22.1198
-14.97652 55.65756 -12.11668
56.25786 54.02585 -11.94817
-16.58895 -1.509568 22.10485
-17.5894 42.63492 32.30486
-1.699351 -0.2528587 47.96977
-33.5353 60.23751 -11.87519
29.36068 -29.15599 7.335163
18.49361 23.85782 19.07154
-23.64671 62.7074 -12.0136
62.10055 60.58945 -10.93973
-38.01131 64.73463 -12.37681
17.96042 64.97547 -12.49564
-15.16074 0.8773729 22.36082
58.25849 71.53079 -7.915926
-19.19969 69.78266 -11.09351
-18.00334 71.3741 -10.64332
56.29902 72.90549 -10.24648
-23.2845 -37.95341 11.96016
11.597 77.77843 -10.81975
-28.17045 -16.21182 18.83341
-1.968034 41.33161 -11.45784
-1.876737 53.94778 39.29089
5.050093 6.91961 23.76245
-21.23355 45.91724 -11.44088
32.86383 -23.98154 8.247417
15.96533 -22.43428 8.012919
36.91095 54.01192 -9.732163
-49.10854 51.41657 -12.5412
17.6335 53.49537 32.35602
-29.78164 53.51839 -11.02642
-9.008091 53.466 -11.66479
-20.8138 55.67881 -11.30859
14.12805 53.88542 -12.18303
24.19964 7.151751 24.44104
12.56217 58.02552 -12.19637
-43.02996 -20.44937 8.082943
-31.7495 11.58541 21.62285
11.98989 66.61242 -10.89433
-22.66734 66.54531 -10.36786
-52.17677 67.78307 -11.47791
-19.53124 63.89427 32.59273
16.66586 -18.19644 10.47852
18.4735 68.26139 -10.83152
20.15983 14.25056 21.54682
-42.15627 -18.33259 12.00649
1.769476 85.08225 -12.44646
19.01475 48.54693 -10.7098
-5.411369 51.23595 -11.41002
39.51554 48.38004 -9.479476
-18.3085 55.72203 -11.26292
-17.36367 16.99622 25.71974
14.72655 58.52981 -11.62466
-33.22236 61.91916 -12.64608
-41.77581 -24.31738 9.614236
62.58694 64.11962 -9.363099
13.64191 18.17894 25.66653
-53.51154 63.60779 -10.50912
-19.32074 71.82982 29.24188
15.50854 72.17105 -10.73309
10.67015 77.24121 31.82224
4.565735 84.30867 -11.59801
18.35092 73.4164 28.038
-15.13264 38.62915 -12.02645
10.51779 34.70138 -9.795939
24.17795 53.45817 23.65148
-20.81861 32.74067 17.50937
-3.475107 7.029018 16.3163
47.70893 50.12899 -9.609373
-13.88007 -2.296496 10.74859
30.74598 12.13464 12.67821
23.91723 68.89967 22.64475
-31.05299 16.37387 12.32854
20.56125 65.00936 -9.935994
-39.0266 66.15366 -10.09006
-41.24785 65.25146 -12.46411
-46.63394 68.07255 -11.28254
20.38672 77.41636 19.66534
51.85412 74.66626 -11.02424
-12.93132 78.45783 -12.37917
6.368072 2.773222 9.421708
1.752514 37.285 -9.529769
-4.13241 37.84816 -11.24667
19.31851 29.65255 13.19675
-8.351687 4.244354 8.800838
17.68297 71.29987 28.60923
-6.294966 0.8274512 34.43085
49.70527 50.12349 -9.75897
-3.736069 6.019113 10.45965
16.2682 52.26283 -11.87197
-16.63143 76.18449 27.64854
24.31548 48.41754 17.08124
20.0514 58.81873 -9.388907
-3.056395 10.47892 31.63802
20.25874 -44.66933 29.13927
27.55904 47.62181 12.22778
-33.3226 63.79271 -10.5879
0.292642 87.51307 22.1154
0.2449732 -5.102591 43.79892
-1.559761 36.57574 -9.906718
-16.45013 36.88472 -8.703298
-24.07272 48.54472 -8.13208
31.06786 62.26513 11.93996
-30.15865 48.46852 -8.503511
-23.56405 52.09882 -9.698201
0.1048081 26.55287 32.64661
-29.10738 65.8737 13.82332
-28.80208 69.0289 13.53841
25.56974 68.619 13.57295
-10.54086 83.49711 26.19521
-51.26551 60.76036 -8.842591
-28.21748 61.56347 -8.508858
-25.24807 73.55528 14.34524
-3.9962 28.30442 31.81453
-42.99969 65.82754 -10.53776
19.73792 9.30932 25.03252
29.46385 -40.98302 21.22624
-34.30877 -39.46842 21.98101
-0.1233135 28.99359 31.7915
-26.98993 46.69278 19.44511
-17.47341 81.87549 15.04737
3.122478 30.99104 33.17631
0.1760387 36.92481 -10.03491
-34.06208 -37.87138 23.08367
16.82678 40.27433 -8.433412
30.2545 -38.42274 23.50339
-39.65741 48.10883 -10.91532
-28.18005 -37.47594 22.89613
40.52711 47.50434 -7.478166
36.71285 47.76938 -8.464005
-26.98723 54.74761 -9.399328
37.70366 59.76789 -9.570739
14.16346 64.35112 -9.467517
5.683235 74.10795 35.81457
-36.30793 -30.33271 22.30556
10.0102 79.6345 -9.656495
1.387862 31.07642 -9.370152
35.12451 -49.96201 16.17211
5.55219 34.50636 -7.77827
-10.72363 33.66949 -9.087845
-5.735635 35.85308 -8.044076
14.55366 -27.51538 23.7932
-3.27219 37.73801 -9.439072
-19.00746 39.4153 -8.9181
-23.01662 42.06852 -5.262771
-33.64287 47.55545 -8.689403
4.956305 36.06716 32.06951
37.8781 47.1305 -8.918326
-28.71388 55.12437 17.86815
-33.032 51.04983 -11.25759
-32.33396 -21.09305 22.22414
-37.30282 -25.41078 21.94988
0.2510455 37.02132 32.65563
13.63216 -25.03213 21.01432
26.96527 -43.48456 13.68944
59.23262 56.22727 -10.64467
15.14804 57.2936 -10.28662
-14.27381 56.57387 37.28352
18.15033 57.13883 -7.99937
-11.37069 24.50918 30.36961
21.63339 59.68983 -9.942205
-28.338 58.50335 -9.06343
-24.30653 57.71802 -10.377
38.81764 61.44421 -9.691585
8.293404 35.97147 32.06113
25.01192 53.91859 18.49041
39.58251 62.92463 -5.918466
-26.21638 61.86934 -8.822508
39.78143 65.56666 -10.71542
-22.81335 -40.34641 16.37605
-22.93991 68.59889 -8.206267
44.31291 69.33572 -7.39455
12.7232 76.25734 -11.34398
-10.33888 81.07862 -10.81346
-8.515415 38.15192 31.9232
-0.1186201 86.17955 -8.992244
-1.466907 29.34391 -9.287342
24.79941 -20.05763 25.22078
20.37078 -16.11447 20.29745
-13.77537 40.50251 32.1969
-18.33674 41.22967 -11.20156
-29.66509 62.10469 19.93855
0.005912892 52.5669 38.21539
-44.92522 48.01535 -8.967429
46.28388 49.15507 -8.557413
34.90281 59.25187 -8.422769
32.05739 -27.2352 13.2653
-10.67522 87.87808 11.00525
-45.15411 65.13782 -7.891996
42.25929 66.03362 -6.516341
-29.15164 62.65708 17.26345
49.28595 73.27443 -9.374414
-15.76472 74.90866 -10.19287
-4.846552 73.37516 36.54377
-28.96484 53.31739 16.34605
32.56409 -22.49766 13.41244
34.81992 62.05285 10.58196
-5.178523 86.04312 -9.080306
2.657065 84.94128 -8.331612
-31.71974 1.339017 22.63977
-43.32745 -53.92135 -9.719735
-7.00465 29.47514 -8.205722
-11.23587 4.146107 21.86343
-47.2037 50.59207 -7.905734
52.20411 52.11884 -7.651712
54.1014 53.97525 -6.360003
55.75933 53.78995 -9.39345
-51.2397 55.86484 -9.230765
24.06032 -48.83066 27.61582
25.69674 4.403957 23.63591
58.77496 56.76095 -6.807816
-6.118787 -2.621005 50.20057
-37.20006 -8.738373 13.79577
-44.11774 66.30455 -6.792048
-38.76532 66.27017 -5.708246
-7.867104 8.026344 22.28402
6.362939 56.30417 38.78166
50.95755 70.93439 -7.286657
23.83423 70.32719 17.70122
-15.11172 77.24911 -7.009126
28.72209 10.30241 19.99506
-21.51269 78.78705 11.51164
-8.051569 86.73573 -8.498498
26.6491 -24.49721 26.88457
-39.26598 47.42317 -5.519511
-27.2259 49.86285 -7.656729
32.00345 53.01134 -8.231887
16.60831 21.82314 22.7136
-48.41602 64.20019 -8.244036
-11.45664 87.98436 8.888266
-35.54736 65.43242 -8.878142
-34.43976 13.11241 15.09223
13.11168 75.25405 -7.270551
4.738958 84.29007 -8.072577
4.232001 87.87742 -6.983986
-1.581366 90.77627 10.29054
-5.984588 89.31499 -7.558303
11.50985 73.98028 33.04245
-43.25522 -51.84472 -9.232097
-30.34158 62.03783 15.46277
4.875389 29.21429 -7.927196
-8.872985 33.42964 -6.549316
30.9545 -53.81516 9.52108
-7.275855 8.55837 25.61059
-10.79393 56.98263 38.18986
40.11199 -53.53387 5.437734
22.68964 52.13219 27.18849
18.40565 35.14205 15.24913
20.69788 56.6072 -7.839774
-4.634848 -3.820592 55.29872
35.91659 57.42393 -8.411706
7.231376 77.97228 32.91411
-25.43665 64.9659 -8.712098
-27.75406 55.57594 22.20552
-2.80546 -6.435007 48.6391
4.937464 78.66741 33.17568
-12.81408 78.74701 -7.662143
8.899951 80.96329 -7.523021
-4.523286 88.92004 -7.611892
1.805541 89.49335 -7.366777
-42.02659 -49.92057 -6.636275
-0.8168562 27.41619 -7.023799
-8.53691 29.88741 -7.127094
-49.97183 -52.65151 9.879192
-29.53208 55.79279 13.67284
28.69468 57.75867 15.51158
-27.67611 48.06424 -5.590029
-50.34675 -49.04292 9.513694
21.73783 50.72621 -6.637077
51.01604 51.54171 -6.358137
11.23501 83.40956 22.17391
26.92897 64.24217 15.17871
39.66905 -50.04023 6.269561
22.89882 55.92663 -7.077134
31.26522 59.66835 -7.051793
-4.62645 5.590066 34.10164
36.79127 61.4804 -4.899551
-25.14838 56.19454 25.56696
58.84686 64.95276 -4.945003
2.573294 3.172998 35.60559
5.472854 87.83632 18.28214
20.13509 67.7897 -7.045813
-13.71116 81.90035 -7.053243
-9.785872 82.36703 -8.175527
-12.60355 84.25345 -7.640628
-24.67694 -53.8269 20.74987
5.622447 87.5886 -7.457503
-2.291576 89.61626 -7.911733
-25.80302 62.54635 25.92008
9.739705 31.84452 -4.13054
-14.22706 86.47288 13.80911
-13.04247 33.05838 -5.885287
12.6383 -50.28815 22.69385
-31.08144 -43.69526 8.683408
-6.050996 -4.370661 48.27515
32.56551 47.35953 -7.329611
-43.51275 49.31174 -3.381703
30.41597 48.99971 -5.820252
1.487073 89.68294 14.83938
26.8615 53.39972 -6.259085
29.16976 -45.87894 21.9155
-36.31908 -52.66682 15.60007
24.35986 -44.38984 8.766745
27.34226 -44.12634 8.847678
16.84855 -53.31829 15.04666
16.50927 70.99653 -7.284566
-17.97294 78.46002 -5.464294
12.52503 81.82147 -6.397898
-28.83549 -40.45999 22.67323
25.71266 -31.47497 28.29265
-9.134849 87.91652 -6.742328
-51.31189 -53.76524 -6.220203
-52.23908 -53.15686 -6.253008
-43.5463 -52.24351 -5.592876
6.831775 33.45263 33.36796
22.61538 66.10198 25.89005
1.876204 24.0169 -6.605975
4.168178 27.48536 -6.275629
0.06502479 -4.779264 38.25435
-24.46035 44.81426 -2.823043
-36.60344 46.81637 -7.327865
35.45725 46.50424 -6.908151
39.75602 45.95729 -5.090592
-34.43625 -35.37321 22.7849
29.30858 57.97715 -5.430028
-47.51142 61.58282 -5.265256
23.39319 -41.34103 13.91137
-28.97704 63.59166 -6.923641
-33.25406 -31.20189 23.08957
6.080458 35.51185 33.67513
46.96986 70.95679 -7.750445
11.28961 79.21509 -6.460255
9.194146 85.20618 -6.935561
-5.102457 35.44916 34.25383
25.21279 -34.93753 10.18068
26.87234 -38.28187 13.60945
-41.24614 -53.44319 -4.900916
27.4488 -52.89419 -6.274261
-0.7255079 20.45803 -6.243421
0.7126331 22.97455 -5.843093
-22.09609 -34.91911 14.02632
-7.753143 27.91289 -5.942426
14.60896 -37.29037 16.20591
3.643689 37.23744 32.24026
-0.3888003 58.49353 38.37193
26.13693 57.00121 -6.485304
-28.20614 66.08745 -3.618088
-30.8141 -26.09503 22.94687
-25.82597 68.87308 -4.830552
-22.08996 -21.83224 15.41906
21.06968 -26.33124 27.27718
-19.06232 11.99238 25.66706
-27.28217 71.70323 15.76138
14.97475 40.87439 30.78274
12.19341 76.74961 -6.484839
-33.94275 -26.67568 23.16935
13.79388 81.30014 -4.789145
8.725396 41.30784 33.78404
-11.22018 86.82318 -5.929127
-41.05972 -51.86601 -8.516424
-51.6721 -50.89266 -5.514913
3.406128 19.36053 -5.029046
-17.1176 44.4 31.96429
-7.595478 24.25408 -5.609875
-2.11786 1.878905 42.19227
32.39505 -15.63602 12.32215
8.566674 29.87121 -5.434696
13.13858 33.20045 -6.0741
-27.58211 -14.32517 15.84028
24.73628 71.31131 15.99141
28.16712 -18.51795 23.07075
22.08336 46.1217 -4.037021
26.23457 47.81823 -4.322912
-48.79278 56.08778 -4.755022
-18.98896 51.0469 32.90803
-20.42783 -25.33473 8.952036
14.51262 49.28695 33.52718
-22.93044 -3.068648 23.06638
-21.68169 -10.58033 14.3643
-26.78112 68.20422 -3.019045
-19.18647 -9.399088 14.09531
16.17251 79.27999 -4.657532
9.697438 85.55624 -5.616702
-10.43699 86.11264 -3.77212
-38.96765 -4.009851 13.73805
-0.8488772 89.93105 -5.056871
-48.73756 -51.931 -5.385828
28.35409 -50.69391 -5.65813
25.59872 -52.06053 -3.1621
16.72595 -9.167006 18.8414
33.50043 -53.57745 17.78856
-22.33354 -17.83149 8.728308
-39.47587 -0.9058409 12.8055
-21.88318 39.89302 -3.102832
28.01051 -0.1798765 21.32374
-31.30013 46.07396 -3.603333
-47.11027 63.6662 -2.927532
31.77538 5.23563 16.80447
-32.98255 65.49899 -6.564707
-38.70408 3.038288 13.68854
-20.62075 72.0543 -4.791777
-1.345796 -3.399986 53.35912
-36.4355 -50.10708 21.92675
-8.159695 88.18958 -4.336372
17.62226 65.8997 32.09398
-4.978128 89.59129 -5.593676
-1.827684 16.1517 -5.000499
-6.646629 18.11214 -2.922757
-1.185337 18.12527 -4.755324
-6.720165 20.37407 -4.768622
-6.650628 22.6171 -4.669101
6.039661 25.61321 -4.822087
8.71464 28.36138 -2.962027
19.40969 21.82021 17.91796
-37.29526 46.52505 -3.644931
56.3143 57.21005 -4.423841
-48.92131 59.33336 -2.020932
57.11411 59.03827 -4.266055
35.23064 -3.500924 8.194588
55.74963 70.40298 -5.817071
19.048 69.67148 -1.642398
-26.68105 42.68061 16.98456
-16.20979 81.58359 -5.584864
8.557258 86.93074 -5.786626
4.79587 88.64442 -4.838102
-0.4863024 15.1847 29.7884
-42.58016 -52.06884 -2.20022
29.16988 -52.55936 -5.00289
29.84105 52.01149 14.95475
-3.595097 84.95626 26.54494
4.543999 21.91088 -4.087706
49.06514 54.33039 -3.624482
34.36248 62.34161 -3.812351
43.8018 64.98001 -3.985742
49.66367 66.02698 -3.584092
13.97426 75.13667 -5.424101
23.88521 72.17096 14.05992
22.83947 75.06715 15.66125
-40.23298 -48.66969 -5.52882
-3.951398 13.77943 -3.432668
1.593231 13.76832 -3.063368
0.01932125 48.55108 35.45654
-27.56176 54.35029 23.67955
-11.85865 32.36154 -4.108133
-18.78291 36.0676 -3.303304
32.93928 7.921871 11.35725
24.28046 64.61009 23.36285
29.20887 46.8985 -5.406955
25.83431 45.58608 -0.2472185
-11.08171 87.37984 14.96391
-7.638124 61.7323 38.8012
53.17837 57.71169 -2.54229
27.79766 61.06184 -4.662997
41.84005 63.94447 -3.056634
52.98845 69.00026 -6.128756
21.54705 68.91856 -0.09969774
-22.58656 74.15077 -3.746872
16.95973 77.42794 -4.219202
-22.49723 74.9234 -4.225161
-42.19506 -53.58024 16.04349
12.21449 -50.96844 26.56681
-12.23459 86.02364 -1.712963
8.45408 86.0869 -3.128334
-5.611852 89.25328 -2.589282
36.01247 -54.11194 -3.272878
-26.4403 -53.51306 15.32584
-11.87694 58.27974 36.8763
-0.9391784 11.58818 -3.740699
-6.762321 14.74097 -2.062835
-25.16129 16.9081 6.961126
-6.462855 15.76539 -3.49837
7.758009 85.84125 22.85038
-47.4282 -49.36202 13.96008
7.02031 27.6081 -2.672395
16.97411 35.32867 -1.933052
3.572722 86.29344 24.34373
-20.38052 37.87916 -2.636646
31.11924 45.00954 -2.465668
-24.87267 50.4358 25.54787
42.94562 47.75534 -1.766174
-47.49971 49.4096 -5.269253
20.02261 22.807 9.498291
51.64044 55.77619 -3.896281
46.54905 66.44391 -3.451127
57.46429 68.3232 -4.178882
-20.5192 26.96217 7.768081
-23.53478 71.02887 -2.987533
13.55552 80.64732 -2.902494
10.08187 84.48064 -2.621768
-9.331806 88.38889 -2.802942
-2.067544 33.04758 32.40027
-42.86513 -51.29667 0.2684167
27.88792 -47.03874 23.98688
27.39954 -41.61243 16.16165
-18.77692 20.94667 24.70467
28.3273 -6.218505 -2.609854
25.41737 -45.84421 26.83117
19.31178 36.00558 8.463581
24.21034 -1.641218 -2.727611
-33.76666 -4.165565 -2.585737
16.5791 -37.31387 13.60743
1.204879 9.997733 -1.458707
2.887652 16.35426 -3.475474
28.84955 -37.08536 14.32977
-8.971147 28.15345 -3.562166
20.00133 37.23111 12.79925
-22.58942 -33.82259 17.17044
15.21671 33.80691 -0.237253
-29.72898 -43.83524 23.16285
32.07463 -48.35725 18.10503
-20.24837 35.32669 -1.096769
11.6077 -25.98366 13.6318
48.6581 50.99931 -6.623709
55.24093 65.32039 -2.110878
-31.77533 -35.08957 22.98701
-0.6554564 -6.404837 50.36464
3.405459 87.99972 -3.086072
-51.08751 -52.92375 -1.830934
-29.77144 -32.80016 23.042
-48.84924 -47.6074 -1.344067
-40.55175 -10.78041 -2.428035
28.53239 -10.3945 -1.02235
-30.4974 -8.113399 -1.714065
1.355021 56.18296 39.55931
-26.65606 -3.259754 -1.972259
-29.72585 -4.1307 -2.280651
20.68063 -4.460065 -2.28482
-24.57647 -1.297489 -1.9272
-29.01695 1.035577 -2.385482
26.07081 -0.4905162 -2.448675
23.88528 1.928691 -2.418787
37.0004 48.21103 9.429079
19.42447 1.240888 -2.03791
-31.68036 -0.9634452 -2.687743
-5.954428 11.55098 -2.571949
38.21456 49.37194 8.078566
-14.82244 31.91943 -1.394853
-36.72238 53.79554 9.891008
19.19068 39.48313 -3.727601
38.01028 45.30021 0.3048234
42.71596 45.94152 0.7425367
13.28947 -9.726848 13.92241
7.941354 11.09011 26.99461
-49.20054 54.17531 -2.460371
50.66323 58.08273 -2.815304
24.10709 64.49528 -3.910443
-30.46144 65.89421 -2.186752
20.29518 72.44421 -2.407869
-25.25367 73.76976 -2.50225
-35.40485 -6.304217 16.69452
-15.17118 80.99144 -3.166328
9.552572 -2.914613 14.17888
-2.035698 89.21141 -3.676154
-6.686985 88.73432 17.64181
-40.31583 -48.772 -0.3175866
-4.776916 88.73872 17.53235
7.969961 0.5909981 15.63594
-33.95133 -7.130651 -2.02385
-27.08174 -5.505414 -1.54703
22.16883 -7.486447 -1.641925
-36.61871 -7.950281 -3.409179
-37.32585 -3.571492 -0.9346015
11.67079 22.84777 28.11759
-21.52825 2.57989 -1.432737
28.18756 2.235934 -1.043254
-33.87052 3.895294 -1.143992
22.77113 -3.779552 22.89844
-17.34178 -7.558349 10.46776
-30.70696 4.285432 -1.985749
-7.478931 2.568964 15.21441
26.62417 -10.29458 18.65971
-1.686929 7.670993 13.89331
-20.1422 56.88089 32.4731
4.204656 16.20523 -1.664249
19.29764 -3.471495 22.66989
5.4828 21.63214 -2.299853
-7.926774 22.08583 -2.398523
-11.68058 23.64008 -1.752815
8.078668 22.88876 -1.358872
13.35895 28.03926 2.240582
-9.487358 29.03252 -4.896584
-16.97535 35.09077 -1.439011
-46.09611 52.19628 -1.695719
48.7154 60.08041 -1.536277
50.57297 63.10789 -1.224963
16.44743 -1.354743 23.31053
-29.0732 16.90996 16.81425
31.90954 63.0998 -2.45512
-21.21446 76.92962 8.330512
5.637347 88.26837 -1.605319
2.274575 89.41564 -1.921239
-36.44465 -52.99826 -0.3329192
17.94015 80.51355 11.1996
-19.84723 34.09579 16.54895
16.22313 69.28837 32.0205
30.60231 -9.603179 -0.3355732
28.18916 -11.707 -1.01911
-34.23534 -11.85901 -1.330162
23.88405 -9.789475 -1.623483
31.44695 -6.310991 -0.6950232
-23.57396 41.33604 17.31744
28.44502 -3.870899 -2.24219
-15.70631 72.95192 31.25176
30.56872 -1.951731 -0.7288928
24.67511 5.482381 -1.519066
20.76618 7.042946 -1.043043
-9.744262 75.93217 32.87254
-25.71775 5.371169 -1.755225
-0.6286856 7.918332 -1.20776
20.2933 12.11093 22.2
-26.59122 46.61716 -2.711135
53.51747 59.94973 -1.723557
47.49933 63.0545 -2.092265
35.27197 63.40649 0.3926161
-34.41929 66.41111 -2.887599
-26.83674 68.93849 -0.2982564
-26.33579 71.85423 -1.431681
-19.97139 76.20233 -1.537419
-0.05054135 67.28523 37.59926
14.15796 81.60674 0.5092535
-14.1562 82.9431 -4.160615
9.183496 86.33743 -2.013579
40.88805 -53.53214 6.83411
-17.26158 22.40192 24.39788
4.338389 88.56943 2.482969
-3.370518 89.84161 1.455418
-39.84215 -53.85458 1.769368
17.50292 29.11462 19.38729
-35.66722 -50.32166 -1.452172
21.88342 -49.84932 2.545045
-46.61776 -47.86303 -1.913139
30.37151 -15.308 -2.003462
-38.37289 -13.08564 -2.350261
0.1443205 -2.338144 32.59816
10.37784 85.75027 15.54978
22.41293 39.75325 21.57075
-35.72184 -0.1765241 -1.960335
27.81063 4.803757 0.2114259
-7.53041 84.09831 27.2295
16.92056 7.518569 -0.6012659
-20.62465 5.222424 -0.828273
-29.3515 8.220703 -0.3747956
-9.702311 17.34075 -1.16777
34.82912 44.77267 1.192192
35.29852 45.09845 -3.55723
-45.59877 56.16924 0.3205082
-1.773252 28.7268 33.27751
-44.56208 61.75198 -0.5327391
38.67375 62.46889 -0.8223878
-41.82336 65.03808 -2.485024
20.21637 74.35354 -1.245966
15.76712 78.28924 -1.980527
-19.54419 77.43072 -1.881587
14.4513 79.21807 2.224079
21.32275 71.20973 23.63187
-14.92734 81.67921 1.942185
-6.556445 32.4405 32.54165
-9.850955 88.17713 2.075503
-3.747965 88.52125 -3.417611
11.17262 36.44936 28.35037
-38.53699 -47.24296 -1.101186
24.98085 -48.39658 -1.330257
-36.69475 -17.82869 -0.7807322
-31.81722 -17.32633 -0.9489475
-2.708988 2.445782 27.76613
-37.82588 -15.75309 0.05302222
-42.63535 -10.55237 0.3928609
-26.02633 -7.763478 -0.5421437
19.03487 -40.84437 15.04953
-8.722547 84.30809 24.33667
29.5352 -39.603 17.3488
-40.05119 -39.34153 14.65229
-33.65661 1.766461 -2.090267
30.16207 -34.85528 15.204
-33.06223 6.446004 -0.04170885
-23.2867 6.655192 -1.532448
-4.820653 10.11451 -1.170147
8.637077 13.8441 -0.7356431
3.723692 11.75667 0.4761684
31.22065 -30.66313 14.56055
10.89856 17.82346 -0.7843607
17.80633 37.78358 -3.012169
9.682891 57.41817 36.57311
-23.22488 40.13941 -1.155824
-41.56431 48.69291 -0.8313814
44.80081 51.22292 1.445645
-5.165034 37.68577 33.05061
-21.32509 -29.14 14.18724
45.26321 60.63054 -0.2618133
-36.54252 66.20306 0.3267457
-8.640048 41.34642 34.76434
13.65125 -45.41421 22.87051
-17.34798 57.46566 35.05042
-17.79348 77.80587 0.6344472
3.129314 89.58197 3.736723
37.2302 -53.75224 -2.084731
-9.196825 8.851924 26.41041
-34.03826 -19.20678 -0.5637363
-32.60307 -15.46987 -0.2202141
-41.45231 -13.93856 0.50672
20.79397 -12.01139 0.1411735
-40.52119 -5.680206 -1.575652
-27.26512 -11.48149 15.5045
-12.48825 44.34216 35.31034
16.71092 -1.199432 -0.8864517
-17.58925 3.730459 0.4798321
13.85079 2.715997 -0.1234605
14.19131 -8.588194 16.31729
-27.67903 10.28062 -0.1663164
-24.51241 10.03526 -0.4263758
20.5173 10.62979 -0.06732555
9.753617 9.631029 -0.1299132
12.7933 -5.869261 17.54383
-15.39321 17.73171 0.5905026
-14.61221 19.89787 -0.2460041
8.271819 26.72591 -1.070017
13.88953 -25.70376 9.245114
21.00487 42.12513 -4.90335
-43.83603 58.75893 1.607419
44.60667 62.52605 -1.007188
28.39102 64.22298 -0.09988832
22.96658 66.97647 -3.007538
21.14194 71.66308 -0.7991805
-25.81012 72.27089 0.3807062
19.16893 73.86939 0.2456507
22.65286 -53.2934 3.164796
17.77887 57.58358 33.19617
34.86871 -50.95288 -2.424839
27.09043 -48.71969 -0.9967353
24.12217 1.155843 23.96563
4.636553 10.16292 26.70993
-37.79203 -18.15476 0.2044579
30.71983 -18.89669 -0.2262146
22.85725 -13.52102 0.002404595
13.1078 59.50602 36.74391
-27.35606 -9.341994 0.463375
32.54979 -12.01538 -0.4566768
-23.33634 -6.049103 -0.06777114
-20.76168 -3.801524 0.5085793
21.72661 18.30776 14.31384
-41.40106 -14.10482 10.99556
-38.10314 2.445091 1.225269
-6.45481 13.89877 28.92993
-4.919674 6.996616 0.05536836
-6.489209 8.692603 1.709738
13.75828 5.603385 24.3277
18.19086 27.4404 14.65873
24.27152 8.624535 0.6691949
8.553022 6.723194 24.96471
-5.203778 5.868408 25.45391
16.39922 70.86014 30.60783
-7.871349 12.23686 -0.1601253
14.5258 16.76299 0.186302
-10.5147 69.52689 35.1956
10.86324 22.87375 0.9865481
23.31801 40.29047 17.3511
-13.62107 28.74697 -0.05328789
20.36998 39.89673 1.697619
43.1251 63.13029 -0.2121434
-6.377453 -6.99636 52.92816
22.20801 71.83941 2.258101
18.40384 75.53541 1.29763
-17.01975 80.52122 -1.1004
6.470203 75.77989 33.3663
27.00525 -52.29352 0.1314496
-33.10105 -52.32898 1.252649
-34.82717 -49.01003 -1.145191
36.17907 -50.27048 -0.8930526
27.95551 -51.13359 1.18855
33.48752 -48.07166 1.524368
25.1357 62.24524 19.33003
-31.01874 -19.12327 0.3517982
26.18659 -15.95648 -0.2945077
-40.80867 -3.280236 9.279164
-20.78956 16.48522 24.56469
15.64043 17.84936 24.56572
33.57386 -5.863525 1.783787
-41.14708 -7.100445 3.584322
9.818271 -1.895109 8.471973
14.13733 21.9453 23.74881
-18.30684 -1.552166 1.289808
12.04048 4.740111 0.3977113
-15.78501 6.66583 1.012868
14.44618 9.026264 0.6340077
1.816687 8.502304 2.359088
-16.01615 10.54982 0.7347801
16.94094 31.83338 22.90983
-17.54693 14.63343 0.4886245
-19.65476 10.93871 0.5032277
-13.12192 15.81292 -0.06338765
-25.75479 55.21659 24.85808
-14.30004 85.23357 15.32591
3.257342 0.5053364 34.76735
16.6199 38.3121 23.63012
-6.619765 89.23058 15.43498
15.62047 31.76159 3.050929
-20.95058 37.35924 -0.6316348
-25.75454 43.32388 3.886842
0.9602894 88.82017 16.10509
-34.03982 45.63511 0.8337546
47.85428 58.03937 -1.225242
-38.76427 5.273971 8.49543
-28.45465 70.46925 1.767546
23.46555 71.59727 0.207172
-23.27844 74.99239 -0.4547615
-49.51733 -52.37611 1.733777
30.93078 10.38546 10.46349
24.47337 59.06526 24.78324
-26.79201 -20.01408 1.164237
-42.5324 -48.05178 16.26301
34.65555 -14.80912 2.8807
-28.4594 -12.34516 1.206472
22.80826 66.24202 23.52971
-39.46121 -3.993019 1.091683
-23.3823 -6.249747 1.692283
34.04088 -47.50207 15.91954
-39.39867 -0.6263201 1.706972
-16.48888 0.5873123 1.470902
-30.95593 -7.015014 18.72895
-11.15548 10.85974 0.9464877
-24.01657 21.67819 8.94831
-25.04205 11.28122 0.5094014
16.78937 12.67237 0.8445405
17.48896 35.67736 0.8744167
-22.80998 -37.26347 16.56146
23.25128 56.94723 25.75389
30.85483 44.66645 1.649907
-39.89694 47.56417 0.7682615
-41.19973 -32.70727 16.21189
29.75948 65.23799 4.263609
-3.654481 -7.895942 52.61222
30.853 -51.22282 0.1482568
-41.95328 -49.40135 1.057108
32.90296 -26.25831 15.12945
-28.94857 -23.74681 1.213153
-11.71012 61.33018 37.04724
-31.9765 -22.32781 1.366066
-38.82847 -23.44385 2.240449
-36.56739 -22.62299 0.8133138
-22.9902 -25.67202 18.05299
-32.89973 -49.91099 24.62526
33.42581 -18.72184 2.823482
-30.10852 -15.9637 0.7133979
17.95585 -11.61448 2.340383
33.68102 -11.25283 2.47724
19.07317 -9.9136 0.1829327
32.95568 -10.14894 3.78919
11.13472 42.70158 33.36349
16.78469 -6.084579 0.3244485
-35.07289 -47.78476 22.91211
10.34378 47.38838 35.05404
-12.3883 66.16062 36.27401
11.76192 18.58803 25.64427
-16.53817 46.07838 34.12672
-36.06003 4.969501 0.8409858
-1.744702 4.748322 2.782386
-10.49599 7.941 2.5171
-30.68726 9.102435 1.225679
14.26496 45.28242 32.31515
-38.05164 -12.50844 13.76708
14.77853 -43.81856 24.5939
28.43924 -39.77217 24.93948
-14.36933 23.77368 0.9096182
-18.42778 33.69453 3.379575
22.57169 43.73329 0.3646797
-15.24315 20.07977 26.06448
-33.79213 50.13068 9.740426
45.80758 56.66768 2.198252
-33.11124 65.72023 3.036044
23.29383 67.96079 1.640219
31.93654 -22.2475 22.49828
-19.65455 55.5489 33.73303
-5.06615 45.50373 37.02703
-43.8833 -52.93483 1.722
-55.53335 -52.8652 2.048085
-42.27925 -45.40625 2.934916
-35.00954 -46.20776 0.734869
-31.93304 -25.78491 2.301883
-12.52436 -2.157147 16.50244
-24.39224 -23.60757 2.424257
-39.73174 -20.36165 2.302391
23.86549 -20.48134 2.468293
38.78806 57.29807 8.957818
14.3032 80.54626 25.20832
-25.22672 -10.67957 3.71117
32.29733 0.3164618 2.247119
19.80197 -0.03323482 24.36564
31.35005 1.996231 1.801656
15.81314 2.804141 24.4807
-22.10184 14.66779 2.355631
-16.24779 5.051574 25.45495
-28.34638 46.27734 1.954988
-1.405148 4.579524 23.6195
-43.60256 55.06423 2.676327
44.36776 62.01597 1.379984
32.66378 64.58991 2.041996
10.98754 69.14622 34.55509
-28.91659 70.84843 8.091362
-27.87538 66.4756 2.865444
-4.842207 -2.288937 53.40723
-16.54847 80.50901 1.609605
10.34158 84.78421 -1.148773
-30.12291 7.740605 23.95418
-41.76381 -53.11324 1.062426
-44.62924 -46.09732 2.81373
-40.68468 -47.10709 2.019859
-9.925276 71.72566 35.48062
-38.12908 -45.11723 2.29841
-36.84929 -26.4986 2.414483
24.755 10.59107 22.8757
28.31185 -21.20576 2.629499
21.85237 10.76214 23.42379
9.836357 2.18244 19.84693
-22.30815 -7.84578 4.256669
-53.03312 -52.25237 7.14184
14.64986 81.65887 7.32981
12.16445 0.04462704 1.455648
-37.18965 5.03791 2.64938
28.70225 53.63573 15.53303
5.992035 6.330016 2.559933
-25.33632 12.93513 23.76224
-32.93352 9.478965 2.231627
-24.8467 14.88348 23.1091
13.19983 -33.62303 15.93921
-0.5789018 78.39997 34.32822
17.12146 20.51867 2.927043
-18.26469 22.3271 4.19516
-19.82679 34.11976 4.336458
-29.35989 67.08691 15.11747
41.24768 47.03839 2.678338
-42.66862 50.92054 1.626138
18.92184 -53.62053 29.76679
-25.06929 74.96713 15.56649
-18.99479 77.50717 2.736646
14.55048 26.20125 26.56024
-10.62402 86.65749 3.395939
5.861696 88.66172 4.885437
-1.907637 90.24592 3.71747
-34.19838 -53.88573 2.986546
29.89811 -53.37218 3.185408
-53.39102 -48.74614 3.73649
-29.69735 -30.84977 3.360003
14.61865 35.0877 25.50887
-29.87968 -28.3708 2.263926
-39.01982 -27.28504 4.464727
24.83522 -23.10153 2.451923
-2.747259 57.49451 39.60586
19.62105 -48.57266 4.612954
-18.09845 -1.413733 3.037541
21.74618 46.18991 23.86885
31.97837 -53.31344 15.02161
-25.56209 48.05967 23.75265
19.39001 35.09654 3.02686
-39.99726 50.00826 4.412426
-24.0191 -46.6349 17.03449
40.37024 62.13057 3.441473
-6.727391 41.92433 34.09566
26.16538 67.37253 2.810016
20.94954 68.91674 25.37193
12.10953 82.74018 3.911354
-51.09366 -51.28377 3.441087
35.41596 -52.86272 2.453054
-22.89057 73.25193 23.17015
-55.50233 -50.40065 3.372891
0.8454561 5.953367 19.05994
28.23188 -25.20092 3.296634
-21.85771 -20.93902 5.873585
-41.97607 -20.20719 3.178495
-42.1688 -18.51496 4.37416
5.078237 42.60035 33.74682
-40.11508 -17.09913 1.700406
-41.79538 -12.91901 4.799451
16.01541 -8.777174 3.339452
9.010865 83.36864 25.54818
7.821111 83.94473 24.13705
13.03785 -4.417307 3.971602
-2.521255 59.31753 38.90992
-39.29174 2.644163 4.538043
32.14082 5.005131 4.599814
-13.51051 5.556809 2.633798
29.96456 7.63471 3.142299
9.043005 44.07891 34.11981
-30.29172 -53.66984 24.37356
-33.84177 -53.15301 23.67356
-19.89427 34.99716 5.064648
21.03759 39.02319 3.673988
27.24497 -53.59656 22.63508
-23.3663 -35.75031 10.23956
-22.6365 -18.22533 14.06386
16.80064 -16.68922 16.90542
-27.07413 72.25655 3.524954
23.20972 71.95432 4.933139
-23.27069 73.55546 3.817742
16.89977 76.28706 3.197251
9.754155 86.59287 3.931785
-8.692994 87.88685 4.3983
-33.71154 -45.49744 23.46123
-55.79619 -52.57797 3.498575
14.8117 54.8147 34.80168
-48.62039 -51.30891 4.758643
-31.75565 -52.9495 4.828297
-27.82035 -45.48095 24.5209
24.2709 -47.2081 3.737846
21.23425 -45.88866 4.664643
-25.34756 -27.66863 3.240468
-32.63659 -13.39638 16.66604
24.92431 -25.21738 3.53593
-41.45331 -21.73952 4.68755
-32.43303 -9.855479 16.55612
14.00234 -37.41921 24.73322
24.86382 -38.08207 29.81
9.83404 0.5761842 3.980016
-18.14607 64.87479 33.9219
8.003991 4.639948 3.380849
23.10583 -44.63431 27.95112
27.52463 9.377721 2.836112
-25.04692 54.3143 26.47761
15.04961 21.73356 2.880503
14.88641 25.22272 5.089563
-16.62439 30.57626 1.728118
29.55167 -22.24561 24.98664
34.82412 45.15932 5.120721
40.62659 48.93194 5.545012
19.54522 -20.19426 24.35072
44.69761 49.32255 4.397864
42.1258 49.98052 5.281889
17.0461 -44.01896 28.90412
-20.5132 -0.5853711 24.2963
6.972075 1.977801 15.29162
-47.57727 -53.29902 1.941387
-25.48119 1.080514 24.60437
-52.25227 -52.60351 5.960874
28.05358 -51.28834 2.896827
-31.70956 -49.75663 5.133237
33.97476 -21.85991 10.05661
1.444975 5.252962 18.23805
22.24634 -23.71132 3.474858
-40.12417 -23.43159 3.969794
21.35905 -20.75803 3.92382
32.15849 -20.48074 5.840809
18.78513 -18.8547 6.170388
33.17141 -15.61168 6.812311
-14.89858 82.09449 22.0928
18.88223 -13.9967 3.612138
-25.86037 -15.39769 4.987879
-28.50436 2.938662 24.1865
-40.79932 -4.887219 5.991561
6.016344 60.79496 38.82916
2.681095 5.461945 23.78419
-28.53945 12.91881 3.255819
26.08211 11.98485 3.237443
22.55345 13.09924 2.828711
19.97492 15.33235 3.731507
2.311694 76.70172 34.33785
-17.37779 29.67472 6.193544
16.71275 34.00435 5.115669
-41.80419 59.48536 4.263515
44.79216 59.47739 3.91606
-41.14441 63.3468 2.029025
24.60082 70.18165 2.017548
23.56615 42.79843 16.05955
15.7022 78.38182 2.55885
-4.919503 89.44459 4.409701
34.90464 -53.65565 2.021413
35.09096 -52.33503 4.540263
-18.77274 -6.556579 9.320476
-26.77215 10.32377 24.94312
-42.83595 -44.36513 5.046298
-33.68564 -29.84631 4.296104
-23.95382 -27.34367 4.347532
-42.76861 -16.41863 4.216683
25.40029 67.03065 17.12767
-1.16537 -7.252321 53.20444
-13.73837 0.7827603 6.169461
10.46949 -0.7133621 5.808361
-31.81768 11.40883 3.229925
-27.37355 14.44201 4.329603
-19.37241 81.43796 16.49647
19.76631 38.41754 2.182043
14.50023 83.37632 16.47932
-15.81334 84.42754 17.11347
25.19703 44.47237 2.921256
26.87856 44.88859 5.844514
45.68322 54.76875 5.251025
-37.94766 64.17788 4.447335
-20.76222 75.37099 5.323621
-13.03868 84.61116 3.172976
2.786975 89.25052 5.093996
-47.0776 -53.29575 7.285515
-2.198747 40.9288 34.41924
30.8692 -53.67386 6.563708
-43.86315 -53.43541 4.598759
-37.17874 -53.20759 3.673041
33.81533 -49.13475 4.764008
27.22975 -49.14812 4.364491
27.48644 -46.72623 6.408893
30.60073 -46.72774 3.991099
24.66919 -45.17474 5.874227
-38.90288 -44.51473 4.898289
-32.09688 -32.18134 3.854011
-37.78375 -29.65653 4.10244
-22.92665 45.54397 26.44592
-25.39485 -17.78282 3.457895
-0.5156668 60.67785 39.19307
7.693125 3.98268 5.406815
-23.60268 69.5614 24.64308
24.59083 15.45926 5.459242
-41.60569 54.69816 5.61766
42.12688 56.62253 6.275288
-35.75572 63.82654 6.265974
-23.07317 74.09422 5.413406
11.60132 85.58799 5.040576
-11.49248 87.10564 4.690837
-5.693045 84.84566 24.73041
-33.60679 -33.50543 5.479876
-35.66178 -31.626 4.71687
-38.33597 -30.74626 6.102989
25.5297 -28.21806 4.8897
-40.82175 -27.72214 5.72618
20.75023 -24.82767 5.013859
-41.81534 -25.67571 8.268608
30.80618 -24.72838 5.818885
-6.512799 -4.799735 54.09133
-20.13981 -6.545466 5.903235
15.67847 -8.669505 4.966254
35.0023 -6.604161 4.726488
-38.70817 5.00168 4.511632
-11.09522 6.894892 3.09639
-23.26171 -51.85052 23.95321
-25.12174 -49.26288 25.69779
-28.91516 65.0663 6.567486
-29.2259 69.55431 4.769339
-20.90776 77.13261 6.066089
-24.82117 -11.72478 14.96646
-22.59286 -8.135602 18.60257
-30.03275 -34.37273 4.694641
-26.95636 -36.31895 6.955178
23.06412 -28.15791 5.828402
15.61093 -10.90911 6.817739
-40.888 -0.5877204 5.060907
6.797702 74.21559 34.82852
34.94564 -1.649603 5.135989
37.09041 52.99448 10.9721
-34.23379 13.01712 9.761289
-30.487 14.51823 7.007023
21.63563 17.61617 6.185866
24.11597 -53.22072 26.59976
-38.2918 48.90668 6.5247
-30.34484 -52.6939 25.45277
36.3205 63.5066 5.117628
25.50958 70.14836 7.444187
-16.01635 82.28691 5.985605
-4.567166 90.23173 5.953162
19.94963 -53.54403 5.109069
27.49664 15.09929 14.255
31.46457 -46.66329 6.734752
16.77139 5.821718 25.07786
-32.84894 -45.44694 5.47827
21.32196 -44.84917 7.557932
-35.17427 -44.47907 5.394138
-32.16598 -38.37067 6.793238
-29.62571 67.86463 9.185406
-42.54239 -22.33018 6.569816
4.949582 3.112042 7.718281
18.03122 -11.59471 18.1521
-18.09508 27.4747 7.240769
-19.41062 31.51139 7.086962
-4.456387 76.47689 34.44858
18.36077 35.46986 6.485365
2.953592 46.48936 37.48977
-26.65718 46.01444 16.14836
37.8143 46.34543 4.543572
-36.23755 46.70189 4.328225
-39.91327 54.27184 7.854917
16.86281 9.412105 24.32856
39.70851 60.39049 6.373316
-29.49199 -46.29761 8.410899
22.24078 -31.65679 8.906769
20.89094 -29.61914 6.668623
18.07676 -22.30145 5.8462
33.51472 -9.610902 7.140895
-39.86296 1.686037 8.580187
-12.35037 86.72211 16.99479
42.42236 53.73304 6.331741
-47.38226 -49.2061 3.971083
-49.23962 -47.93014 5.998217
51.60109 84.74172 -30.13897
51.46001 85.87947 -32.39401
3 1517 1235 1497
3 1783 315 2203
3 2500 543 2501
3 2500 425 543
3 391 425 2500
3 1974 1868 2219
3 2498 2119 2313
3 2499 8 2498
3 2274 2254 2499
3 2313 2499 2498
3 2499 2313 2274
3 1805 2146 1868
3 1868 1740 1805
3 2472 2317 1256
3 2317 2261 1256
3 1256 536 2472
3 1106 1222 1482
3 1498 1382 1826
3 2447 1044 1047
3 1755 614 1303
3 932 2474 1289
3 2458 214 1386
3 914 2473 2412
3 1108 1688 891
3 8 1266 2381
3 1607 2490 2471
3 33 2381 1266
3 237 2469 2409
3 849 2283 1657
3 961 1026 2030
3 1628 1073 1643
3 2402 1143 2345
3 1400 981 668
3 1549 456 2466
3 200 2466 451
3 1213 2250 1145
3 458 456 452
3 1432 1960 1419
3 2379 1881 302
3 2087 2360 206
3 2475 2445 2444
3 876 1694 1055
3 2463 1510 2489
3 2453 2360 2087
3 51 60 868
3 361 448 363
3 2054 172 1013
3 2364 720 2329
3 1095 1448 1465
3 1811 2299 342
3 1811 2482 2299
3 2241 120 2298
3 316 2240 315
3 2422 1147 2497
3 1795 2239 2331
3 2420 2459 727
3 175 1119 1535
3 836 1649 1648
3 2305 416 1186
3 2291 2495 2115
3 1350 41 1007
3 2388 1394 2418
3 2453 2087 2495
3 1491 1684 1307
3 2218 2381 2189
3 1618 809 182
3 2040 387 1112
3 2158 51 2355
3 2358 2198 181
3 2224 2046 2155
3 2355 40 2353
3 2394 488 1238
3 2280 1705 294
3 399 2271 2464
3 1379 1031 1221
3 2368 2479 2480
3 2307 2375 1274
3 971 1321 117
3 106 2451 2492
3 2432 2258 2430
3 2430 80 2432
3 2266 2369 2137
3 582 5 80
3 1947 668 1183
3 1340 2354 2493
3 33 914 2381
3 630 221 1266
3 1241 2495 1713
3 2411 2472 1616
3 1394 2342 330
3 1465 1306 916
3 878 1226 1383
3 907 1648 1010
3 505 2277 1581
3 2211 303 2445
3 2039 867 2467
3 1577 2228 2345
3 1314 1880 949
3 2309 2426 1543
3 2455 1732 2439
3 2229 2425 833
3 643 404 1968
3 1435 1432 1419
3 2438 2289 2286
3 2011 2045 1976
3 2446 2399 1902
3 2424 1535 1902
3 2445 303 2304
3 46 2452 1356
3 2305 2464 2373
3 2423 930 2444
3 808 1284 1093
3 2266 2482 201
3 2440 2115 1076
3 2299 2482 2392
3 393 1141 2475
3 1435 1249 1628
3 2467 867 809
3 1799 2479 316
3 2482 2266 2392
3 1066 1513 347
3 1084 2420 727
3 2390 2363 2458
3 730 500 1467
3 1906 953 1274
3 2292 269 249
3 2169 700 1402
3 2440 2291 2115
3 2428 563 2429
3 2157 2357 2438
3 2092 2438 2452
3 249 2455 2292
3 1423 476 485
3 2439 1732 663
3 663 2494 2439
3 2198 2227 181
3 2160 2494 2158
3 2067 1916 911
3 1213 796 1948
3 2155 2124 2355
3 1007 1013 2384
3 2282 1350 1007
3 2434 1368 2476
3 978 1529 1516
3 1218 1249 1419
3 2353 1339 2435
3 139 2486 771
3 35 48 22
3 583 2431 1321
3 2429 563 64
3 1221 1031 2084
3 1543 1501 2309
3 2449 2474 2428
3 2473 1607 2471
3 2473 542 1607
3 1488 1493 305
3 2410 2409 2469
3 2456 374 1845
3 759 752 1522
3 2004 1493 1488
3 2043 1708 1523
3 2378 1232 2404
3 2 2448 1691
3 1427 1040 1218
3 2466 456 2376
3 2404 1556 867
3 2391 27 1233
3 2312 1343 1112
3 1637 706 1437
3 1510 1111 2196
3 704 680 634
3 2401 456 458
3 2249 2426 2309
3 2184 956 738
3 1541 1322 368
3 616 2030 1340
3 2273 2425 2229
3 2416 2156 2358
3 2399 2424 1902
3 1541 1001 1322
3 1535 184 1902
3 1899 1150 20
3 1679 853 40
3 2331 59 1795
3 815 1195 12
3 1147 2336 2339
3 2487 2267 2461
3 2356 419 1238
3 1265 66 1622
3 841 836 955
3 2111 574 771
3 1466 2000 1804
3 1017 318 797
3 950 2173 2054
3 1257 1086 1795
3 2332 1893 743
3 2479 2368 2240
3 502 618 1006
3 726 1185 855
3 2441 705 1398
3 2363 2389 2458
3 2389 270 2457
3 269 2329 720
3 2440 1076 270
3 1107 1254 1081
3 269 2294 2329
3 2477 700 2233
3 1433 115 2265
3 399 609 945
3 1581 2277 2228
3 436 1604 1543
3 1735 309 115
3 2285 1013 172
3 1705 2280 2416
3 2008 2401 1938
3 1549 200 2108
3 2487 1157 380
3 1435 1292 1432
3 1084 2468 1384
3 616 2433 106
3 1300 1178 839
3 106 2433 2451
3 2451 2431 583
3 1886 427 891
3 579 2383 94
3 2312 1690 1343
3 209 162 311
3 2458 2389 2457
3 106 600 961
3 2450 2449 579
3 2411 2317 2472
3 88 90 1090
3 1046 249 1072
3 8 2381 2218
3 1688 2185 891
3 2378 2407 1232
3 176 2296 1301
3 926 1065 987
3 2453 2130 2127
3 1232 1255 1586
3 486 1615 863
3 1936 1559 1586
3 1368 275 1192
3 2345 2274 2313
3 611 993 2236
3 2378 2404 2377
3 2185 1886 891
3 2406 486 2405
3 2405 2402 2343
3 1394 2477 2418
3 2404 867 2253
3 387 2312 1112
3 1276 910 378
3 2301 2450 579
3 1145 2250 2401
3 809 637 222
3 2425 2308 1213
3 2429 2414 2382
3 94 1689 6
3 1819 1811 342
3 2306 2424 2399
3 2306 2399 2118
3 885 1398 1883
3 2111 339 1267
3 1565 2077 1138
3 303 2424 2306
3 1737 1696 1646
3 2463 2489 2269
3 641 140 1886
3 459 1372 913
3 2487 380 2421
3 342 2395 2396
3 841 1987 836
3 2422 2497 2397
3 2413 2257 2255
3 2421 2267 2487
3 2397 2497 2338
3 791 1005 1094
3 2021 1015 1703
3 1988 1955 1882
3 2474 932 563
3 1435 1419 1249
3 2151 2258 2351
3 312 1691 2448
3 2402 2313 2343
3 1617 823 237
3 744 534 577
3 2368 2480 2333
3 803 932 542
3 1294 1115 1464
3 2093 1541 368
3 2294 269 2292
3 2293 2387 2262
3 2437 181 2227
3 1947 1245 668
3 105 2468 1084
3 1090 316 2134
3 2405 2187 2217
3 756 1264 342
3 1814 4 667
3 1027 826 1379
3 2158 2355 2124
3 2384 1013 2285
3 575 2297 572
3 2476 1350 2321
3 2155 2355 2353
3 2282 2321 1350
3 2354 2352 2493
3 1288 1628 1249
3 2352 2350 2433
3 2193 2280 108
3 2321 2351 2434
3 300 310 215
3 117 2279 2435
3 2420 1084 2364
3 2351 2432 2434
3 1115 925 1464
3 2414 2430 2258
3 2084 1760 1221
3 2429 2430 2414
3 64 2430 2429
3 1223 1760 2084
3 563 2428 2474
3 2412 2381 914
3 2485 2336 1849
3 1923 2225 603
3 1464 1661 1294
3 2499 2254 505
3 2353 40 2348
3 106 961 616
3 2292 2201 2294
3 1968 404 1391
3 303 175 2424
3 279 294 1663
3 2445 2304 2116
3 2111 1267 395
3 2182 2444 2212
3 881 1108 376
3 2398 2370 380
3 972 1004 1407
3 2371 2269 2489
3 2422 2397 2371
3 2421 380 2370
3 485 1920 943
3 2052 2094 2262
3 2339 2338 2497
3 436 2426 2400
3 771 2486 2113
3 695 181 1047
3 536 449 1003
3 1893 2332 2068
3 796 528 1948
3 40 2355 1679
3 2366 2459 2420
3 2366 2420 2365
3 1040 1427 1054
3 2341 312 1317
3 2441 1398 692
3 2418 2327 2325
3 2438 2092 2388
3 2438 2388 2289
3 2262 2387 2437
3 206 2360 172
3 2091 172 2360
3 2090 2439 2160
3 1744 1675 1653
3 8 2499 630
3 923 578 374
3 1779 1599 851
3 2281 2321 2282
3 869 1259 2442
3 2350 2320 2433
3 2364 1084 720
3 2102 2135 2203
3 1003 1640 1468
3 2143 399 1071
3 1691 312 2341
3 450 905 696
3 2383 579 2318
3 2413 2428 2382
3 2429 2382 2428
3 397 1039 2419
3 992 356 1351
3 1266 221 814
3 2408 2411 2409
3 2473 2471 2190
3 2218 2498 8
3 2046 2224 2086
3 1786 814 221
3 2411 2408 2316
3 887 629 1618
3 651 1589 1400
3 1759 1072 249
3 2228 2311 2345
3 2253 867 2346
3 2295 1671 2161
3 2251 456 2401
3 193 2100 438
3 2480 2479 1799
3 2401 2250 1938
3 2425 2273 2308
3 2089 1358 1001
3 2467 809 222
3 406 437 341
3 2405 1940 2406
3 88 611 1189
3 2271 399 2143
3 2463 2209 394
3 826 1031 1379
3 1643 1073 1478
3 2032 2421 2370
3 2267 2421 2244
3 2032 2207 2421
3 1321 2431 117
3 2205 2111 771
3 1274 416 2307
3 2177 2333 2480
3 1785 1584 506
3 2335 2485 1845
3 119 316 1090
3 119 1090 90
3 2365 2420 2364
3 1509 1500 281
3 2170 705 2441
3 1488 2000 2270
3 2169 2098 700
3 399 945 938
3 2297 575 2296
3 2291 2130 2453
3 2387 2293 692
3 1451 183 1312
3 2206 1529 978
3 60 51 2494
3 1643 1435 1628
3 1643 1460 1435
3 1534 1523 346
3 2283 1671 14
3 1007 2384 2282
3 673 882 1690
3 909 1356 288
3 756 130 757
3 2155 2353 2224
3 1276 378 1578
3 2376 1803 1971
3 1614 1806 877
3 2320 2431 2451
3 2463 394 1510
3 1306 1464 925
3 884 2092 56
3 2381 2412 2189
3 1203 813 606
3 2264 182 867
3 175 393 1119
3 2145 2408 2410
3 616 1340 2493
3 749 1397 1257
3 1031 826 1479
3 2346 867 2039
3 1939 2376 2251
3 121 1479 826
3 2250 1213 2308
3 2400 2426 2249
3 281 971 1339
3 2000 1466 2403
3 2118 2399 2247
3 2291 2231 2055
3 2209 2143 394
3 657 877 1806
3 1110 1360 1056
3 2397 2181 2371
3 1423 1404 476
3 2475 1282 1421
3 2339 2336 2243
3 2352 2433 2493
3 1907 120 357
3 2298 339 2110
3 807 1806 1614
3 1223 2126 1760
3 770 753 591
3 1886 2006 641
3 2375 2075 1965
3 2136 2366 2024
3 2402 2405 863
3 801 780 623
3 2474 2449 2450
3 1214 1166 1059
3 1483 464 1332
3 2182 2423 2444
3 157 90 1006
3 2388 2418 2325
3 2289 2388 2325
3 1390 1542 1502
3 2127 2360 2453
3 2087 206 1526
3 1070 878 1383
3 2430 64 582
3 1960 1218 1419
3 1006 618 157
3 1267 1735 395
3 478 4 1814
3 2224 2353 2435
3 2351 2258 2432
3 1232 1586 1559
3 117 2320 2279
3 2320 117 2431
3 1416 1111 1510
3 763 1947 1183
3 579 2449 2318
3 2449 2413 2255
3 2473 2221 2412
3 2412 2221 2219
3 59 1257 1795
3 557 1465 916
3 1565 1138 191
3 1853 2485 1957
3 1930 2116 2037
3 2401 2008 2251
3 1791 1761 1609
3 430 1933 2273
3 2346 2039 2078
3 2400 2465 436
3 2275 2378 2377
3 1983 166 2394
3 2345 2311 2188
3 2376 1971 2309
3 2376 2309 2466
3 1337 2362 2278
3 2309 1971 2249
3 1786 221 1148
3 1318 2017 1676
3 2465 2214 2247
3 1996 42 850
3 2120 1759 269
3 1933 430 1967
3 2362 2206 2278
3 2212 2444 2445
3 1692 1694 876
3 2075 416 2305
3 2445 2116 2212
3 2409 2411 1616
3 2499 505 630
3 1492 1491 1307
3 1155 1153 414
3 2243 2338 2339
3 1155 1255 539
3 1854 2338 2243
3 2136 2024 1953
3 2485 2335 1957
3 2178 2395 342
3 2428 2413 2449
3 427 1591 891
3 464 562 1332
3 1888 949 1880
3 2 1691 1149
3 2403 1466 1657
3 270 2389 2235
3 700 2098 2233
3 2057 2169 705
3 2291 2440 2231
3 1287 1455 1467
3 2199 2201 2292
3 1488 2270 2004
3 2455 2090 2199
3 190 436 187
3 884 56 870
3 993 100 992
3 2087 1698 1706
3 2227 2128 2262
3 2284 2384 2285
3 2352 2354 2357
3 2352 2357 2195
3 2214 2076 2007
3 2281 2194 2321
3 2433 2320 2451
3 2279 2224 2435
3 2259 2320 2350
3 70 1225 60
3 2449 2255 2318
3 2416 695 1705
3 2317 2316 1943
3 2275 2407 2378
3 2231 270 2235
3 466 2310 1822
3 2145 2346 2408
3 778 1085 847
3 2274 2345 2188
3 2039 2467 2261
3 1269 1578 143
3 2215 2308 2273
3 1276 1282 930
3 1969 2214 2465
3 1062 1128 1126
3 430 2375 1967
3 914 542 2473
3 1359 291 1192
3 2074 2075 2305
3 2373 2074 2305
3 2373 2464 2271
3 1705 2302 294
3 2182 2398 2423
3 1225 868 60
3 2421 2207 2244
3 2113 2205 771
3 1478 1460 1643
3 2176 2368 2070
3 2266 2137 2392
3 1385 2126 1223
3 255 1688 2167
3 1218 1040 1028
3 749 1257 59
3 2276 963 397
3 2390 2203 2135
3 466 1822 1431
3 2261 2317 1943
3 346 1523 1708
3 2379 181 2437
3 2055 2130 2291
3 2262 2131 2293
3 80 2430 582
3 2313 2402 2345
3 2477 2233 2327
3 2175 1430 1439
3 2090 2455 2439
3 2395 1762 2140
3 2286 2162 2159
3 2384 2284 2282
3 2281 2282 2284
3 2193 2416 2280
3 2281 2284 2194
3 2259 2352 2195
3 1365 1808 1189
3 1039 397 133
3 1046 1072 726
3 2224 2320 2259
3 2475 2211 2445
3 2224 2279 2320
3 2382 2222 2191
3 6 279 2001
3 2318 2257 2148
3 2222 2382 2414
3 2190 2221 2473
3 2276 411 428
3 811 1305 1936
3 2146 2218 2189
3 2498 2218 1833
3 2083 2410 2469
3 2347 2190 2471
3 2469 2407 2083
3 843 281 1500
3 2408 2042 2316
3 83 2053 1358
3 1943 2039 2261
3 2254 2188 2277
3 1865 1150 326
3 1203 606 236
3 2311 2277 2188
3 2343 2187 2405
3 2377 2404 2253
3 1904 2251 2008
3 2050 2158 2124
3 2199 2090 1917
3 1969 2465 2400
3 1642 1448 1637
3 182 904 887
3 2000 1488 1647
3 1068 904 182
3 2306 2304 303
3 2116 2304 2037
3 1590 1445 1499
3 2269 1962 2463
3 20 1888 1899
3 2370 2372 2032
3 1999 2181 2397
3 251 490 2153
3 1999 2397 2338
3 2141 2486 2267
3 2267 2486 2461
3 1957 2335 2140
3 509 2396 2140
3 2249 1971 1697
3 342 2299 2178
3 1439 338 1093
3 2110 339 1997
3 1294 1832 1281
3 2310 684 2163
3 2423 380 1157
3 2363 2390 2135
3 2203 2390 1783
3 2329 2294 1951
3 1647 1960 1804
3 2434 2476 2321
3 705 2170 2058
3 123 1397 201
3 2231 2235 2168
3 405 189 2229
3 2440 270 2231
3 1689 108 2280
3 1900 1251 356
3 2441 692 2293
3 1254 1330 1506
3 757 758 1409
3 1292 1804 1432
3 2095 2325 2327
3 1824 2110 1790
3 414 1255 1155
3 2127 2091 2360
3 2491 600 2492
3 172 2091 2285
3 2466 2309 451
3 2052 2262 2128
3 2285 1980 2013
3 2284 2285 2013
3 2403 2270 2000
3 2398 2372 2370
3 1647 1970 1960
3 2321 2194 2351
3 46 870 56
3 2222 2258 2151
3 2193 2383 2318
3 2189 2412 2219
3 1656 261 219
3 2006 1886 2185
3 171 166 2427
3 2018 2230 2020
3 1549 452 456
3 2257 2413 2382
3 2257 2318 2255
3 465 1779 851
3 2346 2082 2408
3 2274 2188 2254
3 2346 2078 2082
3 120 339 2298
3 2252 2406 1940
3 625 1549 2108
3 1383 2437 2387
3 1599 869 2442
3 1647 1804 2000
3 2037 2306 2118
3 629 887 1606
3 2167 1676 2017
3 2371 2208 2269
3 2240 2368 2176
3 393 1421 1119
3 2338 1854 1793
3 105 111 2053
3 2267 2244 2141
3 1999 2338 1793
3 1835 1809 1913
3 1661 1832 1294
3 900 114 2134
3 2140 2396 2395
3 2178 2299 2071
3 1044 695 1047
3 2366 2365 2024
3 1821 2369 2109
3 1465 1448 1669
3 1186 1274 953
3 78 1351 356
3 441 469 140
3 630 1266 8
3 1804 1960 1432
3 1622 1822 1265
3 2238 2367 1569
3 1920 922 1916
3 1513 1066 765
3 2169 1922 2098
3 1817 1984 1649
3 807 1810 1806
3 2262 2094 2131
3 2325 2095 2230
3 2313 2119 2343
3 1025 1027 2263
3 1464 1669 1661
3 2286 2289 2162
3 1551 1138 2077
3 1676 881 104
3 1306 1669 1464
3 2050 2160 2158
3 1318 1493 2004
3 2026 20 1150
3 2125 2198 2358
3 1243 1305 1211
3 2414 2258 2222
3 2193 2122 2416
3 191 1138 1374
3 2151 2351 2194
3 2352 2259 2350
3 2224 2259 2195
3 1111 923 2456
3 2316 1975 1943
3 1551 2077 2454
3 2193 2318 2148
3 2018 2162 2230
3 486 851 1615
3 2189 2219 2146
3 907 667 958
3 2407 2081 2083
3 1022 372 1949
3 990 2324 243
3 2079 2347 2314
3 2107 1949 372
3 2252 2079 2314
3 270 1076 2457
3 1777 1803 2376
3 1969 2400 1775
3 2226 1152 1158
3 2074 2373 2117
3 2037 2304 2306
3 1466 1292 1460
3 2014 2047 2357
3 2209 2034 2143
3 2208 2072 2269
3 2208 2371 2002
3 2326 1355 641
3 1853 2243 2485
3 1970 1078 370
3 2455 249 1046
3 2241 1824 2177
3 2068 2332 2331
3 1284 820 956
3 1047 302 1055
3 450 696 1399
3 645 717 670
3 2043 1314 1708
3 46 1855 870
3 2239 2366 2066
3 1819 1561 123
3 2100 193 2107
3 2363 2135 2022
3 2235 1988 2168
3 456 2251 2376
3 2096 2170 2441
3 667 1982 1814
3 2201 1951 2294
3 1881 1055 302
3 1516 304 1327
3 1950 2130 2055
3 2289 2325 2230
3 1139 1571 1449
3 743 59 2332
3 1909 2090 2160
3 427 1886 140
3 2049 2198 2125
3 2446 2247 2399
3 2047 2195 2357
3 884 2342 1394
3 1351 78 347
3 878 1070 885
3 2195 2086 2224
3 2222 2151 2152
3 2150 2148 2191
3 2148 2257 2191
3 1941 2100 208
3 674 1003 1468
3 1679 51 868
3 2083 2145 2410
3 2080 2347 2079
3 2082 2042 2408
3 298 949 746
3 2407 2275 2081
3 2145 2253 2346
3 1968 1385 643
3 2096 2441 2293
3 1750 1422 945
3 1904 1939 2251
3 1939 1777 2376
3 2120 1384 895
3 2215 2273 1933
3 1968 1391 777
3 374 509 2335
3 945 1422 938
3 2335 509 2140
3 2471 2490 2347
3 2271 2183 2373
3 2463 1927 2209
3 1119 1426 184
3 2002 2371 2181
3 2372 1961 2032
3 2390 2458 101
3 2007 2076 1966
3 1386 214 1251
3 1716 684 2123
3 2326 911 1355
3 1997 339 2111
3 2071 2299 2392
3 2333 1895 1850
3 2110 2241 2298
3 1821 2137 2369
3 2368 2333 2070
3 916 925 950
3 1055 1692 1047
3 2027 315 2240
3 2101 315 2027
3 2363 2171 2389
3 1014 377 245
3 2203 2101 2102
3 2045 2011 2152
3 2170 2099 2133
3 2389 2171 2235
3 2316 2317 2411
3 2098 1992 2233
3 836 1817 1649
3 2133 2058 2170
3 1828 1441 1832
3 2170 2096 2099
3 2087 1526 1698
3 823 674 1468
3 1953 2020 2095
3 2233 2025 2327
3 2327 2097 2095
3 2019 2293 2131
3 1022 1025 2263
3 2220 1920 1916
3 2162 2289 2230
3 1441 896 1281
3 2438 2286 2157
3 2049 1981 2128
3 2128 2198 2049
3 2128 2227 2198
3 1980 2285 2091
3 2050 1909 2160
3 2014 2157 2159
3 1433 2265 1756
3 2358 2156 2125
3 2157 2286 2159
3 2495 1706 1713
3 2264 1556 1211
3 1801 2215 1933
3 2454 2077 1447
3 2122 2193 2148
3 2152 2151 2194
3 1221 1760 2121
3 2481 1920 369
3 550 1411 171
3 2042 1975 2316
3 2080 2190 2347
3 2041 2145 2083
3 2147 1500 1509
3 616 2493 2433
3 1702 2078 2039
3 1805 2217 2187
3 1940 2405 2217
3 1305 1243 1936
3 2249 1775 2400
3 2212 2116 1929
3 1969 2076 2214
3 2247 2214 2007
3 1300 582 64
3 1192 291 1368
3 2373 2183 1769
3 1741 2082 2078
3 1640 1003 449
3 2183 2271 2035
3 2088 611 2236
3 2372 2003 1963
3 2209 1901 2034
3 1688 255 2185
3 378 2180 143
3 2072 1962 2269
3 938 1071 399
3 2455 2199 2292
3 2244 2207 1959
3 2243 2336 2485
3 2141 2244 1998
3 2141 2113 2486
3 1854 2243 1853
3 1716 572 2297
3 1948 528 1594
3 2461 1851 2487
3 1006 615 1937
3 1730 1857 1959
3 2031 2178 2071
3 405 2229 833
3 1599 2296 176
3 2068 2029 1893
3 465 633 1779
3 524 1245 1947
3 1983 1238 419
3 120 1907 1203
3 2331 2239 2066
3 2364 2329 2061
3 2365 2061 2024
3 2022 2171 2363
3 2065 2103 1956
3 1789 1246 1411
3 673 2172 30
3 2097 2327 2025
3 1822 2310 2315
3 1281 1832 1441
3 2102 2096 1954
3 2019 2096 2293
3 2231 2168 2055
3 2095 2020 2230
3 576 413 531
3 476 922 1920
3 347 2216 1351
3 501 1593 972
3 2015 2091 2127
3 1606 2005 702
3 555 1411 1246
3 1642 1637 1828
3 1916 459 911
3 58 552 103
3 673 402 882
3 2124 2155 2046
3 993 992 2234
3 2336 1147 1849
3 2194 2284 2045
3 2122 2148 2085
3 2150 2085 2148
3 2190 1974 2221
3 2146 2219 1868
3 943 1920 2481
3 940 1593 2106
3 1702 2039 1943
3 449 222 637
3 1111 1275 923
3 811 1312 1305
3 1905 2252 1940
3 938 1585 1416
3 1934 1969 1775
3 2375 1965 1967
3 1931 2247 2007
3 1386 900 101
3 2074 2036 2038
3 2183 2035 1769
3 2212 1860 2182
3 1661 1642 1832
3 1927 1901 2209
3 1039 252 2419
3 2072 2208 2033
3 464 1162 687
3 1510 2196 2489
3 1622 1431 1822
3 2205 2113 1709
3 1959 1896 2244
3 1762 2395 2178
3 2111 1633 1997
3 911 913 1355
3 2392 2137 1995
3 754 1914 1267
3 1010 667 907
3 2240 2028 2027
3 2136 2066 2366
3 2203 315 2101
3 2061 2365 2364
3 2101 2103 2133
3 2004 2017 1318
3 2458 1386 101
3 1448 1642 1669
3 1604 1501 1543
3 394 2143 1071
3 2133 2099 2101
3 2136 1953 2097
3 1465 557 440
3 2023 2135 2102
3 2022 2135 2023
3 2101 2099 2102
3 2052 2128 2051
3 298 553 949
3 2233 1992 2025
3 1637 1437 1828
3 1955 1988 2171
3 2099 2096 2102
3 2171 1988 2235
3 1953 2095 2097
3 836 1987 1817
3 536 222 449
3 2019 1954 2096
3 1913 2090 1909
3 2005 2174 702
3 2469 495 2407
3 1920 2220 369
3 2199 1917 2201
3 1981 2051 2128
3 2015 1980 2091
3 2295 2161 2164
3 2167 2017 58
3 303 1141 175
3 1642 1828 1832
3 1977 2012 2156
3 1549 625 452
3 738 956 235
3 1977 2085 2011
3 2195 2047 2086
3 1977 2156 2085
3 2152 2194 2045
3 2156 2122 2085
3 2011 2085 2150
3 2146 1944 2218
3 2377 2009 2275
3 1831 2119 2498
3 1942 2080 2079
3 1831 2343 2119
3 1905 2079 2252
3 1777 1939 1972
3 2308 1903 2250
3 2308 2215 1935
3 1793 1636 1442
3 1637 1448 706
3 1919 2061 1918
3 2165 911 2326
3 2117 2036 2074
3 2373 1769 2117
3 2435 1339 971
3 2472 536 1003
3 1767 1962 2072
3 2033 2208 2002
3 187 436 2465
3 957 943 2238
3 2141 1728 2113
3 1265 2315 1259
3 2333 2177 1895
3 1924 2111 2205
3 1788 1995 2137
3 1824 2241 2110
3 2109 1893 1603
3 1718 450 1908
3 1789 1594 1246
3 1994 2331 2066
3 2058 2133 2065
3 2136 2097 2066
3 2066 2097 2025
3 2283 2403 1657
3 2134 316 315
3 2098 1815 1992
3 2102 1989 2023
3 1153 811 414
3 2004 552 2017
3 2048 2040 1718
3 2057 2058 1990
3 2184 2334 956
3 1431 691 466
3 1467 1069 730
3 2329 1951 2061
3 1577 1143 1148
3 1922 2169 2057
3 1879 2168 1988
3 1954 2019 1877
3 1569 2077 1565
3 1528 1963 2003
3 805 798 797
3 1877 2131 2094
3 465 851 2252
3 5 839 275
3 839 1187 275
3 1917 2090 1913
3 2284 1979 2045
3 2307 2075 2375
3 2496 166 1867
3 1976 2045 1979
3 2046 1945 2124
3 2011 2150 2152
3 849 1667 1671
3 1923 1358 420
3 1274 430 1906
3 2343 1625 2187
3 2250 1903 1938
3 1237 506 1584
3 1864 2076 1969
3 2118 2247 1931
3 2038 2075 2074
3 2038 2036 1964
3 736 960 648
3 77 149 159
3 2437 2227 2262
3 1149 2359 1513
3 1928 2003 2182
3 338 808 1093
3 133 963 1666
3 484 785 784
3 2497 1147 2339
3 1959 2207 2032
3 1926 2002 1897
3 1941 2248 368
3 693 1551 2454
3 1763 1501 1604
3 1633 2111 1924
3 1150 1899 1152
3 820 808 390
3 1894 2333 1850
3 330 2349 92
3 1055 1226 876
3 1158 1152 2059
3 1801 1670 1802
3 2068 2331 1994
3 1991 1994 2066
3 2066 2025 1991
3 1887 1991 1992
3 25 118 1876
3 241 381 359
3 1922 1815 2098
3 2024 2061 1919
3 839 1178 2142
3 2102 1954 1989
3 2184 1121 1684
3 1878 1951 2201
3 2314 465 2252
3 2168 1986 2055
3 1879 1986 2168
3 2238 943 2481
3 1379 53 1027
3 1877 2094 2052
3 1348 1534 2223
3 1841 1877 2052
3 1722 1816 1720
3 2125 1836 2049
3 2172 2164 2161
3 1473 365 560
3 2152 2150 2191
3 2014 2159 1873
3 1945 2050 2124
3 54 76 84
3 1545 1076 10
3 1028 817 798
3 2012 1976 1979
3 2234 2236 993
3 1545 214 1076
3 2086 1945 2046
3 1929 1693 1660
3 882 402 1343
3 2083 2081 2041
3 2211 2475 1141
3 1276 930 910
3 1430 338 1439
3 1711 895 346
3 2200 1888 1880
3 2275 2009 2081
3 524 1947 1253
3 1904 2008 1938
3 1905 1940 1650
3 1163 1142 1160
3 2009 2377 1778
3 1875 2127 2130
3 1686 1761 1762
3 1966 1931 2007
3 12 604 805
3 1930 1800 1929
3 2036 2117 1769
3 1929 1800 1662
3 1808 615 1189
3 1859 2035 2271
3 1660 1860 2212
3 1877 2019 2131
3 1437 1431 1622
3 1113 1217 1469
3 1152 2202 2059
3 628 1121 581
3 1742 1275 2232
3 1660 2212 1929
3 1897 2002 2114
3 1900 1386 1251
3 1998 1896 1610
3 1189 611 2088
3 1958 1853 1957
3 1957 2140 1791
3 1492 2303 730
3 1790 2110 1997
3 1895 1824 1758
3 2176 2070 1891
3 2028 1956 2103
3 2027 2103 2101
3 1754 1887 1992
3 2065 1990 2058
3 1076 214 2457
3 182 887 1618
3 2357 2452 2438
3 2024 1919 1953
3 1879 1988 1882
3 1951 1918 2061
3 1965 1771 1695
3 1878 2201 1917
3 1491 2334 1684
3 1950 1875 2130
3 2051 1838 2052
3 2104 127 1567
3 1809 1915 1913
3 2015 2127 1875
3 1872 1838 2051
3 1917 1913 1915
3 1872 2051 1981
3 1873 2162 1840
3 2407 495 1232
3 2104 716 127
3 1835 1909 1910
3 1911 1836 2125
3 903 1718 2040
3 2047 2014 1912
3 1224 1865 870
3 1910 2086 2047
3 2156 2012 1911
3 1911 2012 1979
3 1213 1948 1298
3 284 350 336
3 1266 814 33
3 2058 2057 705
3 1977 2011 2012
3 2012 2011 1976
3 2003 2398 2182
3 1265 1822 2315
3 1831 2498 1833
3 175 1141 393
3 593 2064 2210
3 99 2270 2403
3 227 687 1162
3 1940 2217 1650
3 1904 1866 1939
3 643 1385 1532
3 12 805 590
3 1903 2308 1935
3 870 1865 884
3 2048 1908 593
3 1111 2456 2196
3 1648 2491 955
3 2118 1862 2037
3 2036 1769 1734
3 1930 2037 1862
3 1926 1797 2033
3 2002 1926 2033
3 1710 1730 1961
3 1961 1959 2032
3 1047 1692 2447
3 1961 1730 1959
3 1828 1437 1441
3 2323 1287 219
3 1857 1896 1959
3 124 2403 2283
3 2065 1848 1990
3 2181 1999 1745
3 553 1225 855
3 841 843 1500
3 208 2248 1941
3 807 1430 2175
3 1852 2392 1995
3 94 2383 108
3 2392 1852 2071
3 1356 2357 2354
3 1763 200 1501
3 1594 1789 527
3 864 899 767
3 1979 2284 2013
3 2103 2027 2028
3 171 2427 550
3 1894 2070 2333
3 1891 1956 2028
3 1084 727 105
3 1848 2065 1782
3 1815 1754 1992
3 1921 2022 2023
3 820 235 956
3 2341 1317 1327
3 2172 1690 2164
3 1882 1955 1921
3 655 1068 2300
3 1918 1951 1878
3 2018 2020 1846
3 1953 1846 2020
3 262 916 950
3 1838 1841 2052
3 807 194 1430
3 1495 127 716
3 108 1689 94
3 1872 1981 1836
3 1716 2154 2163
3 1466 1804 1292
3 2014 1873 1912
3 1974 2219 2221
3 1912 1910 2047
3 873 928 948
3 1306 1465 1669
3 1149 565 2
3 604 1082 25
3 1944 1833 2218
3 1974 2080 1942
3 1975 1702 1943
3 2377 2253 1778
3 1942 2079 1905
3 1939 1866 1972
3 1992 1991 2025
3 622 1027 1025
3 171 1867 166
3 1938 1903 1830
3 1701 1975 2042
3 2067 2220 1916
3 1934 1864 1969
3 1348 1523 1534
3 1770 2118 1931
3 1861 1964 2036
3 2036 1734 1861
3 1693 1929 1662
3 482 1237 1391
3 1859 2271 2034
3 1897 1898 1926
3 1827 1898 1925
3 1994 1991 1887
3 1898 1897 1925
3 1163 1345 1161
3 2141 1998 1728
3 368 2248 2093
3 730 2337 1492
3 139 2180 2461
3 765 565 1149
3 2481 369 1507
3 1603 1893 1726
3 2253 2145 1778
3 1661 1669 1642
3 2022 1955 2171
3 1892 1787 2029
3 1892 2068 1994
3 1891 2028 2176
3 1889 1994 1887
3 1721 1782 1956
3 1782 2065 1956
3 2367 2077 1569
3 1887 1754 1816
3 2172 673 1690
3 2057 1990 1922
3 1178 1300 803
3 2458 2457 214
3 2023 1989 1921
3 1919 1918 1844
3 1500 1993 841
3 1026 4 478
3 1835 1913 1909
3 1447 2077 2367
3 1919 1846 1953
3 1954 1877 1989
3 1918 1878 1844
3 1772 1966 1620
3 2380 992 1351
3 2162 2018 1840
3 552 58 2017
3 480 1690 2312
3 1834 1980 2015
3 1871 1836 1911
3 1835 1910 1912
3 1314 2043 1880
3 99 2186 2270
3 1834 1946 2013
3 1909 2050 1945
3 1909 1945 1910
3 1979 1946 1911
3 1910 1945 2086
3 1707 1457 1790
3 420 1358 2089
3 190 1604 436
3 1833 1674 1831
3 1701 2042 2082
3 1650 2217 1740
3 797 590 805
3 1903 1776 1830
3 1356 1015 46
3 2202 1152 1899
3 1803 1697 1971
3 1830 1904 1938
3 1697 1775 2249
3 2492 600 106
3 1437 1622 1441
3 1964 1965 2038
3 955 2491 583
3 1855 2021 1224
3 2072 1747 1767
3 1927 1746 1901
3 1710 1961 1963
3 347 2359 2216
3 1699 1719 1866
3 200 1763 2108
3 586 813 1014
3 2114 2181 1745
3 1260 1380 357
3 1580 1924 2205
3 1854 1853 1636
3 30 372 1022
3 1958 1957 1791
3 2109 2369 743
3 1633 1707 1997
3 1790 1997 1707
3 1748 1768 1531
3 1636 1793 1854
3 2109 1603 1821
3 1681 1788 1821
3 1046 1732 2455
3 276 1667 849
3 1890 1956 1891
3 1956 1890 1721
3 1467 491 230
3 1742 1409 578
3 1848 1781 1990
3 1990 1815 1922
3 1383 1226 1881
3 1989 1877 1921
3 1882 1921 1842
3 1919 1844 1846
3 2238 2481 2367
3 402 1112 1343
3 1882 1986 1879
3 1841 1842 1877
3 1878 1843 1844
3 1351 2216 2380
3 1915 1843 1917
3 1883 1516 328
3 92 1885 1402
3 1846 1812 2018
3 1070 2387 692
3 1402 1381 1883
3 386 376 1108
3 1838 1872 1839
3 281 1339 2348
3 1875 1871 1874
3 515 756 2069
3 2200 1880 2043
3 1378 1452 1258
3 1947 2106 1253
3 1987 841 1993
3 2488 1429 1923
3 2075 2038 1965
3 1700 1833 1944
3 1944 1805 1700
3 1701 2082 1741
3 2041 2081 2009
3 1477 1445 1590
3 1778 2145 2041
3 12 590 815
3 1625 1805 2187
3 1717 1777 1972
3 2419 764 397
3 1093 89 1439
3 1776 1903 1935
3 370 1054 1970
3 843 1321 971
3 1801 1802 2215
3 1621 1670 1645
3 111 1086 2053
3 1964 1771 1965
3 1692 1055 1694
3 1827 1748 1898
3 2003 1928 1528
3 124 99 2403
3 2372 1963 1961
3 1766 2034 1901
3 1897 1858 1925
3 1765 1729 1925
3 1765 1925 1858
3 2388 2092 1394
3 1312 811 1153
3 1480 1767 1503
3 123 1561 1397
3 1999 1826 1745
3 1794 1896 1857
3 1794 1610 1896
3 1896 1998 2244
3 1294 234 490
3 1580 2205 1709
3 312 321 1317
3 1761 1791 1762
3 1685 1762 2178
3 1405 757 1409
3 2162 1873 2159
3 1726 1893 2029
3 1852 2031 2071
3 2004 2270 2186
3 89 1093 1284
3 395 1735 1269
3 1675 1744 1889
3 2029 1787 1726
3 1022 2263 1198
3 2068 1892 2029
3 1891 2070 1818
3 1890 1891 1818
3 1782 1721 1784
3 1818 2070 1894
3 1781 1815 1990
3 1801 1933 1967
3 1921 1877 1842
3 2295 373 1671
3 1842 1847 1986
3 1846 1844 1812
3 1844 1843 1812
3 1405 826 622
3 1842 1841 1838
3 1847 1813 1950
3 1842 1839 1847
3 373 2295 85
3 1847 1839 1813
3 1812 1809 1840
3 1407 964 1589
3 2488 1923 420
3 1888 745 746
3 1840 1809 1873
3 1872 1836 1839
3 2018 1812 1840
3 1839 1836 1813
3 1950 1986 1847
3 1809 1835 1912
3 2349 1885 92
3 1911 1946 1874
3 1519 1765 1796
3 464 1483 737
3 2348 1509 281
3 1778 2041 2009
3 335 2084 1031
3 1282 1276 1553
3 1904 1830 1866
3 2416 2122 2156
3 1664 1069 1061
3 1772 1931 1966
3 1931 1772 1770
3 1129 85 2295
3 1800 1930 1862
3 1648 955 836
3 2013 1980 1834
3 1935 2215 1802
3 1827 1798 1748
3 949 1888 746
3 1748 1926 1898
3 2033 1747 2072
3 1606 887 1774
3 1962 1590 1927
3 1927 1590 1746
3 1925 1731 1827
3 1494 1458 1338
3 1765 1858 1796
3 2409 1617 237
3 1745 1796 2114
3 1186 953 1751
3 1983 419 1423
3 187 2465 2446
3 905 1718 903
3 1636 1853 1958
3 1785 1594 527
3 2268 227 1162
3 1757 1895 1758
3 2064 593 1908
3 1681 1821 1603
3 1850 1895 1757
3 693 2064 1551
3 1892 1994 1889
3 1462 697 1756
3 1753 1848 1782
3 1526 172 2173
3 1753 1781 1848
3 1157 1851 378
3 2296 1599 919
3 1755 99 124
3 1843 1915 1812
3 1812 1915 1809
3 1366 1406 1472
3 1871 1911 1874
3 1621 1696 1670
3 1868 1974 1752
3 1874 1946 1834
3 709 837 800
3 58 103 1102
3 2001 279 1663
3 1599 2442 919
3 1740 1868 1574
3 1795 2459 2239
3 506 482 2393
3 1700 1805 1625
3 2443 2442 1259
3 1724 1677 1653
3 1699 1866 1830
3 2337 730 1069
3 1777 1717 1803
3 1776 1738 1830
3 1802 1776 1935
3 1965 1695 1801
3 2118 1770 1862
3 1861 1734 1749
3 1770 1714 1800
3 1798 1768 1748
3 184 190 187
3 1078 1647 1488
3 2111 395 574
3 1467 1455 1069
3 114 100 88
3 1451 1312 1153
3 2114 1796 1858
3 178 156 170
3 130 342 2396
3 2063 1529 2206
3 1740 2217 1805
3 2113 1728 1709
3 1603 1452 1378
3 2062 1158 2059
3 411 27 463
3 823 2129 1155
3 1892 1889 1787
3 139 771 574
3 1816 1675 1887
3 246 814 195
3 1730 1710 1639
3 1675 1889 1887
3 1164 823 1468
3 255 1471 2185
3 184 187 1902
3 1815 1781 1754
3 877 183 1823
3 2161 1671 1667
3 1874 1834 2015
3 1800 1484 1662
3 1730 1639 1687
3 1143 1577 2345
3 1625 2343 1831
3 1054 370 365
3 1802 1696 1776
3 255 164 1471
3 1793 1826 1999
3 1776 1737 1738
3 1802 1670 1696
3 1620 1864 1736
3 1695 1670 1801
3 1966 1864 1620
3 1864 1934 1736
3 2326 641 679
3 2164 1690 480
3 1420 1421 1282
3 1797 1926 1748
3 341 322 453
3 1289 1607 542
3 1797 1747 2033
3 1798 1733 1768
3 755 504 220
3 1531 1797 1748
3 1616 2472 1003
3 724 1814 1982
3 1259 2315 2443
3 1355 140 641
3 1747 1503 1767
3 1298 833 2425
3 2034 1766 1859
3 1729 1731 1925
3 2344 1149 1691
3 1687 1857 1730
3 1762 1685 1686
3 1517 1794 1857
3 1305 183 1704
3 2104 1567 1756
3 1580 1539 1924
3 1696 1621 1646
3 1707 1633 1458
3 839 2142 1187
3 6 2001 1654
3 2164 1129 2295
3 1131 2341 1327
3 1680 1603 1726
3 1554 1680 1726
3 1890 1723 1721
3 1149 2344 2359
3 2379 1383 1881
3 1742 121 1409
3 1753 1784 1720
3 1656 478 1814
3 1784 1753 1782
3 1416 1579 1111
3 1753 1754 1781
3 2359 347 1513
3 1738 1699 1830
3 505 2254 2277
3 1876 118 2093
3 1181 1488 305
3 1972 1866 1719
3 1696 1737 1776
3 2302 1663 294
3 1606 1774 2005
3 1942 1752 1974
3 1734 2035 1595
3 1874 2015 1875
3 2167 58 164
3 1712 1928 1860
3 1641 1860 1660
3 1679 581 853
3 130 2396 758
3 2341 2344 1691
3 1765 1519 1729
3 925 1115 1334
3 1538 1728 1998
3 2283 849 1671
3 1301 2296 575
3 2031 1685 2178
3 2089 1001 1541
3 1251 214 1545
3 1850 1757 1894
3 1790 1414 1758
3 219 261 2323
3 190 1434 2105
3 2240 2176 2028
3 1677 1890 1818
3 1890 1677 1724
3 1724 1723 1890
3 1453 1396 1454
3 1816 1722 1675
3 1721 1720 1784
3 2161 30 2172
3 1754 1720 1816
3 1753 1720 1754
3 2261 2467 222
3 1650 1673 1905
3 1831 1674 1626
3 2078 1702 1651
3 1631 1725 1630
3 2437 1383 2379
3 2303 1492 2478
3 2256 2100 2107
3 1972 1719 1717
3 2115 1241 1076
3 2191 2222 2152
3 1697 1717 1624
3 2220 2067 937
3 2225 1923 1429
3 1864 1966 2076
3 1858 1897 2114
3 2380 2234 992
3 1772 1714 1770
3 471 1138 1551
3 1907 357 1380
3 1769 2035 1734
3 1405 121 826
3 2309 1501 451
3 2342 884 1870
3 2234 2088 2236
3 573 1233 27
3 1963 1527 1710
3 1766 1901 1588
3 622 826 1027
3 1796 1745 1583
3 119 1799 316
3 1826 1793 1498
3 1381 1402 1885
3 1203 754 120
3 1787 1631 1726
3 1631 1787 1725
3 1655 1677 1818
3 1526 2173 2319
3 1723 1652 1721
3 797 318 590
3 1720 1721 1722
3 1752 1942 1673
3 1574 1627 1740
3 1651 1741 2078
3 1626 1625 1831
3 2367 769 1447
3 1649 1807 1640
3 243 2324 266
3 1010 1640 1982
3 1595 1619 1734
3 1693 1566 1660
3 1228 115 309
3 938 1422 1585
3 373 14 1671
3 1767 1480 1962
3 1930 1929 2116
3 1901 1746 1588
3 1792 2265 115
3 1766 1659 1859
3 1859 1659 1587
3 1499 1564 1588
3 1583 1745 1826
3 1119 184 1535
3 1583 1518 1796
3 1639 1424 1687
3 2107 610 276
3 1237 2197 409
3 1520 1519 1291
3 1417 1580 1709
3 1494 1707 1458
3 227 192 633
3 2462 2297 2296
3 1655 1818 1894
3 1555 1894 1757
3 1604 190 2105
3 1631 1554 1726
3 1529 304 1516
3 501 972 546
3 1760 2126 203
3 2048 387 2040
3 904 613 887
3 1224 870 1855
3 1752 1574 1868
3 1833 1700 1674
3 1701 1651 1975
3 2006 679 641
3 1740 1627 1650
3 2126 1385 2272
3 1668 1771 1749
3 1861 1749 1771
3 1533 1714 1772
3 1546 1749 1619
3 2060 1257 1397
3 2369 2266 201
3 1579 1416 1585
3 1797 1644 1485
3 1798 1592 1369
3 1485 1747 1797
3 578 923 1742
3 1662 1566 1693
3 1329 1197 1484
3 1485 1503 1747
3 2405 486 863
3 1641 1712 1860
3 1859 1587 1474
3 1590 1962 1480
3 1729 1524 1731
3 1521 1424 1313
3 1426 1119 1421
3 1519 1796 1518
3 1550 1572 1536
3 478 1656 2237
3 562 1289 2474
3 1607 687 2490
3 1186 1751 609
3 1979 2013 1946
3 1686 1613 1611
3 1582 1686 1685
3 2288 1785 527
3 1611 1761 1686
3 1849 1147 2456
3 1609 1958 1791
3 1709 1728 1634
3 550 2427 1743
3 2301 579 6
3 1022 627 1025
3 1630 1744 1653
3 1955 2022 1921
3 1653 1652 1724
3 1724 1652 1723
3 1798 1369 1328
3 1722 1652 1675
3 1597 1279 1487
3 1514 1650 1627
3 2177 1824 1895
3 1624 1719 1550
3 1572 1719 1699
3 1719 1624 1717
3 4 958 667
3 1600 1548 1738
3 1697 1624 1672
3 1598 1934 1672
3 1421 393 2475
3 1287 1467 230
3 1695 1645 1670
3 1771 1668 1695
3 1620 1533 1772
3 509 374 578
3 1095 1465 440
3 1615 1773 863
3 2310 2163 2154
3 1928 1712 1528
3 505 1581 630
3 1827 1731 1592
3 1237 1584 2197
3 1710 1502 1639
3 1859 1595 2035
3 1590 1499 1746
3 1369 1592 1731
3 539 2469 237
3 1524 1369 1731
3 1638 1588 1564
3 1766 1638 1659
3 1584 2288 2287
3 1564 1341 1540
3 1638 1613 1659
3 1564 1540 1638
3 1713 10 1241
3 1633 1924 1539
3 1998 1610 1538
3 1958 1635 1636
3 1725 1889 1744
3 1652 1722 1721
3 261 989 2323
3 637 702 449
3 1680 1452 1603
3 2067 911 2165
3 1744 1630 1725
3 1934 1775 1697
3 1653 1675 1652
3 668 981 1183
3 1975 1651 1702
3 1625 1626 1674
3 1354 1390 1120
3 905 903 11
3 2154 1716 2297
3 124 14 2483
3 2030 1026 1825
3 1596 1620 1736
3 1934 1596 1736
3 1598 1596 1934
3 1695 1668 1645
3 1862 1770 1800
3 1649 1640 1010
3 1668 1749 1546
3 1619 1373 1546
3 83 1358 1923
3 764 459 327
3 143 139 574
3 905 11 696
3 1425 1641 1660
3 1528 1527 1963
3 1712 1544 1528
3 2334 2184 1684
3 1492 2337 1491
3 1710 1527 1502
3 602 593 2210
3 2327 2418 2477
3 1592 1798 1827
3 1729 1519 1520
3 841 955 1321
3 1520 1524 1729
3 1321 843 841
3 2477 330 700
3 2146 1805 1944
3 1289 542 932
3 1709 1459 1417
3 1728 1538 1634
3 2202 1899 2200
3 1636 1635 1461
3 1958 1609 1635
3 1633 1415 1458
3 1457 1377 1790
3 923 1275 1742
3 1758 1414 1605
3 1260 119 97
3 1555 1757 1605
3 1602 469 441
3 1630 1653 1677
3 1701 1741 1651
3 1700 1625 1674
3 1673 1650 1514
3 1523 144 2043
3 64 563 1300
3 213 1004 293
3 596 617 740
3 900 1386 1900
3 1601 1572 1699
3 1719 1572 1550
3 2048 1718 1908
3 1498 1793 1442
3 1621 1645 1571
3 1331 1768 1733
3 1733 1798 1328
3 519 1509 853
3 1157 930 2423
3 220 504 613
3 1407 1589 972
3 2088 1365 1189
3 1914 754 1203
3 1473 151 817
3 1587 1659 1613
3 1738 1573 1699
3 1521 1517 1687
3 769 2367 2481
3 1613 1686 1582
3 1540 1611 1613
3 1370 1541 2093
3 1685 1361 1582
3 603 83 1923
3 1610 1440 1538
3 1438 2031 1852
3 1497 1440 1610
3 1757 1758 1605
3 2366 2239 2459
3 553 855 1314
3 993 611 100
3 377 618 560
3 1788 1681 1995
3 124 2283 14
3 2355 51 1679
3 1378 1681 1603
3 1894 1576 1655
3 1554 1631 1490
3 1631 1630 1575
3 1575 1677 1655
3 1630 1677 1575
3 2225 1429 1348
3 1601 1699 1573
3 2409 1616 1617
3 534 493 577
3 83 105 2053
3 1455 1287 802
3 1673 1552 1574
3 1438 1852 1995
3 1536 1672 1624
3 1573 1548 1489
3 1646 1621 1547
3 1598 1597 1596
3 1621 1571 1547
3 1597 1570 1596
3 1596 1570 1533
3 752 751 2245
3 1749 1734 1619
3 1331 1733 1328
3 1717 1697 1803
3 1331 1531 1768
3 1709 1634 1459
3 604 345 805
3 684 1716 2163
3 1713 1706 1066
3 1359 1192 950
3 884 1865 1870
3 1639 1542 1424
3 2030 616 961
3 1588 1746 1499
3 1529 2063 1557
3 2182 1860 1928
3 1687 1424 1521
3 1613 1638 1540
3 1613 1582 1587
3 1587 1582 1562
3 756 515 1264
3 1672 1934 1697
3 2444 930 1282
3 1952 943 957
3 1580 1417 1539
3 2490 227 633
3 1609 1761 1611
3 1685 2031 1361
3 693 635 2210
3 1249 345 1272
3 1284 808 820
3 479 596 489
3 1396 1230 1231
3 1576 1555 1454
3 418 398 336
3 1680 1554 1452
3 1552 1627 1574
3 245 586 1014
3 1631 1575 1490
3 1574 1752 1673
3 1600 1737 1646
3 1640 1807 1468
3 452 2112 1612
3 1410 1712 1641
3 1086 1257 1727
3 2435 971 117
3 1743 1952 957
3 236 309 1914
3 1290 1207 1285
3 1595 1859 1387
3 1350 2476 1368
3 2335 1845 374
3 1421 1420 2242
3 1384 34 895
3 2125 2156 1911
3 1519 1518 1291
3 1221 2121 1379
3 1111 1579 1275
3 757 2069 756
3 757 2374 2069
3 1226 933 876
3 181 695 2358
3 1538 1440 1634
3 1495 716 252
3 635 602 2210
3 1565 196 205
3 2133 2103 2065
3 1644 1797 1531
3 1454 1515 1576
3 1061 1455 802
3 1576 1515 1655
3 1655 1515 1575
3 1164 2129 823
3 881 2167 1688
3 1627 1552 1514
3 1644 1531 1505
3 1489 1548 1512
3 1550 1536 1624
3 1600 1512 1548
3 1600 1547 1512
3 1600 1646 1547
3 1738 1737 1600
3 29 81 38
3 922 476 1404
3 1620 1596 1533
3 1714 1533 1506
3 1668 1333 1449
3 2383 2193 108
3 304 2204 1327
3 1503 1485 1302
3 169 112 154
3 433 434 484
3 1388 1528 1544
3 1888 20 745
3 1480 1503 1482
3 1377 1457 1494
3 1481 1425 1660
3 1633 1539 1415
3 609 1751 1750
3 633 192 1779
3 1759 2120 895
3 1444 1415 1539
3 1937 502 1006
3 1611 1443 1609
3 1218 805 345
3 1310 1634 1440
3 1287 2323 802
3 2385 1585 1683
3 1443 1635 1609
3 440 1192 275
3 2092 2452 56
3 1458 1415 1338
3 1708 1185 346
3 2359 2344 125
3 1414 1790 1377
3 566 770 591
3 1454 1555 1453
3 1515 1454 1413
3 2454 635 693
3 2154 2297 2462
3 679 2165 2326
3 1489 1601 1573
3 2014 2357 2157
3 1572 1601 1511
3 1598 1536 1597
3 1536 1511 1597
3 1566 1323 1481
3 1487 1570 1597
3 1449 1571 1645
3 1486 1333 1668
3 1486 1668 1546
3 1330 1714 1506
3 1148 1143 1773
3 1420 1282 1553
3 1248 1341 1564
3 2043 144 2200
3 49 71 91
3 1604 2105 1763
3 2453 2495 2291
3 1524 1324 1369
3 1771 1964 1861
3 1813 1836 1871
3 1361 1562 1582
3 1618 637 809
3 1583 1826 1401
3 1826 1382 1401
3 1539 1463 1344
3 1539 1417 1463
3 1443 1611 1540
3 1415 1444 1418
3 757 1405 2374
3 121 1405 1409
3 2138 1654 1820
3 1453 1605 1414
3 1456 1413 1454
3 439 2500 2501
3 2004 2186 552
3 101 1783 2390
3 2488 2470 1429
3 1444 1244 1475
3 1040 817 1028
3 1453 1555 1605
3 1515 1490 1575
3 1490 1450 1554
3 761 580 665
3 1511 1601 1489
3 795 834 549
3 700 92 1402
3 1666 963 1426
3 1484 1353 1662
3 2059 2202 2470
3 1714 1330 1329
3 1331 1392 1531
3 269 1759 249
3 1434 190 184
3 1595 1387 1357
3 1346 1364 1268
3 1428 1527 1528
3 440 275 1187
3 1428 1502 1527
3 371 2234 2380
3 1660 1566 1481
3 1425 1410 1641
3 2257 2382 2191
3 1425 1481 1475
3 1332 2138 1483
3 1564 1499 1445
3 1587 1406 1474
3 1524 1469 1324
3 1418 1444 1476
3 1521 1342 1517
3 103 669 1102
3 144 2202 2200
3 1665 2088 2234
3 1015 1855 46
3 1589 964 280
3 164 255 2167
3 1442 1461 1363
3 1283 1361 2031
3 62 1937 1808
3 1438 1995 1681
3 1395 1452 1436
3 1452 1450 1436
3 1452 1554 1450
3 2138 896 66
3 14 373 2483
3 1514 1552 1673
3 729 1507 369
3 537 398 418
3 1393 1533 1570
3 1506 1533 1393
3 1486 1546 1373
3 20 2026 1703
3 288 1825 491
3 519 2147 1509
3 2469 539 495
3 1503 1302 1482
3 1566 1662 1353
3 581 519 853
3 1388 1428 1528
3 1211 1305 1704
3 1480 1482 1477
3 1377 1156 1230
3 1424 1542 1371
3 1795 1086 111
3 1481 1476 1475
3 1649 1984 1807
3 1020 918 915
3 125 2216 2359
3 1475 1476 1444
3 1682 1044 2016
3 1562 1406 1587
3 359 211 241
3 1647 1078 1970
3 1484 1714 1329
3 1129 681 85
3 2241 2480 357
3 1444 1539 1344
3 1291 1518 1401
3 1518 1583 1401
3 1711 1072 895
3 1363 1461 1443
3 164 58 832
3 430 2229 1906
3 1497 1610 1794
3 2031 1438 1283
3 34 1384 2468
3 2265 1792 1756
3 1456 1454 1396
3 1263 2059 2488
3 1819 342 1264
3 1515 1413 1490
3 703 512 828
3 2380 2216 125
3 1619 1357 1373
3 1595 1357 1619
3 1706 1698 1114
3 1354 1542 1390
3 1388 1389 1428
3 459 1916 922
3 2064 693 2210
3 1665 2234 371
3 1982 667 1010
3 1865 326 1870
3 1281 234 1294
3 1424 1371 1295
3 1320 1425 1475
3 2312 1280 480
3 706 1448 1095
3 1472 1403 1470
3 1403 1472 1562
3 1470 1403 1347
3 1681 1378 1438
3 1341 1443 1540
3 751 220 2245
3 1498 1442 1363
3 1459 1634 1310
3 166 1983 2427
3 10 1076 1241
3 121 1742 2232
3 2451 583 2491
3 1578 1269 1508
3 1985 246 195
3 1327 2204 1131
3 1395 1258 1452
3 937 2067 621
3 2154 921 2310
3 1436 1450 1413
3 1413 1450 1490
3 1442 1636 1461
3 1375 1512 1547
3 2276 397 764
3 1084 1384 2120
3 1505 1531 1392
3 1505 1304 1644
3 1485 1644 1302
3 1357 1174 1373
3 1353 1484 1197
3 1114 21 765
3 1357 1387 1326
3 1712 1410 1544
3 1406 1446 1326
3 1141 303 2211
3 1573 1738 1548
3 483 364 448
3 2048 593 349
3 1323 1476 1481
3 1470 1366 1472
3 1668 1449 1645
3 971 281 843
3 1228 2415 115
3 1311 1417 1459
3 1443 1341 1363
3 1590 1480 1477
3 2263 1027 53
3 1218 1028 805
3 1436 1413 1456
3 1453 1414 1377
3 1245 524 407
3 1792 2104 1756
3 1876 2093 2248
3 1279 1511 1110
3 416 2075 2307
3 1556 2264 867
3 1547 1571 1139
3 1277 1487 1278
3 1487 1393 1570
3 2287 196 191
3 1474 1387 1859
3 1542 1354 1371
3 1422 1750 1683
3 1367 1425 1320
3 1426 1421 1666
3 1885 2349 2278
3 394 1071 1416
3 1366 1446 1406
3 729 369 2220
3 1477 1248 1445
3 1445 1248 1564
3 1167 1352 1446
3 1169 1299 1132
3 1186 2464 2305
3 1536 1598 1672
3 2080 1974 2190
3 2256 72 2100
3 1484 1800 1714
3 1312 183 1305
3 1426 2246 184
3 411 2276 327
3 480 1129 2164
3 1842 1986 1882
3 256 319 180
3 1361 1403 1562
3 1985 1178 803
3 746 1884 298
3 2356 1233 573
3 157 618 97
3 1311 1463 1417
3 1338 1415 1418
3 1020 1139 1037
3 1970 1427 1960
3 2496 2105 2394
3 1638 1766 1588
3 2443 2315 921
3 1030 893 1063
3 2287 2197 1584
3 1271 1188 1362
3 1360 1110 1489
3 1489 1110 1511
3 1375 1360 1512
3 1279 1597 1511
3 423 310 354
3 888 1087 1250
3 1328 1177 1331
3 1553 1504 1420
3 70 726 1225
3 668 526 1400
3 2220 937 729
3 1428 1389 1194
3 1325 1389 1388
3 1506 1393 1254
3 1353 1323 1566
3 1326 1387 1474
3 97 1380 1260
3 1367 1410 1425
3 851 176 1615
3 748 801 623
3 1371 1296 1295
3 1410 1367 1325
3 905 450 1718
3 1586 811 1936
3 1446 1366 1167
3 234 2153 490
3 1295 1313 1424
3 42 349 602
3 1291 1401 1124
3 250 217 216
3 1418 1273 1346
3 1212 1401 1382
3 195 814 2123
3 5 1300 839
3 1459 1310 1311
3 291 1359 41
3 600 958 961
3 1773 1143 863
3 192 227 2268
3 1209 1361 1283
3 1436 1308 1395
3 1159 1335 1396
3 1438 1378 1205
3 1385 1968 2272
3 1491 1537 2334
3 2123 814 1786
3 921 2315 2310
3 82 167 136
3 1139 1375 1547
3 2192 1226 878
3 1810 1522 1806
3 1243 1556 2404
3 1449 1229 1139
3 1698 1863 1114
3 1201 1505 1392
3 1373 1227 1486
3 1304 1505 1201
3 1936 1243 1559
3 1475 1244 1320
3 261 2174 989
3 1069 1455 1061
3 500 909 288
3 1173 1371 1354
3 1352 1326 1446
3 635 2454 1447
3 1422 1683 1585
3 1173 1296 1371
3 1323 1353 1171
3 1172 1369 1130
3 1789 1411 550
3 663 70 60
3 1130 1369 1324
3 814 246 33
3 143 1578 378
3 1559 1243 1232
3 1366 1470 1349
3 1520 1316 1469
3 1654 2138 1332
3 395 1269 574
3 1347 1293 1470
3 1290 1293 1347
3 832 58 1102
3 849 1478 1973
3 2001 1820 1654
3 751 755 220
3 1284 710 89
3 789 918 652
3 1363 1341 1270
3 1175 1197 1329
3 921 2154 2462
3 1270 1286 1363
3 465 2314 2347
3 788 1178 1985
3 1124 1401 1212
3 1286 1382 1498
3 1581 2228 1577
3 1283 1438 1205
3 1261 1308 1262
3 1190 39 1131
3 1335 1308 1436
3 1377 1230 1453
3 1453 1230 1396
3 914 33 246
3 184 2246 463
3 996 1176 1120
3 2026 1865 1224
3 1131 2344 2341
3 876 312 2448
3 2142 1178 788
3 1357 1196 1174
3 2344 1131 39
3 1973 1478 1073
3 2481 1507 769
3 179 204 271
3 449 1982 1640
3 1410 1325 1544
3 496 620 516
3 1054 1473 1040
3 1060 10 1713
3 1207 1206 1309
3 6 579 94
3 263 442 282
3 733 2089 1370
3 387 1996 1280
3 1167 1366 1349
3 1439 89 2175
3 1470 1293 1349
3 1098 1286 1270
3 67 63 68
3 2006 1471 1780
3 40 853 2348
3 1279 1140 1204
3 416 1274 1186
3 1324 1469 1217
3 1248 1270 1341
3 2470 2202 144
3 833 1298 405
3 2048 1996 387
3 1131 2204 1190
3 1332 562 2450
3 1463 1165 1344
3 1239 1214 1242
3 1579 2232 1275
3 1236 1338 1418
3 1363 1286 1498
3 526 668 1245
3 1309 1262 1362
3 1403 1361 1209
3 1362 1262 1208
3 982 1525 2213
3 1338 1210 1494
3 1262 1308 1335
3 1348 144 1523
3 796 1145 458
3 678 132 1112
3 1258 1179 1378
3 1263 2062 2059
3 1020 1375 1139
3 2062 1337 587
3 1429 2470 144
3 1330 1254 1175
3 2062 2044 1337
3 1507 729 1154
3 1331 1199 1392
3 1865 2026 1150
3 2488 2059 2470
3 495 1255 1232
3 1196 1352 1252
3 1289 562 1607
3 679 1780 2149
3 885 2192 878
3 1194 1390 1428
3 765 1149 1513
3 1296 1173 1079
3 1557 304 1529
3 1348 1429 144
3 1407 1004 1739
3 1273 1323 1220
3 1476 1323 1273
3 1299 1273 1220
3 1299 1346 1273
3 606 813 586
3 2342 334 330
3 1315 1247 1345
3 1313 1342 1521
3 1497 1794 1517
3 1364 1163 1268
3 1074 1313 1295
3 1236 1418 1346
3 1291 1316 1520
3 1315 1345 1163
3 602 349 593
3 2494 51 2158
3 1372 441 913
3 1271 1362 1345
3 1520 1469 1524
3 1285 1293 1290
3 921 2462 919
3 2055 1986 1950
3 1382 1286 1212
3 1209 1347 1403
3 21 1114 1863
3 602 635 137
3 1398 885 1070
3 1262 1335 1208
3 1297 1299 1169
3 1780 679 2006
3 1666 1421 2242
3 1206 1179 1258
3 651 546 1589
3 1159 1396 1231
3 1456 1396 1335
3 2121 2139 1379
3 1086 1727 2053
3 1110 1140 1279
3 1137 1360 1375
3 2093 118 2166
3 2093 2166 1370
3 1333 1229 1449
3 524 1253 1632
3 1135 1392 1199
3 1199 1331 1177
3 1171 1353 1197
3 1304 1201 1200
3 1294 490 1115
3 1327 321 328
3 1120 1176 1354
3 324 2174 2005
3 1357 1326 1196
3 405 1298 2393
3 1252 1352 1167
3 1352 1196 1326
3 1250 1477 1222
3 1219 1167 1349
3 1022 1198 959
3 1250 1248 1477
3 1447 769 257
3 16 2067 2149
3 16 621 2067
3 1299 1297 1346
3 606 586 1181
3 205 957 1569
3 1344 1244 1444
3 1316 1113 1469
3 1297 1315 1364
3 1197 1151 1171
3 2067 2165 2149
3 176 851 1599
3 372 610 2107
3 706 1095 788
3 1427 1218 1960
3 1285 1239 1242
3 1362 1161 1345
3 1182 1207 1290
3 919 2462 2296
3 1391 409 777
3 1286 1234 1212
3 1210 1338 1236
3 811 1586 414
3 1276 1578 1508
3 1262 1309 1261
3 1158 587 2226
3 1206 1308 1261
3 2106 454 1253
3 1159 1208 1335
3 258 186 87
3 1379 2139 682
3 1379 682 53
3 1179 1205 1378
3 1773 1786 1148
3 1020 1137 1375
3 1202 1333 1486
3 1135 1201 1392
3 977 934 897
3 1227 1373 1174
3 2139 2121 203
3 184 2391 1434
3 59 2331 2332
3 1175 1329 1330
3 1254 1107 1175
3 39 125 2344
3 2348 1339 2353
3 203 2121 1760
3 2126 1629 203
3 2280 294 1689
3 1948 2393 1298
3 1171 1220 1323
3 529 1492 1307
3 1103 1169 1063
3 1194 1389 1168
3 297 174 231
3 1952 1983 485
3 1711 726 1072
3 1103 1315 1297
3 1216 1219 1349
3 1364 1346 1297
3 2276 764 327
3 1216 1349 1242
3 523 689 525
3 53 682 403
3 1471 164 832
3 1418 1476 1273
3 1133 1034 1173
3 1362 1188 1309
3 1755 124 2483
3 759 751 752
3 1463 1311 1146
3 1202 1229 1333
3 1234 1286 1098
3 1078 1488 1181
3 2084 1579 1585
3 1755 1303 2186
3 99 1755 2186
3 1235 1440 1497
3 1243 1211 1556
3 679 2149 2165
3 1362 1208 1161
3 1261 1309 1206
3 1206 1182 1180
3 532 577 533
3 1283 1180 1209
3 639 373 85
3 1283 1205 1180
3 1780 1471 832
3 1855 1015 2021
3 469 427 140
3 1663 2153 2001
3 1153 2129 1451
3 1370 2089 1541
3 716 2104 1591
3 1204 1278 1279
3 1763 2105 2496
3 2300 2460 655
3 2300 657 2460
3 103 552 1303
3 1226 2192 933
3 2422 2489 2196
3 21 2132 565
3 1151 1197 1175
3 1682 2302 1044
3 1219 1216 1128
3 1704 877 657
3 2419 252 1602
3 1326 1474 1406
3 1389 1325 1168
3 1321 955 583
3 480 1280 1129
3 529 289 1492
3 1191 1247 1103
3 1987 1984 1817
3 1103 1247 1315
3 745 529 746
3 1296 1088 1295
3 1088 1074 1295
3 1088 1043 1074
3 1236 1346 1268
3 1239 1188 1214
3 1313 966 1240
3 1188 1271 1166
3 573 1404 2356
3 1561 1819 193
3 1290 1347 1182
3 1123 1235 1342
3 1311 1310 1146
3 2427 1983 1952
3 75 197 131
3 1517 1342 1235
3 1210 1377 1494
3 1230 1156 1231
3 1593 454 2106
3 1229 1202 1021
3 575 1773 1615
3 1258 1395 1308
3 1486 1227 1202
3 2248 1288 1272
3 1121 519 581
3 1302 1644 1304
3 956 710 1284
3 269 720 2120
3 1117 1177 1172
3 1106 1482 1302
3 1133 1173 1354
3 618 502 560
3 1064 1194 1168
3 1250 1222 1170
3 1220 1171 1132
3 1079 986 1296
3 1324 1217 1130
3 1320 1168 1367
3 1046 726 70
3 1398 1070 692
3 1368 291 1350
3 1191 1271 1247
3 1159 1142 1161
3 1216 1242 1214
3 1113 1316 1042
3 1993 808 1987
3 1127 1098 1270
3 1447 257 635
3 66 896 1441
3 1188 1239 1309
3 964 1407 2056
3 1177 1328 1172
3 1208 1159 1161
3 1268 1160 1236
3 1440 1146 1310
3 1124 1212 1184
3 1160 1210 1236
3 408 391 2500
3 705 2169 1402
3 1180 1179 1206
3 1179 1180 1205
3 553 868 1225
3 1136 1393 1277
3 42 602 137
3 956 2334 710
3 2206 1978 2063
3 1390 1091 1120
3 1174 1092 1035
3 257 137 635
3 1103 1297 1169
3 900 1900 100
3 1537 710 2334
3 742 699 511
3 1285 1207 1309
3 581 1679 628
3 1706 1114 1066
3 1553 1276 340
3 349 1996 2048
3 729 937 621
3 526 1245 407
3 1244 1116 1320
3 1165 1089 1244
3 1166 1271 1191
3 1166 1214 1188
3 1313 1074 966
3 1291 1042 1316
3 37 3 36
3 125 1215 2380
3 1315 1163 1364
3 743 2369 201
3 1863 1526 2322
3 1156 1377 1210
3 1222 1477 1482
3 1159 1231 1142
3 420 1263 2488
3 1233 1238 488
3 28 32 50
3 1507 1154 769
3 730 2303 909
3 1254 1393 1136
3 849 1973 276
3 1209 1182 1347
3 1135 1200 1201
3 83 603 2468
3 2393 482 405
3 2385 2084 1585
3 285 30 959
3 1092 1174 1196
3 822 994 857
3 1196 1252 1118
3 340 1276 1508
3 1106 1032 1170
3 1170 1222 1106
3 1118 1252 1080
3 1105 1193 1132
3 1632 407 524
3 1325 1388 1544
3 1132 1193 1169
3 1170 1032 1104
3 1063 1169 1193
3 235 1993 2147
3 1009 1170 1104
3 1080 1167 1219
3 2480 1799 357
3 1116 1168 1320
3 1217 1029 1130
3 1191 1077 1166
3 1244 1089 1116
3 1493 96 305
3 1127 1270 1248
3 536 1256 222
3 590 318 1739
3 2204 304 360
3 995 1045 1032
3 1125 1100 1165
3 113 128 239
3 1125 1235 1123
3 1240 1097 1057
3 1163 1160 1268
3 1057 1096 1342
3 1146 1235 1125
3 1041 1184 1234
3 1184 1212 1234
3 1342 1240 1057
3 62 1808 1365
3 1180 1182 1209
3 1142 1156 1210
3 1142 1231 1156
3 972 1589 546
3 30 1022 959
3 1142 1163 1161
3 1020 979 1137
3 1083 1139 1229
3 1235 1146 1440
3 1053 1052 1135
3 996 1120 1091
3 2330 2104 1792
3 1434 2394 2105
3 5 2434 2432
3 1079 1034 952
3 1335 1436 1456
3 752 2245 655
3 1164 1468 194
3 1173 1034 1079
3 754 1267 339
3 1162 464 737
3 1300 932 803
3 1117 1172 1130
3 1132 1171 1151
3 960 1002 824
3 126 112 98
3 552 2186 1303
3 2483 373 571
3 1304 1106 1302
3 1126 1216 1214
3 1128 1216 1126
3 1811 1819 123
3 1089 1165 1100
3 1285 1309 1239
3 1165 1463 1125
3 1463 1146 1125
3 1094 1005 1140
3 402 285 678
3 1557 2010 304
3 612 669 103
3 1160 1142 1210
3 1277 1278 1136
3 1021 1202 1051
3 1051 1202 1227
3 83 2468 105
3 2263 1560 1198
3 1035 1227 1174
3 627 1022 1949
3 1914 309 1735
3 1591 469 1602
3 716 1591 1602
3 1177 1117 1048
3 1982 449 724
3 756 342 130
3 1091 1194 1064
3 1665 371 1190
3 1581 221 630
3 1296 986 1088
3 951 1103 1063
3 1504 2242 1420
3 1558 832 1102
3 2180 1851 2461
3 1602 252 716
3 2272 1629 2126
3 1101 1217 1113
3 2491 907 600
3 227 2490 687
3 1602 441 2419
3 203 462 2139
3 1028 798 805
3 1983 1423 485
3 2196 1147 2422
3 1123 1342 1096
3 1096 1057 1024
3 1110 1094 1140
3 1162 1265 2268
3 1107 1033 1175
3 1293 1242 1349
3 1968 777 2272
3 1021 1083 1229
3 1050 2132 2322
3 1136 1081 1254
3 2487 1851 1157
3 1344 1165 1244
3 1069 1099 2337
3 1033 1151 1175
3 1092 1196 1118
3 176 1301 1615
3 881 1688 1108
3 1049 976 995
3 2330 1591 2104
3 681 639 85
3 952 986 1079
3 2123 1786 1773
3 2443 921 919
3 1012 1116 948
3 1217 1101 1029
3 1250 1170 1009
3 1558 1780 832
3 948 1116 1089
3 1250 1087 1127
3 459 913 911
3 137 2361 42
3 1113 1042 1085
3 1996 850 1280
3 1098 1127 1087
3 1743 2427 1952
3 1252 1167 1080
3 1184 1058 1124
3 673 285 402
3 1234 1098 1041
3 506 2393 161
3 1789 550 513
3 582 1300 5
3 1029 875 779
3 1204 1019 977
3 990 807 2175
3 1053 1135 1199
3 1136 912 1081
3 614 612 1303
3 1993 390 808
3 724 449 702
3 2410 2408 2409
3 1105 1132 1151
3 1080 1128 1062
3 1044 2447 2016
3 1192 440 557
3 1116 1012 1168
3 854 928 800
3 1062 987 1080
3 1012 1064 1168
3 951 1077 1191
3 1313 1240 1342
3 16 1764 621
3 1214 872 1126
3 903 1112 132
3 2442 2443 919
3 95 81 136
3 2005 1774 324
3 1006 90 615
3 1005 1109 1140
3 1345 1247 1271
3 2149 1780 16
3 1037 1139 1083
3 1100 1125 1123
3 1684 628 1307
3 1996 349 42
3 936 1021 1051
3 1052 1200 1135
3 1012 854 1064
3 1032 1049 995
3 119 1260 1799
3 997 1034 1133
3 2175 2324 990
3 2302 1682 1334
3 604 12 1082
3 1500 2147 1993
3 1065 1118 1080
3 1045 1104 1032
3 235 390 1993
3 1191 1103 951
3 1265 737 66
3 1059 1166 1077
3 1304 1049 1106
3 807 1614 194
3 1059 872 1214
3 1233 488 2391
3 328 2192 885
3 745 289 529
3 495 539 1255
3 1215 125 39
3 1240 966 1097
3 1083 983 1037
3 1110 1056 1094
3 2358 695 2416
3 288 1356 1340
3 1056 1137 979
3 910 930 1157
3 807 990 2328
3 245 377 370
3 137 257 86
3 1099 1491 2337
3 998 1176 929
3 1199 1048 1016
3 1112 402 678
3 929 996 821
3 1032 1106 1049
3 1682 2016 2319
3 1030 1193 1105
3 1151 988 1105
3 1779 192 869
3 987 1065 1080
3 1029 1117 1130
3 2446 1902 187
3 729 1144 1154
3 1144 729 621
3 985 948 1089
3 2322 2319 2016
3 888 1009 874
3 1085 1101 1113
3 1100 985 1089
3 1713 1066 1060
3 1041 1098 1008
3 1692 2448 2447
3 968 1041 1008
3 769 1154 257
3 1124 1058 1042
3 979 1036 1056
3 1083 1038 983
3 984 1024 1057
3 1190 1215 39
3 1038 1083 1021
3 1704 2300 2264
3 1154 1932 257
3 1056 1036 1094
3 1002 960 1018
3 1869 1867 171
3 876 933 312
3 1002 1053 1016
3 1689 279 6
3 1227 1000 1051
3 1017 2179 62
3 1227 1035 1000
3 1048 994 1016
3 912 931 712
3 420 2089 733
3 1117 994 1048
3 244 225 287
3 1030 1063 1193
3 2362 924 2206
3 970 793 966
3 987 1062 1011
3 651 1400 382
3 1009 888 1250
3 851 486 2406
3 966 1074 970
3 1100 967 985
3 1184 1041 968
3 371 2380 1215
3 458 452 1612
3 2200 1899 1888
3 936 1051 842
3 1053 1002 1018
3 1248 1250 1127
3 1586 1255 414
3 251 1663 2302
3 1081 999 1107
3 334 2349 330
3 571 373 639
3 998 1133 1176
3 997 952 1034
3 858 952 997
3 988 1151 1033
3 894 1117 1029
3 1104 1045 927
3 1263 1856 2062
3 2107 276 2256
3 371 1215 1190
3 1009 927 874
3 305 236 606
3 1088 986 1043
3 2140 1762 1791
3 2109 743 1893
3 830 1126 872
3 213 1195 815
3 506 1237 482
3 53 403 1560
3 1096 967 1123
3 1058 1184 968
3 1251 1545 356
3 984 1057 1097
3 1109 965 1023
3 936 842 768
3 915 979 1020
3 2100 72 208
3 1365 2088 1665
3 625 555 2112
3 1937 2179 502
3 976 1049 1200
3 1200 1052 976
3 1133 998 997
3 999 1033 1107
3 1257 1322 1727
3 1092 801 1035
3 991 1092 1118
3 1030 1105 988
3 1077 889 1059
3 1009 1104 927
3 2347 633 465
3 890 1043 986
3 464 687 562
3 221 1581 1577
3 1042 1058 969
3 726 855 1225
3 572 1773 575
3 463 2391 184
3 1558 2290 1780
3 967 1096 1024
3 1038 941 983
3 825 806 897
3 1005 965 1109
3 966 906 1097
3 1337 2278 334
3 1115 490 251
3 918 1020 1037
3 115 2415 1792
3 979 899 1036
3 376 2415 881
3 1617 1616 674
3 1579 335 2232
3 1558 1102 669
3 912 977 931
3 842 1051 1000
3 732 976 1052
3 340 1508 1462
3 1280 1530 1129
3 994 822 1016
3 542 914 246
3 994 1117 894
3 1000 1035 801
3 1291 1124 1042
3 819 995 976
3 1973 2256 276
3 991 1118 1065
3 542 246 1985
3 1616 1003 674
3 1825 2237 230
3 1272 345 1876
3 875 1101 1085
3 928 1012 948
3 908 889 1077
3 479 492 596
3 812 1043 890
3 889 872 1059
3 1667 372 30
3 968 944 1058
3 984 967 1024
3 1532 1683 1751
3 1683 1750 1751
3 2179 1937 62
3 42 2361 850
3 939 1037 983
3 1109 1023 901
3 920 1038 962
3 1039 1504 1495
3 2484 1508 1269
3 901 1019 1109
3 1133 1354 1176
3 816 890 835
3 405 482 189
3 977 1019 934
3 16 1780 2290
3 1053 935 1052
3 1560 2263 53
3 1192 557 262
3 944 968 1008
3 775 939 941
3 1074 1043 970
3 2328 1810 807
3 1144 621 1764
3 861 1016 822
3 161 2393 1948
3 996 1091 859
3 954 988 1033
3 2447 2448 1050
3 1763 1867 2108
3 856 954 534
3 962 902 920
3 30 2161 1667
3 773 965 1005
3 2264 1068 182
3 1819 1264 515
3 787 777 409
3 114 900 100
3 1435 1460 1292
3 962 1021 936
3 1021 962 1038
3 837 854 800
3 1232 1243 2404
3 1033 783 954
3 1018 935 1053
3 897 931 977
3 1683 1532 2385
3 861 1002 1016
3 335 1031 1479
3 1081 912 999
3 606 1181 305
3 1152 2226 326
3 995 819 1045
3 637 1618 629
3 2361 137 86
3 801 1092 991
3 819 892 1045
3 854 974 1064
3 817 1075 798
3 2450 562 2474
3 697 1433 1756
3 196 1565 191
3 1391 1237 409
3 835 986 952
3 1077 951 908
3 1011 1126 830
3 1043 812 970
3 257 1932 86
3 1327 328 1516
3 871 948 985
3 944 969 1058
3 846 967 984
3 1004 1593 293
3 1097 906 984
3 787 1376 777
3 941 939 983
3 733 1195 1856
3 773 1005 791
3 573 27 327
3 1532 1385 1223
3 1018 917 935
3 1277 1393 1487
3 193 515 2107
3 235 2147 738
3 302 181 2379
3 924 1978 2206
3 1069 1664 1099
3 821 859 784
3 2181 2114 2002
3 189 482 953
3 2271 2143 2034
3 550 1743 513
3 977 1136 1278
3 1491 1099 1537
3 1400 1589 280
3 926 987 1011
3 893 951 1063
3 1708 855 1185
3 1049 1304 1200
3 1356 2354 1340
3 762 526 407
3 1632 1253 946
3 869 1599 1779
3 612 1336 669
3 1545 10 78
3 2362 1337 940
3 871 985 967
3 382 1400 526
3 89 710 1623
3 984 906 886
3 1617 674 823
3 763 2106 1947
3 1355 913 441
3 917 1018 960
3 883 962 936
3 844 935 917
3 883 936 768
3 1496 612 639
3 862 1052 935
3 1194 1091 1390
3 860 998 929
3 859 821 996
3 1907 1380 813
3 452 625 2112
3 1416 1071 938
3 614 2483 571
3 857 994 894
3 88 615 90
3 1837 639 681
3 892 927 1045
3 614 1755 2483
3 1665 1190 360
3 779 894 1029
3 835 890 986
3 848 888 874
3 823 1155 539
3 854 837 974
3 846 871 967
3 1101 875 1029
3 984 886 846
3 1402 1883 1398
3 103 1303 612
3 443 1751 953
3 918 1037 939
3 1530 1280 850
3 902 962 883
3 708 800 760
3 868 1884 628
3 918 789 915
3 898 1019 901
3 1623 1537 1099
3 915 899 979
3 1019 898 934
3 1109 1019 1204
3 862 732 1052
3 1000 879 842
3 1692 876 2448
3 1126 1011 1062
3 293 1593 940
3 737 1483 66
3 640 858 997
3 976 747 819
3 859 1091 974
3 466 684 2310
3 988 954 856
3 288 2030 1825
3 360 1190 2204
3 947 927 892
3 733 1263 420
3 873 948 871
3 2192 312 933
3 795 908 834
3 830 872 699
3 828 793 970
3 1365 1665 360
3 1383 2387 1070
3 2087 1706 2495
3 965 739 1023
3 1788 2137 1821
3 111 727 2459
3 949 553 1314
3 1365 360 973
3 1080 1219 1128
3 617 760 831
3 917 690 844
3 2272 777 1376
3 1856 2044 2062
3 2166 1195 733
3 1370 2166 733
3 1036 899 864
3 960 690 917
3 940 2106 763
3 866 935 844
3 924 940 763
3 519 738 2147
3 862 935 866
3 653 654 570
3 861 711 824
3 2260 669 1336
3 1557 2063 964
3 816 812 890
3 974 837 859
3 1394 330 2477
3 2010 360 304
3 1530 681 1129
3 587 1337 334
3 928 854 1012
3 857 894 779
3 1030 988 856
3 48 65 47
3 1558 669 2260
3 2030 288 1340
3 998 640 997
3 2374 627 1949
3 2115 2495 1241
3 1824 1790 1758
3 1970 1054 1427
3 778 875 1085
3 1318 96 1493
3 795 889 908
3 1112 903 2040
3 120 2241 357
3 1526 2319 2322
3 1269 1735 2484
3 941 1038 845
3 1038 920 845
3 761 665 857
3 868 553 1884
3 1739 213 815
3 443 953 482
3 1739 815 590
3 503 790 676
3 1558 2260 2290
3 899 915 767
3 2197 787 409
3 715 824 711
3 847 1085 1042
3 712 999 912
3 998 860 804
3 747 976 732
3 858 640 664
3 952 858 799
3 1397 1561 438
3 1065 926 725
3 744 893 1030
3 799 835 952
3 800 928 760
3 951 893 908
3 1011 742 926
3 662 556 484
3 760 928 873
3 947 892 852
3 797 798 1075
3 760 873 831
3 607 713 645
3 591 753 646
3 795 794 889
3 1183 924 763
3 828 970 812
3 1177 1048 1199
3 829 871 846
3 723 906 793
3 547 773 592
3 901 1023 654
3 939 774 918
3 901 827 898
3 901 792 827
3 462 203 1629
3 790 934 865
3 825 934 790
3 2300 1704 657
3 199 290 278
3 1164 1823 2129
3 934 825 897
3 648 960 824
3 695 1044 2302
3 842 786 768
3 847 1042 969
3 711 626 715
3 822 711 861
3 2459 1795 111
3 783 1033 999
3 781 799 858
3 801 991 780
3 728 892 819
3 318 2056 1739
3 725 991 1065
3 728 852 892
3 1030 856 744
3 834 893 744
3 908 893 834
3 947 741 874
3 2450 2301 1332
3 741 848 874
3 848 810 944
3 1869 625 2108
3 967 1100 1123
3 1000 801 879
3 739 654 1023
3 1322 1001 1727
3 2139 462 682
3 292 215 310
3 901 654 792
3 902 883 694
3 721 865 827
3 791 1094 770
3 194 1468 1807
3 721 790 865
3 1751 443 1532
3 844 688 866
3 1036 864 770
3 906 966 793
3 411 463 428
3 864 718 770
3 2460 752 655
3 767 686 864
3 471 2064 173
3 79 44 146
3 996 929 1176
3 842 879 786
3 1576 1894 1555
3 821 860 929
3 2323 989 802
3 799 781 707
3 1876 345 25
3 991 725 818
3 816 835 799
3 2167 881 1676
3 168 154 177
3 704 778 847
3 873 871 829
3 873 829 831
3 1783 101 900
3 906 723 886
3 845 775 941
3 47 82 81
3 918 774 652
3 755 759 2340
3 368 2060 1941
3 2268 1265 1259
3 827 865 898
3 690 960 736
3 864 686 718
3 767 915 766
3 687 1607 562
3 1246 528 1612
3 2319 950 925
3 2301 1654 1332
3 1013 1007 2054
3 877 1704 183
3 1851 2180 378
3 574 1269 143
3 728 819 747
3 2054 2173 172
3 724 1656 1814
3 440 2142 1095
3 818 780 991
3 658 852 728
3 886 632 846
3 779 875 660
3 778 656 875
3 397 963 133
3 830 742 1011
3 831 740 617
3 741 810 848
3 213 1856 1195
3 1511 1536 1572
3 2456 1147 2196
3 793 828 631
3 1739 2056 1407
3 360 2010 973
3 774 939 775
3 2303 2478 1015
3 802 840 1061
3 1192 262 950
3 1416 1510 394
3 969 810 704
3 792 722 827
3 1932 1154 1144
3 844 690 650
3 213 2044 1856
3 646 806 825
3 1535 2424 175
3 731 768 786
3 735 732 862
3 454 946 1253
3 1825 230 491
3 931 897 806
3 857 665 822
3 781 858 664
3 441 140 1355
3 1155 2129 1153
3 857 779 761
3 661 859 837
3 2010 1557 2056
3 2001 2153 1820
3 1084 2120 720
3 778 704 634
3 795 701 794
3 701 699 794
3 1522 2460 657
3 547 965 773
3 1204 1140 1109
3 2132 1863 2322
3 975 1658 1837
3 1825 1026 2237
3 1017 1075 2179
3 612 614 639
3 2247 2446 2465
3 365 1473 1054
3 844 650 688
3 433 556 497
3 2301 6 1654
3 753 770 718
3 597 834 744
3 648 824 715
3 767 672 686
3 713 806 646
3 1530 850 1837
3 767 766 672
3 1334 2319 925
3 741 680 810
3 806 712 931
3 785 821 784
3 2223 2225 1348
3 338 1984 1987
3 859 661 662
3 1050 2016 2447
3 588 522 648
3 709 800 708
3 132 11 903
3 1016 1053 1199
3 818 725 598
3 1496 639 1837
3 1509 2348 853
3 760 617 708
3 2480 2241 2177
3 874 927 947
3 72 1973 1073
3 886 723 698
3 739 965 547
3 902 772 776
3 920 902 776
3 2356 1238 1233
3 773 791 592
3 772 902 694
3 2444 1282 2475
3 2021 2026 1224
3 338 1987 808
3 791 770 566
3 690 425 650
3 883 719 694
3 768 719 883
3 1569 957 2238
3 1764 16 2290
3 213 1739 1004
3 686 717 718
3 1026 961 4
3 440 1187 2142
3 589 732 735
3 831 829 740
3 975 2417 1658
3 1050 2322 2016
3 766 915 789
3 732 714 747
3 1434 2391 488
3 750 999 712
3 640 804 559
3 783 999 750
3 859 662 784
3 1679 868 628
3 1317 321 1327
3 2272 696 1629
3 747 516 728
3 1496 1837 1658
3 1143 2402 863
3 850 975 1837
3 783 750 558
3 513 527 1789
3 1883 328 885
3 115 1433 2484
3 1711 1185 726
3 780 818 619
3 2260 1658 2290
3 619 818 598
3 926 742 725
3 799 707 816
3 656 660 875
3 852 741 947
3 812 816 703
3 725 742 551
3 704 810 680
3 703 828 812
3 688 650 567
3 1875 1813 1871
3 1108 891 386
3 774 775 595
3 262 557 916
3 491 1467 500
3 801 748 879
3 827 722 721
3 1496 2260 1336
3 688 649 735
3 447 385 481
3 719 768 731
3 686 672 671
3 1764 2290 2417
3 672 734 683
3 785 642 860
3 860 642 804
3 642 559 804
3 605 711 822
3 666 879 748
3 781 664 601
3 904 1068 655
3 658 728 599
3 741 852 658
3 632 740 829
3 829 846 632
3 746 529 1884
3 1845 2485 1849
3 698 489 632
3 1496 1658 2260
3 772 677 776
3 792 675 722
3 731 541 719
3 1473 502 151
3 790 721 676
3 825 790 689
3 527 196 2288
3 503 689 790
3 652 647 789
3 866 688 735
3 588 648 715
3 672 766 734
3 685 734 766
3 786 685 731
3 1336 612 1496
3 785 860 821
3 1648 907 2491
3 822 665 605
3 2347 2490 633
3 977 912 1136
3 661 837 709
3 1288 1073 1628
3 576 816 707
3 658 636 741
3 703 816 576
3 1094 1036 770
3 1495 252 1039
3 1408 2328 990
3 698 632 886
3 677 775 845
3 1612 2112 1246
3 792 654 675
3 711 605 626
3 1965 1801 1967
3 675 721 722
3 161 1785 506
3 887 613 1774
3 215 112 126
3 1985 803 542
3 631 828 512
3 86 1932 2417
3 523 646 689
3 1280 2312 387
3 685 766 608
3 685 608 731
3 753 717 645
3 713 753 645
3 1725 1787 1889
3 786 624 685
3 2417 975 86
3 234 896 1820
3 796 458 1612
3 789 647 766
3 713 712 806
3 747 714 499
3 758 2396 1409
3 748 470 666
3 407 264 762
3 973 62 1365
3 599 728 516
3 1434 488 2394
3 780 619 623
3 1676 104 1318
3 744 856 534
3 659 709 708
3 1267 1914 1735
3 2287 191 2197
3 661 709 638
3 1849 2456 1845
3 1530 1837 681
3 1594 161 1948
3 701 795 549
3 723 508 698
3 1978 280 2063
3 940 924 2362
3 555 625 1869
3 2179 151 502
3 595 569 774
3 1867 1763 2496
3 675 676 721
3 1532 135 2385
3 2277 2311 2228
3 410 460 511
3 1337 2044 940
3 1004 972 1593
3 872 794 699
3 2302 1334 251
3 626 588 715
3 589 714 732
3 802 989 242
3 734 685 624
3 537 521 624
3 1223 2084 135
3 191 787 2197
3 1072 1759 895
3 954 783 558
3 1522 752 2460
3 601 707 781
3 1823 183 1451
3 1397 749 201
3 1195 2166 1082
3 753 718 717
3 597 530 549
3 1657 1466 1460
3 740 632 596
3 723 793 631
3 569 652 774
3 570 654 739
3 1867 1869 2108
3 653 675 654
3 1265 1162 737
3 1462 1567 127
3 509 578 1409
3 569 594 568
3 1008 888 944
3 459 573 327
3 377 560 370
3 713 646 753
3 1639 1502 1542
3 541 731 608
3 776 845 920
3 686 671 717
3 671 670 717
3 672 683 644
3 672 644 671
3 2330 1792 376
3 1404 1423 419
3 285 673 30
3 1632 946 264
3 607 712 713
3 600 907 958
3 585 626 605
3 538 712 607
3 750 712 538
3 535 662 661
3 659 638 709
3 481 623 619
3 534 954 558
3 2340 989 2174
3 636 658 599
3 656 620 660
3 551 598 725
3 2173 950 2319
3 86 975 2361
3 305 96 236
3 742 461 551
3 442 699 701
3 2361 975 850
3 516 499 435
3 1501 200 451
3 547 570 739
3 547 592 477
3 1082 2166 118
3 1884 1307 628
3 1322 2060 368
3 568 652 569
3 172 1526 206
3 592 791 566
3 400 299 308
3 2494 663 60
3 568 545 652
3 589 735 649
3 699 742 830
3 647 608 766
3 221 1577 1148
3 419 2356 1404
3 588 585 473
3 484 422 785
3 564 594 694
3 677 845 776
3 555 1246 2112
3 666 624 879
3 785 422 642
3 484 784 662
3 2225 2223 603
3 2138 1820 896
3 1 17 3
3 442 511 699
3 428 463 2246
3 34 1534 895
3 576 707 601
3 634 620 656
3 636 599 634
3 741 636 680
3 636 634 680
3 576 531 703
3 1526 1863 1698
3 706 1985 691
3 493 534 494
3 1937 615 1808
3 2232 1479 121
3 862 866 735
3 353 366 367
3 775 677 595
3 904 2245 613
3 1689 294 279
3 595 677 594
3 1002 861 824
3 594 772 694
3 1356 909 2303
3 93 116 150
3 425 690 543
3 647 652 545
3 181 302 1047
3 624 683 734
3 810 969 944
3 670 607 645
3 671 644 670
3 653 676 675
3 521 644 683
3 585 605 561
3 365 370 560
3 521 683 624
3 193 1819 515
3 605 665 580
3 825 689 646
3 916 1306 925
3 748 623 468
3 638 535 661
3 1368 2434 275
3 1144 1764 2417
3 599 620 634
3 2223 34 603
3 598 551 514
3 1443 1461 1635
3 1492 289 2478
3 347 1060 1066
3 539 237 823
3 570 455 653
3 1376 1399 2272
3 765 21 565
3 143 2180 139
3 454 1593 501
3 1836 1981 2049
3 688 567 649
3 70 663 1732
3 543 690 736
3 719 564 694
3 498 642 422
3 648 522 736
3 802 242 840
3 714 589 540
3 585 588 626
3 849 1657 1460
3 666 537 624
3 375 580 554
3 591 646 523
3 424 605 580
3 1932 1144 2417
3 100 611 88
3 535 556 662
3 1040 1473 817
3 546 1678 501
3 554 761 660
3 494 534 558
3 761 554 580
3 599 516 620
3 964 2056 1557
3 532 597 577
3 622 2374 1405
3 531 512 703
3 788 1095 2142
3 261 724 2174
3 511 461 742
3 508 489 698
3 723 631 508
3 569 595 594
3 1508 2484 1462
3 638 517 535
3 2434 5 275
3 487 592 566
3 567 650 425
3 615 88 1189
3 1883 1381 978
3 1881 1226 1055
3 1678 546 651
3 1150 1152 326
3 649 2500 540
3 617 492 708
3 747 499 516
3 470 537 666
3 564 568 594
3 1715 1563 1134
3 551 461 514
3 1813 1875 1950
3 468 470 748
3 701 507 442
3 375 496 415
3 1301 575 1615
3 558 483 494
3 2123 572 1716
3 660 620 496
3 501 226 454
3 617 596 492
3 924 1183 1978
3 507 701 549
3 631 510 508
3 119 157 97
3 677 772 594
3 587 334 2342
3 676 653 455
3 659 517 638
3 610 372 1667
3 2237 1026 478
3 523 544 591
3 408 649 567
3 540 499 714
3 335 1579 2084
3 564 541 545
3 1397 438 1941
3 591 544 566
3 719 541 564
3 540 589 649
3 588 473 522
3 998 804 640
3 559 664 640
3 584 670 644
3 1099 1664 1623
3 336 398 348
3 518 558 750
3 417 664 559
3 963 2246 1426
3 497 556 535
3 497 535 517
3 601 664 417
3 467 659 708
3 264 838 762
3 446 514 412
3 632 489 596
3 1272 1288 1249
3 1656 724 261
3 392 508 510
3 547 477 570
3 475 503 676
3 691 1437 706
3 504 1774 613
3 487 566 544
3 568 564 545
3 973 2010 2056
3 736 522 543
3 236 96 309
3 545 608 647
3 733 1856 1263
3 541 608 545
3 980 762 838
3 670 584 607
3 605 424 561
3 559 642 498
3 2419 441 1372
3 526 762 980
3 558 518 483
3 1666 2242 133
3 946 454 226
3 516 415 496
3 1842 1838 1839
3 744 577 597
3 468 623 481
3 266 840 243
3 660 496 554
3 619 447 481
3 601 417 413
3 597 532 530
3 1569 1565 205
3 2206 978 2278
3 1667 276 610
3 2396 509 1409
3 410 511 426
3 691 1985 195
3 1412 838 264
3 455 475 676
3 592 487 477
3 357 1799 1260
3 510 631 444
3 453 543 522
3 301 248 209
3 59 743 749
3 1441 1622 66
3 264 946 1412
3 1658 2417 2290
3 559 498 388
3 2060 1397 1941
3 2069 1949 515
3 346 1185 1711
3 470 421 537
3 89 2324 2175
3 1017 2056 318
3 889 794 872
3 415 516 435
3 520 538 607
3 659 431 517
3 467 431 659
3 496 375 554
3 459 764 1372
3 576 601 413
3 226 1319 396
3 2419 1372 764
3 447 619 446
3 2237 219 230
3 392 489 508
3 2223 1534 34
3 788 1985 706
3 408 2500 649
3 474 487 525
3 462 1629 696
3 1750 945 609
3 243 840 242
3 13 54 31
3 689 474 525
3 1356 2452 2357
3 1412 946 226
3 477 455 570
3 1809 1912 1873
3 607 584 520
3 521 584 644
3 296 333 444
3 577 493 533
3 1735 115 2484
3 192 2268 1259
3 538 472 750
3 1591 386 891
3 2153 234 1820
3 521 537 418
3 432 470 468
3 2302 1705 695
3 219 1287 230
3 532 533 429
3 238 301 406
3 1732 1046 70
3 1478 849 1460
3 1001 1358 1727
3 1007 41 2054
3 477 487 474
3 1145 796 1213
3 475 477 474
3 487 544 525
3 1663 251 2153
3 544 523 525
3 474 689 503
3 543 343 2501
3 453 343 543
3 526 980 382
3 553 298 1884
3 358 283 325
3 2 2132 1050
3 584 521 418
3 520 584 418
3 520 353 472
3 518 750 472
3 498 354 388
3 434 422 484
3 421 398 537
3 556 433 484
3 2129 1823 1451
3 497 517 431
3 651 382 1678
3 2174 324 2340
3 388 417 559
3 475 474 503
3 533 493 429
3 392 445 489
3 2319 1334 1682
3 95 146 44
3 282 442 457
3 62 973 1017
3 290 152 260
3 430 1274 2375
3 290 199 152
3 1399 173 450
3 439 540 2500
3 896 234 1281
3 515 1949 2107
3 418 353 520
3 21 1863 2132
3 1829 1568 942
3 424 580 379
3 2340 242 989
3 787 1374 471
3 1522 1810 2328
3 1299 1220 1132
3 267 292 310
3 432 468 481
3 813 1203 1907
3 362 413 417
3 1121 2184 738
3 413 384 531
3 1517 1857 1687
3 5 2432 80
3 383 412 461
3 514 446 598
3 1207 1182 1206
3 460 461 511
3 312 2192 321
3 530 381 507
3 507 381 457
3 332 426 511
3 2385 135 2084
3 1522 2328 759
3 455 477 475
3 425 391 567
3 1428 1390 1502
3 205 527 513
3 434 267 422
3 1664 266 1623
3 327 27 411
3 710 1537 1623
3 1648 1649 1010
3 466 195 684
3 481 385 432
3 379 580 375
3 782 838 1412
3 1870 2226 2342
3 2478 289 745
3 483 448 494
3 1091 1064 974
3 226 942 1412
3 359 532 429
3 656 778 634
3 631 512 444
3 114 88 1090
3 457 442 507
3 2401 458 1145
3 263 323 442
3 382 980 982
3 442 332 511
3 453 522 473
3 1664 1061 266
3 406 453 473
3 152 160 260
3 473 585 389
3 585 561 355
3 400 435 499
3 1017 973 2056
3 118 25 1082
3 367 483 518
3 194 877 1823
3 497 431 433
3 345 604 25
3 55 24 61
3 361 494 448
3 555 1869 1411
3 317 447 446
3 460 383 461
3 489 445 479
3 442 323 332
3 1213 1298 2425
3 585 355 389
3 354 331 388
3 561 401 355
3 401 561 424
3 472 353 367
3 422 423 498
3 1843 1878 1917
3 287 417 388
3 329 287 388
3 1561 193 438
3 472 367 518
3 433 431 337
3 1504 340 1495
3 467 337 431
3 782 980 838
3 361 493 494
3 782 1412 942
3 447 229 232
3 942 226 396
3 384 512 531
3 1608 980 782
3 1525 982 980
3 530 532 359
3 410 383 460
3 977 1278 1204
3 1257 2060 1322
3 1433 697 2484
3 982 1678 382
3 501 1678 1319
3 331 329 388
3 1328 1369 1172
3 286 424 379
3 507 549 530
3 404 443 1391
3 2349 334 2278
3 470 432 421
3 1228 104 2415
3 306 417 287
3 417 306 362
3 77 159 91
3 1973 72 2256
3 239 241 145
3 448 364 366
3 429 493 211
3 447 232 385
3 2242 1504 133
3 1906 189 953
3 1198 1560 285
3 256 384 413
3 333 510 444
3 1703 2026 2021
3 530 359 381
3 408 567 391
3 1015 1356 2303
3 1319 226 501
3 97 377 1014
3 313 355 401
3 809 867 182
3 598 446 619
3 286 401 424
3 1211 1704 2264
3 336 351 418
3 367 364 483
3 398 421 348
3 285 959 1198
3 222 1256 2261
3 375 415 307
3 348 385 232
3 2394 166 2496
3 586 245 1181
3 296 444 384
3 272 457 381
3 410 358 383
3 280 981 1400
3 426 344 410
3 510 333 392
3 358 410 344
3 386 2330 376
3 344 426 332
3 112 215 177
3 439 341 437
3 341 439 268
3 696 2272 1399
3 310 300 354
3 437 400 499
3 1591 427 469
3 340 1504 1553
3 353 418 351
3 285 1560 678
3 421 432 348
3 364 367 366
3 385 348 432
3 20 1703 745
3 351 336 350
3 479 297 492
3 445 392 333
3 445 297 479
3 446 412 317
3 473 389 406
3 235 820 390
3 36 49 91
3 1437 691 1431
3 100 356 992
3 293 2044 213
3 282 457 272
3 1591 2330 386
3 884 1394 2092
3 267 434 265
3 351 350 363
3 78 10 347
3 415 352 307
3 375 307 277
3 787 173 1376
3 1984 1430 1807
3 448 366 363
3 2489 2422 2371
3 684 195 2123
3 320 211 493
3 1343 1690 882
3 323 271 332
3 295 2501 343
3 1568 1608 782
3 942 1568 782
3 1807 1430 194
3 1472 1406 1562
3 178 170 300
3 253 344 271
3 1168 1325 1367
3 353 351 366
3 1483 2138 66
3 337 467 198
3 514 461 412
3 351 363 366
3 273 362 306
3 198 467 231
3 2340 324 755
3 297 231 492
3 362 319 256
3 254 384 256
3 333 297 445
3 297 333 296
3 358 325 383
3 325 412 383
3 1319 1678 982
3 268 2501 295
3 268 439 2501
3 401 278 313
3 406 389 238
3 300 314 331
3 313 202 389
3 355 313 389
3 476 1920 485
3 761 779 660
3 437 406 301
3 519 1121 738
3 313 278 311
3 980 1608 1525
3 278 401 286
3 422 267 310
3 400 308 435
3 352 435 308
3 944 888 848
3 379 277 286
3 2240 316 2479
3 2276 428 963
3 1774 504 324
3 422 310 423
3 265 434 337
3 1025 627 622
3 348 284 336
3 363 320 361
3 413 362 256
3 2134 315 1783
3 540 439 437
3 407 1632 264
3 450 173 2064
3 2463 1962 1927
3 2406 2252 851
3 2245 904 655
3 271 344 332
3 343 453 322
3 1543 2426 436
3 299 400 301
3 400 437 301
3 453 406 341
3 500 288 491
3 284 348 232
3 223 320 363
3 2464 1186 609
3 447 317 229
3 429 211 359
3 283 358 344
3 300 331 354
3 1430 1984 338
3 300 215 178
3 314 329 331
3 548 2144 880
3 287 273 306
3 337 198 265
3 1228 96 104
3 1090 2134 114
3 273 319 362
3 1479 2232 335
3 1082 12 1195
3 317 412 325
3 381 241 272
3 1374 787 191
3 322 341 268
3 1707 1494 1457
3 389 202 238
3 170 156 169
3 15 38 19
3 329 314 244
3 311 278 290
3 2229 430 2273
3 308 307 352
3 328 321 2192
3 2288 1584 1785
3 512 384 444
3 320 493 361
3 2044 293 940
3 209 299 301
3 89 1623 2324
3 2073 1608 1568
3 130 758 757
3 50 32 45
3 297 296 212
3 942 396 1829
3 263 271 323
3 343 322 250
3 238 248 301
3 138 87 145
3 308 290 260
3 274 363 350
3 1249 1218 345
3 363 258 223
3 2342 2226 587
3 240 317 325
3 283 240 325
3 283 344 253
3 343 250 295
3 765 1066 1114
3 2123 1773 572
3 268 295 216
3 797 1075 1017
3 560 502 1473
3 300 247 314
3 1612 528 796
3 311 290 299
3 450 2064 1908
3 244 287 329
3 1870 326 2226
3 273 287 141
3 284 274 350
3 1614 877 194
3 1075 817 151
3 282 272 239
3 41 1350 291
3 247 300 170
3 231 467 492
3 308 260 307
3 337 434 433
3 245 1078 1181
3 260 277 307
3 284 232 185
3 240 229 317
3 346 895 1534
3 396 1319 1715
3 210 271 263
3 1829 2144 1568
3 1258 1308 1206
3 356 1545 78
3 247 244 314
3 1228 309 96
3 624 786 879
3 93 52 116
3 198 259 265
3 157 119 90
3 2100 1941 438
3 1952 485 943
3 2439 2494 2160
3 1563 2213 2436
3 212 296 254
3 211 145 241
3 240 283 253
3 218 271 204
3 682 132 403
3 2436 1067 1563
3 209 311 299
3 2452 46 56
3 982 2213 1319
3 73 87 186
3 197 273 188
3 322 217 250
3 225 141 287
3 2073 1568 2144
3 2374 1949 2069
3 258 363 274
3 435 352 415
3 2053 1727 1358
3 158 240 253
3 1014 813 1380
3 41 1359 2054
3 696 11 462
3 1138 471 1374
3 900 2134 1783
3 198 231 148
3 268 216 217
3 1608 2073 1525
3 168 292 267
3 749 743 201
3 697 1462 2484
3 159 198 148
3 197 319 273
3 284 185 274
3 254 256 180
3 207 232 229
3 319 147 180
3 297 212 174
3 2464 609 399
3 228 253 271
3 218 228 271
3 1380 97 1014
3 239 263 282
3 2213 1715 1319
3 1398 705 1402
3 295 250 216
3 528 1246 1594
3 292 177 215
3 313 311 202
3 160 224 277
3 708 492 467
3 286 277 224
3 538 520 472
3 273 141 188
3 2466 200 1549
3 207 185 232
3 339 120 754
3 682 462 11
3 207 229 240
3 107 116 84
3 1495 340 127
3 370 1078 245
3 34 2468 603
3 1068 2264 2300
3 162 202 311
3 404 1532 443
3 1532 404 643
3 168 267 265
3 199 278 286
3 197 147 319
3 260 160 277
3 463 27 2391
3 228 158 253
3 223 138 320
3 2386 2144 1829
3 787 471 173
3 1743 957 513
3 199 286 224
3 292 168 177
3 68 69 73
3 138 145 320
3 174 212 136
3 2478 745 1703
3 211 320 145
3 573 459 1404
3 266 1061 840
3 241 239 272
3 179 271 165
3 239 210 263
3 2287 2288 196
3 168 265 259
3 196 527 205
3 185 186 274
3 396 1715 2386
3 1525 2073 2436
3 212 254 180
3 629 702 637
3 158 228 218
3 205 513 957
3 148 231 167
3 1242 1293 1285
3 238 202 163
3 207 158 129
3 499 540 437
3 207 240 158
3 271 210 165
3 162 209 155
3 247 170 153
3 880 2144 2386
3 153 244 247
3 1408 759 2328
3 149 259 198
3 759 1408 2340
3 167 231 174
3 296 384 254
3 152 199 224
3 146 180 147
3 180 95 212
3 2213 1525 2436
3 155 248 163
3 702 629 1606
3 2073 2144 548
3 259 149 109
3 149 198 159
3 207 102 185
3 2073 548 2436
3 194 1823 1164
3 847 969 704
3 95 180 146
3 1408 242 2340
3 178 215 126
3 225 244 150
3 2237 1656 219
3 169 153 170
3 1673 1942 1905
3 150 244 93
3 109 168 259
3 1073 208 72
3 1300 563 932
3 1869 171 1411
3 1563 1715 2213
3 136 167 174
3 1594 1785 161
3 2054 1359 950
3 700 330 92
3 163 162 155
3 248 155 209
3 1399 1376 173
3 153 169 142
3 105 727 111
3 964 2063 280
3 224 160 152
3 195 466 691
3 150 141 225
3 1115 251 1334
3 91 159 148
3 1715 1134 2386
3 129 102 207
3 218 204 179
3 128 165 210
3 96 1318 104
3 156 178 126
3 154 142 169
3 153 93 244
3 153 142 93
3 138 223 258
3 1203 236 1914
3 122 147 197
3 73 186 185
3 375 277 379
3 122 146 147
3 239 145 113
3 185 102 73
3 158 218 134
3 128 210 239
3 179 165 128
3 135 1532 1223
3 154 168 142
3 141 107 188
3 131 197 188
3 150 107 141
3 2478 1703 1015
3 471 1551 2064
3 122 79 146
3 136 212 95
3 158 134 129
3 218 179 134
3 202 162 163
3 123 2482 1811
3 961 958 4
3 1381 1885 2278
3 1900 356 100
3 2 1050 2448
3 1272 1876 2248
3 529 1307 1884
3 177 154 112
3 107 131 188
3 2372 2398 2003
3 74 122 197
3 217 322 268
3 179 128 134
3 2482 123 201
3 2174 724 702
3 93 142 110
3 91 148 167
3 208 1073 1288
3 138 258 87
3 1134 880 2386
3 2132 2 565
3 156 126 98
3 2491 2492 2451
3 149 77 109
3 75 74 197
3 75 131 107
3 855 1708 1314
3 1137 1056 1360
3 74 79 122
3 84 76 107
3 145 87 113
3 134 102 129
3 156 98 169
3 142 109 110
3 299 290 308
3 657 1806 1522
3 82 136 81
3 167 82 91
3 109 142 168
3 110 52 93
3 139 2461 2486
3 75 107 76
3 44 81 95
3 759 755 751
3 1883 978 1516
3 2278 978 1381
3 67 134 128
3 67 128 113
3 548 880 1122
3 280 1978 1183
3 55 77 71
3 82 36 91
3 1087 888 1008
3 280 1183 981
3 68 73 102
3 63 113 87
3 1157 378 910
3 376 1792 2415
3 67 102 134
3 132 678 1560
3 98 112 169
3 61 110 109
3 77 61 109
3 1121 628 1684
3 73 69 87
3 52 28 50
3 63 87 69
3 1259 869 192
3 374 2456 923
3 45 84 116
3 55 61 77
3 55 71 84
3 1279 1278 1487
3 1560 403 132
3 68 102 67
3 113 63 67
3 1067 2436 548
3 65 74 75
3 55 84 45
3 2386 1829 396
3 91 71 77
3 682 11 132
3 52 110 57
3 116 52 50
3 110 61 57
3 934 898 865
3 587 1158 2062
3 963 428 2246
3 1623 266 2324
3 65 48 74
3 63 69 68
3 24 57 61
3 150 116 107
3 71 31 84
3 755 324 504
3 274 186 258
3 37 75 76
3 54 37 76
3 75 37 65
3 37 36 65
3 47 36 82
3 65 36 47
3 35 79 74
3 43 52 57
3 31 54 84
3 74 48 35
3 38 44 79
3 26 57 24
3 1098 1087 1008
3 548 1122 1067
3 55 45 24
3 23 31 71
3 1512 1360 1489
3 35 19 79
3 49 36 3
3 2185 1471 2006
3 127 340 1462
3 38 81 44
3 28 52 43
3 922 1404 459
3 881 2415 104
3 1563 1067 1134
3 29 47 81
3 19 38 79
3 2374 622 627
3 23 71 49
3 47 22 48
3 22 47 29
3 220 613 2245
3 1462 1756 1567
3 2398 380 2423
3 500 730 909
3 24 45 32
3 133 1504 1039
3 639 614 571
3 1238 1983 2394
3 549 834 597
3 208 1288 2248
3 45 116 50
3 23 49 7
3 49 3 7
3 238 163 248
3 37 54 13
3 22 9 35
3 43 57 26
3 19 35 9
3 26 24 32
3 23 13 31
3 354 498 423
3 1134 233 880
3 1906 2229 189
3 17 7 3
3 29 38 15
3 43 18 28
3 37 13 1
3 377 97 618
3 990 242 1408
3 18 26 32
3 242 990 243
3 1391 443 482
3 1067 233 1134
3 233 1122 880
3 29 15 22
3 7 13 23
3 22 15 9
3 233 1067 1122
3 37 1 3
3 28 18 32
3 7 0 13
3 26 18 43
3 19 9 15
3 1 13 0
3 151 2179 1075
3 0 17 1
3 7 17 0
3 10 1060 347
