3485  3  0  0
   0    -52.317250000000001  67.95635  -58.127299999999998
   1    -56.1905  66.760170000000002  -55.294269999999997
   2    -26.541599999999999  -7.3075049999999999  19.873989999999999
   3    -55.684530000000002  65.374129999999994  -51.843350000000001
   4    17.02769  -33.644260000000003  10.716609999999999
   5    -40.662520000000001  -30.261990000000001  9.5946250000000006
   6    -21.322839999999999  -31.407710000000002  10.832979999999999
   7    -53.02796  68.892660000000006  -54.602229999999999
   8    -46.559080000000002  -47.553530000000002  6.7092669999999996
   9    -57.579999999999998  59.412649999999999  -55.358409999999999
  10    -36.441600000000001  8.5633940000000006  16.12499
  11    20.07817  59.541240000000002  30.64958
  12    2.4036420000000001  17.94304  29.86666
  13    -56.325380000000003  69.306960000000004  -54.748280000000001
  14    5.5930220000000004  43.442720000000001  35.537280000000003
  15    -56.950369999999999  58.136969999999998  -54.52872
  16    -10.474640000000001  60.814610000000002  38.124699999999997
  17    -51.780439999999999  66.745980000000003  -56.803660000000001
  18    -49.188319999999997  75.045180000000002  -54.71942
  19    -59.955620000000003  59.611579999999996  -53.048990000000003
  20    16.968  -5.3228  21.36965
  21    -34.212649999999996  -4.9169859999999996  18.35379
  22    -56.993299999999998  61.189120000000003  -53.339599999999997
  23    -55.964640000000003  69.872659999999996  -50.691130000000001
  24    -52.565770000000001  72.564760000000007  -51.755670000000002
  25    6.932124  21.978059999999999  30.689869999999999
  26    -51.148969999999998  73.337270000000004  -52.471269999999997
  27    -20.826979999999999  76.982839999999996  22.180610000000001
  28    -53.204329999999999  76.569969999999998  -52.491039999999998
  29    -56.865369999999999  59.584710000000001  -52.866010000000003
  30    17.06212  42.715649999999997  28.099910000000001
  31    -57.617069999999998  70.055629999999994  -50.667839999999998
  32    -52.67718  74.72287  -54.26164
  33    -42.603299999999997  -43.626959999999997  10.04889
  34    29.21116  11.72922  17.517050000000001
  35    -59.977179999999997  62.122579999999999  -52.004649999999998
  36    -57.172539999999998  64.794390000000007  -49.196660000000001
  37    -59.410130000000002  66.161360000000002  -50.66883
  38    -58.87677  58.269240000000003  -51.374699999999997
  39    -23.712510000000002  4.2260920000000004  25.990100000000002
  40    32.902560000000001  -18.102340000000002  9.8877780000000008
  41    -42.507159999999999  -17.665749999999999  9.5189310000000003
  42    8.8259779999999992  60.373269999999998  38.154319999999998
  43    -51.008690000000001  76.490260000000006  -52.155200000000001
  44    -59.348109999999998  58.612090000000002  -46.937669999999997
  45    -56.816330000000001  72.795000000000002  -49.902560000000001
  46    14.911390000000001  -10.91269  12.72026
  47    -56.401879999999998  62.396349999999998  -48.684420000000003
  48    -57.7438  63.039679999999997  -49.269350000000003
  49    -55.686950000000003  67.226299999999995  -49.21425
  50    -56.519269999999999  74.615889999999993  -50.642119999999998
  51    32.478340000000003  -11.284319999999999  8.9658490000000004
  52    -56.450229999999998  76.186760000000007  -47.728180000000002
  53    22.66301  52.905929999999998  24.90044
  54    -59.017949999999999  69.018169999999998  -50.471510000000002
  55    -55.256839999999997  70.799379999999999  -48.277090000000001
  56    12.96256  -7.4534289999999999  9.6186959999999999
  57    -52.125140000000002  75.726060000000004  -49.039810000000003
  58    -12.50118  45.59234  35.105260000000001
  59    17.425360000000001  24.227160000000001  9.0798070000000006
  60    34.146900000000002  -7.5843600000000002  11.49217
  61    -53.556240000000003  72.404790000000006  -47.251190000000001
  62    -16.278179999999999  18.09957  26.791250000000002
  63    -1.7811079999999999  60.280970000000003  -48.815849999999998
  64    -37.472230000000003  -33.788609999999998  6.5605120000000001
  65    -58.273710000000001  64.53492  -48.153840000000002
  66    -25.549790000000002  -39.343960000000003  20.94997
  67    1.8220860000000001  58.355910000000002  -47.96313
  68    2.7475930000000002  60.815339999999999  -48.227499999999999
  69    0.32617780000000002  61.75947  -48.880679999999998
  70    34.008389999999999  -4.1017000000000001  12.86797
  71    -55.88899  69.730919999999998  -48.492530000000002
  72    14.31906  33.320970000000003  27.558669999999999
  73    1.4080060000000001  61.644300000000001  -46.024299999999997
  74    -61.010019999999997  63.73798  -47.156599999999997
  75    -61.249670000000002  66.183959999999999  -46.93815
  76    -59.947200000000002  68.984809999999996  -47.315440000000002
  77    -55.018859999999997  69.887309999999999  -47.079300000000003
  78    -33.756540000000001  12.528460000000001  19.02318
  79    -62.115470000000002  61.721449999999997  -46.365569999999998
  80    -40.909190000000002  -30.597259999999999  6.9635870000000004
  81    -56.55744  59.833010000000002  -46.581980000000001
  82    -55.995629999999998  64.484589999999997  -47.316290000000002
  83    23.714359999999999  14.542770000000001  17.919979999999999
  84    -57.655079999999998  70.349739999999997  -47.103380000000001
  85    7.1974729999999996  46.050060000000002  35.893549999999998
  86    1.0489470000000001  65.828119999999998  38.828159999999997
  87    -1.7588550000000001  61.058810000000001  -45.894150000000003
  88    -21.921679999999999  22.56803  18.777619999999999
  89    28.613320000000002  -34.343260000000001  26.458379999999998
  90    -22.526990000000001  25.283460000000002  16.1539
  91    -54.215350000000001  66.673860000000005  -46.26764
  92    -0.22776950000000001  6.3619950000000003  9.9359500000000001
  93    -57.473260000000003  76.392589999999998  -44.607050000000001
  94    -21.911919999999999  -29.131219999999999  7.4755830000000003
  95    -60.041020000000003  57.853969999999997  -44.082799999999999
  96    -20.42942  41.163620000000002  28.851759999999999
  97    -20.347560000000001  30.684080000000002  17.00243
  98    -49.102330000000002  83.929730000000006  -45.96611
  99    -3.1768679999999998  46.596890000000002  35.212609999999998
 100    -28.019970000000001  16.616540000000001  18.812249999999999
 101    -28.912569999999999  16.66  9.8127289999999991
 102    3.8071649999999999  60.47607  -45.837989999999998
 103    -9.2888380000000002  45.652979999999999  36.296979999999998
 104    -19.86814  43.8643  29.144960000000001
 105    24.633369999999999  16.643329999999999  12.205019999999999
 106    19.359590000000001  -27.486740000000001  6.5836899999999998
 107    -59.650660000000002  70.633349999999993  -45.402610000000003
 108    -21.59233  -25.920909999999999  6.0864450000000003
 109    -52.493749999999999  73.038160000000005  -45.104680000000002
 110    -53.324150000000003  75.325509999999994  -45.866439999999997
 111    22.31776  18.605350000000001  10.468500000000001
 112    -48.477029999999999  83.101010000000002  -44.859250000000003
 113    -2.105286  57.774079999999998  -45.826819999999998
 114    -25.291239999999998  21.004300000000001  14.888030000000001
 115    -24.065180000000002  44.043790000000001  22.683959999999999
 116    -59.543849999999999  73.28304  -45.420180000000002
 117    28.20589  -26.70918  5.1064689999999997
 118    11.70692  21.11468  26.734639999999999
 119    -21.09056  27.162040000000001  12.318339999999999
 120    -19.908339999999999  34.090029999999999  8.8183629999999997
 121    24.605650000000001  50.813090000000003  18.106999999999999
 122    -62.953780000000002  63.126550000000002  -44.222560000000001
 123    18.150739999999999  33.937869999999997  12.1334
 124    2.525684  46.110230000000001  35.115879999999997
 125    -25.963280000000001  6.3058740000000002  25.679320000000001
 126    -49.34901  84.437520000000006  -44.367139999999999
 127    -29.675129999999999  57.68723  19.932549999999999
 128    -0.18014749999999999  56.994219999999999  -44.04054
 129    6.416366  59.767009999999999  -43.961019999999998
 130    24.51624  43.360939999999999  9.4696309999999997
 131    -62.542369999999998  66.900139999999993  -44.017189999999999
 132    19.81035  55.637369999999997  30.46566
 133    -27.62191  67.714299999999994  19.958189999999998
 134    3.2736290000000001  57.267270000000003  -45.246499999999997
 135    25.687439999999999  65.836439999999996  19.401620000000001
 136    -55.020449999999997  60.873150000000003  -44.285870000000003
 137    6.2154639999999999  67.136679999999998  37.764069999999997
 138    -5.0346140000000004  61.196179999999998  -43.291519999999998
 139    -31.853660000000001  48.566029999999998  9.2795649999999998
 140    -21.651700000000002  59.165590000000002  32.466119999999997
 141    -61.387920000000001  70.141959999999997  -40.024639999999998
 142    -53.532589999999999  76.157979999999995  -43.404130000000002
 143    -29.63128  50.571120000000001  12.09599
 144    19.713360000000002  4.7317619999999998  25.386140000000001
 145    -5.7821449999999999  58.007269999999998  -43.323340000000002
 146    -62.164720000000003  59.768920000000001  -44.915979999999998
 147    -62.841259999999998  62.399070000000002  -41.493270000000003
 148    -53.185310000000001  65.606809999999996  -41.045059999999999
 149    -52.193570000000001  70.551310000000001  -42.89884
 150    -60.210030000000003  74.571129999999997  -42.98847
 151    -13.60472  22.167380000000001  28.090869999999999
 152    57.481340000000003  77.261499999999998  -43.149850000000001
 153    -57.006810000000002  76.960650000000001  -42.748260000000002
 154    -52.449910000000003  76.966030000000003  -42.713470000000001
 155    51.60463  81.172510000000003  -43.949579999999997
 156    -52.929650000000002  83.421589999999995  -44.434289999999997
 157    -20.587240000000001  27.04401  18.156839999999999
 158    6.6720009999999998  57.181449999999998  -41.148479999999999
 159    -53.783529999999999  68.060329999999993  -42.114780000000003
 160    58.701909999999998  73.99727  -42.788530000000002
 161    10.087540000000001  86.37782  17.72241
 162    55.686450000000001  79.589979999999997  -41.828000000000003
 163    52.935659999999999  82.513310000000004  -43.495800000000003
 164    -13.49619  53.050899999999999  37.16619
 165    0.3240191  54.940130000000003  -42.604489999999998
 166    -8.866892  85.914500000000004  22.98874
 167    -55.021259999999998  63.682699999999997  -42.321330000000003
 168    -51.680529999999997  73.639510000000001  -41.516770000000001
 169    -54.954970000000003  77.111549999999994  -43.04081
 170    -56.362229999999997  79.851519999999994  -40.3063
 171    -4.8067700000000002  87.39255  21.388829999999999
 172    -41.763579999999997  -12.272790000000001  7.1258600000000003
 173    16.096160000000001  72.536500000000004  29.111450000000001
 174    -54.022539999999999  61.246960000000001  -39.718449999999997
 175    -24.598590000000002  75.115700000000004  10.40099
 176    -28.98818  -52.892180000000003  19.97926
 177    -50.779490000000003  78.379220000000004  -40.769880000000001
 178    -53.500239999999998  82.527119999999996  -41.305549999999997
 179    1.7269129999999999  56.211930000000002  -42.460940000000001
 180    -62.006889999999999  59.338099999999997  -40.329970000000003
 181    -23.89507  -12.104649999999999  8.0926229999999997
 182    21.72822  -52.741329999999998  16.251300000000001
 183    34.071809999999999  -51.808250000000001  16.894069999999999
 184    -19.054349999999999  79.975409999999997  14.001939999999999
 185    2.6880090000000001  63.49353  -40.321019999999997
 186    -0.88681480000000001  63.720489999999998  -42.186799999999998
 187    -18.686779999999999  81.701849999999993  11.07165
 188    -62.439950000000003  68.563929999999999  -40.567019999999999
 189    17.135380000000001  80.434309999999996  14.05101
 190    -18.343589999999999  82.229669999999999  12.99356
 191    9.3595819999999996  81.10642  28.784269999999999
 192    -23.384440000000001  -50.024439999999998  17.51585
 193    18.094110000000001  36.256349999999998  19.91536
 194    28.81427  -43.439529999999998  19.25329
 195    -39.98659  -44.013530000000003  17.438749999999999
 196    7.5523959999999999  82.061989999999994  28.783829999999998
 197    -62.624670000000002  64.987960000000001  -41.062019999999997
 198    -51.316160000000004  67.856809999999996  -37.133960000000002
 199    59.83117  76.869569999999996  -40.130139999999997
 200    -8.9583440000000003  89.368210000000005  9.7510209999999997
 201    17.613969999999998  32.033380000000001  10.17792
 202    57.588389999999997  81.759129999999999  -39.891269999999999
 203    23.12069  62.787170000000003  24.900079999999999
 204    2.8450570000000002  54.440779999999997  -41.320810000000002
 205    3.774457  82.142470000000003  29.76662
 206    -40.640039999999999  -6.0166040000000001  8.7665509999999998
 207    7.340255  61.171370000000003  -40.393549999999998
 208    14.31265  30.865760000000002  25.79945
 209    54.209969999999998  78.905640000000005  -40.569360000000003
 210    -1.4171009999999999  54.860390000000002  -41.073039999999999
 211    -8.2696400000000008  59.717480000000002  -35.843330000000002
 212    -57.463979999999999  58.490180000000002  -40.93177
 213    4.2196350000000002  13.71712  28.23329
 214    -34.314149999999998  13.401859999999999  12.68399
 215    -51.938519999999997  80.021280000000004  -39.647170000000003
 216    48.371839999999999  87.375050000000002  -39.68591
 217    49.970059999999997  87.436610000000002  -40.30585
 218    4.075075  56.015749999999997  -41.521659999999997
 219    13.162800000000001  -35.61242  20.539449999999999
 220    15.38564  -52.705390000000001  31.3079
 221    -50.144170000000003  -47.924160000000001  10.932079999999999
 222    18.13119  -49.744810000000001  10.499459999999999
 223    -5.844557  62.717730000000003  -39.3613
 224    60.732390000000002  75.027709999999999  -41.38214
 225    -61.052259999999997  73.98433  -39.162050000000001
 226    1.404836  -2.2998280000000002  44.616930000000004
 227    -26.579180000000001  -45.876690000000004  11.59779
 228    4.7867610000000003  54.127479999999998  -38.849440000000001
 229    7.8891989999999996  62.04918  -36.308129999999998
 230    12.40269  -30.028449999999999  19.148209999999999
 231    -51.399160000000002  64.112269999999995  -35.561970000000002
 232    4.1008870000000002  63.376150000000003  -36.483319999999999
 233    -4.7539030000000002  -11.17337  57.953879999999998
 234    -24.53847  -28.443680000000001  20.247389999999999
 235    33.143239999999999  -28.736429999999999  18.559349999999998
 236    -20.660969999999999  40.628030000000003  23.461010000000002
 237    30.95431  -45.228940000000001  9.4672879999999999
 238    56.77937  82.433710000000005  -36.910420000000002
 239    -4.8212619999999999  56.154130000000002  -39.753459999999997
 240    7.6204770000000002  58.058039999999998  -38.827120000000001
 241    -6.38626  58.13767  -37.104990000000001
 242    18.178270000000001  -39.536299999999997  29.466699999999999
 243    21.784199999999998  -38.382170000000002  30.88308
 244    -59.393700000000003  75.494540000000001  -38.853990000000003
 245    -16.838519999999999  33.824109999999997  27.451000000000001
 246    -40.756619999999998  -41.807609999999997  12.802379999999999
 247    -58.003039999999999  78.636679999999998  -39.221330000000002
 248    53.164090000000002  81.783299999999997  -39.666139999999999
 249    33.983499999999999  4.1763700000000004  8.7797909999999995
 250    49.842469999999999  88.943539999999999  -38.986260000000001
 251    -23.96538  -21.228100000000001  18.50787
 252    -26.368580000000001  66.690849999999998  24.23433
 253    4.9461170000000001  56.296329999999998  -37.877220000000001
 254    -58.256349999999998  58.454329999999999  -36.923560000000002
 255    -18.2316  52.265189999999997  34.622039999999998
 256    -61.722369999999998  60.338090000000001  -36.560589999999998
 257    3.3269129999999998  68.510369999999995  37.645760000000003
 258    -2.551037  62.853319999999997  -40.207270000000001
 259    -52.324860000000001  72.192239999999998  -40.207689999999999
 260    57.87594  72.173339999999996  -38.825690000000002
 261    14.43619  -40.820439999999998  22.17334
 262    -40.582680000000003  -18.840170000000001  17.63927
 263    -1.493719  54.01323  -36.799169999999997
 264    -0.090273560000000003  -6.2260530000000003  41.37959
 265    -50.351289999999999  72.180629999999994  -36.51735
 266    22.922599999999999  -32.508580000000002  29.320630000000001
 267    -50.133339999999997  74.266139999999993  -36.111710000000002
 268    50.521909999999998  85.453519999999997  -38.23704
 269    31.31954  9.3423599999999993  7.2042460000000004
 270    -35.711599999999997  9.8274310000000007  5.6257619999999999
 271    1.8547579999999999  54.277279999999998  -35.746090000000002
 272    -5.3456169999999998  55.587209999999999  -36.298870000000001
 273    -62.082270000000001  66.951679999999996  -36.01811
 274    -1.3813120000000001  65.184169999999995  -38.661160000000002
 275    -41.103569999999998  -27.02319  12.139620000000001
 276    12.27453  37.956899999999997  28.145320000000002
 277    61.206789999999998  69.857219999999998  -36.299900000000001
 278    61.19502  75.630700000000004  -35.519739999999999
 279    -20.866700000000002  -26.19509  12.29477
 280    -5.8351059999999997  4.0860620000000001  30.251259999999998
 281    33.451309999999999  -23.78228  10.98466
 282    -2.4072659999999999  55.374189999999999  -35.519620000000003
 283    5.9308839999999998  56.16818  -36.278840000000002
 284    2.7629709999999998  65.715739999999997  -37.370530000000002
 285    19.05311  47.784599999999998  29.62284
 286    62.68685  73.142169999999993  -35.307259999999999
 287    -61.08426  71.631690000000006  -35.579479999999997
 288    13.69706  -21.558879999999998  11.69659
 289    20.31916  -11.40517  19.507200000000001
 290    57.321150000000003  74.858580000000003  -37.34254
 291    -41.801659999999998  -20.22391  11.032220000000001
 292    -50.348930000000003  77.224639999999994  -37.677669999999999
 293    2.6887370000000002  8.5834279999999996  30.754359999999998
 294    -21.404789999999998  -20.60575  9.6132159999999995
 295    49.942799999999998  87.468209999999999  -36.150750000000002
 296    -55.333530000000003  58.880299999999998  -34.480159999999998
 297    -52.794670000000004  60.035179999999997  -35.227179999999997
 298    25.550219999999999  -7.1194940000000004  20.55227
 299    55.680489999999999  77.110789999999994  -36.874490000000002
 300    -54.768230000000003  78.881029999999996  -36.700499999999998
 301    54.653590000000001  80.919060000000002  -35.838180000000001
 302    -21.43798  -11.12383  10.769450000000001
 303    -25.294049999999999  72.587580000000003  6.9862070000000003
 304    -10.53407  8.3698840000000008  24.335349999999998
 305    -14.99559  39.929409999999997  29.43816
 306    -61.702979999999997  68.161249999999995  -33.933889999999998
 307    57.909700000000001  68.777050000000003  -35.594520000000003
 308    56.323740000000001  74.260890000000003  -36.535649999999997
 309    -23.774840000000001  41.760800000000003  24.29242
 310    -52.38702  76.990799999999993  -35.25065
 311    58.259399999999999  77.088629999999995  -36.77402
 312    -18.577369999999998  -5.1651090000000002  19.8935
 313    60.473190000000002  77.895150000000001  -34.576590000000003
 314    -57.828890000000001  78.409559999999999  -36.14011
 315    -21.238240000000001  20.048909999999999  3.5656349999999999
 316    -20.926439999999999  23.823540000000001  8.4028659999999995
 317    8.6224710000000009  59.442059999999998  -35.29318
 318    -6.3602460000000001  16.022729999999999  29.733809999999998
 319    -63.109349999999999  62.7791  -37.796190000000003
 320    -7.5866319999999998  62.092849999999999  -38.852379999999997
 321    -14.03472  -1.8083499999999999  19.410229999999999
 322    54.082720000000002  86.330460000000002  -36.96078
 323    0.10303859999999999  53.985259999999997  -34.397320000000001
 324    13.76403  -45.65352  26.333259999999999
 325    6.1143939999999999  57.76511  -35.402999999999999
 326    10.574999999999999  -0.57820519999999997  19.097300000000001
 327    -20.936720000000001  73.447519999999997  25.591950000000001
 328    -11.5143  0.73585339999999999  19.02196
 329    -59.870089999999998  74.455169999999995  -34.422440000000002
 330    2.8828469999999999  3.2686929999999998  11.66006
 331    -57.49738  77.026960000000003  -34.489699999999999
 332    1.7761  52.418520000000001  -33.32593
 333    -52.533430000000003  57.291800000000002  -35.018650000000001
 334    4.9593069999999999  3.548279  19.474260000000001
 335    26.223849999999999  58.370829999999998  17.729790000000001
 336    2.6091549999999999  68.663520000000005  -34.233330000000002
 337    -49.311619999999998  70.089079999999996  -33.270209999999999
 338    30.64594  -37.582050000000002  19.607579999999999
 339    -23.87088  39.195619999999998  5.7431700000000001
 340    -29.864809999999999  57.881140000000002  16.9376
 341    54.329529999999998  82.470010000000002  -34.918689999999998
 342    21.648579999999999  40.585239999999999  6.2606440000000001
 343    52.452550000000002  87.931929999999994  -35.224649999999997
 344    2.2557879999999999  55.626440000000002  -34.941360000000003
 345    5.6922759999999997  23.46115  31.547989999999999
 346    29.57283  5.6171490000000004  19.712969999999999
 347    -33.898800000000001  6.3428800000000001  21.118359999999999
 348    4.2721390000000001  67.539490000000001  -33.615400000000001
 349    10.17451  62.014339999999997  37.204300000000003
 350    -0.22570209999999999  66.797330000000002  -36.129849999999998
 351    -2.6175619999999999  69.351690000000005  -33.920819999999999
 352    56.040529999999997  70.314760000000007  -34.884709999999998
 353    -4.8231510000000002  72.180409999999995  -33.700139999999998
 354    -56.071129999999997  75.752529999999993  -32.407800000000002
 355    60.907960000000003  78.335880000000003  -33.265940000000001
 356    -31.711970000000001  14.209479999999999  18.974830000000001
 357    -20.256250000000001  31.322649999999999  9.7571390000000005
 358    3.8121230000000002  55.907809999999998  -34.39828
 359    -6.7695150000000002  58.03107  -34.260759999999998
 360    -12.64406  11.483689999999999  26.562000000000001
 361    -6.8642089999999998  64.182980000000001  -32.364460000000001
 362    -61.132649999999998  65.142489999999995  -32.958489999999998
 363    -3.1807880000000002  64.555930000000004  -35.083150000000003
 364    -6.9960290000000001  68.477969999999999  -32.784730000000003
 365    -11.76144  28.456689999999998  30.472860000000001
 366    -4.5995900000000001  68.737769999999998  -34.408470000000001
 367    -7.0919869999999996  71.598010000000002  -34.149740000000001
 368    16.93826  24.232299999999999  20.677959999999999
 369    -6.5901329999999998  75.182599999999994  34.911110000000001
 370    -12.926539999999999  32.087229999999998  29.283829999999998
 371    -24.05818  11.54805  25.151620000000001
 372    21.359919999999999  39.735500000000002  23.68065
 373    6.219894  45.26108  36.821150000000003
 374    34.234079999999999  47.73639  11.010579999999999
 375    59.17944  67.079470000000001  -31.77036
 376    -22.15841  50.900669999999998  28.87276
 377    -18.048279999999998  31.165870000000002  23.57131
 378    -34.025750000000002  53.376199999999997  10.835050000000001
 379    63.245930000000001  69.882220000000004  -33.058639999999997
 380    -39.002249999999997  60.106180000000002  7.2761440000000004
 381    -4.2516850000000002  56.523200000000003  -32.703870000000002
 382    -5.4335459999999998  0.15285209999999999  41.296849999999999
 383    4.9401599999999997  56.682290000000002  -33.200229999999998
 384    -59.018030000000003  59.902239999999999  -32.69032
 385    5.1771599999999998  66.27028  -31.93478
 386    -22.46209  53.025759999999998  28.744019999999999
 387    12.90813  56.750369999999997  35.767510000000001
 388    -58.978430000000003  73.173450000000003  -31.236270000000001
 389    59.563470000000002  80.373739999999998  -32.714329999999997
 390    32.457929999999998  -30.539929999999998  16.565819999999999
 391    49.519179999999999  89.531459999999996  -33.687399999999997
 392    -51.126019999999997  55.86271  -33.966059999999999
 393    -27.36553  72.185360000000003  11.55382
 394    31.092230000000001  65.10127  7.2901550000000004
 395    -27.126000000000001  43.083579999999998  9.4813539999999996
 396    0.35416500000000001  -3.2955369999999999  48.995190000000001
 397    -26.091640000000002  69.324920000000006  21.078240000000001
 398    3.5136829999999999  69.83878  -32.580559999999998
 399    26.763369999999998  67.732460000000003  9.1053979999999992
 400    53.895699999999998  76.11815  -34.459679999999999
 401    60.646470000000001  75.581370000000007  -33.635719999999999
 402    18.432220000000001  49.77966  30.23509
 403    22.312180000000001  53.78736  26.99915
 404    21.061260000000001  75.733310000000003  19.04243
 405    16.885470000000002  82.162019999999998  14.6662
 406    56.017479999999999  81.030919999999995  -33.511850000000003
 407    -2.4865309999999998  -5.1958859999999998  38.302329999999998
 408    48.538559999999997  89.053259999999995  -32.190260000000002
 409    15.718629999999999  79.783119999999997  24.260539999999999
 410    4.2803339999999999  54.287849999999999  -32.905670000000001
 411    -21.45599  75.158150000000006  22.519950000000001
 412    7.7148729999999999  58.257269999999998  -32.641399999999997
 413    -60.2836  64.568839999999994  -31.113810000000001
 414    35.863  -47.974209999999999  10.458080000000001
 415    55.480060000000002  68.274140000000003  -31.57086
 416    20.223389999999998  74.958179999999999  8.1867920000000005
 417    -59.464359999999999  69.063779999999994  -30.24155
 418    -2.5416439999999998  72.46942  -30.62415
 419    -13.98743  83.142259999999993  22.8766
 420    15.034940000000001  13.51713  25.52195
 421    5.6318630000000001  71.328040000000001  -32.92877
 422    -52.01831  73.717479999999995  -31.17643
 423    -52.821809999999999  76.279640000000001  -32.545349999999999
 424    62.68432  73.789529999999999  -29.736039999999999
 425    51.849519999999998  89.373379999999997  -30.401620000000001
 426    2.3965580000000002  53.813949999999998  -31.938669999999998
 427    -21.626619999999999  57.182810000000003  31.71489
 428    -22.37163  76.469059999999999  19.568840000000002
 429    -8.265682  59.91874  -32.641480000000001
 430    14.739459999999999  80.863990000000001  4.2248590000000004
 431    -47.200539999999997  68.584130000000002  -30.725010000000001
 432    7.0509209999999998  69.021640000000005  -33.363880000000002
 433    -46.382770000000001  70.50009  -31.817070000000001
 434    -49.624029999999998  71.972859999999997  -31.965520000000001
 435    55.026409999999998  72.500380000000007  -32.579680000000003
 436    -16.81635  83.588149999999999  8.8070419999999991
 437    53.718510000000002  80.421180000000007  -34.031750000000002
 438    18.32929  32.65896  17.674340000000001
 439    51.474910000000001  83.260509999999996  -32.52854
 440    -40.788240000000002  -27.596080000000001  18.44436
 441    -24.652200000000001  64.778880000000001  27.309200000000001
 442    -1.2922070000000001  50.778260000000003  -31.208490000000001
 443    19.573530000000002  77.792299999999997  16.924600000000002
 444    -57.797780000000003  57.240929999999999  -32.415050000000001
 445    -50.012340000000002  56.24239  -33.440950000000001
 446    8.5932820000000003  59.722140000000003  -30.640219999999999
 447    8.6634550000000008  63.715899999999998  -29.91179
 448    -4.9222419999999998  65.820250000000001  -32.290219999999998
 449    18.169090000000001  -44.357489999999999  14.581189999999999
 450    17.285340000000001  69.373530000000002  30.45102
 451    -8.3501829999999995  89.082679999999996  6.016705
 452    0.1089369  89.602069999999998  11.82114
 453    56.38917  85.201509999999999  -31.915120000000002
 454    2.6063499999999999  -1.768483  39.399970000000003
 455    -22.71679  95.755970000000005  -30.624410000000001
 456    -0.53238010000000002  89.423450000000003  5.4283279999999996
 457    -3.8119519999999998  52.827640000000002  -31.779599999999999
 458    1.7406999999999999  90.243319999999997  7.0994630000000001
 459    -16.989450000000001  72.941400000000002  28.875509999999998
 460    3.9174820000000001  56.472880000000004  -31.48986
 461    5.7938960000000002  55.560420000000001  -28.44932
 462    23.07471  59.637360000000001  26.860749999999999
 463    -20.488330000000001  79.482349999999997  15.817729999999999
 464    -25.295729999999999  -41.844050000000003  12.970840000000001
 465    -29.88251  -53.345939999999999  10.32902
 466    -36.42803  -43.836640000000003  20.61401
 467    -47.679650000000002  66.647800000000004  -32.212389999999999
 468    8.9109789999999993  68.326369999999997  -30.104559999999999
 469    -25.825479999999999  59.781489999999998  27.268139999999999
 470    8.6554509999999993  71.632400000000004  -31.304189999999998
 471    15.014250000000001  73.586439999999996  30.236740000000001
 472    -7.9918870000000002  72.952699999999993  -30.79514
 473    58.09057  81.161799999999999  -31.813279999999999
 474    -16.127659999999999  91.449659999999994  -30.870329999999999
 475    -19.184809999999999  94.672499999999999  -31.381
 476    -11.27036  77.510289999999998  31.875959999999999
 477    -18.238409999999998  96.405280000000005  -30.576080000000001
 478    15.43723  -34.42895  12.535170000000001
 479    -50.151420000000002  58.239190000000001  -31.793019999999999
 480    10.59643  50.312269999999998  35.828859999999999
 481    7.7103060000000001  65.910709999999995  -30.079460000000001
 482    17.16723  80.876840000000001  17.42108
 483    -8.606128  69.809730000000002  -29.911629999999999
 484    -46.534469999999999  72.84872  -28.974589999999999
 485    -9.0980919999999994  80.790009999999995  29.63824
 486    -39.506270000000001  -52.690829999999998  9.3456379999999992
 487    -12.58661  91.355119999999999  -30.223700000000001
 488    -16.944099999999999  82.721959999999996  17.631989999999998
 489    -48.336599999999997  54.456919999999997  -30.883700000000001
 490    -25.86402  -24.406960000000002  20.600639999999999
 491    12.27704  -25.139330000000001  16.859390000000001
 492    -47.223149999999997  61.743749999999999  -30.71585
 493    -9.0410839999999997  62.615020000000001  -30.014479999999999
 494    -7.637886  63.951059999999998  -30.925809999999998
 495    32.523499999999999  -49.494590000000002  8.2096260000000001
 496    55.255580000000002  66.210319999999996  -29.751190000000001
 497    -44.489139999999999  69.555790000000002  -31.075610000000001
 498    -54.717120000000001  73.831999999999994  -29.960519999999999
 499    52.833019999999998  75.911609999999996  -30.200510000000001
 500    14.04576  -21.356950000000001  18.3903
 501    1.1992  2.2051940000000001  38.937240000000003
 502    -16.988510000000002  25.082339999999999  25.695239999999998
 503    -16.597049999999999  92.411019999999994  -28.757249999999999
 504    13.404159999999999  -49.753140000000002  30.17905
 505    -51.848190000000002  -48.23751  5.9414100000000003
 506    14.596349999999999  82.482969999999995  18.960930000000001
 507    -5.0470030000000001  52.667850000000001  -30.07572
 508    -51.498660000000001  52.563789999999997  -28.01464
 509    31.56213  44.812100000000001  7.5663539999999996
 510    -53.749679999999998  54.29927  -31.309660000000001
 511    4.0065799999999996  52.177289999999999  -30.125119999999999
 512    -59.943660000000001  56.750520000000002  -28.69604
 513    0.35544619999999999  84.932370000000006  26.912040000000001
 514    6.0868039999999999  58.93609  -29.743320000000001
 515    20.655149999999999  39.35772  17.194410000000001
 516    53.016440000000003  68.67192  -27.893409999999999
 517    -45.749110000000002  68.405680000000004  -28.904250000000001
 518    -8.5118189999999991  72.026200000000003  -31.396439999999998
 519    33.35369  -21.39105  15.839510000000001
 520    -5.3192539999999999  73.545140000000004  -30.01361
 521    3.6790099999999999  74.919669999999996  -30.076910000000002
 522    57.301850000000002  84.249880000000005  -29.392869999999998
 523    -11.579269999999999  86.384270000000001  -30.528580000000002
 524    -0.29818729999999999  -5.3404629999999997  36.128320000000002
 525    -13.0547  87.998189999999994  -30.78885
 526    -6.1644030000000001  -1.9753240000000001  38.518329999999999
 527    5.0271780000000001  84.857429999999994  25.129439999999999
 528    4.6624480000000004  87.776219999999995  16.160699999999999
 529    23.90353  -10.695460000000001  19.846630000000001
 530    -5.934698  54.617980000000003  -30.36553
 531    -60.991599999999998  60.134079999999997  -30.257539999999999
 532    -6.843915  58.678870000000003  -30.843920000000001
 533    -7.5178710000000004  61.587119999999999  -29.54928
 534    -11.60979  64.036510000000007  -27.96912
 535    -43.37876  68.740319999999997  -28.497050000000002
 536    19.934989999999999  -45.830889999999997  10.23902
 537    4.7666170000000001  72.890659999999997  -29.438189999999999
 538    -8.6601959999999991  74.047939999999997  -28.069649999999999
 539    31.668479999999999  -46.32931  10.89106
 540    51.064509999999999  79.11918  -30.320360000000001
 541    11.581799999999999  82.934110000000004  -28.59047
 542    -35.698920000000001  -41.709200000000003  8.6972339999999999
 543    52.937100000000001  85.184259999999995  -29.253019999999999
 544    -10.39124  88.686530000000005  -29.950389999999999
 545    13.027710000000001  87.489720000000005  -29.51022
 546    -1.3704940000000001  3.9044279999999998  38.132300000000001
 547    -17.137599999999999  97.080029999999994  -27.504670000000001
 548    -6.6052369999999998  -9.3526319999999998  54.286250000000003
 549    -5.7790869999999996  56.66863  -26.802129999999998
 550    -2.3607130000000001  86.057649999999995  25.2362
 551    7.1425650000000003  57.835500000000003  -27.371770000000001
 552    -8.1386109999999992  44.534759999999999  36.83755
 553    28.579029999999999  -6.4325749999999999  18.83165
 554    59.317749999999997  65.444730000000007  -28.989730000000002
 555    0.20530229999999999  89.387020000000007  17.53229
 556    -43.954819999999998  71.071920000000006  -28.59469
 557    -40.583539999999999  -22.620719999999999  18.80696
 558    -9.7623189999999997  71.050830000000005  -28.044509999999999
 559    -57.133679999999998  73.351339999999993  -28.14358
 560    -16.015540000000001  27.415019999999998  27.48865
 561    62.527709999999999  76.072630000000004  -29.66188
 562    -28.59395  -41.218130000000002  8.9444510000000008
 563    -35.725549999999998  -35.46002  6.7344980000000003
 564    13.717930000000001  87.793729999999996  -28.898630000000001
 565    -29.65429  -5.1900890000000004  20.566289999999999
 566    -9.2455879999999997  88.853480000000005  -28.803239999999999
 567    49.250839999999997  90.176050000000004  -31.188680000000002
 568    14.23658  89.610029999999995  -29.356590000000001
 569    14.757099999999999  92.398169999999993  -28.210519999999999
 570    -21.43516  96.908820000000006  -28.83633
 571    2.4272710000000002  48.485129999999998  38.368000000000002
 572    -38.651560000000003  -52.933500000000002  19.192450000000001
 573    -18.095459999999999  75.420190000000005  27.625209999999999
 574    -27.670999999999999  45.420000000000002  9.4345389999999991
 575    -38.102789999999999  -53.339759999999998  18.302700000000002
 576    -62.040349999999997  61.753270000000001  -28.426269999999999
 577    -8.8372340000000005  61.908639999999998  -27.494900000000001
 578    30.784130000000001  48.17971  12.652279999999999
 579    -24.78501  -31.91554  5.6712670000000003
 580    63.226640000000003  69.440650000000005  -29.292960000000001
 581    31.776959999999999  -18.059650000000001  14.697760000000001
 582    -39.377659999999999  -32.111409999999999  8.0601070000000004
 583    26.300999999999998  -30.809470000000001  6.4834379999999996
 584    -3.4209550000000002  75.16995  -30.548760000000001
 585    61.215269999999997  78.432540000000003  -30.083349999999999
 586    -17.276959999999999  35.320230000000002  24.311029999999999
 587    7.8205439999999999  3.5148959999999998  21.835920000000002
 588    59.306950000000001  80.248469999999998  -28.36495
 589    49.150359999999999  81.271600000000007  -27.26737
 590    -1.1867319999999999  16.915109999999999  30.59891
 591    -8.1346369999999997  85.120310000000003  -27.886569999999999
 592    -12.693519999999999  94.729879999999994  -27.668410000000002
 593    11.25245  67.688289999999995  35.881889999999999
 594    17.738209999999999  93.173509999999993  -29.0318
 595    15.807700000000001  94.762060000000005  -26.730129999999999
 596    -48.496510000000001  56.530529999999999  -28.449809999999999
 597    -8.1835710000000006  59.68083  -28.157640000000001
 598    8.1158099999999997  62.481369999999998  -27.424379999999999
 599    52.265970000000003  65.357510000000005  -27.474779999999999
 600    20.718599999999999  -31.2073  8.2828870000000006
 601    -61.477960000000003  66.886520000000004  -27.970510000000001
 602    9.7689249999999994  67.080439999999996  36.150889999999997
 603    25.93533  13.500540000000001  18.864249999999998
 604    4.6249739999999999  19.64546  30.697949999999999
 605    62.580060000000003  73.407679999999999  -26.949539999999999
 606    -18.644300000000001  37.904389999999999  23.308520000000001
 607    -7.8373299999999997  76.193669999999997  -28.970359999999999
 608    10.923830000000001  83.245249999999999  -29.194569999999999
 609    22.124140000000001  74.10566  12.375
 610    17.870239999999999  39.000520000000002  26.777259999999998
 611    -24.462230000000002  17.927630000000001  21.702259999999999
 612    -1.938213  51.601460000000003  38.434109999999997
 613    13.06622  -53.319049999999997  26.989830000000001
 614    0.44763979999999998  49.780270000000002  38.791719999999998
 615    -21.121870000000001  23.723310000000001  21.697179999999999
 616    16.578620000000001  -26.665890000000001  7.1415980000000001
 617    -45.631309999999999  57.96611  -26.882650000000002
 618    -19.276689999999999  28.556149999999999  22.655809999999999
 619    8.8487189999999991  62.872819999999997  -27.824210000000001
 620    54.896239999999999  64.793369999999996  -27.352599999999999
 621    -9.7074660000000002  68.238010000000003  36.943100000000001
 622    23.165710000000001  44.963700000000003  17.753609999999998
 623    8.9416879999999992  67.087599999999995  -27.378160000000001
 624    8.1547990000000006  76.131259999999997  -27.438669999999998
 625    -1.5731390000000001  89.782470000000004  15.743180000000001
 626    60.243819999999999  77.773769999999999  -25.942609999999998
 627    22.359729999999999  42.410490000000003  19.545729999999999
 628    29.264659999999999  -16.011289999999999  17.486999999999998
 629    14.26882  -51.565429999999999  19.021339999999999
 630    -48.558790000000002  -47.258150000000001  7.4257939999999998
 631    -56.792969999999997  53.950420000000001  -28.562460000000002
 632    -46.161079999999998  53.006169999999997  -26.746880000000001
 633    -27.650099999999998  -51.520670000000003  11.441240000000001
 634    53.050510000000003  59.870100000000001  -27.00292
 635    6.6583490000000003  68.739230000000006  36.198560000000001
 636    49.601509999999998  61.923760000000001  -27.87078
 637    17.351739999999999  -48.752000000000002  13.839790000000001
 638    -44.641489999999997  67.511759999999995  -27.30265
 639    1.9165730000000001  51.05556  38.230759999999997
 640    -58.165640000000003  72.382490000000004  -23.433409999999999
 641    -20.138850000000001  59.509779999999999  33.259169999999997
 642    -53.10698  74.28322  -27.9359
 643    23.527480000000001  72.132829999999998  20.428820000000002
 644    -1.0039720000000001  77.482680000000002  -27.314240000000002
 645    -5.6571660000000001  78.543009999999995  -26.1798
 646    -10.35582  81.762479999999996  -27.286380000000001
 647    9.2193889999999996  84.868709999999993  -27.52929
 648    57.855089999999997  83.160650000000004  -26.59704
 649    49.467750000000002  84.249290000000002  -27.261060000000001
 650    51.327080000000002  86.863860000000003  -25.094930000000002
 651    -4.7967199999999997  2.3138290000000001  38.184460000000001
 652    8.0986180000000001  87.672219999999996  -24.346520000000002
 653    -22.258220000000001  93.929389999999998  -28.028970000000001
 654    -20.030270000000002  95.32253  -25.582999999999998
 655    21.734200000000001  -53.647939999999998  27.784770000000002
 656    55.847749999999998  59.378770000000003  -25.581399999999999
 657    26.323129999999999  -52.029850000000003  24.12556
 658    50.117570000000001  62.689019999999999  -25.190919999999998
 659    -45.089829999999999  67.060140000000004  -27.454249999999998
 660    57.853789999999996  64.972650000000002  -26.628250000000001
 661    -41.770420000000001  67.604150000000004  -25.619689999999999
 662    -42.707239999999999  69.828000000000003  -25.990690000000001
 663    35.168059999999997  -6.863658  8.329027
 664    -60.521709999999999  69.611930000000001  -26.554490000000001
 665    62.240729999999999  70.925650000000005  -24.69943
 666    9.4398040000000005  73.458979999999997  -25.618269999999999
 667    19.78126  -37.092849999999999  12.342129999999999
 668    -5.0044079999999997  -0.61910069999999995  33.582819999999998
 669    -7.5199350000000003  48.789580000000001  37.736879999999999
 670    -4.3521720000000004  78.678449999999998  -26.846029999999999
 671    -1.112792  79.314400000000006  -26.961590000000001
 672    2.5217740000000002  79.481139999999996  -26.441210000000002
 673    17.507629999999999  46.831150000000001  30.5441
 674    26.51202  -43.946390000000001  10.93849
 675    -21.2409  92.033370000000005  -26.633479999999999
 676    -18.76717  92.114440000000002  -26.79203
 677    21.380120000000002  95.816360000000003  -27.897849999999998
 678    20.065940000000001  52.940750000000001  30.554739999999999
 679    -14.155250000000001  60.50235  37.180349999999997
 680    49.585290000000001  58.682560000000002  -26.16432
 681    4.9569200000000002  50.526829999999997  38.000320000000002
 682    23.07695  56.286369999999998  27.100200000000001
 683    3.6966510000000001  77.960669999999993  -26.205089999999998
 684    -38.27413  -45.438389999999998  20.168659999999999
 685    9.423584  78.175060000000002  -26.02732
 686    -0.75240240000000003  80.944760000000002  -23.820740000000001
 687    -27.718440000000001  -43.991660000000003  11.18309
 688    49.555019999999999  84.761030000000005  -24.53913
 689    -11.88916  87.190389999999994  -27.748080000000002
 690    54.608820000000001  85.285899999999998  -24.567640000000001
 691    -37.461829999999999  -39.365879999999997  19.585159999999998
 692    -11.806010000000001  4.6510639999999999  5.2360389999999999
 693    9.5916680000000003  71.121139999999997  35.635750000000002
 694    14.715389999999999  90.368849999999995  -25.678180000000001
 695    -24.493829999999999  -15.751849999999999  9.9303150000000002
 696    19.082000000000001  69.658959999999993  29.632639999999999
 697    -28.81729  53.27505  19.205380000000002
 698    -48.922829999999998  51.549419999999998  -26.5289
 699    0.88853119999999997  53.39143  -24.552959999999999
 700    0.18196599999999999  5.8362189999999998  6.8928739999999999
 701    -1.9869779999999999  53.102629999999998  -26.75534
 702    15.913819999999999  -44.968760000000003  16.82189
 703    -61.260719999999999  58.402970000000003  -25.44173
 704    51.862990000000003  55.970590000000001  -23.87125
 705    -5.8601219999999996  6.3606559999999996  6.3881889999999997
 706    -38.406120000000001  -36.266460000000002  20.548220000000001
 707    -63.015770000000003  63.083799999999997  -26.13682
 708    -44.169370000000001  63.102899999999998  -26.589020000000001
 709    -43.527070000000002  66.133809999999997  -24.625499999999999
 710    28.405809999999999  -26.776209999999999  26.436859999999999
 711    61.144289999999998  74.673419999999993  -23.921779999999998
 712    -11.84243  75.581199999999995  -24.728860000000001
 713    -10.1365  79.10069  -25.780609999999999
 714    50.738810000000001  78.091930000000005  -26.897410000000001
 715    59.76397  79.379350000000002  -24.645520000000001
 716    -27.31662  58.350589999999997  25.0306
 717    -4.1795  80.10342  -26.42041
 718    -4.3382430000000003  81.846909999999994  -23.182700000000001
 719    10.46072  83.477180000000004  -26.009160000000001
 720    29.944569999999999  11.28867  7.3927829999999997
 721    -19.180340000000001  88.626949999999994  -24.685220000000001
 722    -20.44717  90.092280000000002  -25.135819999999999
 723    -52.16272  51.552599999999998  -24.88946
 724    16.68638  -41.983519999999999  17.774349999999998
 725    8.2120660000000001  62.359850000000002  -24.133780000000002
 726    33.211509999999997  -0.55384089999999997  15.0489
 727    23.063269999999999  16.94755  7.988308
 728    48.842469999999999  66.235950000000003  -23.609400000000001
 729    -6.1328129999999996  68.906739999999999  36.610529999999997
 730    15.908939999999999  -19.991879999999998  20.813359999999999
 731    10.565469999999999  78.312759999999997  -25.23789
 732    48.865490000000001  76.040589999999995  -23.08024
 733    10.427899999999999  14.10388  26.923860000000001
 734    6.0169940000000004  78.089939999999999  -24.805040000000002
 735    48.461419999999997  82.145970000000005  -25.783439999999999
 736    54.814349999999997  84.765280000000004  -27.3809
 737    -24.15644  -41.552289999999999  17.539210000000001
 738    33.237909999999999  -24.214079999999999  19.274979999999999
 739    -16.298100000000002  96.050470000000004  -23.885760000000001
 740    -45.696640000000002  54.919029999999999  -24.27477
 741    47.227699999999999  57.906860000000002  -24.298829999999999
 742    4.5349680000000001  56.934060000000002  -24.969449999999998
 743    16.554950000000002  28.74155  9.1082400000000003
 744    -9.4565079999999995  62.47007  -24.756430000000002
 745    19.36589  -7.9910170000000003  20.604289999999999
 746    21.447389999999999  -7.465382  21.01952
 747    50.3446  70.14479  -24.029869999999999
 748    8.7811459999999997  70.685640000000006  -26.061520000000002
 749    18.269939999999998  25.59207  11.91108
 750    -10.039239999999999  73.987359999999995  -26.038540000000001
 751    18.518989999999999  -52.321080000000002  32.15099
 752    21.106570000000001  -52.932580000000002  30.272790000000001
 753    -7.3176249999999996  81.342979999999997  -25.47955
 754    -22.35322  38.206420000000001  12.761380000000001
 755    14.83891  -48.300739999999998  31.56681
 756    23.649270000000001  41.07208  12.42862
 757    24.181180000000001  43.85613  11.975479999999999
 758    26.08249  46.528739999999999  11.65509
 759    19.856249999999999  -47.222709999999999  30.763809999999999
 760    -42.095619999999997  59.429099999999998  -22.174900000000001
 761    60.417789999999997  66.451769999999996  -24.38777
 762    -4.1663699999999997  -6.2291150000000002  41.408110000000001
 763    1.249225  -1.8821479999999999  31.245819999999998
 764    -22.08437  70.893839999999997  24.83446
 765    -33.728369999999998  -2.071866  19.569299999999998
 766    7.0683379999999998  80.462919999999997  -24.335129999999999
 767    4.2726620000000004  80.597989999999996  -22.330950000000001
 768    9.6434029999999993  79.768640000000005  -22.127050000000001
 769    1.2366630000000001  75.26446  35.934849999999997
 770    -5.5471110000000001  83.798879999999997  -23.01718
 771    -30.726220000000001  46.831569999999999  5.3677580000000003
 772    17.481549999999999  92.980429999999998  -25.90616
 773    -10.38161  92.610849999999999  -22.877859999999998
 774    11.65631  92.157769999999999  -24.352399999999999
 775    18.918669999999999  96.785849999999996  -25.11609
 776    22.45919  95.108590000000007  -25.2255
 777    20.921099999999999  72.455830000000006  25.009319999999999
 778    55.471899999999998  56.50515  -22.678450000000002
 779    60.391350000000003  62.236449999999998  -23.073740000000001
 780    11.810269999999999  64.623369999999994  -24.757670000000001
 781    -61.556939999999997  67.101079999999996  -24.291239999999998
 782    -3.646811  -6.9764910000000002  46.638190000000002
 783    -13.618180000000001  69.90325  -24.089320000000001
 784    -44.649369999999998  72.12379  -24.784859999999998
 785    -48.490009999999998  74.019239999999996  -26.020309999999998
 786    11.091329999999999  76.092479999999995  -24.205359999999999
 787    16.627870000000001  76.654049999999998  27.078140000000001
 788    -40.177680000000002  -34.100079999999998  18.153199999999998
 789    7.1390120000000001  82.802409999999995  -23.037040000000001
 790    -12.489190000000001  85.013819999999996  -22.865549999999999
 791    -7.681648  89.080590000000001  -23.145219999999998
 792    -19.637910000000002  90.820220000000006  -24.420000000000002
 793    -55.000120000000003  52.091030000000003  -23.476130000000001
 794    -2.8477380000000001  53.972490000000001  -22.65868
 795    -6.120406  57.484310000000001  -23.09685
 796    8.6814269999999993  88.124260000000007  13.068580000000001
 797    -6.2453050000000001  17.723769999999998  29.649329999999999
 798    -6.9035169999999999  19.91985  30.856909999999999
 799    -63.167389999999997  65.522450000000006  -23.02994
 800    -42.060420000000001  63.57349  -22.212050000000001
 801    12.56474  70.071659999999994  -22.351459999999999
 802    15.30481  -37.249119999999998  27.121700000000001
 803    -39.330219999999997  -37.929659999999998  10.061629999999999
 804    -53.591990000000003  74.380110000000002  -23.80669
 805    0.2658066  21.41086  31.462230000000002
 806    -9.6946820000000002  80.253410000000002  -23.188400000000001
 807    27.3184  -44.51932  23.443549999999998
 808    32.287089999999999  -33.116219999999998  19.108799999999999
 809    18.413879999999999  -53.427590000000002  11.481579999999999
 810    48.063690000000001  55.760829999999999  -23.55997
 811    36.883949999999999  -49.897689999999997  12.38372
 812    -59.928429999999999  56.711910000000003  -22.297650000000001
 813    -18.74118  35.498890000000003  20.757110000000001
 814    -44.610750000000003  -45.332949999999997  12.61063
 815    3.348166  15.869759999999999  29.921389999999999
 816    -62.85116  60.212679999999999  -23.553090000000001
 817    -7.7450970000000003  22.357379999999999  31.25291
 818    11.1037  63.305959999999999  -23.683630000000001
 819    47.786189999999998  68.625839999999997  -21.77965
 820    32.769179999999999  -29.63326  20.367909999999998
 821    -47.501649999999998  72.736879999999999  -20.85031
 822    60.466030000000003  71.5625  -22.033829999999998
 823    30.963180000000001  -44.893799999999999  13.09994
 824    58.900570000000002  77.752600000000001  -21.789370000000002
 825    -10.3948  82.453659999999999  -22.767800000000001
 826    23.52449  51.840780000000002  20.724070000000001
 827    -18.978840000000002  86.892750000000007  -23.459289999999999
 828    -58.744050000000001  54.949840000000002  -25.35915
 829    -42.504089999999998  54.395130000000002  -23.094709999999999
 830    3.0444930000000001  55.421729999999997  -20.60005
 831    -43.342669999999998  56.90887  -22.46875
 832    -12.18981  53.724919999999997  37.126289999999997
 833    15.280250000000001  83.236260000000001  9.9819980000000008
 834    -7.9431539999999998  60.95485  -23.477699999999999
 835    -63.501289999999997  60.305050000000001  -21.592289999999998
 836    27.679290000000002  -34.978470000000002  11.266360000000001
 837    -39.985880000000002  66.226920000000007  -23.389949999999999
 838    -2.9255460000000002  -6.1219429999999999  44.02261
 839    -40.226260000000003  -31.000309999999999  12.35871
 840    18.426110000000001  -33.766979999999997  28.787109999999998
 841    31.37659  -31.55789  12.733269999999999
 842    12.09952  76.634969999999996  -21.301500000000001
 843    32.335250000000002  -29.043610000000001  11.34
 844    51.990729999999999  85.046930000000003  -22.266459999999999
 845    20.939910000000001  96.331100000000006  -24.300429999999999
 846    -43.422460000000001  51.839509999999997  -22.85267
 847    53.87518  54.542479999999998  -20.730229999999999
 848    45.220649999999999  55.37265  -22.330179999999999
 849    8.7382120000000008  37.462870000000002  30.243980000000001
 850    8.2094850000000008  57.87753  37.935630000000003
 851    -31.469390000000001  -53.303460000000001  12.04899
 852    48.892420000000001  60.552250000000001  -23.65823
 853    32.189610000000002  -18.490100000000002  13.495200000000001
 854    -38.777189999999997  64.118369999999999  -21.768350000000002
 855    30.442519999999998  -4.3948400000000003  17.99353
 856    -12.516550000000001  64.270750000000007  -23.128879999999999
 857    61.01529  67.617270000000005  -22.163250000000001
 858    -61.140920000000001  70.115939999999995  -22.554870000000001
 859    -43.046010000000003  71.008660000000006  -22.378270000000001
 860    -51.811129999999999  73.510159999999999  -22.37416
 861    60.078279999999999  74.547200000000004  -21.150300000000001
 862    48.916670000000003  78.852770000000007  -21.651520000000001
 863    -45.683889999999998  -52.806100000000001  9.4658390000000008
 864    0.450324  82.270970000000005  -23.21434
 865    -16.113479999999999  83.765379999999993  -22.417680000000001
 866    48.515749999999997  83.468760000000003  -23.692489999999999
 867    24.650480000000002  -53.202260000000003  5.9360249999999999
 868    30.264250000000001  -10.159990000000001  14.18669
 869    -22.22533  -52.033410000000003  19.541650000000001
 870    12.780150000000001  -6.9999760000000002  12.0596
 871    -40.26126  54.584139999999998  -22.472850000000001
 872    -0.28702369999999999  54.173050000000003  -19.701809999999998
 873    -39.90945  57.394829999999999  -22.253810000000001
 874    45.49127  56.74924  -19.583320000000001
 875    58.546599999999998  59.250900000000001  -22.37218
 876    -18.242290000000001  -7.0073259999999999  15.875249999999999
 877    29.849609999999998  -49.971029999999999  20.88505
 878    -11.95398  -2.6536390000000001  12.585900000000001
 879    9.9041879999999995  74.000460000000004  -24.008520000000001
 880    -2.8371249999999999  -10.891730000000001  55.83907
 881    -19.09674  47.635800000000003  31.434180000000001
 882    17.758420000000001  49.59731  31.63954
 883    12.58389  84.47766  -22.398060000000001
 884    9.7699130000000007  -2.3978969999999999  12.066459999999999
 885    -10.036339999999999  0.095047809999999996  14.65663
 886    -47.479909999999997  50.316290000000002  -23.021239999999999
 887    13.359019999999999  -53.241810000000001  22.956499999999998
 888    42.182270000000003  55.259369999999997  -19.718640000000001
 889    -4.2005160000000004  55.749470000000002  -20.45571
 890    -62.034030000000001  57.235140000000001  -21.148910000000001
 891    -21.457049999999999  55.116840000000003  32.31223
 892    47.541879999999999  61.104509999999998  -22.139900000000001
 893    -7.8387880000000001  61.866970000000002  -21.786799999999999
 894    61.901780000000002  65.32714  -20.317450000000001
 895    31.281469999999999  9.314209  14.94487
 896    -24.27543  -34.238549999999996  19.8035
 897    -13.090400000000001  79.339269999999999  -22.08736
 898    -17.62931  84.744479999999996  -22.323789999999999
 899    2.1712250000000002  82.967519999999993  -21.893439999999998
 900    -27.49175  18.01643  13.15401
 901    -17.713419999999999  89.207130000000006  -22.221520000000002
 902    18.03519  89.555229999999995  -22.44436
 903    18.684419999999999  59.864429999999999  31.22054
 904    17.619450000000001  -52.74568  26.012930000000001
 905    18.26079  65.369060000000005  30.486339999999998
 906    -51.505470000000003  50.318170000000002  -21.340430000000001
 907    22.523579999999999  -35.138649999999998  11.405709999999999
 908    -6.4500950000000001  58.780140000000003  -21.323149999999998
 909    15.10955  -18.363700000000001  15.79448
 910    -33.909379999999999  58.87209  10.57612
 911    -15.728339999999999  70.885750000000002  32.97531
 912    -14.254670000000001  74.744020000000006  -18.862459999999999
 913    -19.00131  67.511520000000004  31.660969999999999
 914    -38.215919999999997  -43.369129999999998  6.9959449999999999
 915    6.4640950000000004  83.08372  -20.857109999999999
 916    -37.59919  -19.194130000000001  21.09723
 917    54.066780000000001  83.4923  -20.570779999999999
 918    8.2041160000000009  88.145769999999999  -21.788489999999999
 919    -25.61036  -52.38165  25.953620000000001
 920    20.711780000000001  89.590810000000005  -21.883749999999999
 921    -30.75591  -49.664639999999999  25.561029999999999
 922    -15.27211  74.39067  29.984629999999999
 923    34.175899999999999  52.4437  13.49802
 924    0.2044221  2.2297959999999999  27.653199999999998
 925    -34.101680000000002  -15.652620000000001  19.602160000000001
 926    7.770454  62.73648  -20.826450000000001
 927    45.75508  60.696379999999998  -19.757650000000002
 928    -38.607599999999998  60.109299999999998  -21.966719999999999
 929    -50.642240000000001  72.603890000000007  -19.195419999999999
 930    -32.059669999999997  62.066870000000002  9.7184830000000009
 931    -11.865780000000001  77.838849999999994  -22.02826
 932    -35.775539999999999  -38.448129999999999  6.8115540000000001
 933    -14.95471  -5.2278469999999997  15.71416
 934    -15.17944  80.987560000000002  -21.9163
 935    50.849710000000002  81.247879999999995  -20.26614
 936    16.44745  81.228290000000001  -19.872150000000001
 937    -9.2583059999999993  69.201779999999999  35.785620000000002
 938    26.850549999999998  66.079599999999999  11.55029
 939    11.960599999999999  92.052520000000001  -21.476240000000001
 940    3.2355499999999999  4.487978  29.533200000000001
 941    16.115120000000001  92.863789999999995  -20.588909999999998
 942    0.33133839999999998  -5.3216070000000002  48.063249999999996
 943    -7.0271080000000001  78.707189999999997  33.319850000000002
 944    45.108029999999999  53.054949999999998  -20.689450000000001
 945    25.572489999999998  70.523340000000005  11.694369999999999
 946    2.138792  -3.4103699999999999  39.904150000000001
 947    47.533949999999997  58.2639  -21.840399999999999
 948    -38.103569999999998  57.643140000000002  -17.97935
 949    23.483309999999999  -5.0968980000000004  21.153189999999999
 950    -39.574599999999997  -14.489649999999999  15.197620000000001
 951    -8.6276639999999993  60.301319999999997  -17.821169999999999
 952    -62.807540000000003  66.198949999999996  -19.36748
 953    18.401620000000001  79.809979999999996  14.525180000000001
 954    -13.42998  65.952389999999994  -24.163589999999999
 955    27.66451  -32.814929999999997  8.6028590000000005
 956    31.375869999999999  -26.309239999999999  23.222519999999999
 957    -0.70807149999999996  82.214420000000004  30.633780000000002
 958    19.748709999999999  -34.387659999999997  9.7673310000000004
 959    20.252089999999999  43.668869999999998  26.066859999999998
 960    57.272010000000002  80.485560000000007  -20.799240000000001
 961    16.30087  -29.517600000000002  8.2238969999999991
 962    18.70552  85.36157  -20.421240000000001
 963    -25.97766  71.055480000000003  19.1416
 964    -5.8377860000000004  8.4785070000000005  28.953620000000001
 965    -14.14391  95.037559999999999  -23.045030000000001
 966    -54.912350000000004  51.910850000000003  -18.183050000000001
 967    -42.373420000000003  51.808709999999998  -18.995760000000001
 968    45.106630000000003  52.19097  -19.17033
 969    50.588790000000003  53.523859999999999  -21.862870000000001
 970    -56.785220000000002  53.259399999999999  -21.082470000000001
 971    31.854579999999999  -27.67765  8.748939
 972    -0.71293609999999996  6.85107  34.753660000000004
 973    -12.22569  13.16732  28.12687
 974    -39.916499999999999  67.897890000000004  -20.12613
 975    1.612306  59.425870000000003  39.10154
 976    47.614870000000003  74.330510000000004  -20.700199999999999
 977    -11.40221  78.85463  -19.39142
 978    -6.066433  6.6816760000000004  20.216799999999999
 979    3.3132139999999999  83.520970000000005  -18.32968
 980    -6.0760370000000004  -3.022437  43.26511
 981    -5.884728  1.4138919999999999  31.557220000000001
 982    -4.5917830000000004  -0.72034620000000005  49.123600000000003
 983    12.364050000000001  90.915279999999996  -19.77037
 984    -46.666809999999998  49.656010000000002  -19.712910000000001
 985    -39.554819999999999  54.164740000000002  -18.598310000000001
 986    -61.747320000000002  57.869459999999997  -18.634170000000001
 987    9.0637509999999999  63.016710000000003  -17.612660000000002
 988    -13.874700000000001  66.12312  -19.801349999999999
 989    15.268660000000001  -40.223640000000003  26.186340000000001
 990    24.057929999999999  -40.694560000000003  28.331479999999999
 991    12.54621  65.270870000000002  -20.97174
 992    -28.982089999999999  12.92568  23.135670000000001
 993    -26.435199999999998  15.406790000000001  21.228179999999998
 994    60.268520000000002  69.903779999999998  -20.41168
 995    45.638849999999998  70.675030000000007  -18.838200000000001
 996    -45.414839999999998  70.715320000000006  -17.14246
 997    -58.857970000000002  72.282499999999999  -20.17745
 998    -55.60642  71.59863  -19.507370000000002
 999    -14.569229999999999  72.717789999999994  -20.45618
1000    12.38903  73.730289999999997  -19.575710000000001
1001    18.730889999999999  20.093170000000001  20.974270000000001
1002    56.921010000000003  77.570629999999994  -18.852360000000001
1003    21.44434  -42.775959999999998  12.050560000000001
1004    0.31373000000000001  11.01515  31.191579999999998
1005    -9.7315799999999992  88.899630000000002  -19.037430000000001
1006    -19.481819999999999  25.590959999999999  21.85464
1007    -42.858080000000001  -16.90221  7.9498749999999996
1008    41.499789999999997  54.630890000000001  -18.87246
1009    42.589759999999998  58.661830000000002  -16.145289999999999
1010    23.968820000000001  -38.70149  13.300689999999999
1011    5.9997319999999998  58.812930000000001  -20.144600000000001
1012    -37.77093  62.347920000000002  -18.238240000000001
1013    -42.490139999999997  -14.54401  7.2482059999999997
1014    -19.70102  32.998840000000001  21.646409999999999
1015    16.147020000000001  -11.98963  15.807180000000001
1016    57.626040000000003  73.234949999999998  -18.027239999999999
1017    -10.89378  14.756729999999999  27.56026
1018    54.459310000000002  80.448499999999996  -18.64967
1019    -14.43557  83.247550000000004  -19.521249999999998
1020    6.2610130000000002  83.727270000000004  -15.23024
1021    11.887879999999999  81.497590000000002  -16.003509999999999
1022    20.973669999999998  42.359139999999996  22.875599999999999
1023    -15.243869999999999  91.900270000000006  -20.684190000000001
1024    -46.522750000000002  50.173969999999997  -17.972249999999999
1025    23.133310000000002  43.808019999999999  20.811979999999998
1026    14.12345  -31.20327  11.687849999999999
1027    24.028890000000001  51.027700000000003  23.45308
1028    -5.0729990000000003  22.503990000000002  31.641760000000001
1029    61.712139999999998  62.55424  -18.467120000000001
1030    -10.185409999999999  64.972009999999997  -20.767099999999999
1031    24.86196  56.451329999999999  21.344940000000001
1032    43.043199999999999  67.025099999999995  -15.54752
1033    -15.417439999999999  69.279640000000001  -18.930610000000001
1034    -59.540930000000003  69.373589999999993  -17.399260000000002
1035    13.71458  71.695099999999996  -15.447900000000001
1036    -1.127955  84.553479999999993  -19.349959999999999
1037    8.0327520000000003  85.568989999999999  -17.237400000000001
1038    16.595050000000001  90.491630000000001  -19.332319999999999
1039    -27.432670000000002  66.161289999999994  20.83248
1040    -5.8631960000000003  25.928529999999999  31.8446
1041    44.492600000000003  50.56315  -17.300930000000001
1042    54.384239999999998  53.072429999999997  -16.751629999999999
1043    -58.247689999999999  54.913330000000002  -16.622
1044    -25.63289  -14.81659  12.920629999999999
1045    45.240049999999997  65.798000000000002  -18.71189
1046    34.844619999999999  -0.49191230000000002  10.121460000000001
1047    -23.995850000000001  -12.155139999999999  12.50624
1048    59.268500000000003  72.329830000000001  -16.957820000000002
1049    43.156480000000002  72.646770000000004  -17.95486
1050    -26.93984  -9.6354819999999997  17.762560000000001
1051    11.501760000000001  78.006259999999997  -16.591159999999999
1052    49.27308  75.936779999999999  -18.394670000000001
1053    53.705579999999998  76.133430000000004  -16.710190000000001
1054    -9.0476840000000003  28.096900000000002  31.54664
1055    -19.12114  -9.1208740000000006  12.74254
1056    -0.97506550000000003  85.678280000000001  -16.080719999999999
1057    -49.104210000000002  50.036909999999999  -15.374219999999999
1058    49.385449999999999  51.203879999999998  -19.368749999999999
1059    -1.3346979999999999  54.248109999999997  -17.735849999999999
1060    -37.156590000000001  5.2766599999999997  16.72428
1061    17.30528  -30.384260000000001  27.42942
1062    6.0849200000000003  59.41395  -17.152509999999999
1063    -10.266220000000001  63.100700000000003  -16.381740000000001
1064    -39.310850000000002  65.775369999999995  -17.044789999999999
1065    9.9185599999999994  65.566239999999993  -20.010439999999999
1066    -36.421390000000002  0.46728059999999999  18.247530000000001
1067    -5.6485989999999999  -8.1738269999999993  57.356569999999998
1068    23.618030000000001  -53.079549999999998  22.38205
1069    17.850950000000001  -23.07526  25.049469999999999
1070    -11.070410000000001  0.98209690000000005  11.48992
1071    29.330259999999999  65.917299999999997  9.1224070000000008
1072    33.40034  4.1422559999999997  13.26127
1073    11.25956  33.829210000000003  30.949560000000002
1074    -56.202579999999998  54.26164  -15.72823
1075    -12.748340000000001  19.08839  27.940090000000001
1076    -36.889249999999997  9.0361080000000005  10.24104
1077    -5.8534280000000001  57.141629999999999  -18.07057
1078    -13.475989999999999  34.60154  30.940809999999999
1079    -59.952509999999997  65.831379999999996  -14.365
1080    9.3682879999999997  64.182770000000005  -15.48447
1081    -14.139760000000001  74.993769999999998  -16.994019999999999
1082    7.9712110000000003  17.531639999999999  28.559539999999998
1083    9.3796379999999999  85.046689999999998  -16.132079999999998
1084    26.81213  15.821429999999999  9.6946250000000003
1085    57.060290000000002  55.807110000000002  -18.60596
1086    21.680630000000001  20.387429999999998  12.68075
1087    39.529589999999999  56.278210000000001  -17.343
1088    -60.468290000000003  56.686210000000003  -15.01854
1089    -37.897100000000002  56.999589999999998  -16.280909999999999
1090    -22.209420000000001  23.803249999999998  14.047090000000001
1091    -42.164259999999999  69.031899999999993  -16.885739999999998
1092    13.451610000000001  68.942319999999995  -17.038699999999999
1093    31.649930000000001  -34.379089999999998  21.56963
1094    -4.8330209999999996  85.347239999999999  -18.992069999999998
1095    -38.779179999999997  -30.859200000000001  20.570049999999998
1096    -45.12764  49.924990000000001  -16.945789999999999
1097    -51.148609999999998  50.205379999999998  -18.14301
1098    41.170659999999998  51.10069  -15.14833
1099    23.695239999999998  -24.304469999999998  26.920449999999999
1100    -39.685870000000001  53.969920000000002  -16.620999999999999
1101    59.053330000000003  58.019930000000002  -17.352119999999999
1102    -11.145799999999999  47.967660000000002  36.798380000000002
1103    -13.17501  60.937019999999997  -13.08952
1104    43.518859999999997  61.615409999999997  -16.98207
1105    -12.49363  66.342309999999998  -16.846640000000001
1106    40.688139999999997  69.264480000000006  -15.35427
1107    -15.45288  72.328019999999995  -16.645910000000001
1108    -20.254239999999999  50.852739999999997  32.175440000000002
1109    -12.73753  86.988839999999996  -18.028230000000001
1110    -3.4547370000000002  86.380840000000006  -13.17428
1111    34.047089999999997  57.801009999999998  13.618169999999999
1112    18.420539999999999  55.452480000000001  30.907419999999998
1113    57.379269999999998  55.638550000000002  -14.967040000000001
1114    -37.444209999999998  -3.1854179999999999  16.08878
1115    -29.452279999999998  -19.686299999999999  21.13015
1116    -37.47148  59.662869999999998  -15.541499999999999
1117    61.680120000000002  67.713750000000005  -16.66018
1118    10.537929999999999  67.325100000000006  -15.89146
1119    -25.995760000000001  74.092500000000001  12.85819
1120    -47.87885  69.729349999999997  -13.403449999999999
1121    32.609560000000002  -20.09545  19.61626
1122    -5.7444240000000004  -12.594519999999999  56.675829999999998
1123    -43.86206  51.308599999999998  -16.038630000000001
1124    50.439390000000003  49.833100000000002  -14.4969
1125    -41.225029999999997  51.881369999999997  -15.811349999999999
1126    4.0629369999999998  56.691949999999999  -17.57377
1127    39.064880000000002  54.224879999999999  -14.57025
1128    7.2647300000000001  58.196300000000001  -15.07267
1129    9.1104319999999994  48.39931  36.234029999999997
1130    62.978079999999999  62.934080000000002  -15.873089999999999
1131    -20.62527  3.8977590000000002  25.433019999999999
1132    -16.729289999999999  64.62227  -14.32023
1133    -55.227449999999997  68.968159999999997  -15.75182
1134    -2.240494  -6.6766100000000002  56.082659999999997
1135    50.760590000000001  76.357489999999999  -15.30072
1136    -12.917590000000001  77.816400000000002  -16.09599
1137    2.2275710000000002  84.972319999999996  -15.186389999999999
1138    9.0627759999999995  75.455349999999996  32.507550000000002
1139    7.1694699999999996  82.399770000000004  -11.869820000000001
1140    -7.1467710000000002  85.242040000000003  -14.780049999999999
1141    -24.761289999999999  73.47381  9.9613619999999994
1142    -8.3568239999999996  45.763759999999998  -15.33564
1143    -48.584350000000001  -53.804540000000003  11.186730000000001
1144    -1.9994019999999999  66.464429999999993  38.810220000000001
1145    7.5648960000000001  88.557959999999994  6.3461220000000003
1146    -39.775509999999997  49.983879999999999  -15.132949999999999
1147    39.603990000000003  53.634070000000001  8.6595739999999992
1148    -47.885129999999997  -53.216180000000001  13.147740000000001
1149    -27.558579999999999  -1.8898649999999999  22.913689999999999
1150    12.498519999999999  -2.651659  19.704129999999999
1151    -16.583400000000001  66.429479999999998  -16.42998
1152    12.867940000000001  1.3359479999999999  22.762630000000001
1153    35.958060000000003  -47.84984  13.359299999999999
1154    -2.6790880000000001  67.955280000000002  37.963039999999999
1155    33.961680000000001  -46.012079999999997  12.54341
1156    -12.742290000000001  40.848939999999999  -14.237450000000001
1157    -36.690759999999997  58.947690000000001  9.4642769999999992
1158    10.60704  4.2253509999999999  22.862010000000001
1159    -3.814727  43.426130000000001  -14.09876
1160    -14.78022  48.212719999999997  -15.21232
1161    -6.6233589999999998  48.661470000000001  -14.278879999999999
1162    -24.944980000000001  -44.28284  15.18543
1163    -14.57999  53.190240000000003  -14.04632
1164    30.909880000000001  -44.981630000000003  15.1256
1165    -34.884889999999999  53.44829  -13.970800000000001
1166    -4.4288259999999999  54.674019999999999  -14.770440000000001
1167    11.364979999999999  61.672879999999999  -11.58544
1168    -38.006410000000002  62.916229999999999  -14.95997
1169    -16.4786  63.282780000000002  -12.011290000000001
1170    41.031030000000001  62.783299999999997  -13.68099
1171    -20.473939999999999  64.840190000000007  -14.20495
1172    61.926220000000001  66.596549999999993  -13.363580000000001
1173    -56.328740000000003  67.513509999999997  -12.02458
1174    15.950369999999999  69.671139999999994  -13.24128
1175    -17.337319999999998  70.018940000000001  -13.70144
1176    -51.855969999999999  70.318299999999994  -15.367749999999999
1177    59.592190000000002  71.198800000000006  -13.62978
1178    -40.404859999999999  -37.307180000000002  13.15986
1179    5.140917  40.053400000000003  -13.8965
1180    7.2985199999999999  43.073900000000002  -14.74305
1181    -14.1408  36.79815  28.548169999999999
1182    8.4106649999999998  47.568370000000002  -14.598179999999999
1183    -3.8680379999999999  -0.93638580000000005  30.955030000000001
1184    47.5807  49.884950000000003  -16.273959999999999
1185    31.108039999999999  0.68795320000000004  18.764299999999999
1186    21.553830000000001  75.291219999999996  9.9641319999999993
1187    -41.811979999999998  -29.002179999999999  14.27971
1188    -3.7618170000000002  51.675699999999999  -13.005599999999999
1189    -21.063330000000001  20.766559999999998  21.753830000000001
1190    -20.147919999999999  7.4603900000000003  25.99127
1191    -9.1244259999999997  57.935899999999997  -14.536289999999999
1192    -41.963639999999998  -22.124040000000001  14.883190000000001
1193    -11.836309999999999  66.20787  -14.77702
1194    -41.460630000000002  67.171729999999997  -14.260389999999999
1195    7.3124640000000003  13.81466  26.948530000000002
1196    15.651160000000001  67.725149999999999  -14.6394
1197    -19.727219999999999  67.192459999999997  -12.902839999999999
1198    21.541620000000002  45.091169999999998  25.125419999999998
1199    55.738930000000003  75.19502  -14.903320000000001
1200    46.153640000000003  75.415629999999993  -16.12276
1201    48.233240000000002  74.998760000000004  -12.227460000000001
1202    11.192500000000001  78.245469999999997  -14.973750000000001
1203    -20.932839999999999  37.405709999999999  16.832319999999999
1204    -9.6376340000000003  82.842519999999993  -15.323270000000001
1205    11.82465  39.851059999999997  -12.54283
1206    1.6898299999999999  43.717210000000001  -13.7005
1207    4.8180930000000002  48.412570000000002  -13.7623
1208    -3.3389199999999999  45.522790000000001  -13.784509999999999
1209    13.62895  46.009779999999999  -13.310689999999999
1210    -16.786149999999999  45.824089999999998  -14.4102
1211    33.457340000000002  -53.807369999999999  16.22174
1212    47.439450000000001  48.968870000000003  -12.492900000000001
1213    8.4856780000000001  87.076999999999998  5.8310930000000001
1214    1.7593620000000001  53.301789999999997  -14.466379999999999
1215    -22.865790000000001  7.986135  25.855509999999999
1216    6.002586  56.8444  -13.853479999999999
1217    59.897019999999998  58.455640000000002  -14.5878
1218    -0.63320399999999999  24.547499999999999  31.223369999999999
1219    9.0493349999999992  60.236069999999998  -13.035299999999999
1220    -21.348790000000001  60.91478  -13.616
1221    25.511980000000001  60.685830000000003  21.909300000000002
1222    38.790610000000001  65.362449999999995  -13.298400000000001
1223    23.89385  65.308499999999995  21.562159999999999
1224    11.810370000000001  -6.9174439999999997  13.63189
1225    32.179259999999999  -6.5564859999999996  15.05392
1226    -14.545059999999999  -5.1525210000000001  12.62336
1227    13.290419999999999  74.45438  -14.739229999999999
1228    -21.993169999999999  43.585239999999999  26.046700000000001
1229    9.1799379999999999  80.706320000000005  -12.73429
1230    -9.5414949999999994  36.568019999999997  -12.46499
1231    -7.948366  38.806539999999998  -13.896179999999999
1232    33.687579999999997  -51.51623  8.0478509999999996
1233    -16.216159999999999  81.939989999999995  21.649760000000001
1234    44.357340000000001  49.234409999999997  -14.331149999999999
1235    -43.071840000000002  50.375599999999999  -13.639519999999999
1236    -20.137149999999998  51.266469999999998  -13.148479999999999
1237    14.434100000000001  81.54956  22.11956
1238    -13.953609999999999  83.334329999999994  20.289549999999998
1239    0.92785759999999995  48.973770000000002  -12.575699999999999
1240    -52.666899999999998  51.521270000000001  -14.727959999999999
1241    -39.294670000000004  4.3955169999999999  11.088990000000001
1242    6.9594250000000004  54.587060000000001  -13.365880000000001
1243    34.147979999999997  -54.083109999999998  10.68675
1244    -33.600020000000001  57.461030000000001  -13.50892
1245    -3.762521  -4.6127840000000004  36.123249999999999
1246    3.6845460000000001  88.542150000000007  18.234690000000001
1247    -11.70932  56.199809999999999  -13.214079999999999
1248    38.503390000000003  57.033320000000003  -11.43014
1249    3.0935269999999999  27.352250000000002  31.788879999999999
1250    38.042059999999999  60.112319999999997  -14.86497
1251    -32.580210000000001  15.403119999999999  14.160209999999999
1252    10.189550000000001  67.626080000000002  -13.05152
1253    2.0458259999999999  -3.2864930000000001  36.002690000000001
1254    -15.30545  74.347120000000004  -12.880710000000001
1255    33.819960000000002  -49.149850000000001  9.1327449999999999
1256    20.068660000000001  -47.125480000000003  6.1382159999999999
1257    18.77535  24.766559999999998  13.89462
1258    2.8736449999999998  37.721710000000002  -12.01384
1259    -23.143699999999999  -47.419469999999997  21.94678
1260    -20.20946  29.68909  11.699820000000001
1261    0.40863719999999998  45.120530000000002  -12.40105
1262    -1.205384  46.275869999999998  -11.90624
1263    13.28961  8.2673159999999992  25.779250000000001
1264    21.827829999999999  39.889530000000001  12.66976
1265    -25.824120000000001  -44.082540000000002  21.240279999999998
1266    -46.239899999999999  -44.668599999999998  8.3337079999999997
1267    -24.932880000000001  41.71893  11.234080000000001
1268    -16.27112  50.390810000000002  -14.40545
1269    -27.99166  47.961950000000002  14.08216
1270    40.927419999999998  51.736319999999999  -13.22269
1271    -7.3642779999999997  53.738990000000001  -13.62299
1272    8.8150589999999998  27.353470000000002  31.53284
1273    -22.830439999999999  56.092210000000001  -11.872809999999999
1274    19.561900000000001  76.187529999999995  8.2351969999999994
1275    31.756509999999999  55.780679999999997  14.85318
1276    -29.395060000000001  60.530549999999998  13.45975
1277    -11.636889999999999  79.243049999999997  -13.041779999999999
1278    -10.33705  80.620220000000003  -15.10535
1279    -7.0691170000000003  84.274410000000003  -12.27694
1280    9.8726020000000005  55.310839999999999  37.329729999999998
1281    -26.904990000000002  -32.657139999999998  22.075710000000001
1282    -29.72953  63.585070000000002  11.741669999999999
1283    16.673480000000001  43.95532  -11.43061
1284    31.20562  -29.912120000000002  23.734390000000001
1285    2.9602729999999999  49.981259999999999  -11.95786
1286    43.918700000000001  50.006489999999999  -12.66207
1287    13.318210000000001  -31.705469999999998  22.153949999999998
1288    9.0461799999999997  32.183570000000003  31.090299999999999
1289    -33.421790000000001  -40.630800000000001  8.1111260000000005
1290    10.19251  52.719610000000003  -12.88062
1291    53.329039999999999  51.37623  -11.01585
1292    1.740524  31.11955  31.657440000000001
1293    9.4548579999999998  54.741259999999997  -11.461449999999999
1294    -27.701360000000001  -26.949739999999998  22.121759999999998
1295    -55.058979999999998  58.49859  -11.249459999999999
1296    -58.396340000000002  61.912059999999997  -11.734260000000001
1297    -17.544029999999999  57.547409999999999  -12.923909999999999
1298    12.76131  85.325019999999995  14.36777
1299    -19.181750000000001  60.821809999999999  -12.067729999999999
1300    -39.959119999999999  -34.31662  9.4120270000000001
1301    -33.316330000000001  -52.622129999999999  19.61093
1302    41.97739  69.773650000000004  -11.648009999999999
1303    -2.6917930000000001  48.86253  38.695419999999999
1304    43.976599999999998  72.352410000000006  -12.56884
1305    36.024239999999999  -53.092320000000001  13.197609999999999
1306    -35.075470000000003  -20.39622  22.71031
1307    25.608429999999998  -15.942819999999999  19.889340000000001
1308    0.93529110000000004  41.544359999999998  -11.94355
1309    0.64491779999999999  47.61974  -12.023849999999999
1310    -38.095999999999997  48.676560000000002  -11.41075
1311    -35.734949999999998  49.53257  -12.80974
1312    36.493600000000001  -51.190829999999998  14.08962
1313    -54.056159999999998  54.933779999999999  -11.9893
1314    25.90371  -2.8944190000000001  22.119800000000001
1315    -14.976520000000001  55.657559999999997  -12.116680000000001
1316    56.257860000000001  54.025849999999998  -11.948169999999999
1317    -16.588950000000001  -1.509568  22.104849999999999
1318    -17.589400000000001  42.634920000000001  32.304859999999998
1319    -1.6993510000000001  -0.25285869999999999  47.969769999999997
1320    -33.535299999999999  60.23751  -11.87519
1321    29.360679999999999  -29.155989999999999  7.3351629999999997
1322    18.49361  23.85782  19.071539999999999
1323    -23.646709999999999  62.7074  -12.0136
1324    62.100549999999998  60.589449999999999  -10.939730000000001
1325    -38.011310000000002  64.734629999999996  -12.376810000000001
1326    17.960419999999999  64.975470000000001  -12.49564
1327    -15.160740000000001  0.87737290000000001  22.36082
1328    58.258490000000002  71.530789999999996  -7.9159259999999998
1329    -19.19969  69.782660000000007  -11.09351
1330    -18.003340000000001  71.374099999999999  -10.643319999999999
1331    56.299019999999999  72.90549  -10.24648
1332    -23.284500000000001  -37.953409999999998  11.96016
1333    11.597  77.77843  -10.819750000000001
1334    -28.170449999999999  -16.211819999999999  18.833410000000001
1335    -1.9680340000000001  41.331609999999998  -11.457839999999999
1336    -1.8767370000000001  53.947780000000002  39.290889999999997
1337    5.0500930000000004  6.9196099999999996  23.762450000000001
1338    -21.233550000000001  45.91724  -11.44088
1339    32.86383  -23.981539999999999  8.2474170000000004
1340    15.96533  -22.434280000000001  8.0129190000000001
1341    36.91095  54.011920000000003  -9.7321629999999999
1342    -49.108539999999998  51.41657  -12.5412
1343    17.633500000000002  53.495370000000001  32.356020000000001
1344    -29.781639999999999  53.518389999999997  -11.02642
1345    -9.0080910000000003  53.466000000000001  -11.66479
1346    -20.813800000000001  55.678809999999999  -11.308590000000001
1347    14.12805  53.885420000000003  -12.18303
1348    24.199639999999999  7.151751  24.441040000000001
1349    12.56217  58.02552  -12.19637
1350    -43.029960000000003  -20.449369999999998  8.0829430000000002
1351    -31.749500000000001  11.58541  21.62285
1352    11.989890000000001  66.61242  -10.89433
1353    -22.667339999999999  66.545310000000001  -10.36786
1354    -52.176769999999998  67.783069999999995  -11.47791
1355    -19.53124  63.894269999999999  32.592730000000003
1356    16.665859999999999  -18.196439999999999  10.47852
1357    18.473500000000001  68.261390000000006  -10.831519999999999
1358    20.159829999999999  14.25056  21.54682
1359    -42.156269999999999  -18.33259  12.006489999999999
1360    1.769476  85.082250000000002  -12.44646
1361    19.014749999999999  48.546930000000003  -10.7098
1362    -5.4113689999999997  51.235950000000003  -11.410019999999999
1363    39.515540000000001  48.380040000000001  -9.479476
1364    -18.308499999999999  55.722029999999997  -11.262919999999999
1365    -17.363669999999999  16.996220000000001  25.719740000000002
1366    14.72655  58.529809999999998  -11.62466
1367    -33.222360000000002  61.919159999999998  -12.64608
1368    -41.77581  -24.31738  9.614236
1369    62.586939999999998  64.119619999999998  -9.3630990000000001
1370    13.641909999999999  18.178940000000001  25.666530000000002
1371    -53.511539999999997  63.607790000000001  -10.509119999999999
1372    -19.320740000000001  71.829819999999998  29.241879999999998
1373    15.50854  72.171049999999994  -10.733090000000001
1374    10.67015  77.241209999999995  31.822240000000001
1375    4.5657350000000001  84.308670000000006  -11.59801
1376    18.350919999999999  73.416399999999996  28.038
1377    -15.13264  38.629150000000003  -12.026450000000001
1378    10.51779  34.70138  -9.7959390000000006
1379    24.177949999999999  53.458170000000003  23.651479999999999
1380    -20.81861  32.740670000000001  17.509370000000001
1381    -3.4751069999999999  7.0290179999999998  16.316299999999998
1382    47.708930000000002  50.128990000000002  -9.6093729999999997
1383    -13.88007  -2.2964959999999999  10.74859
1384    30.745979999999999  12.134639999999999  12.67821
1385    23.91723  68.89967  22.644749999999998
1386    -31.052990000000001  16.37387  12.32854
1387    20.561250000000001  65.009360000000001  -9.9359940000000009
1388    -39.026600000000002  66.153660000000002  -10.090059999999999
1389    -41.24785  65.251459999999994  -12.46411
1390    -46.633940000000003  68.072550000000007  -11.282539999999999
1391    20.38672  77.416359999999997  19.66534
1392    51.854120000000002  74.666259999999994  -11.024240000000001
1393    -12.931319999999999  78.457830000000001  -12.37917
1394    6.3680719999999997  2.7732220000000001  9.4217080000000006
1395    1.7525139999999999  37.284999999999997  -9.5297689999999999
1396    -4.1324100000000001  37.84816  -11.24667
1397    19.31851  29.652550000000002  13.19675
1398    -8.3516870000000001  4.2443540000000004  8.8008380000000006
1399    17.682970000000001  71.299869999999999  28.60923
1400    -6.2949659999999996  0.82745120000000005  34.43085
1401    49.705269999999999  50.123489999999997  -9.7589699999999997
1402    -3.7360690000000001  6.0191129999999999  10.45965
1403    16.2682  52.262830000000001  -11.871969999999999
1404    -16.631430000000002  76.184489999999997  27.648540000000001
1405    24.315480000000001  48.417540000000002  17.081240000000001
1406    20.051400000000001  58.818730000000002  -9.3889069999999997
1407    -3.0563950000000002  10.47892  31.638020000000001
1408    20.25874  -44.669330000000002  29.13927
1409    27.55904  47.621810000000004  12.227779999999999
1410    -33.322600000000001  63.79271  -10.587899999999999
1411    0.29264200000000001  87.513069999999999  22.115400000000001
1412    0.2449732  -5.1025910000000003  43.798920000000003
1413    -1.559761  36.575740000000003  -9.9067179999999997
1414    -16.450130000000001  36.884720000000002  -8.7032980000000002
1415    -24.07272  48.544719999999998  -8.1320800000000002
1416    31.06786  62.265129999999999  11.939959999999999
1417    -30.158650000000002  48.468519999999998  -8.5035109999999996
1418    -23.564050000000002  52.098820000000003  -9.6982009999999992
1419    0.1048081  26.552869999999999  32.646610000000003
1420    -29.107379999999999  65.873699999999999  13.823320000000001
1421    -28.80208  69.028899999999993  13.538410000000001
1422    25.569739999999999  68.619  13.572950000000001
1423    -10.54086  83.497110000000006  26.195209999999999
1424    -51.265509999999999  60.760359999999999  -8.8425910000000005
1425    -28.217479999999998  61.563470000000002  -8.508858
1426    -25.248069999999998  73.555279999999996  14.34524
1427    -3.9962  28.30442  31.814530000000001
1428    -42.999690000000001  65.827539999999999  -10.53776
1429    19.737919999999999  9.3093199999999996  25.032520000000002
1430    29.463850000000001  -40.983020000000003  21.226240000000001
1431    -34.308770000000003  -39.468420000000002  21.981010000000001
1432    -0.12331350000000001  28.993590000000001  31.791499999999999
1433    -26.989930000000001  46.692779999999999  19.44511
1434    -17.473410000000001  81.875489999999999  15.047370000000001
1435    3.1224780000000001  30.991040000000002  33.176310000000001
1436    0.17603869999999999  36.924810000000001  -10.03491
1437    -34.062080000000002  -37.871380000000002  23.083670000000001
1438    16.826779999999999  40.274329999999999  -8.4334120000000006
1439    30.2545  -38.422739999999997  23.50339
1440    -39.657409999999999  48.108829999999998  -10.915319999999999
1441    -28.180050000000001  -37.475940000000001  22.896129999999999
1442    40.52711  47.504339999999999  -7.4781659999999999
1443    36.712850000000003  47.769379999999998  -8.4640050000000002
1444    -26.98723  54.747610000000002  -9.3993280000000006
1445    37.703659999999999  59.767890000000001  -9.5707389999999997
1446    14.163460000000001  64.351119999999995  -9.4675170000000008
1447    5.6832349999999998  74.107950000000002  35.814570000000003
1448    -36.307929999999999  -30.332709999999999  22.30556
1449    10.010199999999999  79.634500000000003  -9.6564949999999996
1450    1.3878619999999999  31.076419999999999  -9.3701519999999991
1451    35.124510000000001  -49.962009999999999  16.17211
1452    5.5521900000000004  34.506360000000001  -7.77827
1453    -10.72363  33.669490000000003  -9.0878449999999997
1454    -5.7356350000000003  35.853079999999999  -8.0440760000000004
1455    14.553660000000001  -27.51538  23.793199999999999
1456    -3.2721900000000002  37.738010000000003  -9.4390719999999995
1457    -19.007459999999998  39.415300000000002  -8.9181000000000008
1458    -23.01662  42.068519999999999  -5.2627709999999999
1459    -33.642870000000002  47.55545  -8.6894030000000004
1460    4.9563050000000004  36.067160000000001  32.069510000000001
1461    37.878100000000003  47.130499999999998  -8.9183260000000004
1462    -28.71388  55.124369999999999  17.86815
1463    -33.031999999999996  51.04983  -11.25759
1464    -32.333959999999998  -21.093050000000002  22.224139999999998
1465    -37.302819999999997  -25.410779999999999  21.94988
1466    0.25104549999999998  37.021320000000003  32.655630000000002
1467    13.632160000000001  -25.032129999999999  21.014320000000001
1468    26.96527  -43.484560000000002  13.689439999999999
1469    59.232619999999997  56.227269999999997  -10.64467
1470    15.14804  57.293599999999998  -10.286619999999999
1471    -14.273809999999999  56.573869999999999  37.283520000000003
1472    18.15033  57.138829999999999  -7.9993699999999999
1473    -11.37069  24.509180000000001  30.369610000000002
1474    21.633389999999999  59.689830000000001  -9.9422049999999995
1475    -28.338000000000001  58.503349999999998  -9.0634300000000003
1476    -24.306529999999999  57.718020000000003  -10.377000000000001
1477    38.817639999999997  61.444209999999998  -9.6915849999999999
1478    8.2934040000000007  35.971469999999997  32.061129999999999
1479    25.01192  53.918590000000002  18.490410000000001
1480    39.582509999999999  62.924630000000001  -5.9184659999999996
1481    -26.216380000000001  61.869340000000001  -8.8225079999999991
1482    39.78143  65.566659999999999  -10.71542
1483    -22.81335  -40.346409999999999  16.376049999999999
1484    -22.939910000000001  68.598889999999997  -8.2062670000000004
1485    44.312910000000002  69.335719999999995  -7.3945499999999997
1486    12.7232  76.257339999999999  -11.34398
1487    -10.33888  81.078620000000001  -10.813459999999999
1488    -8.5154150000000008  38.151919999999997  31.923200000000001
1489    -0.11862010000000001  86.179550000000006  -8.9922439999999995
1490    -1.466907  29.343910000000001  -9.2873420000000007
1491    24.799410000000002  -20.05763  25.220780000000001
1492    20.37078  -16.114470000000001  20.297450000000001
1493    -13.775370000000001  40.502510000000001  32.196899999999999
1494    -18.336739999999999  41.229669999999999  -11.201560000000001
1495    -29.665089999999999  62.104689999999998  19.938549999999999
1496    0.0059128920000000003  52.566899999999997  38.215389999999999
1497    -44.925220000000003  48.015349999999998  -8.9674289999999992
1498    46.283880000000003  49.155070000000002  -8.5574130000000004
1499    34.902810000000002  59.251869999999997  -8.4227690000000006
1500    32.057389999999998  -27.235199999999999  13.2653
1501    -10.675219999999999  87.878079999999997  11.00525
1502    -45.154110000000003  65.137820000000005  -7.8919959999999998
1503    42.25929  66.033619999999999  -6.5163409999999997
1504    -29.15164  62.657080000000001  17.263449999999999
1505    49.28595  73.274429999999995  -9.3744139999999998
1506    -15.764720000000001  74.908659999999998  -10.192869999999999
1507    -4.846552  73.375159999999994  36.543770000000002
1508    -28.964839999999999  53.317390000000003  16.346050000000002
1509    32.56409  -22.49766  13.41244
1510    34.819920000000003  62.052849999999999  10.58196
1511    -5.1785230000000002  86.043120000000002  -9.0803060000000002
1512    2.6570649999999998  84.941280000000006  -8.3316119999999998
1513    -31.719740000000002  1.3390169999999999  22.639769999999999
1514    -43.327449999999999  -53.921349999999997  -9.719735
1515    -7.0046499999999998  29.47514  -8.2057219999999997
1516    -11.23587  4.1461069999999998  21.863430000000001
1517    -47.203699999999998  50.59207  -7.9057339999999998
1518    52.20411  52.118839999999999  -7.6517119999999998
1519    54.101399999999998  53.975250000000003  -6.3600029999999999
1520    55.759329999999999  53.789949999999997  -9.3934499999999996
1521    -51.239699999999999  55.864840000000001  -9.2307649999999999
1522    24.060320000000001  -48.830660000000002  27.615819999999999
1523    25.696739999999998  4.4039570000000001  23.635909999999999
1524    58.77496  56.760950000000001  -6.8078159999999999
1525    -6.1187870000000002  -2.6210049999999998  50.200569999999999
1526    -37.200060000000001  -8.7383729999999993  13.795769999999999
1527    -44.117739999999998  66.304550000000006  -6.7920480000000003
1528    -38.765320000000003  66.270169999999993  -5.7082459999999999
1529    -7.8671040000000003  8.0263439999999999  22.284020000000002
1530    6.3629389999999999  56.304169999999999  38.781660000000002
1531    50.957549999999998  70.934389999999993  -7.2866569999999999
1532    23.834230000000002  70.327190000000002  17.701219999999999
1533    -15.11172  77.249110000000002  -7.0091260000000002
1534    28.722090000000001  10.30241  19.995059999999999
1535    -21.512689999999999  78.787049999999994  11.51164
1536    -8.0515690000000006  86.735730000000004  -8.4984979999999997
1537    26.649100000000001  -24.497209999999999  26.88457
1538    -39.265979999999999  47.423169999999999  -5.5195109999999996
1539    -27.225899999999999  49.862850000000002  -7.6567290000000003
1540    32.003450000000001  53.011339999999997  -8.2318870000000004
1541    16.608309999999999  21.823139999999999  22.7136
1542    -48.416020000000003  64.200190000000006  -8.2440359999999995
1543    -11.45664  87.984359999999995  8.8882659999999998
1544    -35.547359999999998  65.432419999999993  -8.8781420000000004
1545    -34.43976  13.112410000000001  15.092230000000001
1546    13.11168  75.254050000000007  -7.2705510000000002
1547    4.7389580000000002  84.29007  -8.0725770000000008
1548    4.2320010000000003  87.877420000000001  -6.9839859999999998
1549    -1.581366  90.776269999999997  10.29054
1550    -5.9845879999999996  89.314989999999995  -7.5583030000000004
1551    11.50985  73.980279999999993  33.042450000000002
1552    -43.255220000000001  -51.844720000000002  -9.2320969999999996
1553    -30.34158  62.03783  15.462770000000001
1554    4.8753890000000002  29.214289999999998  -7.9271960000000004
1555    -8.8729849999999999  33.429639999999999  -6.5493160000000001
1556    30.954499999999999  -53.815159999999999  9.5210799999999995
1557    -7.275855  8.55837  25.610589999999998
1558    -10.79393  56.98263  38.189860000000003
1559    40.111989999999999  -53.53387  5.4377339999999998
1560    22.689640000000001  52.132190000000001  27.188490000000002
1561    18.405650000000001  35.142049999999998  15.249129999999999
1562    20.697880000000001  56.607199999999999  -7.8397740000000002
1563    -4.6348479999999999  -3.820592  55.298720000000003
1564    35.916589999999999  57.423929999999999  -8.4117060000000006
1565    7.231376  77.972279999999998  32.914110000000001
1566    -25.43665  64.965900000000005  -8.7120979999999992
1567    -27.754059999999999  55.575940000000003  22.20552
1568    -2.8054600000000001  -6.4350069999999997  48.639099999999999
1569    4.9374640000000003  78.667410000000004  33.17568
1570    -12.814080000000001  78.747010000000003  -7.6621430000000004
1571    8.8999509999999997  80.963290000000001  -7.523021
1572    -4.5232859999999997  88.92004  -7.6118920000000001
1573    1.8055410000000001  89.493350000000007  -7.3667769999999999
1574    -42.026589999999999  -49.920569999999998  -6.6362750000000004
1575    -0.81685620000000003  27.41619  -7.0237990000000003
1576    -8.5369100000000007  29.887409999999999  -7.1270939999999996
1577    -49.971829999999997  -52.651510000000002  9.8791919999999998
1578    -29.532080000000001  55.792789999999997  13.672840000000001
1579    28.694680000000002  57.758670000000002  15.51158
1580    -27.676110000000001  48.064239999999998  -5.5900290000000004
1581    -50.34675  -49.042920000000002  9.5136939999999992
1582    21.737829999999999  50.726210000000002  -6.6370769999999997
1583    51.016039999999997  51.541710000000002  -6.3581370000000001
1584    11.235010000000001  83.409559999999999  22.173909999999999
1585    26.92897  64.242170000000002  15.178710000000001
1586    39.669049999999999  -50.040230000000001  6.2695610000000004
1587    22.898820000000001  55.926630000000003  -7.077134
1588    31.265219999999999  59.668349999999997  -7.051793
1589    -4.6264500000000002  5.5900660000000002  34.101640000000003
1590    36.791269999999997  61.480400000000003  -4.8995509999999998
1591    -25.14838  56.194540000000003  25.566960000000002
1592    58.84686  64.952759999999998  -4.9450029999999998
1593    2.5732940000000002  3.1729980000000002  35.605589999999999
1594    5.4728539999999999  87.836320000000001  18.282139999999998
1595    20.135090000000002  67.789699999999996  -7.0458129999999999
1596    -13.71116  81.900350000000003  -7.0532430000000002
1597    -9.7858719999999995  82.36703  -8.1755270000000007
1598    -12.60355  84.253450000000001  -7.6406280000000004
1599    -24.676939999999998  -53.826900000000002  20.749870000000001
1600    5.6224470000000002  87.5886  -7.457503
1601    -2.2915760000000001  89.616259999999997  -7.9117329999999999
1602    -25.80302  62.546349999999997  25.920079999999999
1603    9.7397050000000007  31.844519999999999  -4.1305399999999999
1604    -14.22706  86.472880000000004  13.80911
1605    -13.04247  33.05838  -5.8852869999999999
1606    12.638299999999999  -50.288150000000002  22.693850000000001
1607    -31.081440000000001  -43.695259999999998  8.683408
1608    -6.0509959999999996  -4.3706610000000001  48.275149999999996
1609    32.565510000000003  47.359529999999999  -7.3296109999999999
1610    -43.512749999999997  49.31174  -3.3817029999999999
1611    30.415970000000002  48.99971  -5.820252
1612    1.4870730000000001  89.682940000000002  14.83938
1613    26.861499999999999  53.399720000000002  -6.2590849999999998
1614    29.16976  -45.87894  21.915500000000002
1615    -36.31908  -52.666820000000001  15.600070000000001
1616    24.359860000000001  -44.38984  8.7667450000000002
1617    27.34226  -44.126339999999999  8.8476780000000002
1618    16.848549999999999  -53.318289999999998  15.046659999999999
1619    16.509270000000001  70.996530000000007  -7.2845659999999999
1620    -17.972940000000001  78.46002  -5.4642939999999998
1621    12.525029999999999  81.821470000000005  -6.3978979999999996
1622    -28.83549  -40.459989999999998  22.67323
1623    25.71266  -31.474969999999999  28.292649999999998
1624    -9.1348490000000009  87.916520000000006  -6.7423279999999997
1625    -51.311889999999998  -53.765239999999999  -6.2202029999999997
1626    -52.239080000000001  -53.156860000000002  -6.2530080000000003
1627    -43.546300000000002  -52.243510000000001  -5.5928760000000004
1628    6.8317750000000004  33.452629999999999  33.367959999999997
1629    22.615379999999998  66.101979999999998  25.890049999999999
1630    1.876204  24.0169  -6.6059749999999999
1631    4.1681780000000002  27.48536  -6.2756290000000003
1632    0.065024789999999999  -4.7792640000000004  38.254350000000002
1633    -24.460349999999998  44.814259999999997  -2.8230430000000002
1634    -36.603439999999999  46.816369999999999  -7.3278650000000001
1635    35.457250000000002  46.504240000000003  -6.9081510000000002
1636    39.756019999999999  45.95729  -5.090592
1637    -34.436250000000001  -35.37321  22.7849
1638    29.308579999999999  57.977150000000002  -5.4300280000000001
1639    -47.511420000000001  61.582819999999998  -5.2652559999999999
1640    23.393190000000001  -41.341030000000003  13.91137
1641    -28.977039999999999  63.591659999999997  -6.9236409999999999
1642    -33.254060000000003  -31.201889999999999  23.089569999999998
1643    6.0804580000000001  35.511850000000003  33.675130000000003
1644    46.969859999999997  70.956789999999998  -7.750445
1645    11.28961  79.215090000000004  -6.4602550000000001
1646    9.1941459999999999  85.206180000000003  -6.9355609999999999
1647    -5.1024570000000002  35.449159999999999  34.253830000000001
1648    25.212789999999998  -34.937530000000002  10.180680000000001
1649    26.872340000000001  -38.281869999999998  13.609450000000001
1650    -41.246139999999997  -53.443190000000001  -4.9009159999999996
1651    27.448799999999999  -52.894190000000002  -6.2742610000000001
1652    -0.72550789999999998  20.458030000000001  -6.2434209999999997
1653    0.71263310000000002  22.974550000000001  -5.8430929999999996
1654    -22.09609  -34.919110000000003  14.02632
1655    -7.7531429999999997  27.912890000000001  -5.9424260000000002
1656    14.60896  -37.290370000000003  16.205909999999999
1657    3.6436890000000002  37.237439999999999  32.240259999999999
1658    -0.38880029999999999  58.49353  38.371929999999999
1659    26.13693  57.00121  -6.4853040000000002
1660    -28.206140000000001  66.087450000000004  -3.6180880000000002
1661    -30.8141  -26.095030000000001  22.946870000000001
1662    -25.825970000000002  68.873080000000002  -4.830552
1663    -22.089960000000001  -21.832239999999999  15.41906
1664    21.069680000000002  -26.331240000000001  27.277180000000001
1665    -19.06232  11.992380000000001  25.667059999999999
1666    -27.282170000000001  71.703230000000005  15.761380000000001
1667    14.97475  40.874389999999998  30.78274
1668    12.19341  76.749610000000004  -6.484839
1669    -33.942749999999997  -26.67568  23.169350000000001
1670    13.79388  81.300139999999999  -4.7891450000000004
1671    8.7253959999999999  41.307839999999999  33.784039999999997
1672    -11.220179999999999  86.823179999999994  -5.9291270000000003
1673    -41.059719999999999  -51.866010000000003  -8.5164240000000007
1674    -51.6721  -50.892659999999999  -5.514913
1675    3.4061279999999998  19.360530000000001  -5.0290460000000001
1676    -17.117599999999999  44.399999999999999  31.964289999999998
1677    -7.595478  24.254079999999998  -5.6098749999999997
1678    -2.1178599999999999  1.878905  42.192270000000001
1679    32.395049999999998  -15.63602  12.322150000000001
1680    8.5666740000000008  29.871210000000001  -5.4346959999999997
1681    13.138579999999999  33.200449999999996  -6.0740999999999996
1682    -27.58211  -14.32517  15.84028
1683    24.736280000000001  71.311310000000006  15.99141
1684    28.167120000000001  -18.517949999999999  23.07075
1685    22.083359999999999  46.121699999999997  -4.0370210000000002
1686    26.234570000000001  47.81823  -4.3229119999999996
1687    -48.79278  56.087780000000002  -4.7550220000000003
1688    -18.988959999999999  51.046900000000001  32.908029999999997
1689    -20.42783  -25.33473  8.9520359999999997
1690    14.51262  49.286949999999997  33.527180000000001
1691    -22.930440000000001  -3.068648  23.066379999999999
1692    -21.68169  -10.58033  14.3643
1693    -26.781120000000001  68.204220000000007  -3.0190450000000002
1694    -19.18647  -9.3990880000000008  14.09531
1695    16.172509999999999  79.279989999999998  -4.6575319999999998
1696    9.697438  85.556240000000003  -5.6167020000000001
1697    -10.43699  86.112639999999999  -3.7721200000000001
1698    -38.967649999999999  -4.0098510000000003  13.738049999999999
1699    -0.8488772  89.931049999999999  -5.0568710000000001
1700    -48.737560000000002  -51.930999999999997  -5.3858280000000001
1701    28.354089999999999  -50.693910000000002  -5.6581299999999999
1702    25.59872  -52.06053  -3.1621000000000001
1703    16.725950000000001  -9.1670060000000007  18.8414
1704    33.500430000000001  -53.577449999999999  17.78856
1705    -22.333539999999999  -17.831489999999999  8.7283080000000002
1706    -39.47587  -0.90584089999999995  12.8055
1707    -21.883179999999999  39.89302  -3.1028319999999998
1708    28.01051  -0.17987649999999999  21.323740000000001
1709    -31.300129999999999  46.07396  -3.6033330000000001
1710    -47.11027  63.666200000000003  -2.9275319999999998
1711    31.775379999999998  5.2356299999999996  16.804469999999998
1712    -32.982550000000003  65.498990000000006  -6.5647070000000003
1713    -38.704079999999998  3.0382880000000001  13.68854
1714    -20.620750000000001  72.054299999999998  -4.7917769999999997
1715    -1.345796  -3.3999860000000002  53.359119999999997
1716    -36.435499999999998  -50.107080000000003  21.926749999999998
1717    -8.1596949999999993  88.189580000000007  -4.3363719999999999
1718    17.622260000000001  65.899699999999996  32.093980000000002
1719    -4.9781279999999999  89.591290000000001  -5.5936760000000003
1720    -1.8276840000000001  16.151700000000002  -5.0004989999999996
1721    -6.6466289999999999  18.11214  -2.9227569999999998
1722    -1.1853370000000001  18.12527  -4.7553239999999999
1723    -6.7201649999999997  20.37407  -4.7686219999999997
1724    -6.6506280000000002  22.617100000000001  -4.6691010000000004
1725    6.0396609999999997  25.613209999999999  -4.8220869999999998
1726    8.7146399999999993  28.36138  -2.962027
1727    19.409690000000001  21.820209999999999  17.917960000000001
1728    -37.295259999999999  46.52505  -3.6449310000000001
1729    56.314300000000003  57.210050000000003  -4.4238410000000004
1730    -48.921309999999998  59.333359999999999  -2.0209320000000002
1731    57.114109999999997  59.038269999999997  -4.2660549999999997
1732    35.230640000000001  -3.5009239999999999  8.1945879999999995
1733    55.749630000000003  70.402979999999999  -5.8170710000000003
1734    19.047999999999998  69.671480000000003  -1.642398
1735    -26.681049999999999  42.680610000000001  16.984559999999998
1736    -16.209790000000002  81.583590000000001  -5.5848639999999996
1737    8.5572579999999991  86.93074  -5.786626
1738    4.7958699999999999  88.644419999999997  -4.8381020000000001
1739    -0.48630240000000002  15.184699999999999  29.788399999999999
1740    -42.580159999999999  -52.068840000000002  -2.2002199999999998
1741    29.169879999999999  -52.559359999999998  -5.0028899999999998
1742    29.841049999999999  52.011490000000002  14.954750000000001
1743    -3.595097  84.95626  26.54494
1744    4.5439990000000003  21.910879999999999  -4.0877059999999998
1745    49.06514  54.330390000000001  -3.624482
1746    34.362479999999998  62.341610000000003  -3.812351
1747    43.8018  64.980009999999993  -3.9857420000000001
1748    49.663670000000003  66.026979999999995  -3.5840920000000001
1749    13.974259999999999  75.136669999999995  -5.4241010000000003
1750    23.885210000000001  72.170959999999994  14.05992
1751    22.839469999999999  75.067149999999998  15.661250000000001
1752    -40.232979999999998  -48.669690000000003  -5.5288199999999996
1753    -3.9513980000000002  13.77943  -3.4326680000000001
1754    1.5932310000000001  13.768319999999999  -3.0633680000000001
1755    0.019321250000000002  48.551079999999999  35.456539999999997
1756    -27.56176  54.350290000000001  23.679549999999999
1757    -11.858650000000001  32.361539999999998  -4.1081329999999996
1758    -18.782910000000001  36.067599999999999  -3.3033039999999998
1759    32.939279999999997  7.9218710000000003  11.357250000000001
1760    24.280460000000001  64.61009  23.362850000000002
1761    29.208870000000001  46.898499999999999  -5.406955
1762    25.834309999999999  45.586080000000003  -0.24721850000000001
1763    -11.081709999999999  87.379840000000002  14.96391
1764    -7.6381240000000004  61.732300000000002  38.801200000000001
1765    53.178370000000001  57.711689999999997  -2.5422899999999999
1766    27.79766  61.061839999999997  -4.6629969999999998
1767    41.840049999999998  63.944470000000003  -3.0566339999999999
1768    52.98845  69.000259999999997  -6.1287560000000001
1769    21.547049999999999  68.918559999999999  -0.099697740000000007
1770    -22.586559999999999  74.150769999999994  -3.7468720000000002
1771    16.95973  77.427940000000007  -4.2192020000000001
1772    -22.497229999999998  74.923400000000001  -4.2251609999999999
1773    -42.195059999999998  -53.580240000000003  16.043489999999998
1774    12.21449  -50.968440000000001  26.56681
1775    -12.234590000000001  86.02364  -1.712963
1776    8.4540799999999994  86.0869  -3.1283340000000002
1777    -5.6118519999999998  89.253280000000004  -2.5892819999999999
1778    36.01247  -54.111939999999997  -3.272878
1779    -26.440300000000001  -53.513060000000003  15.325839999999999
1780    -11.876939999999999  58.279739999999997  36.876300000000001
1781    -0.93917839999999997  11.588179999999999  -3.7406990000000002
1782    -6.762321  14.740970000000001  -2.0628350000000002
1783    -25.161290000000001  16.908100000000001  6.9611260000000001
1784    -6.4628550000000002  15.76539  -3.49837
1785    7.7580090000000004  85.841250000000002  22.850380000000001
1786    -47.428199999999997  -49.362020000000001  13.96008
1787    7.0203100000000003  27.6081  -2.6723949999999999
1788    16.97411  35.328670000000002  -1.933052
1789    3.5727220000000002  86.293440000000004  24.343730000000001
1790    -20.380520000000001  37.879159999999999  -2.6366459999999998
1791    31.119240000000001  45.009540000000001  -2.465668
1792    -24.872669999999999  50.4358  25.54787
1793    42.945619999999998  47.755339999999997  -1.7661739999999999
1794    -47.49971  49.409599999999998  -5.269253
1795    20.02261  22.806999999999999  9.498291
1796    51.640439999999998  55.77619  -3.8962810000000001
1797    46.549050000000001  66.443910000000002  -3.4511270000000001
1798    57.464289999999998  68.3232  -4.1788819999999998
1799    -20.519200000000001  26.96217  7.7680809999999996
1800    -23.534780000000001  71.028869999999998  -2.987533
1801    13.55552  80.647319999999993  -2.9024939999999999
1802    10.08187  84.480639999999994  -2.6217679999999999
1803    -9.3318060000000003  88.388890000000004  -2.8029419999999998
1804    -2.0675439999999998  33.047580000000004  32.400269999999999
1805    -42.865130000000001  -51.296669999999999  0.26841670000000001
1806    27.887920000000001  -47.038739999999997  23.986879999999999
1807    27.399539999999998  -41.612430000000003  16.161650000000002
1808    -18.77692  20.946670000000001  24.70467
1809    28.327300000000001  -6.2185050000000004  -2.6098539999999999
1810    25.417369999999998  -45.844209999999997  26.83117
1811    19.311779999999999  36.005580000000002  8.4635809999999996
1812    24.210339999999999  -1.6412180000000001  -2.727611
1813    -33.766660000000002  -4.165565  -2.585737
1814    16.5791  -37.313870000000001  13.607430000000001
1815    1.204879  9.9977330000000002  -1.458707
1816    2.8876520000000001  16.35426  -3.4754740000000002
1817    28.849550000000001  -37.085360000000001  14.32977
1818    -8.9711470000000002  28.153449999999999  -3.5621659999999999
1819    20.001329999999999  37.231110000000001  12.799250000000001
1820    -22.58942  -33.822589999999998  17.170439999999999
1821    15.216710000000001  33.806910000000002  -0.23725299999999999
1822    -29.72898  -43.835239999999999  23.162849999999999
1823    32.074629999999999  -48.357250000000001  18.105029999999999
1824    -20.248370000000001  35.326689999999999  -1.0967690000000001
1825    11.607699999999999  -25.98366  13.6318
1826    48.658099999999997  50.999310000000001  -6.6237089999999998
1827    55.240929999999999  65.320390000000003  -2.110878
1828    -31.77533  -35.089570000000002  22.987010000000001
1829    -0.65545640000000005  -6.4048369999999997  50.364640000000001
1830    3.405459  87.999719999999996  -3.0860720000000001
1831    -51.087510000000002  -52.923749999999998  -1.8309340000000001
1832    -29.771439999999998  -32.800159999999998  23.042000000000002
1833    -48.849240000000002  -47.607399999999998  -1.3440669999999999
1834    -40.551749999999998  -10.78041  -2.4280349999999999
1835    28.532389999999999  -10.394500000000001  -1.0223500000000001
1836    -30.497399999999999  -8.1133989999999994  -1.7140649999999999
1837    1.355021  56.182960000000001  39.559310000000004
1838    -26.65606  -3.259754  -1.972259
1839    -29.725850000000001  -4.1307  -2.2806510000000002
1840    20.680630000000001  -4.4600650000000002  -2.2848199999999999
1841    -24.57647  -1.2974889999999999  -1.9272
1842    -29.016950000000001  1.035577  -2.3854820000000001
1843    26.070810000000002  -0.49051620000000001  -2.4486750000000002
1844    23.885280000000002  1.9286909999999999  -2.418787
1845    37.000399999999999  48.211030000000001  9.4290789999999998
1846    19.424469999999999  1.240888  -2.0379100000000001
1847    -31.68036  -0.9634452  -2.6877430000000002
1848    -5.9544280000000001  11.550979999999999  -2.571949
1849    38.214559999999999  49.371940000000002  8.0785660000000004
1850    -14.82244  31.919429999999998  -1.3948529999999999
1851    -36.722380000000001  53.795540000000003  9.8910079999999994
1852    19.19068  39.483130000000003  -3.7276009999999999
1853    38.010280000000002  45.30021  0.30482340000000002
1854    42.715960000000003  45.941519999999997  0.74253670000000005
1855    13.28947  -9.7268480000000004  13.922409999999999
1856    7.9413539999999996  11.090109999999999  26.994610000000002
1857    -49.200539999999997  54.175310000000003  -2.4603709999999999
1858    50.663229999999999  58.082729999999998  -2.8153039999999998
1859    24.107089999999999  64.495279999999994  -3.9104429999999999
1860    -30.46144  65.894210000000001  -2.1867519999999998
1861    20.295179999999998  72.444209999999998  -2.4078689999999998
1862    -25.25367  73.769760000000005  -2.5022500000000001
1863    -35.404850000000003  -6.3042170000000004  16.694520000000001
1864    -15.17118  80.991439999999997  -3.166328
1865    9.5525719999999996  -2.9146130000000001  14.178879999999999
1866    -2.035698  89.211410000000001  -3.6761539999999999
1867    -6.686985  88.734319999999997  17.64181
1868    -40.315829999999998  -48.771999999999998  -0.3175866
1869    -4.7769159999999999  88.738720000000001  17.532350000000001
1870    7.9699609999999996  0.59099809999999997  15.63594
1871    -33.951329999999999  -7.1306510000000003  -2.0238499999999999
1872    -27.08174  -5.505414  -1.5470299999999999
1873    22.16883  -7.4864470000000001  -1.6419250000000001
1874    -36.61871  -7.9502810000000004  -3.409179
1875    -37.325850000000003  -3.5714920000000001  -0.93460149999999997
1876    11.67079  22.847770000000001  28.11759
1877    -21.52825  2.5798899999999998  -1.4327369999999999
1878    28.187560000000001  2.2359339999999999  -1.0432539999999999
1879    -33.870519999999999  3.8952939999999998  -1.1439919999999999
1880    22.771129999999999  -3.7795519999999998  22.898440000000001
1881    -17.34178  -7.5583489999999998  10.46776
1882    -30.706959999999999  4.2854320000000001  -1.985749
1883    -7.4789310000000002  2.5689639999999998  15.214410000000001
1884    26.624169999999999  -10.29458  18.65971
1885    -1.6869289999999999  7.6709930000000002  13.89331
1886    -20.142199999999999  56.880890000000001  32.473100000000002
1887    4.2046559999999999  16.20523  -1.6642490000000001
1888    19.297640000000001  -3.471495  22.669889999999999
1889    5.4828000000000001  21.63214  -2.2998530000000001
1890    -7.926774  22.085830000000001  -2.398523
1891    -11.680580000000001  23.640080000000001  -1.752815
1892    8.0786680000000004  22.888760000000001  -1.3588720000000001
1893    13.35895  28.039259999999999  2.2405819999999999
1894    -9.4873580000000004  29.032520000000002  -4.8965839999999998
1895    -16.975349999999999  35.090769999999999  -1.439011
1896    -46.096110000000003  52.196280000000002  -1.695719
1897    48.715400000000002  60.080410000000001  -1.5362769999999999
1898    50.572969999999998  63.107889999999998  -1.224963
1899    16.447430000000001  -1.354743  23.31053
1900    -29.0732  16.909960000000002  16.814250000000001
1901    31.90954  63.099800000000002  -2.45512
1902    -21.214459999999999  76.92962  8.3305120000000006
1903    5.6373470000000001  88.268370000000004  -1.6053189999999999
1904    2.274575  89.415639999999996  -1.9212389999999999
1905    -36.444650000000003  -52.998260000000002  -0.33291920000000003
1906    17.940149999999999  80.513549999999995  11.1996
1907    -19.84723  34.095790000000001  16.548950000000001
1908    16.223130000000001  69.28837  32.020499999999998
1909    30.602309999999999  -9.6031790000000008  -0.33557320000000002
1910    28.189160000000001  -11.707000000000001  -1.01911
1911    -34.235340000000001  -11.85901  -1.3301620000000001
1912    23.884049999999998  -9.7894749999999995  -1.623483
1913    31.446950000000001  -6.3109909999999996  -0.69502319999999995
1914    -23.57396  41.336039999999997  17.317440000000001
1915    28.44502  -3.8708990000000001  -2.2421899999999999
1916    -15.70631  72.951920000000001  31.251760000000001
1917    30.568719999999999  -1.9517310000000001  -0.72889280000000001
1918    24.67511  5.4823810000000002  -1.519066
1919    20.766179999999999  7.0429459999999997  -1.0430429999999999
1920    -9.7442620000000009  75.932169999999999  32.872540000000001
1921    -25.717749999999999  5.3711690000000001  -1.755225
1922    -0.62868559999999996  7.9183320000000004  -1.2077599999999999
1923    20.293299999999999  12.11093  22.199999999999999
1924    -26.59122  46.617159999999998  -2.7111350000000001
1925    53.517470000000003  59.949730000000002  -1.723557
1926    47.49933  63.054499999999997  -2.0922649999999998
1927    35.271970000000003  63.406489999999998  0.39261610000000002
1928    -34.419289999999997  66.411109999999994  -2.8875989999999998
1929    -26.836739999999999  68.938490000000002  -0.29825639999999998
1930    -26.335789999999999  71.854230000000001  -1.431681
1931    -19.97139  76.202330000000003  -1.5374190000000001
1932    -0.050541349999999999  67.285229999999999  37.599260000000001
1933    14.157959999999999  81.606740000000002  0.50925350000000003
1934    -14.1562  82.943100000000001  -4.160615
1935    9.1834959999999999  86.337429999999998  -2.013579
1936    40.88805  -53.532139999999998  6.8341099999999999
1937    -17.261579999999999  22.40192  24.397880000000001
1938    4.3383890000000003  88.569429999999997  2.4829690000000002
1939    -3.3705180000000001  89.841610000000003  1.4554180000000001
1940    -39.842149999999997  -53.854579999999999  1.7693680000000001
1941    17.50292  29.114619999999999  19.38729
1942    -35.66722  -50.321660000000001  -1.452172
1943    21.883420000000001  -49.849319999999999  2.545045
1944    -46.617759999999997  -47.863030000000002  -1.9131389999999999
1945    30.371510000000001  -15.308  -2.0034619999999999
1946    -38.372889999999998  -13.08564  -2.3502610000000002
1947    0.14432049999999999  -2.3381439999999998  32.59816
1948    10.377840000000001  85.75027  15.54978
1949    22.412929999999999  39.753250000000001  21.57075
1950    -35.72184  -0.17652409999999999  -1.9603349999999999
1951    27.81063  4.8037570000000001  0.2114259
1952    -7.5304099999999998  84.098309999999998  27.229500000000002
1953    16.920559999999998  7.5185690000000003  -0.60126590000000002
1954    -20.624649999999999  5.2224240000000002  -0.82827300000000004
1955    -29.351500000000001  8.2207030000000003  -0.37479560000000001
1956    -9.7023109999999999  17.34075  -1.16777
1957    34.829120000000003  44.772669999999998  1.1921919999999999
1958    35.298520000000003  45.09845  -3.5572300000000001
1959    -45.598770000000002  56.169240000000002  0.32050820000000002
1960    -1.7732520000000001  28.726800000000001  33.277509999999999
1961    -44.562080000000002  61.751980000000003  -0.53273910000000002
1962    38.673749999999998  62.468890000000002  -0.8223878
1963    -41.823360000000001  65.038079999999994  -2.4850240000000001
1964    20.216370000000001  74.353539999999995  -1.2459659999999999
1965    15.76712  78.289240000000007  -1.9805269999999999
1966    -19.54419  77.430719999999994  -1.8815869999999999
1967    14.4513  79.218069999999997  2.2240790000000001
1968    21.322749999999999  71.209729999999993  23.631869999999999
1969    -14.927339999999999  81.679209999999998  1.9421850000000001
1970    -6.5564450000000001  32.4405  32.541649999999997
1971    -9.8509550000000008  88.177130000000005  2.0755029999999999
1972    -3.7479650000000002  88.521249999999995  -3.417611
1973    11.17262  36.449359999999999  28.350370000000002
1974    -38.536990000000003  -47.242959999999997  -1.101186
1975    24.98085  -48.39658  -1.330257
1976    -36.694749999999999  -17.828690000000002  -0.78073219999999999
1977    -31.817219999999999  -17.326329999999999  -0.94894750000000005
1978    -2.7089880000000002  2.4457819999999999  27.76613
1979    -37.825879999999998  -15.75309  0.053022220000000002
1980    -42.635350000000003  -10.55237  0.39286090000000001
1981    -26.026330000000002  -7.7634780000000001  -0.54214370000000001
1982    19.034870000000002  -40.844369999999998  15.049530000000001
1983    -8.7225470000000005  84.308090000000007  24.336670000000002
1984    29.5352  -39.603000000000002  17.348800000000001
1985    -40.051189999999998  -39.341529999999999  14.652290000000001
1986    -33.656610000000001  1.7664610000000001  -2.0902669999999999
1987    30.16207  -34.85528  15.204000000000001
1988    -33.06223  6.4460040000000003  -0.041708849999999999
1989    -23.2867  6.6551920000000004  -1.532448
1990    -4.8206530000000001  10.114509999999999  -1.170147
1991    8.6370769999999997  13.844099999999999  -0.73564309999999999
1992    3.7236919999999998  11.75667  0.47616839999999999
1993    31.220649999999999  -30.663129999999999  14.560549999999999
1994    10.89856  17.823460000000001  -0.78436070000000002
1995    17.806329999999999  37.783580000000001  -3.0121690000000001
1996    9.6828909999999997  57.418170000000003  36.57311
1997    -23.224879999999999  40.139409999999998  -1.155824
1998    -41.564309999999999  48.692909999999998  -0.83138140000000005
1999    44.800809999999998  51.222920000000002  1.4456450000000001
2000    -5.1650340000000003  37.685769999999998  33.050609999999999
2001    -21.325089999999999  -29.140000000000001  14.187239999999999
2002    45.263210000000001  60.630540000000003  -0.26181330000000003
2003    -36.542520000000003  66.203059999999994  0.32674569999999997
2004    -8.6400480000000002  41.346420000000002  34.764339999999997
2005    13.651249999999999  -45.414209999999997  22.870509999999999
2006    -17.34798  57.46566  35.050420000000003
2007    -17.793479999999999  77.805869999999999  0.63444719999999999
2008    3.1293139999999999  89.581969999999998  3.736723
2009    37.230200000000004  -53.75224  -2.0847310000000001
2010    -9.1968250000000005  8.8519240000000003  26.410409999999999
2011    -34.038260000000001  -19.206779999999998  -0.56373629999999997
2012    -32.603070000000002  -15.46987  -0.2202141
2013    -41.452309999999997  -13.938560000000001  0.50671999999999995
2014    20.793970000000002  -12.01139  0.14117350000000001
2015    -40.521189999999997  -5.6802060000000001  -1.5756520000000001
2016    -27.26512  -11.481490000000001  15.5045
2017    -12.488250000000001  44.34216  35.310339999999997
2018    16.710920000000002  -1.1994320000000001  -0.88645169999999995
2019    -17.58925  3.7304590000000002  0.47983209999999998
2020    13.85079  2.7159970000000002  -0.1234605
2021    14.19131  -8.5881939999999997  16.31729
2022    -27.679030000000001  10.280620000000001  -0.1663164
2023    -24.512409999999999  10.035259999999999  -0.42637580000000003
2024    20.517299999999999  10.62979  -0.067325549999999998
2025    9.7536170000000002  9.6310289999999998  -0.12991320000000001
2026    12.7933  -5.8692609999999998  17.54383
2027    -15.39321  17.73171  0.59050259999999999
2028    -14.612209999999999  19.897870000000001  -0.2460041
2029    8.2718190000000007  26.725909999999999  -1.070017
2030    13.889530000000001  -25.703759999999999  9.2451139999999992
2031    21.00487  42.125129999999999  -4.9033499999999997
2032    -43.836030000000001  58.758929999999999  1.6074189999999999
2033    44.606670000000001  62.526049999999998  -1.007188
2034    28.391020000000001  64.222980000000007  -0.099888320000000003
2035    22.96658  66.976470000000006  -3.0075379999999998
2036    21.141940000000002  71.663079999999994  -0.79918049999999996
2037    -25.810120000000001  72.270889999999994  0.38070619999999999
2038    19.16893  73.869389999999996  0.2456507
2039    22.65286  -53.293399999999998  3.1647959999999999
2040    17.778870000000001  57.583579999999998  33.196170000000002
2041    34.86871  -50.95288  -2.424839
2042    27.090430000000001  -48.71969  -0.99673529999999999
2043    24.122170000000001  1.155843  23.965630000000001
2044    4.6365530000000001  10.16292  26.70993
2045    -37.792029999999997  -18.15476  0.2044579
2046    30.719830000000002  -18.89669  -0.22621459999999999
2047    22.857250000000001  -13.52102  0.0024045949999999998
2048    13.107799999999999  59.506019999999999  36.74391
2049    -27.356059999999999  -9.3419939999999997  0.46337499999999998
2050    32.549790000000002  -12.01538  -0.45667679999999999
2051    -23.33634  -6.0491029999999997  -0.067771139999999994
2052    -20.761679999999998  -3.8015240000000001  0.50857929999999996
2053    21.726610000000001  18.307759999999998  14.313840000000001
2054    -41.401060000000001  -14.10482  10.995559999999999
2055    -38.103140000000003  2.4450910000000001  1.2252689999999999
2056    -6.4548100000000002  13.898770000000001  28.929929999999999
2057    -4.9196739999999997  6.9966160000000004  0.055368359999999998
2058    -6.4892089999999998  8.6926030000000001  1.709738
2059    13.758279999999999  5.6033850000000003  24.3277
2060    18.190860000000001  27.4404  14.65873
2061    24.271519999999999  8.6245349999999998  0.66919490000000004
2062    8.5530220000000003  6.7231940000000003  24.96471
2063    -5.2037779999999998  5.8684079999999996  25.45391
2064    16.39922  70.860140000000001  30.60783
2065    -7.8713490000000004  12.23686  -0.1601253
2066    14.5258  16.762989999999999  0.186302
2067    -10.514699999999999  69.526889999999995  35.195599999999999
2068    10.863239999999999  22.873750000000001  0.98654810000000004
2069    23.318010000000001  40.290469999999999  17.351099999999999
2070    -13.62107  28.746970000000001  -0.053287889999999997
2071    20.369980000000002  39.896729999999998  1.697619
2072    43.125100000000003  63.130290000000002  -0.21214340000000001
2073    -6.377453  -6.9963600000000001  52.928159999999998
2074    22.208010000000002  71.839410000000001  2.2581009999999999
2075    18.403839999999999  75.535409999999999  1.2976300000000001
2076    -17.019749999999998  80.52122  -1.1004
2077    6.4702029999999997  75.779889999999995  33.366300000000003
2078    27.00525  -52.293520000000001  0.1314496
2079    -33.101050000000001  -52.328980000000001  1.2526489999999999
2080    -34.827170000000002  -49.01003  -1.1451910000000001
2081    36.179070000000003  -50.270479999999999  -0.89305259999999997
2082    27.95551  -51.133589999999998  1.18855
2083    33.487520000000004  -48.071660000000001  1.5243679999999999
2084    25.1357  62.245240000000003  19.330030000000001
2085    -31.018740000000001  -19.123270000000002  0.35179820000000001
2086    26.186589999999999  -15.956480000000001  -0.29450769999999998
2087    -40.808669999999999  -3.2802359999999999  9.2791639999999997
2088    -20.789560000000002  16.485220000000002  24.564689999999999
2089    15.64043  17.849360000000001  24.565719999999999
2090    33.573860000000003  -5.8635250000000001  1.783787
2091    -41.147080000000003  -7.1004449999999997  3.5843219999999998
2092    9.8182709999999993  -1.8951089999999999  8.4719730000000002
2093    14.13733  21.9453  23.748809999999999
2094    -18.306840000000001  -1.5521659999999999  1.2898080000000001
2095    12.040480000000001  4.7401109999999997  0.39771129999999999
2096    -15.78501  6.6658299999999997  1.0128680000000001
2097    14.44618  9.0262639999999994  0.63400769999999995
2098    1.8166869999999999  8.5023040000000005  2.3590879999999999
2099    -16.01615  10.54982  0.73478010000000005
2100    16.940940000000001  31.833379999999998  22.909829999999999
2101    -17.54693  14.633430000000001  0.48862450000000002
2102    -19.65476  10.93871  0.50322769999999994
2103    -13.121919999999999  15.81292  -0.063387650000000004
2104    -25.75479  55.216589999999997  24.858080000000001
2105    -14.300039999999999  85.23357  15.32591
2106    3.257342  0.50533640000000002  34.76735
2107    16.619900000000001  38.312100000000001  23.630120000000002
2108    -6.6197650000000001  89.230580000000003  15.434979999999999
2109    15.620469999999999  31.761590000000002  3.050929
2110    -20.950579999999999  37.35924  -0.63163480000000005
2111    -25.754539999999999  43.323880000000003  3.8868420000000001
2112    0.96028939999999996  88.820170000000005  16.105090000000001
2113    -34.039819999999999  45.635109999999997  0.83375460000000001
2114    47.854280000000003  58.039369999999998  -1.2252419999999999
2115    -38.764270000000003  5.2739710000000004  8.4954300000000007
2116    -28.454650000000001  70.469250000000002  1.7675460000000001
2117    23.46555  71.597269999999995  0.207172
2118    -23.27844  74.99239  -0.45476149999999999
2119    -49.517330000000001  -52.376109999999997  1.7337769999999999
2120    30.930779999999999  10.38546  10.46349
2121    24.473369999999999  59.065260000000002  24.783239999999999
2122    -26.792010000000001  -20.01408  1.164237
2123    -42.532400000000003  -48.051780000000001  16.263010000000001
2124    34.655549999999998  -14.80912  2.8807
2125    -28.459399999999999  -12.34516  1.206472
2126    22.808260000000001  66.242019999999997  23.529710000000001
2127    -39.461210000000001  -3.9930189999999999  1.091683
2128    -23.382300000000001  -6.2497470000000002  1.692283
2129    34.040880000000001  -47.502070000000003  15.91954
2130    -39.398670000000003  -0.62632010000000005  1.7069719999999999
2131    -16.488880000000002  0.58731230000000001  1.4709019999999999
2132    -30.955929999999999  -7.0150139999999999  18.728950000000001
2133    -11.155480000000001  10.85974  0.94648770000000004
2134    -24.016570000000002  21.678190000000001  8.9483099999999993
2135    -25.04205  11.281219999999999  0.5094014
2136    16.789370000000002  12.672370000000001  0.84454050000000003
2137    17.488959999999999  35.67736  0.87441670000000005
2138    -22.809979999999999  -37.263469999999998  16.56146
2139    23.251280000000001  56.947229999999998  25.753889999999998
2140    30.85483  44.666449999999998  1.649907
2141    -39.896940000000001  47.564169999999997  0.76826150000000004
2142    -41.199730000000002  -32.707270000000001  16.21189
2143    29.75948  65.237989999999996  4.2636089999999998
2144    -3.6544810000000001  -7.8959419999999998  52.612220000000001
2145    30.853000000000002  -51.222819999999999  0.14825679999999999
2146    -41.953279999999999  -49.401350000000001  1.0571079999999999
2147    32.90296  -26.258310000000002  15.12945
2148    -28.94857  -23.74681  1.2131529999999999
2149    -11.71012  61.330179999999999  37.047240000000002
2150    -31.976500000000001  -22.327809999999999  1.366066
2151    -38.828470000000003  -23.443850000000001  2.2404489999999999
2152    -36.567390000000003  -22.622990000000001  0.81331379999999998
2153    -22.990200000000002  -25.67202  18.052990000000001
2154    -32.899729999999998  -49.910989999999998  24.625260000000001
2155    33.425809999999998  -18.72184  2.8234819999999998
2156    -30.108519999999999  -15.963699999999999  0.71339790000000003
2157    17.955850000000002  -11.61448  2.3403830000000001
2158    33.681019999999997  -11.252829999999999  2.4772400000000001
2159    19.073170000000001  -9.9136000000000006  0.1829327
2160    32.955680000000001  -10.14894  3.7891900000000001
2161    11.13472  42.70158  33.363489999999999
2162    16.784690000000001  -6.0845789999999997  0.32444849999999997
2163    -35.072890000000001  -47.784759999999999  22.912109999999998
2164    10.343780000000001  47.388379999999998  35.054040000000001
2165    -12.388299999999999  66.160619999999994  36.274009999999997
2166    11.76192  18.58803  25.644269999999999
2167    -16.538170000000001  46.078380000000003  34.126719999999999
2168    -36.060029999999998  4.9695010000000002  0.84098580000000001
2169    -1.744702  4.7483219999999999  2.7823859999999998
2170    -10.495990000000001  7.9409999999999998  2.5171000000000001
2171    -30.687259999999998  9.1024349999999998  1.225679
2172    14.26496  45.282420000000002  32.315150000000003
2173    -38.051639999999999  -12.50844  13.76708
2174    14.77853  -43.818559999999998  24.593900000000001
2175    28.439240000000002  -39.772170000000003  24.93948
2176    -14.36933  23.773679999999999  0.90961820000000004
2177    -18.427779999999998  33.69453  3.379575
2178    22.57169  43.733289999999997  0.3646797
2179    -15.24315  20.07977  26.06448
2180    -33.79213  50.130679999999998  9.7404259999999994
2181    45.807580000000002  56.667679999999997  2.1982520000000001
2182    -33.111240000000002  65.720230000000001  3.036044
2183    23.29383  67.960790000000003  1.6402190000000001
2184    31.936540000000001  -22.247499999999999  22.498280000000001
2185    -19.65455  55.548900000000003  33.733029999999999
2186    -5.0661500000000004  45.503729999999997  37.027030000000003
2187    -43.883299999999998  -52.934829999999998  1.722
2188    -55.533349999999999  -52.865200000000002  2.0480849999999999
2189    -42.279249999999998  -45.40625  2.9349159999999999
2190    -35.009540000000001  -46.20776  0.73486899999999999
2191    -31.933039999999998  -25.78491  2.3018830000000001
2192    -12.52436  -2.1571470000000001  16.50244
2193    -24.392240000000001  -23.607569999999999  2.4242569999999999
2194    -39.731740000000002  -20.361650000000001  2.3023910000000001
2195    23.865490000000001  -20.481339999999999  2.4682930000000001
2196    38.788060000000002  57.298070000000003  8.9578179999999996
2197    14.3032  80.546260000000004  25.208320000000001
2198    -25.22672  -10.67957  3.7111700000000001
2199    32.297330000000002  0.31646180000000002  2.2471190000000001
2200    19.801970000000001  -0.033234819999999998  24.365639999999999
2201    31.35005  1.9962310000000001  1.8016559999999999
2202    15.813140000000001  2.804141  24.480699999999999
2203    -22.101839999999999  14.66779  2.3556309999999998
2204    -16.247789999999998  5.0515739999999996  25.45495
2205    -28.34638  46.277340000000002  1.9549879999999999
2206    -1.4051480000000001  4.5795240000000002  23.619499999999999
2207    -43.602559999999997  55.064230000000002  2.6763270000000001
2208    44.367759999999997  62.015970000000003  1.3799840000000001
2209    32.663780000000003  64.589910000000003  2.0419960000000001
2210    10.987539999999999  69.14622  34.55509
2211    -28.916589999999999  70.848429999999993  8.0913620000000002
2212    -27.87538  66.4756  2.8654440000000001
2213    -4.8422070000000001  -2.2889370000000002  53.407229999999998
2214    -16.548469999999998  80.509010000000004  1.609605
2215    10.34158  84.784210000000002  -1.148773
2216    -30.122910000000001  7.7406050000000004  23.954180000000001
2217    -41.763809999999999  -53.113239999999998  1.0624260000000001
2218    -44.629240000000003  -46.097320000000003  2.8137300000000001
2219    -40.68468  -47.107089999999999  2.0198589999999998
2220    -9.9252760000000002  71.725660000000005  35.480620000000002
2221    -38.129080000000002  -45.117229999999999  2.2984100000000001
2222    -36.849290000000003  -26.4986  2.4144830000000002
2223    24.754999999999999  10.59107  22.875699999999998
2224    28.31185  -21.205760000000001  2.629499
2225    21.852370000000001  10.76214  23.42379
2226    9.8363569999999996  2.1824400000000002  19.84693
2227    -22.308150000000001  -7.8457800000000004  4.2566689999999996
2228    -53.033119999999997  -52.252369999999999  7.1418400000000002
2229    14.64986  81.658869999999993  7.3298100000000002
2230    12.16445  0.04462704  1.4556480000000001
2231    -37.18965  5.0379100000000001  2.6493799999999998
2232    28.702249999999999  53.635730000000002  15.53303
2233    5.9920349999999996  6.3300159999999996  2.559933
2234    -25.336320000000001  12.935129999999999  23.762239999999998
2235    -32.933520000000001  9.4789650000000005  2.231627
2236    -24.846699999999998  14.88348  23.109100000000002
2237    13.19983  -33.62303  15.939209999999999
2238    -0.57890180000000002  78.399969999999996  34.328220000000002
2239    17.121459999999999  20.51867  2.9270429999999998
2240    -18.264690000000002  22.327100000000002  4.1951599999999996
2241    -19.826789999999999  34.119759999999999  4.3364580000000004
2242    -29.35989  67.086910000000003  15.117470000000001
2243    41.247680000000003  47.03839  2.6783380000000001
2244    -42.668619999999997  50.920540000000003  1.6261380000000001
2245    18.92184  -53.620530000000002  29.76679
2246    -25.069289999999999  74.967129999999997  15.56649
2247    -18.994789999999998  77.507170000000002  2.7366459999999999
2248    14.55048  26.201250000000002  26.56024
2249    -10.62402  86.657489999999996  3.3959389999999998
2250    5.8616960000000002  88.661720000000003  4.8854369999999996
2251    -1.907637  90.245919999999998  3.7174700000000001
2252    -34.19838  -53.885730000000002  2.9865460000000001
2253    29.898109999999999  -53.37218  3.1854079999999998
2254    -53.391019999999997  -48.746139999999997  3.7364899999999999
2255    -29.69735  -30.849769999999999  3.3600029999999999
2256    14.618650000000001  35.087699999999998  25.508870000000002
2257    -29.87968  -28.370799999999999  2.2639260000000001
2258    -39.019820000000003  -27.285039999999999  4.4647269999999999
2259    24.83522  -23.10153  2.4519229999999999
2260    -2.7472590000000001  57.494509999999998  39.60586
2261    19.62105  -48.572659999999999  4.6129540000000002
2262    -18.09845  -1.4137329999999999  3.037541
2263    21.746179999999999  46.189909999999998  23.868849999999998
2264    31.978370000000002  -53.31344  15.021610000000001
2265    -25.562090000000001  48.059669999999997  23.752649999999999
2266    19.39001  35.096539999999997  3.0268600000000001
2267    -39.997259999999997  50.00826  4.412426
2268    -24.019100000000002  -46.634900000000002  17.034490000000002
2269    40.370240000000003  62.130569999999999  3.4414729999999998
2270    -6.7273909999999999  41.924329999999998  34.095660000000002
2271    26.165379999999999  67.372529999999998  2.8100160000000001
2272    20.949539999999999  68.916740000000004  25.371929999999999
2273    12.109529999999999  82.740179999999995  3.9113540000000002
2274    -51.09366  -51.283769999999997  3.441087
2275    35.415959999999998  -52.862720000000003  2.4530539999999998
2276    -22.89057  73.251930000000002  23.17015
2277    -55.502330000000001  -50.400649999999999  3.3728910000000001
2278    0.84545610000000004  5.9533670000000001  19.059940000000001
2279    28.23188  -25.20092  3.2966340000000001
2280    -21.857710000000001  -20.939019999999999  5.8735850000000003
2281    -41.97607  -20.207190000000001  3.1784949999999998
2282    -42.168799999999997  -18.514959999999999  4.3741599999999998
2283    5.0782369999999997  42.600349999999999  33.74682
2284    -40.115079999999999  -17.099129999999999  1.7004060000000001
2285    -41.795380000000002  -12.91901  4.7994510000000004
2286    16.015409999999999  -8.7771740000000005  3.3394520000000001
2287    9.0108650000000008  83.368639999999999  25.548179999999999
2288    7.8211110000000001  83.944730000000007  24.137049999999999
2289    13.037850000000001  -4.4173070000000001  3.9716019999999999
2290    -2.521255  59.317529999999998  38.90992
2291    -39.291739999999997  2.6441629999999998  4.538043
2292    32.140819999999998  5.0051310000000004  4.5998140000000003
2293    -13.51051  5.5568090000000003  2.6337980000000001
2294    29.964559999999999  7.6347100000000001  3.142299
2295    9.0430050000000008  44.07891  34.119810000000001
2296    -30.291720000000002  -53.669840000000001  24.373560000000001
2297    -33.841769999999997  -53.153010000000002  23.673559999999998
2298    -19.894269999999999  34.997160000000001  5.064648
2299    21.037590000000002  39.02319  3.673988
2300    27.244969999999999  -53.596559999999997  22.635079999999999
2301    -23.366299999999999  -35.750309999999999  10.239560000000001
2302    -22.636500000000002  -18.22533  14.06386
2303    16.800640000000001  -16.689219999999999  16.905419999999999
2304    -27.07413  72.256550000000004  3.5249540000000001
2305    23.209720000000001  71.954319999999996  4.9331389999999997
2306    -23.270689999999998  73.555459999999997  3.817742
2307    16.89977  76.287059999999997  3.1972510000000001
2308    9.7541550000000008  86.592870000000005  3.9317850000000001
2309    -8.6929940000000006  87.886849999999995  4.3982999999999999
2310    -33.711539999999999  -45.497439999999997  23.46123
2311    -55.796190000000003  -52.577970000000001  3.4985750000000002
2312    14.8117  54.814700000000002  34.801679999999998
2313    -48.62039  -51.308909999999997  4.7586430000000002
2314    -31.755649999999999  -52.9495  4.8282970000000001
2315    -27.820350000000001  -45.48095  24.520900000000001
2316    24.270900000000001  -47.208100000000002  3.7378459999999998
2317    21.234249999999999  -45.888660000000002  4.6646429999999999
2318    -25.347560000000001  -27.66863  3.2404679999999999
2319    -32.636589999999998  -13.396380000000001  16.666039999999999
2320    24.924309999999998  -25.217379999999999  3.53593
2321    -41.453310000000002  -21.739519999999999  4.6875499999999999
2322    -32.433030000000002  -9.8554790000000008  16.55612
2323    14.00234  -37.41921  24.733219999999999
2324    24.86382  -38.082070000000002  29.809999999999999
2325    9.8340399999999999  0.57618420000000004  3.980016
2326    -18.146070000000002  64.874790000000004  33.921900000000001
2327    8.0039909999999992  4.6399480000000004  3.380849
2328    23.105830000000001  -44.634309999999999  27.95112
2329    27.524629999999998  9.3777209999999993  2.836112
2330    -25.04692  54.314300000000003  26.477609999999999
2331    15.049609999999999  21.733560000000001  2.880503
2332    14.88641  25.222719999999999  5.0895630000000001
2333    -16.624389999999998  30.576260000000001  1.728118
2334    29.551670000000001  -22.245609999999999  24.986640000000001
2335    34.824120000000001  45.159320000000001  5.1207209999999996
2336    40.62659  48.931939999999997  5.5450119999999998
2337    19.54522  -20.19426  24.350719999999999
2338    44.697609999999997  49.32255  4.3978640000000002
2339    42.125799999999998  49.980519999999999  5.2818889999999996
2340    17.046099999999999  -44.01896  28.904119999999999
2341    -20.513200000000001  -0.58537110000000003  24.296299999999999
2342    6.9720750000000002  1.9778009999999999  15.29162
2343    -47.577269999999999  -53.299019999999999  1.941387
2344    -25.481190000000002  1.080514  24.604369999999999
2345    -52.252270000000003  -52.60351  5.9608739999999996
2346    28.05358  -51.288339999999998  2.896827
2347    -31.70956  -49.756630000000001  5.1332370000000003
2348    33.974760000000003  -21.859909999999999  10.056609999999999
2349    1.4449749999999999  5.2529620000000001  18.238050000000001
2350    22.24634  -23.711320000000001  3.4748579999999998
2351    -40.124169999999999  -23.43159  3.9697939999999998
2352    21.35905  -20.758030000000002  3.9238200000000001
2353    32.15849  -20.480740000000001  5.8408090000000001
2354    18.785129999999999  -18.854700000000001  6.170388
2355    33.171410000000002  -15.61168  6.8123110000000002
2356    -14.898580000000001  82.094489999999993  22.0928
2357    18.88223  -13.996700000000001  3.6121379999999998
2358    -25.86037  -15.397690000000001  4.9878790000000004
2359    -28.504359999999998  2.9386619999999999  24.186499999999999
2360    -40.799320000000002  -4.887219  5.9915609999999999
2361    6.0163440000000001  60.794960000000003  38.829160000000002
2362    2.681095  5.4619450000000001  23.784189999999999
2363    -28.539449999999999  12.918810000000001  3.2558189999999998
2364    26.08211  11.98485  3.2374429999999998
2365    22.553450000000002  13.09924  2.8287110000000002
2366    19.974920000000001  15.33235  3.7315070000000001
2367    2.3116940000000001  76.701719999999995  34.337850000000003
2368    -17.377790000000001  29.674720000000001  6.1935440000000002
2369    16.71275  34.004350000000002  5.1156689999999996
2370    -41.804189999999998  59.48536  4.2635149999999999
2371    44.792160000000003  59.47739  3.9160599999999999
2372    -41.144410000000001  63.346800000000002  2.0290249999999999
2373    24.600819999999999  70.181650000000005  2.0175480000000001
2374    23.56615  42.798430000000003  16.059550000000002
2375    15.702199999999999  78.381820000000005  2.5588500000000001
2376    -4.9195029999999997  89.444590000000005  4.4097010000000001
2377    34.904640000000001  -53.655650000000001  2.0214129999999999
2378    35.090960000000003  -52.335030000000003  4.5402630000000004
2379    -18.772739999999999  -6.5565790000000002  9.3204759999999993
2380    -26.77215  10.32377  24.94312
2381    -42.835949999999997  -44.365130000000001  5.0462980000000002
2382    -33.685639999999999  -29.846309999999999  4.2961039999999997
2383    -23.95382  -27.343669999999999  4.3475320000000002
2384    -42.768610000000002  -16.41863  4.2166829999999997
2385    25.400289999999998  67.030649999999994  17.127669999999998
2386    -1.16537  -7.2523210000000002  53.204439999999998
2387    -13.73837  0.78276029999999996  6.1694610000000001
2388    10.46949  -0.7133621  5.8083609999999997
2389    -31.817679999999999  11.40883  3.2299250000000002
2390    -27.373550000000002  14.44201  4.3296029999999996
2391    -19.372409999999999  81.437960000000004  16.496469999999999
2392    19.766310000000001  38.417540000000002  2.1820430000000002
2393    14.50023  83.376320000000007  16.479320000000001
2394    -15.81334  84.427539999999993  17.11347
2395    25.197030000000002  44.472369999999998  2.9212560000000001
2396    26.87856  44.888590000000001  5.8445140000000002
2397    45.683219999999999  54.768749999999997  5.2510250000000003
2398    -37.947659999999999  64.177880000000002  4.4473349999999998
2399    -20.762219999999999  75.370990000000006  5.3236210000000002
2400    -13.038679999999999  84.611159999999998  3.1729759999999998
2401    2.786975  89.250519999999995  5.0939959999999997
2402    -47.077599999999997  -53.295749999999998  7.2855150000000002
2403    -2.198747  40.928800000000003  34.419240000000002
2404    30.869199999999999  -53.673859999999998  6.5637080000000001
2405    -43.863149999999997  -53.435409999999997  4.5987590000000003
2406    -37.178739999999998  -53.207590000000003  3.673041
2407    33.815330000000003  -49.134749999999997  4.7640079999999996
2408    27.229749999999999  -49.148119999999999  4.3644910000000001
2409    27.486440000000002  -46.726230000000001  6.408893
2410    30.600729999999999  -46.727739999999997  3.9910990000000002
2411    24.66919  -45.17474  5.8742270000000003
2412    -38.902880000000003  -44.51473  4.8982890000000001
2413    -32.096879999999999  -32.181339999999999  3.8540109999999999
2414    -37.783749999999998  -29.65653  4.1024399999999996
2415    -22.926649999999999  45.543970000000002  26.445920000000001
2416    -25.394850000000002  -17.782820000000001  3.4578950000000002
2417    -0.51566679999999998  60.677849999999999  39.193069999999999
2418    7.6931250000000002  3.9826800000000002  5.4068149999999999
2419    -23.602679999999999  69.561400000000006  24.643080000000001
2420    24.59083  15.45926  5.4592419999999997
2421    -41.605690000000003  54.698160000000001  5.6176599999999999
2422    42.12688  56.622529999999998  6.2752879999999998
2423    -35.755719999999997  63.826540000000001  6.2659739999999999
2424    -23.073170000000001  74.094220000000007  5.4134060000000002
2425    11.601319999999999  85.587990000000005  5.0405759999999997
2426    -11.49248  87.105639999999994  4.6908370000000001
2427    -5.6930449999999997  84.845659999999995  24.730409999999999
2428    -33.606789999999997  -33.505429999999997  5.479876
2429    -35.66178  -31.626000000000001  4.7168700000000001
2430    -38.335970000000003  -30.746259999999999  6.102989
2431    25.529699999999998  -28.218060000000001  4.8897000000000004
2432    -40.821750000000002  -27.72214  5.7261800000000003
2433    20.750229999999998  -24.827670000000001  5.0138590000000001
2434    -41.815339999999999  -25.675709999999999  8.2686080000000004
2435    30.806180000000001  -24.728380000000001  5.8188849999999999
2436    -6.5127990000000002  -4.7997350000000001  54.091329999999999
2437    -20.139810000000001  -6.5454660000000002  5.9032349999999996
2438    15.678470000000001  -8.6695049999999991  4.9662540000000002
2439    35.002299999999998  -6.6041610000000004  4.7264879999999998
2440    -38.708170000000003  5.0016800000000003  4.5116319999999996
2441    -11.095219999999999  6.8948919999999996  3.09639
2442    -23.261710000000001  -51.850520000000003  23.953209999999999
2443    -25.121739999999999  -49.262880000000003  25.697790000000001
2444    -28.91516  65.066299999999998  6.5674859999999997
2445    -29.225899999999999  69.554310000000001  4.7693390000000004
2446    -20.90776  77.13261  6.0660889999999998
2447    -24.821169999999999  -11.724780000000001  14.96646
2448    -22.592860000000002  -8.1356020000000004  18.60257
2449    -30.03275  -34.372729999999997  4.6946409999999998
2450    -26.95636  -36.318950000000001  6.9551780000000001
2451    23.064119999999999  -28.157910000000001  5.8284019999999996
2452    15.61093  -10.90911  6.8177390000000004
2453    -40.887999999999998  -0.58772040000000003  5.0609070000000003
2454    6.7977020000000001  74.215590000000006  34.828519999999997
2455    34.945639999999997  -1.6496029999999999  5.1359890000000004
2456    37.090409999999999  52.994480000000003  10.972099999999999
2457    -34.233789999999999  13.01712  9.7612889999999997
2458    -30.486999999999998  14.518230000000001  7.0070230000000002
2459    21.635629999999999  17.61617  6.1858659999999999
2460    24.115970000000001  -53.22072  26.59976
2461    -38.291800000000002  48.906680000000001  6.5247000000000002
2462    -30.344840000000001  -52.693899999999999  25.452770000000001
2463    36.320500000000003  63.506599999999999  5.1176279999999998
2464    25.50958  70.148359999999997  7.4441870000000003
2465    -16.016349999999999  82.286910000000006  5.9856049999999996
2466    -4.5671660000000003  90.231729999999999  5.9531619999999998
2467    19.949629999999999  -53.544029999999999  5.1090689999999999
2468    27.496639999999999  15.09929  14.255000000000001
2469    31.464569999999998  -46.663290000000003  6.7347520000000003
2470    16.77139  5.8217179999999997  25.077860000000001
2471    -32.848939999999999  -45.446939999999998  5.4782700000000002
2472    21.321960000000001  -44.849170000000001  7.5579320000000001
2473    -35.17427  -44.47907  5.3941379999999999
2474    -32.165979999999998  -38.370669999999997  6.7932379999999997
2475    -29.625710000000002  67.864630000000005  9.1854060000000004
2476    -42.542389999999997  -22.330179999999999  6.5698160000000003
2477    4.9495820000000004  3.1120420000000002  7.7182810000000002
2478    18.031220000000001  -11.594709999999999  18.152100000000001
2479    -18.095079999999999  27.474699999999999  7.2407690000000002
2480    -19.410620000000002  31.511389999999999  7.0869619999999998
2481    -4.4563870000000003  76.476889999999997  34.44858
2482    18.360769999999999  35.469859999999997  6.4853649999999998
2483    2.953592  46.489359999999998  37.48977
2484    -26.65718  46.01444  16.14836
2485    37.814300000000003  46.34543  4.5435720000000002
2486    -36.237549999999999  46.701889999999999  4.3282249999999998
2487    -39.913269999999997  54.271839999999997  7.8549170000000004
2488    16.86281  9.4121050000000004  24.32856
2489    39.708509999999997  60.39049  6.373316
2490    -29.491990000000001  -46.297609999999999  8.4108990000000006
2491    22.240780000000001  -31.656790000000001  8.9067690000000006
2492    20.890940000000001  -29.619140000000002  6.6686230000000002
2493    18.07676  -22.301449999999999  5.8461999999999996
2494    33.514719999999997  -9.6109019999999994  7.1408950000000004
2495    -39.862960000000001  1.686037  8.5801870000000005
2496    -12.35037  86.722110000000001  16.994789999999998
2497    42.422359999999998  53.733040000000003  6.3317410000000001
2498    -47.382260000000002  -49.206099999999999  3.9710830000000001
2499    -49.239620000000002  -47.930140000000002  5.9982170000000004
2500    51.601089999999999  84.741720000000001  -30.13897
2501    51.460009999999997  85.879469999999998  -32.394010000000002
2502    -52.576590666882041  66.340936231050222  -19.124080175861636
2503    -17.018130516612491  51.928621860865235  -10.356404480480657
2504    -0.91812433030908069  73.008238781906599  -14.653801238781032
2505    -2.2299279998990631  81.915759274380164  14.484821515370243
2506    23.225776020984316  -11.730290884379613  10.112626459769356
2507    19.391610957465058  62.337967040552442  1.6057436726762673
2508    44.549299943630722  59.004847401619685  -8.3735417368704219
2509    -52.575808596108502  69.661601242540257  -25.822881337961942
2510    -35.686063699408386  -30.668379662207201  9.5864726450560518
2511    -7.7134953068926126  76.362892523512443  19.762446189542526
2512    -22.74724950709793  6.0860511970358182  9.6327548161651748
2513    22.729076850689271  8.1007561319746966  13.160604194467391
2514    8.6188939625569301  45.30222786788147  5.9705736756796446
2515    -19.659769452217379  59.539872924762406  -4.1851958810874672
2516    51.668719425092796  64.997122047427311  -18.1288537689558
2517    58.44080484837697  70.765619563296852  -27.985894019795641
2518    -1.8220701753466393  78.777750117514614  2.0126660271501517
2519    -9.5207311074066361  74.117945335855822  26.155634074130809
2520    19.081753953770946  10.959323303130065  16.299878860552436
2521    22.955627225709382  3.2324657040759495  6.1102904001820049
2522    -0.56193787005831608  30.895554733637507  10.67177827342185
2523    6.9547813312498334  36.320421127056612  4.6895302984412313
2524    -30.537595927125462  4.1797854570888662  7.677428877556272
2525    -8.0271614607170818  71.46509679202606  -18.799121200068754
2526    -27.813106796717754  -0.13808680934280371  14.830680267611275
2527    -19.154157203249795  11.588642136217327  15.090695187841346
2528    0.41273198456416671  44.379148059346768  -3.4764599614338501
2529    -32.20317508252959  56.083020865200353  0.14417541928091082
2530    -4.4223103808774509  71.203309812342496  29.784701737573709
2531    3.5640154480203936  79.989969266575457  -13.984444050767188
2532    -2.1091714443313032  26.462954901436301  -0.7057041025524865
2533    41.465548116333224  56.19192321391786  -2.3519643634339289
2534    -28.483555582212453  -31.912220554194558  10.74949463708508
2535    0.80828729421268752  32.467884020127215  -4.0405619726706687
2536    -11.699408138263699  70.630215216304777  29.698926630778342
2537    6.0017279419433596  81.865393032191051  2.7738555241558314
2538    7.9955859384753074  75.373869842900632  22.324822658632804
2539    4.0709074388349187  68.377994806794007  28.435447820347115
2540    -1.8431393434703494  55.453509043639023  25.700225330251097
2541    -12.668498612630879  46.984918062223954  2.9546717321644906
2542    -51.97912980299926  62.170184353263707  -26.03895316148455
2543    -33.614834680236868  -22.341225159521059  9.8983634316614584
2544    6.0659637622067981  47.829565683215939  22.582981696184802
2545    -59.105856441459423  61.854375841475878  -23.699722007954207
2546    -8.0972362735789059  44.605573800543453  -5.5673067518042476
2547    15.364155681580543  49.005012296240686  17.541013204380526
2548    2.0186211122873559  24.89448114645776  19.377132543147699
2549    -30.799772427832433  -36.38613974508101  15.438349447850211
2550    8.7089821566154555  32.590517489712312  15.902187099543321
2551    -48.391422478250483  -50.034918827231103  7.4473704618999319
2552    20.518913108264137  5.9770636842260636  20.931304540426932
2553    26.68180669884465  -21.214932404832162  18.996177881552118
2554    18.890357314717981  58.43665017316502  15.987342093249231
2555    22.05300193035378  -27.672669118374959  18.318782029062422
2556    -1.3722379946174861  58.165008540491257  -25.886960831040703
2557    30.517662912933226  53.70356049016344  4.3082957804090016
2558    3.4584732189973879  23.719373873801594  5.5573935030621202
2559    -35.453757989277193  -3.2961331478547882  4.445848877485707
2560    -0.4579323293480741  63.833187828919662  -12.996259371329854
2561    -9.9286576726303402  70.645933358422852  -0.18798029960410914
2562    26.044208943034445  -32.636540373964081  20.597647208814408
2563    -16.033757562002588  59.593049539105387  23.365240554049088
2564    20.987547573538517  -4.1329582930219351  13.229020217167415
2565    -50.058447151714027  59.175300701030402  -15.501267301877544
2566    50.424385779660057  71.552667908588319  -15.634930925080003
2567    -10.909146531768974  8.1841275979614583  17.081608474374629
2568    0.70684389844440232  67.805943485092115  -24.357285630261917
2569    6.8071855750761863  60.661962177374264  30.785421238263162
2570    -55.399606245900806  58.962001346352899  -30.518888202251183
2571    -58.876063566556624  62.011544118886029  -45.237555213434675
2572    51.678889010242429  61.180089837282331  -10.493991936353474
2573    -30.57746030619322  -25.99472233950851  16.496293046434698
2574    9.6035946437754589  39.898691002125467  16.747227831110511
2575    -0.79327870727428274  15.396107338672469  20.027061548084312
2576    9.2733949601158532  53.722650338966794  30.871814997680026
2577    -21.510109713421855  -0.9099270559430831  18.377232398042054
2578    10.660436788882812  37.515453230177258  9.6159742182735801
2579    17.603457563365708  66.497554940237606  16.711315890495769
2580    38.445332574980185  51.504411412377969  -6.4331977682456403
2581    -20.475006445727193  41.880961553616388  3.2619723205940545
2582    21.5395953486811  -36.945522735491757  21.778748648004726
2583    8.7647144521206108  71.95174432696281  12.037816285622654
2584    43.688104375811228  54.578326035180254  -15.749040206350536
2585    -14.650722006515501  45.897612633358392  15.319701471633586
2586    4.4476933509791872  34.055760368457449  25.191958407526613
2587    -7.2038934374825319  81.882165840575524  -19.113749205798214
2588    15.911277509267761  1.7056978144733337  20.508785895312528
2589    -0.58095642699079197  37.294410874086857  -4.8925782843942942
2590    -18.118898938872665  17.50959846833539  7.262354137125592
2591    26.36986249097416  -30.506533465823971  12.303748812999785
2592    -21.90840002773265  10.010740096442325  21.011207214488184
2593    49.012119453026614  54.240027611316805  -11.534521165539266
2594    -21.081186501116267  66.248863201274887  -3.1764838695887576
2595    24.788490016919457  -47.330945292698779  13.64227139919673
2596    16.472816240179611  46.10406785275746  3.4537598122840181
2597    25.090728554711962  -5.3972468109863074  6.4662991462278194
2598    38.210973227386113  50.549702102642726  0.79159636340766104
2599    24.84719093869759  57.507084838060031  -0.55676747125789394
2600    14.077000146982035  58.027259831741361  30.903965850761423
2601    -1.6849896921302447  86.636655808223821  16.307745042129593
2602    22.219399481448033  -0.64288621373727173  19.801770710095994
2603    36.279546006797233  57.980069799436301  1.9906530644112255
2604    -39.004870063466733  -50.033551255924223  2.2776073180508161
2605    3.3189416478068301  54.214276267337176  32.977590126914826
2606    -4.4710193853278133  75.17399718271831  -6.6749805228971848
2607    17.377760162366084  -32.134546326130192  18.773405780286573
2608    -20.037734300034391  55.265216661010733  6.4353303338795618
2609    20.775661130890413  -4.908723393837505  18.948267454475843
2610    7.0406871840573775  76.518340985369903  29.124786062347628
2611    28.478295853896366  -24.529413568710133  9.629692802877992
2612    20.898851446002837  -30.671094119270286  24.402070750931316
2613    -26.764368841723346  -20.238997406723371  14.487012612085364
2614    0.73928086643384661  68.93329292057409  33.901388180733001
2615    -0.16748768926379334  60.971153351631756  -30.840347253430821
2616    15.481606211337695  34.271555079666875  8.4423964853510718
2617    -42.838344302622424  -48.295225928457633  6.5100252657283919
2618    23.860388671564667  -9.8125534215761707  2.183065076249231
2619    41.109540298042937  49.840699750699812  3.5396946144765864
2620    2.8943175978103719  26.837074010398585  27.742140120544395
2621    12.821084261484026  47.062845787485365  -4.3083979295996322
2622    -15.789208923837364  73.0206975841012  16.783993177973848
2623    -26.919864772998611  -19.689184507072241  8.0975564369115887
2624    -31.463477004471411  -32.802247602807427  18.958243380053712
2625    -3.4957412750722856  62.959587257597434  31.781467112711105
2626    48.59685659453401  61.542746220096966  -5.606030965740076
2627    -45.187446232490579  59.088108886955794  -10.790077882115993
2628    -57.654091366203886  66.830327269635234  -27.022976562897117
2629    6.8670652081047336  81.341955344528046  12.19226423946801
2630    -22.470227229978175  46.114250067151794  10.44163834640424
2631    -23.12316554659116  53.94908702955194  -0.54074131915062673
2632    -36.289764083609008  -33.956444539414086  14.644241388200802
2633    -22.069740071543436  14.298424832766106  20.373398169833145
2634    13.99132009763105  72.884133151994234  21.652342153719598
2635    49.776410776841452  65.9906813560534  -8.8636426699808393
2636    23.282638594941684  9.9157219048062153  6.8142541353082482
2637    -9.4212567319772891  82.056710723193902  18.332716150886913
2638    -4.4715106751462779  23.631635383713945  24.575369071008627
2639    -11.987099928939243  59.254006756967136  -7.0587240941512253
2640    -20.289165939928456  51.262462768788652  25.094666276058774
2641    1.6866444692117377  66.737609863273164  -17.384415783641497
2642    13.500081561665407  34.143741477021933  20.441854442393591
2643    58.658169128753393  75.9524737785094  -28.330384680141954
2644    21.531084003767798  59.599180941815312  22.278712466790104
2645    -13.822098435163197  76.331079614528988  10.413390299098774
2646    -25.003582795784826  -25.789102435447525  10.279352213462309
2647    -3.0223953227545715  17.914960355244276  9.9551151670443421
2648    56.499292647738557  59.154370987864759  -9.0734530598756837
2649    8.8660844338799247  17.873000602797408  13.740050200686134
2650    -7.5521842321923387  32.143937219049874  0.12450828116273738
2651    -30.918050743530742  -27.468859328212329  6.5873693158752307
2652    -34.084066658550391  5.4438933226485009  11.968426300264641
2653    -17.441324656855226  17.556611705801213  20.612784395684038
2654    -26.662391406954576  58.430316452553974  -4.0671084734461074
2655    -7.8295081109792628  72.666099985008941  -12.381690615865706
2656    -13.686778696308538  78.911717385419038  15.902501957933277
2657    -19.536076383416273  6.541619796941502  3.6793385864822219
2658    -13.13191419164041  22.805090917754946  13.796121468863099
2659    -16.41145791310273  10.141591206847115  22.067617157120306
2660    -37.699384599565242  -21.519748654019406  13.903885288446808
2661    -4.8339183165404798  68.863979570040911  -27.926165342413739
2662    -16.534700389727302  66.846533397544192  -6.5327451830035486
2663    18.860195209684292  43.626245999359064  19.569845746309333
2664    6.250458994090911  71.38883090916832  -19.917527120300058
2665    10.792131139911964  43.769435214977641  -9.2097820300483271
2666    33.445787394652129  59.705800181499534  6.5089504947797732
2667    0.74796022746497026  65.602501052628043  -31.968754936481307
2668    0.46813109693753641  55.742930757639783  -6.1302251447581613
2669    -15.806168885559703  40.407784263568665  -3.1895399904478232
2670    -6.6193434852008055  79.493934264103615  -12.069336106969134
2671    15.421027931088425  5.0802414407469412  10.65493387303311
2672    19.80716035044415  -46.9273818381293  22.921574215800973
2673    -10.700807923384152  35.829993634789389  8.6625772365154905
2674    1.0816511844443784  19.970879759281985  -1.3502196624130771
2675    2.6618234574982593  10.891319037197478  15.175520184979613
2676    14.387726220846028  73.587240014027699  -1.5303720787734871
2677    27.135607495408109  -17.888311114016734  7.8210347887798051
2678    -1.0017095661170419  9.4889426929561154  18.302041906388471
2679    -22.814045964108452  3.0505548244955887  1.6973441089947769
2680    5.6937778009105671  64.495514795924407  34.924472779771214
2681    20.065568058012431  43.475265400101023  10.200953010967183
2682    5.2652098161194063  85.676198173713047  -4.3554833405446098
2683    -6.3187033233216701  84.867707750055843  0.68967480291467342
2684    1.0699622312799013  81.216250359333387  23.138976728251016
2685    19.959131714227457  -37.102932062094219  17.445325588008927
2686    23.128600704622503  56.319153084100556  7.4514010351781499
2687    -1.3542669326548267  81.461550155772557  -16.031097515900044
2688    -33.097699862007318  -36.817876664098961  19.722886787645177
2689    28.483924370066799  -0.966869713964842  12.262949876506655
2690    19.809204757976371  64.596019124127238  22.139759174425546
2691    -35.881432611847046  -17.070921803695782  14.270533879234351
2692    12.198015494035253  6.5790040430229695  5.7524759895406596
2693    23.014570077203324  -36.024535822876715  26.013675795159703
2694    -28.291664316715764  -7.2802203236192922  14.912612831706017
2695    13.696798511084065  51.190267176519583  -8.9808800730600939
2696    17.718993050009626  -7.3850888545160993  9.1804277939813002
2697    -6.2615459843468493  44.843822568212168  -10.90171376521433
2698    33.607161807376457  -49.068458075080059  13.292243537177665
2699    -15.677796923656723  47.215834569387845  -11.671811467791999
2700    -31.839660626409206  8.8063187629240858  6.6630962152635762
2701    -8.3151256524601482  25.630705288148622  3.4922420509687386
2702    16.115771917181252  1.5145869120250794  4.6907142960286237
2703    -20.612649217964243  63.979834984237932  11.782426249402917
2704    12.293572609711633  77.117654081906011  15.661805383915931
2705    3.6687345143848584  40.54009626892649  28.253251648149174
2706    55.458072182372824  74.302860906249393  -23.333269498734932
2707    -47.350455210967418  68.182696678171268  -24.21057086596786
2708    -37.928968551423729  61.050517625610127  -8.4134477120360369
2709    -37.559563621429355  -27.369941715297923  15.545018646315951
2710    -51.984424521320726  55.827402034330433  -25.952711785492369
2711    19.239589203320421  68.670257023250173  21.689077916513259
2712    -20.269953763105981  45.867537866971873  21.10037714362301
2713    -25.684380144844113  67.888559760911889  8.4138516967422916
2714    -28.189567243384278  9.3271829478471915  12.591163812975424
2715    21.077853727228337  63.82142597861327  8.6686060108943153
2716    11.49008746451177  26.608043591544433  20.929055638777427
2717    -39.14217024792805  -23.510786575067304  7.7093072932177273
2718    1.660594609916646  76.153551275154413  28.798631058496444
2719    2.7589118628231959  20.593754435192562  25.749143610062877
2720    -37.632942123516706  60.750213571031168  -2.362417415196866
2721    -10.76623190604721  29.886742901900707  17.423543914999499
2722    3.5881835906906145  70.40009987169006  -3.4433589239144746
2723    -21.549534692190548  5.5538024464621216  22.787478902483983
2724    -17.235381376137539  27.798232209515561  15.419802804860447
2725    26.505053056035479  -5.8405044694521404  0.49372884911293702
2726    18.245779103103327  8.8649016422314659  3.7495861607144838
2727    -20.836600636950553  53.720223798621966  -7.3540126926740008
2728    18.315052133050827  72.44180575566368  15.384026351375871
2729    -4.78819932820128  79.262413914060886  26.494678810535625
2730    -4.2549270921513012  61.565681375569433  -31.095267005566701
2731    -28.369362710912426  -6.32191083962352  8.8498686678044773
2732    -14.646913444064195  54.632592981428829  -8.2836274643712198
2733    5.3648726918302172  24.712860849627429  -0.17393845209967396
2734    -55.27317767717885  58.695844701490117  -18.428593602770817
2735    33.362732273546413  -50.62473340477429  10.977148991490894
2736    -4.0603496197460629  83.332919364711202  20.899209516125723
2737    -31.065013849125332  0.68605754234659699  1.432566300621706
2738    -5.057304914634174  60.22636393803365  -27.629365435800029
2739    -33.854548484282851  -1.1059030905350475  13.086963944417937
2740    4.5094447527829571  75.824723853563682  -8.861852683437009
2741    -12.230731286840161  80.61245464262754  20.434640890652364
2742    39.905499131923996  57.979647807918361  -7.1771785749614176
2743    -53.57052936192143  74.56587622789776  -37.202368105359412
2744    21.401675619926184  -21.561280517377099  14.594249835335434
2745    20.563367965600875  45.651956169196581  14.329781907175571
2746    42.569905908391483  54.508614904489164  -11.192263023047962
2747    -17.127476316618239  3.8488607043502112  12.189793455580812
2748    -7.43206687525484  76.615498285867929  -22.210121658801196
2749    -24.021279890660086  8.8548733293228086  3.1513049024986559
2750    -18.335675616697937  22.762399518905301  19.544744967639865
2751    53.104730839722883  58.529828247864216  -15.892084681767397
2752    23.65437432915791  66.781273504071407  5.852901849472401
2753    1.7307383377571282  79.904921820037998  -5.0841162329265188
2754    24.983436259129384  -25.69761301763069  23.623821768504051
2755    -6.5024774652235253  66.401639914522846  -15.817401245108943
2756    33.85192399464561  49.673462165758224  7.3787531538727613
2757    -36.584087942741846  -16.690565828505449  7.1642436918300012
2758    26.650932523470136  3.0228309580733299  15.800385376143179
2759    5.3930609035459671  44.120008175206806  -8.8492216312048733
2760    -2.645684656099156  64.789106022588228  35.830328404863266
2761    23.235147740621542  49.61625355458763  2.012449066488029
2762    26.061270074918795  -37.979987099173471  17.370659678503515
2763    -39.068170937895644  55.307981933503079  2.3709060319584445
2764    19.051977695601412  -28.862527671935904  12.457779918864855
2765    17.944960031269542  66.923462241895464  26.190537010372299
2766    15.495220153858856  71.428786822339504  26.488573321513684
2767    13.71428106460885  6.2824418944013329  18.920629605612536
2768    0.42636976236679114  40.122532969240368  -8.3223824335879577
2769    -22.319424244986354  63.336583101668865  -7.3983644398858157
2770    -15.981724532071786  48.784382355630335  -4.8395151606457318
2771    -28.501492537099935  57.05813969931922  6.3563957660712163
2772    11.460602872019569  65.008810822626742  27.867968063107753
2773    -3.531002949045646  9.9219214979171273  22.774234003605066
2774    -0.77610426460278559  85.912133921991156  1.9340233362056383
2775    -4.9318804368299842  30.043427801227804  26.77532789122565
2776    -4.8604520215507927  31.236953549602177  -5.3056781565411431
2777    -15.799368302925947  9.5249049366326872  5.5740966481111496
2778    -12.259426933106853  2.7004847652421518  15.289588244877466
2779    -21.931028873887879  12.017160450975394  8.3579485372953535
2780    5.1033097081112366  50.574201992016668  -6.5100238542935926
2781    7.9217028954988908  61.457771201544659  -1.9286349053993788
2782    15.816414578848491  52.83876689624951  28.820113006127919
2783    15.311827747423465  69.563719067094397  28.386044282143878
2784    22.937013230868306  0.45637678832528955  0.79639660176091265
2785    18.50263319929882  44.901905513294139  -3.1987683915883669
2786    -16.392769365128657  30.258279342661638  10.434972921927629
2787    26.471397429672116  8.3817754737748711  18.143080988821712
2788    -19.069238817096043  65.711003122349311  -10.250528697296456
2789    -2.5873035885731093  61.894857507466988  -19.560176069306443
2790    13.366525730636823  74.688903458531158  4.6512179601219108
2791    -42.30735301282369  55.227918732485733  -3.6441041733917743
2792    -30.637077329924047  -19.566723076436951  4.8277147425718514
2793    15.472278081749741  38.605324945278461  4.8978750989690969
2794    -10.92021694241445  37.855506010869348  -7.0181385204687912
2795    15.434341243660874  72.360194556283361  9.0353433095233822
2796    2.2564304712645638  83.777230035177666  18.280915368977901
2797    6.8361766392148189  65.739233375713027  -17.319297311819788
2798    21.996849289874319  -26.52562233095458  9.7891939127505907
2799    17.795704240204749  58.699754509108843  26.616239098134209
2800    -1.4955187389592355  84.232507270005698  -3.0578997409230975
2801    17.144641587135343  13.720086491680208  10.028387553123032
2802    9.1237931237022512  38.639597125819883  24.004260770288649
2803    18.748759310054197  53.76635039025404  -2.4124159380632508
2804    -5.7330515700449336  60.65601643038142  -14.481316046978217
2805    33.649055132969927  48.602816375233694  1.9672702817349801
2806    13.322607641136047  0.3172673770878387  15.254411729496878
2807    -11.663944676572585  27.119384501071853  25.905078120935052
2808    -1.8403433040126029  60.817558916375724  36.268015757870522
2809    7.0029892085452197  80.05376951255991  25.239563661000279
2810    -27.818828031307081  62.936310656374005  15.190452410452771
2811    -26.917836574455013  12.117751636042186  18.484534321206418
2812    -45.439704189304074  65.595898719041259  -18.445242386631122
2813    -3.7404212337564537  43.023915357699948  28.729127456739189
2814    50.064389774111284  56.503326182495208  -7.2289739907525421
2815    -15.848561787361895  79.971058327100906  19.524537921766555
2816    17.831546177320305  47.070246469155542  25.38711209101773
2817    -1.7635755315097148  2.1266398764854948  32.824134459820485
2818    0.42078502566144632  62.103012805733236  -36.602099542531668
2819    -2.115607484264951  9.40176743000921  2.2533407654372377
2820    12.41871292177761  67.709340196676905  2.3000058647730848
2821    12.244032498138395  13.287746349023244  4.6965959133394559
2822    46.776951611872171  58.266187008591309  -3.9934945591938424
2823    -32.724002466917689  9.8819813913792078  10.669572492729626
2824    10.704537756713531  67.100948301583216  -5.0423874666417463
2825    -24.065424331225536  6.133895885867009  16.944006324972367
2826    -29.327185551331048  50.899959073326137  -0.19878018442253761
2827    -28.651434841761706  -48.723633194114917  21.234409783716139
2828    -6.9459740044624079  66.901547276388655  24.289821782883887
2829    12.841901114875986  38.529052410190971  -0.31742659962746267
2830    11.520121350527681  9.2003322340636444  23.028269386783027
2831    -15.807407882346055  -1.4416661208180841  15.418175134755741
2832    4.1833365664906985  7.9752641543191052  19.700647700034491
2833    -11.697722062039324  14.682766174374537  21.586801946429773
2834    -18.665137554947847  71.773275886823612  21.997094342391296
2835    -33.232851489109187  -36.672616635547264  9.8482425541304135
2836    -22.85990284509322  55.335792381656027  16.259740526095744
2837    -0.059000025449106389  85.183878745608865  7.7407067732012438
2838    16.410758832909995  -25.143329243418613  13.513953454282925
2839    -13.311974353590754  32.660720741209921  2.0976677330054754
2840    -30.74012350405393  52.383595447758836  -6.2348307887167866
2841    24.216199899768171  52.649582639759991  14.247551533791242
2842    11.750589715136183  57.352689682452628  23.851260363682645
2843    -27.198601358809448  -5.9681338758500493  2.3225020189988097
2844    5.4526235387567752  58.490359848327877  35.73723266438266
2845    -32.347495964353705  -4.3978953045879026  0.58355427946525396
2846    -39.924930868678423  -16.232255437964291  5.6734660033968192
2847    -5.3553537852301236  86.584715110942525  -5.4782989630521399
2848    -1.189216646898043  50.71815170813489  -8.352465450327232
2849    -4.1654675265634689  18.981459126306046  0.62683160243202385
2850    58.248764149776754  63.780082745777698  -14.897071084078345
2851    1.5156937070805567  59.747607653872556  -33.363866416529127
2852    -20.447020759309762  69.356787071988407  6.8680421909601392
2853    -2.4526378103858524  15.815384521071017  -1.7904891194951682
2854    19.937030730357776  62.371009931047212  25.371168610245007
2855    26.749914370194293  -38.448393511421543  22.340153050778977
2856    9.2242528665383823  60.075164679060549  34.848225314858389
2857    -26.826970792698457  50.171082306237459  5.2264470210958285
2858    14.300448443264196  67.422241626925228  24.814423272151402
2859    9.637802265774285  75.968739368254887  -8.3368585749550999
2860    11.176550537739596  80.924487276205994  19.16067717031903
2861    -21.685332483729006  70.216961847818908  20.554639495031527
2862    5.7491340889508429  49.615138827069828  33.445557457885265
2863    6.3089088491049612  72.239618617888866  -13.716183166138711
2864    -14.20190143663668  82.050651052929567  16.338271419709049
2865    -1.5267842709865724  9.8323513796899444  27.056143512588431
2866    7.2663602734834791  9.5891780264964162  4.4311921151312763
2867    -40.42904403103492  52.746893757102249  -9.7456689654040485
2868    10.597302560964726  63.224916266241991  -7.3908193477325845
2869    26.020274316320172  -34.081254829624235  14.719678181961998
2870    -31.100334134572609  -41.793873393715195  18.457826867937065
2871    19.704689504437951  -9.8456740685324888  4.5912577985500809
2872    1.1807991257918704  57.802175715808247  34.975078591853155
2873    2.24850892955507  57.915791773469749  -28.793514276555435
2874    7.4145249335041541  77.433153823665791  -2.651818879310063
2875    -0.43335287171706011  80.171166631668441  -20.594747864331367
2876    -9.9822543291186392  76.560052036097446  29.252486217744668
2877    -27.91526395276103  7.7602037028122357  2.9217294774140563
2878    -12.029439247440591  19.912490604803093  4.169169618885884
2879    -17.090593250207593  3.9258271876354529  19.569775382208981
2880    -57.079052472966772  66.445725630606304  -38.346467671178466
2881    -24.69579467270605  67.952220937796667  18.731355249219526
2882    19.138830282531178  68.740393365956407  4.5192075416504904
2883    -4.1873122286285271  55.216903795095178  33.088721724223809
2884    -34.435062302918645  -47.946357616801194  10.026178882679949
2885    -23.16233234726019  64.424133589513517  22.106629109477595
2886    -11.949152584335517  46.380854906605812  27.402117010122083
2887    -2.1749080049882132  9.4915675130956547  7.7008943167391486
2888    -56.0880714940727  72.656056498594069  -44.775771140229423
2889    -6.4792272519356917  57.626075346284487  -11.015489935118369
2890    -32.340237238863118  60.606908093977985  -6.3523656790371144
2891    -56.114699104389452  62.649693346428649  -34.362688908482056
2892    -35.038784650791506  -17.452456072767944  1.8849465675770585
2893    20.719954342844613  70.158641237785631  10.060395434582283
2894    -23.080953290031555  -6.8656940833530902  10.513175376480351
2895    20.311898861938435  56.913492936417754  25.648472298693548
2896    52.872991595296114  60.57559709446911  -4.9430801444957257
2897    7.6338761700435382  58.833649523187511  11.692570931626818
2898    26.033701919281249  -3.231593965299377  17.905201386902199
2899    8.8766504642486108  12.519693803611991  21.718230086214387
2900    46.346125746376828  68.171216127641983  -11.868729967544079
2901    2.4143171528370795  85.984174756886432  13.081240760605866
2902    23.833355283218673  -42.235669470364371  18.717134736350474
2903    57.539598364037992  77.37936283251851  -32.824134289747384
2904    7.236049918208332  80.016303634014449  -17.652194035906586
2905    46.714737292249779  60.598042424402919  -13.485657039781227
2906    -3.8160997466660302  73.72540503390897  -25.272496253454776
2907    -38.666504672162752  -17.988399296133096  10.380241959747652
2908    56.164462447659204  59.609569498676727  -18.939662338602176
2909    0.20158211463208389  59.34002031160432  -42.191042900837225
2910    -31.087409826028537  -40.906935712673132  12.349983183153686
2911    11.017910014140439  25.085670754446284  10.158909804452778
2912    -31.474450396180696  -12.155389459745559  11.191954772351778
2913    9.1370066503103988  45.762944802388276  29.644976592444621
2914    8.2879090583150958  6.3831303086355078  18.158046459304746
2915    -1.2461808790963615  18.941076447404072  24.527998265765426
2916    0.70357902716369036  15.704723754738447  -1.030357048909126
2917    -9.5045939415210849  61.203420369499817  11.434004936597391
2918    -23.518411726437037  -3.2255299018243675  5.213476866464692
2919    -49.157012449242472  54.513530556722237  -16.420375358305375
2920    17.207564412060364  40.895222329139031  0.29368168010165219
2921    29.441263824196298  -26.717427082775743  20.395749592657921
2922    -9.5681478671264983  76.741111832907464  -16.184710445791268
2923    20.457738607382776  -42.022324832144427  24.802589811815128
2924    -5.983334723692467  36.621788273444466  28.811479920506553
2925    14.991956588185658  35.266044004748025  13.965566779148753
2926    15.487077965683788  66.955289348648634  29.489753909750711
2927    -30.010932082975362  4.8317894003583612  1.9199050305296694
2928    -7.4213922644693708  48.955582852230776  33.090404671512687
2929    -24.203439677140221  49.075463785620045  17.941050953810958
2930    27.369409835974537  62.120800598241274  6.4712555304142061
2931    8.1091486767216896  59.149688860732212  -9.3145181502201559
2932    28.933616524361014  -25.650042386217898  15.279849937041941
2933    13.230243246887964  81.09812384139623  13.309360547142948
2934    7.816146441089094  69.103722917570678  -8.867500936714956
2935    -10.607424074526158  78.95544496707933  5.2641595283815112
2936    -13.069828712042144  34.788730996378128  23.703630163397943
2937    15.732043712896125  14.82794631156399  18.970589090432636
2938    -5.9771063755585345  86.525939866146302  -1.9027873278535454
2939    -5.9153155765740824  11.636938932347531  20.019241123708404
2940    11.460499845835431  78.286229191194565  -3.5694626232050815
2941    3.697002148059549  35.24881212897791  -6.5444822274098078
2942    -29.641995563439558  -49.469388237996533  14.653964517683024
2943    -25.800756722933393  51.489456941094993  -5.206872739374985
2944    17.52828440683508  76.402186020965019  12.444421351549408
2945    -56.390207919334223  75.67662817684176  -36.935292247136459
2946    -41.950176696347164  60.81685635279937  -15.441117744705045
2947    -57.250592668608519  71.903436901341053  -39.664301119839749
2948    3.6916367404353716  84.855186735229253  4.2207595918589043
2949    28.78287427846552  6.0066022304121622  9.4588065603293394
2950    -1.0311254482098073  44.851962574793667  -8.8004433405877212
2951    -54.728879398470006  70.135924860045577  -30.63000290082352
2952    5.2259798795018222  67.024287304696657  -13.496474770642658
2953    -36.388782074182267  -3.6065452825770103  9.6129664393863177
2954    7.2184266184858439  72.313500813836868  32.013992644237362
2955    14.885488575936165  -2.2642582864555569  9.8900624342349737
2956    -48.333869941286856  70.372134507109351  -28.004136786172079
2957    45.501314909405629  61.73632690808094  -3.7120491680733099
2958    2.9186108793928947  73.129060777399971  -25.473819460804545
2959    9.406283372334773  20.48777286580637  22.400174939973613
2960    -5.225739721092908  84.107589932166022  6.8551115044783613
2961    -19.601627832291399  23.748166826896924  15.602053553345675
2962    4.3943441300187498  9.4948192386346388  7.8150941709778943
2963    -5.0885262278490648  81.842137489093076  -4.9209791936259872
2964    -25.322229595742304  60.09615171611685  18.097202594177777
2965    25.527658415200616  -48.094671677606733  21.379152751294367
2966    -15.942678176402124  38.088635408180579  18.957308061719122
2967    4.5447211543245878  16.278737484338471  24.110153168331589
2968    -26.133249294072971  66.835378185495784  13.422430370483122
2969    -4.6921450769947031  82.92982361114133  -15.082729804344339
2970    -43.385982778911497  54.938718965570075  -14.596107684634712
2971    -15.693394099009105  27.420886745117436  21.56611719867032
2972    -26.674430352289761  -39.90852748037301  15.360141920107413
2973    11.449785609652045  1.626559270878924  9.1114954457633992
2974    -8.4771207188655975  65.888750859362901  33.1299715186762
2975    18.849861025974484  57.939532818620719  29.087189333706291
2976    -1.3446345865593916  63.05279195423627  -26.342330590652402
2977    6.8368134313228826  66.310996816990965  -23.345450135657359
2978    -3.8719688594862749  20.899697425599648  28.643208686096994
2979    -21.457742382153899  70.052038007420592  13.81235159029019
2980    -36.362070093211067  1.726996018061508  8.5053245078461774
2981    -13.960425670977559  69.54511162280555  -11.67243424866688
2982    35.045805240254531  57.872653813260129  -3.790281414489312
2983    -48.327867824361228  66.150182823733374  -27.436852557833411
2984    -12.273119426588734  35.200426730220187  -3.6296762354056362
2985    22.590269846334419  64.887910733963622  18.841279664273078
2986    11.949417773252996  79.499191652637208  3.9553771512598961
2987    -25.393037361366119  -10.108257780025239  12.801923488656762
2988    7.9628789172354075  22.878853498164034  26.507683510890651
2989    1.0440807723215526  16.976695434666937  27.521036017702482
2990    23.542809250893114  13.464125524492969  9.6657746781092921
2991    18.513306512716966  50.027111702021934  10.263132749492746
2992    -31.972001027933725  52.48792826536296  7.1380594997345188
2993    -3.1955677481183784  12.775794341327318  -0.47254772753571439
2994    4.7229478528292841  68.182993852797523  -28.972297337843194
2995    -47.441198174733984  60.030123580912608  -22.515149578420498
2996    -11.949522584612094  54.364068672238567  30.231642246087617
2997    -37.088790864220996  -10.685886807073613  5.8743967278479712
2998    -10.275250123049421  73.626921967902803  30.600592608425913
2999    10.374756535025767  32.21550246821991  25.956469008294423
3000    55.692466195668132  68.189244685182118  -23.085277971399545
3001    -6.9363027811369458  85.243561609043581  16.035103110047697
3002    21.082311104737101  49.953691865033711  16.627699737647664
3003    -3.5547565831468289  25.457778337228905  29.150219661610457
3004    -34.901412098376753  5.7933537194429245  5.7168876025082298
3005    -14.197875086795882  80.976488081347682  11.293938600215723
3006    38.967226144323334  53.922587340789285  4.691310312259283
3007    -2.9248473635532033  39.220269325178435  19.906870026465754
3008    15.314925777675503  65.584600000614216  11.038870433070292
3009    -4.2522585082572366  78.544235628897454  -23.634377831711241
3010    6.186262776895818  17.914262160538748  3.0641027217963686
3011    -19.623864802814786  73.124284013557585  8.5368464635232311
3012    10.914223239934302  71.649738521213976  26.950406952687903
3013    -36.32308493150606  -27.4195169431942  6.1117471526977383
3014    -35.781970557626281  -22.704405753199413  4.2092592007398126
3015    -2.7504141856578221  56.339315826977042  -30.026140361592585
3016    19.849037907742559  -9.0450698418709337  16.379289807437111
3017    -0.91892838731861237  87.165609819045741  -5.7260928879581092
3018    -48.132379191258401  64.225503192435326  -13.231284692226128
3019    -41.102048243799615  63.417604255575284  -10.508890193057841
3020    30.03672283413691  55.255367893803751  10.860702078745231
3021    -54.852904152230529  74.166952308426019  -41.437295868994262
3022    7.221983929480329  83.812844294696276  16.383580055545831
3023    -37.680599285623181  -8.712303899232289  0.73974141073320132
3024    -19.890729685375675  70.664938960502695  0.037267050894964619
3025    -32.608426523374433  4.1627425944114993  16.72888830097007
3026    29.195144543918406  -48.204067967377206  10.326430515259551
3027    -34.868151050793543  2.603664004076311  2.7757534299051283
3028    14.422809350687999  24.848521934168108  16.508871797075855
3029    2.2001113330812627  73.716473052471315  33.232339353488818
3030    4.0327941648766421  62.464909625563351  -26.709539614353254
3031    21.787359738263312  54.863878578216955  23.245592596895914
3032    24.594058759805502  60.288166391332581  13.746714819054016
3033    29.412974695266282  -30.56233456214963  17.821563172097573
3034    -13.698779419609535  78.358019230725901  0.043817565723315847
3035    2.1006145265393541  9.8639146490592626  22.208733388050913
3036    -39.718987582044107  -20.580807533178877  6.9293211311960645
3037    14.178993472393229  46.713312128322293  28.741623541757679
3038    8.1729536435067534  66.772425084332525  32.914520743247223
3039    59.552327823563139  71.289509740221021  -32.694548355944221
3040    -4.8329804186350307  71.908736719818862  11.203996814074188
3041    -7.7284899796730215  76.150383070120157  -25.34399078366101
3042    -16.938032247717494  38.36780838276411  5.2828654289471082
3043    -8.4400775025649146  39.495981205190674  -0.81367923080223503
3044    -9.0478630440630177  52.068963589677146  -5.5065914648478422
3045    12.094460704198028  56.387975863555774  -5.2103752184512997
3046    7.124505542819616  7.7302466119070505  22.491063958659389
3047    -37.189517928891377  51.069536660087557  -1.9894590148196298
3048    53.398792174021729  78.147369586652104  -21.427864176655081
3049    -58.055399650517536  61.922665917799733  -29.096550140579595
3050    -56.398997583490228  57.101990699092013  -24.820809295205663
3051    58.013360271730043  64.635860168153286  -21.42259140069595
3052    29.257651577481361  -8.5122706913964894  3.5651368338899707
3053    -20.605448765042489  19.182302095688264  13.574535472211606
3054    18.849433870291534  40.774622993385918  5.0456256688687553
3055    0.050229842600262822  77.649735079221202  -24.338372024876989
3056    -37.118156942917139  -48.007307392570482  4.9234453544960095
3057    -27.590816753557789  10.266573533448684  6.6076894958156034
3058    22.921656754709197  10.454339977427804  19.556742544521239
3059    -34.468293689621561  -23.179487213306892  19.645632150056048
3060    -38.510956219948795  58.36175197944452  -12.753008029534735
3061    3.4435687583238592  86.302026320646462  18.40161506687225
3062    -6.9557422773031439  13.037600685511906  3.8477959263956505
3063    -55.120032954827913  77.09916654062765  -39.123642754393636
3064    -43.89836421374283  -50.222080237157314  3.5018987645493778
3065    -6.9863928877432002  9.1426409643962536  10.804265298109852
3066    -33.811443425856375  -47.141563575762341  17.867478719735676
3067    9.5514853645633391  82.681081811581748  7.5677885730068546
3068    2.7820309011182247  43.846435071149365  -11.312846759285243
3069    17.760757021524096  71.043227025159339  25.357473296025066
3070    7.2530089950664456  75.758724634363531  3.7662890155170587
3071    17.206389305045178  40.487085276315931  14.504495962004173
3072    33.733483627732149  52.420161214143612  -3.7016204416624419
3073    10.928975183185649  75.784011602906133  28.283038741201427
3074    -31.363611383119395  -44.910004319726234  12.667794132461932
3075    25.327686045326256  -2.8023079894707488  0.23932956022195018
3076    53.163172479108532  61.700971013608672  -23.609654206734763
3077    -12.433907447843282  22.147571879225733  22.901932021166111
3078    -4.5973557376632552  48.550782663422225  -7.3447353269774434
3079    19.031973837052586  55.396468554412273  27.816664475423323
3080    -50.867985483501784  69.565381255427994  -30.550514317097022
3081    -16.318387073253962  75.27541482829163  -3.1855445420095094
3082    -14.450515762353108  76.389755706217585  21.882355449089939
3083    -3.690555627362837  57.40846487798602  36.282120979464075
3084    15.185483564719345  30.494815325389713  13.906245189070807
3085    -59.410216002629902  62.300224952756324  -40.316100523502584
3086    14.05536274811233  74.097916892054641  27.110027169153462
3087    -19.63636476134554  43.407452057001031  -3.0507923559585235
3088    -16.831415267979022  42.527636863419907  25.658801143613115
3089    14.663162911467907  80.387308238935248  16.463839063293378
3090    -13.747171332898555  73.165111149529736  27.229190589196218
3091    54.040351196471988  69.149003436673354  -11.398452198234715
3092    -36.330548789817456  50.32689177170478  -7.5960702465520278
3093    10.803543263842732  31.160827327189573  7.2536769647215626
3094    22.385751763781748  45.556449457681211  6.8205627229590284
3095    -57.542791690279991  66.431798361593735  -32.582684575450166
3096    -10.339920665180362  9.4098249411026931  5.7269267901471945
3097    5.4533225728562389  39.757924234789343  -9.3840601688864265
3098    -25.048226218237321  14.796722424542651  15.75329439867479
3099    -59.072882670099148  63.763081171300293  -34.768318503149743
3100    -26.401047585209156  -36.402914794051007  13.591160363951863
3101    -34.865892690600774  55.806393103703691  -8.1218404897247751
3102    -25.310565805045641  53.384157743213706  21.783726736349717
3103    54.733865932453284  81.04749947672731  -29.419904415681149
3104    -12.938028031802805  14.297065178344488  3.2271572057108036
3105    16.667866129038465  4.3018835190602625  1.873415447651896
3106    29.421702617796669  -14.242231911677965  2.9417672768926115
3107    -31.234356324438345  -8.7556095229941278  3.6875312161848361
3108    22.20072692542108  -21.363393708283805  7.9557649421877583
3109    16.231870276156663  78.028877997690145  15.945446954452613
3110    -8.1274379026311188  55.827662772643023  35.570628448326225
3111    -21.292359249853313  48.267126809786973  1.6888579143761617
3112    -15.068150193018599  63.92855438925362  2.1322827499800843
3113    14.455570244471717  21.033234567904781  19.356342636610091
3114    -44.727282721422355  59.426977501454395  -18.053417008661576
3115    59.334766969584777  74.855666852165569  -30.926639720936102
3116    15.476339535121596  62.501461325438783  21.591875677691199
3117    5.0495533777284933  61.574936720643983  -13.868884572981532
3118    -14.023959194526052  64.75717840097073  30.928312478741685
3119    25.622546060233425  -23.607302634574218  5.4006144348723186
3120    22.642693225595131  46.891239193639869  12.018949724388985
3121    -28.917459009109457  6.3953528967928293  19.898960218619536
3122    -6.2366215846218722  19.770977413047699  18.366592084341182
3123    -36.167053176801431  51.7267883903518  4.4571355946612901
3124    9.5318869042305234  80.645038495558936  23.15600322984363
3125    -26.406224557478463  62.686997137076808  20.382933338445426
3126    2.464489099576145  60.996517652562858  -17.714237637650832
3127    -4.8353774349052667  75.217013662570693  31.642727395696422
3128    6.7434551892395582  66.096242203245538  20.20907434118957
3129    19.789681352164777  52.032112480321508  25.958370093672269
3130    14.887250311115443  -4.8502165715704404  14.509928328013764
3131    -2.6923842325734122  51.075866564198535  -1.4346920162755208
3132    3.3678411025186108  26.158166677221082  -3.0720473971477245
3133    -7.577539338555237  65.208249218221169  -8.9531534910651107
3134    15.570540723173727  57.045829149169222  4.4362376389679552
3135    -14.570699171972759  77.516084264951246  2.8550160478846744
3136    12.558962682625948  37.471616485861006  24.824973285381592
3137    -59.50606003706207  64.898706970183824  -21.158968149279708
3138    -30.946870871062483  62.579937823332379  -2.6771494601360919
3139    -6.2145054977517118  16.896561840586756  25.124517941578659
3140    4.8572633983240037  62.67106110016109  -30.675926840458505
3141    45.644822524186999  51.693230431777842  -13.770453377695974
3142    -1.0394868965312836  42.235947013354227  8.0585394520088673
3143    -22.153050173149733  73.520243438611672  9.3580647998500464
3144    18.704393367456298  -22.525866939686157  19.604587910083666
3145    -5.3699550823761006  77.6307006510105  -17.793654748229507
3146    18.918279761849774  62.830990461540608  -5.5929913047282414
3147    3.7260425837693916  22.251900521508379  29.339926321573316
3148    13.681296117450433  18.516475952694517  4.7368154957960851
3149    -1.1495178416020124  6.3726555480267333  29.15062751015709
3150    10.233079590298251  71.446439955943916  -16.564331555392201
3151    -41.104764001629434  -17.582231237827667  7.8062232126240598
3152    -7.7783446664699012  61.006185577821377  34.715480811084738
3153    -6.260342937380897  40.082015742287417  -8.7664253037871749
3154    -26.381883825990137  -0.79122810226050444  1.3901779627588913
3155    17.403153313764076  38.321910550920308  9.4597302894978128
3156    31.451986841046004  -5.9703794036896056  8.8324639765712138
3157    -0.22537488995900873  21.093711954845247  28.122022092164762
3158    -11.452912734154371  76.183577253892082  -11.930394802211453
3159    -26.245753763621899  52.231082914673038  11.42735101574406
3160    10.634493865747729  3.5394008207828223  15.691178950381929
3161    -35.282745049068708  57.486638200401245  6.2074481014427967
3162    14.919654609960517  40.635583375274976  -4.5556014480147944
3163    -5.3717755595940053  61.621151116622471  -24.044921716785563
3164    53.003218771419817  81.925997159906487  -24.588227133184887
3165    16.808228617780891  21.017395268525732  13.404903235085122
3166    -24.251777717711935  70.679647979004571  11.127317131770303
3167    -7.7185272023366229  83.365517651245199  4.5323890846283703
3168    45.585181366998611  63.947658936504666  -7.6607874454871538
3169    -58.938081176220166  68.549197582794903  -35.075183746505637
3170    -13.889906912564786  43.073853949472905  -9.1312192227639439
3171    -8.230624749606319  64.92135740632726  -24.774133550313785
3172    -48.779499333367887  69.967936212451335  -19.869160498891087
3173    4.8588958583231676  30.346399737724742  1.6408311977233963
3174    26.329392735553807  49.734005259515804  9.2693863883332384
3175    -17.322023978349019  3.3756463395506167  6.3288581496086955
3176    -10.947373977689455  40.562575748163113  26.495719349492575
3177    -25.202012434267832  64.936012027538467  16.576387658201952
3178    50.329491926745092  58.488476311519193  -21.163281030048186
3179    18.194982294552897  -48.974623492051457  27.3445995166629
3180    -14.03571417119319  55.130611196441016  -0.21249245229049199
3181    -26.026557713461461  8.7355823812970801  1.3701439561099551
3182    24.624416269609402  12.456189758891313  15.321419532304827
3183    17.885680046282758  55.239071384267092  22.928133260525609
3184    -40.098796989172243  -47.003668705352709  12.041893321174312
3185    -13.183196375298188  28.199611997762538  6.4754971928547409
3186    6.7590136511087078  82.578305588824847  -3.1863885279855721
3187    11.718238751664211  77.494852983950537  24.55583619610336
3188    -32.037234185946247  10.227679459004834  16.319428435249371
3189    57.103012536858706  69.06569061245682  -17.375067910509049
3190    2.1894292189272444  47.361987719054127  -9.9333120998812756
3191    -7.942762641937585  23.239970670502512  28.322008465090111
3192    7.4279053186182367  78.741908078284823  -12.186037462719412
3193    -1.6102363255725516  -2.8436135578802499  41.205081316244716
3194    16.439699298370492  26.09116542057172  12.642970409120469
3195    7.9058282694131483  63.675802746878944  -11.07372830113361
3196    -1.3312962448723737  54.958434089380397  -10.922605546622158
3197    -13.635453054535411  56.348127850512789  34.174235523877371
3198    14.13966067742072  42.686373362325213  24.592429575588998
3199    -3.7435773673245643  87.495250802495406  5.5834627227884752
3200    53.885864830131204  55.621695199971597  -11.490408091647739
3201    -24.04354356983869  58.201232106011958  23.210422065671693
3202    -12.301013137761494  73.481897007848247  -7.6711648372224994
3203    12.417243181750996  64.311683532936215  32.412072446656616
3204    15.268619542969862  -27.661724850299525  17.597021014683172
3205    24.37199283541953  63.001372700873773  1.63991025317706
3206    -17.816837320690411  78.357265787229721  17.569727670578761
3207    22.907595315196996  67.551979893556449  13.347704059022746
3208    -10.497663580629185  83.857596072685851  8.8688148409830774
3209    7.0148067922815063  42.498837038102636  31.447314726681299
3210    -24.213036701381672  12.953535569354756  22.123516305266502
3211    -11.01105903830242  83.667863336743906  14.35235109224269
3212    7.2391340096100043  42.165941749252326  -3.0648302549210507
3213    10.948200506740333  41.073853295718827  28.67244996109066
3214    0.8237198829436565  47.14639910683411  31.437576343000352
3215    -45.266514309235653  53.987252063121595  -20.086605907275011
3216    9.4898559585657036  72.818385293426928  -4.4940814314859807
3217    -7.5078005567438231  86.222367036104828  10.810739990978167
3218    5.9394999377962181  30.643547987181801  -3.7446357509373818
3219    -16.935922592280942  58.647205240284265  31.161087048465426
3220    -25.98029783108532  61.029161449517368  11.233607702019727
3221    -32.192389321577288  -14.347844869852658  4.0759085657552205
3222    21.46029212342998  42.848678040968828  14.772030546641801
3223    48.53558809246249  55.084929891944576  -17.46603215190094
3224    -21.613054461705094  -6.3002512687866679  14.31158828658895
3225    -16.533424823971689  69.036563644397432  26.870581129762339
3226    3.7092256601493232  76.89835401798392  -22.500992706685771
3227    -36.405019815655443  -38.353803893788481  14.902187455675485
3228    -11.56296785386902  77.030507945608363  -4.2288386781535525
3229    30.497978530505442  59.44158687265368  0.064226881646198136
3230    -58.651069927633735  66.920857846792373  -44.034973091575068
3231    -8.3161918484178603  71.168635950933677  -24.43457053700465
3232    -1.1962817948809423  81.583435018053748  -10.498842663559795
3233    7.5730768860286997  34.94108618808324  -1.821094574143
3234    8.6266676457890767  76.321811396955965  -16.390440938548835
3235    3.631377249372199  54.466139638058365  -10.214816484108189
3236    1.8683543162677632  63.562842731004444  36.49107499064921
3237    16.001765268808967  62.42833682929102  28.348782577196584
3238    0.34443731771763531  50.132325177232524  -10.652250079778145
3239    -13.133317324702832  69.938837460791746  20.992862807974628
3240    29.71371956508462  -1.0474372816800075  4.2081120350718697
3241    -18.270932669439382  54.085278038029777  30.870397720807627
3242    -32.290628199238327  -28.802229842288927  20.295858465764912
3243    19.848778528984386  65.873209119421588  0.32738168018811825
3244    -42.173944110499306  56.213476090112728  -18.228749599353804
3245    21.845706874679045  54.43182386404699  18.785361358859131
3246    56.315711091411032  65.698612575315053  -8.2473420961595849
3247    22.817545303586076  63.00941569008743  22.497099225458612
3248    -53.511231850019264  76.441699794466345  -40.813690082932318
3249    16.35727760311061  -8.0655000043082818  13.892773142830555
3250    -6.5511623875096197  64.535843808983543  -27.910007622443771
3251    -20.836853829939489  72.786633607511575  4.6631025614615211
3252    -6.011425183604441  35.555438029942358  -4.3764039308734359
3253    2.3144146418182081  21.291068897005626  -2.8292783935289387
3254    -35.127657732849038  -50.420939392095939  3.6347651584837393
3255    17.86159541643228  72.481380385917078  2.871820235232414
3256    -29.71534023123689  -1.8132959397498192  6.1142071357432748
3257    11.154238022858431  49.356369243808501  31.069827130787864
3258    -1.8389859835046602  51.815107704931343  34.95177130034515
3259    27.917281066586362  9.9355559301323382  12.735100266992179
3260    -28.334302824510488  -3.5096343782573971  0.18307048927622979
3261    -2.8559931770185973  86.999510315054721  -2.3121033296910678
3262    -24.00241608902321  67.787730061964481  -3.517895297999992
3263    -20.593837717606633  61.440322868507927  27.892023753398213
3264    -1.0598429151874711  73.93658009833166  -20.984310801540772
3265    8.6462439768715988  48.673622524049549  33.571441267823701
3266    -19.245736260355116  66.23365766297303  17.801332386940356
3267    -24.252418575561592  69.551958351504268  1.8586549840475055
3268    -10.986358286235765  81.705127566677305  -3.3650542688091041
3269    21.005894454722366  59.164242516207146  -4.6157984913266201
3270    7.6785659470766117  29.125488061164376  -0.72813913260016394
3271    15.382679769291169  -6.0884209525473203  11.922877914336306
3272    1.0141196866156128  14.298848359128032  3.8213958297024422
3273    -17.83115737045317  59.325790950559288  -9.6140924357348343
3274    1.2062993173127434  87.701118571564137  3.0690545977172996
3275    30.435631196669103  -20.150091739087209  13.692911923725186
3276    27.093609102471387  52.781020743873199  13.376521405600087
3277    -23.626635122003162  48.504796763328279  -2.065346511013662
3278    56.722747548605021  78.173341932371613  -25.615616666541399
3279    -36.405927869255422  -43.654196499135018  15.460653480323225
3280    -26.892261164924854  -28.879406110539101  5.8580880645725735
3281    -9.0433859206915646  40.441594985754904  -10.8814015697731
3282    -8.0147309069818267  71.566239830324321  33.357944949203187
3283    -5.0282985784088092  11.516740023800125  15.512599315008657
3284    25.666107983229498  -19.547621156444535  12.776899191476044
3285    44.719199225548316  52.760860743307276  -7.2812494501227345
3286    -13.099176429697479  84.434707160883178  12.604330393364339
3287    19.72627259021143  -4.9213792978882891  3.6141960792482681
3288    5.4332253760812028  57.371187700791687  -5.9758577018593027
3289    -35.191536773123111  -31.350297819358566  18.09353757968
3290    25.590832658840867  -46.041669690206874  9.430026090916245
3291    -22.26048319186123  -0.63530215887120634  11.015805857429777
3292    11.442877092158838  72.200055026084172  -10.799385573210524
3293    51.962120496650215  72.57414321070226  -19.487127219477099
3294    7.7231306182971737  84.787371065152456  -0.92108589155553944
3295    17.287029327034936  -6.3006550004919353  17.040166575606918
3296    10.053388944391097  81.218304250918536  0.90664874105154292
3297    -15.680333273413193  72.799797698104726  5.4081920371329097
3298    -50.550393273336262  53.629766929469959  -21.296586591466006
3299    20.695037093165983  49.909654741220486  21.276969188836354
3300    -8.8103207991807029  41.580228539531952  30.998883842542888
3301    -0.99740308776322406  13.67756336272522  26.019812362270429
3302    -19.782917944010613  67.312505177848891  24.414728870527469
3303    19.547437564280177  -33.24852646900095  14.001140836597047
3304    16.363446094497458  22.860031797806695  18.664982931818912
3305    -4.8022966986592879  86.673537069264157  16.200071519696021
3306    -16.810574139612513  73.223125555001715  24.922499045731975
3307    17.794632586780647  -22.854590405996646  9.9727212613319853
3308    19.401546560414459  73.528183354736598  10.71949629419699
3309    -30.427610557318864  13.903323877128781  13.703240303596502
3310    13.920878636660516  50.142677186379373  25.29889332238459
3311    -20.058881892390971  59.063584404506322  31.190507406152115
3312    -4.418642960670959  67.226896804878436  -22.026957164890881
3313    13.291387552832221  77.560428748590894  1.0879024758099436
3314    -16.896164181210857  33.017106616000184  6.6047966240065481
3315    4.4614618767422769  85.924466250273667  0.47469748899875008
3316    -21.653815156336396  18.446698762931394  18.497327305052316
3317    8.2200955751843949  76.818026434697117  -21.630161323330078
3318    1.0491212781527826  61.240428980296556  33.115189130777708
3319    16.073225228475778  67.035672603170894  -4.4872456795451479
3320    -30.192855993330486  61.990492478035819  2.5328318608949041
3321    -20.756265727376885  56.852744467000569  28.697583217114143
3322    -32.846912944148919  -4.8327988664885275  15.184959168050467
3323    17.892254261721323  74.872978879474189  20.534932925101991
3324    -43.315733478798521  64.841029876748848  -14.67578214000657
3325    -16.794179590703006  35.343515603975234  12.653941378986602
3326    -1.1890295546071596  -1.0468609061362455  37.439284179164403
3327    -12.491255026110453  6.3170539313441942  10.463124819691291
3328    -39.458840657707356  -46.482335081087449  6.9061447509914737
3329    9.6618387154076135  76.128417090603634  -12.4413169830569
3330    -4.3513081449955262  76.735667835326623  -26.348132787422312
3331    9.8005317686788018  82.444526423474855  -19.281764849699208
3332    -30.004415404132285  -16.826577388853941  11.658692080168759
3333    4.8836447255492468  59.534293033290162  -32.655927868213553
3334    -11.737943935588683  72.483658787359062  -15.401283154052615
3335    -0.21028734999244  37.117448435164356  0.74269316904965232
3336    0.052528120246570206  36.652067506479625  -7.4016648387215893
3337    0.98225440343560777  86.81290643624915  -1.7929135969788406
3338    -18.404108271126955  75.69249894296  21.510366579512343
3339    -9.1186285397589977  78.160408854816438  -7.5375124154114719
3340    -23.688931549631171  71.551725495077491  6.4851961813739862
3341    -13.707464724629794  61.069959402132561  34.004174629625858
3342    -26.514683518960915  -31.254414700846098  16.675139089580856
3343    -52.802869423181264  64.436979699603384  -30.787742019653347
3344    -0.38084180418095237  64.309907784948052  1.9733112401769246
3345    -25.987522537292161  64.300333761455633  -2.8642659598118971
3346    2.8044002859511519  38.795794670836905  -5.4240768178515442
3347    -2.4788393988304644  -3.2633757212330674  45.849101956962812
3348    23.301835044559272  -14.63640499903426  15.790094161607531
3349    -0.08377591965175088  86.831918984706789  18.151849182652022
3350    30.260028036702852  53.705289646968126  13.759214099608856
3351    -11.002416685102267  84.337205230241509  5.5681067011982455
3352    -45.552815561800713  -50.703513986600861  2.2218820430169117
3353    10.240936361381682  32.161634384885573  1.4815391369830286
3354    14.334553546817189  77.824876044218286  3.8956775119496614
3355    -42.69789234629966  62.379420042493088  -5.6222175307813762
3356    -2.0449420826671885  35.115198694711225  -7.182278519945184
3357    -2.9689014623787013  58.293809114291406  -21.835140003537806
3358    13.210128237220585  18.014589839578839  22.464516121151625
3359    17.781891048391554  73.728543276536413  7.3768619122968815
3360    -34.201671148192581  -7.1702205040995315  11.360301502704164
3361    -17.285160349646581  32.172316371953755  19.169133751534595
3362    -25.826334546670992  9.2233209475509437  22.379102362212453
3363    -18.03127775941147  24.716559224072647  10.250578088494802
3364    6.6419368608729075  53.390414670952303  0.094294282259693468
3365    12.832395601765306  80.160384905357446  22.589011600861873
3366    21.492188655930725  54.816859815561706  25.521745987562745
3367    -52.505555617507291  72.224901497568865  -33.622109962694907
3368    -9.7998066692616046  80.32069539727722  24.213813573661739
3369    3.6617249053362699  62.535880256371016  -21.485969144682482
3370    -7.7203141985052071  11.590444298587279  25.097990188434046
3371    -19.054412005702819  -2.2221312213692359  9.1080527615380742
3372    -56.728706973729068  68.724014064409147  -22.450368509174329
3373    -8.8061220616056026  78.824327875947745  -0.69276251471094119
3374    28.802019884469704  49.877387017320402  -0.99876848013138375
3375    20.822905679318033  16.890607090678362  9.3164323971555589
3376    2.0948325453811991  53.880483564142835  36.251183954350701
3377    -17.868238312434126  74.928791356990132  1.992470253138892
3378    13.696813381440837  59.518424271447238  -8.7574362605118292
3379    13.464310095873937  77.541868465519059  8.1648323593483774
3380    -28.020631538677478  -44.448303856318887  15.494749591094658
3381    28.139085227441928  -5.8076398077725386  14.243922741397432
3382    -38.932993505710527  -26.844359317716172  9.4471241830405948
3383    -28.030253672721763  -13.507939793576851  7.7918857611046892
3384    16.881968910134244  -2.5795700718624643  17.309702696778899
3385    8.5566675397869787  55.087915620175522  34.877994406769027
3386    -11.081633852409434  49.19428731688658  -10.247181394328161
3387    14.977474054280469  38.423366759165035  19.766975875896847
3388    8.9933033605185173  26.946815113974612  2.8082634251101801
3389    2.8598723698958097  83.967826373339506  -5.398968166964198
3390    -15.531884026953449  69.576477341548099  10.581260772654947
3391    4.6512207866330861  63.580967794878738  -8.0171240746732124
3392    -9.8753708643464542  59.34632773884411  35.47291996466658
3393    -35.61093138277684  61.758854195526887  2.0181161119352797
3394    41.741846952753399  59.400193204654002  1.6515793251097297
3395    2.8506102403767923  59.39168203217465  -9.6301828892370089
3396    3.6444575040900054  81.886553476901199  -9.2751414554746514
3397    -60.526664385616826  63.95392955057595  -26.13901352118868
3398    11.467598884151492  74.661794342363109  -5.5970419924243844
3399    -1.8315795091227305  60.243940269072858  -9.074125139553658
3400    -12.625176087464249  14.095190436101477  11.46539390997734
3401    -2.6402719844992162  17.106610382460172  27.972670846665935
3402    6.911606222288448  74.980685693157369  -25.099413756241695
3403    -3.1929543822759667  87.06883138065345  11.105917807787934
3404    4.8780847466128421  85.075176055623359  7.5593033625172454
3405    12.408575344203575  35.75529809961516  4.014478231002343
3406    14.551253990690968  78.304670791653919  19.847092913149122
3407    -40.683158933178547  61.235987088817801  -18.700952323598386
3408    -9.8200762718218151  59.714914783763781  30.924739220405208
3409    -16.912283901445232  79.787509764265607  12.021088377551644
3410    -4.0652667363341148  59.933100587816888  -34.883865812090846
3411    14.952344195706603  61.634589017777976  -3.4300656234580882
3412    -11.437581116016464  82.081652038279955  2.1682435534981774
3413    -9.3172964583414135  45.141741470303621  33.771199492298464
3414    -1.2886610457690821  57.543430745603665  -18.406938281716972
3415    19.623830853282911  2.5722678594109345  13.951769226622334
3416    12.476963023984696  2.026529622542578  4.8223181088164351
3417    19.458859210244952  19.551655597158838  10.544361081477685
3418    -0.36026475564712601  68.067018684210169  -9.0604157626892015
3419    -0.64693382141573952  83.883024786397485  -6.9464496344247921
3420    7.8954661755296209  48.68816625431856  -10.553397162299481
3421    -14.394642828590873  69.309722318322898  -15.356438114893953
3422    2.482110015068149  56.694938327068222  -33.136027428900107
3423    -33.195309410916742  -16.977695778704714  10.441661083485414
3424    -16.829711055171941  32.508155299020522  13.890322943012039
3425    12.698201178068787  -3.1121780015516038  14.287213869480649
3426    -0.87714833358000166  57.343789507064052  -32.457697421589693
3427    18.109297250421719  -38.033358572185357  24.374083830071555
3428    6.6045373556239761  83.432639521102047  20.971901412551404
3429    -27.115602782496413  -24.098686346549314  4.7056447858391888
3430    22.854465886916159  -48.729179194206587  7.4536112893234066
3431    -24.670091646140083  2.5635123367791151  5.8103418178379611
3432    3.1081194312190301  58.03997008576151  -35.346333250028152
3433    5.5758843941564438  79.271674003564584  17.730583767527204
3434    13.639346587025402  72.232881644530408  28.943674906950033
3435    7.3158427763728389  5.6563127897431027  8.5037782151751475
3436    -2.8888889265793742  39.374852688809774  -6.0026721269979078
3437    -0.42775902543318212  74.308795691120807  19.370063658588389
3438    24.313110707841513  -7.5422232042199191  17.219998660727388
3439    3.4076307380405924  58.105196076243828  -38.700486710872973
3440    10.368870823330742  9.4447134698088462  12.62354104147807
3441    -22.87056035112742  62.702058684038597  2.9964576925189172
3442    1.1613563650443146  58.409105895525371  -22.263493748373918
3443    -55.892781328602908  71.211917046254555  -34.85676140051757
3444    1.9581037732176942  82.799361503099249  -1.1794015072627375
3445    -19.303941848566058  75.552991893547357  12.836983483373766
3446    2.8953576681427666  77.19502736076349  -18.199763556312408
3447    -17.441537319456732  77.073849495238264  7.3007404827568969
3448    -14.051642270795501  49.899715768489827  32.654891447623804
3449    42.27595247836107  62.475933771497132  -6.7217159247568574
3450    42.605548906466367  60.759476454290933  -3.1547801003672191
3451    5.9767943514122068  45.598950282536507  33.538736690868255
3452    -5.7557082885259243  44.14126214387143  32.567875652262671
3453    9.1925575980704952  38.235456533392721  -6.4974445603424531
3454    -6.0302096785892392  59.084209070636156  -2.4446396138047839
3455    15.303355953107594  42.990246980933236  9.987212110513461
3456    16.281932054585901  19.397618385014773  7.8761895201583378
3457    1.7301437286991723  79.685956278876418  9.3481638175787936
3458    -53.754544733174932  67.344315416676267  -34.124381692772374
3459    10.665598726845055  0.66040587819752161  12.778970789902173
3460    5.2005718075068659  6.1401352636836455  13.819777220033812
3461    12.036430404981818  69.369432617629442  30.155372002945409
3462    23.488705815110389  -13.960355922809836  3.3616115424180339
3463    -1.3726999106608009  57.889024251554176  -36.667380189745018
3464    -32.367429281249493  -19.033666191631941  16.589978695807815
3465    -19.792196258265037  46.847753164621139  -7.6417546937020235
3466    -4.8132575482505251  53.731853601897583  -11.316589987309156
3467    9.6092225888377012  4.6659856338030918  11.90921416549658
3468    19.702025587851608  -46.782086341721772  17.453380862207577
3469    -28.286751362629147  -36.344893141246416  19.236106818673814
3470    17.545472217338862  -33.927737737761824  23.580644613899686
3471    -6.7330247317684941  80.598476820500039  11.113750763053998
3472    -12.378784853948941  44.061654341521638  31.583194634022647
3473    -37.574935666822725  -49.132833316071959  17.293139364314683
3474    12.799242111607503  70.788725092038575  -6.9300143522957169
3475    58.729518456540369  73.381788125826262  -34.979483843723507
3476    0.52786519985093538  56.353893246610596  -35.625666839005731
3477    0.9364803718914837  60.738030157835688  -4.4796509060028615
3478    -2.4671300293906389  52.060444231465574  8.6150593715180115
3479    -4.8311803682348362  54.544819074257781  -7.7339639634264792
3480    -0.35908641358594567  58.170577146958983  -14.243209146019076
3481    -25.153163400433701  2.8281864249897164  22.126568055449273
3482    -21.62147166627787  73.022313453713124  17.726019515563635
3483    -12.790386188862119  70.551369580653713  -18.420388544643217
3484    -10.968702664657  74.596876352524319  -19.935628253418784
# Generated by /Users/zhenhan/Desktop/TetGen/tetgen -pq1.4/12YO9/7 armadillo_5000f.off 
