5000  1
    0   1235  1517  1497    -1
    1    315  1783  2203    -1
    2    543  2500  2501    -1
    3    425  2500   543    -1
    4    425   391  2500    -1
    5   1868  1974  2219    -1
    6   2119  2498  2313    -1
    7      8  2499  2498    -1
    8   2254  2274  2499    -1
    9   2499  2313  2498    -1
   10   2313  2499  2274    -1
   11   2146  1805  1868    -1
   12   1740  1868  1805    -1
   13   2317  2472  1256    -1
   14   2261  2317  1256    -1
   15    536  1256  2472    -1
   16   1222  1106  1482    -1
   17   1382  1498  1826    -1
   18   1044  2447  1047    -1
   19    614  1755  1303    -1
   20   2474   932  1289    -1
   21    214  2458  1386    -1
   22   2473   914  2412    -1
   23   1688  1108   891    -1
   24   1266     8  2381    -1
   25   2490  1607  2471    -1
   26   2381    33  1266    -1
   27   2469   237  2409    -1
   28   2283   849  1657    -1
   29   1026   961  2030    -1
   30   1073  1628  1643    -1
   31   1143  2402  2345    -1
   32    981  1400   668    -1
   33    456  1549  2466    -1
   34   2466   200   451    -1
   35   2250  1213  1145    -1
   36    456   458   452    -1
   37   1960  1432  1419    -1
   38   1881  2379   302    -1
   39   2360  2087   206    -1
   40   2445  2475  2444    -1
   41   1694   876  1055    -1
   42   1510  2463  2489    -1
   43   2360  2453  2087    -1
   44     60    51   868    -1
   45    448   361   363    -1
   46    172  2054  1013    -1
   47    720  2364  2329    -1
   48   1448  1095  1465    -1
   49   2299  1811   342    -1
   50   2482  1811  2299    -1
   51    120  2241  2298    -1
   52   2240   316   315    -1
   53   1147  2422  2497    -1
   54   2239  1795  2331    -1
   55   2459  2420   727    -1
   56   1119   175  1535    -1
   57   1649   836  1648    -1
   58    416  2305  1186    -1
   59   2495  2291  2115    -1
   60     41  1350  1007    -1
   61   1394  2388  2418    -1
   62   2087  2453  2495    -1
   63   1684  1491  1307    -1
   64   2381  2218  2189    -1
   65    809  1618   182    -1
   66    387  2040  1112    -1
   67     51  2158  2355    -1
   68   2198  2358   181    -1
   69   2046  2224  2155    -1
   70     40  2355  2353    -1
   71    488  2394  1238    -1
   72   1705  2280   294    -1
   73   2271   399  2464    -1
   74   1031  1379  1221    -1
   75   2479  2368  2480    -1
   76   2375  2307  1274    -1
   77   1321   971   117    -1
   78   2451   106  2492    -1
   79   2258  2432  2430    -1
   80     80  2430  2432    -1
   81   2369  2266  2137    -1
   82      5   582    80    -1
   83    668  1947  1183    -1
   84   2354  1340  2493    -1
   85    914    33  2381    -1
   86    221   630  1266    -1
   87   2495  1241  1713    -1
   88   2472  2411  1616    -1
   89   2342  1394   330    -1
   90   1306  1465   916    -1
   91   1226   878  1383    -1
   92   1648   907  1010    -1
   93   2277   505  1581    -1
   94    303  2211  2445    -1
   95    867  2039  2467    -1
   96   2228  1577  2345    -1
   97   1880  1314   949    -1
   98   2426  2309  1543    -1
   99   1732  2455  2439    -1
  100   2425  2229   833    -1
  101    404   643  1968    -1
  102   1432  1435  1419    -1
  103   2289  2438  2286    -1
  104   2045  2011  1976    -1
  105   2399  2446  1902    -1
  106   1535  2424  1902    -1
  107    303  2445  2304    -1
  108   2452    46  1356    -1
  109   2464  2305  2373    -1
  110    930  2423  2444    -1
  111   1284   808  1093    -1
  112   2482  2266   201    -1
  113   2115  2440  1076    -1
  114   2482  2299  2392    -1
  115   1141   393  2475    -1
  116   1249  1435  1628    -1
  117    867  2467   809    -1
  118   2479  1799   316    -1
  119   2266  2482  2392    -1
  120   1513  1066   347    -1
  121   2420  1084   727    -1
  122   2363  2390  2458    -1
  123    500   730  1467    -1
  124    953  1906  1274    -1
  125    269  2292   249    -1
  126    700  2169  1402    -1
  127   2291  2440  2115    -1
  128    563  2428  2429    -1
  129   2357  2157  2438    -1
  130   2438  2092  2452    -1
  131   2455   249  2292    -1
  132    476  1423   485    -1
  133   1732  2439   663    -1
  134   2494   663  2439    -1
  135   2227  2198   181    -1
  136   2494  2160  2158    -1
  137   1916  2067   911    -1
  138    796  1213  1948    -1
  139   2124  2155  2355    -1
  140   1013  1007  2384    -1
  141   1350  2282  1007    -1
  142   1368  2434  2476    -1
  143   1529   978  1516    -1
  144   1249  1218  1419    -1
  145   1339  2353  2435    -1
  146   2486   139   771    -1
  147     48    35    22    -1
  148   2431   583  1321    -1
  149    563  2429    64    -1
  150   1031  1221  2084    -1
  151   1501  1543  2309    -1
  152   2474  2449  2428    -1
  153   1607  2473  2471    -1
  154    542  2473  1607    -1
  155   1493  1488   305    -1
  156   2409  2410  2469    -1
  157    374  2456  1845    -1
  158    752   759  1522    -1
  159   1493  2004  1488    -1
  160   1708  2043  1523    -1
  161   1232  2378  2404    -1
  162   2448     2  1691    -1
  163   1040  1427  1218    -1
  164    456  2466  2376    -1
  165   1556  2404   867    -1
  166     27  2391  1233    -1
  167   1343  2312  1112    -1
  168    706  1637  1437    -1
  169   1111  1510  2196    -1
  170    680   704   634    -1
  171    456  2401   458    -1
  172   2426  2249  2309    -1
  173    956  2184   738    -1
  174   1322  1541   368    -1
  175   2030   616  1340    -1
  176   2425  2273  2229    -1
  177   2156  2416  2358    -1
  178   2424  2399  1902    -1
  179   1001  1541  1322    -1
  180    184  1535  1902    -1
  181   1150  1899    20    -1
  182    853  1679    40    -1
  183     59  2331  1795    -1
  184   1195   815    12    -1
  185   2336  1147  2339    -1
  186   2267  2487  2461    -1
  187    419  2356  1238    -1
  188     66  1265  1622    -1
  189    836   841   955    -1
  190    574  2111   771    -1
  191   2000  1466  1804    -1
  192    318  1017   797    -1
  193   2173   950  2054    -1
  194   1086  1257  1795    -1
  195   1893  2332   743    -1
  196   2368  2479  2240    -1
  197    618   502  1006    -1
  198   1185   726   855    -1
  199    705  2441  1398    -1
  200   2389  2363  2458    -1
  201    270  2389  2457    -1
  202   2329   269   720    -1
  203   1076  2440   270    -1
  204   1254  1107  1081    -1
  205   2294   269  2329    -1
  206    700  2477  2233    -1
  207    115  1433  2265    -1
  208    609   399   945    -1
  209   2277  1581  2228    -1
  210   1604   436  1543    -1
  211    309  1735   115    -1
  212   1013  2285   172    -1
  213   2280  1705  2416    -1
  214   2401  2008  1938    -1
  215    200  1549  2108    -1
  216   1157  2487   380    -1
  217   1292  1435  1432    -1
  218   2468  1084  1384    -1
  219   2433   616   106    -1
  220   1178  1300   839    -1
  221   2433   106  2451    -1
  222   2431  2451   583    -1
  223    427  1886   891    -1
  224   2383   579    94    -1
  225   1690  2312  1343    -1
  226    162   209   311    -1
  227   2389  2458  2457    -1
  228    600   106   961    -1
  229   2449  2450   579    -1
  230   2317  2411  2472    -1
  231     90    88  1090    -1
  232    249  1046  1072    -1
  233   2381     8  2218    -1
  234   2185  1688   891    -1
  235   2407  2378  1232    -1
  236   2296   176  1301    -1
  237   1065   926   987    -1
  238   2130  2453  2127    -1
  239   1255  1232  1586    -1
  240   1615   486   863    -1
  241   1559  1936  1586    -1
  242    275  1368  1192    -1
  243   2274  2345  2313    -1
  244    993   611  2236    -1
  245   2404  2378  2377    -1
  246   1886  2185   891    -1
  247    486  2406  2405    -1
  248   2402  2405  2343    -1
  249   2477  1394  2418    -1
  250    867  2404  2253    -1
  251   2312   387  1112    -1
  252    910  1276   378    -1
  253   2450  2301   579    -1
  254   2250  1145  2401    -1
  255    637   809   222    -1
  256   2308  2425  1213    -1
  257   2414  2429  2382    -1
  258   1689    94     6    -1
  259   1811  1819   342    -1
  260   2424  2306  2399    -1
  261   2399  2306  2118    -1
  262   1398   885  1883    -1
  263    339  2111  1267    -1
  264   2077  1565  1138    -1
  265   2424   303  2306    -1
  266   1696  1737  1646    -1
  267   2489  2463  2269    -1
  268    140   641  1886    -1
  269   1372   459   913    -1
  270    380  2487  2421    -1
  271   2395   342  2396    -1
  272   1987   841   836    -1
  273   2497  2422  2397    -1
  274   2257  2413  2255    -1
  275   2267  2421  2487    -1
  276   2497  2397  2338    -1
  277   1005   791  1094    -1
  278   1015  2021  1703    -1
  279   1955  1988  1882    -1
  280    932  2474   563    -1
  281   1419  1435  1249    -1
  282   2258  2151  2351    -1
  283   1691   312  2448    -1
  284   2313  2402  2343    -1
  285    823  1617   237    -1
  286    534   744   577    -1
  287   2480  2368  2333    -1
  288    932   803   542    -1
  289   1115  1294  1464    -1
  290   1541  2093   368    -1
  291    269  2294  2292    -1
  292   2387  2293  2262    -1
  293    181  2437  2227    -1
  294   1245  1947   668    -1
  295   2468   105  1084    -1
  296    316  1090  2134    -1
  297   2187  2405  2217    -1
  298   1264   756   342    -1
  299      4  1814   667    -1
  300    826  1027  1379    -1
  301   2355  2158  2124    -1
  302   1013  2384  2285    -1
  303   2297   575   572    -1
  304   1350  2476  2321    -1
  305   2355  2155  2353    -1
  306   2321  2282  1350    -1
  307   2352  2354  2493    -1
  308   1628  1288  1249    -1
  309   2350  2352  2433    -1
  310   2280  2193   108    -1
  311   2351  2321  2434    -1
  312    310   300   215    -1
  313   2279   117  2435    -1
  314   1084  2420  2364    -1
  315   2432  2351  2434    -1
  316    925  1115  1464    -1
  317   2430  2414  2258    -1
  318   1760  2084  1221    -1
  319   2430  2429  2414    -1
  320   2430    64  2429    -1
  321   1760  1223  2084    -1
  322   2428   563  2474    -1
  323   2381  2412   914    -1
  324   2336  2485  1849    -1
  325   2225  1923   603    -1
  326   1661  1464  1294    -1
  327   2254  2499   505    -1
  328     40  2353  2348    -1
  329    961   106   616    -1
  330   2201  2292  2294    -1
  331    404  1968  1391    -1
  332    175   303  2424    -1
  333    294   279  1663    -1
  334   2304  2445  2116    -1
  335   1267  2111   395    -1
  336   2444  2182  2212    -1
  337   1108   881   376    -1
  338   2370  2398   380    -1
  339   1004   972  1407    -1
  340   2269  2371  2489    -1
  341   2397  2422  2371    -1
  342    380  2421  2370    -1
  343   1920   485   943    -1
  344   2094  2052  2262    -1
  345   2338  2339  2497    -1
  346   2426   436  2400    -1
  347   2486   771  2113    -1
  348    181   695  1047    -1
  349    449   536  1003    -1
  350   2332  1893  2068    -1
  351    528   796  1948    -1
  352   2355    40  1679    -1
  353   2459  2366  2420    -1
  354   2420  2366  2365    -1
  355   1427  1040  1054    -1
  356    312  2341  1317    -1
  357   1398  2441   692    -1
  358   2327  2418  2325    -1
  359   2092  2438  2388    -1
  360   2388  2438  2289    -1
  361   2387  2262  2437    -1
  362   2360   206   172    -1
  363    172  2091  2360    -1
  364   2439  2090  2160    -1
  365   1675  1744  1653    -1
  366   2499     8   630    -1
  367    578   923   374    -1
  368   1599  1779   851    -1
  369   2321  2281  2282    -1
  370   1259   869  2442    -1
  371   2320  2350  2433    -1
  372   1084  2364   720    -1
  373   2135  2102  2203    -1
  374   1640  1003  1468    -1
  375    399  2143  1071    -1
  376    312  1691  2341    -1
  377    905   450   696    -1
  378    579  2383  2318    -1
  379   2428  2413  2382    -1
  380   2382  2429  2428    -1
  381   1039   397  2419    -1
  382    356   992  1351    -1
  383    221  1266   814    -1
  384   2411  2408  2409    -1
  385   2471  2473  2190    -1
  386   2498  2218     8    -1
  387   2224  2046  2086    -1
  388    814  1786   221    -1
  389   2408  2411  2316    -1
  390    629   887  1618    -1
  391   1589   651  1400    -1
  392   1072  1759   249    -1
  393   2311  2228  2345    -1
  394    867  2253  2346    -1
  395   1671  2295  2161    -1
  396    456  2251  2401    -1
  397   2100   193   438    -1
  398   2479  2480  1799    -1
  399   2250  2401  1938    -1
  400   2273  2425  2308    -1
  401   1358  2089  1001    -1
  402    809  2467   222    -1
  403    437   406   341    -1
  404   1940  2405  2406    -1
  405    611    88  1189    -1
  406    399  2271  2143    -1
  407   2209  2463   394    -1
  408   1031   826  1379    -1
  409   1073  1643  1478    -1
  410   2421  2032  2370    -1
  411   2421  2267  2244    -1
  412   2207  2032  2421    -1
  413   2431  1321   117    -1
  414   2111  2205   771    -1
  415    416  1274  2307    -1
  416   2333  2177  2480    -1
  417   1584  1785   506    -1
  418   2485  2335  1845    -1
  419    316   119  1090    -1
  420   1090   119    90    -1
  421   2420  2365  2364    -1
  422   1500  1509   281    -1
  423    705  2170  2441    -1
  424   2000  1488  2270    -1
  425   2098  2169   700    -1
  426    945   399   938    -1
  427    575  2297  2296    -1
  428   2130  2291  2453    -1
  429   2293  2387   692    -1
  430    183  1451  1312    -1
  431   1529  2206   978    -1
  432     51    60  2494    -1
  433   1435  1643  1628    -1
  434   1460  1643  1435    -1
  435   1523  1534   346    -1
  436   1671  2283    14    -1
  437   2384  1007  2282    -1
  438    882   673  1690    -1
  439   1356   909   288    -1
  440    130   756   757    -1
  441   2353  2155  2224    -1
  442    378  1276  1578    -1
  443   1803  2376  1971    -1
  444   1806  1614   877    -1
  445   2431  2320  2451    -1
  446    394  2463  1510    -1
  447   1464  1306   925    -1
  448   2092   884    56    -1
  449   2412  2381  2189    -1
  450    813  1203   606    -1
  451    182  2264   867    -1
  452    393   175  1119    -1
  453   2408  2145  2410    -1
  454   1340   616  2493    -1
  455   1397   749  1257    -1
  456    826  1031  1479    -1
  457    867  2346  2039    -1
  458   2376  1939  2251    -1
  459   1479   121   826    -1
  460   1213  2250  2308    -1
  461   2426  2400  2249    -1
  462    971   281  1339    -1
  463   1466  2000  2403    -1
  464   2399  2118  2247    -1
  465   2231  2291  2055    -1
  466   2143  2209   394    -1
  467    877   657  1806    -1
  468   1360  1110  1056    -1
  469   2181  2397  2371    -1
  470   1404  1423   476    -1
  471   1282  2475  1421    -1
  472   2336  2339  2243    -1
  473   2433  2352  2493    -1
  474    120  1907   357    -1
  475    339  2298  2110    -1
  476   1806   807  1614    -1
  477   2126  1223  1760    -1
  478    753   770   591    -1
  479   2006  1886   641    -1
  480   2075  2375  1965    -1
  481   2366  2136  2024    -1
  482   2405  2402   863    -1
  483    780   801   623    -1
  484   2449  2474  2450    -1
  485   1166  1214  1059    -1
  486    464  1483  1332    -1
  487   2423  2182  2444    -1
  488     90   157  1006    -1
  489   2418  2388  2325    -1
  490   2388  2289  2325    -1
  491   1542  1390  1502    -1
  492   2360  2127  2453    -1
  493    206  2087  1526    -1
  494    878  1070  1383    -1
  495     64  2430   582    -1
  496   1218  1960  1419    -1
  497    618  1006   157    -1
  498   1735  1267   395    -1
  499      4   478  1814    -1
  500   2353  2224  2435    -1
  501   2258  2351  2432    -1
  502   1586  1232  1559    -1
  503   2320   117  2279    -1
  504    117  2320  2431    -1
  505   1111  1416  1510    -1
  506   1947   763  1183    -1
  507   2449   579  2318    -1
  508   2413  2449  2255    -1
  509   2221  2473  2412    -1
  510   2221  2412  2219    -1
  511   1257    59  1795    -1
  512   1465   557   916    -1
  513   1138  1565   191    -1
  514   2485  1853  1957    -1
  515   2116  1930  2037    -1
  516   2008  2401  2251    -1
  517   1761  1791  1609    -1
  518   1933   430  2273    -1
  519   2039  2346  2078    -1
  520   2465  2400   436    -1
  521   2378  2275  2377    -1
  522    166  1983  2394    -1
  523   2311  2345  2188    -1
  524   1971  2376  2309    -1
  525   2309  2376  2466    -1
  526   2362  1337  2278    -1
  527   1971  2309  2249    -1
  528    221  1786  1148    -1
  529   2017  1318  1676    -1
  530   2214  2465  2247    -1
  531     42  1996   850    -1
  532   1759  2120   269    -1
  533    430  1933  1967    -1
  534   2206  2362  2278    -1
  535   2444  2212  2445    -1
  536   1694  1692   876    -1
  537    416  2075  2305    -1
  538   2116  2445  2212    -1
  539   2411  2409  1616    -1
  540    505  2499   630    -1
  541   1491  1492  1307    -1
  542   1153  1155   414    -1
  543   2338  2243  2339    -1
  544   1255  1155   539    -1
  545   2338  1854  2243    -1
  546   2024  2136  1953    -1
  547   2335  2485  1957    -1
  548   2395  2178   342    -1
  549   2413  2428  2449    -1
  550   1591   427   891    -1
  551    562   464  1332    -1
  552    949  1888  1880    -1
  553   1691     2  1149    -1
  554   1466  2403  1657    -1
  555   2389   270  2235    -1
  556   2098   700  2233    -1
  557   2169  2057   705    -1
  558   2440  2291  2231    -1
  559   1455  1287  1467    -1
  560   2201  2199  2292    -1
  561   2270  1488  2004    -1
  562   2090  2455  2199    -1
  563    436   190   187    -1
  564     56   884   870    -1
  565    100   993   992    -1
  566   1698  2087  1706    -1
  567   2128  2227  2262    -1
  568   2384  2284  2285    -1
  569   2354  2352  2357    -1
  570   2357  2352  2195    -1
  571   2076  2214  2007    -1
  572   2194  2281  2321    -1
  573   2320  2433  2451    -1
  574   2224  2279  2435    -1
  575   2320  2259  2350    -1
  576   1225    70    60    -1
  577   2255  2449  2318    -1
  578    695  2416  1705    -1
  579   2316  2317  1943    -1
  580   2407  2275  2378    -1
  581    270  2231  2235    -1
  582   2310   466  1822    -1
  583   2346  2145  2408    -1
  584   1085   778   847    -1
  585   2345  2274  2188    -1
  586   2467  2039  2261    -1
  587   1578  1269   143    -1
  588   2308  2215  2273    -1
  589   1282  1276   930    -1
  590   2214  1969  2465    -1
  591   1128  1062  1126    -1
  592   2375   430  1967    -1
  593    542   914  2473    -1
  594    291  1359  1192    -1
  595   2075  2074  2305    -1
  596   2074  2373  2305    -1
  597   2464  2373  2271    -1
  598   2302  1705   294    -1
  599   2398  2182  2423    -1
  600    868  1225    60    -1
  601   2207  2421  2244    -1
  602   2205  2113   771    -1
  603   1460  1478  1643    -1
  604   2368  2176  2070    -1
  605   2137  2266  2392    -1
  606   2126  1385  1223    -1
  607   1688   255  2167    -1
  608   1040  1218  1028    -1
  609   1257   749    59    -1
  610    963  2276   397    -1
  611   2203  2390  2135    -1
  612   1822   466  1431    -1
  613   2317  2261  1943    -1
  614   1523   346  1708    -1
  615    181  2379  2437    -1
  616   2130  2055  2291    -1
  617   2131  2262  2293    -1
  618   2430    80   582    -1
  619   2402  2313  2345    -1
  620   2233  2477  2327    -1
  621   1430  2175  1439    -1
  622   2455  2090  2439    -1
  623   1762  2395  2140    -1
  624   2162  2286  2159    -1
  625   2284  2384  2282    -1
  626   2282  2281  2284    -1
  627   2416  2193  2280    -1
  628   2284  2281  2194    -1
  629   2352  2259  2195    -1
  630   1808  1365  1189    -1
  631    397  1039   133    -1
  632   1072  1046   726    -1
  633   2320  2224  2259    -1
  634   2211  2475  2445    -1
  635   2279  2224  2320    -1
  636   2222  2382  2191    -1
  637    279     6  2001    -1
  638   2257  2318  2148    -1
  639   2382  2222  2414    -1
  640   2221  2190  2473    -1
  641    411  2276   428    -1
  642   1305   811  1936    -1
  643   2218  2146  2189    -1
  644   2218  2498  1833    -1
  645   2410  2083  2469    -1
  646   2190  2347  2471    -1
  647   2407  2469  2083    -1
  648    281   843  1500    -1
  649   2042  2408  2316    -1
  650   2053    83  1358    -1
  651   2039  1943  2261    -1
  652   2188  2254  2277    -1
  653   1150  1865   326    -1
  654    606  1203   236    -1
  655   2277  2311  2188    -1
  656   2187  2343  2405    -1
  657   2404  2377  2253    -1
  658   2251  1904  2008    -1
  659   2158  2050  2124    -1
  660   2090  2199  1917    -1
  661   2465  1969  2400    -1
  662   1448  1642  1637    -1
  663    904   182   887    -1
  664   1488  2000  1647    -1
  665    904  1068   182    -1
  666   2304  2306   303    -1
  667   2304  2116  2037    -1
  668   1445  1590  1499    -1
  669   1962  2269  2463    -1
  670   1888    20  1899    -1
  671   2372  2370  2032    -1
  672   2181  1999  2397    -1
  673    490   251  2153    -1
  674   2397  1999  2338    -1
  675   2486  2141  2267    -1
  676   2486  2267  2461    -1
  677   2335  1957  2140    -1
  678   2396   509  2140    -1
  679   1971  2249  1697    -1
  680   2299   342  2178    -1
  681    338  1439  1093    -1
  682    339  2110  1997    -1
  683   1832  1294  1281    -1
  684    684  2310  2163    -1
  685    380  2423  1157    -1
  686   2390  2363  2135    -1
  687   2390  2203  1783    -1
  688   2294  2329  1951    -1
  689   1960  1647  1804    -1
  690   2476  2434  2321    -1
  691   2170   705  2058    -1
  692   1397   123   201    -1
  693   2235  2231  2168    -1
  694    189   405  2229    -1
  695    270  2440  2231    -1
  696    108  1689  2280    -1
  697   1251  1900   356    -1
  698    692  2441  2293    -1
  699   1330  1254  1506    -1
  700    758   757  1409    -1
  701   1804  1292  1432    -1
  702   2325  2095  2327    -1
  703   2110  1824  1790    -1
  704   1255   414  1155    -1
  705   2091  2127  2360    -1
  706    600  2491  2492    -1
  707   2091   172  2285    -1
  708   2309  2466   451    -1
  709   2262  2052  2128    -1
  710   1980  2285  2013    -1
  711   2285  2284  2013    -1
  712   2270  2403  2000    -1
  713   2372  2398  2370    -1
  714   1970  1647  1960    -1
  715   2194  2321  2351    -1
  716    870    46    56    -1
  717   2258  2222  2151    -1
  718   2383  2193  2318    -1
  719   2412  2189  2219    -1
  720    261  1656   219    -1
  721   1886  2006  2185    -1
  722    166   171  2427    -1
  723   2230  2018  2020    -1
  724    452  1549   456    -1
  725   2413  2257  2382    -1
  726   2318  2257  2255    -1
  727   1779   465   851    -1
  728   2082  2346  2408    -1
  729   2188  2274  2254    -1
  730   2078  2346  2082    -1
  731    339   120  2298    -1
  732   2406  2252  1940    -1
  733   1549   625  2108    -1
  734   2437  1383  2387    -1
  735    869  1599  2442    -1
  736   1804  1647  2000    -1
  737   2306  2037  2118    -1
  738    887   629  1606    -1
  739   1676  2167  2017    -1
  740   2208  2371  2269    -1
  741   2368  2240  2176    -1
  742   1421   393  1119    -1
  743   1854  2338  1793    -1
  744    111   105  2053    -1
  745   2244  2267  2141    -1
  746   2338  1999  1793    -1
  747   1809  1835  1913    -1
  748   1832  1661  1294    -1
  749    114   900  2134    -1
  750   2396  2140  2395    -1
  751   2299  2178  2071    -1
  752    695  1044  1047    -1
  753   2365  2366  2024    -1
  754   2369  1821  2109    -1
  755   1448  1465  1669    -1
  756   1274  1186   953    -1
  757   1351    78   356    -1
  758    469   441   140    -1
  759   1266   630     8    -1
  760   1960  1804  1432    -1
  761   1822  1622  1265    -1
  762   2367  2238  1569    -1
  763    922  1920  1916    -1
  764   1066  1513   765    -1
  765   1922  2169  2098    -1
  766   1984  1817  1649    -1
  767   1810   807  1806    -1
  768   2094  2262  2131    -1
  769   2095  2325  2230    -1
  770   2119  2313  2343    -1
  771   1027  1025  2263    -1
  772   1669  1464  1661    -1
  773   2289  2286  2162    -1
  774   1138  1551  2077    -1
  775    881  1676   104    -1
  776   1669  1306  1464    -1
  777   2160  2050  2158    -1
  778   1493  1318  2004    -1
  779     20  2026  1150    -1
  780   2198  2125  2358    -1
  781   1305  1243  1211    -1
  782   2258  2414  2222    -1
  783   2122  2193  2416    -1
  784   1138   191  1374    -1
  785   2351  2151  2194    -1
  786   2259  2352  2350    -1
  787   2259  2224  2195    -1
  788    923  1111  2456    -1
  789   1975  2316  1943    -1
  790   2077  1551  2454    -1
  791   2318  2193  2148    -1
  792   2162  2018  2230    -1
  793    851   486  1615    -1
  794   2219  2189  2146    -1
  795    667   907   958    -1
  796   2081  2407  2083    -1
  797    372  1022  1949    -1
  798   2324   990   243    -1
  799   2347  2079  2314    -1
  800   1949  2107   372    -1
  801   2079  2252  2314    -1
  802   1076   270  2457    -1
  803   1803  1777  2376    -1
  804   2400  1969  1775    -1
  805   1152  2226  1158    -1
  806   2373  2074  2117    -1
  807   2304  2037  2306    -1
  808   1292  1466  1460    -1
  809   2047  2014  2357    -1
  810   2034  2209  2143    -1
  811   2072  2208  2269    -1
  812   2371  2208  2002    -1
  813   1355  2326   641    -1
  814   2243  1853  2485    -1
  815   1078  1970   370    -1
  816    249  2455  1046    -1
  817   1824  2241  2177    -1
  818   2332  2068  2331    -1
  819    820  1284   956    -1
  820    302  1047  1055    -1
  821    696   450  1399    -1
  822    717   645   670    -1
  823   1314  2043  1708    -1
  824   1855    46   870    -1
  825   2366  2239  2066    -1
  826   1561  1819   123    -1
  827    193  2100  2107    -1
  828   2135  2363  2022    -1
  829   1988  2235  2168    -1
  830   2251   456  2376    -1
  831   2170  2096  2441    -1
  832   1982   667  1814    -1
  833   1951  2201  2294    -1
  834   1055  1881   302    -1
  835    304  1516  1327    -1
  836   2130  1950  2055    -1
  837   2325  2289  2230    -1
  838   1571  1139  1449    -1
  839     59   743  2332    -1
  840   2090  1909  2160    -1
  841   1886   427   140    -1
  842   2198  2049  2125    -1
  843   2247  2446  2399    -1
  844   2195  2047  2357    -1
  845   2342   884  1394    -1
  846     78  1351   347    -1
  847   1070   878   885    -1
  848   2086  2195  2224    -1
  849   2151  2222  2152    -1
  850   2148  2150  2191    -1
  851   2257  2148  2191    -1
  852   2100  1941   208    -1
  853   1003   674  1468    -1
  854     51  1679   868    -1
  855   2145  2083  2410    -1
  856   2347  2080  2079    -1
  857   2042  2082  2408    -1
  858    949   298   746    -1
  859   2275  2407  2081    -1
  860   2253  2145  2346    -1
  861   1385  1968   643    -1
  862   2441  2096  2293    -1
  863   1422  1750   945    -1
  864   1939  1904  2251    -1
  865   1777  1939  2376    -1
  866   1384  2120   895    -1
  867   2273  2215  1933    -1
  868   1391  1968   777    -1
  869    509   374  2335    -1
  870   1422   945   938    -1
  871    509  2335  2140    -1
  872   2490  2471  2347    -1
  873   2183  2271  2373    -1
  874   1927  2463  2209    -1
  875   1426  1119   184    -1
  876   2371  2002  2181    -1
  877   1961  2372  2032    -1
  878   2458  2390   101    -1
  879   2076  2007  1966    -1
  880    214  1386  1251    -1
  881    684  1716  2123    -1
  882    911  2326  1355    -1
  883    339  1997  2111    -1
  884   2299  2071  2392    -1
  885   1895  2333  1850    -1
  886   2241  2110  2298    -1
  887   2137  1821  2369    -1
  888   2333  2368  2070    -1
  889    925   916   950    -1
  890   1692  1055  1047    -1
  891    315  2027  2240    -1
  892    315  2101  2027    -1
  893   2171  2363  2389    -1
  894    377  1014   245    -1
  895   2101  2203  2102    -1
  896   2011  2045  2152    -1
  897   2099  2170  2133    -1
  898   2171  2389  2235    -1
  899   2317  2316  2411    -1
  900   1992  2098  2233    -1
  901   1817   836  1649    -1
  902   2058  2133  2170    -1
  903   1441  1828  1832    -1
  904   2096  2170  2099    -1
  905   1526  2087  1698    -1
  906    674   823  1468    -1
  907   2020  1953  2095    -1
  908   2025  2233  2327    -1
  909   2097  2327  2095    -1
  910   2293  2019  2131    -1
  911   1025  1022  2263    -1
  912   1920  2220  1916    -1
  913   2289  2162  2230    -1
  914    896  1441  1281    -1
  915   2286  2438  2157    -1
  916   1981  2049  2128    -1
  917   2198  2128  2049    -1
  918   2227  2128  2198    -1
  919   2285  1980  2091    -1
  920   1909  2050  2160    -1
  921   2157  2014  2159    -1
  922   2265  1433  1756    -1
  923   2156  2358  2125    -1
  924   2286  2157  2159    -1
  925   1706  2495  1713    -1
  926   1556  2264  1211    -1
  927   2215  1801  1933    -1
  928   2077  2454  1447    -1
  929   2193  2122  2148    -1
  930   2151  2152  2194    -1
  931   1760  1221  2121    -1
  932   1920  2481   369    -1
  933   1411   550   171    -1
  934   1975  2042  2316    -1
  935   2190  2080  2347    -1
  936   2145  2041  2083    -1
  937   1500  2147  1509    -1
  938   2493   616  2433    -1
  939   2078  1702  2039    -1
  940   2217  1805  2187    -1
  941   2405  1940  2217    -1
  942   1243  1305  1936    -1
  943   1775  2249  2400    -1
  944   2116  2212  1929    -1
  945   2076  1969  2214    -1
  946   2214  2247  2007    -1
  947    582  1300    64    -1
  948    291  1192  1368    -1
  949   2183  2373  1769    -1
  950   2082  1741  2078    -1
  951   1003  1640   449    -1
  952   2271  2183  2035    -1
  953    611  2088  2236    -1
  954   2003  2372  1963    -1
  955   1901  2209  2034    -1
  956    255  1688  2185    -1
  957   2180   378   143    -1
  958   1962  2072  2269    -1
  959   1071   938   399    -1
  960   2199  2455  2292    -1
  961   2207  2244  1959    -1
  962   2336  2243  2485    -1
  963   2244  2141  1998    -1
  964   2113  2141  2486    -1
  965   2243  1854  1853    -1
  966    572  1716  2297    -1
  967    528  1948  1594    -1
  968   1851  2461  2487    -1
  969    615  1006  1937    -1
  970   1857  1730  1959    -1
  971   2178  2031  2071    -1
  972   2229   405   833    -1
  973   2296  1599   176    -1
  974   2029  2068  1893    -1
  975    633   465  1779    -1
  976   1245   524  1947    -1
  977   1238  1983   419    -1
  978   1907   120  1203    -1
  979   2239  2331  2066    -1
  980   2329  2364  2061    -1
  981   2061  2365  2024    -1
  982   2171  2022  2363    -1
  983   2103  2065  1956    -1
  984   1246  1789  1411    -1
  985   2172   673    30    -1
  986   2327  2097  2025    -1
  987   2310  1822  2315    -1
  988   1832  1281  1441    -1
  989   2096  2102  1954    -1
  990   2096  2019  2293    -1
  991   2168  2231  2055    -1
  992   2020  2095  2230    -1
  993    413   576   531    -1
  994    922   476  1920    -1
  995   2216   347  1351    -1
  996   1593   501   972    -1
  997   2091  2015  2127    -1
  998   2005  1606   702    -1
  999   1411   555  1246    -1
 1000   1637  1642  1828    -1
 1001    459  1916   911    -1
 1002    552    58   103    -1
 1003    402   673   882    -1
 1004   2155  2124  2046    -1
 1005    992   993  2234    -1
 1006   1147  2336  1849    -1
 1007   2284  2194  2045    -1
 1008   2148  2122  2085    -1
 1009   2085  2150  2148    -1
 1010   1974  2190  2221    -1
 1011   2219  2146  1868    -1
 1012   1920   943  2481    -1
 1013   1593   940  2106    -1
 1014   2039  1702  1943    -1
 1015    222   449   637    -1
 1016   1275  1111   923    -1
 1017   1312   811  1305    -1
 1018   2252  1905  1940    -1
 1019   1585   938  1416    -1
 1020   1969  1934  1775    -1
 1021   1965  2375  1967    -1
 1022   2247  1931  2007    -1
 1023    900  1386   101    -1
 1024   2036  2074  2038    -1
 1025   2035  2183  1769    -1
 1026   1860  2212  2182    -1
 1027   1642  1661  1832    -1
 1028   1901  1927  2209    -1
 1029    252  1039  2419    -1
 1030   2208  2072  2033    -1
 1031   1162   464   687    -1
 1032   2196  1510  2489    -1
 1033   1431  1622  1822    -1
 1034   2113  2205  1709    -1
 1035   1896  1959  2244    -1
 1036   2395  1762  2178    -1
 1037   1633  2111  1997    -1
 1038    913   911  1355    -1
 1039   2137  2392  1995    -1
 1040   1914   754  1267    -1
 1041    667  1010   907    -1
 1042   2028  2240  2027    -1
 1043   2066  2136  2366    -1
 1044    315  2203  2101    -1
 1045   2365  2061  2364    -1
 1046   2103  2101  2133    -1
 1047   2017  2004  1318    -1
 1048   1386  2458   101    -1
 1049   1642  1448  1669    -1
 1050   1501  1604  1543    -1
 1051   2143   394  1071    -1
 1052   2099  2133  2101    -1
 1053   1953  2136  2097    -1
 1054    557  1465   440    -1
 1055   2135  2023  2102    -1
 1056   2135  2022  2023    -1
 1057   2099  2101  2102    -1
 1058   2128  2052  2051    -1
 1059    553   298   949    -1
 1060   1992  2233  2025    -1
 1061   1437  1637  1828    -1
 1062   1988  1955  2171    -1
 1063   2096  2099  2102    -1
 1064   1988  2171  2235    -1
 1065   2095  1953  2097    -1
 1066   1987   836  1817    -1
 1067    222   536   449    -1
 1068   1954  2019  2096    -1
 1069   2090  1913  1909    -1
 1070   2174  2005   702    -1
 1071    495  2469  2407    -1
 1072   2220  1920   369    -1
 1073   1917  2199  2201    -1
 1074   2051  1981  2128    -1
 1075   1980  2015  2091    -1
 1076   2161  2295  2164    -1
 1077   2017  2167    58    -1
 1078   1141   303   175    -1
 1079   1828  1642  1832    -1
 1080   2012  1977  2156    -1
 1081    625  1549   452    -1
 1082    956   738   235    -1
 1083   2085  1977  2011    -1
 1084   2047  2195  2086    -1
 1085   2156  1977  2085    -1
 1086   2194  2152  2045    -1
 1087   2122  2156  2085    -1
 1088   2085  2011  2150    -1
 1089   1944  2146  2218    -1
 1090   2009  2377  2275    -1
 1091   2119  1831  2498    -1
 1092   2080  1942  2079    -1
 1093   2343  1831  2119    -1
 1094   2079  1905  2252    -1
 1095   1939  1777  1972    -1
 1096   1903  2308  2250    -1
 1097   2215  2308  1935    -1
 1098   1636  1793  1442    -1
 1099   1448  1637   706    -1
 1100   2061  1919  1918    -1
 1101    911  2165  2326    -1
 1102   2036  2117  2074    -1
 1103   1769  2373  2117    -1
 1104   1339  2435   971    -1
 1105    536  2472  1003    -1
 1106   1962  1767  2072    -1
 1107   2208  2033  2002    -1
 1108    436   187  2465    -1
 1109    943   957  2238    -1
 1110   1728  2141  2113    -1
 1111   2315  1265  1259    -1
 1112   2177  2333  1895    -1
 1113   2111  1924  2205    -1
 1114   1995  1788  2137    -1
 1115   2241  1824  2110    -1
 1116   1893  2109  1603    -1
 1117    450  1718  1908    -1
 1118   1594  1789  1246    -1
 1119   2331  1994  2066    -1
 1120   2133  2058  2065    -1
 1121   2097  2136  2066    -1
 1122   2097  2066  2025    -1
 1123   2403  2283  1657    -1
 1124    316  2134   315    -1
 1125   1815  2098  1992    -1
 1126   1989  2102  2023    -1
 1127    811  1153   414    -1
 1128    552  2004  2017    -1
 1129   2040  2048  1718    -1
 1130   2058  2057  1990    -1
 1131   2334  2184   956    -1
 1132    691  1431   466    -1
 1133   1069  1467   730    -1
 1134   1951  2329  2061    -1
 1135   1143  1577  1148    -1
 1136   2169  1922  2057    -1
 1137   2168  1879  1988    -1
 1138   2019  1954  1877    -1
 1139   2077  1569  1565    -1
 1140   1963  1528  2003    -1
 1141    798   805   797    -1
 1142   2131  1877  2094    -1
 1143    851   465  2252    -1
 1144    839     5   275    -1
 1145   1187   839   275    -1
 1146   2090  1917  1913    -1
 1147   1979  2284  2045    -1
 1148   2075  2307  2375    -1
 1149    166  2496  1867    -1
 1150   2045  1976  1979    -1
 1151   1945  2046  2124    -1
 1152   2150  2011  2152    -1
 1153   1667   849  1671    -1
 1154   1358  1923   420    -1
 1155    430  1274  1906    -1
 1156   1625  2343  2187    -1
 1157   1903  2250  1938    -1
 1158    506  1237  1584    -1
 1159   2076  1864  1969    -1
 1160   2247  2118  1931    -1
 1161   2075  2038  2074    -1
 1162   2036  2038  1964    -1
 1163    960   736   648    -1
 1164    149    77   159    -1
 1165   2227  2437  2262    -1
 1166   2359  1149  1513    -1
 1167   2003  1928  2182    -1
 1168    808   338  1093    -1
 1169    963   133  1666    -1
 1170    785   484   784    -1
 1171   1147  2497  2339    -1
 1172   2207  1959  2032    -1
 1173   2002  1926  1897    -1
 1174   2248  1941   368    -1
 1175   1551   693  2454    -1
 1176   1501  1763  1604    -1
 1177   2111  1633  1924    -1
 1178   1899  1150  1152    -1
 1179    808   820   390    -1
 1180   2333  1894  1850    -1
 1181   2349   330    92    -1
 1182   1226  1055   876    -1
 1183   1152  1158  2059    -1
 1184   1670  1801  1802    -1
 1185   2331  2068  1994    -1
 1186   1994  1991  2066    -1
 1187   2025  2066  1991    -1
 1188   1991  1887  1992    -1
 1189    118    25  1876    -1
 1190    381   241   359    -1
 1191   1815  1922  2098    -1
 1192   2061  2024  1919    -1
 1193   1178   839  2142    -1
 1194   1954  2102  1989    -1
 1195   1121  2184  1684    -1
 1196   1951  1878  2201    -1
 1197    465  2314  2252    -1
 1198   1986  2168  2055    -1
 1199   1986  1879  2168    -1
 1200    943  2238  2481    -1
 1201     53  1379  1027    -1
 1202   2094  1877  2052    -1
 1203   1534  1348  2223    -1
 1204   1877  1841  2052    -1
 1205   1816  1722  1720    -1
 1206   1836  2125  2049    -1
 1207   2164  2172  2161    -1
 1208    365  1473   560    -1
 1209   2150  2152  2191    -1
 1210   2159  2014  1873    -1
 1211   2050  1945  2124    -1
 1212     76    54    84    -1
 1213   1076  1545    10    -1
 1214    817  1028   798    -1
 1215   1976  2012  1979    -1
 1216   2236  2234   993    -1
 1217    214  1545  1076    -1
 1218   1945  2086  2046    -1
 1219   1693  1929  1660    -1
 1220    402   882  1343    -1
 1221   2081  2083  2041    -1
 1222   2475  2211  1141    -1
 1223    930  1276   910    -1
 1224    338  1430  1439    -1
 1225    895  1711   346    -1
 1226   1888  2200  1880    -1
 1227   2009  2275  2081    -1
 1228   1947   524  1253    -1
 1229   2008  1904  1938    -1
 1230   1940  1905  1650    -1
 1231   1142  1163  1160    -1
 1232   2377  2009  1778    -1
 1233   2127  1875  2130    -1
 1234   1761  1686  1762    -1
 1235   1931  1966  2007    -1
 1236    604    12   805    -1
 1237   1800  1930  1929    -1
 1238   2117  2036  1769    -1
 1239   1800  1929  1662    -1
 1240    615  1808  1189    -1
 1241   2035  1859  2271    -1
 1242   1860  1660  2212    -1
 1243   2019  1877  2131    -1
 1244   1431  1437  1622    -1
 1245   1217  1113  1469    -1
 1246   2202  1152  2059    -1
 1247   1121   628   581    -1
 1248   1275  1742  2232    -1
 1249   2212  1660  1929    -1
 1250   2002  1897  2114    -1
 1251   1386  1900  1251    -1
 1252   1896  1998  1610    -1
 1253    611  1189  2088    -1
 1254   1853  1958  1957    -1
 1255   2140  1957  1791    -1
 1256   2303  1492   730    -1
 1257   2110  1790  1997    -1
 1258   1824  1895  1758    -1
 1259   2070  2176  1891    -1
 1260   1956  2028  2103    -1
 1261   2103  2027  2101    -1
 1262   1887  1754  1992    -1
 1263   1990  2065  2058    -1
 1264    214  1076  2457    -1
 1265    887   182  1618    -1
 1266   2452  2357  2438    -1
 1267   1919  2024  1953    -1
 1268   1988  1879  1882    -1
 1269   1918  1951  2061    -1
 1270   1771  1965  1695    -1
 1271   2201  1878  1917    -1
 1272   2334  1491  1684    -1
 1273   1875  1950  2130    -1
 1274   1838  2051  2052    -1
 1275    127  2104  1567    -1
 1276   1915  1809  1913    -1
 1277   2127  2015  1875    -1
 1278   1838  1872  2051    -1
 1279   1913  1917  1915    -1
 1280   2051  1872  1981    -1
 1281   2162  1873  1840    -1
 1282    495  2407  1232    -1
 1283    716  2104   127    -1
 1284   1909  1835  1910    -1
 1285   1836  1911  2125    -1
 1286   1718   903  2040    -1
 1287   2014  2047  1912    -1
 1288   1865  1224   870    -1
 1289   2086  1910  2047    -1
 1290   2012  2156  1911    -1
 1291   2012  1911  1979    -1
 1292   1948  1213  1298    -1
 1293    350   284   336    -1
 1294    814  1266    33    -1
 1295   2057  2058   705    -1
 1296   2011  1977  2012    -1
 1297   2011  2012  1976    -1
 1298   2398  2003  2182    -1
 1299   1822  1265  2315    -1
 1300   2498  1831  1833    -1
 1301   1141   175   393    -1
 1302   2064   593  2210    -1
 1303   2270    99  2403    -1
 1304    687   227  1162    -1
 1305   2217  1940  1650    -1
 1306   1866  1904  1939    -1
 1307   1385   643  1532    -1
 1308    805    12   590    -1
 1309   2308  1903  1935    -1
 1310   1865   870   884    -1
 1311   1908  2048   593    -1
 1312   2456  1111  2196    -1
 1313   2491  1648   955    -1
 1314   1862  2118  2037    -1
 1315   1769  2036  1734    -1
 1316   2037  1930  1862    -1
 1317   1797  1926  2033    -1
 1318   1926  2002  2033    -1
 1319   1730  1710  1961    -1
 1320   1959  1961  2032    -1
 1321   1692  1047  2447    -1
 1322   1730  1961  1959    -1
 1323   1437  1828  1441    -1
 1324   1287  2323   219    -1
 1325   1896  1857  1959    -1
 1326   2403   124  2283    -1
 1327   1848  2065  1990    -1
 1328   1999  2181  1745    -1
 1329   1225   553   855    -1
 1330    843   841  1500    -1
 1331   2248   208  1941    -1
 1332   1430   807  2175    -1
 1333   2392  1852  1995    -1
 1334   2383    94   108    -1
 1335   1852  2392  2071    -1
 1336   2357  1356  2354    -1
 1337    200  1763  1501    -1
 1338   1789  1594   527    -1
 1339    899   864   767    -1
 1340   2284  1979  2013    -1
 1341   2027  2103  2028    -1
 1342   2427   171   550    -1
 1343   2070  1894  2333    -1
 1344   1956  1891  2028    -1
 1345    727  1084   105    -1
 1346   2065  1848  1782    -1
 1347   1754  1815  1992    -1
 1348   2022  1921  2023    -1
 1349    235   820   956    -1
 1350   1317  2341  1327    -1
 1351   1690  2172  2164    -1
 1352   1955  1882  1921    -1
 1353   1068   655  2300    -1
 1354   1951  1918  1878    -1
 1355   2020  2018  1846    -1
 1356   1846  1953  2020    -1
 1357    916   262   950    -1
 1358   1841  1838  2052    -1
 1359    194   807  1430    -1
 1360    127  1495   716    -1
 1361   1689   108    94    -1
 1362   1981  1872  1836    -1
 1363   2154  1716  2163    -1
 1364   1804  1466  1292    -1
 1365   1873  2014  1912    -1
 1366   2219  1974  2221    -1
 1367   1910  1912  2047    -1
 1368    928   873   948    -1
 1369   1465  1306  1669    -1
 1370    565  1149     2    -1
 1371   1082   604    25    -1
 1372   1833  1944  2218    -1
 1373   2080  1974  1942    -1
 1374   1702  1975  1943    -1
 1375   2253  2377  1778    -1
 1376   2079  1942  1905    -1
 1377   1866  1939  1972    -1
 1378   1991  1992  2025    -1
 1379   1027   622  1025    -1
 1380   1867   171   166    -1
 1381   1903  1938  1830    -1
 1382   1975  1701  2042    -1
 1383   2220  2067  1916    -1
 1384   1864  1934  1969    -1
 1385   1523  1348  1534    -1
 1386   2118  1770  1931    -1
 1387   1964  1861  2036    -1
 1388   1734  2036  1861    -1
 1389   1929  1693  1662    -1
 1390   1237   482  1391    -1
 1391   2271  1859  2034    -1
 1392   1898  1897  1926    -1
 1393   1898  1827  1925    -1
 1394   1991  1994  1887    -1
 1395   1897  1898  1925    -1
 1396   1345  1163  1161    -1
 1397   1998  2141  1728    -1
 1398   2248   368  2093    -1
 1399   2337   730  1492    -1
 1400   2180   139  2461    -1
 1401    565   765  1149    -1
 1402    369  2481  1507    -1
 1403   1893  1603  1726    -1
 1404   2145  2253  1778    -1
 1405   1669  1661  1642    -1
 1406   1955  2022  2171    -1
 1407   1787  1892  2029    -1
 1408   2068  1892  1994    -1
 1409   2028  1891  2176    -1
 1410   1994  1889  1887    -1
 1411   1782  1721  1956    -1
 1412   2065  1782  1956    -1
 1413   2077  2367  1569    -1
 1414   1754  1887  1816    -1
 1415    673  2172  1690    -1
 1416   1990  2057  1922    -1
 1417   1300  1178   803    -1
 1418   2457  2458   214    -1
 1419   1989  2023  1921    -1
 1420   1918  1919  1844    -1
 1421   1993  1500   841    -1
 1422      4  1026   478    -1
 1423   1913  1835  1909    -1
 1424   2077  1447  2367    -1
 1425   1846  1919  1953    -1
 1426   1877  1954  1989    -1
 1427   1878  1918  1844    -1
 1428   1966  1772  1620    -1
 1429    992  2380  1351    -1
 1430   2018  2162  1840    -1
 1431     58   552  2017    -1
 1432   1690   480  2312    -1
 1433   1980  1834  2015    -1
 1434   1836  1871  1911    -1
 1435   1910  1835  1912    -1
 1436   2043  1314  1880    -1
 1437   2186    99  2270    -1
 1438   1946  1834  2013    -1
 1439   2050  1909  1945    -1
 1440   1945  1909  1910    -1
 1441   1946  1979  1911    -1
 1442   1945  1910  2086    -1
 1443   1457  1707  1790    -1
 1444   1358   420  2089    -1
 1445   1604   190   436    -1
 1446   1674  1833  1831    -1
 1447   2042  1701  2082    -1
 1448   2217  1650  1740    -1
 1449    590   797   805    -1
 1450   1776  1903  1830    -1
 1451   1015  1356    46    -1
 1452   1152  2202  1899    -1
 1453   1697  1803  1971    -1
 1454   1904  1830  1938    -1
 1455   1775  1697  2249    -1
 1456    600  2492   106    -1
 1457   1622  1437  1441    -1
 1458   1965  1964  2038    -1
 1459   2491   955   583    -1
 1460   2021  1855  1224    -1
 1461   1747  2072  1767    -1
 1462   1746  1927  1901    -1
 1463   1961  1710  1963    -1
 1464   2359   347  2216    -1
 1465   1719  1699  1866    -1
 1466   1763   200  2108    -1
 1467    813   586  1014    -1
 1468   2181  2114  1745    -1
 1469   1380  1260   357    -1
 1470   1924  1580  2205    -1
 1471   1853  1854  1636    -1
 1472    372    30  1022    -1
 1473   1957  1958  1791    -1
 1474   2369  2109   743    -1
 1475   1707  1633  1997    -1
 1476   1997  1790  1707    -1
 1477   1768  1748  1531    -1
 1478   1793  1636  1854    -1
 1479   1603  2109  1821    -1
 1480   1788  1681  1821    -1
 1481   1732  1046  2455    -1
 1482   1667   276   849    -1
 1483   1956  1890  1891    -1
 1484   1890  1956  1721    -1
 1485    491  1467   230    -1
 1486   1409  1742   578    -1
 1487   1781  1848  1990    -1
 1488   1815  1990  1922    -1
 1489   1226  1383  1881    -1
 1490   1877  1989  1921    -1
 1491   1921  1882  1842    -1
 1492   1844  1919  1846    -1
 1493   2481  2238  2367    -1
 1494   1112   402  1343    -1
 1495   1986  1882  1879    -1
 1496   1842  1841  1877    -1
 1497   1843  1878  1844    -1
 1498   2216  1351  2380    -1
 1499   1843  1915  1917    -1
 1500   1516  1883   328    -1
 1501   1885    92  1402    -1
 1502   1812  1846  2018    -1
 1503   2387  1070   692    -1
 1504   1381  1402  1883    -1
 1505    376   386  1108    -1
 1506   1872  1838  1839    -1
 1507   1339   281  2348    -1
 1508   1871  1875  1874    -1
 1509    756   515  2069    -1
 1510   1880  2200  2043    -1
 1511   1452  1378  1258    -1
 1512   2106  1947  1253    -1
 1513    841  1987  1993    -1
 1514   1429  2488  1923    -1
 1515   2038  2075  1965    -1
 1516   1833  1700  1944    -1
 1517   1805  1944  1700    -1
 1518   2082  1701  1741    -1
 1519   2081  2041  2009    -1
 1520   1445  1477  1590    -1
 1521   2145  1778  2041    -1
 1522    590    12   815    -1
 1523   1805  1625  2187    -1
 1524   1777  1717  1972    -1
 1525    764  2419   397    -1
 1526     89  1093  1439    -1
 1527   1903  1776  1935    -1
 1528   1054   370  1970    -1
 1529   1321   843   971    -1
 1530   1802  1801  2215    -1
 1531   1670  1621  1645    -1
 1532   1086   111  2053    -1
 1533   1771  1964  1965    -1
 1534   1055  1692  1694    -1
 1535   1748  1827  1898    -1
 1536   1928  2003  1528    -1
 1537     99   124  2403    -1
 1538   1963  2372  1961    -1
 1539   2034  1766  1901    -1
 1540   1858  1897  1925    -1
 1541   1729  1765  1925    -1
 1542   1925  1765  1858    -1
 1543   2092  2388  1394    -1
 1544    811  1312  1153    -1
 1545   1767  1480  1503    -1
 1546   1561   123  1397    -1
 1547   1826  1999  1745    -1
 1548   1896  1794  1857    -1
 1549   1610  1794  1896    -1
 1550   1998  1896  2244    -1
 1551    234  1294   490    -1
 1552   2205  1580  1709    -1
 1553    321   312  1317    -1
 1554   1791  1761  1762    -1
 1555   1762  1685  2178    -1
 1556    757  1405  1409    -1
 1557   1873  2162  2159    -1
 1558   1893  1726  2029    -1
 1559   2031  1852  2071    -1
 1560   2270  2004  2186    -1
 1561   1093    89  1284    -1
 1562   1735   395  1269    -1
 1563   1744  1675  1889    -1
 1564   1787  2029  1726    -1
 1565   2263  1022  1198    -1
 1566   1892  2068  2029    -1
 1567   2070  1891  1818    -1
 1568   1891  1890  1818    -1
 1569   1721  1782  1784    -1
 1570   2070  1818  1894    -1
 1571   1815  1781  1990    -1
 1572   1933  1801  1967    -1
 1573   1877  1921  1842    -1
 1574    373  2295  1671    -1
 1575   1847  1842  1986    -1
 1576   1844  1846  1812    -1
 1577   1843  1844  1812    -1
 1578    826  1405   622    -1
 1579   1841  1842  1838    -1
 1580   1813  1847  1950    -1
 1581   1839  1842  1847    -1
 1582   2295   373    85    -1
 1583   1839  1847  1813    -1
 1584   1809  1812  1840    -1
 1585    964  1407  1589    -1
 1586   1923  2488   420    -1
 1587    745  1888   746    -1
 1588   1809  1840  1873    -1
 1589   1836  1872  1839    -1
 1590   1812  2018  1840    -1
 1591   1836  1839  1813    -1
 1592   1986  1950  1847    -1
 1593   1835  1809  1912    -1
 1594   1885  2349    92    -1
 1595   1946  1911  1874    -1
 1596   1765  1519  1796    -1
 1597   1483   464   737    -1
 1598   1509  2348   281    -1
 1599   2041  1778  2009    -1
 1600   2084   335  1031    -1
 1601   1276  1282  1553    -1
 1602   1830  1904  1866    -1
 1603   2122  2416  2156    -1
 1604   1069  1664  1061    -1
 1605   1931  1772  1966    -1
 1606   1772  1931  1770    -1
 1607     85  1129  2295    -1
 1608   1930  1800  1862    -1
 1609    955  1648   836    -1
 1610   1980  2013  1834    -1
 1611   2215  1935  1802    -1
 1612   1798  1827  1748    -1
 1613   1888   949   746    -1
 1614   1926  1748  1898    -1
 1615   1747  2033  2072    -1
 1616    887  1606  1774    -1
 1617   1590  1962  1927    -1
 1618   1590  1927  1746    -1
 1619   1731  1925  1827    -1
 1620   1458  1494  1338    -1
 1621   1858  1765  1796    -1
 1622   1617  2409   237    -1
 1623   1796  1745  2114    -1
 1624    953  1186  1751    -1
 1625    419  1983  1423    -1
 1626   2465   187  2446    -1
 1627   1718   905   903    -1
 1628   1853  1636  1958    -1
 1629   1594  1785   527    -1
 1630    227  2268  1162    -1
 1631   1895  1757  1758    -1
 1632    593  2064  1908    -1
 1633   1821  1681  1603    -1
 1634   1895  1850  1757    -1
 1635   2064   693  1551    -1
 1636   1994  1892  1889    -1
 1637    697  1462  1756    -1
 1638   1848  1753  1782    -1
 1639    172  1526  2173    -1
 1640   1781  1753  1848    -1
 1641   1851  1157   378    -1
 1642   1599  2296   919    -1
 1643     99  1755   124    -1
 1644   1915  1843  1812    -1
 1645   1915  1812  1809    -1
 1646   1406  1366  1472    -1
 1647   1911  1871  1874    -1
 1648   1696  1621  1670    -1
 1649   1974  1868  1752    -1
 1650   1946  1874  1834    -1
 1651    837   709   800    -1
 1652    103    58  1102    -1
 1653    279  2001  1663    -1
 1654   2442  1599   919    -1
 1655   1868  1740  1574    -1
 1656   2459  1795  2239    -1
 1657    482   506  2393    -1
 1658   1805  1700  1625    -1
 1659   2442  2443  1259    -1
 1660   1677  1724  1653    -1
 1661   1866  1699  1830    -1
 1662    730  2337  1069    -1
 1663   1717  1777  1803    -1
 1664   1738  1776  1830    -1
 1665   1776  1802  1935    -1
 1666   1695  1965  1801    -1
 1667   1770  2118  1862    -1
 1668   1734  1861  1749    -1
 1669   1714  1770  1800    -1
 1670   1768  1798  1748    -1
 1671    190   184   187    -1
 1672   1647  1078  1488    -1
 1673    395  2111   574    -1
 1674   1455  1467  1069    -1
 1675    100   114    88    -1
 1676   1312  1451  1153    -1
 1677   1796  2114  1858    -1
 1678    156   178   170    -1
 1679    342   130  2396    -1
 1680   1529  2063  2206    -1
 1681   2217  1740  1805    -1
 1682   1728  2113  1709    -1
 1683   1452  1603  1378    -1
 1684   1158  2062  2059    -1
 1685     27   411   463    -1
 1686   2129   823  1155    -1
 1687   1889  1892  1787    -1
 1688    771   139   574    -1
 1689   1675  1816  1887    -1
 1690    814   246   195    -1
 1691   1710  1730  1639    -1
 1692   1889  1675  1887    -1
 1693    823  1164  1468    -1
 1694   1471   255  2185    -1
 1695    187   184  1902    -1
 1696   1781  1815  1754    -1
 1697    183   877  1823    -1
 1698   1671  2161  1667    -1
 1699   1834  1874  2015    -1
 1700   1484  1800  1662    -1
 1701   1639  1730  1687    -1
 1702   1577  1143  2345    -1
 1703   2343  1625  1831    -1
 1704    370  1054   365    -1
 1705   1696  1802  1776    -1
 1706    164   255  1471    -1
 1707   1826  1793  1999    -1
 1708   1737  1776  1738    -1
 1709   1670  1802  1696    -1
 1710   1864  1620  1736    -1
 1711   1670  1695  1801    -1
 1712   1864  1966  1620    -1
 1713   1934  1864  1736    -1
 1714    641  2326   679    -1
 1715   1690  2164   480    -1
 1716   1421  1420  1282    -1
 1717   1926  1797  1748    -1
 1718    322   341   453    -1
 1719   1607  1289   542    -1
 1720   1747  1797  2033    -1
 1721   1733  1798  1768    -1
 1722    504   755   220    -1
 1723   1797  1531  1748    -1
 1724   2472  1616  1003    -1
 1725   1814   724  1982    -1
 1726   2315  1259  2443    -1
 1727    140  1355   641    -1
 1728   1503  1747  1767    -1
 1729    833  1298  2425    -1
 1730   1766  2034  1859    -1
 1731   1731  1729  1925    -1
 1732   1149  2344  1691    -1
 1733   1857  1687  1730    -1
 1734   1685  1762  1686    -1
 1735   1794  1517  1857    -1
 1736    183  1305  1704    -1
 1737   1567  2104  1756    -1
 1738   1539  1580  1924    -1
 1739   1621  1696  1646    -1
 1740   1633  1707  1458    -1
 1741   2142   839  1187    -1
 1742   2001     6  1654    -1
 1743   1129  2164  2295    -1
 1744   2341  1131  1327    -1
 1745   1603  1680  1726    -1
 1746   1680  1554  1726    -1
 1747   1723  1890  1721    -1
 1748   2344  1149  2359    -1
 1749   1383  2379  1881    -1
 1750    121  1742  1409    -1
 1751   1784  1753  1720    -1
 1752    478  1656  1814    -1
 1753   1753  1784  1782    -1
 1754   1579  1416  1111    -1
 1755   1754  1753  1781    -1
 1756    347  2359  1513    -1
 1757   1699  1738  1830    -1
 1758   2254   505  2277    -1
 1759    118  1876  2093    -1
 1760   1488  1181   305    -1
 1761   1866  1972  1719    -1
 1762   1737  1696  1776    -1
 1763   1663  2302   294    -1
 1764   1774  1606  2005    -1
 1765   1752  1942  1974    -1
 1766   2035  1734  1595    -1
 1767   2015  1874  1875    -1
 1768     58  2167   164    -1
 1769   1928  1712  1860    -1
 1770   1860  1641  1660    -1
 1771    581  1679   853    -1
 1772   2396   130   758    -1
 1773   2344  2341  1691    -1
 1774   1519  1765  1729    -1
 1775   1115   925  1334    -1
 1776   1728  1538  1998    -1
 1777    849  2283  1671    -1
 1778   2296  1301   575    -1
 1779   1685  2031  2178    -1
 1780   1001  2089  1541    -1
 1781    214  1251  1545    -1
 1782   1757  1850  1894    -1
 1783   1414  1790  1758    -1
 1784    261   219  2323    -1
 1785   1434   190  2105    -1
 1786   2176  2240  2028    -1
 1787   1890  1677  1818    -1
 1788   1677  1890  1724    -1
 1789   1723  1724  1890    -1
 1790   1396  1453  1454    -1
 1791   1722  1816  1675    -1
 1792   1720  1721  1784    -1
 1793     30  2161  2172    -1
 1794   1720  1754  1816    -1
 1795   1720  1753  1754    -1
 1796   2467  2261   222    -1
 1797   1673  1650  1905    -1
 1798   1674  1831  1626    -1
 1799   1702  2078  1651    -1
 1800   1725  1631  1630    -1
 1801   1383  2437  2379    -1
 1802   1492  2303  2478    -1
 1803   2100  2256  2107    -1
 1804   1719  1972  1717    -1
 1805   1241  2115  1076    -1
 1806   2222  2191  2152    -1
 1807   1717  1697  1624    -1
 1808   2067  2220   937    -1
 1809   1923  2225  1429    -1
 1810   1966  1864  2076    -1
 1811   1897  1858  2114    -1
 1812   2234  2380   992    -1
 1813   1714  1772  1770    -1
 1814   1138   471  1551    -1
 1815    357  1907  1380    -1
 1816   2035  1769  1734    -1
 1817    121  1405   826    -1
 1818   1501  2309   451    -1
 1819    884  2342  1870    -1
 1820   2088  2234  2236    -1
 1821   1233   573    27    -1
 1822   1527  1963  1710    -1
 1823   1901  1766  1588    -1
 1824    826   622  1027    -1
 1825   1745  1796  1583    -1
 1826   1799   119   316    -1
 1827   1793  1826  1498    -1
 1828   1402  1381  1885    -1
 1829    754  1203   120    -1
 1830   1631  1787  1726    -1
 1831   1787  1631  1725    -1
 1832   1677  1655  1818    -1
 1833   2173  1526  2319    -1
 1834   1652  1723  1721    -1
 1835    318   797   590    -1
 1836   1721  1720  1722    -1
 1837   1942  1752  1673    -1
 1838   1627  1574  1740    -1
 1839   1741  1651  2078    -1
 1840   1625  1626  1831    -1
 1841    769  2367  1447    -1
 1842   1807  1649  1640    -1
 1843   2324   243   266    -1
 1844   1640  1010  1982    -1
 1845   1619  1595  1734    -1
 1846   1566  1693  1660    -1
 1847    115  1228   309    -1
 1848   1422   938  1585    -1
 1849     14   373  1671    -1
 1850   1480  1767  1962    -1
 1851   1929  1930  2116    -1
 1852   1746  1901  1588    -1
 1853   2265  1792   115    -1
 1854   1659  1766  1859    -1
 1855   1659  1859  1587    -1
 1856   1564  1499  1588    -1
 1857   1745  1583  1826    -1
 1858    184  1119  1535    -1
 1859   1518  1583  1796    -1
 1860   1424  1639  1687    -1
 1861    610  2107   276    -1
 1862   2197  1237   409    -1
 1863   1519  1520  1291    -1
 1864   1580  1417  1709    -1
 1865   1707  1494  1458    -1
 1866    192   227   633    -1
 1867   2297  2462  2296    -1
 1868   1818  1655  1894    -1
 1869   1894  1555  1757    -1
 1870    190  1604  2105    -1
 1871   1554  1631  1726    -1
 1872    304  1529  1516    -1
 1873    972   501   546    -1
 1874   2126  1760   203    -1
 1875    387  2048  2040    -1
 1876    613   904   887    -1
 1877    870  1224  1855    -1
 1878   1574  1752  1868    -1
 1879   1700  1833  1674    -1
 1880   1651  1701  1975    -1
 1881    679  2006   641    -1
 1882   1627  1740  1650    -1
 1883   1385  2126  2272    -1
 1884   1771  1668  1749    -1
 1885   1749  1861  1771    -1
 1886   1714  1533  1772    -1
 1887   1749  1546  1619    -1
 1888   1257  2060  1397    -1
 1889   2266  2369   201    -1
 1890   1416  1579  1585    -1
 1891   1644  1797  1485    -1
 1892   1592  1798  1369    -1
 1893   1747  1485  1797    -1
 1894    923   578  1742    -1
 1895   1566  1662  1693    -1
 1896   1197  1329  1484    -1
 1897   1503  1485  1747    -1
 1898    486  2405   863    -1
 1899   1712  1641  1860    -1
 1900   1587  1859  1474    -1
 1901   1962  1590  1480    -1
 1902   1524  1729  1731    -1
 1903   1424  1521  1313    -1
 1904   1119  1426  1421    -1
 1905   1796  1519  1518    -1
 1906   1572  1550  1536    -1
 1907   1656   478  2237    -1
 1908   1289   562  2474    -1
 1909    687  1607  2490    -1
 1910   1751  1186   609    -1
 1911   2013  1979  1946    -1
 1912   1613  1686  1611    -1
 1913   1686  1582  1685    -1
 1914   1785  2288   527    -1
 1915   1761  1611  1686    -1
 1916   1147  1849  2456    -1
 1917   1958  1609  1791    -1
 1918   1728  1709  1634    -1
 1919   2427   550  1743    -1
 1920    579  2301     6    -1
 1921    627  1022  1025    -1
 1922   1744  1630  1653    -1
 1923   2022  1955  1921    -1
 1924   1652  1653  1724    -1
 1925   1652  1724  1723    -1
 1926   1369  1798  1328    -1
 1927   1652  1722  1675    -1
 1928   1279  1597  1487    -1
 1929   1650  1514  1627    -1
 1930   1824  2177  1895    -1
 1931   1719  1624  1550    -1
 1932   1719  1572  1699    -1
 1933   1624  1719  1717    -1
 1934    958     4   667    -1
 1935   1548  1600  1738    -1
 1936   1624  1697  1672    -1
 1937   1934  1598  1672    -1
 1938    393  1421  2475    -1
 1939   1467  1287   230    -1
 1940   1645  1695  1670    -1
 1941   1668  1771  1695    -1
 1942   1533  1620  1772    -1
 1943    374   509   578    -1
 1944   1465  1095   440    -1
 1945   1773  1615   863    -1
 1946   2163  2310  2154    -1
 1947   1712  1928  1528    -1
 1948   1581   505   630    -1
 1949   1731  1827  1592    -1
 1950   1584  1237  2197    -1
 1951   1502  1710  1639    -1
 1952   1595  1859  2035    -1
 1953   1499  1590  1746    -1
 1954   1592  1369  1731    -1
 1955   2469   539   237    -1
 1956   1369  1524  1731    -1
 1957   1588  1638  1564    -1
 1958   1638  1766  1659    -1
 1959   2288  1584  2287    -1
 1960   1341  1564  1540    -1
 1961   1613  1638  1659    -1
 1962   1540  1564  1638    -1
 1963     10  1713  1241    -1
 1964   1924  1633  1539    -1
 1965   1610  1998  1538    -1
 1966   1635  1958  1636    -1
 1967   1889  1725  1744    -1
 1968   1722  1652  1721    -1
 1969    989   261  2323    -1
 1970    702   637   449    -1
 1971   1452  1680  1603    -1
 1972    911  2067  2165    -1
 1973   1630  1744  1725    -1
 1974   1775  1934  1697    -1
 1975   1675  1653  1652    -1
 1976    981   668  1183    -1
 1977   1651  1975  1702    -1
 1978   1626  1625  1674    -1
 1979   1390  1354  1120    -1
 1980    903   905    11    -1
 1981   1716  2154  2297    -1
 1982     14   124  2483    -1
 1983   1026  2030  1825    -1
 1984   1620  1596  1736    -1
 1985   1596  1934  1736    -1
 1986   1596  1598  1934    -1
 1987   1668  1695  1645    -1
 1988   1770  1862  1800    -1
 1989   1640  1649  1010    -1
 1990   1749  1668  1546    -1
 1991   1373  1619  1546    -1
 1992   1358    83  1923    -1
 1993    459   764   327    -1
 1994    139   143   574    -1
 1995     11   905   696    -1
 1996   1641  1425  1660    -1
 1997   1527  1528  1963    -1
 1998   1544  1712  1528    -1
 1999   2184  2334  1684    -1
 2000   2337  1492  1491    -1
 2001   1527  1710  1502    -1
 2002    593   602  2210    -1
 2003   2418  2327  2477    -1
 2004   1798  1592  1827    -1
 2005   1519  1729  1520    -1
 2006    955   841  1321    -1
 2007   1524  1520  1729    -1
 2008    843  1321   841    -1
 2009    330  2477   700    -1
 2010   1805  2146  1944    -1
 2011    542  1289   932    -1
 2012   1459  1709  1417    -1
 2013   1538  1728  1634    -1
 2014   1899  2202  2200    -1
 2015   1635  1636  1461    -1
 2016   1609  1958  1635    -1
 2017   1415  1633  1458    -1
 2018   1377  1457  1790    -1
 2019   1275   923  1742    -1
 2020   1414  1758  1605    -1
 2021    119  1260    97    -1
 2022   1757  1555  1605    -1
 2023    469  1602   441    -1
 2024   1653  1630  1677    -1
 2025   1741  1701  1651    -1
 2026   1625  1700  1674    -1
 2027   1650  1673  1514    -1
 2028    144  1523  2043    -1
 2029    563    64  1300    -1
 2030   1004   213   293    -1
 2031    617   596   740    -1
 2032   1386   900  1900    -1
 2033   1572  1601  1699    -1
 2034   1572  1719  1550    -1
 2035   1718  2048  1908    -1
 2036   1793  1498  1442    -1
 2037   1645  1621  1571    -1
 2038   1768  1331  1733    -1
 2039   1798  1733  1328    -1
 2040   1509   519   853    -1
 2041    930  1157  2423    -1
 2042    504   220   613    -1
 2043   1589  1407   972    -1
 2044   1365  2088  1189    -1
 2045    754  1914  1203    -1
 2046    151  1473   817    -1
 2047   1659  1587  1613    -1
 2048   1573  1738  1699    -1
 2049   1517  1521  1687    -1
 2050   2367   769  2481    -1
 2051   1686  1613  1582    -1
 2052   1611  1540  1613    -1
 2053   1541  1370  2093    -1
 2054   1361  1685  1582    -1
 2055     83   603  1923    -1
 2056   1440  1610  1538    -1
 2057   2031  1438  1852    -1
 2058   1440  1497  1610    -1
 2059   1758  1757  1605    -1
 2060   2239  2366  2459    -1
 2061    855   553  1314    -1
 2062    611   993   100    -1
 2063    618   377   560    -1
 2064   1681  1788  1995    -1
 2065   2283   124    14    -1
 2066     51  2355  1679    -1
 2067   1681  1378  1603    -1
 2068   1576  1894  1655    -1
 2069   1631  1554  1490    -1
 2070   1630  1631  1575    -1
 2071   1677  1575  1655    -1
 2072   1677  1630  1575    -1
 2073   1429  2225  1348    -1
 2074   1699  1601  1573    -1
 2075   1616  2409  1617    -1
 2076    493   534   577    -1
 2077    105    83  2053    -1
 2078   1287  1455   802    -1
 2079   1552  1673  1574    -1
 2080   1852  1438  1995    -1
 2081   1672  1536  1624    -1
 2082   1548  1573  1489    -1
 2083   1621  1646  1547    -1
 2084   1597  1598  1596    -1
 2085   1571  1621  1547    -1
 2086   1570  1597  1596    -1
 2087   1570  1596  1533    -1
 2088    751   752  2245    -1
 2089   1734  1749  1619    -1
 2090   1733  1331  1328    -1
 2091   1697  1717  1803    -1
 2092   1531  1331  1768    -1
 2093   1634  1709  1459    -1
 2094    345   604   805    -1
 2095   1716   684  2163    -1
 2096   1706  1713  1066    -1
 2097   1192  1359   950    -1
 2098   1865   884  1870    -1
 2099   1542  1639  1424    -1
 2100    616  2030   961    -1
 2101   1746  1588  1499    -1
 2102   2063  1529  1557    -1
 2103   1860  2182  1928    -1
 2104   1424  1687  1521    -1
 2105   1638  1613  1540    -1
 2106   1582  1613  1587    -1
 2107   1582  1587  1562    -1
 2108    515   756  1264    -1
 2109   1934  1672  1697    -1
 2110    930  2444  1282    -1
 2111    943  1952   957    -1
 2112   1417  1580  1539    -1
 2113    227  2490   633    -1
 2114   1761  1609  1611    -1
 2115   2031  1685  1361    -1
 2116    635   693  2210    -1
 2117    345  1249  1272    -1
 2118    808  1284   820    -1
 2119    596   479   489    -1
 2120   1230  1396  1231    -1
 2121   1555  1576  1454    -1
 2122    398   418   336    -1
 2123   1554  1680  1452    -1
 2124   1627  1552  1574    -1
 2125    586   245  1014    -1
 2126   1575  1631  1490    -1
 2127   1752  1574  1673    -1
 2128   1737  1600  1646    -1
 2129   1807  1640  1468    -1
 2130   2112   452  1612    -1
 2131   1712  1410  1641    -1
 2132   1257  1086  1727    -1
 2133    971  2435   117    -1
 2134   1952  1743   957    -1
 2135    309   236  1914    -1
 2136   1207  1290  1285    -1
 2137   1859  1595  1387    -1
 2138   2476  1350  1368    -1
 2139   1845  2335   374    -1
 2140   1420  1421  2242    -1
 2141     34  1384   895    -1
 2142   2156  2125  1911    -1
 2143   1518  1519  1291    -1
 2144   2121  1221  1379    -1
 2145   1579  1111  1275    -1
 2146   2069   757   756    -1
 2147   2374   757  2069    -1
 2148    933  1226   876    -1
 2149    695   181  2358    -1
 2150   1440  1538  1634    -1
 2151    716  1495   252    -1
 2152    602   635  2210    -1
 2153    196  1565   205    -1
 2154   2103  2133  2065    -1
 2155   1797  1644  1531    -1
 2156   1515  1454  1576    -1
 2157   1455  1061   802    -1
 2158   1515  1576  1655    -1
 2159   1515  1655  1575    -1
 2160   2129  1164   823    -1
 2161   2167   881  1688    -1
 2162   1552  1627  1514    -1
 2163   1531  1644  1505    -1
 2164   1548  1489  1512    -1
 2165   1536  1550  1624    -1
 2166   1512  1600  1548    -1
 2167   1547  1600  1512    -1
 2168   1646  1600  1547    -1
 2169   1737  1738  1600    -1
 2170     81    29    38    -1
 2171    476   922  1404    -1
 2172   1596  1620  1533    -1
 2173   1533  1714  1506    -1
 2174   1333  1668  1449    -1
 2175   2193  2383   108    -1
 2176   2204   304  1327    -1
 2177   1485  1503  1302    -1
 2178    112   169   154    -1
 2179    434   433   484    -1
 2180   1528  1388  1544    -1
 2181     20  1888   745    -1
 2182   1503  1480  1482    -1
 2183   1457  1377  1494    -1
 2184   1425  1481  1660    -1
 2185   1539  1633  1415    -1
 2186   1751   609  1750    -1
 2187    192   633  1779    -1
 2188   2120  1759   895    -1
 2189   1415  1444  1539    -1
 2190    502  1937  1006    -1
 2191   1443  1611  1609    -1
 2192    805  1218   345    -1
 2193   1634  1310  1440    -1
 2194   2323  1287   802    -1
 2195   1585  2385  1683    -1
 2196   1635  1443  1609    -1
 2197   1192   440   275    -1
 2198   2452  2092    56    -1
 2199   1415  1458  1338    -1
 2200   1185  1708   346    -1
 2201   2344  2359   125    -1
 2202   1790  1414  1377    -1
 2203    770   566   591    -1
 2204   1555  1454  1453    -1
 2205   1454  1515  1413    -1
 2206    635  2454   693    -1
 2207   2297  2154  2462    -1
 2208   2165   679  2326    -1
 2209   1601  1489  1573    -1
 2210   2357  2014  2157    -1
 2211   1601  1572  1511    -1
 2212   1536  1598  1597    -1
 2213   1511  1536  1597    -1
 2214   1323  1566  1481    -1
 2215   1570  1487  1597    -1
 2216   1571  1449  1645    -1
 2217   1333  1486  1668    -1
 2218   1668  1486  1546    -1
 2219   1714  1330  1506    -1
 2220   1143  1148  1773    -1
 2221   1282  1420  1553    -1
 2222   1341  1248  1564    -1
 2223    144  2043  2200    -1
 2224     71    49    91    -1
 2225   2105  1604  1763    -1
 2226   2495  2453  2291    -1
 2227   1324  1524  1369    -1
 2228   1964  1771  1861    -1
 2229   1836  1813  1871    -1
 2230   1562  1361  1582    -1
 2231    637  1618   809    -1
 2232   1826  1583  1401    -1
 2233   1382  1826  1401    -1
 2234   1463  1539  1344    -1
 2235   1417  1539  1463    -1
 2236   1611  1443  1540    -1
 2237   1444  1415  1418    -1
 2238   1405   757  2374    -1
 2239   1405   121  1409    -1
 2240   1654  2138  1820    -1
 2241   1605  1453  1414    -1
 2242   1413  1456  1454    -1
 2243   2500   439  2501    -1
 2244   2186  2004   552    -1
 2245   1783   101  2390    -1
 2246   2470  2488  1429    -1
 2247   1244  1444  1475    -1
 2248    817  1040  1028    -1
 2249   1555  1453  1605    -1
 2250   1490  1515  1575    -1
 2251   1450  1490  1554    -1
 2252    580   761   665    -1
 2253   1601  1511  1489    -1
 2254    834   795   549    -1
 2255     92   700  1402    -1
 2256    963  1666  1426    -1
 2257   1353  1484  1662    -1
 2258   2202  2059  2470    -1
 2259   1330  1714  1329    -1
 2260   1392  1331  1531    -1
 2261   1759   269   249    -1
 2262    190  1434   184    -1
 2263   1387  1595  1357    -1
 2264   1364  1346  1268    -1
 2265   1527  1428  1528    -1
 2266    275   440  1187    -1
 2267   1502  1428  1527    -1
 2268   2234   371  2380    -1
 2269   1566  1660  1481    -1
 2270   1410  1425  1641    -1
 2271   2382  2257  2191    -1
 2272   1481  1425  1475    -1
 2273   2138  1332  1483    -1
 2274   1499  1564  1445    -1
 2275   1406  1587  1474    -1
 2276   1469  1524  1324    -1
 2277   1444  1418  1476    -1
 2278   1342  1521  1517    -1
 2279    669   103  1102    -1
 2280   2202   144  2200    -1
 2281   2088  1665  2234    -1
 2282   1855  1015    46    -1
 2283    964  1589   280    -1
 2284    255   164  2167    -1
 2285   1461  1442  1363    -1
 2286   1361  1283  2031    -1
 2287   1937    62  1808    -1
 2288   1995  1438  1681    -1
 2289   1452  1395  1436    -1
 2290   1450  1452  1436    -1
 2291   1554  1452  1450    -1
 2292    896  2138    66    -1
 2293    373    14  2483    -1
 2294   1552  1514  1673    -1
 2295   1507   729   369    -1
 2296    398   537   418    -1
 2297   1533  1393  1570    -1
 2298   1533  1506  1393    -1
 2299   1546  1486  1373    -1
 2300   2026    20  1703    -1
 2301   1825   288   491    -1
 2302   2147   519  1509    -1
 2303    539  2469   495    -1
 2304   1302  1503  1482    -1
 2305   1662  1566  1353    -1
 2306    519   581   853    -1
 2307   1428  1388  1528    -1
 2308   1305  1211  1704    -1
 2309   1482  1480  1477    -1
 2310   1156  1377  1230    -1
 2311   1542  1424  1371    -1
 2312   1086  1795   111    -1
 2313   1476  1481  1475    -1
 2314   1984  1649  1807    -1
 2315    918  1020   915    -1
 2316   2216   125  2359    -1
 2317   1476  1475  1444    -1
 2318   1044  1682  2016    -1
 2319   1406  1562  1587    -1
 2320    211   359   241    -1
 2321   1078  1647  1970    -1
 2322   1714  1484  1329    -1
 2323    681  1129    85    -1
 2324   2480  2241   357    -1
 2325   1539  1444  1344    -1
 2326   1518  1291  1401    -1
 2327   1583  1518  1401    -1
 2328   1072  1711   895    -1
 2329   1461  1363  1443    -1
 2330     58   164   832    -1
 2331   2229   430  1906    -1
 2332   1610  1497  1794    -1
 2333   1438  2031  1283    -1
 2334   1384    34  2468    -1
 2335   1792  2265  1756    -1
 2336   1454  1456  1396    -1
 2337   2059  1263  2488    -1
 2338    342  1819  1264    -1
 2339   1413  1515  1490    -1
 2340    512   703   828    -1
 2341   2216  2380   125    -1
 2342   1357  1619  1373    -1
 2343   1357  1595  1619    -1
 2344   1698  1706  1114    -1
 2345   1542  1354  1390    -1
 2346   1389  1388  1428    -1
 2347   1916   459   922    -1
 2348    693  2064  2210    -1
 2349   2234  1665   371    -1
 2350    667  1982  1010    -1
 2351    326  1865  1870    -1
 2352    234  1281  1294    -1
 2353   1371  1424  1295    -1
 2354   1425  1320  1475    -1
 2355   1280  2312   480    -1
 2356   1448   706  1095    -1
 2357   1403  1472  1470    -1
 2358   1472  1403  1562    -1
 2359   1403  1470  1347    -1
 2360   1378  1681  1438    -1
 2361   1443  1341  1540    -1
 2362    220   751  2245    -1
 2363   1442  1498  1363    -1
 2364   1634  1459  1310    -1
 2365   1983   166  2427    -1
 2366   1076    10  1241    -1
 2367   1742   121  2232    -1
 2368    583  2451  2491    -1
 2369   1269  1578  1508    -1
 2370    246  1985   195    -1
 2371   2204  1327  1131    -1
 2372   1258  1395  1452    -1
 2373   2067   937   621    -1
 2374    921  2154  2310    -1
 2375   1450  1436  1413    -1
 2376   1450  1413  1490    -1
 2377   1636  1442  1461    -1
 2378   1512  1375  1547    -1
 2379    397  2276   764    -1
 2380   1384  1084  2120    -1
 2381   1531  1505  1392    -1
 2382   1304  1505  1644    -1
 2383   1644  1485  1302    -1
 2384   1174  1357  1373    -1
 2385   1484  1353  1197    -1
 2386     21  1114   765    -1
 2387   1387  1357  1326    -1
 2388   1410  1712  1544    -1
 2389   1446  1406  1326    -1
 2390    303  1141  2211    -1
 2391   1738  1573  1548    -1
 2392    364   483   448    -1
 2393    593  2048   349    -1
 2394   1476  1323  1481    -1
 2395   1366  1470  1472    -1
 2396   1449  1668  1645    -1
 2397    281   971   843    -1
 2398   2415  1228   115    -1
 2399   1417  1311  1459    -1
 2400   1341  1443  1363    -1
 2401   1480  1590  1477    -1
 2402   1027  2263    53    -1
 2403   1028  1218   805    -1
 2404   1413  1436  1456    -1
 2405   1414  1453  1377    -1
 2406    524  1245   407    -1
 2407   2104  1792  1756    -1
 2408   2093  1876  2248    -1
 2409   1511  1279  1110    -1
 2410   2075   416  2307    -1
 2411   2264  1556   867    -1
 2412   1571  1547  1139    -1
 2413   1487  1277  1278    -1
 2414   1393  1487  1570    -1
 2415    196  2287   191    -1
 2416   1387  1474  1859    -1
 2417   1354  1542  1371    -1
 2418   1750  1422  1683    -1
 2419   1425  1367  1320    -1
 2420   1421  1426  1666    -1
 2421   2349  1885  2278    -1
 2422   1071   394  1416    -1
 2423   1446  1366  1406    -1
 2424    369   729  2220    -1
 2425   1248  1477  1445    -1
 2426   1248  1445  1564    -1
 2427   1352  1167  1446    -1
 2428   1299  1169  1132    -1
 2429   2464  1186  2305    -1
 2430   1598  1536  1672    -1
 2431   1974  2080  2190    -1
 2432     72  2256  2100    -1
 2433   1800  1484  1714    -1
 2434    183  1312  1305    -1
 2435   2246  1426   184    -1
 2436   2276   411   327    -1
 2437   1129   480  2164    -1
 2438   1986  1842  1882    -1
 2439    319   256   180    -1
 2440   1403  1361  1562    -1
 2441   1178  1985   803    -1
 2442   1884   746   298    -1
 2443   1233  2356   573    -1
 2444    618   157    97    -1
 2445   1463  1311  1417    -1
 2446   1415  1338  1418    -1
 2447   1139  1020  1037    -1
 2448   1427  1970  1960    -1
 2449   2105  2496  2394    -1
 2450   1766  1638  1588    -1
 2451   2315  2443   921    -1
 2452    893  1030  1063    -1
 2453   2197  2287  1584    -1
 2454   1188  1271  1362    -1
 2455   1110  1360  1489    -1
 2456   1110  1489  1511    -1
 2457   1360  1375  1512    -1
 2458   1597  1279  1511    -1
 2459    310   423   354    -1
 2460   1087   888  1250    -1
 2461   1177  1328  1331    -1
 2462   1504  1553  1420    -1
 2463    726    70  1225    -1
 2464    526   668  1400    -1
 2465    937  2220   729    -1
 2466   1389  1428  1194    -1
 2467   1389  1325  1388    -1
 2468   1393  1506  1254    -1
 2469   1323  1353  1566    -1
 2470   1387  1326  1474    -1
 2471   1380    97  1260    -1
 2472   1410  1367  1425    -1
 2473    176   851  1615    -1
 2474    801   748   623    -1
 2475   1296  1371  1295    -1
 2476   1367  1410  1325    -1
 2477    450   905  1718    -1
 2478    811  1586  1936    -1
 2479   1366  1446  1167    -1
 2480   2153   234   490    -1
 2481   1313  1295  1424    -1
 2482    349    42   602    -1
 2483   1401  1291  1124    -1
 2484    217   250   216    -1
 2485   1273  1418  1346    -1
 2486   1401  1212  1382    -1
 2487    814   195  2123    -1
 2488   1300     5   839    -1
 2489   1310  1459  1311    -1
 2490   1359   291    41    -1
 2491    958   600   961    -1
 2492   1143  1773   863    -1
 2493    227   192  2268    -1
 2494   1361  1209  1283    -1
 2495   1308  1436  1395    -1
 2496   1335  1159  1396    -1
 2497   1378  1438  1205    -1
 2498   1968  1385  2272    -1
 2499   1537  1491  2334    -1
 2500    814  2123  1786    -1
 2501   2315   921  2310    -1
 2502    167    82   136    -1
 2503   1375  1139  1547    -1
 2504   1226  2192   878    -1
 2505   1522  1810  1806    -1
 2506   1556  1243  2404    -1
 2507   1229  1449  1139    -1
 2508   1863  1698  1114    -1
 2509   1505  1201  1392    -1
 2510   1227  1373  1486    -1
 2511   1505  1304  1201    -1
 2512   1243  1936  1559    -1
 2513   1244  1475  1320    -1
 2514   2174   261   989    -1
 2515   1455  1069  1061    -1
 2516    909   500   288    -1
 2517   1371  1173  1354    -1
 2518   1326  1352  1446    -1
 2519   2454   635  1447    -1
 2520   1683  1422  1585    -1
 2521   1296  1173  1371    -1
 2522   1353  1323  1171    -1
 2523   1369  1172  1130    -1
 2524   1411  1789   550    -1
 2525     70   663    60    -1
 2526   1369  1130  1324    -1
 2527    246   814    33    -1
 2528   1578   143   378    -1
 2529   1243  1559  1232    -1
 2530   1470  1366  1349    -1
 2531   1316  1520  1469    -1
 2532   2138  1654  1332    -1
 2533   1269   395   574    -1
 2534   1293  1347  1470    -1
 2535   1293  1290  1347    -1
 2536     58   832  1102    -1
 2537   1478   849  1973    -1
 2538   1820  2001  1654    -1
 2539    755   751   220    -1
 2540    710  1284    89    -1
 2541    918   789   652    -1
 2542   1341  1363  1270    -1
 2543   1197  1175  1329    -1
 2544   2154   921  2462    -1
 2545   1286  1270  1363    -1
 2546   2314   465  2347    -1
 2547   1178   788  1985    -1
 2548   1401  1124  1212    -1
 2549   1382  1286  1498    -1
 2550   2228  1581  1577    -1
 2551   1438  1283  1205    -1
 2552   1308  1261  1262    -1
 2553     39  1190  1131    -1
 2554   1308  1335  1436    -1
 2555   1230  1377  1453    -1
 2556   1230  1453  1396    -1
 2557     33   914   246    -1
 2558   2246   184   463    -1
 2559   1176   996  1120    -1
 2560   1865  2026  1224    -1
 2561   2344  1131  2341    -1
 2562    312   876  2448    -1
 2563   1178  2142   788    -1
 2564   1196  1357  1174    -1
 2565   1131  2344    39    -1
 2566   1478  1973  1073    -1
 2567   1507  2481   769    -1
 2568    204   179   271    -1
 2569   1982   449  1640    -1
 2570   1325  1410  1544    -1
 2571    620   496   516    -1
 2572   1473  1054  1040    -1
 2573     10  1060  1713    -1
 2574   1206  1207  1309    -1
 2575    579     6    94    -1
 2576    442   263   282    -1
 2577   2089   733  1370    -1
 2578   1996   387  1280    -1
 2579   1366  1167  1349    -1
 2580     89  1439  2175    -1
 2581   1293  1470  1349    -1
 2582   1286  1098  1270    -1
 2583     63    67    68    -1
 2584   1471  2006  1780    -1
 2585    853    40  2348    -1
 2586   1140  1279  1204    -1
 2587   1274   416  1186    -1
 2588   1469  1324  1217    -1
 2589   1270  1248  1341    -1
 2590   2202  2470   144    -1
 2591   1298   833   405    -1
 2592   1996  2048   387    -1
 2593   2204  1131  1190    -1
 2594    562  1332  2450    -1
 2595   1165  1463  1344    -1
 2596   1214  1239  1242    -1
 2597   2232  1579  1275    -1
 2598   1338  1236  1418    -1
 2599   1286  1363  1498    -1
 2600    668   526  1245    -1
 2601   1262  1309  1362    -1
 2602   1361  1403  1209    -1
 2603   1262  1362  1208    -1
 2604   1525   982  2213    -1
 2605   1210  1338  1494    -1
 2606   1308  1262  1335    -1
 2607    144  1348  1523    -1
 2608   1145   796   458    -1
 2609    132   678  1112    -1
 2610   1179  1258  1378    -1
 2611   2062  1263  2059    -1
 2612   1375  1020  1139    -1
 2613   1337  2062   587    -1
 2614   2470  1429   144    -1
 2615   1254  1330  1175    -1
 2616   2044  2062  1337    -1
 2617    729  1507  1154    -1
 2618   1199  1331  1392    -1
 2619   2026  1865  1150    -1
 2620   2059  2488  2470    -1
 2621   1255   495  1232    -1
 2622   1352  1196  1252    -1
 2623    562  1289  1607    -1
 2624   1780   679  2149    -1
 2625   2192   885   878    -1
 2626   1390  1194  1428    -1
 2627   1149   765  1513    -1
 2628   1173  1296  1079    -1
 2629    304  1557  1529    -1
 2630   1429  1348   144    -1
 2631   1004  1407  1739    -1
 2632   1323  1273  1220    -1
 2633   1323  1476  1273    -1
 2634   1273  1299  1220    -1
 2635   1346  1299  1273    -1
 2636    813   606   586    -1
 2637    334  2342   330    -1
 2638   1247  1315  1345    -1
 2639   1342  1313  1521    -1
 2640   1794  1497  1517    -1
 2641   1163  1364  1268    -1
 2642   1313  1074  1295    -1
 2643   1418  1236  1346    -1
 2644   1316  1291  1520    -1
 2645   1345  1315  1163    -1
 2646    349   602   593    -1
 2647     51  2494  2158    -1
 2648    441  1372   913    -1
 2649   1362  1271  1345    -1
 2650   1469  1520  1524    -1
 2651   1293  1285  1290    -1
 2652   2462   921   919    -1
 2653   1986  2055  1950    -1
 2654   1286  1382  1212    -1
 2655   1347  1209  1403    -1
 2656   1114    21  1863    -1
 2657    635   602   137    -1
 2658    885  1398  1070    -1
 2659   1335  1262  1208    -1
 2660   1299  1297  1169    -1
 2661    679  1780  2006    -1
 2662   1421  1666  2242    -1
 2663   1179  1206  1258    -1
 2664    546   651  1589    -1
 2665   1396  1159  1231    -1
 2666   1396  1456  1335    -1
 2667   2139  2121  1379    -1
 2668   1727  1086  2053    -1
 2669   1140  1110  1279    -1
 2670   1360  1137  1375    -1
 2671    118  2093  2166    -1
 2672   2166  2093  1370    -1
 2673   1229  1333  1449    -1
 2674   1253   524  1632    -1
 2675   1392  1135  1199    -1
 2676   1331  1199  1177    -1
 2677   1353  1171  1197    -1
 2678   1201  1304  1200    -1
 2679    490  1294  1115    -1
 2680    321  1327   328    -1
 2681   1176  1120  1354    -1
 2682   2174   324  2005    -1
 2683   1326  1357  1196    -1
 2684   1298   405  2393    -1
 2685   1352  1252  1167    -1
 2686   1196  1352  1326    -1
 2687   1477  1250  1222    -1
 2688   1167  1219  1349    -1
 2689   1198  1022   959    -1
 2690   1248  1250  1477    -1
 2691    769  1447   257    -1
 2692   2067    16  2149    -1
 2693    621    16  2067    -1
 2694   1297  1299  1346    -1
 2695    586   606  1181    -1
 2696    957   205  1569    -1
 2697   1244  1344  1444    -1
 2698   1113  1316  1469    -1
 2699   1315  1297  1364    -1
 2700   1151  1197  1171    -1
 2701   2165  2067  2149    -1
 2702    851   176  1599    -1
 2703    610   372  2107    -1
 2704   1095   706   788    -1
 2705   1218  1427  1960    -1
 2706   1239  1285  1242    -1
 2707   1161  1362  1345    -1
 2708   1207  1182  1290    -1
 2709   2462   919  2296    -1
 2710    409  1391   777    -1
 2711   1234  1286  1212    -1
 2712   1338  1210  1236    -1
 2713   1586   811   414    -1
 2714   1578  1276  1508    -1
 2715   1309  1262  1261    -1
 2716    587  1158  2226    -1
 2717   1308  1206  1261    -1
 2718    454  2106  1253    -1
 2719   1208  1159  1335    -1
 2720    186   258    87    -1
 2721   2139  1379   682    -1
 2722    682  1379    53    -1
 2723   1205  1179  1378    -1
 2724   1786  1773  1148    -1
 2725   1137  1020  1375    -1
 2726   1333  1202  1486    -1
 2727   1201  1135  1392    -1
 2728    934   977   897    -1
 2729   1373  1227  1174    -1
 2730   2121  2139   203    -1
 2731   2391   184  1434    -1
 2732   2331    59  2332    -1
 2733   1329  1175  1330    -1
 2734   1107  1254  1175    -1
 2735    125    39  2344    -1
 2736   1339  2348  2353    -1
 2737   2121   203  1760    -1
 2738   1629  2126   203    -1
 2739    294  2280  1689    -1
 2740   2393  1948  1298    -1
 2741   1220  1171  1323    -1
 2742   1492   529  1307    -1
 2743   1169  1103  1063    -1
 2744   1389  1194  1168    -1
 2745    174   297   231    -1
 2746   1983  1952   485    -1
 2747    726  1711  1072    -1
 2748   1315  1103  1297    -1
 2749   1219  1216  1349    -1
 2750   1346  1364  1297    -1
 2751    764  2276   327    -1
 2752   1349  1216  1242    -1
 2753    689   523   525    -1
 2754    682    53   403    -1
 2755    164  1471   832    -1
 2756   1476  1418  1273    -1
 2757   1034  1133  1173    -1
 2758   1188  1362  1309    -1
 2759    124  1755  2483    -1
 2760    751   759   752    -1
 2761   1311  1463  1146    -1
 2762   1229  1202  1333    -1
 2763   1286  1234  1098    -1
 2764   1488  1078  1181    -1
 2765   1579  2084  1585    -1
 2766   1303  1755  2186    -1
 2767   1755    99  2186    -1
 2768   1440  1235  1497    -1
 2769   1211  1243  1556    -1
 2770   2149   679  2165    -1
 2771   1208  1362  1161    -1
 2772   1309  1261  1206    -1
 2773   1182  1206  1180    -1
 2774    577   532   533    -1
 2775   1180  1283  1209    -1
 2776    373   639    85    -1
 2777   1205  1283  1180    -1
 2778   1471  1780   832    -1
 2779   1015  1855  2021    -1
 2780    427   469   140    -1
 2781   2153  1663  2001    -1
 2782   2129  1153  1451    -1
 2783   2089  1370  1541    -1
 2784   2104   716  1591    -1
 2785   1278  1204  1279    -1
 2786   2105  1763  2496    -1
 2787   2460  2300   655    -1
 2788    657  2300  2460    -1
 2789    552   103  1303    -1
 2790   2192  1226   933    -1
 2791   2489  2422  2196    -1
 2792   2132    21   565    -1
 2793   1197  1151  1175    -1
 2794   2302  1682  1044    -1
 2795   1216  1219  1128    -1
 2796    877  1704   657    -1
 2797    252  2419  1602    -1
 2798   1474  1326  1406    -1
 2799   1325  1389  1168    -1
 2800    955  1321   583    -1
 2801   1280   480  1129    -1
 2802    289   529  1492    -1
 2803   1247  1191  1103    -1
 2804   1984  1987  1817    -1
 2805   1247  1103  1315    -1
 2806    529   745   746    -1
 2807   1088  1296  1295    -1
 2808   1074  1088  1295    -1
 2809   1043  1088  1074    -1
 2810   1346  1236  1268    -1
 2811   1188  1239  1214    -1
 2812    966  1313  1240    -1
 2813   1271  1188  1166    -1
 2814   1404   573  2356    -1
 2815   1819  1561   193    -1
 2816   1347  1290  1182    -1
 2817   1235  1123  1342    -1
 2818   1310  1311  1146    -1
 2819   1983  2427  1952    -1
 2820    197    75   131    -1
 2821   1342  1517  1235    -1
 2822   1377  1210  1494    -1
 2823   1156  1230  1231    -1
 2824    454  1593  2106    -1
 2825   1202  1229  1021    -1
 2826   1773   575  1615    -1
 2827   1395  1258  1308    -1
 2828   1227  1486  1202    -1
 2829   1288  2248  1272    -1
 2830    519  1121   581    -1
 2831   1644  1302  1304    -1
 2832    710   956  1284    -1
 2833    720   269  2120    -1
 2834   1177  1117  1172    -1
 2835   1482  1106  1302    -1
 2836   1173  1133  1354    -1
 2837    502   618   560    -1
 2838   1194  1064  1168    -1
 2839   1222  1250  1170    -1
 2840   1171  1220  1132    -1
 2841    986  1079  1296    -1
 2842   1217  1324  1130    -1
 2843   1168  1320  1367    -1
 2844    726  1046    70    -1
 2845   1070  1398   692    -1
 2846    291  1368  1350    -1
 2847   1271  1191  1247    -1
 2848   1142  1159  1161    -1
 2849   1242  1216  1214    -1
 2850   1316  1113  1042    -1
 2851    808  1993  1987    -1
 2852   1098  1127  1270    -1
 2853    257  1447   635    -1
 2854    896    66  1441    -1
 2855   1239  1188  1309    -1
 2856   1407   964  2056    -1
 2857   1328  1177  1172    -1
 2858   1159  1208  1161    -1
 2859   1160  1268  1236    -1
 2860   1146  1440  1310    -1
 2861   1212  1124  1184    -1
 2862   1210  1160  1236    -1
 2863    391   408  2500    -1
 2864   2169   705  1402    -1
 2865   1179  1180  1206    -1
 2866   1180  1179  1205    -1
 2867    868   553  1225    -1
 2868   1393  1136  1277    -1
 2869    602    42   137    -1
 2870   2334   956   710    -1
 2871   1978  2206  2063    -1
 2872   1091  1390  1120    -1
 2873   1092  1174  1035    -1
 2874    137   257   635    -1
 2875   1297  1103  1169    -1
 2876   1900   900   100    -1
 2877    710  1537  2334    -1
 2878    699   742   511    -1
 2879   1207  1285  1309    -1
 2880   1679   581   628    -1
 2881   1114  1706  1066    -1
 2882   1276  1553   340    -1
 2883   1996   349  2048    -1
 2884    937   729   621    -1
 2885   1245   526   407    -1
 2886   1116  1244  1320    -1
 2887   1089  1165  1244    -1
 2888   1271  1166  1191    -1
 2889   1214  1166  1188    -1
 2890   1074  1313   966    -1
 2891   1042  1291  1316    -1
 2892      3    37    36    -1
 2893   1215   125  2380    -1
 2894   1163  1315  1364    -1
 2895   2369   743   201    -1
 2896   1526  1863  2322    -1
 2897   1377  1156  1210    -1
 2898   1477  1222  1482    -1
 2899   1231  1159  1142    -1
 2900   1263   420  2488    -1
 2901   1238  1233   488    -1
 2902     32    28    50    -1
 2903   1154  1507   769    -1
 2904   2303   730   909    -1
 2905   1393  1254  1136    -1
 2906   1973   849   276    -1
 2907   1182  1209  1347    -1
 2908   1200  1135  1201    -1
 2909    603    83  2468    -1
 2910    482  2393   405    -1
 2911   2084  2385  1585    -1
 2912     30   285   959    -1
 2913   1174  1092  1196    -1
 2914    994   822   857    -1
 2915   1252  1196  1118    -1
 2916   1276   340  1508    -1
 2917   1032  1106  1170    -1
 2918   1222  1170  1106    -1
 2919   1252  1118  1080    -1
 2920   1193  1105  1132    -1
 2921    407  1632   524    -1
 2922   1388  1325  1544    -1
 2923   1193  1132  1169    -1
 2924   1032  1170  1104    -1
 2925   1169  1063  1193    -1
 2926   1993   235  2147    -1
 2927   1170  1009  1104    -1
 2928   1167  1080  1219    -1
 2929   1799  2480   357    -1
 2930   1168  1116  1320    -1
 2931   1029  1217  1130    -1
 2932   1077  1191  1166    -1
 2933   1089  1244  1116    -1
 2934     96  1493   305    -1
 2935   1270  1127  1248    -1
 2936   1256   536   222    -1
 2937    318   590  1739    -1
 2938    304  2204   360    -1
 2939   1045   995  1032    -1
 2940   1100  1125  1165    -1
 2941    128   113   239    -1
 2942   1235  1125  1123    -1
 2943   1097  1240  1057    -1
 2944   1160  1163  1268    -1
 2945   1096  1057  1342    -1
 2946   1235  1146  1125    -1
 2947   1184  1041  1234    -1
 2948   1212  1184  1234    -1
 2949   1240  1342  1057    -1
 2950   1808    62  1365    -1
 2951   1182  1180  1209    -1
 2952   1156  1142  1210    -1
 2953   1231  1142  1156    -1
 2954   1589   972   546    -1
 2955   1022    30   959    -1
 2956   1163  1142  1161    -1
 2957    979  1020  1137    -1
 2958   1139  1083  1229    -1
 2959   1146  1235  1440    -1
 2960   1052  1053  1135    -1
 2961   1120   996  1091    -1
 2962   2104  2330  1792    -1
 2963   2394  1434  2105    -1
 2964   2434     5  2432    -1
 2965   1034  1079   952    -1
 2966   1436  1335  1456    -1
 2967   2245   752   655    -1
 2968   1468  1164   194    -1
 2969   1034  1173  1079    -1
 2970   1267   754   339    -1
 2971    464  1162   737    -1
 2972    932  1300   803    -1
 2973   1172  1117  1130    -1
 2974   1171  1132  1151    -1
 2975   1002   960   824    -1
 2976    112   126    98    -1
 2977   2186   552  1303    -1
 2978    373  2483   571    -1
 2979   1106  1304  1302    -1
 2980   1216  1126  1214    -1
 2981   1216  1128  1126    -1
 2982   1819  1811   123    -1
 2983   1165  1089  1100    -1
 2984   1309  1285  1239    -1
 2985   1463  1165  1125    -1
 2986   1146  1463  1125    -1
 2987   1005  1094  1140    -1
 2988    285   402   678    -1
 2989   2010  1557   304    -1
 2990    669   612   103    -1
 2991   1142  1160  1210    -1
 2992   1278  1277  1136    -1
 2993   1202  1021  1051    -1
 2994   1202  1051  1227    -1
 2995   2468    83   105    -1
 2996   1560  2263  1198    -1
 2997   1227  1035  1174    -1
 2998   1022   627  1949    -1
 2999    309  1914  1735    -1
 3000    469  1591  1602    -1
 3001   1591   716  1602    -1
 3002   1117  1177  1048    -1
 3003    449  1982   724    -1
 3004    342   756   130    -1
 3005   1194  1091  1064    -1
 3006    371  1665  1190    -1
 3007    221  1581   630    -1
 3008    986  1296  1088    -1
 3009   1103   951  1063    -1
 3010   2242  1504  1420    -1
 3011    832  1558  1102    -1
 3012   1851  2180  2461    -1
 3013    252  1602   716    -1
 3014   1629  2272  2126    -1
 3015   1217  1101  1113    -1
 3016    907  2491   600    -1
 3017   2490   227   687    -1
 3018    441  1602  2419    -1
 3019    462   203  2139    -1
 3020    798  1028   805    -1
 3021   1423  1983   485    -1
 3022   1147  2196  2422    -1
 3023   1342  1123  1096    -1
 3024   1057  1096  1024    -1
 3025   1094  1110  1140    -1
 3026   1265  1162  2268    -1
 3027   1033  1107  1175    -1
 3028   1242  1293  1349    -1
 3029    777  1968  2272    -1
 3030   1083  1021  1229    -1
 3031   2132  1050  2322    -1
 3032   1081  1136  1254    -1
 3033   1851  2487  1157    -1
 3034   1165  1344  1244    -1
 3035   1099  1069  2337    -1
 3036   1151  1033  1175    -1
 3037   1196  1092  1118    -1
 3038   1301   176  1615    -1
 3039   1688   881  1108    -1
 3040    976  1049   995    -1
 3041   1591  2330  2104    -1
 3042    639   681    85    -1
 3043    986   952  1079    -1
 3044   1786  2123  1773    -1
 3045    921  2443   919    -1
 3046   1116  1012   948    -1
 3047   1101  1217  1029    -1
 3048   1170  1250  1009    -1
 3049   1780  1558   832    -1
 3050   1116   948  1089    -1
 3051   1087  1250  1127    -1
 3052    913   459   911    -1
 3053   2361   137    42    -1
 3054   1042  1113  1085    -1
 3055    850  1996  1280    -1
 3056   1127  1098  1087    -1
 3057   2427  1743  1952    -1
 3058   1167  1252  1080    -1
 3059   1058  1184  1124    -1
 3060    285   673   402    -1
 3061   1098  1234  1041    -1
 3062   2393   506   161    -1
 3063    550  1789   513    -1
 3064   1300   582     5    -1
 3065    875  1029   779    -1
 3066   1019  1204   977    -1
 3067    807   990  2175    -1
 3068   1135  1053  1199    -1
 3069    912  1136  1081    -1
 3070    612   614  1303    -1
 3071    390  1993   808    -1
 3072    449   724   702    -1
 3073   2408  2410  2409    -1
 3074   1132  1105  1151    -1
 3075   1128  1080  1062    -1
 3076   2447  1044  2016    -1
 3077    440  1192   557    -1
 3078   1012  1116  1168    -1
 3079    928   854   800    -1
 3080    987  1062  1080    -1
 3081   1064  1012  1168    -1
 3082   1077   951  1191    -1
 3083   1240  1313  1342    -1
 3084   1764    16   621    -1
 3085    872  1214  1126    -1
 3086   1112   903   132    -1
 3087   2443  2442   919    -1
 3088     81    95   136    -1
 3089   1774  2005   324    -1
 3090     90  1006   615    -1
 3091   1109  1005  1140    -1
 3092   1247  1345  1271    -1
 3093   1780  2149    16    -1
 3094   1139  1037  1083    -1
 3095   1125  1100  1123    -1
 3096    628  1684  1307    -1
 3097    349  1996    42    -1
 3098   1021   936  1051    -1
 3099   1200  1052  1135    -1
 3100    854  1012  1064    -1
 3101   1049  1032   995    -1
 3102   1260   119  1799    -1
 3103   1034   997  1133    -1
 3104   2324  2175   990    -1
 3105   1682  2302  1334    -1
 3106     12   604  1082    -1
 3107   2147  1500  1993    -1
 3108   1118  1065  1080    -1
 3109   1104  1045  1032    -1
 3110    390   235  1993    -1
 3111   1103  1191   951    -1
 3112    737  1265    66    -1
 3113   1166  1059  1077    -1
 3114   1049  1304  1106    -1
 3115   1614   807   194    -1
 3116    872  1059  1214    -1
 3117    488  1233  2391    -1
 3118   2192   328   885    -1
 3119    289   745   529    -1
 3120    539   495  1255    -1
 3121    125  1215    39    -1
 3122    966  1240  1097    -1
 3123    983  1083  1037    -1
 3124   1056  1110  1094    -1
 3125    695  2358  2416    -1
 3126   1356   288  1340    -1
 3127   1137  1056   979    -1
 3128    930   910  1157    -1
 3129    990   807  2328    -1
 3130    377   245   370    -1
 3131    257   137    86    -1
 3132   1491  1099  2337    -1
 3133   1176   998   929    -1
 3134   1048  1199  1016    -1
 3135    402  1112   678    -1
 3136    996   929   821    -1
 3137   1106  1032  1049    -1
 3138   2016  1682  2319    -1
 3139   1193  1030  1105    -1
 3140    988  1151  1105    -1
 3141    192  1779   869    -1
 3142   1065   987  1080    -1
 3143   1117  1029  1130    -1
 3144   1902  2446   187    -1
 3145   1144   729  1154    -1
 3146    729  1144   621    -1
 3147    948   985  1089    -1
 3148   2319  2322  2016    -1
 3149   1009   888   874    -1
 3150   1101  1085  1113    -1
 3151    985  1100  1089    -1
 3152   1066  1713  1060    -1
 3153   1098  1041  1008    -1
 3154   2448  1692  2447    -1
 3155   1041   968  1008    -1
 3156   1154   769   257    -1
 3157   1058  1124  1042    -1
 3158   1036   979  1056    -1
 3159   1038  1083   983    -1
 3160   1024   984  1057    -1
 3161   1215  1190    39    -1
 3162   1083  1038  1021    -1
 3163   2300  1704  2264    -1
 3164   1932  1154   257    -1
 3165   1036  1056  1094    -1
 3166    960  1002  1018    -1
 3167   1867  1869   171    -1
 3168    933   876   312    -1
 3169   1053  1002  1016    -1
 3170    279  1689     6    -1
 3171   1000  1227  1051    -1
 3172   2179  1017    62    -1
 3173   1035  1227  1000    -1
 3174    994  1048  1016    -1
 3175    931   912   712    -1
 3176   2089   420   733    -1
 3177    994  1117  1048    -1
 3178    225   244   287    -1
 3179   1063  1030  1193    -1
 3180    924  2362  2206    -1
 3181    793   970   966    -1
 3182   1062   987  1011    -1
 3183   1400   651   382    -1
 3184    888  1009  1250    -1
 3185    486   851  2406    -1
 3186   1074   966   970    -1
 3187    967  1100   985    -1
 3188   1041  1184   968    -1
 3189   2380   371  1215    -1
 3190    452   458  1612    -1
 3191   1899  2200  1888    -1
 3192   1051   936   842    -1
 3193   1002  1053  1018    -1
 3194   1250  1248  1127    -1
 3195   1255  1586   414    -1
 3196   1663   251  2302    -1
 3197    999  1081  1107    -1
 3198   2349   334   330    -1
 3199    373   571   639    -1
 3200   1133   998  1176    -1
 3201    952   997  1034    -1
 3202    952   858   997    -1
 3203   1151   988  1033    -1
 3204   1117   894  1029    -1
 3205   1045  1104   927    -1
 3206   1856  1263  2062    -1
 3207    276  2107  2256    -1
 3208   1215   371  1190    -1
 3209    927  1009   874    -1
 3210    236   305   606    -1
 3211    986  1088  1043    -1
 3212   1762  2140  1791    -1
 3213    743  2109  1893    -1
 3214   1126   830   872    -1
 3215   1195   213   815    -1
 3216   1237   506   482    -1
 3217    403    53  1560    -1
 3218    967  1096  1123    -1
 3219   1184  1058   968    -1
 3220   1545  1251   356    -1
 3221   1057   984  1097    -1
 3222    965  1109  1023    -1
 3223    842   936   768    -1
 3224    979   915  1020    -1
 3225     72  2100   208    -1
 3226   2088  1365  1665    -1
 3227    555   625  2112    -1
 3228   2179  1937   502    -1
 3229   1049   976  1200    -1
 3230   1052  1200   976    -1
 3231    998  1133   997    -1
 3232   1033   999  1107    -1
 3233   1322  1257  1727    -1
 3234    801  1092  1035    -1
 3235   1092   991  1118    -1
 3236   1105  1030   988    -1
 3237    889  1077  1059    -1
 3238   1104  1009   927    -1
 3239    633  2347   465    -1
 3240   1043   890   986    -1
 3241    687   464   562    -1
 3242   1581   221  1577    -1
 3243   1058  1042   969    -1
 3244    855   726  1225    -1
 3245   1773   572   575    -1
 3246   2391   463   184    -1
 3247   2290  1558  1780    -1
 3248   1096   967  1024    -1
 3249    941  1038   983    -1
 3250    806   825   897    -1
 3251    965  1005  1109    -1
 3252    906   966  1097    -1
 3253   2278  1337   334    -1
 3254    490  1115   251    -1
 3255   1020   918  1037    -1
 3256   2415   115  1792    -1
 3257    899   979  1036    -1
 3258   2415   376   881    -1
 3259   1616  1617   674    -1
 3260    335  1579  2232    -1
 3261   1102  1558   669    -1
 3262    977   912   931    -1
 3263   1051   842  1000    -1
 3264    976   732  1052    -1
 3265   1508   340  1462    -1
 3266   1530  1280  1129    -1
 3267    822   994  1016    -1
 3268    914   542   246    -1
 3269   1117   994   894    -1
 3270   1035  1000   801    -1
 3271   1124  1291  1042    -1
 3272    995   819   976    -1
 3273   2256  1973   276    -1
 3274   1118   991  1065    -1
 3275    246   542  1985    -1
 3276   1003  1616   674    -1
 3277   2237  1825   230    -1
 3278    345  1272  1876    -1
 3279   1101   875  1085    -1
 3280   1012   928   948    -1
 3281    889   908  1077    -1
 3282    492   479   596    -1
 3283   1043   812   890    -1
 3284    872   889  1059    -1
 3285    372  1667    30    -1
 3286    944   968  1058    -1
 3287    967   984  1024    -1
 3288   1683  1532  1751    -1
 3289   1750  1683  1751    -1
 3290   1937  2179    62    -1
 3291   2361    42   850    -1
 3292   1037   939   983    -1
 3293   1023  1109   901    -1
 3294   1038   920   962    -1
 3295   1504  1039  1495    -1
 3296   1508  2484  1269    -1
 3297   1019   901  1109    -1
 3298   1354  1133  1176    -1
 3299    890   816   835    -1
 3300    482   405   189    -1
 3301   1019   977   934    -1
 3302   1780    16  2290    -1
 3303    935  1053  1052    -1
 3304   2263  1560    53    -1
 3305    557  1192   262    -1
 3306    968   944  1008    -1
 3307    939   775   941    -1
 3308   1043  1074   970    -1
 3309   1810  2328   807    -1
 3310    621  1144  1764    -1
 3311   1016   861   822    -1
 3312   2393   161  1948    -1
 3313   1091   996   859    -1
 3314    988   954  1033    -1
 3315   2448  2447  1050    -1
 3316   1867  1763  2108    -1
 3317    954   856   534    -1
 3318    902   962   920    -1
 3319   2161    30  1667    -1
 3320    965   773  1005    -1
 3321   1068  2264   182    -1
 3322   1264  1819   515    -1
 3323    777   787   409    -1
 3324    900   114   100    -1
 3325   1460  1435  1292    -1
 3326   1021   962   936    -1
 3327    962  1021  1038    -1
 3328    854   837   800    -1
 3329   1243  1232  2404    -1
 3330    783  1033   954    -1
 3331    935  1018  1053    -1
 3332    931   897   977    -1
 3333   1532  1683  2385    -1
 3334   1002   861  1016    -1
 3335   1031   335  1479    -1
 3336    912  1081   999    -1
 3337   1181   606   305    -1
 3338   2226  1152   326    -1
 3339    819   995  1045    -1
 3340   1618   637   629    -1
 3341    137  2361    86    -1
 3342   1092   801   991    -1
 3343    892   819  1045    -1
 3344    974   854  1064    -1
 3345   1075   817   798    -1
 3346    562  2450  2474    -1
 3347   1433   697  1756    -1
 3348   1565   196   191    -1
 3349   1237  1391   409    -1
 3350    986   835   952    -1
 3351    951  1077   908    -1
 3352   1126  1011   830    -1
 3353    812  1043   970    -1
 3354   1932   257    86    -1
 3355    328  1327  1516    -1
 3356    948   871   985    -1
 3357    969   944  1058    -1
 3358    967   846   984    -1
 3359   1593  1004   293    -1
 3360    906  1097   984    -1
 3361   1376   787   777    -1
 3362    939   941   983    -1
 3363   1195   733  1856    -1
 3364   1005   773   791    -1
 3365     27   573   327    -1
 3366   1385  1532  1223    -1
 3367    917  1018   935    -1
 3368   1393  1277  1487    -1
 3369    515   193  2107    -1
 3370   2147   235   738    -1
 3371    181   302  2379    -1
 3372   1978   924  2206    -1
 3373   1664  1069  1099    -1
 3374    859   821   784    -1
 3375   2114  2181  2002    -1
 3376    482   189   953    -1
 3377   2143  2271  2034    -1
 3378   1743   550   513    -1
 3379   1136   977  1278    -1
 3380   1099  1491  1537    -1
 3381   1589  1400   280    -1
 3382    987   926  1011    -1
 3383    951   893  1063    -1
 3384    855  1708  1185    -1
 3385   1304  1049  1200    -1
 3386   2354  1356  1340    -1
 3387    526   762   407    -1
 3388   1253  1632   946    -1
 3389   1599   869  1779    -1
 3390   1336   612   669    -1
 3391     10  1545    78    -1
 3392   1337  2362   940    -1
 3393    985   871   967    -1
 3394   1400   382   526    -1
 3395    710    89  1623    -1
 3396    906   984   886    -1
 3397    674  1617   823    -1
 3398   2106   763  1947    -1
 3399    913  1355   441    -1
 3400   1018   917   960    -1
 3401    962   883   936    -1
 3402    935   844   917    -1
 3403    936   883   768    -1
 3404    612  1496   639    -1
 3405   1052   862   935    -1
 3406   1091  1194  1390    -1
 3407    998   860   929    -1
 3408    821   859   996    -1
 3409   1380  1907   813    -1
 3410    625   452  2112    -1
 3411   1071  1416   938    -1
 3412   2483   614   571    -1
 3413    994   857   894    -1
 3414    615    88    90    -1
 3415    639  1837   681    -1
 3416    927   892  1045    -1
 3417   1755   614  2483    -1
 3418   1190  1665   360    -1
 3419    894   779  1029    -1
 3420    890   835   986    -1
 3421    888   848   874    -1
 3422   1155   823   539    -1
 3423    837   854   974    -1
 3424    871   846   967    -1
 3425    875  1101  1029    -1
 3426    886   984   846    -1
 3427   1883  1402  1398    -1
 3428   1303   103   612    -1
 3429   1751   443   953    -1
 3430   1037   918   939    -1
 3431   1280  1530   850    -1
 3432    962   902   883    -1
 3433    800   708   760    -1
 3434   1884   868   628    -1
 3435    789   918   915    -1
 3436   1019   898   901    -1
 3437   1537  1623  1099    -1
 3438    899   915   979    -1
 3439    898  1019   934    -1
 3440   1019  1109  1204    -1
 3441    732   862  1052    -1
 3442    879  1000   842    -1
 3443    876  1692  2448    -1
 3444   1011  1126  1062    -1
 3445   1593   293   940    -1
 3446   1483   737    66    -1
 3447    858   640   997    -1
 3448    747   976   819    -1
 3449   1091   859   974    -1
 3450    684   466  2310    -1
 3451    954   988   856    -1
 3452   2030   288  1825    -1
 3453   1190   360  2204    -1
 3454    927   947   892    -1
 3455   1263   733   420    -1
 3456    948   873   871    -1
 3457    312  2192   933    -1
 3458    908   795   834    -1
 3459    872   830   699    -1
 3460    793   828   970    -1
 3461   1665  1365   360    -1
 3462   2387  1383  1070    -1
 3463   1706  2087  2495    -1
 3464    739   965  1023    -1
 3465   2137  1788  1821    -1
 3466    727   111  2459    -1
 3467    553   949  1314    -1
 3468    360  1365   973    -1
 3469   1219  1080  1128    -1
 3470    760   617   831    -1
 3471    690   917   844    -1
 3472    777  2272  1376    -1
 3473   2044  1856  2062    -1
 3474   1195  2166   733    -1
 3475   2166  1370   733    -1
 3476    899  1036   864    -1
 3477    690   960   917    -1
 3478   2106   940   763    -1
 3479    935   866   844    -1
 3480    940   924   763    -1
 3481    738   519  2147    -1
 3482    935   862   866    -1
 3483    654   653   570    -1
 3484    711   861   824    -1
 3485    669  2260  1336    -1
 3486   2063  1557   964    -1
 3487    812   816   890    -1
 3488    837   974   859    -1
 3489    330  1394  2477    -1
 3490    360  2010   304    -1
 3491    681  1530  1129    -1
 3492   1337   587   334    -1
 3493    854   928  1012    -1
 3494    894   857   779    -1
 3495    988  1030   856    -1
 3496     65    48    47    -1
 3497    669  1558  2260    -1
 3498    288  2030  1340    -1
 3499    640   998   997    -1
 3500    627  2374  1949    -1
 3501   2495  2115  1241    -1
 3502   1790  1824  1758    -1
 3503   1054  1970  1427    -1
 3504    875   778  1085    -1
 3505     96  1318  1493    -1
 3506    889   795   908    -1
 3507    903  1112  2040    -1
 3508   2241   120   357    -1
 3509   2319  1526  2322    -1
 3510   1735  1269  2484    -1
 3511   1038   941   845    -1
 3512    920  1038   845    -1
 3513    665   761   857    -1
 3514    553   868  1884    -1
 3515    213  1739   815    -1
 3516    953   443   482    -1
 3517    815  1739   590    -1
 3518    790   503   676    -1
 3519   2260  1558  2290    -1
 3520    915   899   767    -1
 3521    787  2197   409    -1
 3522    824   715   711    -1
 3523   1085   847  1042    -1
 3524    999   712   912    -1
 3525    860   998   804    -1
 3526    976   747   732    -1
 3527    640   858   664    -1
 3528    858   952   799    -1
 3529   1561  1397   438    -1
 3530    926  1065   725    -1
 3531    893   744  1030    -1
 3532    835   799   952    -1
 3533    928   800   760    -1
 3534    893   951   908    -1
 3535    742  1011   926    -1
 3536    556   662   484    -1
 3537    928   760   873    -1
 3538    892   947   852    -1
 3539    798   797  1075    -1
 3540    873   760   831    -1
 3541    713   607   645    -1
 3542    753   591   646    -1
 3543    794   795   889    -1
 3544    924  1183   763    -1
 3545    970   828   812    -1
 3546   1048  1177  1199    -1
 3547    871   829   846    -1
 3548    906   723   793    -1
 3549    773   547   592    -1
 3550   1023   901   654    -1
 3551    774   939   918    -1
 3552    827   901   898    -1
 3553    792   901   827    -1
 3554    203   462  1629    -1
 3555    934   790   865    -1
 3556    934   825   790    -1
 3557   1704  2300   657    -1
 3558    290   199   278    -1
 3559   1823  1164  2129    -1
 3560    825   934   897    -1
 3561    960   648   824    -1
 3562   1044   695  2302    -1
 3563    786   842   768    -1
 3564   1042   847   969    -1
 3565    626   711   715    -1
 3566    711   822   861    -1
 3567   1795  2459   111    -1
 3568   1033   783   999    -1
 3569    799   781   858    -1
 3570    991   801   780    -1
 3571    892   728   819    -1
 3572   2056   318  1739    -1
 3573    991   725  1065    -1
 3574    852   728   892    -1
 3575    856  1030   744    -1
 3576    893   834   744    -1
 3577    893   908   834    -1
 3578    741   947   874    -1
 3579   2301  2450  1332    -1
 3580    848   741   874    -1
 3581    810   848   944    -1
 3582    625  1869  2108    -1
 3583   1100   967  1123    -1
 3584    801  1000   879    -1
 3585    654   739  1023    -1
 3586   1001  1322  1727    -1
 3587    462  2139   682    -1
 3588    215   292   310    -1
 3589    654   901   792    -1
 3590    883   902   694    -1
 3591    865   721   827    -1
 3592   1094   791   770    -1
 3593   1468   194  1807    -1
 3594    790   721   865    -1
 3595    443  1751  1532    -1
 3596    688   844   866    -1
 3597    864  1036   770    -1
 3598    966   906   793    -1
 3599    463   411   428    -1
 3600    718   864   770    -1
 3601    752  2460   655    -1
 3602    686   767   864    -1
 3603   2064   471   173    -1
 3604     44    79   146    -1
 3605    929   996  1176    -1
 3606    879   842   786    -1
 3607   1894  1576  1555    -1
 3608    860   821   929    -1
 3609    989  2323   802    -1
 3610    781   799   707    -1
 3611    345  1876    25    -1
 3612    725   991   818    -1
 3613    835   816   799    -1
 3614    881  2167  1676    -1
 3615    154   168   177    -1
 3616    778   704   847    -1
 3617    871   873   829    -1
 3618    829   873   831    -1
 3619    101  1783   900    -1
 3620    723   906   886    -1
 3621    775   845   941    -1
 3622     82    47    81    -1
 3623    774   918   652    -1
 3624    759   755  2340    -1
 3625   2060   368  1941    -1
 3626   1265  2268  1259    -1
 3627    865   827   898    -1
 3628    960   690   736    -1
 3629    686   864   718    -1
 3630    915   767   766    -1
 3631   1607   687   562    -1
 3632    528  1246  1612    -1
 3633    950  2319   925    -1
 3634   1654  2301  1332    -1
 3635   1007  1013  2054    -1
 3636   1704   877   183    -1
 3637   2180  1851   378    -1
 3638   1269   574   143    -1
 3639    819   728   747    -1
 3640   2173  2054   172    -1
 3641   1656   724  1814    -1
 3642   2142   440  1095    -1
 3643    780   818   991    -1
 3644    852   658   728    -1
 3645    632   886   846    -1
 3646    875   779   660    -1
 3647    656   778   875    -1
 3648    963   397   133    -1
 3649    742   830  1011    -1
 3650    740   831   617    -1
 3651    810   741   848    -1
 3652   1856   213  1195    -1
 3653   1536  1511  1572    -1
 3654   1147  2456  2196    -1
 3655    828   793   631    -1
 3656   2056  1739  1407    -1
 3657   2010   360   973    -1
 3658    939   774   775    -1
 3659   2478  2303  1015    -1
 3660    840   802  1061    -1
 3661    262  1192   950    -1
 3662   1510  1416   394    -1
 3663    810   969   704    -1
 3664    722   792   827    -1
 3665   1154  1932  1144    -1
 3666    690   844   650    -1
 3667   2044   213  1856    -1
 3668    806   646   825    -1
 3669   2424  1535   175    -1
 3670    768   731   786    -1
 3671    732   735   862    -1
 3672    946   454  1253    -1
 3673    230  1825   491    -1
 3674    897   931   806    -1
 3675    665   857   822    -1
 3676    858   781   664    -1
 3677    140   441  1355    -1
 3678   2129  1155  1153    -1
 3679    779   857   761    -1
 3680    859   661   837    -1
 3681   1557  2010  2056    -1
 3682   2153  2001  1820    -1
 3683   2120  1084   720    -1
 3684    704   778   634    -1
 3685    701   795   794    -1
 3686    699   701   794    -1
 3687   2460  1522   657    -1
 3688    965   547   773    -1
 3689   1140  1204  1109    -1
 3690   1863  2132  2322    -1
 3691   1658   975  1837    -1
 3692   1026  1825  2237    -1
 3693   1075  1017  2179    -1
 3694    614   612   639    -1
 3695   2446  2247  2465    -1
 3696   1473   365  1054    -1
 3697    650   844   688    -1
 3698    556   433   497    -1
 3699      6  2301  1654    -1
 3700    770   753   718    -1
 3701    834   597   744    -1
 3702    824   648   715    -1
 3703    672   767   686    -1
 3704    806   713   646    -1
 3705    850  1530  1837    -1
 3706    766   767   672    -1
 3707   2319  1334   925    -1
 3708    680   741   810    -1
 3709    712   806   931    -1
 3710    821   785   784    -1
 3711   2225  2223  1348    -1
 3712   1984   338  1987    -1
 3713    661   859   662    -1
 3714   2016  1050  2447    -1
 3715    522   588   648    -1
 3716    800   709   708    -1
 3717     11   132   903    -1
 3718   1053  1016  1199    -1
 3719    725   818   598    -1
 3720    639  1496  1837    -1
 3721   2348  1509   853    -1
 3722    617   760   708    -1
 3723   2241  2480  2177    -1
 3724    927   874   947    -1
 3725   1973    72  1073    -1
 3726    723   886   698    -1
 3727    965   739   547    -1
 3728    772   902   776    -1
 3729    902   920   776    -1
 3730   1238  2356  1233    -1
 3731    791   773   592    -1
 3732    902   772   694    -1
 3733   1282  2444  2475    -1
 3734   2026  2021  1224    -1
 3735   1987   338   808    -1
 3736    770   791   566    -1
 3737    425   690   650    -1
 3738    719   883   694    -1
 3739    719   768   883    -1
 3740    957  1569  2238    -1
 3741     16  1764  2290    -1
 3742   1739   213  1004    -1
 3743    717   686   718    -1
 3744    961  1026     4    -1
 3745   1187   440  2142    -1
 3746    732   589   735    -1
 3747    829   831   740    -1
 3748   2417   975  1658    -1
 3749   2322  1050  2016    -1
 3750    915   766   789    -1
 3751    714   732   747    -1
 3752   2391  1434   488    -1
 3753    999   750   712    -1
 3754    804   640   559    -1
 3755    999   783   750    -1
 3756    662   859   784    -1
 3757    868  1679   628    -1
 3758    321  1317  1327    -1
 3759    696  2272  1629    -1
 3760    516   747   728    -1
 3761   1837  1496  1658    -1
 3762   2402  1143   863    -1
 3763    975   850  1837    -1
 3764    750   783   558    -1
 3765    527   513  1789    -1
 3766    328  1883   885    -1
 3767   1433   115  2484    -1
 3768   1185  1711   726    -1
 3769    818   780   619    -1
 3770   1658  2260  2290    -1
 3771    818   619   598    -1
 3772    742   926   725    -1
 3773    707   799   816    -1
 3774    660   656   875    -1
 3775    741   852   947    -1
 3776    816   812   703    -1
 3777    742   725   551    -1
 3778    810   704   680    -1
 3779    828   703   812    -1
 3780    650   688   567    -1
 3781   1813  1875  1871    -1
 3782    891  1108   386    -1
 3783    775   774   595    -1
 3784    557   262   916    -1
 3785   1467   491   500    -1
 3786    748   801   879    -1
 3787    722   827   721    -1
 3788   2260  1496  1336    -1
 3789    649   688   735    -1
 3790    385   447   481    -1
 3791    768   719   731    -1
 3792    672   686   671    -1
 3793   2290  1764  2417    -1
 3794    734   672   683    -1
 3795    642   785   860    -1
 3796    642   860   804    -1
 3797    559   642   804    -1
 3798    711   605   822    -1
 3799    879   666   748    -1
 3800    664   781   601    -1
 3801   1068   904   655    -1
 3802    728   658   599    -1
 3803    852   741   658    -1
 3804    740   632   829    -1
 3805    846   829   632    -1
 3806    529   746  1884    -1
 3807   2485  1845  1849    -1
 3808    489   698   632    -1
 3809   1658  1496  2260    -1
 3810    677   772   776    -1
 3811    675   792   722    -1
 3812    541   731   719    -1
 3813    502  1473   151    -1
 3814    721   790   676    -1
 3815    790   825   689    -1
 3816    196   527  2288    -1
 3817    689   503   790    -1
 3818    647   652   789    -1
 3819    688   866   735    -1
 3820    648   588   715    -1
 3821    766   672   734    -1
 3822    734   685   766    -1
 3823    685   786   731    -1
 3824    612  1336  1496    -1
 3825    860   785   821    -1
 3826    907  1648  2491    -1
 3827    665   822   605    -1
 3828   2490  2347   633    -1
 3829    912   977  1136    -1
 3830    837   661   709    -1
 3831   1073  1288  1628    -1
 3832    816   576   707    -1
 3833    636   658   741    -1
 3834    816   703   576    -1
 3835   1036  1094   770    -1
 3836    252  1495  1039    -1
 3837   2328  1408   990    -1
 3838    632   698   886    -1
 3839    775   677   845    -1
 3840   2112  1612  1246    -1
 3841    654   792   675    -1
 3842    605   711   626    -1
 3843   1801  1965  1967    -1
 3844    721   675   722    -1
 3845   1785   161   506    -1
 3846    613   887  1774    -1
 3847    112   215   126    -1
 3848    803  1985   542    -1
 3849    828   631   512    -1
 3850   1932    86  2417    -1
 3851    646   523   689    -1
 3852   2312  1280   387    -1
 3853    766   685   608    -1
 3854    608   685   731    -1
 3855    717   753   645    -1
 3856    753   713   645    -1
 3857   1787  1725  1889    -1
 3858    624   786   685    -1
 3859    975  2417    86    -1
 3860    896   234  1820    -1
 3861    458   796  1612    -1
 3862    647   789   766    -1
 3863    712   713   806    -1
 3864    714   747   499    -1
 3865   2396   758  1409    -1
 3866    470   748   666    -1
 3867    264   407   762    -1
 3868     62   973  1365    -1
 3869    728   599   516    -1
 3870    488  1434  2394    -1
 3871    619   780   623    -1
 3872    104  1676  1318    -1
 3873    856   744   534    -1
 3874    709   659   708    -1
 3875   1914  1267  1735    -1
 3876    191  2287  2197    -1
 3877    709   661   638    -1
 3878   2456  1849  1845    -1
 3879   1837  1530   681    -1
 3880    161  1594  1948    -1
 3881    795   701   549    -1
 3882    508   723   698    -1
 3883    280  1978  2063    -1
 3884    924   940  2362    -1
 3885    625   555  1869    -1
 3886    151  2179   502    -1
 3887    569   595   774    -1
 3888   1763  1867  2496    -1
 3889    676   675   721    -1
 3890    135  1532  2385    -1
 3891   2311  2277  2228    -1
 3892    460   410   511    -1
 3893   2044  1337   940    -1
 3894    972  1004  1593    -1
 3895    794   872   699    -1
 3896   1334  2302   251    -1
 3897    588   626   715    -1
 3898    714   589   732    -1
 3899    989   802   242    -1
 3900    685   734   624    -1
 3901    521   537   624    -1
 3902   2084  1223   135    -1
 3903    787   191  2197    -1
 3904   1759  1072   895    -1
 3905    783   954   558    -1
 3906    752  1522  2460    -1
 3907    707   601   781    -1
 3908    183  1823  1451    -1
 3909    749  1397   201    -1
 3910   2166  1195  1082    -1
 3911    718   753   717    -1
 3912    530   597   549    -1
 3913   1466  1657  1460    -1
 3914    632   740   596    -1
 3915    793   723   631    -1
 3916    652   569   774    -1
 3917    654   570   739    -1
 3918   1869  1867  2108    -1
 3919    675   653   654    -1
 3920   1162  1265   737    -1
 3921   1567  1462   127    -1
 3922    578   509  1409    -1
 3923    594   569   568    -1
 3924    888  1008   944    -1
 3925    573   459   327    -1
 3926    560   377   370    -1
 3927    646   713   753    -1
 3928   1502  1639  1542    -1
 3929    731   541   608    -1
 3930    845   776   920    -1
 3931    671   686   717    -1
 3932    670   671   717    -1
 3933    683   672   644    -1
 3934    644   672   671    -1
 3935   1792  2330   376    -1
 3936   1423  1404   419    -1
 3937    673   285    30    -1
 3938    946  1632   264    -1
 3939    712   607   713    -1
 3940    907   600   958    -1
 3941    626   585   605    -1
 3942    712   538   607    -1
 3943    712   750   538    -1
 3944    662   535   661    -1
 3945    638   659   709    -1
 3946    623   481   619    -1
 3947    954   534   558    -1
 3948    989  2340  2174    -1
 3949    658   636   599    -1
 3950    620   656   660    -1
 3951    598   551   725    -1
 3952    950  2173  2319    -1
 3953    975    86  2361    -1
 3954     96   305   236    -1
 3955    461   742   551    -1
 3956    699   442   701    -1
 3957    975  2361   850    -1
 3958    499   516   435    -1
 3959    200  1501   451    -1
 3960    570   547   739    -1
 3961    592   547   477    -1
 3962   2166  1082   118    -1
 3963   1307  1884   628    -1
 3964   2060  1322   368    -1
 3965    652   568   569    -1
 3966   1526   172   206    -1
 3967    791   592   566    -1
 3968    299   400   308    -1
 3969    663  2494    60    -1
 3970    545   568   652    -1
 3971    735   589   649    -1
 3972    742   699   830    -1
 3973    608   647   766    -1
 3974   1577   221  1148    -1
 3975   2356   419  1404    -1
 3976    585   588   473    -1
 3977    422   484   785    -1
 3978    594   564   694    -1
 3979    845   677   776    -1
 3980   1246   555  2112    -1
 3981    624   666   879    -1
 3982    422   785   642    -1
 3983    784   484   662    -1
 3984   2223  2225   603    -1
 3985   1820  2138   896    -1
 3986     17     1     3    -1
 3987    511   442   699    -1
 3988    463   428  2246    -1
 3989   1534    34   895    -1
 3990    707   576   601    -1
 3991    620   634   656    -1
 3992    599   636   634    -1
 3993    636   741   680    -1
 3994    634   636   680    -1
 3995    531   576   703    -1
 3996   1863  1526  1698    -1
 3997   1985   706   691    -1
 3998    534   493   494    -1
 3999    615  1937  1808    -1
 4000   1479  2232   121    -1
 4001    866   862   735    -1
 4002    366   353   367    -1
 4003    677   775   595    -1
 4004   2245   904   613    -1
 4005    294  1689   279    -1
 4006    677   595   594    -1
 4007    861  1002   824    -1
 4008    772   594   694    -1
 4009    909  1356  2303    -1
 4010    116    93   150    -1
 4011    690   425   543    -1
 4012    652   647   545    -1
 4013    302   181  1047    -1
 4014    683   624   734    -1
 4015    969   810   944    -1
 4016    607   670   645    -1
 4017    644   671   670    -1
 4018    676   653   675    -1
 4019    644   521   683    -1
 4020    605   585   561    -1
 4021    370   365   560    -1
 4022    683   521   624    -1
 4023   1819   193   515    -1
 4024    665   605   580    -1
 4025    689   825   646    -1
 4026   1306   916   925    -1
 4027    623   748   468    -1
 4028    535   638   661    -1
 4029   2434  1368   275    -1
 4030   1764  1144  2417    -1
 4031    620   599   634    -1
 4032     34  2223   603    -1
 4033    551   598   514    -1
 4034   1461  1443  1635    -1
 4035    289  1492  2478    -1
 4036   1060   347  1066    -1
 4037    237   539   823    -1
 4038    455   570   653    -1
 4039   1399  1376  2272    -1
 4040     21   765   565    -1
 4041   2180   143   139    -1
 4042   1593   454   501    -1
 4043   1981  1836  2049    -1
 4044    567   688   649    -1
 4045    663    70  1732    -1
 4046    690   543   736    -1
 4047    564   719   694    -1
 4048    642   498   422    -1
 4049    522   648   736    -1
 4050    242   802   840    -1
 4051    589   714   540    -1
 4052    588   585   626    -1
 4053   1657   849  1460    -1
 4054    537   666   624    -1
 4055    580   375   554    -1
 4056    646   591   523    -1
 4057    605   424   580    -1
 4058   1144  1932  2417    -1
 4059    611   100    88    -1
 4060    556   535   662    -1
 4061   1473  1040   817    -1
 4062   1678   546   501    -1
 4063    761   554   660    -1
 4064    534   494   558    -1
 4065    554   761   580    -1
 4066    516   599   620    -1
 4067   2056   964  1557    -1
 4068    597   532   577    -1
 4069   2374   622  1405    -1
 4070    512   531   703    -1
 4071   1095   788  2142    -1
 4072    724   261  2174    -1
 4073    461   511   742    -1
 4074    489   508   698    -1
 4075    631   723   508    -1
 4076    595   569   594    -1
 4077   2484  1508  1462    -1
 4078    517   638   535    -1
 4079      5  2434   275    -1
 4080    592   487   566    -1
 4081    650   567   425    -1
 4082     88   615  1189    -1
 4083   1381  1883   978    -1
 4084   1226  1881  1055    -1
 4085    546  1678   651    -1
 4086   1152  1150   326    -1
 4087   2500   649   540    -1
 4088    492   617   708    -1
 4089    499   747   516    -1
 4090    537   470   666    -1
 4091    568   564   594    -1
 4092   1563  1715  1134    -1
 4093    461   551   514    -1
 4094   1875  1813  1950    -1
 4095    470   468   748    -1
 4096    507   701   442    -1
 4097    496   375   415    -1
 4098    575  1301  1615    -1
 4099    483   558   494    -1
 4100    572  2123  1716    -1
 4101    620   660   496    -1
 4102    226   501   454    -1
 4103    596   617   492    -1
 4104   1183   924  1978    -1
 4105    701   507   549    -1
 4106    510   631   508    -1
 4107    157   119    97    -1
 4108    772   677   594    -1
 4109    334   587  2342    -1
 4110    653   676   455    -1
 4111    517   659   638    -1
 4112    372   610  1667    -1
 4113   1026  2237   478    -1
 4114    544   523   591    -1
 4115    649   408   567    -1
 4116    499   540   714    -1
 4117   1579   335  2084    -1
 4118    541   564   545    -1
 4119    438  1397  1941    -1
 4120    544   591   566    -1
 4121    541   719   564    -1
 4122    589   540   649    -1
 4123    473   588   522    -1
 4124    804   998   640    -1
 4125    664   559   640    -1
 4126    670   584   644    -1
 4127   1664  1099  1623    -1
 4128    398   336   348    -1
 4129    558   518   750    -1
 4130    664   417   559    -1
 4131   2246   963  1426    -1
 4132    556   497   535    -1
 4133    535   497   517    -1
 4134    664   601   417    -1
 4135    659   467   708    -1
 4136    838   264   762    -1
 4137    514   446   412    -1
 4138    489   632   596    -1
 4139   1288  1272  1249    -1
 4140    724  1656   261    -1
 4141    508   392   510    -1
 4142    477   547   570    -1
 4143    503   475   676    -1
 4144   1437   691   706    -1
 4145   1774   504   613    -1
 4146    566   487   544    -1
 4147    564   568   545    -1
 4148   2010   973  2056    -1
 4149    522   736   543    -1
 4150     96   236   309    -1
 4151    608   545   647    -1
 4152   1856   733  1263    -1
 4153    608   541   545    -1
 4154    762   980   838    -1
 4155    584   670   607    -1
 4156    424   605   561    -1
 4157    642   559   498    -1
 4158    441  2419  1372    -1
 4159    762   526   980    -1
 4160    518   558   483    -1
 4161   2242  1666   133    -1
 4162    454   946   226    -1
 4163    415   516   496    -1
 4164   1838  1842  1839    -1
 4165    577   744   597    -1
 4166    623   468   481    -1
 4167    840   266   243    -1
 4168    496   660   554    -1
 4169    447   619   481    -1
 4170    417   601   413    -1
 4171    532   597   530    -1
 4172   1565  1569   205    -1
 4173    978  2206  2278    -1
 4174    276  1667   610    -1
 4175    509  2396  1409    -1
 4176    511   410   426    -1
 4177   1985   691   195    -1
 4178    838  1412   264    -1
 4179    475   455   676    -1
 4180    487   592   477    -1
 4181   1799   357  1260    -1
 4182    631   510   444    -1
 4183    543   453   522    -1
 4184    248   301   209    -1
 4185    743    59   749    -1
 4186   1622  1441    66    -1
 4187    946   264  1412    -1
 4188   2417  1658  2290    -1
 4189    498   559   388    -1
 4190   1397  2060  1941    -1
 4191   1949  2069   515    -1
 4192   1185   346  1711    -1
 4193    421   470   537    -1
 4194   2324    89  2175    -1
 4195   2056  1017   318    -1
 4196    794   889   872    -1
 4197    516   415   435    -1
 4198    538   520   607    -1
 4199    431   659   517    -1
 4200    431   467   659    -1
 4201    375   496   554    -1
 4202    764   459  1372    -1
 4203    601   576   413    -1
 4204   1319   226   396    -1
 4205   1372  2419   764    -1
 4206    619   447   446    -1
 4207    219  2237   230    -1
 4208    489   392   508    -1
 4209   1534  2223    34    -1
 4210   1985   788   706    -1
 4211   2500   408   649    -1
 4212    487   474   525    -1
 4213   1629   462   696    -1
 4214    945  1750   609    -1
 4215    840   243   242    -1
 4216     54    13    31    -1
 4217    474   689   525    -1
 4218   2452  1356  2357    -1
 4219    946  1412   226    -1
 4220    455   477   570    -1
 4221   1912  1809  1873    -1
 4222    584   607   520    -1
 4223    584   521   644    -1
 4224    333   296   444    -1
 4225    493   577   533    -1
 4226    115  1735  2484    -1
 4227   2268   192  1259    -1
 4228    472   538   750    -1
 4229    386  1591   891    -1
 4230    234  2153  1820    -1
 4231    537   521   418    -1
 4232    470   432   468    -1
 4233   1705  2302   695    -1
 4234   1287   219   230    -1
 4235    533   532   429    -1
 4236    301   238   406    -1
 4237   1046  1732    70    -1
 4238    849  1478  1460    -1
 4239   1358  1001  1727    -1
 4240     41  1007  2054    -1
 4241    487   477   474    -1
 4242    796  1145  1213    -1
 4243    477   475   474    -1
 4244    544   487   525    -1
 4245    251  1663  2153    -1
 4246    523   544   525    -1
 4247    689   474   503    -1
 4248    343   543  2501    -1
 4249    343   453   543    -1
 4250    980   526   382    -1
 4251    298   553  1884    -1
 4252    283   358   325    -1
 4253   2132     2  1050    -1
 4254    521   584   418    -1
 4255    584   520   418    -1
 4256    353   520   472    -1
 4257    750   518   472    -1
 4258    354   498   388    -1
 4259    422   434   484    -1
 4260    398   421   537    -1
 4261    433   556   484    -1
 4262   1823  2129  1451    -1
 4263    517   497   431    -1
 4264    382   651  1678    -1
 4265    324  2174  2340    -1
 4266    417   388   559    -1
 4267    474   475   503    -1
 4268    493   533   429    -1
 4269    445   392   489    -1
 4270   1334  2319  1682    -1
 4271    146    95    44    -1
 4272    442   282   457    -1
 4273    973    62  1017    -1
 4274    152   290   260    -1
 4275   1274   430  2375    -1
 4276    199   290   152    -1
 4277    173  1399   450    -1
 4278    540   439  2500    -1
 4279    234   896  1281    -1
 4280   1949   515  2107    -1
 4281    353   418   520    -1
 4282   1863    21  2132    -1
 4283   1568  1829   942    -1
 4284    580   424   379    -1
 4285    242  2340   989    -1
 4286   1374   787   471    -1
 4287   1810  1522  2328    -1
 4288   1220  1299  1132    -1
 4289    292   267   310    -1
 4290    468   432   481    -1
 4291   1203   813  1907    -1
 4292    413   362   417    -1
 4293   2184  1121   738    -1
 4294    384   413   531    -1
 4295   1857  1517  1687    -1
 4296   2432     5    80    -1
 4297    412   383   461    -1
 4298    446   514   598    -1
 4299   1182  1207  1206    -1
 4300    461   460   511    -1
 4301   2192   312   321    -1
 4302    381   530   507    -1
 4303    381   507   457    -1
 4304    426   332   511    -1
 4305    135  2385  2084    -1
 4306   2328  1522   759    -1
 4307    477   455   475    -1
 4308    391   425   567    -1
 4309   1390  1428  1502    -1
 4310    527   205   513    -1
 4311    267   434   422    -1
 4312    266  1664  1623    -1
 4313     27   327   411    -1
 4314   1537   710  1623    -1
 4315   1649  1648  1010    -1
 4316    195   466   684    -1
 4317    385   481   432    -1
 4318    580   379   375    -1
 4319    838   782  1412    -1
 4320   2226  1870  2342    -1
 4321    289  2478   745    -1
 4322    448   483   494    -1
 4323   1064  1091   974    -1
 4324    942   226  1412    -1
 4325    532   359   429    -1
 4326    778   656   634    -1
 4327    512   631   444    -1
 4328     88   114  1090    -1
 4329    442   457   507    -1
 4330    458  2401  1145    -1
 4331    323   263   442    -1
 4332    980   382   982    -1
 4333    332   442   511    -1
 4334    522   453   473    -1
 4335   1061  1664   266    -1
 4336    453   406   473    -1
 4337    160   152   260    -1
 4338    585   473   389    -1
 4339    561   585   355    -1
 4340    435   400   499    -1
 4341    973  1017  2056    -1
 4342     25   118  1082    -1
 4343    483   367   518    -1
 4344    877   194  1823    -1
 4345    431   497   433    -1
 4346    604   345    25    -1
 4347     24    55    61    -1
 4348    494   361   448    -1
 4349   1869   555  1411    -1
 4350    447   317   446    -1
 4351    383   460   461    -1
 4352    445   489   479    -1
 4353    323   442   332    -1
 4354   1298  1213  2425    -1
 4355    355   585   389    -1
 4356    331   354   388    -1
 4357    401   561   355    -1
 4358    561   401   424    -1
 4359    353   472   367    -1
 4360    423   422   498    -1
 4361   1878  1843  1917    -1
 4362    417   287   388    -1
 4363    287   329   388    -1
 4364    193  1561   438    -1
 4365    367   472   518    -1
 4366    431   433   337    -1
 4367    340  1504  1495    -1
 4368    337   467   431    -1
 4369    980   782   838    -1
 4370    493   361   494    -1
 4371   1412   782   942    -1
 4372    229   447   232    -1
 4373    226   942   396    -1
 4374    512   384   531    -1
 4375    980  1608   782    -1
 4376    982  1525   980    -1
 4377    532   530   359    -1
 4378    383   410   460    -1
 4379   1278   977  1204    -1
 4380   2060  1257  1322    -1
 4381    697  1433  2484    -1
 4382   1678   982   382    -1
 4383   1678   501  1319    -1
 4384    329   331   388    -1
 4385   1369  1328  1172    -1
 4386    424   286   379    -1
 4387    549   507   530    -1
 4388    443   404  1391    -1
 4389    334  2349  2278    -1
 4390    432   470   421    -1
 4391    104  1228  2415    -1
 4392    417   306   287    -1
 4393    306   417   362    -1
 4394    159    77    91    -1
 4395     72  1973  2256    -1
 4396    241   239   145    -1
 4397    364   448   366    -1
 4398    493   429   211    -1
 4399    232   447   385    -1
 4400   1504  2242   133    -1
 4401    189  1906   953    -1
 4402   1560  1198   285    -1
 4403    384   256   413    -1
 4404    510   333   444    -1
 4405   2026  1703  2021    -1
 4406    359   530   381    -1
 4407    567   408   391    -1
 4408   1356  1015  2303    -1
 4409    226  1319   501    -1
 4410    377    97  1014    -1
 4411    355   313   401    -1
 4412    867   809   182    -1
 4413    446   598   619    -1
 4414    401   286   424    -1
 4415   1704  1211  2264    -1
 4416    351   336   418    -1
 4417    364   367   483    -1
 4418    421   398   348    -1
 4419    959   285  1198    -1
 4420   1256   222  2261    -1
 4421    415   375   307    -1
 4422    385   348   232    -1
 4423    166  2394  2496    -1
 4424    245   586  1181    -1
 4425    444   296   384    -1
 4426    457   272   381    -1
 4427    358   410   383    -1
 4428    981   280  1400    -1
 4429    344   426   410    -1
 4430    333   510   392    -1
 4431    410   358   344    -1
 4432   2330   386   376    -1
 4433    426   344   332    -1
 4434    215   112   177    -1
 4435    341   439   437    -1
 4436    439   341   268    -1
 4437   2272   696  1399    -1
 4438    300   310   354    -1
 4439    400   437   499    -1
 4440    427  1591   469    -1
 4441   1504   340  1553    -1
 4442    418   353   351    -1
 4443   1560   285   678    -1
 4444    432   421   348    -1
 4445    367   364   366    -1
 4446    348   385   432    -1
 4447   1703    20   745    -1
 4448    336   351   350    -1
 4449    297   479   492    -1
 4450    392   445   333    -1
 4451    297   445   479    -1
 4452    412   446   317    -1
 4453    389   473   406    -1
 4454    820   235   390    -1
 4455     49    36    91    -1
 4456    691  1437  1431    -1
 4457    356   100   992    -1
 4458   2044   293   213    -1
 4459    457   282   272    -1
 4460   2330  1591   386    -1
 4461   1394   884  2092    -1
 4462    434   267   265    -1
 4463    350   351   363    -1
 4464     10    78   347    -1
 4465    352   415   307    -1
 4466    307   375   277    -1
 4467    173   787  1376    -1
 4468   1430  1984  1807    -1
 4469    366   448   363    -1
 4470   2422  2489  2371    -1
 4471    195   684  2123    -1
 4472    211   320   493    -1
 4473   1690  1343   882    -1
 4474    271   323   332    -1
 4475   2501   295   343    -1
 4476   1608  1568   782    -1
 4477   1568   942   782    -1
 4478   1430  1807   194    -1
 4479   1406  1472  1562    -1
 4480    170   178   300    -1
 4481    344   253   271    -1
 4482   1325  1168  1367    -1
 4483    351   353   366    -1
 4484   2138  1483    66    -1
 4485    467   337   198    -1
 4486    461   514   412    -1
 4487    363   351   366    -1
 4488    362   273   306    -1
 4489    467   198   231    -1
 4490    324  2340   755    -1
 4491    231   297   492    -1
 4492    319   362   256    -1
 4493    384   254   256    -1
 4494    297   333   445    -1
 4495    333   297   296    -1
 4496    325   358   383    -1
 4497    412   325   383    -1
 4498   1678  1319   982    -1
 4499   2501   268   295    -1
 4500    439   268  2501    -1
 4501    278   401   313    -1
 4502    389   406   238    -1
 4503    314   300   331    -1
 4504    202   313   389    -1
 4505    313   355   389    -1
 4506   1920   476   485    -1
 4507    779   761   660    -1
 4508    406   437   301    -1
 4509   1121   519   738    -1
 4510    278   313   311    -1
 4511   1608   980  1525    -1
 4512    401   278   286    -1
 4513    267   422   310    -1
 4514    308   400   435    -1
 4515    435   352   308    -1
 4516    888   944   848    -1
 4517    277   379   286    -1
 4518    316  2240  2479    -1
 4519    428  2276   963    -1
 4520    504  1774   324    -1
 4521    310   422   423    -1
 4522    434   265   337    -1
 4523    627  1025   622    -1
 4524    284   348   336    -1
 4525    320   363   361    -1
 4526    362   413   256    -1
 4527    315  2134  1783    -1
 4528    439   540   437    -1
 4529   1632   407   264    -1
 4530    173   450  2064    -1
 4531   1962  2463  1927    -1
 4532   2252  2406   851    -1
 4533    904  2245   655    -1
 4534    344   271   332    -1
 4535    453   343   322    -1
 4536   2426  1543   436    -1
 4537    400   299   301    -1
 4538    437   400   301    -1
 4539    406   453   341    -1
 4540    288   500   491    -1
 4541    348   284   232    -1
 4542    320   223   363    -1
 4543   1186  2464   609    -1
 4544    317   447   229    -1
 4545    211   429   359    -1
 4546    358   283   344    -1
 4547    331   300   354    -1
 4548   1984  1430   338    -1
 4549    215   300   178    -1
 4550    329   314   331    -1
 4551   2144   548   880    -1
 4552    273   287   306    -1
 4553    198   337   265    -1
 4554     96  1228   104    -1
 4555   2134  1090   114    -1
 4556    319   273   362    -1
 4557   2232  1479   335    -1
 4558     12  1082  1195    -1
 4559    412   317   325    -1
 4560    241   381   272    -1
 4561    787  1374   191    -1
 4562    341   322   268    -1
 4563   1494  1707  1457    -1
 4564    202   389   238    -1
 4565    156   170   169    -1
 4566     38    15    19    -1
 4567    314   329   244    -1
 4568    278   311   290    -1
 4569    430  2229  2273    -1
 4570    307   308   352    -1
 4571    321   328  2192    -1
 4572   1584  2288  1785    -1
 4573    384   512   444    -1
 4574    493   320   361    -1
 4575    293  2044   940    -1
 4576    299   209   301    -1
 4577   1623    89  2324    -1
 4578   1608  2073  1568    -1
 4579    758   130   757    -1
 4580     32    50    45    -1
 4581    296   297   212    -1
 4582    396   942  1829    -1
 4583    271   263   323    -1
 4584    322   343   250    -1
 4585    248   238   301    -1
 4586     87   138   145    -1
 4587    290   308   260    -1
 4588    363   274   350    -1
 4589   1218  1249   345    -1
 4590    258   363   223    -1
 4591   2226  2342   587    -1
 4592    317   240   325    -1
 4593    240   283   325    -1
 4594    344   283   253    -1
 4595    250   343   295    -1
 4596   1066   765  1114    -1
 4597   1773  2123   572    -1
 4598    295   268   216    -1
 4599   1075   797  1017    -1
 4600    502   560  1473    -1
 4601    247   300   314    -1
 4602    528  1612   796    -1
 4603    290   311   299    -1
 4604   2064   450  1908    -1
 4605    287   244   329    -1
 4606    326  1870  2226    -1
 4607    287   273   141    -1
 4608    274   284   350    -1
 4609    877  1614   194    -1
 4610    817  1075   151    -1
 4611    272   282   239    -1
 4612   1350    41   291    -1
 4613    300   247   170    -1
 4614    467   231   492    -1
 4615    260   308   307    -1
 4616    434   337   433    -1
 4617   1078   245  1181    -1
 4618    277   260   307    -1
 4619    232   284   185    -1
 4620    229   240   317    -1
 4621    895   346  1534    -1
 4622   1319   396  1715    -1
 4623    271   210   263    -1
 4624   2144  1829  1568    -1
 4625   1308  1258  1206    -1
 4626   1545   356    78    -1
 4627    244   247   314    -1
 4628    309  1228    96    -1
 4629    786   624   879    -1
 4630     52    93   116    -1
 4631    259   198   265    -1
 4632    119   157    90    -1
 4633   1941  2100   438    -1
 4634    485  1952   943    -1
 4635   2494  2439  2160    -1
 4636   2213  1563  2436    -1
 4637    296   212   254    -1
 4638    145   211   241    -1
 4639    283   240   253    -1
 4640    271   218   204    -1
 4641    132   682   403    -1
 4642   1067  2436  1563    -1
 4643    311   209   299    -1
 4644     46  2452    56    -1
 4645   2213   982  1319    -1
 4646     87    73   186    -1
 4647    273   197   188    -1
 4648    217   322   250    -1
 4649    141   225   287    -1
 4650   1568  2073  2144    -1
 4651   1949  2374  2069    -1
 4652    363   258   274    -1
 4653    352   435   415    -1
 4654   1727  2053  1358    -1
 4655    240   158   253    -1
 4656    813  1014  1380    -1
 4657   1359    41  2054    -1
 4658     11   696   462    -1
 4659    471  1138  1374    -1
 4660   2134   900  1783    -1
 4661    231   198   148    -1
 4662    216   268   217    -1
 4663   2073  1608  1525    -1
 4664    292   168   267    -1
 4665    743   749   201    -1
 4666   1462   697  2484    -1
 4667    198   159   148    -1
 4668    319   197   273    -1
 4669    185   284   274    -1
 4670    256   254   180    -1
 4671    232   207   229    -1
 4672    147   319   180    -1
 4673    212   297   174    -1
 4674    609  2464   399    -1
 4675    253   228   271    -1
 4676    228   218   271    -1
 4677     97  1380  1014    -1
 4678    263   239   282    -1
 4679   1715  2213  1319    -1
 4680    705  1398  1402    -1
 4681    250   295   216    -1
 4682   1246   528  1594    -1
 4683    177   292   215    -1
 4684    311   313   202    -1
 4685    224   160   277    -1
 4686    492   708   467    -1
 4687    277   286   224    -1
 4688    520   538   472    -1
 4689    141   273   188    -1
 4690    200  2466  1549    -1
 4691    185   207   232    -1
 4692    120   339   754    -1
 4693    462   682    11    -1
 4694    229   207   240    -1
 4695    116   107    84    -1
 4696    340  1495   127    -1
 4697   1078   370   245    -1
 4698   2468    34   603    -1
 4699   2264  1068  2300    -1
 4700    202   162   311    -1
 4701   1532   404   443    -1
 4702    404  1532   643    -1
 4703    267   168   265    -1
 4704    278   199   286    -1
 4705    147   197   319    -1
 4706    160   260   277    -1
 4707     27   463  2391    -1
 4708    158   228   253    -1
 4709    138   223   320    -1
 4710   2144  2386  1829    -1
 4711    471   787   173    -1
 4712    957  1743   513    -1
 4713    286   199   224    -1
 4714    168   292   177    -1
 4715     69    68    73    -1
 4716    145   138   320    -1
 4717    212   174   136    -1
 4718    745  2478  1703    -1
 4719    320   211   145    -1
 4720    459   573  1404    -1
 4721   1061   266   840    -1
 4722    239   241   272    -1
 4723    271   179   165    -1
 4724    210   239   263    -1
 4725   2288  2287   196    -1
 4726    265   168   259    -1
 4727    527   196   205    -1
 4728    186   185   274    -1
 4729   1715   396  2386    -1
 4730   2073  1525  2436    -1
 4731    254   212   180    -1
 4732    702   629   637    -1
 4733    228   158   218    -1
 4734    513   205   957    -1
 4735    231   148   167    -1
 4736   1293  1242  1285    -1
 4737    202   238   163    -1
 4738    158   207   129    -1
 4739    540   499   437    -1
 4740    240   207   158    -1
 4741    210   271   165    -1
 4742    209   162   155    -1
 4743    170   247   153    -1
 4744   2144   880  2386    -1
 4745    244   153   247    -1
 4746    759  1408  2328    -1
 4747    259   149   198    -1
 4748   1408   759  2340    -1
 4749    231   167   174    -1
 4750    384   296   254    -1
 4751    199   152   224    -1
 4752    180   146   147    -1
 4753     95   180   212    -1
 4754   1525  2213  2436    -1
 4755    248   155   163    -1
 4756    629   702  1606    -1
 4757   2144  2073   548    -1
 4758    149   259   109    -1
 4759    198   149   159    -1
 4760    102   207   185    -1
 4761    548  2073  2436    -1
 4762   1823   194  1164    -1
 4763    969   847   704    -1
 4764    180    95   146    -1
 4765    242  1408  2340    -1
 4766    215   178   126    -1
 4767    244   225   150    -1
 4768   1656  2237   219    -1
 4769    153   169   170    -1
 4770   1942  1673  1905    -1
 4771    244   150    93    -1
 4772    168   109   259    -1
 4773    208  1073    72    -1
 4774    563  1300   932    -1
 4775    171  1869  1411    -1
 4776   1715  1563  2213    -1
 4777    167   136   174    -1
 4778   1785  1594   161    -1
 4779   1359  2054   950    -1
 4780    330   700    92    -1
 4781    162   163   155    -1
 4782    155   248   209    -1
 4783   1376  1399   173    -1
 4784    169   153   142    -1
 4785    727   105   111    -1
 4786   2063   964   280    -1
 4787    160   224   152    -1
 4788    466   195   691    -1
 4789    141   150   225    -1
 4790    251  1115  1334    -1
 4791    159    91   148    -1
 4792   1134  1715  2386    -1
 4793    102   129   207    -1
 4794    204   218   179    -1
 4795    165   128   210    -1
 4796   1318    96   104    -1
 4797    178   156   126    -1
 4798    142   154   169    -1
 4799     93   153   244    -1
 4800    142   153    93    -1
 4801    223   138   258    -1
 4802    236  1203  1914    -1
 4803    147   122   197    -1
 4804    186    73   185    -1
 4805    277   375   379    -1
 4806    146   122   147    -1
 4807    145   239   113    -1
 4808    102   185    73    -1
 4809    218   158   134    -1
 4810    210   128   239    -1
 4811    165   179   128    -1
 4812   1532   135  1223    -1
 4813    168   154   142    -1
 4814    107   141   188    -1
 4815    197   131   188    -1
 4816    107   150   141    -1
 4817   1703  2478  1015    -1
 4818   1551   471  2064    -1
 4819     79   122   146    -1
 4820    212   136    95    -1
 4821    134   158   129    -1
 4822    179   218   134    -1
 4823    162   202   163    -1
 4824   2482   123  1811    -1
 4825    958   961     4    -1
 4826   1885  1381  2278    -1
 4827    356  1900   100    -1
 4828   1050     2  2448    -1
 4829   1876  1272  2248    -1
 4830   1307   529  1884    -1
 4831    154   177   112    -1
 4832    131   107   188    -1
 4833   2398  2372  2003    -1
 4834    122    74   197    -1
 4835    322   217   268    -1
 4836    128   179   134    -1
 4837    123  2482   201    -1
 4838    724  2174   702    -1
 4839    142    93   110    -1
 4840    148    91   167    -1
 4841   1073   208  1288    -1
 4842    258   138    87    -1
 4843    880  1134  2386    -1
 4844      2  2132   565    -1
 4845    126   156    98    -1
 4846   2492  2491  2451    -1
 4847     77   149   109    -1
 4848     74    75   197    -1
 4849    131    75   107    -1
 4850   1708   855  1314    -1
 4851   1056  1137  1360    -1
 4852     79    74   122    -1
 4853     76    84   107    -1
 4854     87   145   113    -1
 4855    102   134   129    -1
 4856     98   156   169    -1
 4857    109   142   110    -1
 4858    290   299   308    -1
 4859   1806   657  1522    -1
 4860    136    82    81    -1
 4861     82   167    91    -1
 4862    142   109   168    -1
 4863     52   110    93    -1
 4864   2461   139  2486    -1
 4865    107    75    76    -1
 4866     81    44    95    -1
 4867    755   759   751    -1
 4868    978  1883  1516    -1
 4869    978  2278  1381    -1
 4870    134    67   128    -1
 4871    128    67   113    -1
 4872    880   548  1122    -1
 4873   1978   280  1183    -1
 4874     77    55    71    -1
 4875     36    82    91    -1
 4876    888  1087  1008    -1
 4877   1183   280   981    -1
 4878     73    68   102    -1
 4879    113    63    87    -1
 4880    378  1157   910    -1
 4881   1792   376  2415    -1
 4882    102    67   134    -1
 4883    678   132  1560    -1
 4884    112    98   169    -1
 4885    110    61   109    -1
 4886     61    77   109    -1
 4887    628  1121  1684    -1
 4888     69    73    87    -1
 4889     28    52    50    -1
 4890     87    63    69    -1
 4891    869  1259   192    -1
 4892   2456   374   923    -1
 4893     84    45   116    -1
 4894     61    55    77    -1
 4895     71    55    84    -1
 4896   1278  1279  1487    -1
 4897    403  1560   132    -1
 4898    102    68    67    -1
 4899     63   113    67    -1
 4900   2436  1067   548    -1
 4901     74    65    75    -1
 4902     84    55    45    -1
 4903   1829  2386   396    -1
 4904     71    91    77    -1
 4905     11   682   132    -1
 4906    110    52    57    -1
 4907     52   116    50    -1
 4908     61   110    57    -1
 4909    898   934   865    -1
 4910   1158   587  2062    -1
 4911    428   963  2246    -1
 4912    266  1623  2324    -1
 4913     48    65    74    -1
 4914     69    63    68    -1
 4915     57    24    61    -1
 4916    116   150   107    -1
 4917     31    71    84    -1
 4918    324   755   504    -1
 4919    186   274   258    -1
 4920     75    37    76    -1
 4921     37    54    76    -1
 4922     37    75    65    -1
 4923     36    37    65    -1
 4924     36    47    82    -1
 4925     36    65    47    -1
 4926     79    35    74    -1
 4927     52    43    57    -1
 4928     54    31    84    -1
 4929     48    74    35    -1
 4930     44    38    79    -1
 4931     57    26    24    -1
 4932   1087  1098  1008    -1
 4933   1122   548  1067    -1
 4934     45    55    24    -1
 4935     31    23    71    -1
 4936   1360  1512  1489    -1
 4937     19    35    79    -1
 4938     36    49     3    -1
 4939   1471  2185  2006    -1
 4940    340   127  1462    -1
 4941     81    38    44    -1
 4942     52    28    43    -1
 4943   1404   922   459    -1
 4944   2415   881   104    -1
 4945   1067  1563  1134    -1
 4946     47    29    81    -1
 4947     38    19    79    -1
 4948    622  2374   627    -1
 4949     71    23    49    -1
 4950     22    47    48    -1
 4951     47    22    29    -1
 4952    613   220  2245    -1
 4953   1756  1462  1567    -1
 4954    380  2398  2423    -1
 4955    730   500   909    -1
 4956     45    24    32    -1
 4957   1504   133  1039    -1
 4958    614   639   571    -1
 4959   1983  1238  2394    -1
 4960    834   549   597    -1
 4961   1288   208  2248    -1
 4962    116    45    50    -1
 4963     49    23     7    -1
 4964      3    49     7    -1
 4965    163   238   248    -1
 4966     54    37    13    -1
 4967      9    22    35    -1
 4968     57    43    26    -1
 4969     35    19     9    -1
 4970     24    26    32    -1
 4971     13    23    31    -1
 4972    498   354   423    -1
 4973    233  1134   880    -1
 4974   2229  1906   189    -1
 4975      7    17     3    -1
 4976     38    29    15    -1
 4977     18    43    28    -1
 4978     13    37     1    -1
 4979     97   377   618    -1
 4980    242   990  1408    -1
 4981     26    18    32    -1
 4982    990   242   243    -1
 4983    443  1391   482    -1
 4984    233  1067  1134    -1
 4985   1122   233   880    -1
 4986     15    29    22    -1
 4987     13     7    23    -1
 4988     15    22     9    -1
 4989   1067   233  1122    -1
 4990      1    37     3    -1
 4991     18    28    32    -1
 4992      0     7    13    -1
 4993     18    26    43    -1
 4994      9    19    15    -1
 4995     13     1     0    -1
 4996   2179   151  1075    -1
 4997     17     0     1    -1
 4998     17     7     0    -1
 4999   1060    10   347    -1
# Generated by /Users/zhenhan/Desktop/TetGen/tetgen -pq1.4/12YO9/7 armadillo_5000f.off 
